endpoint,name,dims,n_candidates,nearest,nearest_split,nearest_name
test,COD10K-CAM-1-Aquatic-13-Pipefish-640.jpg,800x600,56,57.898,tgt,camourflage_00708.jpg
test,COD10K-CAM-1-Aquatic-13-Pipefish-788.jpg,800x600,56,47.886,tgt,COD10K-CAM-1-Aquatic-16-Shrimp-1135.jpg
test,COD10K-CAM-1-Aquatic-14-ScorpionFish-918.jpg,800x600,56,45.957,tgt,camourflage_00326.jpg
test,COD10K-CAM-1-Aquatic-2-ClownFish-11.jpg,800x600,56,71.113,tgt,COD10K-CAM-2-Terrestrial-42-Sciuridae-2388.jpg
test,COD10K-CAM-1-Aquatic-6-Fish-135.jpg,800x600,56,39.85,tgt,COD10K-CAM-2-Terrestrial-40-Rabbit-2357.jpg
test,COD10K-CAM-1-Aquatic-6-Fish-138.jpg,800x600,56,39.729,tgt,COD10K-CAM-2-Terrestrial-40-Rabbit-2357.jpg
test,COD10K-CAM-1-Aquatic-6-Fish-150.jpg,800x600,56,44.24,tgt,camourflage_00326.jpg
test,COD10K-CAM-1-Aquatic-6-Fish-231.jpg,800x600,56,51.457,tgt,COD10K-CAM-1-Aquatic-9-GhostPipefish-332.jpg
test,COD10K-CAM-2-Terrestrial-23-Cat-1344.jpg,800x600,56,32.576,tgt,COD10K-CAM-1-Aquatic-7-Flounder-281.jpg
test,COD10K-CAM-2-Terrestrial-23-Cat-1494.jpg,800x600,56,67.488,tgt,COD10K-CAM-1-Aquatic-14-ScorpionFish-903.jpg
test,COD10K-CAM-2-Terrestrial-24-Caterpillar-1645.jpg,800x600,56,47.48,tgt,COD10K-CAM-2-Terrestrial-40-Rabbit-2357.jpg
test,COD10K-CAM-2-Terrestrial-30-Duck-1866.jpg,800x600,56,63.372,tgt,COD10K-CAM-1-Aquatic-14-ScorpionFish-903.jpg
test,COD10K-CAM-2-Terrestrial-45-Spider-2510.jpg,800x600,56,51.579,tgt,COD10K-CAM-1-Aquatic-14-ScorpionFish-903.jpg
test,COD10K-CAM-2-Terrestrial-45-Spider-2567.jpg,800x600,56,52.078,tgt,COD10K-CAM-2-Terrestrial-40-Rabbit-2357.jpg
test,COD10K-CAM-3-Flying-53-Bird-3231.jpg,800x600,56,42.194,tgt,COD10K-CAM-1-Aquatic-14-ScorpionFish-903.jpg
test,COD10K-CAM-3-Flying-53-Bird-3239.jpg,800x600,56,67.236,tgt,camourflage_00802.jpg
test,COD10K-CAM-3-Flying-57-Dragonfly-3559.jpg,800x600,56,41.35,tgt,COD10K-CAM-2-Terrestrial-40-Rabbit-2357.jpg
test,COD10K-CAM-3-Flying-59-Grasshopper-3795.jpg,800x600,56,49.761,tgt,COD10K-CAM-1-Aquatic-13-Pipefish-829.jpg
test,COD10K-CAM-3-Flying-61-Katydid-4242.jpg,800x600,56,62.397,tgt,COD10K-CAM-2-Terrestrial-40-Rabbit-2357.jpg
test,COD10K-CAM-3-Flying-62-Mantis-4255.jpg,800x600,56,51.508,tgt,COD10K-CAM-1-Aquatic-14-ScorpionFish-903.jpg
test,COD10K-CAM-3-Flying-62-Mantis-4325.jpg,800x600,56,57.724,tgt,COD10K-CAM-1-Aquatic-9-GhostPipefish-332.jpg
test,COD10K-CAM-3-Flying-65-Owl-4561.jpg,800x600,56,56.736,tgt,COD10K-CAM-1-Aquatic-14-ScorpionFish-903.jpg
test,COD10K-CAM-1-Aquatic-1-BatFish-2.jpg,800x533,10,43.777,tgt,COD10K-CAM-1-Aquatic-1-BatFish-7.jpg
test,COD10K-CAM-1-Aquatic-1-BatFish-6.jpg,800x533,10,40.655,tgt,COD10K-CAM-1-Aquatic-1-BatFish-3.jpg
test,COD10K-CAM-1-Aquatic-13-Pipefish-804.jpg,800x533,10,51.791,tgt,COD10K-CAM-2-Terrestrial-26-Chameleon-1712.jpg
test,COD10K-CAM-1-Aquatic-3-Crab-67.jpg,800x533,10,33.611,tgt,COD10K-CAM-1-Aquatic-1-BatFish-3.jpg
test,COD10K-CAM-2-Terrestrial-23-Cat-1432.jpg,800x533,10,63.645,tgt,COD10K-CAM-3-Flying-50-Bat-2957.jpg
test,COD10K-CAM-3-Flying-59-Grasshopper-3773.jpg,800x533,10,63.181,tgt,COD10K-CAM-1-Aquatic-1-BatFish-3.jpg
test,COD10K-CAM-4-Amphibian-68-Toad-4841.jpg,800x533,10,55.937,tgt,COD10K-CAM-1-Aquatic-1-BatFish-7.jpg
test,COD10K-CAM-1-Aquatic-16-Shrimp-1119.jpg,427x640,9,48.019,tgt,COD10K-CAM-3-Flying-54-Bittern-3257.jpg
test,COD10K-CAM-2-Terrestrial-26-Chameleon-1730.jpg,427x640,9,53.461,tgt,COD10K-CAM-3-Flying-54-Bittern-3257.jpg
test,COD10K-CAM-3-Flying-53-Bird-3087.jpg,427x640,9,40.876,tgt,COD10K-CAM-3-Flying-64-Moth-4493.jpg
test,COD10K-CAM-3-Flying-60-Heron-3884.jpg,427x640,9,59.259,tgt,COD10K-CAM-3-Flying-54-Bittern-3257.jpg
test,COD10K-CAM-1-Aquatic-13-Pipefish-508.jpg,1024x562,2,36.763,tgt,COD10K-CAM-2-Terrestrial-24-Caterpillar-1629.jpg
test,COD10K-CAM-2-Terrestrial-45-Spider-2759.jpg,1024x777,1,73.846,tgt,COD10K-CAM-1-Aquatic-10-LeafySeaDragon-420.jpg
test,COD10K-CAM-1-Aquatic-13-Pipefish-492.jpg,799x533,27,42.957,tgt,COD10K-CAM-3-Flying-64-Moth-4465.jpg
test,COD10K-CAM-1-Aquatic-14-ScorpionFish-874.jpg,799x533,27,58.606,tgt,COD10K-CAM-3-Flying-53-Bird-3122.jpg
test,COD10K-CAM-1-Aquatic-16-Shrimp-1116.jpg,799x533,27,65.763,tgt,COD10K-CAM-3-Flying-64-Moth-4465.jpg
test,COD10K-CAM-1-Aquatic-16-Shrimp-1117.jpg,799x533,27,63.758,tgt,COD10K-CAM-3-Flying-53-Bird-3017.jpg
test,COD10K-CAM-1-Aquatic-16-Shrimp-1130.jpg,799x533,27,53.206,tgt,COD10K-CAM-3-Flying-64-Moth-4465.jpg
test,COD10K-CAM-2-Terrestrial-28-Deer-1762.jpg,799x533,27,0.0,tgt,COD10K-CAM-2-Terrestrial-28-Deer-1796.jpg
test,COD10K-CAM-2-Terrestrial-38-Lizard-2217.jpg,799x533,27,51.314,tgt,COD10K-CAM-3-Flying-53-Bird-3122.jpg
test,COD10K-CAM-2-Terrestrial-45-Spider-2779.jpg,799x533,27,62.013,tgt,COD10K-CAM-4-Amphibian-68-Toad-4846.jpg
test,COD10K-CAM-3-Flying-53-Bird-3026.jpg,799x533,27,54.126,tgt,COD10K-CAM-3-Flying-53-Bird-3122.jpg
test,COD10K-CAM-3-Flying-53-Bird-3083.jpg,799x533,27,51.297,tgt,COD10K-CAM-2-Terrestrial-38-Lizard-2133.jpg
test,COD10K-CAM-3-Flying-63-Mockingbird-4427.jpg,799x533,27,46.832,tgt,COD10K-CAM-4-Amphibian-68-Toad-4846.jpg
test,COD10K-CAM-3-Flying-65-Owl-4573.jpg,799x533,27,45.947,tgt,COD10K-CAM-3-Flying-53-Bird-3122.jpg
test,COD10K-CAM-1-Aquatic-1-BatFish-5.jpg,1024x768,317,54.159,tgt,COD10K-CAM-1-Aquatic-3-Crab-78.jpg
test,COD10K-CAM-1-Aquatic-10-LeafySeaDragon-419.jpg,1024x768,317,51.904,tgt,COD10K-CAM-1-Aquatic-13-Pipefish-716.jpg
test,COD10K-CAM-1-Aquatic-11-Octopus-468.jpg,1024x768,317,55.805,tgt,COD10K-CAM-1-Aquatic-3-Crab-78.jpg
test,COD10K-CAM-1-Aquatic-13-Pipefish-500.jpg,1024x768,317,46.983,tgt,COD10K-CAM-2-Terrestrial-42-Sciuridae-2417.jpg
test,COD10K-CAM-1-Aquatic-13-Pipefish-501.jpg,1024x768,317,47.793,tgt,COD10K-CAM-4-Amphibian-68-Toad-5016.jpg
test,COD10K-CAM-1-Aquatic-13-Pipefish-502.jpg,1024x768,317,42.884,tgt,COD10K-CAM-4-Amphibian-68-Toad-5016.jpg
test,COD10K-CAM-1-Aquatic-13-Pipefish-503.jpg,1024x768,317,34.039,tgt,COD10K-CAM-1-Aquatic-13-Pipefish-548.jpg
test,COD10K-CAM-1-Aquatic-13-Pipefish-515.jpg,1024x768,317,45.672,tgt,COD10K-CAM-2-Terrestrial-45-Spider-2774.jpg
test,COD10K-CAM-1-Aquatic-13-Pipefish-522.jpg,1024x768,317,42.975,tgt,COD10K-CAM-1-Aquatic-7-Flounder-260.jpg
test,COD10K-CAM-1-Aquatic-13-Pipefish-527.jpg,1024x768,317,39.541,tgt,COD10K-CAM-1-Aquatic-19-Stingaree-1187.jpg
test,COD10K-CAM-1-Aquatic-13-Pipefish-528.jpg,1024x768,317,42.303,tgt,COD10K-CAM-1-Aquatic-13-Pipefish-507.jpg
test,COD10K-CAM-1-Aquatic-13-Pipefish-529.jpg,1024x768,317,41.109,tgt,COD10K-CAM-2-Terrestrial-23-Cat-1402.jpg
test,COD10K-CAM-1-Aquatic-13-Pipefish-531.jpg,1024x768,317,32.501,tgt,COD10K-CAM-2-Terrestrial-37-Lion-2116.jpg
test,COD10K-CAM-1-Aquatic-13-Pipefish-539.jpg,1024x768,317,54.969,tgt,COD10K-CAM-2-Terrestrial-40-Rabbit-2355.jpg
test,COD10K-CAM-1-Aquatic-13-Pipefish-556.jpg,1024x768,317,42.293,tgt,COD10K-CAM-2-Terrestrial-45-Spider-2774.jpg
test,COD10K-CAM-1-Aquatic-13-Pipefish-585.jpg,1024x768,317,40.781,tgt,COD10K-CAM-1-Aquatic-9-GhostPipefish-412.jpg
test,COD10K-CAM-1-Aquatic-13-Pipefish-588.jpg,1024x768,317,41.951,tgt,COD10K-CAM-1-Aquatic-7-Flounder-260.jpg
test,COD10K-CAM-1-Aquatic-13-Pipefish-597.jpg,1024x768,317,50.347,tgt,COD10K-CAM-2-Terrestrial-40-Rabbit-2355.jpg
test,COD10K-CAM-1-Aquatic-13-Pipefish-614.jpg,1024x768,317,44.467,tgt,COD10K-CAM-2-Terrestrial-23-Cat-1402.jpg
test,COD10K-CAM-1-Aquatic-13-Pipefish-622.jpg,1024x768,317,28.678,tgt,COD10K-CAM-2-Terrestrial-42-Sciuridae-2417.jpg
test,COD10K-CAM-1-Aquatic-13-Pipefish-625.jpg,1024x768,317,40.262,tgt,COD10K-CAM-1-Aquatic-7-Flounder-260.jpg
test,COD10K-CAM-1-Aquatic-13-Pipefish-635.jpg,1024x768,317,41.701,tgt,COD10K-CAM-1-Aquatic-19-Stingaree-1187.jpg
test,COD10K-CAM-1-Aquatic-13-Pipefish-668.jpg,1024x768,317,38.3,tgt,COD10K-CAM-1-Aquatic-7-Flounder-260.jpg
test,COD10K-CAM-1-Aquatic-13-Pipefish-669.jpg,1024x768,317,48.908,tgt,COD10K-CAM-1-Aquatic-15-SeaHorse-1036.jpg
test,COD10K-CAM-1-Aquatic-13-Pipefish-676.jpg,1024x768,317,44.826,tgt,COD10K-CAM-2-Terrestrial-45-Spider-2750.jpg
test,COD10K-CAM-1-Aquatic-13-Pipefish-681.jpg,1024x768,317,56.008,tgt,COD10K-CAM-1-Aquatic-16-Shrimp-1122.jpg
test,COD10K-CAM-1-Aquatic-13-Pipefish-686.jpg,1024x768,317,43.268,tgt,COD10K-CAM-2-Terrestrial-23-Cat-1402.jpg
test,COD10K-CAM-1-Aquatic-13-Pipefish-707.jpg,1024x768,317,52.632,tgt,COD10K-CAM-1-Aquatic-13-Pipefish-540.jpg
test,COD10K-CAM-1-Aquatic-13-Pipefish-709.jpg,1024x768,317,41.673,tgt,COD10K-CAM-2-Terrestrial-45-Spider-2750.jpg
test,COD10K-CAM-1-Aquatic-13-Pipefish-713.jpg,1024x768,317,51.822,tgt,COD10K-CAM-2-Terrestrial-24-Caterpillar-1576.jpg
test,COD10K-CAM-1-Aquatic-13-Pipefish-721.jpg,1024x768,317,45.626,tgt,COD10K-CAM-2-Terrestrial-42-Sciuridae-2417.jpg
test,COD10K-CAM-1-Aquatic-13-Pipefish-749.jpg,1024x768,317,45.571,tgt,COD10K-CAM-1-Aquatic-7-Flounder-265.jpg
test,COD10K-CAM-1-Aquatic-13-Pipefish-759.jpg,1024x768,317,32.11,tgt,COD10K-CAM-1-Aquatic-13-Pipefish-760.jpg
test,COD10K-CAM-1-Aquatic-13-Pipefish-772.jpg,1024x768,317,43.133,tgt,COD10K-CAM-2-Terrestrial-40-Rabbit-2355.jpg
test,COD10K-CAM-1-Aquatic-13-Pipefish-776.jpg,1024x768,317,54.365,tgt,COD10K-CAM-1-Aquatic-13-Pipefish-834.jpg
test,COD10K-CAM-1-Aquatic-13-Pipefish-813.jpg,1024x768,317,35.716,tgt,COD10K-CAM-2-Terrestrial-45-Spider-2750.jpg
test,COD10K-CAM-1-Aquatic-13-Pipefish-841.jpg,1024x768,317,45.346,tgt,COD10K-CAM-1-Aquatic-7-Flounder-265.jpg
test,COD10K-CAM-1-Aquatic-13-Pipefish-844.jpg,1024x768,317,52.588,tgt,COD10K-CAM-1-Aquatic-7-Flounder-265.jpg
test,COD10K-CAM-1-Aquatic-14-ScorpionFish-853.jpg,1024x768,317,57.387,tgt,COD10K-CAM-1-Aquatic-7-Flounder-273.jpg
test,COD10K-CAM-1-Aquatic-14-ScorpionFish-854.jpg,1024x768,317,28.924,tgt,COD10K-CAM-1-Aquatic-7-Flounder-265.jpg
test,COD10K-CAM-1-Aquatic-14-ScorpionFish-879.jpg,1024x768,317,40.031,tgt,COD10K-CAM-2-Terrestrial-23-Cat-1402.jpg
test,COD10K-CAM-1-Aquatic-14-ScorpionFish-881.jpg,1024x768,317,50.031,tgt,COD10K-CAM-2-Terrestrial-45-Spider-2750.jpg
test,COD10K-CAM-1-Aquatic-14-ScorpionFish-897.jpg,1024x768,317,47.673,tgt,COD10K-CAM-2-Terrestrial-23-Cat-1402.jpg
test,COD10K-CAM-1-Aquatic-14-ScorpionFish-899.jpg,1024x768,317,61.144,tgt,COD10K-CAM-4-Amphibian-68-Toad-4862.jpg
test,COD10K-CAM-1-Aquatic-14-ScorpionFish-900.jpg,1024x768,317,45.377,tgt,COD10K-CAM-2-Terrestrial-24-Caterpillar-1619.jpg
test,COD10K-CAM-1-Aquatic-14-ScorpionFish-901.jpg,1024x768,317,51.795,tgt,COD10K-CAM-4-Amphibian-68-Toad-4862.jpg
test,COD10K-CAM-1-Aquatic-14-ScorpionFish-915.jpg,1024x768,317,59.571,tgt,COD10K-CAM-1-Aquatic-6-Fish-146.jpg
test,COD10K-CAM-1-Aquatic-14-ScorpionFish-926.jpg,1024x768,317,58.883,tgt,COD10K-CAM-2-Terrestrial-37-Lion-2116.jpg
test,COD10K-CAM-1-Aquatic-14-ScorpionFish-928.jpg,1024x768,317,67.606,tgt,COD10K-CAM-1-Aquatic-7-Flounder-273.jpg
test,COD10K-CAM-1-Aquatic-14-ScorpionFish-939.jpg,1024x768,317,48.887,tgt,COD10K-CAM-2-Terrestrial-24-Caterpillar-1619.jpg
test,COD10K-CAM-1-Aquatic-15-SeaHorse-1022.jpg,1024x768,317,60.056,tgt,COD10K-CAM-3-Flying-55-Butterfly-3425.jpg
test,COD10K-CAM-1-Aquatic-15-SeaHorse-1032.jpg,1024x768,317,58.399,tgt,COD10K-CAM-1-Aquatic-13-Pipefish-712.jpg
test,COD10K-CAM-1-Aquatic-15-SeaHorse-962.jpg,1024x768,317,54.782,tgt,COD10K-CAM-3-Flying-60-Heron-3907.jpg
test,COD10K-CAM-1-Aquatic-16-Shrimp-1123.jpg,1024x768,317,52.788,tgt,COD10K-CAM-1-Aquatic-3-Crab-80.jpg
test,COD10K-CAM-1-Aquatic-18-StarFish-1173.jpg,1024x768,317,56.838,tgt,COD10K-CAM-1-Aquatic-7-Flounder-260.jpg
test,COD10K-CAM-1-Aquatic-19-Stingaree-1198.jpg,1024x768,317,45.42,tgt,COD10K-CAM-1-Aquatic-15-SeaHorse-1036.jpg
test,COD10K-CAM-1-Aquatic-2-ClownFish-15.jpg,1024x768,317,53.476,tgt,COD10K-CAM-4-Amphibian-68-Toad-4862.jpg
test,COD10K-CAM-1-Aquatic-3-Crab-32.jpg,1024x768,317,0.0,tgt,COD10K-CAM-1-Aquatic-3-Crab-32.jpg
test,COD10K-CAM-1-Aquatic-3-Crab-35.jpg,1024x768,317,48.409,tgt,COD10K-CAM-1-Aquatic-13-Pipefish-657.jpg
test,COD10K-CAM-1-Aquatic-3-Crab-37.jpg,1024x768,317,47.424,tgt,COD10K-CAM-4-Amphibian-67-Frog-4713.jpg
test,COD10K-CAM-1-Aquatic-3-Crab-38.jpg,1024x768,317,27.426,tgt,COD10K-CAM-1-Aquatic-7-Flounder-260.jpg
test,COD10K-CAM-1-Aquatic-3-Crab-65.jpg,1024x768,317,25.773,tgt,COD10K-CAM-1-Aquatic-7-Flounder-260.jpg
test,COD10K-CAM-1-Aquatic-3-Crab-89.jpg,1024x768,317,54.341,tgt,COD10K-CAM-1-Aquatic-7-Flounder-260.jpg
test,COD10K-CAM-1-Aquatic-6-Fish-136.jpg,1024x768,317,56.549,tgt,COD10K-CAM-1-Aquatic-5-CrocodileFish-128.jpg
test,COD10K-CAM-1-Aquatic-6-Fish-157.jpg,1024x768,317,30.003,tgt,COD10K-CAM-2-Terrestrial-23-Cat-1402.jpg
test,COD10K-CAM-1-Aquatic-6-Fish-191.jpg,1024x768,317,45.724,tgt,COD10K-CAM-1-Aquatic-6-Fish-144.jpg
test,COD10K-CAM-1-Aquatic-6-Fish-193.jpg,1024x768,317,55.191,tgt,COD10K-CAM-1-Aquatic-7-Flounder-260.jpg
test,COD10K-CAM-1-Aquatic-6-Fish-219.jpg,1024x768,317,46.097,tgt,COD10K-CAM-4-Amphibian-68-Toad-4862.jpg
test,COD10K-CAM-1-Aquatic-6-Fish-221.jpg,1024x768,317,49.801,tgt,COD10K-CAM-1-Aquatic-13-Pipefish-712.jpg
test,COD10K-CAM-1-Aquatic-6-Fish-227.jpg,1024x768,317,41.309,tgt,COD10K-CAM-1-Aquatic-4-Crocodile-120.jpg
test,COD10K-CAM-1-Aquatic-7-Flounder-253.jpg,1024x768,317,42.259,tgt,COD10K-CAM-1-Aquatic-7-Flounder-273.jpg
test,COD10K-CAM-1-Aquatic-7-Flounder-264.jpg,1024x768,317,28.831,tgt,COD10K-CAM-1-Aquatic-19-Stingaree-1187.jpg
test,COD10K-CAM-1-Aquatic-7-Flounder-277.jpg,1024x768,317,36.008,tgt,COD10K-CAM-2-Terrestrial-23-Cat-1402.jpg
test,COD10K-CAM-1-Aquatic-7-Flounder-284.jpg,1024x768,317,34.723,tgt,COD10K-CAM-1-Aquatic-13-Pipefish-712.jpg
test,COD10K-CAM-1-Aquatic-8-FrogFish-295.jpg,1024x768,317,57.435,tgt,COD10K-CAM-3-Flying-56-Cicada-3507.jpg
test,COD10K-CAM-1-Aquatic-8-FrogFish-296.jpg,1024x768,317,56.078,tgt,COD10K-CAM-4-Amphibian-68-Toad-4889.jpg
test,COD10K-CAM-1-Aquatic-8-FrogFish-297.jpg,1024x768,317,39.509,tgt,COD10K-CAM-2-Terrestrial-23-Cat-1402.jpg
test,COD10K-CAM-1-Aquatic-9-GhostPipefish-372.jpg,1024x768,317,42.739,tgt,COD10K-CAM-3-Flying-55-Butterfly-3388.jpg
test,COD10K-CAM-1-Aquatic-9-GhostPipefish-385.jpg,1024x768,317,36.985,tgt,COD10K-CAM-2-Terrestrial-23-Cat-1402.jpg
test,COD10K-CAM-1-Aquatic-9-GhostPipefish-397.jpg,1024x768,317,45.506,tgt,COD10K-CAM-1-Aquatic-7-Flounder-260.jpg
test,COD10K-CAM-1-Aquatic-9-GhostPipefish-402.jpg,1024x768,317,28.096,tgt,COD10K-CAM-1-Aquatic-9-GhostPipefish-376.jpg
test,COD10K-CAM-1-Aquatic-9-GhostPipefish-407.jpg,1024x768,317,44.888,tgt,COD10K-CAM-2-Terrestrial-24-Caterpillar-1619.jpg
test,COD10K-CAM-2-Terrestrial-22-Bug-1262.jpg,1024x768,317,51.977,tgt,COD10K-CAM-1-Aquatic-7-Flounder-265.jpg
test,COD10K-CAM-2-Terrestrial-23-Cat-1320.jpg,1024x768,317,38.062,tgt,COD10K-CAM-1-Aquatic-9-GhostPipefish-412.jpg
test,COD10K-CAM-2-Terrestrial-23-Cat-1350.jpg,1024x768,317,42.352,tgt,COD10K-CAM-2-Terrestrial-45-Spider-2774.jpg
test,COD10K-CAM-2-Terrestrial-23-Cat-1360.jpg,1024x768,317,51.866,tgt,COD10K-CAM-2-Terrestrial-45-Spider-2750.jpg
test,COD10K-CAM-2-Terrestrial-23-Cat-1365.jpg,1024x768,317,46.435,tgt,COD10K-CAM-2-Terrestrial-45-Spider-2750.jpg
test,COD10K-CAM-2-Terrestrial-23-Cat-1378.jpg,1024x768,317,51.804,tgt,COD10K-CAM-3-Flying-62-Mantis-4377.jpg
test,COD10K-CAM-2-Terrestrial-23-Cat-1388.jpg,1024x768,317,49.86,tgt,COD10K-CAM-4-Amphibian-67-Frog-4713.jpg
test,COD10K-CAM-2-Terrestrial-23-Cat-1405.jpg,1024x768,317,41.375,tgt,COD10K-CAM-2-Terrestrial-23-Cat-1402.jpg
test,COD10K-CAM-2-Terrestrial-23-Cat-1420.jpg,1024x768,317,61.185,tgt,COD10K-CAM-2-Terrestrial-23-Cat-1499.jpg
test,COD10K-CAM-2-Terrestrial-23-Cat-1421.jpg,1024x768,317,38.48,tgt,COD10K-CAM-1-Aquatic-7-Flounder-265.jpg
test,COD10K-CAM-2-Terrestrial-23-Cat-1423.jpg,1024x768,317,51.418,tgt,COD10K-CAM-1-Aquatic-7-Flounder-260.jpg
test,COD10K-CAM-2-Terrestrial-23-Cat-1431.jpg,1024x768,317,48.427,tgt,COD10K-CAM-3-Flying-61-Katydid-4185.jpg
test,COD10K-CAM-2-Terrestrial-23-Cat-1434.jpg,1024x768,317,38.698,tgt,COD10K-CAM-2-Terrestrial-23-Cat-1402.jpg
test,COD10K-CAM-2-Terrestrial-23-Cat-1446.jpg,1024x768,317,53.172,tgt,COD10K-CAM-2-Terrestrial-46-StickInsect-2799.jpg
test,COD10K-CAM-2-Terrestrial-23-Cat-1458.jpg,1024x768,317,58.367,tgt,COD10K-CAM-1-Aquatic-16-Shrimp-1122.jpg
test,COD10K-CAM-2-Terrestrial-23-Cat-1465.jpg,1024x768,317,58.732,tgt,COD10K-CAM-2-Terrestrial-46-StickInsect-2799.jpg
test,COD10K-CAM-2-Terrestrial-23-Cat-1471.jpg,1024x768,317,63.643,tgt,COD10K-CAM-3-Flying-59-Grasshopper-3715.jpg
test,COD10K-CAM-2-Terrestrial-23-Cat-1485.jpg,1024x768,317,38.28,tgt,COD10K-CAM-4-Amphibian-68-Toad-4862.jpg
test,COD10K-CAM-2-Terrestrial-23-Cat-1496.jpg,1024x768,317,61.429,tgt,COD10K-CAM-3-Flying-56-Cicada-3523.jpg
test,COD10K-CAM-2-Terrestrial-23-Cat-1506.jpg,1024x768,317,0.0,tgt,COD10K-CAM-2-Terrestrial-23-Cat-1506.jpg
test,COD10K-CAM-2-Terrestrial-23-Cat-1516.jpg,1024x768,317,46.017,tgt,COD10K-CAM-2-Terrestrial-45-Spider-2750.jpg
test,COD10K-CAM-2-Terrestrial-23-Cat-1523.jpg,1024x768,317,53.709,tgt,COD10K-CAM-1-Aquatic-7-Flounder-260.jpg
test,COD10K-CAM-2-Terrestrial-26-Chameleon-1701.jpg,1024x768,317,59.61,tgt,COD10K-CAM-2-Terrestrial-45-Spider-2774.jpg
test,COD10K-CAM-2-Terrestrial-26-Chameleon-1703.jpg,1024x768,317,56.655,tgt,COD10K-CAM-2-Terrestrial-40-Rabbit-2355.jpg
test,COD10K-CAM-2-Terrestrial-27-Cheetah-1750.jpg,1024x768,317,49.292,tgt,COD10K-CAM-2-Terrestrial-40-Rabbit-2355.jpg
test,COD10K-CAM-2-Terrestrial-28-Deer-1766.jpg,1024x768,317,49.603,tgt,COD10K-CAM-4-Amphibian-68-Toad-4889.jpg
test,COD10K-CAM-2-Terrestrial-28-Deer-1794.jpg,1024x768,317,51.77,tgt,COD10K-CAM-1-Aquatic-13-Pipefish-612.jpg
test,COD10K-CAM-2-Terrestrial-29-Dog-1825.jpg,1024x768,317,56.791,tgt,COD10K-CAM-3-Flying-62-Mantis-4354.jpg
test,COD10K-CAM-2-Terrestrial-29-Dog-1831.jpg,1024x768,317,33.351,tgt,COD10K-CAM-3-Flying-59-Grasshopper-3696.jpg
test,COD10K-CAM-2-Terrestrial-29-Dog-1834.jpg,1024x768,317,42.133,tgt,COD10K-CAM-2-Terrestrial-45-Spider-2750.jpg
test,COD10K-CAM-2-Terrestrial-29-Dog-1835.jpg,1024x768,317,50.178,tgt,COD10K-CAM-1-Aquatic-13-Pipefish-612.jpg
test,COD10K-CAM-2-Terrestrial-29-Dog-1837.jpg,1024x768,317,53.369,tgt,COD10K-CAM-2-Terrestrial-45-Spider-2750.jpg
test,COD10K-CAM-2-Terrestrial-30-Duck-1870.jpg,1024x768,317,52.093,tgt,COD10K-CAM-1-Aquatic-15-SeaHorse-1036.jpg
test,COD10K-CAM-2-Terrestrial-33-Grouse-1954.jpg,1024x768,317,44.668,tgt,COD10K-CAM-1-Aquatic-7-Flounder-260.jpg
test,COD10K-CAM-2-Terrestrial-33-Grouse-1961.jpg,1024x768,317,59.771,tgt,COD10K-CAM-1-Aquatic-3-Crab-80.jpg
test,COD10K-CAM-2-Terrestrial-34-Human-1998.jpg,1024x768,317,52.295,tgt,COD10K-CAM-1-Aquatic-6-Fish-146.jpg
test,COD10K-CAM-2-Terrestrial-35-Kangaroo-2049.jpg,1024x768,317,62.157,tgt,COD10K-CAM-3-Flying-56-Cicada-3526.jpg
test,COD10K-CAM-2-Terrestrial-38-Lizard-2149.jpg,1024x768,317,61.455,tgt,COD10K-CAM-3-Flying-59-Grasshopper-3696.jpg
test,COD10K-CAM-2-Terrestrial-38-Lizard-2216.jpg,1024x768,317,49.458,tgt,COD10K-CAM-2-Terrestrial-42-Sciuridae-2417.jpg
test,COD10K-CAM-2-Terrestrial-38-Lizard-2231.jpg,1024x768,317,57.333,tgt,COD10K-CAM-3-Flying-55-Butterfly-3425.jpg
test,COD10K-CAM-2-Terrestrial-38-Lizard-2232.jpg,1024x768,317,51.212,tgt,COD10K-CAM-2-Terrestrial-45-Spider-2750.jpg
test,COD10K-CAM-2-Terrestrial-38-Lizard-2235.jpg,1024x768,317,40.165,tgt,COD10K-CAM-2-Terrestrial-45-Spider-2750.jpg
test,COD10K-CAM-2-Terrestrial-38-Lizard-2266.jpg,1024x768,317,51.631,tgt,COD10K-CAM-1-Aquatic-7-Flounder-265.jpg
test,COD10K-CAM-2-Terrestrial-40-Rabbit-2346.jpg,1024x768,317,41.51,tgt,COD10K-CAM-1-Aquatic-7-Flounder-265.jpg
test,COD10K-CAM-2-Terrestrial-40-Rabbit-2351.jpg,1024x768,317,53.072,tgt,COD10K-CAM-1-Aquatic-7-Flounder-273.jpg
test,COD10K-CAM-2-Terrestrial-40-Rabbit-2373.jpg,1024x768,317,42.724,tgt,COD10K-CAM-2-Terrestrial-37-Lion-2116.jpg
test,COD10K-CAM-2-Terrestrial-44-Snake-2424.jpg,1024x768,317,40.645,tgt,COD10K-CAM-1-Aquatic-7-Flounder-260.jpg
test,COD10K-CAM-2-Terrestrial-45-Spider-2524.jpg,1024x768,317,44.424,tgt,COD10K-CAM-1-Aquatic-7-Flounder-265.jpg
test,COD10K-CAM-2-Terrestrial-45-Spider-2587.jpg,1024x768,317,31.514,tgt,COD10K-CAM-1-Aquatic-6-Fish-146.jpg
test,COD10K-CAM-2-Terrestrial-45-Spider-2605.jpg,1024x768,317,45.412,tgt,COD10K-CAM-4-Amphibian-68-Toad-5016.jpg
test,COD10K-CAM-2-Terrestrial-45-Spider-2621.jpg,1024x768,317,52.379,tgt,COD10K-CAM-2-Terrestrial-45-Spider-2750.jpg
test,COD10K-CAM-2-Terrestrial-45-Spider-2630.jpg,1024x768,317,44.47,tgt,COD10K-CAM-1-Aquatic-7-Flounder-260.jpg
test,COD10K-CAM-2-Terrestrial-45-Spider-2631.jpg,1024x768,317,49.813,tgt,COD10K-CAM-2-Terrestrial-45-Spider-2706.jpg
test,COD10K-CAM-2-Terrestrial-45-Spider-2658.jpg,1024x768,317,50.803,tgt,COD10K-CAM-3-Flying-62-Mantis-4367.jpg
test,COD10K-CAM-2-Terrestrial-45-Spider-2694.jpg,1024x768,317,58.128,tgt,COD10K-CAM-1-Aquatic-6-Fish-146.jpg
test,COD10K-CAM-2-Terrestrial-45-Spider-2702.jpg,1024x768,317,57.291,tgt,COD10K-CAM-2-Terrestrial-24-Caterpillar-1619.jpg
test,COD10K-CAM-2-Terrestrial-45-Spider-2707.jpg,1024x768,317,57.673,tgt,COD10K-CAM-1-Aquatic-19-Stingaree-1185.jpg
test,COD10K-CAM-2-Terrestrial-45-Spider-2732.jpg,1024x768,317,56.978,tgt,COD10K-CAM-2-Terrestrial-46-StickInsect-2799.jpg
test,COD10K-CAM-2-Terrestrial-45-Spider-2737.jpg,1024x768,317,49.473,tgt,COD10K-CAM-2-Terrestrial-24-Caterpillar-1593.jpg
test,COD10K-CAM-2-Terrestrial-45-Spider-2770.jpg,1024x768,317,58.854,tgt,COD10K-CAM-2-Terrestrial-26-Chameleon-1720.jpg
test,COD10K-CAM-2-Terrestrial-45-Spider-2794.jpg,1024x768,317,42.627,tgt,COD10K-CAM-1-Aquatic-7-Flounder-260.jpg
test,COD10K-CAM-2-Terrestrial-45-Spider-2798.jpg,1024x768,317,33.14,tgt,COD10K-CAM-2-Terrestrial-42-Sciuridae-2417.jpg
test,COD10K-CAM-2-Terrestrial-46-StickInsect-2810.jpg,1024x768,317,49.754,tgt,COD10K-CAM-1-Aquatic-6-Fish-146.jpg
test,COD10K-CAM-2-Terrestrial-46-StickInsect-2836.jpg,1024x768,317,30.192,tgt,COD10K-CAM-3-Flying-53-Bird-3043.jpg
test,COD10K-CAM-2-Terrestrial-46-StickInsect-2858.jpg,1024x768,317,60.135,tgt,COD10K-CAM-1-Aquatic-13-Pipefish-699.jpg
test,COD10K-CAM-2-Terrestrial-46-StickInsect-2865.jpg,1024x768,317,44.067,tgt,COD10K-CAM-2-Terrestrial-45-Spider-2774.jpg
test,COD10K-CAM-2-Terrestrial-46-StickInsect-2869.jpg,1024x768,317,38.9,tgt,COD10K-CAM-1-Aquatic-7-Flounder-260.jpg
test,COD10K-CAM-2-Terrestrial-49-Worm-2950.jpg,1024x768,317,51.098,tgt,COD10K-CAM-4-Amphibian-67-Frog-4713.jpg
test,COD10K-CAM-2-Terrestrial-49-Worm-2952.jpg,1024x768,317,55.666,tgt,COD10K-CAM-1-Aquatic-16-Shrimp-1122.jpg
test,COD10K-CAM-3-Flying-50-Bat-2968.jpg,1024x768,317,53.378,tgt,COD10K-CAM-1-Aquatic-15-SeaHorse-1036.jpg
test,COD10K-CAM-3-Flying-51-Bee-2982.jpg,1024x768,317,45.855,tgt,COD10K-CAM-2-Terrestrial-24-Caterpillar-1619.jpg
test,COD10K-CAM-3-Flying-51-Bee-2997.jpg,1024x768,317,47.842,tgt,COD10K-CAM-2-Terrestrial-40-Rabbit-2355.jpg
test,COD10K-CAM-3-Flying-51-Bee-3002.jpg,1024x768,317,49.6,tgt,COD10K-CAM-2-Terrestrial-45-Spider-2750.jpg
test,COD10K-CAM-3-Flying-53-Bird-3021.jpg,1024x768,317,44.79,tgt,COD10K-CAM-1-Aquatic-7-Flounder-260.jpg
test,COD10K-CAM-3-Flying-53-Bird-3046.jpg,1024x768,317,30.903,tgt,COD10K-CAM-2-Terrestrial-42-Sciuridae-2417.jpg
test,COD10K-CAM-3-Flying-53-Bird-3053.jpg,1024x768,317,47.043,tgt,COD10K-CAM-1-Aquatic-16-Shrimp-1122.jpg
test,COD10K-CAM-3-Flying-53-Bird-3080.jpg,1024x768,317,46.292,tgt,COD10K-CAM-1-Aquatic-7-Flounder-273.jpg
test,COD10K-CAM-3-Flying-53-Bird-3082.jpg,1024x768,317,32.783,tgt,COD10K-CAM-1-Aquatic-7-Flounder-260.jpg
test,COD10K-CAM-3-Flying-53-Bird-3158.jpg,1024x768,317,48.09,tgt,COD10K-CAM-1-Aquatic-7-Flounder-260.jpg
test,COD10K-CAM-3-Flying-53-Bird-3218.jpg,1024x768,317,43.858,tgt,COD10K-CAM-1-Aquatic-7-Flounder-260.jpg
test,COD10K-CAM-3-Flying-53-Bird-3227.jpg,1024x768,317,31.175,tgt,COD10K-CAM-1-Aquatic-7-Flounder-260.jpg
test,COD10K-CAM-3-Flying-54-Bittern-3277.jpg,1024x768,317,57.756,tgt,COD10K-CAM-4-Amphibian-67-Frog-4713.jpg
test,COD10K-CAM-3-Flying-55-Butterfly-3306.jpg,1024x768,317,36.843,tgt,COD10K-CAM-1-Aquatic-7-Flounder-260.jpg
test,COD10K-CAM-3-Flying-55-Butterfly-3312.jpg,1024x768,317,53.369,tgt,COD10K-CAM-4-Amphibian-67-Frog-4713.jpg
test,COD10K-CAM-3-Flying-55-Butterfly-3315.jpg,1024x768,317,52.303,tgt,COD10K-CAM-2-Terrestrial-23-Cat-1502.jpg
test,COD10K-CAM-3-Flying-55-Butterfly-3325.jpg,1024x768,317,30.579,tgt,COD10K-CAM-2-Terrestrial-40-Rabbit-2355.jpg
test,COD10K-CAM-3-Flying-55-Butterfly-3328.jpg,1024x768,317,45.618,tgt,COD10K-CAM-3-Flying-61-Katydid-3992.jpg
test,COD10K-CAM-3-Flying-55-Butterfly-3341.jpg,1024x768,317,35.585,tgt,COD10K-CAM-1-Aquatic-7-Flounder-260.jpg
test,COD10K-CAM-3-Flying-55-Butterfly-3350.jpg,1024x768,317,52.23,tgt,COD10K-CAM-2-Terrestrial-23-Cat-1404.jpg
test,COD10K-CAM-3-Flying-55-Butterfly-3375.jpg,1024x768,317,45.077,tgt,COD10K-CAM-4-Amphibian-68-Toad-4862.jpg
test,COD10K-CAM-3-Flying-55-Butterfly-3426.jpg,1024x768,317,32.015,tgt,COD10K-CAM-1-Aquatic-19-Stingaree-1187.jpg
test,COD10K-CAM-3-Flying-55-Butterfly-3428.jpg,1024x768,317,57.661,tgt,COD10K-CAM-2-Terrestrial-24-Caterpillar-1619.jpg
test,COD10K-CAM-3-Flying-55-Butterfly-3429.jpg,1024x768,317,55.592,tgt,COD10K-CAM-3-Flying-55-Butterfly-3380.jpg
test,COD10K-CAM-3-Flying-55-Butterfly-3436.jpg,1024x768,317,61.678,tgt,COD10K-CAM-4-Amphibian-67-Frog-4713.jpg
test,COD10K-CAM-3-Flying-56-Cicada-3490.jpg,1024x768,317,65.805,tgt,COD10K-CAM-3-Flying-62-Mantis-4377.jpg
test,COD10K-CAM-3-Flying-56-Cicada-3498.jpg,1024x768,317,40.702,tgt,COD10K-CAM-1-Aquatic-13-Pipefish-839.jpg
test,COD10K-CAM-3-Flying-56-Cicada-3501.jpg,1024x768,317,39.185,tgt,COD10K-CAM-2-Terrestrial-45-Spider-2750.jpg
test,COD10K-CAM-3-Flying-56-Cicada-3504.jpg,1024x768,317,43.362,tgt,COD10K-CAM-2-Terrestrial-23-Cat-1402.jpg
test,COD10K-CAM-3-Flying-56-Cicada-3508.jpg,1024x768,317,58.617,tgt,COD10K-CAM-1-Aquatic-13-Pipefish-786.jpg
test,COD10K-CAM-3-Flying-56-Cicada-3525.jpg,1024x768,317,60.014,tgt,COD10K-CAM-2-Terrestrial-22-Bug-1296.jpg
test,COD10K-CAM-3-Flying-56-Cicada-3547.jpg,1024x768,317,56.192,tgt,COD10K-CAM-3-Flying-62-Mantis-4367.jpg
test,COD10K-CAM-3-Flying-56-Cicada-3549.jpg,1024x768,317,56.776,tgt,COD10K-CAM-2-Terrestrial-45-Spider-2774.jpg
test,COD10K-CAM-3-Flying-57-Dragonfly-3566.jpg,1024x768,317,0.815,tgt,COD10K-CAM-3-Flying-57-Dragonfly-3567.jpg
test,COD10K-CAM-3-Flying-57-Dragonfly-3586.jpg,1024x768,317,37.154,tgt,COD10K-CAM-1-Aquatic-7-Flounder-260.jpg
test,COD10K-CAM-3-Flying-58-Frogmouth-3596.jpg,1024x768,317,50.972,tgt,COD10K-CAM-2-Terrestrial-45-Spider-2750.jpg
test,COD10K-CAM-3-Flying-59-Grasshopper-3621.jpg,1024x768,317,51.567,tgt,COD10K-CAM-2-Terrestrial-27-Cheetah-1744.jpg
test,COD10K-CAM-3-Flying-59-Grasshopper-3634.jpg,1024x768,317,57.283,tgt,COD10K-CAM-1-Aquatic-7-Flounder-265.jpg
test,COD10K-CAM-3-Flying-59-Grasshopper-3648.jpg,1024x768,317,49.159,tgt,COD10K-CAM-2-Terrestrial-45-Spider-2750.jpg
test,COD10K-CAM-3-Flying-59-Grasshopper-3655.jpg,1024x768,317,67.579,tgt,COD10K-CAM-4-Amphibian-68-Toad-5016.jpg
test,COD10K-CAM-3-Flying-59-Grasshopper-3658.jpg,1024x768,317,44.369,tgt,COD10K-CAM-1-Aquatic-7-Flounder-260.jpg
test,COD10K-CAM-3-Flying-59-Grasshopper-3695.jpg,1024x768,317,42.22,tgt,COD10K-CAM-1-Aquatic-7-Flounder-260.jpg
test,COD10K-CAM-3-Flying-59-Grasshopper-3706.jpg,1024x768,317,49.089,tgt,COD10K-CAM-1-Aquatic-7-Flounder-273.jpg
test,COD10K-CAM-3-Flying-59-Grasshopper-3708.jpg,1024x768,317,44.158,tgt,COD10K-CAM-1-Aquatic-7-Flounder-260.jpg
test,COD10K-CAM-3-Flying-59-Grasshopper-3733.jpg,1024x768,317,37.488,tgt,COD10K-CAM-1-Aquatic-7-Flounder-260.jpg
test,COD10K-CAM-3-Flying-59-Grasshopper-3872.jpg,1024x768,317,54.407,tgt,COD10K-CAM-4-Amphibian-68-Toad-5016.jpg
test,COD10K-CAM-3-Flying-60-Heron-3901.jpg,1024x768,317,33.404,tgt,COD10K-CAM-1-Aquatic-15-SeaHorse-1036.jpg
test,COD10K-CAM-3-Flying-60-Heron-3922.jpg,1024x768,317,37.234,tgt,COD10K-CAM-1-Aquatic-7-Flounder-260.jpg
test,COD10K-CAM-3-Flying-61-Katydid-3958.jpg,1024x768,317,59.384,tgt,COD10K-CAM-1-Aquatic-13-Pipefish-575.jpg
test,COD10K-CAM-3-Flying-61-Katydid-4047.jpg,1024x768,317,48.044,tgt,COD10K-CAM-4-Amphibian-68-Toad-4862.jpg
test,COD10K-CAM-3-Flying-61-Katydid-4075.jpg,1024x768,317,49.286,tgt,COD10K-CAM-2-Terrestrial-40-Rabbit-2355.jpg
test,COD10K-CAM-3-Flying-61-Katydid-4117.jpg,1024x768,317,51.828,tgt,COD10K-CAM-1-Aquatic-13-Pipefish-575.jpg
test,COD10K-CAM-3-Flying-61-Katydid-4125.jpg,1024x768,317,36.47,tgt,COD10K-CAM-2-Terrestrial-23-Cat-1402.jpg
test,COD10K-CAM-3-Flying-61-Katydid-4131.jpg,1024x768,317,41.181,tgt,COD10K-CAM-1-Aquatic-9-GhostPipefish-355.jpg
test,COD10K-CAM-3-Flying-61-Katydid-4155.jpg,1024x768,317,42.663,tgt,COD10K-CAM-4-Amphibian-67-Frog-4713.jpg
test,COD10K-CAM-3-Flying-61-Katydid-4156.jpg,1024x768,317,40.959,tgt,COD10K-CAM-2-Terrestrial-37-Lion-2116.jpg
test,COD10K-CAM-3-Flying-61-Katydid-4166.jpg,1024x768,317,41.886,tgt,COD10K-CAM-2-Terrestrial-40-Rabbit-2355.jpg
test,COD10K-CAM-3-Flying-61-Katydid-4189.jpg,1024x768,317,40.37,tgt,COD10K-CAM-4-Amphibian-68-Toad-4862.jpg
test,COD10K-CAM-3-Flying-61-Katydid-4191.jpg,1024x768,317,62.778,tgt,COD10K-CAM-2-Terrestrial-45-Spider-2774.jpg
test,COD10K-CAM-3-Flying-61-Katydid-4215.jpg,1024x768,317,42.226,tgt,COD10K-CAM-2-Terrestrial-45-Spider-2774.jpg
test,COD10K-CAM-3-Flying-61-Katydid-4220.jpg,1024x768,317,52.48,tgt,COD10K-CAM-1-Aquatic-13-Pipefish-523.jpg
test,COD10K-CAM-3-Flying-61-Katydid-4221.jpg,1024x768,317,41.453,tgt,COD10K-CAM-4-Amphibian-67-Frog-4713.jpg
test,COD10K-CAM-3-Flying-61-Katydid-4222.jpg,1024x768,317,39.945,tgt,COD10K-CAM-1-Aquatic-7-Flounder-265.jpg
test,COD10K-CAM-3-Flying-62-Mantis-4297.jpg,1024x768,317,56.166,tgt,COD10K-CAM-1-Aquatic-7-Flounder-265.jpg
test,COD10K-CAM-3-Flying-62-Mantis-4314.jpg,1024x768,317,47.617,tgt,COD10K-CAM-2-Terrestrial-24-Caterpillar-1619.jpg
test,COD10K-CAM-3-Flying-62-Mantis-4355.jpg,1024x768,317,54.467,tgt,COD10K-CAM-1-Aquatic-3-Crab-80.jpg
test,COD10K-CAM-3-Flying-62-Mantis-4359.jpg,1024x768,317,54.166,tgt,COD10K-CAM-2-Terrestrial-23-Cat-1404.jpg
test,COD10K-CAM-3-Flying-63-Mockingbird-4407.jpg,1024x768,317,54.911,tgt,COD10K-CAM-1-Aquatic-7-Flounder-260.jpg
test,COD10K-CAM-3-Flying-64-Moth-4432.jpg,1024x768,317,33.357,tgt,COD10K-CAM-2-Terrestrial-40-Rabbit-2355.jpg
test,COD10K-CAM-3-Flying-64-Moth-4481.jpg,1024x768,317,49.354,tgt,COD10K-CAM-1-Aquatic-7-Flounder-265.jpg
test,COD10K-CAM-3-Flying-64-Moth-4503.jpg,1024x768,317,51.288,tgt,COD10K-CAM-4-Amphibian-68-Toad-4862.jpg
test,COD10K-CAM-3-Flying-65-Owl-4534.jpg,1024x768,317,52.118,tgt,COD10K-CAM-1-Aquatic-7-Flounder-260.jpg
test,COD10K-CAM-3-Flying-65-Owl-4569.jpg,1024x768,317,41.261,tgt,COD10K-CAM-1-Aquatic-13-Pipefish-548.jpg
test,COD10K-CAM-4-Amphibian-67-Frog-4732.jpg,1024x768,317,41.32,tgt,COD10K-CAM-1-Aquatic-7-Flounder-260.jpg
test,COD10K-CAM-4-Amphibian-67-Frog-4759.jpg,1024x768,317,47.353,tgt,COD10K-CAM-1-Aquatic-13-Pipefish-540.jpg
test,COD10K-CAM-4-Amphibian-67-Frog-4796.jpg,1024x768,317,46.195,tgt,COD10K-CAM-3-Flying-63-Mockingbird-4398.jpg
test,COD10K-CAM-4-Amphibian-68-Toad-4826.jpg,1024x768,317,42.45,tgt,COD10K-CAM-4-Amphibian-68-Toad-5016.jpg
test,COD10K-CAM-4-Amphibian-68-Toad-4836.jpg,1024x768,317,54.881,tgt,COD10K-CAM-1-Aquatic-7-Flounder-265.jpg
test,COD10K-CAM-4-Amphibian-68-Toad-4838.jpg,1024x768,317,44.675,tgt,COD10K-CAM-2-Terrestrial-40-Rabbit-2355.jpg
test,COD10K-CAM-4-Amphibian-68-Toad-4842.jpg,1024x768,317,47.167,tgt,COD10K-CAM-1-Aquatic-7-Flounder-260.jpg
test,COD10K-CAM-4-Amphibian-68-Toad-4853.jpg,1024x768,317,49.132,tgt,COD10K-CAM-1-Aquatic-16-Shrimp-1122.jpg
test,COD10K-CAM-4-Amphibian-68-Toad-4861.jpg,1024x768,317,44.512,tgt,COD10K-CAM-1-Aquatic-7-Flounder-260.jpg
test,COD10K-CAM-4-Amphibian-68-Toad-4886.jpg,1024x768,317,50.29,tgt,COD10K-CAM-1-Aquatic-16-Shrimp-1122.jpg
test,COD10K-CAM-4-Amphibian-68-Toad-4891.jpg,1024x768,317,49.092,tgt,COD10K-CAM-1-Aquatic-7-Flounder-260.jpg
test,COD10K-CAM-4-Amphibian-68-Toad-4923.jpg,1024x768,317,73.274,tgt,COD10K-CAM-2-Terrestrial-45-Spider-2750.jpg
test,COD10K-CAM-4-Amphibian-68-Toad-4990.jpg,1024x768,317,41.355,tgt,COD10K-CAM-2-Terrestrial-45-Spider-2750.jpg
test,COD10K-CAM-4-Amphibian-68-Toad-4991.jpg,1024x768,317,39.492,tgt,COD10K-CAM-1-Aquatic-7-Flounder-265.jpg
test,COD10K-CAM-4-Amphibian-68-Toad-5014.jpg,1024x768,317,40.376,tgt,COD10K-CAM-1-Aquatic-13-Pipefish-760.jpg
test,COD10K-CAM-4-Amphibian-68-Toad-5020.jpg,1024x768,317,39.69,tgt,COD10K-CAM-1-Aquatic-16-Shrimp-1122.jpg
test,COD10K-CAM-5-Other-69-Other-5046.jpg,1024x768,317,32.987,tgt,COD10K-CAM-1-Aquatic-7-Flounder-260.jpg
test,COD10K-CAM-1-Aquatic-10-LeafySeaDragon-429.jpg,1024x683,546,47.633,tgt,COD10K-CAM-2-Terrestrial-24-Caterpillar-1648.jpg
test,COD10K-CAM-1-Aquatic-11-Octopus-430.jpg,1024x683,546,47.36,tgt,COD10K-CAM-2-Terrestrial-37-Lion-2118.jpg
test,COD10K-CAM-1-Aquatic-11-Octopus-436.jpg,1024x683,546,47.785,tgt,COD10K-CAM-1-Aquatic-11-Octopus-438.jpg
test,COD10K-CAM-1-Aquatic-11-Octopus-437.jpg,1024x683,546,46.754,tgt,COD10K-CAM-4-Amphibian-68-Toad-4833.jpg
test,COD10K-CAM-1-Aquatic-11-Octopus-441.jpg,1024x683,546,33.051,tgt,COD10K-CAM-3-Flying-53-Bird-3243.jpg
test,COD10K-CAM-1-Aquatic-11-Octopus-451.jpg,1024x683,546,49.903,tgt,COD10K-CAM-2-Terrestrial-24-Caterpillar-1648.jpg
test,COD10K-CAM-1-Aquatic-11-Octopus-452.jpg,1024x683,546,49.01,tgt,COD10K-CAM-1-Aquatic-14-ScorpionFish-856.jpg
test,COD10K-CAM-1-Aquatic-11-Octopus-453.jpg,1024x683,546,47.418,tgt,COD10K-CAM-1-Aquatic-15-SeaHorse-971.jpg
test,COD10K-CAM-1-Aquatic-11-Octopus-462.jpg,1024x683,546,48.513,tgt,COD10K-CAM-2-Terrestrial-45-Spider-2530.jpg
test,COD10K-CAM-1-Aquatic-11-Octopus-473.jpg,1024x683,546,32.521,tgt,COD10K-CAM-1-Aquatic-3-Crab-60.jpg
test,COD10K-CAM-1-Aquatic-12-Pagurian-474.jpg,1024x683,546,43.546,tgt,COD10K-CAM-1-Aquatic-14-ScorpionFish-946.jpg
test,COD10K-CAM-1-Aquatic-12-Pagurian-481.jpg,1024x683,546,51.577,tgt,COD10K-CAM-2-Terrestrial-24-Caterpillar-1554.jpg
test,COD10K-CAM-1-Aquatic-12-Pagurian-482.jpg,1024x683,546,41.884,tgt,COD10K-CAM-4-Amphibian-67-Frog-4798.jpg
test,COD10K-CAM-1-Aquatic-12-Pagurian-484.jpg,1024x683,546,55.011,tgt,COD10K-CAM-2-Terrestrial-37-Lion-2117.jpg
test,COD10K-CAM-1-Aquatic-12-Pagurian-486.jpg,1024x683,546,41.709,tgt,COD10K-CAM-3-Flying-65-Owl-4629.jpg
test,COD10K-CAM-1-Aquatic-13-Pipefish-536.jpg,1024x683,546,45.937,tgt,COD10K-CAM-2-Terrestrial-45-Spider-2530.jpg
test,COD10K-CAM-1-Aquatic-13-Pipefish-537.jpg,1024x683,546,40.266,tgt,COD10K-CAM-2-Terrestrial-45-Spider-2530.jpg
test,COD10K-CAM-1-Aquatic-13-Pipefish-570.jpg,1024x683,546,42.925,tgt,COD10K-CAM-2-Terrestrial-45-Spider-2530.jpg
test,COD10K-CAM-1-Aquatic-13-Pipefish-571.jpg,1024x683,546,52.645,tgt,COD10K-CAM-1-Aquatic-11-Octopus-431.jpg
test,COD10K-CAM-1-Aquatic-13-Pipefish-616.jpg,1024x683,546,43.803,tgt,COD10K-CAM-2-Terrestrial-37-Lion-2117.jpg
test,COD10K-CAM-1-Aquatic-13-Pipefish-649.jpg,1024x683,546,34.057,tgt,COD10K-CAM-2-Terrestrial-45-Spider-2530.jpg
test,COD10K-CAM-1-Aquatic-13-Pipefish-652.jpg,1024x683,546,56.56,tgt,COD10K-CAM-2-Terrestrial-45-Spider-2530.jpg
test,COD10K-CAM-1-Aquatic-13-Pipefish-685.jpg,1024x683,546,48.595,tgt,COD10K-CAM-2-Terrestrial-37-Lion-2118.jpg
test,COD10K-CAM-1-Aquatic-13-Pipefish-717.jpg,1024x683,546,49.316,tgt,COD10K-CAM-3-Flying-54-Bittern-3264.jpg
test,COD10K-CAM-1-Aquatic-13-Pipefish-726.jpg,1024x683,546,40.218,tgt,COD10K-CAM-4-Amphibian-68-Toad-4922.jpg
test,COD10K-CAM-1-Aquatic-13-Pipefish-832.jpg,1024x683,546,42.049,tgt,COD10K-CAM-3-Flying-60-Heron-3924.jpg
test,COD10K-CAM-1-Aquatic-14-ScorpionFish-848.jpg,1024x683,546,48.145,tgt,COD10K-CAM-4-Amphibian-68-Toad-4957.jpg
test,COD10K-CAM-1-Aquatic-14-ScorpionFish-891.jpg,1024x683,546,31.542,tgt,COD10K-CAM-3-Flying-65-Owl-4629.jpg
test,COD10K-CAM-1-Aquatic-14-ScorpionFish-911.jpg,1024x683,546,38.155,tgt,COD10K-CAM-2-Terrestrial-37-Lion-2117.jpg
test,COD10K-CAM-1-Aquatic-14-ScorpionFish-940.jpg,1024x683,546,44.177,tgt,COD10K-CAM-3-Flying-53-Bird-3153.jpg
test,COD10K-CAM-1-Aquatic-14-ScorpionFish-950.jpg,1024x683,546,47.349,tgt,COD10K-CAM-2-Terrestrial-37-Lion-2118.jpg
test,COD10K-CAM-1-Aquatic-15-SeaHorse-1043.jpg,1024x683,546,38.532,tgt,COD10K-CAM-1-Aquatic-11-Octopus-434.jpg
test,COD10K-CAM-1-Aquatic-15-SeaHorse-1066.jpg,1024x683,546,32.443,tgt,COD10K-CAM-4-Amphibian-68-Toad-4959.jpg
test,COD10K-CAM-1-Aquatic-15-SeaHorse-1067.jpg,1024x683,546,42.831,tgt,COD10K-CAM-3-Flying-61-Katydid-4081.jpg
test,COD10K-CAM-1-Aquatic-15-SeaHorse-1092.jpg,1024x683,546,48.031,tgt,COD10K-CAM-2-Terrestrial-36-Leopard-2075.jpg
test,COD10K-CAM-1-Aquatic-15-SeaHorse-1109.jpg,1024x683,546,48.796,tgt,COD10K-CAM-3-Flying-54-Bittern-3264.jpg
test,COD10K-CAM-1-Aquatic-15-SeaHorse-966.jpg,1024x683,546,39.708,tgt,COD10K-CAM-4-Amphibian-68-Toad-4957.jpg
test,COD10K-CAM-1-Aquatic-15-SeaHorse-972.jpg,1024x683,546,41.325,tgt,COD10K-CAM-1-Aquatic-16-Shrimp-1144.jpg
test,COD10K-CAM-1-Aquatic-15-SeaHorse-980.jpg,1024x683,546,45.015,tgt,COD10K-CAM-2-Terrestrial-36-Leopard-2075.jpg
test,COD10K-CAM-1-Aquatic-16-Shrimp-1115.jpg,1024x683,546,31.176,tgt,COD10K-CAM-4-Amphibian-67-Frog-4766.jpg
test,COD10K-CAM-1-Aquatic-16-Shrimp-1128.jpg,1024x683,546,56.369,tgt,COD10K-CAM-2-Terrestrial-36-Leopard-2075.jpg
test,COD10K-CAM-1-Aquatic-16-Shrimp-1140.jpg,1024x683,546,48.636,tgt,COD10K-CAM-2-Terrestrial-37-Lion-2118.jpg
test,COD10K-CAM-1-Aquatic-16-Shrimp-1142.jpg,1024x683,546,56.339,tgt,COD10K-CAM-2-Terrestrial-37-Lion-2118.jpg
test,COD10K-CAM-1-Aquatic-16-Shrimp-1145.jpg,1024x683,546,38.758,tgt,COD10K-CAM-4-Amphibian-68-Toad-4957.jpg
test,COD10K-CAM-1-Aquatic-17-Slug-1149.jpg,1024x683,546,43.055,tgt,COD10K-CAM-1-Aquatic-14-ScorpionFish-856.jpg
test,COD10K-CAM-1-Aquatic-18-StarFish-1162.jpg,1024x683,546,53.13,tgt,COD10K-CAM-4-Amphibian-67-Frog-4696.jpg
test,COD10K-CAM-1-Aquatic-18-StarFish-1177.jpg,1024x683,546,50.233,tgt,COD10K-CAM-2-Terrestrial-37-Lion-2117.jpg
test,COD10K-CAM-1-Aquatic-19-Stingaree-1207.jpg,1024x683,546,39.122,tgt,COD10K-CAM-2-Terrestrial-37-Lion-2118.jpg
test,COD10K-CAM-1-Aquatic-20-Turtle-1221.jpg,1024x683,546,31.404,tgt,COD10K-CAM-2-Terrestrial-23-Cat-1373.jpg
test,COD10K-CAM-1-Aquatic-3-Crab-23.jpg,1024x683,546,40.501,tgt,COD10K-CAM-2-Terrestrial-37-Lion-2118.jpg
test,COD10K-CAM-1-Aquatic-3-Crab-40.jpg,1024x683,546,48.032,tgt,COD10K-CAM-1-Aquatic-14-ScorpionFish-856.jpg
test,COD10K-CAM-1-Aquatic-3-Crab-96.jpg,1024x683,546,51.853,tgt,COD10K-CAM-3-Flying-60-Heron-3924.jpg
test,COD10K-CAM-1-Aquatic-6-Fish-139.jpg,1024x683,546,44.512,tgt,COD10K-CAM-2-Terrestrial-37-Lion-2118.jpg
test,COD10K-CAM-1-Aquatic-6-Fish-143.jpg,1024x683,546,51.218,tgt,COD10K-CAM-3-Flying-66-Owlfly-4675.jpg
test,COD10K-CAM-1-Aquatic-6-Fish-149.jpg,1024x683,546,51.052,tgt,COD10K-CAM-3-Flying-60-Heron-3924.jpg
test,COD10K-CAM-1-Aquatic-6-Fish-163.jpg,1024x683,546,53.94,tgt,COD10K-CAM-2-Terrestrial-23-Cat-1373.jpg
test,COD10K-CAM-1-Aquatic-6-Fish-168.jpg,1024x683,546,46.656,tgt,COD10K-CAM-3-Flying-56-Cicada-3506.jpg
test,COD10K-CAM-1-Aquatic-6-Fish-186.jpg,1024x683,546,46.631,tgt,COD10K-CAM-3-Flying-65-Owl-4636.jpg
test,COD10K-CAM-1-Aquatic-6-Fish-190.jpg,1024x683,546,43.288,tgt,COD10K-CAM-2-Terrestrial-36-Leopard-2075.jpg
test,COD10K-CAM-1-Aquatic-6-Fish-203.jpg,1024x683,546,46.167,tgt,COD10K-CAM-4-Amphibian-68-Toad-4959.jpg
test,COD10K-CAM-1-Aquatic-6-Fish-204.jpg,1024x683,546,53.203,tgt,COD10K-CAM-2-Terrestrial-36-Leopard-2084.jpg
test,COD10K-CAM-1-Aquatic-6-Fish-207.jpg,1024x683,546,57.825,tgt,COD10K-CAM-1-Aquatic-6-Fish-169.jpg
test,COD10K-CAM-1-Aquatic-6-Fish-242.jpg,1024x683,546,42.837,tgt,COD10K-CAM-4-Amphibian-68-Toad-4959.jpg
test,COD10K-CAM-1-Aquatic-6-Fish-243.jpg,1024x683,546,51.552,tgt,COD10K-CAM-1-Aquatic-15-SeaHorse-1005.jpg
test,COD10K-CAM-1-Aquatic-7-Flounder-254.jpg,1024x683,546,36.137,tgt,COD10K-CAM-2-Terrestrial-45-Spider-2515.jpg
test,COD10K-CAM-1-Aquatic-7-Flounder-270.jpg,1024x683,546,38.888,tgt,COD10K-CAM-2-Terrestrial-37-Lion-2118.jpg
test,COD10K-CAM-1-Aquatic-7-Flounder-286.jpg,1024x683,546,40.425,tgt,COD10K-CAM-2-Terrestrial-45-Spider-2530.jpg
test,COD10K-CAM-1-Aquatic-8-FrogFish-299.jpg,1024x683,546,63.033,tgt,COD10K-CAM-3-Flying-63-Mockingbird-4415.jpg
test,COD10K-CAM-1-Aquatic-8-FrogFish-305.jpg,1024x683,546,43.508,tgt,COD10K-CAM-2-Terrestrial-38-Lizard-2313.jpg
test,COD10K-CAM-1-Aquatic-8-FrogFish-306.jpg,1024x683,546,47.852,tgt,COD10K-CAM-2-Terrestrial-22-Bug-1269.jpg
test,COD10K-CAM-1-Aquatic-9-GhostPipefish-309.jpg,1024x683,546,54.696,tgt,COD10K-CAM-4-Amphibian-67-Frog-4709.jpg
test,COD10K-CAM-1-Aquatic-9-GhostPipefish-353.jpg,1024x683,546,65.207,tgt,COD10K-CAM-3-Flying-56-Cicada-3506.jpg
test,COD10K-CAM-1-Aquatic-9-GhostPipefish-390.jpg,1024x683,546,28.717,tgt,COD10K-CAM-2-Terrestrial-45-Spider-2545.jpg
test,COD10K-CAM-1-Aquatic-9-GhostPipefish-395.jpg,1024x683,546,62.771,tgt,COD10K-CAM-3-Flying-54-Bittern-3272.jpg
test,COD10K-CAM-2-Terrestrial-21-Ant-1238.jpg,1024x683,546,45.228,tgt,COD10K-CAM-4-Amphibian-68-Toad-4832.jpg
test,COD10K-CAM-2-Terrestrial-21-Ant-1251.jpg,1024x683,546,43.729,tgt,COD10K-CAM-2-Terrestrial-37-Lion-2117.jpg
test,COD10K-CAM-2-Terrestrial-22-Bug-1267.jpg,1024x683,546,45.98,tgt,COD10K-CAM-1-Aquatic-15-SeaHorse-974.jpg
test,COD10K-CAM-2-Terrestrial-22-Bug-1271.jpg,1024x683,546,48.393,tgt,COD10K-CAM-2-Terrestrial-45-Spider-2530.jpg
test,COD10K-CAM-2-Terrestrial-22-Bug-1276.jpg,1024x683,546,47.538,tgt,COD10K-CAM-2-Terrestrial-45-Spider-2530.jpg
test,COD10K-CAM-2-Terrestrial-22-Bug-1277.jpg,1024x683,546,40.7,tgt,COD10K-CAM-1-Aquatic-15-SeaHorse-974.jpg
test,COD10K-CAM-2-Terrestrial-22-Bug-1281.jpg,1024x683,546,47.555,tgt,COD10K-CAM-3-Flying-65-Owl-4629.jpg
test,COD10K-CAM-2-Terrestrial-22-Bug-1283.jpg,1024x683,546,22.146,tgt,COD10K-CAM-2-Terrestrial-26-Chameleon-1677.jpg
test,COD10K-CAM-2-Terrestrial-22-Bug-1293.jpg,1024x683,546,49.652,tgt,COD10K-CAM-1-Aquatic-14-ScorpionFish-946.jpg
test,COD10K-CAM-2-Terrestrial-23-Cat-1310.jpg,1024x683,546,38.785,tgt,COD10K-CAM-2-Terrestrial-36-Leopard-2075.jpg
test,COD10K-CAM-2-Terrestrial-23-Cat-1330.jpg,1024x683,546,46.214,tgt,COD10K-CAM-3-Flying-60-Heron-3924.jpg
test,COD10K-CAM-2-Terrestrial-23-Cat-1364.jpg,1024x683,546,39.467,tgt,COD10K-CAM-2-Terrestrial-36-Leopard-2075.jpg
test,COD10K-CAM-2-Terrestrial-23-Cat-1368.jpg,1024x683,546,55.695,tgt,COD10K-CAM-3-Flying-60-Heron-3924.jpg
test,COD10K-CAM-2-Terrestrial-23-Cat-1371.jpg,1024x683,546,23.756,tgt,COD10K-CAM-4-Amphibian-68-Toad-4922.jpg
test,COD10K-CAM-2-Terrestrial-23-Cat-1381.jpg,1024x683,546,54.618,tgt,COD10K-CAM-3-Flying-60-Heron-3915.jpg
test,COD10K-CAM-2-Terrestrial-23-Cat-1387.jpg,1024x683,546,54.19,tgt,COD10K-CAM-4-Amphibian-68-Toad-4985.jpg
test,COD10K-CAM-2-Terrestrial-23-Cat-1411.jpg,1024x683,546,53.699,tgt,COD10K-CAM-3-Flying-61-Katydid-4055.jpg
test,COD10K-CAM-2-Terrestrial-23-Cat-1412.jpg,1024x683,546,51.186,tgt,COD10K-CAM-2-Terrestrial-44-Snake-2431.jpg
test,COD10K-CAM-2-Terrestrial-23-Cat-1429.jpg,1024x683,546,57.448,tgt,COD10K-CAM-1-Aquatic-16-Shrimp-1144.jpg
test,COD10K-CAM-2-Terrestrial-23-Cat-1433.jpg,1024x683,546,43.545,tgt,COD10K-CAM-2-Terrestrial-34-Human-1972.jpg
test,COD10K-CAM-2-Terrestrial-23-Cat-1475.jpg,1024x683,546,79.529,tgt,COD10K-CAM-1-Aquatic-18-StarFish-1165.jpg
test,COD10K-CAM-2-Terrestrial-23-Cat-1476.jpg,1024x683,546,43.257,tgt,COD10K-CAM-3-Flying-54-Bittern-3264.jpg
test,COD10K-CAM-2-Terrestrial-23-Cat-1488.jpg,1024x683,546,54.875,tgt,COD10K-CAM-2-Terrestrial-23-Cat-1373.jpg
test,COD10K-CAM-2-Terrestrial-23-Cat-1490.jpg,1024x683,546,45.245,tgt,COD10K-CAM-2-Terrestrial-36-Leopard-2075.jpg
test,COD10K-CAM-2-Terrestrial-23-Cat-1508.jpg,1024x683,546,48.575,tgt,COD10K-CAM-2-Terrestrial-45-Spider-2530.jpg
test,COD10K-CAM-2-Terrestrial-23-Cat-1514.jpg,1024x683,546,47.093,tgt,COD10K-CAM-2-Terrestrial-37-Lion-2117.jpg
test,COD10K-CAM-2-Terrestrial-23-Cat-1527.jpg,1024x683,546,44.32,tgt,COD10K-CAM-2-Terrestrial-45-Spider-2687.jpg
test,COD10K-CAM-2-Terrestrial-23-Cat-1537.jpg,1024x683,546,53.184,tgt,COD10K-CAM-4-Amphibian-68-Toad-4851.jpg
test,COD10K-CAM-2-Terrestrial-24-Caterpillar-1546.jpg,1024x683,546,16.147,tgt,COD10K-CAM-2-Terrestrial-26-Chameleon-1677.jpg
test,COD10K-CAM-2-Terrestrial-24-Caterpillar-1548.jpg,1024x683,546,41.22,tgt,COD10K-CAM-3-Flying-60-Heron-3924.jpg
test,COD10K-CAM-2-Terrestrial-24-Caterpillar-1560.jpg,1024x683,546,28.7,tgt,COD10K-CAM-2-Terrestrial-24-Caterpillar-1554.jpg
test,COD10K-CAM-2-Terrestrial-24-Caterpillar-1594.jpg,1024x683,546,51.774,tgt,COD10K-CAM-2-Terrestrial-45-Spider-2530.jpg
test,COD10K-CAM-2-Terrestrial-24-Caterpillar-1608.jpg,1024x683,546,43.255,tgt,COD10K-CAM-3-Flying-61-Katydid-4055.jpg
test,COD10K-CAM-2-Terrestrial-24-Caterpillar-1616.jpg,1024x683,546,40.331,tgt,COD10K-CAM-4-Amphibian-68-Toad-4957.jpg
test,COD10K-CAM-2-Terrestrial-24-Caterpillar-1641.jpg,1024x683,546,57.716,tgt,COD10K-CAM-3-Flying-54-Bittern-3264.jpg
test,COD10K-CAM-2-Terrestrial-24-Caterpillar-1643.jpg,1024x683,546,38.158,tgt,COD10K-CAM-3-Flying-61-Katydid-4089.jpg
test,COD10K-CAM-2-Terrestrial-24-Caterpillar-1644.jpg,1024x683,546,38.082,tgt,COD10K-CAM-3-Flying-61-Katydid-4089.jpg
test,COD10K-CAM-2-Terrestrial-24-Caterpillar-1650.jpg,1024x683,546,42.697,tgt,COD10K-CAM-2-Terrestrial-45-Spider-2530.jpg
test,COD10K-CAM-2-Terrestrial-24-Caterpillar-1652.jpg,1024x683,546,37.873,tgt,COD10K-CAM-4-Amphibian-68-Toad-4957.jpg
test,COD10K-CAM-2-Terrestrial-26-Chameleon-1676.jpg,1024x683,546,55.912,tgt,COD10K-CAM-3-Flying-65-Owl-4629.jpg
test,COD10K-CAM-2-Terrestrial-26-Chameleon-1688.jpg,1024x683,546,49.885,tgt,COD10K-CAM-4-Amphibian-67-Frog-4709.jpg
test,COD10K-CAM-2-Terrestrial-26-Chameleon-1693.jpg,1024x683,546,53.598,tgt,COD10K-CAM-2-Terrestrial-23-Cat-1373.jpg
test,COD10K-CAM-2-Terrestrial-26-Chameleon-1722.jpg,1024x683,546,46.191,tgt,COD10K-CAM-2-Terrestrial-36-Leopard-2075.jpg
test,COD10K-CAM-2-Terrestrial-26-Chameleon-1727.jpg,1024x683,546,49.704,tgt,COD10K-CAM-2-Terrestrial-23-Cat-1454.jpg
test,COD10K-CAM-2-Terrestrial-27-Cheetah-1742.jpg,1024x683,546,33.59,tgt,COD10K-CAM-2-Terrestrial-45-Spider-2530.jpg
test,COD10K-CAM-2-Terrestrial-27-Cheetah-1743.jpg,1024x683,546,38.436,tgt,COD10K-CAM-2-Terrestrial-45-Spider-2687.jpg
test,COD10K-CAM-2-Terrestrial-28-Deer-1758.jpg,1024x683,546,37.862,tgt,COD10K-CAM-1-Aquatic-14-ScorpionFish-856.jpg
test,COD10K-CAM-2-Terrestrial-28-Deer-1768.jpg,1024x683,546,33.339,tgt,COD10K-CAM-4-Amphibian-68-Toad-4959.jpg
test,COD10K-CAM-2-Terrestrial-28-Deer-1772.jpg,1024x683,546,49.713,tgt,COD10K-CAM-2-Terrestrial-31-Gecko-1900.jpg
test,COD10K-CAM-2-Terrestrial-28-Deer-1790.jpg,1024x683,546,49.2,tgt,COD10K-CAM-3-Flying-64-Moth-4464.jpg
test,COD10K-CAM-2-Terrestrial-28-Deer-1801.jpg,1024x683,546,36.271,tgt,COD10K-CAM-2-Terrestrial-36-Leopard-2075.jpg
test,COD10K-CAM-2-Terrestrial-29-Dog-1816.jpg,1024x683,546,35.227,tgt,COD10K-CAM-3-Flying-61-Katydid-4055.jpg
test,COD10K-CAM-2-Terrestrial-29-Dog-1838.jpg,1024x683,546,46.979,tgt,COD10K-CAM-2-Terrestrial-36-Leopard-2058.jpg
test,COD10K-CAM-2-Terrestrial-30-Duck-1862.jpg,1024x683,546,56.374,tgt,COD10K-CAM-2-Terrestrial-45-Spider-2530.jpg
test,COD10K-CAM-2-Terrestrial-34-Human-1978.jpg,1024x683,546,35.256,tgt,COD10K-CAM-4-Amphibian-68-Toad-4959.jpg
test,COD10K-CAM-2-Terrestrial-34-Human-1983.jpg,1024x683,546,36.029,tgt,COD10K-CAM-4-Amphibian-68-Toad-4922.jpg
test,COD10K-CAM-2-Terrestrial-34-Human-1987.jpg,1024x683,546,61.391,tgt,COD10K-CAM-2-Terrestrial-22-Bug-1290.jpg
test,COD10K-CAM-2-Terrestrial-34-Human-1996.jpg,1024x683,546,47.412,tgt,COD10K-CAM-3-Flying-63-Mockingbird-4412.jpg
test,COD10K-CAM-2-Terrestrial-34-Human-2010.jpg,1024x683,546,41.732,tgt,COD10K-CAM-2-Terrestrial-37-Lion-2118.jpg
test,COD10K-CAM-2-Terrestrial-34-Human-2039.jpg,1024x683,546,38.841,tgt,COD10K-CAM-2-Terrestrial-36-Leopard-2075.jpg
test,COD10K-CAM-2-Terrestrial-34-Human-2045.jpg,1024x683,546,45.371,tgt,COD10K-CAM-1-Aquatic-14-ScorpionFish-856.jpg
test,COD10K-CAM-2-Terrestrial-36-Leopard-2066.jpg,1024x683,546,46.451,tgt,COD10K-CAM-1-Aquatic-6-Fish-169.jpg
test,COD10K-CAM-2-Terrestrial-36-Leopard-2067.jpg,1024x683,546,57.693,tgt,COD10K-CAM-3-Flying-59-Grasshopper-3781.jpg
test,COD10K-CAM-2-Terrestrial-36-Leopard-2068.jpg,1024x683,546,30.452,tgt,COD10K-CAM-2-Terrestrial-37-Lion-2118.jpg
test,COD10K-CAM-2-Terrestrial-36-Leopard-2070.jpg,1024x683,546,37.881,tgt,COD10K-CAM-2-Terrestrial-36-Leopard-2075.jpg
test,COD10K-CAM-2-Terrestrial-36-Leopard-2071.jpg,1024x683,546,52.84,tgt,COD10K-CAM-2-Terrestrial-46-StickInsect-2855.jpg
test,COD10K-CAM-2-Terrestrial-36-Leopard-2077.jpg,1024x683,546,40.25,tgt,COD10K-CAM-3-Flying-66-Owlfly-4675.jpg
test,COD10K-CAM-2-Terrestrial-36-Leopard-2082.jpg,1024x683,546,61.177,tgt,COD10K-CAM-2-Terrestrial-45-Spider-2675.jpg
test,COD10K-CAM-2-Terrestrial-36-Leopard-2092.jpg,1024x683,546,24.462,tgt,COD10K-CAM-4-Amphibian-68-Toad-4922.jpg
test,COD10K-CAM-2-Terrestrial-36-Leopard-2101.jpg,1024x683,546,38.606,tgt,COD10K-CAM-2-Terrestrial-36-Leopard-2075.jpg
test,COD10K-CAM-2-Terrestrial-37-Lion-2112.jpg,1024x683,546,38.586,tgt,COD10K-CAM-2-Terrestrial-45-Spider-2530.jpg
test,COD10K-CAM-2-Terrestrial-37-Lion-2113.jpg,1024x683,546,42.657,tgt,COD10K-CAM-2-Terrestrial-34-Human-2032.jpg
test,COD10K-CAM-2-Terrestrial-38-Lizard-2141.jpg,1024x683,546,38.18,tgt,COD10K-CAM-1-Aquatic-13-Pipefish-674.jpg
test,COD10K-CAM-2-Terrestrial-38-Lizard-2153.jpg,1024x683,546,51.073,tgt,COD10K-CAM-2-Terrestrial-37-Lion-2117.jpg
test,COD10K-CAM-2-Terrestrial-38-Lizard-2213.jpg,1024x683,546,36.291,tgt,COD10K-CAM-3-Flying-61-Katydid-4089.jpg
test,COD10K-CAM-2-Terrestrial-38-Lizard-2224.jpg,1024x683,546,60.306,tgt,COD10K-CAM-3-Flying-59-Grasshopper-3785.jpg
test,COD10K-CAM-2-Terrestrial-38-Lizard-2233.jpg,1024x683,546,64.695,tgt,COD10K-CAM-3-Flying-51-Bee-2980.jpg
test,COD10K-CAM-2-Terrestrial-38-Lizard-2243.jpg,1024x683,546,41.527,tgt,COD10K-CAM-3-Flying-61-Katydid-4055.jpg
test,COD10K-CAM-2-Terrestrial-38-Lizard-2245.jpg,1024x683,546,33.011,tgt,COD10K-CAM-2-Terrestrial-36-Leopard-2075.jpg
test,COD10K-CAM-2-Terrestrial-38-Lizard-2248.jpg,1024x683,546,50.562,tgt,COD10K-CAM-3-Flying-66-Owlfly-4675.jpg
test,COD10K-CAM-2-Terrestrial-38-Lizard-2261.jpg,1024x683,546,52.225,tgt,COD10K-CAM-2-Terrestrial-36-Leopard-2058.jpg
test,COD10K-CAM-2-Terrestrial-38-Lizard-2264.jpg,1024x683,546,47.29,tgt,COD10K-CAM-2-Terrestrial-23-Cat-1373.jpg
test,COD10K-CAM-2-Terrestrial-38-Lizard-2273.jpg,1024x683,546,31.809,tgt,COD10K-CAM-2-Terrestrial-38-Lizard-2277.jpg
test,COD10K-CAM-2-Terrestrial-38-Lizard-2276.jpg,1024x683,546,40.036,tgt,COD10K-CAM-2-Terrestrial-36-Leopard-2084.jpg
test,COD10K-CAM-2-Terrestrial-38-Lizard-2278.jpg,1024x683,546,43.803,tgt,COD10K-CAM-3-Flying-53-Bird-3243.jpg
test,COD10K-CAM-2-Terrestrial-38-Lizard-2279.jpg,1024x683,546,44.061,tgt,COD10K-CAM-5-Other-69-Other-5038.jpg
test,COD10K-CAM-2-Terrestrial-38-Lizard-2285.jpg,1024x683,546,48.35,tgt,COD10K-CAM-1-Aquatic-14-ScorpionFish-856.jpg
test,COD10K-CAM-2-Terrestrial-38-Lizard-2286.jpg,1024x683,546,50.2,tgt,COD10K-CAM-1-Aquatic-14-ScorpionFish-856.jpg
test,COD10K-CAM-2-Terrestrial-38-Lizard-2288.jpg,1024x683,546,46.036,tgt,COD10K-CAM-1-Aquatic-14-ScorpionFish-856.jpg
test,COD10K-CAM-2-Terrestrial-38-Lizard-2294.jpg,1024x683,546,54.056,tgt,COD10K-CAM-1-Aquatic-16-Shrimp-1136.jpg
test,COD10K-CAM-2-Terrestrial-38-Lizard-2295.jpg,1024x683,546,35.014,tgt,COD10K-CAM-3-Flying-64-Moth-4434.jpg
test,COD10K-CAM-2-Terrestrial-38-Lizard-2304.jpg,1024x683,546,42.163,tgt,COD10K-CAM-3-Flying-63-Mockingbird-4415.jpg
test,COD10K-CAM-2-Terrestrial-39-Monkey-2333.jpg,1024x683,546,57.528,tgt,COD10K-CAM-3-Flying-56-Cicada-3506.jpg
test,COD10K-CAM-2-Terrestrial-40-Rabbit-2358.jpg,1024x683,546,41.389,tgt,COD10K-CAM-2-Terrestrial-31-Gecko-1900.jpg
test,COD10K-CAM-2-Terrestrial-40-Rabbit-2366.jpg,1024x683,546,45.048,tgt,COD10K-CAM-2-Terrestrial-23-Cat-1529.jpg
test,COD10K-CAM-2-Terrestrial-40-Rabbit-2369.jpg,1024x683,546,40.62,tgt,COD10K-CAM-1-Aquatic-16-Shrimp-1136.jpg
test,COD10K-CAM-2-Terrestrial-42-Sciuridae-2386.jpg,1024x683,546,55.716,tgt,COD10K-CAM-3-Flying-62-Mantis-4371.jpg
test,COD10K-CAM-2-Terrestrial-42-Sciuridae-2395.jpg,1024x683,546,50.579,tgt,COD10K-CAM-4-Amphibian-68-Toad-4832.jpg
test,COD10K-CAM-2-Terrestrial-44-Snake-2434.jpg,1024x683,546,39.686,tgt,COD10K-CAM-3-Flying-53-Bird-3243.jpg
test,COD10K-CAM-2-Terrestrial-44-Snake-2440.jpg,1024x683,546,48.539,tgt,COD10K-CAM-3-Flying-54-Bittern-3264.jpg
test,COD10K-CAM-2-Terrestrial-44-Snake-2449.jpg,1024x683,546,52.916,tgt,COD10K-CAM-2-Terrestrial-38-Lizard-2331.jpg
test,COD10K-CAM-2-Terrestrial-44-Snake-2454.jpg,1024x683,546,51.925,tgt,COD10K-CAM-3-Flying-56-Cicada-3502.jpg
test,COD10K-CAM-2-Terrestrial-44-Snake-2456.jpg,1024x683,546,46.171,tgt,COD10K-CAM-2-Terrestrial-36-Leopard-2075.jpg
test,COD10K-CAM-2-Terrestrial-44-Snake-2466.jpg,1024x683,546,30.838,tgt,COD10K-CAM-4-Amphibian-67-Frog-4798.jpg
test,COD10K-CAM-2-Terrestrial-44-Snake-2467.jpg,1024x683,546,59.111,tgt,COD10K-CAM-3-Flying-55-Butterfly-3397.jpg
test,COD10K-CAM-2-Terrestrial-44-Snake-2485.jpg,1024x683,546,37.273,tgt,COD10K-CAM-3-Flying-50-Bat-2973.jpg
test,COD10K-CAM-2-Terrestrial-45-Spider-2526.jpg,1024x683,546,44.343,tgt,COD10K-CAM-2-Terrestrial-37-Lion-2118.jpg
test,COD10K-CAM-2-Terrestrial-45-Spider-2529.jpg,1024x683,546,46.914,tgt,COD10K-CAM-3-Flying-60-Heron-3924.jpg
test,COD10K-CAM-2-Terrestrial-45-Spider-2540.jpg,1024x683,546,29.287,tgt,COD10K-CAM-4-Amphibian-68-Toad-4922.jpg
test,COD10K-CAM-2-Terrestrial-45-Spider-2575.jpg,1024x683,546,39.345,tgt,COD10K-CAM-1-Aquatic-14-ScorpionFish-856.jpg
test,COD10K-CAM-2-Terrestrial-45-Spider-2580.jpg,1024x683,546,48.027,tgt,COD10K-CAM-2-Terrestrial-38-Lizard-2128.jpg
test,COD10K-CAM-2-Terrestrial-45-Spider-2581.jpg,1024x683,546,29.628,tgt,COD10K-CAM-2-Terrestrial-37-Lion-2117.jpg
test,COD10K-CAM-2-Terrestrial-45-Spider-2601.jpg,1024x683,546,31.427,tgt,COD10K-CAM-4-Amphibian-68-Toad-4922.jpg
test,COD10K-CAM-2-Terrestrial-45-Spider-2616.jpg,1024x683,546,51.595,tgt,COD10K-CAM-2-Terrestrial-37-Lion-2117.jpg
test,COD10K-CAM-2-Terrestrial-45-Spider-2620.jpg,1024x683,546,33.422,tgt,COD10K-CAM-3-Flying-53-Bird-3153.jpg
test,COD10K-CAM-2-Terrestrial-45-Spider-2626.jpg,1024x683,546,51.637,tgt,COD10K-CAM-2-Terrestrial-37-Lion-2118.jpg
test,COD10K-CAM-2-Terrestrial-45-Spider-2665.jpg,1024x683,546,39.622,tgt,COD10K-CAM-3-Flying-65-Owl-4596.jpg
test,COD10K-CAM-2-Terrestrial-45-Spider-2670.jpg,1024x683,546,45.971,tgt,COD10K-CAM-2-Terrestrial-38-Lizard-2129.jpg
test,COD10K-CAM-2-Terrestrial-45-Spider-2715.jpg,1024x683,546,38.728,tgt,COD10K-CAM-2-Terrestrial-22-Bug-1269.jpg
test,COD10K-CAM-2-Terrestrial-45-Spider-2745.jpg,1024x683,546,46.028,tgt,COD10K-CAM-3-Flying-66-Owlfly-4675.jpg
test,COD10K-CAM-2-Terrestrial-45-Spider-2769.jpg,1024x683,546,53.87,tgt,COD10K-CAM-3-Flying-59-Grasshopper-3781.jpg
test,COD10K-CAM-2-Terrestrial-46-StickInsect-2804.jpg,1024x683,546,30.737,tgt,COD10K-CAM-4-Amphibian-68-Toad-4957.jpg
test,COD10K-CAM-2-Terrestrial-46-StickInsect-2805.jpg,1024x683,546,32.398,tgt,COD10K-CAM-3-Flying-65-Owl-4596.jpg
test,COD10K-CAM-2-Terrestrial-46-StickInsect-2831.jpg,1024x683,546,42.88,tgt,COD10K-CAM-2-Terrestrial-37-Lion-2118.jpg
test,COD10K-CAM-2-Terrestrial-46-StickInsect-2832.jpg,1024x683,546,22.525,tgt,COD10K-CAM-2-Terrestrial-26-Chameleon-1677.jpg
test,COD10K-CAM-2-Terrestrial-46-StickInsect-2841.jpg,1024x683,546,48.07,tgt,COD10K-CAM-3-Flying-56-Cicada-3506.jpg
test,COD10K-CAM-2-Terrestrial-46-StickInsect-2870.jpg,1024x683,546,57.365,tgt,COD10K-CAM-2-Terrestrial-38-Lizard-2277.jpg
test,COD10K-CAM-2-Terrestrial-47-Tiger-2877.jpg,1024x683,546,62.373,tgt,COD10K-CAM-3-Flying-63-Mockingbird-4412.jpg
test,COD10K-CAM-2-Terrestrial-47-Tiger-2883.jpg,1024x683,546,49.626,tgt,COD10K-CAM-3-Flying-63-Mockingbird-4415.jpg
test,COD10K-CAM-2-Terrestrial-47-Tiger-2889.jpg,1024x683,546,44.596,tgt,COD10K-CAM-2-Terrestrial-37-Lion-2117.jpg
test,COD10K-CAM-2-Terrestrial-47-Tiger-2890.jpg,1024x683,546,50.815,tgt,COD10K-CAM-1-Aquatic-15-SeaHorse-971.jpg
test,COD10K-CAM-2-Terrestrial-47-Tiger-2893.jpg,1024x683,546,55.809,tgt,COD10K-CAM-2-Terrestrial-45-Spider-2687.jpg
test,COD10K-CAM-2-Terrestrial-48-Wolf-2916.jpg,1024x683,546,46.324,tgt,COD10K-CAM-1-Aquatic-9-GhostPipefish-321.jpg
test,COD10K-CAM-2-Terrestrial-49-Worm-2929.jpg,1024x683,546,41.391,tgt,COD10K-CAM-2-Terrestrial-21-Ant-1254.jpg
test,COD10K-CAM-2-Terrestrial-49-Worm-2944.jpg,1024x683,546,27.26,tgt,COD10K-CAM-2-Terrestrial-45-Spider-2530.jpg
test,COD10K-CAM-3-Flying-50-Bat-2962.jpg,1024x683,546,39.816,tgt,COD10K-CAM-1-Aquatic-14-ScorpionFish-856.jpg
test,COD10K-CAM-3-Flying-50-Bat-2972.jpg,1024x683,546,46.058,tgt,COD10K-CAM-2-Terrestrial-36-Leopard-2075.jpg
test,COD10K-CAM-3-Flying-50-Bat-2975.jpg,1024x683,546,39.354,tgt,COD10K-CAM-1-Aquatic-14-ScorpionFish-856.jpg
test,COD10K-CAM-3-Flying-51-Bee-2986.jpg,1024x683,546,68.089,tgt,COD10K-CAM-1-Aquatic-4-Crocodile-108.jpg
test,COD10K-CAM-3-Flying-51-Bee-2993.jpg,1024x683,546,45.162,tgt,COD10K-CAM-3-Flying-61-Katydid-4055.jpg
test,COD10K-CAM-3-Flying-51-Bee-2999.jpg,1024x683,546,54.014,tgt,COD10K-CAM-3-Flying-54-Bittern-3272.jpg
test,COD10K-CAM-3-Flying-52-Beetle-3011.jpg,1024x683,546,49.734,tgt,COD10K-CAM-1-Aquatic-15-SeaHorse-1024.jpg
test,COD10K-CAM-3-Flying-53-Bird-3028.jpg,1024x683,546,38.68,tgt,COD10K-CAM-4-Amphibian-67-Frog-4696.jpg
test,COD10K-CAM-3-Flying-53-Bird-3030.jpg,1024x683,546,71.551,tgt,COD10K-CAM-2-Terrestrial-43-Sheep-2423.jpg
test,COD10K-CAM-3-Flying-53-Bird-3054.jpg,1024x683,546,50.756,tgt,COD10K-CAM-3-Flying-66-Owlfly-4675.jpg
test,COD10K-CAM-3-Flying-53-Bird-3105.jpg,1024x683,546,51.212,tgt,COD10K-CAM-1-Aquatic-16-Shrimp-1136.jpg
test,COD10K-CAM-3-Flying-53-Bird-3112.jpg,1024x683,546,48.023,tgt,COD10K-CAM-1-Aquatic-15-SeaHorse-971.jpg
test,COD10K-CAM-3-Flying-53-Bird-3119.jpg,1024x683,546,32.198,tgt,COD10K-CAM-2-Terrestrial-37-Lion-2117.jpg
test,COD10K-CAM-3-Flying-53-Bird-3123.jpg,1024x683,546,50.455,tgt,COD10K-CAM-2-Terrestrial-23-Cat-1366.jpg
test,COD10K-CAM-3-Flying-53-Bird-3150.jpg,1024x683,546,47.2,tgt,COD10K-CAM-2-Terrestrial-45-Spider-2687.jpg
test,COD10K-CAM-3-Flying-53-Bird-3170.jpg,1024x683,546,36.097,tgt,COD10K-CAM-3-Flying-60-Heron-3924.jpg
test,COD10K-CAM-3-Flying-53-Bird-3196.jpg,1024x683,546,48.507,tgt,COD10K-CAM-3-Flying-53-Bird-3153.jpg
test,COD10K-CAM-3-Flying-53-Bird-3236.jpg,1024x683,546,38.352,tgt,COD10K-CAM-3-Flying-56-Cicada-3506.jpg
test,COD10K-CAM-3-Flying-54-Bittern-3284.jpg,1024x683,546,34.053,tgt,COD10K-CAM-2-Terrestrial-36-Leopard-2075.jpg
test,COD10K-CAM-3-Flying-54-Bittern-3288.jpg,1024x683,546,42.77,tgt,COD10K-CAM-3-Flying-63-Mockingbird-4415.jpg
test,COD10K-CAM-3-Flying-55-Butterfly-3322.jpg,1024x683,546,35.015,tgt,COD10K-CAM-1-Aquatic-11-Octopus-434.jpg
test,COD10K-CAM-3-Flying-55-Butterfly-3324.jpg,1024x683,546,41.416,tgt,COD10K-CAM-2-Terrestrial-37-Lion-2118.jpg
test,COD10K-CAM-3-Flying-55-Butterfly-3351.jpg,1024x683,546,34.588,tgt,COD10K-CAM-3-Flying-61-Katydid-4089.jpg
test,COD10K-CAM-3-Flying-55-Butterfly-3354.jpg,1024x683,546,34.11,tgt,COD10K-CAM-3-Flying-61-Katydid-4081.jpg
test,COD10K-CAM-3-Flying-55-Butterfly-3370.jpg,1024x683,546,55.816,tgt,COD10K-CAM-1-Aquatic-9-GhostPipefish-320.jpg
test,COD10K-CAM-3-Flying-55-Butterfly-3389.jpg,1024x683,546,53.742,tgt,COD10K-CAM-3-Flying-59-Grasshopper-3639.jpg
test,COD10K-CAM-3-Flying-55-Butterfly-3390.jpg,1024x683,546,30.866,tgt,COD10K-CAM-2-Terrestrial-45-Spider-2530.jpg
test,COD10K-CAM-3-Flying-55-Butterfly-3406.jpg,1024x683,546,39.185,tgt,COD10K-CAM-3-Flying-53-Bird-3248.jpg
test,COD10K-CAM-3-Flying-55-Butterfly-3434.jpg,1024x683,546,59.587,tgt,COD10K-CAM-1-Aquatic-6-Fish-237.jpg
test,COD10K-CAM-3-Flying-56-Cicada-3480.jpg,1024x683,546,43.099,tgt,COD10K-CAM-3-Flying-65-Owl-4636.jpg
test,COD10K-CAM-3-Flying-56-Cicada-3486.jpg,1024x683,546,37.117,tgt,COD10K-CAM-3-Flying-53-Bird-3153.jpg
test,COD10K-CAM-3-Flying-56-Cicada-3491.jpg,1024x683,546,33.931,tgt,COD10K-CAM-3-Flying-59-Grasshopper-3785.jpg
test,COD10K-CAM-3-Flying-56-Cicada-3494.jpg,1024x683,546,65.695,tgt,COD10K-CAM-3-Flying-53-Bird-3149.jpg
test,COD10K-CAM-3-Flying-56-Cicada-3505.jpg,1024x683,546,16.581,tgt,COD10K-CAM-1-Aquatic-16-Shrimp-1143.jpg
test,COD10K-CAM-3-Flying-56-Cicada-3509.jpg,1024x683,546,41.193,tgt,COD10K-CAM-4-Amphibian-67-Frog-4709.jpg
test,COD10K-CAM-3-Flying-56-Cicada-3535.jpg,1024x683,546,44.129,tgt,COD10K-CAM-2-Terrestrial-45-Spider-2687.jpg
test,COD10K-CAM-3-Flying-56-Cicada-3537.jpg,1024x683,546,45.525,tgt,COD10K-CAM-4-Amphibian-68-Toad-4959.jpg
test,COD10K-CAM-3-Flying-56-Cicada-3542.jpg,1024x683,546,41.045,tgt,COD10K-CAM-2-Terrestrial-31-Gecko-1900.jpg
test,COD10K-CAM-3-Flying-57-Dragonfly-3569.jpg,1024x683,546,53.985,tgt,COD10K-CAM-2-Terrestrial-45-Spider-2687.jpg
test,COD10K-CAM-3-Flying-58-Frogmouth-3598.jpg,1024x683,546,45.126,tgt,COD10K-CAM-3-Flying-53-Bird-3153.jpg
test,COD10K-CAM-3-Flying-59-Grasshopper-3629.jpg,1024x683,546,42.823,tgt,COD10K-CAM-3-Flying-61-Katydid-4055.jpg
test,COD10K-CAM-3-Flying-59-Grasshopper-3636.jpg,1024x683,546,40.15,tgt,COD10K-CAM-3-Flying-60-Heron-3924.jpg
test,COD10K-CAM-3-Flying-59-Grasshopper-3661.jpg,1024x683,546,45.764,tgt,COD10K-CAM-2-Terrestrial-23-Cat-1373.jpg
test,COD10K-CAM-3-Flying-59-Grasshopper-3676.jpg,1024x683,546,44.603,tgt,COD10K-CAM-3-Flying-60-Heron-3924.jpg
test,COD10K-CAM-3-Flying-59-Grasshopper-3683.jpg,1024x683,546,36.911,tgt,COD10K-CAM-2-Terrestrial-45-Spider-2530.jpg
test,COD10K-CAM-3-Flying-59-Grasshopper-3726.jpg,1024x683,546,43.952,tgt,COD10K-CAM-2-Terrestrial-45-Spider-2687.jpg
test,COD10K-CAM-3-Flying-59-Grasshopper-3727.jpg,1024x683,546,37.764,tgt,COD10K-CAM-4-Amphibian-67-Frog-4798.jpg
test,COD10K-CAM-3-Flying-59-Grasshopper-3760.jpg,1024x683,546,52.993,tgt,COD10K-CAM-3-Flying-59-Grasshopper-3616.jpg
test,COD10K-CAM-3-Flying-59-Grasshopper-3775.jpg,1024x683,546,44.408,tgt,COD10K-CAM-2-Terrestrial-23-Cat-1373.jpg
test,COD10K-CAM-3-Flying-59-Grasshopper-3784.jpg,1024x683,546,49.317,tgt,COD10K-CAM-2-Terrestrial-23-Cat-1373.jpg
test,COD10K-CAM-3-Flying-59-Grasshopper-3808.jpg,1024x683,546,50.227,tgt,COD10K-CAM-2-Terrestrial-45-Spider-2530.jpg
test,COD10K-CAM-3-Flying-59-Grasshopper-3810.jpg,1024x683,546,58.656,tgt,COD10K-CAM-2-Terrestrial-45-Spider-2687.jpg
test,COD10K-CAM-3-Flying-59-Grasshopper-3811.jpg,1024x683,546,42.264,tgt,COD10K-CAM-2-Terrestrial-45-Spider-2530.jpg
test,COD10K-CAM-3-Flying-59-Grasshopper-3813.jpg,1024x683,546,39.322,tgt,COD10K-CAM-3-Flying-62-Mantis-4267.jpg
test,COD10K-CAM-3-Flying-59-Grasshopper-3815.jpg,1024x683,546,43.283,tgt,COD10K-CAM-2-Terrestrial-45-Spider-2530.jpg
test,COD10K-CAM-3-Flying-59-Grasshopper-3847.jpg,1024x683,546,34.118,tgt,COD10K-CAM-3-Flying-59-Grasshopper-3785.jpg
test,COD10K-CAM-3-Flying-59-Grasshopper-3863.jpg,1024x683,546,49.442,tgt,COD10K-CAM-3-Flying-56-Cicada-3506.jpg
test,COD10K-CAM-3-Flying-59-Grasshopper-3866.jpg,1024x683,546,45.124,tgt,COD10K-CAM-2-Terrestrial-23-Cat-1439.jpg
test,COD10K-CAM-3-Flying-59-Grasshopper-3875.jpg,1024x683,546,30.439,tgt,COD10K-CAM-4-Amphibian-67-Frog-4762.jpg
test,COD10K-CAM-3-Flying-59-Grasshopper-3876.jpg,1024x683,546,28.564,tgt,COD10K-CAM-2-Terrestrial-45-Spider-2530.jpg
test,COD10K-CAM-3-Flying-59-Grasshopper-3877.jpg,1024x683,546,43.118,tgt,COD10K-CAM-1-Aquatic-11-Octopus-434.jpg
test,COD10K-CAM-3-Flying-60-Heron-3925.jpg,1024x683,546,50.511,tgt,COD10K-CAM-2-Terrestrial-23-Cat-1439.jpg
test,COD10K-CAM-3-Flying-61-Katydid-3949.jpg,1024x683,546,27.935,tgt,COD10K-CAM-4-Amphibian-68-Toad-4922.jpg
test,COD10K-CAM-3-Flying-61-Katydid-3952.jpg,1024x683,546,23.937,tgt,COD10K-CAM-2-Terrestrial-45-Spider-2545.jpg
test,COD10K-CAM-3-Flying-61-Katydid-3983.jpg,1024x683,546,32.527,tgt,COD10K-CAM-1-Aquatic-3-Crab-60.jpg
test,COD10K-CAM-3-Flying-61-Katydid-3993.jpg,1024x683,546,34.987,tgt,COD10K-CAM-3-Flying-53-Bird-3243.jpg
test,COD10K-CAM-3-Flying-61-Katydid-4006.jpg,1024x683,546,49.421,tgt,COD10K-CAM-3-Flying-53-Bird-3193.jpg
test,COD10K-CAM-3-Flying-61-Katydid-4037.jpg,1024x683,546,49.015,tgt,COD10K-CAM-3-Flying-65-Owl-4596.jpg
test,COD10K-CAM-3-Flying-61-Katydid-4073.jpg,1024x683,546,42.628,tgt,COD10K-CAM-4-Amphibian-67-Frog-4798.jpg
test,COD10K-CAM-3-Flying-61-Katydid-4080.jpg,1024x683,546,57.198,tgt,COD10K-CAM-1-Aquatic-14-ScorpionFish-846.jpg
test,COD10K-CAM-3-Flying-61-Katydid-4091.jpg,1024x683,546,49.688,tgt,COD10K-CAM-2-Terrestrial-37-Lion-2118.jpg
test,COD10K-CAM-3-Flying-61-Katydid-4093.jpg,1024x683,546,44.812,tgt,COD10K-CAM-1-Aquatic-14-ScorpionFish-856.jpg
test,COD10K-CAM-3-Flying-61-Katydid-4094.jpg,1024x683,546,38.664,tgt,COD10K-CAM-2-Terrestrial-37-Lion-2118.jpg
test,COD10K-CAM-3-Flying-61-Katydid-4133.jpg,1024x683,546,53.781,tgt,COD10K-CAM-3-Flying-53-Bird-3153.jpg
test,COD10K-CAM-3-Flying-61-Katydid-4205.jpg,1024x683,546,41.812,tgt,COD10K-CAM-3-Flying-60-Heron-3924.jpg
test,COD10K-CAM-3-Flying-61-Katydid-4229.jpg,1024x683,546,33.091,tgt,COD10K-CAM-3-Flying-64-Moth-4434.jpg
test,COD10K-CAM-3-Flying-62-Mantis-4245.jpg,1024x683,546,41.862,tgt,COD10K-CAM-1-Aquatic-15-SeaHorse-974.jpg
test,COD10K-CAM-3-Flying-62-Mantis-4248.jpg,1024x683,546,46.015,tgt,COD10K-CAM-1-Aquatic-15-SeaHorse-971.jpg
test,COD10K-CAM-3-Flying-62-Mantis-4253.jpg,1024x683,546,42.571,tgt,COD10K-CAM-3-Flying-54-Bittern-3264.jpg
test,COD10K-CAM-3-Flying-62-Mantis-4258.jpg,1024x683,546,47.446,tgt,COD10K-CAM-2-Terrestrial-37-Lion-2117.jpg
test,COD10K-CAM-3-Flying-62-Mantis-4285.jpg,1024x683,546,48.406,tgt,COD10K-CAM-1-Aquatic-14-ScorpionFish-856.jpg
test,COD10K-CAM-3-Flying-62-Mantis-4301.jpg,1024x683,546,25.015,tgt,COD10K-CAM-2-Terrestrial-45-Spider-2545.jpg
test,COD10K-CAM-3-Flying-62-Mantis-4313.jpg,1024x683,546,33.017,tgt,COD10K-CAM-2-Terrestrial-45-Spider-2530.jpg
test,COD10K-CAM-3-Flying-62-Mantis-4321.jpg,1024x683,546,41.128,tgt,COD10K-CAM-3-Flying-60-Heron-3924.jpg
test,COD10K-CAM-3-Flying-62-Mantis-4382.jpg,1024x683,546,44.501,tgt,COD10K-CAM-4-Amphibian-67-Frog-4792.jpg
test,COD10K-CAM-3-Flying-63-Mockingbird-4408.jpg,1024x683,546,50.376,tgt,COD10K-CAM-2-Terrestrial-45-Spider-2687.jpg
test,COD10K-CAM-3-Flying-63-Mockingbird-4409.jpg,1024x683,546,43.687,tgt,COD10K-CAM-2-Terrestrial-45-Spider-2530.jpg
test,COD10K-CAM-3-Flying-63-Mockingbird-4417.jpg,1024x683,546,63.546,tgt,COD10K-CAM-2-Terrestrial-22-Bug-1269.jpg
test,COD10K-CAM-3-Flying-64-Moth-4433.jpg,1024x683,546,41.344,tgt,COD10K-CAM-3-Flying-53-Bird-3153.jpg
test,COD10K-CAM-3-Flying-64-Moth-4446.jpg,1024x683,546,36.648,tgt,COD10K-CAM-4-Amphibian-68-Toad-4957.jpg
test,COD10K-CAM-3-Flying-64-Moth-4454.jpg,1024x683,546,41.952,tgt,COD10K-CAM-1-Aquatic-16-Shrimp-1144.jpg
test,COD10K-CAM-3-Flying-64-Moth-4473.jpg,1024x683,546,49.087,tgt,COD10K-CAM-1-Aquatic-13-Pipefish-791.jpg
test,COD10K-CAM-3-Flying-64-Moth-4479.jpg,1024x683,546,36.855,tgt,COD10K-CAM-2-Terrestrial-45-Spider-2530.jpg
test,COD10K-CAM-3-Flying-64-Moth-4489.jpg,1024x683,546,72.56,tgt,COD10K-CAM-2-Terrestrial-24-Caterpillar-1573.jpg
test,COD10K-CAM-3-Flying-64-Moth-4499.jpg,1024x683,546,45.347,tgt,COD10K-CAM-2-Terrestrial-45-Spider-2687.jpg
test,COD10K-CAM-3-Flying-65-Owl-4519.jpg,1024x683,546,42.015,tgt,COD10K-CAM-2-Terrestrial-22-Bug-1269.jpg
test,COD10K-CAM-3-Flying-65-Owl-4528.jpg,1024x683,546,48.219,tgt,COD10K-CAM-3-Flying-54-Bittern-3264.jpg
test,COD10K-CAM-3-Flying-65-Owl-4529.jpg,1024x683,546,49.146,tgt,COD10K-CAM-2-Terrestrial-36-Leopard-2084.jpg
test,COD10K-CAM-3-Flying-65-Owl-4533.jpg,1024x683,546,56.832,tgt,COD10K-CAM-4-Amphibian-67-Frog-4709.jpg
test,COD10K-CAM-3-Flying-65-Owl-4563.jpg,1024x683,546,36.202,tgt,COD10K-CAM-3-Flying-53-Bird-3243.jpg
test,COD10K-CAM-3-Flying-65-Owl-4591.jpg,1024x683,546,36.409,tgt,COD10K-CAM-4-Amphibian-68-Toad-4957.jpg
test,COD10K-CAM-3-Flying-65-Owl-4635.jpg,1024x683,546,39.552,tgt,COD10K-CAM-2-Terrestrial-37-Lion-2117.jpg
test,COD10K-CAM-3-Flying-65-Owl-4646.jpg,1024x683,546,32.219,tgt,COD10K-CAM-4-Amphibian-68-Toad-4922.jpg
test,COD10K-CAM-3-Flying-65-Owl-4650.jpg,1024x683,546,46.521,tgt,COD10K-CAM-4-Amphibian-67-Frog-4696.jpg
test,COD10K-CAM-3-Flying-65-Owl-4654.jpg,1024x683,546,20.986,tgt,COD10K-CAM-4-Amphibian-68-Toad-4922.jpg
test,COD10K-CAM-3-Flying-65-Owl-4660.jpg,1024x683,546,22.103,tgt,COD10K-CAM-4-Amphibian-68-Toad-4922.jpg
test,COD10K-CAM-3-Flying-66-Owlfly-4666.jpg,1024x683,546,48.341,tgt,COD10K-CAM-1-Aquatic-3-Crab-60.jpg
test,COD10K-CAM-3-Flying-66-Owlfly-4674.jpg,1024x683,546,47.093,tgt,COD10K-CAM-2-Terrestrial-23-Cat-1323.jpg
test,COD10K-CAM-4-Amphibian-67-Frog-4711.jpg,1024x683,546,46.661,tgt,COD10K-CAM-2-Terrestrial-23-Cat-1373.jpg
test,COD10K-CAM-4-Amphibian-67-Frog-4719.jpg,1024x683,546,47.382,tgt,COD10K-CAM-3-Flying-60-Heron-3896.jpg
test,COD10K-CAM-4-Amphibian-67-Frog-4763.jpg,1024x683,546,22.611,tgt,COD10K-CAM-2-Terrestrial-45-Spider-2545.jpg
test,COD10K-CAM-4-Amphibian-67-Frog-4764.jpg,1024x683,546,30.7,tgt,COD10K-CAM-1-Aquatic-6-Fish-214.jpg
test,COD10K-CAM-4-Amphibian-67-Frog-4773.jpg,1024x683,546,26.375,tgt,COD10K-CAM-4-Amphibian-68-Toad-4922.jpg
test,COD10K-CAM-4-Amphibian-67-Frog-4774.jpg,1024x683,546,21.522,tgt,COD10K-CAM-2-Terrestrial-26-Chameleon-1677.jpg
test,COD10K-CAM-4-Amphibian-67-Frog-4782.jpg,1024x683,546,36.438,tgt,COD10K-CAM-3-Flying-61-Katydid-4089.jpg
test,COD10K-CAM-4-Amphibian-67-Frog-4795.jpg,1024x683,546,38.641,tgt,COD10K-CAM-3-Flying-53-Bird-3153.jpg
test,COD10K-CAM-4-Amphibian-68-Toad-4821.jpg,1024x683,546,31.733,tgt,COD10K-CAM-4-Amphibian-68-Toad-4959.jpg
test,COD10K-CAM-4-Amphibian-68-Toad-4831.jpg,1024x683,546,50.675,tgt,COD10K-CAM-2-Terrestrial-36-Leopard-2075.jpg
test,COD10K-CAM-4-Amphibian-68-Toad-4839.jpg,1024x683,546,39.613,tgt,COD10K-CAM-4-Amphibian-68-Toad-4833.jpg
test,COD10K-CAM-4-Amphibian-68-Toad-4850.jpg,1024x683,546,33.702,tgt,COD10K-CAM-3-Flying-53-Bird-3243.jpg
test,COD10K-CAM-4-Amphibian-68-Toad-4856.jpg,1024x683,546,40.975,tgt,COD10K-CAM-2-Terrestrial-37-Lion-2118.jpg
test,COD10K-CAM-4-Amphibian-68-Toad-4867.jpg,1024x683,546,40.035,tgt,COD10K-CAM-4-Amphibian-68-Toad-4833.jpg
test,COD10K-CAM-4-Amphibian-68-Toad-4872.jpg,1024x683,546,47.141,tgt,COD10K-CAM-2-Terrestrial-38-Lizard-2306.jpg
test,COD10K-CAM-4-Amphibian-68-Toad-4877.jpg,1024x683,546,54.244,tgt,COD10K-CAM-3-Flying-53-Bird-3153.jpg
test,COD10K-CAM-4-Amphibian-68-Toad-4881.jpg,1024x683,546,42.662,tgt,COD10K-CAM-2-Terrestrial-38-Lizard-2280.jpg
test,COD10K-CAM-4-Amphibian-68-Toad-4904.jpg,1024x683,546,32.958,tgt,COD10K-CAM-3-Flying-53-Bird-3153.jpg
test,COD10K-CAM-4-Amphibian-68-Toad-4908.jpg,1024x683,546,47.556,tgt,COD10K-CAM-3-Flying-64-Moth-4464.jpg
test,COD10K-CAM-4-Amphibian-68-Toad-4914.jpg,1024x683,546,46.177,tgt,COD10K-CAM-1-Aquatic-15-SeaHorse-974.jpg
test,COD10K-CAM-4-Amphibian-68-Toad-4917.jpg,1024x683,546,33.062,tgt,COD10K-CAM-1-Aquatic-16-Shrimp-1136.jpg
test,COD10K-CAM-4-Amphibian-68-Toad-4936.jpg,1024x683,546,33.565,tgt,COD10K-CAM-4-Amphibian-68-Toad-4922.jpg
test,COD10K-CAM-4-Amphibian-68-Toad-4938.jpg,1024x683,546,63.458,tgt,COD10K-CAM-2-Terrestrial-38-Lizard-2275.jpg
test,COD10K-CAM-4-Amphibian-68-Toad-4945.jpg,1024x683,546,45.103,tgt,COD10K-CAM-4-Amphibian-67-Frog-4709.jpg
test,COD10K-CAM-4-Amphibian-68-Toad-4977.jpg,1024x683,546,18.108,tgt,COD10K-CAM-4-Amphibian-68-Toad-4922.jpg
test,COD10K-CAM-4-Amphibian-68-Toad-4995.jpg,1024x683,546,28.552,tgt,COD10K-CAM-4-Amphibian-67-Frog-4798.jpg
test,COD10K-CAM-4-Amphibian-68-Toad-4997.jpg,1024x683,546,52.257,tgt,COD10K-CAM-2-Terrestrial-38-Lizard-2306.jpg
test,COD10K-CAM-4-Amphibian-68-Toad-5006.jpg,1024x683,546,40.466,tgt,COD10K-CAM-2-Terrestrial-37-Lion-2118.jpg
test,COD10K-CAM-5-Other-69-Other-5037.jpg,1024x683,546,43.802,tgt,COD10K-CAM-3-Flying-65-Owl-4596.jpg
test,COD10K-CAM-5-Other-69-Other-5043.jpg,1024x683,546,57.446,tgt,COD10K-CAM-2-Terrestrial-37-Lion-2117.jpg
test,COD10K-CAM-5-Other-69-Other-5059.jpg,1024x683,546,35.273,tgt,COD10K-CAM-2-Terrestrial-37-Lion-2117.jpg
test,COD10K-CAM-5-Other-69-Other-5062.jpg,1024x683,546,61.888,tgt,COD10K-CAM-2-Terrestrial-37-Lion-2117.jpg
test,COD10K-CAM-5-Other-69-Other-5063.jpg,1024x683,546,55.557,tgt,COD10K-CAM-3-Flying-54-Bittern-3264.jpg
test,COD10K-CAM-1-Aquatic-11-Octopus-471.jpg,1024x654,5,77.239,tgt,COD10K-CAM-3-Flying-61-Katydid-4140.jpg
test,COD10K-CAM-1-Aquatic-9-GhostPipefish-382.jpg,1024x770,1,57.366,tgt,COD10K-CAM-1-Aquatic-11-Octopus-446.jpg
test,COD10K-CAM-2-Terrestrial-38-Lizard-2204.jpg,1024x770,1,96.022,tgt,COD10K-CAM-1-Aquatic-11-Octopus-446.jpg
test,COD10K-CAM-1-Aquatic-13-Pipefish-573.jpg,768x1024,59,44.275,tgt,COD10K-CAM-2-Terrestrial-45-Spider-2642.jpg
test,COD10K-CAM-1-Aquatic-13-Pipefish-631.jpg,768x1024,59,51.99,tgt,COD10K-CAM-3-Flying-62-Mantis-4294.jpg
test,COD10K-CAM-1-Aquatic-13-Pipefish-661.jpg,768x1024,59,59.65,tgt,COD10K-CAM-3-Flying-55-Butterfly-3305.jpg
test,COD10K-CAM-1-Aquatic-13-Pipefish-730.jpg,768x1024,59,47.176,tgt,COD10K-CAM-1-Aquatic-13-Pipefish-738.jpg
test,COD10K-CAM-1-Aquatic-13-Pipefish-774.jpg,768x1024,59,59.288,tgt,COD10K-CAM-3-Flying-53-Bird-3169.jpg
test,COD10K-CAM-1-Aquatic-13-Pipefish-843.jpg,768x1024,59,50.365,tgt,COD10K-CAM-1-Aquatic-6-Fish-153.jpg
test,COD10K-CAM-1-Aquatic-15-SeaHorse-1105.jpg,768x1024,59,52.401,tgt,COD10K-CAM-1-Aquatic-15-SeaHorse-1040.jpg
test,COD10K-CAM-1-Aquatic-15-SeaHorse-963.jpg,768x1024,59,64.921,tgt,COD10K-CAM-1-Aquatic-9-GhostPipefish-408.jpg
test,COD10K-CAM-1-Aquatic-3-Crab-58.jpg,768x1024,59,54.742,tgt,COD10K-CAM-1-Aquatic-6-Fish-153.jpg
test,COD10K-CAM-1-Aquatic-5-CrocodileFish-126.jpg,768x1024,59,47.162,tgt,COD10K-CAM-3-Flying-60-Heron-3899.jpg
test,COD10K-CAM-1-Aquatic-6-Fish-225.jpg,768x1024,59,49.254,tgt,COD10K-CAM-3-Flying-61-Katydid-4239.jpg
test,COD10K-CAM-1-Aquatic-7-Flounder-259.jpg,768x1024,59,65.663,tgt,COD10K-CAM-1-Aquatic-13-Pipefish-586.jpg
test,COD10K-CAM-1-Aquatic-8-FrogFish-303.jpg,768x1024,59,61.809,tgt,COD10K-CAM-1-Aquatic-15-SeaHorse-1040.jpg
test,COD10K-CAM-1-Aquatic-9-GhostPipefish-333.jpg,768x1024,59,54.055,tgt,COD10K-CAM-2-Terrestrial-23-Cat-1447.jpg
test,COD10K-CAM-1-Aquatic-9-GhostPipefish-359.jpg,768x1024,59,53.889,tgt,COD10K-CAM-1-Aquatic-13-Pipefish-805.jpg
test,COD10K-CAM-1-Aquatic-9-GhostPipefish-384.jpg,768x1024,59,35.341,tgt,COD10K-CAM-2-Terrestrial-29-Dog-1824.jpg
test,COD10K-CAM-1-Aquatic-9-GhostPipefish-406.jpg,768x1024,59,42.104,tgt,COD10K-CAM-2-Terrestrial-29-Dog-1824.jpg
test,COD10K-CAM-2-Terrestrial-21-Ant-1249.jpg,768x1024,59,56.944,tgt,COD10K-CAM-3-Flying-54-Bittern-3273.jpg
test,COD10K-CAM-2-Terrestrial-23-Cat-1325.jpg,768x1024,59,50.406,tgt,COD10K-CAM-4-Amphibian-68-Toad-4932.jpg
test,COD10K-CAM-2-Terrestrial-23-Cat-1377.jpg,768x1024,59,59.984,tgt,COD10K-CAM-1-Aquatic-6-Fish-153.jpg
test,COD10K-CAM-2-Terrestrial-23-Cat-1510.jpg,768x1024,59,49.4,tgt,COD10K-CAM-4-Amphibian-68-Toad-4834.jpg
test,COD10K-CAM-2-Terrestrial-23-Cat-1534.jpg,768x1024,59,61.548,tgt,COD10K-CAM-3-Flying-53-Bird-3169.jpg
test,COD10K-CAM-2-Terrestrial-24-Caterpillar-1602.jpg,768x1024,59,58.888,tgt,COD10K-CAM-1-Aquatic-9-GhostPipefish-408.jpg
test,COD10K-CAM-2-Terrestrial-26-Chameleon-1713.jpg,768x1024,59,53.067,tgt,COD10K-CAM-2-Terrestrial-34-Human-1968.jpg
test,COD10K-CAM-2-Terrestrial-29-Dog-1827.jpg,768x1024,59,61.089,tgt,COD10K-CAM-2-Terrestrial-23-Cat-1305.jpg
test,COD10K-CAM-2-Terrestrial-29-Dog-1836.jpg,768x1024,59,53.135,tgt,COD10K-CAM-1-Aquatic-13-Pipefish-692.jpg
test,COD10K-CAM-2-Terrestrial-34-Human-1980.jpg,768x1024,59,53.267,tgt,COD10K-CAM-1-Aquatic-13-Pipefish-725.jpg
test,COD10K-CAM-2-Terrestrial-42-Sciuridae-2408.jpg,768x1024,59,47.769,tgt,COD10K-CAM-2-Terrestrial-23-Cat-1447.jpg
test,COD10K-CAM-2-Terrestrial-45-Spider-2593.jpg,768x1024,59,76.102,tgt,COD10K-CAM-3-Flying-54-Bittern-3273.jpg
test,COD10K-CAM-2-Terrestrial-45-Spider-2603.jpg,768x1024,59,55.544,tgt,COD10K-CAM-4-Amphibian-68-Toad-4932.jpg
test,COD10K-CAM-3-Flying-53-Bird-3121.jpg,768x1024,59,47.944,tgt,COD10K-CAM-1-Aquatic-3-Crab-41.jpg
test,COD10K-CAM-3-Flying-55-Butterfly-3303.jpg,768x1024,59,48.209,tgt,COD10K-CAM-3-Flying-62-Mantis-4294.jpg
test,COD10K-CAM-3-Flying-55-Butterfly-3418.jpg,768x1024,59,38.773,tgt,COD10K-CAM-2-Terrestrial-45-Spider-2642.jpg
test,COD10K-CAM-3-Flying-56-Cicada-3483.jpg,768x1024,59,61.523,tgt,COD10K-CAM-1-Aquatic-15-SeaHorse-1040.jpg
test,COD10K-CAM-3-Flying-59-Grasshopper-3707.jpg,768x1024,59,46.45,tgt,COD10K-CAM-3-Flying-54-Bittern-3273.jpg
test,COD10K-CAM-3-Flying-59-Grasshopper-3714.jpg,768x1024,59,79.849,tgt,COD10K-CAM-4-Amphibian-68-Toad-4932.jpg
test,COD10K-CAM-3-Flying-62-Mantis-4342.jpg,768x1024,59,74.422,tgt,COD10K-CAM-2-Terrestrial-34-Human-1968.jpg
test,COD10K-CAM-3-Flying-65-Owl-4611.jpg,768x1024,59,54.288,tgt,COD10K-CAM-1-Aquatic-11-Octopus-448.jpg
test,COD10K-CAM-4-Amphibian-68-Toad-4950.jpg,768x1024,59,61.727,tgt,COD10K-CAM-3-Flying-60-Heron-3899.jpg
test,COD10K-CAM-4-Amphibian-68-Toad-4968.jpg,768x1024,59,72.827,tgt,COD10K-CAM-4-Amphibian-68-Toad-4932.jpg
test,COD10K-CAM-4-Amphibian-68-Toad-5002.jpg,768x1024,59,65.823,tgt,COD10K-CAM-1-Aquatic-6-Fish-153.jpg
test,COD10K-CAM-1-Aquatic-11-Octopus-444.jpg,640x480,24,42.671,tgt,camourflage_00119.jpg
test,COD10K-CAM-1-Aquatic-11-Octopus-445.jpg,640x480,24,36.366,tgt,COD10K-CAM-1-Aquatic-11-Octopus-449.jpg
test,COD10K-CAM-2-Terrestrial-23-Cat-1451.jpg,640x480,24,44.659,tgt,COD10K-CAM-1-Aquatic-11-Octopus-449.jpg
test,COD10K-CAM-2-Terrestrial-23-Cat-1481.jpg,640x480,24,49.214,tgt,COD10K-CAM-1-Aquatic-11-Octopus-449.jpg
test,COD10K-CAM-2-Terrestrial-38-Lizard-2316.jpg,640x480,24,47.968,tgt,COD10K-CAM-1-Aquatic-11-Octopus-449.jpg
test,COD10K-CAM-2-Terrestrial-41-Reccoon-2374.jpg,640x480,24,55.626,tgt,camourflage_00119.jpg
test,COD10K-CAM-2-Terrestrial-45-Spider-2653.jpg,640x480,24,60.431,tgt,camourflage_00119.jpg
test,COD10K-CAM-2-Terrestrial-45-Spider-2754.jpg,640x480,24,61.98,tgt,camourflage_00119.jpg
test,COD10K-CAM-3-Flying-53-Bird-3245.jpg,640x480,24,53.827,tgt,COD10K-CAM-3-Flying-59-Grasshopper-3667.jpg
test,COD10K-CAM-3-Flying-62-Mantis-4350.jpg,640x480,24,46.54,tgt,COD10K-CAM-2-Terrestrial-30-Duck-1877.jpg
test,COD10K-CAM-3-Flying-61-Katydid-4068.jpg,1024x637,2,81.956,tgt,COD10K-CAM-1-Aquatic-11-Octopus-461.jpg
test,COD10K-CAM-3-Flying-61-Katydid-4112.jpg,1024x637,2,71.883,tgt,COD10K-CAM-1-Aquatic-11-Octopus-461.jpg
test,COD10K-CAM-1-Aquatic-11-Octopus-458.jpg,683x1024,85,52.12,tgt,COD10K-CAM-3-Flying-62-Mantis-4335.jpg
test,COD10K-CAM-1-Aquatic-12-Pagurian-483.jpg,683x1024,85,56.835,tgt,COD10K-CAM-3-Flying-62-Mantis-4348.jpg
test,COD10K-CAM-1-Aquatic-13-Pipefish-642.jpg,683x1024,85,48.509,tgt,COD10K-CAM-2-Terrestrial-32-Giraffe-1946.jpg
test,COD10K-CAM-1-Aquatic-13-Pipefish-728.jpg,683x1024,85,36.296,tgt,COD10K-CAM-3-Flying-61-Katydid-3941.jpg
test,COD10K-CAM-1-Aquatic-14-ScorpionFish-855.jpg,683x1024,85,36.551,tgt,COD10K-CAM-1-Aquatic-9-GhostPipefish-413.jpg
test,COD10K-CAM-1-Aquatic-15-SeaHorse-1099.jpg,683x1024,85,71.033,tgt,COD10K-CAM-3-Flying-64-Moth-4438.jpg
test,COD10K-CAM-1-Aquatic-18-StarFish-1164.jpg,683x1024,85,38.651,tgt,COD10K-CAM-2-Terrestrial-24-Caterpillar-1563.jpg
test,COD10K-CAM-1-Aquatic-6-Fish-189.jpg,683x1024,85,48.939,tgt,COD10K-CAM-3-Flying-64-Moth-4438.jpg
test,COD10K-CAM-1-Aquatic-6-Fish-196.jpg,683x1024,85,64.57,tgt,COD10K-CAM-2-Terrestrial-45-Spider-2533.jpg
test,COD10K-CAM-1-Aquatic-6-Fish-197.jpg,683x1024,85,70.628,tgt,COD10K-CAM-3-Flying-54-Bittern-3253.jpg
test,COD10K-CAM-1-Aquatic-9-GhostPipefish-322.jpg,683x1024,85,50.661,tgt,COD10K-CAM-1-Aquatic-9-GhostPipefish-413.jpg
test,COD10K-CAM-1-Aquatic-9-GhostPipefish-323.jpg,683x1024,85,52.111,tgt,COD10K-CAM-3-Flying-50-Bat-2961.jpg
test,COD10K-CAM-1-Aquatic-9-GhostPipefish-411.jpg,683x1024,85,35.128,tgt,COD10K-CAM-1-Aquatic-6-Fish-216.jpg
test,COD10K-CAM-2-Terrestrial-22-Bug-1274.jpg,683x1024,85,32.94,tgt,COD10K-CAM-3-Flying-61-Katydid-3941.jpg
test,COD10K-CAM-2-Terrestrial-22-Bug-1291.jpg,683x1024,85,31.825,tgt,COD10K-CAM-3-Flying-50-Bat-2961.jpg
test,COD10K-CAM-2-Terrestrial-24-Caterpillar-1581.jpg,683x1024,85,45.596,tgt,COD10K-CAM-3-Flying-61-Katydid-4194.jpg
test,COD10K-CAM-2-Terrestrial-25-Centipede-1663.jpg,683x1024,85,34.662,tgt,COD10K-CAM-3-Flying-50-Bat-2961.jpg
test,COD10K-CAM-2-Terrestrial-26-Chameleon-1706.jpg,683x1024,85,43.556,tgt,COD10K-CAM-3-Flying-61-Katydid-4194.jpg
test,COD10K-CAM-2-Terrestrial-29-Dog-1805.jpg,683x1024,85,48.226,tgt,COD10K-CAM-2-Terrestrial-24-Caterpillar-1636.jpg
test,COD10K-CAM-2-Terrestrial-31-Gecko-1893.jpg,683x1024,85,54.327,tgt,COD10K-CAM-1-Aquatic-9-GhostPipefish-413.jpg
test,COD10K-CAM-2-Terrestrial-31-Gecko-1901.jpg,683x1024,85,52.754,tgt,COD10K-CAM-3-Flying-64-Moth-4438.jpg
test,COD10K-CAM-2-Terrestrial-34-Human-1991.jpg,683x1024,85,7.999,tgt,COD10K-CAM-2-Terrestrial-46-StickInsect-2826.jpg
test,COD10K-CAM-2-Terrestrial-34-Human-2013.jpg,683x1024,85,37.157,tgt,COD10K-CAM-3-Flying-50-Bat-2961.jpg
test,COD10K-CAM-2-Terrestrial-38-Lizard-2138.jpg,683x1024,85,35.056,tgt,COD10K-CAM-2-Terrestrial-24-Caterpillar-1555.jpg
test,COD10K-CAM-2-Terrestrial-45-Spider-2730.jpg,683x1024,85,51.808,tgt,COD10K-CAM-2-Terrestrial-46-StickInsect-2828.jpg
test,COD10K-CAM-2-Terrestrial-46-StickInsect-2815.jpg,683x1024,85,24.744,tgt,COD10K-CAM-3-Flying-50-Bat-2961.jpg
test,COD10K-CAM-3-Flying-53-Bird-3221.jpg,683x1024,85,52.956,tgt,COD10K-CAM-3-Flying-62-Mantis-4335.jpg
test,COD10K-CAM-3-Flying-56-Cicada-3440.jpg,683x1024,85,40.369,tgt,COD10K-CAM-3-Flying-62-Mantis-4335.jpg
test,COD10K-CAM-3-Flying-57-Dragonfly-3593.jpg,683x1024,85,37.488,tgt,COD10K-CAM-3-Flying-61-Katydid-3941.jpg
test,COD10K-CAM-3-Flying-59-Grasshopper-3764.jpg,683x1024,85,47.153,tgt,COD10K-CAM-3-Flying-62-Mantis-4348.jpg
test,COD10K-CAM-3-Flying-59-Grasshopper-3769.jpg,683x1024,85,40.825,tgt,COD10K-CAM-3-Flying-61-Katydid-3941.jpg
test,COD10K-CAM-3-Flying-59-Grasshopper-3777.jpg,683x1024,85,32.424,tgt,COD10K-CAM-2-Terrestrial-24-Caterpillar-1636.jpg
test,COD10K-CAM-3-Flying-59-Grasshopper-3780.jpg,683x1024,85,45.281,tgt,COD10K-CAM-1-Aquatic-15-SeaHorse-965.jpg
test,COD10K-CAM-3-Flying-59-Grasshopper-3850.jpg,683x1024,85,43.432,tgt,COD10K-CAM-2-Terrestrial-24-Caterpillar-1555.jpg
test,COD10K-CAM-3-Flying-60-Heron-3895.jpg,683x1024,85,55.728,tgt,COD10K-CAM-2-Terrestrial-24-Caterpillar-1636.jpg
test,COD10K-CAM-3-Flying-60-Heron-3909.jpg,683x1024,85,42.484,tgt,COD10K-CAM-3-Flying-61-Katydid-3941.jpg
test,COD10K-CAM-3-Flying-60-Heron-3927.jpg,683x1024,85,58.674,tgt,COD10K-CAM-1-Aquatic-15-SeaHorse-965.jpg
test,COD10K-CAM-3-Flying-61-Katydid-3939.jpg,683x1024,85,36.668,tgt,COD10K-CAM-2-Terrestrial-22-Bug-1287.jpg
test,COD10K-CAM-3-Flying-61-Katydid-4014.jpg,683x1024,85,53.907,tgt,COD10K-CAM-3-Flying-62-Mantis-4332.jpg
test,COD10K-CAM-3-Flying-61-Katydid-4063.jpg,683x1024,85,33.512,tgt,COD10K-CAM-3-Flying-50-Bat-2961.jpg
test,COD10K-CAM-3-Flying-62-Mantis-4270.jpg,683x1024,85,18.667,tgt,COD10K-CAM-3-Flying-50-Bat-2961.jpg
test,COD10K-CAM-3-Flying-62-Mantis-4310.jpg,683x1024,85,23.069,tgt,COD10K-CAM-3-Flying-50-Bat-2961.jpg
test,COD10K-CAM-3-Flying-62-Mantis-4319.jpg,683x1024,85,26.837,tgt,COD10K-CAM-3-Flying-62-Mantis-4335.jpg
test,COD10K-CAM-3-Flying-64-Moth-4483.jpg,683x1024,85,51.476,tgt,COD10K-CAM-2-Terrestrial-45-Spider-2516.jpg
test,COD10K-CAM-3-Flying-65-Owl-4520.jpg,683x1024,85,66.839,tgt,COD10K-CAM-2-Terrestrial-24-Caterpillar-1555.jpg
test,COD10K-CAM-1-Aquatic-14-ScorpionFish-869.jpg,1024x633,6,45.875,tgt,COD10K-CAM-3-Flying-59-Grasshopper-3867.jpg
test,COD10K-CAM-3-Flying-53-Bird-3024.jpg,1024x633,6,58.354,tgt,COD10K-CAM-3-Flying-59-Grasshopper-3867.jpg
test,COD10K-CAM-1-Aquatic-13-Pipefish-488.jpg,682x969,1,86.292,tgt,COD10K-CAM-1-Aquatic-13-Pipefish-489.jpg
test,COD10K-CAM-1-Aquatic-13-Pipefish-582.jpg,1024x682,35,67.654,tgt,COD10K-CAM-2-Terrestrial-40-Rabbit-2342.jpg
test,COD10K-CAM-1-Aquatic-13-Pipefish-636.jpg,1024x682,35,34.184,tgt,COD10K-CAM-1-Aquatic-6-Fish-226.jpg
test,COD10K-CAM-1-Aquatic-13-Pipefish-836.jpg,1024x682,35,54.219,tgt,COD10K-CAM-1-Aquatic-6-Fish-226.jpg
test,COD10K-CAM-1-Aquatic-13-Pipefish-837.jpg,1024x682,35,48.042,tgt,COD10K-CAM-2-Terrestrial-40-Rabbit-2342.jpg
test,COD10K-CAM-1-Aquatic-15-SeaHorse-1004.jpg,1024x682,35,26.888,tgt,COD10K-CAM-1-Aquatic-13-Pipefish-687.jpg
test,COD10K-CAM-1-Aquatic-6-Fish-215.jpg,1024x682,35,54.691,tgt,COD10K-CAM-3-Flying-56-Cicada-3538.jpg
test,COD10K-CAM-2-Terrestrial-23-Cat-1449.jpg,1024x682,35,36.468,tgt,COD10K-CAM-1-Aquatic-13-Pipefish-687.jpg
test,COD10K-CAM-2-Terrestrial-29-Dog-1856.jpg,1024x682,35,58.26,tgt,COD10K-CAM-1-Aquatic-6-Fish-188.jpg
test,COD10K-CAM-3-Flying-55-Butterfly-3359.jpg,1024x682,35,52.333,tgt,COD10K-CAM-1-Aquatic-7-Flounder-255.jpg
test,COD10K-CAM-3-Flying-56-Cicada-3510.jpg,1024x682,35,43.672,tgt,COD10K-CAM-1-Aquatic-13-Pipefish-687.jpg
test,COD10K-CAM-3-Flying-61-Katydid-4074.jpg,1024x682,35,54.988,tgt,COD10K-CAM-2-Terrestrial-30-Duck-1872.jpg
test,COD10K-CAM-3-Flying-62-Mantis-4380.jpg,1024x682,35,46.744,tgt,COD10K-CAM-2-Terrestrial-40-Rabbit-2342.jpg
test,COD10K-CAM-4-Amphibian-67-Frog-4739.jpg,1024x682,35,47.421,tgt,COD10K-CAM-2-Terrestrial-37-Lion-2110.jpg
test,COD10K-CAM-1-Aquatic-13-Pipefish-781.jpg,1024x766,3,59.787,tgt,COD10K-CAM-1-Aquatic-13-Pipefish-504.jpg
test,COD10K-CAM-1-Aquatic-14-ScorpionFish-907.jpg,1024x766,3,57.043,tgt,COD10K-CAM-1-Aquatic-13-Pipefish-504.jpg
test,COD10K-CAM-1-Aquatic-3-Crab-45.jpg,1024x766,3,49.643,tgt,COD10K-CAM-1-Aquatic-13-Pipefish-504.jpg
test,COD10K-CAM-1-Aquatic-6-Fish-162.jpg,1024x766,3,53.43,tgt,COD10K-CAM-1-Aquatic-3-Crab-44.jpg
test,COD10K-CAM-1-Aquatic-6-Fish-228.jpg,1024x766,3,45.52,tgt,COD10K-CAM-1-Aquatic-13-Pipefish-504.jpg
test,COD10K-CAM-1-Aquatic-9-GhostPipefish-334.jpg,1024x766,3,52.759,tgt,COD10K-CAM-1-Aquatic-13-Pipefish-504.jpg
test,COD10K-CAM-2-Terrestrial-45-Spider-2796.jpg,1024x766,3,63.036,tgt,COD10K-CAM-1-Aquatic-3-Crab-44.jpg
test,COD10K-CAM-3-Flying-51-Bee-2983.jpg,1024x766,3,50.508,tgt,COD10K-CAM-1-Aquatic-13-Pipefish-504.jpg
test,COD10K-CAM-3-Flying-59-Grasshopper-3737.jpg,1024x766,3,55.763,tgt,COD10K-CAM-1-Aquatic-3-Crab-44.jpg
test,COD10K-CAM-1-Aquatic-18-StarFish-1161.jpg,1024x708,4,74.939,tgt,COD10K-CAM-3-Flying-53-Bird-3124.jpg
test,COD10K-CAM-2-Terrestrial-34-Human-1975.jpg,1024x708,4,53.384,tgt,COD10K-CAM-3-Flying-61-Katydid-4119.jpg
test,COD10K-CAM-3-Flying-53-Bird-3069.jpg,1024x708,4,46.058,tgt,COD10K-CAM-3-Flying-61-Katydid-4119.jpg
test,COD10K-CAM-4-Amphibian-67-Frog-4787.jpg,1024x708,4,40.892,tgt,COD10K-CAM-3-Flying-61-Katydid-4119.jpg
test,COD10K-CAM-1-Aquatic-13-Pipefish-544.jpg,800x532,7,46.754,tgt,COD10K-CAM-4-Amphibian-68-Toad-4847.jpg
test,COD10K-CAM-2-Terrestrial-23-Cat-1304.jpg,800x532,7,39.277,tgt,COD10K-CAM-3-Flying-63-Mockingbird-4393.jpg
test,COD10K-CAM-2-Terrestrial-27-Cheetah-1747.jpg,800x532,7,54.395,tgt,COD10K-CAM-1-Aquatic-13-Pipefish-506.jpg
test,COD10K-CAM-3-Flying-63-Mockingbird-4392.jpg,800x532,7,38.361,tgt,COD10K-CAM-3-Flying-63-Mockingbird-4391.jpg
test,COD10K-CAM-4-Amphibian-67-Frog-4733.jpg,800x532,7,40.538,tgt,COD10K-CAM-5-Other-69-Other-5042.jpg
test,COD10K-CAM-3-Flying-53-Bird-3068.jpg,1024x595,1,55.609,tgt,COD10K-CAM-1-Aquatic-13-Pipefish-509.jpg
test,COD10K-CAM-1-Aquatic-13-Pipefish-683.jpg,1024x553,1,44.245,tgt,COD10K-CAM-1-Aquatic-13-Pipefish-519.jpg
test,COD10K-CAM-3-Flying-60-Heron-3891.jpg,1024x658,4,64.929,tgt,COD10K-CAM-3-Flying-53-Bird-3229.jpg
test,COD10K-CAM-3-Flying-61-Katydid-4035.jpg,1024x658,4,46.702,tgt,COD10K-CAM-3-Flying-53-Bird-3229.jpg
test,COD10K-CAM-1-Aquatic-13-Pipefish-667.jpg,1023x682,46,40.536,tgt,COD10K-CAM-2-Terrestrial-24-Caterpillar-1542.jpg
test,COD10K-CAM-1-Aquatic-13-Pipefish-679.jpg,1023x682,46,43.021,tgt,COD10K-CAM-1-Aquatic-13-Pipefish-801.jpg
test,COD10K-CAM-1-Aquatic-13-Pipefish-795.jpg,1023x682,46,43.262,tgt,COD10K-CAM-1-Aquatic-13-Pipefish-801.jpg
test,COD10K-CAM-1-Aquatic-13-Pipefish-800.jpg,1023x682,46,37.268,tgt,COD10K-CAM-1-Aquatic-13-Pipefish-797.jpg
test,COD10K-CAM-1-Aquatic-13-Pipefish-807.jpg,1023x682,46,44.58,tgt,COD10K-CAM-1-Aquatic-13-Pipefish-802.jpg
test,COD10K-CAM-1-Aquatic-14-ScorpionFish-930.jpg,1023x682,46,46.767,tgt,COD10K-CAM-2-Terrestrial-24-Caterpillar-1542.jpg
test,COD10K-CAM-1-Aquatic-6-Fish-159.jpg,1023x682,46,50.629,tgt,COD10K-CAM-1-Aquatic-13-Pipefish-797.jpg
test,COD10K-CAM-2-Terrestrial-31-Gecko-1927.jpg,1023x682,46,46.167,tgt,COD10K-CAM-2-Terrestrial-24-Caterpillar-1542.jpg
test,COD10K-CAM-2-Terrestrial-34-Human-2000.jpg,1023x682,46,55.938,tgt,COD10K-CAM-1-Aquatic-13-Pipefish-802.jpg
test,COD10K-CAM-2-Terrestrial-38-Lizard-2197.jpg,1023x682,46,38.241,tgt,COD10K-CAM-2-Terrestrial-24-Caterpillar-1542.jpg
test,COD10K-CAM-2-Terrestrial-40-Rabbit-2360.jpg,1023x682,46,30.853,tgt,COD10K-CAM-1-Aquatic-13-Pipefish-801.jpg
test,COD10K-CAM-2-Terrestrial-45-Spider-2519.jpg,1023x682,46,37.393,tgt,COD10K-CAM-1-Aquatic-13-Pipefish-799.jpg
test,COD10K-CAM-2-Terrestrial-45-Spider-2760.jpg,1023x682,46,47.903,tgt,COD10K-CAM-2-Terrestrial-45-Spider-2752.jpg
test,COD10K-CAM-3-Flying-56-Cicada-3533.jpg,1023x682,46,36.505,tgt,COD10K-CAM-1-Aquatic-13-Pipefish-801.jpg
test,COD10K-CAM-3-Flying-59-Grasshopper-3652.jpg,1023x682,46,39.979,tgt,COD10K-CAM-2-Terrestrial-24-Caterpillar-1542.jpg
test,COD10K-CAM-3-Flying-59-Grasshopper-3772.jpg,1023x682,46,46.661,tgt,COD10K-CAM-1-Aquatic-13-Pipefish-799.jpg
test,COD10K-CAM-3-Flying-59-Grasshopper-3840.jpg,1023x682,46,49.16,tgt,COD10K-CAM-2-Terrestrial-24-Caterpillar-1542.jpg
test,COD10K-CAM-3-Flying-60-Heron-3911.jpg,1023x682,46,41.43,tgt,COD10K-CAM-1-Aquatic-13-Pipefish-802.jpg
test,COD10K-CAM-3-Flying-62-Mantis-4308.jpg,1023x682,46,59.963,tgt,COD10K-CAM-4-Amphibian-68-Toad-4858.jpg
test,COD10K-CAM-3-Flying-64-Moth-4476.jpg,1023x682,46,43.953,tgt,COD10K-CAM-3-Flying-61-Katydid-4223.jpg
test,COD10K-CAM-3-Flying-65-Owl-4593.jpg,1023x682,46,42.408,tgt,COD10K-CAM-1-Aquatic-13-Pipefish-801.jpg
test,COD10K-CAM-4-Amphibian-67-Frog-4800.jpg,1023x682,46,34.364,tgt,COD10K-CAM-2-Terrestrial-24-Caterpillar-1542.jpg
test,COD10K-CAM-4-Amphibian-68-Toad-4964.jpg,1023x682,46,50.458,tgt,COD10K-CAM-4-Amphibian-68-Toad-4858.jpg
test,COD10K-CAM-1-Aquatic-17-Slug-1151.jpg,802x1024,1,81.12,tgt,COD10K-CAM-1-Aquatic-13-Pipefish-551.jpg
test,COD10K-CAM-3-Flying-63-Mockingbird-4405.jpg,1024x691,4,59.257,tgt,COD10K-CAM-1-Aquatic-13-Pipefish-558.jpg
test,COD10K-CAM-1-Aquatic-6-Fish-183.jpg,767x958,1,71.641,tgt,COD10K-CAM-1-Aquatic-13-Pipefish-561.jpg
test,COD10K-CAM-4-Amphibian-68-Toad-4962.jpg,1022x638,1,82.848,tgt,COD10K-CAM-1-Aquatic-13-Pipefish-562.jpg
test,COD10K-CAM-2-Terrestrial-46-StickInsect-2816.jpg,800x599,3,65.169,tgt,COD10K-CAM-2-Terrestrial-30-Duck-1867.jpg
test,COD10K-CAM-3-Flying-53-Bird-3023.jpg,800x599,3,54.407,tgt,COD10K-CAM-2-Terrestrial-33-Grouse-1963.jpg
test,COD10K-CAM-1-Aquatic-13-Pipefish-567.jpg,800x521,1,74.252,tgt,COD10K-CAM-1-Aquatic-13-Pipefish-565.jpg
test,COD10K-CAM-1-Aquatic-13-Pipefish-568.jpg,576x432,2,53.015,tgt,COD10K-CAM-1-Aquatic-13-Pipefish-569.jpg
test,COD10K-CAM-1-Aquatic-13-Pipefish-591.jpg,576x432,2,70.836,tgt,COD10K-CAM-1-Aquatic-13-Pipefish-592.jpg
test,COD10K-CAM-1-Aquatic-13-Pipefish-729.jpg,1024x576,57,46.932,tgt,COD10K-CAM-4-Amphibian-67-Frog-4731.jpg
test,COD10K-CAM-1-Aquatic-15-SeaHorse-1096.jpg,1024x576,57,53.821,tgt,COD10K-CAM-3-Flying-53-Bird-3134.jpg
test,COD10K-CAM-2-Terrestrial-24-Caterpillar-1564.jpg,1024x576,57,45.563,tgt,COD10K-CAM-4-Amphibian-68-Toad-4927.jpg
test,COD10K-CAM-2-Terrestrial-24-Caterpillar-1596.jpg,1024x576,57,50.109,tgt,COD10K-CAM-2-Terrestrial-22-Bug-1266.jpg
test,COD10K-CAM-2-Terrestrial-33-Grouse-1966.jpg,1024x576,57,44.668,tgt,COD10K-CAM-2-Terrestrial-23-Cat-1322.jpg
test,COD10K-CAM-2-Terrestrial-35-Kangaroo-2050.jpg,1024x576,57,46.484,tgt,COD10K-CAM-1-Aquatic-7-Flounder-263.jpg
test,COD10K-CAM-2-Terrestrial-47-Tiger-2884.jpg,1024x576,57,51.635,tgt,COD10K-CAM-2-Terrestrial-23-Cat-1322.jpg
test,COD10K-CAM-2-Terrestrial-47-Tiger-2910.jpg,1024x576,57,27.413,tgt,COD10K-CAM-2-Terrestrial-47-Tiger-2911.jpg
test,COD10K-CAM-3-Flying-53-Bird-3200.jpg,1024x576,57,52.87,tgt,COD10K-CAM-2-Terrestrial-23-Cat-1322.jpg
test,COD10K-CAM-3-Flying-53-Bird-3201.jpg,1024x576,57,55.516,tgt,COD10K-CAM-4-Amphibian-67-Frog-4758.jpg
test,COD10K-CAM-3-Flying-53-Bird-3203.jpg,1024x576,57,43.154,tgt,COD10K-CAM-2-Terrestrial-21-Ant-1242.jpg
test,COD10K-CAM-3-Flying-55-Butterfly-3361.jpg,1024x576,57,47.729,tgt,COD10K-CAM-4-Amphibian-67-Frog-4731.jpg
test,COD10K-CAM-3-Flying-56-Cicada-3496.jpg,1024x576,57,50.796,tgt,COD10K-CAM-1-Aquatic-9-GhostPipefish-365.jpg
test,COD10K-CAM-3-Flying-59-Grasshopper-3653.jpg,1024x576,57,47.011,tgt,COD10K-CAM-4-Amphibian-67-Frog-4758.jpg
test,COD10K-CAM-3-Flying-60-Heron-3912.jpg,1024x576,57,50.473,tgt,COD10K-CAM-1-Aquatic-9-GhostPipefish-365.jpg
test,COD10K-CAM-3-Flying-61-Katydid-4062.jpg,1024x576,57,30.613,tgt,COD10K-CAM-3-Flying-59-Grasshopper-3693.jpg
test,COD10K-CAM-3-Flying-61-Katydid-4228.jpg,1024x576,57,27.756,tgt,COD10K-CAM-3-Flying-62-Mantis-4286.jpg
test,COD10K-CAM-3-Flying-62-Mantis-4360.jpg,1024x576,57,47.204,tgt,COD10K-CAM-3-Flying-61-Katydid-4227.jpg
test,COD10K-CAM-3-Flying-62-Mantis-4376.jpg,1024x576,57,33.535,tgt,COD10K-CAM-4-Amphibian-67-Frog-4731.jpg
test,COD10K-CAM-4-Amphibian-68-Toad-4883.jpg,1024x576,57,45.569,tgt,COD10K-CAM-4-Amphibian-67-Frog-4758.jpg
test,COD10K-CAM-4-Amphibian-68-Toad-4909.jpg,1024x576,57,28.52,tgt,COD10K-CAM-4-Amphibian-67-Frog-4758.jpg
test,COD10K-CAM-2-Terrestrial-45-Spider-2588.jpg,1024x686,9,53.424,tgt,COD10K-CAM-3-Flying-61-Katydid-4211.jpg
test,COD10K-CAM-3-Flying-59-Grasshopper-3732.jpg,1024x686,9,59.873,tgt,COD10K-CAM-2-Terrestrial-24-Caterpillar-1580.jpg
test,COD10K-CAM-3-Flying-65-Owl-4645.jpg,1024x686,9,56.246,tgt,COD10K-CAM-3-Flying-61-Katydid-4211.jpg
test,COD10K-CAM-4-Amphibian-68-Toad-4976.jpg,1024x764,4,46.879,tgt,COD10K-CAM-1-Aquatic-13-Pipefish-610.jpg
test,COD10K-CAM-2-Terrestrial-27-Cheetah-1745.jpg,1024x746,3,75.428,tgt,COD10K-CAM-1-Aquatic-13-Pipefish-618.jpg
test,COD10K-CAM-3-Flying-53-Bird-3235.jpg,1024x746,3,53.317,tgt,COD10K-CAM-4-Amphibian-68-Toad-4840.jpg
test,COD10K-CAM-3-Flying-61-Katydid-4216.jpg,1024x746,3,75.683,tgt,COD10K-CAM-4-Amphibian-68-Toad-4840.jpg
test,COD10K-CAM-4-Amphibian-68-Toad-5021.jpg,1024x746,3,48.597,tgt,COD10K-CAM-2-Terrestrial-38-Lizard-2318.jpg
test,COD10K-CAM-2-Terrestrial-26-Chameleon-1707.jpg,1024x685,11,57.677,tgt,COD10K-CAM-2-Terrestrial-23-Cat-1362.jpg
test,COD10K-CAM-3-Flying-56-Cicada-3521.jpg,1024x685,11,49.418,tgt,COD10K-CAM-2-Terrestrial-23-Cat-1362.jpg
test,COD10K-CAM-3-Flying-59-Grasshopper-3759.jpg,1024x685,11,50.259,tgt,COD10K-CAM-2-Terrestrial-45-Spider-2778.jpg
test,COD10K-CAM-3-Flying-59-Grasshopper-3761.jpg,1024x685,11,54.138,tgt,COD10K-CAM-2-Terrestrial-45-Spider-2778.jpg
test,COD10K-CAM-2-Terrestrial-23-Cat-1520.jpg,681x1024,3,52.945,tgt,COD10K-CAM-2-Terrestrial-23-Cat-1379.jpg
test,COD10K-CAM-2-Terrestrial-32-Giraffe-1941.jpg,681x1024,3,37.085,tgt,COD10K-CAM-2-Terrestrial-23-Cat-1379.jpg
test,COD10K-CAM-1-Aquatic-18-StarFish-1171.jpg,1024x684,22,50.172,tgt,COD10K-CAM-2-Terrestrial-24-Caterpillar-1569.jpg
test,COD10K-CAM-1-Aquatic-18-StarFish-1178.jpg,1024x684,22,66.212,tgt,COD10K-CAM-5-Other-69-Other-5066.jpg
test,COD10K-CAM-2-Terrestrial-23-Cat-1359.jpg,1024x684,22,55.251,tgt,COD10K-CAM-5-Other-69-Other-5030.jpg
test,COD10K-CAM-2-Terrestrial-23-Cat-1372.jpg,1024x684,22,62.494,tgt,COD10K-CAM-1-Aquatic-6-Fish-239.jpg
test,COD10K-CAM-2-Terrestrial-23-Cat-1453.jpg,1024x684,22,56.447,tgt,COD10K-CAM-3-Flying-53-Bird-3116.jpg
test,COD10K-CAM-2-Terrestrial-28-Deer-1764.jpg,1024x684,22,53.643,tgt,COD10K-CAM-3-Flying-53-Bird-3116.jpg
test,COD10K-CAM-2-Terrestrial-44-Snake-2479.jpg,1024x684,22,73.481,tgt,COD10K-CAM-2-Terrestrial-24-Caterpillar-1569.jpg
test,COD10K-CAM-2-Terrestrial-45-Spider-2511.jpg,1024x684,22,55.003,tgt,COD10K-CAM-2-Terrestrial-24-Caterpillar-1569.jpg
test,COD10K-CAM-2-Terrestrial-45-Spider-2783.jpg,1024x684,22,37.028,tgt,COD10K-CAM-3-Flying-57-Dragonfly-3577.jpg
test,COD10K-CAM-3-Flying-53-Bird-3157.jpg,1024x684,22,55.667,tgt,COD10K-CAM-1-Aquatic-6-Fish-239.jpg
test,COD10K-CAM-3-Flying-56-Cicada-3551.jpg,1024x684,22,57.6,tgt,COD10K-CAM-5-Other-69-Other-5066.jpg
test,COD10K-CAM-3-Flying-62-Mantis-4247.jpg,1024x684,22,53.245,tgt,COD10K-CAM-2-Terrestrial-24-Caterpillar-1569.jpg
test,COD10K-CAM-3-Flying-62-Mantis-4274.jpg,1024x684,22,62.772,tgt,COD10K-CAM-1-Aquatic-6-Fish-239.jpg
test,COD10K-CAM-3-Flying-62-Mantis-4341.jpg,1024x684,22,52.324,tgt,COD10K-CAM-3-Flying-57-Dragonfly-3577.jpg
test,COD10K-CAM-3-Flying-62-Mantis-4349.jpg,1024x684,22,41.562,tgt,COD10K-CAM-2-Terrestrial-24-Caterpillar-1569.jpg
test,COD10K-CAM-3-Flying-64-Moth-4467.jpg,1024x684,22,53.434,tgt,COD10K-CAM-3-Flying-57-Dragonfly-3577.jpg
test,COD10K-CAM-3-Flying-65-Owl-4577.jpg,1024x684,22,59.96,tgt,COD10K-CAM-4-Amphibian-68-Toad-4901.jpg
test,COD10K-CAM-4-Amphibian-68-Toad-4921.jpg,1024x684,22,54.182,tgt,COD10K-CAM-2-Terrestrial-24-Caterpillar-1569.jpg
test,COD10K-CAM-4-Amphibian-68-Toad-4937.jpg,1024x684,22,64.8,tgt,COD10K-CAM-4-Amphibian-68-Toad-4901.jpg
test,COD10K-CAM-2-Terrestrial-23-Cat-1492.jpg,1023x681,9,40.852,tgt,COD10K-CAM-2-Terrestrial-23-Cat-1361.jpg
test,COD10K-CAM-2-Terrestrial-47-Tiger-2886.jpg,1023x681,9,54.484,tgt,COD10K-CAM-4-Amphibian-68-Toad-4871.jpg
test,COD10K-CAM-3-Flying-56-Cicada-3513.jpg,1023x681,9,100.171,tgt,COD10K-CAM-3-Flying-59-Grasshopper-3709.jpg
test,COD10K-CAM-3-Flying-59-Grasshopper-3799.jpg,1024x635,1,74.18,tgt,COD10K-CAM-1-Aquatic-13-Pipefish-650.jpg
test,COD10K-CAM-3-Flying-61-Katydid-3980.jpg,1024x635,1,58.309,tgt,COD10K-CAM-1-Aquatic-13-Pipefish-650.jpg
test,COD10K-CAM-3-Flying-55-Butterfly-3412.jpg,1024x651,3,41.966,tgt,COD10K-CAM-2-Terrestrial-22-Bug-1279.jpg
test,COD10K-CAM-3-Flying-64-Moth-4480.jpg,1024x651,3,60.578,tgt,COD10K-CAM-1-Aquatic-13-Pipefish-653.jpg
test,COD10K-CAM-3-Flying-65-Owl-4537.jpg,1024x651,3,54.076,tgt,COD10K-CAM-2-Terrestrial-22-Bug-1279.jpg
test,COD10K-CAM-2-Terrestrial-45-Spider-2645.jpg,1023x649,2,45.104,tgt,COD10K-CAM-2-Terrestrial-38-Lizard-2320.jpg
test,COD10K-CAM-3-Flying-59-Grasshopper-3853.jpg,1023x649,2,59.431,tgt,COD10K-CAM-1-Aquatic-13-Pipefish-654.jpg
test,COD10K-CAM-1-Aquatic-15-SeaHorse-1013.jpg,1024x769,8,62.694,tgt,COD10K-CAM-3-Flying-53-Bird-3194.jpg
test,COD10K-CAM-1-Aquatic-15-SeaHorse-1014.jpg,1024x769,8,64.045,tgt,COD10K-CAM-1-Aquatic-3-Crab-83.jpg
test,COD10K-CAM-1-Aquatic-15-SeaHorse-1015.jpg,1024x769,8,65.831,tgt,COD10K-CAM-3-Flying-59-Grasshopper-3656.jpg
test,COD10K-CAM-1-Aquatic-3-Crab-86.jpg,1024x769,8,58.793,tgt,COD10K-CAM-3-Flying-62-Mantis-4369.jpg
test,COD10K-CAM-1-Aquatic-9-GhostPipefish-312.jpg,1024x769,8,55.269,tgt,COD10K-CAM-1-Aquatic-16-Shrimp-1129.jpg
test,COD10K-CAM-2-Terrestrial-45-Spider-2704.jpg,1024x769,8,61.009,tgt,COD10K-CAM-3-Flying-53-Bird-3194.jpg
test,COD10K-CAM-2-Terrestrial-45-Spider-2741.jpg,1024x769,8,72.11,tgt,COD10K-CAM-1-Aquatic-3-Crab-83.jpg
test,COD10K-CAM-3-Flying-59-Grasshopper-3786.jpg,1024x769,8,46.573,tgt,COD10K-CAM-1-Aquatic-16-Shrimp-1129.jpg
test,COD10K-CAM-3-Flying-59-Grasshopper-3796.jpg,1024x769,8,37.125,tgt,COD10K-CAM-3-Flying-53-Bird-3194.jpg
test,COD10K-CAM-3-Flying-61-Katydid-4051.jpg,1024x769,8,55.028,tgt,COD10K-CAM-1-Aquatic-16-Shrimp-1129.jpg
test,COD10K-CAM-3-Flying-61-Katydid-4231.jpg,1024x769,8,51.713,tgt,COD10K-CAM-1-Aquatic-16-Shrimp-1129.jpg
test,COD10K-CAM-3-Flying-62-Mantis-4265.jpg,1024x769,8,42.406,tgt,COD10K-CAM-1-Aquatic-16-Shrimp-1129.jpg
test,COD10K-CAM-4-Amphibian-68-Toad-5022.jpg,1024x769,8,44.362,tgt,COD10K-CAM-3-Flying-53-Bird-3194.jpg
test,COD10K-CAM-1-Aquatic-16-Shrimp-1121.jpg,1000x750,6,65.734,tgt,COD10K-CAM-1-Aquatic-13-Pipefish-824.jpg
test,COD10K-CAM-1-Aquatic-10-LeafySeaDragon-423.jpg,685x1023,4,53.329,tgt,COD10K-CAM-1-Aquatic-13-Pipefish-671.jpg
test,COD10K-CAM-1-Aquatic-13-Pipefish-599.jpg,685x1023,4,60.098,tgt,COD10K-CAM-1-Aquatic-13-Pipefish-671.jpg
test,COD10K-CAM-1-Aquatic-15-SeaHorse-1012.jpg,685x1023,4,62.927,tgt,COD10K-CAM-1-Aquatic-13-Pipefish-671.jpg
test,COD10K-CAM-2-Terrestrial-23-Cat-1515.jpg,685x1023,4,58.047,tgt,COD10K-CAM-1-Aquatic-15-SeaHorse-1017.jpg
test,COD10K-CAM-2-Terrestrial-26-Chameleon-1689.jpg,685x1023,4,69.711,tgt,COD10K-CAM-1-Aquatic-15-SeaHorse-1017.jpg
test,COD10K-CAM-2-Terrestrial-27-Cheetah-1756.jpg,685x1023,4,52.609,tgt,COD10K-CAM-1-Aquatic-15-SeaHorse-1017.jpg
test,COD10K-CAM-2-Terrestrial-32-Giraffe-1947.jpg,685x1023,4,60.445,tgt,COD10K-CAM-1-Aquatic-15-SeaHorse-1017.jpg
test,COD10K-CAM-2-Terrestrial-46-StickInsect-2827.jpg,685x1023,4,74.394,tgt,COD10K-CAM-1-Aquatic-13-Pipefish-671.jpg
test,COD10K-CAM-2-Terrestrial-46-StickInsect-2859.jpg,685x1023,4,74.243,tgt,COD10K-CAM-1-Aquatic-13-Pipefish-671.jpg
test,COD10K-CAM-3-Flying-59-Grasshopper-3689.jpg,685x1023,4,55.615,tgt,COD10K-CAM-1-Aquatic-15-SeaHorse-1017.jpg
test,COD10K-CAM-3-Flying-61-Katydid-4122.jpg,685x1023,4,51.709,tgt,COD10K-CAM-1-Aquatic-15-SeaHorse-1017.jpg
test,COD10K-CAM-2-Terrestrial-44-Snake-2465.jpg,1024x564,1,46.966,tgt,COD10K-CAM-1-Aquatic-13-Pipefish-677.jpg
test,COD10K-CAM-2-Terrestrial-32-Giraffe-1935.jpg,1024x875,1,63.159,tgt,COD10K-CAM-1-Aquatic-13-Pipefish-680.jpg
test,COD10K-CAM-1-Aquatic-9-GhostPipefish-315.jpg,1024x624,4,47.946,tgt,COD10K-CAM-4-Amphibian-68-Toad-4920.jpg
test,COD10K-CAM-3-Flying-53-Bird-3128.jpg,1024x671,4,50.95,tgt,COD10K-CAM-1-Aquatic-18-StarFish-1154.jpg
test,COD10K-CAM-3-Flying-60-Heron-3881.jpg,1024x671,4,53.365,tgt,COD10K-CAM-1-Aquatic-15-SeaHorse-1090.jpg
test,COD10K-CAM-1-Aquatic-15-SeaHorse-1069.jpg,1024x664,1,66.315,tgt,COD10K-CAM-1-Aquatic-13-Pipefish-718.jpg
test,COD10K-CAM-1-Aquatic-7-Flounder-246.jpg,1024x664,1,62.724,tgt,COD10K-CAM-1-Aquatic-13-Pipefish-718.jpg
test,COD10K-CAM-1-Aquatic-3-Crab-62.jpg,1024x577,3,43.837,tgt,COD10K-CAM-1-Aquatic-13-Pipefish-720.jpg
test,COD10K-CAM-3-Flying-61-Katydid-3942.jpg,1024x577,3,59.66,tgt,COD10K-CAM-3-Flying-59-Grasshopper-3623.jpg
test,COD10K-CAM-3-Flying-62-Mantis-4362.jpg,1024x577,3,53.524,tgt,COD10K-CAM-1-Aquatic-13-Pipefish-720.jpg
test,COD10K-CAM-3-Flying-62-Mantis-4363.jpg,1024x577,3,65.995,tgt,COD10K-CAM-1-Aquatic-13-Pipefish-720.jpg
test,COD10K-CAM-1-Aquatic-13-Pipefish-752.jpg,1023x685,19,46.54,tgt,COD10K-CAM-1-Aquatic-9-GhostPipefish-396.jpg
test,COD10K-CAM-2-Terrestrial-23-Cat-1301.jpg,1023x685,19,49.195,tgt,COD10K-CAM-1-Aquatic-15-SeaHorse-1016.jpg
test,COD10K-CAM-2-Terrestrial-24-Caterpillar-1621.jpg,1023x685,19,49.736,tgt,COD10K-CAM-3-Flying-60-Heron-3926.jpg
test,COD10K-CAM-2-Terrestrial-26-Chameleon-1723.jpg,1023x685,19,44.666,tgt,COD10K-CAM-3-Flying-61-Katydid-4226.jpg
test,COD10K-CAM-2-Terrestrial-29-Dog-1854.jpg,1023x685,19,78.337,tgt,COD10K-CAM-2-Terrestrial-45-Spider-2555.jpg
test,COD10K-CAM-2-Terrestrial-44-Snake-2476.jpg,1023x685,19,54.068,tgt,COD10K-CAM-1-Aquatic-7-Flounder-274.jpg
test,COD10K-CAM-2-Terrestrial-47-Tiger-2887.jpg,1023x685,19,47.175,tgt,COD10K-CAM-3-Flying-61-Katydid-4114.jpg
test,COD10K-CAM-2-Terrestrial-49-Worm-2949.jpg,1023x685,19,46.768,tgt,COD10K-CAM-3-Flying-61-Katydid-4114.jpg
test,COD10K-CAM-3-Flying-55-Butterfly-3319.jpg,1023x685,19,54.507,tgt,COD10K-CAM-1-Aquatic-7-Flounder-274.jpg
test,COD10K-CAM-3-Flying-55-Butterfly-3320.jpg,1023x685,19,53.072,tgt,COD10K-CAM-1-Aquatic-7-Flounder-274.jpg
test,COD10K-CAM-3-Flying-59-Grasshopper-3673.jpg,1023x685,19,42.661,tgt,COD10K-CAM-3-Flying-61-Katydid-4226.jpg
test,COD10K-CAM-3-Flying-60-Heron-3900.jpg,1023x685,19,54.532,tgt,COD10K-CAM-3-Flying-60-Heron-3926.jpg
test,COD10K-CAM-3-Flying-61-Katydid-4108.jpg,1023x685,19,41.072,tgt,COD10K-CAM-3-Flying-62-Mantis-4338.jpg
test,COD10K-CAM-3-Flying-61-Katydid-4115.jpg,1023x685,19,49.416,tgt,COD10K-CAM-3-Flying-61-Katydid-4226.jpg
test,COD10K-CAM-3-Flying-61-Katydid-4121.jpg,1023x685,19,50.595,tgt,COD10K-CAM-3-Flying-61-Katydid-4120.jpg
test,COD10K-CAM-3-Flying-61-Katydid-4126.jpg,1023x685,19,43.878,tgt,COD10K-CAM-3-Flying-60-Heron-3926.jpg
test,COD10K-CAM-3-Flying-61-Katydid-4145.jpg,1023x685,19,45.619,tgt,COD10K-CAM-1-Aquatic-4-Crocodile-122.jpg
test,COD10K-CAM-3-Flying-62-Mantis-4358.jpg,1023x685,19,52.883,tgt,COD10K-CAM-3-Flying-61-Katydid-4226.jpg
test,COD10K-CAM-4-Amphibian-67-Frog-4706.jpg,1023x685,19,50.256,tgt,COD10K-CAM-1-Aquatic-9-GhostPipefish-396.jpg
test,COD10K-CAM-2-Terrestrial-45-Spider-2683.jpg,600x450,2,73.486,tgt,camourflage_00179.jpg
test,COD10K-CAM-2-Terrestrial-45-Spider-2595.jpg,1024x717,2,89.937,tgt,COD10K-CAM-1-Aquatic-13-Pipefish-740.jpg
test,COD10K-CAM-3-Flying-59-Grasshopper-3790.jpg,1024x717,2,72.225,tgt,COD10K-CAM-3-Flying-61-Katydid-4034.jpg
test,COD10K-CAM-3-Flying-62-Mantis-4346.jpg,1024x717,2,51.211,tgt,COD10K-CAM-3-Flying-61-Katydid-4034.jpg
test,COD10K-CAM-3-Flying-55-Butterfly-3435.jpg,1024x600,2,79.703,tgt,COD10K-CAM-3-Flying-61-Katydid-4017.jpg
test,COD10K-CAM-3-Flying-56-Cicada-3539.jpg,1024x713,4,55.234,tgt,COD10K-CAM-1-Aquatic-13-Pipefish-761.jpg
test,COD10K-CAM-1-Aquatic-3-Crab-54.jpg,1024x765,2,63.446,tgt,COD10K-CAM-3-Flying-54-Bittern-3279.jpg
test,COD10K-CAM-2-Terrestrial-36-Leopard-2064.jpg,1024x765,2,64.949,tgt,COD10K-CAM-3-Flying-54-Bittern-3279.jpg
test,COD10K-CAM-2-Terrestrial-36-Leopard-2079.jpg,1024x618,3,60.482,tgt,COD10K-CAM-2-Terrestrial-29-Dog-1821.jpg
test,COD10K-CAM-2-Terrestrial-46-StickInsect-2839.jpg,1024x618,3,56.428,tgt,COD10K-CAM-2-Terrestrial-29-Dog-1821.jpg
test,COD10K-CAM-1-Aquatic-13-Pipefish-830.jpg,1023x731,14,52.213,tgt,COD10K-CAM-3-Flying-61-Katydid-3943.jpg
test,COD10K-CAM-2-Terrestrial-23-Cat-1522.jpg,1023x731,14,49.889,tgt,COD10K-CAM-2-Terrestrial-36-Leopard-2093.jpg
test,COD10K-CAM-2-Terrestrial-42-Sciuridae-2402.jpg,1023x731,14,47.877,tgt,COD10K-CAM-2-Terrestrial-36-Leopard-2093.jpg
test,COD10K-CAM-3-Flying-50-Bat-2963.jpg,1023x731,14,47.352,tgt,COD10K-CAM-1-Aquatic-16-Shrimp-1127.jpg
test,COD10K-CAM-3-Flying-53-Bird-3197.jpg,1023x731,14,37.939,tgt,COD10K-CAM-2-Terrestrial-36-Leopard-2093.jpg
test,COD10K-CAM-3-Flying-61-Katydid-4230.jpg,1023x731,14,30.876,tgt,COD10K-CAM-3-Flying-61-Katydid-3943.jpg
test,COD10K-CAM-3-Flying-65-Owl-4608.jpg,1023x731,14,43.724,tgt,COD10K-CAM-2-Terrestrial-36-Leopard-2093.jpg
test,COD10K-CAM-2-Terrestrial-23-Cat-1327.jpg,1024x687,2,90.561,tgt,COD10K-CAM-1-Aquatic-13-Pipefish-814.jpg
test,COD10K-CAM-3-Flying-62-Mantis-4384.jpg,1024x687,2,63.628,tgt,COD10K-CAM-3-Flying-61-Katydid-3935.jpg
test,COD10K-CAM-2-Terrestrial-45-Spider-2773.jpg,1024x511,1,101.915,tgt,COD10K-CAM-1-Aquatic-13-Pipefish-817.jpg
test,COD10K-CAM-4-Amphibian-68-Toad-4949.jpg,1023x631,1,62.03,tgt,COD10K-CAM-1-Aquatic-13-Pipefish-822.jpg
test,COD10K-CAM-1-Aquatic-4-Crocodile-115.jpg,1024x681,30,64.013,tgt,COD10K-CAM-3-Flying-53-Bird-3033.jpg
test,COD10K-CAM-1-Aquatic-7-Flounder-258.jpg,1024x681,30,52.769,tgt,camourflage_00010.jpg
test,COD10K-CAM-1-Aquatic-9-GhostPipefish-381.jpg,1024x681,30,59.365,tgt,COD10K-CAM-3-Flying-61-Katydid-4213.jpg
test,COD10K-CAM-2-Terrestrial-23-Cat-1300.jpg,1024x681,30,47.427,tgt,COD10K-CAM-3-Flying-61-Katydid-4213.jpg
test,COD10K-CAM-2-Terrestrial-23-Cat-1461.jpg,1024x681,30,56.692,tgt,COD10K-CAM-3-Flying-53-Bird-3033.jpg
test,COD10K-CAM-2-Terrestrial-43-Sheep-2422.jpg,1024x681,30,63.774,tgt,COD10K-CAM-3-Flying-53-Bird-3042.jpg
test,COD10K-CAM-2-Terrestrial-45-Spider-2527.jpg,1024x681,30,55.888,tgt,COD10K-CAM-2-Terrestrial-44-Snake-2489.jpg
test,COD10K-CAM-2-Terrestrial-45-Spider-2650.jpg,1024x681,30,55.193,tgt,COD10K-CAM-2-Terrestrial-23-Cat-1307.jpg
test,COD10K-CAM-2-Terrestrial-45-Spider-2701.jpg,1024x681,30,65.775,tgt,COD10K-CAM-2-Terrestrial-23-Cat-1307.jpg
test,COD10K-CAM-3-Flying-53-Bird-3049.jpg,1024x681,30,63.554,tgt,COD10K-CAM-3-Flying-53-Bird-3033.jpg
test,COD10K-CAM-3-Flying-53-Bird-3125.jpg,1024x681,30,51.621,tgt,COD10K-CAM-3-Flying-53-Bird-3042.jpg
test,COD10K-CAM-3-Flying-55-Butterfly-3382.jpg,1024x681,30,47.268,tgt,COD10K-CAM-2-Terrestrial-44-Snake-2477.jpg
test,COD10K-CAM-3-Flying-59-Grasshopper-3740.jpg,1024x681,30,46.427,tgt,COD10K-CAM-3-Flying-53-Bird-3042.jpg
test,COD10K-CAM-3-Flying-59-Grasshopper-3741.jpg,1024x681,30,47.192,tgt,COD10K-CAM-2-Terrestrial-44-Snake-2477.jpg
test,COD10K-CAM-3-Flying-62-Mantis-4256.jpg,1024x681,30,50.485,tgt,COD10K-CAM-3-Flying-53-Bird-3042.jpg
test,COD10K-CAM-3-Flying-65-Owl-4578.jpg,1024x681,30,69.102,tgt,COD10K-CAM-2-Terrestrial-44-Snake-2489.jpg
test,COD10K-CAM-4-Amphibian-67-Frog-4738.jpg,1024x681,30,42.656,tgt,COD10K-CAM-2-Terrestrial-36-Leopard-2065.jpg
test,COD10K-CAM-2-Terrestrial-23-Cat-1483.jpg,1024x767,6,70.779,tgt,COD10K-CAM-2-Terrestrial-47-Tiger-2888.jpg
test,COD10K-CAM-3-Flying-53-Bird-3052.jpg,1024x767,6,51.067,tgt,COD10K-CAM-2-Terrestrial-47-Tiger-2888.jpg
test,COD10K-CAM-3-Flying-61-Katydid-3994.jpg,1024x767,6,57.837,tgt,COD10K-CAM-2-Terrestrial-38-Lizard-2187.jpg
test,COD10K-CAM-2-Terrestrial-28-Deer-1785.jpg,1024x731,8,59.2,tgt,COD10K-CAM-2-Terrestrial-45-Spider-2681.jpg
test,COD10K-CAM-2-Terrestrial-36-Leopard-2103.jpg,1024x731,8,62.725,tgt,COD10K-CAM-2-Terrestrial-45-Spider-2681.jpg
test,COD10K-CAM-2-Terrestrial-44-Snake-2484.jpg,1024x731,8,49.028,tgt,COD10K-CAM-3-Flying-55-Butterfly-3400.jpg
test,COD10K-CAM-3-Flying-53-Bird-3093.jpg,1024x731,8,54.885,tgt,COD10K-CAM-2-Terrestrial-45-Spider-2681.jpg
test,COD10K-CAM-3-Flying-61-Katydid-4027.jpg,1024x731,8,49.89,tgt,COD10K-CAM-3-Flying-55-Butterfly-3400.jpg
test,COD10K-CAM-3-Flying-65-Owl-4648.jpg,1024x731,8,43.849,tgt,COD10K-CAM-3-Flying-55-Butterfly-3400.jpg
test,COD10K-CAM-4-Amphibian-68-Toad-4873.jpg,1024x731,8,49.146,tgt,COD10K-CAM-3-Flying-55-Butterfly-3400.jpg
test,COD10K-CAM-1-Aquatic-3-Crab-43.jpg,1023x769,2,68.239,tgt,COD10K-CAM-1-Aquatic-14-ScorpionFish-885.jpg
test,COD10K-CAM-1-Aquatic-5-CrocodileFish-125.jpg,1023x769,2,62.112,tgt,COD10K-CAM-1-Aquatic-14-ScorpionFish-916.jpg
test,COD10K-CAM-1-Aquatic-10-LeafySeaDragon-416.jpg,1280x960,26,34.792,tgt,COD10K-CAM-3-Flying-59-Grasshopper-3827.jpg
test,COD10K-CAM-1-Aquatic-14-ScorpionFish-935.jpg,1280x960,26,56.476,tgt,COD10K-CAM-5-Other-69-Other-5055.jpg
test,COD10K-CAM-1-Aquatic-7-Flounder-290.jpg,1280x960,26,66.906,tgt,COD10K-CAM-1-Aquatic-2-ClownFish-14.jpg
test,COD10K-CAM-2-Terrestrial-23-Cat-1339.jpg,1280x960,26,58.054,tgt,COD10K-CAM-3-Flying-56-Cicada-3445.jpg
test,COD10K-CAM-2-Terrestrial-26-Chameleon-1697.jpg,1280x960,26,63.921,tgt,COD10K-CAM-2-Terrestrial-26-Chameleon-1669.jpg
test,COD10K-CAM-2-Terrestrial-26-Chameleon-1699.jpg,1280x960,26,54.561,tgt,COD10K-CAM-3-Flying-64-Moth-4451.jpg
test,COD10K-CAM-2-Terrestrial-28-Deer-1775.jpg,1280x960,26,58.874,tgt,COD10K-CAM-2-Terrestrial-26-Chameleon-1669.jpg
test,COD10K-CAM-2-Terrestrial-29-Dog-1815.jpg,1280x960,26,49.336,tgt,COD10K-CAM-3-Flying-56-Cicada-3445.jpg
test,COD10K-CAM-2-Terrestrial-31-Gecko-1903.jpg,1280x960,26,50.988,tgt,COD10K-CAM-2-Terrestrial-38-Lizard-2199.jpg
test,COD10K-CAM-2-Terrestrial-38-Lizard-2161.jpg,1280x960,26,56.888,tgt,COD10K-CAM-2-Terrestrial-26-Chameleon-1669.jpg
test,COD10K-CAM-2-Terrestrial-45-Spider-2538.jpg,1280x960,26,57.018,tgt,COD10K-CAM-5-Other-69-Other-5055.jpg
test,COD10K-CAM-2-Terrestrial-46-StickInsect-2807.jpg,1280x960,26,48.574,tgt,COD10K-CAM-3-Flying-59-Grasshopper-3826.jpg
test,COD10K-CAM-2-Terrestrial-48-Wolf-2918.jpg,1280x960,26,48.683,tgt,COD10K-CAM-2-Terrestrial-38-Lizard-2199.jpg
test,COD10K-CAM-3-Flying-53-Bird-3184.jpg,1280x960,26,52.174,tgt,COD10K-CAM-2-Terrestrial-26-Chameleon-1669.jpg
test,COD10K-CAM-3-Flying-56-Cicada-3444.jpg,1280x960,26,50.296,tgt,COD10K-CAM-3-Flying-56-Cicada-3445.jpg
test,COD10K-CAM-3-Flying-59-Grasshopper-3627.jpg,1280x960,26,44.78,tgt,COD10K-CAM-3-Flying-59-Grasshopper-3827.jpg
test,COD10K-CAM-3-Flying-59-Grasshopper-3818.jpg,1280x960,26,51.71,tgt,COD10K-CAM-3-Flying-56-Cicada-3445.jpg
test,COD10K-CAM-3-Flying-59-Grasshopper-3825.jpg,1280x960,26,48.29,tgt,COD10K-CAM-4-Amphibian-68-Toad-4820.jpg
test,COD10K-CAM-3-Flying-61-Katydid-4240.jpg,1280x960,26,40.074,tgt,COD10K-CAM-3-Flying-59-Grasshopper-3827.jpg
test,COD10K-CAM-3-Flying-61-Katydid-4241.jpg,1280x960,26,48.402,tgt,COD10K-CAM-1-Aquatic-4-Crocodile-113.jpg
test,COD10K-CAM-3-Flying-62-Mantis-4262.jpg,1280x960,26,35.055,tgt,COD10K-CAM-3-Flying-59-Grasshopper-3827.jpg
test,COD10K-CAM-3-Flying-62-Mantis-4268.jpg,1280x960,26,55.882,tgt,COD10K-CAM-3-Flying-59-Grasshopper-3826.jpg
test,COD10K-CAM-3-Flying-64-Moth-4450.jpg,1280x960,26,67.677,tgt,COD10K-CAM-3-Flying-59-Grasshopper-3826.jpg
test,COD10K-CAM-4-Amphibian-67-Frog-4742.jpg,1280x960,26,59.583,tgt,COD10K-CAM-3-Flying-56-Cicada-3445.jpg
test,COD10K-CAM-4-Amphibian-67-Frog-4748.jpg,1280x960,26,57.175,tgt,COD10K-CAM-5-Other-69-Other-5055.jpg
test,COD10K-CAM-3-Flying-53-Bird-3159.jpg,1024x665,4,69.228,tgt,COD10K-CAM-1-Aquatic-15-SeaHorse-1081.jpg
test,COD10K-CAM-3-Flying-61-Katydid-4173.jpg,1024x570,2,56.8,tgt,COD10K-CAM-1-Aquatic-20-Turtle-1218.jpg
test,COD10K-CAM-2-Terrestrial-21-Ant-1257.jpg,1024x722,1,69.527,tgt,COD10K-CAM-1-Aquatic-15-SeaHorse-1030.jpg
test,COD10K-CAM-2-Terrestrial-45-Spider-2531.jpg,1024x722,1,63.996,tgt,COD10K-CAM-1-Aquatic-15-SeaHorse-1030.jpg
test,COD10K-CAM-1-Aquatic-14-ScorpionFish-898.jpg,1024x730,1,71.756,tgt,COD10K-CAM-1-Aquatic-15-SeaHorse-1033.jpg
test,COD10K-CAM-3-Flying-58-Frogmouth-3602.jpg,1024x730,1,84.193,tgt,COD10K-CAM-1-Aquatic-15-SeaHorse-1033.jpg
test,COD10K-CAM-3-Flying-61-Katydid-4020.jpg,1024x730,1,62.351,tgt,COD10K-CAM-1-Aquatic-15-SeaHorse-1033.jpg
test,COD10K-CAM-2-Terrestrial-32-Giraffe-1940.jpg,1023x678,7,52.695,tgt,COD10K-CAM-2-Terrestrial-26-Chameleon-1687.jpg
test,COD10K-CAM-2-Terrestrial-42-Sciuridae-2407.jpg,1023x678,7,51.337,tgt,COD10K-CAM-1-Aquatic-15-SeaHorse-1050.jpg
test,COD10K-CAM-2-Terrestrial-45-Spider-2576.jpg,1023x678,7,56.37,tgt,COD10K-CAM-1-Aquatic-3-Crab-68.jpg
test,COD10K-CAM-3-Flying-63-Mockingbird-4403.jpg,1023x678,7,52.032,tgt,COD10K-CAM-1-Aquatic-3-Crab-68.jpg
test,COD10K-CAM-1-Aquatic-9-GhostPipefish-391.jpg,1024x752,3,69.938,tgt,COD10K-CAM-1-Aquatic-15-SeaHorse-1072.jpg
test,COD10K-CAM-3-Flying-65-Owl-4618.jpg,1022x721,1,108.665,tgt,COD10K-CAM-1-Aquatic-15-SeaHorse-1058.jpg
test,COD10K-CAM-1-Aquatic-15-SeaHorse-1086.jpg,1023x666,1,100.9,tgt,COD10K-CAM-1-Aquatic-15-SeaHorse-1060.jpg
test,COD10K-CAM-2-Terrestrial-23-Cat-1500.jpg,1023x666,1,60.262,tgt,COD10K-CAM-1-Aquatic-15-SeaHorse-1060.jpg
test,COD10K-CAM-2-Terrestrial-24-Caterpillar-1597.jpg,1023x666,1,53.519,tgt,COD10K-CAM-1-Aquatic-15-SeaHorse-1060.jpg
test,COD10K-CAM-3-Flying-61-Katydid-3968.jpg,1024x535,2,57.843,tgt,COD10K-CAM-3-Flying-61-Katydid-4084.jpg
test,COD10K-CAM-3-Flying-61-Katydid-3987.jpg,1024x535,2,45.217,tgt,COD10K-CAM-3-Flying-61-Katydid-4084.jpg
test,COD10K-CAM-1-Aquatic-15-SeaHorse-1003.jpg,1023x670,1,65.366,tgt,COD10K-CAM-1-Aquatic-15-SeaHorse-1073.jpg
test,COD10K-CAM-2-Terrestrial-24-Caterpillar-1568.jpg,1023x670,1,52.374,tgt,COD10K-CAM-1-Aquatic-15-SeaHorse-1073.jpg
test,COD10K-CAM-2-Terrestrial-23-Cat-1442.jpg,1024x638,3,72.752,tgt,COD10K-CAM-1-Aquatic-15-SeaHorse-1080.jpg
test,COD10K-CAM-2-Terrestrial-29-Dog-1814.jpg,1024x638,3,58.651,tgt,COD10K-CAM-3-Flying-55-Butterfly-3309.jpg
test,COD10K-CAM-3-Flying-62-Mantis-4315.jpg,1024x638,3,60.199,tgt,COD10K-CAM-3-Flying-55-Butterfly-3309.jpg
test,COD10K-CAM-4-Amphibian-68-Toad-4899.jpg,1024x638,3,48.874,tgt,COD10K-CAM-3-Flying-55-Butterfly-3309.jpg
test,COD10K-CAM-2-Terrestrial-44-Snake-2437.jpg,1024x667,3,55.131,tgt,COD10K-CAM-1-Aquatic-15-SeaHorse-1082.jpg
test,COD10K-CAM-4-Amphibian-67-Frog-4784.jpg,1024x753,2,72.119,tgt,COD10K-CAM-1-Aquatic-15-SeaHorse-1098.jpg
test,COD10K-CAM-1-Aquatic-6-Fish-222.jpg,682x1023,2,65.761,tgt,COD10K-CAM-3-Flying-53-Bird-3027.jpg
test,COD10K-CAM-1-Aquatic-9-GhostPipefish-377.jpg,682x1023,2,53.868,tgt,COD10K-CAM-3-Flying-53-Bird-3027.jpg
test,COD10K-CAM-3-Flying-61-Katydid-4218.jpg,682x1023,2,59.361,tgt,COD10K-CAM-3-Flying-53-Bird-3027.jpg
test,COD10K-CAM-3-Flying-61-Katydid-4237.jpg,682x1023,2,65.723,tgt,COD10K-CAM-3-Flying-53-Bird-3027.jpg
test,COD10K-CAM-3-Flying-62-Mantis-4330.jpg,682x1023,2,57.776,tgt,COD10K-CAM-3-Flying-53-Bird-3027.jpg
test,COD10K-CAM-1-Aquatic-13-Pipefish-583.jpg,1024x678,24,47.472,tgt,COD10K-CAM-3-Flying-62-Mantis-4381.jpg
test,COD10K-CAM-1-Aquatic-14-ScorpionFish-936.jpg,1024x678,24,44.305,tgt,COD10K-CAM-3-Flying-53-Bird-3044.jpg
test,COD10K-CAM-1-Aquatic-3-Crab-34.jpg,1024x678,24,31.641,tgt,COD10K-CAM-3-Flying-62-Mantis-4381.jpg
test,COD10K-CAM-2-Terrestrial-23-Cat-1363.jpg,1024x678,24,60.877,tgt,COD10K-CAM-2-Terrestrial-23-Cat-1418.jpg
test,COD10K-CAM-2-Terrestrial-38-Lizard-2212.jpg,1024x678,24,48.61,tgt,COD10K-CAM-3-Flying-53-Bird-3044.jpg
test,COD10K-CAM-2-Terrestrial-38-Lizard-2307.jpg,1024x678,24,54.079,tgt,COD10K-CAM-3-Flying-59-Grasshopper-3851.jpg
test,COD10K-CAM-2-Terrestrial-45-Spider-2566.jpg,1024x678,24,47.576,tgt,COD10K-CAM-2-Terrestrial-26-Chameleon-1682.jpg
test,COD10K-CAM-2-Terrestrial-45-Spider-2693.jpg,1024x678,24,48.593,tgt,COD10K-CAM-3-Flying-53-Bird-3044.jpg
test,COD10K-CAM-2-Terrestrial-45-Spider-2727.jpg,1024x678,24,34.44,tgt,COD10K-CAM-3-Flying-53-Bird-3044.jpg
test,COD10K-CAM-2-Terrestrial-46-StickInsect-2850.jpg,1024x678,24,44.889,tgt,COD10K-CAM-2-Terrestrial-32-Giraffe-1936.jpg
test,COD10K-CAM-3-Flying-56-Cicada-3530.jpg,1024x678,24,40.922,tgt,COD10K-CAM-2-Terrestrial-32-Giraffe-1936.jpg
test,COD10K-CAM-4-Amphibian-68-Toad-4863.jpg,1024x678,24,48.519,tgt,COD10K-CAM-3-Flying-53-Bird-3044.jpg
test,COD10K-CAM-1-Aquatic-15-SeaHorse-1074.jpg,1024x749,2,62.914,tgt,COD10K-CAM-2-Terrestrial-23-Cat-1342.jpg
test,COD10K-CAM-1-Aquatic-19-Stingaree-1186.jpg,1024x749,2,56.76,tgt,COD10K-CAM-2-Terrestrial-23-Cat-1342.jpg
test,COD10K-CAM-1-Aquatic-19-Stingaree-1197.jpg,1024x749,2,71.609,tgt,COD10K-CAM-2-Terrestrial-23-Cat-1342.jpg
test,COD10K-CAM-2-Terrestrial-38-Lizard-2190.jpg,1024x749,2,68.213,tgt,COD10K-CAM-2-Terrestrial-23-Cat-1342.jpg
test,COD10K-CAM-3-Flying-62-Mantis-4344.jpg,1024x749,2,53.102,tgt,COD10K-CAM-2-Terrestrial-23-Cat-1342.jpg
test,COD10K-CAM-1-Aquatic-15-SeaHorse-996.jpg,1024x560,1,61.109,tgt,COD10K-CAM-1-Aquatic-15-SeaHorse-987.jpg
test,COD10K-CAM-2-Terrestrial-45-Spider-2717.jpg,1024x701,4,51.231,tgt,COD10K-CAM-3-Flying-56-Cicada-3481.jpg
test,COD10K-CAM-3-Flying-61-Katydid-4016.jpg,1024x725,2,65.593,tgt,COD10K-CAM-1-Aquatic-15-SeaHorse-998.jpg
test,COD10K-CAM-1-Aquatic-14-ScorpionFish-919.jpg,480x640,10,63.914,tgt,COD10K-CAM-2-Terrestrial-48-Wolf-2919.jpg
test,COD10K-CAM-2-Terrestrial-38-Lizard-2202.jpg,480x640,10,63.815,tgt,COD10K-CAM-4-Amphibian-68-Toad-4854.jpg
test,COD10K-CAM-2-Terrestrial-40-Rabbit-2347.jpg,480x640,10,55.858,tgt,COD10K-CAM-2-Terrestrial-26-Chameleon-1683.jpg
test,COD10K-CAM-3-Flying-50-Bat-2954.jpg,480x640,10,55.723,tgt,COD10K-CAM-2-Terrestrial-48-Wolf-2919.jpg
test,COD10K-CAM-3-Flying-63-Mockingbird-4387.jpg,480x640,10,55.452,tgt,COD10K-CAM-2-Terrestrial-26-Chameleon-1683.jpg
test,COD10K-CAM-3-Flying-65-Owl-4575.jpg,480x640,10,61.386,tgt,COD10K-CAM-2-Terrestrial-45-Spider-2556.jpg
test,COD10K-CAM-3-Flying-51-Bee-2977.jpg,1024x609,1,79.709,tgt,COD10K-CAM-1-Aquatic-16-Shrimp-1134.jpg
test,COD10K-CAM-1-Aquatic-13-Pipefish-732.jpg,1024x640,6,51.223,tgt,COD10K-CAM-2-Terrestrial-31-Gecko-1928.jpg
test,COD10K-CAM-1-Aquatic-3-Crab-50.jpg,1024x640,6,44.733,tgt,COD10K-CAM-2-Terrestrial-24-Caterpillar-1590.jpg
test,COD10K-CAM-2-Terrestrial-31-Gecko-1895.jpg,1024x640,6,0.0,tgt,COD10K-CAM-2-Terrestrial-31-Gecko-1928.jpg
test,COD10K-CAM-2-Terrestrial-45-Spider-2617.jpg,1024x640,6,44.337,tgt,COD10K-CAM-2-Terrestrial-31-Gecko-1928.jpg
test,COD10K-CAM-2-Terrestrial-45-Spider-2646.jpg,1024x640,6,42.033,tgt,COD10K-CAM-2-Terrestrial-31-Gecko-1928.jpg
test,COD10K-CAM-3-Flying-52-Beetle-3007.jpg,1024x640,6,45.572,tgt,COD10K-CAM-2-Terrestrial-24-Caterpillar-1590.jpg
test,COD10K-CAM-3-Flying-56-Cicada-3470.jpg,1024x640,6,54.172,tgt,COD10K-CAM-2-Terrestrial-24-Caterpillar-1590.jpg
test,COD10K-CAM-3-Flying-61-Katydid-3956.jpg,1024x640,6,49.626,tgt,COD10K-CAM-3-Flying-61-Katydid-3955.jpg
test,COD10K-CAM-4-Amphibian-67-Frog-4740.jpg,1024x640,6,56.256,tgt,COD10K-CAM-2-Terrestrial-24-Caterpillar-1590.jpg
test,COD10K-CAM-2-Terrestrial-33-Grouse-1962.jpg,800x531,1,77.176,tgt,COD10K-CAM-1-Aquatic-18-StarFish-1155.jpg
test,COD10K-CAM-3-Flying-53-Bird-3084.jpg,800x531,1,63.976,tgt,COD10K-CAM-1-Aquatic-18-StarFish-1155.jpg
test,COD10K-CAM-2-Terrestrial-22-Bug-1285.jpg,1280x853,36,51.401,tgt,COD10K-CAM-2-Terrestrial-45-Spider-2537.jpg
test,COD10K-CAM-2-Terrestrial-22-Bug-1286.jpg,1280x853,36,73.136,tgt,COD10K-CAM-2-Terrestrial-38-Lizard-2177.jpg
test,COD10K-CAM-2-Terrestrial-22-Bug-1289.jpg,1280x853,36,46.623,tgt,COD10K-CAM-3-Flying-62-Mantis-4260.jpg
test,COD10K-CAM-2-Terrestrial-23-Cat-1331.jpg,1280x853,36,35.601,tgt,COD10K-CAM-1-Aquatic-19-Stingaree-1189.jpg
test,COD10K-CAM-2-Terrestrial-23-Cat-1337.jpg,1280x853,36,51.426,tgt,COD10K-CAM-3-Flying-62-Mantis-4260.jpg
test,COD10K-CAM-2-Terrestrial-26-Chameleon-1670.jpg,1280x853,36,49.731,tgt,COD10K-CAM-3-Flying-59-Grasshopper-3823.jpg
test,COD10K-CAM-2-Terrestrial-34-Human-2007.jpg,1280x853,36,60.044,tgt,COD10K-CAM-3-Flying-53-Bird-3172.jpg
test,COD10K-CAM-2-Terrestrial-34-Human-2017.jpg,1280x853,36,64.662,tgt,COD10K-CAM-3-Flying-53-Bird-3172.jpg
test,COD10K-CAM-2-Terrestrial-34-Human-2018.jpg,1280x853,36,80.743,tgt,COD10K-CAM-2-Terrestrial-38-Lizard-2174.jpg
test,COD10K-CAM-2-Terrestrial-37-Lion-2109.jpg,1280x853,36,50.696,tgt,COD10K-CAM-2-Terrestrial-38-Lizard-2175.jpg
test,COD10K-CAM-2-Terrestrial-38-Lizard-2119.jpg,1280x853,36,39.002,tgt,COD10K-CAM-1-Aquatic-19-Stingaree-1189.jpg
test,COD10K-CAM-2-Terrestrial-38-Lizard-2165.jpg,1280x853,36,54.859,tgt,COD10K-CAM-3-Flying-53-Bird-3172.jpg
test,COD10K-CAM-2-Terrestrial-38-Lizard-2176.jpg,1280x853,36,59.352,tgt,COD10K-CAM-2-Terrestrial-45-Spider-2537.jpg
test,COD10K-CAM-3-Flying-53-Bird-3175.jpg,1280x853,36,44.196,tgt,COD10K-CAM-3-Flying-62-Mantis-4259.jpg
test,COD10K-CAM-3-Flying-53-Bird-3176.jpg,1280x853,36,44.11,tgt,COD10K-CAM-3-Flying-53-Bird-3172.jpg
test,COD10K-CAM-3-Flying-59-Grasshopper-3814.jpg,1280x853,36,49.733,tgt,COD10K-CAM-3-Flying-62-Mantis-4260.jpg
test,COD10K-CAM-3-Flying-59-Grasshopper-3820.jpg,1280x853,36,37.7,tgt,COD10K-CAM-2-Terrestrial-38-Lizard-2175.jpg
test,COD10K-CAM-3-Flying-59-Grasshopper-3831.jpg,1280x853,36,39.289,tgt,COD10K-CAM-2-Terrestrial-38-Lizard-2175.jpg
test,COD10K-CAM-3-Flying-64-Moth-4455.jpg,1280x853,36,52.832,tgt,COD10K-CAM-3-Flying-62-Mantis-4260.jpg
test,COD10K-CAM-3-Flying-65-Owl-4531.jpg,1280x853,36,59.573,tgt,COD10K-CAM-3-Flying-53-Bird-3172.jpg
test,COD10K-CAM-3-Flying-65-Owl-4540.jpg,1280x853,36,55.823,tgt,COD10K-CAM-3-Flying-53-Bird-3172.jpg
test,COD10K-CAM-4-Amphibian-67-Frog-4694.jpg,1280x853,36,59.034,tgt,COD10K-CAM-1-Aquatic-3-Crab-28.jpg
test,COD10K-CAM-4-Amphibian-67-Frog-4728.jpg,1280x853,36,51.496,tgt,COD10K-CAM-3-Flying-53-Bird-3172.jpg
test,COD10K-CAM-4-Amphibian-68-Toad-4813.jpg,1280x853,36,40.898,tgt,COD10K-CAM-3-Flying-62-Mantis-4260.jpg
test,COD10K-CAM-4-Amphibian-68-Toad-4818.jpg,1280x853,36,72.619,tgt,COD10K-CAM-2-Terrestrial-34-Human-2022.jpg
test,COD10K-CAM-5-Other-69-Other-5049.jpg,1280x853,36,65.26,tgt,COD10K-CAM-2-Terrestrial-38-Lizard-2177.jpg
test,COD10K-CAM-2-Terrestrial-36-Leopard-2063.jpg,1024x639,4,57.022,tgt,COD10K-CAM-3-Flying-65-Owl-4631.jpg
test,COD10K-CAM-4-Amphibian-67-Frog-4803.jpg,1024x639,4,61.215,tgt,COD10K-CAM-3-Flying-61-Katydid-3991.jpg
test,COD10K-CAM-1-Aquatic-9-GhostPipefish-383.jpg,600x800,7,61.499,tgt,COD10K-CAM-3-Flying-58-Frogmouth-3609.jpg
test,COD10K-CAM-2-Terrestrial-23-Cat-1466.jpg,600x800,7,60.066,tgt,COD10K-CAM-3-Flying-58-Frogmouth-3609.jpg
test,COD10K-CAM-3-Flying-53-Bird-3038.jpg,600x800,7,59.052,tgt,COD10K-CAM-3-Flying-53-Bird-3186.jpg
test,COD10K-CAM-3-Flying-56-Cicada-3443.jpg,600x800,7,55.007,tgt,COD10K-CAM-3-Flying-53-Bird-3186.jpg
test,COD10K-CAM-3-Flying-61-Katydid-4110.jpg,600x800,7,74.308,tgt,COD10K-CAM-3-Flying-58-Frogmouth-3609.jpg
test,COD10K-CAM-3-Flying-61-Katydid-4111.jpg,600x800,7,45.379,tgt,COD10K-CAM-3-Flying-61-Katydid-4124.jpg
test,COD10K-CAM-1-Aquatic-15-SeaHorse-1006.jpg,1023x576,3,67.67,tgt,COD10K-CAM-1-Aquatic-19-Stingaree-1206.jpg
test,COD10K-CAM-3-Flying-59-Grasshopper-3745.jpg,1024x575,8,48.393,tgt,COD10K-CAM-2-Terrestrial-30-Duck-1864.jpg
test,COD10K-CAM-3-Flying-59-Grasshopper-3802.jpg,1024x575,8,51.363,tgt,COD10K-CAM-2-Terrestrial-49-Worm-2928.jpg
test,COD10K-CAM-4-Amphibian-68-Toad-4929.jpg,1024x575,8,61.733,tgt,COD10K-CAM-2-Terrestrial-30-Duck-1864.jpg
test,COD10K-CAM-1-Aquatic-13-Pipefish-576.jpg,1024x500,1,81.932,tgt,COD10K-CAM-1-Aquatic-20-Turtle-1215.jpg
test,COD10K-CAM-2-Terrestrial-23-Cat-1498.jpg,1024x662,1,62.781,tgt,COD10K-CAM-1-Aquatic-20-Turtle-1217.jpg
test,COD10K-CAM-2-Terrestrial-45-Spider-2534.jpg,1024x744,6,71.496,tgt,COD10K-CAM-2-Terrestrial-38-Lizard-2252.jpg
test,COD10K-CAM-2-Terrestrial-26-Chameleon-1667.jpg,1280x854,1,66.436,tgt,COD10K-CAM-1-Aquatic-3-Crab-26.jpg
test,COD10K-CAM-2-Terrestrial-27-Cheetah-1739.jpg,1280x854,1,60.193,tgt,COD10K-CAM-1-Aquatic-3-Crab-26.jpg
test,COD10K-CAM-2-Terrestrial-26-Chameleon-1671.jpg,1280x959,3,73.929,tgt,COD10K-CAM-2-Terrestrial-38-Lizard-2193.jpg
test,COD10K-CAM-2-Terrestrial-45-Spider-2544.jpg,1280x959,3,61.365,tgt,COD10K-CAM-4-Amphibian-67-Frog-4692.jpg
test,COD10K-CAM-2-Terrestrial-30-Duck-1868.jpg,768x576,3,57.101,tgt,COD10K-CAM-1-Aquatic-3-Crab-48.jpg
test,COD10K-CAM-2-Terrestrial-45-Spider-2532.jpg,637x1024,1,122.653,tgt,COD10K-CAM-1-Aquatic-3-Crab-53.jpg
test,COD10K-CAM-2-Terrestrial-21-Ant-1240.jpg,1023x683,14,33.951,tgt,COD10K-CAM-3-Flying-61-Katydid-3946.jpg
test,COD10K-CAM-2-Terrestrial-34-Human-1997.jpg,1023x683,14,62.78,tgt,COD10K-CAM-3-Flying-62-Mantis-4250.jpg
test,COD10K-CAM-2-Terrestrial-45-Spider-2606.jpg,1023x683,14,50.771,tgt,COD10K-CAM-3-Flying-55-Butterfly-3410.jpg
test,COD10K-CAM-3-Flying-62-Mantis-4279.jpg,1023x683,14,33.235,tgt,COD10K-CAM-3-Flying-62-Mantis-4250.jpg
test,COD10K-CAM-3-Flying-62-Mantis-4296.jpg,1023x683,14,57.245,tgt,COD10K-CAM-3-Flying-55-Butterfly-3410.jpg
test,COD10K-CAM-3-Flying-64-Moth-4447.jpg,1023x683,14,47.631,tgt,COD10K-CAM-3-Flying-55-Butterfly-3415.jpg
test,COD10K-CAM-3-Flying-65-Owl-4640.jpg,1023x683,14,60.094,tgt,COD10K-CAM-3-Flying-62-Mantis-4250.jpg
test,COD10K-CAM-4-Amphibian-67-Frog-4701.jpg,1023x683,14,43.25,tgt,COD10K-CAM-3-Flying-55-Butterfly-3410.jpg
test,COD10K-CAM-1-Aquatic-7-Flounder-289.jpg,900x600,6,47.794,tgt,COD10K-CAM-2-Terrestrial-40-Rabbit-2353.jpg
test,COD10K-CAM-2-Terrestrial-40-Rabbit-2352.jpg,900x600,6,25.507,tgt,COD10K-CAM-2-Terrestrial-40-Rabbit-2354.jpg
test,COD10K-CAM-3-Flying-64-Moth-4448.jpg,900x600,6,44.428,tgt,COD10K-CAM-2-Terrestrial-40-Rabbit-2353.jpg
test,COD10K-CAM-1-Aquatic-1-BatFish-4.jpg,1024x680,23,43.653,tgt,COD10K-CAM-3-Flying-55-Butterfly-3294.jpg
test,COD10K-CAM-1-Aquatic-14-ScorpionFish-863.jpg,1024x680,23,52.276,tgt,COD10K-CAM-2-Terrestrial-37-Lion-2106.jpg
test,COD10K-CAM-1-Aquatic-4-Crocodile-105.jpg,1024x680,23,45.87,tgt,COD10K-CAM-2-Terrestrial-38-Lizard-2265.jpg
test,COD10K-CAM-1-Aquatic-6-Fish-235.jpg,1024x680,23,53.973,tgt,COD10K-CAM-1-Aquatic-6-Fish-187.jpg
test,COD10K-CAM-2-Terrestrial-28-Deer-1792.jpg,1024x680,23,36.605,tgt,COD10K-CAM-2-Terrestrial-37-Lion-2106.jpg
test,COD10K-CAM-2-Terrestrial-37-Lion-2107.jpg,1024x680,23,48.247,tgt,COD10K-CAM-2-Terrestrial-37-Lion-2106.jpg
test,COD10K-CAM-2-Terrestrial-42-Sciuridae-2400.jpg,1024x680,23,53.274,tgt,COD10K-CAM-2-Terrestrial-23-Cat-1346.jpg
test,COD10K-CAM-2-Terrestrial-46-StickInsect-2856.jpg,1024x680,23,52.712,tgt,COD10K-CAM-1-Aquatic-6-Fish-187.jpg
test,COD10K-CAM-2-Terrestrial-47-Tiger-2899.jpg,1024x680,23,32.559,tgt,COD10K-CAM-2-Terrestrial-37-Lion-2106.jpg
test,COD10K-CAM-2-Terrestrial-47-Tiger-2901.jpg,1024x680,23,39.378,tgt,COD10K-CAM-2-Terrestrial-37-Lion-2106.jpg
test,COD10K-CAM-2-Terrestrial-47-Tiger-2902.jpg,1024x680,23,45.747,tgt,COD10K-CAM-2-Terrestrial-37-Lion-2106.jpg
test,COD10K-CAM-2-Terrestrial-47-Tiger-2903.jpg,1024x680,23,42.036,tgt,COD10K-CAM-2-Terrestrial-37-Lion-2106.jpg
test,COD10K-CAM-2-Terrestrial-47-Tiger-2906.jpg,1024x680,23,47.067,tgt,COD10K-CAM-2-Terrestrial-23-Cat-1346.jpg
test,COD10K-CAM-3-Flying-55-Butterfly-3339.jpg,1024x680,23,46.71,tgt,COD10K-CAM-2-Terrestrial-47-Tiger-2900.jpg
test,COD10K-CAM-3-Flying-56-Cicada-3478.jpg,1024x680,23,41.58,tgt,COD10K-CAM-2-Terrestrial-47-Tiger-2881.jpg
test,COD10K-CAM-3-Flying-59-Grasshopper-3736.jpg,1024x680,23,46.144,tgt,COD10K-CAM-2-Terrestrial-23-Cat-1346.jpg
test,COD10K-CAM-3-Flying-61-Katydid-4045.jpg,1024x680,23,49.81,tgt,COD10K-CAM-1-Aquatic-6-Fish-187.jpg
test,COD10K-CAM-3-Flying-62-Mantis-4307.jpg,1024x680,23,50.164,tgt,COD10K-CAM-2-Terrestrial-37-Lion-2106.jpg
test,COD10K-CAM-4-Amphibian-67-Frog-4783.jpg,1024x680,23,39.046,tgt,COD10K-CAM-2-Terrestrial-47-Tiger-2881.jpg
test,COD10K-CAM-1-Aquatic-15-SeaHorse-1083.jpg,1024x696,3,66.44,tgt,COD10K-CAM-3-Flying-59-Grasshopper-3685.jpg
test,COD10K-CAM-1-Aquatic-3-Crab-73.jpg,1024x1024,26,63.592,tgt,COD10K-CAM-4-Amphibian-68-Toad-4934.jpg
test,COD10K-CAM-2-Terrestrial-21-Ant-1246.jpg,1024x1024,26,41.635,tgt,COD10K-CAM-3-Flying-53-Bird-3206.jpg
test,COD10K-CAM-2-Terrestrial-23-Cat-1329.jpg,1024x1024,26,57.061,tgt,COD10K-CAM-2-Terrestrial-45-Spider-2546.jpg
test,COD10K-CAM-2-Terrestrial-23-Cat-1369.jpg,1024x1024,26,60.012,tgt,COD10K-CAM-2-Terrestrial-45-Spider-2546.jpg
test,COD10K-CAM-2-Terrestrial-24-Caterpillar-1607.jpg,1024x1024,26,55.756,tgt,COD10K-CAM-2-Terrestrial-45-Spider-2518.jpg
test,COD10K-CAM-2-Terrestrial-29-Dog-1840.jpg,1024x1024,26,59.046,tgt,COD10K-CAM-3-Flying-55-Butterfly-3316.jpg
test,COD10K-CAM-2-Terrestrial-36-Leopard-2059.jpg,1024x1024,26,43.543,tgt,COD10K-CAM-4-Amphibian-68-Toad-4952.jpg
test,COD10K-CAM-2-Terrestrial-36-Leopard-2090.jpg,1024x1024,26,55.278,tgt,COD10K-CAM-4-Amphibian-68-Toad-4952.jpg
test,COD10K-CAM-2-Terrestrial-45-Spider-2632.jpg,1024x1024,26,51.861,tgt,COD10K-CAM-3-Flying-65-Owl-4655.jpg
test,COD10K-CAM-3-Flying-56-Cicada-3482.jpg,1024x1024,26,60.029,tgt,COD10K-CAM-4-Amphibian-68-Toad-4934.jpg
test,COD10K-CAM-3-Flying-56-Cicada-3543.jpg,1024x1024,26,53.336,tgt,COD10K-CAM-4-Amphibian-68-Toad-4934.jpg
test,COD10K-CAM-3-Flying-59-Grasshopper-3657.jpg,1024x1024,26,36.571,tgt,COD10K-CAM-3-Flying-55-Butterfly-3414.jpg
test,COD10K-CAM-3-Flying-61-Katydid-4107.jpg,1024x1024,26,28.986,tgt,COD10K-CAM-3-Flying-53-Bird-3206.jpg
test,COD10K-CAM-3-Flying-64-Moth-4457.jpg,1024x1024,26,45.234,tgt,COD10K-CAM-3-Flying-55-Butterfly-3414.jpg
test,COD10K-CAM-4-Amphibian-68-Toad-4978.jpg,1024x1024,26,46.21,tgt,COD10K-CAM-2-Terrestrial-45-Spider-2518.jpg
test,COD10K-CAM-3-Flying-53-Bird-3051.jpg,1600x900,4,52.556,tgt,COD10K-CAM-5-Other-69-Other-5036.jpg
test,COD10K-CAM-3-Flying-59-Grasshopper-3834.jpg,1280x856,2,75.131,tgt,COD10K-CAM-2-Terrestrial-28-Deer-1776.jpg
test,COD10K-CAM-5-Other-69-Other-5051.jpg,1280x856,2,75.759,tgt,COD10K-CAM-2-Terrestrial-28-Deer-1776.jpg
test,COD10K-CAM-2-Terrestrial-31-Gecko-1882.jpg,500x375,6,54.348,tgt,camourflage_00584.jpg
test,COD10K-CAM-2-Terrestrial-45-Spider-2553.jpg,500x375,6,48.245,tgt,COD10K-CAM-1-Aquatic-4-Crocodile-106.jpg
test,COD10K-CAM-3-Flying-53-Bird-3104.jpg,500x375,6,55.746,tgt,camourflage_00584.jpg
test,COD10K-CAM-1-Aquatic-13-Pipefish-789.jpg,684x1024,1,91.494,tgt,COD10K-CAM-1-Aquatic-4-Crocodile-107.jpg
test,COD10K-CAM-2-Terrestrial-45-Spider-2656.jpg,684x1024,1,67.005,tgt,COD10K-CAM-1-Aquatic-4-Crocodile-107.jpg
test,COD10K-CAM-2-Terrestrial-45-Spider-2723.jpg,684x1024,1,59.363,tgt,COD10K-CAM-1-Aquatic-4-Crocodile-107.jpg
test,COD10K-CAM-3-Flying-57-Dragonfly-3576.jpg,684x1024,1,78.427,tgt,COD10K-CAM-1-Aquatic-4-Crocodile-107.jpg
test,COD10K-CAM-3-Flying-60-Heron-3928.jpg,684x1024,1,81.294,tgt,COD10K-CAM-1-Aquatic-4-Crocodile-107.jpg
test,COD10K-CAM-3-Flying-65-Owl-4626.jpg,684x1024,1,72.403,tgt,COD10K-CAM-1-Aquatic-4-Crocodile-107.jpg
test,COD10K-CAM-3-Flying-55-Butterfly-3393.jpg,1280x847,2,61.817,tgt,COD10K-CAM-1-Aquatic-4-Crocodile-112.jpg
test,COD10K-CAM-2-Terrestrial-38-Lizard-2125.jpg,1820x1024,3,70.494,tgt,COD10K-CAM-2-Terrestrial-38-Lizard-2122.jpg
test,COD10K-CAM-2-Terrestrial-38-Lizard-2126.jpg,1820x1024,3,59.336,tgt,COD10K-CAM-2-Terrestrial-38-Lizard-2122.jpg
test,COD10K-CAM-2-Terrestrial-44-Snake-2491.jpg,1820x1024,3,70.775,tgt,COD10K-CAM-2-Terrestrial-38-Lizard-2124.jpg
test,COD10K-CAM-1-Aquatic-15-SeaHorse-997.jpg,1024x720,2,64.574,tgt,COD10K-CAM-3-Flying-55-Butterfly-3371.jpg
test,COD10K-CAM-3-Flying-59-Grasshopper-3701.jpg,1024x836,1,91.75,tgt,COD10K-CAM-1-Aquatic-6-Fish-145.jpg
test,COD10K-CAM-1-Aquatic-13-Pipefish-560.jpg,1024x714,2,62.4,tgt,COD10K-CAM-3-Flying-61-Katydid-4040.jpg
test,COD10K-CAM-1-Aquatic-15-SeaHorse-1078.jpg,1024x714,2,79.267,tgt,COD10K-CAM-3-Flying-61-Katydid-4040.jpg
test,COD10K-CAM-3-Flying-59-Grasshopper-3650.jpg,1024x714,2,69.567,tgt,COD10K-CAM-3-Flying-61-Katydid-4040.jpg
test,COD10K-CAM-2-Terrestrial-45-Spider-2609.jpg,1023x819,2,67.051,tgt,COD10K-CAM-3-Flying-53-Bird-3129.jpg
test,COD10K-CAM-1-Aquatic-13-Pipefish-689.jpg,1024x759,1,69.756,tgt,COD10K-CAM-1-Aquatic-6-Fish-170.jpg
test,COD10K-CAM-2-Terrestrial-23-Cat-1532.jpg,1024x660,3,63.067,tgt,COD10K-CAM-1-Aquatic-6-Fish-172.jpg
test,COD10K-CAM-2-Terrestrial-38-Lizard-2218.jpg,1023x650,3,68.242,tgt,COD10K-CAM-1-Aquatic-6-Fish-181.jpg
test,COD10K-CAM-3-Flying-59-Grasshopper-3720.jpg,1023x650,3,59.23,tgt,COD10K-CAM-1-Aquatic-6-Fish-181.jpg
test,COD10K-CAM-3-Flying-61-Katydid-3990.jpg,1023x650,3,49.041,tgt,COD10K-CAM-1-Aquatic-6-Fish-181.jpg
test,COD10K-CAM-1-Aquatic-9-GhostPipefish-347.jpg,1023x575,2,69.835,tgt,COD10K-CAM-1-Aquatic-7-Flounder-256.jpg
test,COD10K-CAM-2-Terrestrial-23-Cat-1400.jpg,1023x575,2,83.886,tgt,COD10K-CAM-1-Aquatic-7-Flounder-256.jpg
test,COD10K-CAM-3-Flying-61-Katydid-4206.jpg,1024x728,1,84.353,tgt,COD10K-CAM-1-Aquatic-7-Flounder-267.jpg
test,COD10K-CAM-1-Aquatic-4-Crocodile-119.jpg,1024x724,7,36.43,tgt,COD10K-CAM-1-Aquatic-7-Flounder-275.jpg
test,COD10K-CAM-2-Terrestrial-49-Worm-2939.jpg,1024x724,7,59.902,tgt,COD10K-CAM-3-Flying-61-Katydid-4053.jpg
test,COD10K-CAM-3-Flying-55-Butterfly-3377.jpg,1024x724,7,56.671,tgt,COD10K-CAM-2-Terrestrial-24-Caterpillar-1583.jpg
test,COD10K-CAM-3-Flying-55-Butterfly-3408.jpg,1024x724,7,51.891,tgt,COD10K-CAM-2-Terrestrial-28-Deer-1781.jpg
test,COD10K-CAM-3-Flying-65-Owl-4597.jpg,1024x724,7,53.198,tgt,COD10K-CAM-2-Terrestrial-24-Caterpillar-1583.jpg
test,COD10K-CAM-3-Flying-65-Owl-4633.jpg,1024x724,7,0.0,tgt,COD10K-CAM-3-Flying-53-Bird-3205.jpg
test,COD10K-CAM-2-Terrestrial-41-Reccoon-2375.jpg,426x640,4,70.159,tgt,camourflage_01167.jpg
test,COD10K-CAM-3-Flying-63-Mockingbird-4410.jpg,426x640,4,67.808,tgt,COD10K-CAM-2-Terrestrial-45-Spider-2740.jpg
test,COD10K-CAM-4-Amphibian-67-Frog-4702.jpg,426x640,4,63.122,tgt,COD10K-CAM-2-Terrestrial-45-Spider-2740.jpg
test,COD10K-CAM-2-Terrestrial-45-Spider-2508.jpg,1023x592,1,49.343,tgt,COD10K-CAM-1-Aquatic-9-GhostPipefish-313.jpg
test,COD10K-CAM-2-Terrestrial-38-Lizard-2244.jpg,1024x620,4,80.832,tgt,COD10K-CAM-5-Other-69-Other-5056.jpg
test,COD10K-CAM-2-Terrestrial-46-StickInsect-2864.jpg,1024x620,4,50.003,tgt,COD10K-CAM-1-Aquatic-9-GhostPipefish-314.jpg
test,COD10K-CAM-2-Terrestrial-45-Spider-2690.jpg,1024x659,4,75.524,tgt,COD10K-CAM-3-Flying-61-Katydid-4169.jpg
test,COD10K-CAM-3-Flying-54-Bittern-3254.jpg,1024x659,4,67.869,tgt,COD10K-CAM-2-Terrestrial-45-Spider-2680.jpg
test,COD10K-CAM-1-Aquatic-14-ScorpionFish-943.jpg,1024x719,1,105.879,tgt,COD10K-CAM-1-Aquatic-9-GhostPipefish-336.jpg
test,COD10K-CAM-3-Flying-58-Frogmouth-3604.jpg,750x500,6,61.227,tgt,COD10K-CAM-1-Aquatic-9-GhostPipefish-351.jpg
test,COD10K-CAM-4-Amphibian-68-Toad-4887.jpg,1023x781,1,87.142,tgt,COD10K-CAM-1-Aquatic-9-GhostPipefish-354.jpg
test,COD10K-CAM-1-Aquatic-11-Octopus-463.jpg,1024x653,2,70.33,tgt,COD10K-CAM-1-Aquatic-9-GhostPipefish-363.jpg
test,COD10K-CAM-1-Aquatic-13-Pipefish-547.jpg,1024x653,2,55.544,tgt,COD10K-CAM-2-Terrestrial-48-Wolf-2923.jpg
test,COD10K-CAM-1-Aquatic-13-Pipefish-777.jpg,1001x667,1,58.837,tgt,COD10K-CAM-1-Aquatic-9-GhostPipefish-373.jpg
test,COD10K-CAM-2-Terrestrial-21-Ant-1233.jpg,1024x591,2,65.214,tgt,COD10K-CAM-3-Flying-53-Bird-3178.jpg
test,COD10K-CAM-4-Amphibian-67-Frog-4775.jpg,640x427,3,70.099,tgt,COD10K-CAM-1-Aquatic-9-GhostPipefish-405.jpg
test,COD10K-CAM-2-Terrestrial-38-Lizard-2150.jpg,1024x1022,1,47.884,tgt,COD10K-CAM-2-Terrestrial-21-Ant-1234.jpg
test,COD10K-CAM-3-Flying-60-Heron-3906.jpg,1024x1022,1,55.758,tgt,COD10K-CAM-2-Terrestrial-21-Ant-1234.jpg
test,COD10K-CAM-3-Flying-63-Mockingbird-4414.jpg,1024x615,4,59.96,tgt,COD10K-CAM-3-Flying-56-Cicada-3512.jpg
test,COD10K-CAM-2-Terrestrial-28-Deer-1795.jpg,1280x720,7,47.18,tgt,COD10K-CAM-2-Terrestrial-26-Chameleon-1673.jpg
test,COD10K-CAM-2-Terrestrial-38-Lizard-2155.jpg,1280x720,7,55.841,tgt,COD10K-CAM-2-Terrestrial-26-Chameleon-1673.jpg
test,COD10K-CAM-2-Terrestrial-38-Lizard-2183.jpg,1280x720,7,66.804,tgt,COD10K-CAM-2-Terrestrial-38-Lizard-2156.jpg
test,COD10K-CAM-2-Terrestrial-38-Lizard-2172.jpg,480x720,6,56.932,tgt,camourflage_00324.jpg
test,COD10K-CAM-2-Terrestrial-44-Snake-2458.jpg,480x720,6,60.395,tgt,camourflage_00324.jpg
test,COD10K-CAM-3-Flying-62-Mantis-4276.jpg,480x720,6,50.647,tgt,COD10K-CAM-2-Terrestrial-46-StickInsect-2812.jpg
test,COD10K-CAM-3-Flying-55-Butterfly-3386.jpg,612x612,5,68.259,tgt,camourflage_00241.jpg
test,COD10K-CAM-2-Terrestrial-23-Cat-1424.jpg,1023x768,4,57.998,tgt,COD10K-CAM-2-Terrestrial-45-Spider-2758.jpg
test,COD10K-CAM-2-Terrestrial-45-Spider-2763.jpg,1023x768,4,67.731,tgt,COD10K-CAM-2-Terrestrial-45-Spider-2758.jpg
test,COD10K-CAM-3-Flying-61-Katydid-4060.jpg,1023x768,4,63.799,tgt,COD10K-CAM-2-Terrestrial-45-Spider-2758.jpg
test,COD10K-CAM-1-Aquatic-7-Flounder-266.jpg,1024x700,3,55.702,tgt,COD10K-CAM-5-Other-69-Other-5035.jpg
test,COD10K-CAM-2-Terrestrial-29-Dog-1832.jpg,1024x700,3,68.063,tgt,COD10K-CAM-3-Flying-55-Butterfly-3311.jpg
test,COD10K-CAM-2-Terrestrial-34-Human-2014.jpg,540x720,10,63.09,tgt,COD10K-CAM-2-Terrestrial-38-Lizard-2182.jpg
test,COD10K-CAM-2-Terrestrial-46-StickInsect-2811.jpg,540x720,10,63.109,tgt,COD10K-CAM-2-Terrestrial-38-Lizard-2163.jpg
test,COD10K-CAM-3-Flying-59-Grasshopper-3828.jpg,540x720,10,61.6,tgt,COD10K-CAM-2-Terrestrial-31-Gecko-1904.jpg
test,COD10K-CAM-3-Flying-50-Bat-2955.jpg,1024x663,3,51.838,tgt,COD10K-CAM-3-Flying-53-Bird-3045.jpg
test,COD10K-CAM-3-Flying-54-Bittern-3268.jpg,1024x663,3,58.71,tgt,COD10K-CAM-3-Flying-53-Bird-3045.jpg
test,COD10K-CAM-3-Flying-53-Bird-3241.jpg,1024x641,8,47.531,tgt,COD10K-CAM-3-Flying-61-Katydid-3948.jpg
test,COD10K-CAM-3-Flying-56-Cicada-3447.jpg,1024x641,8,45.131,tgt,COD10K-CAM-2-Terrestrial-45-Spider-2585.jpg
test,COD10K-CAM-3-Flying-66-Owlfly-4676.jpg,1024x641,8,57.475,tgt,COD10K-CAM-3-Flying-56-Cicada-3475.jpg
test,COD10K-CAM-2-Terrestrial-45-Spider-2771.jpg,1024x1016,1,79.281,tgt,COD10K-CAM-2-Terrestrial-23-Cat-1357.jpg
test,COD10K-CAM-2-Terrestrial-22-Bug-1268.jpg,1024x629,4,55.165,tgt,COD10K-CAM-2-Terrestrial-49-Worm-2927.jpg
test,COD10K-CAM-2-Terrestrial-31-Gecko-1929.jpg,1024x629,4,56.333,tgt,COD10K-CAM-2-Terrestrial-23-Cat-1375.jpg
test,COD10K-CAM-3-Flying-65-Owl-4609.jpg,1024x629,4,54.006,tgt,COD10K-CAM-2-Terrestrial-24-Caterpillar-1549.jpg
test,COD10K-CAM-2-Terrestrial-23-Cat-1392.jpg,793x595,7,55.7,tgt,COD10K-CAM-2-Terrestrial-23-Cat-1393.jpg
test,COD10K-CAM-2-Terrestrial-23-Cat-1394.jpg,793x595,7,35.246,tgt,COD10K-CAM-2-Terrestrial-23-Cat-1397.jpg
test,COD10K-CAM-1-Aquatic-15-SeaHorse-1047.jpg,1023x680,1,82.79,tgt,COD10K-CAM-2-Terrestrial-23-Cat-1406.jpg
test,COD10K-CAM-3-Flying-65-Owl-4550.jpg,816x1024,1,70.914,tgt,COD10K-CAM-2-Terrestrial-23-Cat-1408.jpg
test,COD10K-CAM-1-Aquatic-19-Stingaree-1192.jpg,1024x613,1,50.799,tgt,COD10K-CAM-2-Terrestrial-23-Cat-1435.jpg
test,COD10K-CAM-1-Aquatic-6-Fish-160.jpg,1024x613,1,85.214,tgt,COD10K-CAM-2-Terrestrial-23-Cat-1435.jpg
test,COD10K-CAM-2-Terrestrial-38-Lizard-2205.jpg,1024x613,1,64.366,tgt,COD10K-CAM-2-Terrestrial-23-Cat-1435.jpg
test,COD10K-CAM-3-Flying-64-Moth-4443.jpg,800x573,1,83.524,tgt,COD10K-CAM-2-Terrestrial-23-Cat-1503.jpg
test,COD10K-CAM-4-Amphibian-68-Toad-4876.jpg,972x627,1,65.482,tgt,COD10K-CAM-2-Terrestrial-23-Cat-1540.jpg
test,COD10K-CAM-2-Terrestrial-40-Rabbit-2340.jpg,1024x732,9,43.65,tgt,COD10K-CAM-3-Flying-60-Heron-3908.jpg
test,COD10K-CAM-3-Flying-53-Bird-3246.jpg,1024x732,9,69.584,tgt,COD10K-CAM-2-Terrestrial-45-Spider-2623.jpg
test,COD10K-CAM-3-Flying-65-Owl-4647.jpg,1024x732,9,48.066,tgt,COD10K-CAM-2-Terrestrial-36-Leopard-2094.jpg
test,COD10K-CAM-3-Flying-65-Owl-4659.jpg,1024x732,9,64.342,tgt,COD10K-CAM-3-Flying-60-Heron-3908.jpg
test,COD10K-CAM-2-Terrestrial-22-Bug-1278.jpg,1024x592,1,84.672,tgt,COD10K-CAM-2-Terrestrial-24-Caterpillar-1559.jpg
test,COD10K-CAM-1-Aquatic-14-ScorpionFish-865.jpg,1024x819,6,50.274,tgt,COD10K-CAM-4-Amphibian-68-Toad-4885.jpg
test,COD10K-CAM-1-Aquatic-3-Crab-99.jpg,1024x819,6,62.063,tgt,COD10K-CAM-3-Flying-53-Bird-3156.jpg
test,COD10K-CAM-2-Terrestrial-45-Spider-2602.jpg,1024x819,6,64.221,tgt,COD10K-CAM-4-Amphibian-68-Toad-4885.jpg
test,COD10K-CAM-3-Flying-53-Bird-3132.jpg,1024x819,6,56.791,tgt,COD10K-CAM-3-Flying-53-Bird-3156.jpg
test,COD10K-CAM-3-Flying-55-Butterfly-3335.jpg,1024x819,6,49.356,tgt,COD10K-CAM-2-Terrestrial-24-Caterpillar-1585.jpg
test,COD10K-CAM-3-Flying-56-Cicada-3515.jpg,1024x819,6,57.302,tgt,COD10K-CAM-3-Flying-53-Bird-3156.jpg
test,COD10K-CAM-3-Flying-61-Katydid-4167.jpg,1024x819,6,60.702,tgt,COD10K-CAM-3-Flying-53-Bird-3156.jpg
test,COD10K-CAM-3-Flying-65-Owl-4527.jpg,1024x819,6,48.196,tgt,COD10K-CAM-2-Terrestrial-30-Duck-1875.jpg
test,COD10K-CAM-3-Flying-61-Katydid-4087.jpg,1023x726,1,76.752,tgt,COD10K-CAM-2-Terrestrial-24-Caterpillar-1599.jpg
test,COD10K-CAM-3-Flying-66-Owlfly-4669.jpg,1024x478,1,57.783,tgt,COD10K-CAM-2-Terrestrial-24-Caterpillar-1606.jpg
test,COD10K-CAM-3-Flying-62-Mantis-4288.jpg,667x1000,1,51.001,tgt,COD10K-CAM-2-Terrestrial-24-Caterpillar-1609.jpg
test,COD10K-CAM-3-Flying-61-Katydid-4082.jpg,1024x537,5,42.43,tgt,COD10K-CAM-4-Amphibian-68-Toad-4916.jpg
test,COD10K-CAM-3-Flying-59-Grasshopper-3768.jpg,1024x729,3,63.615,tgt,COD10K-CAM-2-Terrestrial-24-Caterpillar-1615.jpg
test,COD10K-CAM-3-Flying-53-Bird-3056.jpg,1024x688,2,36.291,tgt,COD10K-CAM-2-Terrestrial-24-Caterpillar-1625.jpg
test,COD10K-CAM-2-Terrestrial-24-Caterpillar-1541.jpg,900x675,3,67.037,tgt,COD10K-CAM-3-Flying-59-Grasshopper-3631.jpg
test,COD10K-CAM-3-Flying-62-Mantis-4272.jpg,900x675,3,58.472,tgt,COD10K-CAM-2-Terrestrial-24-Caterpillar-1627.jpg
test,COD10K-CAM-2-Terrestrial-24-Caterpillar-1653.jpg,495x720,1,51.914,tgt,COD10K-CAM-2-Terrestrial-24-Caterpillar-1654.jpg
test,COD10K-CAM-1-Aquatic-4-Crocodile-118.jpg,1024x689,1,73.023,tgt,COD10K-CAM-2-Terrestrial-25-Centipede-1661.jpg
test,COD10K-CAM-1-Aquatic-9-GhostPipefish-409.jpg,576x1024,3,63.413,tgt,COD10K-CAM-3-Flying-61-Katydid-4139.jpg
test,COD10K-CAM-2-Terrestrial-23-Cat-1328.jpg,576x1024,3,56.882,tgt,COD10K-CAM-2-Terrestrial-25-Centipede-1662.jpg
test,COD10K-CAM-3-Flying-59-Grasshopper-3630.jpg,576x1024,3,70.244,tgt,COD10K-CAM-3-Flying-61-Katydid-4139.jpg
test,COD10K-CAM-3-Flying-59-Grasshopper-3857.jpg,576x1024,3,50.278,tgt,COD10K-CAM-2-Terrestrial-49-Worm-2925.jpg
test,COD10K-CAM-4-Amphibian-68-Toad-4926.jpg,576x1024,3,65.714,tgt,COD10K-CAM-2-Terrestrial-49-Worm-2925.jpg
test,COD10K-CAM-2-Terrestrial-26-Chameleon-1711.jpg,1280x851,2,45.546,tgt,COD10K-CAM-2-Terrestrial-26-Chameleon-1672.jpg
test,COD10K-CAM-2-Terrestrial-38-Lizard-2178.jpg,1280x851,2,75.497,tgt,COD10K-CAM-2-Terrestrial-34-Human-2020.jpg
test,COD10K-CAM-2-Terrestrial-23-Cat-1472.jpg,766x1024,1,85.996,tgt,COD10K-CAM-2-Terrestrial-26-Chameleon-1694.jpg
test,COD10K-CAM-2-Terrestrial-31-Gecko-1892.jpg,766x1024,1,0.0,tgt,COD10K-CAM-2-Terrestrial-26-Chameleon-1694.jpg
test,COD10K-CAM-1-Aquatic-10-LeafySeaDragon-422.jpg,800x536,4,63.202,tgt,camourflage_00629.jpg
test,COD10K-CAM-3-Flying-62-Mantis-4283.jpg,1024x808,1,55.874,tgt,COD10K-CAM-2-Terrestrial-27-Cheetah-1748.jpg
test,COD10K-CAM-3-Flying-65-Owl-4517.jpg,1024x809,1,78.48,tgt,COD10K-CAM-2-Terrestrial-27-Cheetah-1749.jpg
test,COD10K-CAM-2-Terrestrial-24-Caterpillar-1626.jpg,1024x856,2,57.983,tgt,COD10K-CAM-3-Flying-59-Grasshopper-3757.jpg
test,COD10K-CAM-2-Terrestrial-42-Sciuridae-2397.jpg,1024x856,2,68.415,tgt,COD10K-CAM-2-Terrestrial-28-Deer-1780.jpg
test,COD10K-CAM-3-Flying-65-Owl-4558.jpg,800x534,4,70.114,tgt,camourflage_00173.jpg
test,COD10K-CAM-2-Terrestrial-26-Chameleon-1737.jpg,500x333,10,42.767,tgt,COD10K-CAM-2-Terrestrial-45-Spider-2558.jpg
test,COD10K-CAM-2-Terrestrial-28-Deer-1773.jpg,500x333,10,44.468,tgt,COD10K-CAM-3-Flying-51-Bee-2989.jpg
test,COD10K-CAM-2-Terrestrial-34-Human-2037.jpg,500x333,10,58.478,tgt,COD10K-CAM-3-Flying-53-Bird-3095.jpg
test,COD10K-CAM-2-Terrestrial-38-Lizard-2194.jpg,500x333,10,55.555,tgt,COD10K-CAM-3-Flying-51-Bee-2989.jpg
test,COD10K-CAM-2-Terrestrial-45-Spider-2554.jpg,500x333,10,34.215,tgt,COD10K-CAM-2-Terrestrial-38-Lizard-2191.jpg
test,COD10K-CAM-4-Amphibian-67-Frog-4721.jpg,500x333,10,33.676,tgt,COD10K-CAM-2-Terrestrial-38-Lizard-2191.jpg
test,COD10K-CAM-5-Other-69-Other-5029.jpg,500x333,10,48.703,tgt,COD10K-CAM-3-Flying-51-Bee-2989.jpg
test,COD10K-CAM-2-Terrestrial-25-Centipede-1659.jpg,1024x702,3,65.458,tgt,COD10K-CAM-2-Terrestrial-30-Duck-1874.jpg
test,COD10K-CAM-3-Flying-53-Bird-3167.jpg,1024x702,3,69.528,tgt,COD10K-CAM-2-Terrestrial-30-Duck-1874.jpg
test,COD10K-CAM-2-Terrestrial-31-Gecko-1908.jpg,1600x1066,1,91.098,tgt,COD10K-CAM-2-Terrestrial-30-Duck-1878.jpg
test,COD10K-CAM-2-Terrestrial-45-Spider-2494.jpg,880x587,2,63.376,tgt,camourflage_00106.jpg
test,COD10K-CAM-3-Flying-59-Grasshopper-3880.jpg,1024x630,4,53.364,tgt,COD10K-CAM-3-Flying-61-Katydid-4137.jpg
test,COD10K-CAM-4-Amphibian-68-Toad-4941.jpg,1024x630,4,58.137,tgt,COD10K-CAM-3-Flying-61-Katydid-4137.jpg
test,COD10K-CAM-1-Aquatic-13-Pipefish-559.jpg,757x1024,1,93.197,tgt,COD10K-CAM-2-Terrestrial-31-Gecko-1925.jpg
test,COD10K-CAM-2-Terrestrial-32-Giraffe-1932.jpg,1200x792,1,0.0,tgt,COD10K-CAM-2-Terrestrial-32-Giraffe-1930.jpg
test,COD10K-CAM-2-Terrestrial-23-Cat-1386.jpg,640x640,10,57.9,tgt,COD10K-CAM-2-Terrestrial-42-Sciuridae-2387.jpg
test,COD10K-CAM-2-Terrestrial-40-Rabbit-2348.jpg,640x640,10,43.241,tgt,COD10K-CAM-3-Flying-55-Butterfly-3402.jpg
test,COD10K-CAM-2-Terrestrial-45-Spider-2721.jpg,640x640,10,43.478,tgt,COD10K-CAM-3-Flying-55-Butterfly-3402.jpg
test,COD10K-CAM-3-Flying-55-Butterfly-3403.jpg,640x640,10,55.176,tgt,COD10K-CAM-3-Flying-55-Butterfly-3402.jpg
test,COD10K-CAM-4-Amphibian-67-Frog-4714.jpg,640x640,10,40.93,tgt,COD10K-CAM-3-Flying-59-Grasshopper-3793.jpg
test,COD10K-CAM-3-Flying-62-Mantis-4361.jpg,769x1024,2,62.412,tgt,COD10K-CAM-2-Terrestrial-36-Leopard-2098.jpg
test,COD10K-CAM-3-Flying-66-Owlfly-4668.jpg,769x1024,2,61.857,tgt,COD10K-CAM-2-Terrestrial-36-Leopard-2098.jpg
test,COD10K-CAM-3-Flying-61-Katydid-4193.jpg,1023x621,4,42.551,tgt,COD10K-CAM-2-Terrestrial-34-Human-1994.jpg
test,COD10K-CAM-1-Aquatic-13-Pipefish-608.jpg,450x600,1,49.948,tgt,COD10K-CAM-2-Terrestrial-34-Human-2003.jpg
test,COD10K-CAM-2-Terrestrial-24-Caterpillar-1567.jpg,1024x647,3,63.378,tgt,COD10K-CAM-3-Flying-59-Grasshopper-3869.jpg
test,COD10K-CAM-2-Terrestrial-24-Caterpillar-1574.jpg,1024x647,3,43.657,tgt,COD10K-CAM-2-Terrestrial-34-Human-2023.jpg
test,COD10K-CAM-2-Terrestrial-34-Human-2028.jpg,1880x1255,2,51.141,tgt,COD10K-CAM-2-Terrestrial-34-Human-2033.jpg
test,COD10K-CAM-2-Terrestrial-34-Human-2035.jpg,1880x1255,2,47.91,tgt,COD10K-CAM-2-Terrestrial-34-Human-2033.jpg
test,COD10K-CAM-1-Aquatic-20-Turtle-1231.jpg,1024x828,1,85.16,tgt,COD10K-CAM-2-Terrestrial-35-Kangaroo-2054.jpg
test,COD10K-CAM-1-Aquatic-3-Crab-31.jpg,1023x687,1,84.784,tgt,COD10K-CAM-2-Terrestrial-35-Kangaroo-2055.jpg
test,COD10K-CAM-2-Terrestrial-23-Cat-1462.jpg,1023x687,1,39.503,tgt,COD10K-CAM-2-Terrestrial-35-Kangaroo-2055.jpg
test,COD10K-CAM-2-Terrestrial-23-Cat-1299.jpg,1024x605,2,95.548,tgt,COD10K-CAM-4-Amphibian-68-Toad-4935.jpg
test,COD10K-CAM-3-Flying-61-Katydid-3962.jpg,1024x605,2,52.065,tgt,COD10K-CAM-2-Terrestrial-36-Leopard-2056.jpg
test,COD10K-CAM-3-Flying-65-Owl-4588.jpg,1024x605,2,64.992,tgt,COD10K-CAM-4-Amphibian-68-Toad-4935.jpg
test,COD10K-CAM-1-Aquatic-14-ScorpionFish-845.jpg,1024x672,3,53.836,tgt,COD10K-CAM-2-Terrestrial-45-Spider-2539.jpg
test,COD10K-CAM-3-Flying-59-Grasshopper-3641.jpg,800x570,1,61.197,tgt,COD10K-CAM-2-Terrestrial-37-Lion-2115.jpg
test,COD10K-CAM-2-Terrestrial-45-Spider-2586.jpg,1024x642,3,54.057,tgt,COD10K-CAM-2-Terrestrial-38-Lizard-2120.jpg
test,COD10K-CAM-4-Amphibian-68-Toad-4913.jpg,1024x741,1,74.741,tgt,COD10K-CAM-2-Terrestrial-38-Lizard-2147.jpg
test,COD10K-CAM-3-Flying-54-Bittern-3260.jpg,426x639,1,65.672,tgt,COD10K-CAM-2-Terrestrial-38-Lizard-2206.jpg
test,COD10K-CAM-3-Flying-61-Katydid-3979.jpg,1023x729,2,65.877,tgt,COD10K-CAM-3-Flying-61-Katydid-3969.jpg
test,COD10K-CAM-3-Flying-61-Katydid-4234.jpg,1023x729,2,62.494,tgt,COD10K-CAM-3-Flying-61-Katydid-3969.jpg
test,COD10K-CAM-2-Terrestrial-36-Leopard-2076.jpg,829x1024,1,70.568,tgt,COD10K-CAM-2-Terrestrial-38-Lizard-2300.jpg
test,COD10K-CAM-2-Terrestrial-23-Cat-1367.jpg,1024x579,3,75.218,tgt,COD10K-CAM-4-Amphibian-67-Frog-4715.jpg
test,COD10K-CAM-2-Terrestrial-44-Snake-2471.jpg,1024x579,3,53.359,tgt,COD10K-CAM-2-Terrestrial-44-Snake-2470.jpg
test,COD10K-CAM-2-Terrestrial-44-Snake-2472.jpg,1024x579,3,59.918,tgt,COD10K-CAM-4-Amphibian-67-Frog-4715.jpg
test,COD10K-CAM-3-Flying-60-Heron-3885.jpg,1024x579,3,64.662,tgt,COD10K-CAM-4-Amphibian-67-Frog-4715.jpg
test,COD10K-CAM-4-Amphibian-68-Toad-4960.jpg,1024x644,2,63.605,tgt,COD10K-CAM-2-Terrestrial-42-Sciuridae-2381.jpg
test,COD10K-CAM-4-Amphibian-68-Toad-5004.jpg,1024x644,2,75.886,tgt,COD10K-CAM-2-Terrestrial-42-Sciuridae-2381.jpg
test,COD10K-CAM-2-Terrestrial-47-Tiger-2907.jpg,1023x700,1,69.357,tgt,COD10K-CAM-2-Terrestrial-44-Snake-2433.jpg
test,COD10K-CAM-3-Flying-60-Heron-3918.jpg,1023x700,1,66.88,tgt,COD10K-CAM-2-Terrestrial-44-Snake-2433.jpg
test,COD10K-CAM-3-Flying-59-Grasshopper-3711.jpg,1024x818,1,79.949,tgt,COD10K-CAM-2-Terrestrial-44-Snake-2436.jpg
test,COD10K-CAM-3-Flying-53-Bird-3151.jpg,1024x709,2,60.048,tgt,COD10K-CAM-2-Terrestrial-44-Snake-2438.jpg
test,COD10K-CAM-3-Flying-55-Butterfly-3378.jpg,1024x824,2,64.15,tgt,COD10K-CAM-3-Flying-61-Katydid-4212.jpg
test,COD10K-CAM-1-Aquatic-9-GhostPipefish-346.jpg,1024x707,2,58.678,tgt,COD10K-CAM-3-Flying-65-Owl-4652.jpg
test,COD10K-CAM-2-Terrestrial-44-Snake-2448.jpg,1024x707,2,59.821,tgt,COD10K-CAM-2-Terrestrial-44-Snake-2442.jpg
test,COD10K-CAM-4-Amphibian-68-Toad-5011.jpg,1024x698,4,63.152,tgt,COD10K-CAM-3-Flying-60-Heron-3919.jpg
test,COD10K-CAM-1-Aquatic-7-Flounder-249.jpg,550x366,1,65.375,tgt,COD10K-CAM-2-Terrestrial-45-Spider-2493.jpg
test,COD10K-CAM-2-Terrestrial-23-Cat-1419.jpg,1024x612,2,58.172,tgt,COD10K-CAM-4-Amphibian-68-Toad-4987.jpg
test,COD10K-CAM-2-Terrestrial-42-Sciuridae-2413.jpg,1024x677,2,55.312,tgt,COD10K-CAM-2-Terrestrial-45-Spider-2525.jpg
test,COD10K-CAM-2-Terrestrial-45-Spider-2652.jpg,1024x677,2,49.158,tgt,COD10K-CAM-2-Terrestrial-45-Spider-2525.jpg
test,COD10K-CAM-3-Flying-61-Katydid-4203.jpg,1024x677,2,47.17,tgt,COD10K-CAM-3-Flying-53-Bird-3228.jpg
test,COD10K-CAM-2-Terrestrial-40-Rabbit-2341.jpg,1023x677,3,36.745,tgt,COD10K-CAM-2-Terrestrial-45-Spider-2550.jpg
test,COD10K-CAM-3-Flying-60-Heron-3893.jpg,1024x791,2,68.372,tgt,COD10K-CAM-2-Terrestrial-45-Spider-2600.jpg
test,COD10K-CAM-3-Flying-61-Katydid-4077.jpg,1024x791,2,45.36,tgt,COD10K-CAM-2-Terrestrial-45-Spider-2600.jpg
test,COD10K-CAM-1-Aquatic-19-Stingaree-1203.jpg,1024x754,3,58.593,tgt,COD10K-CAM-3-Flying-50-Bat-2966.jpg
test,COD10K-CAM-1-Aquatic-9-GhostPipefish-379.jpg,1024x754,3,75.099,tgt,COD10K-CAM-3-Flying-50-Bat-2966.jpg
test,COD10K-CAM-1-Aquatic-6-Fish-220.jpg,1023x648,2,59.893,tgt,COD10K-CAM-2-Terrestrial-45-Spider-2629.jpg
test,COD10K-CAM-2-Terrestrial-23-Cat-1383.jpg,1023x648,2,74.673,tgt,COD10K-CAM-2-Terrestrial-45-Spider-2629.jpg
test,COD10K-CAM-3-Flying-59-Grasshopper-3870.jpg,1023x648,2,34.62,tgt,COD10K-CAM-2-Terrestrial-45-Spider-2629.jpg
test,COD10K-CAM-3-Flying-62-Mantis-4378.jpg,1024x614,1,54.415,tgt,COD10K-CAM-2-Terrestrial-45-Spider-2634.jpg
test,COD10K-CAM-2-Terrestrial-24-Caterpillar-1570.jpg,1023x722,2,49.245,tgt,COD10K-CAM-3-Flying-61-Katydid-4033.jpg
test,COD10K-CAM-3-Flying-56-Cicada-3472.jpg,1023x722,2,43.006,tgt,COD10K-CAM-3-Flying-61-Katydid-4033.jpg
test,COD10K-CAM-3-Flying-57-Dragonfly-3581.jpg,1024x617,2,76.011,tgt,COD10K-CAM-2-Terrestrial-45-Spider-2661.jpg
test,COD10K-CAM-3-Flying-64-Moth-4482.jpg,982x1024,1,74.981,tgt,COD10K-CAM-2-Terrestrial-45-Spider-2676.jpg
test,COD10K-CAM-1-Aquatic-14-ScorpionFish-850.jpg,1024x737,2,60.098,tgt,COD10K-CAM-2-Terrestrial-45-Spider-2682.jpg
test,COD10K-CAM-2-Terrestrial-30-Duck-1871.jpg,1024x737,2,49.153,tgt,COD10K-CAM-2-Terrestrial-45-Spider-2682.jpg
test,COD10K-CAM-2-Terrestrial-32-Giraffe-1942.jpg,1024x679,3,51.068,tgt,COD10K-CAM-3-Flying-55-Butterfly-3331.jpg
test,COD10K-CAM-2-Terrestrial-38-Lizard-2256.jpg,1024x703,2,69.872,tgt,COD10K-CAM-2-Terrestrial-45-Spider-2747.jpg
test,COD10K-CAM-3-Flying-54-Bittern-3271.jpg,1024x703,2,67.422,tgt,COD10K-CAM-3-Flying-59-Grasshopper-3679.jpg
test,COD10K-CAM-2-Terrestrial-45-Spider-2762.jpg,627x625,1,42.25,tgt,COD10K-CAM-2-Terrestrial-45-Spider-2761.jpg
test,COD10K-CAM-4-Amphibian-67-Frog-4768.jpg,1536x1024,3,69.758,tgt,COD10K-CAM-4-Amphibian-67-Frog-4770.jpg
test,COD10K-CAM-2-Terrestrial-24-Caterpillar-1572.jpg,656x1024,1,88.689,tgt,COD10K-CAM-2-Terrestrial-46-StickInsect-2830.jpg
test,COD10K-CAM-2-Terrestrial-23-Cat-1524.jpg,1024x788,1,86.259,tgt,COD10K-CAM-2-Terrestrial-46-StickInsect-2834.jpg
test,COD10K-CAM-2-Terrestrial-46-StickInsect-2873.jpg,1024x788,1,79.109,tgt,COD10K-CAM-2-Terrestrial-46-StickInsect-2834.jpg
test,COD10K-CAM-3-Flying-55-Butterfly-3318.jpg,1024x788,1,96.199,tgt,COD10K-CAM-2-Terrestrial-46-StickInsect-2834.jpg
test,COD10K-CAM-2-Terrestrial-27-Cheetah-1755.jpg,680x1024,5,73.551,tgt,COD10K-CAM-3-Flying-61-Katydid-4005.jpg
test,COD10K-CAM-2-Terrestrial-45-Spider-2637.jpg,680x1024,5,61.069,tgt,COD10K-CAM-2-Terrestrial-47-Tiger-2904.jpg
test,COD10K-CAM-3-Flying-56-Cicada-3462.jpg,680x1024,5,65.43,tgt,COD10K-CAM-3-Flying-59-Grasshopper-3646.jpg
test,COD10K-CAM-3-Flying-57-Dragonfly-3588.jpg,680x1024,5,50.663,tgt,COD10K-CAM-3-Flying-61-Katydid-4005.jpg
test,COD10K-CAM-3-Flying-65-Owl-4638.jpg,1024x715,1,71.956,tgt,COD10K-CAM-2-Terrestrial-47-Tiger-2909.jpg
test,COD10K-CAM-4-Amphibian-68-Toad-4828.jpg,1024x715,1,69.732,tgt,COD10K-CAM-2-Terrestrial-47-Tiger-2909.jpg
test,COD10K-CAM-3-Flying-61-Katydid-4085.jpg,1024x538,3,42.738,tgt,COD10K-CAM-3-Flying-61-Katydid-4188.jpg
test,COD10K-CAM-3-Flying-61-Katydid-3965.jpg,679x994,1,71.747,tgt,COD10K-CAM-3-Flying-50-Bat-2971.jpg
test,COD10K-CAM-1-Aquatic-15-SeaHorse-989.jpg,1024x813,1,116.154,tgt,COD10K-CAM-3-Flying-51-Bee-2998.jpg
test,COD10K-CAM-2-Terrestrial-22-Bug-1282.jpg,1024x650,3,50.492,tgt,COD10K-CAM-3-Flying-64-Moth-4487.jpg
test,COD10K-CAM-3-Flying-64-Moth-4469.jpg,1023x658,1,67.678,tgt,COD10K-CAM-3-Flying-53-Bird-3048.jpg
test,COD10K-CAM-2-Terrestrial-34-Human-2012.jpg,800x800,1,80.884,tgt,COD10K-CAM-3-Flying-53-Bird-3071.jpg
test,COD10K-CAM-3-Flying-59-Grasshopper-3681.jpg,1024x735,1,58.608,tgt,COD10K-CAM-3-Flying-53-Bird-3130.jpg
test,COD10K-CAM-1-Aquatic-13-Pipefish-644.jpg,1023x534,1,60.859,tgt,COD10K-CAM-3-Flying-53-Bird-3148.jpg
test,COD10K-CAM-1-Aquatic-7-Flounder-292.jpg,819x1024,6,56.777,tgt,COD10K-CAM-3-Flying-65-Owl-4521.jpg
test,COD10K-CAM-1-Aquatic-9-GhostPipefish-326.jpg,819x1024,6,61.618,tgt,COD10K-CAM-3-Flying-61-Katydid-4116.jpg
test,COD10K-CAM-2-Terrestrial-38-Lizard-2151.jpg,819x1024,6,47.109,tgt,COD10K-CAM-3-Flying-61-Katydid-4116.jpg
test,COD10K-CAM-3-Flying-54-Bittern-3252.jpg,819x1024,6,50.016,tgt,COD10K-CAM-3-Flying-57-Dragonfly-3573.jpg
test,COD10K-CAM-3-Flying-61-Katydid-4159.jpg,819x1024,6,44.787,tgt,COD10K-CAM-3-Flying-61-Katydid-4116.jpg
test,COD10K-CAM-4-Amphibian-68-Toad-4905.jpg,819x1024,6,54.107,tgt,COD10K-CAM-3-Flying-57-Dragonfly-3573.jpg
test,COD10K-CAM-2-Terrestrial-22-Bug-1272.jpg,1024x772,1,81.941,tgt,COD10K-CAM-3-Flying-53-Bird-3209.jpg
test,COD10K-CAM-3-Flying-55-Butterfly-3342.jpg,1024x673,1,66.385,tgt,COD10K-CAM-3-Flying-54-Bittern-3263.jpg
test,COD10K-CAM-3-Flying-65-Owl-4656.jpg,1024x693,3,71.562,tgt,COD10K-CAM-3-Flying-54-Bittern-3276.jpg
test,COD10K-CAM-1-Aquatic-9-GhostPipefish-327.jpg,819x1023,1,65.483,tgt,COD10K-CAM-3-Flying-54-Bittern-3278.jpg
test,COD10K-CAM-2-Terrestrial-38-Lizard-2291.jpg,819x1023,1,73.08,tgt,COD10K-CAM-3-Flying-54-Bittern-3278.jpg
test,COD10K-CAM-5-Other-69-Other-5048.jpg,819x1023,1,71.895,tgt,COD10K-CAM-3-Flying-54-Bittern-3278.jpg
test,COD10K-CAM-3-Flying-65-Owl-4580.jpg,1024x793,1,59.441,tgt,COD10K-CAM-3-Flying-55-Butterfly-3291.jpg
test,COD10K-CAM-3-Flying-65-Owl-4641.jpg,1023x645,1,77.973,tgt,COD10K-CAM-3-Flying-55-Butterfly-3307.jpg
test,COD10K-CAM-1-Aquatic-14-ScorpionFish-884.jpg,600x400,3,55.042,tgt,camourflage_00306.jpg
test,COD10K-CAM-2-Terrestrial-46-StickInsect-2818.jpg,600x400,3,65.215,tgt,COD10K-CAM-3-Flying-55-Butterfly-3353.jpg
test,COD10K-CAM-1-Aquatic-9-GhostPipefish-339.jpg,768x968,1,87.51,tgt,COD10K-CAM-3-Flying-55-Butterfly-3364.jpg
test,COD10K-CAM-3-Flying-62-Mantis-4278.jpg,1024x750,2,77.086,tgt,COD10K-CAM-4-Amphibian-68-Toad-4810.jpg
test,COD10K-CAM-1-Aquatic-13-Pipefish-655.jpg,800x571,1,133.747,tgt,COD10K-CAM-3-Flying-55-Butterfly-3387.jpg
test,COD10K-CAM-4-Amphibian-67-Frog-4707.jpg,1023x713,2,56.026,tgt,COD10K-CAM-3-Flying-59-Grasshopper-3730.jpg
test,COD10K-CAM-2-Terrestrial-49-Worm-2941.jpg,668x1024,1,66.737,tgt,COD10K-CAM-3-Flying-56-Cicada-3446.jpg
test,COD10K-CAM-2-Terrestrial-34-Human-1990.jpg,333x499,1,66.719,tgt,COD10K-CAM-3-Flying-56-Cicada-3456.jpg
test,COD10K-CAM-5-Other-69-Other-5028.jpg,1024x745,1,65.106,tgt,COD10K-CAM-3-Flying-56-Cicada-3485.jpg
test,COD10K-CAM-3-Flying-61-Katydid-4201.jpg,1023x653,2,70.254,tgt,COD10K-CAM-3-Flying-61-Katydid-4172.jpg
test,COD10K-CAM-3-Flying-65-Owl-4627.jpg,1023x653,2,58.042,tgt,COD10K-CAM-3-Flying-61-Katydid-4172.jpg
test,COD10K-CAM-3-Flying-61-Katydid-4147.jpg,1024x811,1,67.848,tgt,COD10K-CAM-3-Flying-56-Cicada-3550.jpg
test,COD10K-CAM-2-Terrestrial-36-Leopard-2088.jpg,667x1024,1,85.07,tgt,COD10K-CAM-3-Flying-58-Frogmouth-3601.jpg
test,COD10K-CAM-3-Flying-53-Bird-3037.jpg,1024x578,1,60.416,tgt,COD10K-CAM-3-Flying-59-Grasshopper-3624.jpg
test,COD10K-CAM-3-Flying-61-Katydid-4008.jpg,1024x578,1,65.104,tgt,COD10K-CAM-3-Flying-59-Grasshopper-3624.jpg
test,COD10K-CAM-3-Flying-61-Katydid-4232.jpg,1024x578,1,41.756,tgt,COD10K-CAM-3-Flying-59-Grasshopper-3624.jpg
test,COD10K-CAM-3-Flying-61-Katydid-4244.jpg,1023x632,2,89.299,tgt,COD10K-CAM-3-Flying-59-Grasshopper-3675.jpg
test,COD10K-CAM-3-Flying-59-Grasshopper-3792.jpg,1024x771,2,49.105,tgt,COD10K-CAM-3-Flying-59-Grasshopper-3791.jpg
test,COD10K-CAM-3-Flying-61-Katydid-3988.jpg,1024x771,2,49.047,tgt,COD10K-CAM-3-Flying-59-Grasshopper-3682.jpg
test,COD10K-CAM-1-Aquatic-13-Pipefish-521.jpg,600x521,1,82.728,tgt,COD10K-CAM-3-Flying-59-Grasshopper-3742.jpg
test,COD10K-CAM-3-Flying-55-Butterfly-3360.jpg,1024x632,2,61.377,tgt,COD10K-CAM-3-Flying-61-Katydid-4057.jpg
test,COD10K-CAM-3-Flying-59-Grasshopper-3859.jpg,1024x632,2,64.051,tgt,COD10K-CAM-3-Flying-59-Grasshopper-3798.jpg
test,COD10K-CAM-4-Amphibian-67-Frog-4729.jpg,1024x632,2,61.821,tgt,COD10K-CAM-3-Flying-61-Katydid-4057.jpg
test,COD10K-CAM-2-Terrestrial-47-Tiger-2876.jpg,800x567,1,55.433,tgt,COD10K-CAM-3-Flying-59-Grasshopper-3821.jpg
test,COD10K-CAM-2-Terrestrial-38-Lizard-2173.jpg,1280x852,8,48.476,tgt,COD10K-CAM-4-Amphibian-67-Frog-4695.jpg
test,COD10K-CAM-2-Terrestrial-44-Snake-2453.jpg,1280x852,8,50.569,tgt,COD10K-CAM-3-Flying-59-Grasshopper-3832.jpg
test,COD10K-CAM-2-Terrestrial-23-Cat-1358.jpg,1024x740,2,49.245,tgt,COD10K-CAM-3-Flying-60-Heron-3917.jpg
test,COD10K-CAM-3-Flying-61-Katydid-4118.jpg,1023x639,1,103.939,tgt,COD10K-CAM-3-Flying-59-Grasshopper-3861.jpg
test,COD10K-CAM-4-Amphibian-68-Toad-4910.jpg,1023x639,1,100.813,tgt,COD10K-CAM-3-Flying-59-Grasshopper-3861.jpg
test,COD10K-CAM-3-Flying-65-Owl-4613.jpg,1023x718,2,23.897,tgt,COD10K-CAM-3-Flying-65-Owl-4614.jpg
test,COD10K-CAM-1-Aquatic-13-Pipefish-639.jpg,1024x916,1,93.396,tgt,COD10K-CAM-3-Flying-60-Heron-3910.jpg
test,COD10K-CAM-2-Terrestrial-32-Giraffe-1950.jpg,1024x710,2,53.572,tgt,COD10K-CAM-4-Amphibian-68-Toad-4875.jpg
test,COD10K-CAM-3-Flying-61-Katydid-4023.jpg,682x952,1,111.44,tgt,COD10K-CAM-3-Flying-61-Katydid-3985.jpg
test,COD10K-CAM-3-Flying-61-Katydid-4154.jpg,1024x646,1,57.386,tgt,COD10K-CAM-3-Flying-61-Katydid-4061.jpg
test,COD10K-CAM-3-Flying-55-Butterfly-3374.jpg,689x1024,1,65.709,tgt,COD10K-CAM-3-Flying-61-Katydid-4066.jpg
test,COD10K-CAM-2-Terrestrial-24-Caterpillar-1543.jpg,1024x602,1,44.376,tgt,COD10K-CAM-3-Flying-61-Katydid-4083.jpg
test,COD10K-CAM-3-Flying-61-Katydid-4196.jpg,1023x651,3,26.212,tgt,COD10K-CAM-3-Flying-61-Katydid-4197.jpg
test,COD10K-CAM-3-Flying-59-Grasshopper-3615.jpg,1024x466,1,57.929,tgt,COD10K-CAM-3-Flying-61-Katydid-4106.jpg
test,COD10K-CAM-2-Terrestrial-44-Snake-2444.jpg,1024x716,1,96.879,tgt,COD10K-CAM-3-Flying-61-Katydid-4127.jpg
test,COD10K-CAM-1-Aquatic-15-SeaHorse-1110.jpg,1023x608,1,112.674,tgt,COD10K-CAM-3-Flying-61-Katydid-4187.jpg
test,COD10K-CAM-2-Terrestrial-23-Cat-1526.jpg,1023x617,1,74.42,tgt,COD10K-CAM-3-Flying-61-Katydid-4192.jpg
test,COD10K-CAM-2-Terrestrial-44-Snake-2481.jpg,1024x645,1,74.407,tgt,COD10K-CAM-3-Flying-61-Katydid-4195.jpg
test,COD10K-CAM-1-Aquatic-9-GhostPipefish-348.jpg,1024x670,3,48.346,tgt,COD10K-CAM-4-Amphibian-68-Toad-4819.jpg
test,COD10K-CAM-2-Terrestrial-23-Cat-1491.jpg,1024x670,3,39.103,tgt,COD10K-CAM-3-Flying-64-Moth-4468.jpg
test,COD10K-CAM-3-Flying-58-Frogmouth-3599.jpg,1024x594,1,59.346,tgt,COD10K-CAM-3-Flying-61-Katydid-4233.jpg
test,COD10K-CAM-2-Terrestrial-24-Caterpillar-1565.jpg,1024x606,1,51.252,tgt,COD10K-CAM-3-Flying-62-Mantis-4311.jpg
test,COD10K-CAM-1-Aquatic-20-Turtle-1225.jpg,1024x932,1,59.418,tgt,COD10K-CAM-3-Flying-62-Mantis-4322.jpg
test,COD10K-CAM-3-Flying-61-Katydid-4224.jpg,1024x586,1,39.054,tgt,COD10K-CAM-3-Flying-62-Mantis-4366.jpg
test,COD10K-CAM-1-Aquatic-9-GhostPipefish-403.jpg,880x1024,1,93.055,tgt,COD10K-CAM-3-Flying-62-Mantis-4383.jpg
test,COD10K-CAM-3-Flying-63-Mockingbird-4426.jpg,800x601,1,93.102,tgt,COD10K-CAM-3-Flying-63-Mockingbird-4388.jpg
test,COD10K-CAM-2-Terrestrial-27-Cheetah-1751.jpg,1024x599,1,63.699,tgt,COD10K-CAM-3-Flying-64-Moth-4488.jpg
test,COD10K-CAM-1-Aquatic-7-Flounder-262.jpg,1023x692,1,99.649,tgt,COD10K-CAM-3-Flying-64-Moth-4490.jpg
test,COD10K-CAM-3-Flying-61-Katydid-3976.jpg,767x981,1,62.204,tgt,COD10K-CAM-3-Flying-64-Moth-4498.jpg
test,COD10K-CAM-3-Flying-65-Owl-4522.jpg,800x640,3,58.182,tgt,COD10K-CAM-3-Flying-65-Owl-4642.jpg
test,COD10K-CAM-3-Flying-59-Grasshopper-3640.jpg,640x800,1,77.38,tgt,COD10K-CAM-3-Flying-65-Owl-4589.jpg
test,COD10K-CAM-2-Terrestrial-26-Chameleon-1719.jpg,1365x1024,2,69.771,tgt,COD10K-CAM-4-Amphibian-67-Frog-4769.jpg
test,COD10K-CAM-2-Terrestrial-36-Leopard-2104.jpg,1365x1024,2,60.84,tgt,COD10K-CAM-4-Amphibian-67-Frog-4769.jpg
test,COD10K-CAM-2-Terrestrial-38-Lizard-2326.jpg,1365x1024,2,62.5,tgt,COD10K-CAM-3-Flying-65-Owl-4665.jpg
test,COD10K-CAM-4-Amphibian-67-Frog-4776.jpg,1365x1024,2,67.844,tgt,COD10K-CAM-4-Amphibian-67-Frog-4769.jpg
test,COD10K-CAM-4-Amphibian-67-Frog-4777.jpg,1365x1024,2,62.379,tgt,COD10K-CAM-4-Amphibian-67-Frog-4769.jpg
test,COD10K-CAM-2-Terrestrial-31-Gecko-1888.jpg,880x660,2,66.399,tgt,COD10K-CAM-4-Amphibian-67-Frog-4680.jpg
test,COD10K-CAM-4-Amphibian-68-Toad-4808.jpg,880x660,2,2.924,tgt,camourflage_00836.jpg
test,COD10K-CAM-1-Aquatic-13-Pipefish-532.jpg,1024x758,1,52.838,tgt,COD10K-CAM-4-Amphibian-67-Frog-4697.jpg
test,COD10K-CAM-1-Aquatic-9-GhostPipefish-307.jpg,1024x801,1,84.187,tgt,COD10K-CAM-4-Amphibian-67-Frog-4710.jpg
test,COD10K-CAM-2-Terrestrial-48-Wolf-2917.jpg,1024x801,1,170.621,tgt,COD10K-CAM-4-Amphibian-67-Frog-4710.jpg
test,COD10K-CAM-3-Flying-59-Grasshopper-3632.jpg,1024x801,1,67.961,tgt,COD10K-CAM-4-Amphibian-67-Frog-4710.jpg
test,COD10K-CAM-3-Flying-57-Dragonfly-3585.jpg,679x1024,1,83.85,tgt,COD10K-CAM-4-Amphibian-67-Frog-4716.jpg
test,COD10K-CAM-3-Flying-53-Bird-3059.jpg,1024x649,1,56.931,tgt,COD10K-CAM-4-Amphibian-67-Frog-4745.jpg
test,COD10K-CAM-4-Amphibian-68-Toad-5010.jpg,1024x649,1,44.188,tgt,COD10K-CAM-4-Amphibian-67-Frog-4745.jpg
test,COD10K-CAM-1-Aquatic-2-ClownFish-10.jpg,1538x1024,1,58.341,tgt,COD10K-CAM-4-Amphibian-67-Frog-4772.jpg
test,COD10K-CAM-2-Terrestrial-44-Snake-2492.jpg,1538x1024,1,72.534,tgt,COD10K-CAM-4-Amphibian-67-Frog-4772.jpg
test,COD10K-CAM-3-Flying-64-Moth-4460.jpg,1280x848,1,110.828,tgt,COD10K-CAM-4-Amphibian-68-Toad-4816.jpg
test,COD10K-CAM-2-Terrestrial-45-Spider-2659.jpg,1023x614,1,56.549,tgt,COD10K-CAM-4-Amphibian-68-Toad-4845.jpg
test,COD10K-CAM-3-Flying-65-Owl-4535.jpg,1023x614,1,53.13,tgt,COD10K-CAM-4-Amphibian-68-Toad-4845.jpg
test,COD10K-CAM-3-Flying-65-Owl-4632.jpg,1024x661,1,67.897,tgt,COD10K-CAM-4-Amphibian-68-Toad-4918.jpg
test,COD10K-CAM-1-Aquatic-19-Stingaree-1204.jpg,1023x641,1,116.961,tgt,COD10K-CAM-4-Amphibian-68-Toad-4958.jpg
test,COD10K-CAM-2-Terrestrial-45-Spider-2649.jpg,1023x641,1,72.872,tgt,COD10K-CAM-4-Amphibian-68-Toad-4958.jpg
test,COD10K-CAM-1-Aquatic-13-Pipefish-629.jpg,1024x783,1,95.893,tgt,COD10K-CAM-4-Amphibian-68-Toad-4969.jpg
test,COD10K-CAM-3-Flying-55-Butterfly-3356.jpg,1023x643,1,66.604,tgt,COD10K-CAM-4-Amphibian-68-Toad-4979.jpg
test,COD10K-CAM-1-Aquatic-14-ScorpionFish-934.jpg,960x1280,2,48.376,tgt,camourflage_00973.jpg
test,COD10K-CAM-2-Terrestrial-38-Lizard-2225.jpg,1024x668,1,63.466,tgt,COD10K-CAM-5-Other-69-Other-5047.jpg
test,COD10K-CAM-3-Flying-65-Owl-4644.jpg,1024x668,1,51.036,tgt,COD10K-CAM-5-Other-69-Other-5047.jpg
test,COD10K-CAM-2-Terrestrial-42-Sciuridae-2410.jpg,425x640,1,63.495,tgt,COD10K-CAM-5-Other-69-Other-5054.jpg
test,COD10K-CAM-2-Terrestrial-45-Spider-2579.jpg,960x640,3,49.828,tgt,camourflage_00223.jpg
test,COD10K-CAM-3-Flying-59-Grasshopper-3788.jpg,960x640,3,63.624,tgt,camourflage_00223.jpg
test,COD10K-CAM-2-Terrestrial-28-Deer-1760.jpg,1024x711,1,91.775,tgt,camourflage_00240.jpg
test,COD10K-CAM-2-Terrestrial-44-Snake-2451.jpg,900x599,1,66.51,tgt,camourflage_00335.jpg
test,COD10K-CAM-3-Flying-62-Mantis-4373.jpg,960x720,1,63.224,tgt,camourflage_00387.jpg
test,COD10K-CAM-3-Flying-59-Grasshopper-3804.jpg,1000x662,1,62.069,tgt,camourflage_00569.jpg
test,COD10K-CAM-3-Flying-59-Grasshopper-3873.jpg,1000x662,1,66.223,tgt,camourflage_00569.jpg
test,COD10K-CAM-3-Flying-59-Grasshopper-3874.jpg,1000x662,1,69.757,tgt,camourflage_00569.jpg
test,COD10K-CAM-3-Flying-64-Moth-4491.jpg,1000x662,1,64.293,tgt,camourflage_00569.jpg
test,COD10K-CAM-3-Flying-61-Katydid-4054.jpg,800x613,1,56.779,tgt,camourflage_00673.jpg
test,COD10K-CAM-3-Flying-59-Grasshopper-3734.jpg,1024x734,1,73.567,tgt,camourflage_00738.jpg
test,COD10K-CAM-3-Flying-59-Grasshopper-3659.jpg,700x467,1,70.279,tgt,camourflage_00895.jpg
test,COD10K-CAM-1-Aquatic-13-Pipefish-497.jpg,800x500,1,63.751,tgt,camourflage_00952.jpg
test,COD10K-CAM-3-Flying-65-Owl-4511.jpg,880x585,1,87.578,tgt,camourflage_00981.jpg
test,COD10K-CAM-3-Flying-59-Grasshopper-3712.jpg,962x641,1,62.47,tgt,camourflage_01249.jpg
test,COD10K-CAM-1-Aquatic-11-Octopus-447.jpg,1024x760,0,,,
test,COD10K-CAM-3-Flying-57-Dragonfly-3575.jpg,1024x760,0,,,
test,COD10K-CAM-1-Aquatic-11-Octopus-454.jpg,844x683,0,,,
test,COD10K-CAM-1-Aquatic-11-Octopus-464.jpg,1024x656,0,,,
test,COD10K-CAM-2-Terrestrial-45-Spider-2718.jpg,1024x656,0,,,
test,COD10K-CAM-4-Amphibian-68-Toad-4998.jpg,1024x656,0,,,
test,COD10K-CAM-1-Aquatic-11-Octopus-465.jpg,880x686,0,,,
test,COD10K-CAM-1-Aquatic-11-Octopus-466.jpg,1024x616,0,,,
test,COD10K-CAM-1-Aquatic-3-Crab-71.jpg,1024x616,0,,,
test,COD10K-CAM-2-Terrestrial-38-Lizard-2308.jpg,1024x616,0,,,
test,COD10K-CAM-3-Flying-50-Bat-2956.jpg,1024x616,0,,,
test,COD10K-CAM-1-Aquatic-11-Octopus-472.jpg,1023x913,0,,,
test,COD10K-CAM-1-Aquatic-13-Pipefish-490.jpg,682x973,0,,,
test,COD10K-CAM-3-Flying-61-Katydid-4177.jpg,682x973,0,,,
test,COD10K-CAM-1-Aquatic-13-Pipefish-496.jpg,800x523,0,,,
test,COD10K-CAM-2-Terrestrial-38-Lizard-2324.jpg,800x523,0,,,
test,COD10K-CAM-1-Aquatic-13-Pipefish-510.jpg,1020x540,0,,,
test,COD10K-CAM-1-Aquatic-13-Pipefish-517.jpg,1024x751,0,,,
test,COD10K-CAM-1-Aquatic-15-SeaHorse-1070.jpg,1024x751,0,,,
test,COD10K-CAM-1-Aquatic-15-SeaHorse-992.jpg,1024x751,0,,,
test,COD10K-CAM-3-Flying-54-Bittern-3266.jpg,1024x751,0,,,
test,COD10K-CAM-3-Flying-59-Grasshopper-3645.jpg,1024x751,0,,,
test,COD10K-CAM-1-Aquatic-13-Pipefish-518.jpg,1023x716,0,,,
test,COD10K-CAM-1-Aquatic-13-Pipefish-520.jpg,685x652,0,,,
test,COD10K-CAM-1-Aquatic-13-Pipefish-534.jpg,749x353,0,,,
test,COD10K-CAM-1-Aquatic-13-Pipefish-535.jpg,749x520,0,,,
test,COD10K-CAM-1-Aquatic-13-Pipefish-542.jpg,1024x648,0,,,
test,COD10K-CAM-4-Amphibian-67-Frog-4718.jpg,1024x648,0,,,
test,COD10K-CAM-1-Aquatic-13-Pipefish-546.jpg,1000x612,0,,,
test,COD10K-CAM-1-Aquatic-13-Pipefish-549.jpg,960x719,0,,,
test,COD10K-CAM-1-Aquatic-13-Pipefish-554.jpg,700x525,0,,,
test,COD10K-CAM-1-Aquatic-13-Pipefish-557.jpg,900x646,0,,,
test,COD10K-CAM-1-Aquatic-13-Pipefish-563.jpg,799x530,0,,,
test,COD10K-CAM-1-Aquatic-13-Pipefish-566.jpg,800x474,0,,,
test,COD10K-CAM-1-Aquatic-13-Pipefish-577.jpg,980x1024,0,,,
test,COD10K-CAM-1-Aquatic-13-Pipefish-579.jpg,788x570,0,,,
test,COD10K-CAM-1-Aquatic-13-Pipefish-580.jpg,752x499,0,,,
test,COD10K-CAM-1-Aquatic-13-Pipefish-590.jpg,576x382,0,,,
test,COD10K-CAM-1-Aquatic-13-Pipefish-600.jpg,981x768,0,,,
test,COD10K-CAM-1-Aquatic-13-Pipefish-602.jpg,634x1024,0,,,
test,COD10K-CAM-1-Aquatic-13-Pipefish-609.jpg,1009x768,0,,,
test,COD10K-CAM-1-Aquatic-13-Pipefish-620.jpg,898x569,0,,,
test,COD10K-CAM-1-Aquatic-13-Pipefish-621.jpg,902x571,0,,,
test,COD10K-CAM-1-Aquatic-13-Pipefish-623.jpg,800x458,0,,,
test,COD10K-CAM-1-Aquatic-13-Pipefish-630.jpg,1021x768,0,,,
test,COD10K-CAM-1-Aquatic-13-Pipefish-637.jpg,576x434,0,,,
test,COD10K-CAM-1-Aquatic-13-Pipefish-662.jpg,1024x643,0,,,
test,COD10K-CAM-1-Aquatic-13-Pipefish-664.jpg,1024x345,0,,,
test,COD10K-CAM-1-Aquatic-13-Pipefish-684.jpg,986x768,0,,,
test,COD10K-CAM-1-Aquatic-13-Pipefish-688.jpg,816x768,0,,,
test,COD10K-CAM-1-Aquatic-13-Pipefish-691.jpg,1023x704,0,,,
test,COD10K-CAM-1-Aquatic-13-Pipefish-693.jpg,640x411,0,,,
test,COD10K-CAM-1-Aquatic-13-Pipefish-696.jpg,1024x607,0,,,
test,COD10K-CAM-1-Aquatic-13-Pipefish-842.jpg,1024x607,0,,,
test,COD10K-CAM-1-Aquatic-13-Pipefish-705.jpg,1023x624,0,,,
test,COD10K-CAM-1-Aquatic-13-Pipefish-736.jpg,1024x676,0,,,
test,COD10K-CAM-2-Terrestrial-29-Dog-1853.jpg,1024x676,0,,,
test,COD10K-CAM-1-Aquatic-13-Pipefish-748.jpg,1024x779,0,,,
test,COD10K-CAM-1-Aquatic-13-Pipefish-750.jpg,800x413,0,,,
test,COD10K-CAM-1-Aquatic-13-Pipefish-769.jpg,968x577,0,,,
test,COD10K-CAM-1-Aquatic-13-Pipefish-810.jpg,678x1023,0,,,
test,COD10K-CAM-2-Terrestrial-23-Cat-1428.jpg,678x1023,0,,,
test,COD10K-CAM-1-Aquatic-13-Pipefish-818.jpg,1398x901,0,,,
test,COD10K-CAM-1-Aquatic-13-Pipefish-826.jpg,933x678,0,,,
test,COD10K-CAM-1-Aquatic-13-Pipefish-833.jpg,692x567,0,,,
test,COD10K-CAM-1-Aquatic-13-Pipefish-835.jpg,1023x739,0,,,
test,COD10K-CAM-2-Terrestrial-34-Human-1985.jpg,1023x739,0,,,
test,COD10K-CAM-1-Aquatic-14-ScorpionFish-858.jpg,1024x705,0,,,
test,COD10K-CAM-2-Terrestrial-46-StickInsect-2844.jpg,1024x705,0,,,
test,COD10K-CAM-1-Aquatic-14-ScorpionFish-862.jpg,866x1024,0,,,
test,COD10K-CAM-3-Flying-61-Katydid-4025.jpg,866x1024,0,,,
test,COD10K-CAM-1-Aquatic-14-ScorpionFish-867.jpg,1022x591,0,,,
test,COD10K-CAM-1-Aquatic-14-ScorpionFish-868.jpg,1020x607,0,,,
test,COD10K-CAM-1-Aquatic-14-ScorpionFish-872.jpg,1024x866,0,,,
test,COD10K-CAM-1-Aquatic-14-ScorpionFish-873.jpg,1024x775,0,,,
test,COD10K-CAM-2-Terrestrial-45-Spider-2756.jpg,1024x775,0,,,
test,COD10K-CAM-1-Aquatic-14-ScorpionFish-883.jpg,960x695,0,,,
test,COD10K-CAM-1-Aquatic-14-ScorpionFish-889.jpg,479x609,0,,,
test,COD10K-CAM-1-Aquatic-14-ScorpionFish-892.jpg,743x472,0,,,
test,COD10K-CAM-1-Aquatic-14-ScorpionFish-896.jpg,800x568,0,,,
test,COD10K-CAM-1-Aquatic-14-ScorpionFish-906.jpg,1023x691,0,,,
test,COD10K-CAM-1-Aquatic-14-ScorpionFish-945.jpg,1024x631,0,,,
test,COD10K-CAM-1-Aquatic-14-ScorpionFish-954.jpg,1023x599,0,,,
test,COD10K-CAM-1-Aquatic-15-SeaHorse-1002.jpg,1023x668,0,,,
test,COD10K-CAM-1-Aquatic-15-SeaHorse-1071.jpg,1023x668,0,,,
test,COD10K-CAM-1-Aquatic-15-SeaHorse-1010.jpg,683x1023,0,,,
test,COD10K-CAM-1-Aquatic-15-SeaHorse-1052.jpg,683x1023,0,,,
test,COD10K-CAM-1-Aquatic-15-SeaHorse-1023.jpg,1023x657,0,,,
test,COD10K-CAM-1-Aquatic-15-SeaHorse-1035.jpg,767x944,0,,,
test,COD10K-CAM-1-Aquatic-15-SeaHorse-1044.jpg,797x787,0,,,
test,COD10K-CAM-1-Aquatic-15-SeaHorse-1048.jpg,1024x588,0,,,
test,COD10K-CAM-1-Aquatic-15-SeaHorse-1057.jpg,976x959,0,,,
test,COD10K-CAM-1-Aquatic-15-SeaHorse-1063.jpg,683x1008,0,,,
test,COD10K-CAM-1-Aquatic-15-SeaHorse-1076.jpg,1020x694,0,,,
test,COD10K-CAM-1-Aquatic-15-SeaHorse-1085.jpg,576x1008,0,,,
test,COD10K-CAM-1-Aquatic-15-SeaHorse-1088.jpg,1024x842,0,,,
test,COD10K-CAM-1-Aquatic-15-SeaHorse-977.jpg,1024x1018,0,,,
test,COD10K-CAM-1-Aquatic-15-SeaHorse-978.jpg,1023x553,0,,,
test,COD10K-CAM-2-Terrestrial-32-Giraffe-1937.jpg,1023x553,0,,,
test,COD10K-CAM-1-Aquatic-15-SeaHorse-981.jpg,1023x419,0,,,
test,COD10K-CAM-1-Aquatic-15-SeaHorse-983.jpg,757x817,0,,,
test,COD10K-CAM-1-Aquatic-15-SeaHorse-984.jpg,1024x883,0,,,
test,COD10K-CAM-1-Aquatic-15-SeaHorse-986.jpg,775x747,0,,,
test,COD10K-CAM-1-Aquatic-15-SeaHorse-990.jpg,437x527,0,,,
test,COD10K-CAM-1-Aquatic-15-SeaHorse-999.jpg,738x1009,0,,,
test,COD10K-CAM-1-Aquatic-16-Shrimp-1120.jpg,800x618,0,,,
test,COD10K-CAM-1-Aquatic-18-StarFish-1181.jpg,1024x505,0,,,
test,COD10K-CAM-1-Aquatic-18-StarFish-1183.jpg,1023x734,0,,,
test,COD10K-CAM-1-Aquatic-19-Stingaree-1190.jpg,500x281,0,,,
test,COD10K-CAM-1-Aquatic-19-Stingaree-1191.jpg,800x559,0,,,
test,COD10K-CAM-1-Aquatic-2-ClownFish-13.jpg,684x576,0,,,
test,COD10K-CAM-1-Aquatic-2-ClownFish-18.jpg,770x500,0,,,
test,COD10K-CAM-1-Aquatic-20-Turtle-1224.jpg,504x360,0,,,
test,COD10K-CAM-1-Aquatic-3-Crab-24.jpg,632x332,0,,,
test,COD10K-CAM-1-Aquatic-3-Crab-30.jpg,1023x823,0,,,
test,COD10K-CAM-1-Aquatic-3-Crab-33.jpg,870x1024,0,,,
test,COD10K-CAM-1-Aquatic-3-Crab-46.jpg,737x489,0,,,
test,COD10K-CAM-1-Aquatic-3-Crab-87.jpg,899x628,0,,,
test,COD10K-CAM-1-Aquatic-3-Crab-88.jpg,1021x1024,0,,,
test,COD10K-CAM-2-Terrestrial-45-Spider-2728.jpg,1021x1024,0,,,
test,COD10K-CAM-1-Aquatic-3-Crab-93.jpg,772x525,0,,,
test,COD10K-CAM-1-Aquatic-4-Crocodile-110.jpg,1280x914,0,,,
test,COD10K-CAM-3-Flying-64-Moth-4453.jpg,1280x914,0,,,
test,COD10K-CAM-1-Aquatic-4-Crocodile-114.jpg,1280x953,0,,,
test,COD10K-CAM-1-Aquatic-4-Crocodile-123.jpg,1025x440,0,,,
test,COD10K-CAM-1-Aquatic-5-CrocodileFish-131.jpg,1024x474,0,,,
test,COD10K-CAM-1-Aquatic-6-Fish-134.jpg,800x758,0,,,
test,COD10K-CAM-1-Aquatic-6-Fish-155.jpg,1023x674,0,,,
test,COD10K-CAM-3-Flying-61-Katydid-4142.jpg,1023x674,0,,,
test,COD10K-CAM-1-Aquatic-6-Fish-171.jpg,1024x475,0,,,
test,COD10K-CAM-1-Aquatic-6-Fish-174.jpg,1024x756,0,,,
test,COD10K-CAM-2-Terrestrial-26-Chameleon-1709.jpg,1024x756,0,,,
test,COD10K-CAM-2-Terrestrial-28-Deer-1767.jpg,1024x756,0,,,
test,COD10K-CAM-1-Aquatic-6-Fish-218.jpg,1024x675,0,,,
test,COD10K-CAM-2-Terrestrial-22-Bug-1270.jpg,1024x675,0,,,
test,COD10K-CAM-1-Aquatic-6-Fish-224.jpg,786x625,0,,,
test,COD10K-CAM-1-Aquatic-6-Fish-230.jpg,1019x650,0,,,
test,COD10K-CAM-1-Aquatic-7-Flounder-245.jpg,962x621,0,,,
test,COD10K-CAM-1-Aquatic-7-Flounder-247.jpg,755x352,0,,,
test,COD10K-CAM-1-Aquatic-7-Flounder-248.jpg,755x487,0,,,
test,COD10K-CAM-1-Aquatic-7-Flounder-250.jpg,847x565,0,,,
test,COD10K-CAM-1-Aquatic-7-Flounder-272.jpg,800x503,0,,,
test,COD10K-CAM-1-Aquatic-7-Flounder-283.jpg,1200x862,0,,,
test,COD10K-CAM-1-Aquatic-7-Flounder-287.jpg,639x601,0,,,
test,COD10K-CAM-1-Aquatic-7-Flounder-291.jpg,448x299,0,,,
test,COD10K-CAM-1-Aquatic-9-GhostPipefish-318.jpg,1020x659,0,,,
test,COD10K-CAM-1-Aquatic-9-GhostPipefish-349.jpg,1024x812,0,,,
test,COD10K-CAM-3-Flying-59-Grasshopper-3849.jpg,1024x812,0,,,
test,COD10K-CAM-1-Aquatic-9-GhostPipefish-350.jpg,750x477,0,,,
test,COD10K-CAM-1-Aquatic-9-GhostPipefish-369.jpg,522x705,0,,,
test,COD10K-CAM-1-Aquatic-9-GhostPipefish-370.jpg,1024x965,0,,,
test,COD10K-CAM-1-Aquatic-9-GhostPipefish-380.jpg,640x436,0,,,
test,COD10K-CAM-1-Aquatic-9-GhostPipefish-399.jpg,667x1001,0,,,
test,COD10K-CAM-2-Terrestrial-21-Ant-1241.jpg,1023x684,0,,,
test,COD10K-CAM-2-Terrestrial-21-Ant-1243.jpg,682x986,0,,,
test,COD10K-CAM-2-Terrestrial-21-Ant-1247.jpg,1023x798,0,,,
test,COD10K-CAM-2-Terrestrial-22-Bug-1260.jpg,413x630,0,,,
test,COD10K-CAM-2-Terrestrial-22-Bug-1263.jpg,1024x704,0,,,
test,COD10K-CAM-2-Terrestrial-45-Spider-2677.jpg,1024x704,0,,,
test,COD10K-CAM-2-Terrestrial-45-Spider-2735.jpg,1024x704,0,,,
test,COD10K-CAM-2-Terrestrial-22-Bug-1273.jpg,425x639,0,,,
test,COD10K-CAM-2-Terrestrial-22-Bug-1284.jpg,1280x721,0,,,
test,COD10K-CAM-2-Terrestrial-23-Cat-1333.jpg,688x1024,0,,,
test,COD10K-CAM-2-Terrestrial-23-Cat-1352.jpg,579x1024,0,,,
test,COD10K-CAM-2-Terrestrial-23-Cat-1380.jpg,682x1001,0,,,
test,COD10K-CAM-2-Terrestrial-23-Cat-1390.jpg,793x446,0,,,
test,COD10K-CAM-2-Terrestrial-23-Cat-1391.jpg,793x446,0,,,
test,COD10K-CAM-3-Flying-53-Bird-3189.jpg,793x446,0,,,
test,COD10K-CAM-2-Terrestrial-23-Cat-1413.jpg,979x688,0,,,
test,COD10K-CAM-2-Terrestrial-23-Cat-1415.jpg,399x533,0,,,
test,COD10K-CAM-2-Terrestrial-23-Cat-1438.jpg,874x1024,0,,,
test,COD10K-CAM-2-Terrestrial-23-Cat-1443.jpg,876x582,0,,,
test,COD10K-CAM-2-Terrestrial-23-Cat-1459.jpg,1023x638,0,,,
test,COD10K-CAM-2-Terrestrial-26-Chameleon-1705.jpg,1023x638,0,,,
test,COD10K-CAM-2-Terrestrial-46-StickInsect-2829.jpg,1023x638,0,,,
test,COD10K-CAM-2-Terrestrial-23-Cat-1474.jpg,768x964,0,,,
test,COD10K-CAM-2-Terrestrial-23-Cat-1479.jpg,1024x931,0,,,
test,COD10K-CAM-2-Terrestrial-23-Cat-1505.jpg,1024x747,0,,,
test,COD10K-CAM-2-Terrestrial-23-Cat-1512.jpg,810x1024,0,,,
test,COD10K-CAM-2-Terrestrial-23-Cat-1530.jpg,1000x533,0,,,
test,COD10K-CAM-2-Terrestrial-23-Cat-1531.jpg,844x632,0,,,
test,COD10K-CAM-2-Terrestrial-24-Caterpillar-1545.jpg,1024x718,0,,,
test,COD10K-CAM-3-Flying-63-Mockingbird-4406.jpg,1024x718,0,,,
test,COD10K-CAM-2-Terrestrial-24-Caterpillar-1552.jpg,1280x760,0,,,
test,COD10K-CAM-2-Terrestrial-24-Caterpillar-1557.jpg,1023x635,0,,,
test,COD10K-CAM-2-Terrestrial-24-Caterpillar-1582.jpg,1000x751,0,,,
test,COD10K-CAM-2-Terrestrial-24-Caterpillar-1587.jpg,646x1023,0,,,
test,COD10K-CAM-2-Terrestrial-24-Caterpillar-1591.jpg,700x437,0,,,
test,COD10K-CAM-2-Terrestrial-24-Caterpillar-1622.jpg,821x1024,0,,,
test,COD10K-CAM-2-Terrestrial-24-Caterpillar-1623.jpg,1024x552,0,,,
test,COD10K-CAM-3-Flying-61-Katydid-4174.jpg,1024x552,0,,,
test,COD10K-CAM-4-Amphibian-68-Toad-5005.jpg,1024x552,0,,,
test,COD10K-CAM-2-Terrestrial-24-Caterpillar-1633.jpg,395x593,0,,,
test,COD10K-CAM-2-Terrestrial-24-Caterpillar-1655.jpg,1024x532,0,,,
test,COD10K-CAM-3-Flying-56-Cicada-3453.jpg,1024x532,0,,,
test,COD10K-CAM-2-Terrestrial-25-Centipede-1658.jpg,682x968,0,,,
test,COD10K-CAM-2-Terrestrial-26-Chameleon-1681.jpg,879x494,0,,,
test,COD10K-CAM-2-Terrestrial-26-Chameleon-1692.jpg,879x494,0,,,
test,COD10K-CAM-2-Terrestrial-26-Chameleon-1696.jpg,1024x655,0,,,
test,COD10K-CAM-2-Terrestrial-26-Chameleon-1698.jpg,683x720,0,,,
test,COD10K-CAM-2-Terrestrial-26-Chameleon-1716.jpg,666x1023,0,,,
test,COD10K-CAM-3-Flying-62-Mantis-4364.jpg,666x1023,0,,,
test,COD10K-CAM-2-Terrestrial-27-Cheetah-1753.jpg,1023x673,0,,,
test,COD10K-CAM-4-Amphibian-68-Toad-4896.jpg,1023x673,0,,,
test,COD10K-CAM-2-Terrestrial-28-Deer-1761.jpg,584x438,0,,,
test,COD10K-CAM-2-Terrestrial-28-Deer-1769.jpg,1024x544,0,,,
test,COD10K-CAM-2-Terrestrial-28-Deer-1779.jpg,1068x799,0,,,
test,COD10K-CAM-2-Terrestrial-28-Deer-1784.jpg,1600x1064,0,,,
test,COD10K-CAM-2-Terrestrial-28-Deer-1788.jpg,840x597,0,,,
test,COD10K-CAM-2-Terrestrial-28-Deer-1791.jpg,1600x1067,0,,,
test,COD10K-CAM-2-Terrestrial-45-Spider-2782.jpg,1600x1067,0,,,
test,COD10K-CAM-3-Flying-65-Owl-4574.jpg,1600x1067,0,,,
test,COD10K-CAM-2-Terrestrial-29-Dog-1804.jpg,880x968,0,,,
test,COD10K-CAM-2-Terrestrial-29-Dog-1817.jpg,2976x3968,0,,,
test,COD10K-CAM-5-Other-69-Other-5060.jpg,2976x3968,0,,,
test,COD10K-CAM-2-Terrestrial-29-Dog-1820.jpg,3688x2116,0,,,
test,COD10K-CAM-2-Terrestrial-29-Dog-1829.jpg,999x683,0,,,
test,COD10K-CAM-2-Terrestrial-29-Dog-1830.jpg,684x978,0,,,
test,COD10K-CAM-2-Terrestrial-29-Dog-1851.jpg,800x495,0,,,
test,COD10K-CAM-2-Terrestrial-30-Duck-1873.jpg,1249x1001,0,,,
test,COD10K-CAM-2-Terrestrial-30-Duck-1876.jpg,1000x669,0,,,
test,COD10K-CAM-2-Terrestrial-45-Spider-2720.jpg,1000x669,0,,,
test,COD10K-CAM-2-Terrestrial-31-Gecko-1880.jpg,815x1188,0,,,
test,COD10K-CAM-2-Terrestrial-31-Gecko-1889.jpg,1000x628,0,,,
test,COD10K-CAM-2-Terrestrial-31-Gecko-1890.jpg,610x409,0,,,
test,COD10K-CAM-2-Terrestrial-31-Gecko-1907.jpg,768x1023,0,,,
test,COD10K-CAM-2-Terrestrial-31-Gecko-1913.jpg,867x1024,0,,,
test,COD10K-CAM-2-Terrestrial-31-Gecko-1917.jpg,753x500,0,,,
test,COD10K-CAM-2-Terrestrial-31-Gecko-1920.jpg,633x443,0,,,
test,COD10K-CAM-2-Terrestrial-31-Gecko-1922.jpg,634x925,0,,,
test,COD10K-CAM-2-Terrestrial-31-Gecko-1923.jpg,634x400,0,,,
test,COD10K-CAM-2-Terrestrial-32-Giraffe-1934.jpg,703x987,0,,,
test,COD10K-CAM-2-Terrestrial-33-Grouse-1952.jpg,1600x1063,0,,,
test,COD10K-CAM-2-Terrestrial-33-Grouse-1958.jpg,2592x1284,0,,,
test,COD10K-CAM-2-Terrestrial-33-Grouse-1959.jpg,800x727,0,,,
test,COD10K-CAM-2-Terrestrial-34-Human-1970.jpg,1024x623,0,,,
test,COD10K-CAM-2-Terrestrial-34-Human-1973.jpg,1024x957,0,,,
test,COD10K-CAM-2-Terrestrial-34-Human-1992.jpg,1023x902,0,,,
test,COD10K-CAM-2-Terrestrial-45-Spider-2641.jpg,1023x902,0,,,
test,COD10K-CAM-2-Terrestrial-34-Human-1993.jpg,1024x942,0,,,
test,COD10K-CAM-2-Terrestrial-34-Human-2031.jpg,500x306,0,,,
test,COD10K-CAM-2-Terrestrial-34-Human-2034.jpg,500x667,0,,,
test,COD10K-CAM-2-Terrestrial-35-Kangaroo-2053.jpg,742x400,0,,,
test,COD10K-CAM-2-Terrestrial-36-Leopard-2061.jpg,900x628,0,,,
test,COD10K-CAM-2-Terrestrial-36-Leopard-2072.jpg,1023x630,0,,,
test,COD10K-CAM-3-Flying-60-Heron-3892.jpg,1023x630,0,,,
test,COD10K-CAM-2-Terrestrial-36-Leopard-2073.jpg,1024x774,0,,,
test,COD10K-CAM-2-Terrestrial-36-Leopard-2089.jpg,1005x717,0,,,
test,COD10K-CAM-2-Terrestrial-37-Lion-2105.jpg,505x360,0,,,
test,COD10K-CAM-2-Terrestrial-38-Lizard-2132.jpg,433x640,0,,,
test,COD10K-CAM-2-Terrestrial-38-Lizard-2135.jpg,799x641,0,,,
test,COD10K-CAM-2-Terrestrial-38-Lizard-2142.jpg,838x838,0,,,
test,COD10K-CAM-2-Terrestrial-38-Lizard-2166.jpg,1280x839,0,,,
test,COD10K-CAM-2-Terrestrial-38-Lizard-2167.jpg,1280x650,0,,,
test,COD10K-CAM-2-Terrestrial-38-Lizard-2179.jpg,800x1200,0,,,
test,COD10K-CAM-2-Terrestrial-38-Lizard-2180.jpg,1280x559,0,,,
test,COD10K-CAM-2-Terrestrial-38-Lizard-2185.jpg,319x720,0,,,
test,COD10K-CAM-2-Terrestrial-38-Lizard-2195.jpg,500x752,0,,,
test,COD10K-CAM-2-Terrestrial-38-Lizard-2201.jpg,800x566,0,,,
test,COD10K-CAM-2-Terrestrial-38-Lizard-2220.jpg,637x945,0,,,
test,COD10K-CAM-2-Terrestrial-38-Lizard-2229.jpg,1024x994,0,,,
test,COD10K-CAM-2-Terrestrial-38-Lizard-2240.jpg,1024x736,0,,,
test,COD10K-CAM-2-Terrestrial-38-Lizard-2241.jpg,1023x637,0,,,
test,COD10K-CAM-2-Terrestrial-38-Lizard-2251.jpg,1024x325,0,,,
test,COD10K-CAM-2-Terrestrial-38-Lizard-2282.jpg,1024x785,0,,,
test,COD10K-CAM-2-Terrestrial-38-Lizard-2309.jpg,1023x594,0,,,
test,COD10K-CAM-2-Terrestrial-38-Lizard-2315.jpg,951x625,0,,,
test,COD10K-CAM-2-Terrestrial-38-Lizard-2319.jpg,1024x517,0,,,
test,COD10K-CAM-2-Terrestrial-39-Monkey-2338.jpg,1024x937,0,,,
test,COD10K-CAM-2-Terrestrial-40-Rabbit-2339.jpg,580x387,0,,,
test,COD10K-CAM-2-Terrestrial-40-Rabbit-2344.jpg,800x540,0,,,
test,COD10K-CAM-2-Terrestrial-40-Rabbit-2356.jpg,526x640,0,,,
test,COD10K-CAM-2-Terrestrial-40-Rabbit-2368.jpg,1024x807,0,,,
test,COD10K-CAM-2-Terrestrial-40-Rabbit-2371.jpg,1023x522,0,,,
test,COD10K-CAM-2-Terrestrial-42-Sciuridae-2379.jpg,700x722,0,,,
test,COD10K-CAM-2-Terrestrial-42-Sciuridae-2380.jpg,1200x811,0,,,
test,COD10K-CAM-2-Terrestrial-42-Sciuridae-2382.jpg,1530x1024,0,,,
test,COD10K-CAM-2-Terrestrial-42-Sciuridae-2383.jpg,1319x1024,0,,,
test,COD10K-CAM-2-Terrestrial-42-Sciuridae-2384.jpg,1600x726,0,,,
test,COD10K-CAM-2-Terrestrial-42-Sciuridae-2401.jpg,612x976,0,,,
test,COD10K-CAM-2-Terrestrial-42-Sciuridae-2418.jpg,478x720,0,,,
test,COD10K-CAM-2-Terrestrial-44-Snake-2452.jpg,1280x751,0,,,
test,COD10K-CAM-2-Terrestrial-44-Snake-2461.jpg,753x1024,0,,,
test,COD10K-CAM-2-Terrestrial-44-Snake-2474.jpg,683x893,0,,,
test,COD10K-CAM-2-Terrestrial-44-Snake-2482.jpg,679x976,0,,,
test,COD10K-CAM-2-Terrestrial-45-Spider-2498.jpg,2000x977,0,,,
test,COD10K-CAM-2-Terrestrial-45-Spider-2501.jpg,683x991,0,,,
test,COD10K-CAM-2-Terrestrial-45-Spider-2506.jpg,1024x311,0,,,
test,COD10K-CAM-2-Terrestrial-45-Spider-2514.jpg,1024x757,0,,,
test,COD10K-CAM-3-Flying-53-Bird-3180.jpg,1024x757,0,,,
test,COD10K-CAM-4-Amphibian-68-Toad-4903.jpg,1024x757,0,,,
test,COD10K-CAM-2-Terrestrial-45-Spider-2520.jpg,1024x902,0,,,
test,COD10K-CAM-2-Terrestrial-45-Spider-2535.jpg,1024x1008,0,,,
test,COD10K-CAM-3-Flying-55-Butterfly-3423.jpg,1024x1008,0,,,
test,COD10K-CAM-2-Terrestrial-45-Spider-2551.jpg,576x720,0,,,
test,COD10K-CAM-2-Terrestrial-45-Spider-2552.jpg,1880x1058,0,,,
test,COD10K-CAM-2-Terrestrial-45-Spider-2592.jpg,996x611,0,,,
test,COD10K-CAM-2-Terrestrial-45-Spider-2614.jpg,979x1024,0,,,
test,COD10K-CAM-2-Terrestrial-45-Spider-2627.jpg,678x983,0,,,
test,COD10K-CAM-2-Terrestrial-45-Spider-2640.jpg,850x609,0,,,
test,COD10K-CAM-2-Terrestrial-45-Spider-2667.jpg,1024x901,0,,,
test,COD10K-CAM-2-Terrestrial-45-Spider-2671.jpg,800x606,0,,,
test,COD10K-CAM-2-Terrestrial-45-Spider-2673.jpg,1024x619,0,,,
test,COD10K-CAM-2-Terrestrial-45-Spider-2697.jpg,1023x572,0,,,
test,COD10K-CAM-2-Terrestrial-45-Spider-2703.jpg,578x400,0,,,
test,COD10K-CAM-2-Terrestrial-45-Spider-2709.jpg,1019x631,0,,,
test,COD10K-CAM-2-Terrestrial-45-Spider-2719.jpg,952x565,0,,,
test,COD10K-CAM-2-Terrestrial-45-Spider-2731.jpg,678x1024,0,,,
test,COD10K-CAM-2-Terrestrial-46-StickInsect-2867.jpg,678x1024,0,,,
test,COD10K-CAM-3-Flying-55-Butterfly-3383.jpg,678x1024,0,,,
test,COD10K-CAM-2-Terrestrial-45-Spider-2736.jpg,900x817,0,,,
test,COD10K-CAM-2-Terrestrial-45-Spider-2772.jpg,900x602,0,,,
test,COD10K-CAM-2-Terrestrial-45-Spider-2789.jpg,1023x766,0,,,
test,COD10K-CAM-2-Terrestrial-45-Spider-2791.jpg,1024x804,0,,,
test,COD10K-CAM-2-Terrestrial-45-Spider-2792.jpg,899x563,0,,,
test,COD10K-CAM-2-Terrestrial-46-StickInsect-2806.jpg,534x720,0,,,
test,COD10K-CAM-2-Terrestrial-46-StickInsect-2808.jpg,600x430,0,,,
test,COD10K-CAM-2-Terrestrial-46-StickInsect-2817.jpg,600x430,0,,,
test,COD10K-CAM-2-Terrestrial-46-StickInsect-2809.jpg,550x385,0,,,
test,COD10K-CAM-2-Terrestrial-46-StickInsect-2813.jpg,763x450,0,,,
test,COD10K-CAM-2-Terrestrial-46-StickInsect-2819.jpg,500x401,0,,,
test,COD10K-CAM-2-Terrestrial-46-StickInsect-2820.jpg,560x379,0,,,
test,COD10K-CAM-2-Terrestrial-46-StickInsect-2825.jpg,1024x580,0,,,
test,COD10K-CAM-2-Terrestrial-46-StickInsect-2833.jpg,1023x761,0,,,
test,COD10K-CAM-2-Terrestrial-46-StickInsect-2842.jpg,1024x621,0,,,
test,COD10K-CAM-4-Amphibian-68-Toad-4951.jpg,1024x621,0,,,
test,COD10K-CAM-2-Terrestrial-46-StickInsect-2843.jpg,764x975,0,,,
test,COD10K-CAM-2-Terrestrial-48-Wolf-2914.jpg,1200x818,0,,,
test,COD10K-CAM-2-Terrestrial-48-Wolf-2921.jpg,900x514,0,,,
test,COD10K-CAM-2-Terrestrial-48-Wolf-2922.jpg,1024x795,0,,,
test,COD10K-CAM-2-Terrestrial-49-Worm-2930.jpg,1023x869,0,,,
test,COD10K-CAM-2-Terrestrial-49-Worm-2934.jpg,1024x892,0,,,
test,COD10K-CAM-2-Terrestrial-49-Worm-2948.jpg,934x1024,0,,,
test,COD10K-CAM-2-Terrestrial-49-Worm-2953.jpg,799x584,0,,,
test,COD10K-CAM-3-Flying-50-Bat-2959.jpg,611x916,0,,,
test,COD10K-CAM-3-Flying-50-Bat-2960.jpg,878x1024,0,,,
test,COD10K-CAM-3-Flying-50-Bat-2967.jpg,999x637,0,,,
test,COD10K-CAM-3-Flying-50-Bat-2970.jpg,839x561,0,,,
test,COD10K-CAM-3-Flying-50-Bat-2976.jpg,685x1024,0,,,
test,COD10K-CAM-3-Flying-51-Bee-2981.jpg,1023x736,0,,,
test,COD10K-CAM-3-Flying-51-Bee-2985.jpg,1280x664,0,,,
test,COD10K-CAM-3-Flying-51-Bee-2995.jpg,1024x969,0,,,
test,COD10K-CAM-3-Flying-52-Beetle-3009.jpg,640x560,0,,,
test,COD10K-CAM-3-Flying-53-Bird-3015.jpg,2272x1704,0,,,
test,COD10K-CAM-3-Flying-53-Bird-3022.jpg,799x633,0,,,
test,COD10K-CAM-3-Flying-53-Bird-3031.jpg,648x432,0,,,
test,COD10K-CAM-3-Flying-53-Bird-3032.jpg,800x574,0,,,
test,COD10K-CAM-3-Flying-53-Bird-3036.jpg,1022x576,0,,,
test,COD10K-CAM-3-Flying-53-Bird-3040.jpg,1600x873,0,,,
test,COD10K-CAM-3-Flying-53-Bird-3041.jpg,800x604,0,,,
test,COD10K-CAM-3-Flying-53-Bird-3057.jpg,900x529,0,,,
test,COD10K-CAM-3-Flying-53-Bird-3062.jpg,939x624,0,,,
test,COD10K-CAM-3-Flying-53-Bird-3064.jpg,1024x484,0,,,
test,COD10K-CAM-3-Flying-53-Bird-3075.jpg,639x538,0,,,
test,COD10K-CAM-3-Flying-53-Bird-3077.jpg,980x771,0,,,
test,COD10K-CAM-3-Flying-53-Bird-3078.jpg,640x561,0,,,
test,COD10K-CAM-3-Flying-53-Bird-3089.jpg,1280x701,0,,,
test,COD10K-CAM-3-Flying-53-Bird-3096.jpg,1880x1253,0,,,
test,COD10K-CAM-3-Flying-53-Bird-3133.jpg,1023x827,0,,,
test,COD10K-CAM-3-Flying-53-Bird-3141.jpg,1023x671,0,,,
test,COD10K-CAM-3-Flying-53-Bird-3142.jpg,1024x847,0,,,
test,COD10K-CAM-3-Flying-53-Bird-3145.jpg,708x1024,0,,,
test,COD10K-CAM-3-Flying-53-Bird-3155.jpg,652x1024,0,,,
test,COD10K-CAM-3-Flying-53-Bird-3162.jpg,1024x893,0,,,
test,COD10K-CAM-3-Flying-53-Bird-3171.jpg,1024x794,0,,,
test,COD10K-CAM-3-Flying-53-Bird-3185.jpg,900x372,0,,,
test,COD10K-CAM-3-Flying-53-Bird-3198.jpg,900x727,0,,,
test,COD10K-CAM-3-Flying-53-Bird-3207.jpg,1024x835,0,,,
test,COD10K-CAM-3-Flying-53-Bird-3211.jpg,795x620,0,,,
test,COD10K-CAM-3-Flying-53-Bird-3213.jpg,550x538,0,,,
test,COD10K-CAM-3-Flying-53-Bird-3214.jpg,1023x964,0,,,
test,COD10K-CAM-3-Flying-53-Bird-3215.jpg,704x824,0,,,
test,COD10K-CAM-3-Flying-53-Bird-3223.jpg,963x1024,0,,,
test,COD10K-CAM-3-Flying-53-Bird-3226.jpg,1023x672,0,,,
test,COD10K-CAM-3-Flying-62-Mantis-4372.jpg,1023x672,0,,,
test,COD10K-CAM-3-Flying-53-Bird-3232.jpg,1023x573,0,,,
test,COD10K-CAM-3-Flying-53-Bird-3234.jpg,1023x748,0,,,
test,COD10K-CAM-3-Flying-53-Bird-3237.jpg,800x645,0,,,
test,COD10K-CAM-3-Flying-53-Bird-3240.jpg,640x575,0,,,
test,COD10K-CAM-3-Flying-54-Bittern-3255.jpg,1024x608,0,,,
test,COD10K-CAM-4-Amphibian-68-Toad-4999.jpg,1024x608,0,,,
test,COD10K-CAM-3-Flying-54-Bittern-3283.jpg,984x992,0,,,
test,COD10K-CAM-3-Flying-54-Bittern-3289.jpg,648x621,0,,,
test,COD10K-CAM-3-Flying-55-Butterfly-3295.jpg,610x355,0,,,
test,COD10K-CAM-3-Flying-55-Butterfly-3304.jpg,640x626,0,,,
test,COD10K-CAM-3-Flying-55-Butterfly-3369.jpg,799x507,0,,,
test,COD10K-CAM-3-Flying-55-Butterfly-3376.jpg,709x413,0,,,
test,COD10K-CAM-3-Flying-55-Butterfly-3379.jpg,737x590,0,,,
test,COD10K-CAM-3-Flying-55-Butterfly-3398.jpg,1280x842,0,,,
test,COD10K-CAM-3-Flying-55-Butterfly-3401.jpg,1024x861,0,,,
test,COD10K-CAM-3-Flying-55-Butterfly-3409.jpg,553x640,0,,,
test,COD10K-CAM-3-Flying-56-Cicada-3439.jpg,620x400,0,,,
test,COD10K-CAM-3-Flying-56-Cicada-3441.jpg,1136x852,0,,,
test,COD10K-CAM-3-Flying-56-Cicada-3460.jpg,683x980,0,,,
test,COD10K-CAM-3-Flying-56-Cicada-3463.jpg,839x1024,0,,,
test,COD10K-CAM-3-Flying-56-Cicada-3522.jpg,501x784,0,,,
test,COD10K-CAM-3-Flying-56-Cicada-3527.jpg,575x575,0,,,
test,COD10K-CAM-3-Flying-56-Cicada-3536.jpg,707x1024,0,,,
test,COD10K-CAM-3-Flying-65-Owl-4536.jpg,707x1024,0,,,
test,COD10K-CAM-3-Flying-57-Dragonfly-3553.jpg,457x639,0,,,
test,COD10K-CAM-3-Flying-57-Dragonfly-3571.jpg,686x989,0,,,
test,COD10K-CAM-3-Flying-57-Dragonfly-3580.jpg,830x684,0,,,
test,COD10K-CAM-3-Flying-57-Dragonfly-3582.jpg,1024x763,0,,,
test,COD10K-CAM-4-Amphibian-68-Toad-4963.jpg,1024x763,0,,,
test,COD10K-CAM-3-Flying-57-Dragonfly-3590.jpg,865x678,0,,,
test,COD10K-CAM-3-Flying-58-Frogmouth-3610.jpg,767x502,0,,,
test,COD10K-CAM-3-Flying-58-Frogmouth-3611.jpg,984x968,0,,,
test,COD10K-CAM-3-Flying-59-Grasshopper-3618.jpg,861x633,0,,,
test,COD10K-CAM-3-Flying-59-Grasshopper-3619.jpg,1272x1236,0,,,
test,COD10K-CAM-3-Flying-59-Grasshopper-3622.jpg,995x703,0,,,
test,COD10K-CAM-3-Flying-59-Grasshopper-3625.jpg,1280x924,0,,,
test,COD10K-CAM-3-Flying-59-Grasshopper-3637.jpg,712x1024,0,,,
test,COD10K-CAM-3-Flying-59-Grasshopper-3644.jpg,732x1024,0,,,
test,COD10K-CAM-3-Flying-59-Grasshopper-3672.jpg,1024x918,0,,,
test,COD10K-CAM-3-Flying-59-Grasshopper-3678.jpg,670x972,0,,,
test,COD10K-CAM-3-Flying-59-Grasshopper-3680.jpg,716x1023,0,,,
test,COD10K-CAM-3-Flying-59-Grasshopper-3686.jpg,773x517,0,,,
test,COD10K-CAM-3-Flying-59-Grasshopper-3688.jpg,1023x698,0,,,
test,COD10K-CAM-3-Flying-59-Grasshopper-3692.jpg,779x1024,0,,,
test,COD10K-CAM-3-Flying-59-Grasshopper-3694.jpg,665x1000,0,,,
test,COD10K-CAM-3-Flying-59-Grasshopper-3697.jpg,600x732,0,,,
test,COD10K-CAM-3-Flying-59-Grasshopper-3699.jpg,657x600,0,,,
test,COD10K-CAM-3-Flying-59-Grasshopper-3702.jpg,735x1024,0,,,
test,COD10K-CAM-3-Flying-59-Grasshopper-3710.jpg,991x1024,0,,,
test,COD10K-CAM-3-Flying-59-Grasshopper-3719.jpg,619x1023,0,,,
test,COD10K-CAM-3-Flying-59-Grasshopper-3729.jpg,1021x650,0,,,
test,COD10K-CAM-3-Flying-59-Grasshopper-3744.jpg,679x948,0,,,
test,COD10K-CAM-3-Flying-59-Grasshopper-3747.jpg,989x986,0,,,
test,COD10K-CAM-3-Flying-59-Grasshopper-3756.jpg,985x692,0,,,
test,COD10K-CAM-3-Flying-59-Grasshopper-3758.jpg,1022x746,0,,,
test,COD10K-CAM-3-Flying-59-Grasshopper-3762.jpg,593x1024,0,,,
test,COD10K-CAM-3-Flying-59-Grasshopper-3771.jpg,906x800,0,,,
test,COD10K-CAM-3-Flying-59-Grasshopper-3776.jpg,838x1024,0,,,
test,COD10K-CAM-3-Flying-59-Grasshopper-3778.jpg,798x1023,0,,,
test,COD10K-CAM-3-Flying-59-Grasshopper-3824.jpg,1280x761,0,,,
test,COD10K-CAM-3-Flying-59-Grasshopper-3845.jpg,956x1024,0,,,
test,COD10K-CAM-3-Flying-59-Grasshopper-3856.jpg,1023x701,0,,,
test,COD10K-CAM-3-Flying-60-Heron-3886.jpg,800x586,0,,,
test,COD10K-CAM-3-Flying-60-Heron-3888.jpg,1024x610,0,,,
test,COD10K-CAM-3-Flying-60-Heron-3889.jpg,1023x776,0,,,
test,COD10K-CAM-3-Flying-60-Heron-3898.jpg,818x938,0,,,
test,COD10K-CAM-3-Flying-60-Heron-3921.jpg,1024x463,0,,,
test,COD10K-CAM-3-Flying-61-Katydid-3950.jpg,950x713,0,,,
test,COD10K-CAM-3-Flying-61-Katydid-3951.jpg,1369x1024,0,,,
test,COD10K-CAM-3-Flying-61-Katydid-3964.jpg,679x990,0,,,
test,COD10K-CAM-3-Flying-61-Katydid-3971.jpg,1023x604,0,,,
test,COD10K-CAM-3-Flying-61-Katydid-3982.jpg,750x563,0,,,
test,COD10K-CAM-3-Flying-61-Katydid-4003.jpg,1020x619,0,,,
test,COD10K-CAM-3-Flying-61-Katydid-4004.jpg,1023x606,0,,,
test,COD10K-CAM-3-Flying-62-Mantis-4281.jpg,1023x606,0,,,
test,COD10K-CAM-3-Flying-61-Katydid-4021.jpg,825x683,0,,,
test,COD10K-CAM-3-Flying-61-Katydid-4022.jpg,812x680,0,,,
test,COD10K-CAM-3-Flying-61-Katydid-4042.jpg,432x404,0,,,
test,COD10K-CAM-3-Flying-61-Katydid-4059.jpg,906x990,0,,,
test,COD10K-CAM-3-Flying-61-Katydid-4064.jpg,683x972,0,,,
test,COD10K-CAM-3-Flying-61-Katydid-4086.jpg,1020x596,0,,,
test,COD10K-CAM-3-Flying-61-Katydid-4101.jpg,947x1023,0,,,
test,COD10K-CAM-3-Flying-61-Katydid-4102.jpg,600x562,0,,,
test,COD10K-CAM-3-Flying-61-Katydid-4130.jpg,766x991,0,,,
test,COD10K-CAM-3-Flying-61-Katydid-4141.jpg,1023x770,0,,,
test,COD10K-CAM-3-Flying-61-Katydid-4144.jpg,1024x849,0,,,
test,COD10K-CAM-3-Flying-61-Katydid-4162.jpg,1024x849,0,,,
test,COD10K-CAM-3-Flying-61-Katydid-4153.jpg,625x998,0,,,
test,COD10K-CAM-3-Flying-61-Katydid-4160.jpg,966x513,0,,,
test,COD10K-CAM-3-Flying-61-Katydid-4161.jpg,965x501,0,,,
test,COD10K-CAM-3-Flying-61-Katydid-4176.jpg,683x970,0,,,
test,COD10K-CAM-3-Flying-61-Katydid-4180.jpg,1023x647,0,,,
test,COD10K-CAM-3-Flying-61-Katydid-4198.jpg,719x895,0,,,
test,COD10K-CAM-3-Flying-61-Katydid-4204.jpg,840x1023,0,,,
test,COD10K-CAM-3-Flying-61-Katydid-4209.jpg,883x1024,0,,,
test,COD10K-CAM-3-Flying-61-Katydid-4219.jpg,1024x581,0,,,
test,COD10K-CAM-3-Flying-61-Katydid-4225.jpg,1020x649,0,,,
test,COD10K-CAM-3-Flying-61-Katydid-4238.jpg,565x423,0,,,
test,COD10K-CAM-3-Flying-62-Mantis-4287.jpg,682x985,0,,,
test,COD10K-CAM-3-Flying-62-Mantis-4302.jpg,1004x1024,0,,,
test,COD10K-CAM-3-Flying-62-Mantis-4316.jpg,899x651,0,,,
test,COD10K-CAM-3-Flying-62-Mantis-4328.jpg,681x961,0,,,
test,COD10K-CAM-3-Flying-62-Mantis-4339.jpg,1020x723,0,,,
test,COD10K-CAM-3-Flying-62-Mantis-4347.jpg,679x952,0,,,
test,COD10K-CAM-3-Flying-62-Mantis-4375.jpg,1024x997,0,,,
test,COD10K-CAM-3-Flying-62-Mantis-4386.jpg,1546x1024,0,,,
test,COD10K-CAM-3-Flying-63-Mockingbird-4389.jpg,639x585,0,,,
test,COD10K-CAM-3-Flying-64-Moth-4430.jpg,1023x629,0,,,
test,COD10K-CAM-3-Flying-64-Moth-4431.jpg,580x447,0,,,
test,COD10K-CAM-3-Flying-64-Moth-4444.jpg,900x900,0,,,
test,COD10K-CAM-3-Flying-64-Moth-4452.jpg,1280x1073,0,,,
test,COD10K-CAM-3-Flying-64-Moth-4461.jpg,1000x775,0,,,
test,COD10K-CAM-3-Flying-64-Moth-4471.jpg,1024x498,0,,,
test,COD10K-CAM-3-Flying-65-Owl-4510.jpg,1536x1136,0,,,
test,COD10K-CAM-3-Flying-65-Owl-4514.jpg,605x362,0,,,
test,COD10K-CAM-3-Flying-65-Owl-4515.jpg,549x575,0,,,
test,COD10K-CAM-3-Flying-65-Owl-4530.jpg,700x730,0,,,
test,COD10K-CAM-3-Flying-65-Owl-4543.jpg,2500x1667,0,,,
test,COD10K-CAM-3-Flying-65-Owl-4553.jpg,1600x996,0,,,
test,COD10K-CAM-3-Flying-65-Owl-4555.jpg,650x451,0,,,
test,COD10K-CAM-3-Flying-65-Owl-4556.jpg,800x615,0,,,
test,COD10K-CAM-3-Flying-65-Owl-4564.jpg,1024x596,0,,,
test,COD10K-CAM-3-Flying-65-Owl-4565.jpg,937x1024,0,,,
test,COD10K-CAM-3-Flying-65-Owl-4584.jpg,425x496,0,,,
test,COD10K-CAM-3-Flying-65-Owl-4586.jpg,512x640,0,,,
test,COD10K-CAM-3-Flying-65-Owl-4587.jpg,1600x758,0,,,
test,COD10K-CAM-3-Flying-65-Owl-4599.jpg,750x952,0,,,
test,COD10K-CAM-3-Flying-65-Owl-4604.jpg,1024x780,0,,,
test,COD10K-CAM-3-Flying-65-Owl-4615.jpg,1024x975,0,,,
test,COD10K-CAM-3-Flying-65-Owl-4620.jpg,999x593,0,,,
test,COD10K-CAM-3-Flying-65-Owl-4662.jpg,750x991,0,,,
test,COD10K-CAM-3-Flying-66-Owlfly-4677.jpg,555x994,0,,,
test,COD10K-CAM-4-Amphibian-67-Frog-4679.jpg,610x401,0,,,
test,COD10K-CAM-4-Amphibian-67-Frog-4751.jpg,799x636,0,,,
test,COD10K-CAM-4-Amphibian-67-Frog-4752.jpg,798x510,0,,,
test,COD10K-CAM-4-Amphibian-67-Frog-4754.jpg,800x624,0,,,
test,COD10K-CAM-4-Amphibian-67-Frog-4755.jpg,742x500,0,,,
test,COD10K-CAM-4-Amphibian-67-Frog-4756.jpg,634x951,0,,,
test,COD10K-CAM-4-Amphibian-67-Frog-4781.jpg,1024x370,0,,,
test,COD10K-CAM-4-Amphibian-67-Frog-4793.jpg,780x681,0,,,
test,COD10K-CAM-4-Amphibian-68-Toad-4809.jpg,1280x1254,0,,,
test,COD10K-CAM-4-Amphibian-68-Toad-4900.jpg,1022x644,0,,,
test,COD10K-CAM-4-Amphibian-68-Toad-4912.jpg,1024x727,0,,,
test,COD10K-CAM-4-Amphibian-68-Toad-4955.jpg,1023x644,0,,,
test,COD10K-CAM-4-Amphibian-68-Toad-4965.jpg,1019x638,0,,,
test,COD10K-CAM-4-Amphibian-68-Toad-5008.jpg,1023x760,0,,,
test,COD10K-CAM-5-Other-69-Other-5023.jpg,915x686,0,,,
test,COD10K-CAM-5-Other-69-Other-5027.jpg,913x1200,0,,,
test,COD10K-CAM-5-Other-69-Other-5040.jpg,1024x583,0,,,
cham,animal-1.jpg,1024x768,317,2.306,tgt,COD10K-CAM-2-Terrestrial-37-Lion-2116.jpg
cham,animal-12.jpg,1024x768,317,1.461,tgt,COD10K-CAM-4-Amphibian-68-Toad-4805.jpg
cham,animal-23.jpg,1024x768,317,2.672,tgt,COD10K-CAM-2-Terrestrial-26-Chameleon-1665.jpg
cham,animal-5.jpg,1024x768,317,40.577,tgt,COD10K-CAM-1-Aquatic-7-Flounder-260.jpg
cham,animal-50.jpg,1024x683,546,0.645,tgt,COD10K-CAM-3-Flying-59-Grasshopper-3616.jpg
cham,animal-31.jpg,640x480,24,5.512,tgt,COD10K-CAM-1-Aquatic-20-Turtle-1208.jpg
cham,animal-70.jpg,640x480,24,2.067,tgt,COD10K-CAM-2-Terrestrial-45-Spider-2497.jpg
cham,animal-41.jpg,1024x664,1,62.822,tgt,COD10K-CAM-1-Aquatic-13-Pipefish-718.jpg
cham,animal-39.jpg,940x590,1,1.19,tgt,COD10K-CAM-1-Aquatic-3-Crab-19.jpg
cham,animal-32.jpg,500x375,6,54.286,tgt,camourflage_00584.jpg
cham,animal-21.jpg,2560x1920,1,1.706,tgt,COD10K-CAM-2-Terrestrial-26-Chameleon-1664.jpg
cham,animal-13.jpg,2304x3456,1,1.165,tgt,COD10K-CAM-2-Terrestrial-31-Gecko-1879.jpg
cham,animal-33.jpg,426x650,1,0.952,tgt,COD10K-CAM-2-Terrestrial-31-Gecko-1883.jpg
cham,animal-35.jpg,470x688,1,0.905,tgt,COD10K-CAM-2-Terrestrial-31-Gecko-1884.jpg
cham,animal-37.jpg,962x622,1,2.01,tgt,COD10K-CAM-2-Terrestrial-31-Gecko-1885.jpg
cham,animal-40.jpg,500x728,1,2.755,tgt,COD10K-CAM-2-Terrestrial-31-Gecko-1886.jpg
cham,animal-25.jpg,880x587,2,63.485,tgt,camourflage_00106.jpg
cham,animal-42.jpg,880x587,2,0.781,tgt,COD10K-CAM-2-Terrestrial-31-Gecko-1887.jpg
cham,animal-9.jpg,1200x943,1,1.266,tgt,COD10K-CAM-2-Terrestrial-31-Gecko-1891.jpg
cham,animal-8.jpg,1200x792,1,4.49,tgt,COD10K-CAM-2-Terrestrial-32-Giraffe-1930.jpg
cham,animal-24.jpg,550x366,1,1.463,tgt,COD10K-CAM-2-Terrestrial-45-Spider-2493.jpg
cham,animal-51.jpg,550x366,1,65.369,tgt,COD10K-CAM-2-Terrestrial-45-Spider-2493.jpg
cham,animal-26.jpg,780x520,1,1.798,tgt,COD10K-CAM-2-Terrestrial-45-Spider-2495.jpg
cham,animal-63.jpg,595x454,1,2.011,tgt,COD10K-CAM-2-Terrestrial-45-Spider-2496.jpg
cham,animal-65.jpg,1600x1120,2,1.257,tgt,COD10K-CAM-2-Terrestrial-47-Tiger-2875.jpg
cham,animal-15.jpg,2048x1225,1,0.989,tgt,COD10K-CAM-2-Terrestrial-48-Wolf-2913.jpg
cham,animal-19.jpg,497x300,1,3.75,tgt,COD10K-CAM-3-Flying-53-Bird-3014.jpg
cham,animal-71.jpg,1024x793,1,0.85,tgt,COD10K-CAM-3-Flying-55-Butterfly-3291.jpg
cham,animal-56.jpg,1800x1389,1,1.542,tgt,COD10K-CAM-3-Flying-58-Frogmouth-3594.jpg
cham,animal-45.jpg,605x349,1,0.844,tgt,COD10K-CAM-3-Flying-59-Grasshopper-3614.jpg
cham,animal-52.jpg,580x773,1,2.296,tgt,COD10K-CAM-3-Flying-59-Grasshopper-3617.jpg
cham,animal-34.jpg,700x436,1,0.653,tgt,COD10K-CAM-3-Flying-61-Katydid-3936.jpg
cham,animal-4.jpg,1200x945,2,1.052,tgt,COD10K-CAM-3-Flying-61-Katydid-3937.jpg
cham,animal-46.jpg,1024x466,1,57.99,tgt,COD10K-CAM-3-Flying-61-Katydid-4106.jpg
cham,animal-44.jpg,755x319,1,1.733,tgt,COD10K-CAM-3-Flying-64-Moth-4428.jpg
cham,animal-48.jpg,1300x849,1,2.079,tgt,COD10K-CAM-3-Flying-64-Moth-4429.jpg
cham,animal-11.jpg,2288x1712,1,1.461,tgt,COD10K-CAM-3-Flying-65-Owl-4508.jpg
cham,animal-14.jpg,1440x900,1,0.692,tgt,COD10K-CAM-3-Flying-65-Owl-4509.jpg
cham,animal-6.jpg,880x908,1,1.923,tgt,COD10K-CAM-3-Flying-65-Owl-4512.jpg
cham,animal-60.jpg,880x707,1,2.225,tgt,COD10K-CAM-3-Flying-65-Owl-4513.jpg
cham,animal-76.jpg,829x466,1,0.603,tgt,COD10K-CAM-3-Flying-65-Owl-4516.jpg
cham,animal-54.jpg,880x660,2,63.07,tgt,camourflage_00836.jpg
cham,animal-55.jpg,880x660,2,1.514,tgt,COD10K-CAM-4-Amphibian-67-Frog-4680.jpg
cham,animal-57.jpg,880x660,2,3.062,tgt,camourflage_00836.jpg
cham,animal-58.jpg,880x660,2,66.651,tgt,COD10K-CAM-4-Amphibian-67-Frog-4680.jpg
cham,animal-67.jpg,1200x831,1,2.107,tgt,COD10K-CAM-4-Amphibian-67-Frog-4681.jpg
cham,animal-17.jpg,1200x947,1,1.389,tgt,COD10K-CAM-4-Amphibian-68-Toad-4806.jpg
cham,animal-30.jpg,600x330,1,0.835,tgt,COD10K-CAM-4-Amphibian-68-Toad-4807.jpg
cham,animal-29.jpg,620x413,2,2.203,tgt,COD10K-CAM-4-Amphibian-68-Toad-4866.jpg
cham,animal-38.jpg,450x300,1,61.88,tgt,camourflage_00640.jpg
cham,animal-53.jpg,880x585,1,87.709,tgt,camourflage_00981.jpg
cham,animal-36.jpg,962x621,0,,,
cham,animal-43.jpg,755x352,0,,,
cham,animal-47.jpg,755x487,0,,,
cham,animal-69.jpg,847x565,0,,,
cham,animal-7.jpg,880x968,0,,,
cham,animal-16.jpg,815x1188,0,,,
cham,animal-62.jpg,1000x628,0,,,
cham,animal-66.jpg,610x409,0,,,
cham,animal-27.jpg,505x360,0,,,
cham,animal-49.jpg,580x387,0,,,
cham,animal-10.jpg,1200x811,0,,,
cham,animal-72.jpg,2000x977,0,,,
cham,animal-3.jpg,1200x818,0,,,
cham,animal-2.jpg,2272x1704,0,,,
cham,animal-20.jpg,620x400,0,,,
cham,animal-64.jpg,861x633,0,,,
cham,animal-68.jpg,1272x1236,0,,,
cham,animal-18.jpg,1536x1136,0,,,
cham,animal-61.jpg,605x362,0,,,
cham,animal-75.jpg,549x575,0,,,
cham,animal-28.jpg,610x401,0,,,
cham,animal-59.jpg,915x686,0,,,
cham,animal-22.jpg,791x568,0,,,
cham,animal-73.jpg,850x701,0,,,
cham,animal-74.jpg,933x700,0,,,
nc4k,1089.jpg,800x600,56,51.353,tgt,COD10K-CAM-1-Aquatic-14-ScorpionFish-903.jpg
nc4k,1174.jpg,800x600,56,44.35,tgt,COD10K-CAM-1-Aquatic-7-Flounder-281.jpg
nc4k,1191.jpg,800x600,56,50.092,tgt,COD10K-CAM-2-Terrestrial-33-Grouse-1964.jpg
nc4k,1199.jpg,800x600,56,49.987,tgt,COD10K-CAM-1-Aquatic-14-ScorpionFish-903.jpg
nc4k,1220.jpg,800x600,56,47.31,tgt,COD10K-CAM-2-Terrestrial-40-Rabbit-2357.jpg
nc4k,1233.jpg,800x600,56,53.845,tgt,COD10K-CAM-2-Terrestrial-40-Rabbit-2357.jpg
nc4k,1248.jpg,800x600,56,60.51,tgt,COD10K-CAM-2-Terrestrial-40-Rabbit-2357.jpg
nc4k,1265.jpg,800x600,56,43.46,tgt,COD10K-CAM-2-Terrestrial-40-Rabbit-2357.jpg
nc4k,141.jpg,800x600,56,48.732,tgt,COD10K-CAM-2-Terrestrial-40-Rabbit-2357.jpg
nc4k,1438.jpg,800x600,56,44.221,tgt,COD10K-CAM-2-Terrestrial-40-Rabbit-2357.jpg
nc4k,1666.jpg,800x600,56,38.539,tgt,COD10K-CAM-2-Terrestrial-40-Rabbit-2357.jpg
nc4k,1674.jpg,800x600,56,47.661,tgt,COD10K-CAM-1-Aquatic-14-ScorpionFish-903.jpg
nc4k,170.jpg,800x600,56,49.491,tgt,COD10K-CAM-2-Terrestrial-40-Rabbit-2357.jpg
nc4k,1828.jpg,800x600,56,63.497,tgt,COD10K-CAM-1-Aquatic-15-SeaHorse-970.jpg
nc4k,2095.jpg,800x600,56,42.055,tgt,COD10K-CAM-2-Terrestrial-40-Rabbit-2357.jpg
nc4k,2122.jpg,800x600,56,51.966,tgt,COD10K-CAM-1-Aquatic-16-Shrimp-1135.jpg
nc4k,2191.jpg,800x600,56,41.2,tgt,camourflage_00802.jpg
nc4k,2202.jpg,800x600,56,47.423,tgt,COD10K-CAM-1-Aquatic-16-Shrimp-1135.jpg
nc4k,2265.jpg,800x600,56,45.377,tgt,COD10K-CAM-5-Other-69-Other-5052.jpg
nc4k,230.jpg,800x600,56,52.993,tgt,COD10K-CAM-1-Aquatic-14-ScorpionFish-903.jpg
nc4k,2425.jpg,800x600,56,50.852,tgt,COD10K-CAM-2-Terrestrial-40-Rabbit-2357.jpg
nc4k,2431.jpg,800x600,56,54.86,tgt,COD10K-CAM-2-Terrestrial-40-Rabbit-2357.jpg
nc4k,2435.jpg,800x600,56,49.799,tgt,camourflage_00326.jpg
nc4k,2441.jpg,800x600,56,66.322,tgt,COD10K-CAM-1-Aquatic-13-Pipefish-829.jpg
nc4k,2469.jpg,800x600,56,38.752,tgt,COD10K-CAM-1-Aquatic-14-ScorpionFish-903.jpg
nc4k,254.jpg,800x600,56,45.82,tgt,COD10K-CAM-1-Aquatic-13-Pipefish-829.jpg
nc4k,2558.jpg,800x600,56,34.709,tgt,camourflage_00708.jpg
nc4k,256.jpg,800x600,56,51.881,tgt,camourflage_00431.jpg
nc4k,2617.jpg,800x600,56,51.762,tgt,camourflage_00326.jpg
nc4k,2631.jpg,800x600,56,57.282,tgt,COD10K-CAM-1-Aquatic-14-ScorpionFish-903.jpg
nc4k,2735.jpg,800x600,56,46.703,tgt,COD10K-CAM-1-Aquatic-7-Flounder-281.jpg
nc4k,2744.jpg,800x600,56,40.814,tgt,COD10K-CAM-2-Terrestrial-40-Rabbit-2357.jpg
nc4k,2771.jpg,800x600,56,48.811,tgt,COD10K-CAM-5-Other-69-Other-5052.jpg
nc4k,2805.jpg,800x600,56,62.02,tgt,COD10K-CAM-2-Terrestrial-40-Rabbit-2357.jpg
nc4k,2864.jpg,800x600,56,40.638,tgt,COD10K-CAM-1-Aquatic-13-Pipefish-829.jpg
nc4k,3325.jpg,800x600,56,40.654,tgt,COD10K-CAM-1-Aquatic-9-GhostPipefish-332.jpg
nc4k,3438.jpg,800x600,56,53.066,tgt,COD10K-CAM-2-Terrestrial-40-Rabbit-2357.jpg
nc4k,3492.jpg,800x600,56,42.373,tgt,camourflage_00625.jpg
nc4k,3611.jpg,800x600,56,69.705,tgt,COD10K-CAM-1-Aquatic-14-ScorpionFish-903.jpg
nc4k,3765.jpg,800x600,56,53.959,tgt,camourflage_00326.jpg
nc4k,3957.jpg,800x600,56,64.525,tgt,COD10K-CAM-3-Flying-53-Bird-3091.jpg
nc4k,400.jpg,800x600,56,36.598,tgt,COD10K-CAM-2-Terrestrial-40-Rabbit-2357.jpg
nc4k,4014.jpg,800x600,56,66.166,tgt,camourflage_00802.jpg
nc4k,4043.jpg,800x600,56,51.708,tgt,COD10K-CAM-1-Aquatic-13-Pipefish-829.jpg
nc4k,4489.jpg,800x600,56,60.223,tgt,camourflage_00354.jpg
nc4k,45.jpg,800x600,56,47.858,tgt,COD10K-CAM-2-Terrestrial-33-Grouse-1964.jpg
nc4k,4506.jpg,800x600,56,47.409,tgt,COD10K-CAM-2-Terrestrial-40-Rabbit-2357.jpg
nc4k,4507.jpg,800x600,56,62.058,tgt,COD10K-CAM-1-Aquatic-14-ScorpionFish-903.jpg
nc4k,4685.jpg,800x600,56,60.75,tgt,COD10K-CAM-1-Aquatic-14-ScorpionFish-903.jpg
nc4k,4915.jpg,800x600,56,46.941,tgt,COD10K-CAM-1-Aquatic-13-Pipefish-829.jpg
nc4k,4925.jpg,800x600,56,63.14,tgt,COD10K-CAM-1-Aquatic-14-ScorpionFish-903.jpg
nc4k,4965.jpg,800x600,56,43.977,tgt,COD10K-CAM-1-Aquatic-14-ScorpionFish-903.jpg
nc4k,5259.jpg,800x600,56,37.685,tgt,camourflage_00326.jpg
nc4k,5263.jpg,800x600,56,49.778,tgt,COD10K-CAM-3-Flying-53-Bird-3091.jpg
nc4k,5272.jpg,800x600,56,48.684,tgt,camourflage_00326.jpg
nc4k,5434.jpg,800x600,56,57.255,tgt,COD10K-CAM-2-Terrestrial-33-Grouse-1964.jpg
nc4k,5521.jpg,800x600,56,59.39,tgt,COD10K-CAM-1-Aquatic-13-Pipefish-829.jpg
nc4k,5575.jpg,800x600,56,56.818,tgt,COD10K-CAM-2-Terrestrial-40-Rabbit-2357.jpg
nc4k,56.jpg,800x600,56,50.411,tgt,COD10K-CAM-2-Terrestrial-40-Rabbit-2357.jpg
nc4k,5622.jpg,800x600,56,49.216,tgt,COD10K-CAM-1-Aquatic-7-Flounder-281.jpg
nc4k,5643.jpg,800x600,56,64.942,tgt,COD10K-CAM-1-Aquatic-14-ScorpionFish-903.jpg
nc4k,5655.jpg,800x600,56,60.833,tgt,COD10K-CAM-1-Aquatic-7-Flounder-281.jpg
nc4k,5718.jpg,800x600,56,53.27,tgt,camourflage_00802.jpg
nc4k,5724.jpg,800x600,56,55.366,tgt,COD10K-CAM-2-Terrestrial-40-Rabbit-2357.jpg
nc4k,5737.jpg,800x600,56,42.091,tgt,COD10K-CAM-2-Terrestrial-40-Rabbit-2357.jpg
nc4k,622.jpg,800x600,56,45.459,tgt,COD10K-CAM-1-Aquatic-13-Pipefish-675.jpg
nc4k,716.jpg,800x600,56,51.434,tgt,COD10K-CAM-1-Aquatic-14-ScorpionFish-903.jpg
nc4k,75.jpg,800x600,56,45.829,tgt,COD10K-CAM-2-Terrestrial-33-Grouse-1964.jpg
nc4k,85.jpg,800x600,56,38.897,tgt,camourflage_00431.jpg
nc4k,902.jpg,800x600,56,58.642,tgt,camourflage_00708.jpg
nc4k,926.jpg,800x600,56,42.832,tgt,COD10K-CAM-1-Aquatic-9-GhostPipefish-332.jpg
nc4k,1067.jpg,800x533,10,30.483,tgt,COD10K-CAM-1-Aquatic-1-BatFish-7.jpg
nc4k,1139.jpg,800x533,10,54.746,tgt,COD10K-CAM-3-Flying-59-Grasshopper-3725.jpg
nc4k,1166.jpg,800x533,10,40.455,tgt,COD10K-CAM-1-Aquatic-1-BatFish-7.jpg
nc4k,1187.jpg,800x533,10,45.058,tgt,COD10K-CAM-1-Aquatic-1-BatFish-3.jpg
nc4k,1237.jpg,800x533,10,58.431,tgt,COD10K-CAM-2-Terrestrial-26-Chameleon-1712.jpg
nc4k,1308.jpg,800x533,10,53.099,tgt,COD10K-CAM-3-Flying-59-Grasshopper-3725.jpg
nc4k,1339.jpg,800x533,10,49.762,tgt,COD10K-CAM-2-Terrestrial-26-Chameleon-1712.jpg
nc4k,1380.jpg,800x533,10,68.053,tgt,COD10K-CAM-1-Aquatic-1-BatFish-3.jpg
nc4k,1400.jpg,800x533,10,51.636,tgt,COD10K-CAM-1-Aquatic-1-BatFish-3.jpg
nc4k,1515.jpg,800x533,10,43.689,tgt,COD10K-CAM-1-Aquatic-1-BatFish-3.jpg
nc4k,1518.jpg,800x533,10,51.36,tgt,COD10K-CAM-1-Aquatic-1-BatFish-3.jpg
nc4k,1571.jpg,800x533,10,44.995,tgt,COD10K-CAM-3-Flying-59-Grasshopper-3725.jpg
nc4k,1799.jpg,800x533,10,37.33,tgt,COD10K-CAM-1-Aquatic-1-BatFish-7.jpg
nc4k,1807.jpg,800x533,10,44.392,tgt,COD10K-CAM-1-Aquatic-1-BatFish-7.jpg
nc4k,1841.jpg,800x533,10,32.544,tgt,COD10K-CAM-1-Aquatic-1-BatFish-7.jpg
nc4k,1876.jpg,800x533,10,58.621,tgt,COD10K-CAM-1-Aquatic-1-BatFish-3.jpg
nc4k,1902.jpg,800x533,10,53.145,tgt,camourflage_00854.jpg
nc4k,1935.jpg,800x533,10,62.872,tgt,COD10K-CAM-2-Terrestrial-26-Chameleon-1712.jpg
nc4k,2132.jpg,800x533,10,62.35,tgt,COD10K-CAM-3-Flying-50-Bat-2957.jpg
nc4k,2138.jpg,800x533,10,56.85,tgt,COD10K-CAM-3-Flying-50-Bat-2957.jpg
nc4k,2158.jpg,800x533,10,54.42,tgt,COD10K-CAM-3-Flying-50-Bat-2957.jpg
nc4k,2245.jpg,800x533,10,59.379,tgt,COD10K-CAM-3-Flying-50-Bat-2957.jpg
nc4k,2282.jpg,800x533,10,57.901,tgt,COD10K-CAM-3-Flying-59-Grasshopper-3725.jpg
nc4k,2322.jpg,800x533,10,33.219,tgt,COD10K-CAM-1-Aquatic-1-BatFish-3.jpg
nc4k,2343.jpg,800x533,10,62.506,tgt,COD10K-CAM-1-Aquatic-9-GhostPipefish-388.jpg
nc4k,2347.jpg,800x533,10,47.129,tgt,COD10K-CAM-3-Flying-59-Grasshopper-3725.jpg
nc4k,2359.jpg,800x533,10,52.779,tgt,COD10K-CAM-3-Flying-50-Bat-2957.jpg
nc4k,2391.jpg,800x533,10,49.568,tgt,COD10K-CAM-1-Aquatic-1-BatFish-7.jpg
nc4k,2400.jpg,800x533,10,57.243,tgt,COD10K-CAM-3-Flying-50-Bat-2957.jpg
nc4k,2528.jpg,800x533,10,53.312,tgt,COD10K-CAM-1-Aquatic-1-BatFish-7.jpg
nc4k,2531.jpg,800x533,10,47.448,tgt,COD10K-CAM-1-Aquatic-1-BatFish-7.jpg
nc4k,2535.jpg,800x533,10,53.405,tgt,COD10K-CAM-1-Aquatic-9-GhostPipefish-388.jpg
nc4k,2539.jpg,800x533,10,56.259,tgt,COD10K-CAM-1-Aquatic-1-BatFish-7.jpg
nc4k,2540.jpg,800x533,10,57.404,tgt,COD10K-CAM-3-Flying-50-Bat-2957.jpg
nc4k,2545.jpg,800x533,10,38.599,tgt,COD10K-CAM-1-Aquatic-1-BatFish-7.jpg
nc4k,2550.jpg,800x533,10,52.664,tgt,COD10K-CAM-1-Aquatic-1-BatFish-7.jpg
nc4k,2659.jpg,800x533,10,69.42,tgt,COD10K-CAM-1-Aquatic-1-BatFish-7.jpg
nc4k,3050.jpg,800x533,10,40.301,tgt,COD10K-CAM-1-Aquatic-1-BatFish-3.jpg
nc4k,3096.jpg,800x533,10,56.691,tgt,COD10K-CAM-1-Aquatic-1-BatFish-7.jpg
nc4k,3148.jpg,800x533,10,72.901,tgt,COD10K-CAM-3-Flying-59-Grasshopper-3725.jpg
nc4k,3259.jpg,800x533,10,44.093,tgt,COD10K-CAM-1-Aquatic-1-BatFish-3.jpg
nc4k,3263.jpg,800x533,10,62.581,tgt,COD10K-CAM-3-Flying-59-Grasshopper-3725.jpg
nc4k,3266.jpg,800x533,10,57.512,tgt,COD10K-CAM-1-Aquatic-1-BatFish-7.jpg
nc4k,3344.jpg,800x533,10,59.783,tgt,COD10K-CAM-3-Flying-64-Moth-4502.jpg
nc4k,3351.jpg,800x533,10,54.666,tgt,COD10K-CAM-1-Aquatic-1-BatFish-3.jpg
nc4k,3362.jpg,800x533,10,52.498,tgt,COD10K-CAM-3-Flying-50-Bat-2957.jpg
nc4k,3364.jpg,800x533,10,36.842,tgt,COD10K-CAM-1-Aquatic-1-BatFish-3.jpg
nc4k,3368.jpg,800x533,10,34.863,tgt,COD10K-CAM-1-Aquatic-1-BatFish-3.jpg
nc4k,3395.jpg,800x533,10,47.059,tgt,COD10K-CAM-1-Aquatic-1-BatFish-3.jpg
nc4k,3421.jpg,800x533,10,56.33,tgt,COD10K-CAM-1-Aquatic-1-BatFish-3.jpg
nc4k,3439.jpg,800x533,10,41.412,tgt,COD10K-CAM-1-Aquatic-1-BatFish-3.jpg
nc4k,3482.jpg,800x533,10,41.374,tgt,COD10K-CAM-1-Aquatic-1-BatFish-3.jpg
nc4k,3569.jpg,800x533,10,44.308,tgt,COD10K-CAM-2-Terrestrial-26-Chameleon-1712.jpg
nc4k,3601.jpg,800x533,10,55.051,tgt,COD10K-CAM-1-Aquatic-1-BatFish-3.jpg
nc4k,3669.jpg,800x533,10,48.36,tgt,COD10K-CAM-1-Aquatic-1-BatFish-7.jpg
nc4k,3674.jpg,800x533,10,47.927,tgt,COD10K-CAM-3-Flying-50-Bat-2957.jpg
nc4k,3706.jpg,800x533,10,49.656,tgt,COD10K-CAM-1-Aquatic-1-BatFish-7.jpg
nc4k,3716.jpg,800x533,10,48.629,tgt,COD10K-CAM-3-Flying-50-Bat-2957.jpg
nc4k,3722.jpg,800x533,10,35.317,tgt,COD10K-CAM-1-Aquatic-1-BatFish-7.jpg
nc4k,3728.jpg,800x533,10,44.191,tgt,COD10K-CAM-1-Aquatic-1-BatFish-7.jpg
nc4k,3735.jpg,800x533,10,56.989,tgt,COD10K-CAM-1-Aquatic-1-BatFish-7.jpg
nc4k,3745.jpg,800x533,10,52.214,tgt,COD10K-CAM-3-Flying-59-Grasshopper-3725.jpg
nc4k,3749.jpg,800x533,10,47.523,tgt,COD10K-CAM-1-Aquatic-1-BatFish-7.jpg
nc4k,3789.jpg,800x533,10,47.351,tgt,COD10K-CAM-1-Aquatic-1-BatFish-7.jpg
nc4k,3798.jpg,800x533,10,45.354,tgt,COD10K-CAM-1-Aquatic-1-BatFish-7.jpg
nc4k,3818.jpg,800x533,10,44.694,tgt,COD10K-CAM-2-Terrestrial-26-Chameleon-1712.jpg
nc4k,3833.jpg,800x533,10,57.999,tgt,COD10K-CAM-1-Aquatic-1-BatFish-3.jpg
nc4k,3837.jpg,800x533,10,53.32,tgt,COD10K-CAM-3-Flying-50-Bat-2957.jpg
nc4k,3910.jpg,800x533,10,69.505,tgt,COD10K-CAM-2-Terrestrial-26-Chameleon-1712.jpg
nc4k,3967.jpg,800x533,10,39.116,tgt,COD10K-CAM-1-Aquatic-1-BatFish-7.jpg
nc4k,3994.jpg,800x533,10,41.353,tgt,COD10K-CAM-1-Aquatic-1-BatFish-7.jpg
nc4k,4050.jpg,800x533,10,55.793,tgt,COD10K-CAM-1-Aquatic-9-GhostPipefish-388.jpg
nc4k,4061.jpg,800x533,10,53.924,tgt,COD10K-CAM-3-Flying-50-Bat-2957.jpg
nc4k,4083.jpg,800x533,10,58.589,tgt,COD10K-CAM-1-Aquatic-9-GhostPipefish-388.jpg
nc4k,419.jpg,800x533,10,53.898,tgt,COD10K-CAM-1-Aquatic-1-BatFish-7.jpg
nc4k,428.jpg,800x533,10,48.579,tgt,COD10K-CAM-1-Aquatic-1-BatFish-3.jpg
nc4k,4361.jpg,800x533,10,32.037,tgt,COD10K-CAM-1-Aquatic-1-BatFish-3.jpg
nc4k,4490.jpg,800x533,10,57.305,tgt,COD10K-CAM-3-Flying-50-Bat-2957.jpg
nc4k,4719.jpg,800x533,10,40.723,tgt,COD10K-CAM-1-Aquatic-1-BatFish-7.jpg
nc4k,4790.jpg,800x533,10,52.532,tgt,COD10K-CAM-1-Aquatic-1-BatFish-7.jpg
nc4k,5039.jpg,800x533,10,53.454,tgt,COD10K-CAM-2-Terrestrial-26-Chameleon-1712.jpg
nc4k,522.jpg,800x533,10,51.094,tgt,COD10K-CAM-1-Aquatic-1-BatFish-7.jpg
nc4k,5349.jpg,800x533,10,72.343,tgt,COD10K-CAM-1-Aquatic-9-GhostPipefish-388.jpg
nc4k,5369.jpg,800x533,10,76.272,tgt,COD10K-CAM-2-Terrestrial-38-Lizard-2127.jpg
nc4k,5419.jpg,800x533,10,48.91,tgt,COD10K-CAM-3-Flying-59-Grasshopper-3725.jpg
nc4k,5489.jpg,800x533,10,45.672,tgt,COD10K-CAM-1-Aquatic-1-BatFish-3.jpg
nc4k,5522.jpg,800x533,10,50.339,tgt,COD10K-CAM-1-Aquatic-1-BatFish-3.jpg
nc4k,5524.jpg,800x533,10,38.771,tgt,COD10K-CAM-1-Aquatic-1-BatFish-3.jpg
nc4k,5561.jpg,800x533,10,64.245,tgt,COD10K-CAM-1-Aquatic-1-BatFish-3.jpg
nc4k,5603.jpg,800x533,10,55.205,tgt,COD10K-CAM-1-Aquatic-1-BatFish-3.jpg
nc4k,5648.jpg,800x533,10,56.488,tgt,COD10K-CAM-1-Aquatic-1-BatFish-7.jpg
nc4k,5656.jpg,800x533,10,50.823,tgt,COD10K-CAM-1-Aquatic-1-BatFish-7.jpg
nc4k,5672.jpg,800x533,10,29.695,tgt,COD10K-CAM-1-Aquatic-1-BatFish-3.jpg
nc4k,5765.jpg,800x533,10,36.675,tgt,COD10K-CAM-1-Aquatic-1-BatFish-7.jpg
nc4k,5769.jpg,800x533,10,49.666,tgt,COD10K-CAM-1-Aquatic-1-BatFish-3.jpg
nc4k,5880.jpg,800x533,10,57.335,tgt,COD10K-CAM-2-Terrestrial-26-Chameleon-1712.jpg
nc4k,5893.jpg,800x533,10,49.521,tgt,COD10K-CAM-3-Flying-59-Grasshopper-3725.jpg
nc4k,5906.jpg,800x533,10,57.267,tgt,COD10K-CAM-1-Aquatic-9-GhostPipefish-388.jpg
nc4k,591.jpg,800x533,10,48.602,tgt,COD10K-CAM-1-Aquatic-1-BatFish-7.jpg
nc4k,5956.jpg,800x533,10,50.884,tgt,COD10K-CAM-3-Flying-59-Grasshopper-3725.jpg
nc4k,601.jpg,800x533,10,57.661,tgt,COD10K-CAM-3-Flying-59-Grasshopper-3725.jpg
nc4k,62.jpg,800x533,10,37.331,tgt,COD10K-CAM-1-Aquatic-1-BatFish-7.jpg
nc4k,670.jpg,800x533,10,41.568,tgt,COD10K-CAM-1-Aquatic-1-BatFish-7.jpg
nc4k,791.jpg,800x533,10,45.187,tgt,COD10K-CAM-1-Aquatic-1-BatFish-7.jpg
nc4k,92.jpg,800x533,10,49.904,tgt,COD10K-CAM-1-Aquatic-1-BatFish-7.jpg
nc4k,924.jpg,800x533,10,49.51,tgt,COD10K-CAM-1-Aquatic-1-BatFish-3.jpg
nc4k,928.jpg,800x533,10,50.114,tgt,COD10K-CAM-1-Aquatic-1-BatFish-7.jpg
nc4k,1406.jpg,427x640,9,49.282,tgt,COD10K-CAM-3-Flying-54-Bittern-3257.jpg
nc4k,3307.jpg,427x640,9,50.925,tgt,COD10K-CAM-3-Flying-54-Bittern-3257.jpg
nc4k,4937.jpg,427x640,9,31.465,tgt,camourflage_00582.jpg
nc4k,2816.jpg,800x530,5,49.61,tgt,COD10K-CAM-4-Amphibian-67-Frog-4727.jpg
nc4k,3274.jpg,800x530,5,67.452,tgt,COD10K-CAM-2-Terrestrial-33-Grouse-1957.jpg
nc4k,3400.jpg,800x530,5,58.434,tgt,COD10K-CAM-4-Amphibian-67-Frog-4727.jpg
nc4k,3544.jpg,800x530,5,65.187,tgt,COD10K-CAM-2-Terrestrial-33-Grouse-1957.jpg
nc4k,4760.jpg,800x530,5,53.263,tgt,COD10K-CAM-4-Amphibian-67-Frog-4727.jpg
nc4k,5771.jpg,800x530,5,64.227,tgt,camourflage_00837.jpg
nc4k,1065.jpg,1024x683,546,48.448,tgt,COD10K-CAM-2-Terrestrial-38-Lizard-2275.jpg
nc4k,1141.jpg,1024x683,546,26.761,tgt,COD10K-CAM-3-Flying-66-Owlfly-4675.jpg
nc4k,1371.jpg,1024x683,546,51.872,tgt,COD10K-CAM-1-Aquatic-15-SeaHorse-971.jpg
nc4k,1382.jpg,1024x683,546,42.092,tgt,COD10K-CAM-3-Flying-54-Bittern-3264.jpg
nc4k,1421.jpg,1024x683,546,40.359,tgt,COD10K-CAM-2-Terrestrial-37-Lion-2117.jpg
nc4k,1430.jpg,1024x683,546,35.232,tgt,COD10K-CAM-1-Aquatic-14-ScorpionFish-856.jpg
nc4k,1482.jpg,1024x683,546,57.848,tgt,COD10K-CAM-2-Terrestrial-45-Spider-2687.jpg
nc4k,1632.jpg,1024x683,546,55.236,tgt,COD10K-CAM-3-Flying-53-Bird-3149.jpg
nc4k,1746.jpg,1024x683,546,41.317,tgt,COD10K-CAM-2-Terrestrial-38-Lizard-2277.jpg
nc4k,1812.jpg,1024x683,546,54.085,tgt,COD10K-CAM-3-Flying-60-Heron-3896.jpg
nc4k,1894.jpg,1024x683,546,53.961,tgt,COD10K-CAM-2-Terrestrial-29-Dog-1819.jpg
nc4k,1896.jpg,1024x683,546,43.613,tgt,COD10K-CAM-3-Flying-56-Cicada-3506.jpg
nc4k,1901.jpg,1024x683,546,44.036,tgt,COD10K-CAM-1-Aquatic-15-SeaHorse-974.jpg
nc4k,1906.jpg,1024x683,546,39.379,tgt,COD10K-CAM-2-Terrestrial-45-Spider-2530.jpg
nc4k,1920.jpg,1024x683,546,54.5,tgt,COD10K-CAM-3-Flying-50-Bat-2974.jpg
nc4k,1960.jpg,1024x683,546,38.611,tgt,COD10K-CAM-3-Flying-65-Owl-4596.jpg
nc4k,1985.jpg,1024x683,546,61.016,tgt,COD10K-CAM-2-Terrestrial-38-Lizard-2275.jpg
nc4k,2102.jpg,1024x683,546,31.192,tgt,COD10K-CAM-2-Terrestrial-45-Spider-2545.jpg
nc4k,2115.jpg,1024x683,546,41.167,tgt,COD10K-CAM-3-Flying-66-Owlfly-4675.jpg
nc4k,2185.jpg,1024x683,546,52.765,tgt,COD10K-CAM-3-Flying-65-Owl-4636.jpg
nc4k,2214.jpg,1024x683,546,37.468,tgt,COD10K-CAM-4-Amphibian-67-Frog-4696.jpg
nc4k,2223.jpg,1024x683,546,39.082,tgt,COD10K-CAM-2-Terrestrial-23-Cat-1439.jpg
nc4k,2286.jpg,1024x683,546,53.574,tgt,COD10K-CAM-4-Amphibian-67-Frog-4696.jpg
nc4k,2326.jpg,1024x683,546,35.791,tgt,COD10K-CAM-4-Amphibian-68-Toad-4959.jpg
nc4k,2355.jpg,1024x683,546,40.353,tgt,COD10K-CAM-2-Terrestrial-23-Cat-1373.jpg
nc4k,2460.jpg,1024x683,546,52.237,tgt,COD10K-CAM-3-Flying-54-Bittern-3275.jpg
nc4k,253.jpg,1024x683,546,40.779,tgt,COD10K-CAM-3-Flying-53-Bird-3153.jpg
nc4k,2532.jpg,1024x683,546,46.619,tgt,COD10K-CAM-3-Flying-60-Heron-3924.jpg
nc4k,2594.jpg,1024x683,546,49.843,tgt,COD10K-CAM-3-Flying-60-Heron-3924.jpg
nc4k,2772.jpg,1024x683,546,41.985,tgt,COD10K-CAM-3-Flying-66-Owlfly-4675.jpg
nc4k,289.jpg,1024x683,546,42.461,tgt,COD10K-CAM-2-Terrestrial-23-Cat-1366.jpg
nc4k,3020.jpg,1024x683,546,66.169,tgt,COD10K-CAM-3-Flying-60-Heron-3924.jpg
nc4k,313.jpg,1024x683,546,45.904,tgt,COD10K-CAM-2-Terrestrial-45-Spider-2530.jpg
nc4k,3342.jpg,1024x683,546,36.34,tgt,COD10K-CAM-1-Aquatic-14-ScorpionFish-856.jpg
nc4k,3354.jpg,1024x683,546,32.39,tgt,COD10K-CAM-1-Aquatic-3-Crab-60.jpg
nc4k,3358.jpg,1024x683,546,50.918,tgt,COD10K-CAM-2-Terrestrial-45-Spider-2530.jpg
nc4k,3360.jpg,1024x683,546,46.017,tgt,COD10K-CAM-2-Terrestrial-45-Spider-2530.jpg
nc4k,3415.jpg,1024x683,546,39.804,tgt,COD10K-CAM-2-Terrestrial-23-Cat-1366.jpg
nc4k,3423.jpg,1024x683,546,53.194,tgt,COD10K-CAM-3-Flying-54-Bittern-3264.jpg
nc4k,3433.jpg,1024x683,546,35.726,tgt,COD10K-CAM-2-Terrestrial-23-Cat-1366.jpg
nc4k,3434.jpg,1024x683,546,32.434,tgt,COD10K-CAM-4-Amphibian-68-Toad-4957.jpg
nc4k,3445.jpg,1024x683,546,57.479,tgt,COD10K-CAM-3-Flying-58-Frogmouth-3595.jpg
nc4k,3453.jpg,1024x683,546,52.788,tgt,COD10K-CAM-2-Terrestrial-45-Spider-2530.jpg
nc4k,3483.jpg,1024x683,546,31.321,tgt,COD10K-CAM-2-Terrestrial-36-Leopard-2075.jpg
nc4k,3488.jpg,1024x683,546,28.757,tgt,COD10K-CAM-4-Amphibian-67-Frog-4798.jpg
nc4k,3536.jpg,1024x683,546,39.785,tgt,COD10K-CAM-2-Terrestrial-46-StickInsect-2853.jpg
nc4k,3547.jpg,1024x683,546,35.047,tgt,COD10K-CAM-2-Terrestrial-31-Gecko-1906.jpg
nc4k,3548.jpg,1024x683,546,42.884,tgt,COD10K-CAM-3-Flying-60-Heron-3924.jpg
nc4k,3614.jpg,1024x683,546,35.367,tgt,COD10K-CAM-1-Aquatic-3-Crab-60.jpg
nc4k,3659.jpg,1024x683,546,49.864,tgt,COD10K-CAM-3-Flying-64-Moth-4435.jpg
nc4k,3715.jpg,1024x683,546,37.655,tgt,COD10K-CAM-2-Terrestrial-37-Lion-2117.jpg
nc4k,3732.jpg,1024x683,546,49.689,tgt,COD10K-CAM-1-Aquatic-13-Pipefish-674.jpg
nc4k,3760.jpg,1024x683,546,52.567,tgt,COD10K-CAM-2-Terrestrial-45-Spider-2687.jpg
nc4k,3791.jpg,1024x683,546,55.73,tgt,COD10K-CAM-2-Terrestrial-22-Bug-1269.jpg
nc4k,3828.jpg,1024x683,546,48.07,tgt,COD10K-CAM-2-Terrestrial-45-Spider-2530.jpg
nc4k,3880.jpg,1024x683,546,43.934,tgt,COD10K-CAM-1-Aquatic-3-Crab-60.jpg
nc4k,3926.jpg,1024x683,546,62.317,tgt,COD10K-CAM-3-Flying-63-Mockingbird-4412.jpg
nc4k,4122.jpg,1024x683,546,46.348,tgt,COD10K-CAM-3-Flying-53-Bird-3153.jpg
nc4k,4126.jpg,1024x683,546,20.278,tgt,COD10K-CAM-4-Amphibian-68-Toad-4922.jpg
nc4k,4232.jpg,1024x683,546,34.763,tgt,COD10K-CAM-4-Amphibian-67-Frog-4696.jpg
nc4k,4345.jpg,1024x683,546,38.936,tgt,COD10K-CAM-2-Terrestrial-36-Leopard-2075.jpg
nc4k,453.jpg,1024x683,546,35.753,tgt,COD10K-CAM-2-Terrestrial-45-Spider-2530.jpg
nc4k,4536.jpg,1024x683,546,30.457,tgt,COD10K-CAM-2-Terrestrial-37-Lion-2117.jpg
nc4k,4604.jpg,1024x683,546,28.524,tgt,COD10K-CAM-3-Flying-61-Katydid-4089.jpg
nc4k,4764.jpg,1024x683,546,58.716,tgt,COD10K-CAM-3-Flying-62-Mantis-4371.jpg
nc4k,4813.jpg,1024x683,546,42.879,tgt,COD10K-CAM-2-Terrestrial-22-Bug-1269.jpg
nc4k,4827.jpg,1024x683,546,52.927,tgt,COD10K-CAM-3-Flying-60-Heron-3924.jpg
nc4k,4896.jpg,1024x683,546,45.867,tgt,COD10K-CAM-3-Flying-66-Owlfly-4675.jpg
nc4k,4905.jpg,1024x683,546,56.492,tgt,COD10K-CAM-2-Terrestrial-22-Bug-1269.jpg
nc4k,5023.jpg,1024x683,546,29.982,tgt,COD10K-CAM-4-Amphibian-68-Toad-4922.jpg
nc4k,5071.jpg,1024x683,546,52.93,tgt,COD10K-CAM-3-Flying-55-Butterfly-3397.jpg
nc4k,5109.jpg,1024x683,546,58.73,tgt,COD10K-CAM-2-Terrestrial-38-Lizard-2331.jpg
nc4k,5156.jpg,1024x683,546,29.657,tgt,COD10K-CAM-2-Terrestrial-45-Spider-2545.jpg
nc4k,5185.jpg,1024x683,546,33.983,tgt,COD10K-CAM-3-Flying-53-Bird-3149.jpg
nc4k,5270.jpg,1024x683,546,22.287,tgt,COD10K-CAM-2-Terrestrial-45-Spider-2545.jpg
nc4k,5276.jpg,1024x683,546,51.078,tgt,COD10K-CAM-3-Flying-65-Owl-4629.jpg
nc4k,5301.jpg,1024x683,546,21.237,tgt,COD10K-CAM-2-Terrestrial-45-Spider-2545.jpg
nc4k,5337.jpg,1024x683,546,49.409,tgt,COD10K-CAM-1-Aquatic-13-Pipefish-674.jpg
nc4k,5381.jpg,1024x683,546,41.831,tgt,COD10K-CAM-1-Aquatic-13-Pipefish-674.jpg
nc4k,5391.jpg,1024x683,546,32.939,tgt,COD10K-CAM-4-Amphibian-68-Toad-4957.jpg
nc4k,5406.jpg,1024x683,546,41.779,tgt,COD10K-CAM-4-Amphibian-68-Toad-4922.jpg
nc4k,5411.jpg,1024x683,546,59.403,tgt,COD10K-CAM-2-Terrestrial-36-Leopard-2085.jpg
nc4k,5446.jpg,1024x683,546,27.798,tgt,COD10K-CAM-3-Flying-64-Moth-4434.jpg
nc4k,5455.jpg,1024x683,546,43.737,tgt,COD10K-CAM-2-Terrestrial-37-Lion-2118.jpg
nc4k,546.jpg,1024x683,546,53.383,tgt,COD10K-CAM-1-Aquatic-3-Crab-60.jpg
nc4k,5471.jpg,1024x683,546,44.564,tgt,COD10K-CAM-1-Aquatic-16-Shrimp-1136.jpg
nc4k,5486.jpg,1024x683,546,44.156,tgt,COD10K-CAM-2-Terrestrial-45-Spider-2530.jpg
nc4k,5515.jpg,1024x683,546,49.998,tgt,COD10K-CAM-3-Flying-65-Owl-4596.jpg
nc4k,5610.jpg,1024x683,546,43.356,tgt,COD10K-CAM-2-Terrestrial-45-Spider-2530.jpg
nc4k,5650.jpg,1024x683,546,50.943,tgt,COD10K-CAM-1-Aquatic-16-Shrimp-1136.jpg
nc4k,5678.jpg,1024x683,546,36.492,tgt,COD10K-CAM-2-Terrestrial-45-Spider-2687.jpg
nc4k,5693.jpg,1024x683,546,41.124,tgt,COD10K-CAM-1-Aquatic-14-ScorpionFish-856.jpg
nc4k,5747.jpg,1024x683,546,53.34,tgt,COD10K-CAM-3-Flying-56-Cicada-3506.jpg
nc4k,58.jpg,1024x683,546,57.315,tgt,COD10K-CAM-2-Terrestrial-38-Lizard-2275.jpg
nc4k,5802.jpg,1024x683,546,39.5,tgt,COD10K-CAM-1-Aquatic-14-ScorpionFish-856.jpg
nc4k,623.jpg,1024x683,546,46.746,tgt,COD10K-CAM-2-Terrestrial-37-Lion-2117.jpg
nc4k,652.jpg,1024x683,546,35.045,tgt,COD10K-CAM-1-Aquatic-16-Shrimp-1136.jpg
nc4k,653.jpg,1024x683,546,52.579,tgt,COD10K-CAM-2-Terrestrial-23-Cat-1373.jpg
nc4k,678.jpg,1024x683,546,54.796,tgt,COD10K-CAM-3-Flying-59-Grasshopper-3781.jpg
nc4k,781.jpg,1024x683,546,42.451,tgt,COD10K-CAM-2-Terrestrial-37-Lion-2118.jpg
nc4k,808.jpg,1024x683,546,51.797,tgt,COD10K-CAM-3-Flying-59-Grasshopper-3781.jpg
nc4k,909.jpg,1024x683,546,54.673,tgt,COD10K-CAM-3-Flying-56-Cicada-3506.jpg
nc4k,1126.jpg,640x480,24,43.019,tgt,COD10K-CAM-1-Aquatic-11-Octopus-449.jpg
nc4k,1186.jpg,640x480,24,68.954,tgt,COD10K-CAM-1-Aquatic-11-Octopus-449.jpg
nc4k,1241.jpg,640x480,24,63.974,tgt,COD10K-CAM-2-Terrestrial-49-Worm-2933.jpg
nc4k,1253.jpg,640x480,24,58.204,tgt,COD10K-CAM-2-Terrestrial-30-Duck-1877.jpg
nc4k,1254.jpg,640x480,24,56.224,tgt,camourflage_00941.jpg
nc4k,1298.jpg,640x480,24,51.567,tgt,COD10K-CAM-1-Aquatic-11-Octopus-449.jpg
nc4k,1475.jpg,640x480,24,58.563,tgt,COD10K-CAM-1-Aquatic-11-Octopus-449.jpg
nc4k,1545.jpg,640x480,24,66.448,tgt,COD10K-CAM-2-Terrestrial-45-Spider-2497.jpg
nc4k,1803.jpg,640x480,24,61.981,tgt,COD10K-CAM-3-Flying-59-Grasshopper-3739.jpg
nc4k,1925.jpg,640x480,24,50.13,tgt,COD10K-CAM-1-Aquatic-11-Octopus-449.jpg
nc4k,2029.jpg,640x480,24,66.463,tgt,COD10K-CAM-1-Aquatic-11-Octopus-449.jpg
nc4k,2103.jpg,640x480,24,54.354,tgt,camourflage_00119.jpg
nc4k,2147.jpg,640x480,24,52.246,tgt,COD10K-CAM-3-Flying-59-Grasshopper-3667.jpg
nc4k,2424.jpg,640x480,24,59.208,tgt,COD10K-CAM-2-Terrestrial-45-Spider-2497.jpg
nc4k,244.jpg,640x480,24,55.518,tgt,camourflage_00119.jpg
nc4k,2459.jpg,640x480,24,67.612,tgt,COD10K-CAM-1-Aquatic-11-Octopus-449.jpg
nc4k,2522.jpg,640x480,24,56.981,tgt,COD10K-CAM-1-Aquatic-11-Octopus-449.jpg
nc4k,2534.jpg,640x480,24,52.306,tgt,COD10K-CAM-1-Aquatic-13-Pipefish-678.jpg
nc4k,2825.jpg,640x480,24,52.572,tgt,camourflage_00119.jpg
nc4k,2831.jpg,640x480,24,49.232,tgt,COD10K-CAM-1-Aquatic-11-Octopus-449.jpg
nc4k,2962.jpg,640x480,24,65.905,tgt,COD10K-CAM-1-Aquatic-11-Octopus-449.jpg
nc4k,3120.jpg,640x480,24,54.06,tgt,COD10K-CAM-1-Aquatic-13-Pipefish-678.jpg
nc4k,3132.jpg,640x480,24,60.238,tgt,camourflage_00941.jpg
nc4k,3413.jpg,640x480,24,43.397,tgt,camourflage_00119.jpg
nc4k,3460.jpg,640x480,24,60.87,tgt,COD10K-CAM-1-Aquatic-11-Octopus-449.jpg
nc4k,3559.jpg,640x480,24,52.745,tgt,COD10K-CAM-1-Aquatic-11-Octopus-449.jpg
nc4k,3600.jpg,640x480,24,38.022,tgt,COD10K-CAM-3-Flying-59-Grasshopper-3667.jpg
nc4k,3693.jpg,640x480,24,62.85,tgt,COD10K-CAM-1-Aquatic-11-Octopus-449.jpg
nc4k,3707.jpg,640x480,24,45.048,tgt,camourflage_00119.jpg
nc4k,3713.jpg,640x480,24,49.432,tgt,camourflage_00119.jpg
nc4k,3717.jpg,640x480,24,49.479,tgt,COD10K-CAM-1-Aquatic-11-Octopus-449.jpg
nc4k,3817.jpg,640x480,24,35.715,tgt,camourflage_00119.jpg
nc4k,3823.jpg,640x480,24,34.912,tgt,camourflage_00119.jpg
nc4k,3830.jpg,640x480,24,34.627,tgt,camourflage_00119.jpg
nc4k,3876.jpg,640x480,24,39.251,tgt,camourflage_00119.jpg
nc4k,4081.jpg,640x480,24,53.384,tgt,COD10K-CAM-1-Aquatic-11-Octopus-449.jpg
nc4k,4325.jpg,640x480,24,57.109,tgt,COD10K-CAM-2-Terrestrial-30-Duck-1877.jpg
nc4k,4336.jpg,640x480,24,59.604,tgt,COD10K-CAM-1-Aquatic-11-Octopus-449.jpg
nc4k,4511.jpg,640x480,24,42.947,tgt,camourflage_00119.jpg
nc4k,4606.jpg,640x480,24,42.167,tgt,camourflage_00119.jpg
nc4k,4625.jpg,640x480,24,65.184,tgt,COD10K-CAM-2-Terrestrial-30-Duck-1877.jpg
nc4k,4734.jpg,640x480,24,49.867,tgt,camourflage_00119.jpg
nc4k,4860.jpg,640x480,24,53.15,tgt,COD10K-CAM-1-Aquatic-11-Octopus-449.jpg
nc4k,4910.jpg,640x480,24,50.071,tgt,COD10K-CAM-1-Aquatic-11-Octopus-449.jpg
nc4k,4917.jpg,640x480,24,56.114,tgt,COD10K-CAM-1-Aquatic-11-Octopus-449.jpg
nc4k,5110.jpg,640x480,24,69.263,tgt,COD10K-CAM-1-Aquatic-15-SeaHorse-1018.jpg
nc4k,5465.jpg,640x480,24,51.76,tgt,COD10K-CAM-1-Aquatic-11-Octopus-449.jpg
nc4k,5501.jpg,640x480,24,53.738,tgt,camourflage_00832.jpg
nc4k,5616.jpg,640x480,24,56.678,tgt,COD10K-CAM-1-Aquatic-11-Octopus-449.jpg
nc4k,562.jpg,640x480,24,52.381,tgt,COD10K-CAM-1-Aquatic-11-Octopus-449.jpg
nc4k,5637.jpg,640x480,24,67.923,tgt,camourflage_00119.jpg
nc4k,65.jpg,640x480,24,52.7,tgt,COD10K-CAM-1-Aquatic-11-Octopus-449.jpg
nc4k,786.jpg,640x480,24,56.694,tgt,COD10K-CAM-1-Aquatic-11-Octopus-449.jpg
nc4k,810.jpg,640x480,24,53.901,tgt,COD10K-CAM-1-Aquatic-11-Octopus-449.jpg
nc4k,853.jpg,640x480,24,49.709,tgt,COD10K-CAM-1-Aquatic-13-Pipefish-678.jpg
nc4k,1712.jpg,683x1024,85,49.173,tgt,COD10K-CAM-1-Aquatic-15-SeaHorse-965.jpg
nc4k,1728.jpg,683x1024,85,54.111,tgt,COD10K-CAM-2-Terrestrial-24-Caterpillar-1636.jpg
nc4k,1785.jpg,683x1024,85,50.355,tgt,COD10K-CAM-2-Terrestrial-46-StickInsect-2828.jpg
nc4k,1788.jpg,683x1024,85,59.358,tgt,COD10K-CAM-1-Aquatic-3-Crab-61.jpg
nc4k,1881.jpg,683x1024,85,56.893,tgt,COD10K-CAM-2-Terrestrial-45-Spider-2516.jpg
nc4k,1914.jpg,683x1024,85,48.79,tgt,COD10K-CAM-3-Flying-64-Moth-4438.jpg
nc4k,1999.jpg,683x1024,85,44.039,tgt,COD10K-CAM-3-Flying-61-Katydid-3941.jpg
nc4k,2602.jpg,683x1024,85,51.264,tgt,COD10K-CAM-3-Flying-62-Mantis-4335.jpg
nc4k,2667.jpg,683x1024,85,48.668,tgt,COD10K-CAM-2-Terrestrial-32-Giraffe-1946.jpg
nc4k,3140.jpg,683x1024,85,24.457,tgt,COD10K-CAM-2-Terrestrial-46-StickInsect-2826.jpg
nc4k,3257.jpg,683x1024,85,32.991,tgt,COD10K-CAM-2-Terrestrial-46-StickInsect-2826.jpg
nc4k,3550.jpg,683x1024,85,43.203,tgt,COD10K-CAM-1-Aquatic-9-GhostPipefish-378.jpg
nc4k,3607.jpg,683x1024,85,68.73,tgt,COD10K-CAM-2-Terrestrial-29-Dog-1843.jpg
nc4k,3897.jpg,683x1024,85,64.119,tgt,COD10K-CAM-3-Flying-61-Katydid-4052.jpg
nc4k,4563.jpg,683x1024,85,47.824,tgt,COD10K-CAM-2-Terrestrial-24-Caterpillar-1555.jpg
nc4k,4724.jpg,683x1024,85,71.699,tgt,COD10K-CAM-2-Terrestrial-24-Caterpillar-1555.jpg
nc4k,4919.jpg,683x1024,85,45.631,tgt,COD10K-CAM-2-Terrestrial-46-StickInsect-2828.jpg
nc4k,5560.jpg,683x1024,85,43.21,tgt,COD10K-CAM-1-Aquatic-15-SeaHorse-965.jpg
nc4k,715.jpg,683x1024,85,68.023,tgt,COD10K-CAM-2-Terrestrial-46-StickInsect-2828.jpg
nc4k,1375.jpg,1024x682,35,64.832,tgt,COD10K-CAM-1-Aquatic-6-Fish-188.jpg
nc4k,1568.jpg,1024x682,35,52.515,tgt,COD10K-CAM-2-Terrestrial-40-Rabbit-2342.jpg
nc4k,2303.jpg,1024x682,35,49.766,tgt,COD10K-CAM-3-Flying-59-Grasshopper-3855.jpg
nc4k,2547.jpg,1024x682,35,57.787,tgt,COD10K-CAM-2-Terrestrial-40-Rabbit-2342.jpg
nc4k,2940.jpg,1024x682,35,51.845,tgt,COD10K-CAM-2-Terrestrial-40-Rabbit-2342.jpg
nc4k,2989.jpg,1024x682,35,48.959,tgt,COD10K-CAM-3-Flying-56-Cicada-3538.jpg
nc4k,319.jpg,1024x682,35,61.057,tgt,COD10K-CAM-2-Terrestrial-40-Rabbit-2342.jpg
nc4k,3316.jpg,1024x682,35,56.074,tgt,COD10K-CAM-2-Terrestrial-45-Spider-2744.jpg
nc4k,3678.jpg,1024x682,35,57.903,tgt,COD10K-CAM-1-Aquatic-6-Fish-188.jpg
nc4k,4013.jpg,1024x682,35,52.87,tgt,COD10K-CAM-2-Terrestrial-40-Rabbit-2342.jpg
nc4k,4219.jpg,1024x682,35,49.008,tgt,COD10K-CAM-3-Flying-56-Cicada-3538.jpg
nc4k,4653.jpg,1024x682,35,55.281,tgt,COD10K-CAM-2-Terrestrial-40-Rabbit-2342.jpg
nc4k,47.jpg,1024x682,35,54.655,tgt,COD10K-CAM-2-Terrestrial-40-Rabbit-2342.jpg
nc4k,4703.jpg,1024x682,35,50.744,tgt,COD10K-CAM-2-Terrestrial-40-Rabbit-2342.jpg
nc4k,5121.jpg,1024x682,35,59.537,tgt,COD10K-CAM-2-Terrestrial-40-Rabbit-2342.jpg
nc4k,5582.jpg,1024x682,35,42.729,tgt,COD10K-CAM-2-Terrestrial-37-Lion-2110.jpg
nc4k,5904.jpg,1024x682,35,47.617,tgt,COD10K-CAM-1-Aquatic-6-Fish-188.jpg
nc4k,841.jpg,1024x682,35,52.092,tgt,COD10K-CAM-1-Aquatic-6-Fish-226.jpg
nc4k,898.jpg,1024x682,35,60.184,tgt,COD10K-CAM-1-Aquatic-6-Fish-188.jpg
nc4k,4534.jpg,1024x766,3,48.981,tgt,COD10K-CAM-1-Aquatic-13-Pipefish-504.jpg
nc4k,5362.jpg,1024x766,3,50.459,tgt,COD10K-CAM-1-Aquatic-13-Pipefish-504.jpg
nc4k,2399.jpg,800x532,7,57.375,tgt,COD10K-CAM-3-Flying-63-Mockingbird-4391.jpg
nc4k,2738.jpg,800x532,7,42.22,tgt,COD10K-CAM-3-Flying-63-Mockingbird-4393.jpg
nc4k,5320.jpg,800x532,7,53.944,tgt,COD10K-CAM-1-Aquatic-13-Pipefish-506.jpg
nc4k,5629.jpg,800x532,7,44.723,tgt,COD10K-CAM-3-Flying-63-Mockingbird-4393.jpg
nc4k,5739.jpg,800x532,7,46.238,tgt,COD10K-CAM-2-Terrestrial-40-Rabbit-2350.jpg
nc4k,579.jpg,800x532,7,60.868,tgt,COD10K-CAM-3-Flying-63-Mockingbird-4391.jpg
nc4k,608.jpg,800x532,7,44.553,tgt,COD10K-CAM-3-Flying-63-Mockingbird-4391.jpg
nc4k,992.jpg,800x532,7,44.233,tgt,COD10K-CAM-5-Other-69-Other-5042.jpg
nc4k,4382.jpg,1024x553,1,50.052,tgt,COD10K-CAM-1-Aquatic-13-Pipefish-519.jpg
nc4k,1217.jpg,1024x658,4,51.784,tgt,COD10K-CAM-2-Terrestrial-28-Deer-1771.jpg
nc4k,5608.jpg,1024x712,4,62.958,tgt,COD10K-CAM-1-Aquatic-13-Pipefish-783.jpg
nc4k,1134.jpg,1023x682,46,43.898,tgt,COD10K-CAM-2-Terrestrial-24-Caterpillar-1542.jpg
nc4k,1335.jpg,1023x682,46,42.77,tgt,COD10K-CAM-3-Flying-61-Katydid-4223.jpg
nc4k,1341.jpg,1023x682,46,52.325,tgt,COD10K-CAM-3-Flying-61-Katydid-4223.jpg
nc4k,1798.jpg,1023x682,46,47.794,tgt,COD10K-CAM-1-Aquatic-13-Pipefish-801.jpg
nc4k,2471.jpg,1023x682,46,56.578,tgt,COD10K-CAM-3-Flying-61-Katydid-4223.jpg
nc4k,3441.jpg,1023x682,46,50.33,tgt,COD10K-CAM-2-Terrestrial-45-Spider-2752.jpg
nc4k,3461.jpg,1023x682,46,52.605,tgt,COD10K-CAM-3-Flying-62-Mantis-4374.jpg
nc4k,3504.jpg,1023x682,46,48.553,tgt,COD10K-CAM-3-Flying-52-Beetle-3006.jpg
nc4k,3724.jpg,1023x682,46,38.688,tgt,COD10K-CAM-1-Aquatic-13-Pipefish-794.jpg
nc4k,3857.jpg,1023x682,46,54.383,tgt,COD10K-CAM-2-Terrestrial-45-Spider-2752.jpg
nc4k,3943.jpg,1023x682,46,54.969,tgt,COD10K-CAM-2-Terrestrial-45-Spider-2752.jpg
nc4k,4868.jpg,1023x682,46,44.868,tgt,COD10K-CAM-4-Amphibian-68-Toad-4940.jpg
nc4k,4873.jpg,1023x682,46,60.986,tgt,COD10K-CAM-3-Flying-55-Butterfly-3345.jpg
nc4k,49.jpg,1023x682,46,60.315,tgt,COD10K-CAM-3-Flying-65-Owl-4545.jpg
nc4k,4901.jpg,1023x682,46,54.799,tgt,COD10K-CAM-1-Aquatic-13-Pipefish-797.jpg
nc4k,5667.jpg,1023x682,46,43.294,tgt,COD10K-CAM-1-Aquatic-13-Pipefish-797.jpg
nc4k,5721.jpg,1023x682,46,62.668,tgt,COD10K-CAM-2-Terrestrial-45-Spider-2752.jpg
nc4k,788.jpg,1023x682,46,54.865,tgt,COD10K-CAM-4-Amphibian-68-Toad-4858.jpg
nc4k,937.jpg,1023x682,46,47.105,tgt,COD10K-CAM-1-Aquatic-13-Pipefish-801.jpg
nc4k,1107.jpg,800x599,3,82.24,tgt,COD10K-CAM-2-Terrestrial-33-Grouse-1963.jpg
nc4k,4070.jpg,800x599,3,79.153,tgt,COD10K-CAM-2-Terrestrial-30-Duck-1867.jpg
nc4k,5210.jpg,800x599,3,61.569,tgt,COD10K-CAM-1-Aquatic-13-Pipefish-564.jpg
nc4k,5311.jpg,800x599,3,70.136,tgt,COD10K-CAM-1-Aquatic-13-Pipefish-564.jpg
nc4k,5945.jpg,800x599,3,65.266,tgt,COD10K-CAM-2-Terrestrial-33-Grouse-1963.jpg
nc4k,1110.jpg,1024x576,57,48.63,tgt,COD10K-CAM-2-Terrestrial-23-Cat-1322.jpg
nc4k,1364.jpg,1024x576,57,17.19,tgt,COD10K-CAM-2-Terrestrial-47-Tiger-2911.jpg
nc4k,1414.jpg,1024x576,57,54.415,tgt,COD10K-CAM-1-Aquatic-7-Flounder-279.jpg
nc4k,1463.jpg,1024x576,57,59.589,tgt,COD10K-CAM-2-Terrestrial-23-Cat-1322.jpg
nc4k,1555.jpg,1024x576,57,25.414,tgt,COD10K-CAM-4-Amphibian-67-Frog-4758.jpg
nc4k,2209.jpg,1024x576,57,47.771,tgt,COD10K-CAM-4-Amphibian-67-Frog-4731.jpg
nc4k,2581.jpg,1024x576,57,50.621,tgt,COD10K-CAM-2-Terrestrial-21-Ant-1242.jpg
nc4k,2688.jpg,1024x576,57,43.971,tgt,COD10K-CAM-3-Flying-59-Grasshopper-3797.jpg
nc4k,3343.jpg,1024x576,57,40.792,tgt,COD10K-CAM-1-Aquatic-7-Flounder-279.jpg
nc4k,3365.jpg,1024x576,57,54.597,tgt,COD10K-CAM-4-Amphibian-67-Frog-4758.jpg
nc4k,3403.jpg,1024x576,57,43.249,tgt,COD10K-CAM-4-Amphibian-67-Frog-4758.jpg
nc4k,364.jpg,1024x576,57,67.385,tgt,COD10K-CAM-1-Aquatic-7-Flounder-263.jpg
nc4k,3893.jpg,1024x576,57,42.645,tgt,COD10K-CAM-2-Terrestrial-23-Cat-1322.jpg
nc4k,4008.jpg,1024x576,57,49.424,tgt,COD10K-CAM-1-Aquatic-9-GhostPipefish-365.jpg
nc4k,4034.jpg,1024x576,57,62.092,tgt,COD10K-CAM-1-Aquatic-7-Flounder-263.jpg
nc4k,4372.jpg,1024x576,57,32.19,tgt,COD10K-CAM-4-Amphibian-67-Frog-4731.jpg
nc4k,4405.jpg,1024x576,57,45.767,tgt,COD10K-CAM-3-Flying-62-Mantis-4286.jpg
nc4k,4709.jpg,1024x576,57,50.837,tgt,COD10K-CAM-4-Amphibian-67-Frog-4758.jpg
nc4k,4812.jpg,1024x576,57,44.796,tgt,COD10K-CAM-3-Flying-56-Cicada-3493.jpg
nc4k,5552.jpg,1024x576,57,72.537,tgt,COD10K-CAM-4-Amphibian-67-Frog-4758.jpg
nc4k,5757.jpg,1024x576,57,35.958,tgt,COD10K-CAM-4-Amphibian-67-Frog-4731.jpg
nc4k,602.jpg,1024x576,57,40.744,tgt,COD10K-CAM-1-Aquatic-9-GhostPipefish-365.jpg
nc4k,4038.jpg,1024x764,4,58.922,tgt,COD10K-CAM-3-Flying-53-Bird-3035.jpg
nc4k,2921.jpg,1024x685,11,51.804,tgt,COD10K-CAM-2-Terrestrial-23-Cat-1362.jpg
nc4k,3340.jpg,1024x685,11,66.847,tgt,COD10K-CAM-2-Terrestrial-45-Spider-2699.jpg
nc4k,4267.jpg,682x1024,7,70.782,tgt,COD10K-CAM-1-Aquatic-9-GhostPipefish-311.jpg
nc4k,3446.jpg,800x527,1,59.971,tgt,COD10K-CAM-1-Aquatic-13-Pipefish-638.jpg
nc4k,1631.jpg,1024x684,22,62.262,tgt,COD10K-CAM-5-Other-69-Other-5030.jpg
nc4k,2487.jpg,1024x684,22,51.943,tgt,COD10K-CAM-1-Aquatic-6-Fish-239.jpg
nc4k,2822.jpg,1024x684,22,47.029,tgt,COD10K-CAM-1-Aquatic-6-Fish-179.jpg
nc4k,3954.jpg,1024x684,22,69.879,tgt,COD10K-CAM-3-Flying-53-Bird-3116.jpg
nc4k,4560.jpg,1024x684,22,43.08,tgt,COD10K-CAM-3-Flying-61-Katydid-4078.jpg
nc4k,4651.jpg,1024x684,22,50.168,tgt,COD10K-CAM-3-Flying-57-Dragonfly-3577.jpg
nc4k,5298.jpg,1024x684,22,51.755,tgt,COD10K-CAM-3-Flying-57-Dragonfly-3577.jpg
nc4k,5408.jpg,1024x684,22,46.795,tgt,COD10K-CAM-3-Flying-57-Dragonfly-3577.jpg
nc4k,5626.jpg,1023x681,9,48.038,tgt,COD10K-CAM-3-Flying-59-Grasshopper-3709.jpg
nc4k,1274.jpg,1000x750,6,60.958,tgt,COD10K-CAM-2-Terrestrial-26-Chameleon-1679.jpg
nc4k,2299.jpg,1000x750,6,63.072,tgt,COD10K-CAM-2-Terrestrial-26-Chameleon-1679.jpg
nc4k,26.jpg,1000x750,6,39.806,tgt,COD10K-CAM-2-Terrestrial-26-Chameleon-1679.jpg
nc4k,2754.jpg,1000x750,6,72.023,tgt,COD10K-CAM-2-Terrestrial-26-Chameleon-1679.jpg
nc4k,3220.jpg,1000x750,6,44.99,tgt,camourflage_00927.jpg
nc4k,3258.jpg,1000x750,6,70.948,tgt,COD10K-CAM-1-Aquatic-13-Pipefish-824.jpg
nc4k,3648.jpg,1000x750,6,59.076,tgt,COD10K-CAM-2-Terrestrial-26-Chameleon-1679.jpg
nc4k,3744.jpg,1000x750,6,80.742,tgt,camourflage_00372.jpg
nc4k,4231.jpg,1000x750,6,50.047,tgt,COD10K-CAM-2-Terrestrial-26-Chameleon-1679.jpg
nc4k,4482.jpg,1000x750,6,61.661,tgt,COD10K-CAM-2-Terrestrial-26-Chameleon-1679.jpg
nc4k,4497.jpg,1000x750,6,67.984,tgt,COD10K-CAM-1-Aquatic-13-Pipefish-666.jpg
nc4k,5070.jpg,1000x750,6,68.923,tgt,COD10K-CAM-2-Terrestrial-26-Chameleon-1679.jpg
nc4k,5293.jpg,1000x750,6,61.394,tgt,COD10K-CAM-2-Terrestrial-26-Chameleon-1679.jpg
nc4k,964.jpg,1000x750,6,53.255,tgt,COD10K-CAM-1-Aquatic-13-Pipefish-824.jpg
nc4k,2297.jpg,685x1023,4,70.146,tgt,COD10K-CAM-1-Aquatic-15-SeaHorse-1017.jpg
nc4k,3552.jpg,1024x624,4,66.66,tgt,COD10K-CAM-4-Amphibian-68-Toad-4920.jpg
nc4k,3909.jpg,1024x664,1,57.043,tgt,COD10K-CAM-1-Aquatic-13-Pipefish-718.jpg
nc4k,1021.jpg,1024x577,3,58.442,tgt,COD10K-CAM-3-Flying-59-Grasshopper-3623.jpg
nc4k,11.jpg,1024x761,2,73.89,tgt,COD10K-CAM-3-Flying-55-Butterfly-3362.jpg
nc4k,324.jpg,1023x685,19,57.133,tgt,COD10K-CAM-3-Flying-62-Mantis-4338.jpg
nc4k,3330.jpg,1023x685,19,52.916,tgt,COD10K-CAM-1-Aquatic-13-Pipefish-735.jpg
nc4k,3451.jpg,1023x685,19,64.085,tgt,COD10K-CAM-1-Aquatic-9-GhostPipefish-396.jpg
nc4k,352.jpg,1023x685,19,52.348,tgt,COD10K-CAM-4-Amphibian-67-Frog-4724.jpg
nc4k,1151.jpg,600x450,2,55.426,tgt,camourflage_00179.jpg
nc4k,1193.jpg,600x450,2,34.919,tgt,camourflage_00179.jpg
nc4k,1487.jpg,600x450,2,40.481,tgt,camourflage_00179.jpg
nc4k,1821.jpg,600x450,2,44.752,tgt,camourflage_00179.jpg
nc4k,1859.jpg,600x450,2,57.832,tgt,camourflage_00179.jpg
nc4k,1942.jpg,600x450,2,48.221,tgt,camourflage_00179.jpg
nc4k,2806.jpg,600x450,2,42.139,tgt,camourflage_00179.jpg
nc4k,2903.jpg,600x450,2,58.406,tgt,camourflage_00179.jpg
nc4k,3472.jpg,600x450,2,46.984,tgt,camourflage_00179.jpg
nc4k,3563.jpg,600x450,2,52.235,tgt,camourflage_00179.jpg
nc4k,369.jpg,600x450,2,56.474,tgt,camourflage_00179.jpg
nc4k,3710.jpg,600x450,2,54.15,tgt,camourflage_00179.jpg
nc4k,3734.jpg,600x450,2,91.256,tgt,camourflage_00179.jpg
nc4k,3790.jpg,600x450,2,43.05,tgt,camourflage_00179.jpg
nc4k,4026.jpg,600x450,2,66.106,tgt,camourflage_00179.jpg
nc4k,4052.jpg,600x450,2,73.117,tgt,COD10K-CAM-1-Aquatic-13-Pipefish-739.jpg
nc4k,4113.jpg,600x450,2,56.805,tgt,COD10K-CAM-1-Aquatic-13-Pipefish-739.jpg
nc4k,4120.jpg,600x450,2,69.726,tgt,COD10K-CAM-1-Aquatic-13-Pipefish-739.jpg
nc4k,42.jpg,600x450,2,60.081,tgt,camourflage_00179.jpg
nc4k,4359.jpg,600x450,2,41.538,tgt,camourflage_00179.jpg
nc4k,4373.jpg,600x450,2,58.904,tgt,camourflage_00179.jpg
nc4k,4448.jpg,600x450,2,70.52,tgt,COD10K-CAM-1-Aquatic-13-Pipefish-739.jpg
nc4k,489.jpg,600x450,2,44.244,tgt,camourflage_00179.jpg
nc4k,5037.jpg,600x450,2,50.553,tgt,camourflage_00179.jpg
nc4k,5290.jpg,600x450,2,72.277,tgt,COD10K-CAM-1-Aquatic-13-Pipefish-739.jpg
nc4k,5304.jpg,600x450,2,56.221,tgt,camourflage_00179.jpg
nc4k,5314.jpg,600x450,2,54.679,tgt,COD10K-CAM-1-Aquatic-13-Pipefish-739.jpg
nc4k,5327.jpg,600x450,2,64.456,tgt,camourflage_00179.jpg
nc4k,5336.jpg,600x450,2,64.577,tgt,camourflage_00179.jpg
nc4k,5365.jpg,600x450,2,42.49,tgt,camourflage_00179.jpg
nc4k,5375.jpg,600x450,2,48.819,tgt,camourflage_00179.jpg
nc4k,54.jpg,600x450,2,56.511,tgt,camourflage_00179.jpg
nc4k,5444.jpg,600x450,2,47.706,tgt,camourflage_00179.jpg
nc4k,5457.jpg,600x450,2,60.426,tgt,camourflage_00179.jpg
nc4k,5512.jpg,600x450,2,47.376,tgt,camourflage_00179.jpg
nc4k,5785.jpg,600x450,2,47.936,tgt,camourflage_00179.jpg
nc4k,5799.jpg,600x450,2,51.304,tgt,camourflage_00179.jpg
nc4k,5871.jpg,600x450,2,54.375,tgt,camourflage_00179.jpg
nc4k,5926.jpg,600x450,2,52.071,tgt,camourflage_00179.jpg
nc4k,650.jpg,600x450,2,56.714,tgt,camourflage_00179.jpg
nc4k,654.jpg,600x450,2,50.789,tgt,camourflage_00179.jpg
nc4k,671.jpg,600x450,2,69.252,tgt,camourflage_00179.jpg
nc4k,798.jpg,600x450,2,48.032,tgt,camourflage_00179.jpg
nc4k,1525.jpg,1024x600,2,50.297,tgt,COD10K-CAM-3-Flying-61-Katydid-4017.jpg
nc4k,3886.jpg,1024x600,2,66.171,tgt,COD10K-CAM-3-Flying-61-Katydid-4017.jpg
nc4k,802.jpg,800x508,1,68.486,tgt,COD10K-CAM-1-Aquatic-13-Pipefish-753.jpg
nc4k,1922.jpg,1023x731,14,78.746,tgt,COD10K-CAM-1-Aquatic-13-Pipefish-775.jpg
nc4k,1528.jpg,1024x681,30,63.375,tgt,COD10K-CAM-3-Flying-61-Katydid-4030.jpg
nc4k,1918.jpg,1024x681,30,55.548,tgt,COD10K-CAM-2-Terrestrial-49-Worm-2936.jpg
nc4k,2966.jpg,1024x681,30,72.44,tgt,COD10K-CAM-3-Flying-64-Moth-4440.jpg
nc4k,3255.jpg,1024x681,30,37.33,tgt,COD10K-CAM-2-Terrestrial-44-Snake-2477.jpg
nc4k,3289.jpg,1024x681,30,63.825,tgt,COD10K-CAM-3-Flying-53-Bird-3042.jpg
nc4k,517.jpg,1024x681,30,44.543,tgt,COD10K-CAM-3-Flying-56-Cicada-3454.jpg
nc4k,5460.jpg,1024x681,30,49.444,tgt,COD10K-CAM-2-Terrestrial-44-Snake-2477.jpg
nc4k,5639.jpg,1024x681,30,49.202,tgt,COD10K-CAM-3-Flying-53-Bird-3042.jpg
nc4k,3450.jpg,1024x767,6,53.765,tgt,COD10K-CAM-2-Terrestrial-47-Tiger-2888.jpg
nc4k,3447.jpg,1024x731,8,45.603,tgt,COD10K-CAM-2-Terrestrial-45-Spider-2681.jpg
nc4k,1295.jpg,1280x960,26,43.099,tgt,COD10K-CAM-4-Amphibian-68-Toad-4820.jpg
nc4k,4107.jpg,800x572,2,66.208,tgt,COD10K-CAM-2-Terrestrial-32-Giraffe-1944.jpg
nc4k,2033.jpg,1024x665,4,68.386,tgt,COD10K-CAM-3-Flying-59-Grasshopper-3754.jpg
nc4k,2110.jpg,1024x665,4,56.244,tgt,COD10K-CAM-3-Flying-57-Dragonfly-3562.jpg
nc4k,3961.jpg,1024x722,1,64.94,tgt,COD10K-CAM-1-Aquatic-15-SeaHorse-1030.jpg
nc4k,3066.jpg,1023x678,7,38.65,tgt,COD10K-CAM-2-Terrestrial-26-Chameleon-1687.jpg
nc4k,2291.jpg,1023x666,1,77.076,tgt,COD10K-CAM-1-Aquatic-15-SeaHorse-1060.jpg
nc4k,4852.jpg,1024x638,3,77.815,tgt,COD10K-CAM-1-Aquatic-15-SeaHorse-1080.jpg
nc4k,3836.jpg,1024x667,3,50.625,tgt,COD10K-CAM-2-Terrestrial-27-Cheetah-1754.jpg
nc4k,4125.jpg,1024x667,3,63.645,tgt,COD10K-CAM-2-Terrestrial-38-Lizard-2234.jpg
nc4k,1420.jpg,1024x739,3,52.796,tgt,COD10K-CAM-3-Flying-59-Grasshopper-3704.jpg
nc4k,2301.jpg,1024x753,2,63.556,tgt,COD10K-CAM-1-Aquatic-15-SeaHorse-1098.jpg
nc4k,4862.jpg,682x1023,2,76.479,tgt,COD10K-CAM-3-Flying-53-Bird-3027.jpg
nc4k,4930.jpg,682x1023,2,69.393,tgt,COD10K-CAM-3-Flying-53-Bird-3027.jpg
nc4k,2205.jpg,1024x678,24,54.17,tgt,COD10K-CAM-3-Flying-55-Butterfly-3301.jpg
nc4k,3436.jpg,1024x678,24,50.106,tgt,COD10K-CAM-3-Flying-61-Katydid-4036.jpg
nc4k,3593.jpg,1024x678,24,41.495,tgt,COD10K-CAM-3-Flying-59-Grasshopper-3851.jpg
nc4k,4178.jpg,1024x678,24,44.313,tgt,COD10K-CAM-3-Flying-61-Katydid-4067.jpg
nc4k,5139.jpg,1024x678,24,61.247,tgt,COD10K-CAM-1-Aquatic-7-Flounder-252.jpg
nc4k,914.jpg,1024x678,24,53.466,tgt,COD10K-CAM-3-Flying-61-Katydid-4067.jpg
nc4k,300.jpg,1024x749,2,61.629,tgt,COD10K-CAM-2-Terrestrial-23-Cat-1342.jpg
nc4k,4196.jpg,1024x560,1,43.799,tgt,COD10K-CAM-1-Aquatic-15-SeaHorse-987.jpg
nc4k,4315.jpg,1024x560,1,69.309,tgt,COD10K-CAM-1-Aquatic-15-SeaHorse-987.jpg
nc4k,4700.jpg,1024x560,1,83.823,tgt,COD10K-CAM-1-Aquatic-15-SeaHorse-987.jpg
nc4k,1486.jpg,1024x701,4,52.541,tgt,COD10K-CAM-3-Flying-56-Cicada-3481.jpg
nc4k,2150.jpg,1024x725,2,71.86,tgt,COD10K-CAM-3-Flying-64-Moth-4506.jpg
nc4k,2976.jpg,480x640,10,58.678,tgt,COD10K-CAM-4-Amphibian-68-Toad-4854.jpg
nc4k,4403.jpg,480x640,10,47.799,tgt,COD10K-CAM-2-Terrestrial-45-Spider-2556.jpg
nc4k,503.jpg,480x640,10,54.17,tgt,COD10K-CAM-2-Terrestrial-48-Wolf-2919.jpg
nc4k,912.jpg,480x640,10,55.518,tgt,COD10K-CAM-2-Terrestrial-26-Chameleon-1683.jpg
nc4k,3315.jpg,799x598,2,68.484,tgt,COD10K-CAM-1-Aquatic-16-Shrimp-1124.jpg
nc4k,1624.jpg,1024x640,6,49.257,tgt,COD10K-CAM-2-Terrestrial-24-Caterpillar-1590.jpg
nc4k,1917.jpg,1024x640,6,55.558,tgt,COD10K-CAM-2-Terrestrial-24-Caterpillar-1590.jpg
nc4k,2044.jpg,1024x640,6,65.224,tgt,COD10K-CAM-2-Terrestrial-24-Caterpillar-1590.jpg
nc4k,2321.jpg,1024x640,6,36.619,tgt,COD10K-CAM-2-Terrestrial-31-Gecko-1928.jpg
nc4k,1119.jpg,800x531,1,58.546,tgt,COD10K-CAM-1-Aquatic-18-StarFish-1155.jpg
nc4k,1535.jpg,800x531,1,60.941,tgt,COD10K-CAM-1-Aquatic-18-StarFish-1155.jpg
nc4k,1635.jpg,800x531,1,71.121,tgt,COD10K-CAM-1-Aquatic-18-StarFish-1155.jpg
nc4k,190.jpg,800x531,1,81.549,tgt,COD10K-CAM-1-Aquatic-18-StarFish-1155.jpg
nc4k,2609.jpg,800x531,1,69.777,tgt,COD10K-CAM-1-Aquatic-18-StarFish-1155.jpg
nc4k,329.jpg,800x531,1,71.072,tgt,COD10K-CAM-1-Aquatic-18-StarFish-1155.jpg
nc4k,334.jpg,800x531,1,66.958,tgt,COD10K-CAM-1-Aquatic-18-StarFish-1155.jpg
nc4k,4018.jpg,800x531,1,87.382,tgt,COD10K-CAM-1-Aquatic-18-StarFish-1155.jpg
nc4k,4730.jpg,800x531,1,50.045,tgt,COD10K-CAM-1-Aquatic-18-StarFish-1155.jpg
nc4k,502.jpg,800x531,1,78.658,tgt,COD10K-CAM-1-Aquatic-18-StarFish-1155.jpg
nc4k,2385.jpg,1024x639,4,51.143,tgt,COD10K-CAM-3-Flying-61-Katydid-3991.jpg
nc4k,5008.jpg,1024x639,4,60.487,tgt,COD10K-CAM-3-Flying-65-Owl-4631.jpg
nc4k,2187.jpg,600x800,7,48.623,tgt,COD10K-CAM-3-Flying-58-Frogmouth-3609.jpg
nc4k,4805.jpg,600x800,7,69.57,tgt,COD10K-CAM-3-Flying-56-Cicada-3518.jpg
nc4k,4417.jpg,1023x576,3,52.772,tgt,COD10K-CAM-2-Terrestrial-29-Dog-1861.jpg
nc4k,4716.jpg,1023x576,3,54.401,tgt,COD10K-CAM-2-Terrestrial-29-Dog-1861.jpg
nc4k,5213.jpg,1023x576,3,70.589,tgt,COD10K-CAM-2-Terrestrial-29-Dog-1861.jpg
nc4k,4829.jpg,768x576,3,66.314,tgt,COD10K-CAM-1-Aquatic-3-Crab-49.jpg
nc4k,2325.jpg,1023x683,14,29.865,tgt,COD10K-CAM-3-Flying-61-Katydid-3946.jpg
nc4k,1098.jpg,900x600,6,49.246,tgt,COD10K-CAM-1-Aquatic-9-GhostPipefish-331.jpg
nc4k,1326.jpg,900x600,6,37.725,tgt,COD10K-CAM-1-Aquatic-9-GhostPipefish-331.jpg
nc4k,1333.jpg,900x600,6,41.387,tgt,COD10K-CAM-1-Aquatic-9-GhostPipefish-331.jpg
nc4k,1377.jpg,900x600,6,35.782,tgt,COD10K-CAM-1-Aquatic-9-GhostPipefish-331.jpg
nc4k,1477.jpg,900x600,6,40.515,tgt,COD10K-CAM-2-Terrestrial-40-Rabbit-2353.jpg
nc4k,1530.jpg,900x600,6,40.34,tgt,COD10K-CAM-2-Terrestrial-40-Rabbit-2353.jpg
nc4k,154.jpg,900x600,6,68.285,tgt,COD10K-CAM-2-Terrestrial-40-Rabbit-2353.jpg
nc4k,1833.jpg,900x600,6,63.582,tgt,COD10K-CAM-2-Terrestrial-40-Rabbit-2353.jpg
nc4k,1893.jpg,900x600,6,56.652,tgt,COD10K-CAM-1-Aquatic-9-GhostPipefish-331.jpg
nc4k,1898.jpg,900x600,6,72.229,tgt,COD10K-CAM-2-Terrestrial-40-Rabbit-2353.jpg
nc4k,1977.jpg,900x600,6,56.858,tgt,COD10K-CAM-1-Aquatic-9-GhostPipefish-331.jpg
nc4k,2003.jpg,900x600,6,57.211,tgt,COD10K-CAM-2-Terrestrial-40-Rabbit-2353.jpg
nc4k,201.jpg,900x600,6,53.898,tgt,COD10K-CAM-1-Aquatic-9-GhostPipefish-331.jpg
nc4k,2144.jpg,900x600,6,55.503,tgt,COD10K-CAM-1-Aquatic-9-GhostPipefish-331.jpg
nc4k,2264.jpg,900x600,6,47.649,tgt,COD10K-CAM-1-Aquatic-9-GhostPipefish-331.jpg
nc4k,2330.jpg,900x600,6,37.908,tgt,COD10K-CAM-1-Aquatic-9-GhostPipefish-331.jpg
nc4k,2340.jpg,900x600,6,56.339,tgt,COD10K-CAM-1-Aquatic-9-GhostPipefish-331.jpg
nc4k,2351.jpg,900x600,6,49.578,tgt,COD10K-CAM-1-Aquatic-9-GhostPipefish-331.jpg
nc4k,2381.jpg,900x600,6,45.97,tgt,COD10K-CAM-1-Aquatic-9-GhostPipefish-331.jpg
nc4k,2574.jpg,900x600,6,55.225,tgt,COD10K-CAM-2-Terrestrial-40-Rabbit-2353.jpg
nc4k,2658.jpg,900x600,6,53.135,tgt,COD10K-CAM-1-Aquatic-9-GhostPipefish-331.jpg
nc4k,2701.jpg,900x600,6,49.103,tgt,COD10K-CAM-1-Aquatic-9-GhostPipefish-331.jpg
nc4k,2708.jpg,900x600,6,60.874,tgt,COD10K-CAM-1-Aquatic-9-GhostPipefish-331.jpg
nc4k,2755.jpg,900x600,6,50.253,tgt,COD10K-CAM-1-Aquatic-9-GhostPipefish-331.jpg
nc4k,2804.jpg,900x600,6,47.975,tgt,COD10K-CAM-2-Terrestrial-40-Rabbit-2353.jpg
nc4k,2835.jpg,900x600,6,44.0,tgt,COD10K-CAM-2-Terrestrial-40-Rabbit-2353.jpg
nc4k,2869.jpg,900x600,6,45.972,tgt,COD10K-CAM-1-Aquatic-9-GhostPipefish-331.jpg
nc4k,2926.jpg,900x600,6,56.894,tgt,COD10K-CAM-2-Terrestrial-40-Rabbit-2353.jpg
nc4k,3203.jpg,900x600,6,55.717,tgt,COD10K-CAM-2-Terrestrial-40-Rabbit-2353.jpg
nc4k,3245.jpg,900x600,6,53.975,tgt,COD10K-CAM-1-Aquatic-9-GhostPipefish-331.jpg
nc4k,3581.jpg,900x600,6,55.747,tgt,COD10K-CAM-2-Terrestrial-40-Rabbit-2353.jpg
nc4k,3682.jpg,900x600,6,43.058,tgt,COD10K-CAM-2-Terrestrial-40-Rabbit-2353.jpg
nc4k,3690.jpg,900x600,6,54.593,tgt,COD10K-CAM-1-Aquatic-9-GhostPipefish-331.jpg
nc4k,4152.jpg,900x600,6,53.177,tgt,COD10K-CAM-1-Aquatic-9-GhostPipefish-331.jpg
nc4k,4323.jpg,900x600,6,56.192,tgt,COD10K-CAM-1-Aquatic-9-GhostPipefish-331.jpg
nc4k,457.jpg,900x600,6,37.219,tgt,COD10K-CAM-1-Aquatic-9-GhostPipefish-331.jpg
nc4k,4721.jpg,900x600,6,48.16,tgt,COD10K-CAM-2-Terrestrial-40-Rabbit-2353.jpg
nc4k,4791.jpg,900x600,6,54.606,tgt,COD10K-CAM-1-Aquatic-9-GhostPipefish-331.jpg
nc4k,4870.jpg,900x600,6,58.519,tgt,COD10K-CAM-2-Terrestrial-40-Rabbit-2354.jpg
nc4k,4943.jpg,900x600,6,61.194,tgt,COD10K-CAM-2-Terrestrial-40-Rabbit-2353.jpg
nc4k,5214.jpg,900x600,6,37.222,tgt,COD10K-CAM-1-Aquatic-9-GhostPipefish-331.jpg
nc4k,5504.jpg,900x600,6,39.048,tgt,COD10K-CAM-2-Terrestrial-40-Rabbit-2353.jpg
nc4k,5566.jpg,900x600,6,43.855,tgt,COD10K-CAM-2-Terrestrial-40-Rabbit-2353.jpg
nc4k,5567.jpg,900x600,6,44.887,tgt,COD10K-CAM-2-Terrestrial-40-Rabbit-2353.jpg
nc4k,5587.jpg,900x600,6,41.418,tgt,COD10K-CAM-2-Terrestrial-40-Rabbit-2353.jpg
nc4k,5604.jpg,900x600,6,66.08,tgt,COD10K-CAM-2-Terrestrial-40-Rabbit-2354.jpg
nc4k,5764.jpg,900x600,6,57.924,tgt,COD10K-CAM-2-Terrestrial-40-Rabbit-2353.jpg
nc4k,5770.jpg,900x600,6,54.077,tgt,COD10K-CAM-1-Aquatic-9-GhostPipefish-331.jpg
nc4k,5774.jpg,900x600,6,55.023,tgt,COD10K-CAM-2-Terrestrial-40-Rabbit-2353.jpg
nc4k,5883.jpg,900x600,6,55.75,tgt,COD10K-CAM-2-Terrestrial-40-Rabbit-2353.jpg
nc4k,5974.jpg,900x600,6,45.421,tgt,COD10K-CAM-2-Terrestrial-40-Rabbit-2353.jpg
nc4k,676.jpg,900x600,6,44.855,tgt,COD10K-CAM-2-Terrestrial-40-Rabbit-2353.jpg
nc4k,740.jpg,900x600,6,44.229,tgt,COD10K-CAM-2-Terrestrial-40-Rabbit-2353.jpg
nc4k,849.jpg,900x600,6,46.513,tgt,COD10K-CAM-2-Terrestrial-40-Rabbit-2353.jpg
nc4k,860.jpg,900x600,6,51.614,tgt,COD10K-CAM-2-Terrestrial-40-Rabbit-2353.jpg
nc4k,968.jpg,900x600,6,46.596,tgt,COD10K-CAM-1-Aquatic-9-GhostPipefish-331.jpg
nc4k,1956.jpg,1024x680,23,66.265,tgt,COD10K-CAM-2-Terrestrial-47-Tiger-2900.jpg
nc4k,2536.jpg,1024x680,23,39.048,tgt,COD10K-CAM-1-Aquatic-3-Crab-76.jpg
nc4k,2544.jpg,1024x680,23,40.563,tgt,COD10K-CAM-1-Aquatic-3-Crab-76.jpg
nc4k,2552.jpg,1024x680,23,35.108,tgt,COD10K-CAM-1-Aquatic-3-Crab-76.jpg
nc4k,2562.jpg,1024x680,23,38.686,tgt,COD10K-CAM-1-Aquatic-3-Crab-76.jpg
nc4k,2585.jpg,1024x680,23,39.334,tgt,COD10K-CAM-1-Aquatic-3-Crab-76.jpg
nc4k,2695.jpg,1024x680,23,44.676,tgt,COD10K-CAM-1-Aquatic-6-Fish-187.jpg
nc4k,3626.jpg,1024x680,23,60.886,tgt,COD10K-CAM-2-Terrestrial-37-Lion-2106.jpg
nc4k,3755.jpg,1024x680,23,45.961,tgt,COD10K-CAM-2-Terrestrial-47-Tiger-2900.jpg
nc4k,4842.jpg,1024x680,23,51.028,tgt,COD10K-CAM-2-Terrestrial-37-Lion-2106.jpg
nc4k,5274.jpg,1024x680,23,39.309,tgt,COD10K-CAM-1-Aquatic-6-Fish-187.jpg
nc4k,5338.jpg,1024x680,23,40.658,tgt,COD10K-CAM-2-Terrestrial-37-Lion-2106.jpg
nc4k,5467.jpg,1024x680,23,38.493,tgt,COD10K-CAM-2-Terrestrial-37-Lion-2106.jpg
nc4k,5647.jpg,1024x680,23,40.107,tgt,COD10K-CAM-2-Terrestrial-37-Lion-2106.jpg
nc4k,658.jpg,1024x680,23,32.906,tgt,COD10K-CAM-2-Terrestrial-37-Lion-2106.jpg
nc4k,107.jpg,1000x667,9,53.584,tgt,COD10K-CAM-3-Flying-60-Heron-3930.jpg
nc4k,1336.jpg,1000x667,9,62.425,tgt,COD10K-CAM-3-Flying-60-Heron-3930.jpg
nc4k,1561.jpg,1000x667,9,57.046,tgt,COD10K-CAM-2-Terrestrial-46-StickInsect-2814.jpg
nc4k,1818.jpg,1000x667,9,46.596,tgt,COD10K-CAM-2-Terrestrial-46-StickInsect-2814.jpg
nc4k,1869.jpg,1000x667,9,57.154,tgt,COD10K-CAM-3-Flying-60-Heron-3930.jpg
nc4k,2005.jpg,1000x667,9,44.467,tgt,COD10K-CAM-4-Amphibian-67-Frog-4780.jpg
nc4k,2290.jpg,1000x667,9,39.342,tgt,COD10K-CAM-2-Terrestrial-46-StickInsect-2814.jpg
nc4k,2327.jpg,1000x667,9,53.994,tgt,COD10K-CAM-4-Amphibian-67-Frog-4780.jpg
nc4k,2361.jpg,1000x667,9,63.287,tgt,COD10K-CAM-3-Flying-60-Heron-3930.jpg
nc4k,2707.jpg,1000x667,9,62.094,tgt,COD10K-CAM-3-Flying-60-Heron-3930.jpg
nc4k,2724.jpg,1000x667,9,63.326,tgt,COD10K-CAM-2-Terrestrial-46-StickInsect-2814.jpg
nc4k,2740.jpg,1000x667,9,60.935,tgt,COD10K-CAM-1-Aquatic-6-Fish-234.jpg
nc4k,2745.jpg,1000x667,9,49.611,tgt,COD10K-CAM-4-Amphibian-67-Frog-4780.jpg
nc4k,2874.jpg,1000x667,9,60.349,tgt,COD10K-CAM-3-Flying-60-Heron-3930.jpg
nc4k,3382.jpg,1000x667,9,61.291,tgt,COD10K-CAM-3-Flying-60-Heron-3930.jpg
nc4k,3478.jpg,1000x667,9,58.487,tgt,camourflage_00538.jpg
nc4k,3778.jpg,1000x667,9,57.914,tgt,COD10K-CAM-3-Flying-60-Heron-3930.jpg
nc4k,390.jpg,1000x667,9,30.411,tgt,COD10K-CAM-2-Terrestrial-29-Dog-1859.jpg
nc4k,3988.jpg,1000x667,9,50.394,tgt,COD10K-CAM-1-Aquatic-3-Crab-77.jpg
nc4k,4774.jpg,1000x667,9,62.279,tgt,COD10K-CAM-4-Amphibian-67-Frog-4780.jpg
nc4k,5248.jpg,1000x667,9,44.35,tgt,camourflage_00538.jpg
nc4k,5269.jpg,1000x667,9,61.57,tgt,COD10K-CAM-1-Aquatic-3-Crab-77.jpg
nc4k,5271.jpg,1000x667,9,61.908,tgt,COD10K-CAM-1-Aquatic-3-Crab-77.jpg
nc4k,5356.jpg,1000x667,9,62.91,tgt,COD10K-CAM-3-Flying-60-Heron-3930.jpg
nc4k,5470.jpg,1000x667,9,61.136,tgt,COD10K-CAM-1-Aquatic-7-Flounder-282.jpg
nc4k,5488.jpg,1000x667,9,57.484,tgt,COD10K-CAM-4-Amphibian-67-Frog-4780.jpg
nc4k,551.jpg,1000x667,9,56.498,tgt,camourflage_00538.jpg
nc4k,5585.jpg,1000x667,9,58.667,tgt,COD10K-CAM-4-Amphibian-67-Frog-4780.jpg
nc4k,5638.jpg,1000x667,9,66.095,tgt,COD10K-CAM-1-Aquatic-6-Fish-175.jpg
nc4k,5716.jpg,1000x667,9,52.847,tgt,COD10K-CAM-2-Terrestrial-46-StickInsect-2814.jpg
nc4k,5748.jpg,1000x667,9,61.831,tgt,COD10K-CAM-4-Amphibian-67-Frog-4780.jpg
nc4k,5821.jpg,1000x667,9,58.386,tgt,COD10K-CAM-3-Flying-60-Heron-3930.jpg
nc4k,1115.jpg,500x375,6,72.661,tgt,camourflage_00584.jpg
nc4k,123.jpg,500x375,6,55.247,tgt,camourflage_00584.jpg
nc4k,1393.jpg,500x375,6,52.739,tgt,camourflage_00584.jpg
nc4k,1527.jpg,500x375,6,55.682,tgt,camourflage_00607.jpg
nc4k,1654.jpg,500x375,6,61.888,tgt,camourflage_00584.jpg
nc4k,1957.jpg,500x375,6,64.266,tgt,camourflage_00584.jpg
nc4k,2043.jpg,500x375,6,52.711,tgt,camourflage_00584.jpg
nc4k,2056.jpg,500x375,6,52.934,tgt,camourflage_00607.jpg
nc4k,2125.jpg,500x375,6,54.941,tgt,camourflage_00584.jpg
nc4k,2420.jpg,500x375,6,60.212,tgt,camourflage_00714.jpg
nc4k,2570.jpg,500x375,6,64.248,tgt,camourflage_00584.jpg
nc4k,3302.jpg,500x375,6,74.358,tgt,camourflage_00607.jpg
nc4k,4097.jpg,500x375,6,43.968,tgt,camourflage_00584.jpg
nc4k,4117.jpg,500x375,6,42.719,tgt,camourflage_00584.jpg
nc4k,4246.jpg,500x375,6,50.744,tgt,camourflage_00714.jpg
nc4k,4263.jpg,500x375,6,62.074,tgt,camourflage_00714.jpg
nc4k,4277.jpg,500x375,6,52.163,tgt,camourflage_00607.jpg
nc4k,4478.jpg,500x375,6,63.482,tgt,camourflage_00714.jpg
nc4k,471.jpg,500x375,6,48.855,tgt,COD10K-CAM-1-Aquatic-4-Crocodile-106.jpg
nc4k,4743.jpg,500x375,6,64.797,tgt,camourflage_00584.jpg
nc4k,4848.jpg,500x375,6,62.856,tgt,camourflage_00607.jpg
nc4k,4921.jpg,500x375,6,51.089,tgt,COD10K-CAM-1-Aquatic-4-Crocodile-106.jpg
nc4k,5170.jpg,500x375,6,68.447,tgt,camourflage_00584.jpg
nc4k,519.jpg,500x375,6,59.485,tgt,camourflage_00607.jpg
nc4k,5331.jpg,500x375,6,53.428,tgt,camourflage_00584.jpg
nc4k,5673.jpg,500x375,6,73.005,tgt,camourflage_00584.jpg
nc4k,5783.jpg,500x375,6,56.473,tgt,camourflage_00607.jpg
nc4k,5963.jpg,500x375,6,49.734,tgt,camourflage_00584.jpg
nc4k,615.jpg,500x375,6,47.375,tgt,camourflage_00607.jpg
nc4k,844.jpg,500x375,6,49.736,tgt,camourflage_00584.jpg
nc4k,3254.jpg,684x1024,1,75.041,tgt,COD10K-CAM-1-Aquatic-4-Crocodile-107.jpg
nc4k,2036.jpg,428x640,2,68.436,tgt,COD10K-CAM-1-Aquatic-4-Crocodile-121.jpg
nc4k,2023.jpg,1024x720,2,69.172,tgt,COD10K-CAM-3-Flying-55-Butterfly-3371.jpg
nc4k,4843.jpg,1024x714,2,58.912,tgt,COD10K-CAM-1-Aquatic-6-Fish-158.jpg
nc4k,3808.jpg,1024x724,7,63.773,tgt,COD10K-CAM-1-Aquatic-7-Flounder-275.jpg
nc4k,1419.jpg,720x480,1,87.585,tgt,COD10K-CAM-1-Aquatic-7-Flounder-280.jpg
nc4k,1789.jpg,720x480,1,89.72,tgt,COD10K-CAM-1-Aquatic-7-Flounder-280.jpg
nc4k,3249.jpg,720x480,1,64.333,tgt,COD10K-CAM-1-Aquatic-7-Flounder-280.jpg
nc4k,3350.jpg,720x480,1,52.079,tgt,COD10K-CAM-1-Aquatic-7-Flounder-280.jpg
nc4k,4898.jpg,720x480,1,78.203,tgt,COD10K-CAM-1-Aquatic-7-Flounder-280.jpg
nc4k,585.jpg,720x480,1,83.082,tgt,COD10K-CAM-1-Aquatic-7-Flounder-280.jpg
nc4k,5946.jpg,720x480,1,78.832,tgt,COD10K-CAM-1-Aquatic-7-Flounder-280.jpg
nc4k,3763.jpg,426x640,4,52.359,tgt,COD10K-CAM-1-Aquatic-9-GhostPipefish-308.jpg
nc4k,4090.jpg,1024x620,4,45.3,tgt,COD10K-CAM-1-Aquatic-9-GhostPipefish-314.jpg
nc4k,4025.jpg,600x424,1,61.45,tgt,COD10K-CAM-1-Aquatic-9-GhostPipefish-341.jpg
nc4k,1565.jpg,750x500,6,31.757,tgt,COD10K-CAM-1-Aquatic-9-GhostPipefish-351.jpg
nc4k,1601.jpg,750x500,6,45.177,tgt,COD10K-CAM-1-Aquatic-9-GhostPipefish-351.jpg
nc4k,1645.jpg,750x500,6,49.253,tgt,COD10K-CAM-1-Aquatic-9-GhostPipefish-351.jpg
nc4k,1856.jpg,750x500,6,78.503,tgt,COD10K-CAM-3-Flying-53-Bird-3222.jpg
nc4k,2105.jpg,750x500,6,50.808,tgt,COD10K-CAM-1-Aquatic-9-GhostPipefish-351.jpg
nc4k,2310.jpg,750x500,6,46.377,tgt,COD10K-CAM-1-Aquatic-9-GhostPipefish-351.jpg
nc4k,2893.jpg,750x500,6,50.619,tgt,COD10K-CAM-2-Terrestrial-31-Gecko-1919.jpg
nc4k,2899.jpg,750x500,6,41.022,tgt,COD10K-CAM-1-Aquatic-9-GhostPipefish-351.jpg
nc4k,306.jpg,750x500,6,53.928,tgt,COD10K-CAM-2-Terrestrial-31-Gecko-1918.jpg
nc4k,3244.jpg,750x500,6,56.998,tgt,COD10K-CAM-2-Terrestrial-31-Gecko-1919.jpg
nc4k,3855.jpg,750x500,6,62.41,tgt,COD10K-CAM-1-Aquatic-9-GhostPipefish-351.jpg
nc4k,4086.jpg,750x500,6,34.429,tgt,COD10K-CAM-2-Terrestrial-31-Gecko-1919.jpg
nc4k,4283.jpg,750x500,6,39.257,tgt,COD10K-CAM-2-Terrestrial-31-Gecko-1919.jpg
nc4k,4613.jpg,750x500,6,43.081,tgt,COD10K-CAM-2-Terrestrial-31-Gecko-1919.jpg
nc4k,5027.jpg,750x500,6,42.48,tgt,COD10K-CAM-2-Terrestrial-31-Gecko-1919.jpg
nc4k,5589.jpg,750x500,6,41.883,tgt,COD10K-CAM-2-Terrestrial-31-Gecko-1919.jpg
nc4k,5628.jpg,750x500,6,58.912,tgt,COD10K-CAM-2-Terrestrial-31-Gecko-1918.jpg
nc4k,5664.jpg,750x500,6,45.873,tgt,COD10K-CAM-1-Aquatic-9-GhostPipefish-351.jpg
nc4k,5699.jpg,750x500,6,66.233,tgt,COD10K-CAM-1-Aquatic-9-GhostPipefish-351.jpg
nc4k,5763.jpg,750x500,6,56.154,tgt,COD10K-CAM-2-Terrestrial-31-Gecko-1918.jpg
nc4k,681.jpg,800x506,1,62.69,tgt,COD10K-CAM-1-Aquatic-9-GhostPipefish-364.jpg
nc4k,1031.jpg,640x427,3,74.079,tgt,COD10K-CAM-1-Aquatic-9-GhostPipefish-405.jpg
nc4k,1417.jpg,640x427,3,75.488,tgt,COD10K-CAM-1-Aquatic-9-GhostPipefish-405.jpg
nc4k,1673.jpg,640x427,3,67.671,tgt,COD10K-CAM-1-Aquatic-9-GhostPipefish-405.jpg
nc4k,1691.jpg,640x427,3,65.13,tgt,COD10K-CAM-1-Aquatic-9-GhostPipefish-405.jpg
nc4k,1701.jpg,640x427,3,72.602,tgt,COD10K-CAM-1-Aquatic-9-GhostPipefish-405.jpg
nc4k,2298.jpg,640x427,3,74.664,tgt,COD10K-CAM-1-Aquatic-9-GhostPipefish-405.jpg
nc4k,2449.jpg,640x427,3,61.326,tgt,camourflage_00143.jpg
nc4k,2450.jpg,640x427,3,59.34,tgt,COD10K-CAM-1-Aquatic-9-GhostPipefish-405.jpg
nc4k,2788.jpg,640x427,3,67.346,tgt,COD10K-CAM-1-Aquatic-9-GhostPipefish-405.jpg
nc4k,2932.jpg,640x427,3,59.849,tgt,COD10K-CAM-1-Aquatic-9-GhostPipefish-405.jpg
nc4k,2941.jpg,640x427,3,67.109,tgt,COD10K-CAM-1-Aquatic-9-GhostPipefish-405.jpg
nc4k,3318.jpg,640x427,3,68.059,tgt,COD10K-CAM-1-Aquatic-9-GhostPipefish-405.jpg
nc4k,3392.jpg,640x427,3,61.084,tgt,COD10K-CAM-1-Aquatic-9-GhostPipefish-405.jpg
nc4k,3619.jpg,640x427,3,69.415,tgt,COD10K-CAM-1-Aquatic-9-GhostPipefish-405.jpg
nc4k,3759.jpg,640x427,3,76.637,tgt,COD10K-CAM-2-Terrestrial-29-Dog-1846.jpg
nc4k,3840.jpg,640x427,3,78.025,tgt,camourflage_00143.jpg
nc4k,3979.jpg,640x427,3,70.302,tgt,camourflage_00143.jpg
nc4k,4320.jpg,640x427,3,75.881,tgt,COD10K-CAM-1-Aquatic-9-GhostPipefish-405.jpg
nc4k,4583.jpg,640x427,3,81.444,tgt,COD10K-CAM-1-Aquatic-9-GhostPipefish-405.jpg
nc4k,4739.jpg,640x427,3,73.659,tgt,COD10K-CAM-1-Aquatic-9-GhostPipefish-405.jpg
nc4k,4933.jpg,640x427,3,80.238,tgt,COD10K-CAM-1-Aquatic-9-GhostPipefish-405.jpg
nc4k,5321.jpg,640x427,3,62.072,tgt,COD10K-CAM-1-Aquatic-9-GhostPipefish-405.jpg
nc4k,5405.jpg,640x427,3,57.724,tgt,COD10K-CAM-1-Aquatic-9-GhostPipefish-405.jpg
nc4k,584.jpg,640x427,3,74.593,tgt,COD10K-CAM-1-Aquatic-9-GhostPipefish-405.jpg
nc4k,687.jpg,640x427,3,64.46,tgt,COD10K-CAM-1-Aquatic-9-GhostPipefish-405.jpg
nc4k,812.jpg,640x427,3,46.575,tgt,COD10K-CAM-1-Aquatic-9-GhostPipefish-405.jpg
nc4k,817.jpg,640x427,3,46.341,tgt,COD10K-CAM-1-Aquatic-9-GhostPipefish-405.jpg
nc4k,3510.jpg,1024x657,4,58.662,tgt,COD10K-CAM-2-Terrestrial-23-Cat-1535.jpg
nc4k,365.jpg,1024x657,4,48.002,tgt,COD10K-CAM-2-Terrestrial-23-Cat-1535.jpg
nc4k,2861.jpg,612x612,5,90.364,tgt,camourflage_00241.jpg
nc4k,3292.jpg,612x612,5,68.486,tgt,COD10K-CAM-4-Amphibian-68-Toad-4824.jpg
nc4k,4203.jpg,612x612,5,55.671,tgt,COD10K-CAM-2-Terrestrial-23-Cat-1317.jpg
nc4k,4352.jpg,612x612,5,62.763,tgt,camourflage_00241.jpg
nc4k,4789.jpg,612x612,5,67.767,tgt,COD10K-CAM-4-Amphibian-68-Toad-4824.jpg
nc4k,4804.jpg,612x612,5,74.662,tgt,COD10K-CAM-2-Terrestrial-23-Cat-1317.jpg
nc4k,5679.jpg,612x612,5,56.761,tgt,COD10K-CAM-4-Amphibian-68-Toad-4824.jpg
nc4k,789.jpg,612x612,5,62.378,tgt,camourflage_00241.jpg
nc4k,3399.jpg,1023x768,4,48.03,tgt,COD10K-CAM-2-Terrestrial-45-Spider-2758.jpg
nc4k,3442.jpg,1023x768,4,55.822,tgt,COD10K-CAM-2-Terrestrial-45-Spider-2758.jpg
nc4k,3907.jpg,1023x768,4,49.174,tgt,COD10K-CAM-2-Terrestrial-45-Spider-2758.jpg
nc4k,4354.jpg,1023x768,4,55.085,tgt,COD10K-CAM-2-Terrestrial-45-Spider-2758.jpg
nc4k,3709.jpg,1024x700,3,54.741,tgt,COD10K-CAM-3-Flying-55-Butterfly-3311.jpg
nc4k,2232.jpg,500x331,1,70.966,tgt,COD10K-CAM-2-Terrestrial-23-Cat-1334.jpg
nc4k,4129.jpg,500x331,1,64.662,tgt,COD10K-CAM-2-Terrestrial-23-Cat-1334.jpg
nc4k,4793.jpg,500x331,1,74.288,tgt,COD10K-CAM-2-Terrestrial-23-Cat-1334.jpg
nc4k,516.jpg,500x331,1,66.304,tgt,COD10K-CAM-2-Terrestrial-23-Cat-1334.jpg
nc4k,114.jpg,500x334,4,48.327,tgt,COD10K-CAM-2-Terrestrial-47-Tiger-2879.jpg
nc4k,131.jpg,500x334,4,56.004,tgt,COD10K-CAM-2-Terrestrial-23-Cat-1335.jpg
nc4k,1330.jpg,500x334,4,73.765,tgt,COD10K-CAM-3-Flying-53-Bird-3097.jpg
nc4k,2406.jpg,500x334,4,55.625,tgt,COD10K-CAM-2-Terrestrial-23-Cat-1335.jpg
nc4k,3001.jpg,500x334,4,52.232,tgt,COD10K-CAM-2-Terrestrial-23-Cat-1335.jpg
nc4k,3348.jpg,500x334,4,42.423,tgt,COD10K-CAM-2-Terrestrial-47-Tiger-2879.jpg
nc4k,3941.jpg,500x334,4,53.906,tgt,COD10K-CAM-2-Terrestrial-23-Cat-1335.jpg
nc4k,3980.jpg,500x334,4,60.813,tgt,COD10K-CAM-2-Terrestrial-47-Tiger-2879.jpg
nc4k,4003.jpg,500x334,4,62.95,tgt,COD10K-CAM-2-Terrestrial-23-Cat-1335.jpg
nc4k,4128.jpg,500x334,4,56.234,tgt,COD10K-CAM-3-Flying-53-Bird-3097.jpg
nc4k,4725.jpg,500x334,4,56.379,tgt,COD10K-CAM-3-Flying-53-Bird-3097.jpg
nc4k,4811.jpg,500x334,4,56.506,tgt,COD10K-CAM-3-Flying-53-Bird-3097.jpg
nc4k,5295.jpg,500x334,4,47.312,tgt,COD10K-CAM-2-Terrestrial-23-Cat-1335.jpg
nc4k,5614.jpg,500x334,4,65.812,tgt,COD10K-CAM-3-Flying-53-Bird-3097.jpg
nc4k,2797.jpg,540x720,10,58.838,tgt,COD10K-CAM-3-Flying-55-Butterfly-3396.jpg
nc4k,4075.jpg,540x720,10,71.437,tgt,COD10K-CAM-2-Terrestrial-38-Lizard-2157.jpg
nc4k,1068.jpg,1024x641,8,57.439,tgt,COD10K-CAM-2-Terrestrial-45-Spider-2559.jpg
nc4k,2248.jpg,1024x641,8,38.503,tgt,COD10K-CAM-3-Flying-61-Katydid-3948.jpg
nc4k,2373.jpg,1024x641,8,47.641,tgt,COD10K-CAM-3-Flying-61-Katydid-4002.jpg
nc4k,1085.jpg,550x367,1,69.727,tgt,COD10K-CAM-2-Terrestrial-23-Cat-1355.jpg
nc4k,1386.jpg,550x367,1,79.259,tgt,COD10K-CAM-2-Terrestrial-23-Cat-1355.jpg
nc4k,1503.jpg,550x367,1,88.033,tgt,COD10K-CAM-2-Terrestrial-23-Cat-1355.jpg
nc4k,2619.jpg,550x367,1,85.024,tgt,COD10K-CAM-2-Terrestrial-23-Cat-1355.jpg
nc4k,4065.jpg,550x367,1,74.232,tgt,COD10K-CAM-2-Terrestrial-23-Cat-1355.jpg
nc4k,923.jpg,550x367,1,81.802,tgt,COD10K-CAM-2-Terrestrial-23-Cat-1355.jpg
nc4k,2070.jpg,750x562,1,85.942,tgt,COD10K-CAM-2-Terrestrial-23-Cat-1389.jpg
nc4k,294.jpg,750x562,1,175.481,tgt,COD10K-CAM-2-Terrestrial-23-Cat-1389.jpg
nc4k,5852.jpg,750x562,1,72.768,tgt,COD10K-CAM-2-Terrestrial-23-Cat-1389.jpg
nc4k,606.jpg,1024x743,1,71.719,tgt,COD10K-CAM-2-Terrestrial-23-Cat-1409.jpg
nc4k,4879.jpg,600x429,1,74.03,tgt,COD10K-CAM-2-Terrestrial-23-Cat-1430.jpg
nc4k,1722.jpg,720x540,2,59.264,tgt,COD10K-CAM-2-Terrestrial-23-Cat-1521.jpg
nc4k,1955.jpg,720x540,2,55.564,tgt,camourflage_00492.jpg
nc4k,1966.jpg,720x540,2,58.589,tgt,camourflage_00492.jpg
nc4k,2001.jpg,720x540,2,60.147,tgt,camourflage_00492.jpg
nc4k,2020.jpg,720x540,2,63.408,tgt,camourflage_00492.jpg
nc4k,3509.jpg,720x540,2,62.697,tgt,camourflage_00492.jpg
nc4k,3554.jpg,720x540,2,64.482,tgt,camourflage_00492.jpg
nc4k,4108.jpg,720x540,2,68.147,tgt,camourflage_00492.jpg
nc4k,5653.jpg,720x540,2,51.732,tgt,camourflage_00492.jpg
nc4k,5670.jpg,720x540,2,46.414,tgt,camourflage_00492.jpg
nc4k,5694.jpg,720x540,2,51.545,tgt,camourflage_00492.jpg
nc4k,5722.jpg,720x540,2,54.483,tgt,camourflage_00492.jpg
nc4k,1801.jpg,1024x732,9,61.946,tgt,COD10K-CAM-3-Flying-60-Heron-3908.jpg
nc4k,409.jpg,1024x732,9,42.351,tgt,COD10K-CAM-3-Flying-60-Heron-3908.jpg
nc4k,2716.jpg,667x1000,1,51.647,tgt,COD10K-CAM-2-Terrestrial-24-Caterpillar-1609.jpg
nc4k,3052.jpg,667x1000,1,65.181,tgt,COD10K-CAM-2-Terrestrial-24-Caterpillar-1609.jpg
nc4k,3160.jpg,667x1000,1,67.351,tgt,COD10K-CAM-2-Terrestrial-24-Caterpillar-1609.jpg
nc4k,859.jpg,667x1000,1,64.694,tgt,COD10K-CAM-2-Terrestrial-24-Caterpillar-1609.jpg
nc4k,111.jpg,900x675,3,55.026,tgt,COD10K-CAM-2-Terrestrial-24-Caterpillar-1627.jpg
nc4k,1252.jpg,900x675,3,66.369,tgt,COD10K-CAM-2-Terrestrial-24-Caterpillar-1627.jpg
nc4k,1258.jpg,900x675,3,62.752,tgt,COD10K-CAM-3-Flying-59-Grasshopper-3631.jpg
nc4k,2089.jpg,900x675,3,72.316,tgt,COD10K-CAM-2-Terrestrial-24-Caterpillar-1627.jpg
nc4k,2104.jpg,900x675,3,50.86,tgt,COD10K-CAM-3-Flying-59-Grasshopper-3631.jpg
nc4k,2141.jpg,900x675,3,46.751,tgt,COD10K-CAM-2-Terrestrial-24-Caterpillar-1627.jpg
nc4k,2163.jpg,900x675,3,57.982,tgt,COD10K-CAM-2-Terrestrial-24-Caterpillar-1627.jpg
nc4k,2270.jpg,900x675,3,50.646,tgt,COD10K-CAM-2-Terrestrial-24-Caterpillar-1627.jpg
nc4k,2306.jpg,900x675,3,46.044,tgt,COD10K-CAM-2-Terrestrial-24-Caterpillar-1627.jpg
nc4k,2368.jpg,900x675,3,52.513,tgt,COD10K-CAM-2-Terrestrial-24-Caterpillar-1627.jpg
nc4k,2395.jpg,900x675,3,68.662,tgt,COD10K-CAM-3-Flying-59-Grasshopper-3631.jpg
nc4k,2702.jpg,900x675,3,59.957,tgt,COD10K-CAM-2-Terrestrial-24-Caterpillar-1627.jpg
nc4k,310.jpg,900x675,3,64.279,tgt,COD10K-CAM-3-Flying-59-Grasshopper-3631.jpg
nc4k,3779.jpg,900x675,3,54.125,tgt,COD10K-CAM-3-Flying-59-Grasshopper-3631.jpg
nc4k,4000.jpg,900x675,3,54.121,tgt,COD10K-CAM-2-Terrestrial-45-Spider-2513.jpg
nc4k,4175.jpg,900x675,3,69.998,tgt,COD10K-CAM-2-Terrestrial-24-Caterpillar-1627.jpg
nc4k,4845.jpg,900x675,3,71.138,tgt,COD10K-CAM-3-Flying-59-Grasshopper-3631.jpg
nc4k,5525.jpg,900x675,3,70.771,tgt,COD10K-CAM-3-Flying-59-Grasshopper-3631.jpg
nc4k,5591.jpg,900x675,3,53.306,tgt,COD10K-CAM-3-Flying-59-Grasshopper-3631.jpg
nc4k,5642.jpg,900x675,3,51.639,tgt,COD10K-CAM-2-Terrestrial-45-Spider-2513.jpg
nc4k,5684.jpg,900x675,3,62.179,tgt,COD10K-CAM-2-Terrestrial-45-Spider-2513.jpg
nc4k,5695.jpg,900x675,3,69.269,tgt,COD10K-CAM-2-Terrestrial-24-Caterpillar-1627.jpg
nc4k,5708.jpg,900x675,3,55.483,tgt,COD10K-CAM-3-Flying-59-Grasshopper-3631.jpg
nc4k,5973.jpg,900x675,3,62.114,tgt,COD10K-CAM-3-Flying-59-Grasshopper-3631.jpg
nc4k,706.jpg,900x675,3,64.764,tgt,COD10K-CAM-3-Flying-59-Grasshopper-3631.jpg
nc4k,1584.jpg,900x676,1,66.612,tgt,COD10K-CAM-2-Terrestrial-24-Caterpillar-1628.jpg
nc4k,2422.jpg,900x676,1,54.58,tgt,COD10K-CAM-2-Terrestrial-24-Caterpillar-1628.jpg
nc4k,3598.jpg,1024x706,2,52.138,tgt,COD10K-CAM-2-Terrestrial-26-Chameleon-1704.jpg
nc4k,4401.jpg,800x535,3,55.721,tgt,COD10K-CAM-3-Flying-64-Moth-4484.jpg
nc4k,4446.jpg,800x535,3,47.211,tgt,COD10K-CAM-3-Flying-53-Bird-3085.jpg
nc4k,544.jpg,800x535,3,55.806,tgt,COD10K-CAM-3-Flying-64-Moth-4484.jpg
nc4k,955.jpg,800x535,3,55.081,tgt,COD10K-CAM-3-Flying-53-Bird-3085.jpg
nc4k,814.jpg,800x536,4,57.154,tgt,camourflage_00629.jpg
nc4k,1235.jpg,800x534,4,64.461,tgt,COD10K-CAM-2-Terrestrial-38-Lizard-2121.jpg
nc4k,1247.jpg,800x534,4,44.374,tgt,COD10K-CAM-2-Terrestrial-29-Dog-1806.jpg
nc4k,1270.jpg,800x534,4,44.407,tgt,COD10K-CAM-3-Flying-59-Grasshopper-3724.jpg
nc4k,139.jpg,800x534,4,51.831,tgt,camourflage_00173.jpg
nc4k,1407.jpg,800x534,4,71.826,tgt,camourflage_00173.jpg
nc4k,1579.jpg,800x534,4,50.1,tgt,COD10K-CAM-2-Terrestrial-29-Dog-1806.jpg
nc4k,1580.jpg,800x534,4,51.382,tgt,COD10K-CAM-2-Terrestrial-29-Dog-1806.jpg
nc4k,164.jpg,800x534,4,66.456,tgt,COD10K-CAM-3-Flying-59-Grasshopper-3724.jpg
nc4k,2354.jpg,800x534,4,55.136,tgt,camourflage_00173.jpg
nc4k,2575.jpg,800x534,4,60.214,tgt,camourflage_00173.jpg
nc4k,3847.jpg,800x534,4,56.189,tgt,camourflage_00173.jpg
nc4k,4031.jpg,800x534,4,54.162,tgt,COD10K-CAM-3-Flying-59-Grasshopper-3724.jpg
nc4k,4124.jpg,800x534,4,52.322,tgt,COD10K-CAM-2-Terrestrial-29-Dog-1806.jpg
nc4k,4365.jpg,800x534,4,54.228,tgt,COD10K-CAM-2-Terrestrial-38-Lizard-2121.jpg
nc4k,4368.jpg,800x534,4,53.961,tgt,COD10K-CAM-2-Terrestrial-38-Lizard-2121.jpg
nc4k,4390.jpg,800x534,4,78.42,tgt,camourflage_00173.jpg
nc4k,4477.jpg,800x534,4,48.985,tgt,COD10K-CAM-2-Terrestrial-29-Dog-1806.jpg
nc4k,4887.jpg,800x534,4,57.26,tgt,COD10K-CAM-2-Terrestrial-38-Lizard-2121.jpg
nc4k,4907.jpg,800x534,4,54.454,tgt,COD10K-CAM-2-Terrestrial-38-Lizard-2121.jpg
nc4k,888.jpg,800x534,4,48.421,tgt,COD10K-CAM-3-Flying-59-Grasshopper-3724.jpg
nc4k,3094.jpg,500x332,3,76.262,tgt,COD10K-CAM-2-Terrestrial-29-Dog-1810.jpg
nc4k,3386.jpg,500x332,3,56.6,tgt,camourflage_00015.jpg
nc4k,3863.jpg,500x332,3,54.624,tgt,COD10K-CAM-2-Terrestrial-29-Dog-1810.jpg
nc4k,769.jpg,1024x748,2,76.212,tgt,COD10K-CAM-2-Terrestrial-29-Dog-1833.jpg
nc4k,1315.jpg,900x598,1,51.877,tgt,COD10K-CAM-2-Terrestrial-29-Dog-1858.jpg
nc4k,2320.jpg,900x598,1,59.671,tgt,COD10K-CAM-2-Terrestrial-29-Dog-1858.jpg
nc4k,3704.jpg,900x598,1,73.175,tgt,COD10K-CAM-2-Terrestrial-29-Dog-1858.jpg
nc4k,534.jpg,900x598,1,91.874,tgt,COD10K-CAM-2-Terrestrial-29-Dog-1858.jpg
nc4k,55.jpg,900x598,1,70.377,tgt,COD10K-CAM-2-Terrestrial-29-Dog-1858.jpg
nc4k,5555.jpg,900x598,1,69.663,tgt,COD10K-CAM-2-Terrestrial-29-Dog-1858.jpg
nc4k,901.jpg,900x598,1,61.002,tgt,COD10K-CAM-2-Terrestrial-29-Dog-1858.jpg
nc4k,1102.jpg,500x333,10,44.126,tgt,COD10K-CAM-3-Flying-51-Bee-2989.jpg
nc4k,1289.jpg,500x333,10,47.856,tgt,COD10K-CAM-3-Flying-51-Bee-2989.jpg
nc4k,1524.jpg,500x333,10,45.265,tgt,COD10K-CAM-2-Terrestrial-45-Spider-2558.jpg
nc4k,1704.jpg,500x333,10,37.47,tgt,COD10K-CAM-2-Terrestrial-38-Lizard-2191.jpg
nc4k,2180.jpg,500x333,10,43.12,tgt,COD10K-CAM-2-Terrestrial-45-Spider-2558.jpg
nc4k,2564.jpg,500x333,10,61.317,tgt,COD10K-CAM-2-Terrestrial-30-Duck-1865.jpg
nc4k,2924.jpg,500x333,10,56.852,tgt,COD10K-CAM-2-Terrestrial-38-Lizard-2191.jpg
nc4k,2939.jpg,500x333,10,48.095,tgt,COD10K-CAM-3-Flying-51-Bee-2989.jpg
nc4k,3162.jpg,500x333,10,63.722,tgt,COD10K-CAM-2-Terrestrial-45-Spider-2558.jpg
nc4k,3494.jpg,500x333,10,53.17,tgt,COD10K-CAM-4-Amphibian-67-Frog-4722.jpg
nc4k,3594.jpg,500x333,10,76.863,tgt,COD10K-CAM-2-Terrestrial-45-Spider-2558.jpg
nc4k,3822.jpg,500x333,10,66.703,tgt,COD10K-CAM-3-Flying-51-Bee-2989.jpg
nc4k,3964.jpg,500x333,10,66.192,tgt,camourflage_00265.jpg
nc4k,4398.jpg,500x333,10,50.071,tgt,COD10K-CAM-3-Flying-51-Bee-2989.jpg
nc4k,4399.jpg,500x333,10,39.443,tgt,COD10K-CAM-3-Flying-51-Bee-2989.jpg
nc4k,4780.jpg,500x333,10,40.301,tgt,COD10K-CAM-2-Terrestrial-45-Spider-2558.jpg
nc4k,5120.jpg,500x333,10,49.097,tgt,COD10K-CAM-3-Flying-51-Bee-2989.jpg
nc4k,5372.jpg,500x333,10,55.715,tgt,COD10K-CAM-2-Terrestrial-30-Duck-1865.jpg
nc4k,5941.jpg,500x333,10,53.338,tgt,COD10K-CAM-3-Flying-51-Bee-2989.jpg
nc4k,5966.jpg,500x333,10,50.25,tgt,COD10K-CAM-3-Flying-51-Bee-2989.jpg
nc4k,1705.jpg,880x587,2,58.806,tgt,COD10K-CAM-2-Terrestrial-31-Gecko-1887.jpg
nc4k,1714.jpg,880x587,2,61.11,tgt,camourflage_00106.jpg
nc4k,1724.jpg,880x587,2,71.628,tgt,camourflage_00106.jpg
nc4k,2111.jpg,880x587,2,59.889,tgt,COD10K-CAM-2-Terrestrial-31-Gecko-1887.jpg
nc4k,2317.jpg,880x587,2,57.075,tgt,COD10K-CAM-2-Terrestrial-31-Gecko-1887.jpg
nc4k,2342.jpg,880x587,2,56.535,tgt,COD10K-CAM-2-Terrestrial-31-Gecko-1887.jpg
nc4k,2398.jpg,880x587,2,57.89,tgt,COD10K-CAM-2-Terrestrial-31-Gecko-1887.jpg
nc4k,2412.jpg,880x587,2,58.817,tgt,COD10K-CAM-2-Terrestrial-31-Gecko-1887.jpg
nc4k,5671.jpg,880x587,2,75.539,tgt,camourflage_00106.jpg
nc4k,4369.jpg,1024x630,4,53.34,tgt,COD10K-CAM-3-Flying-56-Cicada-3546.jpg
nc4k,1081.jpg,640x640,10,55.732,tgt,camourflage_00978.jpg
nc4k,1860.jpg,640x640,10,57.563,tgt,COD10K-CAM-3-Flying-55-Butterfly-3402.jpg
nc4k,1889.jpg,640x640,10,59.582,tgt,COD10K-CAM-3-Flying-55-Butterfly-3402.jpg
nc4k,1959.jpg,640x640,10,63.906,tgt,COD10K-CAM-3-Flying-55-Butterfly-3402.jpg
nc4k,1976.jpg,640x640,10,55.234,tgt,COD10K-CAM-3-Flying-59-Grasshopper-3793.jpg
nc4k,2017.jpg,640x640,10,60.908,tgt,camourflage_00978.jpg
nc4k,2028.jpg,640x640,10,60.944,tgt,camourflage_00978.jpg
nc4k,2054.jpg,640x640,10,66.846,tgt,camourflage_00978.jpg
nc4k,2065.jpg,640x640,10,64.268,tgt,COD10K-CAM-3-Flying-59-Grasshopper-3793.jpg
nc4k,2067.jpg,640x640,10,65.054,tgt,COD10K-CAM-3-Flying-59-Grasshopper-3793.jpg
nc4k,2069.jpg,640x640,10,34.117,tgt,COD10K-CAM-3-Flying-59-Grasshopper-3793.jpg
nc4k,2077.jpg,640x640,10,64.749,tgt,COD10K-CAM-3-Flying-59-Grasshopper-3793.jpg
nc4k,2334.jpg,640x640,10,33.979,tgt,COD10K-CAM-3-Flying-59-Grasshopper-3793.jpg
nc4k,2530.jpg,640x640,10,72.327,tgt,COD10K-CAM-3-Flying-55-Butterfly-3402.jpg
nc4k,3159.jpg,640x640,10,44.729,tgt,COD10K-CAM-3-Flying-59-Grasshopper-3793.jpg
nc4k,3361.jpg,640x640,10,55.944,tgt,COD10K-CAM-3-Flying-55-Butterfly-3402.jpg
nc4k,3411.jpg,640x640,10,54.09,tgt,COD10K-CAM-3-Flying-55-Butterfly-3402.jpg
nc4k,3495.jpg,640x640,10,64.87,tgt,camourflage_00978.jpg
nc4k,3925.jpg,640x640,10,50.923,tgt,COD10K-CAM-3-Flying-59-Grasshopper-3793.jpg
nc4k,4051.jpg,640x640,10,69.829,tgt,COD10K-CAM-3-Flying-59-Grasshopper-3793.jpg
nc4k,4056.jpg,640x640,10,42.438,tgt,COD10K-CAM-3-Flying-55-Butterfly-3402.jpg
nc4k,4257.jpg,640x640,10,57.709,tgt,COD10K-CAM-3-Flying-59-Grasshopper-3793.jpg
nc4k,5798.jpg,640x640,10,47.981,tgt,COD10K-CAM-3-Flying-59-Grasshopper-3793.jpg
nc4k,604.jpg,640x640,10,42.519,tgt,COD10K-CAM-3-Flying-55-Butterfly-3402.jpg
nc4k,617.jpg,640x640,10,61.824,tgt,COD10K-CAM-3-Flying-53-Bird-3106.jpg
nc4k,619.jpg,640x640,10,50.579,tgt,COD10K-CAM-3-Flying-59-Grasshopper-3793.jpg
nc4k,628.jpg,640x640,10,50.104,tgt,camourflage_00978.jpg
nc4k,655.jpg,640x640,10,72.688,tgt,COD10K-CAM-3-Flying-55-Butterfly-3402.jpg
nc4k,758.jpg,640x640,10,65.584,tgt,COD10K-CAM-3-Flying-55-Butterfly-3402.jpg
nc4k,846.jpg,640x640,10,55.822,tgt,COD10K-CAM-3-Flying-59-Grasshopper-3793.jpg
nc4k,932.jpg,640x640,10,50.847,tgt,COD10K-CAM-3-Flying-59-Grasshopper-3793.jpg
nc4k,4141.jpg,700x700,1,89.942,tgt,COD10K-CAM-2-Terrestrial-34-Human-2002.jpg
nc4k,3780.jpg,450x600,1,70.148,tgt,COD10K-CAM-2-Terrestrial-34-Human-2003.jpg
nc4k,4100.jpg,450x600,1,76.29,tgt,COD10K-CAM-2-Terrestrial-34-Human-2003.jpg
nc4k,4568.jpg,450x600,1,61.976,tgt,COD10K-CAM-2-Terrestrial-34-Human-2003.jpg
nc4k,1623.jpg,700x452,2,44.963,tgt,COD10K-CAM-2-Terrestrial-34-Human-2005.jpg
nc4k,4187.jpg,479x720,1,52.599,tgt,COD10K-CAM-2-Terrestrial-34-Human-2019.jpg
nc4k,1373.jpg,500x750,5,57.705,tgt,camourflage_00017.jpg
nc4k,1713.jpg,500x750,5,59.613,tgt,camourflage_00017.jpg
nc4k,1755.jpg,500x750,5,71.928,tgt,camourflage_00017.jpg
nc4k,2720.jpg,500x750,5,52.985,tgt,COD10K-CAM-2-Terrestrial-34-Human-2029.jpg
nc4k,3617.jpg,500x750,5,72.495,tgt,camourflage_01108.jpg
nc4k,4138.jpg,500x750,5,56.583,tgt,camourflage_00017.jpg
nc4k,759.jpg,500x750,5,64.278,tgt,camourflage_00017.jpg
nc4k,4339.jpg,1050x700,1,87.872,tgt,COD10K-CAM-2-Terrestrial-34-Human-2036.jpg
nc4k,5773.jpg,900x476,1,75.17,tgt,COD10K-CAM-2-Terrestrial-36-Leopard-2057.jpg
nc4k,2811.jpg,800x560,1,76.426,tgt,COD10K-CAM-2-Terrestrial-36-Leopard-2060.jpg
nc4k,3916.jpg,1024x672,3,62.036,tgt,COD10K-CAM-2-Terrestrial-45-Spider-2539.jpg
nc4k,2063.jpg,499x333,1,67.09,tgt,COD10K-CAM-2-Terrestrial-37-Lion-2111.jpg
nc4k,2383.jpg,499x333,1,53.921,tgt,COD10K-CAM-2-Terrestrial-37-Lion-2111.jpg
nc4k,3637.jpg,499x333,1,69.95,tgt,COD10K-CAM-2-Terrestrial-37-Lion-2111.jpg
nc4k,4520.jpg,499x333,1,82.868,tgt,COD10K-CAM-2-Terrestrial-37-Lion-2111.jpg
nc4k,5698.jpg,800x570,1,83.987,tgt,COD10K-CAM-2-Terrestrial-37-Lion-2115.jpg
nc4k,3739.jpg,1024x642,3,60.129,tgt,COD10K-CAM-2-Terrestrial-38-Lizard-2120.jpg
nc4k,464.jpg,1024x642,3,57.943,tgt,COD10K-CAM-2-Terrestrial-38-Lizard-2120.jpg
nc4k,2258.jpg,1024x741,1,76.464,tgt,COD10K-CAM-2-Terrestrial-38-Lizard-2147.jpg
nc4k,4370.jpg,1024x741,1,77.637,tgt,COD10K-CAM-2-Terrestrial-38-Lizard-2147.jpg
nc4k,1094.jpg,720x720,2,78.243,tgt,COD10K-CAM-2-Terrestrial-45-Spider-2541.jpg
nc4k,1764.jpg,720x720,2,73.217,tgt,COD10K-CAM-2-Terrestrial-38-Lizard-2169.jpg
nc4k,1810.jpg,720x720,2,57.653,tgt,COD10K-CAM-2-Terrestrial-38-Lizard-2169.jpg
nc4k,1303.jpg,527x350,1,68.481,tgt,COD10K-CAM-2-Terrestrial-38-Lizard-2222.jpg
nc4k,1669.jpg,1024x512,2,57.073,tgt,COD10K-CAM-2-Terrestrial-38-Lizard-2253.jpg
nc4k,2591.jpg,1024x512,2,52.662,tgt,COD10K-CAM-3-Flying-54-Bittern-3280.jpg
nc4k,2786.jpg,1024x512,2,49.272,tgt,COD10K-CAM-3-Flying-54-Bittern-3280.jpg
nc4k,2872.jpg,1024x512,2,53.693,tgt,COD10K-CAM-3-Flying-54-Bittern-3280.jpg
nc4k,3055.jpg,1024x512,2,50.378,tgt,COD10K-CAM-3-Flying-54-Bittern-3280.jpg
nc4k,3213.jpg,1024x512,2,51.263,tgt,COD10K-CAM-3-Flying-54-Bittern-3280.jpg
nc4k,44.jpg,1024x512,2,55.011,tgt,COD10K-CAM-3-Flying-54-Bittern-3280.jpg
nc4k,5333.jpg,900x601,1,88.87,tgt,COD10K-CAM-2-Terrestrial-44-Snake-2425.jpg
nc4k,5627.jpg,1023x700,1,70.754,tgt,COD10K-CAM-2-Terrestrial-44-Snake-2433.jpg
nc4k,1433.jpg,600x399,3,46.88,tgt,camourflage_00190.jpg
nc4k,1446.jpg,600x399,3,65.042,tgt,camourflage_00916.jpg
nc4k,320.jpg,600x399,3,63.922,tgt,camourflage_00190.jpg
nc4k,3768.jpg,600x399,3,60.294,tgt,camourflage_00190.jpg
nc4k,3165.jpg,1024x707,2,70.151,tgt,COD10K-CAM-3-Flying-65-Owl-4652.jpg
nc4k,513.jpg,1024x707,2,61.455,tgt,COD10K-CAM-3-Flying-65-Owl-4652.jpg
nc4k,5119.jpg,1024x698,4,69.501,tgt,COD10K-CAM-3-Flying-53-Bird-3070.jpg
nc4k,5632.jpg,550x366,1,89.027,tgt,COD10K-CAM-2-Terrestrial-45-Spider-2493.jpg
nc4k,2329.jpg,780x520,1,58.557,tgt,COD10K-CAM-2-Terrestrial-45-Spider-2495.jpg
nc4k,762.jpg,780x520,1,64.429,tgt,COD10K-CAM-2-Terrestrial-45-Spider-2495.jpg
nc4k,1322.jpg,1024x699,2,60.601,tgt,COD10K-CAM-2-Terrestrial-45-Spider-2505.jpg
nc4k,1953.jpg,1024x677,2,52.752,tgt,COD10K-CAM-2-Terrestrial-45-Spider-2525.jpg
nc4k,3625.jpg,499x332,1,41.195,tgt,COD10K-CAM-2-Terrestrial-45-Spider-2543.jpg
nc4k,4375.jpg,1024x617,2,41.596,tgt,COD10K-CAM-2-Terrestrial-46-StickInsect-2838.jpg
nc4k,2866.jpg,1024x679,3,53.004,tgt,COD10K-CAM-3-Flying-55-Butterfly-3331.jpg
nc4k,1090.jpg,1000x670,1,70.534,tgt,COD10K-CAM-2-Terrestrial-45-Spider-2738.jpg
nc4k,2758.jpg,1000x670,1,59.754,tgt,COD10K-CAM-2-Terrestrial-45-Spider-2738.jpg
nc4k,5452.jpg,1000x670,1,69.426,tgt,COD10K-CAM-2-Terrestrial-45-Spider-2738.jpg
nc4k,5657.jpg,1000x670,1,68.029,tgt,COD10K-CAM-2-Terrestrial-45-Spider-2738.jpg
nc4k,1994.jpg,600x401,1,63.829,tgt,COD10K-CAM-2-Terrestrial-46-StickInsect-2821.jpg
nc4k,2199.jpg,600x401,1,48.75,tgt,COD10K-CAM-2-Terrestrial-46-StickInsect-2821.jpg
nc4k,2411.jpg,600x401,1,57.789,tgt,COD10K-CAM-2-Terrestrial-46-StickInsect-2821.jpg
nc4k,3085.jpg,600x401,1,60.541,tgt,COD10K-CAM-2-Terrestrial-46-StickInsect-2821.jpg
nc4k,3553.jpg,600x401,1,76.111,tgt,COD10K-CAM-2-Terrestrial-46-StickInsect-2821.jpg
nc4k,3676.jpg,600x401,1,97.633,tgt,COD10K-CAM-2-Terrestrial-46-StickInsect-2821.jpg
nc4k,5400.jpg,600x401,1,68.088,tgt,COD10K-CAM-2-Terrestrial-46-StickInsect-2821.jpg
nc4k,648.jpg,600x401,1,122.621,tgt,COD10K-CAM-2-Terrestrial-46-StickInsect-2821.jpg
nc4k,3908.jpg,480x480,1,67.176,tgt,COD10K-CAM-2-Terrestrial-46-StickInsect-2823.jpg
nc4k,4670.jpg,480x480,1,72.709,tgt,COD10K-CAM-2-Terrestrial-46-StickInsect-2823.jpg
nc4k,3154.jpg,680x1024,5,61.625,tgt,COD10K-CAM-3-Flying-61-Katydid-4005.jpg
nc4k,3800.jpg,680x1024,5,57.571,tgt,COD10K-CAM-3-Flying-59-Grasshopper-3646.jpg
nc4k,1473.jpg,1000x666,1,82.728,tgt,COD10K-CAM-3-Flying-51-Bee-2996.jpg
nc4k,2598.jpg,1000x666,1,86.141,tgt,COD10K-CAM-3-Flying-51-Bee-2996.jpg
nc4k,3305.jpg,1000x666,1,95.112,tgt,COD10K-CAM-3-Flying-51-Bee-2996.jpg
nc4k,3692.jpg,1000x666,1,74.627,tgt,COD10K-CAM-3-Flying-51-Bee-2996.jpg
nc4k,5416.jpg,1000x666,1,85.05,tgt,COD10K-CAM-3-Flying-51-Bee-2996.jpg
nc4k,709.jpg,1000x666,1,70.794,tgt,COD10K-CAM-3-Flying-51-Bee-2996.jpg
nc4k,3371.jpg,1024x530,1,64.488,tgt,COD10K-CAM-3-Flying-52-Beetle-3008.jpg
nc4k,1643.jpg,800x800,1,92.384,tgt,COD10K-CAM-3-Flying-53-Bird-3071.jpg
nc4k,2555.jpg,800x800,1,82.011,tgt,COD10K-CAM-3-Flying-53-Bird-3071.jpg
nc4k,2858.jpg,800x800,1,95.329,tgt,COD10K-CAM-3-Flying-53-Bird-3071.jpg
nc4k,3827.jpg,800x800,1,86.512,tgt,COD10K-CAM-3-Flying-53-Bird-3071.jpg
nc4k,4085.jpg,800x800,1,85.279,tgt,COD10K-CAM-3-Flying-53-Bird-3071.jpg
nc4k,483.jpg,800x800,1,83.907,tgt,COD10K-CAM-3-Flying-53-Bird-3071.jpg
nc4k,3588.jpg,1024x742,1,75.419,tgt,COD10K-CAM-3-Flying-53-Bird-3117.jpg
nc4k,1042.jpg,900x596,1,69.994,tgt,COD10K-CAM-3-Flying-53-Bird-3244.jpg
nc4k,3671.jpg,900x596,1,61.571,tgt,COD10K-CAM-3-Flying-53-Bird-3244.jpg
nc4k,4135.jpg,900x596,1,66.971,tgt,COD10K-CAM-3-Flying-53-Bird-3244.jpg
nc4k,5624.jpg,900x596,1,59.911,tgt,COD10K-CAM-3-Flying-53-Bird-3244.jpg
nc4k,5663.jpg,900x596,1,57.368,tgt,COD10K-CAM-3-Flying-53-Bird-3244.jpg
nc4k,1506.jpg,900x568,1,89.421,tgt,COD10K-CAM-3-Flying-53-Bird-3249.jpg
nc4k,2458.jpg,1000x664,2,66.004,tgt,COD10K-CAM-3-Flying-54-Bittern-3251.jpg
nc4k,2649.jpg,1000x664,2,68.714,tgt,COD10K-CAM-3-Flying-54-Bittern-3251.jpg
nc4k,3225.jpg,1000x664,2,67.105,tgt,COD10K-CAM-3-Flying-54-Bittern-3251.jpg
nc4k,3310.jpg,1000x664,2,65.704,tgt,COD10K-CAM-3-Flying-54-Bittern-3251.jpg
nc4k,3401.jpg,1000x664,2,58.59,tgt,camourflage_00993.jpg
nc4k,3412.jpg,1000x664,2,69.959,tgt,camourflage_00993.jpg
nc4k,3466.jpg,1000x664,2,57.609,tgt,camourflage_00993.jpg
nc4k,4054.jpg,1000x664,2,63.397,tgt,camourflage_00993.jpg
nc4k,4137.jpg,1000x664,2,77.903,tgt,camourflage_00993.jpg
nc4k,5752.jpg,1000x664,2,70.735,tgt,COD10K-CAM-3-Flying-54-Bittern-3251.jpg
nc4k,2646.jpg,1023x645,1,69.53,tgt,COD10K-CAM-3-Flying-55-Butterfly-3307.jpg
nc4k,1009.jpg,600x400,3,51.362,tgt,camourflage_00360.jpg
nc4k,1071.jpg,600x400,3,53.431,tgt,COD10K-CAM-3-Flying-55-Butterfly-3353.jpg
nc4k,1123.jpg,600x400,3,41.611,tgt,COD10K-CAM-3-Flying-55-Butterfly-3353.jpg
nc4k,1167.jpg,600x400,3,43.534,tgt,COD10K-CAM-3-Flying-55-Butterfly-3353.jpg
nc4k,1256.jpg,600x400,3,57.283,tgt,COD10K-CAM-3-Flying-55-Butterfly-3353.jpg
nc4k,1299.jpg,600x400,3,58.126,tgt,COD10K-CAM-3-Flying-55-Butterfly-3353.jpg
nc4k,1462.jpg,600x400,3,58.06,tgt,camourflage_00360.jpg
nc4k,1644.jpg,600x400,3,47.921,tgt,camourflage_00306.jpg
nc4k,1648.jpg,600x400,3,53.692,tgt,COD10K-CAM-3-Flying-55-Butterfly-3353.jpg
nc4k,1721.jpg,600x400,3,50.4,tgt,camourflage_00306.jpg
nc4k,1963.jpg,600x400,3,66.945,tgt,camourflage_00360.jpg
nc4k,1981.jpg,600x400,3,54.468,tgt,COD10K-CAM-3-Flying-55-Butterfly-3353.jpg
nc4k,1990.jpg,600x400,3,56.179,tgt,COD10K-CAM-3-Flying-55-Butterfly-3353.jpg
nc4k,2086.jpg,600x400,3,72.186,tgt,camourflage_00306.jpg
nc4k,2127.jpg,600x400,3,52.005,tgt,camourflage_00306.jpg
nc4k,2164.jpg,600x400,3,71.475,tgt,camourflage_00360.jpg
nc4k,2300.jpg,600x400,3,48.587,tgt,camourflage_00306.jpg
nc4k,2353.jpg,600x400,3,58.214,tgt,camourflage_00306.jpg
nc4k,2403.jpg,600x400,3,44.569,tgt,COD10K-CAM-3-Flying-55-Butterfly-3353.jpg
nc4k,251.jpg,600x400,3,42.392,tgt,COD10K-CAM-3-Flying-55-Butterfly-3353.jpg
nc4k,2691.jpg,600x400,3,55.087,tgt,COD10K-CAM-3-Flying-55-Butterfly-3353.jpg
nc4k,2841.jpg,600x400,3,62.625,tgt,COD10K-CAM-3-Flying-55-Butterfly-3353.jpg
nc4k,2889.jpg,600x400,3,65.868,tgt,camourflage_00306.jpg
nc4k,3233.jpg,600x400,3,45.347,tgt,camourflage_00306.jpg
nc4k,3264.jpg,600x400,3,52.671,tgt,camourflage_00306.jpg
nc4k,330.jpg,600x400,3,49.524,tgt,COD10K-CAM-3-Flying-55-Butterfly-3353.jpg
nc4k,3520.jpg,600x400,3,88.924,tgt,camourflage_00360.jpg
nc4k,3608.jpg,600x400,3,47.481,tgt,COD10K-CAM-3-Flying-55-Butterfly-3353.jpg
nc4k,3643.jpg,600x400,3,56.18,tgt,camourflage_00360.jpg
nc4k,3660.jpg,600x400,3,56.738,tgt,COD10K-CAM-3-Flying-55-Butterfly-3353.jpg
nc4k,3663.jpg,600x400,3,43.253,tgt,camourflage_00306.jpg
nc4k,3868.jpg,600x400,3,45.433,tgt,COD10K-CAM-3-Flying-55-Butterfly-3353.jpg
nc4k,3881.jpg,600x400,3,60.689,tgt,COD10K-CAM-3-Flying-55-Butterfly-3353.jpg
nc4k,395.jpg,600x400,3,64.634,tgt,camourflage_00306.jpg
nc4k,4437.jpg,600x400,3,62.497,tgt,COD10K-CAM-3-Flying-55-Butterfly-3353.jpg
nc4k,4493.jpg,600x400,3,55.01,tgt,camourflage_00306.jpg
nc4k,4580.jpg,600x400,3,64.128,tgt,camourflage_00306.jpg
nc4k,475.jpg,600x400,3,53.314,tgt,camourflage_00360.jpg
nc4k,4861.jpg,600x400,3,55.547,tgt,camourflage_00360.jpg
nc4k,5042.jpg,600x400,3,58.056,tgt,camourflage_00306.jpg
nc4k,5134.jpg,600x400,3,52.411,tgt,camourflage_00360.jpg
nc4k,5191.jpg,600x400,3,49.14,tgt,camourflage_00306.jpg
nc4k,5403.jpg,600x400,3,53.431,tgt,COD10K-CAM-3-Flying-55-Butterfly-3353.jpg
nc4k,5509.jpg,600x400,3,53.434,tgt,COD10K-CAM-3-Flying-55-Butterfly-3353.jpg
nc4k,5511.jpg,600x400,3,61.301,tgt,camourflage_00360.jpg
nc4k,5641.jpg,600x400,3,62.143,tgt,COD10K-CAM-3-Flying-55-Butterfly-3353.jpg
nc4k,5875.jpg,600x400,3,44.763,tgt,COD10K-CAM-3-Flying-55-Butterfly-3353.jpg
nc4k,5958.jpg,600x400,3,52.6,tgt,camourflage_00306.jpg
nc4k,734.jpg,600x400,3,60.749,tgt,camourflage_00360.jpg
nc4k,839.jpg,600x400,3,44.799,tgt,COD10K-CAM-3-Flying-55-Butterfly-3353.jpg
nc4k,869.jpg,600x400,3,63.687,tgt,camourflage_00360.jpg
nc4k,936.jpg,600x400,3,51.455,tgt,COD10K-CAM-3-Flying-55-Butterfly-3353.jpg
nc4k,966.jpg,600x400,3,62.281,tgt,camourflage_00360.jpg
nc4k,2175.jpg,1024x750,2,58.063,tgt,COD10K-CAM-4-Amphibian-68-Toad-4810.jpg
nc4k,4114.jpg,800x571,1,71.028,tgt,COD10K-CAM-3-Flying-55-Butterfly-3387.jpg
nc4k,2273.jpg,333x499,1,72.044,tgt,COD10K-CAM-3-Flying-56-Cicada-3456.jpg
nc4k,5751.jpg,333x499,1,83.185,tgt,COD10K-CAM-3-Flying-56-Cicada-3456.jpg
nc4k,3505.jpg,1023x653,2,65.855,tgt,COD10K-CAM-3-Flying-61-Katydid-4172.jpg
nc4k,3784.jpg,1024x669,1,70.37,tgt,COD10K-CAM-3-Flying-56-Cicada-3532.jpg
nc4k,3282.jpg,580x773,1,100.56,tgt,COD10K-CAM-3-Flying-59-Grasshopper-3617.jpg
nc4k,5483.jpg,681x1023,2,52.666,tgt,COD10K-CAM-3-Flying-61-Katydid-4175.jpg
nc4k,2948.jpg,1000x706,1,65.258,tgt,COD10K-CAM-3-Flying-62-Mantis-4291.jpg
nc4k,3095.jpg,800x601,1,81.299,tgt,COD10K-CAM-3-Flying-63-Mockingbird-4388.jpg
nc4k,4835.jpg,800x601,1,82.939,tgt,COD10K-CAM-3-Flying-63-Mockingbird-4388.jpg
nc4k,660.jpg,800x601,1,97.304,tgt,COD10K-CAM-3-Flying-63-Mockingbird-4388.jpg
nc4k,5816.jpg,1023x692,1,73.455,tgt,COD10K-CAM-3-Flying-64-Moth-4490.jpg
nc4k,1526.jpg,800x548,1,65.702,tgt,COD10K-CAM-3-Flying-64-Moth-4504.jpg
nc4k,4376.jpg,800x548,1,67.959,tgt,COD10K-CAM-3-Flying-64-Moth-4504.jpg
nc4k,4535.jpg,800x548,1,56.164,tgt,COD10K-CAM-3-Flying-64-Moth-4504.jpg
nc4k,4966.jpg,360x640,1,71.76,tgt,COD10K-CAM-3-Flying-65-Owl-4557.jpg
nc4k,4839.jpg,800x640,3,54.189,tgt,COD10K-CAM-3-Flying-65-Owl-4642.jpg
nc4k,3567.jpg,506x640,1,75.977,tgt,COD10K-CAM-3-Flying-65-Owl-4581.jpg
nc4k,3147.jpg,640x800,1,75.757,tgt,COD10K-CAM-3-Flying-65-Owl-4589.jpg
nc4k,5123.jpg,640x800,1,89.85,tgt,COD10K-CAM-3-Flying-65-Owl-4589.jpg
nc4k,531.jpg,640x800,1,86.69,tgt,COD10K-CAM-3-Flying-65-Owl-4589.jpg
nc4k,1817.jpg,640x960,1,70.491,tgt,COD10K-CAM-3-Flying-66-Owlfly-4667.jpg
nc4k,3276.jpg,640x960,1,57.448,tgt,COD10K-CAM-3-Flying-66-Owlfly-4667.jpg
nc4k,1050.jpg,880x660,2,53.4,tgt,COD10K-CAM-4-Amphibian-67-Frog-4680.jpg
nc4k,1719.jpg,533x800,1,85.001,tgt,COD10K-CAM-4-Amphibian-67-Frog-4753.jpg
nc4k,2230.jpg,533x800,1,75.729,tgt,COD10K-CAM-4-Amphibian-67-Frog-4753.jpg
nc4k,2348.jpg,533x800,1,83.634,tgt,COD10K-CAM-4-Amphibian-67-Frog-4753.jpg
nc4k,2821.jpg,533x800,1,96.739,tgt,COD10K-CAM-4-Amphibian-67-Frog-4753.jpg
nc4k,1201.jpg,620x413,2,63.096,tgt,camourflage_01178.jpg
nc4k,242.jpg,620x413,2,46.879,tgt,COD10K-CAM-4-Amphibian-68-Toad-4866.jpg
nc4k,3086.jpg,620x413,2,71.933,tgt,COD10K-CAM-4-Amphibian-68-Toad-4866.jpg
nc4k,5207.jpg,620x413,2,71.706,tgt,camourflage_01178.jpg
nc4k,795.jpg,620x413,2,65.729,tgt,COD10K-CAM-4-Amphibian-68-Toad-4866.jpg
nc4k,2188.jpg,1023x641,1,56.968,tgt,COD10K-CAM-4-Amphibian-68-Toad-4958.jpg
nc4k,1388.jpg,640x426,1,68.545,tgt,camourflage_00003.jpg
nc4k,1439.jpg,640x426,1,67.686,tgt,camourflage_00003.jpg
nc4k,1923.jpg,640x426,1,67.284,tgt,camourflage_00003.jpg
nc4k,295.jpg,640x426,1,109.875,tgt,camourflage_00003.jpg
nc4k,3231.jpg,640x426,1,76.277,tgt,camourflage_00003.jpg
nc4k,3265.jpg,640x426,1,68.192,tgt,camourflage_00003.jpg
nc4k,3534.jpg,640x426,1,63.029,tgt,camourflage_00003.jpg
nc4k,4180.jpg,640x426,1,55.993,tgt,camourflage_00003.jpg
nc4k,4421.jpg,640x426,1,66.156,tgt,camourflage_00003.jpg
nc4k,5050.jpg,640x426,1,78.47,tgt,camourflage_00003.jpg
nc4k,5520.jpg,640x426,1,59.385,tgt,camourflage_00003.jpg
nc4k,761.jpg,640x426,1,66.712,tgt,camourflage_00003.jpg
nc4k,1647.jpg,990x742,1,154.889,tgt,camourflage_00009.jpg
nc4k,1514.jpg,600x315,1,56.139,tgt,camourflage_00026.jpg
nc4k,3004.jpg,600x315,1,79.359,tgt,camourflage_00026.jpg
nc4k,4433.jpg,600x315,1,50.656,tgt,camourflage_00026.jpg
nc4k,1313.jpg,800x450,1,92.345,tgt,camourflage_00046.jpg
nc4k,1332.jpg,800x450,1,100.568,tgt,camourflage_00046.jpg
nc4k,1447.jpg,800x450,1,121.102,tgt,camourflage_00046.jpg
nc4k,1459.jpg,800x450,1,87.668,tgt,camourflage_00046.jpg
nc4k,1636.jpg,800x450,1,94.979,tgt,camourflage_00046.jpg
nc4k,1775.jpg,800x450,1,106.058,tgt,camourflage_00046.jpg
nc4k,2009.jpg,800x450,1,56.298,tgt,camourflage_00046.jpg
nc4k,2250.jpg,800x450,1,128.164,tgt,camourflage_00046.jpg
nc4k,4151.jpg,800x450,1,109.045,tgt,camourflage_00046.jpg
nc4k,4156.jpg,800x450,1,163.537,tgt,camourflage_00046.jpg
nc4k,4742.jpg,800x450,1,77.747,tgt,camourflage_00046.jpg
nc4k,4784.jpg,800x450,1,62.79,tgt,camourflage_00046.jpg
nc4k,4800.jpg,800x450,1,136.333,tgt,camourflage_00046.jpg
nc4k,4832.jpg,800x450,1,59.164,tgt,camourflage_00046.jpg
nc4k,5617.jpg,800x450,1,38.49,tgt,camourflage_00046.jpg
nc4k,59.jpg,800x450,1,93.63,tgt,camourflage_00046.jpg
nc4k,408.jpg,331x500,2,58.023,tgt,camourflage_00505.jpg
nc4k,149.jpg,550x413,5,59.443,tgt,camourflage_00511.jpg
nc4k,1512.jpg,550x413,5,51.631,tgt,camourflage_00049.jpg
nc4k,1657.jpg,550x413,5,70.802,tgt,camourflage_00369.jpg
nc4k,1928.jpg,550x413,5,51.092,tgt,camourflage_00511.jpg
nc4k,2843.jpg,550x413,5,58.33,tgt,camourflage_00878.jpg
nc4k,29.jpg,550x413,5,65.848,tgt,camourflage_00111.jpg
nc4k,383.jpg,550x413,5,52.375,tgt,camourflage_00511.jpg
nc4k,3933.jpg,550x413,5,62.898,tgt,camourflage_00511.jpg
nc4k,399.jpg,550x413,5,64.775,tgt,camourflage_00111.jpg
nc4k,4020.jpg,550x413,5,57.231,tgt,camourflage_00511.jpg
nc4k,4027.jpg,550x413,5,71.28,tgt,camourflage_00111.jpg
nc4k,5563.jpg,550x413,5,42.079,tgt,camourflage_00511.jpg
nc4k,5741.jpg,550x413,5,69.733,tgt,camourflage_00049.jpg
nc4k,889.jpg,550x413,5,61.739,tgt,camourflage_00511.jpg
nc4k,933.jpg,550x413,5,61.663,tgt,camourflage_00511.jpg
nc4k,3045.jpg,400x400,210,73.426,auth,5279.jpg
nc4k,3628.jpg,400x400,210,38.858,local,SOD_1836.jpg
nc4k,987.jpg,400x400,210,45.163,local,SOD_8246.jpg
nc4k,1154.jpg,500x500,3,41.939,tgt,camourflage_00506.jpg
nc4k,2130.jpg,500x500,3,68.726,tgt,camourflage_00506.jpg
nc4k,2263.jpg,500x500,3,58.719,tgt,camourflage_00506.jpg
nc4k,2337.jpg,500x500,3,56.381,tgt,camourflage_01146.jpg
nc4k,2358.jpg,500x500,3,52.472,tgt,camourflage_01146.jpg
nc4k,2380.jpg,500x500,3,58.54,tgt,camourflage_00506.jpg
nc4k,2960.jpg,500x500,3,74.564,tgt,camourflage_01146.jpg
nc4k,3640.jpg,500x500,3,66.084,tgt,camourflage_01146.jpg
nc4k,431.jpg,500x500,3,61.58,tgt,camourflage_01146.jpg
nc4k,4415.jpg,500x500,3,58.659,tgt,camourflage_00506.jpg
nc4k,4458.jpg,500x500,3,86.327,tgt,camourflage_01146.jpg
nc4k,4571.jpg,500x500,3,71.53,tgt,camourflage_01146.jpg
nc4k,5514.jpg,500x500,3,73.882,tgt,camourflage_00062.jpg
nc4k,5557.jpg,500x500,3,60.733,tgt,camourflage_01146.jpg
nc4k,614.jpg,500x500,3,64.985,tgt,camourflage_01146.jpg
nc4k,1033.jpg,450x299,1,52.384,tgt,camourflage_00069.jpg
nc4k,1261.jpg,450x299,1,74.378,tgt,camourflage_00069.jpg
nc4k,1334.jpg,450x299,1,66.427,tgt,camourflage_00069.jpg
nc4k,2052.jpg,450x299,1,94.829,tgt,camourflage_00069.jpg
nc4k,222.jpg,450x299,1,76.753,tgt,camourflage_00069.jpg
nc4k,3653.jpg,450x299,1,48.85,tgt,camourflage_00069.jpg
nc4k,3680.jpg,450x299,1,76.141,tgt,camourflage_00069.jpg
nc4k,3995.jpg,450x299,1,69.506,tgt,camourflage_00069.jpg
nc4k,4900.jpg,450x299,1,85.404,tgt,camourflage_00069.jpg
nc4k,5690.jpg,450x299,1,50.001,tgt,camourflage_00069.jpg
nc4k,1590.jpg,621x414,1,109.184,tgt,camourflage_00072.jpg
nc4k,4634.jpg,621x414,1,110.651,tgt,camourflage_00072.jpg
nc4k,173.jpg,400x301,140,57.678,local,SOD_4004.jpg
nc4k,101.jpg,400x300,2745,52.886,auth,5623.jpg
nc4k,1015.jpg,400x300,2745,45.947,local,SOD_0260.jpg
nc4k,1055.jpg,400x300,2745,53.299,local,SOD_0260.jpg
nc4k,1063.jpg,400x300,2745,52.259,raw,4562.png
nc4k,1190.jpg,400x300,2745,48.845,raw,4562.png
nc4k,1471.jpg,400x300,2745,57.192,local,SOD_5186.jpg
nc4k,1523.jpg,400x300,2745,48.644,local,SOD_0260.jpg
nc4k,210.jpg,400x300,2745,38.036,local,SOD_1455.jpg
nc4k,2573.jpg,400x300,2745,37.603,auth,3139.jpg
nc4k,2705.jpg,400x300,2745,49.452,local,SOD_8235.jpg
nc4k,2732.jpg,400x300,2745,35.921,raw,5748.png
nc4k,2767.jpg,400x300,2745,50.206,local,SOD_1838.jpg
nc4k,3341.jpg,400x300,2745,31.049,auth,6325.jpg
nc4k,3476.jpg,400x300,2745,47.396,raw,4285.png
nc4k,4346.jpg,400x300,2745,58.754,auth,1446.jpg
nc4k,4408.jpg,400x300,2745,53.606,local,SOD_0452.jpg
nc4k,4442.jpg,400x300,2745,40.204,local,SOD_1455.jpg
nc4k,5125.jpg,400x300,2745,44.51,auth,5186.jpg
nc4k,5325.jpg,400x300,2745,47.57,raw,5748.png
nc4k,5685.jpg,400x300,2745,48.514,raw,5571.png
nc4k,69.jpg,400x300,2745,48.904,raw,5748.png
nc4k,920.jpg,400x300,2745,46.402,auth,1804.jpg
nc4k,1700.jpg,640x406,1,73.064,tgt,camourflage_00089.jpg
nc4k,2624.jpg,838x559,1,69.477,tgt,camourflage_00095.jpg
nc4k,5549.jpg,838x559,1,75.291,tgt,camourflage_00095.jpg
nc4k,1720.jpg,500x700,1,72.941,tgt,camourflage_00117.jpg
nc4k,2721.jpg,500x700,1,119.882,tgt,camourflage_00117.jpg
nc4k,3182.jpg,500x700,1,102.553,tgt,camourflage_00117.jpg
nc4k,1972.jpg,600x600,2,69.833,tgt,camourflage_00127.jpg
nc4k,2377.jpg,600x600,2,65.747,tgt,camourflage_00127.jpg
nc4k,2908.jpg,600x600,2,83.159,tgt,camourflage_00127.jpg
nc4k,2910.jpg,600x600,2,55.353,tgt,camourflage_00127.jpg
nc4k,3650.jpg,600x600,2,57.467,tgt,camourflage_00127.jpg
nc4k,391.jpg,600x600,2,61.197,tgt,camourflage_00127.jpg
nc4k,4920.jpg,600x600,2,57.177,tgt,camourflage_00127.jpg
nc4k,1007.jpg,480x360,1,68.65,tgt,camourflage_00158.jpg
nc4k,1024.jpg,480x360,1,69.459,tgt,camourflage_00158.jpg
nc4k,1064.jpg,480x360,1,89.987,tgt,camourflage_00158.jpg
nc4k,1121.jpg,480x360,1,71.592,tgt,camourflage_00158.jpg
nc4k,1197.jpg,480x360,1,92.198,tgt,camourflage_00158.jpg
nc4k,1282.jpg,480x360,1,77.563,tgt,camourflage_00158.jpg
nc4k,1300.jpg,480x360,1,71.157,tgt,camourflage_00158.jpg
nc4k,1402.jpg,480x360,1,78.885,tgt,camourflage_00158.jpg
nc4k,1434.jpg,480x360,1,64.568,tgt,camourflage_00158.jpg
nc4k,144.jpg,480x360,1,58.732,tgt,camourflage_00158.jpg
nc4k,1457.jpg,480x360,1,92.278,tgt,camourflage_00158.jpg
nc4k,1544.jpg,480x360,1,67.915,tgt,camourflage_00158.jpg
nc4k,1602.jpg,480x360,1,78.904,tgt,camourflage_00158.jpg
nc4k,1658.jpg,480x360,1,89.976,tgt,camourflage_00158.jpg
nc4k,1726.jpg,480x360,1,64.343,tgt,camourflage_00158.jpg
nc4k,1767.jpg,480x360,1,59.752,tgt,camourflage_00158.jpg
nc4k,1819.jpg,480x360,1,63.38,tgt,camourflage_00158.jpg
nc4k,182.jpg,480x360,1,87.648,tgt,camourflage_00158.jpg
nc4k,1846.jpg,480x360,1,89.938,tgt,camourflage_00158.jpg
nc4k,1851.jpg,480x360,1,77.139,tgt,camourflage_00158.jpg
nc4k,1874.jpg,480x360,1,89.678,tgt,camourflage_00158.jpg
nc4k,1895.jpg,480x360,1,63.211,tgt,camourflage_00158.jpg
nc4k,1900.jpg,480x360,1,56.819,tgt,camourflage_00158.jpg
nc4k,1903.jpg,480x360,1,59.758,tgt,camourflage_00158.jpg
nc4k,1909.jpg,480x360,1,75.073,tgt,camourflage_00158.jpg
nc4k,2094.jpg,480x360,1,65.482,tgt,camourflage_00158.jpg
nc4k,2113.jpg,480x360,1,68.461,tgt,camourflage_00158.jpg
nc4k,2328.jpg,480x360,1,50.43,tgt,camourflage_00158.jpg
nc4k,2333.jpg,480x360,1,72.353,tgt,camourflage_00158.jpg
nc4k,2470.jpg,480x360,1,72.74,tgt,camourflage_00158.jpg
nc4k,2479.jpg,480x360,1,69.002,tgt,camourflage_00158.jpg
nc4k,2488.jpg,480x360,1,66.293,tgt,camourflage_00158.jpg
nc4k,2665.jpg,480x360,1,75.948,tgt,camourflage_00158.jpg
nc4k,2737.jpg,480x360,1,68.185,tgt,camourflage_00158.jpg
nc4k,2871.jpg,480x360,1,63.408,tgt,camourflage_00158.jpg
nc4k,2979.jpg,480x360,1,77.393,tgt,camourflage_00158.jpg
nc4k,3040.jpg,480x360,1,57.536,tgt,camourflage_00158.jpg
nc4k,3116.jpg,480x360,1,72.915,tgt,camourflage_00158.jpg
nc4k,3126.jpg,480x360,1,74.708,tgt,camourflage_00158.jpg
nc4k,3210.jpg,480x360,1,73.368,tgt,camourflage_00158.jpg
nc4k,3241.jpg,480x360,1,61.617,tgt,camourflage_00158.jpg
nc4k,3247.jpg,480x360,1,58.971,tgt,camourflage_00158.jpg
nc4k,3252.jpg,480x360,1,58.586,tgt,camourflage_00158.jpg
nc4k,3313.jpg,480x360,1,57.011,tgt,camourflage_00158.jpg
nc4k,3328.jpg,480x360,1,60.169,tgt,camourflage_00158.jpg
nc4k,3355.jpg,480x360,1,100.14,tgt,camourflage_00158.jpg
nc4k,34.jpg,480x360,1,60.018,tgt,camourflage_00158.jpg
nc4k,3435.jpg,480x360,1,77.19,tgt,camourflage_00158.jpg
nc4k,347.jpg,480x360,1,53.925,tgt,camourflage_00158.jpg
nc4k,35.jpg,480x360,1,62.212,tgt,camourflage_00158.jpg
nc4k,3551.jpg,480x360,1,65.089,tgt,camourflage_00158.jpg
nc4k,3590.jpg,480x360,1,73.707,tgt,camourflage_00158.jpg
nc4k,3733.jpg,480x360,1,71.034,tgt,camourflage_00158.jpg
nc4k,3787.jpg,480x360,1,62.51,tgt,camourflage_00158.jpg
nc4k,402.jpg,480x360,1,56.896,tgt,camourflage_00158.jpg
nc4k,404.jpg,480x360,1,52.047,tgt,camourflage_00158.jpg
nc4k,4459.jpg,480x360,1,90.984,tgt,camourflage_00158.jpg
nc4k,448.jpg,480x360,1,59.032,tgt,camourflage_00158.jpg
nc4k,4631.jpg,480x360,1,74.163,tgt,camourflage_00158.jpg
nc4k,4720.jpg,480x360,1,73.351,tgt,camourflage_00158.jpg
nc4k,4903.jpg,480x360,1,58.459,tgt,camourflage_00158.jpg
nc4k,505.jpg,480x360,1,79.59,tgt,camourflage_00158.jpg
nc4k,5128.jpg,480x360,1,67.271,tgt,camourflage_00158.jpg
nc4k,5164.jpg,480x360,1,49.658,tgt,camourflage_00158.jpg
nc4k,5275.jpg,480x360,1,68.66,tgt,camourflage_00158.jpg
nc4k,5289.jpg,480x360,1,69.82,tgt,camourflage_00158.jpg
nc4k,5351.jpg,480x360,1,74.521,tgt,camourflage_00158.jpg
nc4k,539.jpg,480x360,1,66.158,tgt,camourflage_00158.jpg
nc4k,5418.jpg,480x360,1,67.953,tgt,camourflage_00158.jpg
nc4k,5438.jpg,480x360,1,63.487,tgt,camourflage_00158.jpg
nc4k,5550.jpg,480x360,1,61.699,tgt,camourflage_00158.jpg
nc4k,5720.jpg,480x360,1,66.326,tgt,camourflage_00158.jpg
nc4k,583.jpg,480x360,1,76.852,tgt,camourflage_00158.jpg
nc4k,5839.jpg,480x360,1,60.191,tgt,camourflage_00158.jpg
nc4k,631.jpg,480x360,1,83.783,tgt,camourflage_00158.jpg
nc4k,748.jpg,480x360,1,60.24,tgt,camourflage_00158.jpg
nc4k,813.jpg,480x360,1,59.485,tgt,camourflage_00158.jpg
nc4k,822.jpg,480x360,1,66.652,tgt,camourflage_00158.jpg
nc4k,96.jpg,480x360,1,57.914,tgt,camourflage_00158.jpg
nc4k,97.jpg,480x360,1,78.24,tgt,camourflage_00158.jpg
nc4k,3103.jpg,820x545,1,85.424,tgt,camourflage_00168.jpg
nc4k,5198.jpg,820x545,1,69.557,tgt,camourflage_00168.jpg
nc4k,1311.jpg,720x960,1,75.359,tgt,camourflage_00180.jpg
nc4k,1398.jpg,720x960,1,96.654,tgt,camourflage_00180.jpg
nc4k,1600.jpg,720x960,1,77.05,tgt,camourflage_00180.jpg
nc4k,1616.jpg,720x960,1,82.801,tgt,camourflage_00180.jpg
nc4k,1779.jpg,720x960,1,63.25,tgt,camourflage_00180.jpg
nc4k,191.jpg,720x960,1,70.328,tgt,camourflage_00180.jpg
nc4k,2166.jpg,600x428,1,139.678,tgt,camourflage_00220.jpg
nc4k,2415.jpg,600x428,1,121.198,tgt,camourflage_00220.jpg
nc4k,1359.jpg,852x480,3,55.639,tgt,camourflage_00796.jpg
nc4k,1435.jpg,852x480,3,51.643,tgt,camourflage_00796.jpg
nc4k,1548.jpg,852x480,3,55.574,tgt,camourflage_00796.jpg
nc4k,2244.jpg,852x480,3,76.249,tgt,camourflage_00796.jpg
nc4k,2565.jpg,852x480,3,56.647,tgt,camourflage_00796.jpg
nc4k,2611.jpg,852x480,3,50.982,tgt,camourflage_00796.jpg
nc4k,2700.jpg,852x480,3,53.463,tgt,camourflage_00796.jpg
nc4k,30.jpg,852x480,3,45.978,tgt,camourflage_00796.jpg
nc4k,32.jpg,852x480,3,53.247,tgt,camourflage_00796.jpg
nc4k,338.jpg,852x480,3,43.024,tgt,camourflage_00796.jpg
nc4k,367.jpg,852x480,3,54.405,tgt,camourflage_00796.jpg
nc4k,3675.jpg,852x480,3,67.791,tgt,camourflage_00796.jpg
nc4k,4140.jpg,852x480,3,50.895,tgt,camourflage_00796.jpg
nc4k,4146.jpg,852x480,3,44.348,tgt,camourflage_00796.jpg
nc4k,4311.jpg,852x480,3,50.585,tgt,camourflage_00796.jpg
nc4k,4313.jpg,852x480,3,43.631,tgt,camourflage_00796.jpg
nc4k,5978.jpg,852x480,3,45.869,tgt,camourflage_00796.jpg
nc4k,1131.jpg,960x640,3,46.092,tgt,camourflage_00223.jpg
nc4k,1206.jpg,960x640,3,50.5,tgt,camourflage_00223.jpg
nc4k,1260.jpg,960x640,3,58.971,tgt,camourflage_00223.jpg
nc4k,1665.jpg,960x640,3,58.048,tgt,camourflage_00223.jpg
nc4k,1678.jpg,960x640,3,76.186,tgt,camourflage_00223.jpg
nc4k,2039.jpg,960x640,3,65.929,tgt,camourflage_00223.jpg
nc4k,2143.jpg,960x640,3,73.428,tgt,camourflage_00223.jpg
nc4k,2803.jpg,960x640,3,82.682,tgt,camourflage_00452.jpg
nc4k,2859.jpg,960x640,3,54.563,tgt,camourflage_00223.jpg
nc4k,327.jpg,960x640,3,57.965,tgt,camourflage_00223.jpg
nc4k,4431.jpg,960x640,3,60.79,tgt,camourflage_00223.jpg
nc4k,4908.jpg,960x640,3,69.792,tgt,camourflage_00590.jpg
nc4k,549.jpg,960x640,3,60.324,tgt,camourflage_00223.jpg
nc4k,5713.jpg,960x640,3,65.58,tgt,camourflage_00223.jpg
nc4k,5832.jpg,960x640,3,65.749,tgt,camourflage_00223.jpg
nc4k,690.jpg,960x640,3,60.533,tgt,camourflage_00223.jpg
nc4k,729.jpg,960x640,3,49.788,tgt,camourflage_00223.jpg
nc4k,1424.jpg,1024x711,1,87.879,tgt,camourflage_00240.jpg
nc4k,1516.jpg,1024x711,1,67.086,tgt,camourflage_00240.jpg
nc4k,5378.jpg,640x444,1,64.451,tgt,camourflage_00245.jpg
nc4k,1215.jpg,1000x600,1,109.085,tgt,camourflage_00297.jpg
nc4k,5222.jpg,1000x600,1,90.123,tgt,camourflage_00297.jpg
nc4k,1692.jpg,337x450,1,66.138,tgt,camourflage_00300.jpg
nc4k,4815.jpg,337x450,1,64.079,tgt,camourflage_00300.jpg
nc4k,1097.jpg,640x360,1,75.516,tgt,camourflage_00308.jpg
nc4k,1145.jpg,640x360,1,72.806,tgt,camourflage_00308.jpg
nc4k,1159.jpg,640x360,1,71.387,tgt,camourflage_00308.jpg
nc4k,1160.jpg,640x360,1,61.726,tgt,camourflage_00308.jpg
nc4k,1169.jpg,640x360,1,66.309,tgt,camourflage_00308.jpg
nc4k,1188.jpg,640x360,1,72.987,tgt,camourflage_00308.jpg
nc4k,1288.jpg,640x360,1,65.129,tgt,camourflage_00308.jpg
nc4k,1513.jpg,640x360,1,86.099,tgt,camourflage_00308.jpg
nc4k,1574.jpg,640x360,1,74.643,tgt,camourflage_00308.jpg
nc4k,1847.jpg,640x360,1,75.986,tgt,camourflage_00308.jpg
nc4k,1884.jpg,640x360,1,70.576,tgt,camourflage_00308.jpg
nc4k,1907.jpg,640x360,1,95.248,tgt,camourflage_00308.jpg
nc4k,1910.jpg,640x360,1,75.59,tgt,camourflage_00308.jpg
nc4k,1954.jpg,640x360,1,80.926,tgt,camourflage_00308.jpg
nc4k,1974.jpg,640x360,1,71.545,tgt,camourflage_00308.jpg
nc4k,2336.jpg,640x360,1,66.001,tgt,camourflage_00308.jpg
nc4k,2628.jpg,640x360,1,67.147,tgt,camourflage_00308.jpg
nc4k,2661.jpg,640x360,1,70.754,tgt,camourflage_00308.jpg
nc4k,2669.jpg,640x360,1,83.709,tgt,camourflage_00308.jpg
nc4k,2676.jpg,640x360,1,54.471,tgt,camourflage_00308.jpg
nc4k,2687.jpg,640x360,1,68.055,tgt,camourflage_00308.jpg
nc4k,2761.jpg,640x360,1,73.3,tgt,camourflage_00308.jpg
nc4k,3185.jpg,640x360,1,69.36,tgt,camourflage_00308.jpg
nc4k,3222.jpg,640x360,1,68.321,tgt,camourflage_00308.jpg
nc4k,3293.jpg,640x360,1,89.23,tgt,camourflage_00308.jpg
nc4k,3295.jpg,640x360,1,68.197,tgt,camourflage_00308.jpg
nc4k,3352.jpg,640x360,1,112.984,tgt,camourflage_00308.jpg
nc4k,3560.jpg,640x360,1,70.374,tgt,camourflage_00308.jpg
nc4k,3917.jpg,640x360,1,73.815,tgt,camourflage_00308.jpg
nc4k,3927.jpg,640x360,1,61.857,tgt,camourflage_00308.jpg
nc4k,393.jpg,640x360,1,81.844,tgt,camourflage_00308.jpg
nc4k,3935.jpg,640x360,1,71.592,tgt,camourflage_00308.jpg
nc4k,3958.jpg,640x360,1,76.695,tgt,camourflage_00308.jpg
nc4k,4055.jpg,640x360,1,83.16,tgt,camourflage_00308.jpg
nc4k,4105.jpg,640x360,1,79.632,tgt,camourflage_00308.jpg
nc4k,4109.jpg,640x360,1,76.996,tgt,camourflage_00308.jpg
nc4k,4383.jpg,640x360,1,60.69,tgt,camourflage_00308.jpg
nc4k,4481.jpg,640x360,1,76.769,tgt,camourflage_00308.jpg
nc4k,4696.jpg,640x360,1,67.401,tgt,camourflage_00308.jpg
nc4k,4713.jpg,640x360,1,65.441,tgt,camourflage_00308.jpg
nc4k,4717.jpg,640x360,1,71.114,tgt,camourflage_00308.jpg
nc4k,5382.jpg,640x360,1,47.855,tgt,camourflage_00308.jpg
nc4k,5410.jpg,640x360,1,67.138,tgt,camourflage_00308.jpg
nc4k,5508.jpg,640x360,1,69.869,tgt,camourflage_00308.jpg
nc4k,5535.jpg,640x360,1,62.659,tgt,camourflage_00308.jpg
nc4k,556.jpg,640x360,1,61.43,tgt,camourflage_00308.jpg
nc4k,5607.jpg,640x360,1,79.458,tgt,camourflage_00308.jpg
nc4k,5611.jpg,640x360,1,116.976,tgt,camourflage_00308.jpg
nc4k,5646.jpg,640x360,1,86.617,tgt,camourflage_00308.jpg
nc4k,5738.jpg,640x360,1,70.637,tgt,camourflage_00308.jpg
nc4k,696.jpg,640x360,1,72.767,tgt,camourflage_00308.jpg
nc4k,70.jpg,640x360,1,73.859,tgt,camourflage_00308.jpg
nc4k,72.jpg,640x360,1,80.038,tgt,camourflage_00308.jpg
nc4k,778.jpg,640x360,1,66.528,tgt,camourflage_00308.jpg
nc4k,876.jpg,640x360,1,61.802,tgt,camourflage_00308.jpg
nc4k,915.jpg,640x360,1,57.783,tgt,camourflage_00308.jpg
nc4k,2318.jpg,700x465,1,75.018,tgt,camourflage_00321.jpg
nc4k,2349.jpg,700x465,1,83.427,tgt,camourflage_00321.jpg
nc4k,2410.jpg,700x465,1,78.16,tgt,camourflage_00321.jpg
nc4k,3319.jpg,700x465,1,92.595,tgt,camourflage_00321.jpg
nc4k,3409.jpg,700x465,1,58.537,tgt,camourflage_00321.jpg
nc4k,3471.jpg,700x465,1,92.661,tgt,camourflage_00321.jpg
nc4k,3920.jpg,700x465,1,68.715,tgt,camourflage_00321.jpg
nc4k,3936.jpg,700x465,1,69.864,tgt,camourflage_00321.jpg
nc4k,3949.jpg,700x465,1,57.73,tgt,camourflage_00321.jpg
nc4k,4237.jpg,700x465,1,58.485,tgt,camourflage_00321.jpg
nc4k,4782.jpg,700x465,1,66.365,tgt,camourflage_00321.jpg
nc4k,5640.jpg,700x465,1,75.963,tgt,camourflage_00321.jpg
nc4k,773.jpg,700x465,1,60.965,tgt,camourflage_00321.jpg
nc4k,1250.jpg,900x599,1,78.522,tgt,camourflage_00335.jpg
nc4k,1278.jpg,900x599,1,69.817,tgt,camourflage_00335.jpg
nc4k,2084.jpg,900x599,1,75.368,tgt,camourflage_00335.jpg
nc4k,2211.jpg,900x599,1,56.326,tgt,camourflage_00335.jpg
nc4k,226.jpg,900x599,1,76.2,tgt,camourflage_00335.jpg
nc4k,3513.jpg,900x599,1,123.425,tgt,camourflage_00335.jpg
nc4k,3543.jpg,900x599,1,83.262,tgt,camourflage_00335.jpg
nc4k,4750.jpg,900x599,1,55.243,tgt,camourflage_00335.jpg
nc4k,5036.jpg,900x599,1,86.32,tgt,camourflage_00335.jpg
nc4k,5445.jpg,900x599,1,34.25,tgt,camourflage_00335.jpg
nc4k,5703.jpg,900x599,1,78.771,tgt,camourflage_00335.jpg
nc4k,842.jpg,900x599,1,73.929,tgt,camourflage_00335.jpg
nc4k,2296.jpg,534x800,1,80.259,tgt,camourflage_00343.jpg
nc4k,401.jpg,534x800,1,76.685,tgt,camourflage_00343.jpg
nc4k,5364.jpg,534x800,1,100.111,tgt,camourflage_00343.jpg
nc4k,692.jpg,534x800,1,72.623,tgt,camourflage_00343.jpg
nc4k,1120.jpg,300x450,1,75.169,tgt,camourflage_00368.jpg
nc4k,1687.jpg,300x450,1,83.643,tgt,camourflage_00368.jpg
nc4k,2014.jpg,300x450,1,93.969,tgt,camourflage_00368.jpg
nc4k,2019.jpg,300x450,1,78.245,tgt,camourflage_00368.jpg
nc4k,2068.jpg,300x450,1,82.96,tgt,camourflage_00368.jpg
nc4k,2194.jpg,300x450,1,70.889,tgt,camourflage_00368.jpg
nc4k,2196.jpg,300x450,1,80.414,tgt,camourflage_00368.jpg
nc4k,476.jpg,300x450,1,79.779,tgt,camourflage_00368.jpg
nc4k,5600.jpg,300x450,1,92.535,tgt,camourflage_00368.jpg
nc4k,5761.jpg,300x450,1,69.213,tgt,camourflage_00368.jpg
nc4k,637.jpg,300x450,1,75.062,tgt,camourflage_00368.jpg
nc4k,2035.jpg,728x546,1,79.298,tgt,camourflage_00376.jpg
nc4k,4608.jpg,728x546,1,73.768,tgt,camourflage_00376.jpg
nc4k,4857.jpg,728x546,1,72.578,tgt,camourflage_00376.jpg
nc4k,518.jpg,728x546,1,51.968,tgt,camourflage_00376.jpg
nc4k,5502.jpg,728x546,1,66.033,tgt,camourflage_00376.jpg
nc4k,83.jpg,728x546,1,79.118,tgt,camourflage_00376.jpg
nc4k,1086.jpg,960x720,1,73.287,tgt,camourflage_00387.jpg
nc4k,1347.jpg,960x720,1,64.779,tgt,camourflage_00387.jpg
nc4k,1663.jpg,960x720,1,62.461,tgt,camourflage_00387.jpg
nc4k,2588.jpg,960x720,1,63.08,tgt,camourflage_00387.jpg
nc4k,2730.jpg,960x720,1,78.901,tgt,camourflage_00387.jpg
nc4k,3073.jpg,960x720,1,66.353,tgt,camourflage_00387.jpg
nc4k,349.jpg,960x720,1,90.017,tgt,camourflage_00387.jpg
nc4k,3771.jpg,960x720,1,69.721,tgt,camourflage_00387.jpg
nc4k,3892.jpg,960x720,1,49.293,tgt,camourflage_00387.jpg
nc4k,4011.jpg,960x720,1,71.435,tgt,camourflage_00387.jpg
nc4k,4073.jpg,960x720,1,77.509,tgt,camourflage_00387.jpg
nc4k,4996.jpg,960x720,1,64.872,tgt,camourflage_00387.jpg
nc4k,552.jpg,960x720,1,63.096,tgt,camourflage_00387.jpg
nc4k,528.jpg,960x639,1,69.854,tgt,camourflage_00415.jpg
nc4k,1112.jpg,450x338,1,98.886,tgt,camourflage_00425.jpg
nc4k,2059.jpg,450x338,1,126.458,tgt,camourflage_00425.jpg
nc4k,2610.jpg,450x338,1,103.962,tgt,camourflage_00425.jpg
nc4k,2641.jpg,450x338,1,131.012,tgt,camourflage_00425.jpg
nc4k,4786.jpg,450x338,1,126.517,tgt,camourflage_00425.jpg
nc4k,4838.jpg,450x338,1,149.177,tgt,camourflage_00425.jpg
nc4k,4927.jpg,450x338,1,68.76,tgt,camourflage_00425.jpg
nc4k,2057.jpg,640x433,1,77.744,tgt,camourflage_00426.jpg
nc4k,1834.jpg,400x320,106,68.17,auth,6348.jpg
nc4k,2417.jpg,400x320,106,50.154,auth,6301.jpg
nc4k,2335.jpg,1000x662,1,62.2,tgt,camourflage_00569.jpg
nc4k,2008.jpg,300x400,299,60.822,auth,6058.jpg
nc4k,38.jpg,300x400,299,57.367,local,SOD_8060.jpg
nc4k,216.jpg,531x800,1,86.228,tgt,camourflage_00610.jpg
nc4k,5547.jpg,960x600,1,89.09,tgt,camourflage_00627.jpg
nc4k,196.jpg,408x612,1,61.157,tgt,camourflage_00632.jpg
nc4k,4298.jpg,408x612,1,76.991,tgt,camourflage_00632.jpg
nc4k,1736.jpg,800x498,1,77.392,tgt,camourflage_00634.jpg
nc4k,1781.jpg,800x498,1,88.972,tgt,camourflage_00634.jpg
nc4k,2902.jpg,800x498,1,81.09,tgt,camourflage_00634.jpg
nc4k,4792.jpg,800x498,1,109.308,tgt,camourflage_00634.jpg
nc4k,847.jpg,800x498,1,65.347,tgt,camourflage_00634.jpg
nc4k,855.jpg,800x498,1,70.366,tgt,camourflage_00634.jpg
nc4k,959.jpg,800x498,1,53.197,tgt,camourflage_00634.jpg
nc4k,4916.jpg,587x880,1,205.904,tgt,camourflage_00637.jpg
nc4k,1087.jpg,450x300,1,76.635,tgt,camourflage_00640.jpg
nc4k,1091.jpg,450x300,1,73.037,tgt,camourflage_00640.jpg
nc4k,1117.jpg,450x300,1,68.911,tgt,camourflage_00640.jpg
nc4k,1164.jpg,450x300,1,69.04,tgt,camourflage_00640.jpg
nc4k,1429.jpg,450x300,1,73.195,tgt,camourflage_00640.jpg
nc4k,1638.jpg,450x300,1,63.728,tgt,camourflage_00640.jpg
nc4k,1655.jpg,450x300,1,58.069,tgt,camourflage_00640.jpg
nc4k,1660.jpg,450x300,1,61.767,tgt,camourflage_00640.jpg
nc4k,1664.jpg,450x300,1,78.778,tgt,camourflage_00640.jpg
nc4k,1676.jpg,450x300,1,86.377,tgt,camourflage_00640.jpg
nc4k,1689.jpg,450x300,1,67.158,tgt,camourflage_00640.jpg
nc4k,1848.jpg,450x300,1,70.104,tgt,camourflage_00640.jpg
nc4k,2013.jpg,450x300,1,70.036,tgt,camourflage_00640.jpg
nc4k,2024.jpg,450x300,1,70.444,tgt,camourflage_00640.jpg
nc4k,2034.jpg,450x300,1,58.493,tgt,camourflage_00640.jpg
nc4k,2042.jpg,450x300,1,67.168,tgt,camourflage_00640.jpg
nc4k,2051.jpg,450x300,1,64.532,tgt,camourflage_00640.jpg
nc4k,2058.jpg,450x300,1,66.244,tgt,camourflage_00640.jpg
nc4k,2072.jpg,450x300,1,69.914,tgt,camourflage_00640.jpg
nc4k,2074.jpg,450x300,1,62.697,tgt,camourflage_00640.jpg
nc4k,2075.jpg,450x300,1,62.554,tgt,camourflage_00640.jpg
nc4k,2100.jpg,450x300,1,79.481,tgt,camourflage_00640.jpg
nc4k,2172.jpg,450x300,1,58.723,tgt,camourflage_00640.jpg
nc4k,2178.jpg,450x300,1,56.288,tgt,camourflage_00640.jpg
nc4k,2294.jpg,450x300,1,61.797,tgt,camourflage_00640.jpg
nc4k,2674.jpg,450x300,1,62.541,tgt,camourflage_00640.jpg
nc4k,346.jpg,450x300,1,64.06,tgt,camourflage_00640.jpg
nc4k,3586.jpg,450x300,1,62.689,tgt,camourflage_00640.jpg
nc4k,3649.jpg,450x300,1,82.676,tgt,camourflage_00640.jpg
nc4k,3652.jpg,450x300,1,87.428,tgt,camourflage_00640.jpg
nc4k,3773.jpg,450x300,1,62.125,tgt,camourflage_00640.jpg
nc4k,3918.jpg,450x300,1,86.498,tgt,camourflage_00640.jpg
nc4k,3968.jpg,450x300,1,69.041,tgt,camourflage_00640.jpg
nc4k,4381.jpg,450x300,1,81.243,tgt,camourflage_00640.jpg
nc4k,4516.jpg,450x300,1,105.895,tgt,camourflage_00640.jpg
nc4k,4522.jpg,450x300,1,88.199,tgt,camourflage_00640.jpg
nc4k,4525.jpg,450x300,1,122.331,tgt,camourflage_00640.jpg
nc4k,4527.jpg,450x300,1,78.735,tgt,camourflage_00640.jpg
nc4k,4740.jpg,450x300,1,61.887,tgt,camourflage_00640.jpg
nc4k,4799.jpg,450x300,1,66.884,tgt,camourflage_00640.jpg
nc4k,4803.jpg,450x300,1,60.088,tgt,camourflage_00640.jpg
nc4k,4809.jpg,450x300,1,60.615,tgt,camourflage_00640.jpg
nc4k,4859.jpg,450x300,1,62.014,tgt,camourflage_00640.jpg
nc4k,5114.jpg,450x300,1,51.974,tgt,camourflage_00640.jpg
nc4k,538.jpg,450x300,1,69.737,tgt,camourflage_00640.jpg
nc4k,5484.jpg,450x300,1,56.874,tgt,camourflage_00640.jpg
nc4k,5551.jpg,450x300,1,52.811,tgt,camourflage_00640.jpg
nc4k,5565.jpg,450x300,1,60.128,tgt,camourflage_00640.jpg
nc4k,5601.jpg,450x300,1,95.267,tgt,camourflage_00640.jpg
nc4k,5615.jpg,450x300,1,84.926,tgt,camourflage_00640.jpg
nc4k,5631.jpg,450x300,1,100.469,tgt,camourflage_00640.jpg
nc4k,5659.jpg,450x300,1,61.124,tgt,camourflage_00640.jpg
nc4k,5660.jpg,450x300,1,72.07,tgt,camourflage_00640.jpg
nc4k,5681.jpg,450x300,1,62.883,tgt,camourflage_00640.jpg
nc4k,5700.jpg,450x300,1,67.615,tgt,camourflage_00640.jpg
nc4k,5707.jpg,450x300,1,70.076,tgt,camourflage_00640.jpg
nc4k,5723.jpg,450x300,1,64.897,tgt,camourflage_00640.jpg
nc4k,768.jpg,450x300,1,67.254,tgt,camourflage_00640.jpg
nc4k,871.jpg,450x300,1,57.794,tgt,camourflage_00640.jpg
nc4k,1376.jpg,960x540,1,71.59,tgt,camourflage_00652.jpg
nc4k,1444.jpg,960x540,1,65.178,tgt,camourflage_00652.jpg
nc4k,1449.jpg,960x540,1,76.783,tgt,camourflage_00652.jpg
nc4k,1465.jpg,960x540,1,77.314,tgt,camourflage_00652.jpg
nc4k,1576.jpg,960x540,1,75.462,tgt,camourflage_00652.jpg
nc4k,1652.jpg,960x540,1,66.12,tgt,camourflage_00652.jpg
nc4k,1661.jpg,960x540,1,84.645,tgt,camourflage_00652.jpg
nc4k,168.jpg,960x540,1,71.182,tgt,camourflage_00652.jpg
nc4k,2647.jpg,960x540,1,68.43,tgt,camourflage_00652.jpg
nc4k,3105.jpg,960x540,1,58.267,tgt,camourflage_00652.jpg
nc4k,3372.jpg,960x540,1,71.268,tgt,camourflage_00652.jpg
nc4k,3396.jpg,960x540,1,65.971,tgt,camourflage_00652.jpg
nc4k,3424.jpg,960x540,1,64.109,tgt,camourflage_00652.jpg
nc4k,3432.jpg,960x540,1,66.63,tgt,camourflage_00652.jpg
nc4k,3565.jpg,960x540,1,71.211,tgt,camourflage_00652.jpg
nc4k,3976.jpg,960x540,1,83.043,tgt,camourflage_00652.jpg
nc4k,4394.jpg,960x540,1,70.196,tgt,camourflage_00652.jpg
nc4k,4729.jpg,960x540,1,64.701,tgt,camourflage_00652.jpg
nc4k,4755.jpg,960x540,1,63.389,tgt,camourflage_00652.jpg
nc4k,4758.jpg,960x540,1,59.318,tgt,camourflage_00652.jpg
nc4k,4869.jpg,960x540,1,63.98,tgt,camourflage_00652.jpg
nc4k,509.jpg,960x540,1,63.695,tgt,camourflage_00652.jpg
nc4k,5179.jpg,960x540,1,67.763,tgt,camourflage_00652.jpg
nc4k,5219.jpg,960x540,1,66.336,tgt,camourflage_00652.jpg
nc4k,5291.jpg,960x540,1,70.144,tgt,camourflage_00652.jpg
nc4k,5633.jpg,960x540,1,57.17,tgt,camourflage_00652.jpg
nc4k,5766.jpg,960x540,1,59.756,tgt,camourflage_00652.jpg
nc4k,4515.jpg,620x620,2,88.11,tgt,camourflage_01109.jpg
nc4k,1070.jpg,375x500,1,77.118,tgt,camourflage_00674.jpg
nc4k,1563.jpg,375x500,1,74.421,tgt,camourflage_00674.jpg
nc4k,2088.jpg,375x500,1,66.481,tgt,camourflage_00674.jpg
nc4k,4505.jpg,520x780,1,51.413,tgt,camourflage_00690.jpg
nc4k,5165.jpg,520x780,1,56.788,tgt,camourflage_00690.jpg
nc4k,2634.jpg,400x314,7,53.339,raw,3607.png
nc4k,3327.jpg,461x313,1,58.81,tgt,camourflage_00709.jpg
nc4k,2367.jpg,900x720,1,114.796,tgt,camourflage_00712.jpg
nc4k,2770.jpg,900x720,1,71.207,tgt,camourflage_00712.jpg
nc4k,281.jpg,900x720,1,62.599,tgt,camourflage_00712.jpg
nc4k,726.jpg,900x720,1,84.38,tgt,camourflage_00712.jpg
nc4k,5108.jpg,544x800,1,7.831,tgt,camourflage_00761.jpg
nc4k,5922.jpg,624x416,1,80.298,tgt,camourflage_00805.jpg
nc4k,3843.jpg,900x563,1,6.57,tgt,camourflage_00839.jpg
nc4k,3646.jpg,343x500,1,81.346,tgt,camourflage_00882.jpg
nc4k,1905.jpg,700x467,1,67.814,tgt,camourflage_00895.jpg
nc4k,2279.jpg,700x467,1,59.887,tgt,camourflage_00895.jpg
nc4k,2332.jpg,700x467,1,65.5,tgt,camourflage_00895.jpg
nc4k,2643.jpg,700x467,1,71.87,tgt,camourflage_00895.jpg
nc4k,2765.jpg,700x467,1,54.688,tgt,camourflage_00895.jpg
nc4k,3192.jpg,700x467,1,69.09,tgt,camourflage_00895.jpg
nc4k,3384.jpg,700x467,1,57.587,tgt,camourflage_00895.jpg
nc4k,3406.jpg,700x467,1,45.612,tgt,camourflage_00895.jpg
nc4k,3532.jpg,700x467,1,65.868,tgt,camourflage_00895.jpg
nc4k,4290.jpg,700x467,1,52.791,tgt,camourflage_00895.jpg
nc4k,4333.jpg,700x467,1,65.73,tgt,camourflage_00895.jpg
nc4k,4600.jpg,700x467,1,56.856,tgt,camourflage_00895.jpg
nc4k,4797.jpg,700x467,1,69.625,tgt,camourflage_00895.jpg
nc4k,4858.jpg,700x467,1,60.734,tgt,camourflage_00895.jpg
nc4k,4892.jpg,700x467,1,66.777,tgt,camourflage_00895.jpg
nc4k,4897.jpg,700x467,1,60.217,tgt,camourflage_00895.jpg
nc4k,5385.jpg,700x467,1,71.23,tgt,camourflage_00895.jpg
nc4k,5510.jpg,700x467,1,64.116,tgt,camourflage_00895.jpg
nc4k,5559.jpg,700x467,1,61.479,tgt,camourflage_00895.jpg
nc4k,570.jpg,700x467,1,64.467,tgt,camourflage_00895.jpg
nc4k,779.jpg,700x467,1,69.007,tgt,camourflage_00895.jpg
nc4k,826.jpg,700x467,1,63.643,tgt,camourflage_00895.jpg
nc4k,5491.jpg,640x451,1,52.357,tgt,camourflage_00901.jpg
nc4k,1046.jpg,600x449,1,72.242,tgt,camourflage_00917.jpg
nc4k,1242.jpg,600x449,1,70.753,tgt,camourflage_00917.jpg
nc4k,2007.jpg,600x449,1,86.967,tgt,camourflage_00917.jpg
nc4k,5340.jpg,600x449,1,112.563,tgt,camourflage_00917.jpg
nc4k,1244.jpg,800x746,1,4.808,tgt,camourflage_00948.jpg
nc4k,2148.jpg,800x500,1,82.899,tgt,camourflage_00952.jpg
nc4k,427.jpg,800x500,1,63.764,tgt,camourflage_00952.jpg
nc4k,4271.jpg,880x585,1,64.413,tgt,camourflage_00981.jpg
nc4k,3374.jpg,800x630,1,69.678,tgt,camourflage_01040.jpg
nc4k,4983.jpg,880x586,1,83.927,tgt,camourflage_01063.jpg
nc4k,520.jpg,880x586,1,79.133,tgt,camourflage_01063.jpg
nc4k,117.jpg,700x499,2,62.308,tgt,camourflage_01121.jpg
nc4k,5494.jpg,600x801,1,75.373,tgt,camourflage_01127.jpg
nc4k,1362.jpg,600x900,2,69.098,tgt,camourflage_01184.jpg
nc4k,1698.jpg,600x900,2,78.367,tgt,camourflage_01184.jpg
nc4k,1853.jpg,600x900,2,62.358,tgt,camourflage_01184.jpg
nc4k,2076.jpg,600x900,2,50.46,tgt,camourflage_01149.jpg
nc4k,2280.jpg,600x900,2,67.052,tgt,camourflage_01184.jpg
nc4k,2766.jpg,600x900,2,66.091,tgt,camourflage_01149.jpg
nc4k,2957.jpg,600x900,2,57.773,tgt,camourflage_01149.jpg
nc4k,3284.jpg,600x900,2,46.487,tgt,camourflage_01149.jpg
nc4k,3770.jpg,600x900,2,55.505,tgt,camourflage_01149.jpg
nc4k,414.jpg,600x900,2,63.542,tgt,camourflage_01184.jpg
nc4k,4351.jpg,600x900,2,46.545,tgt,camourflage_01149.jpg
nc4k,481.jpg,600x900,2,58.643,tgt,camourflage_01184.jpg
nc4k,5250.jpg,600x900,2,66.608,tgt,camourflage_01184.jpg
nc4k,5278.jpg,600x900,2,54.486,tgt,camourflage_01149.jpg
nc4k,941.jpg,600x900,2,61.931,tgt,camourflage_01149.jpg
nc4k,4593.jpg,770x513,1,75.605,tgt,camourflage_01213.jpg
nc4k,4542.jpg,576x384,1,57.028,tgt,camourflage_01218.jpg
nc4k,4691.jpg,576x384,1,64.401,tgt,camourflage_01218.jpg
nc4k,4693.jpg,576x384,1,55.385,tgt,camourflage_01218.jpg
nc4k,1267.jpg,1000x668,1,73.572,tgt,camourflage_01225.jpg
nc4k,5257.jpg,1000x668,1,57.168,tgt,camourflage_01225.jpg
nc4k,5422.jpg,962x640,1,63.157,tgt,camourflage_01238.jpg
nc4k,2082.jpg,962x641,1,72.79,tgt,camourflage_01249.jpg
nc4k,754.jpg,962x641,1,96.804,tgt,camourflage_01249.jpg
nc4k,4072.jpg,800x523,0,,,
nc4k,4841.jpg,960x719,0,,,
nc4k,1653.jpg,700x525,0,,,
nc4k,1998.jpg,700x525,0,,,
nc4k,21.jpg,700x525,0,,,
nc4k,2713.jpg,700x525,0,,,
nc4k,4016.jpg,700x525,0,,,
nc4k,482.jpg,700x525,0,,,
nc4k,5412.jpg,700x525,0,,,
nc4k,5954.jpg,700x525,0,,,
nc4k,840.jpg,700x525,0,,,
nc4k,1754.jpg,576x382,0,,,
nc4k,4423.jpg,1024x643,0,,,
nc4k,4795.jpg,1024x607,0,,,
nc4k,3287.jpg,800x568,0,,,
nc4k,3777.jpg,800x568,0,,,
nc4k,3630.jpg,500x281,0,,,
nc4k,806.jpg,1023x674,0,,,
nc4k,4316.jpg,1024x756,0,,,
nc4k,5105.jpg,1024x756,0,,,
nc4k,5273.jpg,640x436,0,,,
nc4k,744.jpg,1024x704,0,,,
nc4k,2015.jpg,688x1024,0,,,
nc4k,4367.jpg,1023x638,0,,,
nc4k,649.jpg,584x438,0,,,
nc4k,772.jpg,584x438,0,,,
nc4k,3166.jpg,800x495,0,,,
nc4k,515.jpg,500x667,0,,,
nc4k,5309.jpg,500x667,0,,,
nc4k,1656.jpg,800x566,0,,,
nc4k,3758.jpg,580x387,0,,,
nc4k,1319.jpg,800x540,0,,,
nc4k,4854.jpg,900x602,0,,,
nc4k,830.jpg,1023x766,0,,,
nc4k,2179.jpg,600x430,0,,,
nc4k,2810.jpg,600x430,0,,,
nc4k,4878.jpg,600x430,0,,,
nc4k,3531.jpg,900x529,0,,,
nc4k,5212.jpg,900x727,0,,,
nc4k,2812.jpg,1024x608,0,,,
nc4k,1099.jpg,620x400,0,,,
nc4k,2478.jpg,620x400,0,,,
nc4k,1124.jpg,800x586,0,,,
nc4k,1088.jpg,750x563,0,,,
nc4k,1129.jpg,750x563,0,,,
nc4k,1510.jpg,750x563,0,,,
nc4k,2073.jpg,750x563,0,,,
nc4k,2826.jpg,750x563,0,,,
nc4k,2892.jpg,750x563,0,,,
nc4k,3290.jpg,750x563,0,,,
nc4k,344.jpg,750x563,0,,,
nc4k,4356.jpg,750x563,0,,,
nc4k,5929.jpg,750x563,0,,,
nc4k,881.jpg,750x563,0,,,
nc4k,4904.jpg,512x640,0,,,
nc4k,2216.jpg,1024x727,0,,,
nc4k,1002.jpg,888x666,0,,,
nc4k,1003.jpg,1100x618,0,,,
nc4k,1958.jpg,1100x618,0,,,
nc4k,2945.jpg,1100x618,0,,,
nc4k,3356.jpg,1100x618,0,,,
nc4k,1004.jpg,480x270,0,,,
nc4k,1057.jpg,480x270,0,,,
nc4k,1534.jpg,480x270,0,,,
nc4k,2475.jpg,480x270,0,,,
nc4k,2491.jpg,480x270,0,,,
nc4k,2500.jpg,480x270,0,,,
nc4k,2504.jpg,480x270,0,,,
nc4k,2645.jpg,480x270,0,,,
nc4k,2660.jpg,480x270,0,,,
nc4k,2934.jpg,480x270,0,,,
nc4k,3301.jpg,480x270,0,,,
nc4k,3397.jpg,480x270,0,,,
nc4k,353.jpg,480x270,0,,,
nc4k,3719.jpg,480x270,0,,,
nc4k,470.jpg,480x270,0,,,
nc4k,5253.jpg,480x270,0,,,
nc4k,5850.jpg,480x270,0,,,
nc4k,919.jpg,480x270,0,,,
nc4k,970.jpg,480x270,0,,,
nc4k,1005.jpg,420x380,0,,,
nc4k,1006.jpg,931x524,0,,,
nc4k,1634.jpg,931x524,0,,,
nc4k,4822.jpg,931x524,0,,,
nc4k,1008.jpg,702x370,0,,,
nc4k,1010.jpg,760x506,0,,,
nc4k,1727.jpg,760x506,0,,,
nc4k,1737.jpg,760x506,0,,,
nc4k,1763.jpg,760x506,0,,,
nc4k,1809.jpg,760x506,0,,,
nc4k,1829.jpg,760x506,0,,,
nc4k,1939.jpg,760x506,0,,,
nc4k,1951.jpg,760x506,0,,,
nc4k,2022.jpg,760x506,0,,,
nc4k,236.jpg,760x506,0,,,
nc4k,2987.jpg,760x506,0,,,
nc4k,3010.jpg,760x506,0,,,
nc4k,3819.jpg,760x506,0,,,
nc4k,4393.jpg,760x506,0,,,
nc4k,4738.jpg,760x506,0,,,
nc4k,5024.jpg,760x506,0,,,
nc4k,5089.jpg,760x506,0,,,
nc4k,5840.jpg,760x506,0,,,
nc4k,5867.jpg,760x506,0,,,
nc4k,1011.jpg,500x357,0,,,
nc4k,2045.jpg,500x357,0,,,
nc4k,1014.jpg,820x490,0,,,
nc4k,1016.jpg,349x586,0,,,
nc4k,1017.jpg,371x555,0,,,
nc4k,1018.jpg,600x338,0,,,
nc4k,102.jpg,600x338,0,,,
nc4k,1509.jpg,600x338,0,,,
nc4k,2567.jpg,600x338,0,,,
nc4k,2579.jpg,600x338,0,,,
nc4k,2587.jpg,600x338,0,,,
nc4k,2592.jpg,600x338,0,,,
nc4k,2596.jpg,600x338,0,,,
nc4k,2637.jpg,600x338,0,,,
nc4k,3546.jpg,600x338,0,,,
nc4k,3677.jpg,600x338,0,,,
nc4k,4036.jpg,600x338,0,,,
nc4k,4762.jpg,600x338,0,,,
nc4k,4779.jpg,600x338,0,,,
nc4k,4794.jpg,600x338,0,,,
nc4k,5503.jpg,600x338,0,,,
nc4k,5527.jpg,600x338,0,,,
nc4k,5543.jpg,600x338,0,,,
nc4k,5602.jpg,600x338,0,,,
nc4k,5661.jpg,600x338,0,,,
nc4k,1019.jpg,730x547,0,,,
nc4k,1022.jpg,496x331,0,,,
nc4k,2249.jpg,496x331,0,,,
nc4k,2339.jpg,496x331,0,,,
nc4k,1023.jpg,650x492,0,,,
nc4k,1025.jpg,650x424,0,,,
nc4k,5443.jpg,650x424,0,,,
nc4k,1027.jpg,525x403,0,,,
nc4k,1030.jpg,700x466,0,,,
nc4k,1208.jpg,700x466,0,,,
nc4k,1671.jpg,700x466,0,,,
nc4k,1683.jpg,700x466,0,,,
nc4k,2372.jpg,700x466,0,,,
nc4k,2404.jpg,700x466,0,,,
nc4k,2595.jpg,700x466,0,,,
nc4k,3398.jpg,700x466,0,,,
nc4k,3422.jpg,700x466,0,,,
nc4k,3931.jpg,700x466,0,,,
nc4k,3984.jpg,700x466,0,,,
nc4k,4101.jpg,700x466,0,,,
nc4k,4118.jpg,700x466,0,,,
nc4k,4194.jpg,700x466,0,,,
nc4k,4262.jpg,700x466,0,,,
nc4k,4294.jpg,700x466,0,,,
nc4k,4475.jpg,700x466,0,,,
nc4k,4476.jpg,700x466,0,,,
nc4k,4658.jpg,700x466,0,,,
nc4k,4668.jpg,700x466,0,,,
nc4k,5002.jpg,700x466,0,,,
nc4k,5065.jpg,700x466,0,,,
nc4k,1035.jpg,367x550,0,,,
nc4k,3253.jpg,367x550,0,,,
nc4k,104.jpg,1049x698,0,,,
nc4k,3992.jpg,1049x698,0,,,
nc4k,5241.jpg,1049x698,0,,,
nc4k,1040.jpg,512x354,0,,,
nc4k,1045.jpg,650x425,0,,,
nc4k,1262.jpg,650x425,0,,,
nc4k,1936.jpg,650x425,0,,,
nc4k,3750.jpg,650x425,0,,,
nc4k,3797.jpg,650x425,0,,,
nc4k,3870.jpg,650x425,0,,,
nc4k,4773.jpg,650x425,0,,,
nc4k,5916.jpg,650x425,0,,,
nc4k,1049.jpg,730x973,0,,,
nc4k,1051.jpg,720x490,0,,,
nc4k,3322.jpg,720x490,0,,,
nc4k,1052.jpg,599x399,0,,,
nc4k,1056.jpg,608x342,0,,,
nc4k,1152.jpg,608x342,0,,,
nc4k,1651.jpg,608x342,0,,,
nc4k,1921.jpg,608x342,0,,,
nc4k,2436.jpg,608x342,0,,,
nc4k,2549.jpg,608x342,0,,,
nc4k,2553.jpg,608x342,0,,,
nc4k,2577.jpg,608x342,0,,,
nc4k,2621.jpg,608x342,0,,,
nc4k,2625.jpg,608x342,0,,,
nc4k,2633.jpg,608x342,0,,,
nc4k,2636.jpg,608x342,0,,,
nc4k,2653.jpg,608x342,0,,,
nc4k,2664.jpg,608x342,0,,,
nc4k,2673.jpg,608x342,0,,,
nc4k,2685.jpg,608x342,0,,,
nc4k,2698.jpg,608x342,0,,,
nc4k,3.jpg,608x342,0,,,
nc4k,3564.jpg,608x342,0,,,
nc4k,3647.jpg,608x342,0,,,
nc4k,3684.jpg,608x342,0,,,
nc4k,4068.jpg,608x342,0,,,
nc4k,4092.jpg,608x342,0,,,
nc4k,4111.jpg,608x342,0,,,
nc4k,4681.jpg,608x342,0,,,
nc4k,48.jpg,608x342,0,,,
nc4k,5498.jpg,608x342,0,,,
nc4k,5531.jpg,608x342,0,,,
nc4k,5553.jpg,608x342,0,,,
nc4k,5682.jpg,608x342,0,,,
nc4k,5702.jpg,608x342,0,,,
nc4k,5731.jpg,608x342,0,,,
nc4k,61.jpg,608x342,0,,,
nc4k,701.jpg,608x342,0,,,
nc4k,73.jpg,608x342,0,,,
nc4k,76.jpg,608x342,0,,,
nc4k,771.jpg,608x342,0,,,
nc4k,79.jpg,608x342,0,,,
nc4k,86.jpg,608x342,0,,,
nc4k,91.jpg,608x342,0,,,
nc4k,94.jpg,608x342,0,,,
nc4k,1058.jpg,750x497,0,,,
nc4k,1059.jpg,640x420,0,,,
nc4k,1171.jpg,640x420,0,,,
nc4k,1182.jpg,640x420,0,,,
nc4k,1189.jpg,640x420,0,,,
nc4k,1343.jpg,640x420,0,,,
nc4k,1445.jpg,640x420,0,,,
nc4k,1476.jpg,640x420,0,,,
nc4k,1583.jpg,640x420,0,,,
nc4k,2457.jpg,640x420,0,,,
nc4k,2476.jpg,640x420,0,,,
nc4k,2480.jpg,640x420,0,,,
nc4k,2502.jpg,640x420,0,,,
nc4k,2586.jpg,640x420,0,,,
nc4k,2590.jpg,640x420,0,,,
nc4k,2593.jpg,640x420,0,,,
nc4k,2597.jpg,640x420,0,,,
nc4k,3114.jpg,640x420,0,,,
nc4k,3122.jpg,640x420,0,,,
nc4k,3136.jpg,640x420,0,,,
nc4k,410.jpg,640x420,0,,,
nc4k,4119.jpg,640x420,0,,,
nc4k,443.jpg,640x420,0,,,
nc4k,5249.jpg,640x420,0,,,
nc4k,5265.jpg,640x420,0,,,
nc4k,5288.jpg,640x420,0,,,
nc4k,5315.jpg,640x420,0,,,
nc4k,5384.jpg,640x420,0,,,
nc4k,5464.jpg,640x420,0,,,
nc4k,5687.jpg,640x420,0,,,
nc4k,5756.jpg,640x420,0,,,
nc4k,5762.jpg,640x420,0,,,
nc4k,5768.jpg,640x420,0,,,
nc4k,713.jpg,640x420,0,,,
nc4k,84.jpg,640x420,0,,,
nc4k,900.jpg,640x420,0,,,
nc4k,905.jpg,640x420,0,,,
nc4k,931.jpg,640x420,0,,,
nc4k,939.jpg,640x420,0,,,
nc4k,106.jpg,720x482,0,,,
nc4k,1891.jpg,720x482,0,,,
nc4k,1066.jpg,853x480,0,,,
nc4k,128.jpg,853x480,0,,,
nc4k,2083.jpg,853x480,0,,,
nc4k,2452.jpg,853x480,0,,,
nc4k,2496.jpg,853x480,0,,,
nc4k,2498.jpg,853x480,0,,,
nc4k,2668.jpg,853x480,0,,,
nc4k,363.jpg,853x480,0,,,
nc4k,1072.jpg,550x368,0,,,
nc4k,1073.jpg,640x312,0,,,
nc4k,1074.jpg,720x576,0,,,
nc4k,1075.jpg,553x415,0,,,
nc4k,1076.jpg,450x298,0,,,
nc4k,1695.jpg,450x298,0,,,
nc4k,3636.jpg,450x298,0,,,
nc4k,1077.jpg,883x720,0,,,
nc4k,1078.jpg,720x405,0,,,
nc4k,2506.jpg,720x405,0,,,
nc4k,4021.jpg,720x405,0,,,
nc4k,4058.jpg,720x405,0,,,
nc4k,442.jpg,720x405,0,,,
nc4k,4761.jpg,720x405,0,,,
nc4k,967.jpg,720x405,0,,,
nc4k,1079.jpg,910x606,0,,,
nc4k,1522.jpg,910x606,0,,,
nc4k,240.jpg,910x606,0,,,
nc4k,3366.jpg,910x606,0,,,
nc4k,3852.jpg,910x606,0,,,
nc4k,3952.jpg,910x606,0,,,
nc4k,1092.jpg,812x464,0,,,
nc4k,1093.jpg,580x384,0,,,
nc4k,1095.jpg,640x477,0,,,
nc4k,3845.jpg,640x477,0,,,
nc4k,1096.jpg,626x311,0,,,
nc4k,1101.jpg,419x419,0,,,
nc4k,1103.jpg,750x1000,0,,,
nc4k,1756.jpg,750x1000,0,,,
nc4k,1787.jpg,750x1000,0,,,
nc4k,4402.jpg,750x1000,0,,,
nc4k,5517.jpg,750x1000,0,,,
nc4k,1104.jpg,800x520,0,,,
nc4k,1105.jpg,550x393,0,,,
nc4k,1106.jpg,600x441,0,,,
nc4k,1108.jpg,600x397,0,,,
nc4k,1111.jpg,600x397,0,,,
nc4k,1672.jpg,600x397,0,,,
nc4k,1684.jpg,600x397,0,,,
nc4k,1109.jpg,700x450,0,,,
nc4k,1113.jpg,646x470,0,,,
nc4k,1114.jpg,700x531,0,,,
nc4k,1116.jpg,848x565,0,,,
nc4k,3130.jpg,848x565,0,,,
nc4k,1118.jpg,1072x715,0,,,
nc4k,1150.jpg,1072x715,0,,,
nc4k,1822.jpg,1072x715,0,,,
nc4k,3515.jpg,1072x715,0,,,
nc4k,5668.jpg,1072x715,0,,,
nc4k,5726.jpg,1072x715,0,,,
nc4k,722.jpg,1072x715,0,,,
nc4k,1122.jpg,604x453,0,,,
nc4k,1127.jpg,840x560,0,,,
nc4k,1128.jpg,989x742,0,,,
nc4k,63.jpg,989x742,0,,,
nc4k,1130.jpg,904x604,0,,,
nc4k,1132.jpg,680x383,0,,,
nc4k,1133.jpg,443x295,0,,,
nc4k,1135.jpg,800x623,0,,,
nc4k,1136.jpg,475x318,0,,,
nc4k,1137.jpg,627x480,0,,,
nc4k,1142.jpg,502x378,0,,,
nc4k,1143.jpg,850x566,0,,,
nc4k,1667.jpg,850x566,0,,,
nc4k,2268.jpg,850x566,0,,,
nc4k,1144.jpg,287x433,0,,,
nc4k,1146.jpg,950x634,0,,,
nc4k,1147.jpg,650x433,0,,,
nc4k,1367.jpg,650x433,0,,,
nc4k,1370.jpg,650x433,0,,,
nc4k,1575.jpg,650x433,0,,,
nc4k,177.jpg,650x433,0,,,
nc4k,2220.jpg,650x433,0,,,
nc4k,3072.jpg,650x433,0,,,
nc4k,3408.jpg,650x433,0,,,
nc4k,4095.jpg,650x433,0,,,
nc4k,4785.jpg,650x433,0,,,
nc4k,5507.jpg,650x433,0,,,
nc4k,5644.jpg,650x433,0,,,
nc4k,770.jpg,650x433,0,,,
nc4k,1149.jpg,532x355,0,,,
nc4k,1155.jpg,1024x540,0,,,
nc4k,2128.jpg,1024x540,0,,,
nc4k,2168.jpg,1024x540,0,,,
nc4k,2226.jpg,1024x540,0,,,
nc4k,2559.jpg,1024x540,0,,,
nc4k,2684.jpg,1024x540,0,,,
nc4k,3440.jpg,1024x540,0,,,
nc4k,43.jpg,1024x540,0,,,
nc4k,1157.jpg,560x374,0,,,
nc4k,1185.jpg,560x374,0,,,
nc4k,890.jpg,560x374,0,,,
nc4k,1158.jpg,650x400,0,,,
nc4k,4767.jpg,650x400,0,,,
nc4k,116.jpg,612x406,0,,,
nc4k,315.jpg,612x406,0,,,
nc4k,4288.jpg,612x406,0,,,
nc4k,1161.jpg,960x698,0,,,
nc4k,1162.jpg,748x497,0,,,
nc4k,1291.jpg,748x497,0,,,
nc4k,1165.jpg,889x667,0,,,
nc4k,3887.jpg,889x667,0,,,
nc4k,3975.jpg,889x667,0,,,
nc4k,5795.jpg,889x667,0,,,
nc4k,5807.jpg,889x667,0,,,
nc4k,5874.jpg,889x667,0,,,
nc4k,1168.jpg,640x457,0,,,
nc4k,176.jpg,640x457,0,,,
nc4k,1172.jpg,962x639,0,,,
nc4k,1173.jpg,750x535,0,,,
nc4k,4802.jpg,750x535,0,,,
nc4k,1175.jpg,640x503,0,,,
nc4k,1176.jpg,1000x562,0,,,
nc4k,3239.jpg,1000x562,0,,,
nc4k,1177.jpg,800x553,0,,,
nc4k,3592.jpg,800x553,0,,,
nc4k,5568.jpg,800x553,0,,,
nc4k,1179.jpg,374x560,0,,,
nc4k,1180.jpg,450x450,0,,,
nc4k,1679.jpg,450x450,0,,,
nc4k,1795.jpg,450x450,0,,,
nc4k,1858.jpg,450x450,0,,,
nc4k,2830.jpg,450x450,0,,,
nc4k,3767.jpg,450x450,0,,,
nc4k,3812.jpg,450x450,0,,,
nc4k,3923.jpg,450x450,0,,,
nc4k,3944.jpg,450x450,0,,,
nc4k,4010.jpg,450x450,0,,,
nc4k,4256.jpg,450x450,0,,,
nc4k,4867.jpg,450x450,0,,,
nc4k,5256.jpg,450x450,0,,,
nc4k,5334.jpg,450x450,0,,,
nc4k,776.jpg,450x450,0,,,
nc4k,809.jpg,450x450,0,,,
nc4k,821.jpg,450x450,0,,,
nc4k,1181.jpg,962x629,0,,,
nc4k,3193.jpg,962x629,0,,,
nc4k,1192.jpg,584x389,0,,,
nc4k,1194.jpg,800x558,0,,,
nc4k,4496.jpg,800x558,0,,,
nc4k,1195.jpg,643x641,0,,,
nc4k,1196.jpg,638x479,0,,,
nc4k,3337.jpg,638x479,0,,,
nc4k,12.jpg,500x391,0,,,
nc4k,1200.jpg,544x364,0,,,
nc4k,1202.jpg,640x478,0,,,
nc4k,1204.jpg,828x360,0,,,
nc4k,1207.jpg,590x388,0,,,
nc4k,1209.jpg,590x393,0,,,
nc4k,1949.jpg,590x393,0,,,
nc4k,3698.jpg,590x393,0,,,
nc4k,1210.jpg,962x564,0,,,
nc4k,1211.jpg,700x464,0,,,
nc4k,4436.jpg,700x464,0,,,
nc4k,4918.jpg,700x464,0,,,
nc4k,1212.jpg,893x681,0,,,
nc4k,1214.jpg,688x681,0,,,
nc4k,1216.jpg,640x402,0,,,
nc4k,1218.jpg,893x716,0,,,
nc4k,1221.jpg,595x893,0,,,
nc4k,1222.jpg,580x547,0,,,
nc4k,1223.jpg,300x452,0,,,
nc4k,1225.jpg,560x549,0,,,
nc4k,1226.jpg,760x476,0,,,
nc4k,1227.jpg,750x422,0,,,
nc4k,3053.jpg,750x422,0,,,
nc4k,1228.jpg,560x560,0,,,
nc4k,1240.jpg,560x560,0,,,
nc4k,4491.jpg,560x560,0,,,
nc4k,1230.jpg,346x450,0,,,
nc4k,1232.jpg,805x603,0,,,
nc4k,1236.jpg,640x513,0,,,
nc4k,1245.jpg,1200x630,0,,,
nc4k,1497.jpg,1200x630,0,,,
nc4k,1618.jpg,1200x630,0,,,
nc4k,1800.jpg,1200x630,0,,,
nc4k,2437.jpg,1200x630,0,,,
nc4k,2489.jpg,1200x630,0,,,
nc4k,2912.jpg,1200x630,0,,,
nc4k,3123.jpg,1200x630,0,,,
nc4k,3338.jpg,1200x630,0,,,
nc4k,3464.jpg,1200x630,0,,,
nc4k,4198.jpg,1200x630,0,,,
nc4k,5373.jpg,1200x630,0,,,
nc4k,858.jpg,1200x630,0,,,
nc4k,1246.jpg,448x298,0,,,
nc4k,1249.jpg,450x311,0,,,
nc4k,125.jpg,333x560,0,,,
nc4k,126.jpg,850x567,0,,,
nc4k,3118.jpg,850x567,0,,,
nc4k,693.jpg,850x567,0,,,
nc4k,731.jpg,850x567,0,,,
nc4k,1264.jpg,900x660,0,,,
nc4k,1744.jpg,900x660,0,,,
nc4k,1266.jpg,686x1024,0,,,
nc4k,1268.jpg,575x490,0,,,
nc4k,1269.jpg,870x579,0,,,
nc4k,1271.jpg,612x446,0,,,
nc4k,1273.jpg,960x447,0,,,
nc4k,1276.jpg,494x742,0,,,
nc4k,1277.jpg,900x586,0,,,
nc4k,3391.jpg,900x586,0,,,
nc4k,1279.jpg,500x400,0,,,
nc4k,1280.jpg,602x401,0,,,
nc4k,980.jpg,602x401,0,,,
nc4k,1281.jpg,500x408,0,,,
nc4k,1283.jpg,990x743,0,,,
nc4k,3150.jpg,990x743,0,,,
nc4k,3215.jpg,990x743,0,,,
nc4k,13.jpg,716x450,0,,,
nc4k,1301.jpg,603x401,0,,,
nc4k,1302.jpg,346x520,0,,,
nc4k,1304.jpg,450x364,0,,,
nc4k,1305.jpg,301x450,0,,,
nc4k,1306.jpg,628x419,0,,,
nc4k,1307.jpg,612x408,0,,,
nc4k,1310.jpg,612x408,0,,,
nc4k,1479.jpg,612x408,0,,,
nc4k,179.jpg,612x408,0,,,
nc4k,2079.jpg,612x408,0,,,
nc4k,2394.jpg,612x408,0,,,
nc4k,2477.jpg,612x408,0,,,
nc4k,2497.jpg,612x408,0,,,
nc4k,3170.jpg,612x408,0,,,
nc4k,3781.jpg,612x408,0,,,
nc4k,3903.jpg,612x408,0,,,
nc4k,3983.jpg,612x408,0,,,
nc4k,4270.jpg,612x408,0,,,
nc4k,4439.jpg,612x408,0,,,
nc4k,4512.jpg,612x408,0,,,
nc4k,4855.jpg,612x408,0,,,
nc4k,4940.jpg,612x408,0,,,
nc4k,831.jpg,612x408,0,,,
nc4k,1314.jpg,500x300,0,,,
nc4k,1930.jpg,500x300,0,,,
nc4k,3297.jpg,500x300,0,,,
nc4k,1318.jpg,460x570,0,,,
nc4k,1320.jpg,550x412,0,,,
nc4k,1642.jpg,550x412,0,,,
nc4k,2064.jpg,550x412,0,,,
nc4k,2638.jpg,550x412,0,,,
nc4k,2662.jpg,550x412,0,,,
nc4k,3235.jpg,550x412,0,,,
nc4k,3359.jpg,550x412,0,,,
nc4k,3535.jpg,550x412,0,,,
nc4k,4718.jpg,550x412,0,,,
nc4k,4823.jpg,550x412,0,,,
nc4k,4844.jpg,550x412,0,,,
nc4k,5594.jpg,550x412,0,,,
nc4k,5597.jpg,550x412,0,,,
nc4k,5705.jpg,550x412,0,,,
nc4k,5759.jpg,550x412,0,,,
nc4k,1324.jpg,500x383,0,,,
nc4k,3518.jpg,500x383,0,,,
nc4k,1325.jpg,600x420,0,,,
nc4k,2569.jpg,600x420,0,,,
nc4k,4166.jpg,600x420,0,,,
nc4k,4682.jpg,600x420,0,,,
nc4k,4715.jpg,600x420,0,,,
nc4k,1327.jpg,750x791,0,,,
nc4k,1329.jpg,661x440,0,,,
nc4k,133.jpg,960x586,0,,,
nc4k,1331.jpg,403x300,0,,,
nc4k,1337.jpg,590x414,0,,,
nc4k,1338.jpg,634x420,0,,,
nc4k,1348.jpg,570x675,0,,,
nc4k,1353.jpg,640x355,0,,,
nc4k,1354.jpg,517x560,0,,,
nc4k,1356.jpg,1160x599,0,,,
nc4k,1372.jpg,500x967,0,,,
nc4k,4144.jpg,500x967,0,,,
nc4k,1374.jpg,700x394,0,,,
nc4k,1569.jpg,700x394,0,,,
nc4k,1570.jpg,700x394,0,,,
nc4k,4737.jpg,700x394,0,,,
nc4k,5035.jpg,700x394,0,,,
nc4k,5578.jpg,700x394,0,,,
nc4k,1379.jpg,560x768,0,,,
nc4k,1381.jpg,749x499,0,,,
nc4k,1384.jpg,768x933,0,,,
nc4k,1385.jpg,910x661,0,,,
nc4k,1389.jpg,401x620,0,,,
nc4k,1390.jpg,450x666,0,,,
nc4k,1392.jpg,600x398,0,,,
nc4k,2719.jpg,600x398,0,,,
nc4k,4926.jpg,600x398,0,,,
nc4k,5826.jpg,600x398,0,,,
nc4k,1396.jpg,752x472,0,,,
nc4k,140.jpg,570x855,0,,,
nc4k,1401.jpg,530x800,0,,,
nc4k,3311.jpg,530x800,0,,,
nc4k,1403.jpg,576x576,0,,,
nc4k,1404.jpg,650x436,0,,,
nc4k,3296.jpg,650x436,0,,,
nc4k,1405.jpg,620x405,0,,,
nc4k,1408.jpg,639x428,0,,,
nc4k,1409.jpg,465x700,0,,,
nc4k,1783.jpg,465x700,0,,,
nc4k,2375.jpg,465x700,0,,,
nc4k,1410.jpg,620x409,0,,,
nc4k,1411.jpg,597x326,0,,,
nc4k,1413.jpg,749x749,0,,,
nc4k,1416.jpg,560x373,0,,,
nc4k,3183.jpg,560x373,0,,,
nc4k,4440.jpg,560x373,0,,,
nc4k,4531.jpg,560x373,0,,,
nc4k,67.jpg,560x373,0,,,
nc4k,1418.jpg,768x514,0,,,
nc4k,1423.jpg,1023x598,0,,,
nc4k,1426.jpg,640x482,0,,,
nc4k,5533.jpg,640x482,0,,,
nc4k,1427.jpg,445x299,0,,,
nc4k,1428.jpg,768x371,0,,,
nc4k,1431.jpg,800x422,0,,,
nc4k,1432.jpg,1054x686,0,,,
nc4k,1437.jpg,760x427,0,,,
nc4k,1441.jpg,633x366,0,,,
nc4k,1451.jpg,564x288,0,,,
nc4k,1452.jpg,540x354,0,,,
nc4k,721.jpg,540x354,0,,,
nc4k,1453.jpg,512x384,0,,,
nc4k,3963.jpg,512x384,0,,,
nc4k,4494.jpg,512x384,0,,,
nc4k,641.jpg,512x384,0,,,
nc4k,659.jpg,512x384,0,,,
nc4k,1455.jpg,700x428,0,,,
nc4k,1460.jpg,851x640,0,,,
nc4k,1478.jpg,985x700,0,,,
nc4k,1481.jpg,960x538,0,,,
nc4k,1485.jpg,960x538,0,,,
nc4k,1521.jpg,960x538,0,,,
nc4k,1488.jpg,986x700,0,,,
nc4k,1489.jpg,800x582,0,,,
nc4k,1490.jpg,800x491,0,,,
nc4k,1491.jpg,900x517,0,,,
nc4k,1493.jpg,787x627,0,,,
nc4k,1495.jpg,500x312,0,,,
nc4k,1496.jpg,960x666,0,,,
nc4k,1498.jpg,1024x423,0,,,
nc4k,150.jpg,564x300,0,,,
nc4k,309.jpg,564x300,0,,,
nc4k,1501.jpg,910x558,0,,,
nc4k,1504.jpg,722x480,0,,,
nc4k,1508.jpg,720x603,0,,,
nc4k,1517.jpg,629x480,0,,,
nc4k,1519.jpg,559x373,0,,,
nc4k,152.jpg,634x845,0,,,
nc4k,1529.jpg,1030x697,0,,,
nc4k,1531.jpg,608x486,0,,,
nc4k,1533.jpg,480x348,0,,,
nc4k,1536.jpg,505x619,0,,,
nc4k,1550.jpg,860x460,0,,,
nc4k,5004.jpg,860x460,0,,,
nc4k,1552.jpg,450x398,0,,,
nc4k,1559.jpg,794x536,0,,,
nc4k,1560.jpg,480x310,0,,,
nc4k,1562.jpg,1000x568,0,,,
nc4k,1564.jpg,768x512,0,,,
nc4k,2208.jpg,768x512,0,,,
nc4k,273.jpg,768x512,0,,,
nc4k,5456.jpg,768x512,0,,,
nc4k,550.jpg,768x512,0,,,
nc4k,157.jpg,536x498,0,,,
nc4k,1581.jpg,323x450,0,,,
nc4k,1582.jpg,512x320,0,,,
nc4k,1585.jpg,495x416,0,,,
nc4k,1587.jpg,637x619,0,,,
nc4k,159.jpg,500x280,0,,,
nc4k,1592.jpg,959x768,0,,,
nc4k,1595.jpg,1120x700,0,,,
nc4k,4487.jpg,1120x700,0,,,
nc4k,529.jpg,1120x700,0,,,
nc4k,1597.jpg,600x402,0,,,
nc4k,1599.jpg,960x660,0,,,
nc4k,4938.jpg,960x660,0,,,
nc4k,1603.jpg,642x424,0,,,
nc4k,1604.jpg,914x514,0,,,
nc4k,1605.jpg,640x320,0,,,
nc4k,1606.jpg,467x292,0,,,
nc4k,1607.jpg,1200x600,0,,,
nc4k,1735.jpg,1200x600,0,,,
nc4k,184.jpg,1200x600,0,,,
nc4k,161.jpg,724x720,0,,,
nc4k,1610.jpg,750x600,0,,,
nc4k,5294.jpg,750x600,0,,,
nc4k,5319.jpg,750x600,0,,,
nc4k,1612.jpg,638x480,0,,,
nc4k,2323.jpg,638x480,0,,,
nc4k,3393.jpg,638x480,0,,,
nc4k,5342.jpg,638x480,0,,,
nc4k,66.jpg,638x480,0,,,
nc4k,1614.jpg,800x594,0,,,
nc4k,1617.jpg,1086x610,0,,,
nc4k,1621.jpg,512x341,0,,,
nc4k,263.jpg,512x341,0,,,
nc4k,5355.jpg,512x341,0,,,
nc4k,1626.jpg,1170x610,0,,,
nc4k,1630.jpg,460x276,0,,,
nc4k,1633.jpg,970x540,0,,,
nc4k,4645.jpg,970x540,0,,,
nc4k,1646.jpg,500x253,0,,,
nc4k,1659.jpg,1023x702,0,,,
nc4k,166.jpg,850x445,0,,,
nc4k,1662.jpg,607x406,0,,,
nc4k,1668.jpg,553x369,0,,,
nc4k,167.jpg,743x990,0,,,
nc4k,1680.jpg,921x609,0,,,
nc4k,1682.jpg,1023x747,0,,,
nc4k,1685.jpg,1072x721,0,,,
nc4k,1686.jpg,495x350,0,,,
nc4k,1688.jpg,405x403,0,,,
nc4k,1690.jpg,327x499,0,,,
nc4k,1694.jpg,900x755,0,,,
nc4k,1697.jpg,1072x718,0,,,
nc4k,3167.jpg,1072x718,0,,,
nc4k,710.jpg,1072x718,0,,,
nc4k,17.jpg,998x682,0,,,
nc4k,1703.jpg,416x622,0,,,
nc4k,1706.jpg,962x769,0,,,
nc4k,1723.jpg,962x769,0,,,
nc4k,1708.jpg,650x883,0,,,
nc4k,1710.jpg,480x768,0,,,
nc4k,1711.jpg,750x934,0,,,
nc4k,1715.jpg,557x552,0,,,
nc4k,1716.jpg,605x624,0,,,
nc4k,1718.jpg,638x425,0,,,
nc4k,172.jpg,900x581,0,,,
nc4k,5596.jpg,900x581,0,,,
nc4k,1729.jpg,634x507,0,,,
nc4k,1731.jpg,993x640,0,,,
nc4k,1732.jpg,605x403,0,,,
nc4k,2715.jpg,605x403,0,,,
nc4k,2757.jpg,605x403,0,,,
nc4k,1734.jpg,728x410,0,,,
nc4k,1738.jpg,550x825,0,,,
nc4k,1739.jpg,480x645,0,,,
nc4k,1741.jpg,599x900,0,,,
nc4k,1743.jpg,599x900,0,,,
nc4k,5402.jpg,599x900,0,,,
nc4k,1742.jpg,768x1000,0,,,
nc4k,1745.jpg,735x552,0,,,
nc4k,1747.jpg,634x991,0,,,
nc4k,1748.jpg,640x628,0,,,
nc4k,1750.jpg,466x650,0,,,
nc4k,1751.jpg,748x561,0,,,
nc4k,1752.jpg,800x554,0,,,
nc4k,1757.jpg,560x350,0,,,
nc4k,1758.jpg,798x915,0,,,
nc4k,1759.jpg,383x540,0,,,
nc4k,1760.jpg,450x319,0,,,
nc4k,3996.jpg,450x319,0,,,
nc4k,4581.jpg,450x319,0,,,
nc4k,4840.jpg,450x319,0,,,
nc4k,1761.jpg,837x558,0,,,
nc4k,1762.jpg,880x593,0,,,
nc4k,1766.jpg,644x837,0,,,
nc4k,1770.jpg,1000x684,0,,,
nc4k,1771.jpg,470x704,0,,,
nc4k,2134.jpg,470x704,0,,,
nc4k,832.jpg,470x704,0,,,
nc4k,1772.jpg,811x648,0,,,
nc4k,1773.jpg,331x450,0,,,
nc4k,1774.jpg,794x528,0,,,
nc4k,1776.jpg,560x700,0,,,
nc4k,1777.jpg,873x578,0,,,
nc4k,1778.jpg,512x446,0,,,
nc4k,1780.jpg,455x646,0,,,
nc4k,1784.jpg,720x370,0,,,
nc4k,1786.jpg,840x634,0,,,
nc4k,1790.jpg,700x559,0,,,
nc4k,1792.jpg,350x547,0,,,
nc4k,1794.jpg,470x506,0,,,
nc4k,18.jpg,450x318,0,,,
nc4k,3644.jpg,450x318,0,,,
nc4k,1802.jpg,720x557,0,,,
nc4k,1804.jpg,748x499,0,,,
nc4k,3102.jpg,748x499,0,,,
nc4k,1805.jpg,400x600,0,,,
nc4k,317.jpg,400x600,0,,,
nc4k,3529.jpg,400x600,0,,,
nc4k,3895.jpg,400x600,0,,,
nc4k,4189.jpg,400x600,0,,,
nc4k,4452.jpg,400x600,0,,,
nc4k,5485.jpg,400x600,0,,,
nc4k,642.jpg,400x600,0,,,
nc4k,979.jpg,400x600,0,,,
nc4k,1808.jpg,525x350,0,,,
nc4k,1837.jpg,525x350,0,,,
nc4k,181.jpg,700x1050,0,,,
nc4k,1811.jpg,900x813,0,,,
nc4k,1814.jpg,450x329,0,,,
nc4k,1815.jpg,325x488,0,,,
nc4k,1816.jpg,512x277,0,,,
nc4k,1823.jpg,560x426,0,,,
nc4k,1824.jpg,480x600,0,,,
nc4k,1825.jpg,1000x523,0,,,
nc4k,1826.jpg,564x752,0,,,
nc4k,1827.jpg,290x434,0,,,
nc4k,183.jpg,503x600,0,,,
nc4k,1830.jpg,594x742,0,,,
nc4k,1831.jpg,800x768,0,,,
nc4k,1836.jpg,299x450,0,,,
nc4k,4289.jpg,299x450,0,,,
nc4k,4529.jpg,299x450,0,,,
nc4k,1838.jpg,562x620,0,,,
nc4k,1839.jpg,700x870,0,,,
nc4k,1842.jpg,478x600,0,,,
nc4k,1843.jpg,634x807,0,,,
nc4k,1844.jpg,534x401,0,,,
nc4k,3714.jpg,534x401,0,,,
nc4k,4710.jpg,534x401,0,,,
nc4k,1849.jpg,900x722,0,,,
nc4k,185.jpg,690x395,0,,,
nc4k,1852.jpg,470x706,0,,,
nc4k,1855.jpg,720x800,0,,,
nc4k,1861.jpg,900x673,0,,,
nc4k,1862.jpg,691x1024,0,,,
nc4k,1865.jpg,473x742,0,,,
nc4k,1866.jpg,618x900,0,,,
nc4k,1868.jpg,950x534,0,,,
nc4k,934.jpg,950x534,0,,,
nc4k,1870.jpg,720x692,0,,,
nc4k,1873.jpg,384x512,0,,,
nc4k,1875.jpg,464x700,0,,,
nc4k,1877.jpg,700x539,0,,,
nc4k,1878.jpg,496x330,0,,,
nc4k,1880.jpg,962x642,0,,,
nc4k,1883.jpg,341x508,0,,,
nc4k,1885.jpg,617x866,0,,,
nc4k,1886.jpg,900x843,0,,,
nc4k,1887.jpg,1023x719,0,,,
nc4k,1888.jpg,466x700,0,,,
nc4k,3928.jpg,466x700,0,,,
nc4k,684.jpg,466x700,0,,,
nc4k,800.jpg,466x700,0,,,
nc4k,189.jpg,946x813,0,,,
nc4k,1892.jpg,700x427,0,,,
nc4k,1897.jpg,512x342,0,,,
nc4k,261.jpg,512x342,0,,,
nc4k,3145.jpg,512x342,0,,,
nc4k,5285.jpg,512x342,0,,,
nc4k,588.jpg,512x342,0,,,
nc4k,1904.jpg,800x597,0,,,
nc4k,2344.jpg,800x597,0,,,
nc4k,1908.jpg,512x317,0,,,
nc4k,1911.jpg,900x807,0,,,
nc4k,1915.jpg,634x774,0,,,
nc4k,1919.jpg,785x637,0,,,
nc4k,1924.jpg,425x283,0,,,
nc4k,940.jpg,425x283,0,,,
nc4k,1927.jpg,600x308,0,,,
nc4k,193.jpg,800x485,0,,,
nc4k,1933.jpg,550x433,0,,,
nc4k,1934.jpg,900x864,0,,,
nc4k,1937.jpg,546x414,0,,,
nc4k,1938.jpg,489x364,0,,,
nc4k,194.jpg,350x384,0,,,
nc4k,1940.jpg,448x336,0,,,
nc4k,1943.jpg,900x560,0,,,
nc4k,1944.jpg,481x450,0,,,
nc4k,1946.jpg,700x471,0,,,
nc4k,1952.jpg,970x400,0,,,
nc4k,1961.jpg,900x616,0,,,
nc4k,1965.jpg,1024x528,0,,,
nc4k,1969.jpg,1000x721,0,,,
nc4k,197.jpg,910x607,0,,,
nc4k,2969.jpg,910x607,0,,,
nc4k,3061.jpg,910x607,0,,,
nc4k,3839.jpg,910x607,0,,,
nc4k,4160.jpg,910x607,0,,,
nc4k,4250.jpg,910x607,0,,,
nc4k,430.jpg,910x607,0,,,
nc4k,454.jpg,910x607,0,,,
nc4k,4707.jpg,910x607,0,,,
nc4k,4776.jpg,910x607,0,,,
nc4k,5006.jpg,910x607,0,,,
nc4k,5482.jpg,910x607,0,,,
nc4k,5572.jpg,910x607,0,,,
nc4k,5896.jpg,910x607,0,,,
nc4k,682.jpg,910x607,0,,,
nc4k,1971.jpg,728x485,0,,,
nc4k,2849.jpg,728x485,0,,,
nc4k,4243.jpg,728x485,0,,,
nc4k,1975.jpg,450x302,0,,,
nc4k,1979.jpg,800x511,0,,,
nc4k,198.jpg,375x640,0,,,
nc4k,1980.jpg,642x800,0,,,
nc4k,1984.jpg,959x640,0,,,
nc4k,1986.jpg,1000x584,0,,,
nc4k,4990.jpg,1000x584,0,,,
nc4k,1987.jpg,960x637,0,,,
nc4k,3987.jpg,960x637,0,,,
nc4k,199.jpg,1100x550,0,,,
nc4k,1992.jpg,480x320,0,,,
nc4k,1993.jpg,480x320,0,,,
nc4k,4147.jpg,480x320,0,,,
nc4k,4300.jpg,480x320,0,,,
nc4k,5243.jpg,480x320,0,,,
nc4k,1996.jpg,510x382,0,,,
nc4k,1997.jpg,560x500,0,,,
nc4k,2.jpg,728x439,0,,,
nc4k,2000.jpg,350x350,0,,,
nc4k,2002.jpg,402x302,0,,,
nc4k,2006.jpg,425x326,0,,,
nc4k,2047.jpg,425x326,0,,,
nc4k,2011.jpg,830x622,0,,,
nc4k,2012.jpg,750x620,0,,,
nc4k,2027.jpg,750x620,0,,,
nc4k,2018.jpg,467x350,0,,,
nc4k,3959.jpg,467x350,0,,,
nc4k,202.jpg,700x470,0,,,
nc4k,4438.jpg,700x470,0,,,
nc4k,5658.jpg,700x470,0,,,
nc4k,5734.jpg,700x470,0,,,
nc4k,2025.jpg,600x421,0,,,
nc4k,2026.jpg,650x366,0,,,
nc4k,2266.jpg,650x366,0,,,
nc4k,2307.jpg,650x366,0,,,
nc4k,3489.jpg,650x366,0,,,
nc4k,2032.jpg,800x518,0,,,
nc4k,2156.jpg,800x518,0,,,
nc4k,2311.jpg,800x518,0,,,
nc4k,4164.jpg,800x518,0,,,
nc4k,2037.jpg,525x394,0,,,
nc4k,2038.jpg,816x612,0,,,
nc4k,204.jpg,710x474,0,,,
nc4k,2652.jpg,710x474,0,,,
nc4k,2040.jpg,605x616,0,,,
nc4k,2041.jpg,804x536,0,,,
nc4k,2046.jpg,1500x503,0,,,
nc4k,2048.jpg,453x340,0,,,
nc4k,4392.jpg,453x340,0,,,
nc4k,2049.jpg,945x531,0,,,
nc4k,2055.jpg,960x642,0,,,
nc4k,206.jpg,800x525,0,,,
nc4k,2060.jpg,840x790,0,,,
nc4k,2062.jpg,600x375,0,,,
nc4k,2066.jpg,605x605,0,,,
nc4k,207.jpg,840x838,0,,,
nc4k,2071.jpg,1000x590,0,,,
nc4k,2081.jpg,600x465,0,,,
nc4k,209.jpg,665x664,0,,,
nc4k,2093.jpg,802x530,0,,,
nc4k,2096.jpg,470x697,0,,,
nc4k,2405.jpg,470x697,0,,,
nc4k,2098.jpg,436x640,0,,,
nc4k,2099.jpg,623x401,0,,,
nc4k,2101.jpg,1000x752,0,,,
nc4k,2109.jpg,348x348,0,,,
nc4k,3727.jpg,348x348,0,,,
nc4k,5539.jpg,348x348,0,,,
nc4k,211.jpg,600x533,0,,,
nc4k,2112.jpg,962x630,0,,,
nc4k,2114.jpg,700x461,0,,,
nc4k,3942.jpg,700x461,0,,,
nc4k,2116.jpg,950x532,0,,,
nc4k,2117.jpg,700x463,0,,,
nc4k,4377.jpg,700x463,0,,,
nc4k,2118.jpg,640x639,0,,,
nc4k,2119.jpg,350x362,0,,,
nc4k,2120.jpg,512x270,0,,,
nc4k,5267.jpg,512x270,0,,,
nc4k,2121.jpg,720x664,0,,,
nc4k,2123.jpg,500x426,0,,,
nc4k,2126.jpg,1024x695,0,,,
nc4k,2129.jpg,1024x487,0,,,
nc4k,2133.jpg,1023x497,0,,,
nc4k,2135.jpg,770x521,0,,,
nc4k,2137.jpg,580x435,0,,,
nc4k,2363.jpg,580x435,0,,,
nc4k,214.jpg,750x583,0,,,
nc4k,3774.jpg,750x583,0,,,
nc4k,2140.jpg,768x768,0,,,
nc4k,2165.jpg,768x768,0,,,
nc4k,2206.jpg,768x768,0,,,
nc4k,5242.jpg,768x768,0,,,
nc4k,5692.jpg,768x768,0,,,
nc4k,2146.jpg,620x415,0,,,
nc4k,2151.jpg,647x406,0,,,
nc4k,2152.jpg,794x530,0,,,
nc4k,2153.jpg,834x556,0,,,
nc4k,2154.jpg,500x316,0,,,
nc4k,2155.jpg,900x604,0,,,
nc4k,2157.jpg,640x853,0,,,
nc4k,3224.jpg,640x853,0,,,
nc4k,3269.jpg,640x853,0,,,
nc4k,3469.jpg,640x853,0,,,
nc4k,4650.jpg,640x853,0,,,
nc4k,504.jpg,640x853,0,,,
nc4k,532.jpg,640x853,0,,,
nc4k,5541.jpg,640x853,0,,,
nc4k,2159.jpg,700x377,0,,,
nc4k,2161.jpg,582x340,0,,,
nc4k,2162.jpg,328x500,0,,,
nc4k,2167.jpg,600x446,0,,,
nc4k,2169.jpg,720x530,0,,,
nc4k,217.jpg,567x378,0,,,
nc4k,2171.jpg,728x487,0,,,
nc4k,2173.jpg,638x453,0,,,
nc4k,2177.jpg,700x457,0,,,
nc4k,257.jpg,700x457,0,,,
nc4k,2183.jpg,800x538,0,,,
nc4k,2184.jpg,500x366,0,,,
nc4k,2186.jpg,642x643,0,,,
nc4k,2189.jpg,497x1024,0,,,
nc4k,219.jpg,645x641,0,,,
nc4k,2190.jpg,800x510,0,,,
nc4k,2192.jpg,1000x688,0,,,
nc4k,4322.jpg,1000x688,0,,,
nc4k,4422.jpg,1000x688,0,,,
nc4k,2195.jpg,485x479,0,,,
nc4k,2198.jpg,887x595,0,,,
nc4k,220.jpg,516x403,0,,,
nc4k,2200.jpg,575x863,0,,,
nc4k,2201.jpg,590x442,0,,,
nc4k,2204.jpg,350x578,0,,,
nc4k,2207.jpg,273x450,0,,,
nc4k,221.jpg,1200x627,0,,,
nc4k,2212.jpg,800x501,0,,,
nc4k,2213.jpg,910x683,0,,,
nc4k,2742.jpg,910x683,0,,,
nc4k,3363.jpg,910x683,0,,,
nc4k,3701.jpg,910x683,0,,,
nc4k,4064.jpg,910x683,0,,,
nc4k,5825.jpg,910x683,0,,,
nc4k,5868.jpg,910x683,0,,,
nc4k,962.jpg,910x683,0,,,
nc4k,2215.jpg,800x579,0,,,
nc4k,2217.jpg,728x486,0,,,
nc4k,5736.jpg,728x486,0,,,
nc4k,2218.jpg,900x661,0,,,
nc4k,2219.jpg,426x568,0,,,
nc4k,2221.jpg,494x270,0,,,
nc4k,2222.jpg,964x464,0,,,
nc4k,2227.jpg,753x600,0,,,
nc4k,2313.jpg,753x600,0,,,
nc4k,2722.jpg,753x600,0,,,
nc4k,2746.jpg,753x600,0,,,
nc4k,2938.jpg,753x600,0,,,
nc4k,3027.jpg,753x600,0,,,
nc4k,3080.jpg,753x600,0,,,
nc4k,3229.jpg,753x600,0,,,
nc4k,418.jpg,753x600,0,,,
nc4k,2229.jpg,698x466,0,,,
nc4k,2233.jpg,768x535,0,,,
nc4k,2234.jpg,580x326,0,,,
nc4k,2235.jpg,500x341,0,,,
nc4k,2236.jpg,713x1024,0,,,
nc4k,2237.jpg,520x650,0,,,
nc4k,2238.jpg,700x368,0,,,
nc4k,4562.jpg,700x368,0,,,
nc4k,2239.jpg,918x706,0,,,
nc4k,2240.jpg,642x641,0,,,
nc4k,2242.jpg,468x700,0,,,
nc4k,2243.jpg,626x417,0,,,
nc4k,2288.jpg,626x417,0,,,
nc4k,3687.jpg,626x417,0,,,
nc4k,5072.jpg,626x417,0,,,
nc4k,2246.jpg,850x556,0,,,
nc4k,2247.jpg,720x671,0,,,
nc4k,2252.jpg,795x530,0,,,
nc4k,2253.jpg,754x441,0,,,
nc4k,2254.jpg,800x541,0,,,
nc4k,2255.jpg,804x493,0,,,
nc4k,2256.jpg,587x340,0,,,
nc4k,2257.jpg,350x431,0,,,
nc4k,2259.jpg,900x613,0,,,
nc4k,2260.jpg,600x437,0,,,
nc4k,2261.jpg,467x700,0,,,
nc4k,2397.jpg,467x700,0,,,
nc4k,3174.jpg,467x700,0,,,
nc4k,3708.jpg,467x700,0,,,
nc4k,4304.jpg,467x700,0,,,
nc4k,5476.jpg,467x700,0,,,
nc4k,2267.jpg,648x968,0,,,
nc4k,2269.jpg,860x574,0,,,
nc4k,2271.jpg,605x454,0,,,
nc4k,2748.jpg,605x454,0,,,
nc4k,2780.jpg,605x454,0,,,
nc4k,2272.jpg,329x500,0,,,
nc4k,2274.jpg,800x565,0,,,
nc4k,2276.jpg,620x661,0,,,
nc4k,2277.jpg,770x665,0,,,
nc4k,228.jpg,994x778,0,,,
nc4k,2281.jpg,964x641,0,,,
nc4k,2364.jpg,964x641,0,,,
nc4k,2284.jpg,640x483,0,,,
nc4k,2709.jpg,640x483,0,,,
nc4k,2851.jpg,640x483,0,,,
nc4k,2285.jpg,500x376,0,,,
nc4k,2287.jpg,602x416,0,,,
nc4k,2289.jpg,682x470,0,,,
nc4k,229.jpg,640x458,0,,,
nc4k,2293.jpg,962x533,0,,,
nc4k,2295.jpg,534x356,0,,,
nc4k,23.jpg,800x849,0,,,
nc4k,3921.jpg,800x849,0,,,
nc4k,4337.jpg,800x849,0,,,
nc4k,2302.jpg,605x465,0,,,
nc4k,2305.jpg,532x799,0,,,
nc4k,2408.jpg,532x799,0,,,
nc4k,4467.jpg,532x799,0,,,
nc4k,2312.jpg,700x500,0,,,
nc4k,2728.jpg,700x500,0,,,
nc4k,2314.jpg,450x337,0,,,
nc4k,3634.jpg,450x337,0,,,
nc4k,526.jpg,450x337,0,,,
nc4k,2316.jpg,684x600,0,,,
nc4k,2319.jpg,640x262,0,,,
nc4k,232.jpg,519x428,0,,,
nc4k,2324.jpg,642x361,0,,,
nc4k,233.jpg,710x400,0,,,
nc4k,2331.jpg,720x585,0,,,
nc4k,2338.jpg,500x257,0,,,
nc4k,2341.jpg,700x405,0,,,
nc4k,2345.jpg,760x507,0,,,
nc4k,2346.jpg,580x434,0,,,
nc4k,235.jpg,636x382,0,,,
nc4k,4079.jpg,636x382,0,,,
nc4k,2350.jpg,640x750,0,,,
nc4k,2352.jpg,400x477,0,,,
nc4k,2357.jpg,720x597,0,,,
nc4k,2362.jpg,700x511,0,,,
nc4k,2365.jpg,687x562,0,,,
nc4k,5196.jpg,687x562,0,,,
nc4k,656.jpg,687x562,0,,,
nc4k,2366.jpg,900x615,0,,,
nc4k,50.jpg,900x615,0,,,
nc4k,2374.jpg,532x800,0,,,
nc4k,2376.jpg,498x750,0,,,
nc4k,3217.jpg,498x750,0,,,
nc4k,2378.jpg,605x405,0,,,
nc4k,2379.jpg,962x787,0,,,
nc4k,238.jpg,450x292,0,,,
nc4k,2382.jpg,407x612,0,,,
nc4k,2384.jpg,640x577,0,,,
nc4k,2386.jpg,901x721,0,,,
nc4k,2387.jpg,333x500,0,,,
nc4k,4155.jpg,333x500,0,,,
nc4k,2388.jpg,700x468,0,,,
nc4k,2679.jpg,700x468,0,,,
nc4k,3431.jpg,700x468,0,,,
nc4k,4103.jpg,700x468,0,,,
nc4k,4272.jpg,700x468,0,,,
nc4k,960.jpg,700x468,0,,,
nc4k,2393.jpg,614x613,0,,,
nc4k,2396.jpg,1082x718,0,,,
nc4k,24.jpg,1127x651,0,,,
nc4k,2401.jpg,640x641,0,,,
nc4k,3173.jpg,640x641,0,,,
nc4k,2402.jpg,435x580,0,,,
nc4k,2409.jpg,580x428,0,,,
nc4k,241.jpg,960x768,0,,,
nc4k,2413.jpg,650x419,0,,,
nc4k,3190.jpg,650x419,0,,,
nc4k,2414.jpg,550x408,0,,,
nc4k,2419.jpg,560x417,0,,,
nc4k,2423.jpg,980x500,0,,,
nc4k,2426.jpg,440x294,0,,,
nc4k,2428.jpg,480x319,0,,,
nc4k,2808.jpg,480x319,0,,,
nc4k,243.jpg,1000x665,0,,,
nc4k,245.jpg,1000x665,0,,,
nc4k,5466.jpg,1000x665,0,,,
nc4k,838.jpg,1000x665,0,,,
nc4k,2433.jpg,490x363,0,,,
nc4k,2434.jpg,709x439,0,,,
nc4k,2442.jpg,1000x777,0,,,
nc4k,2445.jpg,644x364,0,,,
nc4k,3129.jpg,644x364,0,,,
nc4k,2446.jpg,650x365,0,,,
nc4k,2451.jpg,626x420,0,,,
nc4k,2453.jpg,354x268,0,,,
nc4k,2454.jpg,636x480,0,,,
nc4k,2456.jpg,701x363,0,,,
nc4k,2462.jpg,1200x602,0,,,
nc4k,2464.jpg,760x502,0,,,
nc4k,2465.jpg,620x465,0,,,
nc4k,2484.jpg,620x465,0,,,
nc4k,2467.jpg,799x599,0,,,
nc4k,2468.jpg,830x400,0,,,
nc4k,2473.jpg,600x300,0,,,
nc4k,279.jpg,600x300,0,,,
nc4k,4821.jpg,600x300,0,,,
nc4k,5180.jpg,600x300,0,,,
nc4k,2474.jpg,1008x608,0,,,
nc4k,2482.jpg,512x344,0,,,
nc4k,2483.jpg,641x640,0,,,
nc4k,3309.jpg,641x640,0,,,
nc4k,3367.jpg,641x640,0,,,
nc4k,2486.jpg,512x288,0,,,
nc4k,5838.jpg,512x288,0,,,
nc4k,249.jpg,550x309,0,,,
nc4k,5754.jpg,550x309,0,,,
nc4k,2490.jpg,485x620,0,,,
nc4k,2492.jpg,537x358,0,,,
nc4k,2495.jpg,640x642,0,,,
nc4k,4291.jpg,640x642,0,,,
nc4k,25.jpg,564x900,0,,,
nc4k,2503.jpg,450x289,0,,,
nc4k,2515.jpg,512x358,0,,,
nc4k,2533.jpg,553x311,0,,,
nc4k,2541.jpg,575x381,0,,,
nc4k,2542.jpg,530x345,0,,,
nc4k,2543.jpg,512x307,0,,,
nc4k,2548.jpg,660x510,0,,,
nc4k,255.jpg,512x323,0,,,
nc4k,2551.jpg,600x350,0,,,
nc4k,4678.jpg,600x350,0,,,
nc4k,2554.jpg,612x344,0,,,
nc4k,3485.jpg,612x344,0,,,
nc4k,2557.jpg,999x749,0,,,
nc4k,2560.jpg,709x400,0,,,
nc4k,2561.jpg,620x380,0,,,
nc4k,4364.jpg,620x380,0,,,
nc4k,2568.jpg,831x409,0,,,
nc4k,2571.jpg,450x320,0,,,
nc4k,3919.jpg,450x320,0,,,
nc4k,854.jpg,450x320,0,,,
nc4k,2572.jpg,474x265,0,,,
nc4k,2582.jpg,1100x619,0,,,
nc4k,5715.jpg,1100x619,0,,,
nc4k,2589.jpg,606x249,0,,,
nc4k,260.jpg,800x480,0,,,
nc4k,2725.jpg,800x480,0,,,
nc4k,2868.jpg,800x480,0,,,
nc4k,2888.jpg,800x480,0,,,
nc4k,2909.jpg,800x480,0,,,
nc4k,3035.jpg,800x480,0,,,
nc4k,3347.jpg,800x480,0,,,
nc4k,4001.jpg,800x480,0,,,
nc4k,4067.jpg,800x480,0,,,
nc4k,2601.jpg,953x500,0,,,
nc4k,2605.jpg,858x536,0,,,
nc4k,4353.jpg,858x536,0,,,
nc4k,4400.jpg,858x536,0,,,
nc4k,4449.jpg,858x536,0,,,
nc4k,4499.jpg,858x536,0,,,
nc4k,5390.jpg,858x536,0,,,
nc4k,2608.jpg,695x480,0,,,
nc4k,2612.jpg,753x435,0,,,
nc4k,2614.jpg,667x486,0,,,
nc4k,2615.jpg,667x376,0,,,
nc4k,4814.jpg,667x376,0,,,
nc4k,2616.jpg,962x722,0,,,
nc4k,2622.jpg,338x450,0,,,
nc4k,4763.jpg,338x450,0,,,
nc4k,4856.jpg,338x450,0,,,
nc4k,2623.jpg,748x900,0,,,
nc4k,2626.jpg,482x305,0,,,
nc4k,2630.jpg,900x597,0,,,
nc4k,4884.jpg,900x597,0,,,
nc4k,5753.jpg,900x597,0,,,
nc4k,697.jpg,900x597,0,,,
nc4k,2639.jpg,800x588,0,,,
nc4k,264.jpg,371x464,0,,,
nc4k,2640.jpg,894x768,0,,,
nc4k,2648.jpg,1012x594,0,,,
nc4k,2650.jpg,1137x598,0,,,
nc4k,2651.jpg,590x350,0,,,
nc4k,3533.jpg,590x350,0,,,
nc4k,5046.jpg,590x350,0,,,
nc4k,514.jpg,590x350,0,,,
nc4k,2655.jpg,640x465,0,,,
nc4k,3645.jpg,640x465,0,,,
nc4k,4303.jpg,640x465,0,,,
nc4k,5689.jpg,640x465,0,,,
nc4k,2656.jpg,636x358,0,,,
nc4k,2657.jpg,1000x630,0,,,
nc4k,2663.jpg,678x734,0,,,
nc4k,2666.jpg,615x410,0,,,
nc4k,894.jpg,615x410,0,,,
nc4k,2670.jpg,980x510,0,,,
nc4k,2675.jpg,640x481,0,,,
nc4k,4849.jpg,640x481,0,,,
nc4k,2678.jpg,480x321,0,,,
nc4k,2680.jpg,650x581,0,,,
nc4k,2681.jpg,735x490,0,,,
nc4k,2682.jpg,322x450,0,,,
nc4k,2683.jpg,1008x756,0,,,
nc4k,2686.jpg,600x462,0,,,
nc4k,2689.jpg,520x371,0,,,
nc4k,4488.jpg,520x371,0,,,
nc4k,2690.jpg,880x598,0,,,
nc4k,2692.jpg,348x480,0,,,
nc4k,2693.jpg,800x449,0,,,
nc4k,321.jpg,800x449,0,,,
nc4k,2694.jpg,800x723,0,,,
nc4k,2696.jpg,479x359,0,,,
nc4k,89.jpg,479x359,0,,,
nc4k,2697.jpg,641x482,0,,,
nc4k,2699.jpg,912x797,0,,,
nc4k,2703.jpg,640x376,0,,,
nc4k,599.jpg,640x376,0,,,
nc4k,2710.jpg,903x602,0,,,
nc4k,2712.jpg,1028x579,0,,,
nc4k,2727.jpg,1263x560,0,,,
nc4k,2731.jpg,790x526,0,,,
nc4k,2733.jpg,920x657,0,,,
nc4k,2734.jpg,550x365,0,,,
nc4k,2736.jpg,640x504,0,,,
nc4k,2741.jpg,500x329,0,,,
nc4k,2749.jpg,600x381,0,,,
nc4k,2750.jpg,849x565,0,,,
nc4k,2752.jpg,476x309,0,,,
nc4k,2763.jpg,744x496,0,,,
nc4k,2764.jpg,902x600,0,,,
nc4k,580.jpg,902x600,0,,,
nc4k,2774.jpg,720x860,0,,,
nc4k,2777.jpg,910x682,0,,,
nc4k,2947.jpg,910x682,0,,,
nc4k,3815.jpg,910x682,0,,,
nc4k,730.jpg,910x682,0,,,
nc4k,735.jpg,910x682,0,,,
nc4k,2778.jpg,800x550,0,,,
nc4k,2856.jpg,800x550,0,,,
nc4k,4411.jpg,800x550,0,,,
nc4k,4479.jpg,800x550,0,,,
nc4k,278.jpg,1000x707,0,,,
nc4k,2782.jpg,889x720,0,,,
nc4k,2784.jpg,605x543,0,,,
nc4k,2789.jpg,596x700,0,,,
nc4k,2790.jpg,640x463,0,,,
nc4k,2795.jpg,612x410,0,,,
nc4k,2796.jpg,335x500,0,,,
nc4k,2798.jpg,700x485,0,,,
nc4k,2807.jpg,910x579,0,,,
nc4k,2817.jpg,1025x579,0,,,
nc4k,2820.jpg,460x345,0,,,
nc4k,3090.jpg,460x345,0,,,
nc4k,4190.jpg,460x345,0,,,
nc4k,2823.jpg,440x292,0,,,
nc4k,2828.jpg,566x700,0,,,
nc4k,283.jpg,599x400,0,,,
nc4k,2834.jpg,500x351,0,,,
nc4k,2840.jpg,1072x716,0,,,
nc4k,2844.jpg,465x738,0,,,
nc4k,2847.jpg,725x783,0,,,
nc4k,285.jpg,600x425,0,,,
nc4k,2850.jpg,800x595,0,,,
nc4k,2853.jpg,299x470,0,,,
nc4k,4296.jpg,299x470,0,,,
nc4k,4305.jpg,299x470,0,,,
nc4k,5500.jpg,299x470,0,,,
nc4k,2854.jpg,634x418,0,,,
nc4k,2857.jpg,460x306,0,,,
nc4k,4200.jpg,460x306,0,,,
nc4k,2860.jpg,835x269,0,,,
nc4k,2862.jpg,640x368,0,,,
nc4k,850.jpg,640x368,0,,,
nc4k,2865.jpg,584x878,0,,,
nc4k,2867.jpg,638x800,0,,,
nc4k,2876.jpg,665x498,0,,,
nc4k,2879.jpg,728x672,0,,,
nc4k,288.jpg,500x394,0,,,
nc4k,2886.jpg,412x620,0,,,
nc4k,3246.jpg,412x620,0,,,
nc4k,290.jpg,550x827,0,,,
nc4k,2900.jpg,715x404,0,,,
nc4k,2906.jpg,1200x628,0,,,
nc4k,4959.jpg,1200x628,0,,,
nc4k,2914.jpg,900x484,0,,,
nc4k,2918.jpg,998x748,0,,,
nc4k,2920.jpg,638x953,0,,,
nc4k,2930.jpg,500x358,0,,,
nc4k,2943.jpg,600x750,0,,,
nc4k,2953.jpg,618x419,0,,,
nc4k,2964.jpg,650x979,0,,,
nc4k,297.jpg,640x493,0,,,
nc4k,2970.jpg,700x435,0,,,
nc4k,2971.jpg,512x290,0,,,
nc4k,2972.jpg,470x707,0,,,
nc4k,2975.jpg,560x386,0,,,
nc4k,2977.jpg,404x404,0,,,
nc4k,2984.jpg,755x366,0,,,
nc4k,2985.jpg,704x1024,0,,,
nc4k,299.jpg,584x462,0,,,
nc4k,2990.jpg,721x443,0,,,
nc4k,2993.jpg,1049x676,0,,,
nc4k,2994.jpg,640x416,0,,,
nc4k,2995.jpg,520x482,0,,,
nc4k,3003.jpg,640x490,0,,,
nc4k,3005.jpg,823x617,0,,,
nc4k,3006.jpg,520x390,0,,,
nc4k,4457.jpg,520x390,0,,,
nc4k,4523.jpg,520x390,0,,,
nc4k,4526.jpg,520x390,0,,,
nc4k,3012.jpg,695x476,0,,,
nc4k,3016.jpg,520x396,0,,,
nc4k,3019.jpg,755x328,0,,,
nc4k,3022.jpg,650x435,0,,,
nc4k,5357.jpg,650x435,0,,,
nc4k,3023.jpg,880x778,0,,,
nc4k,3024.jpg,910x626,0,,,
nc4k,3025.jpg,560x557,0,,,
nc4k,3030.jpg,610x578,0,,,
nc4k,3034.jpg,425x284,0,,,
nc4k,3041.jpg,670x375,0,,,
nc4k,3042.jpg,612x409,0,,,
nc4k,3044.jpg,900x591,0,,,
nc4k,3047.jpg,460x307,0,,,
nc4k,3788.jpg,460x307,0,,,
nc4k,3842.jpg,460x307,0,,,
nc4k,3905.jpg,460x307,0,,,
nc4k,4242.jpg,460x307,0,,,
nc4k,4252.jpg,460x307,0,,,
nc4k,766.jpg,460x307,0,,,
nc4k,3049.jpg,766x1005,0,,,
nc4k,305.jpg,645x644,0,,,
nc4k,3054.jpg,602x473,0,,,
nc4k,3062.jpg,900x655,0,,,
nc4k,3063.jpg,900x540,0,,,
nc4k,5519.jpg,900x540,0,,,
nc4k,5636.jpg,900x540,0,,,
nc4k,3070.jpg,505x674,0,,,
nc4k,3074.jpg,419x450,0,,,
nc4k,3079.jpg,630x354,0,,,
nc4k,3081.jpg,711x480,0,,,
nc4k,3084.jpg,910x608,0,,,
nc4k,3960.jpg,910x608,0,,,
nc4k,4371.jpg,910x608,0,,,
nc4k,717.jpg,910x608,0,,,
nc4k,3089.jpg,700x409,0,,,
nc4k,3092.jpg,640x407,0,,,
nc4k,3171.jpg,640x407,0,,,
nc4k,3097.jpg,451x450,0,,,
nc4k,3115.jpg,640x329,0,,,
nc4k,3119.jpg,337x418,0,,,
nc4k,312.jpg,641x643,0,,,
nc4k,3121.jpg,500x335,0,,,
nc4k,3248.jpg,500x335,0,,,
nc4k,3872.jpg,500x335,0,,,
nc4k,5537.jpg,500x335,0,,,
nc4k,3124.jpg,850x682,0,,,
nc4k,3125.jpg,584x436,0,,,
nc4k,3127.jpg,598x900,0,,,
nc4k,3128.jpg,725x544,0,,,
nc4k,3131.jpg,482x362,0,,,
nc4k,3134.jpg,640x425,0,,,
nc4k,5371.jpg,640x425,0,,,
nc4k,5625.jpg,640x425,0,,,
nc4k,861.jpg,640x425,0,,,
nc4k,3135.jpg,540x315,0,,,
nc4k,3137.jpg,676x1049,0,,,
nc4k,3138.jpg,700x400,0,,,
nc4k,4133.jpg,700x400,0,,,
nc4k,5712.jpg,700x400,0,,,
nc4k,3139.jpg,650x418,0,,,
nc4k,3142.jpg,634x947,0,,,
nc4k,3143.jpg,403x600,0,,,
nc4k,3146.jpg,361x512,0,,,
nc4k,3152.jpg,612x376,0,,,
nc4k,3153.jpg,495x297,0,,,
nc4k,3155.jpg,870x900,0,,,
nc4k,3156.jpg,665x460,0,,,
nc4k,3157.jpg,1024x481,0,,,
nc4k,3158.jpg,675x900,0,,,
nc4k,3369.jpg,675x900,0,,,
nc4k,3405.jpg,675x900,0,,,
nc4k,4099.jpg,675x900,0,,,
nc4k,4456.jpg,675x900,0,,,
nc4k,4864.jpg,675x900,0,,,
nc4k,4947.jpg,675x900,0,,,
nc4k,5014.jpg,675x900,0,,,
nc4k,508.jpg,675x900,0,,,
nc4k,597.jpg,675x900,0,,,
nc4k,3161.jpg,615x926,0,,,
nc4k,3188.jpg,615x926,0,,,
nc4k,3163.jpg,634x424,0,,,
nc4k,3164.jpg,522x348,0,,,
nc4k,954.jpg,522x348,0,,,
nc4k,3168.jpg,460x305,0,,,
nc4k,3169.jpg,500x533,0,,,
nc4k,3172.jpg,604x503,0,,,
nc4k,3176.jpg,450x286,0,,,
nc4k,3177.jpg,398x600,0,,,
nc4k,3804.jpg,398x600,0,,,
nc4k,5733.jpg,398x600,0,,,
nc4k,3178.jpg,650x488,0,,,
nc4k,4307.jpg,650x488,0,,,
nc4k,4461.jpg,650x488,0,,,
nc4k,872.jpg,650x488,0,,,
nc4k,318.jpg,458x640,0,,,
nc4k,3180.jpg,648x1000,0,,,
nc4k,4094.jpg,648x1000,0,,,
nc4k,3181.jpg,658x864,0,,,
nc4k,3184.jpg,459x600,0,,,
nc4k,3299.jpg,459x600,0,,,
nc4k,3186.jpg,300x448,0,,,
nc4k,3187.jpg,699x551,0,,,
nc4k,3189.jpg,632x322,0,,,
nc4k,3194.jpg,574x860,0,,,
nc4k,3195.jpg,500x690,0,,,
nc4k,3197.jpg,850x613,0,,,
nc4k,3198.jpg,407x587,0,,,
nc4k,3199.jpg,900x506,0,,,
nc4k,4949.jpg,900x506,0,,,
nc4k,5605.jpg,900x506,0,,,
nc4k,3200.jpg,530x738,0,,,
nc4k,3201.jpg,720x403,0,,,
nc4k,3205.jpg,889x593,0,,,
nc4k,3206.jpg,537x750,0,,,
nc4k,3207.jpg,910x480,0,,,
nc4k,3208.jpg,624x468,0,,,
nc4k,3209.jpg,753x485,0,,,
nc4k,5312.jpg,753x485,0,,,
nc4k,3211.jpg,580x440,0,,,
nc4k,3214.jpg,410x327,0,,,
nc4k,3216.jpg,324x480,0,,,
nc4k,3219.jpg,800x468,0,,,
nc4k,322.jpg,624x351,0,,,
nc4k,3221.jpg,721x578,0,,,
nc4k,3227.jpg,800x814,0,,,
nc4k,323.jpg,900x528,0,,,
nc4k,3232.jpg,500x650,0,,,
nc4k,3234.jpg,497x330,0,,,
nc4k,3236.jpg,562x562,0,,,
nc4k,5237.jpg,562x562,0,,,
nc4k,3240.jpg,600x751,0,,,
nc4k,3242.jpg,604x400,0,,,
nc4k,3243.jpg,650x420,0,,,
nc4k,3250.jpg,800x497,0,,,
nc4k,3575.jpg,800x497,0,,,
nc4k,3251.jpg,610x750,0,,,
nc4k,326.jpg,400x517,0,,,
nc4k,3261.jpg,835x554,0,,,
nc4k,3262.jpg,640x401,0,,,
nc4k,3267.jpg,632x474,0,,,
nc4k,3271.jpg,500x285,0,,,
nc4k,3272.jpg,543x383,0,,,
nc4k,3273.jpg,459x612,0,,,
nc4k,4911.jpg,459x612,0,,,
nc4k,3277.jpg,640x492,0,,,
nc4k,3278.jpg,1072x728,0,,,
nc4k,3279.jpg,964x651,0,,,
nc4k,3280.jpg,800x416,0,,,
nc4k,3281.jpg,631x473,0,,,
nc4k,3283.jpg,700x449,0,,,
nc4k,3285.jpg,398x620,0,,,
nc4k,3286.jpg,740x493,0,,,
nc4k,5399.jpg,740x493,0,,,
nc4k,3291.jpg,400x500,0,,,
nc4k,5067.jpg,400x500,0,,,
nc4k,3294.jpg,728x436,0,,,
nc4k,3300.jpg,678x427,0,,,
nc4k,3303.jpg,450x305,0,,,
nc4k,3304.jpg,500x432,0,,,
nc4k,3306.jpg,728x657,0,,,
nc4k,3308.jpg,501x473,0,,,
nc4k,3312.jpg,797x469,0,,,
nc4k,3314.jpg,394x600,0,,,
nc4k,3329.jpg,394x600,0,,,
nc4k,5449.jpg,394x600,0,,,
nc4k,5740.jpg,394x600,0,,,
nc4k,332.jpg,1023x727,0,,,
nc4k,3320.jpg,612x419,0,,,
nc4k,3321.jpg,900x589,0,,,
nc4k,3326.jpg,723x1024,0,,,
nc4k,3331.jpg,467x293,0,,,
nc4k,3332.jpg,420x580,0,,,
nc4k,3333.jpg,612x608,0,,,
nc4k,3334.jpg,1000x613,0,,,
nc4k,3335.jpg,520x476,0,,,
nc4k,3336.jpg,860x641,0,,,
nc4k,3345.jpg,902x614,0,,,
nc4k,3346.jpg,776x517,0,,,
nc4k,3349.jpg,509x280,0,,,
nc4k,3353.jpg,860x484,0,,,
nc4k,3357.jpg,664x440,0,,,
nc4k,3376.jpg,682x681,0,,,
nc4k,3379.jpg,600x454,0,,,
nc4k,3387.jpg,700x420,0,,,
nc4k,3390.jpg,366x550,0,,,
nc4k,340.jpg,1440x411,0,,,
nc4k,3402.jpg,600x383,0,,,
nc4k,3410.jpg,800x545,0,,,
nc4k,3414.jpg,750x941,0,,,
nc4k,3416.jpg,800x603,0,,,
nc4k,398.jpg,800x603,0,,,
nc4k,3418.jpg,1030x644,0,,,
nc4k,3420.jpg,509x339,0,,,
nc4k,3484.jpg,509x339,0,,,
nc4k,4705.jpg,509x339,0,,,
nc4k,3425.jpg,440x316,0,,,
nc4k,3426.jpg,798x798,0,,,
nc4k,3427.jpg,900x707,0,,,
nc4k,666.jpg,900x707,0,,,
nc4k,3428.jpg,601x900,0,,,
nc4k,3430.jpg,704x456,0,,,
nc4k,3437.jpg,782x411,0,,,
nc4k,3444.jpg,650x620,0,,,
nc4k,3449.jpg,700x484,0,,,
nc4k,3454.jpg,582x900,0,,,
nc4k,3456.jpg,750x525,0,,,
nc4k,3457.jpg,577x433,0,,,
nc4k,3458.jpg,640x351,0,,,
nc4k,3462.jpg,531x500,0,,,
nc4k,3463.jpg,531x354,0,,,
nc4k,3470.jpg,512x372,0,,,
nc4k,3479.jpg,960x819,0,,,
nc4k,3486.jpg,900x672,0,,,
nc4k,3487.jpg,640x419,0,,,
nc4k,3490.jpg,787x356,0,,,
nc4k,3491.jpg,566x800,0,,,
nc4k,3493.jpg,900x674,0,,,
nc4k,3500.jpg,480x402,0,,,
nc4k,3506.jpg,560x412,0,,,
nc4k,3511.jpg,450x559,0,,,
nc4k,3512.jpg,968x645,0,,,
nc4k,3519.jpg,373x560,0,,,
nc4k,4509.jpg,373x560,0,,,
nc4k,3522.jpg,900x521,0,,,
nc4k,3523.jpg,615x480,0,,,
nc4k,3525.jpg,634x393,0,,,
nc4k,3527.jpg,600x887,0,,,
nc4k,3537.jpg,1072x603,0,,,
nc4k,3540.jpg,634x644,0,,,
nc4k,3545.jpg,449x300,0,,,
nc4k,3549.jpg,851x593,0,,,
nc4k,3557.jpg,639x451,0,,,
nc4k,3561.jpg,1000x722,0,,,
nc4k,5233.jpg,1000x722,0,,,
nc4k,3562.jpg,800x400,0,,,
nc4k,4139.jpg,800x400,0,,,
nc4k,4686.jpg,800x400,0,,,
nc4k,5236.jpg,800x400,0,,,
nc4k,3568.jpg,634x851,0,,,
nc4k,3570.jpg,716x678,0,,,
nc4k,3572.jpg,598x480,0,,,
nc4k,3573.jpg,1000x655,0,,,
nc4k,3576.jpg,573x382,0,,,
nc4k,3579.jpg,650x650,0,,,
nc4k,5499.jpg,650x650,0,,,
nc4k,3582.jpg,938x168,0,,,
nc4k,3583.jpg,620x386,0,,,
nc4k,3585.jpg,950x400,0,,,
nc4k,3587.jpg,633x497,0,,,
nc4k,3589.jpg,474x316,0,,,
nc4k,3591.jpg,380x379,0,,,
nc4k,3595.jpg,1000x695,0,,,
nc4k,3596.jpg,650x569,0,,,
nc4k,3597.jpg,750x461,0,,,
nc4k,3599.jpg,840x840,0,,,
nc4k,3602.jpg,768x794,0,,,
nc4k,3603.jpg,1000x652,0,,,
nc4k,4984.jpg,1000x652,0,,,
nc4k,3605.jpg,505x500,0,,,
nc4k,3606.jpg,500x314,0,,,
nc4k,3609.jpg,792x445,0,,,
nc4k,3610.jpg,602x753,0,,,
nc4k,3613.jpg,900x542,0,,,
nc4k,3620.jpg,450x315,0,,,
nc4k,3622.jpg,794x533,0,,,
nc4k,3627.jpg,641x642,0,,,
nc4k,3631.jpg,450x335,0,,,
nc4k,3632.jpg,865x452,0,,,
nc4k,3633.jpg,544x768,0,,,
nc4k,3635.jpg,660x393,0,,,
nc4k,3638.jpg,660x463,0,,,
nc4k,3639.jpg,1008x768,0,,,
nc4k,3642.jpg,560x322,0,,,
nc4k,3656.jpg,634x357,0,,,
nc4k,366.jpg,512x343,0,,,
nc4k,4424.jpg,512x343,0,,,
nc4k,3662.jpg,660x495,0,,,
nc4k,3666.jpg,590x300,0,,,
nc4k,3668.jpg,563x373,0,,,
nc4k,3679.jpg,425x425,0,,,
nc4k,3686.jpg,450x327,0,,,
nc4k,3688.jpg,1049x699,0,,,
nc4k,5425.jpg,1049x699,0,,,
nc4k,5447.jpg,1049x699,0,,,
nc4k,5495.jpg,1049x699,0,,,
nc4k,3694.jpg,800x828,0,,,
nc4k,3695.jpg,660x440,0,,,
nc4k,638.jpg,660x440,0,,,
nc4k,3696.jpg,800x617,0,,,
nc4k,3699.jpg,825x510,0,,,
nc4k,3702.jpg,640x562,0,,,
nc4k,3703.jpg,1048x700,0,,,
nc4k,371.jpg,530x351,0,,,
nc4k,3711.jpg,640x508,0,,,
nc4k,3712.jpg,550x369,0,,,
nc4k,3720.jpg,900x649,0,,,
nc4k,3721.jpg,1024x482,0,,,
nc4k,3723.jpg,755x514,0,,,
nc4k,3726.jpg,630x420,0,,,
nc4k,3730.jpg,510x340,0,,,
nc4k,4293.jpg,510x340,0,,,
nc4k,4441.jpg,510x340,0,,,
nc4k,5490.jpg,510x340,0,,,
nc4k,3731.jpg,697x1049,0,,,
nc4k,3738.jpg,309x400,0,,,
nc4k,3740.jpg,900x524,0,,,
nc4k,3741.jpg,780x373,0,,,
nc4k,3748.jpg,287x470,0,,,
nc4k,3754.jpg,570x380,0,,,
nc4k,3756.jpg,400x620,0,,,
nc4k,3783.jpg,400x620,0,,,
nc4k,4214.jpg,400x620,0,,,
nc4k,3757.jpg,600x933,0,,,
nc4k,376.jpg,550x394,0,,,
nc4k,3764.jpg,900x719,0,,,
nc4k,3775.jpg,640x903,0,,,
nc4k,3782.jpg,405x720,0,,,
nc4k,3785.jpg,910x520,0,,,
nc4k,3786.jpg,1200x609,0,,,
nc4k,5530.jpg,1200x609,0,,,
nc4k,379.jpg,600x460,0,,,
nc4k,3792.jpg,960x644,0,,,
nc4k,3793.jpg,910x519,0,,,
nc4k,3794.jpg,699x1024,0,,,
nc4k,3801.jpg,400x519,0,,,
nc4k,3802.jpg,1086x724,0,,,
nc4k,3805.jpg,460x319,0,,,
nc4k,3807.jpg,478x359,0,,,
nc4k,3813.jpg,460x262,0,,,
nc4k,3814.jpg,600x898,0,,,
nc4k,3816.jpg,493x640,0,,,
nc4k,382.jpg,675x450,0,,,
nc4k,5932.jpg,675x450,0,,,
nc4k,3820.jpg,1100x633,0,,,
nc4k,3821.jpg,768x548,0,,,
nc4k,3825.jpg,640x618,0,,,
nc4k,3834.jpg,500x337,0,,,
nc4k,3841.jpg,650x975,0,,,
nc4k,3844.jpg,535x337,0,,,
nc4k,3846.jpg,900x792,0,,,
nc4k,3856.jpg,1088x544,0,,,
nc4k,3858.jpg,450x357,0,,,
nc4k,3861.jpg,727x727,0,,,
nc4k,3866.jpg,640x358,0,,,
nc4k,3867.jpg,1100x636,0,,,
nc4k,3869.jpg,695x300,0,,,
nc4k,387.jpg,604x403,0,,,
nc4k,3871.jpg,700x445,0,,,
nc4k,3874.jpg,999x768,0,,,
nc4k,3875.jpg,550x550,0,,,
nc4k,891.jpg,550x550,0,,,
nc4k,3877.jpg,820x488,0,,,
nc4k,3878.jpg,480x800,0,,,
nc4k,3879.jpg,964x640,0,,,
nc4k,5864.jpg,964x640,0,,,
nc4k,388.jpg,600x351,0,,,
nc4k,3882.jpg,640x526,0,,,
nc4k,3883.jpg,512x333,0,,,
nc4k,3888.jpg,1049x696,0,,,
nc4k,5620.jpg,1049x696,0,,,
nc4k,3889.jpg,567x850,0,,,
nc4k,389.jpg,520x347,0,,,
nc4k,3894.jpg,608x320,0,,,
nc4k,3901.jpg,608x320,0,,,
nc4k,3906.jpg,910x702,0,,,
nc4k,3911.jpg,640x440,0,,,
nc4k,3912.jpg,400x533,0,,,
nc4k,3915.jpg,415x311,0,,,
nc4k,3924.jpg,750x360,0,,,
nc4k,3929.jpg,660x960,0,,,
nc4k,3934.jpg,334x500,0,,,
nc4k,4215.jpg,334x500,0,,,
nc4k,3937.jpg,451x679,0,,,
nc4k,394.jpg,480x361,0,,,
nc4k,3951.jpg,1050x694,0,,,
nc4k,3955.jpg,625x352,0,,,
nc4k,3956.jpg,902x507,0,,,
nc4k,396.jpg,540x405,0,,,
nc4k,5028.jpg,540x405,0,,,
nc4k,5057.jpg,540x405,0,,,
nc4k,3962.jpg,533x849,0,,,
nc4k,3970.jpg,640x467,0,,,
nc4k,4388.jpg,640x467,0,,,
nc4k,3972.jpg,650x477,0,,,
nc4k,3977.jpg,1000x779,0,,,
nc4k,3978.jpg,800x790,0,,,
nc4k,3981.jpg,697x1050,0,,,
nc4k,3986.jpg,910x511,0,,,
nc4k,3989.jpg,559x340,0,,,
nc4k,3990.jpg,780x469,0,,,
nc4k,3991.jpg,300x470,0,,,
nc4k,3997.jpg,885x432,0,,,
nc4k,4002.jpg,1000x772,0,,,
nc4k,4004.jpg,425x286,0,,,
nc4k,4006.jpg,810x540,0,,,
nc4k,4748.jpg,810x540,0,,,
nc4k,4009.jpg,600x470,0,,,
nc4k,4329.jpg,600x470,0,,,
nc4k,5474.jpg,600x470,0,,,
nc4k,4015.jpg,640x569,0,,,
nc4k,4028.jpg,593x900,0,,,
nc4k,4096.jpg,593x900,0,,,
nc4k,4029.jpg,620x412,0,,,
nc4k,4030.jpg,473x315,0,,,
nc4k,4032.jpg,650x452,0,,,
nc4k,5197.jpg,650x452,0,,,
nc4k,4033.jpg,774x774,0,,,
nc4k,4040.jpg,704x396,0,,,
nc4k,4041.jpg,940x627,0,,,
nc4k,5683.jpg,940x627,0,,,
nc4k,4042.jpg,846x480,0,,,
nc4k,4044.jpg,639x426,0,,,
nc4k,4045.jpg,456x275,0,,,
nc4k,4046.jpg,640x413,0,,,
nc4k,405.jpg,706x900,0,,,
nc4k,4057.jpg,596x380,0,,,
nc4k,4059.jpg,590x332,0,,,
nc4k,417.jpg,590x332,0,,,
nc4k,5544.jpg,590x332,0,,,
nc4k,406.jpg,693x710,0,,,
nc4k,4062.jpg,568x389,0,,,
nc4k,4063.jpg,853x567,0,,,
nc4k,4069.jpg,634x358,0,,,
nc4k,446.jpg,634x358,0,,,
nc4k,4071.jpg,854x481,0,,,
nc4k,4074.jpg,758x416,0,,,
nc4k,4076.jpg,512x379,0,,,
nc4k,4080.jpg,700x454,0,,,
nc4k,4082.jpg,980x656,0,,,
nc4k,4084.jpg,750x491,0,,,
nc4k,4087.jpg,500x364,0,,,
nc4k,4091.jpg,1049x675,0,,,
nc4k,4098.jpg,634x429,0,,,
nc4k,4104.jpg,568x293,0,,,
nc4k,4106.jpg,570x1130,0,,,
nc4k,4110.jpg,450x275,0,,,
nc4k,4115.jpg,425x638,0,,,
nc4k,4116.jpg,320x435,0,,,
nc4k,412.jpg,602x725,0,,,
nc4k,4123.jpg,650x426,0,,,
nc4k,5392.jpg,650x426,0,,,
nc4k,4127.jpg,1049x677,0,,,
nc4k,413.jpg,835x556,0,,,
nc4k,423.jpg,835x556,0,,,
nc4k,4130.jpg,568x351,0,,,
nc4k,4132.jpg,700x1054,0,,,
nc4k,4148.jpg,908x405,0,,,
nc4k,4153.jpg,1100x709,0,,,
nc4k,4157.jpg,731x487,0,,,
nc4k,4159.jpg,474x632,0,,,
nc4k,4163.jpg,608x900,0,,,
nc4k,4165.jpg,540x540,0,,,
nc4k,4168.jpg,500x387,0,,,
nc4k,4170.jpg,960x635,0,,,
nc4k,4179.jpg,391x387,0,,,
nc4k,4181.jpg,594x900,0,,,
nc4k,4191.jpg,860x618,0,,,
nc4k,4192.jpg,500x386,0,,,
nc4k,4199.jpg,512x345,0,,,
nc4k,420.jpg,640x910,0,,,
nc4k,4201.jpg,430x286,0,,,
nc4k,4210.jpg,728x455,0,,,
nc4k,5822.jpg,728x455,0,,,
nc4k,4212.jpg,634x422,0,,,
nc4k,5183.jpg,634x422,0,,,
nc4k,5935.jpg,634x422,0,,,
nc4k,4213.jpg,820x547,0,,,
nc4k,4216.jpg,680x1023,0,,,
nc4k,422.jpg,710x480,0,,,
nc4k,4223.jpg,336x511,0,,,
nc4k,4225.jpg,700x456,0,,,
nc4k,4234.jpg,728x484,0,,,
nc4k,5206.jpg,728x484,0,,,
nc4k,4239.jpg,600x548,0,,,
nc4k,424.jpg,768x511,0,,,
nc4k,4245.jpg,496x704,0,,,
nc4k,4249.jpg,1000x683,0,,,
nc4k,4253.jpg,700x458,0,,,
nc4k,4278.jpg,700x458,0,,,
nc4k,5401.jpg,700x458,0,,,
nc4k,4254.jpg,619x413,0,,,
nc4k,4255.jpg,612x407,0,,,
nc4k,4521.jpg,612x407,0,,,
nc4k,4258.jpg,448x320,0,,,
nc4k,426.jpg,600x510,0,,,
nc4k,4261.jpg,612x396,0,,,
nc4k,4264.jpg,832x910,0,,,
nc4k,4265.jpg,618x449,0,,,
nc4k,4266.jpg,700x469,0,,,
nc4k,5025.jpg,700x469,0,,,
nc4k,4273.jpg,420x349,0,,,
nc4k,4275.jpg,390x340,0,,,
nc4k,4280.jpg,700x504,0,,,
nc4k,4282.jpg,605x535,0,,,
nc4k,429.jpg,740x530,0,,,
nc4k,4299.jpg,551x368,0,,,
nc4k,4308.jpg,468x264,0,,,
nc4k,4312.jpg,625x351,0,,,
nc4k,4317.jpg,900x619,0,,,
nc4k,4319.jpg,545x313,0,,,
nc4k,4321.jpg,551x550,0,,,
nc4k,4328.jpg,536x356,0,,,
nc4k,4334.jpg,500x363,0,,,
nc4k,4335.jpg,680x453,0,,,
nc4k,4338.jpg,727x477,0,,,
nc4k,4340.jpg,340x511,0,,,
nc4k,4343.jpg,426x628,0,,,
nc4k,4349.jpg,455x454,0,,,
nc4k,4465.jpg,455x454,0,,,
nc4k,4350.jpg,502x375,0,,,
nc4k,4355.jpg,454x453,0,,,
nc4k,5652.jpg,454x453,0,,,
nc4k,4362.jpg,450x306,0,,,
nc4k,4363.jpg,800x616,0,,,
nc4k,4366.jpg,379x479,0,,,
nc4k,437.jpg,500x362,0,,,
nc4k,4374.jpg,1160x600,0,,,
nc4k,4378.jpg,414x621,0,,,
nc4k,4380.jpg,456x416,0,,,
nc4k,4384.jpg,1080x699,0,,,
nc4k,4385.jpg,701x900,0,,,
nc4k,4387.jpg,800x647,0,,,
nc4k,4389.jpg,454x700,0,,,
nc4k,4391.jpg,454x456,0,,,
nc4k,4657.jpg,454x456,0,,,
nc4k,4395.jpg,567x631,0,,,
nc4k,4396.jpg,632x398,0,,,
nc4k,4397.jpg,567x386,0,,,
nc4k,440.jpg,682x852,0,,,
nc4k,4404.jpg,612x485,0,,,
nc4k,4406.jpg,500x349,0,,,
nc4k,4407.jpg,500x324,0,,,
nc4k,4409.jpg,699x1044,0,,,
nc4k,4413.jpg,650x1024,0,,,
nc4k,4414.jpg,650x388,0,,,
nc4k,4416.jpg,650x388,0,,,
nc4k,4418.jpg,678x864,0,,,
nc4k,4419.jpg,800x681,0,,,
nc4k,4420.jpg,620x330,0,,,
nc4k,4425.jpg,865x829,0,,,
nc4k,4426.jpg,990x660,0,,,
nc4k,4627.jpg,990x660,0,,,
nc4k,4427.jpg,372x464,0,,,
nc4k,4429.jpg,675x665,0,,,
nc4k,4430.jpg,632x422,0,,,
nc4k,4432.jpg,1000x755,0,,,
nc4k,4434.jpg,646x437,0,,,
nc4k,4443.jpg,350x480,0,,,
nc4k,4444.jpg,850x565,0,,,
nc4k,4445.jpg,700x384,0,,,
nc4k,4451.jpg,566x400,0,,,
nc4k,4453.jpg,640x594,0,,,
nc4k,4454.jpg,348x360,0,,,
nc4k,4455.jpg,540x302,0,,,
nc4k,4463.jpg,600x310,0,,,
nc4k,4464.jpg,656x369,0,,,
nc4k,4466.jpg,800x369,0,,,
nc4k,4469.jpg,512x512,0,,,
nc4k,4470.jpg,801x536,0,,,
nc4k,4471.jpg,500x368,0,,,
nc4k,4472.jpg,512x256,0,,,
nc4k,4480.jpg,300x503,0,,,
nc4k,4483.jpg,512x377,0,,,
nc4k,4484.jpg,400x355,9,50.1,local,SOD_4790.jpg
nc4k,4485.jpg,620x825,0,,,
nc4k,449.jpg,491x492,0,,,
nc4k,4495.jpg,400x559,0,,,
nc4k,4498.jpg,320x481,0,,,
nc4k,4500.jpg,750x944,0,,,
nc4k,4501.jpg,341x512,0,,,
nc4k,4502.jpg,750x750,0,,,
nc4k,624.jpg,750x750,0,,,
nc4k,4503.jpg,560x521,0,,,
nc4k,4508.jpg,454x454,0,,,
nc4k,4518.jpg,454x454,0,,,
nc4k,5216.jpg,454x454,0,,,
nc4k,5674.jpg,454x454,0,,,
nc4k,4510.jpg,800x539,0,,,
nc4k,5586.jpg,800x539,0,,,
nc4k,4513.jpg,512x340,0,,,
nc4k,4517.jpg,567x321,0,,,
nc4k,4519.jpg,520x293,0,,,
nc4k,4524.jpg,455x453,0,,,
nc4k,4530.jpg,453x454,0,,,
nc4k,4881.jpg,453x454,0,,,
nc4k,5149.jpg,453x454,0,,,
nc4k,5562.jpg,453x454,0,,,
nc4k,4532.jpg,1010x678,0,,,
nc4k,4533.jpg,600x347,0,,,
nc4k,4538.jpg,768x500,0,,,
nc4k,4543.jpg,608x810,0,,,
nc4k,455.jpg,720x497,0,,,
nc4k,4559.jpg,829x500,0,,,
nc4k,4566.jpg,695x624,0,,,
nc4k,4572.jpg,470x709,0,,,
nc4k,4576.jpg,668x376,0,,,
nc4k,4615.jpg,668x376,0,,,
nc4k,4579.jpg,438x500,0,,,
nc4k,4582.jpg,669x377,0,,,
nc4k,5767.jpg,669x377,0,,,
nc4k,4586.jpg,535x340,0,,,
nc4k,4587.jpg,599x405,0,,,
nc4k,4589.jpg,700x425,0,,,
nc4k,4591.jpg,750x504,0,,,
nc4k,4592.jpg,835x557,0,,,
nc4k,4652.jpg,835x557,0,,,
nc4k,4912.jpg,835x557,0,,,
nc4k,492.jpg,835x557,0,,,
nc4k,5817.jpg,835x557,0,,,
nc4k,4597.jpg,576x864,0,,,
nc4k,4598.jpg,1080x720,0,,,
nc4k,5492.jpg,1080x720,0,,,
nc4k,46.jpg,424x359,0,,,
nc4k,4601.jpg,650x487,0,,,
nc4k,4602.jpg,700x361,0,,,
nc4k,461.jpg,1000x759,0,,,
nc4k,4610.jpg,1000x639,0,,,
nc4k,4612.jpg,760x832,0,,,
nc4k,4619.jpg,733x500,0,,,
nc4k,4623.jpg,626x409,0,,,
nc4k,4626.jpg,620x382,0,,,
nc4k,4628.jpg,1055x712,0,,,
nc4k,4638.jpg,925x660,0,,,
nc4k,4640.jpg,651x990,0,,,
nc4k,4642.jpg,1000x563,0,,,
nc4k,5247.jpg,1000x563,0,,,
nc4k,5577.jpg,1000x563,0,,,
nc4k,4647.jpg,600x503,0,,,
nc4k,4648.jpg,999x667,0,,,
nc4k,465.jpg,910x605,0,,,
nc4k,4659.jpg,720x404,0,,,
nc4k,466.jpg,850x364,0,,,
nc4k,4660.jpg,800x577,0,,,
nc4k,4661.jpg,550x826,0,,,
nc4k,4667.jpg,700x382,0,,,
nc4k,4671.jpg,560x394,0,,,
nc4k,4673.jpg,900x594,0,,,
nc4k,4679.jpg,669x344,0,,,
nc4k,468.jpg,468x791,0,,,
nc4k,4680.jpg,600x396,0,,,
nc4k,4688.jpg,721x481,0,,,
nc4k,4692.jpg,548x800,0,,,
nc4k,4697.jpg,600x447,0,,,
nc4k,4699.jpg,960x717,0,,,
nc4k,4701.jpg,800x456,0,,,
nc4k,4704.jpg,790x444,0,,,
nc4k,4708.jpg,968x648,0,,,
nc4k,4711.jpg,986x554,0,,,
nc4k,4714.jpg,775x515,0,,,
nc4k,4723.jpg,1200x584,0,,,
nc4k,4727.jpg,525x351,0,,,
nc4k,4728.jpg,980x653,0,,,
nc4k,4731.jpg,996x560,0,,,
nc4k,4732.jpg,620x305,0,,,
nc4k,4744.jpg,640x365,0,,,
nc4k,4745.jpg,800x425,0,,,
nc4k,4746.jpg,667x500,0,,,
nc4k,5947.jpg,667x500,0,,,
nc4k,4747.jpg,530x300,0,,,
nc4k,4749.jpg,450x285,0,,,
nc4k,4751.jpg,1200x502,0,,,
nc4k,4753.jpg,1025x625,0,,,
nc4k,4754.jpg,500x356,0,,,
nc4k,4756.jpg,474x474,0,,,
nc4k,5426.jpg,474x474,0,,,
nc4k,4757.jpg,1023x541,0,,,
nc4k,4759.jpg,840x524,0,,,
nc4k,4765.jpg,635x443,0,,,
nc4k,4766.jpg,700x304,0,,,
nc4k,477.jpg,500x370,0,,,
nc4k,4771.jpg,660x390,0,,,
nc4k,4772.jpg,650x427,0,,,
nc4k,4775.jpg,512x496,0,,,
nc4k,4777.jpg,891x593,0,,,
nc4k,4778.jpg,615x409,0,,,
nc4k,4783.jpg,416x416,0,,,
nc4k,5598.jpg,416x416,0,,,
nc4k,4788.jpg,757x500,0,,,
nc4k,4796.jpg,1049x700,0,,,
nc4k,480.jpg,964x670,0,,,
nc4k,4801.jpg,1000x700,0,,,
nc4k,903.jpg,1000x700,0,,,
nc4k,4806.jpg,470x274,0,,,
nc4k,4807.jpg,268x552,0,,,
nc4k,4808.jpg,634x336,0,,,
nc4k,4810.jpg,474x355,0,,,
nc4k,807.jpg,474x355,0,,,
nc4k,4818.jpg,626x360,0,,,
nc4k,4824.jpg,541x406,0,,,
nc4k,4825.jpg,1300x530,0,,,
nc4k,4828.jpg,536x750,0,,,
nc4k,4836.jpg,668x378,0,,,
nc4k,4846.jpg,650x549,0,,,
nc4k,4850.jpg,750x499,0,,,
nc4k,486.jpg,524x292,0,,,
nc4k,4865.jpg,640x424,0,,,
nc4k,4871.jpg,500x287,0,,,
nc4k,4872.jpg,433x324,0,,,
nc4k,4874.jpg,900x438,0,,,
nc4k,4876.jpg,535x800,0,,,
nc4k,488.jpg,512x376,0,,,
nc4k,4885.jpg,960x692,0,,,
nc4k,4886.jpg,424x640,0,,,
nc4k,4888.jpg,540x298,0,,,
nc4k,4890.jpg,635x476,0,,,
nc4k,4891.jpg,576x446,0,,,
nc4k,490.jpg,638x359,0,,,
nc4k,4902.jpg,499x480,0,,,
nc4k,4913.jpg,720x558,0,,,
nc4k,4914.jpg,640x557,0,,,
nc4k,4922.jpg,720x674,0,,,
nc4k,4923.jpg,785x900,0,,,
nc4k,4924.jpg,900x644,0,,,
nc4k,4931.jpg,570x427,0,,,
nc4k,4934.jpg,550x414,0,,,
nc4k,4935.jpg,800x516,0,,,
nc4k,4939.jpg,451x620,0,,,
nc4k,4945.jpg,650x473,0,,,
nc4k,4946.jpg,900x796,0,,,
nc4k,4948.jpg,960x727,0,,,
nc4k,495.jpg,836x552,0,,,
nc4k,4956.jpg,512x360,0,,,
nc4k,4961.jpg,800x524,0,,,
nc4k,4968.jpg,625x417,0,,,
nc4k,4979.jpg,625x417,0,,,
nc4k,4993.jpg,625x417,0,,,
nc4k,4971.jpg,728x492,0,,,
nc4k,4977.jpg,450x274,0,,,
nc4k,4978.jpg,915x610,0,,,
nc4k,4980.jpg,634x423,0,,,
nc4k,4986.jpg,960x504,0,,,
nc4k,4987.jpg,477x268,0,,,
nc4k,4995.jpg,964x614,0,,,
nc4k,4997.jpg,580x300,0,,,
nc4k,4999.jpg,925x612,0,,,
nc4k,5.jpg,668x446,0,,,
nc4k,5310.jpg,668x446,0,,,
nc4k,500.jpg,504x630,0,,,
nc4k,5001.jpg,640x326,0,,,
nc4k,5003.jpg,875x583,0,,,
nc4k,5005.jpg,970x697,0,,,
nc4k,5009.jpg,1600x450,0,,,
nc4k,501.jpg,670x600,0,,,
nc4k,576.jpg,670x600,0,,,
nc4k,5012.jpg,600x434,0,,,
nc4k,704.jpg,600x434,0,,,
nc4k,5018.jpg,425x391,0,,,
nc4k,5022.jpg,700x393,0,,,
nc4k,5030.jpg,712x900,0,,,
nc4k,5033.jpg,825x549,0,,,
nc4k,5038.jpg,425x428,0,,,
nc4k,5045.jpg,750x386,0,,,
nc4k,5054.jpg,640x327,0,,,
nc4k,5061.jpg,600x251,0,,,
nc4k,5062.jpg,613x407,0,,,
nc4k,5063.jpg,800x581,0,,,
nc4k,5066.jpg,432x399,0,,,
nc4k,51.jpg,560x314,0,,,
nc4k,5117.jpg,885x590,0,,,
nc4k,5136.jpg,885x590,0,,,
nc4k,5162.jpg,885x590,0,,,
nc4k,5175.jpg,885x590,0,,,
nc4k,5178.jpg,885x590,0,,,
nc4k,5201.jpg,885x590,0,,,
nc4k,5209.jpg,885x590,0,,,
nc4k,5223.jpg,885x590,0,,,
nc4k,512.jpg,634x475,0,,,
nc4k,5126.jpg,768x574,0,,,
nc4k,5131.jpg,550x703,0,,,
nc4k,5141.jpg,850x290,0,,,
nc4k,5192.jpg,850x290,0,,,
nc4k,5147.jpg,728x483,0,,,
nc4k,5151.jpg,960x708,0,,,
nc4k,5159.jpg,960x732,0,,,
nc4k,5168.jpg,443x533,0,,,
nc4k,5169.jpg,685x513,0,,,
nc4k,5176.jpg,377x564,0,,,
nc4k,5181.jpg,640x428,0,,,
nc4k,5187.jpg,321x401,0,,,
nc4k,5189.jpg,905x604,0,,,
nc4k,5194.jpg,940x400,0,,,
nc4k,5195.jpg,600x389,0,,,
nc4k,52.jpg,651x502,0,,,
nc4k,5200.jpg,470x370,0,,,
nc4k,5205.jpg,964x471,0,,,
nc4k,521.jpg,964x581,0,,,
nc4k,5211.jpg,500x472,0,,,
nc4k,5217.jpg,698x269,0,,,
nc4k,5218.jpg,634x443,0,,,
nc4k,5234.jpg,768x496,0,,,
nc4k,5235.jpg,625x310,0,,,
nc4k,5238.jpg,1000x691,0,,,
nc4k,5239.jpg,678x450,0,,,
nc4k,524.jpg,618x360,0,,,
nc4k,573.jpg,618x360,0,,,
nc4k,5244.jpg,343x512,0,,,
nc4k,5245.jpg,1000x671,0,,,
nc4k,5246.jpg,1049x695,0,,,
nc4k,525.jpg,506x385,0,,,
nc4k,5258.jpg,600x480,0,,,
nc4k,5450.jpg,600x480,0,,,
nc4k,5266.jpg,678x453,0,,,
nc4k,5277.jpg,486x307,0,,,
nc4k,5279.jpg,640x429,0,,,
nc4k,707.jpg,640x429,0,,,
nc4k,5283.jpg,298x470,0,,,
nc4k,5284.jpg,670x503,0,,,
nc4k,5286.jpg,600x387,0,,,
nc4k,5287.jpg,620x720,0,,,
nc4k,5299.jpg,840x473,0,,,
nc4k,5335.jpg,840x473,0,,,
nc4k,53.jpg,470x450,0,,,
nc4k,530.jpg,526x936,0,,,
nc4k,5300.jpg,437x291,0,,,
nc4k,5305.jpg,800x414,0,,,
nc4k,5307.jpg,342x512,0,,,
nc4k,5308.jpg,800x651,0,,,
nc4k,5313.jpg,530x538,0,,,
nc4k,5316.jpg,454x455,0,,,
nc4k,5323.jpg,655x435,0,,,
nc4k,533.jpg,768x432,0,,,
nc4k,5339.jpg,520x332,0,,,
nc4k,5344.jpg,1028x700,0,,,
nc4k,5348.jpg,684x1000,0,,,
nc4k,535.jpg,502x720,0,,,
nc4k,5352.jpg,526x425,0,,,
nc4k,5358.jpg,500x336,0,,,
nc4k,536.jpg,650x485,0,,,
nc4k,5366.jpg,449x629,0,,,
nc4k,5367.jpg,621x507,0,,,
nc4k,5368.jpg,410x620,0,,,
nc4k,5374.jpg,596x396,0,,,
nc4k,5377.jpg,400x612,0,,,
nc4k,5380.jpg,1200x544,0,,,
nc4k,5383.jpg,740x412,0,,,
nc4k,5387.jpg,340x512,0,,,
nc4k,5388.jpg,600x901,0,,,
nc4k,5394.jpg,700x550,0,,,
nc4k,5397.jpg,600x758,0,,,
nc4k,5398.jpg,919x611,0,,,
nc4k,5404.jpg,700x496,0,,,
nc4k,5413.jpg,430x639,0,,,
nc4k,5414.jpg,565x695,0,,,
nc4k,5415.jpg,600x380,0,,,
nc4k,5417.jpg,453x453,0,,,
nc4k,5428.jpg,453x453,0,,,
nc4k,5421.jpg,990x619,0,,,
nc4k,543.jpg,590x790,0,,,
nc4k,5433.jpg,464x616,0,,,
nc4k,5435.jpg,768x487,0,,,
nc4k,5439.jpg,750x533,0,,,
nc4k,5442.jpg,1080x675,0,,,
nc4k,5453.jpg,654x900,0,,,
nc4k,5461.jpg,840x423,0,,,
nc4k,5462.jpg,975x650,0,,,
nc4k,5463.jpg,800x494,0,,,
nc4k,5469.jpg,610x986,0,,,
nc4k,547.jpg,554x831,0,,,
nc4k,5478.jpg,900x505,0,,,
nc4k,5480.jpg,1100x555,0,,,
nc4k,5487.jpg,736x514,0,,,
nc4k,5496.jpg,900x669,0,,,
nc4k,5505.jpg,1120x630,0,,,
nc4k,5506.jpg,740x492,0,,,
nc4k,5516.jpg,974x650,0,,,
nc4k,5518.jpg,513x340,0,,,
nc4k,5523.jpg,737x570,0,,,
nc4k,553.jpg,1000x713,0,,,
nc4k,5532.jpg,900x511,0,,,
nc4k,5534.jpg,635x423,0,,,
nc4k,5536.jpg,673x900,0,,,
nc4k,5538.jpg,900x638,0,,,
nc4k,5540.jpg,450x451,0,,,
nc4k,5545.jpg,630x480,0,,,
nc4k,5546.jpg,440x351,0,,,
nc4k,5554.jpg,1000x760,0,,,
nc4k,5556.jpg,800x526,0,,,
nc4k,5558.jpg,580x750,0,,,
nc4k,5564.jpg,500x744,0,,,
nc4k,5569.jpg,560x420,0,,,
nc4k,610.jpg,560x420,0,,,
nc4k,616.jpg,560x420,0,,,
nc4k,5571.jpg,642x900,0,,,
nc4k,5574.jpg,674x450,0,,,
nc4k,5576.jpg,610x406,0,,,
nc4k,5579.jpg,561x471,0,,,
nc4k,558.jpg,500x342,0,,,
nc4k,5581.jpg,450x361,0,,,
nc4k,5583.jpg,950x586,0,,,
nc4k,5584.jpg,650x403,0,,,
nc4k,5590.jpg,730x1072,0,,,
nc4k,5593.jpg,1200x641,0,,,
nc4k,5595.jpg,900x836,0,,,
nc4k,5599.jpg,493x384,0,,,
nc4k,560.jpg,339x509,0,,,
nc4k,5606.jpg,800x528,0,,,
nc4k,5619.jpg,848x636,0,,,
nc4k,5621.jpg,570x382,0,,,
nc4k,5623.jpg,500x448,0,,,
nc4k,5630.jpg,1072x713,0,,,
nc4k,5634.jpg,604x454,0,,,
nc4k,5645.jpg,700x478,0,,,
nc4k,5649.jpg,520x388,0,,,
nc4k,565.jpg,640x798,0,,,
nc4k,5651.jpg,652x489,0,,,
nc4k,5662.jpg,640x611,0,,,
nc4k,5669.jpg,376x376,0,,,
nc4k,5675.jpg,634x472,0,,,
nc4k,5677.jpg,750x591,0,,,
nc4k,568.jpg,657x312,0,,,
nc4k,5686.jpg,800x513,0,,,
nc4k,5688.jpg,584x395,0,,,
nc4k,569.jpg,852x548,0,,,
nc4k,57.jpg,768x620,0,,,
nc4k,5706.jpg,1024x432,0,,,
nc4k,5710.jpg,1000x658,0,,,
nc4k,5714.jpg,587x410,0,,,
nc4k,5717.jpg,973x615,0,,,
nc4k,572.jpg,575x380,0,,,
nc4k,5725.jpg,648x864,0,,,
nc4k,5727.jpg,826x799,0,,,
nc4k,5728.jpg,900x680,0,,,
nc4k,5732.jpg,584x399,0,,,
nc4k,5735.jpg,512x385,0,,,
nc4k,574.jpg,605x839,0,,,
nc4k,5743.jpg,453x455,0,,,
nc4k,5744.jpg,455x455,0,,,
nc4k,5745.jpg,1000x701,0,,,
nc4k,5746.jpg,395x450,0,,,
nc4k,5749.jpg,850x479,0,,,
nc4k,575.jpg,762x534,0,,,
nc4k,5750.jpg,584x390,0,,,
nc4k,5758.jpg,759x759,0,,,
nc4k,577.jpg,980x735,0,,,
nc4k,578.jpg,900x576,0,,,
nc4k,5781.jpg,990x657,0,,,
nc4k,5786.jpg,961x705,0,,,
nc4k,5789.jpg,927x554,0,,,
nc4k,5794.jpg,835x559,0,,,
nc4k,5805.jpg,670x655,0,,,
nc4k,5835.jpg,848x476,0,,,
nc4k,5917.jpg,848x476,0,,,
nc4k,5837.jpg,768x513,0,,,
nc4k,5842.jpg,605x312,0,,,
nc4k,5843.jpg,712x600,0,,,
nc4k,5937.jpg,712x600,0,,,
nc4k,5848.jpg,627x500,0,,,
nc4k,5853.jpg,600x413,0,,,
nc4k,5863.jpg,975x387,0,,,
nc4k,587.jpg,499x394,0,,,
nc4k,5873.jpg,640x498,0,,,
nc4k,5878.jpg,835x555,0,,,
nc4k,5882.jpg,644x423,0,,,
nc4k,5886.jpg,790x554,0,,,
nc4k,5887.jpg,520x346,0,,,
nc4k,5891.jpg,962x620,0,,,
nc4k,5895.jpg,462x280,0,,,
nc4k,590.jpg,739x463,0,,,
nc4k,5903.jpg,500x302,0,,,
nc4k,5907.jpg,929x605,0,,,
nc4k,5909.jpg,600x507,0,,,
nc4k,5918.jpg,910x609,0,,,
nc4k,592.jpg,680x693,0,,,
nc4k,5931.jpg,600x448,0,,,
nc4k,5933.jpg,770x925,0,,,
nc4k,5940.jpg,964x543,0,,,
nc4k,5948.jpg,1047x700,0,,,
nc4k,595.jpg,850x592,0,,,
nc4k,5953.jpg,520x400,0,,,
nc4k,5960.jpg,870x639,0,,,
nc4k,5964.jpg,964x703,0,,,
nc4k,5970.jpg,1028x675,0,,,
nc4k,5975.jpg,512x306,0,,,
nc4k,5976.jpg,550x346,0,,,
nc4k,621.jpg,474x592,0,,,
nc4k,625.jpg,500x439,0,,,
nc4k,630.jpg,640x479,0,,,
nc4k,632.jpg,900x526,0,,,
nc4k,636.jpg,700x881,0,,,
nc4k,64.jpg,590x380,0,,,
nc4k,640.jpg,413x550,0,,,
nc4k,647.jpg,1000x764,0,,,
nc4k,662.jpg,1000x603,0,,,
nc4k,664.jpg,480x253,0,,,
nc4k,669.jpg,667x465,0,,,
nc4k,672.jpg,640x491,0,,,
nc4k,675.jpg,640x631,0,,,
nc4k,680.jpg,594x425,0,,,
nc4k,683.jpg,900x806,0,,,
nc4k,685.jpg,964x435,0,,,
nc4k,686.jpg,770x512,0,,,
nc4k,688.jpg,962x638,0,,,
nc4k,689.jpg,449x620,0,,,
nc4k,700.jpg,612x459,0,,,
nc4k,702.jpg,960x650,0,,,
nc4k,703.jpg,432x392,0,,,
nc4k,71.jpg,499x293,0,,,
nc4k,718.jpg,800x598,0,,,
nc4k,738.jpg,700x512,0,,,
nc4k,739.jpg,640x453,0,,,
nc4k,74.jpg,558x372,0,,,
nc4k,743.jpg,604x250,0,,,
nc4k,750.jpg,593x680,0,,,
nc4k,755.jpg,972x510,0,,,
nc4k,764.jpg,370x370,0,,,
nc4k,775.jpg,962x635,0,,,
nc4k,777.jpg,616x409,0,,,
nc4k,78.jpg,450x301,0,,,
nc4k,780.jpg,460x329,0,,,
nc4k,782.jpg,960x616,0,,,
nc4k,784.jpg,750x549,0,,,
nc4k,796.jpg,640x501,0,,,
nc4k,8.jpg,999x750,0,,,
nc4k,80.jpg,489x597,0,,,
nc4k,803.jpg,736x981,0,,,
nc4k,81.jpg,928x619,0,,,
nc4k,819.jpg,630x401,0,,,
nc4k,82.jpg,640x400,0,,,
nc4k,825.jpg,640x456,0,,,
nc4k,827.jpg,500x321,0,,,
nc4k,834.jpg,1049x685,0,,,
nc4k,835.jpg,900x671,0,,,
nc4k,837.jpg,900x507,0,,,
nc4k,843.jpg,600x426,0,,,
nc4k,845.jpg,1280x548,0,,,
nc4k,867.jpg,696x412,0,,,
nc4k,870.jpg,1071x690,0,,,
nc4k,877.jpg,800x784,0,,,
nc4k,878.jpg,570x350,0,,,
nc4k,879.jpg,800x786,0,,,
nc4k,884.jpg,902x779,0,,,
nc4k,886.jpg,444x303,0,,,
nc4k,887.jpg,614x768,0,,,
nc4k,896.jpg,550x512,0,,,
nc4k,90.jpg,500x344,0,,,
nc4k,906.jpg,581x388,0,,,
nc4k,907.jpg,621x404,0,,,
nc4k,916.jpg,1024x417,0,,,
nc4k,921.jpg,612x359,0,,,
nc4k,922.jpg,640x1138,0,,,
nc4k,930.jpg,801x466,0,,,
nc4k,935.jpg,800x515,0,,,
nc4k,950.jpg,653x470,0,,,
nc4k,951.jpg,512x363,0,,,
nc4k,956.jpg,700x444,0,,,
nc4k,961.jpg,960x633,0,,,
nc4k,963.jpg,600x369,0,,,
nc4k,975.jpg,481x355,0,,,
nc4k,989.jpg,595x421,0,,,
nc4k,99.jpg,778x584,0,,,
nc4k,990.jpg,911x512,0,,,
nc4k,994.jpg,600x839,0,,,
val,camourflage_01041.jpg,800x600,56,52.238,tgt,COD10K-CAM-5-Other-69-Other-5052.jpg
val,camourflage_01199.jpg,800x533,10,50.4,tgt,COD10K-CAM-1-Aquatic-1-BatFish-3.jpg
val,camourflage_00153.jpg,427x640,9,53.13,tgt,COD10K-CAM-1-Aquatic-1-BatFish-8.jpg
val,camourflage_00597.jpg,1024x683,546,62.345,tgt,COD10K-CAM-3-Flying-53-Bird-3149.jpg
val,camourflage_00847.jpg,1024x683,546,48.071,tgt,COD10K-CAM-2-Terrestrial-38-Lizard-2275.jpg
val,camourflage_00112.jpg,640x480,24,39.251,tgt,camourflage_00119.jpg
val,camourflage_00224.jpg,683x1024,85,3.381,tgt,COD10K-CAM-3-Flying-50-Bat-2958.jpg
val,camourflage_01115.jpg,683x1024,85,62.647,tgt,COD10K-CAM-1-Aquatic-15-SeaHorse-1094.jpg
val,camourflage_01128.jpg,900x600,6,70.046,tgt,COD10K-CAM-2-Terrestrial-40-Rabbit-2353.jpg
val,camourflage_00768.jpg,500x375,6,44.552,tgt,COD10K-CAM-1-Aquatic-4-Crocodile-106.jpg
val,camourflage_01008.jpg,500x375,6,72.492,tgt,camourflage_00714.jpg
val,camourflage_01188.jpg,1280x720,7,63.855,tgt,camourflage_01191.jpg
val,camourflage_00713.jpg,1600x1200,1,85.996,tgt,COD10K-CAM-2-Terrestrial-24-Caterpillar-1647.jpg
val,camourflage_00232.jpg,800x534,4,61.304,tgt,camourflage_00173.jpg
val,camourflage_01094.jpg,500x332,3,57.694,tgt,COD10K-CAM-2-Terrestrial-29-Dog-1810.jpg
val,camourflage_00275.jpg,900x598,1,53.461,tgt,COD10K-CAM-2-Terrestrial-29-Dog-1858.jpg
val,camourflage_00890.jpg,880x587,2,63.485,tgt,camourflage_00106.jpg
val,camourflage_01190.jpg,1920x1080,3,79.729,tgt,COD10K-CAM-2-Terrestrial-34-Human-2026.jpg
val,camourflage_00515.jpg,500x750,5,55.427,tgt,camourflage_00017.jpg
val,camourflage_01244.jpg,500x750,5,66.796,tgt,camourflage_00107.jpg
val,camourflage_00114.jpg,600x399,3,99.487,tgt,camourflage_00916.jpg
val,camourflage_01100.jpg,2048x1365,1,109.714,tgt,COD10K-CAM-2-Terrestrial-45-Spider-2688.jpg
val,camourflage_00351.jpg,480x480,1,65.372,tgt,COD10K-CAM-2-Terrestrial-46-StickInsect-2823.jpg
val,camourflage_00147.jpg,600x400,3,81.635,tgt,camourflage_00360.jpg
val,camourflage_01122.jpg,1152x864,1,59.085,tgt,COD10K-CAM-3-Flying-64-Moth-4501.jpg
val,camourflage_00998.jpg,880x707,1,2.225,tgt,COD10K-CAM-3-Flying-65-Owl-4513.jpg
val,camourflage_00090.jpg,1200x947,1,1.389,tgt,COD10K-CAM-4-Amphibian-68-Toad-4806.jpg
val,camourflage_01195.jpg,620x413,2,76.504,tgt,COD10K-CAM-4-Amphibian-68-Toad-4866.jpg
val,camourflage_00779.jpg,425x640,1,70.358,tgt,COD10K-CAM-5-Other-69-Other-5054.jpg
val,camourflage_00594.jpg,400x270,73,5.526,raw,6474.png
val,camourflage_00782.jpg,1200x800,1,67.741,tgt,camourflage_00035.jpg
val,camourflage_00141.jpg,854x480,28,42.078,tgt,camourflage_00442.jpg
val,camourflage_00171.jpg,854x480,28,40.372,tgt,camourflage_00509.jpg
val,camourflage_00337.jpg,854x480,28,38.117,tgt,camourflage_00650.jpg
val,camourflage_00750.jpg,854x480,28,42.748,tgt,camourflage_00442.jpg
val,camourflage_00444.jpg,400x400,210,40.993,local,SOD_1836.jpg
val,camourflage_00381.jpg,500x500,3,89.828,tgt,camourflage_00506.jpg
val,camourflage_01014.jpg,259x194,24,55.122,tgt,camourflage_00920.jpg
val,camourflage_01081.jpg,259x194,24,47.256,tgt,camourflage_00920.jpg
val,camourflage_01091.jpg,259x194,24,51.419,tgt,camourflage_00920.jpg
val,camourflage_01181.jpg,259x194,24,52.152,tgt,camourflage_00920.jpg
val,camourflage_00985.jpg,400x300,2745,59.12,auth,0650.jpg
val,camourflage_01068.jpg,260x194,4,57.867,tgt,camourflage_00101.jpg
val,camourflage_00120.jpg,275x183,24,45.665,tgt,camourflage_00970.jpg
val,camourflage_00924.jpg,275x183,24,44.705,tgt,camourflage_00172.jpg
val,camourflage_01090.jpg,275x183,24,50.646,tgt,camourflage_00852.jpg
val,camourflage_01180.jpg,275x183,24,47.159,tgt,camourflage_00292.jpg
val,camourflage_00061.jpg,960x640,3,76.547,tgt,camourflage_00452.jpg
val,camourflage_01137.jpg,960x640,3,73.132,tgt,camourflage_00452.jpg
val,camourflage_01139.jpg,960x640,3,72.105,tgt,camourflage_00223.jpg
val,camourflage_00863.jpg,251x201,2,74.833,tgt,camourflage_01011.jpg
val,camourflage_00473.jpg,1024x711,1,89.454,tgt,camourflage_00240.jpg
val,camourflage_01023.jpg,183x275,6,58.083,tgt,camourflage_00728.jpg
val,camourflage_01032.jpg,183x275,6,61.324,tgt,camourflage_00728.jpg
val,camourflage_01078.jpg,183x275,6,81.223,tgt,camourflage_00609.jpg
val,camourflage_01182.jpg,183x275,6,67.847,tgt,camourflage_00609.jpg
val,camourflage_00857.jpg,736x552,7,47.249,tgt,camourflage_00483.jpg
val,camourflage_01066.jpg,300x168,11,54.315,tgt,camourflage_01079.jpg
val,camourflage_01074.jpg,300x168,11,49.667,tgt,camourflage_00653.jpg
val,camourflage_01075.jpg,308x163,1,76.784,tgt,camourflage_00378.jpg
val,camourflage_00783.jpg,960x639,1,62.101,tgt,camourflage_00415.jpg
val,camourflage_00269.jpg,400x288,49,48.793,local,SOD_4882.jpg
val,camourflage_00860.jpg,2592x1944,1,68.926,tgt,camourflage_00469.jpg
val,camourflage_01050.jpg,236x354,1,77.424,tgt,camourflage_00499.jpg
val,camourflage_01154.jpg,236x354,1,69.721,tgt,camourflage_00499.jpg
val,camourflage_01058.jpg,280x180,5,38.661,auth,3711.jpg
val,camourflage_01020.jpg,273x185,1,58.646,tgt,camourflage_00559.jpg
val,camourflage_00436.jpg,736x980,1,67.03,tgt,camourflage_00560.jpg
val,camourflage_01168.jpg,225x225,3,60.527,tgt,camourflage_01086.jpg
val,camourflage_00944.jpg,450x300,1,69.851,tgt,camourflage_00640.jpg
val,camourflage_01205.jpg,960x540,1,69.868,tgt,camourflage_00652.jpg
val,camourflage_00087.jpg,902x480,1,16.193,tgt,camourflage_00656.jpg
val,camourflage_00135.jpg,902x480,1,12.556,tgt,camourflage_00656.jpg
val,camourflage_00361.jpg,902x480,1,19.957,tgt,camourflage_00656.jpg
val,camourflage_00471.jpg,902x480,1,11.938,tgt,camourflage_00656.jpg
val,camourflage_00677.jpg,902x480,1,13.761,tgt,camourflage_00656.jpg
val,camourflage_01104.jpg,620x620,2,73.843,tgt,camourflage_01109.jpg
val,camourflage_00071.jpg,249x203,1,68.671,tgt,camourflage_00684.jpg
val,camourflage_01177.jpg,253x199,3,71.005,tgt,camourflage_00721.jpg
val,camourflage_01087.jpg,268x188,1,67.417,tgt,camourflage_00834.jpg
val,camourflage_01170.jpg,198x254,1,98.515,tgt,camourflage_01019.jpg
val,camourflage_01096.jpg,1620x1080,1,57.057,tgt,camourflage_01093.jpg
val,camourflage_01006.jpg,970x970,1,89.333,tgt,camourflage_01119.jpg
val,camourflage_01118.jpg,970x970,1,115.899,tgt,camourflage_01119.jpg
val,camourflage_01107.jpg,600x900,2,62.418,tgt,camourflage_01149.jpg
val,camourflage_01143.jpg,600x900,2,53.599,tgt,camourflage_01149.jpg
val,camourflage_00903.jpg,736x1104,1,88.883,tgt,camourflage_01162.jpg
val,camourflage_01145.jpg,300x300,13,55.596,raw,3102.png
val,camourflage_01113.jpg,962x640,1,84.566,tgt,camourflage_01238.jpg
val,camourflage_01245.jpg,962x640,1,68.715,tgt,camourflage_01238.jpg
val,camourflage_00563.jpg,611x916,0,,,
val,camourflage_00235.jpg,610x401,0,,,
val,camourflage_00398.jpg,480x270,0,,,
val,camourflage_00183.jpg,750x497,0,,,
val,camourflage_00449.jpg,640x457,0,,,
val,camourflage_01133.jpg,700x464,0,,,
val,camourflage_00138.jpg,750x600,0,,,
val,camourflage_00723.jpg,638x480,0,,,
val,camourflage_01053.jpg,800x594,0,,,
val,camourflage_00498.jpg,450x329,0,,,
val,camourflage_00197.jpg,860x574,0,,,
val,camourflage_00522.jpg,860x574,0,,,
val,camourflage_01048.jpg,964x641,0,,,
val,camourflage_00510.jpg,498x750,0,,,
val,camourflage_01242.jpg,858x536,0,,,
val,camourflage_00145.jpg,650x488,0,,,
val,camourflage_01056.jpg,634x423,0,,,
val,camourflage_00758.jpg,470x370,0,,,
val,camourflage_00012.jpg,632x420,0,,,
val,camourflage_00018.jpg,940x628,0,,,
val,camourflage_00064.jpg,589x617,0,,,
val,camourflage_00079.jpg,600x327,0,,,
val,camourflage_00088.jpg,500x586,0,,,
val,camourflage_00097.jpg,353x274,0,,,
val,camourflage_00098.jpg,560x419,0,,,
val,camourflage_00100.jpg,360x472,0,,,
val,camourflage_00102.jpg,239x211,0,,,
val,camourflage_00122.jpg,384x296,0,,,
val,camourflage_00124.jpg,617x346,0,,,
val,camourflage_00129.jpg,400x243,21,58.935,local,SOD_1279.jpg
val,camourflage_00156.jpg,550x388,0,,,
val,camourflage_00160.jpg,1000x774,0,,,
val,camourflage_00166.jpg,592x375,0,,,
val,camourflage_00169.jpg,426x620,0,,,
val,camourflage_00175.jpg,277x182,0,,,
val,camourflage_00196.jpg,314x161,0,,,
val,camourflage_00205.jpg,878x578,0,,,
val,camourflage_00207.jpg,1288x834,0,,,
val,camourflage_00208.jpg,880x607,0,,,
val,camourflage_00209.jpg,400x296,51,53.427,local,SOD_1947.jpg
val,camourflage_00257.jpg,444x576,0,,,
val,camourflage_00259.jpg,640x434,0,,,
val,camourflage_00266.jpg,736x450,0,,,
val,camourflage_00270.jpg,495x364,0,,,
val,camourflage_00273.jpg,333x479,0,,,
val,camourflage_00285.jpg,3648x2736,0,,,
val,camourflage_00310.jpg,269x187,0,,,
val,camourflage_00332.jpg,634x449,0,,,
val,camourflage_00333.jpg,529x384,0,,,
val,camourflage_00348.jpg,820x614,0,,,
val,camourflage_00364.jpg,637x417,0,,,
val,camourflage_00365.jpg,634x900,0,,,
val,camourflage_00406.jpg,489x720,0,,,
val,camourflage_00408.jpg,2560x1440,0,,,
val,camourflage_00420.jpg,880x497,0,,,
val,camourflage_00421.jpg,882x633,0,,,
val,camourflage_00422.jpg,595x821,0,,,
val,camourflage_00430.jpg,960x703,0,,,
val,camourflage_00435.jpg,602x428,0,,,
val,camourflage_00443.jpg,800x761,0,,,
val,camourflage_00463.jpg,593x442,0,,,
val,camourflage_00470.jpg,5184x3456,0,,,
val,camourflage_00478.jpg,733x550,0,,,
val,camourflage_00496.jpg,600x463,0,,,
val,camourflage_00500.jpg,1118x848,0,,,
val,camourflage_00502.jpg,465x549,0,,,
val,camourflage_00519.jpg,949x719,0,,,
val,camourflage_00528.jpg,531x336,0,,,
val,camourflage_00539.jpg,591x427,0,,,
val,camourflage_00550.jpg,413x514,0,,,
val,camourflage_00600.jpg,822x573,0,,,
val,camourflage_00602.jpg,714x479,0,,,
val,camourflage_00623.jpg,1000x617,0,,,
val,camourflage_00631.jpg,328x441,0,,,
val,camourflage_00641.jpg,699x975,0,,,
val,camourflage_00647.jpg,634x610,0,,,
val,camourflage_00688.jpg,1250x1000,0,,,
val,camourflage_00694.jpg,927x612,0,,,
val,camourflage_00699.jpg,670x447,0,,,
val,camourflage_00706.jpg,961x1513,0,,,
val,camourflage_00794.jpg,757x571,0,,,
val,camourflage_00800.jpg,698x386,0,,,
val,camourflage_00801.jpg,530x412,0,,,
val,camourflage_00807.jpg,718x1000,0,,,
val,camourflage_00829.jpg,885x619,0,,,
val,camourflage_00846.jpg,886x535,0,,,
val,camourflage_00869.jpg,834x979,0,,,
val,camourflage_00928.jpg,704x543,0,,,
val,camourflage_00931.jpg,319x408,0,,,
val,camourflage_00939.jpg,339x405,0,,,
val,camourflage_00959.jpg,236x352,0,,,
val,camourflage_00977.jpg,236x314,3,59.02,raw,8118.png
val,camourflage_00991.jpg,400x280,60,7.732,raw,6051.png
val,camourflage_00997.jpg,600x536,0,,,
val,camourflage_01001.jpg,736x1148,0,,,
val,camourflage_01003.jpg,1123x747,0,,,
val,camourflage_01004.jpg,550x547,0,,,
val,camourflage_01009.jpg,460x230,0,,,
val,camourflage_01016.jpg,154x156,0,,,
val,camourflage_01018.jpg,278x182,0,,,
val,camourflage_01021.jpg,221x228,0,,,
val,camourflage_01025.jpg,202x249,0,,,
val,camourflage_01027.jpg,302x167,0,,,
val,camourflage_01030.jpg,226x223,0,,,
val,camourflage_01034.jpg,261x172,0,,,
val,camourflage_01044.jpg,650x507,0,,,
val,camourflage_01046.jpg,570x364,0,,,
val,camourflage_01052.jpg,778x768,0,,,
val,camourflage_01064.jpg,245x206,0,,,
val,camourflage_01067.jpg,271x186,0,,,
val,camourflage_01070.jpg,184x274,0,,,
val,camourflage_01072.jpg,266x190,0,,,
val,camourflage_01082.jpg,274x184,3,78.716,auth,3152.jpg
val,camourflage_01095.jpg,1121x712,0,,,
val,camourflage_01098.jpg,443x294,0,,,
val,camourflage_01101.jpg,236x247,0,,,
val,camourflage_01103.jpg,610x915,0,,,
val,camourflage_01105.jpg,1439x629,0,,,
val,camourflage_01106.jpg,634x695,0,,,
val,camourflage_01110.jpg,600x612,0,,,
val,camourflage_01112.jpg,320x213,0,,,
val,camourflage_01116.jpg,641x960,0,,,
val,camourflage_01117.jpg,721x1050,0,,,
val,camourflage_01126.jpg,551x352,0,,,
val,camourflage_01131.jpg,621x620,0,,,
val,camourflage_01132.jpg,721x855,0,,,
val,camourflage_01135.jpg,500x460,0,,,
val,camourflage_01140.jpg,900x627,0,,,
val,camourflage_01141.jpg,745x1024,0,,,
val,camourflage_01144.jpg,290x345,0,,,
val,camourflage_01148.jpg,300x206,0,,,
val,camourflage_01150.jpg,700x423,0,,,
val,camourflage_01151.jpg,600x475,0,,,
val,camourflage_01156.jpg,231x233,0,,,
val,camourflage_01158.jpg,228x295,0,,,
val,camourflage_01159.jpg,230x298,0,,,
val,camourflage_01161.jpg,468x291,0,,,
val,camourflage_01163.jpg,650x627,0,,,
val,camourflage_01164.jpg,235x351,0,,,
val,camourflage_01165.jpg,880x580,0,,,
val,camourflage_01172.jpg,174x290,0,,,
val,camourflage_01175.jpg,192x263,0,,,
val,camourflage_01179.jpg,177x284,0,,,
val,camourflage_01183.jpg,600x886,0,,,
val,camourflage_01185.jpg,610x620,0,,,
val,camourflage_01189.jpg,634x836,0,,,
val,camourflage_01192.jpg,762x822,0,,,
val,camourflage_01193.jpg,768x883,0,,,
val,camourflage_01194.jpg,640x378,0,,,
val,camourflage_01196.jpg,564x862,0,,,
val,camourflage_01200.jpg,634x744,0,,,
val,camourflage_01208.jpg,3840x2160,0,,,
val,camourflage_01210.jpg,770x471,0,,,
val,camourflage_01211.jpg,770x727,0,,,
val,camourflage_01217.jpg,415x289,0,,,
val,camourflage_01235.jpg,625x350,0,,,
val,camourflage_01240.jpg,1050x589,0,,,
val,camourflage_01243.jpg,4252x2835,0,,,
val,camourflage_01247.jpg,480x523,0,,,
val,camourflage_01250.jpg,962x1188,0,,,
