name,mae,contaminated
COD10K-CAM-1-Aquatic-1-BatFish-2,0.1345448534010227,0
COD10K-CAM-1-Aquatic-1-BatFish-4,0.11607492836288928,0
COD10K-CAM-1-Aquatic-1-BatFish-5,0.07552936030369178,0
COD10K-CAM-1-Aquatic-1-BatFish-6,0.05723099915388294,0
COD10K-CAM-1-Aquatic-10-LeafySeaDragon-416,0.0714022607741013,0
COD10K-CAM-1-Aquatic-10-LeafySeaDragon-419,0.15065767874125563,0
COD10K-CAM-1-Aquatic-10-LeafySeaDragon-422,0.21060795288264558,0
COD10K-CAM-1-Aquatic-10-LeafySeaDragon-423,0.2616082457842039,0
COD10K-CAM-1-Aquatic-10-LeafySeaDragon-429,0.36245709999318176,0
COD10K-CAM-1-Aquatic-11-Octopus-430,0.0542746035548187,0
COD10K-CAM-1-Aquatic-11-Octopus-436,0.17800672359902964,0
COD10K-CAM-1-Aquatic-11-Octopus-437,0.053922678835443404,0
COD10K-CAM-1-Aquatic-11-Octopus-441,0.0677721590786754,0
COD10K-CAM-1-Aquatic-11-Octopus-444,0.04267103247549019,0
COD10K-CAM-1-Aquatic-11-Octopus-445,0.04521728196486927,0
COD10K-CAM-1-Aquatic-11-Octopus-447,0.09375593092911506,0
COD10K-CAM-1-Aquatic-11-Octopus-451,0.049483809354634964,0
COD10K-CAM-1-Aquatic-11-Octopus-452,0.04521417930733787,0
COD10K-CAM-1-Aquatic-11-Octopus-453,0.05904137128405535,0
COD10K-CAM-1-Aquatic-11-Octopus-454,0.08510015220898959,0
COD10K-CAM-1-Aquatic-11-Octopus-458,0.0687233550081819,0
COD10K-CAM-1-Aquatic-11-Octopus-462,0.12008673527976343,0
COD10K-CAM-1-Aquatic-11-Octopus-463,0.08440368430584333,0
COD10K-CAM-1-Aquatic-11-Octopus-464,0.05902938514392037,0
COD10K-CAM-1-Aquatic-11-Octopus-465,0.10124251648711431,0
COD10K-CAM-1-Aquatic-11-Octopus-466,0.01626100902008531,0
COD10K-CAM-1-Aquatic-11-Octopus-468,0.03697275897256689,0
COD10K-CAM-1-Aquatic-11-Octopus-471,0.03070069018146249,0
COD10K-CAM-1-Aquatic-11-Octopus-472,0.1348876995270747,0
COD10K-CAM-1-Aquatic-11-Octopus-473,0.04166461446401401,0
COD10K-CAM-1-Aquatic-12-Pagurian-474,0.19938085718822668,0
COD10K-CAM-1-Aquatic-12-Pagurian-481,0.25679377763184336,0
COD10K-CAM-1-Aquatic-12-Pagurian-482,0.04757578234899377,0
COD10K-CAM-1-Aquatic-12-Pagurian-483,0.04443317602022507,0
COD10K-CAM-1-Aquatic-12-Pagurian-484,0.12111823625405506,0
COD10K-CAM-1-Aquatic-12-Pagurian-486,0.017452783639077884,0
COD10K-CAM-1-Aquatic-13-Pipefish-488,0.3145922718766257,0
COD10K-CAM-1-Aquatic-13-Pipefish-490,0.44013534779510227,0
COD10K-CAM-1-Aquatic-13-Pipefish-492,0.05783516044800326,0
COD10K-CAM-1-Aquatic-13-Pipefish-496,0.027316012447043826,0
COD10K-CAM-1-Aquatic-13-Pipefish-497,0.03677621568627451,0
COD10K-CAM-1-Aquatic-13-Pipefish-500,0.06454698649886387,0
COD10K-CAM-1-Aquatic-13-Pipefish-501,0.10226517720939288,0
COD10K-CAM-1-Aquatic-13-Pipefish-502,0.05541839100956137,0
COD10K-CAM-1-Aquatic-13-Pipefish-503,0.039103698730468754,0
COD10K-CAM-1-Aquatic-13-Pipefish-508,0.22158401422179191,0
COD10K-CAM-1-Aquatic-13-Pipefish-510,0.03187793868455152,0
COD10K-CAM-1-Aquatic-13-Pipefish-515,0.09401988609164369,0
COD10K-CAM-1-Aquatic-13-Pipefish-517,0.02121446833144043,0
COD10K-CAM-1-Aquatic-13-Pipefish-518,0.03099666162221154,0
COD10K-CAM-1-Aquatic-13-Pipefish-520,0.07742118799066802,0
COD10K-CAM-1-Aquatic-13-Pipefish-521,0.285155520429541,0
COD10K-CAM-1-Aquatic-13-Pipefish-522,0.017715932808670343,0
COD10K-CAM-1-Aquatic-13-Pipefish-527,0.05677142673068577,0
COD10K-CAM-1-Aquatic-13-Pipefish-528,0.04851470149420445,0
COD10K-CAM-1-Aquatic-13-Pipefish-529,0.018751346363740807,0
COD10K-CAM-1-Aquatic-13-Pipefish-531,0.023920485552619483,0
COD10K-CAM-1-Aquatic-13-Pipefish-532,0.058212325270642566,0
COD10K-CAM-1-Aquatic-13-Pipefish-534,0.09382686330204422,0
COD10K-CAM-1-Aquatic-13-Pipefish-535,0.054508213062363704,0
COD10K-CAM-1-Aquatic-13-Pipefish-536,0.03652093672846152,0
COD10K-CAM-1-Aquatic-13-Pipefish-537,0.04413405346582264,0
COD10K-CAM-1-Aquatic-13-Pipefish-539,0.012332058576197407,0
COD10K-CAM-1-Aquatic-13-Pipefish-542,0.02281097877519063,0
COD10K-CAM-1-Aquatic-13-Pipefish-544,0.02980896174259177,0
COD10K-CAM-1-Aquatic-13-Pipefish-546,0.0569414904523901,0
COD10K-CAM-1-Aquatic-13-Pipefish-547,0.08668138005585083,0
COD10K-CAM-1-Aquatic-13-Pipefish-549,0.06985232189769743,0
COD10K-CAM-1-Aquatic-13-Pipefish-554,0.11626938775510204,0
COD10K-CAM-1-Aquatic-13-Pipefish-556,0.021333163392310048,0
COD10K-CAM-1-Aquatic-13-Pipefish-557,0.020903667280465676,0
COD10K-CAM-1-Aquatic-13-Pipefish-559,0.04635878552626466,0
COD10K-CAM-1-Aquatic-13-Pipefish-560,0.08092893100867798,0
COD10K-CAM-1-Aquatic-13-Pipefish-563,0.15609798967169933,0
COD10K-CAM-1-Aquatic-13-Pipefish-566,0.09531816207495657,0
COD10K-CAM-1-Aquatic-13-Pipefish-567,0.31815283579842685,0
COD10K-CAM-1-Aquatic-13-Pipefish-568,0.10982179330065357,0
COD10K-CAM-1-Aquatic-13-Pipefish-570,0.010885466009244107,0
COD10K-CAM-1-Aquatic-13-Pipefish-571,0.08164533497330118,0
COD10K-CAM-1-Aquatic-13-Pipefish-573,0.034409028096915845,0
COD10K-CAM-1-Aquatic-13-Pipefish-576,0.03061747089460784,0
COD10K-CAM-1-Aquatic-13-Pipefish-577,0.1692674257202881,0
COD10K-CAM-1-Aquatic-13-Pipefish-579,0.08506455623481914,0
COD10K-CAM-1-Aquatic-13-Pipefish-580,0.0766374321442217,0
COD10K-CAM-1-Aquatic-13-Pipefish-582,0.05113479134322351,0
COD10K-CAM-1-Aquatic-13-Pipefish-583,0.08079280223335647,0
COD10K-CAM-1-Aquatic-13-Pipefish-585,0.03174780552683313,0
COD10K-CAM-1-Aquatic-13-Pipefish-588,0.0448174221063751,0
COD10K-CAM-1-Aquatic-13-Pipefish-590,0.06448352610386796,0
COD10K-CAM-1-Aquatic-13-Pipefish-591,0.044189149746832884,0
COD10K-CAM-1-Aquatic-13-Pipefish-597,0.019033838409224364,0
COD10K-CAM-1-Aquatic-13-Pipefish-599,0.0661434662697838,0
COD10K-CAM-1-Aquatic-13-Pipefish-600,0.04203635933221403,0
COD10K-CAM-1-Aquatic-13-Pipefish-602,0.12508349739245067,0
COD10K-CAM-1-Aquatic-13-Pipefish-608,0.08219740014524327,0
COD10K-CAM-1-Aquatic-13-Pipefish-609,0.031793272313880946,0
COD10K-CAM-1-Aquatic-13-Pipefish-614,0.014416533825444241,0
COD10K-CAM-1-Aquatic-13-Pipefish-616,0.07725817427080642,0
COD10K-CAM-1-Aquatic-13-Pipefish-620,0.20044671600228745,0
COD10K-CAM-1-Aquatic-13-Pipefish-621,0.05931330481252966,0
COD10K-CAM-1-Aquatic-13-Pipefish-622,0.0280679540696487,0
COD10K-CAM-1-Aquatic-13-Pipefish-623,0.04188760810000856,0
COD10K-CAM-1-Aquatic-13-Pipefish-625,0.1647357417087929,0
COD10K-CAM-1-Aquatic-13-Pipefish-629,0.03002327237967346,0
COD10K-CAM-1-Aquatic-13-Pipefish-630,0.03888247236945708,0
COD10K-CAM-1-Aquatic-13-Pipefish-631,0.05532729703616473,0
COD10K-CAM-1-Aquatic-13-Pipefish-635,0.0390700645696104,0
COD10K-CAM-1-Aquatic-13-Pipefish-636,0.043157823865433265,0
COD10K-CAM-1-Aquatic-13-Pipefish-637,0.04944430953384938,0
COD10K-CAM-1-Aquatic-13-Pipefish-639,0.12162878985518881,0
COD10K-CAM-1-Aquatic-13-Pipefish-640,0.026378202614379082,0
COD10K-CAM-1-Aquatic-13-Pipefish-642,0.025093857432248155,0
COD10K-CAM-1-Aquatic-13-Pipefish-644,0.0581624903779137,0
COD10K-CAM-1-Aquatic-13-Pipefish-649,0.12623145616225992,0
COD10K-CAM-1-Aquatic-13-Pipefish-652,0.13258274862379069,0
COD10K-CAM-1-Aquatic-13-Pipefish-655,0.05339959136018681,0
COD10K-CAM-1-Aquatic-13-Pipefish-661,0.07189699559429891,0
COD10K-CAM-1-Aquatic-13-Pipefish-662,0.031275318617921516,0
COD10K-CAM-1-Aquatic-13-Pipefish-664,0.06769207116723501,0
COD10K-CAM-1-Aquatic-13-Pipefish-667,0.017911968151524762,0
COD10K-CAM-1-Aquatic-13-Pipefish-668,0.05085985270980137,0
COD10K-CAM-1-Aquatic-13-Pipefish-669,0.09133571549957875,0
COD10K-CAM-1-Aquatic-13-Pipefish-676,0.05057346119600183,0
COD10K-CAM-1-Aquatic-13-Pipefish-679,0.036701183570810245,0
COD10K-CAM-1-Aquatic-13-Pipefish-681,0.04507797340941585,0
COD10K-CAM-1-Aquatic-13-Pipefish-683,0.03765236909637273,0
COD10K-CAM-1-Aquatic-13-Pipefish-684,0.08818822999111746,0
COD10K-CAM-1-Aquatic-13-Pipefish-685,0.09891444647496628,0
COD10K-CAM-1-Aquatic-13-Pipefish-686,0.027743694829005818,0
COD10K-CAM-1-Aquatic-13-Pipefish-688,0.07986554149846213,0
COD10K-CAM-1-Aquatic-13-Pipefish-689,0.017990678443643597,0
COD10K-CAM-1-Aquatic-13-Pipefish-691,0.033070522152698276,0
COD10K-CAM-1-Aquatic-13-Pipefish-693,0.01783525058441868,0
COD10K-CAM-1-Aquatic-13-Pipefish-696,0.07734778154981103,0
COD10K-CAM-1-Aquatic-13-Pipefish-705,0.04058812962987536,0
COD10K-CAM-1-Aquatic-13-Pipefish-707,0.1253392687030867,0
COD10K-CAM-1-Aquatic-13-Pipefish-709,0.02121590508355035,0
COD10K-CAM-1-Aquatic-13-Pipefish-713,0.18202910579107945,0
COD10K-CAM-1-Aquatic-13-Pipefish-717,0.027394533604986646,0
COD10K-CAM-1-Aquatic-13-Pipefish-721,0.03584175857843137,0
COD10K-CAM-1-Aquatic-13-Pipefish-726,0.0458848570769816,0
COD10K-CAM-1-Aquatic-13-Pipefish-728,0.01520354149621049,0
COD10K-CAM-1-Aquatic-13-Pipefish-729,0.039985128165849676,0
COD10K-CAM-1-Aquatic-13-Pipefish-730,0.04913787343143638,0
COD10K-CAM-1-Aquatic-13-Pipefish-732,0.018169842888327205,0
COD10K-CAM-1-Aquatic-13-Pipefish-736,0.3426082410589975,0
COD10K-CAM-1-Aquatic-13-Pipefish-748,0.05834430611140477,0
COD10K-CAM-1-Aquatic-13-Pipefish-749,0.37340348686268127,0
COD10K-CAM-1-Aquatic-13-Pipefish-750,0.14328770830366044,0
COD10K-CAM-1-Aquatic-13-Pipefish-752,0.03956782187727215,0
COD10K-CAM-1-Aquatic-13-Pipefish-759,0.022953158110574957,0
COD10K-CAM-1-Aquatic-13-Pipefish-769,0.13202459679604972,0
COD10K-CAM-1-Aquatic-13-Pipefish-772,0.07159362992430045,0
COD10K-CAM-1-Aquatic-13-Pipefish-774,0.053811969632416766,0
COD10K-CAM-1-Aquatic-13-Pipefish-776,0.07479613559697967,0
COD10K-CAM-1-Aquatic-13-Pipefish-777,0.0922163117771196,0
COD10K-CAM-1-Aquatic-13-Pipefish-781,0.02605867014315517,0
COD10K-CAM-1-Aquatic-13-Pipefish-788,0.1357616094771242,0
COD10K-CAM-1-Aquatic-13-Pipefish-789,0.05886817514834881,0
COD10K-CAM-1-Aquatic-13-Pipefish-795,0.030411158050593353,0
COD10K-CAM-1-Aquatic-13-Pipefish-800,0.18344463965558305,0
COD10K-CAM-1-Aquatic-13-Pipefish-804,0.026513372328293417,0
COD10K-CAM-1-Aquatic-13-Pipefish-807,0.037070010650895095,0
COD10K-CAM-1-Aquatic-13-Pipefish-810,0.09262528392181965,0
COD10K-CAM-1-Aquatic-13-Pipefish-813,0.02312636531256383,0
COD10K-CAM-1-Aquatic-13-Pipefish-818,0.8443163083248253,0
COD10K-CAM-1-Aquatic-13-Pipefish-826,0.023404456996955543,0
COD10K-CAM-1-Aquatic-13-Pipefish-830,0.0637273819870507,0
COD10K-CAM-1-Aquatic-13-Pipefish-832,0.03028857109278557,0
COD10K-CAM-1-Aquatic-13-Pipefish-833,0.20451143705894548,0
COD10K-CAM-1-Aquatic-13-Pipefish-835,0.02343805856476192,0
COD10K-CAM-1-Aquatic-13-Pipefish-836,0.06654382564976137,0
COD10K-CAM-1-Aquatic-13-Pipefish-837,0.1145079643385947,0
COD10K-CAM-1-Aquatic-13-Pipefish-841,0.05551069671032475,0
COD10K-CAM-1-Aquatic-13-Pipefish-842,0.017900674221500792,0
COD10K-CAM-1-Aquatic-13-Pipefish-843,0.01474748997906454,0
COD10K-CAM-1-Aquatic-13-Pipefish-844,0.049700129889195255,0
COD10K-CAM-1-Aquatic-14-ScorpionFish-845,0.6134590554971988,0
COD10K-CAM-1-Aquatic-14-ScorpionFish-848,0.15404956775902162,0
COD10K-CAM-1-Aquatic-14-ScorpionFish-850,0.018734198118697955,0
COD10K-CAM-1-Aquatic-14-ScorpionFish-853,0.4321914822447534,0
COD10K-CAM-1-Aquatic-14-ScorpionFish-854,0.11664428212284263,0
COD10K-CAM-1-Aquatic-14-ScorpionFish-855,0.21712259208222087,0
COD10K-CAM-1-Aquatic-14-ScorpionFish-858,0.09307590434223334,0
COD10K-CAM-1-Aquatic-14-ScorpionFish-862,0.16296502470792013,0
COD10K-CAM-1-Aquatic-14-ScorpionFish-863,0.3242148471291091,0
COD10K-CAM-1-Aquatic-14-ScorpionFish-865,0.02186637275102349,0
COD10K-CAM-1-Aquatic-14-ScorpionFish-867,0.47376773392063176,0
COD10K-CAM-1-Aquatic-14-ScorpionFish-868,0.3220253647215904,0
COD10K-CAM-1-Aquatic-14-ScorpionFish-869,0.08472888933416968,0
COD10K-CAM-1-Aquatic-14-ScorpionFish-872,0.07935258633620886,0
COD10K-CAM-1-Aquatic-14-ScorpionFish-873,0.21804032258064515,0
COD10K-CAM-1-Aquatic-14-ScorpionFish-874,0.05681905567774383,0
COD10K-CAM-1-Aquatic-14-ScorpionFish-879,0.08990566777248009,0
COD10K-CAM-1-Aquatic-14-ScorpionFish-881,0.06652222676993974,0
COD10K-CAM-1-Aquatic-14-ScorpionFish-883,0.012917554191940565,0
COD10K-CAM-1-Aquatic-14-ScorpionFish-884,0.4315841339869282,0
COD10K-CAM-1-Aquatic-14-ScorpionFish-889,0.18246632898354073,0
COD10K-CAM-1-Aquatic-14-ScorpionFish-891,0.053258780063086736,0
COD10K-CAM-1-Aquatic-14-ScorpionFish-892,0.12818787916197574,0
COD10K-CAM-1-Aquatic-14-ScorpionFish-896,0.16298759838442423,0
COD10K-CAM-1-Aquatic-14-ScorpionFish-897,0.06835453806359784,0
COD10K-CAM-1-Aquatic-14-ScorpionFish-898,0.09146778156896321,0
COD10K-CAM-1-Aquatic-14-ScorpionFish-899,0.1621945798786637,0
COD10K-CAM-1-Aquatic-14-ScorpionFish-900,0.13844925624872345,0
COD10K-CAM-1-Aquatic-14-ScorpionFish-901,0.1875954272700291,0
COD10K-CAM-1-Aquatic-14-ScorpionFish-906,0.09809426464770175,0
COD10K-CAM-1-Aquatic-14-ScorpionFish-907,0.06707242031114012,0
COD10K-CAM-1-Aquatic-14-ScorpionFish-911,0.15458564122025092,0
COD10K-CAM-1-Aquatic-14-ScorpionFish-915,0.3205482782102098,0
COD10K-CAM-1-Aquatic-14-ScorpionFish-918,0.059521584967320254,0
COD10K-CAM-1-Aquatic-14-ScorpionFish-919,0.18355295138888889,0
COD10K-CAM-1-Aquatic-14-ScorpionFish-926,0.29596274382148696,0
COD10K-CAM-1-Aquatic-14-ScorpionFish-928,0.2672394247616039,0
COD10K-CAM-1-Aquatic-14-ScorpionFish-930,0.26972934000929577,0
COD10K-CAM-1-Aquatic-14-ScorpionFish-934,0.13413335822610295,0
COD10K-CAM-1-Aquatic-14-ScorpionFish-935,0.09197929432189543,0
COD10K-CAM-1-Aquatic-14-ScorpionFish-936,0.29901408929630113,0
COD10K-CAM-1-Aquatic-14-ScorpionFish-939,0.12111480812621273,0
COD10K-CAM-1-Aquatic-14-ScorpionFish-940,0.2358215281216806,0
COD10K-CAM-1-Aquatic-14-ScorpionFish-943,0.09491107845693911,0
COD10K-CAM-1-Aquatic-14-ScorpionFish-945,0.17656703975171686,0
COD10K-CAM-1-Aquatic-14-ScorpionFish-950,0.126465962368659,0
COD10K-CAM-1-Aquatic-14-ScorpionFish-954,0.5185880722306074,0
COD10K-CAM-1-Aquatic-15-SeaHorse-1002,0.16369214305561722,0
COD10K-CAM-1-Aquatic-15-SeaHorse-1003,0.08349120363337702,0
COD10K-CAM-1-Aquatic-15-SeaHorse-1004,0.028985476728264622,0
COD10K-CAM-1-Aquatic-15-SeaHorse-1006,0.03297660747257521,0
COD10K-CAM-1-Aquatic-15-SeaHorse-1010,0.060881229159919274,0
COD10K-CAM-1-Aquatic-15-SeaHorse-1012,0.031200012423575077,0
COD10K-CAM-1-Aquatic-15-SeaHorse-1013,0.06297407068321477,0
COD10K-CAM-1-Aquatic-15-SeaHorse-1014,0.09955355862273386,0
COD10K-CAM-1-Aquatic-15-SeaHorse-1015,0.01694317884826232,0
COD10K-CAM-1-Aquatic-15-SeaHorse-1022,0.014451893326503778,0
COD10K-CAM-1-Aquatic-15-SeaHorse-1023,0.16380443811495773,0
COD10K-CAM-1-Aquatic-15-SeaHorse-1032,0.09965819315193525,0
COD10K-CAM-1-Aquatic-15-SeaHorse-1035,0.1402008609113988,0
COD10K-CAM-1-Aquatic-15-SeaHorse-1043,0.02238951411915425,0
COD10K-CAM-1-Aquatic-15-SeaHorse-1044,0.04137203978506613,0
COD10K-CAM-1-Aquatic-15-SeaHorse-1047,0.027801871826874616,0
COD10K-CAM-1-Aquatic-15-SeaHorse-1048,0.029381433563008534,0
COD10K-CAM-1-Aquatic-15-SeaHorse-1052,0.01584099683677114,0
COD10K-CAM-1-Aquatic-15-SeaHorse-1057,0.05533953739447197,0
COD10K-CAM-1-Aquatic-15-SeaHorse-1063,0.03900521490522352,0
COD10K-CAM-1-Aquatic-15-SeaHorse-1066,0.0668173073127494,0
COD10K-CAM-1-Aquatic-15-SeaHorse-1067,0.046454489097981805,0
COD10K-CAM-1-Aquatic-15-SeaHorse-1069,0.06375098855901547,0
COD10K-CAM-1-Aquatic-15-SeaHorse-1070,0.05253768565931699,0
COD10K-CAM-1-Aquatic-15-SeaHorse-1071,0.1267757567493958,0
COD10K-CAM-1-Aquatic-15-SeaHorse-1074,0.033475117558705726,0
COD10K-CAM-1-Aquatic-15-SeaHorse-1076,0.0904819748999221,0
COD10K-CAM-1-Aquatic-15-SeaHorse-1078,0.11147607633739769,0
COD10K-CAM-1-Aquatic-15-SeaHorse-1083,0.04555722937971884,0
COD10K-CAM-1-Aquatic-15-SeaHorse-1085,0.1250901894322544,0
COD10K-CAM-1-Aquatic-15-SeaHorse-1086,0.07093678693931699,0
COD10K-CAM-1-Aquatic-15-SeaHorse-1088,0.019929143161124305,0
COD10K-CAM-1-Aquatic-15-SeaHorse-1092,0.030864056937745816,0
COD10K-CAM-1-Aquatic-15-SeaHorse-1096,0.12636542559189476,0
COD10K-CAM-1-Aquatic-15-SeaHorse-1099,0.04724585432635719,0
COD10K-CAM-1-Aquatic-15-SeaHorse-1105,0.1709673414043352,0
COD10K-CAM-1-Aquatic-15-SeaHorse-1109,0.0762959379395975,0
COD10K-CAM-1-Aquatic-15-SeaHorse-1110,0.29387232834688637,0
COD10K-CAM-1-Aquatic-15-SeaHorse-962,0.10823532303953481,0
COD10K-CAM-1-Aquatic-15-SeaHorse-963,0.13130957908879695,0
COD10K-CAM-1-Aquatic-15-SeaHorse-966,0.07194466835507995,0
COD10K-CAM-1-Aquatic-15-SeaHorse-972,0.2730859958139552,0
COD10K-CAM-1-Aquatic-15-SeaHorse-977,0.09847273058597211,0
COD10K-CAM-1-Aquatic-15-SeaHorse-978,0.02171006467598113,0
COD10K-CAM-1-Aquatic-15-SeaHorse-980,0.10581363218786784,0
COD10K-CAM-1-Aquatic-15-SeaHorse-981,0.026328910238824964,0
COD10K-CAM-1-Aquatic-15-SeaHorse-983,0.02730022228514378,0
COD10K-CAM-1-Aquatic-15-SeaHorse-984,0.03329602128577931,0
COD10K-CAM-1-Aquatic-15-SeaHorse-986,0.04615150291234514,0
COD10K-CAM-1-Aquatic-15-SeaHorse-989,0.03204551346984058,0
COD10K-CAM-1-Aquatic-15-SeaHorse-990,0.10188490682487873,0
COD10K-CAM-1-Aquatic-15-SeaHorse-992,0.1436325605891491,0
COD10K-CAM-1-Aquatic-15-SeaHorse-996,0.07414649258140756,0
COD10K-CAM-1-Aquatic-15-SeaHorse-997,0.07974428530092594,0
COD10K-CAM-1-Aquatic-15-SeaHorse-999,0.04802947024786908,0
COD10K-CAM-1-Aquatic-16-Shrimp-1115,0.09437006237798926,0
COD10K-CAM-1-Aquatic-16-Shrimp-1116,0.038588591844724414,0
COD10K-CAM-1-Aquatic-16-Shrimp-1117,0.02733347155194407,0
COD10K-CAM-1-Aquatic-16-Shrimp-1119,0.07023846833815493,0
COD10K-CAM-1-Aquatic-16-Shrimp-1120,0.03285739101465829,0
COD10K-CAM-1-Aquatic-16-Shrimp-1121,0.18559254379084966,0
COD10K-CAM-1-Aquatic-16-Shrimp-1123,0.19682419720818015,0
COD10K-CAM-1-Aquatic-16-Shrimp-1128,0.11304884085314212,0
COD10K-CAM-1-Aquatic-16-Shrimp-1130,0.07944193384135348,0
COD10K-CAM-1-Aquatic-16-Shrimp-1140,0.018177267246576527,0
COD10K-CAM-1-Aquatic-16-Shrimp-1142,0.27332153372879164,0
COD10K-CAM-1-Aquatic-16-Shrimp-1145,0.07653203656554129,0
COD10K-CAM-1-Aquatic-17-Slug-1149,0.1957553272040881,0
COD10K-CAM-1-Aquatic-17-Slug-1151,0.10983307375709012,0
COD10K-CAM-1-Aquatic-18-StarFish-1161,0.06303847788232524,0
COD10K-CAM-1-Aquatic-18-StarFish-1162,0.07028884920549479,0
COD10K-CAM-1-Aquatic-18-StarFish-1164,0.05851611954719662,0
COD10K-CAM-1-Aquatic-18-StarFish-1171,0.010895177812535833,0
COD10K-CAM-1-Aquatic-18-StarFish-1173,0.03176178776360805,0
COD10K-CAM-1-Aquatic-18-StarFish-1177,0.018707621454511526,0
COD10K-CAM-1-Aquatic-18-StarFish-1178,0.08140620968782249,0
COD10K-CAM-1-Aquatic-18-StarFish-1181,0.046798255193166376,0
COD10K-CAM-1-Aquatic-18-StarFish-1183,0.2611935997254158,0
COD10K-CAM-1-Aquatic-19-Stingaree-1186,0.0781685783250216,0
COD10K-CAM-1-Aquatic-19-Stingaree-1190,0.042935315051287413,0
COD10K-CAM-1-Aquatic-19-Stingaree-1191,0.1155557543231962,0
COD10K-CAM-1-Aquatic-19-Stingaree-1192,0.014180757055065095,0
COD10K-CAM-1-Aquatic-19-Stingaree-1197,0.008412324480025653,0
COD10K-CAM-1-Aquatic-19-Stingaree-1198,0.49909303453233517,0
COD10K-CAM-1-Aquatic-19-Stingaree-1203,0.04177699532233318,0
COD10K-CAM-1-Aquatic-19-Stingaree-1204,0.08928043396245654,0
COD10K-CAM-1-Aquatic-19-Stingaree-1207,0.21029182433863003,0
COD10K-CAM-1-Aquatic-2-ClownFish-10,0.05514057231109285,0
COD10K-CAM-1-Aquatic-2-ClownFish-11,0.14715005718954247,0
COD10K-CAM-1-Aquatic-2-ClownFish-13,0.1958222051816178,0
COD10K-CAM-1-Aquatic-2-ClownFish-15,0.012594589532590378,0
COD10K-CAM-1-Aquatic-2-ClownFish-18,0.08279064935064935,0
COD10K-CAM-1-Aquatic-20-Turtle-1221,0.04475920149355496,0
COD10K-CAM-1-Aquatic-20-Turtle-1224,0.5834532022685618,0
COD10K-CAM-1-Aquatic-20-Turtle-1225,0.01484358152797063,0
COD10K-CAM-1-Aquatic-20-Turtle-1231,0.025484326713022164,0
COD10K-CAM-1-Aquatic-3-Crab-23,0.09094959566000632,0
COD10K-CAM-1-Aquatic-3-Crab-24,0.08682664388006232,0
COD10K-CAM-1-Aquatic-3-Crab-30,0.025117291921988947,0
COD10K-CAM-1-Aquatic-3-Crab-31,0.03209027094412774,0
COD10K-CAM-1-Aquatic-3-Crab-32,0.014710774141199446,1
COD10K-CAM-1-Aquatic-3-Crab-33,0.12048788948050485,0
COD10K-CAM-1-Aquatic-3-Crab-34,0.008996050369816067,0
COD10K-CAM-1-Aquatic-3-Crab-35,0.14713758580824907,0
COD10K-CAM-1-Aquatic-3-Crab-37,0.10056317397971558,0
COD10K-CAM-1-Aquatic-3-Crab-38,0.007388205933415032,0
COD10K-CAM-1-Aquatic-3-Crab-40,0.04072486264820716,0
COD10K-CAM-1-Aquatic-3-Crab-43,0.00891096110003338,0
COD10K-CAM-1-Aquatic-3-Crab-45,0.04345348656760354,0
COD10K-CAM-1-Aquatic-3-Crab-46,0.04508364860735092,0
COD10K-CAM-1-Aquatic-3-Crab-50,0.049719806745940565,0
COD10K-CAM-1-Aquatic-3-Crab-54,0.02014241317442009,0
COD10K-CAM-1-Aquatic-3-Crab-58,0.030464232201669727,0
COD10K-CAM-1-Aquatic-3-Crab-62,0.091903985922792,0
COD10K-CAM-1-Aquatic-3-Crab-65,0.031788206412122134,0
COD10K-CAM-1-Aquatic-3-Crab-67,0.023050895780451015,0
COD10K-CAM-1-Aquatic-3-Crab-71,0.0508004853219697,0
COD10K-CAM-1-Aquatic-3-Crab-73,0.053376837337718294,0
COD10K-CAM-1-Aquatic-3-Crab-86,0.048218562152591855,0
COD10K-CAM-1-Aquatic-3-Crab-87,0.08522008620654925,0
COD10K-CAM-1-Aquatic-3-Crab-88,0.017958225007681818,0
COD10K-CAM-1-Aquatic-3-Crab-89,0.004515818676917381,0
COD10K-CAM-1-Aquatic-3-Crab-93,0.023673831536068658,0
COD10K-CAM-1-Aquatic-3-Crab-96,0.5101025226617001,0
COD10K-CAM-1-Aquatic-3-Crab-99,0.038369715541130986,0
COD10K-CAM-1-Aquatic-4-Crocodile-105,0.02269639944672722,0
COD10K-CAM-1-Aquatic-4-Crocodile-110,0.022477689106277086,0
COD10K-CAM-1-Aquatic-4-Crocodile-114,0.03561705617451597,0
COD10K-CAM-1-Aquatic-4-Crocodile-115,0.02272777629315309,0
COD10K-CAM-1-Aquatic-4-Crocodile-118,0.10225781894760806,0
COD10K-CAM-1-Aquatic-4-Crocodile-119,0.03921175082602102,0
COD10K-CAM-1-Aquatic-4-Crocodile-123,0.054829729142211216,0
COD10K-CAM-1-Aquatic-5-CrocodileFish-125,0.12022463925845187,0
COD10K-CAM-1-Aquatic-5-CrocodileFish-126,0.5477575863108916,0
COD10K-CAM-1-Aquatic-5-CrocodileFish-131,0.16569671315256063,0
COD10K-CAM-1-Aquatic-6-Fish-134,0.3720420611516374,0
COD10K-CAM-1-Aquatic-6-Fish-135,0.15322580882352943,0
COD10K-CAM-1-Aquatic-6-Fish-136,0.05165031283509497,0
COD10K-CAM-1-Aquatic-6-Fish-138,0.04068290032679738,0
COD10K-CAM-1-Aquatic-6-Fish-139,0.07279392700528234,0
COD10K-CAM-1-Aquatic-6-Fish-143,0.07238673859917319,0
COD10K-CAM-1-Aquatic-6-Fish-149,0.15393983659532628,0
COD10K-CAM-1-Aquatic-6-Fish-150,0.012360539215686273,0
COD10K-CAM-1-Aquatic-6-Fish-155,0.057644855471419815,0
COD10K-CAM-1-Aquatic-6-Fish-157,0.01717419593162786,0
COD10K-CAM-1-Aquatic-6-Fish-159,0.15766128961997794,0
COD10K-CAM-1-Aquatic-6-Fish-160,0.09452727040551132,0
COD10K-CAM-1-Aquatic-6-Fish-162,0.12403685629767575,0
COD10K-CAM-1-Aquatic-6-Fish-163,0.011890013600608621,0
COD10K-CAM-1-Aquatic-6-Fish-168,0.03196476087689835,0
COD10K-CAM-1-Aquatic-6-Fish-171,0.05717081882094943,0
COD10K-CAM-1-Aquatic-6-Fish-174,0.0765192593241,0
COD10K-CAM-1-Aquatic-6-Fish-183,0.06266312139007206,0
COD10K-CAM-1-Aquatic-6-Fish-186,0.04398449499217696,0
COD10K-CAM-1-Aquatic-6-Fish-189,0.22062103128678265,0
COD10K-CAM-1-Aquatic-6-Fish-190,0.20213343847788018,0
COD10K-CAM-1-Aquatic-6-Fish-191,0.21548767089843748,0
COD10K-CAM-1-Aquatic-6-Fish-193,0.024463783214294835,0
COD10K-CAM-1-Aquatic-6-Fish-196,0.01459519798036345,0
COD10K-CAM-1-Aquatic-6-Fish-197,0.029894733218140845,0
COD10K-CAM-1-Aquatic-6-Fish-203,0.027661437699164584,0
COD10K-CAM-1-Aquatic-6-Fish-204,0.021993657684523295,0
COD10K-CAM-1-Aquatic-6-Fish-207,0.25646147780122297,0
COD10K-CAM-1-Aquatic-6-Fish-215,0.010576990028966133,0
COD10K-CAM-1-Aquatic-6-Fish-218,0.020434617828612927,0
COD10K-CAM-1-Aquatic-6-Fish-219,0.028160937938814846,0
COD10K-CAM-1-Aquatic-6-Fish-220,0.045722753337483824,0
COD10K-CAM-1-Aquatic-6-Fish-221,0.13370073605207058,0
COD10K-CAM-1-Aquatic-6-Fish-222,0.06322724088531763,0
COD10K-CAM-1-Aquatic-6-Fish-224,0.11594819937135159,0
COD10K-CAM-1-Aquatic-6-Fish-225,0.20805932337941688,0
COD10K-CAM-1-Aquatic-6-Fish-227,0.01669784246706495,0
COD10K-CAM-1-Aquatic-6-Fish-228,0.2781542073830185,0
COD10K-CAM-1-Aquatic-6-Fish-230,0.11363907181352195,0
COD10K-CAM-1-Aquatic-6-Fish-231,0.061344232026143794,0
COD10K-CAM-1-Aquatic-6-Fish-235,0.07819212036836794,0
COD10K-CAM-1-Aquatic-6-Fish-242,0.025312506728533284,0
COD10K-CAM-1-Aquatic-6-Fish-243,0.04287384403798122,0
COD10K-CAM-1-Aquatic-7-Flounder-245,0.3288311723094331,0
COD10K-CAM-1-Aquatic-7-Flounder-246,0.07040278531405031,0
COD10K-CAM-1-Aquatic-7-Flounder-247,0.028539770513864787,0
COD10K-CAM-1-Aquatic-7-Flounder-248,0.20359884993202035,0
COD10K-CAM-1-Aquatic-7-Flounder-249,0.05365294215053134,0
COD10K-CAM-1-Aquatic-7-Flounder-250,0.039920790959549174,0
COD10K-CAM-1-Aquatic-7-Flounder-253,0.08120796353209253,0
COD10K-CAM-1-Aquatic-7-Flounder-254,0.33929321019220277,0
COD10K-CAM-1-Aquatic-7-Flounder-258,0.07885337149268665,0
COD10K-CAM-1-Aquatic-7-Flounder-259,0.029666247399024712,0
COD10K-CAM-1-Aquatic-7-Flounder-262,0.03295575447136799,0
COD10K-CAM-1-Aquatic-7-Flounder-264,0.12878185097688163,0
COD10K-CAM-1-Aquatic-7-Flounder-266,0.10525921853116246,0
COD10K-CAM-1-Aquatic-7-Flounder-270,0.5524754386106566,0
COD10K-CAM-1-Aquatic-7-Flounder-272,0.05256562585272678,0
COD10K-CAM-1-Aquatic-7-Flounder-277,0.05779644336575777,0
COD10K-CAM-1-Aquatic-7-Flounder-283,0.025056776306810424,0
COD10K-CAM-1-Aquatic-7-Flounder-284,0.07129571453418607,0
COD10K-CAM-1-Aquatic-7-Flounder-286,0.02110257559282864,0
COD10K-CAM-1-Aquatic-7-Flounder-287,0.11176253596384642,0
COD10K-CAM-1-Aquatic-7-Flounder-289,0.025016107480029047,0
COD10K-CAM-1-Aquatic-7-Flounder-290,0.18620777803308824,0
COD10K-CAM-1-Aquatic-7-Flounder-291,0.24353300684822424,0
COD10K-CAM-1-Aquatic-7-Flounder-292,0.03081929686938878,0
COD10K-CAM-1-Aquatic-8-FrogFish-295,0.17195974113115298,0
COD10K-CAM-1-Aquatic-8-FrogFish-296,0.06192529217090482,0
COD10K-CAM-1-Aquatic-8-FrogFish-297,0.31879914726307185,0
COD10K-CAM-1-Aquatic-8-FrogFish-299,0.14265726937279305,0
COD10K-CAM-1-Aquatic-8-FrogFish-303,0.025607015572342216,0
COD10K-CAM-1-Aquatic-8-FrogFish-305,0.15877162999167457,0
COD10K-CAM-1-Aquatic-8-FrogFish-306,0.09971338691040106,0
COD10K-CAM-1-Aquatic-9-GhostPipefish-307,0.012900674861080513,0
COD10K-CAM-1-Aquatic-9-GhostPipefish-309,0.09778355945690867,0
COD10K-CAM-1-Aquatic-9-GhostPipefish-312,0.02184373027901017,0
COD10K-CAM-1-Aquatic-9-GhostPipefish-315,0.043557222192763326,0
COD10K-CAM-1-Aquatic-9-GhostPipefish-318,0.17569255784077442,0
COD10K-CAM-1-Aquatic-9-GhostPipefish-322,0.09272061851369391,0
COD10K-CAM-1-Aquatic-9-GhostPipefish-323,0.027339662416027904,0
COD10K-CAM-1-Aquatic-9-GhostPipefish-326,0.09812187361589936,0
COD10K-CAM-1-Aquatic-9-GhostPipefish-327,0.04831117063881137,0
COD10K-CAM-1-Aquatic-9-GhostPipefish-333,0.04117872948740042,0
COD10K-CAM-1-Aquatic-9-GhostPipefish-334,0.04040517969589924,0
COD10K-CAM-1-Aquatic-9-GhostPipefish-339,0.05480742206490033,0
COD10K-CAM-1-Aquatic-9-GhostPipefish-346,0.07064546347623207,0
COD10K-CAM-1-Aquatic-9-GhostPipefish-347,0.11755333718340073,0
COD10K-CAM-1-Aquatic-9-GhostPipefish-348,0.1082248340100966,0
COD10K-CAM-1-Aquatic-9-GhostPipefish-349,0.08973594893237466,0
COD10K-CAM-1-Aquatic-9-GhostPipefish-350,0.07087897397952893,0
COD10K-CAM-1-Aquatic-9-GhostPipefish-353,0.12917375966217381,0
COD10K-CAM-1-Aquatic-9-GhostPipefish-359,0.06798415339850133,0
COD10K-CAM-1-Aquatic-9-GhostPipefish-369,0.29504114071921533,0
COD10K-CAM-1-Aquatic-9-GhostPipefish-370,0.06236255301991263,0
COD10K-CAM-1-Aquatic-9-GhostPipefish-372,0.02241207945580576,0
COD10K-CAM-1-Aquatic-9-GhostPipefish-377,0.07526558523180803,0
COD10K-CAM-1-Aquatic-9-GhostPipefish-379,0.1160632062009154,0
COD10K-CAM-1-Aquatic-9-GhostPipefish-380,0.06411797029591652,0
COD10K-CAM-1-Aquatic-9-GhostPipefish-381,0.10600319801654144,0
COD10K-CAM-1-Aquatic-9-GhostPipefish-382,0.026574182940221545,0
COD10K-CAM-1-Aquatic-9-GhostPipefish-383,0.13950438725490197,0
COD10K-CAM-1-Aquatic-9-GhostPipefish-384,0.10664314818538091,0
COD10K-CAM-1-Aquatic-9-GhostPipefish-385,0.14248053357492085,0
COD10K-CAM-1-Aquatic-9-GhostPipefish-390,0.08258992572596388,0
COD10K-CAM-1-Aquatic-9-GhostPipefish-391,0.1769562569667162,0
COD10K-CAM-1-Aquatic-9-GhostPipefish-395,0.11897746928200269,0
COD10K-CAM-1-Aquatic-9-GhostPipefish-397,0.11062021691814745,0
COD10K-CAM-1-Aquatic-9-GhostPipefish-399,0.08698964262946977,0
COD10K-CAM-1-Aquatic-9-GhostPipefish-402,0.03938807568518944,0
COD10K-CAM-1-Aquatic-9-GhostPipefish-403,0.08410681522253789,0
COD10K-CAM-1-Aquatic-9-GhostPipefish-406,0.0472927716822406,0
COD10K-CAM-1-Aquatic-9-GhostPipefish-407,0.09138949026469312,0
COD10K-CAM-1-Aquatic-9-GhostPipefish-409,0.022728315365859883,0
COD10K-CAM-1-Aquatic-9-GhostPipefish-411,0.05764876114245113,0
COD10K-CAM-2-Terrestrial-21-Ant-1233,0.13515879014465348,0
COD10K-CAM-2-Terrestrial-21-Ant-1238,0.0186026955850056,0
COD10K-CAM-2-Terrestrial-21-Ant-1240,0.045926090187788635,0
COD10K-CAM-2-Terrestrial-21-Ant-1241,0.05558023727403534,0
COD10K-CAM-2-Terrestrial-21-Ant-1243,0.18527521112958217,0
COD10K-CAM-2-Terrestrial-21-Ant-1246,0.08109092338412416,0
COD10K-CAM-2-Terrestrial-21-Ant-1247,0.032620191154097075,0
COD10K-CAM-2-Terrestrial-21-Ant-1249,0.08244963003919016,0
COD10K-CAM-2-Terrestrial-21-Ant-1251,0.09725434909963251,0
COD10K-CAM-2-Terrestrial-21-Ant-1257,0.09311384201360598,0
COD10K-CAM-2-Terrestrial-22-Bug-1260,0.2379242921273971,0
COD10K-CAM-2-Terrestrial-22-Bug-1262,0.04141181497012868,0
COD10K-CAM-2-Terrestrial-22-Bug-1263,0.029371069161862193,0
COD10K-CAM-2-Terrestrial-22-Bug-1267,0.07836519742413803,0
COD10K-CAM-2-Terrestrial-22-Bug-1268,0.040323364292060224,0
COD10K-CAM-2-Terrestrial-22-Bug-1270,0.026722273284313727,0
COD10K-CAM-2-Terrestrial-22-Bug-1271,0.04248855140061149,0
COD10K-CAM-2-Terrestrial-22-Bug-1272,0.1765803733855913,0
COD10K-CAM-2-Terrestrial-22-Bug-1273,0.01431365689974784,0
COD10K-CAM-2-Terrestrial-22-Bug-1274,0.04101014124537077,0
COD10K-CAM-2-Terrestrial-22-Bug-1276,0.04414257066754228,0
COD10K-CAM-2-Terrestrial-22-Bug-1277,0.012111915021315993,0
COD10K-CAM-2-Terrestrial-22-Bug-1278,0.02125555300245098,0
COD10K-CAM-2-Terrestrial-22-Bug-1281,0.07068845679743346,0
COD10K-CAM-2-Terrestrial-22-Bug-1282,0.043619084653092,0
COD10K-CAM-2-Terrestrial-22-Bug-1283,0.02186520998406683,0
COD10K-CAM-2-Terrestrial-22-Bug-1284,0.01306328781512605,0
COD10K-CAM-2-Terrestrial-22-Bug-1285,0.038647449601176935,0
COD10K-CAM-2-Terrestrial-22-Bug-1286,0.0310995398305864,0
COD10K-CAM-2-Terrestrial-22-Bug-1289,0.25125686015906956,0
COD10K-CAM-2-Terrestrial-22-Bug-1291,0.16250867420082968,0
COD10K-CAM-2-Terrestrial-22-Bug-1293,0.010926986666738437,0
COD10K-CAM-2-Terrestrial-23-Cat-1299,0.029559962931453576,0
COD10K-CAM-2-Terrestrial-23-Cat-1300,0.14070890941270048,0
COD10K-CAM-2-Terrestrial-23-Cat-1301,0.021554382311179492,0
COD10K-CAM-2-Terrestrial-23-Cat-1304,0.06038959531180894,0
COD10K-CAM-2-Terrestrial-23-Cat-1310,0.025373001849898085,0
COD10K-CAM-2-Terrestrial-23-Cat-1320,0.06144563762191074,0
COD10K-CAM-2-Terrestrial-23-Cat-1325,0.02817748325322968,0
COD10K-CAM-2-Terrestrial-23-Cat-1327,0.11346391961533521,0
COD10K-CAM-2-Terrestrial-23-Cat-1328,0.13636810369221472,0
COD10K-CAM-2-Terrestrial-23-Cat-1329,0.01591208588843252,0
COD10K-CAM-2-Terrestrial-23-Cat-1330,0.008245739044153532,0
COD10K-CAM-2-Terrestrial-23-Cat-1331,0.23551578698595502,0
COD10K-CAM-2-Terrestrial-23-Cat-1333,0.5062326496505215,0
COD10K-CAM-2-Terrestrial-23-Cat-1337,0.017361862974967245,0
COD10K-CAM-2-Terrestrial-23-Cat-1339,0.07875466898999184,0
COD10K-CAM-2-Terrestrial-23-Cat-1344,0.009957116013071894,0
COD10K-CAM-2-Terrestrial-23-Cat-1350,0.01324311798694087,0
COD10K-CAM-2-Terrestrial-23-Cat-1352,0.7866327116986691,0
COD10K-CAM-2-Terrestrial-23-Cat-1358,0.06910142276927662,0
COD10K-CAM-2-Terrestrial-23-Cat-1359,0.1035330376211157,0
COD10K-CAM-2-Terrestrial-23-Cat-1360,0.3459977841844746,0
COD10K-CAM-2-Terrestrial-23-Cat-1363,0.017061392449678987,0
COD10K-CAM-2-Terrestrial-23-Cat-1364,0.18690006715076224,0
COD10K-CAM-2-Terrestrial-23-Cat-1365,0.10494511922200518,0
COD10K-CAM-2-Terrestrial-23-Cat-1367,0.3991902028514342,0
COD10K-CAM-2-Terrestrial-23-Cat-1368,0.05227401996669823,0
COD10K-CAM-2-Terrestrial-23-Cat-1369,0.42023515140309053,0
COD10K-CAM-2-Terrestrial-23-Cat-1371,0.046076816524560055,0
COD10K-CAM-2-Terrestrial-23-Cat-1372,0.0695544574966317,0
COD10K-CAM-2-Terrestrial-23-Cat-1377,0.14533722821403955,0
COD10K-CAM-2-Terrestrial-23-Cat-1378,0.08760653726415697,0
COD10K-CAM-2-Terrestrial-23-Cat-1380,0.07956428598139828,0
COD10K-CAM-2-Terrestrial-23-Cat-1381,0.19715342110032152,0
COD10K-CAM-2-Terrestrial-23-Cat-1383,0.16015961143517543,0
COD10K-CAM-2-Terrestrial-23-Cat-1386,0.09891386144301471,0
COD10K-CAM-2-Terrestrial-23-Cat-1387,0.14601759982451987,0
COD10K-CAM-2-Terrestrial-23-Cat-1388,0.07458728964811835,0
COD10K-CAM-2-Terrestrial-23-Cat-1390,0.00593914548837987,0
COD10K-CAM-2-Terrestrial-23-Cat-1391,0.06595036207189235,0
COD10K-CAM-2-Terrestrial-23-Cat-1392,0.012513646657387084,0
COD10K-CAM-2-Terrestrial-23-Cat-1394,0.3164413615012061,0
COD10K-CAM-2-Terrestrial-23-Cat-1400,0.018150224295591835,0
COD10K-CAM-2-Terrestrial-23-Cat-1405,0.4065761142306858,0
COD10K-CAM-2-Terrestrial-23-Cat-1411,0.04579919163401085,0
COD10K-CAM-2-Terrestrial-23-Cat-1412,0.06973520866527431,0
COD10K-CAM-2-Terrestrial-23-Cat-1413,0.03170135313074799,0
COD10K-CAM-2-Terrestrial-23-Cat-1415,0.306592881054861,0
COD10K-CAM-2-Terrestrial-23-Cat-1419,0.1617895423334775,0
COD10K-CAM-2-Terrestrial-23-Cat-1420,0.05424718919143178,0
COD10K-CAM-2-Terrestrial-23-Cat-1421,0.030651845495685254,0
COD10K-CAM-2-Terrestrial-23-Cat-1423,0.09193163603739023,0
COD10K-CAM-2-Terrestrial-23-Cat-1424,0.22760101209757283,0
COD10K-CAM-2-Terrestrial-23-Cat-1428,0.018833309671414826,0
COD10K-CAM-2-Terrestrial-23-Cat-1429,0.02153034209657509,0
COD10K-CAM-2-Terrestrial-23-Cat-1431,0.12250802532520168,0
COD10K-CAM-2-Terrestrial-23-Cat-1432,0.11347579369458852,0
COD10K-CAM-2-Terrestrial-23-Cat-1433,0.13742087244854015,0
COD10K-CAM-2-Terrestrial-23-Cat-1434,0.03062047522052441,0
COD10K-CAM-2-Terrestrial-23-Cat-1438,0.256445457098028,0
COD10K-CAM-2-Terrestrial-23-Cat-1442,0.03380909316606737,0
COD10K-CAM-2-Terrestrial-23-Cat-1443,0.07787349558285867,0
COD10K-CAM-2-Terrestrial-23-Cat-1446,0.09877496357836753,0
COD10K-CAM-2-Terrestrial-23-Cat-1449,0.029468148260953935,0
COD10K-CAM-2-Terrestrial-23-Cat-1451,0.0906809512867647,0
COD10K-CAM-2-Terrestrial-23-Cat-1453,0.23239202719190746,0
COD10K-CAM-2-Terrestrial-23-Cat-1458,0.16540107976377397,0
COD10K-CAM-2-Terrestrial-23-Cat-1459,0.03175774567695478,0
COD10K-CAM-2-Terrestrial-23-Cat-1461,0.12785230143819643,0
COD10K-CAM-2-Terrestrial-23-Cat-1462,0.008261016959839496,0
COD10K-CAM-2-Terrestrial-23-Cat-1465,0.04342794979319853,0
COD10K-CAM-2-Terrestrial-23-Cat-1466,0.028700964052287583,0
COD10K-CAM-2-Terrestrial-23-Cat-1471,0.05099209554834303,0
COD10K-CAM-2-Terrestrial-23-Cat-1472,0.12187638487591511,0
COD10K-CAM-2-Terrestrial-23-Cat-1474,0.0752262145997749,0
COD10K-CAM-2-Terrestrial-23-Cat-1475,0.016366815187824763,0
COD10K-CAM-2-Terrestrial-23-Cat-1476,0.08348648035806563,0
COD10K-CAM-2-Terrestrial-23-Cat-1479,0.04707310967150019,0
COD10K-CAM-2-Terrestrial-23-Cat-1481,0.0492957643995098,0
COD10K-CAM-2-Terrestrial-23-Cat-1483,0.0927397994318327,0
COD10K-CAM-2-Terrestrial-23-Cat-1485,0.22832342409620096,0
COD10K-CAM-2-Terrestrial-23-Cat-1488,0.23974261453757933,0
COD10K-CAM-2-Terrestrial-23-Cat-1490,0.022044671181063933,0
COD10K-CAM-2-Terrestrial-23-Cat-1491,0.034116143775607254,0
COD10K-CAM-2-Terrestrial-23-Cat-1492,0.05480125662355723,0
COD10K-CAM-2-Terrestrial-23-Cat-1494,0.19453669934640525,0
COD10K-CAM-2-Terrestrial-23-Cat-1496,0.046233193391288806,0
COD10K-CAM-2-Terrestrial-23-Cat-1498,0.014933584956830163,0
COD10K-CAM-2-Terrestrial-23-Cat-1500,0.05112575055649059,0
COD10K-CAM-2-Terrestrial-23-Cat-1505,0.12182864936051398,0
COD10K-CAM-2-Terrestrial-23-Cat-1506,0.01752125359828176,1
COD10K-CAM-2-Terrestrial-23-Cat-1508,0.08228442227916057,0
COD10K-CAM-2-Terrestrial-23-Cat-1510,0.15059066473268998,0
COD10K-CAM-2-Terrestrial-23-Cat-1512,0.020996656378600823,0
COD10K-CAM-2-Terrestrial-23-Cat-1514,0.03379856655326845,0
COD10K-CAM-2-Terrestrial-23-Cat-1515,0.015797040195162055,0
COD10K-CAM-2-Terrestrial-23-Cat-1516,0.38899600459080114,0
COD10K-CAM-2-Terrestrial-23-Cat-1520,0.06208568286437188,0
COD10K-CAM-2-Terrestrial-23-Cat-1522,0.04835335917968168,0
COD10K-CAM-2-Terrestrial-23-Cat-1523,0.031075615976371016,0
COD10K-CAM-2-Terrestrial-23-Cat-1524,0.04944370832089181,0
COD10K-CAM-2-Terrestrial-23-Cat-1526,0.08259048153007724,0
COD10K-CAM-2-Terrestrial-23-Cat-1527,0.20213478418453767,0
COD10K-CAM-2-Terrestrial-23-Cat-1530,0.02683905382040246,0
COD10K-CAM-2-Terrestrial-23-Cat-1531,0.08733054578241398,0
COD10K-CAM-2-Terrestrial-23-Cat-1532,0.06501829531528519,0
COD10K-CAM-2-Terrestrial-23-Cat-1534,0.008783198337928922,0
COD10K-CAM-2-Terrestrial-23-Cat-1537,0.07959168568598743,0
COD10K-CAM-2-Terrestrial-24-Caterpillar-1541,0.22075904139433555,0
COD10K-CAM-2-Terrestrial-24-Caterpillar-1543,0.375663344916455,0
COD10K-CAM-2-Terrestrial-24-Caterpillar-1545,0.04775225277698127,0
COD10K-CAM-2-Terrestrial-24-Caterpillar-1546,0.035110238046536325,0
COD10K-CAM-2-Terrestrial-24-Caterpillar-1548,0.06658804936231448,0
COD10K-CAM-2-Terrestrial-24-Caterpillar-1552,0.08762324642027863,0
COD10K-CAM-2-Terrestrial-24-Caterpillar-1557,0.06789118153399705,0
COD10K-CAM-2-Terrestrial-24-Caterpillar-1560,0.18516287760528807,0
COD10K-CAM-2-Terrestrial-24-Caterpillar-1564,0.05791417871944785,0
COD10K-CAM-2-Terrestrial-24-Caterpillar-1565,0.15590274617994887,0
COD10K-CAM-2-Terrestrial-24-Caterpillar-1567,0.20817650089402068,0
COD10K-CAM-2-Terrestrial-24-Caterpillar-1568,0.15007726018289896,0
COD10K-CAM-2-Terrestrial-24-Caterpillar-1570,0.09018036786096204,0
COD10K-CAM-2-Terrestrial-24-Caterpillar-1572,0.12975376006919537,0
COD10K-CAM-2-Terrestrial-24-Caterpillar-1574,0.044585723465390796,0
COD10K-CAM-2-Terrestrial-24-Caterpillar-1581,0.08178856862565671,0
COD10K-CAM-2-Terrestrial-24-Caterpillar-1582,0.05499995300383801,0
COD10K-CAM-2-Terrestrial-24-Caterpillar-1587,0.20531724681858918,0
COD10K-CAM-2-Terrestrial-24-Caterpillar-1591,0.05451359857444123,0
COD10K-CAM-2-Terrestrial-24-Caterpillar-1594,0.0257112003613671,0
COD10K-CAM-2-Terrestrial-24-Caterpillar-1596,0.044453898909824346,0
COD10K-CAM-2-Terrestrial-24-Caterpillar-1597,0.04160915558765021,0
COD10K-CAM-2-Terrestrial-24-Caterpillar-1602,0.08862136641359016,0
COD10K-CAM-2-Terrestrial-24-Caterpillar-1607,0.10218929215973499,0
COD10K-CAM-2-Terrestrial-24-Caterpillar-1608,0.04812810521811213,0
COD10K-CAM-2-Terrestrial-24-Caterpillar-1616,0.05210695048517211,0
COD10K-CAM-2-Terrestrial-24-Caterpillar-1621,0.012894322244313241,0
COD10K-CAM-2-Terrestrial-24-Caterpillar-1622,0.0626652116769363,0
COD10K-CAM-2-Terrestrial-24-Caterpillar-1623,0.21264282122495734,0
COD10K-CAM-2-Terrestrial-24-Caterpillar-1626,0.13194371818163597,0
COD10K-CAM-2-Terrestrial-24-Caterpillar-1633,0.02185286520952437,0
COD10K-CAM-2-Terrestrial-24-Caterpillar-1641,0.11708548422114086,0
COD10K-CAM-2-Terrestrial-24-Caterpillar-1643,0.12179111761835042,0
COD10K-CAM-2-Terrestrial-24-Caterpillar-1644,0.12021361298911953,0
COD10K-CAM-2-Terrestrial-24-Caterpillar-1645,0.0130759477124183,0
COD10K-CAM-2-Terrestrial-24-Caterpillar-1650,0.06512138049766027,0
COD10K-CAM-2-Terrestrial-24-Caterpillar-1652,0.02815530082823759,0
COD10K-CAM-2-Terrestrial-24-Caterpillar-1653,0.021233995730727758,0
COD10K-CAM-2-Terrestrial-24-Caterpillar-1655,0.0541890975140056,0
COD10K-CAM-2-Terrestrial-25-Centipede-1658,0.11010543355996334,0
COD10K-CAM-2-Terrestrial-25-Centipede-1659,0.05188655879908944,0
COD10K-CAM-2-Terrestrial-25-Centipede-1663,0.06157298754055062,0
COD10K-CAM-2-Terrestrial-26-Chameleon-1667,0.11043488758208203,0
COD10K-CAM-2-Terrestrial-26-Chameleon-1670,0.02990783322414546,0
COD10K-CAM-2-Terrestrial-26-Chameleon-1671,0.04421127757672412,0
COD10K-CAM-2-Terrestrial-26-Chameleon-1676,0.014230517083297445,0
COD10K-CAM-2-Terrestrial-26-Chameleon-1681,0.19314834969374853,0
COD10K-CAM-2-Terrestrial-26-Chameleon-1688,0.0959624426728964,0
COD10K-CAM-2-Terrestrial-26-Chameleon-1689,0.08326122203488925,0
COD10K-CAM-2-Terrestrial-26-Chameleon-1692,0.18765824753948043,0
COD10K-CAM-2-Terrestrial-26-Chameleon-1693,0.027332143280079234,0
COD10K-CAM-2-Terrestrial-26-Chameleon-1696,0.050230083445591975,0
COD10K-CAM-2-Terrestrial-26-Chameleon-1697,0.0356375612745098,0
COD10K-CAM-2-Terrestrial-26-Chameleon-1698,0.042126463730115436,0
COD10K-CAM-2-Terrestrial-26-Chameleon-1699,0.08154179432189544,0
COD10K-CAM-2-Terrestrial-26-Chameleon-1701,0.10095663631663603,0
COD10K-CAM-2-Terrestrial-26-Chameleon-1703,0.07926003449882557,0
COD10K-CAM-2-Terrestrial-26-Chameleon-1705,0.0969085788677373,0
COD10K-CAM-2-Terrestrial-26-Chameleon-1706,0.2026155491021445,0
COD10K-CAM-2-Terrestrial-26-Chameleon-1707,0.019247659716258768,0
COD10K-CAM-2-Terrestrial-26-Chameleon-1709,0.03494625714869281,0
COD10K-CAM-2-Terrestrial-26-Chameleon-1711,0.014430949891707566,0
COD10K-CAM-2-Terrestrial-26-Chameleon-1713,0.08516940945893331,0
COD10K-CAM-2-Terrestrial-26-Chameleon-1716,0.06251554297095094,0
COD10K-CAM-2-Terrestrial-26-Chameleon-1719,0.10908923184658478,0
COD10K-CAM-2-Terrestrial-26-Chameleon-1722,0.13898951223516492,0
COD10K-CAM-2-Terrestrial-26-Chameleon-1723,0.06552804601087818,0
COD10K-CAM-2-Terrestrial-26-Chameleon-1727,0.009073617779835213,0
COD10K-CAM-2-Terrestrial-26-Chameleon-1730,0.17278946824631491,0
COD10K-CAM-2-Terrestrial-26-Chameleon-1737,0.11173893893893894,0
COD10K-CAM-2-Terrestrial-27-Cheetah-1739,0.07306836412843826,0
COD10K-CAM-2-Terrestrial-27-Cheetah-1742,0.03166780266737002,0
COD10K-CAM-2-Terrestrial-27-Cheetah-1743,0.09621077040809002,0
COD10K-CAM-2-Terrestrial-27-Cheetah-1745,0.04583235795155864,0
COD10K-CAM-2-Terrestrial-27-Cheetah-1747,0.007614173300899306,0
COD10K-CAM-2-Terrestrial-27-Cheetah-1750,0.026279364691840276,0
COD10K-CAM-2-Terrestrial-27-Cheetah-1751,0.03854883368727291,0
COD10K-CAM-2-Terrestrial-27-Cheetah-1753,0.04347085187413266,0
COD10K-CAM-2-Terrestrial-27-Cheetah-1755,0.054577166459414655,0
COD10K-CAM-2-Terrestrial-27-Cheetah-1756,0.06160747350791533,0
COD10K-CAM-2-Terrestrial-28-Deer-1758,0.020413629855309617,0
COD10K-CAM-2-Terrestrial-28-Deer-1760,0.05105078028046662,0
COD10K-CAM-2-Terrestrial-28-Deer-1761,0.010727573383766467,0
COD10K-CAM-2-Terrestrial-28-Deer-1762,0.08598217882348154,1
COD10K-CAM-2-Terrestrial-28-Deer-1764,0.07629817529168101,0
COD10K-CAM-2-Terrestrial-28-Deer-1766,0.03906289892258987,0
COD10K-CAM-2-Terrestrial-28-Deer-1767,0.047421830421983606,0
COD10K-CAM-2-Terrestrial-28-Deer-1768,0.038454773266370965,0
COD10K-CAM-2-Terrestrial-28-Deer-1769,0.0736426400753316,0
COD10K-CAM-2-Terrestrial-28-Deer-1772,0.007878058342663564,0
COD10K-CAM-2-Terrestrial-28-Deer-1773,0.013480021197668257,0
COD10K-CAM-2-Terrestrial-28-Deer-1775,0.026266473907271243,0
COD10K-CAM-2-Terrestrial-28-Deer-1779,0.09136491297826475,0
COD10K-CAM-2-Terrestrial-28-Deer-1784,0.1378981161543565,0
COD10K-CAM-2-Terrestrial-28-Deer-1785,0.1245800527161959,0
COD10K-CAM-2-Terrestrial-28-Deer-1788,0.025557221213443504,0
COD10K-CAM-2-Terrestrial-28-Deer-1790,0.045278784441119053,0
COD10K-CAM-2-Terrestrial-28-Deer-1791,0.054417780748663096,0
COD10K-CAM-2-Terrestrial-28-Deer-1792,0.01553926074106113,0
COD10K-CAM-2-Terrestrial-28-Deer-1794,0.05015952914368873,0
COD10K-CAM-2-Terrestrial-28-Deer-1795,0.006329014331427014,0
COD10K-CAM-2-Terrestrial-28-Deer-1801,0.016455502863663766,0
COD10K-CAM-2-Terrestrial-29-Dog-1804,0.1859283341435748,0
COD10K-CAM-2-Terrestrial-29-Dog-1805,0.029734936159676168,0
COD10K-CAM-2-Terrestrial-29-Dog-1814,0.010968887579522404,0
COD10K-CAM-2-Terrestrial-29-Dog-1815,0.03771201299530228,0
COD10K-CAM-2-Terrestrial-29-Dog-1816,0.041016533351993796,0
COD10K-CAM-2-Terrestrial-29-Dog-1817,0.13391767846386948,0
COD10K-CAM-2-Terrestrial-29-Dog-1820,0.005779603204677792,0
COD10K-CAM-2-Terrestrial-29-Dog-1825,0.01608058455722784,0
COD10K-CAM-2-Terrestrial-29-Dog-1827,0.0071557637133629485,0
COD10K-CAM-2-Terrestrial-29-Dog-1829,0.012012558017782948,0
COD10K-CAM-2-Terrestrial-29-Dog-1830,0.0429627179206152,0
COD10K-CAM-2-Terrestrial-29-Dog-1831,0.01657956191916871,0
COD10K-CAM-2-Terrestrial-29-Dog-1832,0.2754927017682073,0
COD10K-CAM-2-Terrestrial-29-Dog-1834,0.10961467767852584,0
COD10K-CAM-2-Terrestrial-29-Dog-1835,0.1660438038944419,0
COD10K-CAM-2-Terrestrial-29-Dog-1836,0.004168297262752757,0
COD10K-CAM-2-Terrestrial-29-Dog-1837,0.13948792102290133,0
COD10K-CAM-2-Terrestrial-29-Dog-1838,0.019987780983550082,0
COD10K-CAM-2-Terrestrial-29-Dog-1840,0.11566636328603708,0
COD10K-CAM-2-Terrestrial-29-Dog-1851,0.38776208160031694,0
COD10K-CAM-2-Terrestrial-29-Dog-1853,0.09964542816016939,0
COD10K-CAM-2-Terrestrial-29-Dog-1854,0.13034177562827542,0
COD10K-CAM-2-Terrestrial-29-Dog-1856,0.15134181181178485,0
COD10K-CAM-2-Terrestrial-30-Duck-1862,0.009845459047454999,0
COD10K-CAM-2-Terrestrial-30-Duck-1866,0.023993709150326795,0
COD10K-CAM-2-Terrestrial-30-Duck-1868,0.0713937841123139,0
COD10K-CAM-2-Terrestrial-30-Duck-1870,0.010975911258872038,0
COD10K-CAM-2-Terrestrial-30-Duck-1871,0.01543356392336446,0
COD10K-CAM-2-Terrestrial-30-Duck-1873,0.0657793265620704,0
COD10K-CAM-2-Terrestrial-30-Duck-1876,0.018757319968346082,0
COD10K-CAM-2-Terrestrial-31-Gecko-1880,0.04119713920146977,0
COD10K-CAM-2-Terrestrial-31-Gecko-1882,0.028888721568627446,0
COD10K-CAM-2-Terrestrial-31-Gecko-1888,0.08471594960298168,0
COD10K-CAM-2-Terrestrial-31-Gecko-1889,0.1502787373548145,0
COD10K-CAM-2-Terrestrial-31-Gecko-1890,0.040097107904045824,0
COD10K-CAM-2-Terrestrial-31-Gecko-1892,0.13466751879031638,1
COD10K-CAM-2-Terrestrial-31-Gecko-1893,0.0989275446864324,0
COD10K-CAM-2-Terrestrial-31-Gecko-1895,0.17411543303844973,1
COD10K-CAM-2-Terrestrial-31-Gecko-1901,0.1283801403751471,0
COD10K-CAM-2-Terrestrial-31-Gecko-1903,0.01612238306781046,0
COD10K-CAM-2-Terrestrial-31-Gecko-1907,0.20582558567170758,0
COD10K-CAM-2-Terrestrial-31-Gecko-1908,0.014202330040834345,0
COD10K-CAM-2-Terrestrial-31-Gecko-1913,0.05527960823891264,0
COD10K-CAM-2-Terrestrial-31-Gecko-1917,0.041408046246387,0
COD10K-CAM-2-Terrestrial-31-Gecko-1920,0.22511429500210783,0
COD10K-CAM-2-Terrestrial-31-Gecko-1922,0.133312215908616,0
COD10K-CAM-2-Terrestrial-31-Gecko-1923,0.11654970000618545,0
COD10K-CAM-2-Terrestrial-31-Gecko-1927,0.027743521679762344,0
COD10K-CAM-2-Terrestrial-31-Gecko-1929,0.09062379448003367,0
COD10K-CAM-2-Terrestrial-32-Giraffe-1932,0.0593979624678154,1
COD10K-CAM-2-Terrestrial-32-Giraffe-1934,0.04322042689739152,0
COD10K-CAM-2-Terrestrial-32-Giraffe-1935,0.021128330707282914,0
COD10K-CAM-2-Terrestrial-32-Giraffe-1937,0.13447810592863796,0
COD10K-CAM-2-Terrestrial-32-Giraffe-1940,0.07833902039205055,0
COD10K-CAM-2-Terrestrial-32-Giraffe-1941,0.08898317380366243,0
COD10K-CAM-2-Terrestrial-32-Giraffe-1942,0.025712592543460682,0
COD10K-CAM-2-Terrestrial-32-Giraffe-1947,0.0417753568594993,0
COD10K-CAM-2-Terrestrial-32-Giraffe-1950,0.12759166903997515,0
COD10K-CAM-2-Terrestrial-33-Grouse-1952,0.015652322782358476,0
COD10K-CAM-2-Terrestrial-33-Grouse-1954,0.009428515465430965,0
COD10K-CAM-2-Terrestrial-33-Grouse-1958,0.013472099206591603,0
COD10K-CAM-2-Terrestrial-33-Grouse-1959,0.0492199611619063,0
COD10K-CAM-2-Terrestrial-33-Grouse-1961,0.011597761765025019,0
COD10K-CAM-2-Terrestrial-33-Grouse-1962,0.015675362800487428,0
COD10K-CAM-2-Terrestrial-33-Grouse-1966,0.015382568093426604,0
COD10K-CAM-2-Terrestrial-34-Human-1970,0.1575820013749882,0
COD10K-CAM-2-Terrestrial-34-Human-1973,0.07301832264711004,0
COD10K-CAM-2-Terrestrial-34-Human-1975,0.011162703296360918,0
COD10K-CAM-2-Terrestrial-34-Human-1978,0.03519927897037292,0
COD10K-CAM-2-Terrestrial-34-Human-1980,0.010217664132710377,0
COD10K-CAM-2-Terrestrial-34-Human-1983,0.013170201165202535,0
COD10K-CAM-2-Terrestrial-34-Human-1985,0.044055056033394886,0
COD10K-CAM-2-Terrestrial-34-Human-1987,0.0697766115734361,0
COD10K-CAM-2-Terrestrial-34-Human-1990,0.011087333944813609,0
COD10K-CAM-2-Terrestrial-34-Human-1991,0.02059356204963684,0
COD10K-CAM-2-Terrestrial-34-Human-1992,0.060240672097940574,0
COD10K-CAM-2-Terrestrial-34-Human-1993,0.00995783555925024,0
COD10K-CAM-2-Terrestrial-34-Human-1996,0.09194078711279534,0
COD10K-CAM-2-Terrestrial-34-Human-1997,0.04720780978723253,0
COD10K-CAM-2-Terrestrial-34-Human-1998,0.024642505521088643,0
COD10K-CAM-2-Terrestrial-34-Human-2000,0.15973313012938628,0
COD10K-CAM-2-Terrestrial-34-Human-2007,0.0414807563558835,0
COD10K-CAM-2-Terrestrial-34-Human-2010,0.02362188424051905,0
COD10K-CAM-2-Terrestrial-34-Human-2012,0.11398250612745096,0
COD10K-CAM-2-Terrestrial-34-Human-2013,0.04925776988595585,0
COD10K-CAM-2-Terrestrial-34-Human-2014,0.4594943718228032,0
COD10K-CAM-2-Terrestrial-34-Human-2017,0.03630672740960393,0
COD10K-CAM-2-Terrestrial-34-Human-2018,0.060159547186400944,0
COD10K-CAM-2-Terrestrial-34-Human-2028,0.030814434377633395,0
COD10K-CAM-2-Terrestrial-34-Human-2031,0.02136639753940792,0
COD10K-CAM-2-Terrestrial-34-Human-2034,0.2303892171561278,0
COD10K-CAM-2-Terrestrial-34-Human-2035,0.07413672801493233,0
COD10K-CAM-2-Terrestrial-34-Human-2037,0.2604227757168933,0
COD10K-CAM-2-Terrestrial-34-Human-2039,0.12008804734375449,0
COD10K-CAM-2-Terrestrial-34-Human-2045,0.009259751439008986,0
COD10K-CAM-2-Terrestrial-35-Kangaroo-2049,0.023272051842384085,0
COD10K-CAM-2-Terrestrial-35-Kangaroo-2050,0.011264137816584967,0
COD10K-CAM-2-Terrestrial-35-Kangaroo-2053,0.04223966756513926,0
COD10K-CAM-2-Terrestrial-36-Leopard-2059,0.07685107436834596,0
COD10K-CAM-2-Terrestrial-36-Leopard-2061,0.029335574427931117,0
COD10K-CAM-2-Terrestrial-36-Leopard-2063,0.019277258047193838,0
COD10K-CAM-2-Terrestrial-36-Leopard-2064,0.01344546468505703,0
COD10K-CAM-2-Terrestrial-36-Leopard-2066,0.031916102367008294,0
COD10K-CAM-2-Terrestrial-36-Leopard-2067,0.021130947574857173,0
COD10K-CAM-2-Terrestrial-36-Leopard-2068,0.010093304571096374,0
COD10K-CAM-2-Terrestrial-36-Leopard-2070,0.01602613272615049,0
COD10K-CAM-2-Terrestrial-36-Leopard-2071,0.15446969177037578,0
COD10K-CAM-2-Terrestrial-36-Leopard-2072,0.024298124158971722,0
COD10K-CAM-2-Terrestrial-36-Leopard-2073,0.05700820278854435,0
COD10K-CAM-2-Terrestrial-36-Leopard-2076,0.03180576220611887,0
COD10K-CAM-2-Terrestrial-36-Leopard-2077,0.027801806117761896,0
COD10K-CAM-2-Terrestrial-36-Leopard-2079,0.042944898302160674,0
COD10K-CAM-2-Terrestrial-36-Leopard-2082,0.0826378272758591,0
COD10K-CAM-2-Terrestrial-36-Leopard-2088,0.03294154852720699,0
COD10K-CAM-2-Terrestrial-36-Leopard-2089,0.03004429271587206,0
COD10K-CAM-2-Terrestrial-36-Leopard-2090,0.020898003671683516,0
COD10K-CAM-2-Terrestrial-36-Leopard-2092,0.06045006262021646,0
COD10K-CAM-2-Terrestrial-36-Leopard-2101,0.03476968454841673,0
COD10K-CAM-2-Terrestrial-36-Leopard-2103,0.035322098765121636,0
COD10K-CAM-2-Terrestrial-36-Leopard-2104,0.03224607831914817,0
COD10K-CAM-2-Terrestrial-37-Lion-2105,0.05265894432580513,0
COD10K-CAM-2-Terrestrial-37-Lion-2107,0.034733669892589386,0
COD10K-CAM-2-Terrestrial-37-Lion-2109,0.0663842543905018,0
COD10K-CAM-2-Terrestrial-37-Lion-2112,0.01693239887463038,0
COD10K-CAM-2-Terrestrial-37-Lion-2113,0.01650029246691356,0
COD10K-CAM-2-Terrestrial-38-Lizard-2119,0.07806383683309197,0
COD10K-CAM-2-Terrestrial-38-Lizard-2125,0.029440971099978452,0
COD10K-CAM-2-Terrestrial-38-Lizard-2126,0.01847362713114092,0
COD10K-CAM-2-Terrestrial-38-Lizard-2132,0.030280164606258205,0
COD10K-CAM-2-Terrestrial-38-Lizard-2135,0.030334375710300444,0
COD10K-CAM-2-Terrestrial-38-Lizard-2138,0.05874555131807482,0
COD10K-CAM-2-Terrestrial-38-Lizard-2141,0.03907047331194556,0
COD10K-CAM-2-Terrestrial-38-Lizard-2142,0.03150823729107731,0
COD10K-CAM-2-Terrestrial-38-Lizard-2149,0.014065157821755004,0
COD10K-CAM-2-Terrestrial-38-Lizard-2150,0.00790458038951882,0
COD10K-CAM-2-Terrestrial-38-Lizard-2151,0.08081970835877086,0
COD10K-CAM-2-Terrestrial-38-Lizard-2153,0.0482663373273907,0
COD10K-CAM-2-Terrestrial-38-Lizard-2155,0.03558532049972767,0
COD10K-CAM-2-Terrestrial-38-Lizard-2161,0.03495082401450164,0
COD10K-CAM-2-Terrestrial-38-Lizard-2165,0.03781299565547204,0
COD10K-CAM-2-Terrestrial-38-Lizard-2166,0.10771830230900466,0
COD10K-CAM-2-Terrestrial-38-Lizard-2167,0.09289157711161389,0
COD10K-CAM-2-Terrestrial-38-Lizard-2172,0.030702534949164847,0
COD10K-CAM-2-Terrestrial-38-Lizard-2173,0.05946067643606739,0
COD10K-CAM-2-Terrestrial-38-Lizard-2176,0.02570524231087511,0
COD10K-CAM-2-Terrestrial-38-Lizard-2178,0.034239213238174235,0
COD10K-CAM-2-Terrestrial-38-Lizard-2179,0.030273986928104575,0
COD10K-CAM-2-Terrestrial-38-Lizard-2180,0.030135390359184815,0
COD10K-CAM-2-Terrestrial-38-Lizard-2183,0.023672313282952072,0
COD10K-CAM-2-Terrestrial-38-Lizard-2185,0.03644087938205585,0
COD10K-CAM-2-Terrestrial-38-Lizard-2190,0.062095692541035113,0
COD10K-CAM-2-Terrestrial-38-Lizard-2194,0.0279548725195784,0
COD10K-CAM-2-Terrestrial-38-Lizard-2195,0.02777842094284522,0
COD10K-CAM-2-Terrestrial-38-Lizard-2197,0.021492521524796283,0
COD10K-CAM-2-Terrestrial-38-Lizard-2201,0.014256183745583037,0
COD10K-CAM-2-Terrestrial-38-Lizard-2202,0.035105021956699345,0
COD10K-CAM-2-Terrestrial-38-Lizard-2204,0.009262139514896867,0
COD10K-CAM-2-Terrestrial-38-Lizard-2205,0.01848016849990404,0
COD10K-CAM-2-Terrestrial-38-Lizard-2212,0.0371659669352623,0
COD10K-CAM-2-Terrestrial-38-Lizard-2213,0.025704976468076245,0
COD10K-CAM-2-Terrestrial-38-Lizard-2216,0.056552777259178406,0
COD10K-CAM-2-Terrestrial-38-Lizard-2217,0.028130378733266487,0
COD10K-CAM-2-Terrestrial-38-Lizard-2218,0.06838491468472493,0
COD10K-CAM-2-Terrestrial-38-Lizard-2220,0.0880664842249476,0
COD10K-CAM-2-Terrestrial-38-Lizard-2224,0.15697399018172423,0
COD10K-CAM-2-Terrestrial-38-Lizard-2225,0.03227094753507691,0
COD10K-CAM-2-Terrestrial-38-Lizard-2229,0.05042209830675228,0
COD10K-CAM-2-Terrestrial-38-Lizard-2231,0.019175949595332923,0
COD10K-CAM-2-Terrestrial-38-Lizard-2232,0.03309292762108098,0
COD10K-CAM-2-Terrestrial-38-Lizard-2233,0.02655529486227141,0
COD10K-CAM-2-Terrestrial-38-Lizard-2235,0.12291513580122804,0
COD10K-CAM-2-Terrestrial-38-Lizard-2240,0.0189903734081948,0
COD10K-CAM-2-Terrestrial-38-Lizard-2241,0.05002148238797738,0
COD10K-CAM-2-Terrestrial-38-Lizard-2243,0.036089570459406306,0
COD10K-CAM-2-Terrestrial-38-Lizard-2244,0.0401662626996363,0
COD10K-CAM-2-Terrestrial-38-Lizard-2245,0.058043810153087586,0
COD10K-CAM-2-Terrestrial-38-Lizard-2248,0.0457110085981684,0
COD10K-CAM-2-Terrestrial-38-Lizard-2251,0.02894814055429864,0
COD10K-CAM-2-Terrestrial-38-Lizard-2256,0.013806512225267064,0
COD10K-CAM-2-Terrestrial-38-Lizard-2261,0.008685302909597221,0
COD10K-CAM-2-Terrestrial-38-Lizard-2264,0.14801383229444778,0
COD10K-CAM-2-Terrestrial-38-Lizard-2266,0.05313429489634396,0
COD10K-CAM-2-Terrestrial-38-Lizard-2273,0.012306588310653692,0
COD10K-CAM-2-Terrestrial-38-Lizard-2276,0.04302170355697184,0
COD10K-CAM-2-Terrestrial-38-Lizard-2278,0.04005342791856859,0
COD10K-CAM-2-Terrestrial-38-Lizard-2279,0.020100539987224757,0
COD10K-CAM-2-Terrestrial-38-Lizard-2282,0.03671818896746597,0
COD10K-CAM-2-Terrestrial-38-Lizard-2285,0.07805333551337812,0
COD10K-CAM-2-Terrestrial-38-Lizard-2286,0.04886673556684753,0
COD10K-CAM-2-Terrestrial-38-Lizard-2288,0.015224657876510778,0
COD10K-CAM-2-Terrestrial-38-Lizard-2291,0.005758979699523659,0
COD10K-CAM-2-Terrestrial-38-Lizard-2294,0.01893781579249562,0
COD10K-CAM-2-Terrestrial-38-Lizard-2295,0.038877857832371604,0
COD10K-CAM-2-Terrestrial-38-Lizard-2304,0.019188072373898316,0
COD10K-CAM-2-Terrestrial-38-Lizard-2307,0.034090876740629876,0
COD10K-CAM-2-Terrestrial-38-Lizard-2308,0.013445794688614081,0
COD10K-CAM-2-Terrestrial-38-Lizard-2309,0.010948869214638866,0
COD10K-CAM-2-Terrestrial-38-Lizard-2315,0.043835777406651406,0
COD10K-CAM-2-Terrestrial-38-Lizard-2316,0.0811929381127451,0
COD10K-CAM-2-Terrestrial-38-Lizard-2319,0.028526521373781623,0
COD10K-CAM-2-Terrestrial-38-Lizard-2324,0.05174012109623964,0
COD10K-CAM-2-Terrestrial-38-Lizard-2326,0.06686616233031675,0
COD10K-CAM-2-Terrestrial-39-Monkey-2333,0.021440897460741248,0
COD10K-CAM-2-Terrestrial-39-Monkey-2338,0.06076192433350075,0
COD10K-CAM-2-Terrestrial-40-Rabbit-2339,0.013156071303153712,0
COD10K-CAM-2-Terrestrial-40-Rabbit-2340,0.06107718307182847,0
COD10K-CAM-2-Terrestrial-40-Rabbit-2341,0.010443224607735413,0
COD10K-CAM-2-Terrestrial-40-Rabbit-2344,0.024318146332607114,0
COD10K-CAM-2-Terrestrial-40-Rabbit-2346,0.01589000926298254,0
COD10K-CAM-2-Terrestrial-40-Rabbit-2347,0.011446269914215686,0
COD10K-CAM-2-Terrestrial-40-Rabbit-2348,0.006067603017769607,0
COD10K-CAM-2-Terrestrial-40-Rabbit-2351,0.0678966846341401,0
COD10K-CAM-2-Terrestrial-40-Rabbit-2352,0.01159636165577342,0
COD10K-CAM-2-Terrestrial-40-Rabbit-2356,0.08588489245508091,0
COD10K-CAM-2-Terrestrial-40-Rabbit-2358,0.01547061380372061,0
COD10K-CAM-2-Terrestrial-40-Rabbit-2360,0.007371825732268008,0
COD10K-CAM-2-Terrestrial-40-Rabbit-2366,0.04208126206650303,0
COD10K-CAM-2-Terrestrial-40-Rabbit-2368,0.01420582977227446,0
COD10K-CAM-2-Terrestrial-40-Rabbit-2369,0.03220603486636235,0
COD10K-CAM-2-Terrestrial-40-Rabbit-2371,0.024113740955983967,0
COD10K-CAM-2-Terrestrial-40-Rabbit-2373,0.029286822150735293,0
COD10K-CAM-2-Terrestrial-41-Reccoon-2374,0.2133760084763072,0
COD10K-CAM-2-Terrestrial-41-Reccoon-2375,0.023109264245604343,0
COD10K-CAM-2-Terrestrial-42-Sciuridae-2379,0.0404971949998836,0
COD10K-CAM-2-Terrestrial-42-Sciuridae-2380,0.07045984945560632,0
COD10K-CAM-2-Terrestrial-42-Sciuridae-2382,0.024027722710816348,0
COD10K-CAM-2-Terrestrial-42-Sciuridae-2383,0.040121076387340374,0
COD10K-CAM-2-Terrestrial-42-Sciuridae-2384,0.017862154296980497,0
COD10K-CAM-2-Terrestrial-42-Sciuridae-2386,0.031244824636479773,0
COD10K-CAM-2-Terrestrial-42-Sciuridae-2395,0.007605743386300348,0
COD10K-CAM-2-Terrestrial-42-Sciuridae-2397,0.024206531784004486,0
COD10K-CAM-2-Terrestrial-42-Sciuridae-2400,0.013763572754469435,0
COD10K-CAM-2-Terrestrial-42-Sciuridae-2401,0.015616970564074763,0
COD10K-CAM-2-Terrestrial-42-Sciuridae-2402,0.02835259512162302,0
COD10K-CAM-2-Terrestrial-42-Sciuridae-2407,0.05997672142153344,0
COD10K-CAM-2-Terrestrial-42-Sciuridae-2408,0.020418104782603145,0
COD10K-CAM-2-Terrestrial-42-Sciuridae-2410,0.07011822376009227,0
COD10K-CAM-2-Terrestrial-42-Sciuridae-2413,0.07865705077729024,0
COD10K-CAM-2-Terrestrial-42-Sciuridae-2418,0.01620013719109215,0
COD10K-CAM-2-Terrestrial-43-Sheep-2422,0.06582745444451643,0
COD10K-CAM-2-Terrestrial-44-Snake-2424,0.030032383538539115,0
COD10K-CAM-2-Terrestrial-44-Snake-2434,0.04429655875893549,0
COD10K-CAM-2-Terrestrial-44-Snake-2437,0.10955682544757034,0
COD10K-CAM-2-Terrestrial-44-Snake-2440,0.0364957383713002,0
COD10K-CAM-2-Terrestrial-44-Snake-2444,0.02228980639479954,0
COD10K-CAM-2-Terrestrial-44-Snake-2448,0.014533081951840141,0
COD10K-CAM-2-Terrestrial-44-Snake-2449,0.048710403703025866,0
COD10K-CAM-2-Terrestrial-44-Snake-2451,0.07666478262609068,0
COD10K-CAM-2-Terrestrial-44-Snake-2452,0.05536167055037728,0
COD10K-CAM-2-Terrestrial-44-Snake-2453,0.1054660962096106,0
COD10K-CAM-2-Terrestrial-44-Snake-2454,0.045137860918525535,0
COD10K-CAM-2-Terrestrial-44-Snake-2456,0.025440090933884534,0
COD10K-CAM-2-Terrestrial-44-Snake-2458,0.06152705156136529,0
COD10K-CAM-2-Terrestrial-44-Snake-2461,0.11265287095083718,0
COD10K-CAM-2-Terrestrial-44-Snake-2465,0.018075348906184813,0
COD10K-CAM-2-Terrestrial-44-Snake-2466,0.03654388102697155,0
COD10K-CAM-2-Terrestrial-44-Snake-2467,0.1632637894561192,0
COD10K-CAM-2-Terrestrial-44-Snake-2471,0.08124724185334756,0
COD10K-CAM-2-Terrestrial-44-Snake-2472,0.06672954182752548,0
COD10K-CAM-2-Terrestrial-44-Snake-2474,0.08646752161143609,0
COD10K-CAM-2-Terrestrial-44-Snake-2476,0.06515670982879669,0
COD10K-CAM-2-Terrestrial-44-Snake-2479,0.029326291691749797,0
COD10K-CAM-2-Terrestrial-44-Snake-2481,0.12932722725718196,0
COD10K-CAM-2-Terrestrial-44-Snake-2482,0.14249980708862894,0
COD10K-CAM-2-Terrestrial-44-Snake-2484,0.10079493932063249,0
COD10K-CAM-2-Terrestrial-44-Snake-2485,0.01433392903281371,0
COD10K-CAM-2-Terrestrial-44-Snake-2491,0.016931045555241324,0
COD10K-CAM-2-Terrestrial-44-Snake-2492,0.053330511638172824,0
COD10K-CAM-2-Terrestrial-45-Spider-2494,0.05789006155350478,0
COD10K-CAM-2-Terrestrial-45-Spider-2498,0.08052544604330986,0
COD10K-CAM-2-Terrestrial-45-Spider-2501,0.08299989718855455,0
COD10K-CAM-2-Terrestrial-45-Spider-2506,0.03766912060242102,0
COD10K-CAM-2-Terrestrial-45-Spider-2508,0.04278453026081109,0
COD10K-CAM-2-Terrestrial-45-Spider-2510,0.05898320261437909,0
COD10K-CAM-2-Terrestrial-45-Spider-2511,0.1307066982266225,0
COD10K-CAM-2-Terrestrial-45-Spider-2514,0.0723310630601316,0
COD10K-CAM-2-Terrestrial-45-Spider-2519,0.04506784978219035,0
COD10K-CAM-2-Terrestrial-45-Spider-2520,0.05739950419954566,0
COD10K-CAM-2-Terrestrial-45-Spider-2524,0.04219060162313623,0
COD10K-CAM-2-Terrestrial-45-Spider-2526,0.10296548329708897,0
COD10K-CAM-2-Terrestrial-45-Spider-2527,0.037679437138291444,0
COD10K-CAM-2-Terrestrial-45-Spider-2529,0.10979361569847558,0
COD10K-CAM-2-Terrestrial-45-Spider-2531,0.15036174344651296,0
COD10K-CAM-2-Terrestrial-45-Spider-2532,0.14914522900506355,0
COD10K-CAM-2-Terrestrial-45-Spider-2534,0.1887315692616092,0
COD10K-CAM-2-Terrestrial-45-Spider-2535,0.13473422789254588,0
COD10K-CAM-2-Terrestrial-45-Spider-2538,0.10779464422487746,0
COD10K-CAM-2-Terrestrial-45-Spider-2540,0.13781690831072543,0
COD10K-CAM-2-Terrestrial-45-Spider-2544,0.041037813848167,0
COD10K-CAM-2-Terrestrial-45-Spider-2551,0.0985509713144517,0
COD10K-CAM-2-Terrestrial-45-Spider-2552,0.02534579298477223,0
COD10K-CAM-2-Terrestrial-45-Spider-2553,0.056500956862745096,0
COD10K-CAM-2-Terrestrial-45-Spider-2554,0.10653272095625035,0
COD10K-CAM-2-Terrestrial-45-Spider-2566,0.06330956573724622,0
COD10K-CAM-2-Terrestrial-45-Spider-2567,0.11308406862745096,0
COD10K-CAM-2-Terrestrial-45-Spider-2575,0.06395635738739126,0
COD10K-CAM-2-Terrestrial-45-Spider-2576,0.06049400997260815,0
COD10K-CAM-2-Terrestrial-45-Spider-2579,0.04722845179738562,0
COD10K-CAM-2-Terrestrial-45-Spider-2580,0.03971084464624063,0
COD10K-CAM-2-Terrestrial-45-Spider-2581,0.044422976685183586,0
COD10K-CAM-2-Terrestrial-45-Spider-2586,0.024770769386415002,0
COD10K-CAM-2-Terrestrial-45-Spider-2587,0.025575615377987134,0
COD10K-CAM-2-Terrestrial-45-Spider-2588,0.047743969239481515,0
COD10K-CAM-2-Terrestrial-45-Spider-2592,0.08406727258831546,0
COD10K-CAM-2-Terrestrial-45-Spider-2593,0.0269194808660769,0
COD10K-CAM-2-Terrestrial-45-Spider-2595,0.014372776983003802,0
COD10K-CAM-2-Terrestrial-45-Spider-2601,0.050187098082278295,0
COD10K-CAM-2-Terrestrial-45-Spider-2602,0.21432472628474467,0
COD10K-CAM-2-Terrestrial-45-Spider-2603,0.030922374850005107,0
COD10K-CAM-2-Terrestrial-45-Spider-2605,0.05400278926674837,0
COD10K-CAM-2-Terrestrial-45-Spider-2606,0.047203375839457856,0
COD10K-CAM-2-Terrestrial-45-Spider-2609,0.030917694295303402,0
COD10K-CAM-2-Terrestrial-45-Spider-2614,0.03403197384035331,0
COD10K-CAM-2-Terrestrial-45-Spider-2616,0.21807365344106164,0
COD10K-CAM-2-Terrestrial-45-Spider-2617,0.05659788842294731,0
COD10K-CAM-2-Terrestrial-45-Spider-2620,0.10102069607125427,0
COD10K-CAM-2-Terrestrial-45-Spider-2621,0.11394878711575777,0
COD10K-CAM-2-Terrestrial-45-Spider-2626,0.0961697656048144,0
COD10K-CAM-2-Terrestrial-45-Spider-2627,0.03120132894877207,0
COD10K-CAM-2-Terrestrial-45-Spider-2630,0.03379394431519352,0
COD10K-CAM-2-Terrestrial-45-Spider-2631,0.10200343412511488,0
COD10K-CAM-2-Terrestrial-45-Spider-2632,0.04508940752814797,0
COD10K-CAM-2-Terrestrial-45-Spider-2637,0.0421104788422722,0
COD10K-CAM-2-Terrestrial-45-Spider-2640,0.04725261788285293,0
COD10K-CAM-2-Terrestrial-45-Spider-2641,0.04139267097188983,0
COD10K-CAM-2-Terrestrial-45-Spider-2645,0.03609728296079799,0
COD10K-CAM-2-Terrestrial-45-Spider-2646,0.04879931879978554,0
COD10K-CAM-2-Terrestrial-45-Spider-2649,0.15983383973390103,0
COD10K-CAM-2-Terrestrial-45-Spider-2650,0.13622614140645245,0
COD10K-CAM-2-Terrestrial-45-Spider-2652,0.034035093912010886,0
COD10K-CAM-2-Terrestrial-45-Spider-2653,0.026097464767156867,0
COD10K-CAM-2-Terrestrial-45-Spider-2656,0.02294657046389462,0
COD10K-CAM-2-Terrestrial-45-Spider-2658,0.460757012460746,0
COD10K-CAM-2-Terrestrial-45-Spider-2659,0.08721826926216593,0
COD10K-CAM-2-Terrestrial-45-Spider-2665,0.06849682772083943,0
COD10K-CAM-2-Terrestrial-45-Spider-2667,0.038654673422504414,0
COD10K-CAM-2-Terrestrial-45-Spider-2670,0.0473375978777309,0
COD10K-CAM-2-Terrestrial-45-Spider-2671,0.07505132498543972,0
COD10K-CAM-2-Terrestrial-45-Spider-2673,0.07645787426945738,0
COD10K-CAM-2-Terrestrial-45-Spider-2677,0.1822220147824755,0
COD10K-CAM-2-Terrestrial-45-Spider-2683,0.011598503994190268,0
COD10K-CAM-2-Terrestrial-45-Spider-2690,0.03781621691734356,0
COD10K-CAM-2-Terrestrial-45-Spider-2693,0.11138372845450865,0
COD10K-CAM-2-Terrestrial-45-Spider-2694,0.055535230449601715,0
COD10K-CAM-2-Terrestrial-45-Spider-2697,0.0819615724394058,0
COD10K-CAM-2-Terrestrial-45-Spider-2701,0.059096160490627964,0
COD10K-CAM-2-Terrestrial-45-Spider-2702,0.32608136943742344,0
COD10K-CAM-2-Terrestrial-45-Spider-2703,0.3062090202863152,0
COD10K-CAM-2-Terrestrial-45-Spider-2704,0.043542615863803265,0
COD10K-CAM-2-Terrestrial-45-Spider-2707,0.0209222332324857,0
COD10K-CAM-2-Terrestrial-45-Spider-2709,0.13982350626618534,0
COD10K-CAM-2-Terrestrial-45-Spider-2715,0.033926661005727325,0
COD10K-CAM-2-Terrestrial-45-Spider-2717,0.08074948952476853,0
COD10K-CAM-2-Terrestrial-45-Spider-2718,0.13435543138749403,0
COD10K-CAM-2-Terrestrial-45-Spider-2719,0.11986349459096497,0
COD10K-CAM-2-Terrestrial-45-Spider-2720,0.06501937923151324,0
COD10K-CAM-2-Terrestrial-45-Spider-2721,0.06881946997549018,0
COD10K-CAM-2-Terrestrial-45-Spider-2723,0.15541021335891814,0
COD10K-CAM-2-Terrestrial-45-Spider-2727,0.07826226891014518,0
COD10K-CAM-2-Terrestrial-45-Spider-2728,0.2652261643057076,0
COD10K-CAM-2-Terrestrial-45-Spider-2730,0.0628376434074728,0
COD10K-CAM-2-Terrestrial-45-Spider-2731,0.06227717949274105,0
COD10K-CAM-2-Terrestrial-45-Spider-2732,0.06829897313336142,0
COD10K-CAM-2-Terrestrial-45-Spider-2735,0.1873801165086063,0
COD10K-CAM-2-Terrestrial-45-Spider-2736,0.13961738972754884,0
COD10K-CAM-2-Terrestrial-45-Spider-2737,0.11267040975732741,0
COD10K-CAM-2-Terrestrial-45-Spider-2741,0.03933212975534817,0
COD10K-CAM-2-Terrestrial-45-Spider-2745,0.05186646149125828,0
COD10K-CAM-2-Terrestrial-45-Spider-2754,0.029346966911764708,0
COD10K-CAM-2-Terrestrial-45-Spider-2756,0.02114178625079064,0
COD10K-CAM-2-Terrestrial-45-Spider-2759,0.011512500552022612,0
COD10K-CAM-2-Terrestrial-45-Spider-2760,0.05819498664296029,0
COD10K-CAM-2-Terrestrial-45-Spider-2762,0.08244064421302812,0
COD10K-CAM-2-Terrestrial-45-Spider-2763,0.02325128558673388,0
COD10K-CAM-2-Terrestrial-45-Spider-2769,0.10174225276677287,0
COD10K-CAM-2-Terrestrial-45-Spider-2770,0.12513494055255567,0
COD10K-CAM-2-Terrestrial-45-Spider-2771,0.05602748788984098,0
COD10K-CAM-2-Terrestrial-45-Spider-2772,0.04665098183976433,0
COD10K-CAM-2-Terrestrial-45-Spider-2773,0.028981928816046967,0
COD10K-CAM-2-Terrestrial-45-Spider-2779,0.05353244548364705,0
COD10K-CAM-2-Terrestrial-45-Spider-2782,0.0698190432217873,0
COD10K-CAM-2-Terrestrial-45-Spider-2783,0.020203433164201354,0
COD10K-CAM-2-Terrestrial-45-Spider-2789,0.08903262639124035,0
COD10K-CAM-2-Terrestrial-45-Spider-2791,0.22641345775717003,0
COD10K-CAM-2-Terrestrial-45-Spider-2792,0.07830688482506887,0
COD10K-CAM-2-Terrestrial-45-Spider-2794,0.04654287699780433,0
COD10K-CAM-2-Terrestrial-45-Spider-2796,0.07476338120104438,0
COD10K-CAM-2-Terrestrial-45-Spider-2798,0.06069270613925909,0
COD10K-CAM-2-Terrestrial-46-StickInsect-2804,0.35675696134053914,0
COD10K-CAM-2-Terrestrial-46-StickInsect-2805,0.2897902133034766,0
COD10K-CAM-2-Terrestrial-46-StickInsect-2806,0.14863641648919243,0
COD10K-CAM-2-Terrestrial-46-StickInsect-2807,0.019910223268995095,0
COD10K-CAM-2-Terrestrial-46-StickInsect-2808,0.06185474996200029,0
COD10K-CAM-2-Terrestrial-46-StickInsect-2809,0.06548052874042179,0
COD10K-CAM-2-Terrestrial-46-StickInsect-2810,0.0474271986219618,0
COD10K-CAM-2-Terrestrial-46-StickInsect-2811,0.21414794642136692,0
COD10K-CAM-2-Terrestrial-46-StickInsect-2813,0.08271216988324381,0
COD10K-CAM-2-Terrestrial-46-StickInsect-2815,0.029156971971621735,0
COD10K-CAM-2-Terrestrial-46-StickInsect-2816,0.05398789649415693,0
COD10K-CAM-2-Terrestrial-46-StickInsect-2817,0.07837919136646906,0
COD10K-CAM-2-Terrestrial-46-StickInsect-2818,0.04518838235294117,0
COD10K-CAM-2-Terrestrial-46-StickInsect-2819,0.1410692288885629,0
COD10K-CAM-2-Terrestrial-46-StickInsect-2820,0.09302193964657102,0
COD10K-CAM-2-Terrestrial-46-StickInsect-2825,0.04867400772270115,0
COD10K-CAM-2-Terrestrial-46-StickInsect-2827,0.04884711881484691,0
COD10K-CAM-2-Terrestrial-46-StickInsect-2829,0.0681197056789664,0
COD10K-CAM-2-Terrestrial-46-StickInsect-2831,0.05151090897101886,0
COD10K-CAM-2-Terrestrial-46-StickInsect-2832,0.10613632143010937,0
COD10K-CAM-2-Terrestrial-46-StickInsect-2833,0.02889345723427514,0
COD10K-CAM-2-Terrestrial-46-StickInsect-2836,0.017389843510646447,0
COD10K-CAM-2-Terrestrial-46-StickInsect-2839,0.15188631669799796,0
COD10K-CAM-2-Terrestrial-46-StickInsect-2841,0.03402255942640599,0
COD10K-CAM-2-Terrestrial-46-StickInsect-2842,0.030388068195273277,0
COD10K-CAM-2-Terrestrial-46-StickInsect-2843,0.05136841634223833,0
COD10K-CAM-2-Terrestrial-46-StickInsect-2844,0.042412852219788626,0
COD10K-CAM-2-Terrestrial-46-StickInsect-2850,0.1885562961818208,0
COD10K-CAM-2-Terrestrial-46-StickInsect-2856,0.2595398047776096,0
COD10K-CAM-2-Terrestrial-46-StickInsect-2858,0.04482195985083487,0
COD10K-CAM-2-Terrestrial-46-StickInsect-2859,0.06474114683868282,0
COD10K-CAM-2-Terrestrial-46-StickInsect-2864,0.018987624031467424,0
COD10K-CAM-2-Terrestrial-46-StickInsect-2865,0.13017807505489176,0
COD10K-CAM-2-Terrestrial-46-StickInsect-2867,0.2822705414208456,0
COD10K-CAM-2-Terrestrial-46-StickInsect-2869,0.06554122625612745,0
COD10K-CAM-2-Terrestrial-46-StickInsect-2870,0.07665939648644964,0
COD10K-CAM-2-Terrestrial-46-StickInsect-2873,0.03054510499869364,0
COD10K-CAM-2-Terrestrial-47-Tiger-2876,0.08403341460040809,0
COD10K-CAM-2-Terrestrial-47-Tiger-2877,0.07021497551711021,0
COD10K-CAM-2-Terrestrial-47-Tiger-2883,0.061527457798639225,0
COD10K-CAM-2-Terrestrial-47-Tiger-2884,0.051218728458180145,0
COD10K-CAM-2-Terrestrial-47-Tiger-2886,0.02480282122509342,0
COD10K-CAM-2-Terrestrial-47-Tiger-2887,0.041344913560318206,0
COD10K-CAM-2-Terrestrial-47-Tiger-2889,0.1598809408463239,0
COD10K-CAM-2-Terrestrial-47-Tiger-2890,0.19960476595469814,0
COD10K-CAM-2-Terrestrial-47-Tiger-2893,0.18699434511634083,0
COD10K-CAM-2-Terrestrial-47-Tiger-2899,0.33573009028979234,0
COD10K-CAM-2-Terrestrial-47-Tiger-2901,0.013241821429858707,0
COD10K-CAM-2-Terrestrial-47-Tiger-2902,0.020230218695934256,0
COD10K-CAM-2-Terrestrial-47-Tiger-2903,0.010383832990916955,0
COD10K-CAM-2-Terrestrial-47-Tiger-2906,0.04205664963595732,0
COD10K-CAM-2-Terrestrial-47-Tiger-2907,0.10192453677463163,0
COD10K-CAM-2-Terrestrial-47-Tiger-2910,0.019926934668181507,0
COD10K-CAM-2-Terrestrial-48-Wolf-2914,0.03331466433354107,0
COD10K-CAM-2-Terrestrial-48-Wolf-2916,0.014319563614245112,0
COD10K-CAM-2-Terrestrial-48-Wolf-2917,0.13586112679310175,0
COD10K-CAM-2-Terrestrial-48-Wolf-2918,0.005007608251633986,0
COD10K-CAM-2-Terrestrial-48-Wolf-2921,0.05342353958444597,0
COD10K-CAM-2-Terrestrial-48-Wolf-2922,0.05181710233228511,0
COD10K-CAM-2-Terrestrial-49-Worm-2929,0.1016767617094422,0
COD10K-CAM-2-Terrestrial-49-Worm-2930,0.1534870147530996,0
COD10K-CAM-2-Terrestrial-49-Worm-2934,0.030745000494592452,0
COD10K-CAM-2-Terrestrial-49-Worm-2939,0.11199325811125553,0
COD10K-CAM-2-Terrestrial-49-Worm-2941,0.07837560173770107,0
COD10K-CAM-2-Terrestrial-49-Worm-2944,0.022574980532110354,0
COD10K-CAM-2-Terrestrial-49-Worm-2948,0.05369157190111054,0
COD10K-CAM-2-Terrestrial-49-Worm-2949,0.07556483406342823,0
COD10K-CAM-2-Terrestrial-49-Worm-2950,0.10195568807763992,0
COD10K-CAM-2-Terrestrial-49-Worm-2952,0.20221384085860908,0
COD10K-CAM-2-Terrestrial-49-Worm-2953,0.03698664594508916,0
COD10K-CAM-3-Flying-50-Bat-2954,0.023191036049836602,0
COD10K-CAM-3-Flying-50-Bat-2955,0.06621829644848135,0
COD10K-CAM-3-Flying-50-Bat-2956,0.025167124733416094,0
COD10K-CAM-3-Flying-50-Bat-2959,0.07086733234592732,0
COD10K-CAM-3-Flying-50-Bat-2960,0.08678206146852249,0
COD10K-CAM-3-Flying-50-Bat-2962,0.050380504164513534,0
COD10K-CAM-3-Flying-50-Bat-2963,0.10169195858784345,0
COD10K-CAM-3-Flying-50-Bat-2967,0.07106370075557751,0
COD10K-CAM-3-Flying-50-Bat-2968,0.05483068329056883,0
COD10K-CAM-3-Flying-50-Bat-2970,0.01215943808171332,0
COD10K-CAM-3-Flying-50-Bat-2972,0.02263060307395286,0
COD10K-CAM-3-Flying-50-Bat-2975,0.10299463466755662,0
COD10K-CAM-3-Flying-50-Bat-2976,0.10103571252862459,0
COD10K-CAM-3-Flying-51-Bee-2977,0.08340707780957211,0
COD10K-CAM-3-Flying-51-Bee-2981,0.05195788842971419,0
COD10K-CAM-3-Flying-51-Bee-2982,0.11697933221954147,0
COD10K-CAM-3-Flying-51-Bee-2983,0.10801871152344751,0
COD10K-CAM-3-Flying-51-Bee-2985,0.06478962725903614,0
COD10K-CAM-3-Flying-51-Bee-2986,0.0674312523325582,0
COD10K-CAM-3-Flying-51-Bee-2993,0.015444456630565845,0
COD10K-CAM-3-Flying-51-Bee-2995,0.10603992217694613,0
COD10K-CAM-3-Flying-51-Bee-2997,0.08914507697610292,0
COD10K-CAM-3-Flying-51-Bee-2999,0.05293949433726639,0
COD10K-CAM-3-Flying-51-Bee-3002,0.22478961819916768,0
COD10K-CAM-3-Flying-52-Beetle-3007,0.02738412296070772,0
COD10K-CAM-3-Flying-52-Beetle-3009,0.03777540703781512,0
COD10K-CAM-3-Flying-52-Beetle-3011,0.04417149775356702,0
COD10K-CAM-3-Flying-53-Bird-3015,0.03193443562623092,0
COD10K-CAM-3-Flying-53-Bird-3021,0.007634156669666565,0
COD10K-CAM-3-Flying-53-Bird-3022,0.06752704114663044,0
COD10K-CAM-3-Flying-53-Bird-3023,0.009584724540901502,0
COD10K-CAM-3-Flying-53-Bird-3024,0.030903697379425703,0
COD10K-CAM-3-Flying-53-Bird-3026,0.025864541986020954,0
COD10K-CAM-3-Flying-53-Bird-3028,0.01467618148558838,0
COD10K-CAM-3-Flying-53-Bird-3030,0.024387086688628597,0
COD10K-CAM-3-Flying-53-Bird-3031,0.04550743251118463,0
COD10K-CAM-3-Flying-53-Bird-3032,0.039650756644121064,0
COD10K-CAM-3-Flying-53-Bird-3036,0.009287811395486657,0
COD10K-CAM-3-Flying-53-Bird-3037,0.019237890333469027,0
COD10K-CAM-3-Flying-53-Bird-3038,0.019497287581699344,0
COD10K-CAM-3-Flying-53-Bird-3040,0.011447543966040025,0
COD10K-CAM-3-Flying-53-Bird-3041,0.00756831093364498,0
COD10K-CAM-3-Flying-53-Bird-3046,0.027505991817299836,0
COD10K-CAM-3-Flying-53-Bird-3049,0.026540151899599785,0
COD10K-CAM-3-Flying-53-Bird-3051,0.01150052559912854,0
COD10K-CAM-3-Flying-53-Bird-3052,0.023086924123462946,0
COD10K-CAM-3-Flying-53-Bird-3053,0.04886232263901654,0
COD10K-CAM-3-Flying-53-Bird-3054,0.024901062525119855,0
COD10K-CAM-3-Flying-53-Bird-3056,0.027469393916723664,0
COD10K-CAM-3-Flying-53-Bird-3057,0.007518662663553132,0
COD10K-CAM-3-Flying-53-Bird-3059,0.07245215702324843,0
COD10K-CAM-3-Flying-53-Bird-3062,0.022615412457547397,0
COD10K-CAM-3-Flying-53-Bird-3064,0.015653690776413872,0
COD10K-CAM-3-Flying-53-Bird-3068,0.04252830727879387,0
COD10K-CAM-3-Flying-53-Bird-3069,0.024219247639027358,0
COD10K-CAM-3-Flying-53-Bird-3075,0.01671924786809151,0
COD10K-CAM-3-Flying-53-Bird-3077,0.027006745629509908,0
COD10K-CAM-3-Flying-53-Bird-3078,0.008629406085072174,0
COD10K-CAM-3-Flying-53-Bird-3080,0.06973961225522109,0
COD10K-CAM-3-Flying-53-Bird-3082,0.08055414935342627,0
COD10K-CAM-3-Flying-53-Bird-3083,0.025318113447644088,0
COD10K-CAM-3-Flying-53-Bird-3084,0.0387833998005982,0
COD10K-CAM-3-Flying-53-Bird-3087,0.02326380757220921,0
COD10K-CAM-3-Flying-53-Bird-3089,0.0526865682078823,0
COD10K-CAM-3-Flying-53-Bird-3093,0.04311230188467316,0
COD10K-CAM-3-Flying-53-Bird-3096,0.06359542438156766,0
COD10K-CAM-3-Flying-53-Bird-3104,0.005489192156862744,0
COD10K-CAM-3-Flying-53-Bird-3105,0.02601037898688026,0
COD10K-CAM-3-Flying-53-Bird-3112,0.014463217799931097,0
COD10K-CAM-3-Flying-53-Bird-3119,0.08658690999734446,0
COD10K-CAM-3-Flying-53-Bird-3121,0.11495940264533548,0
COD10K-CAM-3-Flying-53-Bird-3123,0.04414221181243361,0
COD10K-CAM-3-Flying-53-Bird-3125,0.013608142986453024,0
COD10K-CAM-3-Flying-53-Bird-3128,0.015080960429999122,0
COD10K-CAM-3-Flying-53-Bird-3132,0.014038530743493979,0
COD10K-CAM-3-Flying-53-Bird-3133,0.010877892499354126,0
COD10K-CAM-3-Flying-53-Bird-3141,0.18101713252907906,0
COD10K-CAM-3-Flying-53-Bird-3142,0.04951520703839387,0
COD10K-CAM-3-Flying-53-Bird-3145,0.02713433592451811,0
COD10K-CAM-3-Flying-53-Bird-3150,0.20032857670886806,0
COD10K-CAM-3-Flying-53-Bird-3151,0.03179128877838159,0
COD10K-CAM-3-Flying-53-Bird-3155,0.011735161136924094,0
COD10K-CAM-3-Flying-53-Bird-3157,0.049162044203646366,0
COD10K-CAM-3-Flying-53-Bird-3158,0.032905543707554635,0
COD10K-CAM-3-Flying-53-Bird-3159,0.014500071410143004,0
COD10K-CAM-3-Flying-53-Bird-3162,0.009664235585051488,0
COD10K-CAM-3-Flying-53-Bird-3167,0.01701633834178258,0
COD10K-CAM-3-Flying-53-Bird-3170,0.030150249269729854,0
COD10K-CAM-3-Flying-53-Bird-3171,0.017370021253148613,0
COD10K-CAM-3-Flying-53-Bird-3175,0.038270051059697024,0
COD10K-CAM-3-Flying-53-Bird-3176,0.05421272670850286,0
COD10K-CAM-3-Flying-53-Bird-3180,0.009262189539785531,0
COD10K-CAM-3-Flying-53-Bird-3184,0.03468218315972222,0
COD10K-CAM-3-Flying-53-Bird-3185,0.08942730807974324,0
COD10K-CAM-3-Flying-53-Bird-3189,0.023349609354426634,0
COD10K-CAM-3-Flying-53-Bird-3196,0.0951848877590934,0
COD10K-CAM-3-Flying-53-Bird-3197,0.02157598223085183,0
COD10K-CAM-3-Flying-53-Bird-3198,0.034052641200145034,0
COD10K-CAM-3-Flying-53-Bird-3200,0.06735787318942335,0
COD10K-CAM-3-Flying-53-Bird-3201,0.03960035403050109,0
COD10K-CAM-3-Flying-53-Bird-3203,0.0662278185742613,0
COD10K-CAM-3-Flying-53-Bird-3207,0.00882033268022778,0
COD10K-CAM-3-Flying-53-Bird-3211,0.04165347940758775,0
COD10K-CAM-3-Flying-53-Bird-3213,0.03569604198556746,0
COD10K-CAM-3-Flying-53-Bird-3214,0.011360755348488308,0
COD10K-CAM-3-Flying-53-Bird-3215,0.04839518786883685,0
COD10K-CAM-3-Flying-53-Bird-3218,0.06733345580256843,0
COD10K-CAM-3-Flying-53-Bird-3221,0.13817744555270864,0
COD10K-CAM-3-Flying-53-Bird-3223,0.02554298807724024,0
COD10K-CAM-3-Flying-53-Bird-3226,0.01670793276580753,0
COD10K-CAM-3-Flying-53-Bird-3227,0.013564056197023082,0
COD10K-CAM-3-Flying-53-Bird-3231,0.011740718954248367,0
COD10K-CAM-3-Flying-53-Bird-3232,0.028475120478657242,0
COD10K-CAM-3-Flying-53-Bird-3234,0.031997080670836876,0
COD10K-CAM-3-Flying-53-Bird-3235,0.02402294980911265,0
COD10K-CAM-3-Flying-53-Bird-3236,0.06366307744272671,0
COD10K-CAM-3-Flying-53-Bird-3237,0.04348333333333334,0
COD10K-CAM-3-Flying-53-Bird-3239,0.02584486111111111,0
COD10K-CAM-3-Flying-53-Bird-3240,0.014357789855072462,0
COD10K-CAM-3-Flying-53-Bird-3241,0.08168119785453183,0
COD10K-CAM-3-Flying-53-Bird-3245,0.0372012229370915,0
COD10K-CAM-3-Flying-53-Bird-3246,0.013295014791264865,0
COD10K-CAM-3-Flying-54-Bittern-3252,0.021407356345315903,0
COD10K-CAM-3-Flying-54-Bittern-3254,0.02022901464265524,0
COD10K-CAM-3-Flying-54-Bittern-3255,0.015377804467798632,0
COD10K-CAM-3-Flying-54-Bittern-3260,0.019707260305725442,0
COD10K-CAM-3-Flying-54-Bittern-3266,0.046255406394415284,0
COD10K-CAM-3-Flying-54-Bittern-3268,0.009967869005633928,0
COD10K-CAM-3-Flying-54-Bittern-3271,0.03204955935521434,0
COD10K-CAM-3-Flying-54-Bittern-3277,0.015688338934206496,0
COD10K-CAM-3-Flying-54-Bittern-3283,0.023912365398559107,0
COD10K-CAM-3-Flying-54-Bittern-3284,0.010928876263169981,0
COD10K-CAM-3-Flying-54-Bittern-3288,0.015300387518660466,0
COD10K-CAM-3-Flying-54-Bittern-3289,0.013458616384268662,0
COD10K-CAM-3-Flying-55-Butterfly-3295,0.022682892598276896,0
COD10K-CAM-3-Flying-55-Butterfly-3303,0.060181920668658094,0
COD10K-CAM-3-Flying-55-Butterfly-3304,0.009363449852784563,0
COD10K-CAM-3-Flying-55-Butterfly-3306,0.027820332845052084,0
COD10K-CAM-3-Flying-55-Butterfly-3312,0.006426747639973957,0
COD10K-CAM-3-Flying-55-Butterfly-3315,0.06045734181123621,0
COD10K-CAM-3-Flying-55-Butterfly-3318,0.03630841295909226,0
COD10K-CAM-3-Flying-55-Butterfly-3319,0.01770334825141678,0
COD10K-CAM-3-Flying-55-Butterfly-3320,0.008010340667579687,0
COD10K-CAM-3-Flying-55-Butterfly-3322,0.11918520153302903,0
COD10K-CAM-3-Flying-55-Butterfly-3324,0.09146669465736514,0
COD10K-CAM-3-Flying-55-Butterfly-3325,0.01910227357951644,0
COD10K-CAM-3-Flying-55-Butterfly-3328,0.06160247403811784,0
COD10K-CAM-3-Flying-55-Butterfly-3335,0.04470627794386985,0
COD10K-CAM-3-Flying-55-Butterfly-3339,0.018205873341983852,0
COD10K-CAM-3-Flying-55-Butterfly-3341,0.054825168185763884,0
COD10K-CAM-3-Flying-55-Butterfly-3342,0.07979743903504938,0
COD10K-CAM-3-Flying-55-Butterfly-3350,0.012681469886131535,0
COD10K-CAM-3-Flying-55-Butterfly-3351,0.08703898893470273,0
COD10K-CAM-3-Flying-55-Butterfly-3354,0.010085505079594064,0
COD10K-CAM-3-Flying-55-Butterfly-3356,0.09930422590067695,0
COD10K-CAM-3-Flying-55-Butterfly-3359,0.0630059358558306,0
COD10K-CAM-3-Flying-55-Butterfly-3360,0.03977722789076073,0
COD10K-CAM-3-Flying-55-Butterfly-3361,0.055835811972358394,0
COD10K-CAM-3-Flying-55-Butterfly-3369,0.02379986043388826,0
COD10K-CAM-3-Flying-55-Butterfly-3370,0.04442941925580627,0
COD10K-CAM-3-Flying-55-Butterfly-3374,0.04023433609202026,0
COD10K-CAM-3-Flying-55-Butterfly-3375,0.026189751718558515,0
COD10K-CAM-3-Flying-55-Butterfly-3376,0.040616507653478545,0
COD10K-CAM-3-Flying-55-Butterfly-3377,0.012615058972484022,0
COD10K-CAM-3-Flying-55-Butterfly-3378,0.06606792956108413,0
COD10K-CAM-3-Flying-55-Butterfly-3379,0.09097253693465061,0
COD10K-CAM-3-Flying-55-Butterfly-3382,0.016525396754700414,0
COD10K-CAM-3-Flying-55-Butterfly-3383,0.024526834032838795,0
COD10K-CAM-3-Flying-55-Butterfly-3386,0.08624902521989615,0
COD10K-CAM-3-Flying-55-Butterfly-3389,0.02216069913049407,0
COD10K-CAM-3-Flying-55-Butterfly-3390,0.019415188407903426,0
COD10K-CAM-3-Flying-55-Butterfly-3393,0.029834464777646594,0
COD10K-CAM-3-Flying-55-Butterfly-3398,0.016007208851474084,0
COD10K-CAM-3-Flying-55-Butterfly-3401,0.03598456786169752,0
COD10K-CAM-3-Flying-55-Butterfly-3403,0.16831264361213236,0
COD10K-CAM-3-Flying-55-Butterfly-3406,0.029092411694729137,0
COD10K-CAM-3-Flying-55-Butterfly-3408,0.011923991044104104,0
COD10K-CAM-3-Flying-55-Butterfly-3409,0.03721415939793639,0
COD10K-CAM-3-Flying-55-Butterfly-3412,0.02166225108995211,0
COD10K-CAM-3-Flying-55-Butterfly-3418,0.03705524619108711,0
COD10K-CAM-3-Flying-55-Butterfly-3423,0.021170153174116867,0
COD10K-CAM-3-Flying-55-Butterfly-3426,0.07358715082305708,0
COD10K-CAM-3-Flying-55-Butterfly-3428,0.6460618012870838,0
COD10K-CAM-3-Flying-55-Butterfly-3429,0.4514208974401936,0
COD10K-CAM-3-Flying-55-Butterfly-3434,0.026012162048201413,0
COD10K-CAM-3-Flying-55-Butterfly-3435,0.024085107741013072,0
COD10K-CAM-3-Flying-55-Butterfly-3436,0.037061120326222934,0
COD10K-CAM-3-Flying-56-Cicada-3439,0.07149716951296647,0
COD10K-CAM-3-Flying-56-Cicada-3440,0.026393322244710478,0
COD10K-CAM-3-Flying-56-Cicada-3441,0.019461559006992334,0
COD10K-CAM-3-Flying-56-Cicada-3443,0.03986946078431373,0
COD10K-CAM-3-Flying-56-Cicada-3444,0.037129914726307195,0
COD10K-CAM-3-Flying-56-Cicada-3447,0.027586308875149127,0
COD10K-CAM-3-Flying-56-Cicada-3453,0.054362231117776064,0
COD10K-CAM-3-Flying-56-Cicada-3460,0.042685050594176176,0
COD10K-CAM-3-Flying-56-Cicada-3462,0.020389053714316607,0
COD10K-CAM-3-Flying-56-Cicada-3463,0.04014732904484797,0
COD10K-CAM-3-Flying-56-Cicada-3470,0.06491817698759192,0
COD10K-CAM-3-Flying-56-Cicada-3472,0.07178805776838859,0
COD10K-CAM-3-Flying-56-Cicada-3478,0.03115071614583333,0
COD10K-CAM-3-Flying-56-Cicada-3480,0.009745271186805616,0
COD10K-CAM-3-Flying-56-Cicada-3482,0.015492820739746093,0
COD10K-CAM-3-Flying-56-Cicada-3483,0.021313631145003575,0
COD10K-CAM-3-Flying-56-Cicada-3486,0.04328177258275198,0
COD10K-CAM-3-Flying-56-Cicada-3490,0.037304936826618666,0
COD10K-CAM-3-Flying-56-Cicada-3491,0.014544890979817988,0
COD10K-CAM-3-Flying-56-Cicada-3494,0.02565502832263945,0
COD10K-CAM-3-Flying-56-Cicada-3496,0.017416129184963918,0
COD10K-CAM-3-Flying-56-Cicada-3498,0.013891960592830882,0
COD10K-CAM-3-Flying-56-Cicada-3501,0.1444446588653365,0
COD10K-CAM-3-Flying-56-Cicada-3504,0.08141184788124234,0
COD10K-CAM-3-Flying-56-Cicada-3505,0.01541573700765079,0
COD10K-CAM-3-Flying-56-Cicada-3508,0.09930406458237591,0
COD10K-CAM-3-Flying-56-Cicada-3509,0.28931658623826545,0
COD10K-CAM-3-Flying-56-Cicada-3510,0.0848637753992726,0
COD10K-CAM-3-Flying-56-Cicada-3513,0.005717862911352785,0
COD10K-CAM-3-Flying-56-Cicada-3515,0.032677101289233644,0
COD10K-CAM-3-Flying-56-Cicada-3521,0.00989804167561185,0
COD10K-CAM-3-Flying-56-Cicada-3522,0.03994682703420689,0
COD10K-CAM-3-Flying-56-Cicada-3525,0.09559907102896496,0
COD10K-CAM-3-Flying-56-Cicada-3527,0.02677252678008822,0
COD10K-CAM-3-Flying-56-Cicada-3530,0.08060888268010007,0
COD10K-CAM-3-Flying-56-Cicada-3533,0.06515472745113216,0
COD10K-CAM-3-Flying-56-Cicada-3535,0.06839976302105762,0
COD10K-CAM-3-Flying-56-Cicada-3536,0.02109832717121502,0
COD10K-CAM-3-Flying-56-Cicada-3537,0.05156585865953263,0
COD10K-CAM-3-Flying-56-Cicada-3539,0.04808719650640761,0
COD10K-CAM-3-Flying-56-Cicada-3542,0.01084790957927827,0
COD10K-CAM-3-Flying-56-Cicada-3543,0.0861020705279182,0
COD10K-CAM-3-Flying-56-Cicada-3547,0.02250675874597886,0
COD10K-CAM-3-Flying-56-Cicada-3549,0.042199941398271545,0
COD10K-CAM-3-Flying-56-Cicada-3551,0.036775444598526545,0
COD10K-CAM-3-Flying-57-Dragonfly-3553,0.0337565138066952,0
COD10K-CAM-3-Flying-57-Dragonfly-3559,0.03161707516339869,0
COD10K-CAM-3-Flying-57-Dragonfly-3566,0.015438613392948324,0
COD10K-CAM-3-Flying-57-Dragonfly-3569,0.02866892341673126,0
COD10K-CAM-3-Flying-57-Dragonfly-3571,0.08686303352772569,0
COD10K-CAM-3-Flying-57-Dragonfly-3575,0.10977434250838493,0
COD10K-CAM-3-Flying-57-Dragonfly-3576,0.3073486748043516,0
COD10K-CAM-3-Flying-57-Dragonfly-3580,0.10094788510768218,0
COD10K-CAM-3-Flying-57-Dragonfly-3581,0.04020245912384403,0
COD10K-CAM-3-Flying-57-Dragonfly-3582,0.02357265727391874,0
COD10K-CAM-3-Flying-57-Dragonfly-3585,0.05941140148069537,0
COD10K-CAM-3-Flying-57-Dragonfly-3586,0.06904010149388533,0
COD10K-CAM-3-Flying-57-Dragonfly-3588,0.0354450117592993,0
COD10K-CAM-3-Flying-57-Dragonfly-3590,0.17270708730232762,0
COD10K-CAM-3-Flying-57-Dragonfly-3593,0.06829285223423191,0
COD10K-CAM-3-Flying-58-Frogmouth-3596,0.016345035328584556,0
COD10K-CAM-3-Flying-58-Frogmouth-3598,0.029745931704489994,0
COD10K-CAM-3-Flying-58-Frogmouth-3599,0.2984170235855285,0
COD10K-CAM-3-Flying-58-Frogmouth-3602,0.06560992269339243,0
COD10K-CAM-3-Flying-58-Frogmouth-3604,0.026248627450980392,0
COD10K-CAM-3-Flying-58-Frogmouth-3610,0.019170672679071785,0
COD10K-CAM-3-Flying-58-Frogmouth-3611,0.010597270639089475,0
COD10K-CAM-3-Flying-59-Grasshopper-3615,0.054087550558045094,0
COD10K-CAM-3-Flying-59-Grasshopper-3618,0.08096340065714569,0
COD10K-CAM-3-Flying-59-Grasshopper-3619,0.0856239231969273,0
COD10K-CAM-3-Flying-59-Grasshopper-3621,0.02437782536924275,0
COD10K-CAM-3-Flying-59-Grasshopper-3622,0.0983876961579717,0
COD10K-CAM-3-Flying-59-Grasshopper-3625,0.07345043462460742,0
COD10K-CAM-3-Flying-59-Grasshopper-3627,0.037856828278186275,0
COD10K-CAM-3-Flying-59-Grasshopper-3629,0.016777457574354778,0
COD10K-CAM-3-Flying-59-Grasshopper-3630,0.23556016577095246,0
COD10K-CAM-3-Flying-59-Grasshopper-3632,0.01589448640333162,0
COD10K-CAM-3-Flying-59-Grasshopper-3634,0.06930178473977482,0
COD10K-CAM-3-Flying-59-Grasshopper-3636,0.039291836449989945,0
COD10K-CAM-3-Flying-59-Grasshopper-3637,0.1142461514100022,0
COD10K-CAM-3-Flying-59-Grasshopper-3640,0.05314535079656863,0
COD10K-CAM-3-Flying-59-Grasshopper-3641,0.07544675782593739,0
COD10K-CAM-3-Flying-59-Grasshopper-3644,0.055282807603061715,0
COD10K-CAM-3-Flying-59-Grasshopper-3645,0.020885724671026867,0
COD10K-CAM-3-Flying-59-Grasshopper-3648,0.048700679205601505,0
COD10K-CAM-3-Flying-59-Grasshopper-3650,0.07257912049623771,0
COD10K-CAM-3-Flying-59-Grasshopper-3652,0.029257467528653405,0
COD10K-CAM-3-Flying-59-Grasshopper-3653,0.02339928321589052,0
COD10K-CAM-3-Flying-59-Grasshopper-3655,0.023874519697201797,0
COD10K-CAM-3-Flying-59-Grasshopper-3657,0.016124306473077513,0
COD10K-CAM-3-Flying-59-Grasshopper-3658,0.10012167138991013,0
COD10K-CAM-3-Flying-59-Grasshopper-3659,0.06486731566288186,0
COD10K-CAM-3-Flying-59-Grasshopper-3661,0.07319733061141734,0
COD10K-CAM-3-Flying-59-Grasshopper-3672,0.10361172519116578,0
COD10K-CAM-3-Flying-59-Grasshopper-3673,0.028511265370501648,0
COD10K-CAM-3-Flying-59-Grasshopper-3676,0.035130619895286076,0
COD10K-CAM-3-Flying-59-Grasshopper-3678,0.011105300175472193,0
COD10K-CAM-3-Flying-59-Grasshopper-3680,0.04536130173711932,0
COD10K-CAM-3-Flying-59-Grasshopper-3681,0.032662455607242895,0
COD10K-CAM-3-Flying-59-Grasshopper-3683,0.040842370874960524,0
COD10K-CAM-3-Flying-59-Grasshopper-3686,0.22066733324531318,0
COD10K-CAM-3-Flying-59-Grasshopper-3688,0.056709096038598056,0
COD10K-CAM-3-Flying-59-Grasshopper-3689,0.15171404064048005,0
COD10K-CAM-3-Flying-59-Grasshopper-3692,0.04701586647977548,0
COD10K-CAM-3-Flying-59-Grasshopper-3694,0.07812223499926285,0
COD10K-CAM-3-Flying-59-Grasshopper-3695,0.04019702587252349,0
COD10K-CAM-3-Flying-59-Grasshopper-3697,0.02023070466802386,0
COD10K-CAM-3-Flying-59-Grasshopper-3699,0.03609252792948737,0
COD10K-CAM-3-Flying-59-Grasshopper-3701,0.022251483671369268,0
COD10K-CAM-3-Flying-59-Grasshopper-3702,0.016937780320461518,0
COD10K-CAM-3-Flying-59-Grasshopper-3706,0.016622924804687498,0
COD10K-CAM-3-Flying-59-Grasshopper-3707,0.09127929288577409,0
COD10K-CAM-3-Flying-59-Grasshopper-3708,0.06904855865279054,0
COD10K-CAM-3-Flying-59-Grasshopper-3710,0.061583977766813076,0
COD10K-CAM-3-Flying-59-Grasshopper-3711,0.03930568321078431,0
COD10K-CAM-3-Flying-59-Grasshopper-3712,0.04212664532018483,0
COD10K-CAM-3-Flying-59-Grasshopper-3714,0.0360752030914905,0
COD10K-CAM-3-Flying-59-Grasshopper-3719,0.10512156849120735,0
COD10K-CAM-3-Flying-59-Grasshopper-3720,0.02371816250374125,0
COD10K-CAM-3-Flying-59-Grasshopper-3726,0.030987026490684116,0
COD10K-CAM-3-Flying-59-Grasshopper-3727,0.0212352959119226,0
COD10K-CAM-3-Flying-59-Grasshopper-3729,0.06693130533310288,0
COD10K-CAM-3-Flying-59-Grasshopper-3732,0.0034536191708826386,0
COD10K-CAM-3-Flying-59-Grasshopper-3733,0.025677644816878575,0
COD10K-CAM-3-Flying-59-Grasshopper-3734,0.044295449574584596,0
COD10K-CAM-3-Flying-59-Grasshopper-3736,0.027076569483491925,0
COD10K-CAM-3-Flying-59-Grasshopper-3737,0.0464905144499053,0
COD10K-CAM-3-Flying-59-Grasshopper-3740,0.038253492017218046,0
COD10K-CAM-3-Flying-59-Grasshopper-3741,0.05880592198792146,0
COD10K-CAM-3-Flying-59-Grasshopper-3744,0.07331047865664166,0
COD10K-CAM-3-Flying-59-Grasshopper-3745,0.052104632885762996,0
COD10K-CAM-3-Flying-59-Grasshopper-3747,0.04807948886263395,0
COD10K-CAM-3-Flying-59-Grasshopper-3756,0.07913341974799368,0
COD10K-CAM-3-Flying-59-Grasshopper-3758,0.06755854201829839,0
COD10K-CAM-3-Flying-59-Grasshopper-3759,0.022854710086589382,0
COD10K-CAM-3-Flying-59-Grasshopper-3760,0.03232943616685327,0
COD10K-CAM-3-Flying-59-Grasshopper-3761,0.02102309981930728,0
COD10K-CAM-3-Flying-59-Grasshopper-3762,0.03076718553673577,0
COD10K-CAM-3-Flying-59-Grasshopper-3764,0.034070051657192894,0
COD10K-CAM-3-Flying-59-Grasshopper-3768,0.07121805887564217,0
COD10K-CAM-3-Flying-59-Grasshopper-3769,0.008142108417305428,0
COD10K-CAM-3-Flying-59-Grasshopper-3771,0.06619048391983724,0
COD10K-CAM-3-Flying-59-Grasshopper-3772,0.04041450075327442,0
COD10K-CAM-3-Flying-59-Grasshopper-3773,0.016053783614759225,0
COD10K-CAM-3-Flying-59-Grasshopper-3775,0.04772641738796543,0
COD10K-CAM-3-Flying-59-Grasshopper-3776,0.04043895088241143,0
COD10K-CAM-3-Flying-59-Grasshopper-3777,0.06444754031737145,0
COD10K-CAM-3-Flying-59-Grasshopper-3778,0.10066041130657129,0
COD10K-CAM-3-Flying-59-Grasshopper-3780,0.12825142353335917,0
COD10K-CAM-3-Flying-59-Grasshopper-3784,0.021988465499669856,0
COD10K-CAM-3-Flying-59-Grasshopper-3786,0.03528314660145592,0
COD10K-CAM-3-Flying-59-Grasshopper-3788,0.021409090328839864,0
COD10K-CAM-3-Flying-59-Grasshopper-3790,0.08774282801945744,0
COD10K-CAM-3-Flying-59-Grasshopper-3792,0.19171424183324434,0
COD10K-CAM-3-Flying-59-Grasshopper-3795,0.09479898692810457,0
COD10K-CAM-3-Flying-59-Grasshopper-3796,0.013776027722532447,0
COD10K-CAM-3-Flying-59-Grasshopper-3799,0.11306328523043074,0
COD10K-CAM-3-Flying-59-Grasshopper-3802,0.007557891091219096,0
COD10K-CAM-3-Flying-59-Grasshopper-3804,0.028382388484094544,0
COD10K-CAM-3-Flying-59-Grasshopper-3808,0.06464935706621594,0
COD10K-CAM-3-Flying-59-Grasshopper-3810,0.1541455502863664,0
COD10K-CAM-3-Flying-59-Grasshopper-3811,0.05584946723473431,0
COD10K-CAM-3-Flying-59-Grasshopper-3813,0.0504252993748744,0
COD10K-CAM-3-Flying-59-Grasshopper-3814,0.04532886740569616,0
COD10K-CAM-3-Flying-59-Grasshopper-3815,0.08311359625750006,0
COD10K-CAM-3-Flying-59-Grasshopper-3818,0.059382563572303926,0
COD10K-CAM-3-Flying-59-Grasshopper-3820,0.011416206209916558,0
COD10K-CAM-3-Flying-59-Grasshopper-3824,0.04587620133467316,0
COD10K-CAM-3-Flying-59-Grasshopper-3825,0.03742125587214053,0
COD10K-CAM-3-Flying-59-Grasshopper-3828,0.10450822036633585,0
COD10K-CAM-3-Flying-59-Grasshopper-3831,0.04629620730179528,0
COD10K-CAM-3-Flying-59-Grasshopper-3834,0.047111390043751145,0
COD10K-CAM-3-Flying-59-Grasshopper-3840,0.03137598334168306,0
COD10K-CAM-3-Flying-59-Grasshopper-3845,0.22062271822955123,0
COD10K-CAM-3-Flying-59-Grasshopper-3847,0.12265651914133148,0
COD10K-CAM-3-Flying-59-Grasshopper-3849,0.07229228167560127,0
COD10K-CAM-3-Flying-59-Grasshopper-3850,0.04689877415094882,0
COD10K-CAM-3-Flying-59-Grasshopper-3853,0.07381852192171967,0
COD10K-CAM-3-Flying-59-Grasshopper-3856,0.07133684207043761,0
COD10K-CAM-3-Flying-59-Grasshopper-3857,0.035554407988238695,0
COD10K-CAM-3-Flying-59-Grasshopper-3859,0.019308929935700544,0
COD10K-CAM-3-Flying-59-Grasshopper-3863,0.05870477079924209,0
COD10K-CAM-3-Flying-59-Grasshopper-3866,0.04195662159446502,0
COD10K-CAM-3-Flying-59-Grasshopper-3870,0.019433098052466947,0
COD10K-CAM-3-Flying-59-Grasshopper-3872,0.15622812408247802,0
COD10K-CAM-3-Flying-59-Grasshopper-3873,0.04772554943427521,0
COD10K-CAM-3-Flying-59-Grasshopper-3874,0.04145307150050352,0
COD10K-CAM-3-Flying-59-Grasshopper-3875,0.03645663998578934,0
COD10K-CAM-3-Flying-59-Grasshopper-3876,0.013005318456994803,0
COD10K-CAM-3-Flying-59-Grasshopper-3877,0.03386919372434186,0
COD10K-CAM-3-Flying-59-Grasshopper-3880,0.008210808629007159,0
COD10K-CAM-3-Flying-60-Heron-3881,0.024699580255910115,0
COD10K-CAM-3-Flying-60-Heron-3884,0.014573001331680211,0
COD10K-CAM-3-Flying-60-Heron-3885,0.015821761023062073,0
COD10K-CAM-3-Flying-60-Heron-3886,0.015469718262731713,0
COD10K-CAM-3-Flying-60-Heron-3888,0.017094841138299583,0
COD10K-CAM-3-Flying-60-Heron-3889,0.018481929962983975,0
COD10K-CAM-3-Flying-60-Heron-3891,0.026173236914446632,0
COD10K-CAM-3-Flying-60-Heron-3892,0.0070714311574526624,0
COD10K-CAM-3-Flying-60-Heron-3893,0.018254313617039736,0
COD10K-CAM-3-Flying-60-Heron-3895,0.07623632313467114,0
COD10K-CAM-3-Flying-60-Heron-3898,0.022366838937158632,0
COD10K-CAM-3-Flying-60-Heron-3900,0.030683393163759926,0
COD10K-CAM-3-Flying-60-Heron-3901,0.012962062062780841,0
COD10K-CAM-3-Flying-60-Heron-3906,0.021547073452668736,0
COD10K-CAM-3-Flying-60-Heron-3909,0.029351449012071883,0
COD10K-CAM-3-Flying-60-Heron-3911,0.018375241899089047,0
COD10K-CAM-3-Flying-60-Heron-3912,0.08029492613017429,0
COD10K-CAM-3-Flying-60-Heron-3918,0.010297121390100515,0
COD10K-CAM-3-Flying-60-Heron-3921,0.021503324770783042,0
COD10K-CAM-3-Flying-60-Heron-3922,0.0058337093178742845,0
COD10K-CAM-3-Flying-60-Heron-3925,0.007625558916831738,0
COD10K-CAM-3-Flying-60-Heron-3927,0.009095793904128267,0
COD10K-CAM-3-Flying-60-Heron-3928,0.021860230066076135,0
COD10K-CAM-3-Flying-61-Katydid-3939,0.051392284929162,0
COD10K-CAM-3-Flying-61-Katydid-3942,0.06569672807922997,0
COD10K-CAM-3-Flying-61-Katydid-3949,0.14377796827003128,0
COD10K-CAM-3-Flying-61-Katydid-3950,0.020937986414762258,0
COD10K-CAM-3-Flying-61-Katydid-3951,0.02956004152254401,0
COD10K-CAM-3-Flying-61-Katydid-3952,0.12548821676822267,0
COD10K-CAM-3-Flying-61-Katydid-3956,0.05647800221162684,0
COD10K-CAM-3-Flying-61-Katydid-3958,0.017063125909543505,0
COD10K-CAM-3-Flying-61-Katydid-3962,0.1555688654594069,0
COD10K-CAM-3-Flying-61-Katydid-3964,0.09497024010062215,0
COD10K-CAM-3-Flying-61-Katydid-3965,0.1774171843850071,0
COD10K-CAM-3-Flying-61-Katydid-3968,0.05335062047599414,0
COD10K-CAM-3-Flying-61-Katydid-3971,0.22452075830753088,0
COD10K-CAM-3-Flying-61-Katydid-3976,0.07448699668005054,0
COD10K-CAM-3-Flying-61-Katydid-3979,0.1201660551236144,0
COD10K-CAM-3-Flying-61-Katydid-3980,0.12514568376563223,0
COD10K-CAM-3-Flying-61-Katydid-3982,0.03915335910563159,0
COD10K-CAM-3-Flying-61-Katydid-3983,0.0690955494340855,0
COD10K-CAM-3-Flying-61-Katydid-3987,0.11183873637071651,0
COD10K-CAM-3-Flying-61-Katydid-3988,0.043041617790112154,0
COD10K-CAM-3-Flying-61-Katydid-3990,0.074306798830518,0
COD10K-CAM-3-Flying-61-Katydid-3993,0.025842193690250627,0
COD10K-CAM-3-Flying-61-Katydid-3994,0.0307257714037375,0
COD10K-CAM-3-Flying-61-Katydid-4003,0.053037119437720916,0
COD10K-CAM-3-Flying-61-Katydid-4004,0.06457874756482605,0
COD10K-CAM-3-Flying-61-Katydid-4006,0.029593322962420697,0
COD10K-CAM-3-Flying-61-Katydid-4008,0.09588332426937038,0
COD10K-CAM-3-Flying-61-Katydid-4014,0.17438709790285076,0
COD10K-CAM-3-Flying-61-Katydid-4016,0.18524789765043947,0
COD10K-CAM-3-Flying-61-Katydid-4020,0.02175316445071179,0
COD10K-CAM-3-Flying-61-Katydid-4021,0.0795980335609997,0
COD10K-CAM-3-Flying-61-Katydid-4022,0.03485343123050437,0
COD10K-CAM-3-Flying-61-Katydid-4023,0.07614703031462715,0
COD10K-CAM-3-Flying-61-Katydid-4025,0.02798130384515238,0
COD10K-CAM-3-Flying-61-Katydid-4027,0.016162608382956464,0
COD10K-CAM-3-Flying-61-Katydid-4035,0.03493515424786936,0
COD10K-CAM-3-Flying-61-Katydid-4037,0.09248235554287601,0
COD10K-CAM-3-Flying-61-Katydid-4042,0.031210655787801005,0
COD10K-CAM-3-Flying-61-Katydid-4045,0.04630840789900519,0
COD10K-CAM-3-Flying-61-Katydid-4047,0.08382612739513123,0
COD10K-CAM-3-Flying-61-Katydid-4051,0.09941854952319029,0
COD10K-CAM-3-Flying-61-Katydid-4054,0.17074859258548444,0
COD10K-CAM-3-Flying-61-Katydid-4059,0.07896457104482037,0
COD10K-CAM-3-Flying-61-Katydid-4060,0.05618382892013111,0
COD10K-CAM-3-Flying-61-Katydid-4062,0.09884548478136915,0
COD10K-CAM-3-Flying-61-Katydid-4063,0.08887551405994315,0
COD10K-CAM-3-Flying-61-Katydid-4064,0.03838559976768636,0
COD10K-CAM-3-Flying-61-Katydid-4068,0.04791645624595992,0
COD10K-CAM-3-Flying-61-Katydid-4073,0.15924387770756182,0
COD10K-CAM-3-Flying-61-Katydid-4074,0.0251008064516129,0
COD10K-CAM-3-Flying-61-Katydid-4075,0.15536270640254798,0
COD10K-CAM-3-Flying-61-Katydid-4077,0.06337085235089612,0
COD10K-CAM-3-Flying-61-Katydid-4080,0.4286752370237993,0
COD10K-CAM-3-Flying-61-Katydid-4082,0.0742903011122978,0
COD10K-CAM-3-Flying-61-Katydid-4085,0.07487757911017566,0
COD10K-CAM-3-Flying-61-Katydid-4086,0.03708566529651734,0
COD10K-CAM-3-Flying-61-Katydid-4087,0.11491817406161817,0
COD10K-CAM-3-Flying-61-Katydid-4091,0.14942715510435509,0
COD10K-CAM-3-Flying-61-Katydid-4093,0.03966408694700428,0
COD10K-CAM-3-Flying-61-Katydid-4094,0.30133300094378895,0
COD10K-CAM-3-Flying-61-Katydid-4101,0.03484385703958549,0
COD10K-CAM-3-Flying-61-Katydid-4102,0.2724654827530063,0
COD10K-CAM-3-Flying-61-Katydid-4107,0.03175861882228477,0
COD10K-CAM-3-Flying-61-Katydid-4108,0.02398423772902644,0
COD10K-CAM-3-Flying-61-Katydid-4110,0.12771323529411766,0
COD10K-CAM-3-Flying-61-Katydid-4111,0.062422638888888896,0
COD10K-CAM-3-Flying-61-Katydid-4112,0.14978702418467385,0
COD10K-CAM-3-Flying-61-Katydid-4115,0.04000790184144524,0
COD10K-CAM-3-Flying-61-Katydid-4117,0.05194730571672027,0
COD10K-CAM-3-Flying-61-Katydid-4118,0.04749346754674101,0
COD10K-CAM-3-Flying-61-Katydid-4121,0.20865176089486676,0
COD10K-CAM-3-Flying-61-Katydid-4122,0.0600817633529998,0
COD10K-CAM-3-Flying-61-Katydid-4125,0.047753806519352536,0
COD10K-CAM-3-Flying-61-Katydid-4126,0.08739893288765156,0
COD10K-CAM-3-Flying-61-Katydid-4130,0.04202813288676055,0
COD10K-CAM-3-Flying-61-Katydid-4131,0.030920514873429842,0
COD10K-CAM-3-Flying-61-Katydid-4133,0.06088235406259868,0
COD10K-CAM-3-Flying-61-Katydid-4141,0.06848817906261412,0
COD10K-CAM-3-Flying-61-Katydid-4142,0.040509754667492036,0
COD10K-CAM-3-Flying-61-Katydid-4144,0.11810858434952308,0
COD10K-CAM-3-Flying-61-Katydid-4145,0.04523559673243187,0
COD10K-CAM-3-Flying-61-Katydid-4147,0.08452815794166002,0
COD10K-CAM-3-Flying-61-Katydid-4153,0.07563640535973908,0
COD10K-CAM-3-Flying-61-Katydid-4154,0.03429344490795544,0
COD10K-CAM-3-Flying-61-Katydid-4155,0.040908958086001326,0
COD10K-CAM-3-Flying-61-Katydid-4156,0.04631806915881587,0
COD10K-CAM-3-Flying-61-Katydid-4159,0.099668568682815,0
COD10K-CAM-3-Flying-61-Katydid-4160,0.03336816038390947,0
COD10K-CAM-3-Flying-61-Katydid-4161,0.04702327945957115,0
COD10K-CAM-3-Flying-61-Katydid-4162,0.07080228559695374,0
COD10K-CAM-3-Flying-61-Katydid-4166,0.06050700268714256,0
COD10K-CAM-3-Flying-61-Katydid-4167,0.03346991040005745,0
COD10K-CAM-3-Flying-61-Katydid-4173,0.030240905572755418,0
COD10K-CAM-3-Flying-61-Katydid-4174,0.17743079837800155,0
COD10K-CAM-3-Flying-61-Katydid-4176,0.06379298455280438,0
COD10K-CAM-3-Flying-61-Katydid-4177,0.056831175686376155,0
COD10K-CAM-3-Flying-61-Katydid-4180,0.13969159967769812,0
COD10K-CAM-3-Flying-61-Katydid-4189,0.043500060037849765,0
COD10K-CAM-3-Flying-61-Katydid-4191,0.09583457996642668,0
COD10K-CAM-3-Flying-61-Katydid-4193,0.05217833904685925,0
COD10K-CAM-3-Flying-61-Katydid-4196,0.06274384379299602,0
COD10K-CAM-3-Flying-61-Katydid-4198,0.0934182177233719,0
COD10K-CAM-3-Flying-61-Katydid-4201,0.03891389845110957,0
COD10K-CAM-3-Flying-61-Katydid-4203,0.027232978448026187,0
COD10K-CAM-3-Flying-61-Katydid-4204,0.08131894530376504,0
COD10K-CAM-3-Flying-61-Katydid-4205,0.019695891602431598,0
COD10K-CAM-3-Flying-61-Katydid-4206,0.2963078951532537,0
COD10K-CAM-3-Flying-61-Katydid-4209,0.05710383999650256,0
COD10K-CAM-3-Flying-61-Katydid-4215,0.043271646935955366,0
COD10K-CAM-3-Flying-61-Katydid-4216,0.07030603681234558,0
COD10K-CAM-3-Flying-61-Katydid-4218,0.036675957322899286,0
COD10K-CAM-3-Flying-61-Katydid-4219,0.11806960641937499,0
COD10K-CAM-3-Flying-61-Katydid-4220,0.12915433497210732,0
COD10K-CAM-3-Flying-61-Katydid-4221,0.14701716105143228,0
COD10K-CAM-3-Flying-61-Katydid-4222,0.275021342358558,0
COD10K-CAM-3-Flying-61-Katydid-4224,0.048075499397711295,0
COD10K-CAM-3-Flying-61-Katydid-4225,0.02150420988964183,0
COD10K-CAM-3-Flying-61-Katydid-4228,0.016320947052866283,0
COD10K-CAM-3-Flying-61-Katydid-4229,0.05901767563266156,0
COD10K-CAM-3-Flying-61-Katydid-4230,0.065130736915119,0
COD10K-CAM-3-Flying-61-Katydid-4231,0.04873369831108646,0
COD10K-CAM-3-Flying-61-Katydid-4232,0.10627525718332315,0
COD10K-CAM-3-Flying-61-Katydid-4234,0.2208559646593084,0
COD10K-CAM-3-Flying-61-Katydid-4237,0.06010903944484718,0
COD10K-CAM-3-Flying-61-Katydid-4238,0.12086108947229597,0
COD10K-CAM-3-Flying-61-Katydid-4240,0.13322161905126634,0
COD10K-CAM-3-Flying-61-Katydid-4241,0.04532657079758987,0
COD10K-CAM-3-Flying-61-Katydid-4242,0.03291636437908496,0
COD10K-CAM-3-Flying-61-Katydid-4244,0.09186501481075497,0
COD10K-CAM-3-Flying-62-Mantis-4245,0.020538146970904027,0
COD10K-CAM-3-Flying-62-Mantis-4247,0.014903529599888202,0
COD10K-CAM-3-Flying-62-Mantis-4248,0.03083822497703327,0
COD10K-CAM-3-Flying-62-Mantis-4253,0.026683069709399137,0
COD10K-CAM-3-Flying-62-Mantis-4255,0.07466047385620915,0
COD10K-CAM-3-Flying-62-Mantis-4256,0.04183047588069736,0
COD10K-CAM-3-Flying-62-Mantis-4258,0.05573713997861224,0
COD10K-CAM-3-Flying-62-Mantis-4262,0.029105650658700983,0
COD10K-CAM-3-Flying-62-Mantis-4265,0.04782126388835768,0
COD10K-CAM-3-Flying-62-Mantis-4268,0.1870843864889706,0
COD10K-CAM-3-Flying-62-Mantis-4270,0.1660689374120805,0
COD10K-CAM-3-Flying-62-Mantis-4272,0.07414202856451221,0
COD10K-CAM-3-Flying-62-Mantis-4274,0.059307443509201925,0
COD10K-CAM-3-Flying-62-Mantis-4276,0.08879795297748728,0
COD10K-CAM-3-Flying-62-Mantis-4278,0.1167461039624183,0
COD10K-CAM-3-Flying-62-Mantis-4279,0.045153236252888695,0
COD10K-CAM-3-Flying-62-Mantis-4281,0.18525580578298184,0
COD10K-CAM-3-Flying-62-Mantis-4283,0.11594767228905793,0
COD10K-CAM-3-Flying-62-Mantis-4285,0.09116163977944766,0
COD10K-CAM-3-Flying-62-Mantis-4287,0.03971715342581947,0
COD10K-CAM-3-Flying-62-Mantis-4288,0.04256604638857042,0
COD10K-CAM-3-Flying-62-Mantis-4296,0.01690474019605738,0
COD10K-CAM-3-Flying-62-Mantis-4297,0.08281112870359732,0
COD10K-CAM-3-Flying-62-Mantis-4301,0.04396281229365831,0
COD10K-CAM-3-Flying-62-Mantis-4302,0.039250092155886256,0
COD10K-CAM-3-Flying-62-Mantis-4307,0.14560494498810556,0
COD10K-CAM-3-Flying-62-Mantis-4308,0.07156957455944139,0
COD10K-CAM-3-Flying-62-Mantis-4310,0.02237336563926449,0
COD10K-CAM-3-Flying-62-Mantis-4313,0.07817469021832744,0
COD10K-CAM-3-Flying-62-Mantis-4314,0.14565785227258224,0
COD10K-CAM-3-Flying-62-Mantis-4315,0.03322793973584731,0
COD10K-CAM-3-Flying-62-Mantis-4316,0.09818711318416873,0
COD10K-CAM-3-Flying-62-Mantis-4319,0.06394662344256882,0
COD10K-CAM-3-Flying-62-Mantis-4321,0.05256641959492436,0
COD10K-CAM-3-Flying-62-Mantis-4325,0.047622156862745096,0
COD10K-CAM-3-Flying-62-Mantis-4328,0.10224999985768428,0
COD10K-CAM-3-Flying-62-Mantis-4330,0.049564479059712965,0
COD10K-CAM-3-Flying-62-Mantis-4339,0.06788037689515097,0
COD10K-CAM-3-Flying-62-Mantis-4341,0.11838733597422887,0
COD10K-CAM-3-Flying-62-Mantis-4342,0.081260297189351,0
COD10K-CAM-3-Flying-62-Mantis-4344,0.09198976392542997,0
COD10K-CAM-3-Flying-62-Mantis-4346,0.06500612851922498,0
COD10K-CAM-3-Flying-62-Mantis-4347,0.1252301891041438,0
COD10K-CAM-3-Flying-62-Mantis-4349,0.03565922279913428,0
COD10K-CAM-3-Flying-62-Mantis-4350,0.22862508935866013,0
COD10K-CAM-3-Flying-62-Mantis-4355,0.04419882780586193,0
COD10K-CAM-3-Flying-62-Mantis-4358,0.05440348442107469,0
COD10K-CAM-3-Flying-62-Mantis-4359,0.392157356411803,0
COD10K-CAM-3-Flying-62-Mantis-4360,0.03674967979813453,0
COD10K-CAM-3-Flying-62-Mantis-4361,0.028335675947882402,0
COD10K-CAM-3-Flying-62-Mantis-4362,0.03754077223935501,0
COD10K-CAM-3-Flying-62-Mantis-4363,0.4261978264009243,0
COD10K-CAM-3-Flying-62-Mantis-4364,0.13108608579829326,0
COD10K-CAM-3-Flying-62-Mantis-4372,0.13647995040310032,0
COD10K-CAM-3-Flying-62-Mantis-4373,0.07756988130900508,0
COD10K-CAM-3-Flying-62-Mantis-4375,0.09414464671588295,0
COD10K-CAM-3-Flying-62-Mantis-4376,0.030259388776126765,0
COD10K-CAM-3-Flying-62-Mantis-4378,0.06022925673221243,0
COD10K-CAM-3-Flying-62-Mantis-4380,0.040335046683629465,0
COD10K-CAM-3-Flying-62-Mantis-4382,0.0801522229728275,0
COD10K-CAM-3-Flying-62-Mantis-4384,0.032156781357921625,0
COD10K-CAM-3-Flying-62-Mantis-4386,0.03629468362377292,0
COD10K-CAM-3-Flying-63-Mockingbird-4387,0.01952191840277778,0
COD10K-CAM-3-Flying-63-Mockingbird-4389,0.04620047716798154,0
COD10K-CAM-3-Flying-63-Mockingbird-4392,0.07427372659590152,0
COD10K-CAM-3-Flying-63-Mockingbird-4403,0.013422380171888995,0
COD10K-CAM-3-Flying-63-Mockingbird-4405,0.03738092039456882,0
COD10K-CAM-3-Flying-63-Mockingbird-4406,0.01263849703356273,0
COD10K-CAM-3-Flying-63-Mockingbird-4407,0.010903466916551778,0
COD10K-CAM-3-Flying-63-Mockingbird-4408,0.042457616968822665,0
COD10K-CAM-3-Flying-63-Mockingbird-4409,0.0341415255020383,0
COD10K-CAM-3-Flying-63-Mockingbird-4410,0.023083891420417932,0
COD10K-CAM-3-Flying-63-Mockingbird-4414,0.03272402558584409,0
COD10K-CAM-3-Flying-63-Mockingbird-4417,0.01788539468679126,0
COD10K-CAM-3-Flying-63-Mockingbird-4426,0.005749200678607549,0
COD10K-CAM-3-Flying-63-Mockingbird-4427,0.07043666445249844,0
COD10K-CAM-3-Flying-64-Moth-4430,0.04344428650712834,0
COD10K-CAM-3-Flying-64-Moth-4431,0.04643877824214619,0
COD10K-CAM-3-Flying-64-Moth-4432,0.1180597791484758,0
COD10K-CAM-3-Flying-64-Moth-4433,0.015119014296787527,0
COD10K-CAM-3-Flying-64-Moth-4443,0.05976256715600725,0
COD10K-CAM-3-Flying-64-Moth-4444,0.016804197530864196,0
COD10K-CAM-3-Flying-64-Moth-4446,0.07707865139558752,0
COD10K-CAM-3-Flying-64-Moth-4447,0.017163632232768563,0
COD10K-CAM-3-Flying-64-Moth-4448,0.10455003631082065,0
COD10K-CAM-3-Flying-64-Moth-4450,0.043377249923406865,0
COD10K-CAM-3-Flying-64-Moth-4452,0.026147469414140305,0
COD10K-CAM-3-Flying-64-Moth-4453,0.027559759407045095,0
COD10K-CAM-3-Flying-64-Moth-4454,0.028824010501894756,0
COD10K-CAM-3-Flying-64-Moth-4455,0.019256444957819,0
COD10K-CAM-3-Flying-64-Moth-4457,0.04203231287937538,0
COD10K-CAM-3-Flying-64-Moth-4460,0.018106371970958192,0
COD10K-CAM-3-Flying-64-Moth-4461,0.006943645793801393,0
COD10K-CAM-3-Flying-64-Moth-4467,0.06655011968237588,0
COD10K-CAM-3-Flying-64-Moth-4469,0.021611121102420708,0
COD10K-CAM-3-Flying-64-Moth-4471,0.019040530996535156,0
COD10K-CAM-3-Flying-64-Moth-4473,0.02718723310151293,0
COD10K-CAM-3-Flying-64-Moth-4476,0.034140820582639765,0
COD10K-CAM-3-Flying-64-Moth-4479,0.03581428934128556,0
COD10K-CAM-3-Flying-64-Moth-4480,0.07970017728193428,0
COD10K-CAM-3-Flying-64-Moth-4481,0.04285058912888071,0
COD10K-CAM-3-Flying-64-Moth-4482,0.02229068546334012,0
COD10K-CAM-3-Flying-64-Moth-4483,0.010703195649599519,0
COD10K-CAM-3-Flying-64-Moth-4489,0.39499761585637183,0
COD10K-CAM-3-Flying-64-Moth-4491,0.02242130205556543,0
COD10K-CAM-3-Flying-64-Moth-4499,0.08423399797785147,0
COD10K-CAM-3-Flying-64-Moth-4503,0.071403453552645,0
COD10K-CAM-3-Flying-65-Owl-4510,0.035192580048818235,0
COD10K-CAM-3-Flying-65-Owl-4511,0.04783173362585127,0
COD10K-CAM-3-Flying-65-Owl-4514,0.20007253675407424,0
COD10K-CAM-3-Flying-65-Owl-4515,0.03405670699419389,0
COD10K-CAM-3-Flying-65-Owl-4517,0.021316575436571415,0
COD10K-CAM-3-Flying-65-Owl-4519,0.01783582221779634,0
COD10K-CAM-3-Flying-65-Owl-4520,0.04056982041993225,0
COD10K-CAM-3-Flying-65-Owl-4522,0.06433075980392158,0
COD10K-CAM-3-Flying-65-Owl-4527,0.13566598247204864,0
COD10K-CAM-3-Flying-65-Owl-4528,0.19308299488810898,0
COD10K-CAM-3-Flying-65-Owl-4529,0.013541969450664599,0
COD10K-CAM-3-Flying-65-Owl-4530,0.06356392310348798,0
COD10K-CAM-3-Flying-65-Owl-4531,0.025695713514010527,0
COD10K-CAM-3-Flying-65-Owl-4533,0.04680380651070824,0
COD10K-CAM-3-Flying-65-Owl-4534,0.03172046436982997,0
COD10K-CAM-3-Flying-65-Owl-4535,0.04632970952127385,0
COD10K-CAM-3-Flying-65-Owl-4536,0.02604139582813323,0
COD10K-CAM-3-Flying-65-Owl-4537,0.06400359034742929,0
COD10K-CAM-3-Flying-65-Owl-4540,0.05254997859343034,0
COD10K-CAM-3-Flying-65-Owl-4543,0.04850953479892257,0
COD10K-CAM-3-Flying-65-Owl-4550,0.057004465867995485,0
COD10K-CAM-3-Flying-65-Owl-4553,0.05001205557524215,0
COD10K-CAM-3-Flying-65-Owl-4555,0.009888934594816948,0
COD10K-CAM-3-Flying-65-Owl-4556,0.12635216005101227,0
COD10K-CAM-3-Flying-65-Owl-4558,0.012231071454799148,0
COD10K-CAM-3-Flying-65-Owl-4561,0.021972132352941178,0
COD10K-CAM-3-Flying-65-Owl-4563,0.058696567595742544,0
COD10K-CAM-3-Flying-65-Owl-4564,0.035836733760198705,0
COD10K-CAM-3-Flying-65-Owl-4565,0.08385071302734007,0
COD10K-CAM-3-Flying-65-Owl-4569,0.017870914234834556,0
COD10K-CAM-3-Flying-65-Owl-4573,0.00951188986232791,0
COD10K-CAM-3-Flying-65-Owl-4574,0.03255133046658213,0
COD10K-CAM-3-Flying-65-Owl-4575,0.014441853043300652,0
COD10K-CAM-3-Flying-65-Owl-4577,0.022089108052760584,0
COD10K-CAM-3-Flying-65-Owl-4578,0.004728900783881835,0
COD10K-CAM-3-Flying-65-Owl-4580,0.03062150163501718,0
COD10K-CAM-3-Flying-65-Owl-4584,0.08301544071138892,0
COD10K-CAM-3-Flying-65-Owl-4586,0.04362341787300857,0
COD10K-CAM-3-Flying-65-Owl-4587,0.036103807750012935,0
COD10K-CAM-3-Flying-65-Owl-4588,0.04342250420312753,0
COD10K-CAM-3-Flying-65-Owl-4591,0.09151755115479573,0
COD10K-CAM-3-Flying-65-Owl-4593,0.16978116398561904,0
COD10K-CAM-3-Flying-65-Owl-4597,0.015954932344139312,0
COD10K-CAM-3-Flying-65-Owl-4599,0.019362992255725818,0
COD10K-CAM-3-Flying-65-Owl-4604,0.016778973809074914,0
COD10K-CAM-3-Flying-65-Owl-4608,0.02670490942437822,0
COD10K-CAM-3-Flying-65-Owl-4609,0.012620576350572026,0
COD10K-CAM-3-Flying-65-Owl-4611,0.026547111561095793,0
COD10K-CAM-3-Flying-65-Owl-4613,0.05093117193617742,0
COD10K-CAM-3-Flying-65-Owl-4615,0.011436887254901962,0
COD10K-CAM-3-Flying-65-Owl-4618,0.07409485938277426,0
COD10K-CAM-3-Flying-65-Owl-4620,0.026306225545718983,0
COD10K-CAM-3-Flying-65-Owl-4626,0.053707678932318544,0
COD10K-CAM-3-Flying-65-Owl-4627,0.006010384405821027,0
COD10K-CAM-3-Flying-65-Owl-4632,0.06522943294659013,0
COD10K-CAM-3-Flying-65-Owl-4633,0.00978070030671108,1
COD10K-CAM-3-Flying-65-Owl-4635,0.01579321893929607,0
COD10K-CAM-3-Flying-65-Owl-4638,0.04624775041135335,0
COD10K-CAM-3-Flying-65-Owl-4640,0.043783157615702395,0
COD10K-CAM-3-Flying-65-Owl-4641,0.016386699170336257,0
COD10K-CAM-3-Flying-65-Owl-4644,0.027077972960329346,0
COD10K-CAM-3-Flying-65-Owl-4645,0.02572584279247413,0
COD10K-CAM-3-Flying-65-Owl-4646,0.07005281786488388,0
COD10K-CAM-3-Flying-65-Owl-4647,0.049796740438832636,0
COD10K-CAM-3-Flying-65-Owl-4648,0.04234781645643894,0
COD10K-CAM-3-Flying-65-Owl-4650,0.19771624048136827,0
COD10K-CAM-3-Flying-65-Owl-4654,0.018741819224944736,0
COD10K-CAM-3-Flying-65-Owl-4656,0.032987951335837366,0
COD10K-CAM-3-Flying-65-Owl-4659,0.062064455008437804,0
COD10K-CAM-3-Flying-65-Owl-4660,0.1307400724977033,0
COD10K-CAM-3-Flying-65-Owl-4662,0.02611208062101396,0
COD10K-CAM-3-Flying-66-Owlfly-4666,0.1633503912866391,0
COD10K-CAM-3-Flying-66-Owlfly-4668,0.07679136806299243,0
COD10K-CAM-3-Flying-66-Owlfly-4669,0.16035863694981128,0
COD10K-CAM-3-Flying-66-Owlfly-4674,0.04849834276225131,0
COD10K-CAM-3-Flying-66-Owlfly-4676,0.1410707875925331,0
COD10K-CAM-3-Flying-66-Owlfly-4677,0.1330635428895578,0
COD10K-CAM-4-Amphibian-67-Frog-4679,0.22029556452808832,0
COD10K-CAM-4-Amphibian-67-Frog-4694,0.025019409580948438,0
COD10K-CAM-4-Amphibian-67-Frog-4701,0.02485042512158067,0
COD10K-CAM-4-Amphibian-67-Frog-4702,0.09796853424468378,0
COD10K-CAM-4-Amphibian-67-Frog-4706,0.0965238081447447,0
COD10K-CAM-4-Amphibian-67-Frog-4707,0.21771849286932413,0
COD10K-CAM-4-Amphibian-67-Frog-4711,0.09284530384262049,0
COD10K-CAM-4-Amphibian-67-Frog-4714,0.010951325061274511,0
COD10K-CAM-4-Amphibian-67-Frog-4718,0.02211986164064391,0
COD10K-CAM-4-Amphibian-67-Frog-4719,0.017770589087575003,0
COD10K-CAM-4-Amphibian-67-Frog-4721,0.013764234823058354,0
COD10K-CAM-4-Amphibian-67-Frog-4728,0.011514662063535849,0
COD10K-CAM-4-Amphibian-67-Frog-4729,0.1333521665192976,0
COD10K-CAM-4-Amphibian-67-Frog-4732,0.024253246830958947,0
COD10K-CAM-4-Amphibian-67-Frog-4733,0.05987312951496388,0
COD10K-CAM-4-Amphibian-67-Frog-4738,0.03495151800624802,0
COD10K-CAM-4-Amphibian-67-Frog-4739,0.016356211770815365,0
COD10K-CAM-4-Amphibian-67-Frog-4740,0.06476716284658394,0
COD10K-CAM-4-Amphibian-67-Frog-4742,0.08640304585375817,0
COD10K-CAM-4-Amphibian-67-Frog-4748,0.12026331124897875,0
COD10K-CAM-4-Amphibian-67-Frog-4751,0.046606838829706204,0
COD10K-CAM-4-Amphibian-67-Frog-4752,0.03520369551329303,0
COD10K-CAM-4-Amphibian-67-Frog-4754,0.07069437374308697,0
COD10K-CAM-4-Amphibian-67-Frog-4755,0.1098543945880239,0
COD10K-CAM-4-Amphibian-67-Frog-4756,0.3054947580839499,0
COD10K-CAM-4-Amphibian-67-Frog-4759,0.04796808280196844,0
COD10K-CAM-4-Amphibian-67-Frog-4763,0.014153346413602044,0
COD10K-CAM-4-Amphibian-67-Frog-4764,0.017998215368687735,0
COD10K-CAM-4-Amphibian-67-Frog-4768,0.016080878762637866,0
COD10K-CAM-4-Amphibian-67-Frog-4773,0.17583180371343268,0
COD10K-CAM-4-Amphibian-67-Frog-4774,0.053158143633551515,0
COD10K-CAM-4-Amphibian-67-Frog-4775,0.2297298468567755,0
COD10K-CAM-4-Amphibian-67-Frog-4776,0.03918000453386483,0
COD10K-CAM-4-Amphibian-67-Frog-4777,0.01993036477411477,0
COD10K-CAM-4-Amphibian-67-Frog-4781,0.06891248095521993,0
COD10K-CAM-4-Amphibian-67-Frog-4782,0.06128442317629833,0
COD10K-CAM-4-Amphibian-67-Frog-4783,0.04858679466731545,0
COD10K-CAM-4-Amphibian-67-Frog-4784,0.0549553115153764,0
COD10K-CAM-4-Amphibian-67-Frog-4787,0.02872071718871164,0
COD10K-CAM-4-Amphibian-67-Frog-4793,0.09072498595431998,0
COD10K-CAM-4-Amphibian-67-Frog-4795,0.02408496993691327,0
COD10K-CAM-4-Amphibian-67-Frog-4796,0.07176998861474929,0
COD10K-CAM-4-Amphibian-67-Frog-4800,0.039645769069775925,0
COD10K-CAM-4-Amphibian-67-Frog-4803,0.0642103703032465,0
COD10K-CAM-4-Amphibian-68-Toad-4808,0.049200487495273594,0
COD10K-CAM-4-Amphibian-68-Toad-4809,0.10432107940863747,0
COD10K-CAM-4-Amphibian-68-Toad-4813,0.026064035813622044,0
COD10K-CAM-4-Amphibian-68-Toad-4818,0.1591869202986001,0
COD10K-CAM-4-Amphibian-68-Toad-4821,0.04758855534801769,0
COD10K-CAM-4-Amphibian-68-Toad-4826,0.23648602853413503,0
COD10K-CAM-4-Amphibian-68-Toad-4828,0.07050281519950637,0
COD10K-CAM-4-Amphibian-68-Toad-4831,0.037359799794734874,0
COD10K-CAM-4-Amphibian-68-Toad-4836,0.06200963437946793,0
COD10K-CAM-4-Amphibian-68-Toad-4838,0.11106350967307495,0
COD10K-CAM-4-Amphibian-68-Toad-4839,0.032981660933956304,0
COD10K-CAM-4-Amphibian-68-Toad-4841,0.011566631718353381,0
COD10K-CAM-4-Amphibian-68-Toad-4842,0.013618374494166155,0
COD10K-CAM-4-Amphibian-68-Toad-4850,0.05411188519148508,0
COD10K-CAM-4-Amphibian-68-Toad-4853,0.2523903940238205,0
COD10K-CAM-4-Amphibian-68-Toad-4856,0.03549216641726236,0
COD10K-CAM-4-Amphibian-68-Toad-4861,0.03239997414981618,0
COD10K-CAM-4-Amphibian-68-Toad-4863,0.007224478217725142,0
COD10K-CAM-4-Amphibian-68-Toad-4867,0.028659677290572158,0
COD10K-CAM-4-Amphibian-68-Toad-4872,0.08764713620166222,0
COD10K-CAM-4-Amphibian-68-Toad-4873,0.04740998367968938,0
COD10K-CAM-4-Amphibian-68-Toad-4876,0.02119783625344914,0
COD10K-CAM-4-Amphibian-68-Toad-4877,0.05521466936884563,0
COD10K-CAM-4-Amphibian-68-Toad-4881,0.05133168327268682,0
COD10K-CAM-4-Amphibian-68-Toad-4883,0.054275266693048746,0
COD10K-CAM-4-Amphibian-68-Toad-4886,0.028523219488804635,0
COD10K-CAM-4-Amphibian-68-Toad-4887,0.0756647078285031,0
COD10K-CAM-4-Amphibian-68-Toad-4891,0.030021891874425555,0
COD10K-CAM-4-Amphibian-68-Toad-4896,0.043860417631602755,0
COD10K-CAM-4-Amphibian-68-Toad-4899,0.02065542836452763,0
COD10K-CAM-4-Amphibian-68-Toad-4900,0.1265446142721532,0
COD10K-CAM-4-Amphibian-68-Toad-4903,0.24131716115277024,0
COD10K-CAM-4-Amphibian-68-Toad-4904,0.017374508368501136,0
COD10K-CAM-4-Amphibian-68-Toad-4905,0.016599911866455982,0
COD10K-CAM-4-Amphibian-68-Toad-4908,0.07036108561744611,0
COD10K-CAM-4-Amphibian-68-Toad-4909,0.05798046635646445,0
COD10K-CAM-4-Amphibian-68-Toad-4910,0.0282958702429353,0
COD10K-CAM-4-Amphibian-68-Toad-4912,0.052173533078121205,0
COD10K-CAM-4-Amphibian-68-Toad-4913,0.024607788354039317,0
COD10K-CAM-4-Amphibian-68-Toad-4914,0.0336154214842965,0
COD10K-CAM-4-Amphibian-68-Toad-4917,0.04198068731518962,0
COD10K-CAM-4-Amphibian-68-Toad-4921,0.2148600372394938,0
COD10K-CAM-4-Amphibian-68-Toad-4923,0.009230006598179635,0
COD10K-CAM-4-Amphibian-68-Toad-4926,0.055368633727362476,0
COD10K-CAM-4-Amphibian-68-Toad-4929,0.03576616448209719,0
COD10K-CAM-4-Amphibian-68-Toad-4936,0.015691343338213763,0
COD10K-CAM-4-Amphibian-68-Toad-4937,0.024397293753941632,0
COD10K-CAM-4-Amphibian-68-Toad-4938,0.029272248568168117,0
COD10K-CAM-4-Amphibian-68-Toad-4941,0.006251720306178026,0
COD10K-CAM-4-Amphibian-68-Toad-4945,0.01276840119283438,0
COD10K-CAM-4-Amphibian-68-Toad-4949,0.02995371093056463,0
COD10K-CAM-4-Amphibian-68-Toad-4950,0.18991014069201897,0
COD10K-CAM-4-Amphibian-68-Toad-4951,0.05944118337753781,0
COD10K-CAM-4-Amphibian-68-Toad-4955,0.04063200272671439,0
COD10K-CAM-4-Amphibian-68-Toad-4960,0.0568519518880922,0
COD10K-CAM-4-Amphibian-68-Toad-4962,0.041788454119999874,0
COD10K-CAM-4-Amphibian-68-Toad-4963,0.03131056178205227,0
COD10K-CAM-4-Amphibian-68-Toad-4964,0.2581191561370408,0
COD10K-CAM-4-Amphibian-68-Toad-4965,0.020317948166712115,0
COD10K-CAM-4-Amphibian-68-Toad-4968,0.022341644686031965,0
COD10K-CAM-4-Amphibian-68-Toad-4976,0.024921121098963148,0
COD10K-CAM-4-Amphibian-68-Toad-4977,0.024800762522249015,0
COD10K-CAM-4-Amphibian-68-Toad-4978,0.05725661633061428,0
COD10K-CAM-4-Amphibian-68-Toad-4990,0.04462237887912326,0
COD10K-CAM-4-Amphibian-68-Toad-4991,0.028759341769748262,0
COD10K-CAM-4-Amphibian-68-Toad-4995,0.06530702633817069,0
COD10K-CAM-4-Amphibian-68-Toad-4997,0.10343611055787615,0
COD10K-CAM-4-Amphibian-68-Toad-4998,0.017726722691744384,0
COD10K-CAM-4-Amphibian-68-Toad-4999,0.04430613798253677,0
COD10K-CAM-4-Amphibian-68-Toad-5002,0.06747886308657577,0
COD10K-CAM-4-Amphibian-68-Toad-5004,0.06237305638967542,0
COD10K-CAM-4-Amphibian-68-Toad-5005,0.02676000483979824,0
COD10K-CAM-4-Amphibian-68-Toad-5006,0.03358872602847874,0
COD10K-CAM-4-Amphibian-68-Toad-5008,0.053252332573714777,0
COD10K-CAM-4-Amphibian-68-Toad-5010,0.029264904151182814,0
COD10K-CAM-4-Amphibian-68-Toad-5011,0.05048952671147256,0
COD10K-CAM-4-Amphibian-68-Toad-5014,0.0380234612358941,0
COD10K-CAM-4-Amphibian-68-Toad-5020,0.19417192546370765,0
COD10K-CAM-4-Amphibian-68-Toad-5021,0.015817129675261523,0
COD10K-CAM-4-Amphibian-68-Toad-5022,0.05470925284938422,0
COD10K-CAM-5-Other-69-Other-5023,0.014073582594630357,0
COD10K-CAM-5-Other-69-Other-5027,0.014742911038091762,0
COD10K-CAM-5-Other-69-Other-5028,0.2754933060682327,0
COD10K-CAM-5-Other-69-Other-5029,0.08779793911558617,0
COD10K-CAM-5-Other-69-Other-5037,0.014042791004578989,0
COD10K-CAM-5-Other-69-Other-5040,0.022294692292654628,0
COD10K-CAM-5-Other-69-Other-5043,0.22688797036933367,0
COD10K-CAM-5-Other-69-Other-5046,0.07416709949767668,0
COD10K-CAM-5-Other-69-Other-5048,0.04828950888406929,0
COD10K-CAM-5-Other-69-Other-5049,0.03326501907914396,0
COD10K-CAM-5-Other-69-Other-5051,0.03260456036970863,0
COD10K-CAM-5-Other-69-Other-5059,0.01242531328050986,0
COD10K-CAM-5-Other-69-Other-5060,0.10927798933211422,0
COD10K-CAM-5-Other-69-Other-5062,0.05680599552687107,0
COD10K-CAM-5-Other-69-Other-5063,0.0160483593144432,0
