/home/ai-server/Public/lab/Diffusion_Inpaint/S2R-COD/MyTest.py:78: UserWarning: `nn.functional.upsample` is deprecated. Use `nn.functional.interpolate` instead.
  cam = F.upsample(cam, size=gt.shape, mode='bilinear', align_corners=True)
[ WARN:0@0.987] global loadsave.cpp:1089 imwrite_ Unsupported depth image for selected encoder is fallbacked to CV_8U.
[INFO] initialize weights from resnet50
[Eval-Test] Dataset: COD10K, Image: COD10K-CAM-1-Aquatic-1-BatFish-2.png (1/2026), MAE: 0.1606697291135788
[Eval-Test] Dataset: COD10K, Image: COD10K-CAM-1-Aquatic-1-BatFish-4.png (2/2026), MAE: 0.15381476283073425
[Eval-Test] Dataset: COD10K, Image: COD10K-CAM-1-Aquatic-1-BatFish-5.png (3/2026), MAE: 0.13075172901153564
[Eval-Test] Dataset: COD10K, Image: COD10K-CAM-1-Aquatic-1-BatFish-6.png (4/2026), MAE: 0.07176610082387924
[Eval-Test] Dataset: COD10K, Image: COD10K-CAM-1-Aquatic-10-LeafySeaDragon-416.png (5/2026), MAE: 0.13395124673843384
[Eval-Test] Dataset: COD10K, Image: COD10K-CAM-1-Aquatic-10-LeafySeaDragon-419.png (6/2026), MAE: 0.19082069396972656
[Eval-Test] Dataset: COD10K, Image: COD10K-CAM-1-Aquatic-10-LeafySeaDragon-422.png (7/2026), MAE: 0.22633305191993713
[Eval-Test] Dataset: COD10K, Image: COD10K-CAM-1-Aquatic-10-LeafySeaDragon-423.png (8/2026), MAE: 0.2813153862953186
[Eval-Test] Dataset: COD10K, Image: COD10K-CAM-1-Aquatic-10-LeafySeaDragon-429.png (9/2026), MAE: 0.34181439876556396
[Eval-Test] Dataset: COD10K, Image: COD10K-CAM-1-Aquatic-11-Octopus-430.png (10/2026), MAE: 0.06186972185969353
[Eval-Test] Dataset: COD10K, Image: COD10K-CAM-1-Aquatic-11-Octopus-436.png (11/2026), MAE: 0.3222509026527405
[Eval-Test] Dataset: COD10K, Image: COD10K-CAM-1-Aquatic-11-Octopus-437.png (12/2026), MAE: 0.16197656095027924
[Eval-Test] Dataset: COD10K, Image: COD10K-CAM-1-Aquatic-11-Octopus-441.png (13/2026), MAE: 0.0953688696026802
[Eval-Test] Dataset: COD10K, Image: COD10K-CAM-1-Aquatic-11-Octopus-444.png (14/2026), MAE: 0.059939902275800705
[Eval-Test] Dataset: COD10K, Image: COD10K-CAM-1-Aquatic-11-Octopus-445.png (15/2026), MAE: 0.05527496337890625
[Eval-Test] Dataset: COD10K, Image: COD10K-CAM-1-Aquatic-11-Octopus-447.png (16/2026), MAE: 0.10882582515478134
[Eval-Test] Dataset: COD10K, Image: COD10K-CAM-1-Aquatic-11-Octopus-451.png (17/2026), MAE: 0.08253353834152222
[Eval-Test] Dataset: COD10K, Image: COD10K-CAM-1-Aquatic-11-Octopus-452.png (18/2026), MAE: 0.038168035447597504
[Eval-Test] Dataset: COD10K, Image: COD10K-CAM-1-Aquatic-11-Octopus-453.png (19/2026), MAE: 0.08886200189590454
[Eval-Test] Dataset: COD10K, Image: COD10K-CAM-1-Aquatic-11-Octopus-454.png (20/2026), MAE: 0.09323298186063766
[Eval-Test] Dataset: COD10K, Image: COD10K-CAM-1-Aquatic-11-Octopus-458.png (21/2026), MAE: 0.08457601815462112
[Eval-Test] Dataset: COD10K, Image: COD10K-CAM-1-Aquatic-11-Octopus-462.png (22/2026), MAE: 0.12142709642648697
[Eval-Test] Dataset: COD10K, Image: COD10K-CAM-1-Aquatic-11-Octopus-463.png (23/2026), MAE: 0.18290629982948303
[Eval-Test] Dataset: COD10K, Image: COD10K-CAM-1-Aquatic-11-Octopus-464.png (24/2026), MAE: 0.07058125734329224
[Eval-Test] Dataset: COD10K, Image: COD10K-CAM-1-Aquatic-11-Octopus-465.png (25/2026), MAE: 0.11879317462444305
[Eval-Test] Dataset: COD10K, Image: COD10K-CAM-1-Aquatic-11-Octopus-466.png (26/2026), MAE: 0.01956360600888729
[Eval-Test] Dataset: COD10K, Image: COD10K-CAM-1-Aquatic-11-Octopus-468.png (27/2026), MAE: 0.05974636599421501
[Eval-Test] Dataset: COD10K, Image: COD10K-CAM-1-Aquatic-11-Octopus-471.png (28/2026), MAE: 0.04573054984211922
[Eval-Test] Dataset: COD10K, Image: COD10K-CAM-1-Aquatic-11-Octopus-472.png (29/2026), MAE: 0.18938104808330536
[Eval-Test] Dataset: COD10K, Image: COD10K-CAM-1-Aquatic-11-Octopus-473.png (30/2026), MAE: 0.09673893451690674
[Eval-Test] Dataset: COD10K, Image: COD10K-CAM-1-Aquatic-12-Pagurian-474.png (31/2026), MAE: 0.16799885034561157
[Eval-Test] Dataset: COD10K, Image: COD10K-CAM-1-Aquatic-12-Pagurian-481.png (32/2026), MAE: 0.2518351078033447
[Eval-Test] Dataset: COD10K, Image: COD10K-CAM-1-Aquatic-12-Pagurian-482.png (33/2026), MAE: 0.11088155210018158
[Eval-Test] Dataset: COD10K, Image: COD10K-CAM-1-Aquatic-12-Pagurian-483.png (34/2026), MAE: 0.09948455542325974
[Eval-Test] Dataset: COD10K, Image: COD10K-CAM-1-Aquatic-12-Pagurian-484.png (35/2026), MAE: 0.20834419131278992
[Eval-Test] Dataset: COD10K, Image: COD10K-CAM-1-Aquatic-12-Pagurian-486.png (36/2026), MAE: 0.024017859250307083
[Eval-Test] Dataset: COD10K, Image: COD10K-CAM-1-Aquatic-13-Pipefish-488.png (37/2026), MAE: 0.3028301000595093
[Eval-Test] Dataset: COD10K, Image: COD10K-CAM-1-Aquatic-13-Pipefish-490.png (38/2026), MAE: 0.33917656540870667
[Eval-Test] Dataset: COD10K, Image: COD10K-CAM-1-Aquatic-13-Pipefish-492.png (39/2026), MAE: 0.12983059883117676
[Eval-Test] Dataset: COD10K, Image: COD10K-CAM-1-Aquatic-13-Pipefish-496.png (40/2026), MAE: 0.037071943283081055
[Eval-Test] Dataset: COD10K, Image: COD10K-CAM-1-Aquatic-13-Pipefish-497.png (41/2026), MAE: 0.04229040443897247
[Eval-Test] Dataset: COD10K, Image: COD10K-CAM-1-Aquatic-13-Pipefish-500.png (42/2026), MAE: 0.09828685969114304
[Eval-Test] Dataset: COD10K, Image: COD10K-CAM-1-Aquatic-13-Pipefish-501.png (43/2026), MAE: 0.06033738702535629
[Eval-Test] Dataset: COD10K, Image: COD10K-CAM-1-Aquatic-13-Pipefish-502.png (44/2026), MAE: 0.12156136333942413
[Eval-Test] Dataset: COD10K, Image: COD10K-CAM-1-Aquatic-13-Pipefish-503.png (45/2026), MAE: 0.05936145782470703
[Eval-Test] Dataset: COD10K, Image: COD10K-CAM-1-Aquatic-13-Pipefish-508.png (46/2026), MAE: 0.1472456306219101
[Eval-Test] Dataset: COD10K, Image: COD10K-CAM-1-Aquatic-13-Pipefish-510.png (47/2026), MAE: 0.03272847458720207
[Eval-Test] Dataset: COD10K, Image: COD10K-CAM-1-Aquatic-13-Pipefish-515.png (48/2026), MAE: 0.11993126571178436
[Eval-Test] Dataset: COD10K, Image: COD10K-CAM-1-Aquatic-13-Pipefish-517.png (49/2026), MAE: 0.048096224665641785
[Eval-Test] Dataset: COD10K, Image: COD10K-CAM-1-Aquatic-13-Pipefish-518.png (50/2026), MAE: 0.047268033027648926
[Eval-Test] Dataset: COD10K, Image: COD10K-CAM-1-Aquatic-13-Pipefish-520.png (51/2026), MAE: 0.12087460607290268
[Eval-Test] Dataset: COD10K, Image: COD10K-CAM-1-Aquatic-13-Pipefish-521.png (52/2026), MAE: 0.08650343865156174
[Eval-Test] Dataset: COD10K, Image: COD10K-CAM-1-Aquatic-13-Pipefish-522.png (53/2026), MAE: 0.0855301171541214
[Eval-Test] Dataset: COD10K, Image: COD10K-CAM-1-Aquatic-13-Pipefish-527.png (54/2026), MAE: 0.06069910526275635
[Eval-Test] Dataset: COD10K, Image: COD10K-CAM-1-Aquatic-13-Pipefish-528.png (55/2026), MAE: 0.12549567222595215
[Eval-Test] Dataset: COD10K, Image: COD10K-CAM-1-Aquatic-13-Pipefish-529.png (56/2026), MAE: 0.04602236673235893
[Eval-Test] Dataset: COD10K, Image: COD10K-CAM-1-Aquatic-13-Pipefish-531.png (57/2026), MAE: 0.04322045296430588
[Eval-Test] Dataset: COD10K, Image: COD10K-CAM-1-Aquatic-13-Pipefish-532.png (58/2026), MAE: 0.10703413933515549
[Eval-Test] Dataset: COD10K, Image: COD10K-CAM-1-Aquatic-13-Pipefish-534.png (59/2026), MAE: 0.1303415596485138
[Eval-Test] Dataset: COD10K, Image: COD10K-CAM-1-Aquatic-13-Pipefish-535.png (60/2026), MAE: 0.05302992835640907
[Eval-Test] Dataset: COD10K, Image: COD10K-CAM-1-Aquatic-13-Pipefish-536.png (61/2026), MAE: 0.04031132906675339
[Eval-Test] Dataset: COD10K, Image: COD10K-CAM-1-Aquatic-13-Pipefish-537.png (62/2026), MAE: 0.04476947709918022
[Eval-Test] Dataset: COD10K, Image: COD10K-CAM-1-Aquatic-13-Pipefish-539.png (63/2026), MAE: 0.07234293222427368
[Eval-Test] Dataset: COD10K, Image: COD10K-CAM-1-Aquatic-13-Pipefish-542.png (64/2026), MAE: 0.05843719467520714
[Eval-Test] Dataset: COD10K, Image: COD10K-CAM-1-Aquatic-13-Pipefish-544.png (65/2026), MAE: 0.051351964473724365
[Eval-Test] Dataset: COD10K, Image: COD10K-CAM-1-Aquatic-13-Pipefish-546.png (66/2026), MAE: 0.0853653997182846
[Eval-Test] Dataset: COD10K, Image: COD10K-CAM-1-Aquatic-13-Pipefish-547.png (67/2026), MAE: 0.09150341153144836
[Eval-Test] Dataset: COD10K, Image: COD10K-CAM-1-Aquatic-13-Pipefish-549.png (68/2026), MAE: 0.08557131141424179
[Eval-Test] Dataset: COD10K, Image: COD10K-CAM-1-Aquatic-13-Pipefish-554.png (69/2026), MAE: 0.14663885533809662
[Eval-Test] Dataset: COD10K, Image: COD10K-CAM-1-Aquatic-13-Pipefish-556.png (70/2026), MAE: 0.054407328367233276
[Eval-Test] Dataset: COD10K, Image: COD10K-CAM-1-Aquatic-13-Pipefish-557.png (71/2026), MAE: 0.03027958795428276
[Eval-Test] Dataset: COD10K, Image: COD10K-CAM-1-Aquatic-13-Pipefish-559.png (72/2026), MAE: 0.28568097949028015
[Eval-Test] Dataset: COD10K, Image: COD10K-CAM-1-Aquatic-13-Pipefish-560.png (73/2026), MAE: 0.08262619376182556
[Eval-Test] Dataset: COD10K, Image: COD10K-CAM-1-Aquatic-13-Pipefish-563.png (74/2026), MAE: 0.15869548916816711
[Eval-Test] Dataset: COD10K, Image: COD10K-CAM-1-Aquatic-13-Pipefish-566.png (75/2026), MAE: 0.09757182002067566
[Eval-Test] Dataset: COD10K, Image: COD10K-CAM-1-Aquatic-13-Pipefish-567.png (76/2026), MAE: 0.3050652742385864
[Eval-Test] Dataset: COD10K, Image: COD10K-CAM-1-Aquatic-13-Pipefish-568.png (77/2026), MAE: 0.20655511319637299
[Eval-Test] Dataset: COD10K, Image: COD10K-CAM-1-Aquatic-13-Pipefish-570.png (78/2026), MAE: 0.019403377547860146
[Eval-Test] Dataset: COD10K, Image: COD10K-CAM-1-Aquatic-13-Pipefish-571.png (79/2026), MAE: 0.09486623853445053
[Eval-Test] Dataset: COD10K, Image: COD10K-CAM-1-Aquatic-13-Pipefish-573.png (80/2026), MAE: 0.042540550231933594
[Eval-Test] Dataset: COD10K, Image: COD10K-CAM-1-Aquatic-13-Pipefish-576.png (81/2026), MAE: 0.07833747565746307
[Eval-Test] Dataset: COD10K, Image: COD10K-CAM-1-Aquatic-13-Pipefish-577.png (82/2026), MAE: 0.18351013958454132
[Eval-Test] Dataset: COD10K, Image: COD10K-CAM-1-Aquatic-13-Pipefish-579.png (83/2026), MAE: 0.12053527683019638
[Eval-Test] Dataset: COD10K, Image: COD10K-CAM-1-Aquatic-13-Pipefish-580.png (84/2026), MAE: 0.10515031218528748
[Eval-Test] Dataset: COD10K, Image: COD10K-CAM-1-Aquatic-13-Pipefish-582.png (85/2026), MAE: 0.04907462000846863
[Eval-Test] Dataset: COD10K, Image: COD10K-CAM-1-Aquatic-13-Pipefish-583.png (86/2026), MAE: 0.08669157326221466
[Eval-Test] Dataset: COD10K, Image: COD10K-CAM-1-Aquatic-13-Pipefish-585.png (87/2026), MAE: 0.05033647641539574
[Eval-Test] Dataset: COD10K, Image: COD10K-CAM-1-Aquatic-13-Pipefish-588.png (88/2026), MAE: 0.05445411801338196
[Eval-Test] Dataset: COD10K, Image: COD10K-CAM-1-Aquatic-13-Pipefish-590.png (89/2026), MAE: 0.07638785988092422
[Eval-Test] Dataset: COD10K, Image: COD10K-CAM-1-Aquatic-13-Pipefish-591.png (90/2026), MAE: 0.098605677485466
[Eval-Test] Dataset: COD10K, Image: COD10K-CAM-1-Aquatic-13-Pipefish-597.png (91/2026), MAE: 0.033821798861026764
[Eval-Test] Dataset: COD10K, Image: COD10K-CAM-1-Aquatic-13-Pipefish-599.png (92/2026), MAE: 0.09876707196235657
[Eval-Test] Dataset: COD10K, Image: COD10K-CAM-1-Aquatic-13-Pipefish-600.png (93/2026), MAE: 0.05007703974843025
[Eval-Test] Dataset: COD10K, Image: COD10K-CAM-1-Aquatic-13-Pipefish-602.png (94/2026), MAE: 0.19397267699241638
[Eval-Test] Dataset: COD10K, Image: COD10K-CAM-1-Aquatic-13-Pipefish-608.png (95/2026), MAE: 0.08669508993625641
[Eval-Test] Dataset: COD10K, Image: COD10K-CAM-1-Aquatic-13-Pipefish-609.png (96/2026), MAE: 0.03775917366147041
[Eval-Test] Dataset: COD10K, Image: COD10K-CAM-1-Aquatic-13-Pipefish-614.png (97/2026), MAE: 0.0626959353685379
[Eval-Test] Dataset: COD10K, Image: COD10K-CAM-1-Aquatic-13-Pipefish-616.png (98/2026), MAE: 0.30032670497894287
[Eval-Test] Dataset: COD10K, Image: COD10K-CAM-1-Aquatic-13-Pipefish-620.png (99/2026), MAE: 0.23232188820838928
[Eval-Test] Dataset: COD10K, Image: COD10K-CAM-1-Aquatic-13-Pipefish-621.png (100/2026), MAE: 0.07886660099029541
[Eval-Test] Dataset: COD10K, Image: COD10K-CAM-1-Aquatic-13-Pipefish-622.png (101/2026), MAE: 0.04254182428121567
[Eval-Test] Dataset: COD10K, Image: COD10K-CAM-1-Aquatic-13-Pipefish-623.png (102/2026), MAE: 0.05621170997619629
[Eval-Test] Dataset: COD10K, Image: COD10K-CAM-1-Aquatic-13-Pipefish-625.png (103/2026), MAE: 0.11563275754451752
[Eval-Test] Dataset: COD10K, Image: COD10K-CAM-1-Aquatic-13-Pipefish-629.png (104/2026), MAE: 0.057639967650175095
[Eval-Test] Dataset: COD10K, Image: COD10K-CAM-1-Aquatic-13-Pipefish-630.png (105/2026), MAE: 0.050332870334386826
[Eval-Test] Dataset: COD10K, Image: COD10K-CAM-1-Aquatic-13-Pipefish-631.png (106/2026), MAE: 0.07304804772138596
[Eval-Test] Dataset: COD10K, Image: COD10K-CAM-1-Aquatic-13-Pipefish-635.png (107/2026), MAE: 0.07200930267572403
[Eval-Test] Dataset: COD10K, Image: COD10K-CAM-1-Aquatic-13-Pipefish-636.png (108/2026), MAE: 0.08083502948284149
[Eval-Test] Dataset: COD10K, Image: COD10K-CAM-1-Aquatic-13-Pipefish-637.png (109/2026), MAE: 0.06799514591693878
[Eval-Test] Dataset: COD10K, Image: COD10K-CAM-1-Aquatic-13-Pipefish-639.png (110/2026), MAE: 0.142541766166687
[Eval-Test] Dataset: COD10K, Image: COD10K-CAM-1-Aquatic-13-Pipefish-640.png (111/2026), MAE: 0.039001237601041794
[Eval-Test] Dataset: COD10K, Image: COD10K-CAM-1-Aquatic-13-Pipefish-642.png (112/2026), MAE: 0.03222517669200897
[Eval-Test] Dataset: COD10K, Image: COD10K-CAM-1-Aquatic-13-Pipefish-644.png (113/2026), MAE: 0.08428683876991272
[Eval-Test] Dataset: COD10K, Image: COD10K-CAM-1-Aquatic-13-Pipefish-649.png (114/2026), MAE: 0.03345264494419098
[Eval-Test] Dataset: COD10K, Image: COD10K-CAM-1-Aquatic-13-Pipefish-652.png (115/2026), MAE: 0.2128366082906723
[Eval-Test] Dataset: COD10K, Image: COD10K-CAM-1-Aquatic-13-Pipefish-655.png (116/2026), MAE: 0.06380333751440048
[Eval-Test] Dataset: COD10K, Image: COD10K-CAM-1-Aquatic-13-Pipefish-661.png (117/2026), MAE: 0.06636080145835876
[Eval-Test] Dataset: COD10K, Image: COD10K-CAM-1-Aquatic-13-Pipefish-662.png (118/2026), MAE: 0.06637823581695557
[Eval-Test] Dataset: COD10K, Image: COD10K-CAM-1-Aquatic-13-Pipefish-664.png (119/2026), MAE: 0.0736953392624855
[Eval-Test] Dataset: COD10K, Image: COD10K-CAM-1-Aquatic-13-Pipefish-667.png (120/2026), MAE: 0.04228036478161812
[Eval-Test] Dataset: COD10K, Image: COD10K-CAM-1-Aquatic-13-Pipefish-668.png (121/2026), MAE: 0.06562398374080658
[Eval-Test] Dataset: COD10K, Image: COD10K-CAM-1-Aquatic-13-Pipefish-669.png (122/2026), MAE: 0.12007945030927658
[Eval-Test] Dataset: COD10K, Image: COD10K-CAM-1-Aquatic-13-Pipefish-676.png (123/2026), MAE: 0.0415925458073616
[Eval-Test] Dataset: COD10K, Image: COD10K-CAM-1-Aquatic-13-Pipefish-679.png (124/2026), MAE: 0.08583014458417892
[Eval-Test] Dataset: COD10K, Image: COD10K-CAM-1-Aquatic-13-Pipefish-681.png (125/2026), MAE: 0.08260320127010345
[Eval-Test] Dataset: COD10K, Image: COD10K-CAM-1-Aquatic-13-Pipefish-683.png (126/2026), MAE: 0.048182565718889236
[Eval-Test] Dataset: COD10K, Image: COD10K-CAM-1-Aquatic-13-Pipefish-684.png (127/2026), MAE: 0.1122957393527031
[Eval-Test] Dataset: COD10K, Image: COD10K-CAM-1-Aquatic-13-Pipefish-685.png (128/2026), MAE: 0.08737239241600037
[Eval-Test] Dataset: COD10K, Image: COD10K-CAM-1-Aquatic-13-Pipefish-686.png (129/2026), MAE: 0.06220043823122978
[Eval-Test] Dataset: COD10K, Image: COD10K-CAM-1-Aquatic-13-Pipefish-688.png (130/2026), MAE: 0.09597687423229218
[Eval-Test] Dataset: COD10K, Image: COD10K-CAM-1-Aquatic-13-Pipefish-689.png (131/2026), MAE: 0.035008061677217484
[Eval-Test] Dataset: COD10K, Image: COD10K-CAM-1-Aquatic-13-Pipefish-691.png (132/2026), MAE: 0.04829298332333565
[Eval-Test] Dataset: COD10K, Image: COD10K-CAM-1-Aquatic-13-Pipefish-693.png (133/2026), MAE: 0.025995520874857903
[Eval-Test] Dataset: COD10K, Image: COD10K-CAM-1-Aquatic-13-Pipefish-696.png (134/2026), MAE: 0.09585708379745483
[Eval-Test] Dataset: COD10K, Image: COD10K-CAM-1-Aquatic-13-Pipefish-705.png (135/2026), MAE: 0.0657244473695755
[Eval-Test] Dataset: COD10K, Image: COD10K-CAM-1-Aquatic-13-Pipefish-707.png (136/2026), MAE: 0.10784478485584259
[Eval-Test] Dataset: COD10K, Image: COD10K-CAM-1-Aquatic-13-Pipefish-709.png (137/2026), MAE: 0.03797661513090134
[Eval-Test] Dataset: COD10K, Image: COD10K-CAM-1-Aquatic-13-Pipefish-713.png (138/2026), MAE: 0.28315097093582153
[Eval-Test] Dataset: COD10K, Image: COD10K-CAM-1-Aquatic-13-Pipefish-717.png (139/2026), MAE: 0.0449230931699276
[Eval-Test] Dataset: COD10K, Image: COD10K-CAM-1-Aquatic-13-Pipefish-721.png (140/2026), MAE: 0.05775868147611618
[Eval-Test] Dataset: COD10K, Image: COD10K-CAM-1-Aquatic-13-Pipefish-726.png (141/2026), MAE: 0.09286494553089142
[Eval-Test] Dataset: COD10K, Image: COD10K-CAM-1-Aquatic-13-Pipefish-728.png (142/2026), MAE: 0.021926522254943848
[Eval-Test] Dataset: COD10K, Image: COD10K-CAM-1-Aquatic-13-Pipefish-729.png (143/2026), MAE: 0.057282108813524246
[Eval-Test] Dataset: COD10K, Image: COD10K-CAM-1-Aquatic-13-Pipefish-730.png (144/2026), MAE: 0.06322094053030014
[Eval-Test] Dataset: COD10K, Image: COD10K-CAM-1-Aquatic-13-Pipefish-732.png (145/2026), MAE: 0.0333053357899189
[Eval-Test] Dataset: COD10K, Image: COD10K-CAM-1-Aquatic-13-Pipefish-736.png (146/2026), MAE: 0.25087279081344604
[Eval-Test] Dataset: COD10K, Image: COD10K-CAM-1-Aquatic-13-Pipefish-748.png (147/2026), MAE: 0.10288619995117188
[Eval-Test] Dataset: COD10K, Image: COD10K-CAM-1-Aquatic-13-Pipefish-749.png (148/2026), MAE: 0.3713170289993286
[Eval-Test] Dataset: COD10K, Image: COD10K-CAM-1-Aquatic-13-Pipefish-750.png (149/2026), MAE: 0.16513705253601074
[Eval-Test] Dataset: COD10K, Image: COD10K-CAM-1-Aquatic-13-Pipefish-752.png (150/2026), MAE: 0.13002295792102814
[Eval-Test] Dataset: COD10K, Image: COD10K-CAM-1-Aquatic-13-Pipefish-759.png (151/2026), MAE: 0.033285804092884064
[Eval-Test] Dataset: COD10K, Image: COD10K-CAM-1-Aquatic-13-Pipefish-769.png (152/2026), MAE: 0.14317257702350616
[Eval-Test] Dataset: COD10K, Image: COD10K-CAM-1-Aquatic-13-Pipefish-772.png (153/2026), MAE: 0.10776074975728989
[Eval-Test] Dataset: COD10K, Image: COD10K-CAM-1-Aquatic-13-Pipefish-774.png (154/2026), MAE: 0.07269884645938873
[Eval-Test] Dataset: COD10K, Image: COD10K-CAM-1-Aquatic-13-Pipefish-776.png (155/2026), MAE: 0.16971413791179657
[Eval-Test] Dataset: COD10K, Image: COD10K-CAM-1-Aquatic-13-Pipefish-777.png (156/2026), MAE: 0.15108178555965424
[Eval-Test] Dataset: COD10K, Image: COD10K-CAM-1-Aquatic-13-Pipefish-781.png (157/2026), MAE: 0.09119334816932678
[Eval-Test] Dataset: COD10K, Image: COD10K-CAM-1-Aquatic-13-Pipefish-788.png (158/2026), MAE: 0.1438828408718109
[Eval-Test] Dataset: COD10K, Image: COD10K-CAM-1-Aquatic-13-Pipefish-789.png (159/2026), MAE: 0.14294837415218353
[Eval-Test] Dataset: COD10K, Image: COD10K-CAM-1-Aquatic-13-Pipefish-795.png (160/2026), MAE: 0.09172546118497849
[Eval-Test] Dataset: COD10K, Image: COD10K-CAM-1-Aquatic-13-Pipefish-800.png (161/2026), MAE: 0.18718698620796204
[Eval-Test] Dataset: COD10K, Image: COD10K-CAM-1-Aquatic-13-Pipefish-804.png (162/2026), MAE: 0.04537619650363922
[Eval-Test] Dataset: COD10K, Image: COD10K-CAM-1-Aquatic-13-Pipefish-807.png (163/2026), MAE: 0.09634289890527725
[Eval-Test] Dataset: COD10K, Image: COD10K-CAM-1-Aquatic-13-Pipefish-810.png (164/2026), MAE: 0.1100025326013565
[Eval-Test] Dataset: COD10K, Image: COD10K-CAM-1-Aquatic-13-Pipefish-813.png (165/2026), MAE: 0.0443962961435318
[Eval-Test] Dataset: COD10K, Image: COD10K-CAM-1-Aquatic-13-Pipefish-818.png (166/2026), MAE: 0.7154965400695801
[Eval-Test] Dataset: COD10K, Image: COD10K-CAM-1-Aquatic-13-Pipefish-826.png (167/2026), MAE: 0.0393214151263237
[Eval-Test] Dataset: COD10K, Image: COD10K-CAM-1-Aquatic-13-Pipefish-830.png (168/2026), MAE: 0.30146077275276184
[Eval-Test] Dataset: COD10K, Image: COD10K-CAM-1-Aquatic-13-Pipefish-832.png (169/2026), MAE: 0.08266165107488632
[Eval-Test] Dataset: COD10K, Image: COD10K-CAM-1-Aquatic-13-Pipefish-833.png (170/2026), MAE: 0.2034078985452652
[Eval-Test] Dataset: COD10K, Image: COD10K-CAM-1-Aquatic-13-Pipefish-835.png (171/2026), MAE: 0.034587010741233826
[Eval-Test] Dataset: COD10K, Image: COD10K-CAM-1-Aquatic-13-Pipefish-836.png (172/2026), MAE: 0.09446071833372116
[Eval-Test] Dataset: COD10K, Image: COD10K-CAM-1-Aquatic-13-Pipefish-837.png (173/2026), MAE: 0.11385108530521393
[Eval-Test] Dataset: COD10K, Image: COD10K-CAM-1-Aquatic-13-Pipefish-841.png (174/2026), MAE: 0.10801422595977783
[Eval-Test] Dataset: COD10K, Image: COD10K-CAM-1-Aquatic-13-Pipefish-842.png (175/2026), MAE: 0.03927380219101906
[Eval-Test] Dataset: COD10K, Image: COD10K-CAM-1-Aquatic-13-Pipefish-843.png (176/2026), MAE: 0.03814665600657463
[Eval-Test] Dataset: COD10K, Image: COD10K-CAM-1-Aquatic-13-Pipefish-844.png (177/2026), MAE: 0.0835401862859726
[Eval-Test] Dataset: COD10K, Image: COD10K-CAM-1-Aquatic-14-ScorpionFish-845.png (178/2026), MAE: 0.6280314922332764
[Eval-Test] Dataset: COD10K, Image: COD10K-CAM-1-Aquatic-14-ScorpionFish-848.png (179/2026), MAE: 0.09186320751905441
[Eval-Test] Dataset: COD10K, Image: COD10K-CAM-1-Aquatic-14-ScorpionFish-850.png (180/2026), MAE: 0.03667173534631729
[Eval-Test] Dataset: COD10K, Image: COD10K-CAM-1-Aquatic-14-ScorpionFish-853.png (181/2026), MAE: 0.26939287781715393
[Eval-Test] Dataset: COD10K, Image: COD10K-CAM-1-Aquatic-14-ScorpionFish-854.png (182/2026), MAE: 0.13149739801883698
[Eval-Test] Dataset: COD10K, Image: COD10K-CAM-1-Aquatic-14-ScorpionFish-855.png (183/2026), MAE: 0.26372823119163513
[Eval-Test] Dataset: COD10K, Image: COD10K-CAM-1-Aquatic-14-ScorpionFish-858.png (184/2026), MAE: 0.13905802369117737
[Eval-Test] Dataset: COD10K, Image: COD10K-CAM-1-Aquatic-14-ScorpionFish-862.png (185/2026), MAE: 0.1993647813796997
[Eval-Test] Dataset: COD10K, Image: COD10K-CAM-1-Aquatic-14-ScorpionFish-863.png (186/2026), MAE: 0.47071319818496704
[Eval-Test] Dataset: COD10K, Image: COD10K-CAM-1-Aquatic-14-ScorpionFish-865.png (187/2026), MAE: 0.09319271147251129
[Eval-Test] Dataset: COD10K, Image: COD10K-CAM-1-Aquatic-14-ScorpionFish-867.png (188/2026), MAE: 0.43082764744758606
[Eval-Test] Dataset: COD10K, Image: COD10K-CAM-1-Aquatic-14-ScorpionFish-868.png (189/2026), MAE: 0.34549298882484436
[Eval-Test] Dataset: COD10K, Image: COD10K-CAM-1-Aquatic-14-ScorpionFish-869.png (190/2026), MAE: 0.3691768944263458
[Eval-Test] Dataset: COD10K, Image: COD10K-CAM-1-Aquatic-14-ScorpionFish-872.png (191/2026), MAE: 0.07105544209480286
[Eval-Test] Dataset: COD10K, Image: COD10K-CAM-1-Aquatic-14-ScorpionFish-873.png (192/2026), MAE: 0.2980995178222656
[Eval-Test] Dataset: COD10K, Image: COD10K-CAM-1-Aquatic-14-ScorpionFish-874.png (193/2026), MAE: 0.0628327876329422
[Eval-Test] Dataset: COD10K, Image: COD10K-CAM-1-Aquatic-14-ScorpionFish-879.png (194/2026), MAE: 0.10099852085113525
[Eval-Test] Dataset: COD10K, Image: COD10K-CAM-1-Aquatic-14-ScorpionFish-881.png (195/2026), MAE: 0.08952250331640244
[Eval-Test] Dataset: COD10K, Image: COD10K-CAM-1-Aquatic-14-ScorpionFish-883.png (196/2026), MAE: 0.01595068722963333
[Eval-Test] Dataset: COD10K, Image: COD10K-CAM-1-Aquatic-14-ScorpionFish-884.png (197/2026), MAE: 0.4270176589488983
[Eval-Test] Dataset: COD10K, Image: COD10K-CAM-1-Aquatic-14-ScorpionFish-889.png (198/2026), MAE: 0.20548634231090546
[Eval-Test] Dataset: COD10K, Image: COD10K-CAM-1-Aquatic-14-ScorpionFish-891.png (199/2026), MAE: 0.15132224559783936
[Eval-Test] Dataset: COD10K, Image: COD10K-CAM-1-Aquatic-14-ScorpionFish-892.png (200/2026), MAE: 0.13071265816688538
[Eval-Test] Dataset: COD10K, Image: COD10K-CAM-1-Aquatic-14-ScorpionFish-896.png (201/2026), MAE: 0.20827747881412506
[Eval-Test] Dataset: COD10K, Image: COD10K-CAM-1-Aquatic-14-ScorpionFish-897.png (202/2026), MAE: 0.06989727914333344
[Eval-Test] Dataset: COD10K, Image: COD10K-CAM-1-Aquatic-14-ScorpionFish-898.png (203/2026), MAE: 0.1444939374923706
[Eval-Test] Dataset: COD10K, Image: COD10K-CAM-1-Aquatic-14-ScorpionFish-899.png (204/2026), MAE: 0.1279216855764389
[Eval-Test] Dataset: COD10K, Image: COD10K-CAM-1-Aquatic-14-ScorpionFish-900.png (205/2026), MAE: 0.19499799609184265
[Eval-Test] Dataset: COD10K, Image: COD10K-CAM-1-Aquatic-14-ScorpionFish-901.png (206/2026), MAE: 0.2121984362602234
[Eval-Test] Dataset: COD10K, Image: COD10K-CAM-1-Aquatic-14-ScorpionFish-906.png (207/2026), MAE: 0.1486297845840454
[Eval-Test] Dataset: COD10K, Image: COD10K-CAM-1-Aquatic-14-ScorpionFish-907.png (208/2026), MAE: 0.15058781206607819
[Eval-Test] Dataset: COD10K, Image: COD10K-CAM-1-Aquatic-14-ScorpionFish-911.png (209/2026), MAE: 0.21813003718852997
[Eval-Test] Dataset: COD10K, Image: COD10K-CAM-1-Aquatic-14-ScorpionFish-915.png (210/2026), MAE: 0.337087482213974
[Eval-Test] Dataset: COD10K, Image: COD10K-CAM-1-Aquatic-14-ScorpionFish-918.png (211/2026), MAE: 0.08153525739908218
[Eval-Test] Dataset: COD10K, Image: COD10K-CAM-1-Aquatic-14-ScorpionFish-919.png (212/2026), MAE: 0.17902888357639313
[Eval-Test] Dataset: COD10K, Image: COD10K-CAM-1-Aquatic-14-ScorpionFish-926.png (213/2026), MAE: 0.3174515664577484
[Eval-Test] Dataset: COD10K, Image: COD10K-CAM-1-Aquatic-14-ScorpionFish-928.png (214/2026), MAE: 0.24758756160736084
[Eval-Test] Dataset: COD10K, Image: COD10K-CAM-1-Aquatic-14-ScorpionFish-930.png (215/2026), MAE: 0.26044270396232605
[Eval-Test] Dataset: COD10K, Image: COD10K-CAM-1-Aquatic-14-ScorpionFish-934.png (216/2026), MAE: 0.1507381796836853
[Eval-Test] Dataset: COD10K, Image: COD10K-CAM-1-Aquatic-14-ScorpionFish-935.png (217/2026), MAE: 0.17049817740917206
[Eval-Test] Dataset: COD10K, Image: COD10K-CAM-1-Aquatic-14-ScorpionFish-936.png (218/2026), MAE: 0.3364143669605255
[Eval-Test] Dataset: COD10K, Image: COD10K-CAM-1-Aquatic-14-ScorpionFish-939.png (219/2026), MAE: 0.16741912066936493
[Eval-Test] Dataset: COD10K, Image: COD10K-CAM-1-Aquatic-14-ScorpionFish-940.png (220/2026), MAE: 0.29385095834732056
[Eval-Test] Dataset: COD10K, Image: COD10K-CAM-1-Aquatic-14-ScorpionFish-943.png (221/2026), MAE: 0.12235669046640396
[Eval-Test] Dataset: COD10K, Image: COD10K-CAM-1-Aquatic-14-ScorpionFish-945.png (222/2026), MAE: 0.15864062309265137
[Eval-Test] Dataset: COD10K, Image: COD10K-CAM-1-Aquatic-14-ScorpionFish-950.png (223/2026), MAE: 0.17957228422164917
[Eval-Test] Dataset: COD10K, Image: COD10K-CAM-1-Aquatic-14-ScorpionFish-954.png (224/2026), MAE: 0.4621277153491974
[Eval-Test] Dataset: COD10K, Image: COD10K-CAM-1-Aquatic-15-SeaHorse-1002.png (225/2026), MAE: 0.1723928451538086
[Eval-Test] Dataset: COD10K, Image: COD10K-CAM-1-Aquatic-15-SeaHorse-1003.png (226/2026), MAE: 0.10458806902170181
[Eval-Test] Dataset: COD10K, Image: COD10K-CAM-1-Aquatic-15-SeaHorse-1004.png (227/2026), MAE: 0.061160001903772354
[Eval-Test] Dataset: COD10K, Image: COD10K-CAM-1-Aquatic-15-SeaHorse-1006.png (228/2026), MAE: 0.048373375087976456
[Eval-Test] Dataset: COD10K, Image: COD10K-CAM-1-Aquatic-15-SeaHorse-1010.png (229/2026), MAE: 0.08568183332681656
[Eval-Test] Dataset: COD10K, Image: COD10K-CAM-1-Aquatic-15-SeaHorse-1012.png (230/2026), MAE: 0.08998320251703262
[Eval-Test] Dataset: COD10K, Image: COD10K-CAM-1-Aquatic-15-SeaHorse-1013.png (231/2026), MAE: 0.1435554474592209
[Eval-Test] Dataset: COD10K, Image: COD10K-CAM-1-Aquatic-15-SeaHorse-1014.png (232/2026), MAE: 0.29012244939804077
[Eval-Test] Dataset: COD10K, Image: COD10K-CAM-1-Aquatic-15-SeaHorse-1015.png (233/2026), MAE: 0.049286969006061554
[Eval-Test] Dataset: COD10K, Image: COD10K-CAM-1-Aquatic-15-SeaHorse-1022.png (234/2026), MAE: 0.0263648834079504
[Eval-Test] Dataset: COD10K, Image: COD10K-CAM-1-Aquatic-15-SeaHorse-1023.png (235/2026), MAE: 0.18370786309242249
[Eval-Test] Dataset: COD10K, Image: COD10K-CAM-1-Aquatic-15-SeaHorse-1032.png (236/2026), MAE: 0.13248370587825775
[Eval-Test] Dataset: COD10K, Image: COD10K-CAM-1-Aquatic-15-SeaHorse-1035.png (237/2026), MAE: 0.13285966217517853
[Eval-Test] Dataset: COD10K, Image: COD10K-CAM-1-Aquatic-15-SeaHorse-1043.png (238/2026), MAE: 0.06157578155398369
[Eval-Test] Dataset: COD10K, Image: COD10K-CAM-1-Aquatic-15-SeaHorse-1044.png (239/2026), MAE: 0.05179600045084953
[Eval-Test] Dataset: COD10K, Image: COD10K-CAM-1-Aquatic-15-SeaHorse-1047.png (240/2026), MAE: 0.03580125793814659
[Eval-Test] Dataset: COD10K, Image: COD10K-CAM-1-Aquatic-15-SeaHorse-1048.png (241/2026), MAE: 0.06873277574777603
[Eval-Test] Dataset: COD10K, Image: COD10K-CAM-1-Aquatic-15-SeaHorse-1052.png (242/2026), MAE: 0.020904449746012688
[Eval-Test] Dataset: COD10K, Image: COD10K-CAM-1-Aquatic-15-SeaHorse-1057.png (243/2026), MAE: 0.04507744312286377
[Eval-Test] Dataset: COD10K, Image: COD10K-CAM-1-Aquatic-15-SeaHorse-1063.png (244/2026), MAE: 0.07625903189182281
[Eval-Test] Dataset: COD10K, Image: COD10K-CAM-1-Aquatic-15-SeaHorse-1066.png (245/2026), MAE: 0.07273634523153305
[Eval-Test] Dataset: COD10K, Image: COD10K-CAM-1-Aquatic-15-SeaHorse-1067.png (246/2026), MAE: 0.06422623991966248
[Eval-Test] Dataset: COD10K, Image: COD10K-CAM-1-Aquatic-15-SeaHorse-1069.png (247/2026), MAE: 0.10354896634817123
[Eval-Test] Dataset: COD10K, Image: COD10K-CAM-1-Aquatic-15-SeaHorse-1070.png (248/2026), MAE: 0.06415195763111115
[Eval-Test] Dataset: COD10K, Image: COD10K-CAM-1-Aquatic-15-SeaHorse-1071.png (249/2026), MAE: 0.1927536576986313
[Eval-Test] Dataset: COD10K, Image: COD10K-CAM-1-Aquatic-15-SeaHorse-1074.png (250/2026), MAE: 0.04141877591609955
[Eval-Test] Dataset: COD10K, Image: COD10K-CAM-1-Aquatic-15-SeaHorse-1076.png (251/2026), MAE: 0.13961756229400635
[Eval-Test] Dataset: COD10K, Image: COD10K-CAM-1-Aquatic-15-SeaHorse-1078.png (252/2026), MAE: 0.09255090355873108
[Eval-Test] Dataset: COD10K, Image: COD10K-CAM-1-Aquatic-15-SeaHorse-1083.png (253/2026), MAE: 0.04929567873477936
[Eval-Test] Dataset: COD10K, Image: COD10K-CAM-1-Aquatic-15-SeaHorse-1085.png (254/2026), MAE: 0.1401863992214203
[Eval-Test] Dataset: COD10K, Image: COD10K-CAM-1-Aquatic-15-SeaHorse-1086.png (255/2026), MAE: 0.07514583319425583
[Eval-Test] Dataset: COD10K, Image: COD10K-CAM-1-Aquatic-15-SeaHorse-1088.png (256/2026), MAE: 0.026454200968146324
[Eval-Test] Dataset: COD10K, Image: COD10K-CAM-1-Aquatic-15-SeaHorse-1092.png (257/2026), MAE: 0.10279873758554459
[Eval-Test] Dataset: COD10K, Image: COD10K-CAM-1-Aquatic-15-SeaHorse-1096.png (258/2026), MAE: 0.10110083222389221
[Eval-Test] Dataset: COD10K, Image: COD10K-CAM-1-Aquatic-15-SeaHorse-1099.png (259/2026), MAE: 0.05655454471707344
[Eval-Test] Dataset: COD10K, Image: COD10K-CAM-1-Aquatic-15-SeaHorse-1105.png (260/2026), MAE: 0.24210582673549652
[Eval-Test] Dataset: COD10K, Image: COD10K-CAM-1-Aquatic-15-SeaHorse-1109.png (261/2026), MAE: 0.1109495609998703
[Eval-Test] Dataset: COD10K, Image: COD10K-CAM-1-Aquatic-15-SeaHorse-1110.png (262/2026), MAE: 0.20533204078674316
[Eval-Test] Dataset: COD10K, Image: COD10K-CAM-1-Aquatic-15-SeaHorse-962.png (263/2026), MAE: 0.12575972080230713
[Eval-Test] Dataset: COD10K, Image: COD10K-CAM-1-Aquatic-15-SeaHorse-963.png (264/2026), MAE: 0.17415481805801392
[Eval-Test] Dataset: COD10K, Image: COD10K-CAM-1-Aquatic-15-SeaHorse-966.png (265/2026), MAE: 0.09117189794778824
[Eval-Test] Dataset: COD10K, Image: COD10K-CAM-1-Aquatic-15-SeaHorse-972.png (266/2026), MAE: 0.25722774863243103
[Eval-Test] Dataset: COD10K, Image: COD10K-CAM-1-Aquatic-15-SeaHorse-977.png (267/2026), MAE: 0.10054566711187363
[Eval-Test] Dataset: COD10K, Image: COD10K-CAM-1-Aquatic-15-SeaHorse-978.png (268/2026), MAE: 0.047337789088487625
[Eval-Test] Dataset: COD10K, Image: COD10K-CAM-1-Aquatic-15-SeaHorse-980.png (269/2026), MAE: 0.09165788441896439
[Eval-Test] Dataset: COD10K, Image: COD10K-CAM-1-Aquatic-15-SeaHorse-981.png (270/2026), MAE: 0.04948883876204491
[Eval-Test] Dataset: COD10K, Image: COD10K-CAM-1-Aquatic-15-SeaHorse-983.png (271/2026), MAE: 0.06175514683127403
[Eval-Test] Dataset: COD10K, Image: COD10K-CAM-1-Aquatic-15-SeaHorse-984.png (272/2026), MAE: 0.055084966123104095
[Eval-Test] Dataset: COD10K, Image: COD10K-CAM-1-Aquatic-15-SeaHorse-986.png (273/2026), MAE: 0.05908561870455742
[Eval-Test] Dataset: COD10K, Image: COD10K-CAM-1-Aquatic-15-SeaHorse-989.png (274/2026), MAE: 0.09949610382318497
[Eval-Test] Dataset: COD10K, Image: COD10K-CAM-1-Aquatic-15-SeaHorse-990.png (275/2026), MAE: 0.1092572882771492
[Eval-Test] Dataset: COD10K, Image: COD10K-CAM-1-Aquatic-15-SeaHorse-992.png (276/2026), MAE: 0.23447853326797485
[Eval-Test] Dataset: COD10K, Image: COD10K-CAM-1-Aquatic-15-SeaHorse-996.png (277/2026), MAE: 0.09852410852909088
[Eval-Test] Dataset: COD10K, Image: COD10K-CAM-1-Aquatic-15-SeaHorse-997.png (278/2026), MAE: 0.07292107492685318
[Eval-Test] Dataset: COD10K, Image: COD10K-CAM-1-Aquatic-15-SeaHorse-999.png (279/2026), MAE: 0.07390601187944412
[Eval-Test] Dataset: COD10K, Image: COD10K-CAM-1-Aquatic-16-Shrimp-1115.png (280/2026), MAE: 0.10180757939815521
[Eval-Test] Dataset: COD10K, Image: COD10K-CAM-1-Aquatic-16-Shrimp-1116.png (281/2026), MAE: 0.05317213386297226
[Eval-Test] Dataset: COD10K, Image: COD10K-CAM-1-Aquatic-16-Shrimp-1117.png (282/2026), MAE: 0.10942608118057251
[Eval-Test] Dataset: COD10K, Image: COD10K-CAM-1-Aquatic-16-Shrimp-1119.png (283/2026), MAE: 0.06792613863945007
[Eval-Test] Dataset: COD10K, Image: COD10K-CAM-1-Aquatic-16-Shrimp-1120.png (284/2026), MAE: 0.04123146831989288
[Eval-Test] Dataset: COD10K, Image: COD10K-CAM-1-Aquatic-16-Shrimp-1121.png (285/2026), MAE: 0.16172346472740173
[Eval-Test] Dataset: COD10K, Image: COD10K-CAM-1-Aquatic-16-Shrimp-1123.png (286/2026), MAE: 0.19658178091049194
[Eval-Test] Dataset: COD10K, Image: COD10K-CAM-1-Aquatic-16-Shrimp-1128.png (287/2026), MAE: 0.1335424780845642
[Eval-Test] Dataset: COD10K, Image: COD10K-CAM-1-Aquatic-16-Shrimp-1130.png (288/2026), MAE: 0.11664611846208572
[Eval-Test] Dataset: COD10K, Image: COD10K-CAM-1-Aquatic-16-Shrimp-1140.png (289/2026), MAE: 0.0374559722840786
[Eval-Test] Dataset: COD10K, Image: COD10K-CAM-1-Aquatic-16-Shrimp-1142.png (290/2026), MAE: 0.308393269777298
[Eval-Test] Dataset: COD10K, Image: COD10K-CAM-1-Aquatic-16-Shrimp-1145.png (291/2026), MAE: 0.07385528087615967
[Eval-Test] Dataset: COD10K, Image: COD10K-CAM-1-Aquatic-17-Slug-1149.png (292/2026), MAE: 0.17263983190059662
[Eval-Test] Dataset: COD10K, Image: COD10K-CAM-1-Aquatic-17-Slug-1151.png (293/2026), MAE: 0.10935722291469574
[Eval-Test] Dataset: COD10K, Image: COD10K-CAM-1-Aquatic-18-StarFish-1161.png (294/2026), MAE: 0.08274568617343903
[Eval-Test] Dataset: COD10K, Image: COD10K-CAM-1-Aquatic-18-StarFish-1162.png (295/2026), MAE: 0.05186134949326515
[Eval-Test] Dataset: COD10K, Image: COD10K-CAM-1-Aquatic-18-StarFish-1164.png (296/2026), MAE: 0.09271401911973953
[Eval-Test] Dataset: COD10K, Image: COD10K-CAM-1-Aquatic-18-StarFish-1171.png (297/2026), MAE: 0.029991406947374344
[Eval-Test] Dataset: COD10K, Image: COD10K-CAM-1-Aquatic-18-StarFish-1173.png (298/2026), MAE: 0.1126382052898407
[Eval-Test] Dataset: COD10K, Image: COD10K-CAM-1-Aquatic-18-StarFish-1177.png (299/2026), MAE: 0.025495849549770355
[Eval-Test] Dataset: COD10K, Image: COD10K-CAM-1-Aquatic-18-StarFish-1178.png (300/2026), MAE: 0.10592649132013321
[Eval-Test] Dataset: COD10K, Image: COD10K-CAM-1-Aquatic-18-StarFish-1181.png (301/2026), MAE: 0.05264093726873398
[Eval-Test] Dataset: COD10K, Image: COD10K-CAM-1-Aquatic-18-StarFish-1183.png (302/2026), MAE: 0.25316953659057617
[Eval-Test] Dataset: COD10K, Image: COD10K-CAM-1-Aquatic-19-Stingaree-1186.png (303/2026), MAE: 0.0751507431268692
[Eval-Test] Dataset: COD10K, Image: COD10K-CAM-1-Aquatic-19-Stingaree-1190.png (304/2026), MAE: 0.057396844029426575
[Eval-Test] Dataset: COD10K, Image: COD10K-CAM-1-Aquatic-19-Stingaree-1191.png (305/2026), MAE: 0.10494603961706161
[Eval-Test] Dataset: COD10K, Image: COD10K-CAM-1-Aquatic-19-Stingaree-1192.png (306/2026), MAE: 0.025387825444340706
[Eval-Test] Dataset: COD10K, Image: COD10K-CAM-1-Aquatic-19-Stingaree-1197.png (307/2026), MAE: 0.02070256881415844
[Eval-Test] Dataset: COD10K, Image: COD10K-CAM-1-Aquatic-19-Stingaree-1198.png (308/2026), MAE: 0.5200958251953125
[Eval-Test] Dataset: COD10K, Image: COD10K-CAM-1-Aquatic-19-Stingaree-1203.png (309/2026), MAE: 0.04802640527486801
[Eval-Test] Dataset: COD10K, Image: COD10K-CAM-1-Aquatic-19-Stingaree-1204.png (310/2026), MAE: 0.18135567009449005
[Eval-Test] Dataset: COD10K, Image: COD10K-CAM-1-Aquatic-19-Stingaree-1207.png (311/2026), MAE: 0.20787709951400757
[Eval-Test] Dataset: COD10K, Image: COD10K-CAM-1-Aquatic-2-ClownFish-10.png (312/2026), MAE: 0.2842435836791992
[Eval-Test] Dataset: COD10K, Image: COD10K-CAM-1-Aquatic-2-ClownFish-11.png (313/2026), MAE: 0.3638473153114319
[Eval-Test] Dataset: COD10K, Image: COD10K-CAM-1-Aquatic-2-ClownFish-13.png (314/2026), MAE: 0.22661477327346802
[Eval-Test] Dataset: COD10K, Image: COD10K-CAM-1-Aquatic-2-ClownFish-15.png (315/2026), MAE: 0.10515385866165161
[Eval-Test] Dataset: COD10K, Image: COD10K-CAM-1-Aquatic-2-ClownFish-18.png (316/2026), MAE: 0.15209923684597015
[Eval-Test] Dataset: COD10K, Image: COD10K-CAM-1-Aquatic-20-Turtle-1221.png (317/2026), MAE: 0.06802956759929657
[Eval-Test] Dataset: COD10K, Image: COD10K-CAM-1-Aquatic-20-Turtle-1224.png (318/2026), MAE: 0.622025191783905
[Eval-Test] Dataset: COD10K, Image: COD10K-CAM-1-Aquatic-20-Turtle-1225.png (319/2026), MAE: 0.018939968198537827
[Eval-Test] Dataset: COD10K, Image: COD10K-CAM-1-Aquatic-20-Turtle-1231.png (320/2026), MAE: 0.031066294759511948
[Eval-Test] Dataset: COD10K, Image: COD10K-CAM-1-Aquatic-3-Crab-23.png (321/2026), MAE: 0.11574263125658035
[Eval-Test] Dataset: COD10K, Image: COD10K-CAM-1-Aquatic-3-Crab-24.png (322/2026), MAE: 0.11193957924842834
[Eval-Test] Dataset: COD10K, Image: COD10K-CAM-1-Aquatic-3-Crab-30.png (323/2026), MAE: 0.050720326602458954
[Eval-Test] Dataset: COD10K, Image: COD10K-CAM-1-Aquatic-3-Crab-31.png (324/2026), MAE: 0.06173507869243622
[Eval-Test] Dataset: COD10K, Image: COD10K-CAM-1-Aquatic-3-Crab-32.png (325/2026), MAE: 0.019550999626517296
[Eval-Test] Dataset: COD10K, Image: COD10K-CAM-1-Aquatic-3-Crab-33.png (326/2026), MAE: 0.14443416893482208
[Eval-Test] Dataset: COD10K, Image: COD10K-CAM-1-Aquatic-3-Crab-34.png (327/2026), MAE: 0.01182284951210022
[Eval-Test] Dataset: COD10K, Image: COD10K-CAM-1-Aquatic-3-Crab-35.png (328/2026), MAE: 0.1705041378736496
[Eval-Test] Dataset: COD10K, Image: COD10K-CAM-1-Aquatic-3-Crab-37.png (329/2026), MAE: 0.08651825785636902
[Eval-Test] Dataset: COD10K, Image: COD10K-CAM-1-Aquatic-3-Crab-38.png (330/2026), MAE: 0.02059665322303772
[Eval-Test] Dataset: COD10K, Image: COD10K-CAM-1-Aquatic-3-Crab-40.png (331/2026), MAE: 0.06813796609640121
[Eval-Test] Dataset: COD10K, Image: COD10K-CAM-1-Aquatic-3-Crab-43.png (332/2026), MAE: 0.02264999970793724
[Eval-Test] Dataset: COD10K, Image: COD10K-CAM-1-Aquatic-3-Crab-45.png (333/2026), MAE: 0.05291277915239334
[Eval-Test] Dataset: COD10K, Image: COD10K-CAM-1-Aquatic-3-Crab-46.png (334/2026), MAE: 0.05356283858418465
[Eval-Test] Dataset: COD10K, Image: COD10K-CAM-1-Aquatic-3-Crab-50.png (335/2026), MAE: 0.06255489587783813
[Eval-Test] Dataset: COD10K, Image: COD10K-CAM-1-Aquatic-3-Crab-54.png (336/2026), MAE: 0.028878426179289818
[Eval-Test] Dataset: COD10K, Image: COD10K-CAM-1-Aquatic-3-Crab-58.png (337/2026), MAE: 0.03870652616024017
[Eval-Test] Dataset: COD10K, Image: COD10K-CAM-1-Aquatic-3-Crab-62.png (338/2026), MAE: 0.12514397501945496
[Eval-Test] Dataset: COD10K, Image: COD10K-CAM-1-Aquatic-3-Crab-65.png (339/2026), MAE: 0.03564728796482086
[Eval-Test] Dataset: COD10K, Image: COD10K-CAM-1-Aquatic-3-Crab-67.png (340/2026), MAE: 0.030462468042969704
[Eval-Test] Dataset: COD10K, Image: COD10K-CAM-1-Aquatic-3-Crab-71.png (341/2026), MAE: 0.058863356709480286
[Eval-Test] Dataset: COD10K, Image: COD10K-CAM-1-Aquatic-3-Crab-73.png (342/2026), MAE: 0.06293550133705139
[Eval-Test] Dataset: COD10K, Image: COD10K-CAM-1-Aquatic-3-Crab-86.png (343/2026), MAE: 0.058270297944545746
[Eval-Test] Dataset: COD10K, Image: COD10K-CAM-1-Aquatic-3-Crab-87.png (344/2026), MAE: 0.09307102113962173
[Eval-Test] Dataset: COD10K, Image: COD10K-CAM-1-Aquatic-3-Crab-88.png (345/2026), MAE: 0.022211244329810143
[Eval-Test] Dataset: COD10K, Image: COD10K-CAM-1-Aquatic-3-Crab-89.png (346/2026), MAE: 0.11516772210597992
[Eval-Test] Dataset: COD10K, Image: COD10K-CAM-1-Aquatic-3-Crab-93.png (347/2026), MAE: 0.02911609783768654
[Eval-Test] Dataset: COD10K, Image: COD10K-CAM-1-Aquatic-3-Crab-96.png (348/2026), MAE: 0.3940342962741852
[Eval-Test] Dataset: COD10K, Image: COD10K-CAM-1-Aquatic-3-Crab-99.png (349/2026), MAE: 0.04551994055509567
[Eval-Test] Dataset: COD10K, Image: COD10K-CAM-1-Aquatic-4-Crocodile-105.png (350/2026), MAE: 0.03813144937157631
[Eval-Test] Dataset: COD10K, Image: COD10K-CAM-1-Aquatic-4-Crocodile-110.png (351/2026), MAE: 0.03196534141898155
[Eval-Test] Dataset: COD10K, Image: COD10K-CAM-1-Aquatic-4-Crocodile-114.png (352/2026), MAE: 0.0463377945125103
[Eval-Test] Dataset: COD10K, Image: COD10K-CAM-1-Aquatic-4-Crocodile-115.png (353/2026), MAE: 0.03979552537202835
[Eval-Test] Dataset: COD10K, Image: COD10K-CAM-1-Aquatic-4-Crocodile-118.png (354/2026), MAE: 0.10505030304193497
[Eval-Test] Dataset: COD10K, Image: COD10K-CAM-1-Aquatic-4-Crocodile-119.png (355/2026), MAE: 0.059076014906167984
[Eval-Test] Dataset: COD10K, Image: COD10K-CAM-1-Aquatic-4-Crocodile-123.png (356/2026), MAE: 0.1537041962146759
[Eval-Test] Dataset: COD10K, Image: COD10K-CAM-1-Aquatic-5-CrocodileFish-125.png (357/2026), MAE: 0.13899831473827362
[Eval-Test] Dataset: COD10K, Image: COD10K-CAM-1-Aquatic-5-CrocodileFish-126.png (358/2026), MAE: 0.565838098526001
[Eval-Test] Dataset: COD10K, Image: COD10K-CAM-1-Aquatic-5-CrocodileFish-131.png (359/2026), MAE: 0.16673718392848969
[Eval-Test] Dataset: COD10K, Image: COD10K-CAM-1-Aquatic-6-Fish-134.png (360/2026), MAE: 0.25293847918510437
[Eval-Test] Dataset: COD10K, Image: COD10K-CAM-1-Aquatic-6-Fish-135.png (361/2026), MAE: 0.30359935760498047
[Eval-Test] Dataset: COD10K, Image: COD10K-CAM-1-Aquatic-6-Fish-136.png (362/2026), MAE: 0.0898137241601944
[Eval-Test] Dataset: COD10K, Image: COD10K-CAM-1-Aquatic-6-Fish-138.png (363/2026), MAE: 0.08219760656356812
[Eval-Test] Dataset: COD10K, Image: COD10K-CAM-1-Aquatic-6-Fish-139.png (364/2026), MAE: 0.1047620102763176
[Eval-Test] Dataset: COD10K, Image: COD10K-CAM-1-Aquatic-6-Fish-143.png (365/2026), MAE: 0.10649095475673676
[Eval-Test] Dataset: COD10K, Image: COD10K-CAM-1-Aquatic-6-Fish-149.png (366/2026), MAE: 0.20316505432128906
[Eval-Test] Dataset: COD10K, Image: COD10K-CAM-1-Aquatic-6-Fish-150.png (367/2026), MAE: 0.025769144296646118
[Eval-Test] Dataset: COD10K, Image: COD10K-CAM-1-Aquatic-6-Fish-155.png (368/2026), MAE: 0.0752413272857666
[Eval-Test] Dataset: COD10K, Image: COD10K-CAM-1-Aquatic-6-Fish-157.png (369/2026), MAE: 0.04052366688847542
[Eval-Test] Dataset: COD10K, Image: COD10K-CAM-1-Aquatic-6-Fish-159.png (370/2026), MAE: 0.10651523619890213
[Eval-Test] Dataset: COD10K, Image: COD10K-CAM-1-Aquatic-6-Fish-160.png (371/2026), MAE: 0.11555645614862442
[Eval-Test] Dataset: COD10K, Image: COD10K-CAM-1-Aquatic-6-Fish-162.png (372/2026), MAE: 0.13412341475486755
[Eval-Test] Dataset: COD10K, Image: COD10K-CAM-1-Aquatic-6-Fish-163.png (373/2026), MAE: 0.018810758367180824
[Eval-Test] Dataset: COD10K, Image: COD10K-CAM-1-Aquatic-6-Fish-168.png (374/2026), MAE: 0.05986298993229866
[Eval-Test] Dataset: COD10K, Image: COD10K-CAM-1-Aquatic-6-Fish-171.png (375/2026), MAE: 0.06058717891573906
[Eval-Test] Dataset: COD10K, Image: COD10K-CAM-1-Aquatic-6-Fish-174.png (376/2026), MAE: 0.12377367913722992
[Eval-Test] Dataset: COD10K, Image: COD10K-CAM-1-Aquatic-6-Fish-183.png (377/2026), MAE: 0.10282815247774124
[Eval-Test] Dataset: COD10K, Image: COD10K-CAM-1-Aquatic-6-Fish-186.png (378/2026), MAE: 0.08406304568052292
[Eval-Test] Dataset: COD10K, Image: COD10K-CAM-1-Aquatic-6-Fish-189.png (379/2026), MAE: 0.20115043222904205
[Eval-Test] Dataset: COD10K, Image: COD10K-CAM-1-Aquatic-6-Fish-190.png (380/2026), MAE: 0.25504329800605774
[Eval-Test] Dataset: COD10K, Image: COD10K-CAM-1-Aquatic-6-Fish-191.png (381/2026), MAE: 0.1291913092136383
[Eval-Test] Dataset: COD10K, Image: COD10K-CAM-1-Aquatic-6-Fish-193.png (382/2026), MAE: 0.033802635967731476
[Eval-Test] Dataset: COD10K, Image: COD10K-CAM-1-Aquatic-6-Fish-196.png (383/2026), MAE: 0.021396832540631294
[Eval-Test] Dataset: COD10K, Image: COD10K-CAM-1-Aquatic-6-Fish-197.png (384/2026), MAE: 0.03874999284744263
[Eval-Test] Dataset: COD10K, Image: COD10K-CAM-1-Aquatic-6-Fish-203.png (385/2026), MAE: 0.046467822045087814
[Eval-Test] Dataset: COD10K, Image: COD10K-CAM-1-Aquatic-6-Fish-204.png (386/2026), MAE: 0.03284337744116783
[Eval-Test] Dataset: COD10K, Image: COD10K-CAM-1-Aquatic-6-Fish-207.png (387/2026), MAE: 0.2670144736766815
[Eval-Test] Dataset: COD10K, Image: COD10K-CAM-1-Aquatic-6-Fish-215.png (388/2026), MAE: 0.025106869637966156
[Eval-Test] Dataset: COD10K, Image: COD10K-CAM-1-Aquatic-6-Fish-218.png (389/2026), MAE: 0.09088043123483658
[Eval-Test] Dataset: COD10K, Image: COD10K-CAM-1-Aquatic-6-Fish-219.png (390/2026), MAE: 0.04827381670475006
[Eval-Test] Dataset: COD10K, Image: COD10K-CAM-1-Aquatic-6-Fish-220.png (391/2026), MAE: 0.07618896663188934
[Eval-Test] Dataset: COD10K, Image: COD10K-CAM-1-Aquatic-6-Fish-221.png (392/2026), MAE: 0.1431371569633484
[Eval-Test] Dataset: COD10K, Image: COD10K-CAM-1-Aquatic-6-Fish-222.png (393/2026), MAE: 0.06270255893468857
[Eval-Test] Dataset: COD10K, Image: COD10K-CAM-1-Aquatic-6-Fish-224.png (394/2026), MAE: 0.129465252161026
[Eval-Test] Dataset: COD10K, Image: COD10K-CAM-1-Aquatic-6-Fish-225.png (395/2026), MAE: 0.21664482355117798
[Eval-Test] Dataset: COD10K, Image: COD10K-CAM-1-Aquatic-6-Fish-227.png (396/2026), MAE: 0.03113606385886669
[Eval-Test] Dataset: COD10K, Image: COD10K-CAM-1-Aquatic-6-Fish-228.png (397/2026), MAE: 0.30198946595191956
[Eval-Test] Dataset: COD10K, Image: COD10K-CAM-1-Aquatic-6-Fish-230.png (398/2026), MAE: 0.15842628479003906
[Eval-Test] Dataset: COD10K, Image: COD10K-CAM-1-Aquatic-6-Fish-231.png (399/2026), MAE: 0.06764175742864609
[Eval-Test] Dataset: COD10K, Image: COD10K-CAM-1-Aquatic-6-Fish-235.png (400/2026), MAE: 0.10217568278312683
[Eval-Test] Dataset: COD10K, Image: COD10K-CAM-1-Aquatic-6-Fish-242.png (401/2026), MAE: 0.05340208485722542
[Eval-Test] Dataset: COD10K, Image: COD10K-CAM-1-Aquatic-6-Fish-243.png (402/2026), MAE: 0.08124237507581711
[Eval-Test] Dataset: COD10K, Image: COD10K-CAM-1-Aquatic-7-Flounder-245.png (403/2026), MAE: 0.43129563331604004
[Eval-Test] Dataset: COD10K, Image: COD10K-CAM-1-Aquatic-7-Flounder-246.png (404/2026), MAE: 0.05704997479915619
[Eval-Test] Dataset: COD10K, Image: COD10K-CAM-1-Aquatic-7-Flounder-247.png (405/2026), MAE: 0.043960120528936386
[Eval-Test] Dataset: COD10K, Image: COD10K-CAM-1-Aquatic-7-Flounder-248.png (406/2026), MAE: 0.2116134613752365
[Eval-Test] Dataset: COD10K, Image: COD10K-CAM-1-Aquatic-7-Flounder-249.png (407/2026), MAE: 0.43961063027381897
[Eval-Test] Dataset: COD10K, Image: COD10K-CAM-1-Aquatic-7-Flounder-250.png (408/2026), MAE: 0.16800059378147125
[Eval-Test] Dataset: COD10K, Image: COD10K-CAM-1-Aquatic-7-Flounder-253.png (409/2026), MAE: 0.13473692536354065
[Eval-Test] Dataset: COD10K, Image: COD10K-CAM-1-Aquatic-7-Flounder-254.png (410/2026), MAE: 0.45873764157295227
[Eval-Test] Dataset: COD10K, Image: COD10K-CAM-1-Aquatic-7-Flounder-258.png (411/2026), MAE: 0.07707526534795761
[Eval-Test] Dataset: COD10K, Image: COD10K-CAM-1-Aquatic-7-Flounder-259.png (412/2026), MAE: 0.05063890665769577
[Eval-Test] Dataset: COD10K, Image: COD10K-CAM-1-Aquatic-7-Flounder-262.png (413/2026), MAE: 0.07172119617462158
[Eval-Test] Dataset: COD10K, Image: COD10K-CAM-1-Aquatic-7-Flounder-264.png (414/2026), MAE: 0.16078029572963715
[Eval-Test] Dataset: COD10K, Image: COD10K-CAM-1-Aquatic-7-Flounder-266.png (415/2026), MAE: 0.12621426582336426
[Eval-Test] Dataset: COD10K, Image: COD10K-CAM-1-Aquatic-7-Flounder-270.png (416/2026), MAE: 0.6074520945549011
[Eval-Test] Dataset: COD10K, Image: COD10K-CAM-1-Aquatic-7-Flounder-272.png (417/2026), MAE: 0.060084275901317596
[Eval-Test] Dataset: COD10K, Image: COD10K-CAM-1-Aquatic-7-Flounder-277.png (418/2026), MAE: 0.046303413808345795
[Eval-Test] Dataset: COD10K, Image: COD10K-CAM-1-Aquatic-7-Flounder-283.png (419/2026), MAE: 0.055152516812086105
[Eval-Test] Dataset: COD10K, Image: COD10K-CAM-1-Aquatic-7-Flounder-284.png (420/2026), MAE: 0.21243730187416077
[Eval-Test] Dataset: COD10K, Image: COD10K-CAM-1-Aquatic-7-Flounder-286.png (421/2026), MAE: 0.2077539712190628
[Eval-Test] Dataset: COD10K, Image: COD10K-CAM-1-Aquatic-7-Flounder-287.png (422/2026), MAE: 0.1357230544090271
[Eval-Test] Dataset: COD10K, Image: COD10K-CAM-1-Aquatic-7-Flounder-289.png (423/2026), MAE: 0.030296973884105682
[Eval-Test] Dataset: COD10K, Image: COD10K-CAM-1-Aquatic-7-Flounder-290.png (424/2026), MAE: 0.19291624426841736
[Eval-Test] Dataset: COD10K, Image: COD10K-CAM-1-Aquatic-7-Flounder-291.png (425/2026), MAE: 0.19432207942008972
[Eval-Test] Dataset: COD10K, Image: COD10K-CAM-1-Aquatic-7-Flounder-292.png (426/2026), MAE: 0.17775878310203552
[Eval-Test] Dataset: COD10K, Image: COD10K-CAM-1-Aquatic-8-FrogFish-295.png (427/2026), MAE: 0.12477108836174011
[Eval-Test] Dataset: COD10K, Image: COD10K-CAM-1-Aquatic-8-FrogFish-296.png (428/2026), MAE: 0.05536128580570221
[Eval-Test] Dataset: COD10K, Image: COD10K-CAM-1-Aquatic-8-FrogFish-297.png (429/2026), MAE: 0.33713483810424805
[Eval-Test] Dataset: COD10K, Image: COD10K-CAM-1-Aquatic-8-FrogFish-299.png (430/2026), MAE: 0.11447229236364365
[Eval-Test] Dataset: COD10K, Image: COD10K-CAM-1-Aquatic-8-FrogFish-303.png (431/2026), MAE: 0.04329819977283478
[Eval-Test] Dataset: COD10K, Image: COD10K-CAM-1-Aquatic-8-FrogFish-305.png (432/2026), MAE: 0.26188644766807556
[Eval-Test] Dataset: COD10K, Image: COD10K-CAM-1-Aquatic-8-FrogFish-306.png (433/2026), MAE: 0.07858428359031677
[Eval-Test] Dataset: COD10K, Image: COD10K-CAM-1-Aquatic-9-GhostPipefish-307.png (434/2026), MAE: 0.026361647993326187
[Eval-Test] Dataset: COD10K, Image: COD10K-CAM-1-Aquatic-9-GhostPipefish-309.png (435/2026), MAE: 0.11080445349216461
[Eval-Test] Dataset: COD10K, Image: COD10K-CAM-1-Aquatic-9-GhostPipefish-312.png (436/2026), MAE: 0.04679229110479355
[Eval-Test] Dataset: COD10K, Image: COD10K-CAM-1-Aquatic-9-GhostPipefish-315.png (437/2026), MAE: 0.0590500645339489
[Eval-Test] Dataset: COD10K, Image: COD10K-CAM-1-Aquatic-9-GhostPipefish-318.png (438/2026), MAE: 0.23475372791290283
[Eval-Test] Dataset: COD10K, Image: COD10K-CAM-1-Aquatic-9-GhostPipefish-322.png (439/2026), MAE: 0.1044536754488945
[Eval-Test] Dataset: COD10K, Image: COD10K-CAM-1-Aquatic-9-GhostPipefish-323.png (440/2026), MAE: 0.06035768240690231
[Eval-Test] Dataset: COD10K, Image: COD10K-CAM-1-Aquatic-9-GhostPipefish-326.png (441/2026), MAE: 0.10272567719221115
[Eval-Test] Dataset: COD10K, Image: COD10K-CAM-1-Aquatic-9-GhostPipefish-327.png (442/2026), MAE: 0.062060605734586716
[Eval-Test] Dataset: COD10K, Image: COD10K-CAM-1-Aquatic-9-GhostPipefish-333.png (443/2026), MAE: 0.1956321895122528
[Eval-Test] Dataset: COD10K, Image: COD10K-CAM-1-Aquatic-9-GhostPipefish-334.png (444/2026), MAE: 0.05779344215989113
[Eval-Test] Dataset: COD10K, Image: COD10K-CAM-1-Aquatic-9-GhostPipefish-339.png (445/2026), MAE: 0.07225284725427628
[Eval-Test] Dataset: COD10K, Image: COD10K-CAM-1-Aquatic-9-GhostPipefish-346.png (446/2026), MAE: 0.07306569814682007
[Eval-Test] Dataset: COD10K, Image: COD10K-CAM-1-Aquatic-9-GhostPipefish-347.png (447/2026), MAE: 0.1933964192867279
[Eval-Test] Dataset: COD10K, Image: COD10K-CAM-1-Aquatic-9-GhostPipefish-348.png (448/2026), MAE: 0.11576835066080093
[Eval-Test] Dataset: COD10K, Image: COD10K-CAM-1-Aquatic-9-GhostPipefish-349.png (449/2026), MAE: 0.15420915186405182
[Eval-Test] Dataset: COD10K, Image: COD10K-CAM-1-Aquatic-9-GhostPipefish-350.png (450/2026), MAE: 0.11659222841262817
[Eval-Test] Dataset: COD10K, Image: COD10K-CAM-1-Aquatic-9-GhostPipefish-353.png (451/2026), MAE: 0.1840323805809021
[Eval-Test] Dataset: COD10K, Image: COD10K-CAM-1-Aquatic-9-GhostPipefish-359.png (452/2026), MAE: 0.057608574628829956
[Eval-Test] Dataset: COD10K, Image: COD10K-CAM-1-Aquatic-9-GhostPipefish-369.png (453/2026), MAE: 0.335234671831131
[Eval-Test] Dataset: COD10K, Image: COD10K-CAM-1-Aquatic-9-GhostPipefish-370.png (454/2026), MAE: 0.09524071961641312
[Eval-Test] Dataset: COD10K, Image: COD10K-CAM-1-Aquatic-9-GhostPipefish-372.png (455/2026), MAE: 0.03806402534246445
[Eval-Test] Dataset: COD10K, Image: COD10K-CAM-1-Aquatic-9-GhostPipefish-377.png (456/2026), MAE: 0.13189175724983215
[Eval-Test] Dataset: COD10K, Image: COD10K-CAM-1-Aquatic-9-GhostPipefish-379.png (457/2026), MAE: 0.14558693766593933
[Eval-Test] Dataset: COD10K, Image: COD10K-CAM-1-Aquatic-9-GhostPipefish-380.png (458/2026), MAE: 0.1038733422756195
[Eval-Test] Dataset: COD10K, Image: COD10K-CAM-1-Aquatic-9-GhostPipefish-381.png (459/2026), MAE: 0.08538498729467392
[Eval-Test] Dataset: COD10K, Image: COD10K-CAM-1-Aquatic-9-GhostPipefish-382.png (460/2026), MAE: 0.03881637006998062
[Eval-Test] Dataset: COD10K, Image: COD10K-CAM-1-Aquatic-9-GhostPipefish-383.png (461/2026), MAE: 0.15928024053573608
[Eval-Test] Dataset: COD10K, Image: COD10K-CAM-1-Aquatic-9-GhostPipefish-384.png (462/2026), MAE: 0.15819893777370453
[Eval-Test] Dataset: COD10K, Image: COD10K-CAM-1-Aquatic-9-GhostPipefish-385.png (463/2026), MAE: 0.20451557636260986
[Eval-Test] Dataset: COD10K, Image: COD10K-CAM-1-Aquatic-9-GhostPipefish-390.png (464/2026), MAE: 0.12127341330051422
[Eval-Test] Dataset: COD10K, Image: COD10K-CAM-1-Aquatic-9-GhostPipefish-391.png (465/2026), MAE: 0.17381703853607178
[Eval-Test] Dataset: COD10K, Image: COD10K-CAM-1-Aquatic-9-GhostPipefish-395.png (466/2026), MAE: 0.14202557504177094
[Eval-Test] Dataset: COD10K, Image: COD10K-CAM-1-Aquatic-9-GhostPipefish-397.png (467/2026), MAE: 0.11674215644598007
[Eval-Test] Dataset: COD10K, Image: COD10K-CAM-1-Aquatic-9-GhostPipefish-399.png (468/2026), MAE: 0.11969386041164398
[Eval-Test] Dataset: COD10K, Image: COD10K-CAM-1-Aquatic-9-GhostPipefish-402.png (469/2026), MAE: 0.051214318722486496
[Eval-Test] Dataset: COD10K, Image: COD10K-CAM-1-Aquatic-9-GhostPipefish-403.png (470/2026), MAE: 0.12654024362564087
[Eval-Test] Dataset: COD10K, Image: COD10K-CAM-1-Aquatic-9-GhostPipefish-406.png (471/2026), MAE: 0.09905155748128891
[Eval-Test] Dataset: COD10K, Image: COD10K-CAM-1-Aquatic-9-GhostPipefish-407.png (472/2026), MAE: 0.11280092597007751
[Eval-Test] Dataset: COD10K, Image: COD10K-CAM-1-Aquatic-9-GhostPipefish-409.png (473/2026), MAE: 0.045002471655607224
[Eval-Test] Dataset: COD10K, Image: COD10K-CAM-1-Aquatic-9-GhostPipefish-411.png (474/2026), MAE: 0.0617198683321476
[Eval-Test] Dataset: COD10K, Image: COD10K-CAM-2-Terrestrial-21-Ant-1233.png (475/2026), MAE: 0.13528220355510712
[Eval-Test] Dataset: COD10K, Image: COD10K-CAM-2-Terrestrial-21-Ant-1238.png (476/2026), MAE: 0.020182818174362183
[Eval-Test] Dataset: COD10K, Image: COD10K-CAM-2-Terrestrial-21-Ant-1240.png (477/2026), MAE: 0.047242239117622375
[Eval-Test] Dataset: COD10K, Image: COD10K-CAM-2-Terrestrial-21-Ant-1241.png (478/2026), MAE: 0.051802858710289
[Eval-Test] Dataset: COD10K, Image: COD10K-CAM-2-Terrestrial-21-Ant-1243.png (479/2026), MAE: 0.1752496361732483
[Eval-Test] Dataset: COD10K, Image: COD10K-CAM-2-Terrestrial-21-Ant-1246.png (480/2026), MAE: 0.10609613358974457
[Eval-Test] Dataset: COD10K, Image: COD10K-CAM-2-Terrestrial-21-Ant-1247.png (481/2026), MAE: 0.06654967367649078
[Eval-Test] Dataset: COD10K, Image: COD10K-CAM-2-Terrestrial-21-Ant-1249.png (482/2026), MAE: 0.1059730052947998
[Eval-Test] Dataset: COD10K, Image: COD10K-CAM-2-Terrestrial-21-Ant-1251.png (483/2026), MAE: 0.11656933277845383
[Eval-Test] Dataset: COD10K, Image: COD10K-CAM-2-Terrestrial-21-Ant-1257.png (484/2026), MAE: 0.09181801974773407
[Eval-Test] Dataset: COD10K, Image: COD10K-CAM-2-Terrestrial-22-Bug-1260.png (485/2026), MAE: 0.3252927362918854
[Eval-Test] Dataset: COD10K, Image: COD10K-CAM-2-Terrestrial-22-Bug-1262.png (486/2026), MAE: 0.05279146134853363
[Eval-Test] Dataset: COD10K, Image: COD10K-CAM-2-Terrestrial-22-Bug-1263.png (487/2026), MAE: 0.041501037776470184
[Eval-Test] Dataset: COD10K, Image: COD10K-CAM-2-Terrestrial-22-Bug-1267.png (488/2026), MAE: 0.041398629546165466
[Eval-Test] Dataset: COD10K, Image: COD10K-CAM-2-Terrestrial-22-Bug-1268.png (489/2026), MAE: 0.045378901064395905
[Eval-Test] Dataset: COD10K, Image: COD10K-CAM-2-Terrestrial-22-Bug-1270.png (490/2026), MAE: 0.031957995146512985
[Eval-Test] Dataset: COD10K, Image: COD10K-CAM-2-Terrestrial-22-Bug-1271.png (491/2026), MAE: 0.07300445437431335
[Eval-Test] Dataset: COD10K, Image: COD10K-CAM-2-Terrestrial-22-Bug-1272.png (492/2026), MAE: 0.16242532432079315
[Eval-Test] Dataset: COD10K, Image: COD10K-CAM-2-Terrestrial-22-Bug-1273.png (493/2026), MAE: 0.05746103823184967
[Eval-Test] Dataset: COD10K, Image: COD10K-CAM-2-Terrestrial-22-Bug-1274.png (494/2026), MAE: 0.05740635097026825
[Eval-Test] Dataset: COD10K, Image: COD10K-CAM-2-Terrestrial-22-Bug-1276.png (495/2026), MAE: 0.052252817898988724
[Eval-Test] Dataset: COD10K, Image: COD10K-CAM-2-Terrestrial-22-Bug-1277.png (496/2026), MAE: 0.04970908164978027
[Eval-Test] Dataset: COD10K, Image: COD10K-CAM-2-Terrestrial-22-Bug-1278.png (497/2026), MAE: 0.0265875905752182
[Eval-Test] Dataset: COD10K, Image: COD10K-CAM-2-Terrestrial-22-Bug-1281.png (498/2026), MAE: 0.08168233186006546
[Eval-Test] Dataset: COD10K, Image: COD10K-CAM-2-Terrestrial-22-Bug-1282.png (499/2026), MAE: 0.06791117787361145
[Eval-Test] Dataset: COD10K, Image: COD10K-CAM-2-Terrestrial-22-Bug-1283.png (500/2026), MAE: 0.07124459743499756
[Eval-Test] Dataset: COD10K, Image: COD10K-CAM-2-Terrestrial-22-Bug-1284.png (501/2026), MAE: 0.014938527718186378
[Eval-Test] Dataset: COD10K, Image: COD10K-CAM-2-Terrestrial-22-Bug-1285.png (502/2026), MAE: 0.039943646639585495
[Eval-Test] Dataset: COD10K, Image: COD10K-CAM-2-Terrestrial-22-Bug-1286.png (503/2026), MAE: 0.15757876634597778
[Eval-Test] Dataset: COD10K, Image: COD10K-CAM-2-Terrestrial-22-Bug-1289.png (504/2026), MAE: 0.12552358210086823
[Eval-Test] Dataset: COD10K, Image: COD10K-CAM-2-Terrestrial-22-Bug-1291.png (505/2026), MAE: 0.15025950968265533
[Eval-Test] Dataset: COD10K, Image: COD10K-CAM-2-Terrestrial-22-Bug-1293.png (506/2026), MAE: 0.020397376269102097
[Eval-Test] Dataset: COD10K, Image: COD10K-CAM-2-Terrestrial-23-Cat-1299.png (507/2026), MAE: 0.03383210301399231
[Eval-Test] Dataset: COD10K, Image: COD10K-CAM-2-Terrestrial-23-Cat-1300.png (508/2026), MAE: 0.15217816829681396
[Eval-Test] Dataset: COD10K, Image: COD10K-CAM-2-Terrestrial-23-Cat-1301.png (509/2026), MAE: 0.02660652995109558
[Eval-Test] Dataset: COD10K, Image: COD10K-CAM-2-Terrestrial-23-Cat-1304.png (510/2026), MAE: 0.06677159667015076
[Eval-Test] Dataset: COD10K, Image: COD10K-CAM-2-Terrestrial-23-Cat-1310.png (511/2026), MAE: 0.02320842072367668
[Eval-Test] Dataset: COD10K, Image: COD10K-CAM-2-Terrestrial-23-Cat-1320.png (512/2026), MAE: 0.0804615169763565
[Eval-Test] Dataset: COD10K, Image: COD10K-CAM-2-Terrestrial-23-Cat-1325.png (513/2026), MAE: 0.03312232717871666
[Eval-Test] Dataset: COD10K, Image: COD10K-CAM-2-Terrestrial-23-Cat-1327.png (514/2026), MAE: 0.13034465909004211
[Eval-Test] Dataset: COD10K, Image: COD10K-CAM-2-Terrestrial-23-Cat-1328.png (515/2026), MAE: 0.0589909702539444
[Eval-Test] Dataset: COD10K, Image: COD10K-CAM-2-Terrestrial-23-Cat-1329.png (516/2026), MAE: 0.023174898698925972
[Eval-Test] Dataset: COD10K, Image: COD10K-CAM-2-Terrestrial-23-Cat-1330.png (517/2026), MAE: 0.02328750491142273
[Eval-Test] Dataset: COD10K, Image: COD10K-CAM-2-Terrestrial-23-Cat-1331.png (518/2026), MAE: 0.194645956158638
[Eval-Test] Dataset: COD10K, Image: COD10K-CAM-2-Terrestrial-23-Cat-1333.png (519/2026), MAE: 0.3997545540332794
[Eval-Test] Dataset: COD10K, Image: COD10K-CAM-2-Terrestrial-23-Cat-1337.png (520/2026), MAE: 0.02370474860072136
[Eval-Test] Dataset: COD10K, Image: COD10K-CAM-2-Terrestrial-23-Cat-1339.png (521/2026), MAE: 0.10139898210763931
[Eval-Test] Dataset: COD10K, Image: COD10K-CAM-2-Terrestrial-23-Cat-1344.png (522/2026), MAE: 0.02717009373009205
[Eval-Test] Dataset: COD10K, Image: COD10K-CAM-2-Terrestrial-23-Cat-1350.png (523/2026), MAE: 0.024935957044363022
[Eval-Test] Dataset: COD10K, Image: COD10K-CAM-2-Terrestrial-23-Cat-1352.png (524/2026), MAE: 0.4595891237258911
[Eval-Test] Dataset: COD10K, Image: COD10K-CAM-2-Terrestrial-23-Cat-1358.png (525/2026), MAE: 0.11655133217573166
[Eval-Test] Dataset: COD10K, Image: COD10K-CAM-2-Terrestrial-23-Cat-1359.png (526/2026), MAE: 0.10406371206045151
[Eval-Test] Dataset: COD10K, Image: COD10K-CAM-2-Terrestrial-23-Cat-1360.png (527/2026), MAE: 0.3107089698314667
[Eval-Test] Dataset: COD10K, Image: COD10K-CAM-2-Terrestrial-23-Cat-1363.png (528/2026), MAE: 0.03280487284064293
[Eval-Test] Dataset: COD10K, Image: COD10K-CAM-2-Terrestrial-23-Cat-1364.png (529/2026), MAE: 0.19825349748134613
[Eval-Test] Dataset: COD10K, Image: COD10K-CAM-2-Terrestrial-23-Cat-1365.png (530/2026), MAE: 0.17786788940429688
[Eval-Test] Dataset: COD10K, Image: COD10K-CAM-2-Terrestrial-23-Cat-1367.png (531/2026), MAE: 0.37908920645713806
[Eval-Test] Dataset: COD10K, Image: COD10K-CAM-2-Terrestrial-23-Cat-1368.png (532/2026), MAE: 0.055513110011816025
[Eval-Test] Dataset: COD10K, Image: COD10K-CAM-2-Terrestrial-23-Cat-1369.png (533/2026), MAE: 0.32105588912963867
[Eval-Test] Dataset: COD10K, Image: COD10K-CAM-2-Terrestrial-23-Cat-1371.png (534/2026), MAE: 0.07759003341197968
[Eval-Test] Dataset: COD10K, Image: COD10K-CAM-2-Terrestrial-23-Cat-1372.png (535/2026), MAE: 0.06374981254339218
[Eval-Test] Dataset: COD10K, Image: COD10K-CAM-2-Terrestrial-23-Cat-1377.png (536/2026), MAE: 0.179025799036026
[Eval-Test] Dataset: COD10K, Image: COD10K-CAM-2-Terrestrial-23-Cat-1378.png (537/2026), MAE: 0.09190189838409424
[Eval-Test] Dataset: COD10K, Image: COD10K-CAM-2-Terrestrial-23-Cat-1380.png (538/2026), MAE: 0.09133020788431168
[Eval-Test] Dataset: COD10K, Image: COD10K-CAM-2-Terrestrial-23-Cat-1381.png (539/2026), MAE: 0.1578167825937271
[Eval-Test] Dataset: COD10K, Image: COD10K-CAM-2-Terrestrial-23-Cat-1383.png (540/2026), MAE: 0.07328911870718002
[Eval-Test] Dataset: COD10K, Image: COD10K-CAM-2-Terrestrial-23-Cat-1386.png (541/2026), MAE: 0.12457098066806793
[Eval-Test] Dataset: COD10K, Image: COD10K-CAM-2-Terrestrial-23-Cat-1387.png (542/2026), MAE: 0.1573227345943451
[Eval-Test] Dataset: COD10K, Image: COD10K-CAM-2-Terrestrial-23-Cat-1388.png (543/2026), MAE: 0.0664653331041336
[Eval-Test] Dataset: COD10K, Image: COD10K-CAM-2-Terrestrial-23-Cat-1390.png (544/2026), MAE: 0.014392071403563023
[Eval-Test] Dataset: COD10K, Image: COD10K-CAM-2-Terrestrial-23-Cat-1391.png (545/2026), MAE: 0.08971685916185379
[Eval-Test] Dataset: COD10K, Image: COD10K-CAM-2-Terrestrial-23-Cat-1392.png (546/2026), MAE: 0.033821724355220795
[Eval-Test] Dataset: COD10K, Image: COD10K-CAM-2-Terrestrial-23-Cat-1394.png (547/2026), MAE: 0.2270001918077469
[Eval-Test] Dataset: COD10K, Image: COD10K-CAM-2-Terrestrial-23-Cat-1400.png (548/2026), MAE: 0.060618095099925995
[Eval-Test] Dataset: COD10K, Image: COD10K-CAM-2-Terrestrial-23-Cat-1405.png (549/2026), MAE: 0.31171250343322754
[Eval-Test] Dataset: COD10K, Image: COD10K-CAM-2-Terrestrial-23-Cat-1411.png (550/2026), MAE: 0.0800037831068039
[Eval-Test] Dataset: COD10K, Image: COD10K-CAM-2-Terrestrial-23-Cat-1412.png (551/2026), MAE: 0.07528272271156311
[Eval-Test] Dataset: COD10K, Image: COD10K-CAM-2-Terrestrial-23-Cat-1413.png (552/2026), MAE: 0.12638582289218903
[Eval-Test] Dataset: COD10K, Image: COD10K-CAM-2-Terrestrial-23-Cat-1415.png (553/2026), MAE: 0.3843972384929657
[Eval-Test] Dataset: COD10K, Image: COD10K-CAM-2-Terrestrial-23-Cat-1419.png (554/2026), MAE: 0.16355611383914948
[Eval-Test] Dataset: COD10K, Image: COD10K-CAM-2-Terrestrial-23-Cat-1420.png (555/2026), MAE: 0.05327800661325455
[Eval-Test] Dataset: COD10K, Image: COD10K-CAM-2-Terrestrial-23-Cat-1421.png (556/2026), MAE: 0.06302192062139511
[Eval-Test] Dataset: COD10K, Image: COD10K-CAM-2-Terrestrial-23-Cat-1423.png (557/2026), MAE: 0.13082657754421234
[Eval-Test] Dataset: COD10K, Image: COD10K-CAM-2-Terrestrial-23-Cat-1424.png (558/2026), MAE: 0.30874305963516235
[Eval-Test] Dataset: COD10K, Image: COD10K-CAM-2-Terrestrial-23-Cat-1428.png (559/2026), MAE: 0.03792349621653557
[Eval-Test] Dataset: COD10K, Image: COD10K-CAM-2-Terrestrial-23-Cat-1429.png (560/2026), MAE: 0.02970118261873722
[Eval-Test] Dataset: COD10K, Image: COD10K-CAM-2-Terrestrial-23-Cat-1431.png (561/2026), MAE: 0.16852346062660217
[Eval-Test] Dataset: COD10K, Image: COD10K-CAM-2-Terrestrial-23-Cat-1432.png (562/2026), MAE: 0.2311358004808426
[Eval-Test] Dataset: COD10K, Image: COD10K-CAM-2-Terrestrial-23-Cat-1433.png (563/2026), MAE: 0.1590135544538498
[Eval-Test] Dataset: COD10K, Image: COD10K-CAM-2-Terrestrial-23-Cat-1434.png (564/2026), MAE: 0.04188760742545128
[Eval-Test] Dataset: COD10K, Image: COD10K-CAM-2-Terrestrial-23-Cat-1438.png (565/2026), MAE: 0.24188369512557983
[Eval-Test] Dataset: COD10K, Image: COD10K-CAM-2-Terrestrial-23-Cat-1442.png (566/2026), MAE: 0.049461010843515396
[Eval-Test] Dataset: COD10K, Image: COD10K-CAM-2-Terrestrial-23-Cat-1443.png (567/2026), MAE: 0.09803292155265808
[Eval-Test] Dataset: COD10K, Image: COD10K-CAM-2-Terrestrial-23-Cat-1446.png (568/2026), MAE: 0.1565060019493103
[Eval-Test] Dataset: COD10K, Image: COD10K-CAM-2-Terrestrial-23-Cat-1449.png (569/2026), MAE: 0.10370272397994995
[Eval-Test] Dataset: COD10K, Image: COD10K-CAM-2-Terrestrial-23-Cat-1451.png (570/2026), MAE: 0.15485471487045288
[Eval-Test] Dataset: COD10K, Image: COD10K-CAM-2-Terrestrial-23-Cat-1453.png (571/2026), MAE: 0.19201883673667908
[Eval-Test] Dataset: COD10K, Image: COD10K-CAM-2-Terrestrial-23-Cat-1458.png (572/2026), MAE: 0.166703462600708
[Eval-Test] Dataset: COD10K, Image: COD10K-CAM-2-Terrestrial-23-Cat-1459.png (573/2026), MAE: 0.028393911197781563
[Eval-Test] Dataset: COD10K, Image: COD10K-CAM-2-Terrestrial-23-Cat-1461.png (574/2026), MAE: 0.17207349836826324
[Eval-Test] Dataset: COD10K, Image: COD10K-CAM-2-Terrestrial-23-Cat-1462.png (575/2026), MAE: 0.011908425018191338
[Eval-Test] Dataset: COD10K, Image: COD10K-CAM-2-Terrestrial-23-Cat-1465.png (576/2026), MAE: 0.05690553039312363
[Eval-Test] Dataset: COD10K, Image: COD10K-CAM-2-Terrestrial-23-Cat-1466.png (577/2026), MAE: 0.09026255458593369
[Eval-Test] Dataset: COD10K, Image: COD10K-CAM-2-Terrestrial-23-Cat-1471.png (578/2026), MAE: 0.059793516993522644
[Eval-Test] Dataset: COD10K, Image: COD10K-CAM-2-Terrestrial-23-Cat-1472.png (579/2026), MAE: 0.13004964590072632
[Eval-Test] Dataset: COD10K, Image: COD10K-CAM-2-Terrestrial-23-Cat-1474.png (580/2026), MAE: 0.0843639224767685
[Eval-Test] Dataset: COD10K, Image: COD10K-CAM-2-Terrestrial-23-Cat-1475.png (581/2026), MAE: 0.02869752049446106
[Eval-Test] Dataset: COD10K, Image: COD10K-CAM-2-Terrestrial-23-Cat-1476.png (582/2026), MAE: 0.17396590113639832
[Eval-Test] Dataset: COD10K, Image: COD10K-CAM-2-Terrestrial-23-Cat-1479.png (583/2026), MAE: 0.0498364120721817
[Eval-Test] Dataset: COD10K, Image: COD10K-CAM-2-Terrestrial-23-Cat-1481.png (584/2026), MAE: 0.09547265619039536
[Eval-Test] Dataset: COD10K, Image: COD10K-CAM-2-Terrestrial-23-Cat-1483.png (585/2026), MAE: 0.09619114547967911
[Eval-Test] Dataset: COD10K, Image: COD10K-CAM-2-Terrestrial-23-Cat-1485.png (586/2026), MAE: 0.2430526465177536
[Eval-Test] Dataset: COD10K, Image: COD10K-CAM-2-Terrestrial-23-Cat-1488.png (587/2026), MAE: 0.2298116236925125
[Eval-Test] Dataset: COD10K, Image: COD10K-CAM-2-Terrestrial-23-Cat-1490.png (588/2026), MAE: 0.028158102184534073
[Eval-Test] Dataset: COD10K, Image: COD10K-CAM-2-Terrestrial-23-Cat-1491.png (589/2026), MAE: 0.027198467403650284
[Eval-Test] Dataset: COD10K, Image: COD10K-CAM-2-Terrestrial-23-Cat-1492.png (590/2026), MAE: 0.059393707662820816
[Eval-Test] Dataset: COD10K, Image: COD10K-CAM-2-Terrestrial-23-Cat-1494.png (591/2026), MAE: 0.18499678373336792
[Eval-Test] Dataset: COD10K, Image: COD10K-CAM-2-Terrestrial-23-Cat-1496.png (592/2026), MAE: 0.12926988303661346
[Eval-Test] Dataset: COD10K, Image: COD10K-CAM-2-Terrestrial-23-Cat-1498.png (593/2026), MAE: 0.02266000583767891
[Eval-Test] Dataset: COD10K, Image: COD10K-CAM-2-Terrestrial-23-Cat-1500.png (594/2026), MAE: 0.02846548892557621
[Eval-Test] Dataset: COD10K, Image: COD10K-CAM-2-Terrestrial-23-Cat-1505.png (595/2026), MAE: 0.1083892434835434
[Eval-Test] Dataset: COD10K, Image: COD10K-CAM-2-Terrestrial-23-Cat-1506.png (596/2026), MAE: 0.026167958974838257
[Eval-Test] Dataset: COD10K, Image: COD10K-CAM-2-Terrestrial-23-Cat-1508.png (597/2026), MAE: 0.28927263617515564
[Eval-Test] Dataset: COD10K, Image: COD10K-CAM-2-Terrestrial-23-Cat-1510.png (598/2026), MAE: 0.29097050428390503
[Eval-Test] Dataset: COD10K, Image: COD10K-CAM-2-Terrestrial-23-Cat-1512.png (599/2026), MAE: 0.03864593803882599
[Eval-Test] Dataset: COD10K, Image: COD10K-CAM-2-Terrestrial-23-Cat-1514.png (600/2026), MAE: 0.09180346876382828
[Eval-Test] Dataset: COD10K, Image: COD10K-CAM-2-Terrestrial-23-Cat-1515.png (601/2026), MAE: 0.02708406373858452
[Eval-Test] Dataset: COD10K, Image: COD10K-CAM-2-Terrestrial-23-Cat-1516.png (602/2026), MAE: 0.43827468156814575
[Eval-Test] Dataset: COD10K, Image: COD10K-CAM-2-Terrestrial-23-Cat-1520.png (603/2026), MAE: 0.07882943004369736
[Eval-Test] Dataset: COD10K, Image: COD10K-CAM-2-Terrestrial-23-Cat-1522.png (604/2026), MAE: 0.08140014111995697
[Eval-Test] Dataset: COD10K, Image: COD10K-CAM-2-Terrestrial-23-Cat-1523.png (605/2026), MAE: 0.04645003378391266
[Eval-Test] Dataset: COD10K, Image: COD10K-CAM-2-Terrestrial-23-Cat-1524.png (606/2026), MAE: 0.057784248143434525
[Eval-Test] Dataset: COD10K, Image: COD10K-CAM-2-Terrestrial-23-Cat-1526.png (607/2026), MAE: 0.09814447909593582
[Eval-Test] Dataset: COD10K, Image: COD10K-CAM-2-Terrestrial-23-Cat-1527.png (608/2026), MAE: 0.23096798360347748
[Eval-Test] Dataset: COD10K, Image: COD10K-CAM-2-Terrestrial-23-Cat-1530.png (609/2026), MAE: 0.03486377373337746
[Eval-Test] Dataset: COD10K, Image: COD10K-CAM-2-Terrestrial-23-Cat-1531.png (610/2026), MAE: 0.093195341527462
[Eval-Test] Dataset: COD10K, Image: COD10K-CAM-2-Terrestrial-23-Cat-1532.png (611/2026), MAE: 0.107867531478405
[Eval-Test] Dataset: COD10K, Image: COD10K-CAM-2-Terrestrial-23-Cat-1534.png (612/2026), MAE: 0.014172008261084557
[Eval-Test] Dataset: COD10K, Image: COD10K-CAM-2-Terrestrial-23-Cat-1537.png (613/2026), MAE: 0.08679306507110596
[Eval-Test] Dataset: COD10K, Image: COD10K-CAM-2-Terrestrial-24-Caterpillar-1541.png (614/2026), MAE: 0.23991140723228455
[Eval-Test] Dataset: COD10K, Image: COD10K-CAM-2-Terrestrial-24-Caterpillar-1543.png (615/2026), MAE: 0.39627009630203247
[Eval-Test] Dataset: COD10K, Image: COD10K-CAM-2-Terrestrial-24-Caterpillar-1545.png (616/2026), MAE: 0.044670891016721725
[Eval-Test] Dataset: COD10K, Image: COD10K-CAM-2-Terrestrial-24-Caterpillar-1546.png (617/2026), MAE: 0.02191336639225483
[Eval-Test] Dataset: COD10K, Image: COD10K-CAM-2-Terrestrial-24-Caterpillar-1548.png (618/2026), MAE: 0.06003390625119209
[Eval-Test] Dataset: COD10K, Image: COD10K-CAM-2-Terrestrial-24-Caterpillar-1552.png (619/2026), MAE: 0.0801144391298294
[Eval-Test] Dataset: COD10K, Image: COD10K-CAM-2-Terrestrial-24-Caterpillar-1557.png (620/2026), MAE: 0.06430415064096451
[Eval-Test] Dataset: COD10K, Image: COD10K-CAM-2-Terrestrial-24-Caterpillar-1560.png (621/2026), MAE: 0.18057328462600708
[Eval-Test] Dataset: COD10K, Image: COD10K-CAM-2-Terrestrial-24-Caterpillar-1564.png (622/2026), MAE: 0.07211698591709137
[Eval-Test] Dataset: COD10K, Image: COD10K-CAM-2-Terrestrial-24-Caterpillar-1565.png (623/2026), MAE: 0.18934112787246704
[Eval-Test] Dataset: COD10K, Image: COD10K-CAM-2-Terrestrial-24-Caterpillar-1567.png (624/2026), MAE: 0.20876570045948029
[Eval-Test] Dataset: COD10K, Image: COD10K-CAM-2-Terrestrial-24-Caterpillar-1568.png (625/2026), MAE: 0.4044857919216156
[Eval-Test] Dataset: COD10K, Image: COD10K-CAM-2-Terrestrial-24-Caterpillar-1570.png (626/2026), MAE: 0.11097808927297592
[Eval-Test] Dataset: COD10K, Image: COD10K-CAM-2-Terrestrial-24-Caterpillar-1572.png (627/2026), MAE: 0.15104112029075623
[Eval-Test] Dataset: COD10K, Image: COD10K-CAM-2-Terrestrial-24-Caterpillar-1574.png (628/2026), MAE: 0.06240301951766014
[Eval-Test] Dataset: COD10K, Image: COD10K-CAM-2-Terrestrial-24-Caterpillar-1581.png (629/2026), MAE: 0.07935456186532974
[Eval-Test] Dataset: COD10K, Image: COD10K-CAM-2-Terrestrial-24-Caterpillar-1582.png (630/2026), MAE: 0.08515051752328873
[Eval-Test] Dataset: COD10K, Image: COD10K-CAM-2-Terrestrial-24-Caterpillar-1587.png (631/2026), MAE: 0.19428826868534088
[Eval-Test] Dataset: COD10K, Image: COD10K-CAM-2-Terrestrial-24-Caterpillar-1591.png (632/2026), MAE: 0.05090353265404701
[Eval-Test] Dataset: COD10K, Image: COD10K-CAM-2-Terrestrial-24-Caterpillar-1594.png (633/2026), MAE: 0.05223412439227104
[Eval-Test] Dataset: COD10K, Image: COD10K-CAM-2-Terrestrial-24-Caterpillar-1596.png (634/2026), MAE: 0.06175213307142258
[Eval-Test] Dataset: COD10K, Image: COD10K-CAM-2-Terrestrial-24-Caterpillar-1597.png (635/2026), MAE: 0.04248080775141716
[Eval-Test] Dataset: COD10K, Image: COD10K-CAM-2-Terrestrial-24-Caterpillar-1602.png (636/2026), MAE: 0.10541971772909164
[Eval-Test] Dataset: COD10K, Image: COD10K-CAM-2-Terrestrial-24-Caterpillar-1607.png (637/2026), MAE: 0.11414173245429993
[Eval-Test] Dataset: COD10K, Image: COD10K-CAM-2-Terrestrial-24-Caterpillar-1608.png (638/2026), MAE: 0.05006443336606026
[Eval-Test] Dataset: COD10K, Image: COD10K-CAM-2-Terrestrial-24-Caterpillar-1616.png (639/2026), MAE: 0.049080923199653625
[Eval-Test] Dataset: COD10K, Image: COD10K-CAM-2-Terrestrial-24-Caterpillar-1621.png (640/2026), MAE: 0.022510992363095284
[Eval-Test] Dataset: COD10K, Image: COD10K-CAM-2-Terrestrial-24-Caterpillar-1622.png (641/2026), MAE: 0.07879038900136948
[Eval-Test] Dataset: COD10K, Image: COD10K-CAM-2-Terrestrial-24-Caterpillar-1623.png (642/2026), MAE: 0.2019815444946289
[Eval-Test] Dataset: COD10K, Image: COD10K-CAM-2-Terrestrial-24-Caterpillar-1626.png (643/2026), MAE: 0.12195920944213867
[Eval-Test] Dataset: COD10K, Image: COD10K-CAM-2-Terrestrial-24-Caterpillar-1633.png (644/2026), MAE: 0.05827667936682701
[Eval-Test] Dataset: COD10K, Image: COD10K-CAM-2-Terrestrial-24-Caterpillar-1641.png (645/2026), MAE: 0.1265963912010193
[Eval-Test] Dataset: COD10K, Image: COD10K-CAM-2-Terrestrial-24-Caterpillar-1643.png (646/2026), MAE: 0.1263921707868576
[Eval-Test] Dataset: COD10K, Image: COD10K-CAM-2-Terrestrial-24-Caterpillar-1644.png (647/2026), MAE: 0.12471091002225876
[Eval-Test] Dataset: COD10K, Image: COD10K-CAM-2-Terrestrial-24-Caterpillar-1645.png (648/2026), MAE: 0.023027202114462852
[Eval-Test] Dataset: COD10K, Image: COD10K-CAM-2-Terrestrial-24-Caterpillar-1650.png (649/2026), MAE: 0.051688384264707565
[Eval-Test] Dataset: COD10K, Image: COD10K-CAM-2-Terrestrial-24-Caterpillar-1652.png (650/2026), MAE: 0.03022785298526287
[Eval-Test] Dataset: COD10K, Image: COD10K-CAM-2-Terrestrial-24-Caterpillar-1653.png (651/2026), MAE: 0.02961326576769352
[Eval-Test] Dataset: COD10K, Image: COD10K-CAM-2-Terrestrial-24-Caterpillar-1655.png (652/2026), MAE: 0.06749521195888519
[Eval-Test] Dataset: COD10K, Image: COD10K-CAM-2-Terrestrial-25-Centipede-1658.png (653/2026), MAE: 0.14433328807353973
[Eval-Test] Dataset: COD10K, Image: COD10K-CAM-2-Terrestrial-25-Centipede-1659.png (654/2026), MAE: 0.05775116756558418
[Eval-Test] Dataset: COD10K, Image: COD10K-CAM-2-Terrestrial-25-Centipede-1663.png (655/2026), MAE: 0.05663882568478584
[Eval-Test] Dataset: COD10K, Image: COD10K-CAM-2-Terrestrial-26-Chameleon-1667.png (656/2026), MAE: 0.10629769414663315
[Eval-Test] Dataset: COD10K, Image: COD10K-CAM-2-Terrestrial-26-Chameleon-1670.png (657/2026), MAE: 0.07359778136014938
[Eval-Test] Dataset: COD10K, Image: COD10K-CAM-2-Terrestrial-26-Chameleon-1671.png (658/2026), MAE: 0.05488911271095276
[Eval-Test] Dataset: COD10K, Image: COD10K-CAM-2-Terrestrial-26-Chameleon-1676.png (659/2026), MAE: 0.02424037456512451
[Eval-Test] Dataset: COD10K, Image: COD10K-CAM-2-Terrestrial-26-Chameleon-1681.png (660/2026), MAE: 0.18319135904312134
[Eval-Test] Dataset: COD10K, Image: COD10K-CAM-2-Terrestrial-26-Chameleon-1688.png (661/2026), MAE: 0.09051591157913208
[Eval-Test] Dataset: COD10K, Image: COD10K-CAM-2-Terrestrial-26-Chameleon-1689.png (662/2026), MAE: 0.07408810406923294
[Eval-Test] Dataset: COD10K, Image: COD10K-CAM-2-Terrestrial-26-Chameleon-1692.png (663/2026), MAE: 0.1765093207359314
[Eval-Test] Dataset: COD10K, Image: COD10K-CAM-2-Terrestrial-26-Chameleon-1693.png (664/2026), MAE: 0.10345682501792908
[Eval-Test] Dataset: COD10K, Image: COD10K-CAM-2-Terrestrial-26-Chameleon-1696.png (665/2026), MAE: 0.06009436026215553
[Eval-Test] Dataset: COD10K, Image: COD10K-CAM-2-Terrestrial-26-Chameleon-1697.png (666/2026), MAE: 0.0497920922935009
[Eval-Test] Dataset: COD10K, Image: COD10K-CAM-2-Terrestrial-26-Chameleon-1698.png (667/2026), MAE: 0.06841780245304108
[Eval-Test] Dataset: COD10K, Image: COD10K-CAM-2-Terrestrial-26-Chameleon-1699.png (668/2026), MAE: 0.10061641782522202
[Eval-Test] Dataset: COD10K, Image: COD10K-CAM-2-Terrestrial-26-Chameleon-1701.png (669/2026), MAE: 0.13016057014465332
[Eval-Test] Dataset: COD10K, Image: COD10K-CAM-2-Terrestrial-26-Chameleon-1703.png (670/2026), MAE: 0.09133708477020264
[Eval-Test] Dataset: COD10K, Image: COD10K-CAM-2-Terrestrial-26-Chameleon-1705.png (671/2026), MAE: 0.08919651806354523
[Eval-Test] Dataset: COD10K, Image: COD10K-CAM-2-Terrestrial-26-Chameleon-1706.png (672/2026), MAE: 0.1883629858493805
[Eval-Test] Dataset: COD10K, Image: COD10K-CAM-2-Terrestrial-26-Chameleon-1707.png (673/2026), MAE: 0.0248431283980608
[Eval-Test] Dataset: COD10K, Image: COD10K-CAM-2-Terrestrial-26-Chameleon-1709.png (674/2026), MAE: 0.053658317774534225
[Eval-Test] Dataset: COD10K, Image: COD10K-CAM-2-Terrestrial-26-Chameleon-1711.png (675/2026), MAE: 0.03206279128789902
[Eval-Test] Dataset: COD10K, Image: COD10K-CAM-2-Terrestrial-26-Chameleon-1713.png (676/2026), MAE: 0.1345975697040558
[Eval-Test] Dataset: COD10K, Image: COD10K-CAM-2-Terrestrial-26-Chameleon-1716.png (677/2026), MAE: 0.050222281366586685
[Eval-Test] Dataset: COD10K, Image: COD10K-CAM-2-Terrestrial-26-Chameleon-1719.png (678/2026), MAE: 0.11838136613368988
[Eval-Test] Dataset: COD10K, Image: COD10K-CAM-2-Terrestrial-26-Chameleon-1722.png (679/2026), MAE: 0.12044338881969452
[Eval-Test] Dataset: COD10K, Image: COD10K-CAM-2-Terrestrial-26-Chameleon-1723.png (680/2026), MAE: 0.03821851313114166
[Eval-Test] Dataset: COD10K, Image: COD10K-CAM-2-Terrestrial-26-Chameleon-1727.png (681/2026), MAE: 0.035258788615465164
[Eval-Test] Dataset: COD10K, Image: COD10K-CAM-2-Terrestrial-26-Chameleon-1730.png (682/2026), MAE: 0.1220628172159195
[Eval-Test] Dataset: COD10K, Image: COD10K-CAM-2-Terrestrial-26-Chameleon-1737.png (683/2026), MAE: 0.13037222623825073
[Eval-Test] Dataset: COD10K, Image: COD10K-CAM-2-Terrestrial-27-Cheetah-1739.png (684/2026), MAE: 0.0692155510187149
[Eval-Test] Dataset: COD10K, Image: COD10K-CAM-2-Terrestrial-27-Cheetah-1742.png (685/2026), MAE: 0.03843668848276138
[Eval-Test] Dataset: COD10K, Image: COD10K-CAM-2-Terrestrial-27-Cheetah-1743.png (686/2026), MAE: 0.10799100995063782
[Eval-Test] Dataset: COD10K, Image: COD10K-CAM-2-Terrestrial-27-Cheetah-1745.png (687/2026), MAE: 0.03692786023020744
[Eval-Test] Dataset: COD10K, Image: COD10K-CAM-2-Terrestrial-27-Cheetah-1747.png (688/2026), MAE: 0.019904188811779022
[Eval-Test] Dataset: COD10K, Image: COD10K-CAM-2-Terrestrial-27-Cheetah-1750.png (689/2026), MAE: 0.038949545472860336
[Eval-Test] Dataset: COD10K, Image: COD10K-CAM-2-Terrestrial-27-Cheetah-1751.png (690/2026), MAE: 0.04604821279644966
[Eval-Test] Dataset: COD10K, Image: COD10K-CAM-2-Terrestrial-27-Cheetah-1753.png (691/2026), MAE: 0.05589166656136513
[Eval-Test] Dataset: COD10K, Image: COD10K-CAM-2-Terrestrial-27-Cheetah-1755.png (692/2026), MAE: 0.0815865695476532
[Eval-Test] Dataset: COD10K, Image: COD10K-CAM-2-Terrestrial-27-Cheetah-1756.png (693/2026), MAE: 0.07097584009170532
[Eval-Test] Dataset: COD10K, Image: COD10K-CAM-2-Terrestrial-28-Deer-1758.png (694/2026), MAE: 0.03311658278107643
[Eval-Test] Dataset: COD10K, Image: COD10K-CAM-2-Terrestrial-28-Deer-1760.png (695/2026), MAE: 0.07304317504167557
[Eval-Test] Dataset: COD10K, Image: COD10K-CAM-2-Terrestrial-28-Deer-1761.png (696/2026), MAE: 0.021953003481030464
[Eval-Test] Dataset: COD10K, Image: COD10K-CAM-2-Terrestrial-28-Deer-1762.png (697/2026), MAE: 0.06687187403440475
[Eval-Test] Dataset: COD10K, Image: COD10K-CAM-2-Terrestrial-28-Deer-1764.png (698/2026), MAE: 0.07781169563531876
[Eval-Test] Dataset: COD10K, Image: COD10K-CAM-2-Terrestrial-28-Deer-1766.png (699/2026), MAE: 0.04138746112585068
[Eval-Test] Dataset: COD10K, Image: COD10K-CAM-2-Terrestrial-28-Deer-1767.png (700/2026), MAE: 0.0602332204580307
[Eval-Test] Dataset: COD10K, Image: COD10K-CAM-2-Terrestrial-28-Deer-1768.png (701/2026), MAE: 0.04928828030824661
[Eval-Test] Dataset: COD10K, Image: COD10K-CAM-2-Terrestrial-28-Deer-1769.png (702/2026), MAE: 0.08988358080387115
[Eval-Test] Dataset: COD10K, Image: COD10K-CAM-2-Terrestrial-28-Deer-1772.png (703/2026), MAE: 0.01770998351275921
[Eval-Test] Dataset: COD10K, Image: COD10K-CAM-2-Terrestrial-28-Deer-1773.png (704/2026), MAE: 0.020810887217521667
[Eval-Test] Dataset: COD10K, Image: COD10K-CAM-2-Terrestrial-28-Deer-1775.png (705/2026), MAE: 0.03997946158051491
[Eval-Test] Dataset: COD10K, Image: COD10K-CAM-2-Terrestrial-28-Deer-1779.png (706/2026), MAE: 0.10366750508546829
[Eval-Test] Dataset: COD10K, Image: COD10K-CAM-2-Terrestrial-28-Deer-1784.png (707/2026), MAE: 0.07088000327348709
[Eval-Test] Dataset: COD10K, Image: COD10K-CAM-2-Terrestrial-28-Deer-1785.png (708/2026), MAE: 0.1404331475496292
[Eval-Test] Dataset: COD10K, Image: COD10K-CAM-2-Terrestrial-28-Deer-1788.png (709/2026), MAE: 0.06548507511615753
[Eval-Test] Dataset: COD10K, Image: COD10K-CAM-2-Terrestrial-28-Deer-1790.png (710/2026), MAE: 0.048431821167469025
[Eval-Test] Dataset: COD10K, Image: COD10K-CAM-2-Terrestrial-28-Deer-1791.png (711/2026), MAE: 0.04404117912054062
[Eval-Test] Dataset: COD10K, Image: COD10K-CAM-2-Terrestrial-28-Deer-1792.png (712/2026), MAE: 0.022448910400271416
[Eval-Test] Dataset: COD10K, Image: COD10K-CAM-2-Terrestrial-28-Deer-1794.png (713/2026), MAE: 0.05211111903190613
[Eval-Test] Dataset: COD10K, Image: COD10K-CAM-2-Terrestrial-28-Deer-1795.png (714/2026), MAE: 0.0662209540605545
[Eval-Test] Dataset: COD10K, Image: COD10K-CAM-2-Terrestrial-28-Deer-1801.png (715/2026), MAE: 0.0673903226852417
[Eval-Test] Dataset: COD10K, Image: COD10K-CAM-2-Terrestrial-29-Dog-1804.png (716/2026), MAE: 0.26931264996528625
[Eval-Test] Dataset: COD10K, Image: COD10K-CAM-2-Terrestrial-29-Dog-1805.png (717/2026), MAE: 0.039111483842134476
[Eval-Test] Dataset: COD10K, Image: COD10K-CAM-2-Terrestrial-29-Dog-1814.png (718/2026), MAE: 0.015241332352161407
[Eval-Test] Dataset: COD10K, Image: COD10K-CAM-2-Terrestrial-29-Dog-1815.png (719/2026), MAE: 0.04650214686989784
[Eval-Test] Dataset: COD10K, Image: COD10K-CAM-2-Terrestrial-29-Dog-1816.png (720/2026), MAE: 0.03664951026439667
[Eval-Test] Dataset: COD10K, Image: COD10K-CAM-2-Terrestrial-29-Dog-1817.png (721/2026), MAE: 0.08513940870761871
[Eval-Test] Dataset: COD10K, Image: COD10K-CAM-2-Terrestrial-29-Dog-1820.png (722/2026), MAE: 0.016791703179478645
[Eval-Test] Dataset: COD10K, Image: COD10K-CAM-2-Terrestrial-29-Dog-1825.png (723/2026), MAE: 0.03254327178001404
[Eval-Test] Dataset: COD10K, Image: COD10K-CAM-2-Terrestrial-29-Dog-1827.png (724/2026), MAE: 0.012614591978490353
[Eval-Test] Dataset: COD10K, Image: COD10K-CAM-2-Terrestrial-29-Dog-1829.png (725/2026), MAE: 0.06519435346126556
[Eval-Test] Dataset: COD10K, Image: COD10K-CAM-2-Terrestrial-29-Dog-1830.png (726/2026), MAE: 0.05878164619207382
[Eval-Test] Dataset: COD10K, Image: COD10K-CAM-2-Terrestrial-29-Dog-1831.png (727/2026), MAE: 0.055766671895980835
[Eval-Test] Dataset: COD10K, Image: COD10K-CAM-2-Terrestrial-29-Dog-1832.png (728/2026), MAE: 0.31882551312446594
[Eval-Test] Dataset: COD10K, Image: COD10K-CAM-2-Terrestrial-29-Dog-1834.png (729/2026), MAE: 0.11011125892400742
[Eval-Test] Dataset: COD10K, Image: COD10K-CAM-2-Terrestrial-29-Dog-1835.png (730/2026), MAE: 0.016369592398405075
[Eval-Test] Dataset: COD10K, Image: COD10K-CAM-2-Terrestrial-29-Dog-1836.png (731/2026), MAE: 0.013173012062907219
[Eval-Test] Dataset: COD10K, Image: COD10K-CAM-2-Terrestrial-29-Dog-1837.png (732/2026), MAE: 0.19341211020946503
[Eval-Test] Dataset: COD10K, Image: COD10K-CAM-2-Terrestrial-29-Dog-1838.png (733/2026), MAE: 0.026981940492987633
[Eval-Test] Dataset: COD10K, Image: COD10K-CAM-2-Terrestrial-29-Dog-1840.png (734/2026), MAE: 0.13268397748470306
[Eval-Test] Dataset: COD10K, Image: COD10K-CAM-2-Terrestrial-29-Dog-1851.png (735/2026), MAE: 0.49203452467918396
[Eval-Test] Dataset: COD10K, Image: COD10K-CAM-2-Terrestrial-29-Dog-1853.png (736/2026), MAE: 0.1169574111700058
[Eval-Test] Dataset: COD10K, Image: COD10K-CAM-2-Terrestrial-29-Dog-1854.png (737/2026), MAE: 0.1838831603527069
[Eval-Test] Dataset: COD10K, Image: COD10K-CAM-2-Terrestrial-29-Dog-1856.png (738/2026), MAE: 0.04716051369905472
[Eval-Test] Dataset: COD10K, Image: COD10K-CAM-2-Terrestrial-30-Duck-1862.png (739/2026), MAE: 0.02414032630622387
[Eval-Test] Dataset: COD10K, Image: COD10K-CAM-2-Terrestrial-30-Duck-1866.png (740/2026), MAE: 0.060206715017557144
[Eval-Test] Dataset: COD10K, Image: COD10K-CAM-2-Terrestrial-30-Duck-1868.png (741/2026), MAE: 0.12762869894504547
[Eval-Test] Dataset: COD10K, Image: COD10K-CAM-2-Terrestrial-30-Duck-1870.png (742/2026), MAE: 0.016604330390691757
[Eval-Test] Dataset: COD10K, Image: COD10K-CAM-2-Terrestrial-30-Duck-1871.png (743/2026), MAE: 0.07172346115112305
[Eval-Test] Dataset: COD10K, Image: COD10K-CAM-2-Terrestrial-30-Duck-1873.png (744/2026), MAE: 0.07591697573661804
[Eval-Test] Dataset: COD10K, Image: COD10K-CAM-2-Terrestrial-30-Duck-1876.png (745/2026), MAE: 0.02321685291826725
[Eval-Test] Dataset: COD10K, Image: COD10K-CAM-2-Terrestrial-31-Gecko-1880.png (746/2026), MAE: 0.0489652194082737
[Eval-Test] Dataset: COD10K, Image: COD10K-CAM-2-Terrestrial-31-Gecko-1882.png (747/2026), MAE: 0.04248881712555885
[Eval-Test] Dataset: COD10K, Image: COD10K-CAM-2-Terrestrial-31-Gecko-1888.png (748/2026), MAE: 0.07997479289770126
[Eval-Test] Dataset: COD10K, Image: COD10K-CAM-2-Terrestrial-31-Gecko-1889.png (749/2026), MAE: 0.22898423671722412
[Eval-Test] Dataset: COD10K, Image: COD10K-CAM-2-Terrestrial-31-Gecko-1890.png (750/2026), MAE: 0.051992859691381454
[Eval-Test] Dataset: COD10K, Image: COD10K-CAM-2-Terrestrial-31-Gecko-1892.png (751/2026), MAE: 0.09861204773187637
[Eval-Test] Dataset: COD10K, Image: COD10K-CAM-2-Terrestrial-31-Gecko-1893.png (752/2026), MAE: 0.10683558136224747
[Eval-Test] Dataset: COD10K, Image: COD10K-CAM-2-Terrestrial-31-Gecko-1895.png (753/2026), MAE: 0.17103832960128784
[Eval-Test] Dataset: COD10K, Image: COD10K-CAM-2-Terrestrial-31-Gecko-1901.png (754/2026), MAE: 0.20161819458007812
[Eval-Test] Dataset: COD10K, Image: COD10K-CAM-2-Terrestrial-31-Gecko-1903.png (755/2026), MAE: 0.02151709608733654
[Eval-Test] Dataset: COD10K, Image: COD10K-CAM-2-Terrestrial-31-Gecko-1907.png (756/2026), MAE: 0.20393894612789154
[Eval-Test] Dataset: COD10K, Image: COD10K-CAM-2-Terrestrial-31-Gecko-1908.png (757/2026), MAE: 0.025016343221068382
[Eval-Test] Dataset: COD10K, Image: COD10K-CAM-2-Terrestrial-31-Gecko-1913.png (758/2026), MAE: 0.02733437530696392
[Eval-Test] Dataset: COD10K, Image: COD10K-CAM-2-Terrestrial-31-Gecko-1917.png (759/2026), MAE: 0.043026793748140335
[Eval-Test] Dataset: COD10K, Image: COD10K-CAM-2-Terrestrial-31-Gecko-1920.png (760/2026), MAE: 0.23530614376068115
[Eval-Test] Dataset: COD10K, Image: COD10K-CAM-2-Terrestrial-31-Gecko-1922.png (761/2026), MAE: 0.16732631623744965
[Eval-Test] Dataset: COD10K, Image: COD10K-CAM-2-Terrestrial-31-Gecko-1923.png (762/2026), MAE: 0.1185973510146141
[Eval-Test] Dataset: COD10K, Image: COD10K-CAM-2-Terrestrial-31-Gecko-1927.png (763/2026), MAE: 0.03883630409836769
[Eval-Test] Dataset: COD10K, Image: COD10K-CAM-2-Terrestrial-31-Gecko-1929.png (764/2026), MAE: 0.09630700945854187
[Eval-Test] Dataset: COD10K, Image: COD10K-CAM-2-Terrestrial-32-Giraffe-1932.png (765/2026), MAE: 0.09031067043542862
[Eval-Test] Dataset: COD10K, Image: COD10K-CAM-2-Terrestrial-32-Giraffe-1934.png (766/2026), MAE: 0.04815508425235748
[Eval-Test] Dataset: COD10K, Image: COD10K-CAM-2-Terrestrial-32-Giraffe-1935.png (767/2026), MAE: 0.041757043451070786
[Eval-Test] Dataset: COD10K, Image: COD10K-CAM-2-Terrestrial-32-Giraffe-1937.png (768/2026), MAE: 0.17044052481651306
[Eval-Test] Dataset: COD10K, Image: COD10K-CAM-2-Terrestrial-32-Giraffe-1940.png (769/2026), MAE: 0.11360502243041992
[Eval-Test] Dataset: COD10K, Image: COD10K-CAM-2-Terrestrial-32-Giraffe-1941.png (770/2026), MAE: 0.09087937325239182
[Eval-Test] Dataset: COD10K, Image: COD10K-CAM-2-Terrestrial-32-Giraffe-1942.png (771/2026), MAE: 0.030031336471438408
[Eval-Test] Dataset: COD10K, Image: COD10K-CAM-2-Terrestrial-32-Giraffe-1947.png (772/2026), MAE: 0.0418495275080204
[Eval-Test] Dataset: COD10K, Image: COD10K-CAM-2-Terrestrial-32-Giraffe-1950.png (773/2026), MAE: 0.2204577773809433
[Eval-Test] Dataset: COD10K, Image: COD10K-CAM-2-Terrestrial-33-Grouse-1952.png (774/2026), MAE: 0.0189095176756382
[Eval-Test] Dataset: COD10K, Image: COD10K-CAM-2-Terrestrial-33-Grouse-1954.png (775/2026), MAE: 0.01581030897796154
[Eval-Test] Dataset: COD10K, Image: COD10K-CAM-2-Terrestrial-33-Grouse-1958.png (776/2026), MAE: 0.02088400162756443
[Eval-Test] Dataset: COD10K, Image: COD10K-CAM-2-Terrestrial-33-Grouse-1959.png (777/2026), MAE: 0.047035977244377136
[Eval-Test] Dataset: COD10K, Image: COD10K-CAM-2-Terrestrial-33-Grouse-1961.png (778/2026), MAE: 0.018378861248493195
[Eval-Test] Dataset: COD10K, Image: COD10K-CAM-2-Terrestrial-33-Grouse-1962.png (779/2026), MAE: 0.029480205848813057
[Eval-Test] Dataset: COD10K, Image: COD10K-CAM-2-Terrestrial-33-Grouse-1966.png (780/2026), MAE: 0.07386557757854462
[Eval-Test] Dataset: COD10K, Image: COD10K-CAM-2-Terrestrial-34-Human-1970.png (781/2026), MAE: 0.19157913327217102
[Eval-Test] Dataset: COD10K, Image: COD10K-CAM-2-Terrestrial-34-Human-1973.png (782/2026), MAE: 0.08789876103401184
[Eval-Test] Dataset: COD10K, Image: COD10K-CAM-2-Terrestrial-34-Human-1975.png (783/2026), MAE: 0.015354234725236893
[Eval-Test] Dataset: COD10K, Image: COD10K-CAM-2-Terrestrial-34-Human-1978.png (784/2026), MAE: 0.055722594261169434
[Eval-Test] Dataset: COD10K, Image: COD10K-CAM-2-Terrestrial-34-Human-1980.png (785/2026), MAE: 0.025900578126311302
[Eval-Test] Dataset: COD10K, Image: COD10K-CAM-2-Terrestrial-34-Human-1983.png (786/2026), MAE: 0.026320025324821472
[Eval-Test] Dataset: COD10K, Image: COD10K-CAM-2-Terrestrial-34-Human-1985.png (787/2026), MAE: 0.058985386043787
[Eval-Test] Dataset: COD10K, Image: COD10K-CAM-2-Terrestrial-34-Human-1987.png (788/2026), MAE: 0.13395990431308746
[Eval-Test] Dataset: COD10K, Image: COD10K-CAM-2-Terrestrial-34-Human-1990.png (789/2026), MAE: 0.026904702186584473
[Eval-Test] Dataset: COD10K, Image: COD10K-CAM-2-Terrestrial-34-Human-1991.png (790/2026), MAE: 0.0528823621571064
[Eval-Test] Dataset: COD10K, Image: COD10K-CAM-2-Terrestrial-34-Human-1992.png (791/2026), MAE: 0.07150149345397949
[Eval-Test] Dataset: COD10K, Image: COD10K-CAM-2-Terrestrial-34-Human-1993.png (792/2026), MAE: 0.01704608090221882
[Eval-Test] Dataset: COD10K, Image: COD10K-CAM-2-Terrestrial-34-Human-1996.png (793/2026), MAE: 0.1088598221540451
[Eval-Test] Dataset: COD10K, Image: COD10K-CAM-2-Terrestrial-34-Human-1997.png (794/2026), MAE: 0.0672420784831047
[Eval-Test] Dataset: COD10K, Image: COD10K-CAM-2-Terrestrial-34-Human-1998.png (795/2026), MAE: 0.026761403307318687
[Eval-Test] Dataset: COD10K, Image: COD10K-CAM-2-Terrestrial-34-Human-2000.png (796/2026), MAE: 0.15484508872032166
[Eval-Test] Dataset: COD10K, Image: COD10K-CAM-2-Terrestrial-34-Human-2007.png (797/2026), MAE: 0.040677499026060104
[Eval-Test] Dataset: COD10K, Image: COD10K-CAM-2-Terrestrial-34-Human-2010.png (798/2026), MAE: 0.04816712811589241
[Eval-Test] Dataset: COD10K, Image: COD10K-CAM-2-Terrestrial-34-Human-2012.png (799/2026), MAE: 0.19463413953781128
[Eval-Test] Dataset: COD10K, Image: COD10K-CAM-2-Terrestrial-34-Human-2013.png (800/2026), MAE: 0.07271867990493774
[Eval-Test] Dataset: COD10K, Image: COD10K-CAM-2-Terrestrial-34-Human-2014.png (801/2026), MAE: 0.5029972791671753
[Eval-Test] Dataset: COD10K, Image: COD10K-CAM-2-Terrestrial-34-Human-2017.png (802/2026), MAE: 0.044346846640110016
[Eval-Test] Dataset: COD10K, Image: COD10K-CAM-2-Terrestrial-34-Human-2018.png (803/2026), MAE: 0.08899614959955215
[Eval-Test] Dataset: COD10K, Image: COD10K-CAM-2-Terrestrial-34-Human-2028.png (804/2026), MAE: 0.040490519255399704
[Eval-Test] Dataset: COD10K, Image: COD10K-CAM-2-Terrestrial-34-Human-2031.png (805/2026), MAE: 0.037969931960105896
[Eval-Test] Dataset: COD10K, Image: COD10K-CAM-2-Terrestrial-34-Human-2034.png (806/2026), MAE: 0.21943707764148712
[Eval-Test] Dataset: COD10K, Image: COD10K-CAM-2-Terrestrial-34-Human-2035.png (807/2026), MAE: 0.09758999943733215
[Eval-Test] Dataset: COD10K, Image: COD10K-CAM-2-Terrestrial-34-Human-2037.png (808/2026), MAE: 0.2592836320400238
[Eval-Test] Dataset: COD10K, Image: COD10K-CAM-2-Terrestrial-34-Human-2039.png (809/2026), MAE: 0.09052946418523788
[Eval-Test] Dataset: COD10K, Image: COD10K-CAM-2-Terrestrial-34-Human-2045.png (810/2026), MAE: 0.016939476132392883
[Eval-Test] Dataset: COD10K, Image: COD10K-CAM-2-Terrestrial-35-Kangaroo-2049.png (811/2026), MAE: 0.038762934505939484
[Eval-Test] Dataset: COD10K, Image: COD10K-CAM-2-Terrestrial-35-Kangaroo-2050.png (812/2026), MAE: 0.016958406195044518
[Eval-Test] Dataset: COD10K, Image: COD10K-CAM-2-Terrestrial-35-Kangaroo-2053.png (813/2026), MAE: 0.05088227614760399
[Eval-Test] Dataset: COD10K, Image: COD10K-CAM-2-Terrestrial-36-Leopard-2059.png (814/2026), MAE: 0.10040740668773651
[Eval-Test] Dataset: COD10K, Image: COD10K-CAM-2-Terrestrial-36-Leopard-2061.png (815/2026), MAE: 0.11311183124780655
[Eval-Test] Dataset: COD10K, Image: COD10K-CAM-2-Terrestrial-36-Leopard-2063.png (816/2026), MAE: 0.028268087655305862
[Eval-Test] Dataset: COD10K, Image: COD10K-CAM-2-Terrestrial-36-Leopard-2064.png (817/2026), MAE: 0.017545461654663086
[Eval-Test] Dataset: COD10K, Image: COD10K-CAM-2-Terrestrial-36-Leopard-2066.png (818/2026), MAE: 0.040226008743047714
[Eval-Test] Dataset: COD10K, Image: COD10K-CAM-2-Terrestrial-36-Leopard-2067.png (819/2026), MAE: 0.023999826982617378
[Eval-Test] Dataset: COD10K, Image: COD10K-CAM-2-Terrestrial-36-Leopard-2068.png (820/2026), MAE: 0.011492332443594933
[Eval-Test] Dataset: COD10K, Image: COD10K-CAM-2-Terrestrial-36-Leopard-2070.png (821/2026), MAE: 0.017442090436816216
[Eval-Test] Dataset: COD10K, Image: COD10K-CAM-2-Terrestrial-36-Leopard-2071.png (822/2026), MAE: 0.0254299808293581
[Eval-Test] Dataset: COD10K, Image: COD10K-CAM-2-Terrestrial-36-Leopard-2072.png (823/2026), MAE: 0.026425985619425774
[Eval-Test] Dataset: COD10K, Image: COD10K-CAM-2-Terrestrial-36-Leopard-2073.png (824/2026), MAE: 0.04822370409965515
[Eval-Test] Dataset: COD10K, Image: COD10K-CAM-2-Terrestrial-36-Leopard-2076.png (825/2026), MAE: 0.0380246639251709
[Eval-Test] Dataset: COD10K, Image: COD10K-CAM-2-Terrestrial-36-Leopard-2077.png (826/2026), MAE: 0.05142392963171005
[Eval-Test] Dataset: COD10K, Image: COD10K-CAM-2-Terrestrial-36-Leopard-2079.png (827/2026), MAE: 0.043895408511161804
[Eval-Test] Dataset: COD10K, Image: COD10K-CAM-2-Terrestrial-36-Leopard-2082.png (828/2026), MAE: 0.0962933897972107
[Eval-Test] Dataset: COD10K, Image: COD10K-CAM-2-Terrestrial-36-Leopard-2088.png (829/2026), MAE: 0.042724866420030594
[Eval-Test] Dataset: COD10K, Image: COD10K-CAM-2-Terrestrial-36-Leopard-2089.png (830/2026), MAE: 0.03827093914151192
[Eval-Test] Dataset: COD10K, Image: COD10K-CAM-2-Terrestrial-36-Leopard-2090.png (831/2026), MAE: 0.05709472671151161
[Eval-Test] Dataset: COD10K, Image: COD10K-CAM-2-Terrestrial-36-Leopard-2092.png (832/2026), MAE: 0.042722150683403015
[Eval-Test] Dataset: COD10K, Image: COD10K-CAM-2-Terrestrial-36-Leopard-2101.png (833/2026), MAE: 0.040771931409835815
[Eval-Test] Dataset: COD10K, Image: COD10K-CAM-2-Terrestrial-36-Leopard-2103.png (834/2026), MAE: 0.0453488714993
[Eval-Test] Dataset: COD10K, Image: COD10K-CAM-2-Terrestrial-36-Leopard-2104.png (835/2026), MAE: 0.03150498494505882
[Eval-Test] Dataset: COD10K, Image: COD10K-CAM-2-Terrestrial-37-Lion-2105.png (836/2026), MAE: 0.05317183956503868
[Eval-Test] Dataset: COD10K, Image: COD10K-CAM-2-Terrestrial-37-Lion-2107.png (837/2026), MAE: 0.04857873544096947
[Eval-Test] Dataset: COD10K, Image: COD10K-CAM-2-Terrestrial-37-Lion-2109.png (838/2026), MAE: 0.07406126707792282
[Eval-Test] Dataset: COD10K, Image: COD10K-CAM-2-Terrestrial-37-Lion-2112.png (839/2026), MAE: 0.031917754560709
[Eval-Test] Dataset: COD10K, Image: COD10K-CAM-2-Terrestrial-37-Lion-2113.png (840/2026), MAE: 0.022752156481146812
[Eval-Test] Dataset: COD10K, Image: COD10K-CAM-2-Terrestrial-38-Lizard-2119.png (841/2026), MAE: 0.06663096696138382
[Eval-Test] Dataset: COD10K, Image: COD10K-CAM-2-Terrestrial-38-Lizard-2125.png (842/2026), MAE: 0.0316903330385685
[Eval-Test] Dataset: COD10K, Image: COD10K-CAM-2-Terrestrial-38-Lizard-2126.png (843/2026), MAE: 0.027299366891384125
[Eval-Test] Dataset: COD10K, Image: COD10K-CAM-2-Terrestrial-38-Lizard-2132.png (844/2026), MAE: 0.0324639230966568
[Eval-Test] Dataset: COD10K, Image: COD10K-CAM-2-Terrestrial-38-Lizard-2135.png (845/2026), MAE: 0.04944757744669914
[Eval-Test] Dataset: COD10K, Image: COD10K-CAM-2-Terrestrial-38-Lizard-2138.png (846/2026), MAE: 0.05959533900022507
[Eval-Test] Dataset: COD10K, Image: COD10K-CAM-2-Terrestrial-38-Lizard-2141.png (847/2026), MAE: 0.04123331233859062
[Eval-Test] Dataset: COD10K, Image: COD10K-CAM-2-Terrestrial-38-Lizard-2142.png (848/2026), MAE: 0.049197323620319366
[Eval-Test] Dataset: COD10K, Image: COD10K-CAM-2-Terrestrial-38-Lizard-2149.png (849/2026), MAE: 0.04844750091433525
[Eval-Test] Dataset: COD10K, Image: COD10K-CAM-2-Terrestrial-38-Lizard-2150.png (850/2026), MAE: 0.025663038715720177
[Eval-Test] Dataset: COD10K, Image: COD10K-CAM-2-Terrestrial-38-Lizard-2151.png (851/2026), MAE: 0.10274466872215271
[Eval-Test] Dataset: COD10K, Image: COD10K-CAM-2-Terrestrial-38-Lizard-2153.png (852/2026), MAE: 0.04806630313396454
[Eval-Test] Dataset: COD10K, Image: COD10K-CAM-2-Terrestrial-38-Lizard-2155.png (853/2026), MAE: 0.03803185373544693
[Eval-Test] Dataset: COD10K, Image: COD10K-CAM-2-Terrestrial-38-Lizard-2161.png (854/2026), MAE: 0.046582575887441635
[Eval-Test] Dataset: COD10K, Image: COD10K-CAM-2-Terrestrial-38-Lizard-2165.png (855/2026), MAE: 0.04194604605436325
[Eval-Test] Dataset: COD10K, Image: COD10K-CAM-2-Terrestrial-38-Lizard-2166.png (856/2026), MAE: 0.16446776688098907
[Eval-Test] Dataset: COD10K, Image: COD10K-CAM-2-Terrestrial-38-Lizard-2167.png (857/2026), MAE: 0.098490871489048
[Eval-Test] Dataset: COD10K, Image: COD10K-CAM-2-Terrestrial-38-Lizard-2172.png (858/2026), MAE: 0.03904233127832413
[Eval-Test] Dataset: COD10K, Image: COD10K-CAM-2-Terrestrial-38-Lizard-2173.png (859/2026), MAE: 0.07796303927898407
[Eval-Test] Dataset: COD10K, Image: COD10K-CAM-2-Terrestrial-38-Lizard-2176.png (860/2026), MAE: 0.060670409351587296
[Eval-Test] Dataset: COD10K, Image: COD10K-CAM-2-Terrestrial-38-Lizard-2178.png (861/2026), MAE: 0.07475370168685913
[Eval-Test] Dataset: COD10K, Image: COD10K-CAM-2-Terrestrial-38-Lizard-2179.png (862/2026), MAE: 0.054489098489284515
[Eval-Test] Dataset: COD10K, Image: COD10K-CAM-2-Terrestrial-38-Lizard-2180.png (863/2026), MAE: 0.0366370789706707
[Eval-Test] Dataset: COD10K, Image: COD10K-CAM-2-Terrestrial-38-Lizard-2183.png (864/2026), MAE: 0.030496321618556976
[Eval-Test] Dataset: COD10K, Image: COD10K-CAM-2-Terrestrial-38-Lizard-2185.png (865/2026), MAE: 0.04352026432752609
[Eval-Test] Dataset: COD10K, Image: COD10K-CAM-2-Terrestrial-38-Lizard-2190.png (866/2026), MAE: 0.09839005023241043
[Eval-Test] Dataset: COD10K, Image: COD10K-CAM-2-Terrestrial-38-Lizard-2194.png (867/2026), MAE: 0.04847850650548935
[Eval-Test] Dataset: COD10K, Image: COD10K-CAM-2-Terrestrial-38-Lizard-2195.png (868/2026), MAE: 0.05797511711716652
[Eval-Test] Dataset: COD10K, Image: COD10K-CAM-2-Terrestrial-38-Lizard-2197.png (869/2026), MAE: 0.024254845455288887
[Eval-Test] Dataset: COD10K, Image: COD10K-CAM-2-Terrestrial-38-Lizard-2201.png (870/2026), MAE: 0.02581200934946537
[Eval-Test] Dataset: COD10K, Image: COD10K-CAM-2-Terrestrial-38-Lizard-2202.png (871/2026), MAE: 0.052011311054229736
[Eval-Test] Dataset: COD10K, Image: COD10K-CAM-2-Terrestrial-38-Lizard-2204.png (872/2026), MAE: 0.011321612633764744
[Eval-Test] Dataset: COD10K, Image: COD10K-CAM-2-Terrestrial-38-Lizard-2205.png (873/2026), MAE: 0.05421263724565506
[Eval-Test] Dataset: COD10K, Image: COD10K-CAM-2-Terrestrial-38-Lizard-2212.png (874/2026), MAE: 0.06501499563455582
[Eval-Test] Dataset: COD10K, Image: COD10K-CAM-2-Terrestrial-38-Lizard-2213.png (875/2026), MAE: 0.10069181025028229
[Eval-Test] Dataset: COD10K, Image: COD10K-CAM-2-Terrestrial-38-Lizard-2216.png (876/2026), MAE: 0.10842876136302948
[Eval-Test] Dataset: COD10K, Image: COD10K-CAM-2-Terrestrial-38-Lizard-2217.png (877/2026), MAE: 0.0592912919819355
[Eval-Test] Dataset: COD10K, Image: COD10K-CAM-2-Terrestrial-38-Lizard-2218.png (878/2026), MAE: 0.08728229999542236
[Eval-Test] Dataset: COD10K, Image: COD10K-CAM-2-Terrestrial-38-Lizard-2220.png (879/2026), MAE: 0.11082536727190018
[Eval-Test] Dataset: COD10K, Image: COD10K-CAM-2-Terrestrial-38-Lizard-2224.png (880/2026), MAE: 0.11820551753044128
[Eval-Test] Dataset: COD10K, Image: COD10K-CAM-2-Terrestrial-38-Lizard-2225.png (881/2026), MAE: 0.04628920555114746
[Eval-Test] Dataset: COD10K, Image: COD10K-CAM-2-Terrestrial-38-Lizard-2229.png (882/2026), MAE: 0.07942958176136017
[Eval-Test] Dataset: COD10K, Image: COD10K-CAM-2-Terrestrial-38-Lizard-2231.png (883/2026), MAE: 0.06533098220825195
[Eval-Test] Dataset: COD10K, Image: COD10K-CAM-2-Terrestrial-38-Lizard-2232.png (884/2026), MAE: 0.048552900552749634
[Eval-Test] Dataset: COD10K, Image: COD10K-CAM-2-Terrestrial-38-Lizard-2233.png (885/2026), MAE: 0.0640634223818779
[Eval-Test] Dataset: COD10K, Image: COD10K-CAM-2-Terrestrial-38-Lizard-2235.png (886/2026), MAE: 0.14323461055755615
[Eval-Test] Dataset: COD10K, Image: COD10K-CAM-2-Terrestrial-38-Lizard-2240.png (887/2026), MAE: 0.034441374242305756
[Eval-Test] Dataset: COD10K, Image: COD10K-CAM-2-Terrestrial-38-Lizard-2241.png (888/2026), MAE: 0.06902481615543365
[Eval-Test] Dataset: COD10K, Image: COD10K-CAM-2-Terrestrial-38-Lizard-2243.png (889/2026), MAE: 0.046722907572984695
[Eval-Test] Dataset: COD10K, Image: COD10K-CAM-2-Terrestrial-38-Lizard-2244.png (890/2026), MAE: 0.03947252407670021
[Eval-Test] Dataset: COD10K, Image: COD10K-CAM-2-Terrestrial-38-Lizard-2245.png (891/2026), MAE: 0.06715160608291626
[Eval-Test] Dataset: COD10K, Image: COD10K-CAM-2-Terrestrial-38-Lizard-2248.png (892/2026), MAE: 0.06468109786510468
[Eval-Test] Dataset: COD10K, Image: COD10K-CAM-2-Terrestrial-38-Lizard-2251.png (893/2026), MAE: 0.037095677107572556
[Eval-Test] Dataset: COD10K, Image: COD10K-CAM-2-Terrestrial-38-Lizard-2256.png (894/2026), MAE: 0.029189137741923332
[Eval-Test] Dataset: COD10K, Image: COD10K-CAM-2-Terrestrial-38-Lizard-2261.png (895/2026), MAE: 0.013105672784149647
[Eval-Test] Dataset: COD10K, Image: COD10K-CAM-2-Terrestrial-38-Lizard-2264.png (896/2026), MAE: 0.15516957640647888
[Eval-Test] Dataset: COD10K, Image: COD10K-CAM-2-Terrestrial-38-Lizard-2266.png (897/2026), MAE: 0.058513037860393524
[Eval-Test] Dataset: COD10K, Image: COD10K-CAM-2-Terrestrial-38-Lizard-2273.png (898/2026), MAE: 0.04734445735812187
[Eval-Test] Dataset: COD10K, Image: COD10K-CAM-2-Terrestrial-38-Lizard-2276.png (899/2026), MAE: 0.043004415929317474
[Eval-Test] Dataset: COD10K, Image: COD10K-CAM-2-Terrestrial-38-Lizard-2278.png (900/2026), MAE: 0.04046686738729477
[Eval-Test] Dataset: COD10K, Image: COD10K-CAM-2-Terrestrial-38-Lizard-2279.png (901/2026), MAE: 0.038148339837789536
[Eval-Test] Dataset: COD10K, Image: COD10K-CAM-2-Terrestrial-38-Lizard-2282.png (902/2026), MAE: 0.056643858551979065
[Eval-Test] Dataset: COD10K, Image: COD10K-CAM-2-Terrestrial-38-Lizard-2285.png (903/2026), MAE: 0.07390151917934418
[Eval-Test] Dataset: COD10K, Image: COD10K-CAM-2-Terrestrial-38-Lizard-2286.png (904/2026), MAE: 0.04696301743388176
[Eval-Test] Dataset: COD10K, Image: COD10K-CAM-2-Terrestrial-38-Lizard-2288.png (905/2026), MAE: 0.046343304216861725
[Eval-Test] Dataset: COD10K, Image: COD10K-CAM-2-Terrestrial-38-Lizard-2291.png (906/2026), MAE: 0.012892971746623516
[Eval-Test] Dataset: COD10K, Image: COD10K-CAM-2-Terrestrial-38-Lizard-2294.png (907/2026), MAE: 0.026868317276239395
[Eval-Test] Dataset: COD10K, Image: COD10K-CAM-2-Terrestrial-38-Lizard-2295.png (908/2026), MAE: 0.057115908712148666
[Eval-Test] Dataset: COD10K, Image: COD10K-CAM-2-Terrestrial-38-Lizard-2304.png (909/2026), MAE: 0.024652689695358276
[Eval-Test] Dataset: COD10K, Image: COD10K-CAM-2-Terrestrial-38-Lizard-2307.png (910/2026), MAE: 0.042337384074926376
[Eval-Test] Dataset: COD10K, Image: COD10K-CAM-2-Terrestrial-38-Lizard-2308.png (911/2026), MAE: 0.019824542105197906
[Eval-Test] Dataset: COD10K, Image: COD10K-CAM-2-Terrestrial-38-Lizard-2309.png (912/2026), MAE: 0.016092773526906967
[Eval-Test] Dataset: COD10K, Image: COD10K-CAM-2-Terrestrial-38-Lizard-2315.png (913/2026), MAE: 0.049493640661239624
[Eval-Test] Dataset: COD10K, Image: COD10K-CAM-2-Terrestrial-38-Lizard-2316.png (914/2026), MAE: 0.13841333985328674
[Eval-Test] Dataset: COD10K, Image: COD10K-CAM-2-Terrestrial-38-Lizard-2319.png (915/2026), MAE: 0.04031229019165039
[Eval-Test] Dataset: COD10K, Image: COD10K-CAM-2-Terrestrial-38-Lizard-2324.png (916/2026), MAE: 0.06407899409532547
[Eval-Test] Dataset: COD10K, Image: COD10K-CAM-2-Terrestrial-38-Lizard-2326.png (917/2026), MAE: 0.06961479038000107
[Eval-Test] Dataset: COD10K, Image: COD10K-CAM-2-Terrestrial-39-Monkey-2333.png (918/2026), MAE: 0.0257490836083889
[Eval-Test] Dataset: COD10K, Image: COD10K-CAM-2-Terrestrial-39-Monkey-2338.png (919/2026), MAE: 0.15655779838562012
[Eval-Test] Dataset: COD10K, Image: COD10K-CAM-2-Terrestrial-40-Rabbit-2339.png (920/2026), MAE: 0.01726238802075386
[Eval-Test] Dataset: COD10K, Image: COD10K-CAM-2-Terrestrial-40-Rabbit-2340.png (921/2026), MAE: 0.1678212434053421
[Eval-Test] Dataset: COD10K, Image: COD10K-CAM-2-Terrestrial-40-Rabbit-2341.png (922/2026), MAE: 0.013896017335355282
[Eval-Test] Dataset: COD10K, Image: COD10K-CAM-2-Terrestrial-40-Rabbit-2344.png (923/2026), MAE: 0.03179853409528732
[Eval-Test] Dataset: COD10K, Image: COD10K-CAM-2-Terrestrial-40-Rabbit-2346.png (924/2026), MAE: 0.0169234462082386
[Eval-Test] Dataset: COD10K, Image: COD10K-CAM-2-Terrestrial-40-Rabbit-2347.png (925/2026), MAE: 0.016142206266522408
[Eval-Test] Dataset: COD10K, Image: COD10K-CAM-2-Terrestrial-40-Rabbit-2348.png (926/2026), MAE: 0.013522332534193993
[Eval-Test] Dataset: COD10K, Image: COD10K-CAM-2-Terrestrial-40-Rabbit-2351.png (927/2026), MAE: 0.0715060830116272
[Eval-Test] Dataset: COD10K, Image: COD10K-CAM-2-Terrestrial-40-Rabbit-2352.png (928/2026), MAE: 0.012206343933939934
[Eval-Test] Dataset: COD10K, Image: COD10K-CAM-2-Terrestrial-40-Rabbit-2356.png (929/2026), MAE: 0.11655929684638977
[Eval-Test] Dataset: COD10K, Image: COD10K-CAM-2-Terrestrial-40-Rabbit-2358.png (930/2026), MAE: 0.03449270501732826
[Eval-Test] Dataset: COD10K, Image: COD10K-CAM-2-Terrestrial-40-Rabbit-2360.png (931/2026), MAE: 0.02052413299679756
[Eval-Test] Dataset: COD10K, Image: COD10K-CAM-2-Terrestrial-40-Rabbit-2366.png (932/2026), MAE: 0.03151196241378784
[Eval-Test] Dataset: COD10K, Image: COD10K-CAM-2-Terrestrial-40-Rabbit-2368.png (933/2026), MAE: 0.04263773560523987
[Eval-Test] Dataset: COD10K, Image: COD10K-CAM-2-Terrestrial-40-Rabbit-2369.png (934/2026), MAE: 0.043313272297382355
[Eval-Test] Dataset: COD10K, Image: COD10K-CAM-2-Terrestrial-40-Rabbit-2371.png (935/2026), MAE: 0.03060811199247837
[Eval-Test] Dataset: COD10K, Image: COD10K-CAM-2-Terrestrial-40-Rabbit-2373.png (936/2026), MAE: 0.0350206196308136
[Eval-Test] Dataset: COD10K, Image: COD10K-CAM-2-Terrestrial-41-Reccoon-2374.png (937/2026), MAE: 0.0627538412809372
[Eval-Test] Dataset: COD10K, Image: COD10K-CAM-2-Terrestrial-41-Reccoon-2375.png (938/2026), MAE: 0.027693986892700195
[Eval-Test] Dataset: COD10K, Image: COD10K-CAM-2-Terrestrial-42-Sciuridae-2379.png (939/2026), MAE: 0.04678603634238243
[Eval-Test] Dataset: COD10K, Image: COD10K-CAM-2-Terrestrial-42-Sciuridae-2380.png (940/2026), MAE: 0.02672078274190426
[Eval-Test] Dataset: COD10K, Image: COD10K-CAM-2-Terrestrial-42-Sciuridae-2382.png (941/2026), MAE: 0.03550310432910919
[Eval-Test] Dataset: COD10K, Image: COD10K-CAM-2-Terrestrial-42-Sciuridae-2383.png (942/2026), MAE: 0.04767303168773651
[Eval-Test] Dataset: COD10K, Image: COD10K-CAM-2-Terrestrial-42-Sciuridae-2384.png (943/2026), MAE: 0.017455780878663063
[Eval-Test] Dataset: COD10K, Image: COD10K-CAM-2-Terrestrial-42-Sciuridae-2386.png (944/2026), MAE: 0.04581349343061447
[Eval-Test] Dataset: COD10K, Image: COD10K-CAM-2-Terrestrial-42-Sciuridae-2395.png (945/2026), MAE: 0.01347342412918806
[Eval-Test] Dataset: COD10K, Image: COD10K-CAM-2-Terrestrial-42-Sciuridae-2397.png (946/2026), MAE: 0.03220057487487793
[Eval-Test] Dataset: COD10K, Image: COD10K-CAM-2-Terrestrial-42-Sciuridae-2400.png (947/2026), MAE: 0.018118135631084442
[Eval-Test] Dataset: COD10K, Image: COD10K-CAM-2-Terrestrial-42-Sciuridae-2401.png (948/2026), MAE: 0.025881871581077576
[Eval-Test] Dataset: COD10K, Image: COD10K-CAM-2-Terrestrial-42-Sciuridae-2402.png (949/2026), MAE: 0.03842765465378761
[Eval-Test] Dataset: COD10K, Image: COD10K-CAM-2-Terrestrial-42-Sciuridae-2407.png (950/2026), MAE: 0.06779687851667404
[Eval-Test] Dataset: COD10K, Image: COD10K-CAM-2-Terrestrial-42-Sciuridae-2408.png (951/2026), MAE: 0.03444163128733635
[Eval-Test] Dataset: COD10K, Image: COD10K-CAM-2-Terrestrial-42-Sciuridae-2410.png (952/2026), MAE: 0.1607230305671692
[Eval-Test] Dataset: COD10K, Image: COD10K-CAM-2-Terrestrial-42-Sciuridae-2413.png (953/2026), MAE: 0.08073830604553223
[Eval-Test] Dataset: COD10K, Image: COD10K-CAM-2-Terrestrial-42-Sciuridae-2418.png (954/2026), MAE: 0.02366916462779045
[Eval-Test] Dataset: COD10K, Image: COD10K-CAM-2-Terrestrial-43-Sheep-2422.png (955/2026), MAE: 0.1491815447807312
[Eval-Test] Dataset: COD10K, Image: COD10K-CAM-2-Terrestrial-44-Snake-2424.png (956/2026), MAE: 0.05885864794254303
[Eval-Test] Dataset: COD10K, Image: COD10K-CAM-2-Terrestrial-44-Snake-2434.png (957/2026), MAE: 0.056780461221933365
[Eval-Test] Dataset: COD10K, Image: COD10K-CAM-2-Terrestrial-44-Snake-2437.png (958/2026), MAE: 0.08935587853193283
[Eval-Test] Dataset: COD10K, Image: COD10K-CAM-2-Terrestrial-44-Snake-2440.png (959/2026), MAE: 0.09401261806488037
[Eval-Test] Dataset: COD10K, Image: COD10K-CAM-2-Terrestrial-44-Snake-2444.png (960/2026), MAE: 0.026923418045043945
[Eval-Test] Dataset: COD10K, Image: COD10K-CAM-2-Terrestrial-44-Snake-2448.png (961/2026), MAE: 0.04438195750117302
[Eval-Test] Dataset: COD10K, Image: COD10K-CAM-2-Terrestrial-44-Snake-2449.png (962/2026), MAE: 0.04347299039363861
[Eval-Test] Dataset: COD10K, Image: COD10K-CAM-2-Terrestrial-44-Snake-2451.png (963/2026), MAE: 0.08693241328001022
[Eval-Test] Dataset: COD10K, Image: COD10K-CAM-2-Terrestrial-44-Snake-2452.png (964/2026), MAE: 0.0463104173541069
[Eval-Test] Dataset: COD10K, Image: COD10K-CAM-2-Terrestrial-44-Snake-2453.png (965/2026), MAE: 0.14526984095573425
[Eval-Test] Dataset: COD10K, Image: COD10K-CAM-2-Terrestrial-44-Snake-2454.png (966/2026), MAE: 0.07541262358427048
[Eval-Test] Dataset: COD10K, Image: COD10K-CAM-2-Terrestrial-44-Snake-2456.png (967/2026), MAE: 0.07647213339805603
[Eval-Test] Dataset: COD10K, Image: COD10K-CAM-2-Terrestrial-44-Snake-2458.png (968/2026), MAE: 0.0688420981168747
[Eval-Test] Dataset: COD10K, Image: COD10K-CAM-2-Terrestrial-44-Snake-2461.png (969/2026), MAE: 0.16930098831653595
[Eval-Test] Dataset: COD10K, Image: COD10K-CAM-2-Terrestrial-44-Snake-2465.png (970/2026), MAE: 0.026677122339606285
[Eval-Test] Dataset: COD10K, Image: COD10K-CAM-2-Terrestrial-44-Snake-2466.png (971/2026), MAE: 0.05225163325667381
[Eval-Test] Dataset: COD10K, Image: COD10K-CAM-2-Terrestrial-44-Snake-2467.png (972/2026), MAE: 0.14664967358112335
[Eval-Test] Dataset: COD10K, Image: COD10K-CAM-2-Terrestrial-44-Snake-2471.png (973/2026), MAE: 0.07449579238891602
[Eval-Test] Dataset: COD10K, Image: COD10K-CAM-2-Terrestrial-44-Snake-2472.png (974/2026), MAE: 0.12723809480667114
[Eval-Test] Dataset: COD10K, Image: COD10K-CAM-2-Terrestrial-44-Snake-2474.png (975/2026), MAE: 0.08843421190977097
[Eval-Test] Dataset: COD10K, Image: COD10K-CAM-2-Terrestrial-44-Snake-2476.png (976/2026), MAE: 0.09995386749505997
[Eval-Test] Dataset: COD10K, Image: COD10K-CAM-2-Terrestrial-44-Snake-2479.png (977/2026), MAE: 0.037783972918987274
[Eval-Test] Dataset: COD10K, Image: COD10K-CAM-2-Terrestrial-44-Snake-2481.png (978/2026), MAE: 0.12482360005378723
[Eval-Test] Dataset: COD10K, Image: COD10K-CAM-2-Terrestrial-44-Snake-2482.png (979/2026), MAE: 0.14688697457313538
[Eval-Test] Dataset: COD10K, Image: COD10K-CAM-2-Terrestrial-44-Snake-2484.png (980/2026), MAE: 0.11410850286483765
[Eval-Test] Dataset: COD10K, Image: COD10K-CAM-2-Terrestrial-44-Snake-2485.png (981/2026), MAE: 0.02308708056807518
[Eval-Test] Dataset: COD10K, Image: COD10K-CAM-2-Terrestrial-44-Snake-2491.png (982/2026), MAE: 0.03100776858627796
[Eval-Test] Dataset: COD10K, Image: COD10K-CAM-2-Terrestrial-44-Snake-2492.png (983/2026), MAE: 0.06033673882484436
[Eval-Test] Dataset: COD10K, Image: COD10K-CAM-2-Terrestrial-45-Spider-2494.png (984/2026), MAE: 0.0615619532763958
[Eval-Test] Dataset: COD10K, Image: COD10K-CAM-2-Terrestrial-45-Spider-2498.png (985/2026), MAE: 0.1608208417892456
[Eval-Test] Dataset: COD10K, Image: COD10K-CAM-2-Terrestrial-45-Spider-2501.png (986/2026), MAE: 0.16857171058654785
[Eval-Test] Dataset: COD10K, Image: COD10K-CAM-2-Terrestrial-45-Spider-2506.png (987/2026), MAE: 0.0659317821264267
[Eval-Test] Dataset: COD10K, Image: COD10K-CAM-2-Terrestrial-45-Spider-2508.png (988/2026), MAE: 0.06838460266590118
[Eval-Test] Dataset: COD10K, Image: COD10K-CAM-2-Terrestrial-45-Spider-2510.png (989/2026), MAE: 0.06667689979076385
[Eval-Test] Dataset: COD10K, Image: COD10K-CAM-2-Terrestrial-45-Spider-2511.png (990/2026), MAE: 0.12451045960187912
[Eval-Test] Dataset: COD10K, Image: COD10K-CAM-2-Terrestrial-45-Spider-2514.png (991/2026), MAE: 0.06885421276092529
[Eval-Test] Dataset: COD10K, Image: COD10K-CAM-2-Terrestrial-45-Spider-2519.png (992/2026), MAE: 0.05943863093852997
[Eval-Test] Dataset: COD10K, Image: COD10K-CAM-2-Terrestrial-45-Spider-2520.png (993/2026), MAE: 0.08367052674293518
[Eval-Test] Dataset: COD10K, Image: COD10K-CAM-2-Terrestrial-45-Spider-2524.png (994/2026), MAE: 0.047622084617614746
[Eval-Test] Dataset: COD10K, Image: COD10K-CAM-2-Terrestrial-45-Spider-2526.png (995/2026), MAE: 0.08884159475564957
[Eval-Test] Dataset: COD10K, Image: COD10K-CAM-2-Terrestrial-45-Spider-2527.png (996/2026), MAE: 0.052106305956840515
[Eval-Test] Dataset: COD10K, Image: COD10K-CAM-2-Terrestrial-45-Spider-2529.png (997/2026), MAE: 0.13924530148506165
[Eval-Test] Dataset: COD10K, Image: COD10K-CAM-2-Terrestrial-45-Spider-2531.png (998/2026), MAE: 0.13375568389892578
[Eval-Test] Dataset: COD10K, Image: COD10K-CAM-2-Terrestrial-45-Spider-2532.png (999/2026), MAE: 0.11479473859071732
[Eval-Test] Dataset: COD10K, Image: COD10K-CAM-2-Terrestrial-45-Spider-2534.png (1000/2026), MAE: 0.31558331847190857
[Eval-Test] Dataset: COD10K, Image: COD10K-CAM-2-Terrestrial-45-Spider-2535.png (1001/2026), MAE: 0.21624727547168732
[Eval-Test] Dataset: COD10K, Image: COD10K-CAM-2-Terrestrial-45-Spider-2538.png (1002/2026), MAE: 0.07821813970804214
[Eval-Test] Dataset: COD10K, Image: COD10K-CAM-2-Terrestrial-45-Spider-2540.png (1003/2026), MAE: 0.05473313108086586
[Eval-Test] Dataset: COD10K, Image: COD10K-CAM-2-Terrestrial-45-Spider-2544.png (1004/2026), MAE: 0.16224773228168488
[Eval-Test] Dataset: COD10K, Image: COD10K-CAM-2-Terrestrial-45-Spider-2551.png (1005/2026), MAE: 0.11555133759975433
[Eval-Test] Dataset: COD10K, Image: COD10K-CAM-2-Terrestrial-45-Spider-2552.png (1006/2026), MAE: 0.021749678999185562
[Eval-Test] Dataset: COD10K, Image: COD10K-CAM-2-Terrestrial-45-Spider-2553.png (1007/2026), MAE: 0.06697884202003479
[Eval-Test] Dataset: COD10K, Image: COD10K-CAM-2-Terrestrial-45-Spider-2554.png (1008/2026), MAE: 0.11695411056280136
[Eval-Test] Dataset: COD10K, Image: COD10K-CAM-2-Terrestrial-45-Spider-2566.png (1009/2026), MAE: 0.0702182948589325
[Eval-Test] Dataset: COD10K, Image: COD10K-CAM-2-Terrestrial-45-Spider-2567.png (1010/2026), MAE: 0.14213280379772186
[Eval-Test] Dataset: COD10K, Image: COD10K-CAM-2-Terrestrial-45-Spider-2575.png (1011/2026), MAE: 0.07626417279243469
[Eval-Test] Dataset: COD10K, Image: COD10K-CAM-2-Terrestrial-45-Spider-2576.png (1012/2026), MAE: 0.09779153019189835
[Eval-Test] Dataset: COD10K, Image: COD10K-CAM-2-Terrestrial-45-Spider-2579.png (1013/2026), MAE: 0.03299213945865631
[Eval-Test] Dataset: COD10K, Image: COD10K-CAM-2-Terrestrial-45-Spider-2580.png (1014/2026), MAE: 0.04571707546710968
[Eval-Test] Dataset: COD10K, Image: COD10K-CAM-2-Terrestrial-45-Spider-2581.png (1015/2026), MAE: 0.04950443655252457
[Eval-Test] Dataset: COD10K, Image: COD10K-CAM-2-Terrestrial-45-Spider-2586.png (1016/2026), MAE: 0.03840993717312813
[Eval-Test] Dataset: COD10K, Image: COD10K-CAM-2-Terrestrial-45-Spider-2587.png (1017/2026), MAE: 0.06618035584688187
[Eval-Test] Dataset: COD10K, Image: COD10K-CAM-2-Terrestrial-45-Spider-2588.png (1018/2026), MAE: 0.06813771277666092
[Eval-Test] Dataset: COD10K, Image: COD10K-CAM-2-Terrestrial-45-Spider-2592.png (1019/2026), MAE: 0.0857069194316864
[Eval-Test] Dataset: COD10K, Image: COD10K-CAM-2-Terrestrial-45-Spider-2593.png (1020/2026), MAE: 0.15043842792510986
[Eval-Test] Dataset: COD10K, Image: COD10K-CAM-2-Terrestrial-45-Spider-2595.png (1021/2026), MAE: 0.04841583967208862
[Eval-Test] Dataset: COD10K, Image: COD10K-CAM-2-Terrestrial-45-Spider-2601.png (1022/2026), MAE: 0.06749685108661652
[Eval-Test] Dataset: COD10K, Image: COD10K-CAM-2-Terrestrial-45-Spider-2602.png (1023/2026), MAE: 0.1900014579296112
[Eval-Test] Dataset: COD10K, Image: COD10K-CAM-2-Terrestrial-45-Spider-2603.png (1024/2026), MAE: 0.04063310846686363
[Eval-Test] Dataset: COD10K, Image: COD10K-CAM-2-Terrestrial-45-Spider-2605.png (1025/2026), MAE: 0.08239821344614029
[Eval-Test] Dataset: COD10K, Image: COD10K-CAM-2-Terrestrial-45-Spider-2606.png (1026/2026), MAE: 0.054736122488975525
[Eval-Test] Dataset: COD10K, Image: COD10K-CAM-2-Terrestrial-45-Spider-2609.png (1027/2026), MAE: 0.05521940812468529
[Eval-Test] Dataset: COD10K, Image: COD10K-CAM-2-Terrestrial-45-Spider-2614.png (1028/2026), MAE: 0.052471358329057693
[Eval-Test] Dataset: COD10K, Image: COD10K-CAM-2-Terrestrial-45-Spider-2616.png (1029/2026), MAE: 0.16247402131557465
[Eval-Test] Dataset: COD10K, Image: COD10K-CAM-2-Terrestrial-45-Spider-2617.png (1030/2026), MAE: 0.09124775975942612
[Eval-Test] Dataset: COD10K, Image: COD10K-CAM-2-Terrestrial-45-Spider-2620.png (1031/2026), MAE: 0.1274685561656952
[Eval-Test] Dataset: COD10K, Image: COD10K-CAM-2-Terrestrial-45-Spider-2621.png (1032/2026), MAE: 0.1104620099067688
[Eval-Test] Dataset: COD10K, Image: COD10K-CAM-2-Terrestrial-45-Spider-2626.png (1033/2026), MAE: 0.1035648062825203
[Eval-Test] Dataset: COD10K, Image: COD10K-CAM-2-Terrestrial-45-Spider-2627.png (1034/2026), MAE: 0.061149224638938904
[Eval-Test] Dataset: COD10K, Image: COD10K-CAM-2-Terrestrial-45-Spider-2630.png (1035/2026), MAE: 0.04139545559883118
[Eval-Test] Dataset: COD10K, Image: COD10K-CAM-2-Terrestrial-45-Spider-2631.png (1036/2026), MAE: 0.09725117683410645
[Eval-Test] Dataset: COD10K, Image: COD10K-CAM-2-Terrestrial-45-Spider-2632.png (1037/2026), MAE: 0.0497160404920578
[Eval-Test] Dataset: COD10K, Image: COD10K-CAM-2-Terrestrial-45-Spider-2637.png (1038/2026), MAE: 0.04111219942569733
[Eval-Test] Dataset: COD10K, Image: COD10K-CAM-2-Terrestrial-45-Spider-2640.png (1039/2026), MAE: 0.08809816837310791
[Eval-Test] Dataset: COD10K, Image: COD10K-CAM-2-Terrestrial-45-Spider-2641.png (1040/2026), MAE: 0.04920235276222229
[Eval-Test] Dataset: COD10K, Image: COD10K-CAM-2-Terrestrial-45-Spider-2645.png (1041/2026), MAE: 0.04289110377430916
[Eval-Test] Dataset: COD10K, Image: COD10K-CAM-2-Terrestrial-45-Spider-2646.png (1042/2026), MAE: 0.07472995668649673
[Eval-Test] Dataset: COD10K, Image: COD10K-CAM-2-Terrestrial-45-Spider-2649.png (1043/2026), MAE: 0.18890132009983063
[Eval-Test] Dataset: COD10K, Image: COD10K-CAM-2-Terrestrial-45-Spider-2650.png (1044/2026), MAE: 0.14204539358615875
[Eval-Test] Dataset: COD10K, Image: COD10K-CAM-2-Terrestrial-45-Spider-2652.png (1045/2026), MAE: 0.036963533610105515
[Eval-Test] Dataset: COD10K, Image: COD10K-CAM-2-Terrestrial-45-Spider-2653.png (1046/2026), MAE: 0.030141105875372887
[Eval-Test] Dataset: COD10K, Image: COD10K-CAM-2-Terrestrial-45-Spider-2656.png (1047/2026), MAE: 0.07073206454515457
[Eval-Test] Dataset: COD10K, Image: COD10K-CAM-2-Terrestrial-45-Spider-2658.png (1048/2026), MAE: 0.3667396903038025
[Eval-Test] Dataset: COD10K, Image: COD10K-CAM-2-Terrestrial-45-Spider-2659.png (1049/2026), MAE: 0.09988642483949661
[Eval-Test] Dataset: COD10K, Image: COD10K-CAM-2-Terrestrial-45-Spider-2665.png (1050/2026), MAE: 0.053599413484334946
[Eval-Test] Dataset: COD10K, Image: COD10K-CAM-2-Terrestrial-45-Spider-2667.png (1051/2026), MAE: 0.04689136520028114
[Eval-Test] Dataset: COD10K, Image: COD10K-CAM-2-Terrestrial-45-Spider-2670.png (1052/2026), MAE: 0.07178313285112381
[Eval-Test] Dataset: COD10K, Image: COD10K-CAM-2-Terrestrial-45-Spider-2671.png (1053/2026), MAE: 0.07819843292236328
[Eval-Test] Dataset: COD10K, Image: COD10K-CAM-2-Terrestrial-45-Spider-2673.png (1054/2026), MAE: 0.08598416298627853
[Eval-Test] Dataset: COD10K, Image: COD10K-CAM-2-Terrestrial-45-Spider-2677.png (1055/2026), MAE: 0.17561791837215424
[Eval-Test] Dataset: COD10K, Image: COD10K-CAM-2-Terrestrial-45-Spider-2683.png (1056/2026), MAE: 0.02131558582186699
[Eval-Test] Dataset: COD10K, Image: COD10K-CAM-2-Terrestrial-45-Spider-2690.png (1057/2026), MAE: 0.04720548167824745
[Eval-Test] Dataset: COD10K, Image: COD10K-CAM-2-Terrestrial-45-Spider-2693.png (1058/2026), MAE: 0.10741415619850159
[Eval-Test] Dataset: COD10K, Image: COD10K-CAM-2-Terrestrial-45-Spider-2694.png (1059/2026), MAE: 0.086171954870224
[Eval-Test] Dataset: COD10K, Image: COD10K-CAM-2-Terrestrial-45-Spider-2697.png (1060/2026), MAE: 0.05194085091352463
[Eval-Test] Dataset: COD10K, Image: COD10K-CAM-2-Terrestrial-45-Spider-2701.png (1061/2026), MAE: 0.11449310183525085
[Eval-Test] Dataset: COD10K, Image: COD10K-CAM-2-Terrestrial-45-Spider-2702.png (1062/2026), MAE: 0.3432900607585907
[Eval-Test] Dataset: COD10K, Image: COD10K-CAM-2-Terrestrial-45-Spider-2703.png (1063/2026), MAE: 0.2424822598695755
[Eval-Test] Dataset: COD10K, Image: COD10K-CAM-2-Terrestrial-45-Spider-2704.png (1064/2026), MAE: 0.05781519412994385
[Eval-Test] Dataset: COD10K, Image: COD10K-CAM-2-Terrestrial-45-Spider-2707.png (1065/2026), MAE: 0.03541596978902817
[Eval-Test] Dataset: COD10K, Image: COD10K-CAM-2-Terrestrial-45-Spider-2709.png (1066/2026), MAE: 0.15626828372478485
[Eval-Test] Dataset: COD10K, Image: COD10K-CAM-2-Terrestrial-45-Spider-2715.png (1067/2026), MAE: 0.03449723497033119
[Eval-Test] Dataset: COD10K, Image: COD10K-CAM-2-Terrestrial-45-Spider-2717.png (1068/2026), MAE: 0.11663703620433807
[Eval-Test] Dataset: COD10K, Image: COD10K-CAM-2-Terrestrial-45-Spider-2718.png (1069/2026), MAE: 0.12184889614582062
[Eval-Test] Dataset: COD10K, Image: COD10K-CAM-2-Terrestrial-45-Spider-2719.png (1070/2026), MAE: 0.15469135344028473
[Eval-Test] Dataset: COD10K, Image: COD10K-CAM-2-Terrestrial-45-Spider-2720.png (1071/2026), MAE: 0.07581115514039993
[Eval-Test] Dataset: COD10K, Image: COD10K-CAM-2-Terrestrial-45-Spider-2721.png (1072/2026), MAE: 0.07557490468025208
[Eval-Test] Dataset: COD10K, Image: COD10K-CAM-2-Terrestrial-45-Spider-2723.png (1073/2026), MAE: 0.20348866283893585
[Eval-Test] Dataset: COD10K, Image: COD10K-CAM-2-Terrestrial-45-Spider-2727.png (1074/2026), MAE: 0.09221428632736206
[Eval-Test] Dataset: COD10K, Image: COD10K-CAM-2-Terrestrial-45-Spider-2728.png (1075/2026), MAE: 0.2484809011220932
[Eval-Test] Dataset: COD10K, Image: COD10K-CAM-2-Terrestrial-45-Spider-2730.png (1076/2026), MAE: 0.08794894814491272
[Eval-Test] Dataset: COD10K, Image: COD10K-CAM-2-Terrestrial-45-Spider-2731.png (1077/2026), MAE: 0.08606872707605362
[Eval-Test] Dataset: COD10K, Image: COD10K-CAM-2-Terrestrial-45-Spider-2732.png (1078/2026), MAE: 0.07409831136465073
[Eval-Test] Dataset: COD10K, Image: COD10K-CAM-2-Terrestrial-45-Spider-2735.png (1079/2026), MAE: 0.18677711486816406
[Eval-Test] Dataset: COD10K, Image: COD10K-CAM-2-Terrestrial-45-Spider-2736.png (1080/2026), MAE: 0.12903816998004913
[Eval-Test] Dataset: COD10K, Image: COD10K-CAM-2-Terrestrial-45-Spider-2737.png (1081/2026), MAE: 0.27801188826560974
[Eval-Test] Dataset: COD10K, Image: COD10K-CAM-2-Terrestrial-45-Spider-2741.png (1082/2026), MAE: 0.0635257288813591
[Eval-Test] Dataset: COD10K, Image: COD10K-CAM-2-Terrestrial-45-Spider-2745.png (1083/2026), MAE: 0.05915514752268791
[Eval-Test] Dataset: COD10K, Image: COD10K-CAM-2-Terrestrial-45-Spider-2754.png (1084/2026), MAE: 0.12939849495887756
[Eval-Test] Dataset: COD10K, Image: COD10K-CAM-2-Terrestrial-45-Spider-2756.png (1085/2026), MAE: 0.02950732409954071
[Eval-Test] Dataset: COD10K, Image: COD10K-CAM-2-Terrestrial-45-Spider-2759.png (1086/2026), MAE: 0.01484291348606348
[Eval-Test] Dataset: COD10K, Image: COD10K-CAM-2-Terrestrial-45-Spider-2760.png (1087/2026), MAE: 0.06310836225748062
[Eval-Test] Dataset: COD10K, Image: COD10K-CAM-2-Terrestrial-45-Spider-2762.png (1088/2026), MAE: 0.08271867781877518
[Eval-Test] Dataset: COD10K, Image: COD10K-CAM-2-Terrestrial-45-Spider-2763.png (1089/2026), MAE: 0.03733980655670166
[Eval-Test] Dataset: COD10K, Image: COD10K-CAM-2-Terrestrial-45-Spider-2769.png (1090/2026), MAE: 0.10233037918806076
[Eval-Test] Dataset: COD10K, Image: COD10K-CAM-2-Terrestrial-45-Spider-2770.png (1091/2026), MAE: 0.27908453345298767
[Eval-Test] Dataset: COD10K, Image: COD10K-CAM-2-Terrestrial-45-Spider-2771.png (1092/2026), MAE: 0.07372759282588959
[Eval-Test] Dataset: COD10K, Image: COD10K-CAM-2-Terrestrial-45-Spider-2772.png (1093/2026), MAE: 0.04753103107213974
[Eval-Test] Dataset: COD10K, Image: COD10K-CAM-2-Terrestrial-45-Spider-2773.png (1094/2026), MAE: 0.04049716889858246
[Eval-Test] Dataset: COD10K, Image: COD10K-CAM-2-Terrestrial-45-Spider-2779.png (1095/2026), MAE: 0.07446417212486267
[Eval-Test] Dataset: COD10K, Image: COD10K-CAM-2-Terrestrial-45-Spider-2782.png (1096/2026), MAE: 0.08977816253900528
[Eval-Test] Dataset: COD10K, Image: COD10K-CAM-2-Terrestrial-45-Spider-2783.png (1097/2026), MAE: 0.023621894419193268
[Eval-Test] Dataset: COD10K, Image: COD10K-CAM-2-Terrestrial-45-Spider-2789.png (1098/2026), MAE: 0.17709514498710632
[Eval-Test] Dataset: COD10K, Image: COD10K-CAM-2-Terrestrial-45-Spider-2791.png (1099/2026), MAE: 0.30458033084869385
[Eval-Test] Dataset: COD10K, Image: COD10K-CAM-2-Terrestrial-45-Spider-2792.png (1100/2026), MAE: 0.0924452468752861
[Eval-Test] Dataset: COD10K, Image: COD10K-CAM-2-Terrestrial-45-Spider-2794.png (1101/2026), MAE: 0.05330575630068779
[Eval-Test] Dataset: COD10K, Image: COD10K-CAM-2-Terrestrial-45-Spider-2796.png (1102/2026), MAE: 0.08308341354131699
[Eval-Test] Dataset: COD10K, Image: COD10K-CAM-2-Terrestrial-45-Spider-2798.png (1103/2026), MAE: 0.07257567346096039
[Eval-Test] Dataset: COD10K, Image: COD10K-CAM-2-Terrestrial-46-StickInsect-2804.png (1104/2026), MAE: 0.31359612941741943
[Eval-Test] Dataset: COD10K, Image: COD10K-CAM-2-Terrestrial-46-StickInsect-2805.png (1105/2026), MAE: 0.23221361637115479
[Eval-Test] Dataset: COD10K, Image: COD10K-CAM-2-Terrestrial-46-StickInsect-2806.png (1106/2026), MAE: 0.14948321878910065
[Eval-Test] Dataset: COD10K, Image: COD10K-CAM-2-Terrestrial-46-StickInsect-2807.png (1107/2026), MAE: 0.028546130284667015
[Eval-Test] Dataset: COD10K, Image: COD10K-CAM-2-Terrestrial-46-StickInsect-2808.png (1108/2026), MAE: 0.0669243261218071
[Eval-Test] Dataset: COD10K, Image: COD10K-CAM-2-Terrestrial-46-StickInsect-2809.png (1109/2026), MAE: 0.06611105799674988
[Eval-Test] Dataset: COD10K, Image: COD10K-CAM-2-Terrestrial-46-StickInsect-2810.png (1110/2026), MAE: 0.06120418757200241
[Eval-Test] Dataset: COD10K, Image: COD10K-CAM-2-Terrestrial-46-StickInsect-2811.png (1111/2026), MAE: 0.19292373955249786
[Eval-Test] Dataset: COD10K, Image: COD10K-CAM-2-Terrestrial-46-StickInsect-2813.png (1112/2026), MAE: 0.08882864564657211
[Eval-Test] Dataset: COD10K, Image: COD10K-CAM-2-Terrestrial-46-StickInsect-2815.png (1113/2026), MAE: 0.06037510186433792
[Eval-Test] Dataset: COD10K, Image: COD10K-CAM-2-Terrestrial-46-StickInsect-2816.png (1114/2026), MAE: 0.0496087521314621
[Eval-Test] Dataset: COD10K, Image: COD10K-CAM-2-Terrestrial-46-StickInsect-2817.png (1115/2026), MAE: 0.07417608052492142
[Eval-Test] Dataset: COD10K, Image: COD10K-CAM-2-Terrestrial-46-StickInsect-2818.png (1116/2026), MAE: 0.04598288610577583
[Eval-Test] Dataset: COD10K, Image: COD10K-CAM-2-Terrestrial-46-StickInsect-2819.png (1117/2026), MAE: 0.13582484424114227
[Eval-Test] Dataset: COD10K, Image: COD10K-CAM-2-Terrestrial-46-StickInsect-2820.png (1118/2026), MAE: 0.10416900366544724
[Eval-Test] Dataset: COD10K, Image: COD10K-CAM-2-Terrestrial-46-StickInsect-2825.png (1119/2026), MAE: 0.06142488494515419
[Eval-Test] Dataset: COD10K, Image: COD10K-CAM-2-Terrestrial-46-StickInsect-2827.png (1120/2026), MAE: 0.06287294626235962
[Eval-Test] Dataset: COD10K, Image: COD10K-CAM-2-Terrestrial-46-StickInsect-2829.png (1121/2026), MAE: 0.08740074187517166
[Eval-Test] Dataset: COD10K, Image: COD10K-CAM-2-Terrestrial-46-StickInsect-2831.png (1122/2026), MAE: 0.044021252542734146
[Eval-Test] Dataset: COD10K, Image: COD10K-CAM-2-Terrestrial-46-StickInsect-2832.png (1123/2026), MAE: 0.07888883352279663
[Eval-Test] Dataset: COD10K, Image: COD10K-CAM-2-Terrestrial-46-StickInsect-2833.png (1124/2026), MAE: 0.04860147088766098
[Eval-Test] Dataset: COD10K, Image: COD10K-CAM-2-Terrestrial-46-StickInsect-2836.png (1125/2026), MAE: 0.03887725993990898
[Eval-Test] Dataset: COD10K, Image: COD10K-CAM-2-Terrestrial-46-StickInsect-2839.png (1126/2026), MAE: 0.18732282519340515
[Eval-Test] Dataset: COD10K, Image: COD10K-CAM-2-Terrestrial-46-StickInsect-2841.png (1127/2026), MAE: 0.07267165184020996
[Eval-Test] Dataset: COD10K, Image: COD10K-CAM-2-Terrestrial-46-StickInsect-2842.png (1128/2026), MAE: 0.07927572727203369
[Eval-Test] Dataset: COD10K, Image: COD10K-CAM-2-Terrestrial-46-StickInsect-2843.png (1129/2026), MAE: 0.05278792977333069
[Eval-Test] Dataset: COD10K, Image: COD10K-CAM-2-Terrestrial-46-StickInsect-2844.png (1130/2026), MAE: 0.05550820380449295
[Eval-Test] Dataset: COD10K, Image: COD10K-CAM-2-Terrestrial-46-StickInsect-2850.png (1131/2026), MAE: 0.12706749141216278
[Eval-Test] Dataset: COD10K, Image: COD10K-CAM-2-Terrestrial-46-StickInsect-2856.png (1132/2026), MAE: 0.23102255165576935
[Eval-Test] Dataset: COD10K, Image: COD10K-CAM-2-Terrestrial-46-StickInsect-2858.png (1133/2026), MAE: 0.062333159148693085
[Eval-Test] Dataset: COD10K, Image: COD10K-CAM-2-Terrestrial-46-StickInsect-2859.png (1134/2026), MAE: 0.06207232177257538
[Eval-Test] Dataset: COD10K, Image: COD10K-CAM-2-Terrestrial-46-StickInsect-2864.png (1135/2026), MAE: 0.029506230726838112
[Eval-Test] Dataset: COD10K, Image: COD10K-CAM-2-Terrestrial-46-StickInsect-2865.png (1136/2026), MAE: 0.12688563764095306
[Eval-Test] Dataset: COD10K, Image: COD10K-CAM-2-Terrestrial-46-StickInsect-2867.png (1137/2026), MAE: 0.20972152054309845
[Eval-Test] Dataset: COD10K, Image: COD10K-CAM-2-Terrestrial-46-StickInsect-2869.png (1138/2026), MAE: 0.05217525362968445
[Eval-Test] Dataset: COD10K, Image: COD10K-CAM-2-Terrestrial-46-StickInsect-2870.png (1139/2026), MAE: 0.07523239403963089
[Eval-Test] Dataset: COD10K, Image: COD10K-CAM-2-Terrestrial-46-StickInsect-2873.png (1140/2026), MAE: 0.038910169154405594
[Eval-Test] Dataset: COD10K, Image: COD10K-CAM-2-Terrestrial-47-Tiger-2876.png (1141/2026), MAE: 0.08461493998765945
[Eval-Test] Dataset: COD10K, Image: COD10K-CAM-2-Terrestrial-47-Tiger-2877.png (1142/2026), MAE: 0.11285952478647232
[Eval-Test] Dataset: COD10K, Image: COD10K-CAM-2-Terrestrial-47-Tiger-2883.png (1143/2026), MAE: 0.06371669471263885
[Eval-Test] Dataset: COD10K, Image: COD10K-CAM-2-Terrestrial-47-Tiger-2884.png (1144/2026), MAE: 0.0680752694606781
[Eval-Test] Dataset: COD10K, Image: COD10K-CAM-2-Terrestrial-47-Tiger-2886.png (1145/2026), MAE: 0.037022266536951065
[Eval-Test] Dataset: COD10K, Image: COD10K-CAM-2-Terrestrial-47-Tiger-2887.png (1146/2026), MAE: 0.11090534925460815
[Eval-Test] Dataset: COD10K, Image: COD10K-CAM-2-Terrestrial-47-Tiger-2889.png (1147/2026), MAE: 0.17120198905467987
[Eval-Test] Dataset: COD10K, Image: COD10K-CAM-2-Terrestrial-47-Tiger-2890.png (1148/2026), MAE: 0.20199339091777802
[Eval-Test] Dataset: COD10K, Image: COD10K-CAM-2-Terrestrial-47-Tiger-2893.png (1149/2026), MAE: 0.2136230766773224
[Eval-Test] Dataset: COD10K, Image: COD10K-CAM-2-Terrestrial-47-Tiger-2899.png (1150/2026), MAE: 0.35627707839012146
[Eval-Test] Dataset: COD10K, Image: COD10K-CAM-2-Terrestrial-47-Tiger-2901.png (1151/2026), MAE: 0.018072299659252167
[Eval-Test] Dataset: COD10K, Image: COD10K-CAM-2-Terrestrial-47-Tiger-2902.png (1152/2026), MAE: 0.028788361698389053
[Eval-Test] Dataset: COD10K, Image: COD10K-CAM-2-Terrestrial-47-Tiger-2903.png (1153/2026), MAE: 0.01781235821545124
[Eval-Test] Dataset: COD10K, Image: COD10K-CAM-2-Terrestrial-47-Tiger-2906.png (1154/2026), MAE: 0.06649642437696457
[Eval-Test] Dataset: COD10K, Image: COD10K-CAM-2-Terrestrial-47-Tiger-2907.png (1155/2026), MAE: 0.11009447276592255
[Eval-Test] Dataset: COD10K, Image: COD10K-CAM-2-Terrestrial-47-Tiger-2910.png (1156/2026), MAE: 0.04036686196923256
[Eval-Test] Dataset: COD10K, Image: COD10K-CAM-2-Terrestrial-48-Wolf-2914.png (1157/2026), MAE: 0.05227199196815491
[Eval-Test] Dataset: COD10K, Image: COD10K-CAM-2-Terrestrial-48-Wolf-2916.png (1158/2026), MAE: 0.03730839118361473
[Eval-Test] Dataset: COD10K, Image: COD10K-CAM-2-Terrestrial-48-Wolf-2917.png (1159/2026), MAE: 0.08638045936822891
[Eval-Test] Dataset: COD10K, Image: COD10K-CAM-2-Terrestrial-48-Wolf-2918.png (1160/2026), MAE: 0.010851718485355377
[Eval-Test] Dataset: COD10K, Image: COD10K-CAM-2-Terrestrial-48-Wolf-2921.png (1161/2026), MAE: 0.04407943785190582
[Eval-Test] Dataset: COD10K, Image: COD10K-CAM-2-Terrestrial-48-Wolf-2922.png (1162/2026), MAE: 0.0849933922290802
[Eval-Test] Dataset: COD10K, Image: COD10K-CAM-2-Terrestrial-49-Worm-2929.png (1163/2026), MAE: 0.23234222829341888
[Eval-Test] Dataset: COD10K, Image: COD10K-CAM-2-Terrestrial-49-Worm-2930.png (1164/2026), MAE: 0.08469583094120026
[Eval-Test] Dataset: COD10K, Image: COD10K-CAM-2-Terrestrial-49-Worm-2934.png (1165/2026), MAE: 0.045779626816511154
[Eval-Test] Dataset: COD10K, Image: COD10K-CAM-2-Terrestrial-49-Worm-2939.png (1166/2026), MAE: 0.1539059579372406
[Eval-Test] Dataset: COD10K, Image: COD10K-CAM-2-Terrestrial-49-Worm-2941.png (1167/2026), MAE: 0.10910484939813614
[Eval-Test] Dataset: COD10K, Image: COD10K-CAM-2-Terrestrial-49-Worm-2944.png (1168/2026), MAE: 0.02641678974032402
[Eval-Test] Dataset: COD10K, Image: COD10K-CAM-2-Terrestrial-49-Worm-2948.png (1169/2026), MAE: 0.05478810518980026
[Eval-Test] Dataset: COD10K, Image: COD10K-CAM-2-Terrestrial-49-Worm-2949.png (1170/2026), MAE: 0.054543253034353256
[Eval-Test] Dataset: COD10K, Image: COD10K-CAM-2-Terrestrial-49-Worm-2950.png (1171/2026), MAE: 0.1845902055501938
[Eval-Test] Dataset: COD10K, Image: COD10K-CAM-2-Terrestrial-49-Worm-2952.png (1172/2026), MAE: 0.13060040771961212
[Eval-Test] Dataset: COD10K, Image: COD10K-CAM-2-Terrestrial-49-Worm-2953.png (1173/2026), MAE: 0.044283218681812286
[Eval-Test] Dataset: COD10K, Image: COD10K-CAM-3-Flying-50-Bat-2954.png (1174/2026), MAE: 0.03139454498887062
[Eval-Test] Dataset: COD10K, Image: COD10K-CAM-3-Flying-50-Bat-2955.png (1175/2026), MAE: 0.07287151366472244
[Eval-Test] Dataset: COD10K, Image: COD10K-CAM-3-Flying-50-Bat-2956.png (1176/2026), MAE: 0.042464666068553925
[Eval-Test] Dataset: COD10K, Image: COD10K-CAM-3-Flying-50-Bat-2959.png (1177/2026), MAE: 0.06449650973081589
[Eval-Test] Dataset: COD10K, Image: COD10K-CAM-3-Flying-50-Bat-2960.png (1178/2026), MAE: 0.15548209846019745
[Eval-Test] Dataset: COD10K, Image: COD10K-CAM-3-Flying-50-Bat-2962.png (1179/2026), MAE: 0.06265638768672943
[Eval-Test] Dataset: COD10K, Image: COD10K-CAM-3-Flying-50-Bat-2963.png (1180/2026), MAE: 0.09877552837133408
[Eval-Test] Dataset: COD10K, Image: COD10K-CAM-3-Flying-50-Bat-2967.png (1181/2026), MAE: 0.08554498851299286
[Eval-Test] Dataset: COD10K, Image: COD10K-CAM-3-Flying-50-Bat-2968.png (1182/2026), MAE: 0.08374419063329697
[Eval-Test] Dataset: COD10K, Image: COD10K-CAM-3-Flying-50-Bat-2970.png (1183/2026), MAE: 0.03977426514029503
[Eval-Test] Dataset: COD10K, Image: COD10K-CAM-3-Flying-50-Bat-2972.png (1184/2026), MAE: 0.032282643020153046
[Eval-Test] Dataset: COD10K, Image: COD10K-CAM-3-Flying-50-Bat-2975.png (1185/2026), MAE: 0.14748170971870422
[Eval-Test] Dataset: COD10K, Image: COD10K-CAM-3-Flying-50-Bat-2976.png (1186/2026), MAE: 0.09791972488164902
[Eval-Test] Dataset: COD10K, Image: COD10K-CAM-3-Flying-51-Bee-2977.png (1187/2026), MAE: 0.08558721095323563
[Eval-Test] Dataset: COD10K, Image: COD10K-CAM-3-Flying-51-Bee-2981.png (1188/2026), MAE: 0.2058466523885727
[Eval-Test] Dataset: COD10K, Image: COD10K-CAM-3-Flying-51-Bee-2982.png (1189/2026), MAE: 0.09381338208913803
[Eval-Test] Dataset: COD10K, Image: COD10K-CAM-3-Flying-51-Bee-2983.png (1190/2026), MAE: 0.07793993502855301
[Eval-Test] Dataset: COD10K, Image: COD10K-CAM-3-Flying-51-Bee-2985.png (1191/2026), MAE: 0.07487687468528748
[Eval-Test] Dataset: COD10K, Image: COD10K-CAM-3-Flying-51-Bee-2986.png (1192/2026), MAE: 0.15843217074871063
[Eval-Test] Dataset: COD10K, Image: COD10K-CAM-3-Flying-51-Bee-2993.png (1193/2026), MAE: 0.0803833156824112
[Eval-Test] Dataset: COD10K, Image: COD10K-CAM-3-Flying-51-Bee-2995.png (1194/2026), MAE: 0.13199350237846375
[Eval-Test] Dataset: COD10K, Image: COD10K-CAM-3-Flying-51-Bee-2997.png (1195/2026), MAE: 0.09981551766395569
[Eval-Test] Dataset: COD10K, Image: COD10K-CAM-3-Flying-51-Bee-2999.png (1196/2026), MAE: 0.04121614620089531
[Eval-Test] Dataset: COD10K, Image: COD10K-CAM-3-Flying-51-Bee-3002.png (1197/2026), MAE: 0.1846257448196411
[Eval-Test] Dataset: COD10K, Image: COD10K-CAM-3-Flying-52-Beetle-3007.png (1198/2026), MAE: 0.04578118398785591
[Eval-Test] Dataset: COD10K, Image: COD10K-CAM-3-Flying-52-Beetle-3009.png (1199/2026), MAE: 0.04367685690522194
[Eval-Test] Dataset: COD10K, Image: COD10K-CAM-3-Flying-52-Beetle-3011.png (1200/2026), MAE: 0.05420795828104019
[Eval-Test] Dataset: COD10K, Image: COD10K-CAM-3-Flying-53-Bird-3015.png (1201/2026), MAE: 0.04910437390208244
[Eval-Test] Dataset: COD10K, Image: COD10K-CAM-3-Flying-53-Bird-3021.png (1202/2026), MAE: 0.01021601539105177
[Eval-Test] Dataset: COD10K, Image: COD10K-CAM-3-Flying-53-Bird-3022.png (1203/2026), MAE: 0.05600568279623985
[Eval-Test] Dataset: COD10K, Image: COD10K-CAM-3-Flying-53-Bird-3023.png (1204/2026), MAE: 0.01909615285694599
[Eval-Test] Dataset: COD10K, Image: COD10K-CAM-3-Flying-53-Bird-3024.png (1205/2026), MAE: 0.041796520352363586
[Eval-Test] Dataset: COD10K, Image: COD10K-CAM-3-Flying-53-Bird-3026.png (1206/2026), MAE: 0.03358418121933937
[Eval-Test] Dataset: COD10K, Image: COD10K-CAM-3-Flying-53-Bird-3028.png (1207/2026), MAE: 0.04796838387846947
[Eval-Test] Dataset: COD10K, Image: COD10K-CAM-3-Flying-53-Bird-3030.png (1208/2026), MAE: 0.03938337415456772
[Eval-Test] Dataset: COD10K, Image: COD10K-CAM-3-Flying-53-Bird-3031.png (1209/2026), MAE: 0.051096200942993164
[Eval-Test] Dataset: COD10K, Image: COD10K-CAM-3-Flying-53-Bird-3032.png (1210/2026), MAE: 0.057536449283361435
[Eval-Test] Dataset: COD10K, Image: COD10K-CAM-3-Flying-53-Bird-3036.png (1211/2026), MAE: 0.03830629959702492
[Eval-Test] Dataset: COD10K, Image: COD10K-CAM-3-Flying-53-Bird-3037.png (1212/2026), MAE: 0.23676836490631104
[Eval-Test] Dataset: COD10K, Image: COD10K-CAM-3-Flying-53-Bird-3038.png (1213/2026), MAE: 0.06222458556294441
[Eval-Test] Dataset: COD10K, Image: COD10K-CAM-3-Flying-53-Bird-3040.png (1214/2026), MAE: 0.03530481457710266
[Eval-Test] Dataset: COD10K, Image: COD10K-CAM-3-Flying-53-Bird-3041.png (1215/2026), MAE: 0.01541693415492773
[Eval-Test] Dataset: COD10K, Image: COD10K-CAM-3-Flying-53-Bird-3046.png (1216/2026), MAE: 0.04048527032136917
[Eval-Test] Dataset: COD10K, Image: COD10K-CAM-3-Flying-53-Bird-3049.png (1217/2026), MAE: 0.07168027013540268
[Eval-Test] Dataset: COD10K, Image: COD10K-CAM-3-Flying-53-Bird-3051.png (1218/2026), MAE: 0.018432749435305595
[Eval-Test] Dataset: COD10K, Image: COD10K-CAM-3-Flying-53-Bird-3052.png (1219/2026), MAE: 0.040976837277412415
[Eval-Test] Dataset: COD10K, Image: COD10K-CAM-3-Flying-53-Bird-3053.png (1220/2026), MAE: 0.09264006465673447
[Eval-Test] Dataset: COD10K, Image: COD10K-CAM-3-Flying-53-Bird-3054.png (1221/2026), MAE: 0.04534931480884552
[Eval-Test] Dataset: COD10K, Image: COD10K-CAM-3-Flying-53-Bird-3056.png (1222/2026), MAE: 0.030714988708496094
[Eval-Test] Dataset: COD10K, Image: COD10K-CAM-3-Flying-53-Bird-3057.png (1223/2026), MAE: 0.024873537942767143
[Eval-Test] Dataset: COD10K, Image: COD10K-CAM-3-Flying-53-Bird-3059.png (1224/2026), MAE: 0.030919890850782394
[Eval-Test] Dataset: COD10K, Image: COD10K-CAM-3-Flying-53-Bird-3062.png (1225/2026), MAE: 0.07225481420755386
[Eval-Test] Dataset: COD10K, Image: COD10K-CAM-3-Flying-53-Bird-3064.png (1226/2026), MAE: 0.0184760931879282
[Eval-Test] Dataset: COD10K, Image: COD10K-CAM-3-Flying-53-Bird-3068.png (1227/2026), MAE: 0.05439523234963417
[Eval-Test] Dataset: COD10K, Image: COD10K-CAM-3-Flying-53-Bird-3069.png (1228/2026), MAE: 0.025234457105398178
[Eval-Test] Dataset: COD10K, Image: COD10K-CAM-3-Flying-53-Bird-3075.png (1229/2026), MAE: 0.02290715090930462
[Eval-Test] Dataset: COD10K, Image: COD10K-CAM-3-Flying-53-Bird-3077.png (1230/2026), MAE: 0.06571875512599945
[Eval-Test] Dataset: COD10K, Image: COD10K-CAM-3-Flying-53-Bird-3078.png (1231/2026), MAE: 0.015549074858427048
[Eval-Test] Dataset: COD10K, Image: COD10K-CAM-3-Flying-53-Bird-3080.png (1232/2026), MAE: 0.2417941689491272
[Eval-Test] Dataset: COD10K, Image: COD10K-CAM-3-Flying-53-Bird-3082.png (1233/2026), MAE: 0.06231778860092163
[Eval-Test] Dataset: COD10K, Image: COD10K-CAM-3-Flying-53-Bird-3083.png (1234/2026), MAE: 0.03507598489522934
[Eval-Test] Dataset: COD10K, Image: COD10K-CAM-3-Flying-53-Bird-3084.png (1235/2026), MAE: 0.06757587194442749
[Eval-Test] Dataset: COD10K, Image: COD10K-CAM-3-Flying-53-Bird-3087.png (1236/2026), MAE: 0.029226187616586685
[Eval-Test] Dataset: COD10K, Image: COD10K-CAM-3-Flying-53-Bird-3089.png (1237/2026), MAE: 0.0631667822599411
[Eval-Test] Dataset: COD10K, Image: COD10K-CAM-3-Flying-53-Bird-3093.png (1238/2026), MAE: 0.053716592490673065
[Eval-Test] Dataset: COD10K, Image: COD10K-CAM-3-Flying-53-Bird-3096.png (1239/2026), MAE: 0.07813040912151337
[Eval-Test] Dataset: COD10K, Image: COD10K-CAM-3-Flying-53-Bird-3104.png (1240/2026), MAE: 0.08293760567903519
[Eval-Test] Dataset: COD10K, Image: COD10K-CAM-3-Flying-53-Bird-3105.png (1241/2026), MAE: 0.05246531218290329
[Eval-Test] Dataset: COD10K, Image: COD10K-CAM-3-Flying-53-Bird-3112.png (1242/2026), MAE: 0.021272962912917137
[Eval-Test] Dataset: COD10K, Image: COD10K-CAM-3-Flying-53-Bird-3119.png (1243/2026), MAE: 0.1310742050409317
[Eval-Test] Dataset: COD10K, Image: COD10K-CAM-3-Flying-53-Bird-3121.png (1244/2026), MAE: 0.13802823424339294
[Eval-Test] Dataset: COD10K, Image: COD10K-CAM-3-Flying-53-Bird-3123.png (1245/2026), MAE: 0.04684615135192871
[Eval-Test] Dataset: COD10K, Image: COD10K-CAM-3-Flying-53-Bird-3125.png (1246/2026), MAE: 0.020184461027383804
[Eval-Test] Dataset: COD10K, Image: COD10K-CAM-3-Flying-53-Bird-3128.png (1247/2026), MAE: 0.031086938455700874
[Eval-Test] Dataset: COD10K, Image: COD10K-CAM-3-Flying-53-Bird-3132.png (1248/2026), MAE: 0.023621873930096626
[Eval-Test] Dataset: COD10K, Image: COD10K-CAM-3-Flying-53-Bird-3133.png (1249/2026), MAE: 0.01687486469745636
[Eval-Test] Dataset: COD10K, Image: COD10K-CAM-3-Flying-53-Bird-3141.png (1250/2026), MAE: 0.17626997828483582
[Eval-Test] Dataset: COD10K, Image: COD10K-CAM-3-Flying-53-Bird-3142.png (1251/2026), MAE: 0.0682675689458847
[Eval-Test] Dataset: COD10K, Image: COD10K-CAM-3-Flying-53-Bird-3145.png (1252/2026), MAE: 0.08561327308416367
[Eval-Test] Dataset: COD10K, Image: COD10K-CAM-3-Flying-53-Bird-3150.png (1253/2026), MAE: 0.4525546729564667
[Eval-Test] Dataset: COD10K, Image: COD10K-CAM-3-Flying-53-Bird-3151.png (1254/2026), MAE: 0.05339238792657852
[Eval-Test] Dataset: COD10K, Image: COD10K-CAM-3-Flying-53-Bird-3155.png (1255/2026), MAE: 0.029471151530742645
[Eval-Test] Dataset: COD10K, Image: COD10K-CAM-3-Flying-53-Bird-3157.png (1256/2026), MAE: 0.07642164081335068
[Eval-Test] Dataset: COD10K, Image: COD10K-CAM-3-Flying-53-Bird-3158.png (1257/2026), MAE: 0.049501653760671616
[Eval-Test] Dataset: COD10K, Image: COD10K-CAM-3-Flying-53-Bird-3159.png (1258/2026), MAE: 0.02900792844593525
[Eval-Test] Dataset: COD10K, Image: COD10K-CAM-3-Flying-53-Bird-3162.png (1259/2026), MAE: 0.020137866958975792
[Eval-Test] Dataset: COD10K, Image: COD10K-CAM-3-Flying-53-Bird-3167.png (1260/2026), MAE: 0.03330594673752785
[Eval-Test] Dataset: COD10K, Image: COD10K-CAM-3-Flying-53-Bird-3170.png (1261/2026), MAE: 0.07779563963413239
[Eval-Test] Dataset: COD10K, Image: COD10K-CAM-3-Flying-53-Bird-3171.png (1262/2026), MAE: 0.0428198017179966
[Eval-Test] Dataset: COD10K, Image: COD10K-CAM-3-Flying-53-Bird-3175.png (1263/2026), MAE: 0.04374425858259201
[Eval-Test] Dataset: COD10K, Image: COD10K-CAM-3-Flying-53-Bird-3176.png (1264/2026), MAE: 0.0636318027973175
[Eval-Test] Dataset: COD10K, Image: COD10K-CAM-3-Flying-53-Bird-3180.png (1265/2026), MAE: 0.022047467529773712
[Eval-Test] Dataset: COD10K, Image: COD10K-CAM-3-Flying-53-Bird-3184.png (1266/2026), MAE: 0.043129678815603256
[Eval-Test] Dataset: COD10K, Image: COD10K-CAM-3-Flying-53-Bird-3185.png (1267/2026), MAE: 0.0625082477927208
[Eval-Test] Dataset: COD10K, Image: COD10K-CAM-3-Flying-53-Bird-3189.png (1268/2026), MAE: 0.05909794941544533
[Eval-Test] Dataset: COD10K, Image: COD10K-CAM-3-Flying-53-Bird-3196.png (1269/2026), MAE: 0.08452058583498001
[Eval-Test] Dataset: COD10K, Image: COD10K-CAM-3-Flying-53-Bird-3197.png (1270/2026), MAE: 0.03786569833755493
[Eval-Test] Dataset: COD10K, Image: COD10K-CAM-3-Flying-53-Bird-3198.png (1271/2026), MAE: 0.055159568786621094
[Eval-Test] Dataset: COD10K, Image: COD10K-CAM-3-Flying-53-Bird-3200.png (1272/2026), MAE: 0.1762867420911789
[Eval-Test] Dataset: COD10K, Image: COD10K-CAM-3-Flying-53-Bird-3201.png (1273/2026), MAE: 0.06925470381975174
[Eval-Test] Dataset: COD10K, Image: COD10K-CAM-3-Flying-53-Bird-3203.png (1274/2026), MAE: 0.07719461619853973
[Eval-Test] Dataset: COD10K, Image: COD10K-CAM-3-Flying-53-Bird-3207.png (1275/2026), MAE: 0.015880657359957695
[Eval-Test] Dataset: COD10K, Image: COD10K-CAM-3-Flying-53-Bird-3211.png (1276/2026), MAE: 0.032598305493593216
[Eval-Test] Dataset: COD10K, Image: COD10K-CAM-3-Flying-53-Bird-3213.png (1277/2026), MAE: 0.05133761093020439
[Eval-Test] Dataset: COD10K, Image: COD10K-CAM-3-Flying-53-Bird-3214.png (1278/2026), MAE: 0.036045752465724945
[Eval-Test] Dataset: COD10K, Image: COD10K-CAM-3-Flying-53-Bird-3215.png (1279/2026), MAE: 0.057965971529483795
[Eval-Test] Dataset: COD10K, Image: COD10K-CAM-3-Flying-53-Bird-3218.png (1280/2026), MAE: 0.08640684932470322
[Eval-Test] Dataset: COD10K, Image: COD10K-CAM-3-Flying-53-Bird-3221.png (1281/2026), MAE: 0.1353805661201477
[Eval-Test] Dataset: COD10K, Image: COD10K-CAM-3-Flying-53-Bird-3223.png (1282/2026), MAE: 0.07729150354862213
[Eval-Test] Dataset: COD10K, Image: COD10K-CAM-3-Flying-53-Bird-3226.png (1283/2026), MAE: 0.031924303621053696
[Eval-Test] Dataset: COD10K, Image: COD10K-CAM-3-Flying-53-Bird-3227.png (1284/2026), MAE: 0.019992602989077568
[Eval-Test] Dataset: COD10K, Image: COD10K-CAM-3-Flying-53-Bird-3231.png (1285/2026), MAE: 0.0162794291973114
[Eval-Test] Dataset: COD10K, Image: COD10K-CAM-3-Flying-53-Bird-3232.png (1286/2026), MAE: 0.053565047681331635
[Eval-Test] Dataset: COD10K, Image: COD10K-CAM-3-Flying-53-Bird-3234.png (1287/2026), MAE: 0.041334401816129684
[Eval-Test] Dataset: COD10K, Image: COD10K-CAM-3-Flying-53-Bird-3235.png (1288/2026), MAE: 0.04214204102754593
[Eval-Test] Dataset: COD10K, Image: COD10K-CAM-3-Flying-53-Bird-3236.png (1289/2026), MAE: 0.07199229300022125
[Eval-Test] Dataset: COD10K, Image: COD10K-CAM-3-Flying-53-Bird-3237.png (1290/2026), MAE: 0.050271566957235336
[Eval-Test] Dataset: COD10K, Image: COD10K-CAM-3-Flying-53-Bird-3239.png (1291/2026), MAE: 0.13417965173721313
[Eval-Test] Dataset: COD10K, Image: COD10K-CAM-3-Flying-53-Bird-3240.png (1292/2026), MAE: 0.03255890682339668
[Eval-Test] Dataset: COD10K, Image: COD10K-CAM-3-Flying-53-Bird-3241.png (1293/2026), MAE: 0.09093644469976425
[Eval-Test] Dataset: COD10K, Image: COD10K-CAM-3-Flying-53-Bird-3245.png (1294/2026), MAE: 0.06815540790557861
[Eval-Test] Dataset: COD10K, Image: COD10K-CAM-3-Flying-53-Bird-3246.png (1295/2026), MAE: 0.053838081657886505
[Eval-Test] Dataset: COD10K, Image: COD10K-CAM-3-Flying-54-Bittern-3252.png (1296/2026), MAE: 0.03194505721330643
[Eval-Test] Dataset: COD10K, Image: COD10K-CAM-3-Flying-54-Bittern-3254.png (1297/2026), MAE: 0.041444431990385056
[Eval-Test] Dataset: COD10K, Image: COD10K-CAM-3-Flying-54-Bittern-3255.png (1298/2026), MAE: 0.02241908200085163
[Eval-Test] Dataset: COD10K, Image: COD10K-CAM-3-Flying-54-Bittern-3260.png (1299/2026), MAE: 0.028426842764019966
[Eval-Test] Dataset: COD10K, Image: COD10K-CAM-3-Flying-54-Bittern-3266.png (1300/2026), MAE: 0.04272938147187233
[Eval-Test] Dataset: COD10K, Image: COD10K-CAM-3-Flying-54-Bittern-3268.png (1301/2026), MAE: 0.015198463574051857
[Eval-Test] Dataset: COD10K, Image: COD10K-CAM-3-Flying-54-Bittern-3271.png (1302/2026), MAE: 0.0837041512131691
[Eval-Test] Dataset: COD10K, Image: COD10K-CAM-3-Flying-54-Bittern-3277.png (1303/2026), MAE: 0.031223788857460022
[Eval-Test] Dataset: COD10K, Image: COD10K-CAM-3-Flying-54-Bittern-3283.png (1304/2026), MAE: 0.039602942764759064
[Eval-Test] Dataset: COD10K, Image: COD10K-CAM-3-Flying-54-Bittern-3284.png (1305/2026), MAE: 0.0162730161100626
[Eval-Test] Dataset: COD10K, Image: COD10K-CAM-3-Flying-54-Bittern-3288.png (1306/2026), MAE: 0.014737163670361042
[Eval-Test] Dataset: COD10K, Image: COD10K-CAM-3-Flying-54-Bittern-3289.png (1307/2026), MAE: 0.024424685165286064
[Eval-Test] Dataset: COD10K, Image: COD10K-CAM-3-Flying-55-Butterfly-3295.png (1308/2026), MAE: 0.2649465799331665
[Eval-Test] Dataset: COD10K, Image: COD10K-CAM-3-Flying-55-Butterfly-3303.png (1309/2026), MAE: 0.06418158113956451
[Eval-Test] Dataset: COD10K, Image: COD10K-CAM-3-Flying-55-Butterfly-3304.png (1310/2026), MAE: 0.02667982317507267
[Eval-Test] Dataset: COD10K, Image: COD10K-CAM-3-Flying-55-Butterfly-3306.png (1311/2026), MAE: 0.016754262149333954
[Eval-Test] Dataset: COD10K, Image: COD10K-CAM-3-Flying-55-Butterfly-3312.png (1312/2026), MAE: 0.019128678366541862
[Eval-Test] Dataset: COD10K, Image: COD10K-CAM-3-Flying-55-Butterfly-3315.png (1313/2026), MAE: 0.2688945233821869
[Eval-Test] Dataset: COD10K, Image: COD10K-CAM-3-Flying-55-Butterfly-3318.png (1314/2026), MAE: 0.08164361119270325
[Eval-Test] Dataset: COD10K, Image: COD10K-CAM-3-Flying-55-Butterfly-3319.png (1315/2026), MAE: 0.0262305811047554
[Eval-Test] Dataset: COD10K, Image: COD10K-CAM-3-Flying-55-Butterfly-3320.png (1316/2026), MAE: 0.016509203240275383
[Eval-Test] Dataset: COD10K, Image: COD10K-CAM-3-Flying-55-Butterfly-3322.png (1317/2026), MAE: 0.12579210102558136
[Eval-Test] Dataset: COD10K, Image: COD10K-CAM-3-Flying-55-Butterfly-3324.png (1318/2026), MAE: 0.07421339303255081
[Eval-Test] Dataset: COD10K, Image: COD10K-CAM-3-Flying-55-Butterfly-3325.png (1319/2026), MAE: 0.04177219793200493
[Eval-Test] Dataset: COD10K, Image: COD10K-CAM-3-Flying-55-Butterfly-3328.png (1320/2026), MAE: 0.06716140359640121
[Eval-Test] Dataset: COD10K, Image: COD10K-CAM-3-Flying-55-Butterfly-3335.png (1321/2026), MAE: 0.04380553215742111
[Eval-Test] Dataset: COD10K, Image: COD10K-CAM-3-Flying-55-Butterfly-3339.png (1322/2026), MAE: 0.045972082763910294
[Eval-Test] Dataset: COD10K, Image: COD10K-CAM-3-Flying-55-Butterfly-3341.png (1323/2026), MAE: 0.06226196885108948
[Eval-Test] Dataset: COD10K, Image: COD10K-CAM-3-Flying-55-Butterfly-3342.png (1324/2026), MAE: 0.06697450578212738
[Eval-Test] Dataset: COD10K, Image: COD10K-CAM-3-Flying-55-Butterfly-3350.png (1325/2026), MAE: 0.026134561747312546
[Eval-Test] Dataset: COD10K, Image: COD10K-CAM-3-Flying-55-Butterfly-3351.png (1326/2026), MAE: 0.05709069222211838
[Eval-Test] Dataset: COD10K, Image: COD10K-CAM-3-Flying-55-Butterfly-3354.png (1327/2026), MAE: 0.015585275366902351
[Eval-Test] Dataset: COD10K, Image: COD10K-CAM-3-Flying-55-Butterfly-3356.png (1328/2026), MAE: 0.1285085678100586
[Eval-Test] Dataset: COD10K, Image: COD10K-CAM-3-Flying-55-Butterfly-3359.png (1329/2026), MAE: 0.0827610120177269
[Eval-Test] Dataset: COD10K, Image: COD10K-CAM-3-Flying-55-Butterfly-3360.png (1330/2026), MAE: 0.08130194246768951
[Eval-Test] Dataset: COD10K, Image: COD10K-CAM-3-Flying-55-Butterfly-3361.png (1331/2026), MAE: 0.04012488201260567
[Eval-Test] Dataset: COD10K, Image: COD10K-CAM-3-Flying-55-Butterfly-3369.png (1332/2026), MAE: 0.03750894218683243
[Eval-Test] Dataset: COD10K, Image: COD10K-CAM-3-Flying-55-Butterfly-3370.png (1333/2026), MAE: 0.08560238778591156
[Eval-Test] Dataset: COD10K, Image: COD10K-CAM-3-Flying-55-Butterfly-3374.png (1334/2026), MAE: 0.13565504550933838
[Eval-Test] Dataset: COD10K, Image: COD10K-CAM-3-Flying-55-Butterfly-3375.png (1335/2026), MAE: 0.039269886910915375
[Eval-Test] Dataset: COD10K, Image: COD10K-CAM-3-Flying-55-Butterfly-3376.png (1336/2026), MAE: 0.0496811605989933
[Eval-Test] Dataset: COD10K, Image: COD10K-CAM-3-Flying-55-Butterfly-3377.png (1337/2026), MAE: 0.019954707473516464
[Eval-Test] Dataset: COD10K, Image: COD10K-CAM-3-Flying-55-Butterfly-3378.png (1338/2026), MAE: 0.07987706363201141
[Eval-Test] Dataset: COD10K, Image: COD10K-CAM-3-Flying-55-Butterfly-3379.png (1339/2026), MAE: 0.07586599141359329
[Eval-Test] Dataset: COD10K, Image: COD10K-CAM-3-Flying-55-Butterfly-3382.png (1340/2026), MAE: 0.025133538991212845
[Eval-Test] Dataset: COD10K, Image: COD10K-CAM-3-Flying-55-Butterfly-3383.png (1341/2026), MAE: 0.03597310557961464
[Eval-Test] Dataset: COD10K, Image: COD10K-CAM-3-Flying-55-Butterfly-3386.png (1342/2026), MAE: 0.07834824919700623
[Eval-Test] Dataset: COD10K, Image: COD10K-CAM-3-Flying-55-Butterfly-3389.png (1343/2026), MAE: 0.03693036362528801
[Eval-Test] Dataset: COD10K, Image: COD10K-CAM-3-Flying-55-Butterfly-3390.png (1344/2026), MAE: 0.026317182928323746
[Eval-Test] Dataset: COD10K, Image: COD10K-CAM-3-Flying-55-Butterfly-3393.png (1345/2026), MAE: 0.047683507204055786
[Eval-Test] Dataset: COD10K, Image: COD10K-CAM-3-Flying-55-Butterfly-3398.png (1346/2026), MAE: 0.03939899057149887
[Eval-Test] Dataset: COD10K, Image: COD10K-CAM-3-Flying-55-Butterfly-3401.png (1347/2026), MAE: 0.10770991444587708
[Eval-Test] Dataset: COD10K, Image: COD10K-CAM-3-Flying-55-Butterfly-3403.png (1348/2026), MAE: 0.18094904720783234
[Eval-Test] Dataset: COD10K, Image: COD10K-CAM-3-Flying-55-Butterfly-3406.png (1349/2026), MAE: 0.04239742085337639
[Eval-Test] Dataset: COD10K, Image: COD10K-CAM-3-Flying-55-Butterfly-3408.png (1350/2026), MAE: 0.024048199877142906
[Eval-Test] Dataset: COD10K, Image: COD10K-CAM-3-Flying-55-Butterfly-3409.png (1351/2026), MAE: 0.04699862375855446
[Eval-Test] Dataset: COD10K, Image: COD10K-CAM-3-Flying-55-Butterfly-3412.png (1352/2026), MAE: 0.051241107285022736
[Eval-Test] Dataset: COD10K, Image: COD10K-CAM-3-Flying-55-Butterfly-3418.png (1353/2026), MAE: 0.037762682884931564
[Eval-Test] Dataset: COD10K, Image: COD10K-CAM-3-Flying-55-Butterfly-3423.png (1354/2026), MAE: 0.03424184396862984
[Eval-Test] Dataset: COD10K, Image: COD10K-CAM-3-Flying-55-Butterfly-3426.png (1355/2026), MAE: 0.21292416751384735
[Eval-Test] Dataset: COD10K, Image: COD10K-CAM-3-Flying-55-Butterfly-3428.png (1356/2026), MAE: 0.5208134055137634
[Eval-Test] Dataset: COD10K, Image: COD10K-CAM-3-Flying-55-Butterfly-3429.png (1357/2026), MAE: 0.4020147919654846
[Eval-Test] Dataset: COD10K, Image: COD10K-CAM-3-Flying-55-Butterfly-3434.png (1358/2026), MAE: 0.037079084664583206
[Eval-Test] Dataset: COD10K, Image: COD10K-CAM-3-Flying-55-Butterfly-3435.png (1359/2026), MAE: 0.029893722385168076
[Eval-Test] Dataset: COD10K, Image: COD10K-CAM-3-Flying-55-Butterfly-3436.png (1360/2026), MAE: 0.049376603215932846
[Eval-Test] Dataset: COD10K, Image: COD10K-CAM-3-Flying-56-Cicada-3439.png (1361/2026), MAE: 0.07942526787519455
[Eval-Test] Dataset: COD10K, Image: COD10K-CAM-3-Flying-56-Cicada-3440.png (1362/2026), MAE: 0.026450881734490395
[Eval-Test] Dataset: COD10K, Image: COD10K-CAM-3-Flying-56-Cicada-3441.png (1363/2026), MAE: 0.023268472403287888
[Eval-Test] Dataset: COD10K, Image: COD10K-CAM-3-Flying-56-Cicada-3443.png (1364/2026), MAE: 0.042398836463689804
[Eval-Test] Dataset: COD10K, Image: COD10K-CAM-3-Flying-56-Cicada-3444.png (1365/2026), MAE: 0.06369934231042862
[Eval-Test] Dataset: COD10K, Image: COD10K-CAM-3-Flying-56-Cicada-3447.png (1366/2026), MAE: 0.035605594515800476
[Eval-Test] Dataset: COD10K, Image: COD10K-CAM-3-Flying-56-Cicada-3453.png (1367/2026), MAE: 0.05811820179224014
[Eval-Test] Dataset: COD10K, Image: COD10K-CAM-3-Flying-56-Cicada-3460.png (1368/2026), MAE: 0.07996763288974762
[Eval-Test] Dataset: COD10K, Image: COD10K-CAM-3-Flying-56-Cicada-3462.png (1369/2026), MAE: 0.040347807109355927
[Eval-Test] Dataset: COD10K, Image: COD10K-CAM-3-Flying-56-Cicada-3463.png (1370/2026), MAE: 0.04465830326080322
[Eval-Test] Dataset: COD10K, Image: COD10K-CAM-3-Flying-56-Cicada-3470.png (1371/2026), MAE: 0.07008721679449081
[Eval-Test] Dataset: COD10K, Image: COD10K-CAM-3-Flying-56-Cicada-3472.png (1372/2026), MAE: 0.04180367290973663
[Eval-Test] Dataset: COD10K, Image: COD10K-CAM-3-Flying-56-Cicada-3478.png (1373/2026), MAE: 0.03385377675294876
[Eval-Test] Dataset: COD10K, Image: COD10K-CAM-3-Flying-56-Cicada-3480.png (1374/2026), MAE: 0.014954975806176662
[Eval-Test] Dataset: COD10K, Image: COD10K-CAM-3-Flying-56-Cicada-3482.png (1375/2026), MAE: 0.023870527744293213
[Eval-Test] Dataset: COD10K, Image: COD10K-CAM-3-Flying-56-Cicada-3483.png (1376/2026), MAE: 0.032082945108413696
[Eval-Test] Dataset: COD10K, Image: COD10K-CAM-3-Flying-56-Cicada-3486.png (1377/2026), MAE: 0.05054336413741112
[Eval-Test] Dataset: COD10K, Image: COD10K-CAM-3-Flying-56-Cicada-3490.png (1378/2026), MAE: 0.04662434756755829
[Eval-Test] Dataset: COD10K, Image: COD10K-CAM-3-Flying-56-Cicada-3491.png (1379/2026), MAE: 0.024173572659492493
[Eval-Test] Dataset: COD10K, Image: COD10K-CAM-3-Flying-56-Cicada-3494.png (1380/2026), MAE: 0.031116681173443794
[Eval-Test] Dataset: COD10K, Image: COD10K-CAM-3-Flying-56-Cicada-3496.png (1381/2026), MAE: 0.053093694150447845
[Eval-Test] Dataset: COD10K, Image: COD10K-CAM-3-Flying-56-Cicada-3498.png (1382/2026), MAE: 0.0250153299421072
[Eval-Test] Dataset: COD10K, Image: COD10K-CAM-3-Flying-56-Cicada-3501.png (1383/2026), MAE: 0.08485013246536255
[Eval-Test] Dataset: COD10K, Image: COD10K-CAM-3-Flying-56-Cicada-3504.png (1384/2026), MAE: 0.0948580801486969
[Eval-Test] Dataset: COD10K, Image: COD10K-CAM-3-Flying-56-Cicada-3505.png (1385/2026), MAE: 0.025850171223282814
[Eval-Test] Dataset: COD10K, Image: COD10K-CAM-3-Flying-56-Cicada-3508.png (1386/2026), MAE: 0.14566461741924286
[Eval-Test] Dataset: COD10K, Image: COD10K-CAM-3-Flying-56-Cicada-3509.png (1387/2026), MAE: 0.19110724329948425
[Eval-Test] Dataset: COD10K, Image: COD10K-CAM-3-Flying-56-Cicada-3510.png (1388/2026), MAE: 0.09102005511522293
[Eval-Test] Dataset: COD10K, Image: COD10K-CAM-3-Flying-56-Cicada-3513.png (1389/2026), MAE: 0.009493470191955566
[Eval-Test] Dataset: COD10K, Image: COD10K-CAM-3-Flying-56-Cicada-3515.png (1390/2026), MAE: 0.036378342658281326
[Eval-Test] Dataset: COD10K, Image: COD10K-CAM-3-Flying-56-Cicada-3521.png (1391/2026), MAE: 0.01658957451581955
[Eval-Test] Dataset: COD10K, Image: COD10K-CAM-3-Flying-56-Cicada-3522.png (1392/2026), MAE: 0.06777141988277435
[Eval-Test] Dataset: COD10K, Image: COD10K-CAM-3-Flying-56-Cicada-3525.png (1393/2026), MAE: 0.10290370881557465
[Eval-Test] Dataset: COD10K, Image: COD10K-CAM-3-Flying-56-Cicada-3527.png (1394/2026), MAE: 0.06989734619855881
[Eval-Test] Dataset: COD10K, Image: COD10K-CAM-3-Flying-56-Cicada-3530.png (1395/2026), MAE: 0.08372221887111664
[Eval-Test] Dataset: COD10K, Image: COD10K-CAM-3-Flying-56-Cicada-3533.png (1396/2026), MAE: 0.05847308412194252
[Eval-Test] Dataset: COD10K, Image: COD10K-CAM-3-Flying-56-Cicada-3535.png (1397/2026), MAE: 0.07545619457960129
[Eval-Test] Dataset: COD10K, Image: COD10K-CAM-3-Flying-56-Cicada-3536.png (1398/2026), MAE: 0.035265564918518066
[Eval-Test] Dataset: COD10K, Image: COD10K-CAM-3-Flying-56-Cicada-3537.png (1399/2026), MAE: 0.062065064907073975
[Eval-Test] Dataset: COD10K, Image: COD10K-CAM-3-Flying-56-Cicada-3539.png (1400/2026), MAE: 0.057263731956481934
[Eval-Test] Dataset: COD10K, Image: COD10K-CAM-3-Flying-56-Cicada-3542.png (1401/2026), MAE: 0.06712130457162857
[Eval-Test] Dataset: COD10K, Image: COD10K-CAM-3-Flying-56-Cicada-3543.png (1402/2026), MAE: 0.09092041850090027
[Eval-Test] Dataset: COD10K, Image: COD10K-CAM-3-Flying-56-Cicada-3547.png (1403/2026), MAE: 0.03866378217935562
[Eval-Test] Dataset: COD10K, Image: COD10K-CAM-3-Flying-56-Cicada-3549.png (1404/2026), MAE: 0.04857730492949486
[Eval-Test] Dataset: COD10K, Image: COD10K-CAM-3-Flying-56-Cicada-3551.png (1405/2026), MAE: 0.0515754334628582
[Eval-Test] Dataset: COD10K, Image: COD10K-CAM-3-Flying-57-Dragonfly-3553.png (1406/2026), MAE: 0.15315529704093933
[Eval-Test] Dataset: COD10K, Image: COD10K-CAM-3-Flying-57-Dragonfly-3559.png (1407/2026), MAE: 0.03451777249574661
[Eval-Test] Dataset: COD10K, Image: COD10K-CAM-3-Flying-57-Dragonfly-3566.png (1408/2026), MAE: 0.028537604957818985
[Eval-Test] Dataset: COD10K, Image: COD10K-CAM-3-Flying-57-Dragonfly-3569.png (1409/2026), MAE: 0.08044541627168655
[Eval-Test] Dataset: COD10K, Image: COD10K-CAM-3-Flying-57-Dragonfly-3571.png (1410/2026), MAE: 0.1345963180065155
[Eval-Test] Dataset: COD10K, Image: COD10K-CAM-3-Flying-57-Dragonfly-3575.png (1411/2026), MAE: 0.1019076332449913
[Eval-Test] Dataset: COD10K, Image: COD10K-CAM-3-Flying-57-Dragonfly-3576.png (1412/2026), MAE: 0.3188871443271637
[Eval-Test] Dataset: COD10K, Image: COD10K-CAM-3-Flying-57-Dragonfly-3580.png (1413/2026), MAE: 0.0828716903924942
[Eval-Test] Dataset: COD10K, Image: COD10K-CAM-3-Flying-57-Dragonfly-3581.png (1414/2026), MAE: 0.04710126668214798
[Eval-Test] Dataset: COD10K, Image: COD10K-CAM-3-Flying-57-Dragonfly-3582.png (1415/2026), MAE: 0.03276347368955612
[Eval-Test] Dataset: COD10K, Image: COD10K-CAM-3-Flying-57-Dragonfly-3585.png (1416/2026), MAE: 0.06762096285820007
[Eval-Test] Dataset: COD10K, Image: COD10K-CAM-3-Flying-57-Dragonfly-3586.png (1417/2026), MAE: 0.10911951959133148
[Eval-Test] Dataset: COD10K, Image: COD10K-CAM-3-Flying-57-Dragonfly-3588.png (1418/2026), MAE: 0.07324843108654022
[Eval-Test] Dataset: COD10K, Image: COD10K-CAM-3-Flying-57-Dragonfly-3590.png (1419/2026), MAE: 0.14501133561134338
[Eval-Test] Dataset: COD10K, Image: COD10K-CAM-3-Flying-57-Dragonfly-3593.png (1420/2026), MAE: 0.06348714977502823
[Eval-Test] Dataset: COD10K, Image: COD10K-CAM-3-Flying-58-Frogmouth-3596.png (1421/2026), MAE: 0.029801592230796814
[Eval-Test] Dataset: COD10K, Image: COD10K-CAM-3-Flying-58-Frogmouth-3598.png (1422/2026), MAE: 0.06493492424488068
[Eval-Test] Dataset: COD10K, Image: COD10K-CAM-3-Flying-58-Frogmouth-3599.png (1423/2026), MAE: 0.220756396651268
[Eval-Test] Dataset: COD10K, Image: COD10K-CAM-3-Flying-58-Frogmouth-3602.png (1424/2026), MAE: 0.07422878593206406
[Eval-Test] Dataset: COD10K, Image: COD10K-CAM-3-Flying-58-Frogmouth-3604.png (1425/2026), MAE: 0.033728618174791336
[Eval-Test] Dataset: COD10K, Image: COD10K-CAM-3-Flying-58-Frogmouth-3610.png (1426/2026), MAE: 0.033771611750125885
[Eval-Test] Dataset: COD10K, Image: COD10K-CAM-3-Flying-58-Frogmouth-3611.png (1427/2026), MAE: 0.01678479090332985
[Eval-Test] Dataset: COD10K, Image: COD10K-CAM-3-Flying-59-Grasshopper-3615.png (1428/2026), MAE: 0.04930134490132332
[Eval-Test] Dataset: COD10K, Image: COD10K-CAM-3-Flying-59-Grasshopper-3618.png (1429/2026), MAE: 0.08375479280948639
[Eval-Test] Dataset: COD10K, Image: COD10K-CAM-3-Flying-59-Grasshopper-3619.png (1430/2026), MAE: 0.09131402522325516
[Eval-Test] Dataset: COD10K, Image: COD10K-CAM-3-Flying-59-Grasshopper-3621.png (1431/2026), MAE: 0.04613757133483887
[Eval-Test] Dataset: COD10K, Image: COD10K-CAM-3-Flying-59-Grasshopper-3622.png (1432/2026), MAE: 0.12630191445350647
[Eval-Test] Dataset: COD10K, Image: COD10K-CAM-3-Flying-59-Grasshopper-3625.png (1433/2026), MAE: 0.07050161808729172
[Eval-Test] Dataset: COD10K, Image: COD10K-CAM-3-Flying-59-Grasshopper-3627.png (1434/2026), MAE: 0.02479940466582775
[Eval-Test] Dataset: COD10K, Image: COD10K-CAM-3-Flying-59-Grasshopper-3629.png (1435/2026), MAE: 0.026244329288601875
[Eval-Test] Dataset: COD10K, Image: COD10K-CAM-3-Flying-59-Grasshopper-3630.png (1436/2026), MAE: 0.24023233354091644
[Eval-Test] Dataset: COD10K, Image: COD10K-CAM-3-Flying-59-Grasshopper-3632.png (1437/2026), MAE: 0.0201115645468235
[Eval-Test] Dataset: COD10K, Image: COD10K-CAM-3-Flying-59-Grasshopper-3634.png (1438/2026), MAE: 0.0658986046910286
[Eval-Test] Dataset: COD10K, Image: COD10K-CAM-3-Flying-59-Grasshopper-3636.png (1439/2026), MAE: 0.031609345227479935
[Eval-Test] Dataset: COD10K, Image: COD10K-CAM-3-Flying-59-Grasshopper-3637.png (1440/2026), MAE: 0.12383237481117249
[Eval-Test] Dataset: COD10K, Image: COD10K-CAM-3-Flying-59-Grasshopper-3640.png (1441/2026), MAE: 0.0633862316608429
[Eval-Test] Dataset: COD10K, Image: COD10K-CAM-3-Flying-59-Grasshopper-3641.png (1442/2026), MAE: 0.05990873649716377
[Eval-Test] Dataset: COD10K, Image: COD10K-CAM-3-Flying-59-Grasshopper-3644.png (1443/2026), MAE: 0.08003217726945877
[Eval-Test] Dataset: COD10K, Image: COD10K-CAM-3-Flying-59-Grasshopper-3645.png (1444/2026), MAE: 0.0326254703104496
[Eval-Test] Dataset: COD10K, Image: COD10K-CAM-3-Flying-59-Grasshopper-3648.png (1445/2026), MAE: 0.07429458200931549
[Eval-Test] Dataset: COD10K, Image: COD10K-CAM-3-Flying-59-Grasshopper-3650.png (1446/2026), MAE: 0.08905820548534393
[Eval-Test] Dataset: COD10K, Image: COD10K-CAM-3-Flying-59-Grasshopper-3652.png (1447/2026), MAE: 0.03213532641530037
[Eval-Test] Dataset: COD10K, Image: COD10K-CAM-3-Flying-59-Grasshopper-3653.png (1448/2026), MAE: 0.024170776829123497
[Eval-Test] Dataset: COD10K, Image: COD10K-CAM-3-Flying-59-Grasshopper-3655.png (1449/2026), MAE: 0.03553956747055054
[Eval-Test] Dataset: COD10K, Image: COD10K-CAM-3-Flying-59-Grasshopper-3657.png (1450/2026), MAE: 0.14859843254089355
[Eval-Test] Dataset: COD10K, Image: COD10K-CAM-3-Flying-59-Grasshopper-3658.png (1451/2026), MAE: 0.11540212482213974
[Eval-Test] Dataset: COD10K, Image: COD10K-CAM-3-Flying-59-Grasshopper-3659.png (1452/2026), MAE: 0.12963461875915527
[Eval-Test] Dataset: COD10K, Image: COD10K-CAM-3-Flying-59-Grasshopper-3661.png (1453/2026), MAE: 0.08930139988660812
[Eval-Test] Dataset: COD10K, Image: COD10K-CAM-3-Flying-59-Grasshopper-3672.png (1454/2026), MAE: 0.10888882726430893
[Eval-Test] Dataset: COD10K, Image: COD10K-CAM-3-Flying-59-Grasshopper-3673.png (1455/2026), MAE: 0.03552750125527382
[Eval-Test] Dataset: COD10K, Image: COD10K-CAM-3-Flying-59-Grasshopper-3676.png (1456/2026), MAE: 0.03592664748430252
[Eval-Test] Dataset: COD10K, Image: COD10K-CAM-3-Flying-59-Grasshopper-3678.png (1457/2026), MAE: 0.016612987965345383
[Eval-Test] Dataset: COD10K, Image: COD10K-CAM-3-Flying-59-Grasshopper-3680.png (1458/2026), MAE: 0.05253200605511665
[Eval-Test] Dataset: COD10K, Image: COD10K-CAM-3-Flying-59-Grasshopper-3681.png (1459/2026), MAE: 0.03617643937468529
[Eval-Test] Dataset: COD10K, Image: COD10K-CAM-3-Flying-59-Grasshopper-3683.png (1460/2026), MAE: 0.04546092823147774
[Eval-Test] Dataset: COD10K, Image: COD10K-CAM-3-Flying-59-Grasshopper-3686.png (1461/2026), MAE: 0.2214120775461197
[Eval-Test] Dataset: COD10K, Image: COD10K-CAM-3-Flying-59-Grasshopper-3688.png (1462/2026), MAE: 0.05647597089409828
[Eval-Test] Dataset: COD10K, Image: COD10K-CAM-3-Flying-59-Grasshopper-3689.png (1463/2026), MAE: 0.1827075034379959
[Eval-Test] Dataset: COD10K, Image: COD10K-CAM-3-Flying-59-Grasshopper-3692.png (1464/2026), MAE: 0.05435017868876457
[Eval-Test] Dataset: COD10K, Image: COD10K-CAM-3-Flying-59-Grasshopper-3694.png (1465/2026), MAE: 0.06945037841796875
[Eval-Test] Dataset: COD10K, Image: COD10K-CAM-3-Flying-59-Grasshopper-3695.png (1466/2026), MAE: 0.04060118645429611
[Eval-Test] Dataset: COD10K, Image: COD10K-CAM-3-Flying-59-Grasshopper-3697.png (1467/2026), MAE: 0.020471112802624702
[Eval-Test] Dataset: COD10K, Image: COD10K-CAM-3-Flying-59-Grasshopper-3699.png (1468/2026), MAE: 0.0751538872718811
[Eval-Test] Dataset: COD10K, Image: COD10K-CAM-3-Flying-59-Grasshopper-3701.png (1469/2026), MAE: 0.032895371317863464
[Eval-Test] Dataset: COD10K, Image: COD10K-CAM-3-Flying-59-Grasshopper-3702.png (1470/2026), MAE: 0.04871835559606552
[Eval-Test] Dataset: COD10K, Image: COD10K-CAM-3-Flying-59-Grasshopper-3706.png (1471/2026), MAE: 0.037232398986816406
[Eval-Test] Dataset: COD10K, Image: COD10K-CAM-3-Flying-59-Grasshopper-3707.png (1472/2026), MAE: 0.1322488635778427
[Eval-Test] Dataset: COD10K, Image: COD10K-CAM-3-Flying-59-Grasshopper-3708.png (1473/2026), MAE: 0.09778483211994171
[Eval-Test] Dataset: COD10K, Image: COD10K-CAM-3-Flying-59-Grasshopper-3710.png (1474/2026), MAE: 0.07772006094455719
[Eval-Test] Dataset: COD10K, Image: COD10K-CAM-3-Flying-59-Grasshopper-3711.png (1475/2026), MAE: 0.05476926267147064
[Eval-Test] Dataset: COD10K, Image: COD10K-CAM-3-Flying-59-Grasshopper-3712.png (1476/2026), MAE: 0.051201704889535904
[Eval-Test] Dataset: COD10K, Image: COD10K-CAM-3-Flying-59-Grasshopper-3714.png (1477/2026), MAE: 0.04188539832830429
[Eval-Test] Dataset: COD10K, Image: COD10K-CAM-3-Flying-59-Grasshopper-3719.png (1478/2026), MAE: 0.08767884969711304
[Eval-Test] Dataset: COD10K, Image: COD10K-CAM-3-Flying-59-Grasshopper-3720.png (1479/2026), MAE: 0.03505682572722435
[Eval-Test] Dataset: COD10K, Image: COD10K-CAM-3-Flying-59-Grasshopper-3726.png (1480/2026), MAE: 0.038126565515995026
[Eval-Test] Dataset: COD10K, Image: COD10K-CAM-3-Flying-59-Grasshopper-3727.png (1481/2026), MAE: 0.021684680134058
[Eval-Test] Dataset: COD10K, Image: COD10K-CAM-3-Flying-59-Grasshopper-3729.png (1482/2026), MAE: 0.08841179311275482
[Eval-Test] Dataset: COD10K, Image: COD10K-CAM-3-Flying-59-Grasshopper-3732.png (1483/2026), MAE: 0.009405149146914482
[Eval-Test] Dataset: COD10K, Image: COD10K-CAM-3-Flying-59-Grasshopper-3733.png (1484/2026), MAE: 0.04704482480883598
[Eval-Test] Dataset: COD10K, Image: COD10K-CAM-3-Flying-59-Grasshopper-3734.png (1485/2026), MAE: 0.06266782432794571
[Eval-Test] Dataset: COD10K, Image: COD10K-CAM-3-Flying-59-Grasshopper-3736.png (1486/2026), MAE: 0.036068495362997055
[Eval-Test] Dataset: COD10K, Image: COD10K-CAM-3-Flying-59-Grasshopper-3737.png (1487/2026), MAE: 0.03209614008665085
[Eval-Test] Dataset: COD10K, Image: COD10K-CAM-3-Flying-59-Grasshopper-3740.png (1488/2026), MAE: 0.03989819809794426
[Eval-Test] Dataset: COD10K, Image: COD10K-CAM-3-Flying-59-Grasshopper-3741.png (1489/2026), MAE: 0.06406451016664505
[Eval-Test] Dataset: COD10K, Image: COD10K-CAM-3-Flying-59-Grasshopper-3744.png (1490/2026), MAE: 0.06751003116369247
[Eval-Test] Dataset: COD10K, Image: COD10K-CAM-3-Flying-59-Grasshopper-3745.png (1491/2026), MAE: 0.08994264155626297
[Eval-Test] Dataset: COD10K, Image: COD10K-CAM-3-Flying-59-Grasshopper-3747.png (1492/2026), MAE: 0.03755548968911171
[Eval-Test] Dataset: COD10K, Image: COD10K-CAM-3-Flying-59-Grasshopper-3756.png (1493/2026), MAE: 0.06679586321115494
[Eval-Test] Dataset: COD10K, Image: COD10K-CAM-3-Flying-59-Grasshopper-3758.png (1494/2026), MAE: 0.07910227030515671
[Eval-Test] Dataset: COD10K, Image: COD10K-CAM-3-Flying-59-Grasshopper-3759.png (1495/2026), MAE: 0.13428649306297302
[Eval-Test] Dataset: COD10K, Image: COD10K-CAM-3-Flying-59-Grasshopper-3760.png (1496/2026), MAE: 0.046447183936834335
[Eval-Test] Dataset: COD10K, Image: COD10K-CAM-3-Flying-59-Grasshopper-3761.png (1497/2026), MAE: 0.033661868423223495
[Eval-Test] Dataset: COD10K, Image: COD10K-CAM-3-Flying-59-Grasshopper-3762.png (1498/2026), MAE: 0.04093717783689499
[Eval-Test] Dataset: COD10K, Image: COD10K-CAM-3-Flying-59-Grasshopper-3764.png (1499/2026), MAE: 0.08030957728624344
[Eval-Test] Dataset: COD10K, Image: COD10K-CAM-3-Flying-59-Grasshopper-3768.png (1500/2026), MAE: 0.05975886434316635
[Eval-Test] Dataset: COD10K, Image: COD10K-CAM-3-Flying-59-Grasshopper-3769.png (1501/2026), MAE: 0.008045822381973267
[Eval-Test] Dataset: COD10K, Image: COD10K-CAM-3-Flying-59-Grasshopper-3771.png (1502/2026), MAE: 0.053688690066337585
[Eval-Test] Dataset: COD10K, Image: COD10K-CAM-3-Flying-59-Grasshopper-3772.png (1503/2026), MAE: 0.024475641548633575
[Eval-Test] Dataset: COD10K, Image: COD10K-CAM-3-Flying-59-Grasshopper-3773.png (1504/2026), MAE: 0.015882141888141632
[Eval-Test] Dataset: COD10K, Image: COD10K-CAM-3-Flying-59-Grasshopper-3775.png (1505/2026), MAE: 0.037374310195446014
[Eval-Test] Dataset: COD10K, Image: COD10K-CAM-3-Flying-59-Grasshopper-3776.png (1506/2026), MAE: 0.06213488429784775
[Eval-Test] Dataset: COD10K, Image: COD10K-CAM-3-Flying-59-Grasshopper-3777.png (1507/2026), MAE: 0.07925456017255783
[Eval-Test] Dataset: COD10K, Image: COD10K-CAM-3-Flying-59-Grasshopper-3778.png (1508/2026), MAE: 0.09979704022407532
[Eval-Test] Dataset: COD10K, Image: COD10K-CAM-3-Flying-59-Grasshopper-3780.png (1509/2026), MAE: 0.12360309809446335
[Eval-Test] Dataset: COD10K, Image: COD10K-CAM-3-Flying-59-Grasshopper-3784.png (1510/2026), MAE: 0.01988772489130497
[Eval-Test] Dataset: COD10K, Image: COD10K-CAM-3-Flying-59-Grasshopper-3786.png (1511/2026), MAE: 0.04071725159883499
[Eval-Test] Dataset: COD10K, Image: COD10K-CAM-3-Flying-59-Grasshopper-3788.png (1512/2026), MAE: 0.02646828070282936
[Eval-Test] Dataset: COD10K, Image: COD10K-CAM-3-Flying-59-Grasshopper-3790.png (1513/2026), MAE: 0.09720869362354279
[Eval-Test] Dataset: COD10K, Image: COD10K-CAM-3-Flying-59-Grasshopper-3792.png (1514/2026), MAE: 0.20725290477275848
[Eval-Test] Dataset: COD10K, Image: COD10K-CAM-3-Flying-59-Grasshopper-3795.png (1515/2026), MAE: 0.23075979948043823
[Eval-Test] Dataset: COD10K, Image: COD10K-CAM-3-Flying-59-Grasshopper-3796.png (1516/2026), MAE: 0.04224490001797676
[Eval-Test] Dataset: COD10K, Image: COD10K-CAM-3-Flying-59-Grasshopper-3799.png (1517/2026), MAE: 0.0834118127822876
[Eval-Test] Dataset: COD10K, Image: COD10K-CAM-3-Flying-59-Grasshopper-3802.png (1518/2026), MAE: 0.013996804133057594
[Eval-Test] Dataset: COD10K, Image: COD10K-CAM-3-Flying-59-Grasshopper-3804.png (1519/2026), MAE: 0.03392970934510231
[Eval-Test] Dataset: COD10K, Image: COD10K-CAM-3-Flying-59-Grasshopper-3808.png (1520/2026), MAE: 0.06738951802253723
[Eval-Test] Dataset: COD10K, Image: COD10K-CAM-3-Flying-59-Grasshopper-3810.png (1521/2026), MAE: 0.19546225666999817
[Eval-Test] Dataset: COD10K, Image: COD10K-CAM-3-Flying-59-Grasshopper-3811.png (1522/2026), MAE: 0.0640072450041771
[Eval-Test] Dataset: COD10K, Image: COD10K-CAM-3-Flying-59-Grasshopper-3813.png (1523/2026), MAE: 0.05999041348695755
[Eval-Test] Dataset: COD10K, Image: COD10K-CAM-3-Flying-59-Grasshopper-3814.png (1524/2026), MAE: 0.06504618376493454
[Eval-Test] Dataset: COD10K, Image: COD10K-CAM-3-Flying-59-Grasshopper-3815.png (1525/2026), MAE: 0.07663203775882721
[Eval-Test] Dataset: COD10K, Image: COD10K-CAM-3-Flying-59-Grasshopper-3818.png (1526/2026), MAE: 0.0609973780810833
[Eval-Test] Dataset: COD10K, Image: COD10K-CAM-3-Flying-59-Grasshopper-3820.png (1527/2026), MAE: 0.018693746998906136
[Eval-Test] Dataset: COD10K, Image: COD10K-CAM-3-Flying-59-Grasshopper-3824.png (1528/2026), MAE: 0.04564044624567032
[Eval-Test] Dataset: COD10K, Image: COD10K-CAM-3-Flying-59-Grasshopper-3825.png (1529/2026), MAE: 0.03432736173272133
[Eval-Test] Dataset: COD10K, Image: COD10K-CAM-3-Flying-59-Grasshopper-3828.png (1530/2026), MAE: 0.19700950384140015
[Eval-Test] Dataset: COD10K, Image: COD10K-CAM-3-Flying-59-Grasshopper-3831.png (1531/2026), MAE: 0.05841276794672012
[Eval-Test] Dataset: COD10K, Image: COD10K-CAM-3-Flying-59-Grasshopper-3834.png (1532/2026), MAE: 0.04142178222537041
[Eval-Test] Dataset: COD10K, Image: COD10K-CAM-3-Flying-59-Grasshopper-3840.png (1533/2026), MAE: 0.0600547194480896
[Eval-Test] Dataset: COD10K, Image: COD10K-CAM-3-Flying-59-Grasshopper-3845.png (1534/2026), MAE: 0.3539798855781555
[Eval-Test] Dataset: COD10K, Image: COD10K-CAM-3-Flying-59-Grasshopper-3847.png (1535/2026), MAE: 0.1221679225564003
[Eval-Test] Dataset: COD10K, Image: COD10K-CAM-3-Flying-59-Grasshopper-3849.png (1536/2026), MAE: 0.10015568137168884
[Eval-Test] Dataset: COD10K, Image: COD10K-CAM-3-Flying-59-Grasshopper-3850.png (1537/2026), MAE: 0.048704132437705994
[Eval-Test] Dataset: COD10K, Image: COD10K-CAM-3-Flying-59-Grasshopper-3853.png (1538/2026), MAE: 0.08613204956054688
[Eval-Test] Dataset: COD10K, Image: COD10K-CAM-3-Flying-59-Grasshopper-3856.png (1539/2026), MAE: 0.0879061296582222
[Eval-Test] Dataset: COD10K, Image: COD10K-CAM-3-Flying-59-Grasshopper-3857.png (1540/2026), MAE: 0.05884590372443199
[Eval-Test] Dataset: COD10K, Image: COD10K-CAM-3-Flying-59-Grasshopper-3859.png (1541/2026), MAE: 0.026438672095537186
[Eval-Test] Dataset: COD10K, Image: COD10K-CAM-3-Flying-59-Grasshopper-3863.png (1542/2026), MAE: 0.08005546778440475
[Eval-Test] Dataset: COD10K, Image: COD10K-CAM-3-Flying-59-Grasshopper-3866.png (1543/2026), MAE: 0.08147159963846207
[Eval-Test] Dataset: COD10K, Image: COD10K-CAM-3-Flying-59-Grasshopper-3870.png (1544/2026), MAE: 0.03859288617968559
[Eval-Test] Dataset: COD10K, Image: COD10K-CAM-3-Flying-59-Grasshopper-3872.png (1545/2026), MAE: 0.14211149513721466
[Eval-Test] Dataset: COD10K, Image: COD10K-CAM-3-Flying-59-Grasshopper-3873.png (1546/2026), MAE: 0.12620395421981812
[Eval-Test] Dataset: COD10K, Image: COD10K-CAM-3-Flying-59-Grasshopper-3874.png (1547/2026), MAE: 0.09419193863868713
[Eval-Test] Dataset: COD10K, Image: COD10K-CAM-3-Flying-59-Grasshopper-3875.png (1548/2026), MAE: 0.06693790853023529
[Eval-Test] Dataset: COD10K, Image: COD10K-CAM-3-Flying-59-Grasshopper-3876.png (1549/2026), MAE: 0.02171914093196392
[Eval-Test] Dataset: COD10K, Image: COD10K-CAM-3-Flying-59-Grasshopper-3877.png (1550/2026), MAE: 0.049532968550920486
[Eval-Test] Dataset: COD10K, Image: COD10K-CAM-3-Flying-59-Grasshopper-3880.png (1551/2026), MAE: 0.011774632148444653
[Eval-Test] Dataset: COD10K, Image: COD10K-CAM-3-Flying-60-Heron-3881.png (1552/2026), MAE: 0.024992560967803
[Eval-Test] Dataset: COD10K, Image: COD10K-CAM-3-Flying-60-Heron-3884.png (1553/2026), MAE: 0.023796139284968376
[Eval-Test] Dataset: COD10K, Image: COD10K-CAM-3-Flying-60-Heron-3885.png (1554/2026), MAE: 0.05583551898598671
[Eval-Test] Dataset: COD10K, Image: COD10K-CAM-3-Flying-60-Heron-3886.png (1555/2026), MAE: 0.023966267704963684
[Eval-Test] Dataset: COD10K, Image: COD10K-CAM-3-Flying-60-Heron-3888.png (1556/2026), MAE: 0.0321059413254261
[Eval-Test] Dataset: COD10K, Image: COD10K-CAM-3-Flying-60-Heron-3889.png (1557/2026), MAE: 0.04473439231514931
[Eval-Test] Dataset: COD10K, Image: COD10K-CAM-3-Flying-60-Heron-3891.png (1558/2026), MAE: 0.03186068683862686
[Eval-Test] Dataset: COD10K, Image: COD10K-CAM-3-Flying-60-Heron-3892.png (1559/2026), MAE: 0.01986871100962162
[Eval-Test] Dataset: COD10K, Image: COD10K-CAM-3-Flying-60-Heron-3893.png (1560/2026), MAE: 0.13518986105918884
[Eval-Test] Dataset: COD10K, Image: COD10K-CAM-3-Flying-60-Heron-3895.png (1561/2026), MAE: 0.07969921082258224
[Eval-Test] Dataset: COD10K, Image: COD10K-CAM-3-Flying-60-Heron-3898.png (1562/2026), MAE: 0.03457409515976906
[Eval-Test] Dataset: COD10K, Image: COD10K-CAM-3-Flying-60-Heron-3900.png (1563/2026), MAE: 0.04258190840482712
[Eval-Test] Dataset: COD10K, Image: COD10K-CAM-3-Flying-60-Heron-3901.png (1564/2026), MAE: 0.02060140296816826
[Eval-Test] Dataset: COD10K, Image: COD10K-CAM-3-Flying-60-Heron-3906.png (1565/2026), MAE: 0.0319015309214592
[Eval-Test] Dataset: COD10K, Image: COD10K-CAM-3-Flying-60-Heron-3909.png (1566/2026), MAE: 0.05507294088602066
[Eval-Test] Dataset: COD10K, Image: COD10K-CAM-3-Flying-60-Heron-3911.png (1567/2026), MAE: 0.06314225494861603
[Eval-Test] Dataset: COD10K, Image: COD10K-CAM-3-Flying-60-Heron-3912.png (1568/2026), MAE: 0.030596567317843437
[Eval-Test] Dataset: COD10K, Image: COD10K-CAM-3-Flying-60-Heron-3918.png (1569/2026), MAE: 0.06305913627147675
[Eval-Test] Dataset: COD10K, Image: COD10K-CAM-3-Flying-60-Heron-3921.png (1570/2026), MAE: 0.02803923562169075
[Eval-Test] Dataset: COD10K, Image: COD10K-CAM-3-Flying-60-Heron-3922.png (1571/2026), MAE: 0.013139097020030022
[Eval-Test] Dataset: COD10K, Image: COD10K-CAM-3-Flying-60-Heron-3925.png (1572/2026), MAE: 0.01885814592242241
[Eval-Test] Dataset: COD10K, Image: COD10K-CAM-3-Flying-60-Heron-3927.png (1573/2026), MAE: 0.017002442851662636
[Eval-Test] Dataset: COD10K, Image: COD10K-CAM-3-Flying-60-Heron-3928.png (1574/2026), MAE: 0.04262113198637962
[Eval-Test] Dataset: COD10K, Image: COD10K-CAM-3-Flying-61-Katydid-3939.png (1575/2026), MAE: 0.056577734649181366
[Eval-Test] Dataset: COD10K, Image: COD10K-CAM-3-Flying-61-Katydid-3942.png (1576/2026), MAE: 0.07348399609327316
[Eval-Test] Dataset: COD10K, Image: COD10K-CAM-3-Flying-61-Katydid-3949.png (1577/2026), MAE: 0.18477624654769897
[Eval-Test] Dataset: COD10K, Image: COD10K-CAM-3-Flying-61-Katydid-3950.png (1578/2026), MAE: 0.03039577789604664
[Eval-Test] Dataset: COD10K, Image: COD10K-CAM-3-Flying-61-Katydid-3951.png (1579/2026), MAE: 0.06629224866628647
[Eval-Test] Dataset: COD10K, Image: COD10K-CAM-3-Flying-61-Katydid-3952.png (1580/2026), MAE: 0.14281515777111053
[Eval-Test] Dataset: COD10K, Image: COD10K-CAM-3-Flying-61-Katydid-3956.png (1581/2026), MAE: 0.0706784650683403
[Eval-Test] Dataset: COD10K, Image: COD10K-CAM-3-Flying-61-Katydid-3958.png (1582/2026), MAE: 0.029092615470290184
[Eval-Test] Dataset: COD10K, Image: COD10K-CAM-3-Flying-61-Katydid-3962.png (1583/2026), MAE: 0.17786313593387604
[Eval-Test] Dataset: COD10K, Image: COD10K-CAM-3-Flying-61-Katydid-3964.png (1584/2026), MAE: 0.10599958896636963
[Eval-Test] Dataset: COD10K, Image: COD10K-CAM-3-Flying-61-Katydid-3965.png (1585/2026), MAE: 0.20043262839317322
[Eval-Test] Dataset: COD10K, Image: COD10K-CAM-3-Flying-61-Katydid-3968.png (1586/2026), MAE: 0.06885427236557007
[Eval-Test] Dataset: COD10K, Image: COD10K-CAM-3-Flying-61-Katydid-3971.png (1587/2026), MAE: 0.2763250768184662
[Eval-Test] Dataset: COD10K, Image: COD10K-CAM-3-Flying-61-Katydid-3976.png (1588/2026), MAE: 0.08361838012933731
[Eval-Test] Dataset: COD10K, Image: COD10K-CAM-3-Flying-61-Katydid-3979.png (1589/2026), MAE: 0.13216839730739594
[Eval-Test] Dataset: COD10K, Image: COD10K-CAM-3-Flying-61-Katydid-3980.png (1590/2026), MAE: 0.15256859362125397
[Eval-Test] Dataset: COD10K, Image: COD10K-CAM-3-Flying-61-Katydid-3982.png (1591/2026), MAE: 0.08721145242452621
[Eval-Test] Dataset: COD10K, Image: COD10K-CAM-3-Flying-61-Katydid-3983.png (1592/2026), MAE: 0.10867495089769363
[Eval-Test] Dataset: COD10K, Image: COD10K-CAM-3-Flying-61-Katydid-3987.png (1593/2026), MAE: 0.11408615112304688
[Eval-Test] Dataset: COD10K, Image: COD10K-CAM-3-Flying-61-Katydid-3988.png (1594/2026), MAE: 0.05335819348692894
[Eval-Test] Dataset: COD10K, Image: COD10K-CAM-3-Flying-61-Katydid-3990.png (1595/2026), MAE: 0.08893107622861862
[Eval-Test] Dataset: COD10K, Image: COD10K-CAM-3-Flying-61-Katydid-3993.png (1596/2026), MAE: 0.03158445283770561
[Eval-Test] Dataset: COD10K, Image: COD10K-CAM-3-Flying-61-Katydid-3994.png (1597/2026), MAE: 0.033603422343730927
[Eval-Test] Dataset: COD10K, Image: COD10K-CAM-3-Flying-61-Katydid-4003.png (1598/2026), MAE: 0.0679280161857605
[Eval-Test] Dataset: COD10K, Image: COD10K-CAM-3-Flying-61-Katydid-4004.png (1599/2026), MAE: 0.11906266212463379
[Eval-Test] Dataset: COD10K, Image: COD10K-CAM-3-Flying-61-Katydid-4006.png (1600/2026), MAE: 0.02493918314576149
[Eval-Test] Dataset: COD10K, Image: COD10K-CAM-3-Flying-61-Katydid-4008.png (1601/2026), MAE: 0.10309328138828278
[Eval-Test] Dataset: COD10K, Image: COD10K-CAM-3-Flying-61-Katydid-4014.png (1602/2026), MAE: 0.1499478965997696
[Eval-Test] Dataset: COD10K, Image: COD10K-CAM-3-Flying-61-Katydid-4016.png (1603/2026), MAE: 0.17765425145626068
[Eval-Test] Dataset: COD10K, Image: COD10K-CAM-3-Flying-61-Katydid-4020.png (1604/2026), MAE: 0.04261332005262375
[Eval-Test] Dataset: COD10K, Image: COD10K-CAM-3-Flying-61-Katydid-4021.png (1605/2026), MAE: 0.07246087491512299
[Eval-Test] Dataset: COD10K, Image: COD10K-CAM-3-Flying-61-Katydid-4022.png (1606/2026), MAE: 0.052362341433763504
[Eval-Test] Dataset: COD10K, Image: COD10K-CAM-3-Flying-61-Katydid-4023.png (1607/2026), MAE: 0.09319718927145004
[Eval-Test] Dataset: COD10K, Image: COD10K-CAM-3-Flying-61-Katydid-4025.png (1608/2026), MAE: 0.07052063941955566
[Eval-Test] Dataset: COD10K, Image: COD10K-CAM-3-Flying-61-Katydid-4027.png (1609/2026), MAE: 0.03569283336400986
[Eval-Test] Dataset: COD10K, Image: COD10K-CAM-3-Flying-61-Katydid-4035.png (1610/2026), MAE: 0.04786212742328644
[Eval-Test] Dataset: COD10K, Image: COD10K-CAM-3-Flying-61-Katydid-4037.png (1611/2026), MAE: 0.07236049324274063
[Eval-Test] Dataset: COD10K, Image: COD10K-CAM-3-Flying-61-Katydid-4042.png (1612/2026), MAE: 0.03317398577928543
[Eval-Test] Dataset: COD10K, Image: COD10K-CAM-3-Flying-61-Katydid-4045.png (1613/2026), MAE: 0.09763072431087494
[Eval-Test] Dataset: COD10K, Image: COD10K-CAM-3-Flying-61-Katydid-4047.png (1614/2026), MAE: 0.1507645547389984
[Eval-Test] Dataset: COD10K, Image: COD10K-CAM-3-Flying-61-Katydid-4051.png (1615/2026), MAE: 0.12635529041290283
[Eval-Test] Dataset: COD10K, Image: COD10K-CAM-3-Flying-61-Katydid-4054.png (1616/2026), MAE: 0.18758073449134827
[Eval-Test] Dataset: COD10K, Image: COD10K-CAM-3-Flying-61-Katydid-4059.png (1617/2026), MAE: 0.09029688686132431
[Eval-Test] Dataset: COD10K, Image: COD10K-CAM-3-Flying-61-Katydid-4060.png (1618/2026), MAE: 0.06376349180936813
[Eval-Test] Dataset: COD10K, Image: COD10K-CAM-3-Flying-61-Katydid-4062.png (1619/2026), MAE: 0.11880109459161758
[Eval-Test] Dataset: COD10K, Image: COD10K-CAM-3-Flying-61-Katydid-4063.png (1620/2026), MAE: 0.045525941997766495
[Eval-Test] Dataset: COD10K, Image: COD10K-CAM-3-Flying-61-Katydid-4064.png (1621/2026), MAE: 0.04229331016540527
[Eval-Test] Dataset: COD10K, Image: COD10K-CAM-3-Flying-61-Katydid-4068.png (1622/2026), MAE: 0.06382071226835251
[Eval-Test] Dataset: COD10K, Image: COD10K-CAM-3-Flying-61-Katydid-4073.png (1623/2026), MAE: 0.10667058825492859
[Eval-Test] Dataset: COD10K, Image: COD10K-CAM-3-Flying-61-Katydid-4074.png (1624/2026), MAE: 0.033809877932071686
[Eval-Test] Dataset: COD10K, Image: COD10K-CAM-3-Flying-61-Katydid-4075.png (1625/2026), MAE: 0.18087655305862427
[Eval-Test] Dataset: COD10K, Image: COD10K-CAM-3-Flying-61-Katydid-4077.png (1626/2026), MAE: 0.062253016978502274
[Eval-Test] Dataset: COD10K, Image: COD10K-CAM-3-Flying-61-Katydid-4080.png (1627/2026), MAE: 0.16927433013916016
[Eval-Test] Dataset: COD10K, Image: COD10K-CAM-3-Flying-61-Katydid-4082.png (1628/2026), MAE: 0.09009449928998947
[Eval-Test] Dataset: COD10K, Image: COD10K-CAM-3-Flying-61-Katydid-4085.png (1629/2026), MAE: 0.09724723547697067
[Eval-Test] Dataset: COD10K, Image: COD10K-CAM-3-Flying-61-Katydid-4086.png (1630/2026), MAE: 0.04777224361896515
[Eval-Test] Dataset: COD10K, Image: COD10K-CAM-3-Flying-61-Katydid-4087.png (1631/2026), MAE: 0.07950902730226517
[Eval-Test] Dataset: COD10K, Image: COD10K-CAM-3-Flying-61-Katydid-4091.png (1632/2026), MAE: 0.11234646290540695
[Eval-Test] Dataset: COD10K, Image: COD10K-CAM-3-Flying-61-Katydid-4093.png (1633/2026), MAE: 0.053853459656238556
[Eval-Test] Dataset: COD10K, Image: COD10K-CAM-3-Flying-61-Katydid-4094.png (1634/2026), MAE: 0.2862081825733185
[Eval-Test] Dataset: COD10K, Image: COD10K-CAM-3-Flying-61-Katydid-4101.png (1635/2026), MAE: 0.04905223473906517
[Eval-Test] Dataset: COD10K, Image: COD10K-CAM-3-Flying-61-Katydid-4102.png (1636/2026), MAE: 0.3537220358848572
[Eval-Test] Dataset: COD10K, Image: COD10K-CAM-3-Flying-61-Katydid-4107.png (1637/2026), MAE: 0.03738792613148689
[Eval-Test] Dataset: COD10K, Image: COD10K-CAM-3-Flying-61-Katydid-4108.png (1638/2026), MAE: 0.021356776356697083
[Eval-Test] Dataset: COD10K, Image: COD10K-CAM-3-Flying-61-Katydid-4110.png (1639/2026), MAE: 0.13376115262508392
[Eval-Test] Dataset: COD10K, Image: COD10K-CAM-3-Flying-61-Katydid-4111.png (1640/2026), MAE: 0.12444452941417694
[Eval-Test] Dataset: COD10K, Image: COD10K-CAM-3-Flying-61-Katydid-4112.png (1641/2026), MAE: 0.12743374705314636
[Eval-Test] Dataset: COD10K, Image: COD10K-CAM-3-Flying-61-Katydid-4115.png (1642/2026), MAE: 0.05807068943977356
[Eval-Test] Dataset: COD10K, Image: COD10K-CAM-3-Flying-61-Katydid-4117.png (1643/2026), MAE: 0.13780605792999268
[Eval-Test] Dataset: COD10K, Image: COD10K-CAM-3-Flying-61-Katydid-4118.png (1644/2026), MAE: 0.0742625743150711
[Eval-Test] Dataset: COD10K, Image: COD10K-CAM-3-Flying-61-Katydid-4121.png (1645/2026), MAE: 0.18320724368095398
[Eval-Test] Dataset: COD10K, Image: COD10K-CAM-3-Flying-61-Katydid-4122.png (1646/2026), MAE: 0.04805147647857666
[Eval-Test] Dataset: COD10K, Image: COD10K-CAM-3-Flying-61-Katydid-4125.png (1647/2026), MAE: 0.05205217003822327
[Eval-Test] Dataset: COD10K, Image: COD10K-CAM-3-Flying-61-Katydid-4126.png (1648/2026), MAE: 0.0666922777891159
[Eval-Test] Dataset: COD10K, Image: COD10K-CAM-3-Flying-61-Katydid-4130.png (1649/2026), MAE: 0.0741148516535759
[Eval-Test] Dataset: COD10K, Image: COD10K-CAM-3-Flying-61-Katydid-4131.png (1650/2026), MAE: 0.04573454707860947
[Eval-Test] Dataset: COD10K, Image: COD10K-CAM-3-Flying-61-Katydid-4133.png (1651/2026), MAE: 0.06777272373437881
[Eval-Test] Dataset: COD10K, Image: COD10K-CAM-3-Flying-61-Katydid-4141.png (1652/2026), MAE: 0.11907076835632324
[Eval-Test] Dataset: COD10K, Image: COD10K-CAM-3-Flying-61-Katydid-4142.png (1653/2026), MAE: 0.03189455345273018
[Eval-Test] Dataset: COD10K, Image: COD10K-CAM-3-Flying-61-Katydid-4144.png (1654/2026), MAE: 0.17225253582000732
[Eval-Test] Dataset: COD10K, Image: COD10K-CAM-3-Flying-61-Katydid-4145.png (1655/2026), MAE: 0.05305401608347893
[Eval-Test] Dataset: COD10K, Image: COD10K-CAM-3-Flying-61-Katydid-4147.png (1656/2026), MAE: 0.1166732907295227
[Eval-Test] Dataset: COD10K, Image: COD10K-CAM-3-Flying-61-Katydid-4153.png (1657/2026), MAE: 0.07509031146764755
[Eval-Test] Dataset: COD10K, Image: COD10K-CAM-3-Flying-61-Katydid-4154.png (1658/2026), MAE: 0.04620758071541786
[Eval-Test] Dataset: COD10K, Image: COD10K-CAM-3-Flying-61-Katydid-4155.png (1659/2026), MAE: 0.06483446061611176
[Eval-Test] Dataset: COD10K, Image: COD10K-CAM-3-Flying-61-Katydid-4156.png (1660/2026), MAE: 0.08209745585918427
[Eval-Test] Dataset: COD10K, Image: COD10K-CAM-3-Flying-61-Katydid-4159.png (1661/2026), MAE: 0.09419321268796921
[Eval-Test] Dataset: COD10K, Image: COD10K-CAM-3-Flying-61-Katydid-4160.png (1662/2026), MAE: 0.057634055614471436
[Eval-Test] Dataset: COD10K, Image: COD10K-CAM-3-Flying-61-Katydid-4161.png (1663/2026), MAE: 0.05126300826668739
[Eval-Test] Dataset: COD10K, Image: COD10K-CAM-3-Flying-61-Katydid-4162.png (1664/2026), MAE: 0.1545162945985794
[Eval-Test] Dataset: COD10K, Image: COD10K-CAM-3-Flying-61-Katydid-4166.png (1665/2026), MAE: 0.07514099776744843
[Eval-Test] Dataset: COD10K, Image: COD10K-CAM-3-Flying-61-Katydid-4167.png (1666/2026), MAE: 0.05211607739329338
[Eval-Test] Dataset: COD10K, Image: COD10K-CAM-3-Flying-61-Katydid-4173.png (1667/2026), MAE: 0.03453153744339943
[Eval-Test] Dataset: COD10K, Image: COD10K-CAM-3-Flying-61-Katydid-4174.png (1668/2026), MAE: 0.19532251358032227
[Eval-Test] Dataset: COD10K, Image: COD10K-CAM-3-Flying-61-Katydid-4176.png (1669/2026), MAE: 0.06941352039575577
[Eval-Test] Dataset: COD10K, Image: COD10K-CAM-3-Flying-61-Katydid-4177.png (1670/2026), MAE: 0.06976410746574402
[Eval-Test] Dataset: COD10K, Image: COD10K-CAM-3-Flying-61-Katydid-4180.png (1671/2026), MAE: 0.1020999327301979
[Eval-Test] Dataset: COD10K, Image: COD10K-CAM-3-Flying-61-Katydid-4189.png (1672/2026), MAE: 0.05407550558447838
[Eval-Test] Dataset: COD10K, Image: COD10K-CAM-3-Flying-61-Katydid-4191.png (1673/2026), MAE: 0.09219475835561752
[Eval-Test] Dataset: COD10K, Image: COD10K-CAM-3-Flying-61-Katydid-4193.png (1674/2026), MAE: 0.0793338492512703
[Eval-Test] Dataset: COD10K, Image: COD10K-CAM-3-Flying-61-Katydid-4196.png (1675/2026), MAE: 0.16365855932235718
[Eval-Test] Dataset: COD10K, Image: COD10K-CAM-3-Flying-61-Katydid-4198.png (1676/2026), MAE: 0.1362043023109436
[Eval-Test] Dataset: COD10K, Image: COD10K-CAM-3-Flying-61-Katydid-4201.png (1677/2026), MAE: 0.0449451319873333
[Eval-Test] Dataset: COD10K, Image: COD10K-CAM-3-Flying-61-Katydid-4203.png (1678/2026), MAE: 0.034504301846027374
[Eval-Test] Dataset: COD10K, Image: COD10K-CAM-3-Flying-61-Katydid-4204.png (1679/2026), MAE: 0.09794215857982635
[Eval-Test] Dataset: COD10K, Image: COD10K-CAM-3-Flying-61-Katydid-4205.png (1680/2026), MAE: 0.023509431630373
[Eval-Test] Dataset: COD10K, Image: COD10K-CAM-3-Flying-61-Katydid-4206.png (1681/2026), MAE: 0.35637494921684265
[Eval-Test] Dataset: COD10K, Image: COD10K-CAM-3-Flying-61-Katydid-4209.png (1682/2026), MAE: 0.04970453307032585
[Eval-Test] Dataset: COD10K, Image: COD10K-CAM-3-Flying-61-Katydid-4215.png (1683/2026), MAE: 0.0462101511657238
[Eval-Test] Dataset: COD10K, Image: COD10K-CAM-3-Flying-61-Katydid-4216.png (1684/2026), MAE: 0.1586090475320816
[Eval-Test] Dataset: COD10K, Image: COD10K-CAM-3-Flying-61-Katydid-4218.png (1685/2026), MAE: 0.041616350412368774
[Eval-Test] Dataset: COD10K, Image: COD10K-CAM-3-Flying-61-Katydid-4219.png (1686/2026), MAE: 0.14555540680885315
[Eval-Test] Dataset: COD10K, Image: COD10K-CAM-3-Flying-61-Katydid-4220.png (1687/2026), MAE: 0.2610306739807129
[Eval-Test] Dataset: COD10K, Image: COD10K-CAM-3-Flying-61-Katydid-4221.png (1688/2026), MAE: 0.10028176009654999
[Eval-Test] Dataset: COD10K, Image: COD10K-CAM-3-Flying-61-Katydid-4222.png (1689/2026), MAE: 0.20534873008728027
[Eval-Test] Dataset: COD10K, Image: COD10K-CAM-3-Flying-61-Katydid-4224.png (1690/2026), MAE: 0.06035391241312027
[Eval-Test] Dataset: COD10K, Image: COD10K-CAM-3-Flying-61-Katydid-4225.png (1691/2026), MAE: 0.07488992810249329
[Eval-Test] Dataset: COD10K, Image: COD10K-CAM-3-Flying-61-Katydid-4228.png (1692/2026), MAE: 0.042478226125240326
[Eval-Test] Dataset: COD10K, Image: COD10K-CAM-3-Flying-61-Katydid-4229.png (1693/2026), MAE: 0.07196389883756638
[Eval-Test] Dataset: COD10K, Image: COD10K-CAM-3-Flying-61-Katydid-4230.png (1694/2026), MAE: 0.06809719651937485
[Eval-Test] Dataset: COD10K, Image: COD10K-CAM-3-Flying-61-Katydid-4231.png (1695/2026), MAE: 0.05750161409378052
[Eval-Test] Dataset: COD10K, Image: COD10K-CAM-3-Flying-61-Katydid-4232.png (1696/2026), MAE: 0.09646185487508774
[Eval-Test] Dataset: COD10K, Image: COD10K-CAM-3-Flying-61-Katydid-4234.png (1697/2026), MAE: 0.19159524142742157
[Eval-Test] Dataset: COD10K, Image: COD10K-CAM-3-Flying-61-Katydid-4237.png (1698/2026), MAE: 0.0748664140701294
[Eval-Test] Dataset: COD10K, Image: COD10K-CAM-3-Flying-61-Katydid-4238.png (1699/2026), MAE: 0.11393658071756363
[Eval-Test] Dataset: COD10K, Image: COD10K-CAM-3-Flying-61-Katydid-4240.png (1700/2026), MAE: 0.12623247504234314
[Eval-Test] Dataset: COD10K, Image: COD10K-CAM-3-Flying-61-Katydid-4241.png (1701/2026), MAE: 0.05858561396598816
[Eval-Test] Dataset: COD10K, Image: COD10K-CAM-3-Flying-61-Katydid-4242.png (1702/2026), MAE: 0.051740605384111404
[Eval-Test] Dataset: COD10K, Image: COD10K-CAM-3-Flying-61-Katydid-4244.png (1703/2026), MAE: 0.08708453923463821
[Eval-Test] Dataset: COD10K, Image: COD10K-CAM-3-Flying-62-Mantis-4245.png (1704/2026), MAE: 0.04623493552207947
[Eval-Test] Dataset: COD10K, Image: COD10K-CAM-3-Flying-62-Mantis-4247.png (1705/2026), MAE: 0.03668756037950516
[Eval-Test] Dataset: COD10K, Image: COD10K-CAM-3-Flying-62-Mantis-4248.png (1706/2026), MAE: 0.049168750643730164
[Eval-Test] Dataset: COD10K, Image: COD10K-CAM-3-Flying-62-Mantis-4253.png (1707/2026), MAE: 0.03324233740568161
[Eval-Test] Dataset: COD10K, Image: COD10K-CAM-3-Flying-62-Mantis-4255.png (1708/2026), MAE: 0.1508418321609497
[Eval-Test] Dataset: COD10K, Image: COD10K-CAM-3-Flying-62-Mantis-4256.png (1709/2026), MAE: 0.034232329577207565
[Eval-Test] Dataset: COD10K, Image: COD10K-CAM-3-Flying-62-Mantis-4258.png (1710/2026), MAE: 0.0767006054520607
[Eval-Test] Dataset: COD10K, Image: COD10K-CAM-3-Flying-62-Mantis-4262.png (1711/2026), MAE: 0.01760404370725155
[Eval-Test] Dataset: COD10K, Image: COD10K-CAM-3-Flying-62-Mantis-4265.png (1712/2026), MAE: 0.047520268708467484
[Eval-Test] Dataset: COD10K, Image: COD10K-CAM-3-Flying-62-Mantis-4268.png (1713/2026), MAE: 0.14734584093093872
[Eval-Test] Dataset: COD10K, Image: COD10K-CAM-3-Flying-62-Mantis-4270.png (1714/2026), MAE: 0.3708217144012451
[Eval-Test] Dataset: COD10K, Image: COD10K-CAM-3-Flying-62-Mantis-4272.png (1715/2026), MAE: 0.08458063006401062
[Eval-Test] Dataset: COD10K, Image: COD10K-CAM-3-Flying-62-Mantis-4274.png (1716/2026), MAE: 0.09310094267129898
[Eval-Test] Dataset: COD10K, Image: COD10K-CAM-3-Flying-62-Mantis-4276.png (1717/2026), MAE: 0.09882975369691849
[Eval-Test] Dataset: COD10K, Image: COD10K-CAM-3-Flying-62-Mantis-4278.png (1718/2026), MAE: 0.10972723364830017
[Eval-Test] Dataset: COD10K, Image: COD10K-CAM-3-Flying-62-Mantis-4279.png (1719/2026), MAE: 0.06361068040132523
[Eval-Test] Dataset: COD10K, Image: COD10K-CAM-3-Flying-62-Mantis-4281.png (1720/2026), MAE: 0.20012275874614716
[Eval-Test] Dataset: COD10K, Image: COD10K-CAM-3-Flying-62-Mantis-4283.png (1721/2026), MAE: 0.11599750816822052
[Eval-Test] Dataset: COD10K, Image: COD10K-CAM-3-Flying-62-Mantis-4285.png (1722/2026), MAE: 0.07737058401107788
[Eval-Test] Dataset: COD10K, Image: COD10K-CAM-3-Flying-62-Mantis-4287.png (1723/2026), MAE: 0.07861914485692978
[Eval-Test] Dataset: COD10K, Image: COD10K-CAM-3-Flying-62-Mantis-4288.png (1724/2026), MAE: 0.04916427284479141
[Eval-Test] Dataset: COD10K, Image: COD10K-CAM-3-Flying-62-Mantis-4296.png (1725/2026), MAE: 0.026889346539974213
[Eval-Test] Dataset: COD10K, Image: COD10K-CAM-3-Flying-62-Mantis-4297.png (1726/2026), MAE: 0.10121063888072968
[Eval-Test] Dataset: COD10K, Image: COD10K-CAM-3-Flying-62-Mantis-4301.png (1727/2026), MAE: 0.040114179253578186
[Eval-Test] Dataset: COD10K, Image: COD10K-CAM-3-Flying-62-Mantis-4302.png (1728/2026), MAE: 0.04955444857478142
[Eval-Test] Dataset: COD10K, Image: COD10K-CAM-3-Flying-62-Mantis-4307.png (1729/2026), MAE: 0.14327366650104523
[Eval-Test] Dataset: COD10K, Image: COD10K-CAM-3-Flying-62-Mantis-4308.png (1730/2026), MAE: 0.06525805592536926
[Eval-Test] Dataset: COD10K, Image: COD10K-CAM-3-Flying-62-Mantis-4310.png (1731/2026), MAE: 0.02932601235806942
[Eval-Test] Dataset: COD10K, Image: COD10K-CAM-3-Flying-62-Mantis-4313.png (1732/2026), MAE: 0.07693689316511154
[Eval-Test] Dataset: COD10K, Image: COD10K-CAM-3-Flying-62-Mantis-4314.png (1733/2026), MAE: 0.15186119079589844
[Eval-Test] Dataset: COD10K, Image: COD10K-CAM-3-Flying-62-Mantis-4315.png (1734/2026), MAE: 0.04046499729156494
[Eval-Test] Dataset: COD10K, Image: COD10K-CAM-3-Flying-62-Mantis-4316.png (1735/2026), MAE: 0.0971720814704895
[Eval-Test] Dataset: COD10K, Image: COD10K-CAM-3-Flying-62-Mantis-4319.png (1736/2026), MAE: 0.07596646994352341
[Eval-Test] Dataset: COD10K, Image: COD10K-CAM-3-Flying-62-Mantis-4321.png (1737/2026), MAE: 0.060267772525548935
[Eval-Test] Dataset: COD10K, Image: COD10K-CAM-3-Flying-62-Mantis-4325.png (1738/2026), MAE: 0.048231884837150574
[Eval-Test] Dataset: COD10K, Image: COD10K-CAM-3-Flying-62-Mantis-4328.png (1739/2026), MAE: 0.10552434623241425
[Eval-Test] Dataset: COD10K, Image: COD10K-CAM-3-Flying-62-Mantis-4330.png (1740/2026), MAE: 0.0747014582157135
[Eval-Test] Dataset: COD10K, Image: COD10K-CAM-3-Flying-62-Mantis-4339.png (1741/2026), MAE: 0.062300849705934525
[Eval-Test] Dataset: COD10K, Image: COD10K-CAM-3-Flying-62-Mantis-4341.png (1742/2026), MAE: 0.046178076416254044
[Eval-Test] Dataset: COD10K, Image: COD10K-CAM-3-Flying-62-Mantis-4342.png (1743/2026), MAE: 0.07995715737342834
[Eval-Test] Dataset: COD10K, Image: COD10K-CAM-3-Flying-62-Mantis-4344.png (1744/2026), MAE: 0.04308675229549408
[Eval-Test] Dataset: COD10K, Image: COD10K-CAM-3-Flying-62-Mantis-4346.png (1745/2026), MAE: 0.06731019914150238
[Eval-Test] Dataset: COD10K, Image: COD10K-CAM-3-Flying-62-Mantis-4347.png (1746/2026), MAE: 0.1277330070734024
[Eval-Test] Dataset: COD10K, Image: COD10K-CAM-3-Flying-62-Mantis-4349.png (1747/2026), MAE: 0.0398714654147625
[Eval-Test] Dataset: COD10K, Image: COD10K-CAM-3-Flying-62-Mantis-4350.png (1748/2026), MAE: 0.16226117312908173
[Eval-Test] Dataset: COD10K, Image: COD10K-CAM-3-Flying-62-Mantis-4355.png (1749/2026), MAE: 0.09758484363555908
[Eval-Test] Dataset: COD10K, Image: COD10K-CAM-3-Flying-62-Mantis-4358.png (1750/2026), MAE: 0.0694698840379715
[Eval-Test] Dataset: COD10K, Image: COD10K-CAM-3-Flying-62-Mantis-4359.png (1751/2026), MAE: 0.6241726875305176
[Eval-Test] Dataset: COD10K, Image: COD10K-CAM-3-Flying-62-Mantis-4360.png (1752/2026), MAE: 0.052877385169267654
[Eval-Test] Dataset: COD10K, Image: COD10K-CAM-3-Flying-62-Mantis-4361.png (1753/2026), MAE: 0.23409831523895264
[Eval-Test] Dataset: COD10K, Image: COD10K-CAM-3-Flying-62-Mantis-4362.png (1754/2026), MAE: 0.0700920969247818
[Eval-Test] Dataset: COD10K, Image: COD10K-CAM-3-Flying-62-Mantis-4363.png (1755/2026), MAE: 0.3802759051322937
[Eval-Test] Dataset: COD10K, Image: COD10K-CAM-3-Flying-62-Mantis-4364.png (1756/2026), MAE: 0.14250655472278595
[Eval-Test] Dataset: COD10K, Image: COD10K-CAM-3-Flying-62-Mantis-4372.png (1757/2026), MAE: 0.17548201978206635
[Eval-Test] Dataset: COD10K, Image: COD10K-CAM-3-Flying-62-Mantis-4373.png (1758/2026), MAE: 0.0841071605682373
[Eval-Test] Dataset: COD10K, Image: COD10K-CAM-3-Flying-62-Mantis-4375.png (1759/2026), MAE: 0.06206418573856354
[Eval-Test] Dataset: COD10K, Image: COD10K-CAM-3-Flying-62-Mantis-4376.png (1760/2026), MAE: 0.03646617382764816
[Eval-Test] Dataset: COD10K, Image: COD10K-CAM-3-Flying-62-Mantis-4378.png (1761/2026), MAE: 0.0831688940525055
[Eval-Test] Dataset: COD10K, Image: COD10K-CAM-3-Flying-62-Mantis-4380.png (1762/2026), MAE: 0.04909319430589676
[Eval-Test] Dataset: COD10K, Image: COD10K-CAM-3-Flying-62-Mantis-4382.png (1763/2026), MAE: 0.1164432168006897
[Eval-Test] Dataset: COD10K, Image: COD10K-CAM-3-Flying-62-Mantis-4384.png (1764/2026), MAE: 0.036180634051561356
[Eval-Test] Dataset: COD10K, Image: COD10K-CAM-3-Flying-62-Mantis-4386.png (1765/2026), MAE: 0.09475744515657425
[Eval-Test] Dataset: COD10K, Image: COD10K-CAM-3-Flying-63-Mockingbird-4387.png (1766/2026), MAE: 0.03371642902493477
[Eval-Test] Dataset: COD10K, Image: COD10K-CAM-3-Flying-63-Mockingbird-4389.png (1767/2026), MAE: 0.07581719756126404
[Eval-Test] Dataset: COD10K, Image: COD10K-CAM-3-Flying-63-Mockingbird-4392.png (1768/2026), MAE: 0.09659963846206665
[Eval-Test] Dataset: COD10K, Image: COD10K-CAM-3-Flying-63-Mockingbird-4403.png (1769/2026), MAE: 0.0346020944416523
[Eval-Test] Dataset: COD10K, Image: COD10K-CAM-3-Flying-63-Mockingbird-4405.png (1770/2026), MAE: 0.05442875996232033
[Eval-Test] Dataset: COD10K, Image: COD10K-CAM-3-Flying-63-Mockingbird-4406.png (1771/2026), MAE: 0.03050532378256321
[Eval-Test] Dataset: COD10K, Image: COD10K-CAM-3-Flying-63-Mockingbird-4407.png (1772/2026), MAE: 0.016323404386639595
[Eval-Test] Dataset: COD10K, Image: COD10K-CAM-3-Flying-63-Mockingbird-4408.png (1773/2026), MAE: 0.03907279297709465
[Eval-Test] Dataset: COD10K, Image: COD10K-CAM-3-Flying-63-Mockingbird-4409.png (1774/2026), MAE: 0.044552866369485855
[Eval-Test] Dataset: COD10K, Image: COD10K-CAM-3-Flying-63-Mockingbird-4410.png (1775/2026), MAE: 0.035592034459114075
[Eval-Test] Dataset: COD10K, Image: COD10K-CAM-3-Flying-63-Mockingbird-4414.png (1776/2026), MAE: 0.04655994102358818
[Eval-Test] Dataset: COD10K, Image: COD10K-CAM-3-Flying-63-Mockingbird-4417.png (1777/2026), MAE: 0.024484163150191307
[Eval-Test] Dataset: COD10K, Image: COD10K-CAM-3-Flying-63-Mockingbird-4426.png (1778/2026), MAE: 0.01565781608223915
[Eval-Test] Dataset: COD10K, Image: COD10K-CAM-3-Flying-63-Mockingbird-4427.png (1779/2026), MAE: 0.06520792841911316
[Eval-Test] Dataset: COD10K, Image: COD10K-CAM-3-Flying-64-Moth-4430.png (1780/2026), MAE: 0.07223347574472427
[Eval-Test] Dataset: COD10K, Image: COD10K-CAM-3-Flying-64-Moth-4431.png (1781/2026), MAE: 0.1414499431848526
[Eval-Test] Dataset: COD10K, Image: COD10K-CAM-3-Flying-64-Moth-4432.png (1782/2026), MAE: 0.08273661136627197
[Eval-Test] Dataset: COD10K, Image: COD10K-CAM-3-Flying-64-Moth-4433.png (1783/2026), MAE: 0.04310297220945358
[Eval-Test] Dataset: COD10K, Image: COD10K-CAM-3-Flying-64-Moth-4443.png (1784/2026), MAE: 0.061838626861572266
[Eval-Test] Dataset: COD10K, Image: COD10K-CAM-3-Flying-64-Moth-4444.png (1785/2026), MAE: 0.02795569598674774
[Eval-Test] Dataset: COD10K, Image: COD10K-CAM-3-Flying-64-Moth-4446.png (1786/2026), MAE: 0.10007742792367935
[Eval-Test] Dataset: COD10K, Image: COD10K-CAM-3-Flying-64-Moth-4447.png (1787/2026), MAE: 0.04019242152571678
[Eval-Test] Dataset: COD10K, Image: COD10K-CAM-3-Flying-64-Moth-4448.png (1788/2026), MAE: 0.10125026106834412
[Eval-Test] Dataset: COD10K, Image: COD10K-CAM-3-Flying-64-Moth-4450.png (1789/2026), MAE: 0.07068216800689697
[Eval-Test] Dataset: COD10K, Image: COD10K-CAM-3-Flying-64-Moth-4452.png (1790/2026), MAE: 0.034431759268045425
[Eval-Test] Dataset: COD10K, Image: COD10K-CAM-3-Flying-64-Moth-4453.png (1791/2026), MAE: 0.03762261942028999
[Eval-Test] Dataset: COD10K, Image: COD10K-CAM-3-Flying-64-Moth-4454.png (1792/2026), MAE: 0.039099615067243576
[Eval-Test] Dataset: COD10K, Image: COD10K-CAM-3-Flying-64-Moth-4455.png (1793/2026), MAE: 0.03078569658100605
[Eval-Test] Dataset: COD10K, Image: COD10K-CAM-3-Flying-64-Moth-4457.png (1794/2026), MAE: 0.11981694400310516
[Eval-Test] Dataset: COD10K, Image: COD10K-CAM-3-Flying-64-Moth-4460.png (1795/2026), MAE: 0.033270955085754395
[Eval-Test] Dataset: COD10K, Image: COD10K-CAM-3-Flying-64-Moth-4461.png (1796/2026), MAE: 0.012812689878046513
[Eval-Test] Dataset: COD10K, Image: COD10K-CAM-3-Flying-64-Moth-4467.png (1797/2026), MAE: 0.07764007896184921
[Eval-Test] Dataset: COD10K, Image: COD10K-CAM-3-Flying-64-Moth-4469.png (1798/2026), MAE: 0.030719012022018433
[Eval-Test] Dataset: COD10K, Image: COD10K-CAM-3-Flying-64-Moth-4471.png (1799/2026), MAE: 0.0265042781829834
[Eval-Test] Dataset: COD10K, Image: COD10K-CAM-3-Flying-64-Moth-4473.png (1800/2026), MAE: 0.074199378490448
[Eval-Test] Dataset: COD10K, Image: COD10K-CAM-3-Flying-64-Moth-4476.png (1801/2026), MAE: 0.05576412379741669
[Eval-Test] Dataset: COD10K, Image: COD10K-CAM-3-Flying-64-Moth-4479.png (1802/2026), MAE: 0.04687948897480965
[Eval-Test] Dataset: COD10K, Image: COD10K-CAM-3-Flying-64-Moth-4480.png (1803/2026), MAE: 0.07615720480680466
[Eval-Test] Dataset: COD10K, Image: COD10K-CAM-3-Flying-64-Moth-4481.png (1804/2026), MAE: 0.11121410131454468
[Eval-Test] Dataset: COD10K, Image: COD10K-CAM-3-Flying-64-Moth-4482.png (1805/2026), MAE: 0.03191015124320984
[Eval-Test] Dataset: COD10K, Image: COD10K-CAM-3-Flying-64-Moth-4483.png (1806/2026), MAE: 0.01856294274330139
[Eval-Test] Dataset: COD10K, Image: COD10K-CAM-3-Flying-64-Moth-4489.png (1807/2026), MAE: 0.29903367161750793
[Eval-Test] Dataset: COD10K, Image: COD10K-CAM-3-Flying-64-Moth-4491.png (1808/2026), MAE: 0.05180593952536583
[Eval-Test] Dataset: COD10K, Image: COD10K-CAM-3-Flying-64-Moth-4499.png (1809/2026), MAE: 0.1497444212436676
[Eval-Test] Dataset: COD10K, Image: COD10K-CAM-3-Flying-64-Moth-4503.png (1810/2026), MAE: 0.0740194246172905
[Eval-Test] Dataset: COD10K, Image: COD10K-CAM-3-Flying-65-Owl-4510.png (1811/2026), MAE: 0.04526703432202339
[Eval-Test] Dataset: COD10K, Image: COD10K-CAM-3-Flying-65-Owl-4511.png (1812/2026), MAE: 0.08987820148468018
[Eval-Test] Dataset: COD10K, Image: COD10K-CAM-3-Flying-65-Owl-4514.png (1813/2026), MAE: 0.19917333126068115
[Eval-Test] Dataset: COD10K, Image: COD10K-CAM-3-Flying-65-Owl-4515.png (1814/2026), MAE: 0.07381496578454971
[Eval-Test] Dataset: COD10K, Image: COD10K-CAM-3-Flying-65-Owl-4517.png (1815/2026), MAE: 0.03192787989974022
[Eval-Test] Dataset: COD10K, Image: COD10K-CAM-3-Flying-65-Owl-4519.png (1816/2026), MAE: 0.03464798629283905
[Eval-Test] Dataset: COD10K, Image: COD10K-CAM-3-Flying-65-Owl-4520.png (1817/2026), MAE: 0.04477454721927643
[Eval-Test] Dataset: COD10K, Image: COD10K-CAM-3-Flying-65-Owl-4522.png (1818/2026), MAE: 0.09186281263828278
[Eval-Test] Dataset: COD10K, Image: COD10K-CAM-3-Flying-65-Owl-4527.png (1819/2026), MAE: 0.1437714695930481
[Eval-Test] Dataset: COD10K, Image: COD10K-CAM-3-Flying-65-Owl-4528.png (1820/2026), MAE: 0.05216658115386963
[Eval-Test] Dataset: COD10K, Image: COD10K-CAM-3-Flying-65-Owl-4529.png (1821/2026), MAE: 0.019245345145463943
[Eval-Test] Dataset: COD10K, Image: COD10K-CAM-3-Flying-65-Owl-4530.png (1822/2026), MAE: 0.059958577156066895
[Eval-Test] Dataset: COD10K, Image: COD10K-CAM-3-Flying-65-Owl-4531.png (1823/2026), MAE: 0.04055473953485489
[Eval-Test] Dataset: COD10K, Image: COD10K-CAM-3-Flying-65-Owl-4533.png (1824/2026), MAE: 0.06122150644659996
[Eval-Test] Dataset: COD10K, Image: COD10K-CAM-3-Flying-65-Owl-4534.png (1825/2026), MAE: 0.04120916873216629
[Eval-Test] Dataset: COD10K, Image: COD10K-CAM-3-Flying-65-Owl-4535.png (1826/2026), MAE: 0.05174590274691582
[Eval-Test] Dataset: COD10K, Image: COD10K-CAM-3-Flying-65-Owl-4536.png (1827/2026), MAE: 0.03969519957900047
[Eval-Test] Dataset: COD10K, Image: COD10K-CAM-3-Flying-65-Owl-4537.png (1828/2026), MAE: 0.04739540442824364
[Eval-Test] Dataset: COD10K, Image: COD10K-CAM-3-Flying-65-Owl-4540.png (1829/2026), MAE: 0.055985480546951294
[Eval-Test] Dataset: COD10K, Image: COD10K-CAM-3-Flying-65-Owl-4543.png (1830/2026), MAE: 0.07203210890293121
[Eval-Test] Dataset: COD10K, Image: COD10K-CAM-3-Flying-65-Owl-4550.png (1831/2026), MAE: 0.0716119110584259
[Eval-Test] Dataset: COD10K, Image: COD10K-CAM-3-Flying-65-Owl-4553.png (1832/2026), MAE: 0.062331266701221466
[Eval-Test] Dataset: COD10K, Image: COD10K-CAM-3-Flying-65-Owl-4555.png (1833/2026), MAE: 0.018975337967276573
[Eval-Test] Dataset: COD10K, Image: COD10K-CAM-3-Flying-65-Owl-4556.png (1834/2026), MAE: 0.049201760441064835
[Eval-Test] Dataset: COD10K, Image: COD10K-CAM-3-Flying-65-Owl-4558.png (1835/2026), MAE: 0.02009684033691883
[Eval-Test] Dataset: COD10K, Image: COD10K-CAM-3-Flying-65-Owl-4561.png (1836/2026), MAE: 0.0386391282081604
[Eval-Test] Dataset: COD10K, Image: COD10K-CAM-3-Flying-65-Owl-4563.png (1837/2026), MAE: 0.06913876533508301
[Eval-Test] Dataset: COD10K, Image: COD10K-CAM-3-Flying-65-Owl-4564.png (1838/2026), MAE: 0.03567522019147873
[Eval-Test] Dataset: COD10K, Image: COD10K-CAM-3-Flying-65-Owl-4565.png (1839/2026), MAE: 0.06727231293916702
[Eval-Test] Dataset: COD10K, Image: COD10K-CAM-3-Flying-65-Owl-4569.png (1840/2026), MAE: 0.03338112682104111
[Eval-Test] Dataset: COD10K, Image: COD10K-CAM-3-Flying-65-Owl-4573.png (1841/2026), MAE: 0.016912199556827545
[Eval-Test] Dataset: COD10K, Image: COD10K-CAM-3-Flying-65-Owl-4574.png (1842/2026), MAE: 0.06714808940887451
[Eval-Test] Dataset: COD10K, Image: COD10K-CAM-3-Flying-65-Owl-4575.png (1843/2026), MAE: 0.02050158567726612
[Eval-Test] Dataset: COD10K, Image: COD10K-CAM-3-Flying-65-Owl-4577.png (1844/2026), MAE: 0.023858394473791122
[Eval-Test] Dataset: COD10K, Image: COD10K-CAM-3-Flying-65-Owl-4578.png (1845/2026), MAE: 0.012387219816446304
[Eval-Test] Dataset: COD10K, Image: COD10K-CAM-3-Flying-65-Owl-4580.png (1846/2026), MAE: 0.04017002508044243
[Eval-Test] Dataset: COD10K, Image: COD10K-CAM-3-Flying-65-Owl-4584.png (1847/2026), MAE: 0.09200802445411682
[Eval-Test] Dataset: COD10K, Image: COD10K-CAM-3-Flying-65-Owl-4586.png (1848/2026), MAE: 0.055136825889348984
[Eval-Test] Dataset: COD10K, Image: COD10K-CAM-3-Flying-65-Owl-4587.png (1849/2026), MAE: 0.05376521870493889
[Eval-Test] Dataset: COD10K, Image: COD10K-CAM-3-Flying-65-Owl-4588.png (1850/2026), MAE: 0.05718820169568062
[Eval-Test] Dataset: COD10K, Image: COD10K-CAM-3-Flying-65-Owl-4591.png (1851/2026), MAE: 0.1046176329255104
[Eval-Test] Dataset: COD10K, Image: COD10K-CAM-3-Flying-65-Owl-4593.png (1852/2026), MAE: 0.18273106217384338
[Eval-Test] Dataset: COD10K, Image: COD10K-CAM-3-Flying-65-Owl-4597.png (1853/2026), MAE: 0.04137717932462692
[Eval-Test] Dataset: COD10K, Image: COD10K-CAM-3-Flying-65-Owl-4599.png (1854/2026), MAE: 0.03314654901623726
[Eval-Test] Dataset: COD10K, Image: COD10K-CAM-3-Flying-65-Owl-4604.png (1855/2026), MAE: 0.0179853867739439
[Eval-Test] Dataset: COD10K, Image: COD10K-CAM-3-Flying-65-Owl-4608.png (1856/2026), MAE: 0.017853446304798126
[Eval-Test] Dataset: COD10K, Image: COD10K-CAM-3-Flying-65-Owl-4609.png (1857/2026), MAE: 0.03202127292752266
[Eval-Test] Dataset: COD10K, Image: COD10K-CAM-3-Flying-65-Owl-4611.png (1858/2026), MAE: 0.06623117625713348
[Eval-Test] Dataset: COD10K, Image: COD10K-CAM-3-Flying-65-Owl-4613.png (1859/2026), MAE: 0.03874931111931801
[Eval-Test] Dataset: COD10K, Image: COD10K-CAM-3-Flying-65-Owl-4615.png (1860/2026), MAE: 0.01743856444954872
[Eval-Test] Dataset: COD10K, Image: COD10K-CAM-3-Flying-65-Owl-4618.png (1861/2026), MAE: 0.12080099433660507
[Eval-Test] Dataset: COD10K, Image: COD10K-CAM-3-Flying-65-Owl-4620.png (1862/2026), MAE: 0.027249135076999664
[Eval-Test] Dataset: COD10K, Image: COD10K-CAM-3-Flying-65-Owl-4626.png (1863/2026), MAE: 0.0877215713262558
[Eval-Test] Dataset: COD10K, Image: COD10K-CAM-3-Flying-65-Owl-4627.png (1864/2026), MAE: 0.013989818282425404
[Eval-Test] Dataset: COD10K, Image: COD10K-CAM-3-Flying-65-Owl-4632.png (1865/2026), MAE: 0.05553268641233444
[Eval-Test] Dataset: COD10K, Image: COD10K-CAM-3-Flying-65-Owl-4633.png (1866/2026), MAE: 0.015330103226006031
[Eval-Test] Dataset: COD10K, Image: COD10K-CAM-3-Flying-65-Owl-4635.png (1867/2026), MAE: 0.11107853055000305
[Eval-Test] Dataset: COD10K, Image: COD10K-CAM-3-Flying-65-Owl-4638.png (1868/2026), MAE: 0.1012311652302742
[Eval-Test] Dataset: COD10K, Image: COD10K-CAM-3-Flying-65-Owl-4640.png (1869/2026), MAE: 0.05046217888593674
[Eval-Test] Dataset: COD10K, Image: COD10K-CAM-3-Flying-65-Owl-4641.png (1870/2026), MAE: 0.02871900424361229
[Eval-Test] Dataset: COD10K, Image: COD10K-CAM-3-Flying-65-Owl-4644.png (1871/2026), MAE: 0.04412909224629402
[Eval-Test] Dataset: COD10K, Image: COD10K-CAM-3-Flying-65-Owl-4645.png (1872/2026), MAE: 0.13383404910564423
[Eval-Test] Dataset: COD10K, Image: COD10K-CAM-3-Flying-65-Owl-4646.png (1873/2026), MAE: 0.058501482009887695
[Eval-Test] Dataset: COD10K, Image: COD10K-CAM-3-Flying-65-Owl-4647.png (1874/2026), MAE: 0.06515897065401077
[Eval-Test] Dataset: COD10K, Image: COD10K-CAM-3-Flying-65-Owl-4648.png (1875/2026), MAE: 0.06028210371732712
[Eval-Test] Dataset: COD10K, Image: COD10K-CAM-3-Flying-65-Owl-4650.png (1876/2026), MAE: 0.19959041476249695
[Eval-Test] Dataset: COD10K, Image: COD10K-CAM-3-Flying-65-Owl-4654.png (1877/2026), MAE: 0.034844666719436646
[Eval-Test] Dataset: COD10K, Image: COD10K-CAM-3-Flying-65-Owl-4656.png (1878/2026), MAE: 0.08455531299114227
[Eval-Test] Dataset: COD10K, Image: COD10K-CAM-3-Flying-65-Owl-4659.png (1879/2026), MAE: 0.051346518099308014
[Eval-Test] Dataset: COD10K, Image: COD10K-CAM-3-Flying-65-Owl-4660.png (1880/2026), MAE: 0.12426433712244034
[Eval-Test] Dataset: COD10K, Image: COD10K-CAM-3-Flying-65-Owl-4662.png (1881/2026), MAE: 0.028297338634729385
[Eval-Test] Dataset: COD10K, Image: COD10K-CAM-3-Flying-66-Owlfly-4666.png (1882/2026), MAE: 0.19341187179088593
[Eval-Test] Dataset: COD10K, Image: COD10K-CAM-3-Flying-66-Owlfly-4668.png (1883/2026), MAE: 0.07806867361068726
[Eval-Test] Dataset: COD10K, Image: COD10K-CAM-3-Flying-66-Owlfly-4669.png (1884/2026), MAE: 0.16793574392795563
[Eval-Test] Dataset: COD10K, Image: COD10K-CAM-3-Flying-66-Owlfly-4674.png (1885/2026), MAE: 0.08472857624292374
[Eval-Test] Dataset: COD10K, Image: COD10K-CAM-3-Flying-66-Owlfly-4676.png (1886/2026), MAE: 0.14095363020896912
[Eval-Test] Dataset: COD10K, Image: COD10K-CAM-3-Flying-66-Owlfly-4677.png (1887/2026), MAE: 0.2657296359539032
[Eval-Test] Dataset: COD10K, Image: COD10K-CAM-4-Amphibian-67-Frog-4679.png (1888/2026), MAE: 0.18722814321517944
[Eval-Test] Dataset: COD10K, Image: COD10K-CAM-4-Amphibian-67-Frog-4694.png (1889/2026), MAE: 0.0389825738966465
[Eval-Test] Dataset: COD10K, Image: COD10K-CAM-4-Amphibian-67-Frog-4701.png (1890/2026), MAE: 0.041386187076568604
[Eval-Test] Dataset: COD10K, Image: COD10K-CAM-4-Amphibian-67-Frog-4702.png (1891/2026), MAE: 0.1097971647977829
[Eval-Test] Dataset: COD10K, Image: COD10K-CAM-4-Amphibian-67-Frog-4706.png (1892/2026), MAE: 0.10672469437122345
[Eval-Test] Dataset: COD10K, Image: COD10K-CAM-4-Amphibian-67-Frog-4707.png (1893/2026), MAE: 0.2152141034603119
[Eval-Test] Dataset: COD10K, Image: COD10K-CAM-4-Amphibian-67-Frog-4711.png (1894/2026), MAE: 0.0434577502310276
[Eval-Test] Dataset: COD10K, Image: COD10K-CAM-4-Amphibian-67-Frog-4714.png (1895/2026), MAE: 0.02313043363392353
[Eval-Test] Dataset: COD10K, Image: COD10K-CAM-4-Amphibian-67-Frog-4718.png (1896/2026), MAE: 0.059701938182115555
[Eval-Test] Dataset: COD10K, Image: COD10K-CAM-4-Amphibian-67-Frog-4719.png (1897/2026), MAE: 0.027672450989484787
[Eval-Test] Dataset: COD10K, Image: COD10K-CAM-4-Amphibian-67-Frog-4721.png (1898/2026), MAE: 0.015185593627393246
[Eval-Test] Dataset: COD10K, Image: COD10K-CAM-4-Amphibian-67-Frog-4728.png (1899/2026), MAE: 0.016550377011299133
[Eval-Test] Dataset: COD10K, Image: COD10K-CAM-4-Amphibian-67-Frog-4729.png (1900/2026), MAE: 0.13427242636680603
[Eval-Test] Dataset: COD10K, Image: COD10K-CAM-4-Amphibian-67-Frog-4732.png (1901/2026), MAE: 0.03790968284010887
[Eval-Test] Dataset: COD10K, Image: COD10K-CAM-4-Amphibian-67-Frog-4733.png (1902/2026), MAE: 0.04307684302330017
[Eval-Test] Dataset: COD10K, Image: COD10K-CAM-4-Amphibian-67-Frog-4738.png (1903/2026), MAE: 0.039592668414115906
[Eval-Test] Dataset: COD10K, Image: COD10K-CAM-4-Amphibian-67-Frog-4739.png (1904/2026), MAE: 0.02144334651529789
[Eval-Test] Dataset: COD10K, Image: COD10K-CAM-4-Amphibian-67-Frog-4740.png (1905/2026), MAE: 0.04916873201727867
[Eval-Test] Dataset: COD10K, Image: COD10K-CAM-4-Amphibian-67-Frog-4742.png (1906/2026), MAE: 0.12004085630178452
[Eval-Test] Dataset: COD10K, Image: COD10K-CAM-4-Amphibian-67-Frog-4748.png (1907/2026), MAE: 0.1674974113702774
[Eval-Test] Dataset: COD10K, Image: COD10K-CAM-4-Amphibian-67-Frog-4751.png (1908/2026), MAE: 0.05590803921222687
[Eval-Test] Dataset: COD10K, Image: COD10K-CAM-4-Amphibian-67-Frog-4752.png (1909/2026), MAE: 0.049240175634622574
[Eval-Test] Dataset: COD10K, Image: COD10K-CAM-4-Amphibian-67-Frog-4754.png (1910/2026), MAE: 0.08990088850259781
[Eval-Test] Dataset: COD10K, Image: COD10K-CAM-4-Amphibian-67-Frog-4755.png (1911/2026), MAE: 0.16209882497787476
[Eval-Test] Dataset: COD10K, Image: COD10K-CAM-4-Amphibian-67-Frog-4756.png (1912/2026), MAE: 0.2980988025665283
[Eval-Test] Dataset: COD10K, Image: COD10K-CAM-4-Amphibian-67-Frog-4759.png (1913/2026), MAE: 0.0634293332695961
[Eval-Test] Dataset: COD10K, Image: COD10K-CAM-4-Amphibian-67-Frog-4763.png (1914/2026), MAE: 0.019452722743153572
[Eval-Test] Dataset: COD10K, Image: COD10K-CAM-4-Amphibian-67-Frog-4764.png (1915/2026), MAE: 0.09942405670881271
[Eval-Test] Dataset: COD10K, Image: COD10K-CAM-4-Amphibian-67-Frog-4768.png (1916/2026), MAE: 0.0297286044806242
[Eval-Test] Dataset: COD10K, Image: COD10K-CAM-4-Amphibian-67-Frog-4773.png (1917/2026), MAE: 0.25813913345336914
[Eval-Test] Dataset: COD10K, Image: COD10K-CAM-4-Amphibian-67-Frog-4774.png (1918/2026), MAE: 0.0686330497264862
[Eval-Test] Dataset: COD10K, Image: COD10K-CAM-4-Amphibian-67-Frog-4775.png (1919/2026), MAE: 0.22629748284816742
[Eval-Test] Dataset: COD10K, Image: COD10K-CAM-4-Amphibian-67-Frog-4776.png (1920/2026), MAE: 0.04885609447956085
[Eval-Test] Dataset: COD10K, Image: COD10K-CAM-4-Amphibian-67-Frog-4777.png (1921/2026), MAE: 0.04225822165608406
[Eval-Test] Dataset: COD10K, Image: COD10K-CAM-4-Amphibian-67-Frog-4781.png (1922/2026), MAE: 0.045993316918611526
[Eval-Test] Dataset: COD10K, Image: COD10K-CAM-4-Amphibian-67-Frog-4782.png (1923/2026), MAE: 0.07982975244522095
[Eval-Test] Dataset: COD10K, Image: COD10K-CAM-4-Amphibian-67-Frog-4783.png (1924/2026), MAE: 0.06546024233102798
[Eval-Test] Dataset: COD10K, Image: COD10K-CAM-4-Amphibian-67-Frog-4784.png (1925/2026), MAE: 0.04600309580564499
[Eval-Test] Dataset: COD10K, Image: COD10K-CAM-4-Amphibian-67-Frog-4787.png (1926/2026), MAE: 0.03281482681632042
[Eval-Test] Dataset: COD10K, Image: COD10K-CAM-4-Amphibian-67-Frog-4793.png (1927/2026), MAE: 0.09699226915836334
[Eval-Test] Dataset: COD10K, Image: COD10K-CAM-4-Amphibian-67-Frog-4795.png (1928/2026), MAE: 0.029816295951604843
[Eval-Test] Dataset: COD10K, Image: COD10K-CAM-4-Amphibian-67-Frog-4796.png (1929/2026), MAE: 0.03728613629937172
[Eval-Test] Dataset: COD10K, Image: COD10K-CAM-4-Amphibian-67-Frog-4800.png (1930/2026), MAE: 0.09455551207065582
[Eval-Test] Dataset: COD10K, Image: COD10K-CAM-4-Amphibian-67-Frog-4803.png (1931/2026), MAE: 0.06393883377313614
[Eval-Test] Dataset: COD10K, Image: COD10K-CAM-4-Amphibian-68-Toad-4808.png (1932/2026), MAE: 0.05115169659256935
[Eval-Test] Dataset: COD10K, Image: COD10K-CAM-4-Amphibian-68-Toad-4809.png (1933/2026), MAE: 0.11591657251119614
[Eval-Test] Dataset: COD10K, Image: COD10K-CAM-4-Amphibian-68-Toad-4813.png (1934/2026), MAE: 0.033159077167510986
[Eval-Test] Dataset: COD10K, Image: COD10K-CAM-4-Amphibian-68-Toad-4818.png (1935/2026), MAE: 0.11559471487998962
[Eval-Test] Dataset: COD10K, Image: COD10K-CAM-4-Amphibian-68-Toad-4821.png (1936/2026), MAE: 0.047412432730197906
[Eval-Test] Dataset: COD10K, Image: COD10K-CAM-4-Amphibian-68-Toad-4826.png (1937/2026), MAE: 0.21982847154140472
[Eval-Test] Dataset: COD10K, Image: COD10K-CAM-4-Amphibian-68-Toad-4828.png (1938/2026), MAE: 0.08286979049444199
[Eval-Test] Dataset: COD10K, Image: COD10K-CAM-4-Amphibian-68-Toad-4831.png (1939/2026), MAE: 0.04375549405813217
[Eval-Test] Dataset: COD10K, Image: COD10K-CAM-4-Amphibian-68-Toad-4836.png (1940/2026), MAE: 0.07002737373113632
[Eval-Test] Dataset: COD10K, Image: COD10K-CAM-4-Amphibian-68-Toad-4838.png (1941/2026), MAE: 0.11386941373348236
[Eval-Test] Dataset: COD10K, Image: COD10K-CAM-4-Amphibian-68-Toad-4839.png (1942/2026), MAE: 0.019639723002910614
[Eval-Test] Dataset: COD10K, Image: COD10K-CAM-4-Amphibian-68-Toad-4841.png (1943/2026), MAE: 0.05317689850926399
[Eval-Test] Dataset: COD10K, Image: COD10K-CAM-4-Amphibian-68-Toad-4842.png (1944/2026), MAE: 0.10237036645412445
[Eval-Test] Dataset: COD10K, Image: COD10K-CAM-4-Amphibian-68-Toad-4850.png (1945/2026), MAE: 0.048657216131687164
[Eval-Test] Dataset: COD10K, Image: COD10K-CAM-4-Amphibian-68-Toad-4853.png (1946/2026), MAE: 0.28684595227241516
[Eval-Test] Dataset: COD10K, Image: COD10K-CAM-4-Amphibian-68-Toad-4856.png (1947/2026), MAE: 0.04435829445719719
[Eval-Test] Dataset: COD10K, Image: COD10K-CAM-4-Amphibian-68-Toad-4861.png (1948/2026), MAE: 0.0629505068063736
[Eval-Test] Dataset: COD10K, Image: COD10K-CAM-4-Amphibian-68-Toad-4863.png (1949/2026), MAE: 0.03285355120897293
[Eval-Test] Dataset: COD10K, Image: COD10K-CAM-4-Amphibian-68-Toad-4867.png (1950/2026), MAE: 0.03943488374352455
[Eval-Test] Dataset: COD10K, Image: COD10K-CAM-4-Amphibian-68-Toad-4872.png (1951/2026), MAE: 0.10035150498151779
[Eval-Test] Dataset: COD10K, Image: COD10K-CAM-4-Amphibian-68-Toad-4873.png (1952/2026), MAE: 0.1260695457458496
[Eval-Test] Dataset: COD10K, Image: COD10K-CAM-4-Amphibian-68-Toad-4876.png (1953/2026), MAE: 0.03571832925081253
[Eval-Test] Dataset: COD10K, Image: COD10K-CAM-4-Amphibian-68-Toad-4877.png (1954/2026), MAE: 0.08539062738418579
[Eval-Test] Dataset: COD10K, Image: COD10K-CAM-4-Amphibian-68-Toad-4881.png (1955/2026), MAE: 0.07132155448198318
[Eval-Test] Dataset: COD10K, Image: COD10K-CAM-4-Amphibian-68-Toad-4883.png (1956/2026), MAE: 0.07260148972272873
[Eval-Test] Dataset: COD10K, Image: COD10K-CAM-4-Amphibian-68-Toad-4886.png (1957/2026), MAE: 0.07651983946561813
[Eval-Test] Dataset: COD10K, Image: COD10K-CAM-4-Amphibian-68-Toad-4887.png (1958/2026), MAE: 0.10888566076755524
[Eval-Test] Dataset: COD10K, Image: COD10K-CAM-4-Amphibian-68-Toad-4891.png (1959/2026), MAE: 0.028543706983327866
[Eval-Test] Dataset: COD10K, Image: COD10K-CAM-4-Amphibian-68-Toad-4896.png (1960/2026), MAE: 0.05175419896841049
[Eval-Test] Dataset: COD10K, Image: COD10K-CAM-4-Amphibian-68-Toad-4899.png (1961/2026), MAE: 0.07612767815589905
[Eval-Test] Dataset: COD10K, Image: COD10K-CAM-4-Amphibian-68-Toad-4900.png (1962/2026), MAE: 0.10112650692462921
[Eval-Test] Dataset: COD10K, Image: COD10K-CAM-4-Amphibian-68-Toad-4903.png (1963/2026), MAE: 0.26759201288223267
[Eval-Test] Dataset: COD10K, Image: COD10K-CAM-4-Amphibian-68-Toad-4904.png (1964/2026), MAE: 0.018841857090592384
[Eval-Test] Dataset: COD10K, Image: COD10K-CAM-4-Amphibian-68-Toad-4905.png (1965/2026), MAE: 0.05260957404971123
[Eval-Test] Dataset: COD10K, Image: COD10K-CAM-4-Amphibian-68-Toad-4908.png (1966/2026), MAE: 0.07051444053649902
[Eval-Test] Dataset: COD10K, Image: COD10K-CAM-4-Amphibian-68-Toad-4909.png (1967/2026), MAE: 0.06229622662067413
[Eval-Test] Dataset: COD10K, Image: COD10K-CAM-4-Amphibian-68-Toad-4910.png (1968/2026), MAE: 0.05654079467058182
[Eval-Test] Dataset: COD10K, Image: COD10K-CAM-4-Amphibian-68-Toad-4912.png (1969/2026), MAE: 0.06050090491771698
[Eval-Test] Dataset: COD10K, Image: COD10K-CAM-4-Amphibian-68-Toad-4913.png (1970/2026), MAE: 0.02969512715935707
[Eval-Test] Dataset: COD10K, Image: COD10K-CAM-4-Amphibian-68-Toad-4914.png (1971/2026), MAE: 0.050687938928604126
[Eval-Test] Dataset: COD10K, Image: COD10K-CAM-4-Amphibian-68-Toad-4917.png (1972/2026), MAE: 0.052056197077035904
[Eval-Test] Dataset: COD10K, Image: COD10K-CAM-4-Amphibian-68-Toad-4921.png (1973/2026), MAE: 0.1847400814294815
[Eval-Test] Dataset: COD10K, Image: COD10K-CAM-4-Amphibian-68-Toad-4923.png (1974/2026), MAE: 0.021016275510191917
[Eval-Test] Dataset: COD10K, Image: COD10K-CAM-4-Amphibian-68-Toad-4926.png (1975/2026), MAE: 0.07363106310367584
[Eval-Test] Dataset: COD10K, Image: COD10K-CAM-4-Amphibian-68-Toad-4929.png (1976/2026), MAE: 0.05333767458796501
[Eval-Test] Dataset: COD10K, Image: COD10K-CAM-4-Amphibian-68-Toad-4936.png (1977/2026), MAE: 0.022923629730939865
[Eval-Test] Dataset: COD10K, Image: COD10K-CAM-4-Amphibian-68-Toad-4937.png (1978/2026), MAE: 0.04164271429181099
[Eval-Test] Dataset: COD10K, Image: COD10K-CAM-4-Amphibian-68-Toad-4938.png (1979/2026), MAE: 0.06289388239383698
[Eval-Test] Dataset: COD10K, Image: COD10K-CAM-4-Amphibian-68-Toad-4941.png (1980/2026), MAE: 0.012256629765033722
[Eval-Test] Dataset: COD10K, Image: COD10K-CAM-4-Amphibian-68-Toad-4945.png (1981/2026), MAE: 0.020740855485200882
[Eval-Test] Dataset: COD10K, Image: COD10K-CAM-4-Amphibian-68-Toad-4949.png (1982/2026), MAE: 0.03455434367060661
[Eval-Test] Dataset: COD10K, Image: COD10K-CAM-4-Amphibian-68-Toad-4950.png (1983/2026), MAE: 0.23308050632476807
[Eval-Test] Dataset: COD10K, Image: COD10K-CAM-4-Amphibian-68-Toad-4951.png (1984/2026), MAE: 0.12201321125030518
[Eval-Test] Dataset: COD10K, Image: COD10K-CAM-4-Amphibian-68-Toad-4955.png (1985/2026), MAE: 0.03457186743617058
[Eval-Test] Dataset: COD10K, Image: COD10K-CAM-4-Amphibian-68-Toad-4960.png (1986/2026), MAE: 0.056575313210487366
[Eval-Test] Dataset: COD10K, Image: COD10K-CAM-4-Amphibian-68-Toad-4962.png (1987/2026), MAE: 0.11708379536867142
[Eval-Test] Dataset: COD10K, Image: COD10K-CAM-4-Amphibian-68-Toad-4963.png (1988/2026), MAE: 0.036421023309230804
[Eval-Test] Dataset: COD10K, Image: COD10K-CAM-4-Amphibian-68-Toad-4964.png (1989/2026), MAE: 0.3139643967151642
[Eval-Test] Dataset: COD10K, Image: COD10K-CAM-4-Amphibian-68-Toad-4965.png (1990/2026), MAE: 0.036898668855428696
[Eval-Test] Dataset: COD10K, Image: COD10K-CAM-4-Amphibian-68-Toad-4968.png (1991/2026), MAE: 0.03559989482164383
[Eval-Test] Dataset: COD10K, Image: COD10K-CAM-4-Amphibian-68-Toad-4976.png (1992/2026), MAE: 0.038270317018032074
[Eval-Test] Dataset: COD10K, Image: COD10K-CAM-4-Amphibian-68-Toad-4977.png (1993/2026), MAE: 0.03822602704167366
[Eval-Test] Dataset: COD10K, Image: COD10K-CAM-4-Amphibian-68-Toad-4978.png (1994/2026), MAE: 0.070782870054245
[Eval-Test] Dataset: COD10K, Image: COD10K-CAM-4-Amphibian-68-Toad-4990.png (1995/2026), MAE: 0.06530197709798813
[Eval-Test] Dataset: COD10K, Image: COD10K-CAM-4-Amphibian-68-Toad-4991.png (1996/2026), MAE: 0.03011275827884674
[Eval-Test] Dataset: COD10K, Image: COD10K-CAM-4-Amphibian-68-Toad-4995.png (1997/2026), MAE: 0.14400243759155273
[Eval-Test] Dataset: COD10K, Image: COD10K-CAM-4-Amphibian-68-Toad-4997.png (1998/2026), MAE: 0.10078184306621552
[Eval-Test] Dataset: COD10K, Image: COD10K-CAM-4-Amphibian-68-Toad-4998.png (1999/2026), MAE: 0.024241751059889793
[Eval-Test] Dataset: COD10K, Image: COD10K-CAM-4-Amphibian-68-Toad-4999.png (2000/2026), MAE: 0.06046772003173828
[Eval-Test] Dataset: COD10K, Image: COD10K-CAM-4-Amphibian-68-Toad-5002.png (2001/2026), MAE: 0.1466626077890396
[Eval-Test] Dataset: COD10K, Image: COD10K-CAM-4-Amphibian-68-Toad-5004.png (2002/2026), MAE: 0.058662049472332
[Eval-Test] Dataset: COD10K, Image: COD10K-CAM-4-Amphibian-68-Toad-5005.png (2003/2026), MAE: 0.037114668637514114
[Eval-Test] Dataset: COD10K, Image: COD10K-CAM-4-Amphibian-68-Toad-5006.png (2004/2026), MAE: 0.04858017712831497
[Eval-Test] Dataset: COD10K, Image: COD10K-CAM-4-Amphibian-68-Toad-5008.png (2005/2026), MAE: 0.0918181762099266
[Eval-Test] Dataset: COD10K, Image: COD10K-CAM-4-Amphibian-68-Toad-5010.png (2006/2026), MAE: 0.050663236528635025
[Eval-Test] Dataset: COD10K, Image: COD10K-CAM-4-Amphibian-68-Toad-5011.png (2007/2026), MAE: 0.04592932388186455
[Eval-Test] Dataset: COD10K, Image: COD10K-CAM-4-Amphibian-68-Toad-5014.png (2008/2026), MAE: 0.06758183985948563
[Eval-Test] Dataset: COD10K, Image: COD10K-CAM-4-Amphibian-68-Toad-5020.png (2009/2026), MAE: 0.1471620500087738
[Eval-Test] Dataset: COD10K, Image: COD10K-CAM-4-Amphibian-68-Toad-5021.png (2010/2026), MAE: 0.023342357948422432
[Eval-Test] Dataset: COD10K, Image: COD10K-CAM-4-Amphibian-68-Toad-5022.png (2011/2026), MAE: 0.09251163899898529
[Eval-Test] Dataset: COD10K, Image: COD10K-CAM-5-Other-69-Other-5023.png (2012/2026), MAE: 0.026708222925662994
[Eval-Test] Dataset: COD10K, Image: COD10K-CAM-5-Other-69-Other-5027.png (2013/2026), MAE: 0.08362917602062225
[Eval-Test] Dataset: COD10K, Image: COD10K-CAM-5-Other-69-Other-5028.png (2014/2026), MAE: 0.2691713571548462
[Eval-Test] Dataset: COD10K, Image: COD10K-CAM-5-Other-69-Other-5029.png (2015/2026), MAE: 0.08872466534376144
[Eval-Test] Dataset: COD10K, Image: COD10K-CAM-5-Other-69-Other-5037.png (2016/2026), MAE: 0.02330080419778824
[Eval-Test] Dataset: COD10K, Image: COD10K-CAM-5-Other-69-Other-5040.png (2017/2026), MAE: 0.022107254713773727
[Eval-Test] Dataset: COD10K, Image: COD10K-CAM-5-Other-69-Other-5043.png (2018/2026), MAE: 0.19666212797164917
[Eval-Test] Dataset: COD10K, Image: COD10K-CAM-5-Other-69-Other-5046.png (2019/2026), MAE: 0.07142394781112671
[Eval-Test] Dataset: COD10K, Image: COD10K-CAM-5-Other-69-Other-5048.png (2020/2026), MAE: 0.0440271720290184
[Eval-Test] Dataset: COD10K, Image: COD10K-CAM-5-Other-69-Other-5049.png (2021/2026), MAE: 0.06416270136833191
[Eval-Test] Dataset: COD10K, Image: COD10K-CAM-5-Other-69-Other-5051.png (2022/2026), MAE: 0.10953690856695175
[Eval-Test] Dataset: COD10K, Image: COD10K-CAM-5-Other-69-Other-5059.png (2023/2026), MAE: 0.02643079124391079
[Eval-Test] Dataset: COD10K, Image: COD10K-CAM-5-Other-69-Other-5060.png (2024/2026), MAE: 0.05125301703810692
[Eval-Test] Dataset: COD10K, Image: COD10K-CAM-5-Other-69-Other-5062.png (2025/2026), MAE: 0.061524856835603714
[Eval-Test] Dataset: COD10K, Image: COD10K-CAM-5-Other-69-Other-5063.png (2026/2026), MAE: 0.021052323281764984

[Congratulations! Testing Done]

Avg_MAE: 0.09132088720798492
