arch,name,es
SINet/S2C,COD10K-CAM-1-Aquatic-1-BatFish-1.jpg,0.02495604380965233
SINet/S2C,COD10K-CAM-1-Aquatic-1-BatFish-3.jpg,0.045380860567092896
SINet/S2C,COD10K-CAM-1-Aquatic-1-BatFish-7.jpg,0.020304463803768158
SINet/S2C,COD10K-CAM-1-Aquatic-1-BatFish-8.jpg,0.009832380339503288
SINet/S2C,COD10K-CAM-1-Aquatic-1-BatFish-9.jpg,0.03279178589582443
SINet/S2C,COD10K-CAM-1-Aquatic-10-LeafySeaDragon-415.jpg,0.018030840903520584
SINet/S2C,COD10K-CAM-1-Aquatic-10-LeafySeaDragon-417.jpg,0.029644638299942017
SINet/S2C,COD10K-CAM-1-Aquatic-10-LeafySeaDragon-418.jpg,0.021368972957134247
SINet/S2C,COD10K-CAM-1-Aquatic-10-LeafySeaDragon-420.jpg,0.02840430662035942
SINet/S2C,COD10K-CAM-1-Aquatic-10-LeafySeaDragon-421.jpg,0.03166630119085312
SINet/S2C,COD10K-CAM-1-Aquatic-10-LeafySeaDragon-424.jpg,0.03256438672542572
SINet/S2C,COD10K-CAM-1-Aquatic-10-LeafySeaDragon-425.jpg,0.04714687168598175
SINet/S2C,COD10K-CAM-1-Aquatic-10-LeafySeaDragon-426.jpg,0.024334436282515526
SINet/S2C,COD10K-CAM-1-Aquatic-10-LeafySeaDragon-427.jpg,0.06038022041320801
SINet/S2C,COD10K-CAM-1-Aquatic-10-LeafySeaDragon-428.jpg,0.026230499148368835
SINet/S2C,COD10K-CAM-1-Aquatic-11-Octopus-431.jpg,0.08813340961933136
SINet/S2C,COD10K-CAM-1-Aquatic-11-Octopus-432.jpg,0.06434380263090134
SINet/S2C,COD10K-CAM-1-Aquatic-11-Octopus-433.jpg,0.03386877477169037
SINet/S2C,COD10K-CAM-1-Aquatic-11-Octopus-434.jpg,0.028776682913303375
SINet/S2C,COD10K-CAM-1-Aquatic-11-Octopus-435.jpg,0.06010916829109192
SINet/S2C,COD10K-CAM-1-Aquatic-11-Octopus-438.jpg,0.0781378448009491
SINet/S2C,COD10K-CAM-1-Aquatic-11-Octopus-439.jpg,0.05113009363412857
SINet/S2C,COD10K-CAM-1-Aquatic-11-Octopus-440.jpg,0.17064383625984192
SINet/S2C,COD10K-CAM-1-Aquatic-11-Octopus-442.jpg,0.012930886819958687
SINet/S2C,COD10K-CAM-1-Aquatic-11-Octopus-443.jpg,0.09981238096952438
SINet/S2C,COD10K-CAM-1-Aquatic-11-Octopus-446.jpg,0.009770063683390617
SINet/S2C,COD10K-CAM-1-Aquatic-11-Octopus-448.jpg,0.06407604366540909
SINet/S2C,COD10K-CAM-1-Aquatic-11-Octopus-449.jpg,0.05773438513278961
SINet/S2C,COD10K-CAM-1-Aquatic-11-Octopus-450.jpg,0.0343431681394577
SINet/S2C,COD10K-CAM-1-Aquatic-11-Octopus-455.jpg,0.05657683685421944
SINet/S2C,COD10K-CAM-1-Aquatic-11-Octopus-456.jpg,0.02054716646671295
SINet/S2C,COD10K-CAM-1-Aquatic-11-Octopus-457.jpg,0.04795251786708832
SINet/S2C,COD10K-CAM-1-Aquatic-11-Octopus-459.jpg,0.020125318318605423
SINet/S2C,COD10K-CAM-1-Aquatic-11-Octopus-460.jpg,0.03045041859149933
SINet/S2C,COD10K-CAM-1-Aquatic-11-Octopus-461.jpg,0.05208658427000046
SINet/S2C,COD10K-CAM-1-Aquatic-11-Octopus-467.jpg,0.05056734383106232
SINet/S2C,COD10K-CAM-1-Aquatic-11-Octopus-469.jpg,0.14040426909923553
SINet/S2C,COD10K-CAM-1-Aquatic-11-Octopus-470.jpg,0.02620037831366062
SINet/S2C,COD10K-CAM-1-Aquatic-12-Pagurian-475.jpg,0.02922164835035801
SINet/S2C,COD10K-CAM-1-Aquatic-12-Pagurian-476.jpg,0.03012753091752529
SINet/S2C,COD10K-CAM-1-Aquatic-12-Pagurian-477.jpg,0.028768913820385933
SINet/S2C,COD10K-CAM-1-Aquatic-12-Pagurian-478.jpg,0.019891828298568726
SINet/S2C,COD10K-CAM-1-Aquatic-12-Pagurian-479.jpg,0.05779991298913956
SINet/S2C,COD10K-CAM-1-Aquatic-12-Pagurian-480.jpg,0.03166753053665161
SINet/S2C,COD10K-CAM-1-Aquatic-12-Pagurian-485.jpg,0.020119093358516693
SINet/S2C,COD10K-CAM-1-Aquatic-13-Pipefish-487.jpg,0.07357338815927505
SINet/S2C,COD10K-CAM-1-Aquatic-13-Pipefish-489.jpg,0.1606397032737732
SINet/S2C,COD10K-CAM-1-Aquatic-13-Pipefish-491.jpg,0.02317490428686142
SINet/S2C,COD10K-CAM-1-Aquatic-13-Pipefish-493.jpg,0.02279738336801529
SINet/S2C,COD10K-CAM-1-Aquatic-13-Pipefish-494.jpg,0.026410358026623726
SINet/S2C,COD10K-CAM-1-Aquatic-13-Pipefish-495.jpg,0.03240736946463585
SINet/S2C,COD10K-CAM-1-Aquatic-13-Pipefish-498.jpg,0.028032802045345306
SINet/S2C,COD10K-CAM-1-Aquatic-13-Pipefish-499.jpg,0.02383704110980034
SINet/S2C,COD10K-CAM-1-Aquatic-13-Pipefish-504.jpg,0.0280593391507864
SINet/S2C,COD10K-CAM-1-Aquatic-13-Pipefish-505.jpg,0.03507258743047714
SINet/S2C,COD10K-CAM-1-Aquatic-13-Pipefish-506.jpg,0.0640677735209465
SINet/S2C,COD10K-CAM-1-Aquatic-13-Pipefish-507.jpg,0.11649592965841293
SINet/S2C,COD10K-CAM-1-Aquatic-13-Pipefish-509.jpg,0.014270646497607231
SINet/S2C,COD10K-CAM-1-Aquatic-13-Pipefish-511.jpg,0.019054464995861053
SINet/S2C,COD10K-CAM-1-Aquatic-13-Pipefish-512.jpg,0.05222289264202118
SINet/S2C,COD10K-CAM-1-Aquatic-13-Pipefish-513.jpg,0.024337414652109146
SINet/S2C,COD10K-CAM-1-Aquatic-13-Pipefish-514.jpg,0.02134236879646778
SINet/S2C,COD10K-CAM-1-Aquatic-13-Pipefish-516.jpg,0.030639905482530594
SINet/S2C,COD10K-CAM-1-Aquatic-13-Pipefish-519.jpg,0.02822963520884514
SINet/S2C,COD10K-CAM-1-Aquatic-13-Pipefish-523.jpg,0.010875510051846504
SINet/S2C,COD10K-CAM-1-Aquatic-13-Pipefish-524.jpg,0.020857328549027443
SINet/S2C,COD10K-CAM-1-Aquatic-13-Pipefish-525.jpg,0.027989815920591354
SINet/S2C,COD10K-CAM-1-Aquatic-13-Pipefish-526.jpg,0.05136266350746155
SINet/S2C,COD10K-CAM-1-Aquatic-13-Pipefish-530.jpg,0.02378811128437519
SINet/S2C,COD10K-CAM-1-Aquatic-13-Pipefish-533.jpg,0.02098006010055542
SINet/S2C,COD10K-CAM-1-Aquatic-13-Pipefish-538.jpg,0.028343096375465393
SINet/S2C,COD10K-CAM-1-Aquatic-13-Pipefish-540.jpg,0.023862548172473907
SINet/S2C,COD10K-CAM-1-Aquatic-13-Pipefish-541.jpg,0.012670190073549747
SINet/S2C,COD10K-CAM-1-Aquatic-13-Pipefish-543.jpg,0.016521703451871872
SINet/S2C,COD10K-CAM-1-Aquatic-13-Pipefish-545.jpg,0.030499916523694992
SINet/S2C,COD10K-CAM-1-Aquatic-13-Pipefish-548.jpg,0.028009848669171333
SINet/S2C,COD10K-CAM-1-Aquatic-13-Pipefish-550.jpg,0.024682719260454178
SINet/S2C,COD10K-CAM-1-Aquatic-13-Pipefish-551.jpg,0.013581430539488792
SINet/S2C,COD10K-CAM-1-Aquatic-13-Pipefish-552.jpg,0.033674418926239014
SINet/S2C,COD10K-CAM-1-Aquatic-13-Pipefish-553.jpg,0.02405538596212864
SINet/S2C,COD10K-CAM-1-Aquatic-13-Pipefish-555.jpg,0.024770326912403107
SINet/S2C,COD10K-CAM-1-Aquatic-13-Pipefish-558.jpg,0.011533738113939762
SINet/S2C,COD10K-CAM-1-Aquatic-13-Pipefish-561.jpg,0.021473269909620285
SINet/S2C,COD10K-CAM-1-Aquatic-13-Pipefish-562.jpg,0.08818478882312775
SINet/S2C,COD10K-CAM-1-Aquatic-13-Pipefish-564.jpg,0.01297079585492611
SINet/S2C,COD10K-CAM-1-Aquatic-13-Pipefish-565.jpg,0.1001167818903923
SINet/S2C,COD10K-CAM-1-Aquatic-13-Pipefish-569.jpg,0.06425487250089645
SINet/S2C,COD10K-CAM-1-Aquatic-13-Pipefish-572.jpg,0.01644590124487877
SINet/S2C,COD10K-CAM-1-Aquatic-13-Pipefish-574.jpg,0.014131234958767891
SINet/S2C,COD10K-CAM-1-Aquatic-13-Pipefish-575.jpg,0.044765785336494446
SINet/S2C,COD10K-CAM-1-Aquatic-13-Pipefish-578.jpg,0.03813352435827255
SINet/S2C,COD10K-CAM-1-Aquatic-13-Pipefish-581.jpg,0.035292282700538635
SINet/S2C,COD10K-CAM-1-Aquatic-13-Pipefish-584.jpg,0.0668628066778183
SINet/S2C,COD10K-CAM-1-Aquatic-13-Pipefish-586.jpg,0.034124210476875305
SINet/S2C,COD10K-CAM-1-Aquatic-13-Pipefish-587.jpg,0.03661984205245972
SINet/S2C,COD10K-CAM-1-Aquatic-13-Pipefish-589.jpg,0.011589586734771729
SINet/S2C,COD10K-CAM-1-Aquatic-13-Pipefish-592.jpg,0.026101985946297646
SINet/S2C,COD10K-CAM-1-Aquatic-13-Pipefish-593.jpg,0.026916872709989548
SINet/S2C,COD10K-CAM-1-Aquatic-13-Pipefish-594.jpg,0.03095667064189911
SINet/S2C,COD10K-CAM-1-Aquatic-13-Pipefish-595.jpg,0.015622072853147984
SINet/S2C,COD10K-CAM-1-Aquatic-13-Pipefish-596.jpg,0.04809531569480896
SINet/S2C,COD10K-CAM-1-Aquatic-13-Pipefish-598.jpg,0.011581458151340485
SINet/S2C,COD10K-CAM-1-Aquatic-13-Pipefish-601.jpg,0.04778075963258743
SINet/S2C,COD10K-CAM-1-Aquatic-13-Pipefish-603.jpg,0.030708186328411102
SINet/S2C,COD10K-CAM-1-Aquatic-13-Pipefish-604.jpg,0.022252922877669334
SINet/S2C,COD10K-CAM-1-Aquatic-13-Pipefish-605.jpg,0.027299314737319946
SINet/S2C,COD10K-CAM-1-Aquatic-13-Pipefish-606.jpg,0.032609812915325165
SINet/S2C,COD10K-CAM-1-Aquatic-13-Pipefish-607.jpg,0.10524031519889832
SINet/S2C,COD10K-CAM-1-Aquatic-13-Pipefish-610.jpg,0.03415728732943535
SINet/S2C,COD10K-CAM-1-Aquatic-13-Pipefish-611.jpg,0.15742871165275574
SINet/S2C,COD10K-CAM-1-Aquatic-13-Pipefish-612.jpg,0.03421492502093315
SINet/S2C,COD10K-CAM-1-Aquatic-13-Pipefish-613.jpg,0.042980607599020004
SINet/S2C,COD10K-CAM-1-Aquatic-13-Pipefish-615.jpg,0.05525793507695198
SINet/S2C,COD10K-CAM-1-Aquatic-13-Pipefish-617.jpg,0.019217349588871002
SINet/S2C,COD10K-CAM-1-Aquatic-13-Pipefish-618.jpg,0.05582186207175255
SINet/S2C,COD10K-CAM-1-Aquatic-13-Pipefish-619.jpg,0.03086489997804165
SINet/S2C,COD10K-CAM-1-Aquatic-13-Pipefish-624.jpg,0.029790589585900307
SINet/S2C,COD10K-CAM-1-Aquatic-13-Pipefish-626.jpg,0.028047140687704086
SINet/S2C,COD10K-CAM-1-Aquatic-13-Pipefish-627.jpg,0.02386609837412834
SINet/S2C,COD10K-CAM-1-Aquatic-13-Pipefish-628.jpg,0.020534172654151917
SINet/S2C,COD10K-CAM-1-Aquatic-13-Pipefish-632.jpg,0.029996883124113083
SINet/S2C,COD10K-CAM-1-Aquatic-13-Pipefish-633.jpg,0.017422441393136978
SINet/S2C,COD10K-CAM-1-Aquatic-13-Pipefish-634.jpg,0.049840278923511505
SINet/S2C,COD10K-CAM-1-Aquatic-13-Pipefish-638.jpg,0.015838703140616417
SINet/S2C,COD10K-CAM-1-Aquatic-13-Pipefish-641.jpg,0.013368375599384308
SINet/S2C,COD10K-CAM-1-Aquatic-13-Pipefish-643.jpg,0.017671357840299606
SINet/S2C,COD10K-CAM-1-Aquatic-13-Pipefish-645.jpg,0.07764260470867157
SINet/S2C,COD10K-CAM-1-Aquatic-13-Pipefish-646.jpg,0.1387937068939209
SINet/S2C,COD10K-CAM-1-Aquatic-13-Pipefish-647.jpg,0.014180518686771393
SINet/S2C,COD10K-CAM-1-Aquatic-13-Pipefish-648.jpg,0.034779272973537445
SINet/S2C,COD10K-CAM-1-Aquatic-13-Pipefish-650.jpg,0.017572510987520218
SINet/S2C,COD10K-CAM-1-Aquatic-13-Pipefish-651.jpg,0.020164914429187775
SINet/S2C,COD10K-CAM-1-Aquatic-13-Pipefish-653.jpg,0.12185294181108475
SINet/S2C,COD10K-CAM-1-Aquatic-13-Pipefish-654.jpg,0.05182792991399765
SINet/S2C,COD10K-CAM-1-Aquatic-13-Pipefish-656.jpg,0.030252845957875252
SINet/S2C,COD10K-CAM-1-Aquatic-13-Pipefish-657.jpg,0.006373266689479351
SINet/S2C,COD10K-CAM-1-Aquatic-13-Pipefish-658.jpg,0.022396797314286232
SINet/S2C,COD10K-CAM-1-Aquatic-13-Pipefish-659.jpg,0.05282808095216751
SINet/S2C,COD10K-CAM-1-Aquatic-13-Pipefish-660.jpg,0.028336405754089355
SINet/S2C,COD10K-CAM-1-Aquatic-13-Pipefish-663.jpg,0.054461099207401276
SINet/S2C,COD10K-CAM-1-Aquatic-13-Pipefish-665.jpg,0.054010406136512756
SINet/S2C,COD10K-CAM-1-Aquatic-13-Pipefish-666.jpg,0.04769892990589142
SINet/S2C,COD10K-CAM-1-Aquatic-13-Pipefish-670.jpg,0.018594704568386078
SINet/S2C,COD10K-CAM-1-Aquatic-13-Pipefish-671.jpg,0.028721673414111137
SINet/S2C,COD10K-CAM-1-Aquatic-13-Pipefish-672.jpg,0.013778461143374443
SINet/S2C,COD10K-CAM-1-Aquatic-13-Pipefish-673.jpg,0.01684344932436943
SINet/S2C,COD10K-CAM-1-Aquatic-13-Pipefish-674.jpg,0.025308702141046524
SINet/S2C,COD10K-CAM-1-Aquatic-13-Pipefish-675.jpg,0.16767290234565735
SINet/S2C,COD10K-CAM-1-Aquatic-13-Pipefish-677.jpg,0.017988355830311775
SINet/S2C,COD10K-CAM-1-Aquatic-13-Pipefish-678.jpg,0.35709065198898315
SINet/S2C,COD10K-CAM-1-Aquatic-13-Pipefish-680.jpg,0.030766446143388748
SINet/S2C,COD10K-CAM-1-Aquatic-13-Pipefish-682.jpg,0.015824511647224426
SINet/S2C,COD10K-CAM-1-Aquatic-13-Pipefish-687.jpg,0.0190509632229805
SINet/S2C,COD10K-CAM-1-Aquatic-13-Pipefish-690.jpg,0.045459285378456116
SINet/S2C,COD10K-CAM-1-Aquatic-13-Pipefish-692.jpg,0.027810925617814064
SINet/S2C,COD10K-CAM-1-Aquatic-13-Pipefish-694.jpg,0.02235087752342224
SINet/S2C,COD10K-CAM-1-Aquatic-13-Pipefish-695.jpg,0.13475829362869263
SINet/S2C,COD10K-CAM-1-Aquatic-13-Pipefish-697.jpg,0.037355463951826096
SINet/S2C,COD10K-CAM-1-Aquatic-13-Pipefish-698.jpg,0.025998994708061218
SINet/S2C,COD10K-CAM-1-Aquatic-13-Pipefish-699.jpg,0.020177146419882774
SINet/S2C,COD10K-CAM-1-Aquatic-13-Pipefish-700.jpg,0.07257695496082306
SINet/S2C,COD10K-CAM-1-Aquatic-13-Pipefish-701.jpg,0.025050876662135124
SINet/S2C,COD10K-CAM-1-Aquatic-13-Pipefish-702.jpg,0.04127819463610649
SINet/S2C,COD10K-CAM-1-Aquatic-13-Pipefish-703.jpg,0.037765443325042725
SINet/S2C,COD10K-CAM-1-Aquatic-13-Pipefish-704.jpg,0.03255867958068848
SINet/S2C,COD10K-CAM-1-Aquatic-13-Pipefish-706.jpg,0.04983194172382355
SINet/S2C,COD10K-CAM-1-Aquatic-13-Pipefish-708.jpg,0.011672002263367176
SINet/S2C,COD10K-CAM-1-Aquatic-13-Pipefish-710.jpg,0.02447999268770218
SINet/S2C,COD10K-CAM-1-Aquatic-13-Pipefish-711.jpg,0.015699774026870728
SINet/S2C,COD10K-CAM-1-Aquatic-13-Pipefish-712.jpg,0.22293314337730408
SINet/S2C,COD10K-CAM-1-Aquatic-13-Pipefish-714.jpg,0.1006976068019867
SINet/S2C,COD10K-CAM-1-Aquatic-13-Pipefish-715.jpg,0.025432288646697998
SINet/S2C,COD10K-CAM-1-Aquatic-13-Pipefish-716.jpg,0.019219905138015747
SINet/S2C,COD10K-CAM-1-Aquatic-13-Pipefish-718.jpg,0.035100307315588
SINet/S2C,COD10K-CAM-1-Aquatic-13-Pipefish-719.jpg,0.018771164119243622
SINet/S2C,COD10K-CAM-1-Aquatic-13-Pipefish-720.jpg,0.03045961819589138
SINet/S2C,COD10K-CAM-1-Aquatic-13-Pipefish-722.jpg,0.03831835091114044
SINet/S2C,COD10K-CAM-1-Aquatic-13-Pipefish-723.jpg,0.009417461231350899
SINet/S2C,COD10K-CAM-1-Aquatic-13-Pipefish-724.jpg,0.02405119687318802
SINet/S2C,COD10K-CAM-1-Aquatic-13-Pipefish-725.jpg,0.07789347320795059
SINet/S2C,COD10K-CAM-1-Aquatic-13-Pipefish-727.jpg,0.036766570061445236
SINet/S2C,COD10K-CAM-1-Aquatic-13-Pipefish-731.jpg,0.04511410742998123
SINet/S2C,COD10K-CAM-1-Aquatic-13-Pipefish-733.jpg,0.01685088500380516
SINet/S2C,COD10K-CAM-1-Aquatic-13-Pipefish-734.jpg,0.12344732880592346
SINet/S2C,COD10K-CAM-1-Aquatic-13-Pipefish-735.jpg,0.03006409853696823
SINet/S2C,COD10K-CAM-1-Aquatic-13-Pipefish-737.jpg,0.047137245535850525
SINet/S2C,COD10K-CAM-1-Aquatic-13-Pipefish-738.jpg,0.010028431192040443
SINet/S2C,COD10K-CAM-1-Aquatic-13-Pipefish-739.jpg,0.12633895874023438
SINet/S2C,COD10K-CAM-1-Aquatic-13-Pipefish-740.jpg,0.08901740610599518
SINet/S2C,COD10K-CAM-1-Aquatic-13-Pipefish-741.jpg,0.039454054087400436
SINet/S2C,COD10K-CAM-1-Aquatic-13-Pipefish-742.jpg,0.062190137803554535
SINet/S2C,COD10K-CAM-1-Aquatic-13-Pipefish-743.jpg,0.029635068029165268
SINet/S2C,COD10K-CAM-1-Aquatic-13-Pipefish-744.jpg,0.12416564673185349
SINet/S2C,COD10K-CAM-1-Aquatic-13-Pipefish-745.jpg,0.038625650107860565
SINet/S2C,COD10K-CAM-1-Aquatic-13-Pipefish-746.jpg,0.011434260755777359
SINet/S2C,COD10K-CAM-1-Aquatic-13-Pipefish-747.jpg,0.022298138588666916
SINet/S2C,COD10K-CAM-1-Aquatic-13-Pipefish-751.jpg,0.01593184843659401
SINet/S2C,COD10K-CAM-1-Aquatic-13-Pipefish-753.jpg,0.01806798204779625
SINet/S2C,COD10K-CAM-1-Aquatic-13-Pipefish-754.jpg,0.03341342881321907
SINet/S2C,COD10K-CAM-1-Aquatic-13-Pipefish-755.jpg,0.007360014133155346
SINet/S2C,COD10K-CAM-1-Aquatic-13-Pipefish-756.jpg,0.04588336870074272
SINet/S2C,COD10K-CAM-1-Aquatic-13-Pipefish-757.jpg,0.023651443421840668
SINet/S2C,COD10K-CAM-1-Aquatic-13-Pipefish-758.jpg,0.02960585616528988
SINet/S2C,COD10K-CAM-1-Aquatic-13-Pipefish-760.jpg,0.01509090419858694
SINet/S2C,COD10K-CAM-1-Aquatic-13-Pipefish-761.jpg,0.019677577540278435
SINet/S2C,COD10K-CAM-1-Aquatic-13-Pipefish-762.jpg,0.04305059462785721
SINet/S2C,COD10K-CAM-1-Aquatic-13-Pipefish-763.jpg,0.026548273861408234
SINet/S2C,COD10K-CAM-1-Aquatic-13-Pipefish-764.jpg,0.02160044200718403
SINet/S2C,COD10K-CAM-1-Aquatic-13-Pipefish-765.jpg,0.013386950828135014
SINet/S2C,COD10K-CAM-1-Aquatic-13-Pipefish-766.jpg,0.023826567456126213
SINet/S2C,COD10K-CAM-1-Aquatic-13-Pipefish-767.jpg,0.027523644268512726
SINet/S2C,COD10K-CAM-1-Aquatic-13-Pipefish-768.jpg,0.02474493533372879
SINet/S2C,COD10K-CAM-1-Aquatic-13-Pipefish-770.jpg,0.026975175365805626
SINet/S2C,COD10K-CAM-1-Aquatic-13-Pipefish-771.jpg,0.007898364216089249
SINet/S2C,COD10K-CAM-1-Aquatic-13-Pipefish-773.jpg,0.014404772780835629
SINet/S2C,COD10K-CAM-1-Aquatic-13-Pipefish-775.jpg,0.012628023512661457
SINet/S2C,COD10K-CAM-1-Aquatic-13-Pipefish-778.jpg,0.040941689163446426
SINet/S2C,COD10K-CAM-1-Aquatic-13-Pipefish-779.jpg,0.015938976779580116
SINet/S2C,COD10K-CAM-1-Aquatic-13-Pipefish-780.jpg,0.03099820576608181
SINet/S2C,COD10K-CAM-1-Aquatic-13-Pipefish-782.jpg,0.01729777455329895
SINet/S2C,COD10K-CAM-1-Aquatic-13-Pipefish-783.jpg,0.06685583293437958
SINet/S2C,COD10K-CAM-1-Aquatic-13-Pipefish-784.jpg,0.007704270537942648
SINet/S2C,COD10K-CAM-1-Aquatic-13-Pipefish-785.jpg,0.04850831627845764
SINet/S2C,COD10K-CAM-1-Aquatic-13-Pipefish-786.jpg,0.021105052903294563
SINet/S2C,COD10K-CAM-1-Aquatic-13-Pipefish-787.jpg,0.013446392491459846
SINet/S2C,COD10K-CAM-1-Aquatic-13-Pipefish-790.jpg,0.023633483797311783
SINet/S2C,COD10K-CAM-1-Aquatic-13-Pipefish-791.jpg,0.013232262805104256
SINet/S2C,COD10K-CAM-1-Aquatic-13-Pipefish-792.jpg,0.062286872416734695
SINet/S2C,COD10K-CAM-1-Aquatic-13-Pipefish-793.jpg,0.08857180923223495
SINet/S2C,COD10K-CAM-1-Aquatic-13-Pipefish-794.jpg,0.01658259518444538
SINet/S2C,COD10K-CAM-1-Aquatic-13-Pipefish-796.jpg,0.007469872944056988
SINet/S2C,COD10K-CAM-1-Aquatic-13-Pipefish-797.jpg,0.028743479400873184
SINet/S2C,COD10K-CAM-1-Aquatic-13-Pipefish-798.jpg,0.019008435308933258
SINet/S2C,COD10K-CAM-1-Aquatic-13-Pipefish-799.jpg,0.06984663754701614
SINet/S2C,COD10K-CAM-1-Aquatic-13-Pipefish-801.jpg,0.01784258335828781
SINet/S2C,COD10K-CAM-1-Aquatic-13-Pipefish-802.jpg,0.028006454929709435
SINet/S2C,COD10K-CAM-1-Aquatic-13-Pipefish-803.jpg,0.0461597815155983
SINet/S2C,COD10K-CAM-1-Aquatic-13-Pipefish-805.jpg,0.019428543746471405
SINet/S2C,COD10K-CAM-1-Aquatic-13-Pipefish-806.jpg,0.06527604162693024
SINet/S2C,COD10K-CAM-1-Aquatic-13-Pipefish-808.jpg,0.044950224459171295
SINet/S2C,COD10K-CAM-1-Aquatic-13-Pipefish-809.jpg,0.018399767577648163
SINet/S2C,COD10K-CAM-1-Aquatic-13-Pipefish-811.jpg,0.01778440736234188
SINet/S2C,COD10K-CAM-1-Aquatic-13-Pipefish-812.jpg,0.08165900409221649
SINet/S2C,COD10K-CAM-1-Aquatic-13-Pipefish-814.jpg,0.018537107855081558
SINet/S2C,COD10K-CAM-1-Aquatic-13-Pipefish-815.jpg,0.01630268432199955
SINet/S2C,COD10K-CAM-1-Aquatic-13-Pipefish-816.jpg,0.01870815083384514
SINet/S2C,COD10K-CAM-1-Aquatic-13-Pipefish-817.jpg,0.015558373183012009
SINet/S2C,COD10K-CAM-1-Aquatic-13-Pipefish-819.jpg,0.010379605926573277
SINet/S2C,COD10K-CAM-1-Aquatic-13-Pipefish-820.jpg,0.038980208337306976
SINet/S2C,COD10K-CAM-1-Aquatic-13-Pipefish-821.jpg,0.026884041726589203
SINet/S2C,COD10K-CAM-1-Aquatic-13-Pipefish-822.jpg,0.04241354763507843
SINet/S2C,COD10K-CAM-1-Aquatic-13-Pipefish-823.jpg,0.027598103508353233
SINet/S2C,COD10K-CAM-1-Aquatic-13-Pipefish-824.jpg,0.056681036949157715
SINet/S2C,COD10K-CAM-1-Aquatic-13-Pipefish-825.jpg,0.08511229604482651
SINet/S2C,COD10K-CAM-1-Aquatic-13-Pipefish-827.jpg,0.018423516303300858
SINet/S2C,COD10K-CAM-1-Aquatic-13-Pipefish-828.jpg,0.0402623787522316
SINet/S2C,COD10K-CAM-1-Aquatic-13-Pipefish-829.jpg,0.07151275873184204
SINet/S2C,COD10K-CAM-1-Aquatic-13-Pipefish-831.jpg,0.04089568182826042
SINet/S2C,COD10K-CAM-1-Aquatic-13-Pipefish-834.jpg,0.005964713171124458
SINet/S2C,COD10K-CAM-1-Aquatic-13-Pipefish-838.jpg,0.040509890764951706
SINet/S2C,COD10K-CAM-1-Aquatic-13-Pipefish-839.jpg,0.022671621292829514
SINet/S2C,COD10K-CAM-1-Aquatic-13-Pipefish-840.jpg,0.026871129870414734
SINet/S2C,COD10K-CAM-1-Aquatic-14-ScorpionFish-846.jpg,0.04464380443096161
SINet/S2C,COD10K-CAM-1-Aquatic-14-ScorpionFish-847.jpg,0.07166659086942673
SINet/S2C,COD10K-CAM-1-Aquatic-14-ScorpionFish-849.jpg,0.02362891286611557
SINet/S2C,COD10K-CAM-1-Aquatic-14-ScorpionFish-851.jpg,0.09244755655527115
SINet/S2C,COD10K-CAM-1-Aquatic-14-ScorpionFish-852.jpg,0.029042959213256836
SINet/S2C,COD10K-CAM-1-Aquatic-14-ScorpionFish-856.jpg,0.044917523860931396
SINet/S2C,COD10K-CAM-1-Aquatic-14-ScorpionFish-857.jpg,0.027464494109153748
SINet/S2C,COD10K-CAM-1-Aquatic-14-ScorpionFish-859.jpg,0.016899675130844116
SINet/S2C,COD10K-CAM-1-Aquatic-14-ScorpionFish-860.jpg,0.10975195467472076
SINet/S2C,COD10K-CAM-1-Aquatic-14-ScorpionFish-861.jpg,0.04053986072540283
SINet/S2C,COD10K-CAM-1-Aquatic-14-ScorpionFish-864.jpg,0.03203248977661133
SINet/S2C,COD10K-CAM-1-Aquatic-14-ScorpionFish-866.jpg,0.037078410387039185
SINet/S2C,COD10K-CAM-1-Aquatic-14-ScorpionFish-870.jpg,0.05475929006934166
SINet/S2C,COD10K-CAM-1-Aquatic-14-ScorpionFish-871.jpg,0.01918862946331501
SINet/S2C,COD10K-CAM-1-Aquatic-14-ScorpionFish-875.jpg,0.054990313947200775
SINet/S2C,COD10K-CAM-1-Aquatic-14-ScorpionFish-876.jpg,0.04175238311290741
SINet/S2C,COD10K-CAM-1-Aquatic-14-ScorpionFish-877.jpg,0.014026263728737831
SINet/S2C,COD10K-CAM-1-Aquatic-14-ScorpionFish-878.jpg,0.055077921599149704
SINet/S2C,COD10K-CAM-1-Aquatic-14-ScorpionFish-880.jpg,0.042565181851387024
SINet/S2C,COD10K-CAM-1-Aquatic-14-ScorpionFish-882.jpg,0.06640934199094772
SINet/S2C,COD10K-CAM-1-Aquatic-14-ScorpionFish-885.jpg,0.08085249364376068
SINet/S2C,COD10K-CAM-1-Aquatic-14-ScorpionFish-886.jpg,0.03190658614039421
SINet/S2C,COD10K-CAM-1-Aquatic-14-ScorpionFish-887.jpg,0.02165071666240692
SINet/S2C,COD10K-CAM-1-Aquatic-14-ScorpionFish-888.jpg,0.023361660540103912
SINet/S2C,COD10K-CAM-1-Aquatic-14-ScorpionFish-890.jpg,0.05038226768374443
SINet/S2C,COD10K-CAM-1-Aquatic-14-ScorpionFish-893.jpg,0.01454996969550848
SINet/S2C,COD10K-CAM-1-Aquatic-14-ScorpionFish-894.jpg,0.016882706433534622
SINet/S2C,COD10K-CAM-1-Aquatic-14-ScorpionFish-895.jpg,0.03598828241229057
SINet/S2C,COD10K-CAM-1-Aquatic-14-ScorpionFish-902.jpg,0.0070237210020422935
SINet/S2C,COD10K-CAM-1-Aquatic-14-ScorpionFish-903.jpg,0.010623910464346409
SINet/S2C,COD10K-CAM-1-Aquatic-14-ScorpionFish-904.jpg,0.04166945070028305
SINet/S2C,COD10K-CAM-1-Aquatic-14-ScorpionFish-905.jpg,0.03422900289297104
SINet/S2C,COD10K-CAM-1-Aquatic-14-ScorpionFish-908.jpg,0.062321897596120834
SINet/S2C,COD10K-CAM-1-Aquatic-14-ScorpionFish-909.jpg,0.050861895084381104
SINet/S2C,COD10K-CAM-1-Aquatic-14-ScorpionFish-910.jpg,0.07188676297664642
SINet/S2C,COD10K-CAM-1-Aquatic-14-ScorpionFish-912.jpg,0.011619632132351398
SINet/S2C,COD10K-CAM-1-Aquatic-14-ScorpionFish-913.jpg,0.038234442472457886
SINet/S2C,COD10K-CAM-1-Aquatic-14-ScorpionFish-914.jpg,0.03133378550410271
SINet/S2C,COD10K-CAM-1-Aquatic-14-ScorpionFish-916.jpg,0.07392948120832443
SINet/S2C,COD10K-CAM-1-Aquatic-14-ScorpionFish-917.jpg,0.09049850702285767
SINet/S2C,COD10K-CAM-1-Aquatic-14-ScorpionFish-920.jpg,0.11094209551811218
SINet/S2C,COD10K-CAM-1-Aquatic-14-ScorpionFish-921.jpg,0.04958347976207733
SINet/S2C,COD10K-CAM-1-Aquatic-14-ScorpionFish-922.jpg,0.021117383614182472
SINet/S2C,COD10K-CAM-1-Aquatic-14-ScorpionFish-923.jpg,0.166863352060318
SINet/S2C,COD10K-CAM-1-Aquatic-14-ScorpionFish-924.jpg,0.0344497412443161
SINet/S2C,COD10K-CAM-1-Aquatic-14-ScorpionFish-925.jpg,0.040354564785957336
SINet/S2C,COD10K-CAM-1-Aquatic-14-ScorpionFish-927.jpg,0.044253572821617126
SINet/S2C,COD10K-CAM-1-Aquatic-14-ScorpionFish-929.jpg,0.015046847984194756
SINet/S2C,COD10K-CAM-1-Aquatic-14-ScorpionFish-931.jpg,0.03878169134259224
SINet/S2C,COD10K-CAM-1-Aquatic-14-ScorpionFish-932.jpg,0.022136880084872246
SINet/S2C,COD10K-CAM-1-Aquatic-14-ScorpionFish-933.jpg,0.02535806968808174
SINet/S2C,COD10K-CAM-1-Aquatic-14-ScorpionFish-937.jpg,0.02016580104827881
SINet/S2C,COD10K-CAM-1-Aquatic-14-ScorpionFish-938.jpg,0.03621803596615791
SINet/S2C,COD10K-CAM-1-Aquatic-14-ScorpionFish-941.jpg,0.021329093724489212
SINet/S2C,COD10K-CAM-1-Aquatic-14-ScorpionFish-942.jpg,0.06297114491462708
SINet/S2C,COD10K-CAM-1-Aquatic-14-ScorpionFish-944.jpg,0.04349062591791153
SINet/S2C,COD10K-CAM-1-Aquatic-14-ScorpionFish-946.jpg,0.12064024806022644
SINet/S2C,COD10K-CAM-1-Aquatic-14-ScorpionFish-947.jpg,0.10139003396034241
SINet/S2C,COD10K-CAM-1-Aquatic-14-ScorpionFish-948.jpg,0.01947065070271492
SINet/S2C,COD10K-CAM-1-Aquatic-14-ScorpionFish-949.jpg,0.030818577855825424
SINet/S2C,COD10K-CAM-1-Aquatic-14-ScorpionFish-951.jpg,0.010627718642354012
SINet/S2C,COD10K-CAM-1-Aquatic-14-ScorpionFish-952.jpg,0.021146900951862335
SINet/S2C,COD10K-CAM-1-Aquatic-14-ScorpionFish-953.jpg,0.040144018828868866
SINet/S2C,COD10K-CAM-1-Aquatic-14-ScorpionFish-955.jpg,0.045439332723617554
SINet/S2C,COD10K-CAM-1-Aquatic-14-ScorpionFish-956.jpg,0.15668506920337677
SINet/S2C,COD10K-CAM-1-Aquatic-14-ScorpionFish-957.jpg,0.015863602980971336
SINet/S2C,COD10K-CAM-1-Aquatic-14-ScorpionFish-958.jpg,0.017472580075263977
SINet/S2C,COD10K-CAM-1-Aquatic-15-SeaHorse-1000.jpg,0.01545761339366436
SINet/S2C,COD10K-CAM-1-Aquatic-15-SeaHorse-1001.jpg,0.03362073749303818
SINet/S2C,COD10K-CAM-1-Aquatic-15-SeaHorse-1005.jpg,0.06925087422132492
SINet/S2C,COD10K-CAM-1-Aquatic-15-SeaHorse-1007.jpg,0.06686131656169891
SINet/S2C,COD10K-CAM-1-Aquatic-15-SeaHorse-1008.jpg,0.044393934309482574
SINet/S2C,COD10K-CAM-1-Aquatic-15-SeaHorse-1009.jpg,0.012274767272174358
SINet/S2C,COD10K-CAM-1-Aquatic-15-SeaHorse-1011.jpg,0.016219761222600937
SINet/S2C,COD10K-CAM-1-Aquatic-15-SeaHorse-1016.jpg,0.03988104686141014
SINet/S2C,COD10K-CAM-1-Aquatic-15-SeaHorse-1017.jpg,0.025705743581056595
SINet/S2C,COD10K-CAM-1-Aquatic-15-SeaHorse-1018.jpg,0.04117916524410248
SINet/S2C,COD10K-CAM-1-Aquatic-15-SeaHorse-1019.jpg,0.02275165170431137
SINet/S2C,COD10K-CAM-1-Aquatic-15-SeaHorse-1020.jpg,0.04836138337850571
SINet/S2C,COD10K-CAM-1-Aquatic-15-SeaHorse-1021.jpg,0.015260809101164341
SINet/S2C,COD10K-CAM-1-Aquatic-15-SeaHorse-1024.jpg,0.03498637676239014
SINet/S2C,COD10K-CAM-1-Aquatic-15-SeaHorse-1025.jpg,0.010495147667825222
SINet/S2C,COD10K-CAM-1-Aquatic-15-SeaHorse-1026.jpg,0.10888281464576721
SINet/S2C,COD10K-CAM-1-Aquatic-15-SeaHorse-1027.jpg,0.03610016033053398
SINet/S2C,COD10K-CAM-1-Aquatic-15-SeaHorse-1028.jpg,0.0618591234087944
SINet/S2C,COD10K-CAM-1-Aquatic-15-SeaHorse-1029.jpg,0.032817140221595764
SINet/S2C,COD10K-CAM-1-Aquatic-15-SeaHorse-1030.jpg,0.026090603321790695
SINet/S2C,COD10K-CAM-1-Aquatic-15-SeaHorse-1031.jpg,0.036086052656173706
SINet/S2C,COD10K-CAM-1-Aquatic-15-SeaHorse-1033.jpg,0.01912689208984375
SINet/S2C,COD10K-CAM-1-Aquatic-15-SeaHorse-1034.jpg,0.08376528322696686
SINet/S2C,COD10K-CAM-1-Aquatic-15-SeaHorse-1036.jpg,0.024595119059085846
SINet/S2C,COD10K-CAM-1-Aquatic-15-SeaHorse-1037.jpg,0.02342677116394043
SINet/S2C,COD10K-CAM-1-Aquatic-15-SeaHorse-1038.jpg,0.02526518516242504
SINet/S2C,COD10K-CAM-1-Aquatic-15-SeaHorse-1039.jpg,0.06651011109352112
SINet/S2C,COD10K-CAM-1-Aquatic-15-SeaHorse-1040.jpg,0.07128940522670746
SINet/S2C,COD10K-CAM-1-Aquatic-15-SeaHorse-1041.jpg,0.03564326465129852
SINet/S2C,COD10K-CAM-1-Aquatic-15-SeaHorse-1042.jpg,0.02536952495574951
SINet/S2C,COD10K-CAM-1-Aquatic-15-SeaHorse-1045.jpg,0.05020613223314285
SINet/S2C,COD10K-CAM-1-Aquatic-15-SeaHorse-1046.jpg,0.03742809221148491
SINet/S2C,COD10K-CAM-1-Aquatic-15-SeaHorse-1049.jpg,0.03115754760801792
SINet/S2C,COD10K-CAM-1-Aquatic-15-SeaHorse-1050.jpg,0.049534305930137634
SINet/S2C,COD10K-CAM-1-Aquatic-15-SeaHorse-1051.jpg,0.020201247185468674
SINet/S2C,COD10K-CAM-1-Aquatic-15-SeaHorse-1053.jpg,0.03586761653423309
SINet/S2C,COD10K-CAM-1-Aquatic-15-SeaHorse-1054.jpg,0.04814803600311279
SINet/S2C,COD10K-CAM-1-Aquatic-15-SeaHorse-1055.jpg,0.05097492039203644
SINet/S2C,COD10K-CAM-1-Aquatic-15-SeaHorse-1056.jpg,0.041409872472286224
SINet/S2C,COD10K-CAM-1-Aquatic-15-SeaHorse-1058.jpg,0.017014911398291588
SINet/S2C,COD10K-CAM-1-Aquatic-15-SeaHorse-1059.jpg,0.03050779365003109
SINet/S2C,COD10K-CAM-1-Aquatic-15-SeaHorse-1060.jpg,0.054296381771564484
SINet/S2C,COD10K-CAM-1-Aquatic-15-SeaHorse-1061.jpg,0.033615563064813614
SINet/S2C,COD10K-CAM-1-Aquatic-15-SeaHorse-1062.jpg,0.04173041507601738
SINet/S2C,COD10K-CAM-1-Aquatic-15-SeaHorse-1064.jpg,0.02336440421640873
SINet/S2C,COD10K-CAM-1-Aquatic-15-SeaHorse-1065.jpg,0.045008279383182526
SINet/S2C,COD10K-CAM-1-Aquatic-15-SeaHorse-1068.jpg,0.010365993715822697
SINet/S2C,COD10K-CAM-1-Aquatic-15-SeaHorse-1072.jpg,0.032256223261356354
SINet/S2C,COD10K-CAM-1-Aquatic-15-SeaHorse-1073.jpg,0.02626883238554001
SINet/S2C,COD10K-CAM-1-Aquatic-15-SeaHorse-1075.jpg,0.056224144995212555
SINet/S2C,COD10K-CAM-1-Aquatic-15-SeaHorse-1077.jpg,0.026814870536327362
SINet/S2C,COD10K-CAM-1-Aquatic-15-SeaHorse-1079.jpg,0.05835840851068497
SINet/S2C,COD10K-CAM-1-Aquatic-15-SeaHorse-1080.jpg,0.03480365872383118
SINet/S2C,COD10K-CAM-1-Aquatic-15-SeaHorse-1081.jpg,0.07449764013290405
SINet/S2C,COD10K-CAM-1-Aquatic-15-SeaHorse-1082.jpg,0.04245630279183388
SINet/S2C,COD10K-CAM-1-Aquatic-15-SeaHorse-1084.jpg,0.05360639467835426
SINet/S2C,COD10K-CAM-1-Aquatic-15-SeaHorse-1087.jpg,0.02661564014852047
SINet/S2C,COD10K-CAM-1-Aquatic-15-SeaHorse-1089.jpg,0.06370331346988678
SINet/S2C,COD10K-CAM-1-Aquatic-15-SeaHorse-1090.jpg,0.05722445994615555
SINet/S2C,COD10K-CAM-1-Aquatic-15-SeaHorse-1091.jpg,0.011353965848684311
SINet/S2C,COD10K-CAM-1-Aquatic-15-SeaHorse-1093.jpg,0.05699732154607773
SINet/S2C,COD10K-CAM-1-Aquatic-15-SeaHorse-1094.jpg,0.01712346076965332
SINet/S2C,COD10K-CAM-1-Aquatic-15-SeaHorse-1095.jpg,0.030291862785816193
SINet/S2C,COD10K-CAM-1-Aquatic-15-SeaHorse-1097.jpg,0.011653258465230465
SINet/S2C,COD10K-CAM-1-Aquatic-15-SeaHorse-1098.jpg,0.04025348275899887
SINet/S2C,COD10K-CAM-1-Aquatic-15-SeaHorse-1100.jpg,0.043048858642578125
SINet/S2C,COD10K-CAM-1-Aquatic-15-SeaHorse-1101.jpg,0.04035337641835213
SINet/S2C,COD10K-CAM-1-Aquatic-15-SeaHorse-1102.jpg,0.023193245753645897
SINet/S2C,COD10K-CAM-1-Aquatic-15-SeaHorse-1103.jpg,0.036649372428655624
SINet/S2C,COD10K-CAM-1-Aquatic-15-SeaHorse-1104.jpg,0.04140695184469223
SINet/S2C,COD10K-CAM-1-Aquatic-15-SeaHorse-1106.jpg,0.017854414880275726
SINet/S2C,COD10K-CAM-1-Aquatic-15-SeaHorse-1107.jpg,0.054693225771188736
SINet/S2C,COD10K-CAM-1-Aquatic-15-SeaHorse-1108.jpg,0.1269489973783493
SINet/S2C,COD10K-CAM-1-Aquatic-15-SeaHorse-1111.jpg,0.07761609554290771
SINet/S2C,COD10K-CAM-1-Aquatic-15-SeaHorse-1112.jpg,0.03981129080057144
SINet/S2C,COD10K-CAM-1-Aquatic-15-SeaHorse-959.jpg,0.03308075666427612
SINet/S2C,COD10K-CAM-1-Aquatic-15-SeaHorse-960.jpg,0.06156543642282486
SINet/S2C,COD10K-CAM-1-Aquatic-15-SeaHorse-961.jpg,0.04499433562159538
SINet/S2C,COD10K-CAM-1-Aquatic-15-SeaHorse-964.jpg,0.07298607379198074
SINet/S2C,COD10K-CAM-1-Aquatic-15-SeaHorse-965.jpg,0.028775058686733246
SINet/S2C,COD10K-CAM-1-Aquatic-15-SeaHorse-967.jpg,0.061730243265628815
SINet/S2C,COD10K-CAM-1-Aquatic-15-SeaHorse-968.jpg,0.020756639540195465
SINet/S2C,COD10K-CAM-1-Aquatic-15-SeaHorse-969.jpg,0.03661099821329117
SINet/S2C,COD10K-CAM-1-Aquatic-15-SeaHorse-970.jpg,0.020699303597211838
SINet/S2C,COD10K-CAM-1-Aquatic-15-SeaHorse-971.jpg,0.06810479611158371
SINet/S2C,COD10K-CAM-1-Aquatic-15-SeaHorse-973.jpg,0.04312911629676819
SINet/S2C,COD10K-CAM-1-Aquatic-15-SeaHorse-974.jpg,0.0578862726688385
SINet/S2C,COD10K-CAM-1-Aquatic-15-SeaHorse-975.jpg,0.02965947613120079
SINet/S2C,COD10K-CAM-1-Aquatic-15-SeaHorse-976.jpg,0.023946426808834076
SINet/S2C,COD10K-CAM-1-Aquatic-15-SeaHorse-979.jpg,0.03213433176279068
SINet/S2C,COD10K-CAM-1-Aquatic-15-SeaHorse-982.jpg,0.03674359992146492
SINet/S2C,COD10K-CAM-1-Aquatic-15-SeaHorse-985.jpg,0.03477943688631058
SINet/S2C,COD10K-CAM-1-Aquatic-15-SeaHorse-987.jpg,0.029719632118940353
SINet/S2C,COD10K-CAM-1-Aquatic-15-SeaHorse-988.jpg,0.020505163818597794
SINet/S2C,COD10K-CAM-1-Aquatic-15-SeaHorse-991.jpg,0.03895820677280426
SINet/S2C,COD10K-CAM-1-Aquatic-15-SeaHorse-993.jpg,0.16048164665699005
SINet/S2C,COD10K-CAM-1-Aquatic-15-SeaHorse-994.jpg,0.06695359945297241
SINet/S2C,COD10K-CAM-1-Aquatic-15-SeaHorse-995.jpg,0.02465752139687538
SINet/S2C,COD10K-CAM-1-Aquatic-15-SeaHorse-998.jpg,0.043585486710071564
SINet/S2C,COD10K-CAM-1-Aquatic-16-Shrimp-1113.jpg,0.03585661202669144
SINet/S2C,COD10K-CAM-1-Aquatic-16-Shrimp-1114.jpg,0.015193593688309193
SINet/S2C,COD10K-CAM-1-Aquatic-16-Shrimp-1118.jpg,0.10212016105651855
SINet/S2C,COD10K-CAM-1-Aquatic-16-Shrimp-1122.jpg,0.024846740067005157
SINet/S2C,COD10K-CAM-1-Aquatic-16-Shrimp-1124.jpg,0.018374985083937645
SINet/S2C,COD10K-CAM-1-Aquatic-16-Shrimp-1125.jpg,0.019896721467375755
SINet/S2C,COD10K-CAM-1-Aquatic-16-Shrimp-1126.jpg,0.06113617867231369
SINet/S2C,COD10K-CAM-1-Aquatic-16-Shrimp-1127.jpg,0.03640983626246452
SINet/S2C,COD10K-CAM-1-Aquatic-16-Shrimp-1129.jpg,0.03406904637813568
SINet/S2C,COD10K-CAM-1-Aquatic-16-Shrimp-1131.jpg,0.03192587569355965
SINet/S2C,COD10K-CAM-1-Aquatic-16-Shrimp-1132.jpg,0.008595569059252739
SINet/S2C,COD10K-CAM-1-Aquatic-16-Shrimp-1133.jpg,0.02114437147974968
SINet/S2C,COD10K-CAM-1-Aquatic-16-Shrimp-1134.jpg,0.007511944975703955
SINet/S2C,COD10K-CAM-1-Aquatic-16-Shrimp-1135.jpg,0.016036739572882652
SINet/S2C,COD10K-CAM-1-Aquatic-16-Shrimp-1136.jpg,0.01920377090573311
SINet/S2C,COD10K-CAM-1-Aquatic-16-Shrimp-1137.jpg,0.0480492040514946
SINet/S2C,COD10K-CAM-1-Aquatic-16-Shrimp-1138.jpg,0.03683070093393326
SINet/S2C,COD10K-CAM-1-Aquatic-16-Shrimp-1139.jpg,0.019099600613117218
SINet/S2C,COD10K-CAM-1-Aquatic-16-Shrimp-1141.jpg,0.019881848245859146
SINet/S2C,COD10K-CAM-1-Aquatic-16-Shrimp-1143.jpg,0.01405339501798153
SINet/S2C,COD10K-CAM-1-Aquatic-16-Shrimp-1144.jpg,0.010001380927860737
SINet/S2C,COD10K-CAM-1-Aquatic-16-Shrimp-1146.jpg,0.031202394515275955
SINet/S2C,COD10K-CAM-1-Aquatic-16-Shrimp-1147.jpg,0.07681164145469666
SINet/S2C,COD10K-CAM-1-Aquatic-17-Slug-1148.jpg,0.09913624823093414
SINet/S2C,COD10K-CAM-1-Aquatic-17-Slug-1150.jpg,0.0385691374540329
SINet/S2C,COD10K-CAM-1-Aquatic-17-Slug-1152.jpg,0.044849228113889694
SINet/S2C,COD10K-CAM-1-Aquatic-18-StarFish-1153.jpg,0.03346845507621765
SINet/S2C,COD10K-CAM-1-Aquatic-18-StarFish-1154.jpg,0.010355528444051743
SINet/S2C,COD10K-CAM-1-Aquatic-18-StarFish-1155.jpg,0.007881899364292622
SINet/S2C,COD10K-CAM-1-Aquatic-18-StarFish-1156.jpg,0.05256136506795883
SINet/S2C,COD10K-CAM-1-Aquatic-18-StarFish-1157.jpg,0.03612040355801582
SINet/S2C,COD10K-CAM-1-Aquatic-18-StarFish-1158.jpg,0.03757429122924805
SINet/S2C,COD10K-CAM-1-Aquatic-18-StarFish-1159.jpg,0.022141847759485245
SINet/S2C,COD10K-CAM-1-Aquatic-18-StarFish-1160.jpg,0.00805567018687725
SINet/S2C,COD10K-CAM-1-Aquatic-18-StarFish-1163.jpg,0.049846332520246506
SINet/S2C,COD10K-CAM-1-Aquatic-18-StarFish-1165.jpg,0.028569165617227554
SINet/S2C,COD10K-CAM-1-Aquatic-18-StarFish-1166.jpg,0.03523291274905205
SINet/S2C,COD10K-CAM-1-Aquatic-18-StarFish-1167.jpg,0.052025847136974335
SINet/S2C,COD10K-CAM-1-Aquatic-18-StarFish-1168.jpg,0.01689213141798973
SINet/S2C,COD10K-CAM-1-Aquatic-18-StarFish-1169.jpg,0.11028048396110535
SINet/S2C,COD10K-CAM-1-Aquatic-18-StarFish-1170.jpg,0.017002349719405174
SINet/S2C,COD10K-CAM-1-Aquatic-18-StarFish-1172.jpg,0.01227776799350977
SINet/S2C,COD10K-CAM-1-Aquatic-18-StarFish-1174.jpg,0.046640925109386444
SINet/S2C,COD10K-CAM-1-Aquatic-18-StarFish-1175.jpg,0.04902387410402298
SINet/S2C,COD10K-CAM-1-Aquatic-18-StarFish-1176.jpg,0.026661233976483345
SINet/S2C,COD10K-CAM-1-Aquatic-18-StarFish-1179.jpg,0.03178919851779938
SINet/S2C,COD10K-CAM-1-Aquatic-18-StarFish-1180.jpg,0.02332174964249134
SINet/S2C,COD10K-CAM-1-Aquatic-18-StarFish-1182.jpg,0.03100309520959854
SINet/S2C,COD10K-CAM-1-Aquatic-18-StarFish-1184.jpg,0.0215363260358572
SINet/S2C,COD10K-CAM-1-Aquatic-19-Stingaree-1185.jpg,0.06293036043643951
SINet/S2C,COD10K-CAM-1-Aquatic-19-Stingaree-1187.jpg,0.025037461891770363
SINet/S2C,COD10K-CAM-1-Aquatic-19-Stingaree-1188.jpg,0.01483866199851036
SINet/S2C,COD10K-CAM-1-Aquatic-19-Stingaree-1189.jpg,0.03585725277662277
SINet/S2C,COD10K-CAM-1-Aquatic-19-Stingaree-1193.jpg,0.02609199844300747
SINet/S2C,COD10K-CAM-1-Aquatic-19-Stingaree-1194.jpg,0.025845058262348175
SINet/S2C,COD10K-CAM-1-Aquatic-19-Stingaree-1195.jpg,0.05007154121994972
SINet/S2C,COD10K-CAM-1-Aquatic-19-Stingaree-1196.jpg,0.039766520261764526
SINet/S2C,COD10K-CAM-1-Aquatic-19-Stingaree-1199.jpg,0.013759322464466095
SINet/S2C,COD10K-CAM-1-Aquatic-19-Stingaree-1200.jpg,0.038186874240636826
SINet/S2C,COD10K-CAM-1-Aquatic-19-Stingaree-1201.jpg,0.028297390788793564
SINet/S2C,COD10K-CAM-1-Aquatic-19-Stingaree-1202.jpg,0.029075853526592255
SINet/S2C,COD10K-CAM-1-Aquatic-19-Stingaree-1205.jpg,0.011852762661874294
SINet/S2C,COD10K-CAM-1-Aquatic-19-Stingaree-1206.jpg,0.011442895978689194
SINet/S2C,COD10K-CAM-1-Aquatic-2-ClownFish-12.jpg,0.03273143619298935
SINet/S2C,COD10K-CAM-1-Aquatic-2-ClownFish-14.jpg,0.17162004113197327
SINet/S2C,COD10K-CAM-1-Aquatic-2-ClownFish-16.jpg,0.09196958690881729
SINet/S2C,COD10K-CAM-1-Aquatic-2-ClownFish-17.jpg,0.2103957086801529
SINet/S2C,COD10K-CAM-1-Aquatic-20-Turtle-1208.jpg,0.019909216091036797
SINet/S2C,COD10K-CAM-1-Aquatic-20-Turtle-1209.jpg,0.03099038079380989
SINet/S2C,COD10K-CAM-1-Aquatic-20-Turtle-1210.jpg,0.08651608228683472
SINet/S2C,COD10K-CAM-1-Aquatic-20-Turtle-1211.jpg,0.015327326953411102
SINet/S2C,COD10K-CAM-1-Aquatic-20-Turtle-1212.jpg,0.016531802713871002
SINet/S2C,COD10K-CAM-1-Aquatic-20-Turtle-1213.jpg,0.013830970972776413
SINet/S2C,COD10K-CAM-1-Aquatic-20-Turtle-1214.jpg,0.03194577246904373
SINet/S2C,COD10K-CAM-1-Aquatic-20-Turtle-1215.jpg,0.029956528916954994
SINet/S2C,COD10K-CAM-1-Aquatic-20-Turtle-1216.jpg,0.020043736323714256
SINet/S2C,COD10K-CAM-1-Aquatic-20-Turtle-1217.jpg,0.010677700862288475
SINet/S2C,COD10K-CAM-1-Aquatic-20-Turtle-1218.jpg,0.026050560176372528
SINet/S2C,COD10K-CAM-1-Aquatic-20-Turtle-1219.jpg,0.02130286395549774
SINet/S2C,COD10K-CAM-1-Aquatic-20-Turtle-1220.jpg,0.061099499464035034
SINet/S2C,COD10K-CAM-1-Aquatic-20-Turtle-1222.jpg,0.0264287032186985
SINet/S2C,COD10K-CAM-1-Aquatic-20-Turtle-1223.jpg,0.04642661660909653
SINet/S2C,COD10K-CAM-1-Aquatic-20-Turtle-1226.jpg,0.020765796303749084
SINet/S2C,COD10K-CAM-1-Aquatic-20-Turtle-1227.jpg,0.024356577545404434
SINet/S2C,COD10K-CAM-1-Aquatic-20-Turtle-1228.jpg,0.04638831317424774
SINet/S2C,COD10K-CAM-1-Aquatic-20-Turtle-1229.jpg,0.016657628118991852
SINet/S2C,COD10K-CAM-1-Aquatic-20-Turtle-1230.jpg,0.013260033912956715
SINet/S2C,COD10K-CAM-1-Aquatic-20-Turtle-1232.jpg,0.027878470718860626
SINet/S2C,COD10K-CAM-1-Aquatic-3-Crab-100.jpg,0.012878223322331905
SINet/S2C,COD10K-CAM-1-Aquatic-3-Crab-19.jpg,0.02849864587187767
SINet/S2C,COD10K-CAM-1-Aquatic-3-Crab-20.jpg,0.039590124040842056
SINet/S2C,COD10K-CAM-1-Aquatic-3-Crab-21.jpg,0.013536588288843632
SINet/S2C,COD10K-CAM-1-Aquatic-3-Crab-22.jpg,0.008963020518422127
SINet/S2C,COD10K-CAM-1-Aquatic-3-Crab-25.jpg,0.023624202236533165
SINet/S2C,COD10K-CAM-1-Aquatic-3-Crab-26.jpg,0.027523983269929886
SINet/S2C,COD10K-CAM-1-Aquatic-3-Crab-27.jpg,0.01417183130979538
SINet/S2C,COD10K-CAM-1-Aquatic-3-Crab-28.jpg,0.029478807002305984
SINet/S2C,COD10K-CAM-1-Aquatic-3-Crab-29.jpg,0.009414938278496265
SINet/S2C,COD10K-CAM-1-Aquatic-3-Crab-32.jpg,0.007044099271297455
SINet/S2C,COD10K-CAM-1-Aquatic-3-Crab-36.jpg,0.017962565645575523
SINet/S2C,COD10K-CAM-1-Aquatic-3-Crab-41.jpg,0.007859133183956146
SINet/S2C,COD10K-CAM-1-Aquatic-3-Crab-42.jpg,0.10810530930757523
SINet/S2C,COD10K-CAM-1-Aquatic-3-Crab-44.jpg,0.030492272228002548
SINet/S2C,COD10K-CAM-1-Aquatic-3-Crab-47.jpg,0.07552341371774673
SINet/S2C,COD10K-CAM-1-Aquatic-3-Crab-48.jpg,0.013803625479340553
SINet/S2C,COD10K-CAM-1-Aquatic-3-Crab-49.jpg,0.013405391946434975
SINet/S2C,COD10K-CAM-1-Aquatic-3-Crab-51.jpg,0.02172912284731865
SINet/S2C,COD10K-CAM-1-Aquatic-3-Crab-52.jpg,0.016150157898664474
SINet/S2C,COD10K-CAM-1-Aquatic-3-Crab-53.jpg,0.006391621194779873
SINet/S2C,COD10K-CAM-1-Aquatic-3-Crab-55.jpg,0.01654418185353279
SINet/S2C,COD10K-CAM-1-Aquatic-3-Crab-56.jpg,0.013392504304647446
SINet/S2C,COD10K-CAM-1-Aquatic-3-Crab-57.jpg,0.02419751137495041
SINet/S2C,COD10K-CAM-1-Aquatic-3-Crab-59.jpg,0.03167349472641945
SINet/S2C,COD10K-CAM-1-Aquatic-3-Crab-60.jpg,0.018422581255435944
SINet/S2C,COD10K-CAM-1-Aquatic-3-Crab-61.jpg,0.012268079444766045
SINet/S2C,COD10K-CAM-1-Aquatic-3-Crab-63.jpg,0.011272752657532692
SINet/S2C,COD10K-CAM-1-Aquatic-3-Crab-64.jpg,0.011157752946019173
SINet/S2C,COD10K-CAM-1-Aquatic-3-Crab-66.jpg,0.02955716848373413
SINet/S2C,COD10K-CAM-1-Aquatic-3-Crab-68.jpg,0.024572785943746567
SINet/S2C,COD10K-CAM-1-Aquatic-3-Crab-69.jpg,0.014952477067708969
SINet/S2C,COD10K-CAM-1-Aquatic-3-Crab-70.jpg,0.018893379718065262
SINet/S2C,COD10K-CAM-1-Aquatic-3-Crab-72.jpg,0.039395228028297424
SINet/S2C,COD10K-CAM-1-Aquatic-3-Crab-74.jpg,0.009464982897043228
SINet/S2C,COD10K-CAM-1-Aquatic-3-Crab-75.jpg,0.006097153294831514
SINet/S2C,COD10K-CAM-1-Aquatic-3-Crab-76.jpg,0.012999732047319412
SINet/S2C,COD10K-CAM-1-Aquatic-3-Crab-77.jpg,0.025415554642677307
SINet/S2C,COD10K-CAM-1-Aquatic-3-Crab-78.jpg,0.019669044762849808
SINet/S2C,COD10K-CAM-1-Aquatic-3-Crab-79.jpg,0.009319968521595001
SINet/S2C,COD10K-CAM-1-Aquatic-3-Crab-80.jpg,0.06243700534105301
SINet/S2C,COD10K-CAM-1-Aquatic-3-Crab-81.jpg,0.011333104223012924
SINet/S2C,COD10K-CAM-1-Aquatic-3-Crab-82.jpg,0.009811632335186005
SINet/S2C,COD10K-CAM-1-Aquatic-3-Crab-83.jpg,0.04559587687253952
SINet/S2C,COD10K-CAM-1-Aquatic-3-Crab-84.jpg,0.038714490830898285
SINet/S2C,COD10K-CAM-1-Aquatic-3-Crab-85.jpg,0.01902865618467331
SINet/S2C,COD10K-CAM-1-Aquatic-3-Crab-90.jpg,0.02157270722091198
SINet/S2C,COD10K-CAM-1-Aquatic-3-Crab-91.jpg,0.011899396777153015
SINet/S2C,COD10K-CAM-1-Aquatic-3-Crab-92.jpg,0.05411351099610329
SINet/S2C,COD10K-CAM-1-Aquatic-3-Crab-94.jpg,0.030791621655225754
SINet/S2C,COD10K-CAM-1-Aquatic-3-Crab-95.jpg,0.12982793152332306
SINet/S2C,COD10K-CAM-1-Aquatic-3-Crab-97.jpg,0.1181304007768631
SINet/S2C,COD10K-CAM-1-Aquatic-3-Crab-98.jpg,0.10738110542297363
SINet/S2C,COD10K-CAM-1-Aquatic-4-Crocodile-101.jpg,0.07491708546876907
SINet/S2C,COD10K-CAM-1-Aquatic-4-Crocodile-102.jpg,0.027403000742197037
SINet/S2C,COD10K-CAM-1-Aquatic-4-Crocodile-103.jpg,0.01408301293849945
SINet/S2C,COD10K-CAM-1-Aquatic-4-Crocodile-104.jpg,0.03146813437342644
SINet/S2C,COD10K-CAM-1-Aquatic-4-Crocodile-106.jpg,0.010039573535323143
SINet/S2C,COD10K-CAM-1-Aquatic-4-Crocodile-107.jpg,0.012844936922192574
SINet/S2C,COD10K-CAM-1-Aquatic-4-Crocodile-108.jpg,0.026265718042850494
SINet/S2C,COD10K-CAM-1-Aquatic-4-Crocodile-109.jpg,0.009637510403990746
SINet/S2C,COD10K-CAM-1-Aquatic-4-Crocodile-111.jpg,0.07431527972221375
SINet/S2C,COD10K-CAM-1-Aquatic-4-Crocodile-112.jpg,0.04104778170585632
SINet/S2C,COD10K-CAM-1-Aquatic-4-Crocodile-113.jpg,0.009080061689019203
SINet/S2C,COD10K-CAM-1-Aquatic-4-Crocodile-116.jpg,0.010300369933247566
SINet/S2C,COD10K-CAM-1-Aquatic-4-Crocodile-117.jpg,0.021661845967173576
SINet/S2C,COD10K-CAM-1-Aquatic-4-Crocodile-120.jpg,0.010206946171820164
SINet/S2C,COD10K-CAM-1-Aquatic-4-Crocodile-121.jpg,0.009274422191083431
SINet/S2C,COD10K-CAM-1-Aquatic-4-Crocodile-122.jpg,0.04128710925579071
SINet/S2C,COD10K-CAM-1-Aquatic-4-Crocodile-124.jpg,0.00984656997025013
SINet/S2C,COD10K-CAM-1-Aquatic-5-CrocodileFish-127.jpg,0.04372778534889221
SINet/S2C,COD10K-CAM-1-Aquatic-5-CrocodileFish-128.jpg,0.05792706087231636
SINet/S2C,COD10K-CAM-1-Aquatic-5-CrocodileFish-129.jpg,0.0443984754383564
SINet/S2C,COD10K-CAM-1-Aquatic-5-CrocodileFish-130.jpg,0.06657791882753372
SINet/S2C,COD10K-CAM-1-Aquatic-6-Fish-132.jpg,0.034838806837797165
SINet/S2C,COD10K-CAM-1-Aquatic-6-Fish-133.jpg,0.020699314773082733
SINet/S2C,COD10K-CAM-1-Aquatic-6-Fish-137.jpg,0.03859085217118263
SINet/S2C,COD10K-CAM-1-Aquatic-6-Fish-140.jpg,0.013681295327842236
SINet/S2C,COD10K-CAM-1-Aquatic-6-Fish-141.jpg,0.06957907974720001
SINet/S2C,COD10K-CAM-1-Aquatic-6-Fish-142.jpg,0.022710708901286125
SINet/S2C,COD10K-CAM-1-Aquatic-6-Fish-144.jpg,0.03340243548154831
SINet/S2C,COD10K-CAM-1-Aquatic-6-Fish-145.jpg,0.022204656153917313
SINet/S2C,COD10K-CAM-1-Aquatic-6-Fish-146.jpg,0.045603953301906586
SINet/S2C,COD10K-CAM-1-Aquatic-6-Fish-147.jpg,0.01261533796787262
SINet/S2C,COD10K-CAM-1-Aquatic-6-Fish-148.jpg,0.013530843891203403
SINet/S2C,COD10K-CAM-1-Aquatic-6-Fish-151.jpg,0.01379757933318615
SINet/S2C,COD10K-CAM-1-Aquatic-6-Fish-152.jpg,0.007302162237465382
SINet/S2C,COD10K-CAM-1-Aquatic-6-Fish-153.jpg,0.047455012798309326
SINet/S2C,COD10K-CAM-1-Aquatic-6-Fish-154.jpg,0.020485207438468933
SINet/S2C,COD10K-CAM-1-Aquatic-6-Fish-156.jpg,0.02604043483734131
SINet/S2C,COD10K-CAM-1-Aquatic-6-Fish-158.jpg,0.07128321379423141
SINet/S2C,COD10K-CAM-1-Aquatic-6-Fish-161.jpg,0.021806536242365837
SINet/S2C,COD10K-CAM-1-Aquatic-6-Fish-164.jpg,0.027570972219109535
SINet/S2C,COD10K-CAM-1-Aquatic-6-Fish-165.jpg,0.054828792810440063
SINet/S2C,COD10K-CAM-1-Aquatic-6-Fish-166.jpg,0.023431124165654182
SINet/S2C,COD10K-CAM-1-Aquatic-6-Fish-167.jpg,0.04229781776666641
SINet/S2C,COD10K-CAM-1-Aquatic-6-Fish-169.jpg,0.013389265164732933
SINet/S2C,COD10K-CAM-1-Aquatic-6-Fish-170.jpg,0.02016780897974968
SINet/S2C,COD10K-CAM-1-Aquatic-6-Fish-172.jpg,0.028518948704004288
SINet/S2C,COD10K-CAM-1-Aquatic-6-Fish-173.jpg,0.03072747401893139
SINet/S2C,COD10K-CAM-1-Aquatic-6-Fish-175.jpg,0.03636336326599121
SINet/S2C,COD10K-CAM-1-Aquatic-6-Fish-176.jpg,0.06164136156439781
SINet/S2C,COD10K-CAM-1-Aquatic-6-Fish-177.jpg,0.009673100896179676
SINet/S2C,COD10K-CAM-1-Aquatic-6-Fish-178.jpg,0.01784735918045044
SINet/S2C,COD10K-CAM-1-Aquatic-6-Fish-179.jpg,0.1463727056980133
SINet/S2C,COD10K-CAM-1-Aquatic-6-Fish-180.jpg,0.01635172590613365
SINet/S2C,COD10K-CAM-1-Aquatic-6-Fish-181.jpg,0.02682582288980484
SINet/S2C,COD10K-CAM-1-Aquatic-6-Fish-182.jpg,0.015412436798214912
SINet/S2C,COD10K-CAM-1-Aquatic-6-Fish-184.jpg,0.028028585016727448
SINet/S2C,COD10K-CAM-1-Aquatic-6-Fish-185.jpg,0.031736575067043304
SINet/S2C,COD10K-CAM-1-Aquatic-6-Fish-187.jpg,0.08717873692512512
SINet/S2C,COD10K-CAM-1-Aquatic-6-Fish-188.jpg,0.03271350637078285
SINet/S2C,COD10K-CAM-1-Aquatic-6-Fish-192.jpg,0.021678294986486435
SINet/S2C,COD10K-CAM-1-Aquatic-6-Fish-194.jpg,0.05929289758205414
SINet/S2C,COD10K-CAM-1-Aquatic-6-Fish-195.jpg,0.02457842044532299
SINet/S2C,COD10K-CAM-1-Aquatic-6-Fish-198.jpg,0.03694023936986923
SINet/S2C,COD10K-CAM-1-Aquatic-6-Fish-199.jpg,0.03616577386856079
SINet/S2C,COD10K-CAM-1-Aquatic-6-Fish-200.jpg,0.01361565850675106
SINet/S2C,COD10K-CAM-1-Aquatic-6-Fish-201.jpg,0.023209432139992714
SINet/S2C,COD10K-CAM-1-Aquatic-6-Fish-202.jpg,0.08931274712085724
SINet/S2C,COD10K-CAM-1-Aquatic-6-Fish-205.jpg,0.020556511357426643
SINet/S2C,COD10K-CAM-1-Aquatic-6-Fish-206.jpg,0.022452175617218018
SINet/S2C,COD10K-CAM-1-Aquatic-6-Fish-208.jpg,0.019571052864193916
SINet/S2C,COD10K-CAM-1-Aquatic-6-Fish-209.jpg,0.03173146769404411
SINet/S2C,COD10K-CAM-1-Aquatic-6-Fish-210.jpg,0.019988860934972763
SINet/S2C,COD10K-CAM-1-Aquatic-6-Fish-211.jpg,0.013888342306017876
SINet/S2C,COD10K-CAM-1-Aquatic-6-Fish-212.jpg,0.04201696068048477
SINet/S2C,COD10K-CAM-1-Aquatic-6-Fish-213.jpg,0.02996901050209999
SINet/S2C,COD10K-CAM-1-Aquatic-6-Fish-214.jpg,0.0239204540848732
SINet/S2C,COD10K-CAM-1-Aquatic-6-Fish-216.jpg,0.016502108424901962
SINet/S2C,COD10K-CAM-1-Aquatic-6-Fish-217.jpg,0.00934024341404438
SINet/S2C,COD10K-CAM-1-Aquatic-6-Fish-223.jpg,0.013203423470258713
SINet/S2C,COD10K-CAM-1-Aquatic-6-Fish-226.jpg,0.017443984746932983
SINet/S2C,COD10K-CAM-1-Aquatic-6-Fish-229.jpg,0.026991084218025208
SINet/S2C,COD10K-CAM-1-Aquatic-6-Fish-232.jpg,0.03731497749686241
SINet/S2C,COD10K-CAM-1-Aquatic-6-Fish-233.jpg,0.024271462112665176
SINet/S2C,COD10K-CAM-1-Aquatic-6-Fish-234.jpg,0.030890386551618576
SINet/S2C,COD10K-CAM-1-Aquatic-6-Fish-236.jpg,0.01623707078397274
SINet/S2C,COD10K-CAM-1-Aquatic-6-Fish-237.jpg,0.015437229536473751
SINet/S2C,COD10K-CAM-1-Aquatic-6-Fish-238.jpg,0.018108071759343147
SINet/S2C,COD10K-CAM-1-Aquatic-6-Fish-239.jpg,0.0223739892244339
SINet/S2C,COD10K-CAM-1-Aquatic-6-Fish-240.jpg,0.0222993865609169
SINet/S2C,COD10K-CAM-1-Aquatic-6-Fish-241.jpg,0.030371882021427155
SINet/S2C,COD10K-CAM-1-Aquatic-6-Fish-244.jpg,0.01951783150434494
SINet/S2C,COD10K-CAM-1-Aquatic-7-Flounder-251.jpg,0.044484443962574005
SINet/S2C,COD10K-CAM-1-Aquatic-7-Flounder-252.jpg,0.025007404386997223
SINet/S2C,COD10K-CAM-1-Aquatic-7-Flounder-255.jpg,0.05750857666134834
SINet/S2C,COD10K-CAM-1-Aquatic-7-Flounder-256.jpg,0.035623665899038315
SINet/S2C,COD10K-CAM-1-Aquatic-7-Flounder-257.jpg,0.011028903536498547
SINet/S2C,COD10K-CAM-1-Aquatic-7-Flounder-260.jpg,0.026688195765018463
SINet/S2C,COD10K-CAM-1-Aquatic-7-Flounder-261.jpg,0.032047975808382034
SINet/S2C,COD10K-CAM-1-Aquatic-7-Flounder-263.jpg,0.036449529230594635
SINet/S2C,COD10K-CAM-1-Aquatic-7-Flounder-265.jpg,0.03062027506530285
SINet/S2C,COD10K-CAM-1-Aquatic-7-Flounder-267.jpg,0.2181946039199829
SINet/S2C,COD10K-CAM-1-Aquatic-7-Flounder-268.jpg,0.03657941892743111
SINet/S2C,COD10K-CAM-1-Aquatic-7-Flounder-269.jpg,0.017955128103494644
SINet/S2C,COD10K-CAM-1-Aquatic-7-Flounder-271.jpg,0.015544758178293705
SINet/S2C,COD10K-CAM-1-Aquatic-7-Flounder-273.jpg,0.017200380563735962
SINet/S2C,COD10K-CAM-1-Aquatic-7-Flounder-274.jpg,0.06038579344749451
SINet/S2C,COD10K-CAM-1-Aquatic-7-Flounder-275.jpg,0.06302160769701004
SINet/S2C,COD10K-CAM-1-Aquatic-7-Flounder-276.jpg,0.016344662755727768
SINet/S2C,COD10K-CAM-1-Aquatic-7-Flounder-278.jpg,0.019374899566173553
SINet/S2C,COD10K-CAM-1-Aquatic-7-Flounder-279.jpg,0.007362660951912403
SINet/S2C,COD10K-CAM-1-Aquatic-7-Flounder-280.jpg,0.020853398367762566
SINet/S2C,COD10K-CAM-1-Aquatic-7-Flounder-281.jpg,0.023315543308854103
SINet/S2C,COD10K-CAM-1-Aquatic-7-Flounder-282.jpg,0.07423365116119385
SINet/S2C,COD10K-CAM-1-Aquatic-7-Flounder-285.jpg,0.013789969496428967
SINet/S2C,COD10K-CAM-1-Aquatic-7-Flounder-288.jpg,0.03127796947956085
SINet/S2C,COD10K-CAM-1-Aquatic-8-FrogFish-293.jpg,0.011099093593657017
SINet/S2C,COD10K-CAM-1-Aquatic-8-FrogFish-294.jpg,0.027941282838582993
SINet/S2C,COD10K-CAM-1-Aquatic-8-FrogFish-298.jpg,0.03013463504612446
SINet/S2C,COD10K-CAM-1-Aquatic-8-FrogFish-300.jpg,0.022596325725317
SINet/S2C,COD10K-CAM-1-Aquatic-8-FrogFish-301.jpg,0.023595429956912994
SINet/S2C,COD10K-CAM-1-Aquatic-8-FrogFish-302.jpg,0.016383493319153786
SINet/S2C,COD10K-CAM-1-Aquatic-8-FrogFish-304.jpg,0.02761724963784218
SINet/S2C,COD10K-CAM-1-Aquatic-9-GhostPipefish-308.jpg,0.04509233683347702
SINet/S2C,COD10K-CAM-1-Aquatic-9-GhostPipefish-310.jpg,0.10576553642749786
SINet/S2C,COD10K-CAM-1-Aquatic-9-GhostPipefish-311.jpg,0.023348677903413773
SINet/S2C,COD10K-CAM-1-Aquatic-9-GhostPipefish-313.jpg,0.04416052997112274
SINet/S2C,COD10K-CAM-1-Aquatic-9-GhostPipefish-314.jpg,0.10598883032798767
SINet/S2C,COD10K-CAM-1-Aquatic-9-GhostPipefish-316.jpg,0.048705074936151505
SINet/S2C,COD10K-CAM-1-Aquatic-9-GhostPipefish-317.jpg,0.06261854618787766
SINet/S2C,COD10K-CAM-1-Aquatic-9-GhostPipefish-319.jpg,0.048847928643226624
SINet/S2C,COD10K-CAM-1-Aquatic-9-GhostPipefish-320.jpg,0.1184864193201065
SINet/S2C,COD10K-CAM-1-Aquatic-9-GhostPipefish-321.jpg,0.024355944246053696
SINet/S2C,COD10K-CAM-1-Aquatic-9-GhostPipefish-324.jpg,0.030017100274562836
SINet/S2C,COD10K-CAM-1-Aquatic-9-GhostPipefish-325.jpg,0.03929077833890915
SINet/S2C,COD10K-CAM-1-Aquatic-9-GhostPipefish-328.jpg,0.04560333490371704
SINet/S2C,COD10K-CAM-1-Aquatic-9-GhostPipefish-329.jpg,0.01911660097539425
SINet/S2C,COD10K-CAM-1-Aquatic-9-GhostPipefish-330.jpg,0.10475748777389526
SINet/S2C,COD10K-CAM-1-Aquatic-9-GhostPipefish-331.jpg,0.027886349707841873
SINet/S2C,COD10K-CAM-1-Aquatic-9-GhostPipefish-332.jpg,0.04998601973056793
SINet/S2C,COD10K-CAM-1-Aquatic-9-GhostPipefish-335.jpg,0.026665963232517242
SINet/S2C,COD10K-CAM-1-Aquatic-9-GhostPipefish-336.jpg,0.02609735168516636
SINet/S2C,COD10K-CAM-1-Aquatic-9-GhostPipefish-337.jpg,0.053637340664863586
SINet/S2C,COD10K-CAM-1-Aquatic-9-GhostPipefish-338.jpg,0.031328488141298294
SINet/S2C,COD10K-CAM-1-Aquatic-9-GhostPipefish-340.jpg,0.04254131019115448
SINet/S2C,COD10K-CAM-1-Aquatic-9-GhostPipefish-341.jpg,0.042459674179553986
SINet/S2C,COD10K-CAM-1-Aquatic-9-GhostPipefish-342.jpg,0.03279067948460579
SINet/S2C,COD10K-CAM-1-Aquatic-9-GhostPipefish-343.jpg,0.024848807603120804
SINet/S2C,COD10K-CAM-1-Aquatic-9-GhostPipefish-344.jpg,0.02865726128220558
SINet/S2C,COD10K-CAM-1-Aquatic-9-GhostPipefish-345.jpg,0.05225777253508568
SINet/S2C,COD10K-CAM-1-Aquatic-9-GhostPipefish-351.jpg,0.03653186559677124
SINet/S2C,COD10K-CAM-1-Aquatic-9-GhostPipefish-352.jpg,0.02933833748102188
SINet/S2C,COD10K-CAM-1-Aquatic-9-GhostPipefish-354.jpg,0.027861883863806725
SINet/S2C,COD10K-CAM-1-Aquatic-9-GhostPipefish-355.jpg,0.0509704053401947
SINet/S2C,COD10K-CAM-1-Aquatic-9-GhostPipefish-356.jpg,0.06405062973499298
SINet/S2C,COD10K-CAM-1-Aquatic-9-GhostPipefish-357.jpg,0.0500195249915123
SINet/S2C,COD10K-CAM-1-Aquatic-9-GhostPipefish-358.jpg,0.06818104535341263
SINet/S2C,COD10K-CAM-1-Aquatic-9-GhostPipefish-360.jpg,0.05728400498628616
SINet/S2C,COD10K-CAM-1-Aquatic-9-GhostPipefish-361.jpg,0.030872410163283348
SINet/S2C,COD10K-CAM-1-Aquatic-9-GhostPipefish-362.jpg,0.03516409546136856
SINet/S2C,COD10K-CAM-1-Aquatic-9-GhostPipefish-363.jpg,0.03175493702292442
SINet/S2C,COD10K-CAM-1-Aquatic-9-GhostPipefish-364.jpg,0.022760191932320595
SINet/S2C,COD10K-CAM-1-Aquatic-9-GhostPipefish-365.jpg,0.05007598549127579
SINet/S2C,COD10K-CAM-1-Aquatic-9-GhostPipefish-366.jpg,0.019281920045614243
SINet/S2C,COD10K-CAM-1-Aquatic-9-GhostPipefish-367.jpg,0.05373966693878174
SINet/S2C,COD10K-CAM-1-Aquatic-9-GhostPipefish-368.jpg,0.05718648433685303
SINet/S2C,COD10K-CAM-1-Aquatic-9-GhostPipefish-371.jpg,0.06768462806940079
SINet/S2C,COD10K-CAM-1-Aquatic-9-GhostPipefish-373.jpg,0.033300284296274185
SINet/S2C,COD10K-CAM-1-Aquatic-9-GhostPipefish-374.jpg,0.04823971167206764
SINet/S2C,COD10K-CAM-1-Aquatic-9-GhostPipefish-375.jpg,0.02225504443049431
SINet/S2C,COD10K-CAM-1-Aquatic-9-GhostPipefish-376.jpg,0.07468237727880478
SINet/S2C,COD10K-CAM-1-Aquatic-9-GhostPipefish-378.jpg,0.019775129854679108
SINet/S2C,COD10K-CAM-1-Aquatic-9-GhostPipefish-386.jpg,0.09874163568019867
SINet/S2C,COD10K-CAM-1-Aquatic-9-GhostPipefish-387.jpg,0.03489169105887413
SINet/S2C,COD10K-CAM-1-Aquatic-9-GhostPipefish-388.jpg,0.03398595750331879
SINet/S2C,COD10K-CAM-1-Aquatic-9-GhostPipefish-389.jpg,0.0340505912899971
SINet/S2C,COD10K-CAM-1-Aquatic-9-GhostPipefish-392.jpg,0.041342347860336304
SINet/S2C,COD10K-CAM-1-Aquatic-9-GhostPipefish-393.jpg,0.03435391187667847
SINet/S2C,COD10K-CAM-1-Aquatic-9-GhostPipefish-394.jpg,0.07022382318973541
SINet/S2C,COD10K-CAM-1-Aquatic-9-GhostPipefish-396.jpg,0.10873778909444809
SINet/S2C,COD10K-CAM-1-Aquatic-9-GhostPipefish-398.jpg,0.07600714266300201
SINet/S2C,COD10K-CAM-1-Aquatic-9-GhostPipefish-400.jpg,0.01089678518474102
SINet/S2C,COD10K-CAM-1-Aquatic-9-GhostPipefish-401.jpg,0.03300454840064049
SINet/S2C,COD10K-CAM-1-Aquatic-9-GhostPipefish-404.jpg,0.053503476083278656
SINet/S2C,COD10K-CAM-1-Aquatic-9-GhostPipefish-405.jpg,0.02904348447918892
SINet/S2C,COD10K-CAM-1-Aquatic-9-GhostPipefish-408.jpg,0.07214029878377914
SINet/S2C,COD10K-CAM-1-Aquatic-9-GhostPipefish-410.jpg,0.05897348374128342
SINet/S2C,COD10K-CAM-1-Aquatic-9-GhostPipefish-412.jpg,0.053161006420850754
SINet/S2C,COD10K-CAM-1-Aquatic-9-GhostPipefish-413.jpg,0.028262296691536903
SINet/S2C,COD10K-CAM-1-Aquatic-9-GhostPipefish-414.jpg,0.029722828418016434
SINet/S2C,COD10K-CAM-2-Terrestrial-21-Ant-1234.jpg,0.017071222886443138
SINet/S2C,COD10K-CAM-2-Terrestrial-21-Ant-1235.jpg,0.024834908545017242
SINet/S2C,COD10K-CAM-2-Terrestrial-21-Ant-1236.jpg,0.04822902753949165
SINet/S2C,COD10K-CAM-2-Terrestrial-21-Ant-1237.jpg,0.1089654266834259
SINet/S2C,COD10K-CAM-2-Terrestrial-21-Ant-1239.jpg,0.01270732469856739
SINet/S2C,COD10K-CAM-2-Terrestrial-21-Ant-1242.jpg,0.013011787086725235
SINet/S2C,COD10K-CAM-2-Terrestrial-21-Ant-1244.jpg,0.007841571234166622
SINet/S2C,COD10K-CAM-2-Terrestrial-21-Ant-1245.jpg,0.023687787353992462
SINet/S2C,COD10K-CAM-2-Terrestrial-21-Ant-1248.jpg,0.021424245089292526
SINet/S2C,COD10K-CAM-2-Terrestrial-21-Ant-1250.jpg,0.01481846533715725
SINet/S2C,COD10K-CAM-2-Terrestrial-21-Ant-1252.jpg,0.04878003150224686
SINet/S2C,COD10K-CAM-2-Terrestrial-21-Ant-1253.jpg,0.014910045079886913
SINet/S2C,COD10K-CAM-2-Terrestrial-21-Ant-1254.jpg,0.05459384620189667
SINet/S2C,COD10K-CAM-2-Terrestrial-21-Ant-1255.jpg,0.024176958948373795
SINet/S2C,COD10K-CAM-2-Terrestrial-21-Ant-1256.jpg,0.06524823606014252
SINet/S2C,COD10K-CAM-2-Terrestrial-21-Ant-1258.jpg,0.034305389970541
SINet/S2C,COD10K-CAM-2-Terrestrial-22-Bug-1259.jpg,0.042883045971393585
SINet/S2C,COD10K-CAM-2-Terrestrial-22-Bug-1261.jpg,0.024727053940296173
SINet/S2C,COD10K-CAM-2-Terrestrial-22-Bug-1264.jpg,0.02812906540930271
SINet/S2C,COD10K-CAM-2-Terrestrial-22-Bug-1265.jpg,0.019503263756632805
SINet/S2C,COD10K-CAM-2-Terrestrial-22-Bug-1266.jpg,0.010054980404675007
SINet/S2C,COD10K-CAM-2-Terrestrial-22-Bug-1269.jpg,0.04107704013586044
SINet/S2C,COD10K-CAM-2-Terrestrial-22-Bug-1275.jpg,0.01614808663725853
SINet/S2C,COD10K-CAM-2-Terrestrial-22-Bug-1279.jpg,0.018401293084025383
SINet/S2C,COD10K-CAM-2-Terrestrial-22-Bug-1280.jpg,0.01899821124970913
SINet/S2C,COD10K-CAM-2-Terrestrial-22-Bug-1287.jpg,0.024996813386678696
SINet/S2C,COD10K-CAM-2-Terrestrial-22-Bug-1288.jpg,0.010527309030294418
SINet/S2C,COD10K-CAM-2-Terrestrial-22-Bug-1290.jpg,0.04128654673695564
SINet/S2C,COD10K-CAM-2-Terrestrial-22-Bug-1292.jpg,0.022731173783540726
SINet/S2C,COD10K-CAM-2-Terrestrial-22-Bug-1294.jpg,0.03994069620966911
SINet/S2C,COD10K-CAM-2-Terrestrial-22-Bug-1295.jpg,0.05087811499834061
SINet/S2C,COD10K-CAM-2-Terrestrial-22-Bug-1296.jpg,0.010163165628910065
SINet/S2C,COD10K-CAM-2-Terrestrial-22-Bug-1297.jpg,0.017351429909467697
SINet/S2C,COD10K-CAM-2-Terrestrial-23-Cat-1298.jpg,0.022778213024139404
SINet/S2C,COD10K-CAM-2-Terrestrial-23-Cat-1302.jpg,0.028826797381043434
SINet/S2C,COD10K-CAM-2-Terrestrial-23-Cat-1303.jpg,0.019985269755125046
SINet/S2C,COD10K-CAM-2-Terrestrial-23-Cat-1305.jpg,0.06255977600812912
SINet/S2C,COD10K-CAM-2-Terrestrial-23-Cat-1306.jpg,0.030224405229091644
SINet/S2C,COD10K-CAM-2-Terrestrial-23-Cat-1307.jpg,0.01995907537639141
SINet/S2C,COD10K-CAM-2-Terrestrial-23-Cat-1308.jpg,0.016602208837866783
SINet/S2C,COD10K-CAM-2-Terrestrial-23-Cat-1309.jpg,0.014675346203148365
SINet/S2C,COD10K-CAM-2-Terrestrial-23-Cat-1311.jpg,0.0165611170232296
SINet/S2C,COD10K-CAM-2-Terrestrial-23-Cat-1312.jpg,0.011292435228824615
SINet/S2C,COD10K-CAM-2-Terrestrial-23-Cat-1313.jpg,0.14855191111564636
SINet/S2C,COD10K-CAM-2-Terrestrial-23-Cat-1314.jpg,0.05381632596254349
SINet/S2C,COD10K-CAM-2-Terrestrial-23-Cat-1315.jpg,0.026090586557984352
SINet/S2C,COD10K-CAM-2-Terrestrial-23-Cat-1316.jpg,0.018004894256591797
SINet/S2C,COD10K-CAM-2-Terrestrial-23-Cat-1317.jpg,0.026454966515302658
SINet/S2C,COD10K-CAM-2-Terrestrial-23-Cat-1318.jpg,0.008925489149987698
SINet/S2C,COD10K-CAM-2-Terrestrial-23-Cat-1319.jpg,0.03566059097647667
SINet/S2C,COD10K-CAM-2-Terrestrial-23-Cat-1321.jpg,0.026568468660116196
SINet/S2C,COD10K-CAM-2-Terrestrial-23-Cat-1322.jpg,0.15708620846271515
SINet/S2C,COD10K-CAM-2-Terrestrial-23-Cat-1323.jpg,0.03540961071848869
SINet/S2C,COD10K-CAM-2-Terrestrial-23-Cat-1324.jpg,0.014447629451751709
SINet/S2C,COD10K-CAM-2-Terrestrial-23-Cat-1326.jpg,0.01152939535677433
SINet/S2C,COD10K-CAM-2-Terrestrial-23-Cat-1332.jpg,0.01565810665488243
SINet/S2C,COD10K-CAM-2-Terrestrial-23-Cat-1334.jpg,0.02104213275015354
SINet/S2C,COD10K-CAM-2-Terrestrial-23-Cat-1335.jpg,0.04303348436951637
SINet/S2C,COD10K-CAM-2-Terrestrial-23-Cat-1336.jpg,0.019230738282203674
SINet/S2C,COD10K-CAM-2-Terrestrial-23-Cat-1338.jpg,0.010307932272553444
SINet/S2C,COD10K-CAM-2-Terrestrial-23-Cat-1340.jpg,0.03682230785489082
SINet/S2C,COD10K-CAM-2-Terrestrial-23-Cat-1341.jpg,0.032427094876766205
SINet/S2C,COD10K-CAM-2-Terrestrial-23-Cat-1342.jpg,0.010772798210382462
SINet/S2C,COD10K-CAM-2-Terrestrial-23-Cat-1343.jpg,0.022243766114115715
SINet/S2C,COD10K-CAM-2-Terrestrial-23-Cat-1345.jpg,0.01827552355825901
SINet/S2C,COD10K-CAM-2-Terrestrial-23-Cat-1346.jpg,0.018896559253335
SINet/S2C,COD10K-CAM-2-Terrestrial-23-Cat-1347.jpg,0.021491682156920433
SINet/S2C,COD10K-CAM-2-Terrestrial-23-Cat-1348.jpg,0.022759921848773956
SINet/S2C,COD10K-CAM-2-Terrestrial-23-Cat-1349.jpg,0.11384935677051544
SINet/S2C,COD10K-CAM-2-Terrestrial-23-Cat-1351.jpg,0.15435925126075745
SINet/S2C,COD10K-CAM-2-Terrestrial-23-Cat-1353.jpg,0.022173989564180374
SINet/S2C,COD10K-CAM-2-Terrestrial-23-Cat-1354.jpg,0.008473698981106281
SINet/S2C,COD10K-CAM-2-Terrestrial-23-Cat-1355.jpg,0.048034049570560455
SINet/S2C,COD10K-CAM-2-Terrestrial-23-Cat-1356.jpg,0.04630463942885399
SINet/S2C,COD10K-CAM-2-Terrestrial-23-Cat-1357.jpg,0.04905509948730469
SINet/S2C,COD10K-CAM-2-Terrestrial-23-Cat-1361.jpg,0.08497162163257599
SINet/S2C,COD10K-CAM-2-Terrestrial-23-Cat-1362.jpg,0.11766226589679718
SINet/S2C,COD10K-CAM-2-Terrestrial-23-Cat-1366.jpg,0.10635674744844437
SINet/S2C,COD10K-CAM-2-Terrestrial-23-Cat-1370.jpg,0.011099731549620628
SINet/S2C,COD10K-CAM-2-Terrestrial-23-Cat-1373.jpg,0.007673261687159538
SINet/S2C,COD10K-CAM-2-Terrestrial-23-Cat-1374.jpg,0.03442821651697159
SINet/S2C,COD10K-CAM-2-Terrestrial-23-Cat-1375.jpg,0.039565153419971466
SINet/S2C,COD10K-CAM-2-Terrestrial-23-Cat-1376.jpg,0.10209953784942627
SINet/S2C,COD10K-CAM-2-Terrestrial-23-Cat-1379.jpg,0.01314400602132082
SINet/S2C,COD10K-CAM-2-Terrestrial-23-Cat-1382.jpg,0.026341354474425316
SINet/S2C,COD10K-CAM-2-Terrestrial-23-Cat-1384.jpg,0.04466136917471886
SINet/S2C,COD10K-CAM-2-Terrestrial-23-Cat-1385.jpg,0.01856781169772148
SINet/S2C,COD10K-CAM-2-Terrestrial-23-Cat-1389.jpg,0.0355759933590889
SINet/S2C,COD10K-CAM-2-Terrestrial-23-Cat-1393.jpg,0.02362416312098503
SINet/S2C,COD10K-CAM-2-Terrestrial-23-Cat-1395.jpg,0.08492608368396759
SINet/S2C,COD10K-CAM-2-Terrestrial-23-Cat-1396.jpg,0.03412585332989693
SINet/S2C,COD10K-CAM-2-Terrestrial-23-Cat-1397.jpg,0.0909869372844696
SINet/S2C,COD10K-CAM-2-Terrestrial-23-Cat-1398.jpg,0.08492223918437958
SINet/S2C,COD10K-CAM-2-Terrestrial-23-Cat-1399.jpg,0.0782291442155838
SINet/S2C,COD10K-CAM-2-Terrestrial-23-Cat-1401.jpg,0.010520007461309433
SINet/S2C,COD10K-CAM-2-Terrestrial-23-Cat-1402.jpg,0.03934073448181152
SINet/S2C,COD10K-CAM-2-Terrestrial-23-Cat-1403.jpg,0.09518174827098846
SINet/S2C,COD10K-CAM-2-Terrestrial-23-Cat-1404.jpg,0.011390697211027145
SINet/S2C,COD10K-CAM-2-Terrestrial-23-Cat-1406.jpg,0.058857500553131104
SINet/S2C,COD10K-CAM-2-Terrestrial-23-Cat-1407.jpg,0.030984366312623024
SINet/S2C,COD10K-CAM-2-Terrestrial-23-Cat-1408.jpg,0.07514192909002304
SINet/S2C,COD10K-CAM-2-Terrestrial-23-Cat-1409.jpg,0.03196283057332039
SINet/S2C,COD10K-CAM-2-Terrestrial-23-Cat-1410.jpg,0.04114247113466263
SINet/S2C,COD10K-CAM-2-Terrestrial-23-Cat-1414.jpg,0.13630428910255432
SINet/S2C,COD10K-CAM-2-Terrestrial-23-Cat-1416.jpg,0.09330219030380249
SINet/S2C,COD10K-CAM-2-Terrestrial-23-Cat-1417.jpg,0.010564601048827171
SINet/S2C,COD10K-CAM-2-Terrestrial-23-Cat-1418.jpg,0.022152241319417953
SINet/S2C,COD10K-CAM-2-Terrestrial-23-Cat-1422.jpg,0.10625284910202026
SINet/S2C,COD10K-CAM-2-Terrestrial-23-Cat-1425.jpg,0.018149636685848236
SINet/S2C,COD10K-CAM-2-Terrestrial-23-Cat-1426.jpg,0.09395093470811844
SINet/S2C,COD10K-CAM-2-Terrestrial-23-Cat-1427.jpg,0.011884748004376888
SINet/S2C,COD10K-CAM-2-Terrestrial-23-Cat-1430.jpg,0.0779733955860138
SINet/S2C,COD10K-CAM-2-Terrestrial-23-Cat-1435.jpg,0.007869143970310688
SINet/S2C,COD10K-CAM-2-Terrestrial-23-Cat-1436.jpg,0.02153330110013485
SINet/S2C,COD10K-CAM-2-Terrestrial-23-Cat-1437.jpg,0.017687851563096046
SINet/S2C,COD10K-CAM-2-Terrestrial-23-Cat-1439.jpg,0.011717861518263817
SINet/S2C,COD10K-CAM-2-Terrestrial-23-Cat-1440.jpg,0.01949462480843067
SINet/S2C,COD10K-CAM-2-Terrestrial-23-Cat-1441.jpg,0.07533571869134903
SINet/S2C,COD10K-CAM-2-Terrestrial-23-Cat-1444.jpg,0.022561844438314438
SINet/S2C,COD10K-CAM-2-Terrestrial-23-Cat-1445.jpg,0.13828504085540771
SINet/S2C,COD10K-CAM-2-Terrestrial-23-Cat-1447.jpg,0.06187312304973602
SINet/S2C,COD10K-CAM-2-Terrestrial-23-Cat-1448.jpg,0.12092804908752441
SINet/S2C,COD10K-CAM-2-Terrestrial-23-Cat-1450.jpg,0.056808389723300934
SINet/S2C,COD10K-CAM-2-Terrestrial-23-Cat-1452.jpg,0.022894974797964096
SINet/S2C,COD10K-CAM-2-Terrestrial-23-Cat-1454.jpg,0.036474842578172684
SINet/S2C,COD10K-CAM-2-Terrestrial-23-Cat-1455.jpg,0.1615457683801651
SINet/S2C,COD10K-CAM-2-Terrestrial-23-Cat-1456.jpg,0.07061611115932465
SINet/S2C,COD10K-CAM-2-Terrestrial-23-Cat-1457.jpg,0.019791878759860992
SINet/S2C,COD10K-CAM-2-Terrestrial-23-Cat-1460.jpg,0.014848890714347363
SINet/S2C,COD10K-CAM-2-Terrestrial-23-Cat-1463.jpg,0.045723628252744675
SINet/S2C,COD10K-CAM-2-Terrestrial-23-Cat-1464.jpg,0.034503839910030365
SINet/S2C,COD10K-CAM-2-Terrestrial-23-Cat-1467.jpg,0.059234533458948135
SINet/S2C,COD10K-CAM-2-Terrestrial-23-Cat-1468.jpg,0.02620604634284973
SINet/S2C,COD10K-CAM-2-Terrestrial-23-Cat-1469.jpg,0.029700996354222298
SINet/S2C,COD10K-CAM-2-Terrestrial-23-Cat-1470.jpg,0.021044673398137093
SINet/S2C,COD10K-CAM-2-Terrestrial-23-Cat-1473.jpg,0.05143028497695923
SINet/S2C,COD10K-CAM-2-Terrestrial-23-Cat-1477.jpg,0.0405404269695282
SINet/S2C,COD10K-CAM-2-Terrestrial-23-Cat-1478.jpg,0.014425242319703102
SINet/S2C,COD10K-CAM-2-Terrestrial-23-Cat-1480.jpg,0.026351872831583023
SINet/S2C,COD10K-CAM-2-Terrestrial-23-Cat-1482.jpg,0.04440709948539734
SINet/S2C,COD10K-CAM-2-Terrestrial-23-Cat-1484.jpg,0.019800126552581787
SINet/S2C,COD10K-CAM-2-Terrestrial-23-Cat-1486.jpg,0.012251047417521477
SINet/S2C,COD10K-CAM-2-Terrestrial-23-Cat-1487.jpg,0.32622256875038147
SINet/S2C,COD10K-CAM-2-Terrestrial-23-Cat-1489.jpg,0.06936883181333542
SINet/S2C,COD10K-CAM-2-Terrestrial-23-Cat-1493.jpg,0.008837422356009483
SINet/S2C,COD10K-CAM-2-Terrestrial-23-Cat-1495.jpg,0.0441916286945343
SINet/S2C,COD10K-CAM-2-Terrestrial-23-Cat-1497.jpg,0.012679514475166798
SINet/S2C,COD10K-CAM-2-Terrestrial-23-Cat-1499.jpg,0.05561557039618492
SINet/S2C,COD10K-CAM-2-Terrestrial-23-Cat-1501.jpg,0.013002277351915836
SINet/S2C,COD10K-CAM-2-Terrestrial-23-Cat-1502.jpg,0.026663674041628838
SINet/S2C,COD10K-CAM-2-Terrestrial-23-Cat-1503.jpg,0.019245393574237823
SINet/S2C,COD10K-CAM-2-Terrestrial-23-Cat-1504.jpg,0.025765493512153625
SINet/S2C,COD10K-CAM-2-Terrestrial-23-Cat-1506.jpg,0.025056209415197372
SINet/S2C,COD10K-CAM-2-Terrestrial-23-Cat-1507.jpg,0.11752094328403473
SINet/S2C,COD10K-CAM-2-Terrestrial-23-Cat-1509.jpg,0.04279667139053345
SINet/S2C,COD10K-CAM-2-Terrestrial-23-Cat-1511.jpg,0.014699690043926239
SINet/S2C,COD10K-CAM-2-Terrestrial-23-Cat-1513.jpg,0.0228123776614666
SINet/S2C,COD10K-CAM-2-Terrestrial-23-Cat-1517.jpg,0.058517664670944214
SINet/S2C,COD10K-CAM-2-Terrestrial-23-Cat-1518.jpg,0.059264861047267914
SINet/S2C,COD10K-CAM-2-Terrestrial-23-Cat-1519.jpg,0.017600946128368378
SINet/S2C,COD10K-CAM-2-Terrestrial-23-Cat-1521.jpg,0.09639671444892883
SINet/S2C,COD10K-CAM-2-Terrestrial-23-Cat-1525.jpg,0.030645199120044708
SINet/S2C,COD10K-CAM-2-Terrestrial-23-Cat-1528.jpg,0.019612757489085197
SINet/S2C,COD10K-CAM-2-Terrestrial-23-Cat-1529.jpg,0.0532836988568306
SINet/S2C,COD10K-CAM-2-Terrestrial-23-Cat-1533.jpg,0.048646166920661926
SINet/S2C,COD10K-CAM-2-Terrestrial-23-Cat-1535.jpg,0.04422358050942421
SINet/S2C,COD10K-CAM-2-Terrestrial-23-Cat-1536.jpg,0.12112642079591751
SINet/S2C,COD10K-CAM-2-Terrestrial-23-Cat-1538.jpg,0.02103869989514351
SINet/S2C,COD10K-CAM-2-Terrestrial-23-Cat-1539.jpg,0.00991666130721569
SINet/S2C,COD10K-CAM-2-Terrestrial-23-Cat-1540.jpg,0.012624800205230713
SINet/S2C,COD10K-CAM-2-Terrestrial-24-Caterpillar-1542.jpg,0.09729203581809998
SINet/S2C,COD10K-CAM-2-Terrestrial-24-Caterpillar-1544.jpg,0.01170711126178503
SINet/S2C,COD10K-CAM-2-Terrestrial-24-Caterpillar-1547.jpg,0.043999046087265015
SINet/S2C,COD10K-CAM-2-Terrestrial-24-Caterpillar-1549.jpg,0.04711964726448059
SINet/S2C,COD10K-CAM-2-Terrestrial-24-Caterpillar-1550.jpg,0.036323919892311096
SINet/S2C,COD10K-CAM-2-Terrestrial-24-Caterpillar-1551.jpg,0.03443656489253044
SINet/S2C,COD10K-CAM-2-Terrestrial-24-Caterpillar-1553.jpg,0.11239594966173172
SINet/S2C,COD10K-CAM-2-Terrestrial-24-Caterpillar-1554.jpg,0.03357041999697685
SINet/S2C,COD10K-CAM-2-Terrestrial-24-Caterpillar-1555.jpg,0.049368880689144135
SINet/S2C,COD10K-CAM-2-Terrestrial-24-Caterpillar-1556.jpg,0.03978811204433441
SINet/S2C,COD10K-CAM-2-Terrestrial-24-Caterpillar-1558.jpg,0.04270128160715103
SINet/S2C,COD10K-CAM-2-Terrestrial-24-Caterpillar-1559.jpg,0.06427433341741562
SINet/S2C,COD10K-CAM-2-Terrestrial-24-Caterpillar-1561.jpg,0.016850866377353668
SINet/S2C,COD10K-CAM-2-Terrestrial-24-Caterpillar-1562.jpg,0.06240237504243851
SINet/S2C,COD10K-CAM-2-Terrestrial-24-Caterpillar-1563.jpg,0.015294518321752548
SINet/S2C,COD10K-CAM-2-Terrestrial-24-Caterpillar-1566.jpg,0.1212342381477356
SINet/S2C,COD10K-CAM-2-Terrestrial-24-Caterpillar-1569.jpg,0.09205187112092972
SINet/S2C,COD10K-CAM-2-Terrestrial-24-Caterpillar-1571.jpg,0.0213216133415699
SINet/S2C,COD10K-CAM-2-Terrestrial-24-Caterpillar-1573.jpg,0.043384116142988205
SINet/S2C,COD10K-CAM-2-Terrestrial-24-Caterpillar-1575.jpg,0.025418832898139954
SINet/S2C,COD10K-CAM-2-Terrestrial-24-Caterpillar-1576.jpg,0.019175630062818527
SINet/S2C,COD10K-CAM-2-Terrestrial-24-Caterpillar-1577.jpg,0.016683217138051987
SINet/S2C,COD10K-CAM-2-Terrestrial-24-Caterpillar-1578.jpg,0.02889110893011093
SINet/S2C,COD10K-CAM-2-Terrestrial-24-Caterpillar-1579.jpg,0.024360138922929764
SINet/S2C,COD10K-CAM-2-Terrestrial-24-Caterpillar-1580.jpg,0.00902379397302866
SINet/S2C,COD10K-CAM-2-Terrestrial-24-Caterpillar-1583.jpg,0.03445812314748764
SINet/S2C,COD10K-CAM-2-Terrestrial-24-Caterpillar-1584.jpg,0.031737204641103745
SINet/S2C,COD10K-CAM-2-Terrestrial-24-Caterpillar-1585.jpg,0.013836262747645378
SINet/S2C,COD10K-CAM-2-Terrestrial-24-Caterpillar-1586.jpg,0.03479544818401337
SINet/S2C,COD10K-CAM-2-Terrestrial-24-Caterpillar-1588.jpg,0.06077092885971069
SINet/S2C,COD10K-CAM-2-Terrestrial-24-Caterpillar-1589.jpg,0.07469967752695084
SINet/S2C,COD10K-CAM-2-Terrestrial-24-Caterpillar-1590.jpg,0.011450406163930893
SINet/S2C,COD10K-CAM-2-Terrestrial-24-Caterpillar-1592.jpg,0.041334979236125946
SINet/S2C,COD10K-CAM-2-Terrestrial-24-Caterpillar-1593.jpg,0.02627563662827015
SINet/S2C,COD10K-CAM-2-Terrestrial-24-Caterpillar-1595.jpg,0.02076762728393078
SINet/S2C,COD10K-CAM-2-Terrestrial-24-Caterpillar-1598.jpg,0.018290575593709946
SINet/S2C,COD10K-CAM-2-Terrestrial-24-Caterpillar-1599.jpg,0.036047615110874176
SINet/S2C,COD10K-CAM-2-Terrestrial-24-Caterpillar-1600.jpg,0.04058835655450821
SINet/S2C,COD10K-CAM-2-Terrestrial-24-Caterpillar-1601.jpg,0.009621956385672092
SINet/S2C,COD10K-CAM-2-Terrestrial-24-Caterpillar-1603.jpg,0.045085661113262177
SINet/S2C,COD10K-CAM-2-Terrestrial-24-Caterpillar-1604.jpg,0.01789112761616707
SINet/S2C,COD10K-CAM-2-Terrestrial-24-Caterpillar-1605.jpg,0.06416590511798859
SINet/S2C,COD10K-CAM-2-Terrestrial-24-Caterpillar-1606.jpg,0.012359360232949257
SINet/S2C,COD10K-CAM-2-Terrestrial-24-Caterpillar-1609.jpg,0.026878295466303825
SINet/S2C,COD10K-CAM-2-Terrestrial-24-Caterpillar-1610.jpg,0.0375019833445549
SINet/S2C,COD10K-CAM-2-Terrestrial-24-Caterpillar-1611.jpg,0.028337957337498665
SINet/S2C,COD10K-CAM-2-Terrestrial-24-Caterpillar-1612.jpg,0.01443463284522295
SINet/S2C,COD10K-CAM-2-Terrestrial-24-Caterpillar-1613.jpg,0.044343527406454086
SINet/S2C,COD10K-CAM-2-Terrestrial-24-Caterpillar-1614.jpg,0.019800743088126183
SINet/S2C,COD10K-CAM-2-Terrestrial-24-Caterpillar-1615.jpg,0.008977493271231651
SINet/S2C,COD10K-CAM-2-Terrestrial-24-Caterpillar-1617.jpg,0.033832959830760956
SINet/S2C,COD10K-CAM-2-Terrestrial-24-Caterpillar-1618.jpg,0.030986342579126358
SINet/S2C,COD10K-CAM-2-Terrestrial-24-Caterpillar-1619.jpg,0.014593900181353092
SINet/S2C,COD10K-CAM-2-Terrestrial-24-Caterpillar-1620.jpg,0.022324686869978905
SINet/S2C,COD10K-CAM-2-Terrestrial-24-Caterpillar-1624.jpg,0.0306337121874094
SINet/S2C,COD10K-CAM-2-Terrestrial-24-Caterpillar-1625.jpg,0.0721655786037445
SINet/S2C,COD10K-CAM-2-Terrestrial-24-Caterpillar-1627.jpg,0.026640933007001877
SINet/S2C,COD10K-CAM-2-Terrestrial-24-Caterpillar-1628.jpg,0.01575309783220291
SINet/S2C,COD10K-CAM-2-Terrestrial-24-Caterpillar-1629.jpg,0.018145384266972542
SINet/S2C,COD10K-CAM-2-Terrestrial-24-Caterpillar-1630.jpg,0.018261171877384186
SINet/S2C,COD10K-CAM-2-Terrestrial-24-Caterpillar-1631.jpg,0.09482882916927338
SINet/S2C,COD10K-CAM-2-Terrestrial-24-Caterpillar-1632.jpg,0.046476900577545166
SINet/S2C,COD10K-CAM-2-Terrestrial-24-Caterpillar-1634.jpg,0.05167021602392197
SINet/S2C,COD10K-CAM-2-Terrestrial-24-Caterpillar-1635.jpg,0.031202904880046844
SINet/S2C,COD10K-CAM-2-Terrestrial-24-Caterpillar-1636.jpg,0.03245250880718231
SINet/S2C,COD10K-CAM-2-Terrestrial-24-Caterpillar-1637.jpg,0.03690829873085022
SINet/S2C,COD10K-CAM-2-Terrestrial-24-Caterpillar-1638.jpg,0.037663351744413376
SINet/S2C,COD10K-CAM-2-Terrestrial-24-Caterpillar-1639.jpg,0.03609906882047653
SINet/S2C,COD10K-CAM-2-Terrestrial-24-Caterpillar-1640.jpg,0.04008737951517105
SINet/S2C,COD10K-CAM-2-Terrestrial-24-Caterpillar-1642.jpg,0.037986353039741516
SINet/S2C,COD10K-CAM-2-Terrestrial-24-Caterpillar-1646.jpg,0.095774345099926
SINet/S2C,COD10K-CAM-2-Terrestrial-24-Caterpillar-1647.jpg,0.033771514892578125
SINet/S2C,COD10K-CAM-2-Terrestrial-24-Caterpillar-1648.jpg,0.02062172256410122
SINet/S2C,COD10K-CAM-2-Terrestrial-24-Caterpillar-1649.jpg,0.04697994887828827
SINet/S2C,COD10K-CAM-2-Terrestrial-24-Caterpillar-1651.jpg,0.0170726478099823
SINet/S2C,COD10K-CAM-2-Terrestrial-24-Caterpillar-1654.jpg,0.035269759595394135
SINet/S2C,COD10K-CAM-2-Terrestrial-25-Centipede-1656.jpg,0.02106136456131935
SINet/S2C,COD10K-CAM-2-Terrestrial-25-Centipede-1657.jpg,0.027269698679447174
SINet/S2C,COD10K-CAM-2-Terrestrial-25-Centipede-1660.jpg,0.026736563071608543
SINet/S2C,COD10K-CAM-2-Terrestrial-25-Centipede-1661.jpg,0.018627459183335304
SINet/S2C,COD10K-CAM-2-Terrestrial-25-Centipede-1662.jpg,0.023654138669371605
SINet/S2C,COD10K-CAM-2-Terrestrial-26-Chameleon-1664.jpg,0.03968869894742966
SINet/S2C,COD10K-CAM-2-Terrestrial-26-Chameleon-1665.jpg,0.061485566198825836
SINet/S2C,COD10K-CAM-2-Terrestrial-26-Chameleon-1666.jpg,0.024666912853717804
SINet/S2C,COD10K-CAM-2-Terrestrial-26-Chameleon-1668.jpg,0.03055042400956154
SINet/S2C,COD10K-CAM-2-Terrestrial-26-Chameleon-1669.jpg,0.04703923314809799
SINet/S2C,COD10K-CAM-2-Terrestrial-26-Chameleon-1672.jpg,0.032762929797172546
SINet/S2C,COD10K-CAM-2-Terrestrial-26-Chameleon-1673.jpg,0.02994145080447197
SINet/S2C,COD10K-CAM-2-Terrestrial-26-Chameleon-1674.jpg,0.07354862242937088
SINet/S2C,COD10K-CAM-2-Terrestrial-26-Chameleon-1675.jpg,0.021565638482570648
SINet/S2C,COD10K-CAM-2-Terrestrial-26-Chameleon-1677.jpg,0.040284931659698486
SINet/S2C,COD10K-CAM-2-Terrestrial-26-Chameleon-1678.jpg,0.016839953139424324
SINet/S2C,COD10K-CAM-2-Terrestrial-26-Chameleon-1679.jpg,0.022340863943099976
SINet/S2C,COD10K-CAM-2-Terrestrial-26-Chameleon-1680.jpg,0.032667193561792374
SINet/S2C,COD10K-CAM-2-Terrestrial-26-Chameleon-1682.jpg,0.06504463404417038
SINet/S2C,COD10K-CAM-2-Terrestrial-26-Chameleon-1683.jpg,0.027836017310619354
SINet/S2C,COD10K-CAM-2-Terrestrial-26-Chameleon-1684.jpg,0.016229785978794098
SINet/S2C,COD10K-CAM-2-Terrestrial-26-Chameleon-1685.jpg,0.05047755688428879
SINet/S2C,COD10K-CAM-2-Terrestrial-26-Chameleon-1686.jpg,0.022826945409178734
SINet/S2C,COD10K-CAM-2-Terrestrial-26-Chameleon-1687.jpg,0.05969809740781784
SINet/S2C,COD10K-CAM-2-Terrestrial-26-Chameleon-1690.jpg,0.03303956612944603
SINet/S2C,COD10K-CAM-2-Terrestrial-26-Chameleon-1691.jpg,0.047545209527015686
SINet/S2C,COD10K-CAM-2-Terrestrial-26-Chameleon-1694.jpg,0.03408287465572357
SINet/S2C,COD10K-CAM-2-Terrestrial-26-Chameleon-1695.jpg,0.025418926030397415
SINet/S2C,COD10K-CAM-2-Terrestrial-26-Chameleon-1700.jpg,0.05393976345658302
SINet/S2C,COD10K-CAM-2-Terrestrial-26-Chameleon-1702.jpg,0.025841010734438896
SINet/S2C,COD10K-CAM-2-Terrestrial-26-Chameleon-1704.jpg,0.04725640267133713
SINet/S2C,COD10K-CAM-2-Terrestrial-26-Chameleon-1708.jpg,0.029408667236566544
SINet/S2C,COD10K-CAM-2-Terrestrial-26-Chameleon-1710.jpg,0.019610054790973663
SINet/S2C,COD10K-CAM-2-Terrestrial-26-Chameleon-1712.jpg,0.02886989340186119
SINet/S2C,COD10K-CAM-2-Terrestrial-26-Chameleon-1714.jpg,0.014618112705647945
SINet/S2C,COD10K-CAM-2-Terrestrial-26-Chameleon-1715.jpg,0.017087046056985855
SINet/S2C,COD10K-CAM-2-Terrestrial-26-Chameleon-1717.jpg,0.02098829858005047
SINet/S2C,COD10K-CAM-2-Terrestrial-26-Chameleon-1718.jpg,0.04119157791137695
SINet/S2C,COD10K-CAM-2-Terrestrial-26-Chameleon-1720.jpg,0.013217734172940254
SINet/S2C,COD10K-CAM-2-Terrestrial-26-Chameleon-1721.jpg,0.014852743595838547
SINet/S2C,COD10K-CAM-2-Terrestrial-26-Chameleon-1724.jpg,0.02781097963452339
SINet/S2C,COD10K-CAM-2-Terrestrial-26-Chameleon-1725.jpg,0.019011076539754868
SINet/S2C,COD10K-CAM-2-Terrestrial-26-Chameleon-1726.jpg,0.04571111500263214
SINet/S2C,COD10K-CAM-2-Terrestrial-26-Chameleon-1728.jpg,0.023064345121383667
SINet/S2C,COD10K-CAM-2-Terrestrial-26-Chameleon-1729.jpg,0.00977171491831541
SINet/S2C,COD10K-CAM-2-Terrestrial-26-Chameleon-1731.jpg,0.019763585180044174
SINet/S2C,COD10K-CAM-2-Terrestrial-26-Chameleon-1732.jpg,0.04035000503063202
SINet/S2C,COD10K-CAM-2-Terrestrial-26-Chameleon-1733.jpg,0.034243956208229065
SINet/S2C,COD10K-CAM-2-Terrestrial-26-Chameleon-1734.jpg,0.07925288379192352
SINet/S2C,COD10K-CAM-2-Terrestrial-26-Chameleon-1735.jpg,0.019782863557338715
SINet/S2C,COD10K-CAM-2-Terrestrial-26-Chameleon-1736.jpg,0.01818821392953396
SINet/S2C,COD10K-CAM-2-Terrestrial-27-Cheetah-1738.jpg,0.03165198862552643
SINet/S2C,COD10K-CAM-2-Terrestrial-27-Cheetah-1740.jpg,0.01906682550907135
SINet/S2C,COD10K-CAM-2-Terrestrial-27-Cheetah-1741.jpg,0.02427356317639351
SINet/S2C,COD10K-CAM-2-Terrestrial-27-Cheetah-1744.jpg,0.014662174507975578
SINet/S2C,COD10K-CAM-2-Terrestrial-27-Cheetah-1746.jpg,0.009914519265294075
SINet/S2C,COD10K-CAM-2-Terrestrial-27-Cheetah-1748.jpg,0.010585440322756767
SINet/S2C,COD10K-CAM-2-Terrestrial-27-Cheetah-1749.jpg,0.06833624839782715
SINet/S2C,COD10K-CAM-2-Terrestrial-27-Cheetah-1752.jpg,0.012477689422667027
SINet/S2C,COD10K-CAM-2-Terrestrial-27-Cheetah-1754.jpg,0.03881287947297096
SINet/S2C,COD10K-CAM-2-Terrestrial-27-Cheetah-1757.jpg,0.020703425630927086
SINet/S2C,COD10K-CAM-2-Terrestrial-28-Deer-1759.jpg,0.01020449586212635
SINet/S2C,COD10K-CAM-2-Terrestrial-28-Deer-1763.jpg,0.02503577060997486
SINet/S2C,COD10K-CAM-2-Terrestrial-28-Deer-1765.jpg,0.03873291611671448
SINet/S2C,COD10K-CAM-2-Terrestrial-28-Deer-1770.jpg,0.01188778318464756
SINet/S2C,COD10K-CAM-2-Terrestrial-28-Deer-1771.jpg,0.018199708312749863
SINet/S2C,COD10K-CAM-2-Terrestrial-28-Deer-1774.jpg,0.03358825668692589
SINet/S2C,COD10K-CAM-2-Terrestrial-28-Deer-1776.jpg,0.024315696209669113
SINet/S2C,COD10K-CAM-2-Terrestrial-28-Deer-1777.jpg,0.010415555909276009
SINet/S2C,COD10K-CAM-2-Terrestrial-28-Deer-1778.jpg,0.021646149456501007
SINet/S2C,COD10K-CAM-2-Terrestrial-28-Deer-1780.jpg,0.040177181363105774
SINet/S2C,COD10K-CAM-2-Terrestrial-28-Deer-1781.jpg,0.027333887293934822
SINet/S2C,COD10K-CAM-2-Terrestrial-28-Deer-1782.jpg,0.024331938475370407
SINet/S2C,COD10K-CAM-2-Terrestrial-28-Deer-1783.jpg,0.03139878064393997
SINet/S2C,COD10K-CAM-2-Terrestrial-28-Deer-1786.jpg,0.009741243906319141
SINet/S2C,COD10K-CAM-2-Terrestrial-28-Deer-1787.jpg,0.016575418412685394
SINet/S2C,COD10K-CAM-2-Terrestrial-28-Deer-1789.jpg,0.02321590483188629
SINet/S2C,COD10K-CAM-2-Terrestrial-28-Deer-1793.jpg,0.026526067405939102
SINet/S2C,COD10K-CAM-2-Terrestrial-28-Deer-1796.jpg,0.038483574986457825
SINet/S2C,COD10K-CAM-2-Terrestrial-28-Deer-1797.jpg,0.01741805113852024
SINet/S2C,COD10K-CAM-2-Terrestrial-28-Deer-1798.jpg,0.06023650988936424
SINet/S2C,COD10K-CAM-2-Terrestrial-28-Deer-1799.jpg,0.017362335696816444
SINet/S2C,COD10K-CAM-2-Terrestrial-28-Deer-1800.jpg,0.010242272168397903
SINet/S2C,COD10K-CAM-2-Terrestrial-28-Deer-1802.jpg,0.009473823942244053
SINet/S2C,COD10K-CAM-2-Terrestrial-28-Deer-1803.jpg,0.01592344045639038
SINet/S2C,COD10K-CAM-2-Terrestrial-29-Dog-1806.jpg,0.030648374930024147
SINet/S2C,COD10K-CAM-2-Terrestrial-29-Dog-1807.jpg,0.011067692190408707
SINet/S2C,COD10K-CAM-2-Terrestrial-29-Dog-1808.jpg,0.029391154646873474
SINet/S2C,COD10K-CAM-2-Terrestrial-29-Dog-1809.jpg,0.020709969103336334
SINet/S2C,COD10K-CAM-2-Terrestrial-29-Dog-1810.jpg,0.028173966333270073
SINet/S2C,COD10K-CAM-2-Terrestrial-29-Dog-1811.jpg,0.03690861165523529
SINet/S2C,COD10K-CAM-2-Terrestrial-29-Dog-1812.jpg,0.02762741968035698
SINet/S2C,COD10K-CAM-2-Terrestrial-29-Dog-1813.jpg,0.01725095510482788
SINet/S2C,COD10K-CAM-2-Terrestrial-29-Dog-1818.jpg,0.016290713101625443
SINet/S2C,COD10K-CAM-2-Terrestrial-29-Dog-1819.jpg,0.02003534510731697
SINet/S2C,COD10K-CAM-2-Terrestrial-29-Dog-1821.jpg,0.015627477318048477
SINet/S2C,COD10K-CAM-2-Terrestrial-29-Dog-1822.jpg,0.035095684230327606
SINet/S2C,COD10K-CAM-2-Terrestrial-29-Dog-1823.jpg,0.0182673130184412
SINet/S2C,COD10K-CAM-2-Terrestrial-29-Dog-1824.jpg,0.03363357484340668
SINet/S2C,COD10K-CAM-2-Terrestrial-29-Dog-1826.jpg,0.013517524115741253
SINet/S2C,COD10K-CAM-2-Terrestrial-29-Dog-1828.jpg,0.03854744881391525
SINet/S2C,COD10K-CAM-2-Terrestrial-29-Dog-1833.jpg,0.009901896119117737
SINet/S2C,COD10K-CAM-2-Terrestrial-29-Dog-1839.jpg,0.004656021948903799
SINet/S2C,COD10K-CAM-2-Terrestrial-29-Dog-1841.jpg,0.08752913028001785
SINet/S2C,COD10K-CAM-2-Terrestrial-29-Dog-1842.jpg,0.011282878927886486
SINet/S2C,COD10K-CAM-2-Terrestrial-29-Dog-1843.jpg,0.013516047969460487
SINet/S2C,COD10K-CAM-2-Terrestrial-29-Dog-1844.jpg,0.015048792585730553
SINet/S2C,COD10K-CAM-2-Terrestrial-29-Dog-1845.jpg,0.018426744267344475
SINet/S2C,COD10K-CAM-2-Terrestrial-29-Dog-1846.jpg,0.0083074402064085
SINet/S2C,COD10K-CAM-2-Terrestrial-29-Dog-1847.jpg,0.1111719012260437
SINet/S2C,COD10K-CAM-2-Terrestrial-29-Dog-1848.jpg,0.04534339904785156
SINet/S2C,COD10K-CAM-2-Terrestrial-29-Dog-1849.jpg,0.008677649311721325
SINet/S2C,COD10K-CAM-2-Terrestrial-29-Dog-1850.jpg,0.03749609738588333
SINet/S2C,COD10K-CAM-2-Terrestrial-29-Dog-1852.jpg,0.09605163335800171
SINet/S2C,COD10K-CAM-2-Terrestrial-29-Dog-1855.jpg,0.01588721200823784
SINet/S2C,COD10K-CAM-2-Terrestrial-29-Dog-1857.jpg,0.022256173193454742
SINet/S2C,COD10K-CAM-2-Terrestrial-29-Dog-1858.jpg,0.023683015257120132
SINet/S2C,COD10K-CAM-2-Terrestrial-29-Dog-1859.jpg,0.07876060158014297
SINet/S2C,COD10K-CAM-2-Terrestrial-29-Dog-1860.jpg,0.00895048025995493
SINet/S2C,COD10K-CAM-2-Terrestrial-29-Dog-1861.jpg,0.0177768561989069
SINet/S2C,COD10K-CAM-2-Terrestrial-30-Duck-1863.jpg,0.032946497201919556
SINet/S2C,COD10K-CAM-2-Terrestrial-30-Duck-1864.jpg,0.036763086915016174
SINet/S2C,COD10K-CAM-2-Terrestrial-30-Duck-1865.jpg,0.02572150155901909
SINet/S2C,COD10K-CAM-2-Terrestrial-30-Duck-1867.jpg,0.018295153975486755
SINet/S2C,COD10K-CAM-2-Terrestrial-30-Duck-1869.jpg,0.027591116726398468
SINet/S2C,COD10K-CAM-2-Terrestrial-30-Duck-1872.jpg,0.012429612688720226
SINet/S2C,COD10K-CAM-2-Terrestrial-30-Duck-1874.jpg,0.02069620043039322
SINet/S2C,COD10K-CAM-2-Terrestrial-30-Duck-1875.jpg,0.009971024468541145
SINet/S2C,COD10K-CAM-2-Terrestrial-30-Duck-1877.jpg,0.02691471204161644
SINet/S2C,COD10K-CAM-2-Terrestrial-30-Duck-1878.jpg,0.018295448273420334
SINet/S2C,COD10K-CAM-2-Terrestrial-31-Gecko-1879.jpg,0.03553260490298271
SINet/S2C,COD10K-CAM-2-Terrestrial-31-Gecko-1881.jpg,0.018806155771017075
SINet/S2C,COD10K-CAM-2-Terrestrial-31-Gecko-1883.jpg,0.024222269654273987
SINet/S2C,COD10K-CAM-2-Terrestrial-31-Gecko-1884.jpg,0.020708562806248665
SINet/S2C,COD10K-CAM-2-Terrestrial-31-Gecko-1885.jpg,0.02986820414662361
SINet/S2C,COD10K-CAM-2-Terrestrial-31-Gecko-1886.jpg,0.036879852414131165
SINet/S2C,COD10K-CAM-2-Terrestrial-31-Gecko-1887.jpg,0.028052087873220444
SINet/S2C,COD10K-CAM-2-Terrestrial-31-Gecko-1891.jpg,0.01864127442240715
SINet/S2C,COD10K-CAM-2-Terrestrial-31-Gecko-1894.jpg,0.026867378503084183
SINet/S2C,COD10K-CAM-2-Terrestrial-31-Gecko-1896.jpg,0.016906756907701492
SINet/S2C,COD10K-CAM-2-Terrestrial-31-Gecko-1897.jpg,0.024147994816303253
SINet/S2C,COD10K-CAM-2-Terrestrial-31-Gecko-1898.jpg,0.05557055398821831
SINet/S2C,COD10K-CAM-2-Terrestrial-31-Gecko-1899.jpg,0.05364883691072464
SINet/S2C,COD10K-CAM-2-Terrestrial-31-Gecko-1900.jpg,0.023304812610149384
SINet/S2C,COD10K-CAM-2-Terrestrial-31-Gecko-1902.jpg,0.024606529623270035
SINet/S2C,COD10K-CAM-2-Terrestrial-31-Gecko-1904.jpg,0.026284851133823395
SINet/S2C,COD10K-CAM-2-Terrestrial-31-Gecko-1905.jpg,0.025204988196492195
SINet/S2C,COD10K-CAM-2-Terrestrial-31-Gecko-1906.jpg,0.02820323407649994
SINet/S2C,COD10K-CAM-2-Terrestrial-31-Gecko-1909.jpg,0.027690090239048004
SINet/S2C,COD10K-CAM-2-Terrestrial-31-Gecko-1910.jpg,0.02481791377067566
SINet/S2C,COD10K-CAM-2-Terrestrial-31-Gecko-1911.jpg,0.009346682578325272
SINet/S2C,COD10K-CAM-2-Terrestrial-31-Gecko-1912.jpg,0.16925498843193054
SINet/S2C,COD10K-CAM-2-Terrestrial-31-Gecko-1914.jpg,0.012807734310626984
SINet/S2C,COD10K-CAM-2-Terrestrial-31-Gecko-1915.jpg,0.019479792565107346
SINet/S2C,COD10K-CAM-2-Terrestrial-31-Gecko-1916.jpg,0.012113874778151512
SINet/S2C,COD10K-CAM-2-Terrestrial-31-Gecko-1918.jpg,0.010173588991165161
SINet/S2C,COD10K-CAM-2-Terrestrial-31-Gecko-1919.jpg,0.03588295727968216
SINet/S2C,COD10K-CAM-2-Terrestrial-31-Gecko-1921.jpg,0.07828119397163391
SINet/S2C,COD10K-CAM-2-Terrestrial-31-Gecko-1924.jpg,0.04482043534517288
SINet/S2C,COD10K-CAM-2-Terrestrial-31-Gecko-1925.jpg,0.05363648384809494
SINet/S2C,COD10K-CAM-2-Terrestrial-31-Gecko-1926.jpg,0.06045783311128616
SINet/S2C,COD10K-CAM-2-Terrestrial-31-Gecko-1928.jpg,0.07960280776023865
SINet/S2C,COD10K-CAM-2-Terrestrial-32-Giraffe-1930.jpg,0.030026473104953766
SINet/S2C,COD10K-CAM-2-Terrestrial-32-Giraffe-1931.jpg,0.027700403705239296
SINet/S2C,COD10K-CAM-2-Terrestrial-32-Giraffe-1933.jpg,0.024264004081487656
SINet/S2C,COD10K-CAM-2-Terrestrial-32-Giraffe-1936.jpg,0.026036901399493217
SINet/S2C,COD10K-CAM-2-Terrestrial-32-Giraffe-1938.jpg,0.013954469934105873
SINet/S2C,COD10K-CAM-2-Terrestrial-32-Giraffe-1939.jpg,0.01630321517586708
SINet/S2C,COD10K-CAM-2-Terrestrial-32-Giraffe-1943.jpg,0.03558305650949478
SINet/S2C,COD10K-CAM-2-Terrestrial-32-Giraffe-1944.jpg,0.05916249752044678
SINet/S2C,COD10K-CAM-2-Terrestrial-32-Giraffe-1945.jpg,0.0047666290774941444
SINet/S2C,COD10K-CAM-2-Terrestrial-32-Giraffe-1946.jpg,0.007088879123330116
SINet/S2C,COD10K-CAM-2-Terrestrial-32-Giraffe-1948.jpg,0.014287130907177925
SINet/S2C,COD10K-CAM-2-Terrestrial-32-Giraffe-1949.jpg,0.09576904773712158
SINet/S2C,COD10K-CAM-2-Terrestrial-33-Grouse-1951.jpg,0.010044867172837257
SINet/S2C,COD10K-CAM-2-Terrestrial-33-Grouse-1953.jpg,0.026864487677812576
SINet/S2C,COD10K-CAM-2-Terrestrial-33-Grouse-1955.jpg,0.01287241280078888
SINet/S2C,COD10K-CAM-2-Terrestrial-33-Grouse-1956.jpg,0.013948986306786537
SINet/S2C,COD10K-CAM-2-Terrestrial-33-Grouse-1957.jpg,0.04285150766372681
SINet/S2C,COD10K-CAM-2-Terrestrial-33-Grouse-1960.jpg,0.05534413084387779
SINet/S2C,COD10K-CAM-2-Terrestrial-33-Grouse-1963.jpg,0.05430927872657776
SINet/S2C,COD10K-CAM-2-Terrestrial-33-Grouse-1964.jpg,0.020898539572954178
SINet/S2C,COD10K-CAM-2-Terrestrial-33-Grouse-1965.jpg,0.014791659079492092
SINet/S2C,COD10K-CAM-2-Terrestrial-33-Grouse-1967.jpg,0.024618132039904594
SINet/S2C,COD10K-CAM-2-Terrestrial-34-Human-1968.jpg,0.028112314641475677
SINet/S2C,COD10K-CAM-2-Terrestrial-34-Human-1969.jpg,0.023555397987365723
SINet/S2C,COD10K-CAM-2-Terrestrial-34-Human-1971.jpg,0.010039297863841057
SINet/S2C,COD10K-CAM-2-Terrestrial-34-Human-1972.jpg,0.013220657594501972
SINet/S2C,COD10K-CAM-2-Terrestrial-34-Human-1974.jpg,0.03321131318807602
SINet/S2C,COD10K-CAM-2-Terrestrial-34-Human-1976.jpg,0.03385075554251671
SINet/S2C,COD10K-CAM-2-Terrestrial-34-Human-1977.jpg,0.014939992688596249
SINet/S2C,COD10K-CAM-2-Terrestrial-34-Human-1979.jpg,0.0896092876791954
SINet/S2C,COD10K-CAM-2-Terrestrial-34-Human-1981.jpg,0.053438276052474976
SINet/S2C,COD10K-CAM-2-Terrestrial-34-Human-1982.jpg,0.07354427129030228
SINet/S2C,COD10K-CAM-2-Terrestrial-34-Human-1984.jpg,0.01436931174248457
SINet/S2C,COD10K-CAM-2-Terrestrial-34-Human-1986.jpg,0.014592116698622704
SINet/S2C,COD10K-CAM-2-Terrestrial-34-Human-1988.jpg,0.01009209081530571
SINet/S2C,COD10K-CAM-2-Terrestrial-34-Human-1989.jpg,0.012168719433248043
SINet/S2C,COD10K-CAM-2-Terrestrial-34-Human-1994.jpg,0.016422832384705544
SINet/S2C,COD10K-CAM-2-Terrestrial-34-Human-1995.jpg,0.1157836988568306
SINet/S2C,COD10K-CAM-2-Terrestrial-34-Human-1999.jpg,0.07381168007850647
SINet/S2C,COD10K-CAM-2-Terrestrial-34-Human-2001.jpg,0.010430918075144291
SINet/S2C,COD10K-CAM-2-Terrestrial-34-Human-2002.jpg,0.03963520750403404
SINet/S2C,COD10K-CAM-2-Terrestrial-34-Human-2003.jpg,0.026423558592796326
SINet/S2C,COD10K-CAM-2-Terrestrial-34-Human-2004.jpg,0.023835454136133194
SINet/S2C,COD10K-CAM-2-Terrestrial-34-Human-2005.jpg,0.035433508455753326
SINet/S2C,COD10K-CAM-2-Terrestrial-34-Human-2006.jpg,0.09229100495576859
SINet/S2C,COD10K-CAM-2-Terrestrial-34-Human-2008.jpg,0.012599913403391838
SINet/S2C,COD10K-CAM-2-Terrestrial-34-Human-2009.jpg,0.035309549421072006
SINet/S2C,COD10K-CAM-2-Terrestrial-34-Human-2011.jpg,0.020385608077049255
SINet/S2C,COD10K-CAM-2-Terrestrial-34-Human-2015.jpg,0.034620147198438644
SINet/S2C,COD10K-CAM-2-Terrestrial-34-Human-2016.jpg,0.05409098416566849
SINet/S2C,COD10K-CAM-2-Terrestrial-34-Human-2019.jpg,0.01539445947855711
SINet/S2C,COD10K-CAM-2-Terrestrial-34-Human-2020.jpg,0.025196930393576622
SINet/S2C,COD10K-CAM-2-Terrestrial-34-Human-2021.jpg,0.08907222747802734
SINet/S2C,COD10K-CAM-2-Terrestrial-34-Human-2022.jpg,0.1329352855682373
SINet/S2C,COD10K-CAM-2-Terrestrial-34-Human-2023.jpg,0.010795948095619678
SINet/S2C,COD10K-CAM-2-Terrestrial-34-Human-2024.jpg,0.02064513973891735
SINet/S2C,COD10K-CAM-2-Terrestrial-34-Human-2025.jpg,0.11089931428432465
SINet/S2C,COD10K-CAM-2-Terrestrial-34-Human-2026.jpg,0.09106369316577911
SINet/S2C,COD10K-CAM-2-Terrestrial-34-Human-2027.jpg,0.02705829031765461
SINet/S2C,COD10K-CAM-2-Terrestrial-34-Human-2029.jpg,0.01126001589000225
SINet/S2C,COD10K-CAM-2-Terrestrial-34-Human-2030.jpg,0.04579818621277809
SINet/S2C,COD10K-CAM-2-Terrestrial-34-Human-2032.jpg,0.018536357209086418
SINet/S2C,COD10K-CAM-2-Terrestrial-34-Human-2033.jpg,0.022210292518138885
SINet/S2C,COD10K-CAM-2-Terrestrial-34-Human-2036.jpg,0.025277627632021904
SINet/S2C,COD10K-CAM-2-Terrestrial-34-Human-2038.jpg,0.0444992333650589
SINet/S2C,COD10K-CAM-2-Terrestrial-34-Human-2040.jpg,0.02193022146821022
SINet/S2C,COD10K-CAM-2-Terrestrial-34-Human-2041.jpg,0.011068717576563358
SINet/S2C,COD10K-CAM-2-Terrestrial-34-Human-2042.jpg,0.02680095285177231
SINet/S2C,COD10K-CAM-2-Terrestrial-34-Human-2043.jpg,0.05069109797477722
SINet/S2C,COD10K-CAM-2-Terrestrial-34-Human-2044.jpg,0.009719405323266983
SINet/S2C,COD10K-CAM-2-Terrestrial-34-Human-2046.jpg,0.09075610339641571
SINet/S2C,COD10K-CAM-2-Terrestrial-35-Kangaroo-2047.jpg,0.0077219875529408455
SINet/S2C,COD10K-CAM-2-Terrestrial-35-Kangaroo-2048.jpg,0.008601132780313492
SINet/S2C,COD10K-CAM-2-Terrestrial-35-Kangaroo-2051.jpg,0.07150954753160477
SINet/S2C,COD10K-CAM-2-Terrestrial-35-Kangaroo-2052.jpg,0.011315920390188694
SINet/S2C,COD10K-CAM-2-Terrestrial-35-Kangaroo-2054.jpg,0.012936275452375412
SINet/S2C,COD10K-CAM-2-Terrestrial-35-Kangaroo-2055.jpg,0.007949067279696465
SINet/S2C,COD10K-CAM-2-Terrestrial-36-Leopard-2056.jpg,0.049472957849502563
SINet/S2C,COD10K-CAM-2-Terrestrial-36-Leopard-2057.jpg,0.009621662087738514
SINet/S2C,COD10K-CAM-2-Terrestrial-36-Leopard-2058.jpg,0.04263710603117943
SINet/S2C,COD10K-CAM-2-Terrestrial-36-Leopard-2060.jpg,0.04477573186159134
SINet/S2C,COD10K-CAM-2-Terrestrial-36-Leopard-2062.jpg,0.023160317912697792
SINet/S2C,COD10K-CAM-2-Terrestrial-36-Leopard-2065.jpg,0.025373129174113274
SINet/S2C,COD10K-CAM-2-Terrestrial-36-Leopard-2069.jpg,0.042867355048656464
SINet/S2C,COD10K-CAM-2-Terrestrial-36-Leopard-2074.jpg,0.024982215836644173
SINet/S2C,COD10K-CAM-2-Terrestrial-36-Leopard-2075.jpg,0.015383925288915634
SINet/S2C,COD10K-CAM-2-Terrestrial-36-Leopard-2078.jpg,0.07259094715118408
SINet/S2C,COD10K-CAM-2-Terrestrial-36-Leopard-2080.jpg,0.023655064404010773
SINet/S2C,COD10K-CAM-2-Terrestrial-36-Leopard-2081.jpg,0.037913110107183456
SINet/S2C,COD10K-CAM-2-Terrestrial-36-Leopard-2083.jpg,0.03002435341477394
SINet/S2C,COD10K-CAM-2-Terrestrial-36-Leopard-2084.jpg,0.028845034539699554
SINet/S2C,COD10K-CAM-2-Terrestrial-36-Leopard-2085.jpg,0.02726171910762787
SINet/S2C,COD10K-CAM-2-Terrestrial-36-Leopard-2086.jpg,0.010348704643547535
SINet/S2C,COD10K-CAM-2-Terrestrial-36-Leopard-2087.jpg,0.04446154832839966
SINet/S2C,COD10K-CAM-2-Terrestrial-36-Leopard-2091.jpg,0.02446136064827442
SINet/S2C,COD10K-CAM-2-Terrestrial-36-Leopard-2093.jpg,0.025010889396071434
SINet/S2C,COD10K-CAM-2-Terrestrial-36-Leopard-2094.jpg,0.02614905685186386
SINet/S2C,COD10K-CAM-2-Terrestrial-36-Leopard-2095.jpg,0.04526679962873459
SINet/S2C,COD10K-CAM-2-Terrestrial-36-Leopard-2096.jpg,0.05786385014653206
SINet/S2C,COD10K-CAM-2-Terrestrial-36-Leopard-2097.jpg,0.05911428481340408
SINet/S2C,COD10K-CAM-2-Terrestrial-36-Leopard-2098.jpg,0.04691716283559799
SINet/S2C,COD10K-CAM-2-Terrestrial-36-Leopard-2099.jpg,0.049190931022167206
SINet/S2C,COD10K-CAM-2-Terrestrial-36-Leopard-2100.jpg,0.02938201278448105
SINet/S2C,COD10K-CAM-2-Terrestrial-36-Leopard-2102.jpg,0.034852128475904465
SINet/S2C,COD10K-CAM-2-Terrestrial-37-Lion-2106.jpg,0.011923830956220627
SINet/S2C,COD10K-CAM-2-Terrestrial-37-Lion-2108.jpg,0.023703638464212418
SINet/S2C,COD10K-CAM-2-Terrestrial-37-Lion-2110.jpg,0.021227560937404633
SINet/S2C,COD10K-CAM-2-Terrestrial-37-Lion-2111.jpg,0.02041516825556755
SINet/S2C,COD10K-CAM-2-Terrestrial-37-Lion-2114.jpg,0.062021076679229736
SINet/S2C,COD10K-CAM-2-Terrestrial-37-Lion-2115.jpg,0.009662583470344543
SINet/S2C,COD10K-CAM-2-Terrestrial-37-Lion-2116.jpg,0.022107712924480438
SINet/S2C,COD10K-CAM-2-Terrestrial-37-Lion-2117.jpg,0.016491757705807686
SINet/S2C,COD10K-CAM-2-Terrestrial-37-Lion-2118.jpg,0.014185285195708275
SINet/S2C,COD10K-CAM-2-Terrestrial-38-Lizard-2120.jpg,0.02938719093799591
SINet/S2C,COD10K-CAM-2-Terrestrial-38-Lizard-2121.jpg,0.042198024690151215
SINet/S2C,COD10K-CAM-2-Terrestrial-38-Lizard-2122.jpg,0.024948347359895706
SINet/S2C,COD10K-CAM-2-Terrestrial-38-Lizard-2123.jpg,0.039865706115961075
SINet/S2C,COD10K-CAM-2-Terrestrial-38-Lizard-2124.jpg,0.04052583873271942
SINet/S2C,COD10K-CAM-2-Terrestrial-38-Lizard-2127.jpg,0.009009010158479214
SINet/S2C,COD10K-CAM-2-Terrestrial-38-Lizard-2128.jpg,0.05037902668118477
SINet/S2C,COD10K-CAM-2-Terrestrial-38-Lizard-2129.jpg,0.012938646599650383
SINet/S2C,COD10K-CAM-2-Terrestrial-38-Lizard-2130.jpg,0.013777057640254498
SINet/S2C,COD10K-CAM-2-Terrestrial-38-Lizard-2131.jpg,0.01465413998812437
SINet/S2C,COD10K-CAM-2-Terrestrial-38-Lizard-2133.jpg,0.011842574924230576
SINet/S2C,COD10K-CAM-2-Terrestrial-38-Lizard-2134.jpg,0.02209656499326229
SINet/S2C,COD10K-CAM-2-Terrestrial-38-Lizard-2136.jpg,0.04461921751499176
SINet/S2C,COD10K-CAM-2-Terrestrial-38-Lizard-2137.jpg,0.01608087308704853
SINet/S2C,COD10K-CAM-2-Terrestrial-38-Lizard-2139.jpg,0.030737098306417465
SINet/S2C,COD10K-CAM-2-Terrestrial-38-Lizard-2140.jpg,0.012821715325117111
SINet/S2C,COD10K-CAM-2-Terrestrial-38-Lizard-2143.jpg,0.01608775369822979
SINet/S2C,COD10K-CAM-2-Terrestrial-38-Lizard-2144.jpg,0.038327813148498535
SINet/S2C,COD10K-CAM-2-Terrestrial-38-Lizard-2145.jpg,0.022529084235429764
SINet/S2C,COD10K-CAM-2-Terrestrial-38-Lizard-2146.jpg,0.02225758694112301
SINet/S2C,COD10K-CAM-2-Terrestrial-38-Lizard-2147.jpg,0.024313751608133316
SINet/S2C,COD10K-CAM-2-Terrestrial-38-Lizard-2148.jpg,0.015108895488083363
SINet/S2C,COD10K-CAM-2-Terrestrial-38-Lizard-2152.jpg,0.03147367388010025
SINet/S2C,COD10K-CAM-2-Terrestrial-38-Lizard-2154.jpg,0.07351234555244446
SINet/S2C,COD10K-CAM-2-Terrestrial-38-Lizard-2156.jpg,0.018094785511493683
SINet/S2C,COD10K-CAM-2-Terrestrial-38-Lizard-2157.jpg,0.019673556089401245
SINet/S2C,COD10K-CAM-2-Terrestrial-38-Lizard-2158.jpg,0.019445646554231644
SINet/S2C,COD10K-CAM-2-Terrestrial-38-Lizard-2159.jpg,0.028747253119945526
SINet/S2C,COD10K-CAM-2-Terrestrial-38-Lizard-2160.jpg,0.026004455983638763
SINet/S2C,COD10K-CAM-2-Terrestrial-38-Lizard-2162.jpg,0.018564892932772636
SINet/S2C,COD10K-CAM-2-Terrestrial-38-Lizard-2163.jpg,0.02504619024693966
SINet/S2C,COD10K-CAM-2-Terrestrial-38-Lizard-2164.jpg,0.05125664174556732
SINet/S2C,COD10K-CAM-2-Terrestrial-38-Lizard-2168.jpg,0.029238810762763023
SINet/S2C,COD10K-CAM-2-Terrestrial-38-Lizard-2169.jpg,0.04524438455700874
SINet/S2C,COD10K-CAM-2-Terrestrial-38-Lizard-2170.jpg,0.020372290164232254
SINet/S2C,COD10K-CAM-2-Terrestrial-38-Lizard-2171.jpg,0.045490823686122894
SINet/S2C,COD10K-CAM-2-Terrestrial-38-Lizard-2174.jpg,0.024273395538330078
SINet/S2C,COD10K-CAM-2-Terrestrial-38-Lizard-2175.jpg,0.020737001672387123
SINet/S2C,COD10K-CAM-2-Terrestrial-38-Lizard-2177.jpg,0.01943616196513176
SINet/S2C,COD10K-CAM-2-Terrestrial-38-Lizard-2181.jpg,0.0592721588909626
SINet/S2C,COD10K-CAM-2-Terrestrial-38-Lizard-2182.jpg,0.0238371379673481
SINet/S2C,COD10K-CAM-2-Terrestrial-38-Lizard-2184.jpg,0.016806431114673615
SINet/S2C,COD10K-CAM-2-Terrestrial-38-Lizard-2186.jpg,0.008630465716123581
SINet/S2C,COD10K-CAM-2-Terrestrial-38-Lizard-2187.jpg,0.017845911905169487
SINet/S2C,COD10K-CAM-2-Terrestrial-38-Lizard-2188.jpg,0.022018007934093475
SINet/S2C,COD10K-CAM-2-Terrestrial-38-Lizard-2189.jpg,0.03223993629217148
SINet/S2C,COD10K-CAM-2-Terrestrial-38-Lizard-2191.jpg,0.013896726071834564
SINet/S2C,COD10K-CAM-2-Terrestrial-38-Lizard-2192.jpg,0.03492269665002823
SINet/S2C,COD10K-CAM-2-Terrestrial-38-Lizard-2193.jpg,0.02564837783575058
SINet/S2C,COD10K-CAM-2-Terrestrial-38-Lizard-2196.jpg,0.01799490489065647
SINet/S2C,COD10K-CAM-2-Terrestrial-38-Lizard-2198.jpg,0.018483508378267288
SINet/S2C,COD10K-CAM-2-Terrestrial-38-Lizard-2199.jpg,0.017136577516794205
SINet/S2C,COD10K-CAM-2-Terrestrial-38-Lizard-2200.jpg,0.026534128934144974
SINet/S2C,COD10K-CAM-2-Terrestrial-38-Lizard-2203.jpg,0.07685543596744537
SINet/S2C,COD10K-CAM-2-Terrestrial-38-Lizard-2206.jpg,0.03733571618795395
SINet/S2C,COD10K-CAM-2-Terrestrial-38-Lizard-2207.jpg,0.021640630438923836
SINet/S2C,COD10K-CAM-2-Terrestrial-38-Lizard-2208.jpg,0.02551976591348648
SINet/S2C,COD10K-CAM-2-Terrestrial-38-Lizard-2209.jpg,0.02042609080672264
SINet/S2C,COD10K-CAM-2-Terrestrial-38-Lizard-2210.jpg,0.042264193296432495
SINet/S2C,COD10K-CAM-2-Terrestrial-38-Lizard-2211.jpg,0.08656351268291473
SINet/S2C,COD10K-CAM-2-Terrestrial-38-Lizard-2214.jpg,0.014197172597050667
SINet/S2C,COD10K-CAM-2-Terrestrial-38-Lizard-2215.jpg,0.043132245540618896
SINet/S2C,COD10K-CAM-2-Terrestrial-38-Lizard-2219.jpg,0.029980463907122612
SINet/S2C,COD10K-CAM-2-Terrestrial-38-Lizard-2221.jpg,0.045396678149700165
SINet/S2C,COD10K-CAM-2-Terrestrial-38-Lizard-2222.jpg,0.0322544239461422
SINet/S2C,COD10K-CAM-2-Terrestrial-38-Lizard-2223.jpg,0.02173837646842003
SINet/S2C,COD10K-CAM-2-Terrestrial-38-Lizard-2226.jpg,0.014891820959746838
SINet/S2C,COD10K-CAM-2-Terrestrial-38-Lizard-2227.jpg,0.05088745802640915
SINet/S2C,COD10K-CAM-2-Terrestrial-38-Lizard-2228.jpg,0.02107105776667595
SINet/S2C,COD10K-CAM-2-Terrestrial-38-Lizard-2230.jpg,0.022005781531333923
SINet/S2C,COD10K-CAM-2-Terrestrial-38-Lizard-2234.jpg,0.027858659625053406
SINet/S2C,COD10K-CAM-2-Terrestrial-38-Lizard-2236.jpg,0.03560810536146164
SINet/S2C,COD10K-CAM-2-Terrestrial-38-Lizard-2237.jpg,0.03116096928715706
SINet/S2C,COD10K-CAM-2-Terrestrial-38-Lizard-2238.jpg,0.05907610058784485
SINet/S2C,COD10K-CAM-2-Terrestrial-38-Lizard-2239.jpg,0.03501063957810402
SINet/S2C,COD10K-CAM-2-Terrestrial-38-Lizard-2242.jpg,0.02104487270116806
SINet/S2C,COD10K-CAM-2-Terrestrial-38-Lizard-2246.jpg,0.012881690636277199
SINet/S2C,COD10K-CAM-2-Terrestrial-38-Lizard-2247.jpg,0.020283106714487076
SINet/S2C,COD10K-CAM-2-Terrestrial-38-Lizard-2249.jpg,0.025799429044127464
SINet/S2C,COD10K-CAM-2-Terrestrial-38-Lizard-2250.jpg,0.011762779206037521
SINet/S2C,COD10K-CAM-2-Terrestrial-38-Lizard-2252.jpg,0.03371399641036987
SINet/S2C,COD10K-CAM-2-Terrestrial-38-Lizard-2253.jpg,0.0426514632999897
SINet/S2C,COD10K-CAM-2-Terrestrial-38-Lizard-2254.jpg,0.02900557592511177
SINet/S2C,COD10K-CAM-2-Terrestrial-38-Lizard-2255.jpg,0.01728425920009613
SINet/S2C,COD10K-CAM-2-Terrestrial-38-Lizard-2257.jpg,0.014165913686156273
SINet/S2C,COD10K-CAM-2-Terrestrial-38-Lizard-2258.jpg,0.035170942544937134
SINet/S2C,COD10K-CAM-2-Terrestrial-38-Lizard-2259.jpg,0.0428759828209877
SINet/S2C,COD10K-CAM-2-Terrestrial-38-Lizard-2260.jpg,0.01703615114092827
SINet/S2C,COD10K-CAM-2-Terrestrial-38-Lizard-2262.jpg,0.01069566048681736
SINet/S2C,COD10K-CAM-2-Terrestrial-38-Lizard-2263.jpg,0.11666876077651978
SINet/S2C,COD10K-CAM-2-Terrestrial-38-Lizard-2265.jpg,0.07164120674133301
SINet/S2C,COD10K-CAM-2-Terrestrial-38-Lizard-2267.jpg,0.009055993519723415
SINet/S2C,COD10K-CAM-2-Terrestrial-38-Lizard-2268.jpg,0.02320225164294243
SINet/S2C,COD10K-CAM-2-Terrestrial-38-Lizard-2269.jpg,0.028934219852089882
SINet/S2C,COD10K-CAM-2-Terrestrial-38-Lizard-2270.jpg,0.022403433918952942
SINet/S2C,COD10K-CAM-2-Terrestrial-38-Lizard-2271.jpg,0.03517337888479233
SINet/S2C,COD10K-CAM-2-Terrestrial-38-Lizard-2272.jpg,0.022466516122221947
SINet/S2C,COD10K-CAM-2-Terrestrial-38-Lizard-2274.jpg,0.027184035629034042
SINet/S2C,COD10K-CAM-2-Terrestrial-38-Lizard-2275.jpg,0.025697816163301468
SINet/S2C,COD10K-CAM-2-Terrestrial-38-Lizard-2277.jpg,0.025199301540851593
SINet/S2C,COD10K-CAM-2-Terrestrial-38-Lizard-2280.jpg,0.011043430306017399
SINet/S2C,COD10K-CAM-2-Terrestrial-38-Lizard-2281.jpg,0.05071272328495979
SINet/S2C,COD10K-CAM-2-Terrestrial-38-Lizard-2283.jpg,0.04952583089470863
SINet/S2C,COD10K-CAM-2-Terrestrial-38-Lizard-2284.jpg,0.07134601473808289
SINet/S2C,COD10K-CAM-2-Terrestrial-38-Lizard-2287.jpg,0.021475259214639664
SINet/S2C,COD10K-CAM-2-Terrestrial-38-Lizard-2289.jpg,0.025503531098365784
SINet/S2C,COD10K-CAM-2-Terrestrial-38-Lizard-2290.jpg,0.010326865129172802
SINet/S2C,COD10K-CAM-2-Terrestrial-38-Lizard-2292.jpg,0.023847870528697968
SINet/S2C,COD10K-CAM-2-Terrestrial-38-Lizard-2293.jpg,0.01736125349998474
SINet/S2C,COD10K-CAM-2-Terrestrial-38-Lizard-2296.jpg,0.02278801053762436
SINet/S2C,COD10K-CAM-2-Terrestrial-38-Lizard-2297.jpg,0.01598648726940155
SINet/S2C,COD10K-CAM-2-Terrestrial-38-Lizard-2298.jpg,0.0439913384616375
SINet/S2C,COD10K-CAM-2-Terrestrial-38-Lizard-2299.jpg,0.021940264850854874
SINet/S2C,COD10K-CAM-2-Terrestrial-38-Lizard-2300.jpg,0.01867668330669403
SINet/S2C,COD10K-CAM-2-Terrestrial-38-Lizard-2301.jpg,0.02731601893901825
SINet/S2C,COD10K-CAM-2-Terrestrial-38-Lizard-2302.jpg,0.046399034559726715
SINet/S2C,COD10K-CAM-2-Terrestrial-38-Lizard-2303.jpg,0.01173887588083744
SINet/S2C,COD10K-CAM-2-Terrestrial-38-Lizard-2305.jpg,0.04573030024766922
SINet/S2C,COD10K-CAM-2-Terrestrial-38-Lizard-2306.jpg,0.017219655215740204
SINet/S2C,COD10K-CAM-2-Terrestrial-38-Lizard-2310.jpg,0.044748418033123016
SINet/S2C,COD10K-CAM-2-Terrestrial-38-Lizard-2311.jpg,0.017065629363059998
SINet/S2C,COD10K-CAM-2-Terrestrial-38-Lizard-2312.jpg,0.009959540329873562
SINet/S2C,COD10K-CAM-2-Terrestrial-38-Lizard-2313.jpg,0.016602247953414917
SINet/S2C,COD10K-CAM-2-Terrestrial-38-Lizard-2314.jpg,0.010195741429924965
SINet/S2C,COD10K-CAM-2-Terrestrial-38-Lizard-2317.jpg,0.02876051887869835
SINet/S2C,COD10K-CAM-2-Terrestrial-38-Lizard-2318.jpg,0.010164556093513966
SINet/S2C,COD10K-CAM-2-Terrestrial-38-Lizard-2320.jpg,0.017476394772529602
SINet/S2C,COD10K-CAM-2-Terrestrial-38-Lizard-2321.jpg,0.014382975175976753
SINet/S2C,COD10K-CAM-2-Terrestrial-38-Lizard-2322.jpg,0.012785937637090683
SINet/S2C,COD10K-CAM-2-Terrestrial-38-Lizard-2323.jpg,0.02305125631392002
SINet/S2C,COD10K-CAM-2-Terrestrial-38-Lizard-2325.jpg,0.02664218470454216
SINet/S2C,COD10K-CAM-2-Terrestrial-38-Lizard-2327.jpg,0.02569778822362423
SINet/S2C,COD10K-CAM-2-Terrestrial-38-Lizard-2328.jpg,0.02338666468858719
SINet/S2C,COD10K-CAM-2-Terrestrial-38-Lizard-2329.jpg,0.02237023040652275
SINet/S2C,COD10K-CAM-2-Terrestrial-38-Lizard-2330.jpg,0.02204972133040428
SINet/S2C,COD10K-CAM-2-Terrestrial-38-Lizard-2331.jpg,0.011020421981811523
SINet/S2C,COD10K-CAM-2-Terrestrial-38-Lizard-2332.jpg,0.031732045114040375
SINet/S2C,COD10K-CAM-2-Terrestrial-39-Monkey-2334.jpg,0.047398023307323456
SINet/S2C,COD10K-CAM-2-Terrestrial-39-Monkey-2335.jpg,0.031238969415426254
SINet/S2C,COD10K-CAM-2-Terrestrial-39-Monkey-2336.jpg,0.01589367538690567
SINet/S2C,COD10K-CAM-2-Terrestrial-39-Monkey-2337.jpg,0.017269661650061607
SINet/S2C,COD10K-CAM-2-Terrestrial-40-Rabbit-2342.jpg,0.03934786468744278
SINet/S2C,COD10K-CAM-2-Terrestrial-40-Rabbit-2343.jpg,0.013585006818175316
SINet/S2C,COD10K-CAM-2-Terrestrial-40-Rabbit-2345.jpg,0.005895635113120079
SINet/S2C,COD10K-CAM-2-Terrestrial-40-Rabbit-2349.jpg,0.04485592246055603
SINet/S2C,COD10K-CAM-2-Terrestrial-40-Rabbit-2350.jpg,0.01027555763721466
SINet/S2C,COD10K-CAM-2-Terrestrial-40-Rabbit-2353.jpg,0.012511897832155228
SINet/S2C,COD10K-CAM-2-Terrestrial-40-Rabbit-2354.jpg,0.01180433202534914
SINet/S2C,COD10K-CAM-2-Terrestrial-40-Rabbit-2355.jpg,0.006483661010861397
SINet/S2C,COD10K-CAM-2-Terrestrial-40-Rabbit-2357.jpg,0.0042562889866530895
SINet/S2C,COD10K-CAM-2-Terrestrial-40-Rabbit-2359.jpg,0.03707585483789444
SINet/S2C,COD10K-CAM-2-Terrestrial-40-Rabbit-2361.jpg,0.07159106433391571
SINet/S2C,COD10K-CAM-2-Terrestrial-40-Rabbit-2362.jpg,0.02535608783364296
SINet/S2C,COD10K-CAM-2-Terrestrial-40-Rabbit-2363.jpg,0.008850757963955402
SINet/S2C,COD10K-CAM-2-Terrestrial-40-Rabbit-2364.jpg,0.014388542622327805
SINet/S2C,COD10K-CAM-2-Terrestrial-40-Rabbit-2365.jpg,0.019197992980480194
SINet/S2C,COD10K-CAM-2-Terrestrial-40-Rabbit-2367.jpg,0.029665255919098854
SINet/S2C,COD10K-CAM-2-Terrestrial-40-Rabbit-2370.jpg,0.020415544509887695
SINet/S2C,COD10K-CAM-2-Terrestrial-40-Rabbit-2372.jpg,0.015202254056930542
SINet/S2C,COD10K-CAM-2-Terrestrial-41-Reccoon-2376.jpg,0.055655866861343384
SINet/S2C,COD10K-CAM-2-Terrestrial-41-Reccoon-2377.jpg,0.032458193600177765
SINet/S2C,COD10K-CAM-2-Terrestrial-41-Reccoon-2378.jpg,0.02014290541410446
SINet/S2C,COD10K-CAM-2-Terrestrial-42-Sciuridae-2381.jpg,0.09159879386425018
SINet/S2C,COD10K-CAM-2-Terrestrial-42-Sciuridae-2385.jpg,0.023663528263568878
SINet/S2C,COD10K-CAM-2-Terrestrial-42-Sciuridae-2387.jpg,0.01679202914237976
SINet/S2C,COD10K-CAM-2-Terrestrial-42-Sciuridae-2388.jpg,0.04721386730670929
SINet/S2C,COD10K-CAM-2-Terrestrial-42-Sciuridae-2389.jpg,0.008374174125492573
SINet/S2C,COD10K-CAM-2-Terrestrial-42-Sciuridae-2390.jpg,0.04978708550333977
SINet/S2C,COD10K-CAM-2-Terrestrial-42-Sciuridae-2391.jpg,0.021639132872223854
SINet/S2C,COD10K-CAM-2-Terrestrial-42-Sciuridae-2392.jpg,0.034489404410123825
SINet/S2C,COD10K-CAM-2-Terrestrial-42-Sciuridae-2393.jpg,0.03653167933225632
SINet/S2C,COD10K-CAM-2-Terrestrial-42-Sciuridae-2394.jpg,0.048247385770082474
SINet/S2C,COD10K-CAM-2-Terrestrial-42-Sciuridae-2396.jpg,0.04268696904182434
SINet/S2C,COD10K-CAM-2-Terrestrial-42-Sciuridae-2398.jpg,0.056292563676834106
SINet/S2C,COD10K-CAM-2-Terrestrial-42-Sciuridae-2399.jpg,0.02207172103226185
SINet/S2C,COD10K-CAM-2-Terrestrial-42-Sciuridae-2403.jpg,0.036589913070201874
SINet/S2C,COD10K-CAM-2-Terrestrial-42-Sciuridae-2404.jpg,0.029184207320213318
SINet/S2C,COD10K-CAM-2-Terrestrial-42-Sciuridae-2405.jpg,0.053499072790145874
SINet/S2C,COD10K-CAM-2-Terrestrial-42-Sciuridae-2406.jpg,0.021740872412919998
SINet/S2C,COD10K-CAM-2-Terrestrial-42-Sciuridae-2409.jpg,0.053379371762275696
SINet/S2C,COD10K-CAM-2-Terrestrial-42-Sciuridae-2411.jpg,0.012649659998714924
SINet/S2C,COD10K-CAM-2-Terrestrial-42-Sciuridae-2412.jpg,0.030029993504285812
SINet/S2C,COD10K-CAM-2-Terrestrial-42-Sciuridae-2414.jpg,0.023251120001077652
SINet/S2C,COD10K-CAM-2-Terrestrial-42-Sciuridae-2415.jpg,0.025454025715589523
SINet/S2C,COD10K-CAM-2-Terrestrial-42-Sciuridae-2416.jpg,0.028083909302949905
SINet/S2C,COD10K-CAM-2-Terrestrial-42-Sciuridae-2417.jpg,0.043386220932006836
SINet/S2C,COD10K-CAM-2-Terrestrial-43-Sheep-2419.jpg,0.013283668085932732
SINet/S2C,COD10K-CAM-2-Terrestrial-43-Sheep-2420.jpg,0.02941060997545719
SINet/S2C,COD10K-CAM-2-Terrestrial-43-Sheep-2421.jpg,0.015507444739341736
SINet/S2C,COD10K-CAM-2-Terrestrial-43-Sheep-2423.jpg,0.03878173977136612
SINet/S2C,COD10K-CAM-2-Terrestrial-44-Snake-2425.jpg,0.01506129465997219
SINet/S2C,COD10K-CAM-2-Terrestrial-44-Snake-2426.jpg,0.06312359124422073
SINet/S2C,COD10K-CAM-2-Terrestrial-44-Snake-2427.jpg,0.01190310250967741
SINet/S2C,COD10K-CAM-2-Terrestrial-44-Snake-2428.jpg,0.025146011263132095
SINet/S2C,COD10K-CAM-2-Terrestrial-44-Snake-2429.jpg,0.030387738719582558
SINet/S2C,COD10K-CAM-2-Terrestrial-44-Snake-2430.jpg,0.03537828475236893
SINet/S2C,COD10K-CAM-2-Terrestrial-44-Snake-2431.jpg,0.018047168850898743
SINet/S2C,COD10K-CAM-2-Terrestrial-44-Snake-2432.jpg,0.03062589094042778
SINet/S2C,COD10K-CAM-2-Terrestrial-44-Snake-2433.jpg,0.011823421344161034
SINet/S2C,COD10K-CAM-2-Terrestrial-44-Snake-2435.jpg,0.014785809442400932
SINet/S2C,COD10K-CAM-2-Terrestrial-44-Snake-2436.jpg,0.02872849442064762
SINet/S2C,COD10K-CAM-2-Terrestrial-44-Snake-2438.jpg,0.026826072484254837
SINet/S2C,COD10K-CAM-2-Terrestrial-44-Snake-2439.jpg,0.06770247220993042
SINet/S2C,COD10K-CAM-2-Terrestrial-44-Snake-2441.jpg,0.02597016841173172
SINet/S2C,COD10K-CAM-2-Terrestrial-44-Snake-2442.jpg,0.018418140709400177
SINet/S2C,COD10K-CAM-2-Terrestrial-44-Snake-2443.jpg,0.014407111331820488
SINet/S2C,COD10K-CAM-2-Terrestrial-44-Snake-2445.jpg,0.023290090262889862
SINet/S2C,COD10K-CAM-2-Terrestrial-44-Snake-2446.jpg,0.02429838851094246
SINet/S2C,COD10K-CAM-2-Terrestrial-44-Snake-2447.jpg,0.02753661945462227
SINet/S2C,COD10K-CAM-2-Terrestrial-44-Snake-2450.jpg,0.05234471708536148
SINet/S2C,COD10K-CAM-2-Terrestrial-44-Snake-2455.jpg,0.033912885934114456
SINet/S2C,COD10K-CAM-2-Terrestrial-44-Snake-2457.jpg,0.020878100767731667
SINet/S2C,COD10K-CAM-2-Terrestrial-44-Snake-2459.jpg,0.015830863267183304
SINet/S2C,COD10K-CAM-2-Terrestrial-44-Snake-2460.jpg,0.015442347154021263
SINet/S2C,COD10K-CAM-2-Terrestrial-44-Snake-2462.jpg,0.02216034010052681
SINet/S2C,COD10K-CAM-2-Terrestrial-44-Snake-2463.jpg,0.01115740742534399
SINet/S2C,COD10K-CAM-2-Terrestrial-44-Snake-2464.jpg,0.0489402636885643
SINet/S2C,COD10K-CAM-2-Terrestrial-44-Snake-2468.jpg,0.03378070890903473
SINet/S2C,COD10K-CAM-2-Terrestrial-44-Snake-2469.jpg,0.077327199280262
SINet/S2C,COD10K-CAM-2-Terrestrial-44-Snake-2470.jpg,0.03045421838760376
SINet/S2C,COD10K-CAM-2-Terrestrial-44-Snake-2473.jpg,0.07320547848939896
SINet/S2C,COD10K-CAM-2-Terrestrial-44-Snake-2475.jpg,0.025499356910586357
SINet/S2C,COD10K-CAM-2-Terrestrial-44-Snake-2477.jpg,0.03768907114863396
SINet/S2C,COD10K-CAM-2-Terrestrial-44-Snake-2478.jpg,0.19114303588867188
SINet/S2C,COD10K-CAM-2-Terrestrial-44-Snake-2480.jpg,0.013301024213433266
SINet/S2C,COD10K-CAM-2-Terrestrial-44-Snake-2483.jpg,0.030186127871274948
SINet/S2C,COD10K-CAM-2-Terrestrial-44-Snake-2486.jpg,0.02247253805398941
SINet/S2C,COD10K-CAM-2-Terrestrial-44-Snake-2487.jpg,0.023441210389137268
SINet/S2C,COD10K-CAM-2-Terrestrial-44-Snake-2488.jpg,0.04550955817103386
SINet/S2C,COD10K-CAM-2-Terrestrial-44-Snake-2489.jpg,0.07085034996271133
SINet/S2C,COD10K-CAM-2-Terrestrial-44-Snake-2490.jpg,0.024936193600296974
SINet/S2C,COD10K-CAM-2-Terrestrial-45-Spider-2493.jpg,0.017024578526616096
SINet/S2C,COD10K-CAM-2-Terrestrial-45-Spider-2495.jpg,0.013264378532767296
SINet/S2C,COD10K-CAM-2-Terrestrial-45-Spider-2496.jpg,0.07550575584173203
SINet/S2C,COD10K-CAM-2-Terrestrial-45-Spider-2497.jpg,0.05186518281698227
SINet/S2C,COD10K-CAM-2-Terrestrial-45-Spider-2499.jpg,0.042138319462537766
SINet/S2C,COD10K-CAM-2-Terrestrial-45-Spider-2500.jpg,0.020528776571154594
SINet/S2C,COD10K-CAM-2-Terrestrial-45-Spider-2502.jpg,0.022668372839689255
SINet/S2C,COD10K-CAM-2-Terrestrial-45-Spider-2503.jpg,0.019499797374010086
SINet/S2C,COD10K-CAM-2-Terrestrial-45-Spider-2504.jpg,0.09462916851043701
SINet/S2C,COD10K-CAM-2-Terrestrial-45-Spider-2505.jpg,0.04017358273267746
SINet/S2C,COD10K-CAM-2-Terrestrial-45-Spider-2507.jpg,0.025717806071043015
SINet/S2C,COD10K-CAM-2-Terrestrial-45-Spider-2509.jpg,0.02638201415538788
SINet/S2C,COD10K-CAM-2-Terrestrial-45-Spider-2512.jpg,0.02021024189889431
SINet/S2C,COD10K-CAM-2-Terrestrial-45-Spider-2513.jpg,0.012814628891646862
SINet/S2C,COD10K-CAM-2-Terrestrial-45-Spider-2515.jpg,0.03465420752763748
SINet/S2C,COD10K-CAM-2-Terrestrial-45-Spider-2516.jpg,0.015383857302367687
SINet/S2C,COD10K-CAM-2-Terrestrial-45-Spider-2517.jpg,0.03216220811009407
SINet/S2C,COD10K-CAM-2-Terrestrial-45-Spider-2518.jpg,0.014946836978197098
SINet/S2C,COD10K-CAM-2-Terrestrial-45-Spider-2521.jpg,0.06562791764736176
SINet/S2C,COD10K-CAM-2-Terrestrial-45-Spider-2522.jpg,0.01609007641673088
SINet/S2C,COD10K-CAM-2-Terrestrial-45-Spider-2523.jpg,0.016955537721514702
SINet/S2C,COD10K-CAM-2-Terrestrial-45-Spider-2525.jpg,0.02957247942686081
SINet/S2C,COD10K-CAM-2-Terrestrial-45-Spider-2528.jpg,0.0180792398750782
SINet/S2C,COD10K-CAM-2-Terrestrial-45-Spider-2530.jpg,0.012599952518939972
SINet/S2C,COD10K-CAM-2-Terrestrial-45-Spider-2533.jpg,0.01661038026213646
SINet/S2C,COD10K-CAM-2-Terrestrial-45-Spider-2536.jpg,0.022680718451738358
SINet/S2C,COD10K-CAM-2-Terrestrial-45-Spider-2537.jpg,0.01767965406179428
SINet/S2C,COD10K-CAM-2-Terrestrial-45-Spider-2539.jpg,0.02862255834043026
SINet/S2C,COD10K-CAM-2-Terrestrial-45-Spider-2541.jpg,0.053107455372810364
SINet/S2C,COD10K-CAM-2-Terrestrial-45-Spider-2542.jpg,0.039697665721178055
SINet/S2C,COD10K-CAM-2-Terrestrial-45-Spider-2543.jpg,0.010708840563893318
SINet/S2C,COD10K-CAM-2-Terrestrial-45-Spider-2545.jpg,0.015857484191656113
SINet/S2C,COD10K-CAM-2-Terrestrial-45-Spider-2546.jpg,0.026607420295476913
SINet/S2C,COD10K-CAM-2-Terrestrial-45-Spider-2547.jpg,0.024171054363250732
SINet/S2C,COD10K-CAM-2-Terrestrial-45-Spider-2548.jpg,0.026444027200341225
SINet/S2C,COD10K-CAM-2-Terrestrial-45-Spider-2549.jpg,0.06632698327302933
SINet/S2C,COD10K-CAM-2-Terrestrial-45-Spider-2550.jpg,0.03884785622358322
SINet/S2C,COD10K-CAM-2-Terrestrial-45-Spider-2555.jpg,0.022941887378692627
SINet/S2C,COD10K-CAM-2-Terrestrial-45-Spider-2556.jpg,0.013131381943821907
SINet/S2C,COD10K-CAM-2-Terrestrial-45-Spider-2557.jpg,0.049566999077796936
SINet/S2C,COD10K-CAM-2-Terrestrial-45-Spider-2558.jpg,0.027579138055443764
SINet/S2C,COD10K-CAM-2-Terrestrial-45-Spider-2559.jpg,0.027206527069211006
SINet/S2C,COD10K-CAM-2-Terrestrial-45-Spider-2560.jpg,0.01616160199046135
SINet/S2C,COD10K-CAM-2-Terrestrial-45-Spider-2561.jpg,0.07440681010484695
SINet/S2C,COD10K-CAM-2-Terrestrial-45-Spider-2562.jpg,0.07339072972536087
SINet/S2C,COD10K-CAM-2-Terrestrial-45-Spider-2563.jpg,0.07495561987161636
SINet/S2C,COD10K-CAM-2-Terrestrial-45-Spider-2564.jpg,0.03243245184421539
SINet/S2C,COD10K-CAM-2-Terrestrial-45-Spider-2565.jpg,0.01740875095129013
SINet/S2C,COD10K-CAM-2-Terrestrial-45-Spider-2568.jpg,0.014424920082092285
SINet/S2C,COD10K-CAM-2-Terrestrial-45-Spider-2569.jpg,0.01511403825134039
SINet/S2C,COD10K-CAM-2-Terrestrial-45-Spider-2570.jpg,0.014931818470358849
SINet/S2C,COD10K-CAM-2-Terrestrial-45-Spider-2571.jpg,0.03393803536891937
SINet/S2C,COD10K-CAM-2-Terrestrial-45-Spider-2572.jpg,0.012561541050672531
SINet/S2C,COD10K-CAM-2-Terrestrial-45-Spider-2573.jpg,0.06155841797590256
SINet/S2C,COD10K-CAM-2-Terrestrial-45-Spider-2574.jpg,0.0242617130279541
SINet/S2C,COD10K-CAM-2-Terrestrial-45-Spider-2577.jpg,0.07175780832767487
SINet/S2C,COD10K-CAM-2-Terrestrial-45-Spider-2578.jpg,0.016581706702709198
SINet/S2C,COD10K-CAM-2-Terrestrial-45-Spider-2582.jpg,0.05430644750595093
SINet/S2C,COD10K-CAM-2-Terrestrial-45-Spider-2583.jpg,0.04005753993988037
SINet/S2C,COD10K-CAM-2-Terrestrial-45-Spider-2584.jpg,0.010725611820816994
SINet/S2C,COD10K-CAM-2-Terrestrial-45-Spider-2585.jpg,0.01806282065808773
SINet/S2C,COD10K-CAM-2-Terrestrial-45-Spider-2589.jpg,0.023619266226887703
SINet/S2C,COD10K-CAM-2-Terrestrial-45-Spider-2590.jpg,0.02748887985944748
SINet/S2C,COD10K-CAM-2-Terrestrial-45-Spider-2591.jpg,0.017073417082428932
SINet/S2C,COD10K-CAM-2-Terrestrial-45-Spider-2594.jpg,0.011799134314060211
SINet/S2C,COD10K-CAM-2-Terrestrial-45-Spider-2596.jpg,0.009030806832015514
SINet/S2C,COD10K-CAM-2-Terrestrial-45-Spider-2597.jpg,0.039973482489585876
SINet/S2C,COD10K-CAM-2-Terrestrial-45-Spider-2598.jpg,0.01909763365983963
SINet/S2C,COD10K-CAM-2-Terrestrial-45-Spider-2599.jpg,0.03182436153292656
SINet/S2C,COD10K-CAM-2-Terrestrial-45-Spider-2600.jpg,0.010796446353197098
SINet/S2C,COD10K-CAM-2-Terrestrial-45-Spider-2604.jpg,0.07410691678524017
SINet/S2C,COD10K-CAM-2-Terrestrial-45-Spider-2607.jpg,0.0235392227768898
SINet/S2C,COD10K-CAM-2-Terrestrial-45-Spider-2608.jpg,0.010804014280438423
SINet/S2C,COD10K-CAM-2-Terrestrial-45-Spider-2610.jpg,0.012271983548998833
SINet/S2C,COD10K-CAM-2-Terrestrial-45-Spider-2611.jpg,0.02828744240105152
SINet/S2C,COD10K-CAM-2-Terrestrial-45-Spider-2612.jpg,0.009070508182048798
SINet/S2C,COD10K-CAM-2-Terrestrial-45-Spider-2613.jpg,0.014665305614471436
SINet/S2C,COD10K-CAM-2-Terrestrial-45-Spider-2615.jpg,0.02424616925418377
SINet/S2C,COD10K-CAM-2-Terrestrial-45-Spider-2618.jpg,0.02355024963617325
SINet/S2C,COD10K-CAM-2-Terrestrial-45-Spider-2619.jpg,0.014028689824044704
SINet/S2C,COD10K-CAM-2-Terrestrial-45-Spider-2622.jpg,0.08284207433462143
SINet/S2C,COD10K-CAM-2-Terrestrial-45-Spider-2623.jpg,0.013321097940206528
SINet/S2C,COD10K-CAM-2-Terrestrial-45-Spider-2624.jpg,0.01283325906842947
SINet/S2C,COD10K-CAM-2-Terrestrial-45-Spider-2625.jpg,0.07429833710193634
SINet/S2C,COD10K-CAM-2-Terrestrial-45-Spider-2628.jpg,0.041096046566963196
SINet/S2C,COD10K-CAM-2-Terrestrial-45-Spider-2629.jpg,0.03337511420249939
SINet/S2C,COD10K-CAM-2-Terrestrial-45-Spider-2633.jpg,0.0244509968906641
SINet/S2C,COD10K-CAM-2-Terrestrial-45-Spider-2634.jpg,0.13308702409267426
SINet/S2C,COD10K-CAM-2-Terrestrial-45-Spider-2635.jpg,0.038609761744737625
SINet/S2C,COD10K-CAM-2-Terrestrial-45-Spider-2636.jpg,0.011426669545471668
SINet/S2C,COD10K-CAM-2-Terrestrial-45-Spider-2638.jpg,0.05187128856778145
SINet/S2C,COD10K-CAM-2-Terrestrial-45-Spider-2639.jpg,0.026268960908055305
SINet/S2C,COD10K-CAM-2-Terrestrial-45-Spider-2642.jpg,0.05678042024374008
SINet/S2C,COD10K-CAM-2-Terrestrial-45-Spider-2643.jpg,0.014730550348758698
SINet/S2C,COD10K-CAM-2-Terrestrial-45-Spider-2644.jpg,0.03851579502224922
SINet/S2C,COD10K-CAM-2-Terrestrial-45-Spider-2647.jpg,0.009639701806008816
SINet/S2C,COD10K-CAM-2-Terrestrial-45-Spider-2648.jpg,0.0189688540995121
SINet/S2C,COD10K-CAM-2-Terrestrial-45-Spider-2651.jpg,0.026944052428007126
SINet/S2C,COD10K-CAM-2-Terrestrial-45-Spider-2654.jpg,0.08067625015974045
SINet/S2C,COD10K-CAM-2-Terrestrial-45-Spider-2655.jpg,0.024871662259101868
SINet/S2C,COD10K-CAM-2-Terrestrial-45-Spider-2657.jpg,0.06991344690322876
SINet/S2C,COD10K-CAM-2-Terrestrial-45-Spider-2660.jpg,0.021366756409406662
SINet/S2C,COD10K-CAM-2-Terrestrial-45-Spider-2661.jpg,0.04610833153128624
SINet/S2C,COD10K-CAM-2-Terrestrial-45-Spider-2662.jpg,0.02719757705926895
SINet/S2C,COD10K-CAM-2-Terrestrial-45-Spider-2663.jpg,0.009210329502820969
SINet/S2C,COD10K-CAM-2-Terrestrial-45-Spider-2664.jpg,0.047755803912878036
SINet/S2C,COD10K-CAM-2-Terrestrial-45-Spider-2666.jpg,0.01342549454420805
SINet/S2C,COD10K-CAM-2-Terrestrial-45-Spider-2668.jpg,0.025750841945409775
SINet/S2C,COD10K-CAM-2-Terrestrial-45-Spider-2669.jpg,0.01389571838080883
SINet/S2C,COD10K-CAM-2-Terrestrial-45-Spider-2672.jpg,0.016379624605178833
SINet/S2C,COD10K-CAM-2-Terrestrial-45-Spider-2674.jpg,0.06785459816455841
SINet/S2C,COD10K-CAM-2-Terrestrial-45-Spider-2675.jpg,0.09370508790016174
SINet/S2C,COD10K-CAM-2-Terrestrial-45-Spider-2676.jpg,0.02944868803024292
SINet/S2C,COD10K-CAM-2-Terrestrial-45-Spider-2678.jpg,0.03472026437520981
SINet/S2C,COD10K-CAM-2-Terrestrial-45-Spider-2679.jpg,0.012296975590288639
SINet/S2C,COD10K-CAM-2-Terrestrial-45-Spider-2680.jpg,0.02019629068672657
SINet/S2C,COD10K-CAM-2-Terrestrial-45-Spider-2681.jpg,0.023204602301120758
SINet/S2C,COD10K-CAM-2-Terrestrial-45-Spider-2682.jpg,0.04406227171421051
SINet/S2C,COD10K-CAM-2-Terrestrial-45-Spider-2684.jpg,0.02139238640666008
SINet/S2C,COD10K-CAM-2-Terrestrial-45-Spider-2685.jpg,0.015038259327411652
SINet/S2C,COD10K-CAM-2-Terrestrial-45-Spider-2686.jpg,0.06023057922720909
SINet/S2C,COD10K-CAM-2-Terrestrial-45-Spider-2687.jpg,0.015312375500798225
SINet/S2C,COD10K-CAM-2-Terrestrial-45-Spider-2688.jpg,0.026209939271211624
SINet/S2C,COD10K-CAM-2-Terrestrial-45-Spider-2689.jpg,0.027959700673818588
SINet/S2C,COD10K-CAM-2-Terrestrial-45-Spider-2691.jpg,0.04082510247826576
SINet/S2C,COD10K-CAM-2-Terrestrial-45-Spider-2692.jpg,0.1001545861363411
SINet/S2C,COD10K-CAM-2-Terrestrial-45-Spider-2695.jpg,0.012908389791846275
SINet/S2C,COD10K-CAM-2-Terrestrial-45-Spider-2696.jpg,0.015059083700180054
SINet/S2C,COD10K-CAM-2-Terrestrial-45-Spider-2698.jpg,0.0323326550424099
SINet/S2C,COD10K-CAM-2-Terrestrial-45-Spider-2699.jpg,0.052158840000629425
SINet/S2C,COD10K-CAM-2-Terrestrial-45-Spider-2700.jpg,0.011197445914149284
SINet/S2C,COD10K-CAM-2-Terrestrial-45-Spider-2705.jpg,0.024084318429231644
SINet/S2C,COD10K-CAM-2-Terrestrial-45-Spider-2706.jpg,0.01447097584605217
SINet/S2C,COD10K-CAM-2-Terrestrial-45-Spider-2708.jpg,0.02568279579281807
SINet/S2C,COD10K-CAM-2-Terrestrial-45-Spider-2710.jpg,0.029716014862060547
SINet/S2C,COD10K-CAM-2-Terrestrial-45-Spider-2711.jpg,0.03087320551276207
SINet/S2C,COD10K-CAM-2-Terrestrial-45-Spider-2712.jpg,0.016711503267288208
SINet/S2C,COD10K-CAM-2-Terrestrial-45-Spider-2713.jpg,0.020324595272541046
SINet/S2C,COD10K-CAM-2-Terrestrial-45-Spider-2714.jpg,0.05907201021909714
SINet/S2C,COD10K-CAM-2-Terrestrial-45-Spider-2716.jpg,0.028734393417835236
SINet/S2C,COD10K-CAM-2-Terrestrial-45-Spider-2722.jpg,0.027373947203159332
SINet/S2C,COD10K-CAM-2-Terrestrial-45-Spider-2724.jpg,0.015239017084240913
SINet/S2C,COD10K-CAM-2-Terrestrial-45-Spider-2725.jpg,0.027691550552845
SINet/S2C,COD10K-CAM-2-Terrestrial-45-Spider-2726.jpg,0.0385369174182415
SINet/S2C,COD10K-CAM-2-Terrestrial-45-Spider-2729.jpg,0.053736612200737
SINet/S2C,COD10K-CAM-2-Terrestrial-45-Spider-2733.jpg,0.02675876021385193
SINet/S2C,COD10K-CAM-2-Terrestrial-45-Spider-2734.jpg,0.013978803530335426
SINet/S2C,COD10K-CAM-2-Terrestrial-45-Spider-2738.jpg,0.03988730162382126
SINet/S2C,COD10K-CAM-2-Terrestrial-45-Spider-2739.jpg,0.03973832726478577
SINet/S2C,COD10K-CAM-2-Terrestrial-45-Spider-2740.jpg,0.020136065781116486
SINet/S2C,COD10K-CAM-2-Terrestrial-45-Spider-2742.jpg,0.04111919924616814
SINet/S2C,COD10K-CAM-2-Terrestrial-45-Spider-2743.jpg,0.1066964641213417
SINet/S2C,COD10K-CAM-2-Terrestrial-45-Spider-2744.jpg,0.0253151748329401
SINet/S2C,COD10K-CAM-2-Terrestrial-45-Spider-2746.jpg,0.026165679097175598
SINet/S2C,COD10K-CAM-2-Terrestrial-45-Spider-2747.jpg,0.04234709590673447
SINet/S2C,COD10K-CAM-2-Terrestrial-45-Spider-2748.jpg,0.02033388614654541
SINet/S2C,COD10K-CAM-2-Terrestrial-45-Spider-2749.jpg,0.03986851125955582
SINet/S2C,COD10K-CAM-2-Terrestrial-45-Spider-2750.jpg,0.006012929603457451
SINet/S2C,COD10K-CAM-2-Terrestrial-45-Spider-2751.jpg,0.04042661935091019
SINet/S2C,COD10K-CAM-2-Terrestrial-45-Spider-2752.jpg,0.01207628846168518
SINet/S2C,COD10K-CAM-2-Terrestrial-45-Spider-2753.jpg,0.020201843231916428
SINet/S2C,COD10K-CAM-2-Terrestrial-45-Spider-2755.jpg,0.024571754038333893
SINet/S2C,COD10K-CAM-2-Terrestrial-45-Spider-2757.jpg,0.05657151713967323
SINet/S2C,COD10K-CAM-2-Terrestrial-45-Spider-2758.jpg,0.036356329917907715
SINet/S2C,COD10K-CAM-2-Terrestrial-45-Spider-2761.jpg,0.013706673868000507
SINet/S2C,COD10K-CAM-2-Terrestrial-45-Spider-2764.jpg,0.029367823153734207
SINet/S2C,COD10K-CAM-2-Terrestrial-45-Spider-2765.jpg,0.05100919306278229
SINet/S2C,COD10K-CAM-2-Terrestrial-45-Spider-2766.jpg,0.00807789247483015
SINet/S2C,COD10K-CAM-2-Terrestrial-45-Spider-2767.jpg,0.055717844516038895
SINet/S2C,COD10K-CAM-2-Terrestrial-45-Spider-2768.jpg,0.009403249248862267
SINet/S2C,COD10K-CAM-2-Terrestrial-45-Spider-2774.jpg,0.26947104930877686
SINet/S2C,COD10K-CAM-2-Terrestrial-45-Spider-2775.jpg,0.08595099300146103
SINet/S2C,COD10K-CAM-2-Terrestrial-45-Spider-2776.jpg,0.06181567162275314
SINet/S2C,COD10K-CAM-2-Terrestrial-45-Spider-2777.jpg,0.04509604722261429
SINet/S2C,COD10K-CAM-2-Terrestrial-45-Spider-2778.jpg,0.015772178769111633
SINet/S2C,COD10K-CAM-2-Terrestrial-45-Spider-2780.jpg,0.010840430855751038
SINet/S2C,COD10K-CAM-2-Terrestrial-45-Spider-2781.jpg,0.06880959868431091
SINet/S2C,COD10K-CAM-2-Terrestrial-45-Spider-2784.jpg,0.02306622639298439
SINet/S2C,COD10K-CAM-2-Terrestrial-45-Spider-2785.jpg,0.07967491447925568
SINet/S2C,COD10K-CAM-2-Terrestrial-45-Spider-2786.jpg,0.0827319547533989
SINet/S2C,COD10K-CAM-2-Terrestrial-45-Spider-2787.jpg,0.050172965973615646
SINet/S2C,COD10K-CAM-2-Terrestrial-45-Spider-2788.jpg,0.10713937878608704
SINet/S2C,COD10K-CAM-2-Terrestrial-45-Spider-2790.jpg,0.06285104900598526
SINet/S2C,COD10K-CAM-2-Terrestrial-45-Spider-2793.jpg,0.020552093163132668
SINet/S2C,COD10K-CAM-2-Terrestrial-45-Spider-2795.jpg,0.03911455348134041
SINet/S2C,COD10K-CAM-2-Terrestrial-45-Spider-2797.jpg,0.02245699241757393
SINet/S2C,COD10K-CAM-2-Terrestrial-46-StickInsect-2799.jpg,0.07610542327165604
SINet/S2C,COD10K-CAM-2-Terrestrial-46-StickInsect-2800.jpg,0.04596513509750366
SINet/S2C,COD10K-CAM-2-Terrestrial-46-StickInsect-2801.jpg,0.06659859418869019
SINet/S2C,COD10K-CAM-2-Terrestrial-46-StickInsect-2802.jpg,0.035347484052181244
SINet/S2C,COD10K-CAM-2-Terrestrial-46-StickInsect-2803.jpg,0.025150084868073463
SINet/S2C,COD10K-CAM-2-Terrestrial-46-StickInsect-2812.jpg,0.04274095594882965
SINet/S2C,COD10K-CAM-2-Terrestrial-46-StickInsect-2814.jpg,0.0462932214140892
SINet/S2C,COD10K-CAM-2-Terrestrial-46-StickInsect-2821.jpg,0.07506619393825531
SINet/S2C,COD10K-CAM-2-Terrestrial-46-StickInsect-2822.jpg,0.055441759526729584
SINet/S2C,COD10K-CAM-2-Terrestrial-46-StickInsect-2823.jpg,0.05544840171933174
SINet/S2C,COD10K-CAM-2-Terrestrial-46-StickInsect-2824.jpg,0.03350174427032471
SINet/S2C,COD10K-CAM-2-Terrestrial-46-StickInsect-2826.jpg,0.033294886350631714
SINet/S2C,COD10K-CAM-2-Terrestrial-46-StickInsect-2828.jpg,0.01499314233660698
SINet/S2C,COD10K-CAM-2-Terrestrial-46-StickInsect-2830.jpg,0.1104496493935585
SINet/S2C,COD10K-CAM-2-Terrestrial-46-StickInsect-2834.jpg,0.029917830601334572
SINet/S2C,COD10K-CAM-2-Terrestrial-46-StickInsect-2835.jpg,0.03581450879573822
SINet/S2C,COD10K-CAM-2-Terrestrial-46-StickInsect-2837.jpg,0.08688201010227203
SINet/S2C,COD10K-CAM-2-Terrestrial-46-StickInsect-2838.jpg,0.04349822551012039
SINet/S2C,COD10K-CAM-2-Terrestrial-46-StickInsect-2840.jpg,0.21198487281799316
SINet/S2C,COD10K-CAM-2-Terrestrial-46-StickInsect-2845.jpg,0.05236058309674263
SINet/S2C,COD10K-CAM-2-Terrestrial-46-StickInsect-2846.jpg,0.028379149734973907
SINet/S2C,COD10K-CAM-2-Terrestrial-46-StickInsect-2847.jpg,0.04656589776277542
SINet/S2C,COD10K-CAM-2-Terrestrial-46-StickInsect-2848.jpg,0.01848164200782776
SINet/S2C,COD10K-CAM-2-Terrestrial-46-StickInsect-2849.jpg,0.02637207880616188
SINet/S2C,COD10K-CAM-2-Terrestrial-46-StickInsect-2851.jpg,0.03172235190868378
SINet/S2C,COD10K-CAM-2-Terrestrial-46-StickInsect-2852.jpg,0.02697528339922428
SINet/S2C,COD10K-CAM-2-Terrestrial-46-StickInsect-2853.jpg,0.01854325830936432
SINet/S2C,COD10K-CAM-2-Terrestrial-46-StickInsect-2854.jpg,0.01602921634912491
SINet/S2C,COD10K-CAM-2-Terrestrial-46-StickInsect-2855.jpg,0.04474226012825966
SINet/S2C,COD10K-CAM-2-Terrestrial-46-StickInsect-2857.jpg,0.03000255487859249
SINet/S2C,COD10K-CAM-2-Terrestrial-46-StickInsect-2860.jpg,0.019366607069969177
SINet/S2C,COD10K-CAM-2-Terrestrial-46-StickInsect-2861.jpg,0.01671547442674637
SINet/S2C,COD10K-CAM-2-Terrestrial-46-StickInsect-2862.jpg,0.0625632032752037
SINet/S2C,COD10K-CAM-2-Terrestrial-46-StickInsect-2863.jpg,0.022521037608385086
SINet/S2C,COD10K-CAM-2-Terrestrial-46-StickInsect-2866.jpg,0.026076659560203552
SINet/S2C,COD10K-CAM-2-Terrestrial-46-StickInsect-2868.jpg,0.02529202215373516
SINet/S2C,COD10K-CAM-2-Terrestrial-46-StickInsect-2871.jpg,0.04061165824532509
SINet/S2C,COD10K-CAM-2-Terrestrial-46-StickInsect-2872.jpg,0.030775927007198334
SINet/S2C,COD10K-CAM-2-Terrestrial-46-StickInsect-2874.jpg,0.0680120438337326
SINet/S2C,COD10K-CAM-2-Terrestrial-47-Tiger-2875.jpg,0.09025585651397705
SINet/S2C,COD10K-CAM-2-Terrestrial-47-Tiger-2878.jpg,0.022408273071050644
SINet/S2C,COD10K-CAM-2-Terrestrial-47-Tiger-2879.jpg,0.036321379244327545
SINet/S2C,COD10K-CAM-2-Terrestrial-47-Tiger-2880.jpg,0.09025585651397705
SINet/S2C,COD10K-CAM-2-Terrestrial-47-Tiger-2881.jpg,0.011719249188899994
SINet/S2C,COD10K-CAM-2-Terrestrial-47-Tiger-2882.jpg,0.03584198281168938
SINet/S2C,COD10K-CAM-2-Terrestrial-47-Tiger-2885.jpg,0.024868536740541458
SINet/S2C,COD10K-CAM-2-Terrestrial-47-Tiger-2888.jpg,0.011560959741473198
SINet/S2C,COD10K-CAM-2-Terrestrial-47-Tiger-2891.jpg,0.061668213456869125
SINet/S2C,COD10K-CAM-2-Terrestrial-47-Tiger-2892.jpg,0.043602459132671356
SINet/S2C,COD10K-CAM-2-Terrestrial-47-Tiger-2894.jpg,0.017676956951618195
SINet/S2C,COD10K-CAM-2-Terrestrial-47-Tiger-2895.jpg,0.017907215282320976
SINet/S2C,COD10K-CAM-2-Terrestrial-47-Tiger-2896.jpg,0.013251148164272308
SINet/S2C,COD10K-CAM-2-Terrestrial-47-Tiger-2897.jpg,0.017364200204610825
SINet/S2C,COD10K-CAM-2-Terrestrial-47-Tiger-2898.jpg,0.03284786269068718
SINet/S2C,COD10K-CAM-2-Terrestrial-47-Tiger-2900.jpg,0.01899644359946251
SINet/S2C,COD10K-CAM-2-Terrestrial-47-Tiger-2904.jpg,0.01660008542239666
SINet/S2C,COD10K-CAM-2-Terrestrial-47-Tiger-2905.jpg,0.0160561203956604
SINet/S2C,COD10K-CAM-2-Terrestrial-47-Tiger-2908.jpg,0.008893524296581745
SINet/S2C,COD10K-CAM-2-Terrestrial-47-Tiger-2909.jpg,0.009350069798529148
SINet/S2C,COD10K-CAM-2-Terrestrial-47-Tiger-2911.jpg,0.018611520528793335
SINet/S2C,COD10K-CAM-2-Terrestrial-47-Tiger-2912.jpg,0.013663728721439838
SINet/S2C,COD10K-CAM-2-Terrestrial-48-Wolf-2913.jpg,0.023054618388414383
SINet/S2C,COD10K-CAM-2-Terrestrial-48-Wolf-2915.jpg,0.008986660279333591
SINet/S2C,COD10K-CAM-2-Terrestrial-48-Wolf-2919.jpg,0.02099345438182354
SINet/S2C,COD10K-CAM-2-Terrestrial-48-Wolf-2920.jpg,0.025157660245895386
SINet/S2C,COD10K-CAM-2-Terrestrial-48-Wolf-2923.jpg,0.019881166517734528
SINet/S2C,COD10K-CAM-2-Terrestrial-49-Worm-2924.jpg,0.04521741718053818
SINet/S2C,COD10K-CAM-2-Terrestrial-49-Worm-2925.jpg,0.022362958639860153
SINet/S2C,COD10K-CAM-2-Terrestrial-49-Worm-2926.jpg,0.05102573335170746
SINet/S2C,COD10K-CAM-2-Terrestrial-49-Worm-2927.jpg,0.03627299517393112
SINet/S2C,COD10K-CAM-2-Terrestrial-49-Worm-2928.jpg,0.04448389261960983
SINet/S2C,COD10K-CAM-2-Terrestrial-49-Worm-2931.jpg,0.03447602689266205
SINet/S2C,COD10K-CAM-2-Terrestrial-49-Worm-2932.jpg,0.016326284036040306
SINet/S2C,COD10K-CAM-2-Terrestrial-49-Worm-2933.jpg,0.07900607585906982
SINet/S2C,COD10K-CAM-2-Terrestrial-49-Worm-2935.jpg,0.07444138824939728
SINet/S2C,COD10K-CAM-2-Terrestrial-49-Worm-2936.jpg,0.07493797689676285
SINet/S2C,COD10K-CAM-2-Terrestrial-49-Worm-2937.jpg,0.020648814737796783
SINet/S2C,COD10K-CAM-2-Terrestrial-49-Worm-2938.jpg,0.07155948877334595
SINet/S2C,COD10K-CAM-2-Terrestrial-49-Worm-2940.jpg,0.040741972625255585
SINet/S2C,COD10K-CAM-2-Terrestrial-49-Worm-2942.jpg,0.03779948502779007
SINet/S2C,COD10K-CAM-2-Terrestrial-49-Worm-2943.jpg,0.058427728712558746
SINet/S2C,COD10K-CAM-2-Terrestrial-49-Worm-2945.jpg,0.05692148208618164
SINet/S2C,COD10K-CAM-2-Terrestrial-49-Worm-2946.jpg,0.03741274029016495
SINet/S2C,COD10K-CAM-2-Terrestrial-49-Worm-2947.jpg,0.04853422939777374
SINet/S2C,COD10K-CAM-2-Terrestrial-49-Worm-2951.jpg,0.03014224022626877
SINet/S2C,COD10K-CAM-3-Flying-50-Bat-2957.jpg,0.03168579563498497
SINet/S2C,COD10K-CAM-3-Flying-50-Bat-2958.jpg,0.016316846013069153
SINet/S2C,COD10K-CAM-3-Flying-50-Bat-2961.jpg,0.02937166765332222
SINet/S2C,COD10K-CAM-3-Flying-50-Bat-2964.jpg,0.024940144270658493
SINet/S2C,COD10K-CAM-3-Flying-50-Bat-2965.jpg,0.045774735510349274
SINet/S2C,COD10K-CAM-3-Flying-50-Bat-2966.jpg,0.03062565252184868
SINet/S2C,COD10K-CAM-3-Flying-50-Bat-2969.jpg,0.012247418984770775
SINet/S2C,COD10K-CAM-3-Flying-50-Bat-2971.jpg,0.040125247091054916
SINet/S2C,COD10K-CAM-3-Flying-50-Bat-2973.jpg,0.030297277495265007
SINet/S2C,COD10K-CAM-3-Flying-50-Bat-2974.jpg,0.08552257716655731
SINet/S2C,COD10K-CAM-3-Flying-51-Bee-2978.jpg,0.08219335228204727
SINet/S2C,COD10K-CAM-3-Flying-51-Bee-2979.jpg,0.026746004819869995
SINet/S2C,COD10K-CAM-3-Flying-51-Bee-2980.jpg,0.02608272060751915
SINet/S2C,COD10K-CAM-3-Flying-51-Bee-2984.jpg,0.04356691241264343
SINet/S2C,COD10K-CAM-3-Flying-51-Bee-2987.jpg,0.046971578150987625
SINet/S2C,COD10K-CAM-3-Flying-51-Bee-2988.jpg,0.0973973423242569
SINet/S2C,COD10K-CAM-3-Flying-51-Bee-2989.jpg,0.033860065042972565
SINet/S2C,COD10K-CAM-3-Flying-51-Bee-2990.jpg,0.11466377973556519
SINet/S2C,COD10K-CAM-3-Flying-51-Bee-2991.jpg,0.15031112730503082
SINet/S2C,COD10K-CAM-3-Flying-51-Bee-2992.jpg,0.021016055718064308
SINet/S2C,COD10K-CAM-3-Flying-51-Bee-2994.jpg,0.04911590367555618
SINet/S2C,COD10K-CAM-3-Flying-51-Bee-2996.jpg,0.059286098927259445
SINet/S2C,COD10K-CAM-3-Flying-51-Bee-2998.jpg,0.11060714721679688
SINet/S2C,COD10K-CAM-3-Flying-51-Bee-3000.jpg,0.024713458493351936
SINet/S2C,COD10K-CAM-3-Flying-51-Bee-3001.jpg,0.013118441216647625
SINet/S2C,COD10K-CAM-3-Flying-51-Bee-3003.jpg,0.02094504050910473
SINet/S2C,COD10K-CAM-3-Flying-51-Bee-3004.jpg,0.01673460379242897
SINet/S2C,COD10K-CAM-3-Flying-51-Bee-3005.jpg,0.03482867777347565
SINet/S2C,COD10K-CAM-3-Flying-52-Beetle-3006.jpg,0.024067262187600136
SINet/S2C,COD10K-CAM-3-Flying-52-Beetle-3008.jpg,0.017123904079198837
SINet/S2C,COD10K-CAM-3-Flying-52-Beetle-3010.jpg,0.029597949236631393
SINet/S2C,COD10K-CAM-3-Flying-52-Beetle-3012.jpg,0.03484559431672096
SINet/S2C,COD10K-CAM-3-Flying-52-Beetle-3013.jpg,0.03284359723329544
SINet/S2C,COD10K-CAM-3-Flying-53-Bird-3014.jpg,0.015914663672447205
SINet/S2C,COD10K-CAM-3-Flying-53-Bird-3016.jpg,0.031082667410373688
SINet/S2C,COD10K-CAM-3-Flying-53-Bird-3017.jpg,0.025460967794060707
SINet/S2C,COD10K-CAM-3-Flying-53-Bird-3018.jpg,0.055843427777290344
SINet/S2C,COD10K-CAM-3-Flying-53-Bird-3019.jpg,0.014746866188943386
SINet/S2C,COD10K-CAM-3-Flying-53-Bird-3020.jpg,0.0221360195428133
SINet/S2C,COD10K-CAM-3-Flying-53-Bird-3025.jpg,0.02087102085351944
SINet/S2C,COD10K-CAM-3-Flying-53-Bird-3027.jpg,0.030559498816728592
SINet/S2C,COD10K-CAM-3-Flying-53-Bird-3029.jpg,0.009543588384985924
SINet/S2C,COD10K-CAM-3-Flying-53-Bird-3033.jpg,0.016968542709946632
SINet/S2C,COD10K-CAM-3-Flying-53-Bird-3034.jpg,0.02892654947936535
SINet/S2C,COD10K-CAM-3-Flying-53-Bird-3035.jpg,0.11525212973356247
SINet/S2C,COD10K-CAM-3-Flying-53-Bird-3039.jpg,0.02431032434105873
SINet/S2C,COD10K-CAM-3-Flying-53-Bird-3042.jpg,0.007037753239274025
SINet/S2C,COD10K-CAM-3-Flying-53-Bird-3043.jpg,0.01613667607307434
SINet/S2C,COD10K-CAM-3-Flying-53-Bird-3044.jpg,0.057520732283592224
SINet/S2C,COD10K-CAM-3-Flying-53-Bird-3045.jpg,0.012197578325867653
SINet/S2C,COD10K-CAM-3-Flying-53-Bird-3047.jpg,0.03429756313562393
SINet/S2C,COD10K-CAM-3-Flying-53-Bird-3048.jpg,0.01374527346342802
SINet/S2C,COD10K-CAM-3-Flying-53-Bird-3050.jpg,0.006659029051661491
SINet/S2C,COD10K-CAM-3-Flying-53-Bird-3055.jpg,0.023306766524910927
SINet/S2C,COD10K-CAM-3-Flying-53-Bird-3058.jpg,0.009387554600834846
SINet/S2C,COD10K-CAM-3-Flying-53-Bird-3060.jpg,0.020748138427734375
SINet/S2C,COD10K-CAM-3-Flying-53-Bird-3061.jpg,0.029220398515462875
SINet/S2C,COD10K-CAM-3-Flying-53-Bird-3063.jpg,0.011372121050953865
SINet/S2C,COD10K-CAM-3-Flying-53-Bird-3065.jpg,0.019967131316661835
SINet/S2C,COD10K-CAM-3-Flying-53-Bird-3066.jpg,0.013541055843234062
SINet/S2C,COD10K-CAM-3-Flying-53-Bird-3067.jpg,0.02381017804145813
SINet/S2C,COD10K-CAM-3-Flying-53-Bird-3070.jpg,0.010033436119556427
SINet/S2C,COD10K-CAM-3-Flying-53-Bird-3071.jpg,0.027981240302324295
SINet/S2C,COD10K-CAM-3-Flying-53-Bird-3072.jpg,0.022301126271486282
SINet/S2C,COD10K-CAM-3-Flying-53-Bird-3073.jpg,0.009473223239183426
SINet/S2C,COD10K-CAM-3-Flying-53-Bird-3074.jpg,0.013130979612469673
SINet/S2C,COD10K-CAM-3-Flying-53-Bird-3076.jpg,0.02461828663945198
SINet/S2C,COD10K-CAM-3-Flying-53-Bird-3079.jpg,0.024572167545557022
SINet/S2C,COD10K-CAM-3-Flying-53-Bird-3081.jpg,0.030159858986735344
SINet/S2C,COD10K-CAM-3-Flying-53-Bird-3085.jpg,0.03802155703306198
SINet/S2C,COD10K-CAM-3-Flying-53-Bird-3086.jpg,0.017695190384984016
SINet/S2C,COD10K-CAM-3-Flying-53-Bird-3088.jpg,0.019428309053182602
SINet/S2C,COD10K-CAM-3-Flying-53-Bird-3090.jpg,0.013255419209599495
SINet/S2C,COD10K-CAM-3-Flying-53-Bird-3091.jpg,0.008770563639700413
SINet/S2C,COD10K-CAM-3-Flying-53-Bird-3092.jpg,0.19488565623760223
SINet/S2C,COD10K-CAM-3-Flying-53-Bird-3094.jpg,0.029902111738920212
SINet/S2C,COD10K-CAM-3-Flying-53-Bird-3095.jpg,0.028775766491889954
SINet/S2C,COD10K-CAM-3-Flying-53-Bird-3097.jpg,0.02607523649930954
SINet/S2C,COD10K-CAM-3-Flying-53-Bird-3098.jpg,0.02351735346019268
SINet/S2C,COD10K-CAM-3-Flying-53-Bird-3099.jpg,0.022598110139369965
SINet/S2C,COD10K-CAM-3-Flying-53-Bird-3100.jpg,0.01760086417198181
SINet/S2C,COD10K-CAM-3-Flying-53-Bird-3101.jpg,0.03584076836705208
SINet/S2C,COD10K-CAM-3-Flying-53-Bird-3102.jpg,0.01119400467723608
SINet/S2C,COD10K-CAM-3-Flying-53-Bird-3103.jpg,0.036931902170181274
SINet/S2C,COD10K-CAM-3-Flying-53-Bird-3106.jpg,0.01984761841595173
SINet/S2C,COD10K-CAM-3-Flying-53-Bird-3107.jpg,0.02037045732140541
SINet/S2C,COD10K-CAM-3-Flying-53-Bird-3108.jpg,0.029384074732661247
SINet/S2C,COD10K-CAM-3-Flying-53-Bird-3109.jpg,0.012906430289149284
SINet/S2C,COD10K-CAM-3-Flying-53-Bird-3110.jpg,0.010689287446439266
SINet/S2C,COD10K-CAM-3-Flying-53-Bird-3111.jpg,0.01904180273413658
SINet/S2C,COD10K-CAM-3-Flying-53-Bird-3113.jpg,0.016528945416212082
SINet/S2C,COD10K-CAM-3-Flying-53-Bird-3114.jpg,0.012997712939977646
SINet/S2C,COD10K-CAM-3-Flying-53-Bird-3115.jpg,0.01626873016357422
SINet/S2C,COD10K-CAM-3-Flying-53-Bird-3116.jpg,0.02325280010700226
SINet/S2C,COD10K-CAM-3-Flying-53-Bird-3117.jpg,0.0152156762778759
SINet/S2C,COD10K-CAM-3-Flying-53-Bird-3118.jpg,0.020734192803502083
SINet/S2C,COD10K-CAM-3-Flying-53-Bird-3120.jpg,0.051073916256427765
SINet/S2C,COD10K-CAM-3-Flying-53-Bird-3122.jpg,0.012696759775280952
SINet/S2C,COD10K-CAM-3-Flying-53-Bird-3124.jpg,0.012411070056259632
SINet/S2C,COD10K-CAM-3-Flying-53-Bird-3126.jpg,0.012497300282120705
SINet/S2C,COD10K-CAM-3-Flying-53-Bird-3127.jpg,0.023037783801555634
SINet/S2C,COD10K-CAM-3-Flying-53-Bird-3129.jpg,0.010820231400430202
SINet/S2C,COD10K-CAM-3-Flying-53-Bird-3130.jpg,0.01513473130762577
SINet/S2C,COD10K-CAM-3-Flying-53-Bird-3131.jpg,0.03323429450392723
SINet/S2C,COD10K-CAM-3-Flying-53-Bird-3134.jpg,0.0157144945114851
SINet/S2C,COD10K-CAM-3-Flying-53-Bird-3135.jpg,0.014429941773414612
SINet/S2C,COD10K-CAM-3-Flying-53-Bird-3136.jpg,0.012362614274024963
SINet/S2C,COD10K-CAM-3-Flying-53-Bird-3137.jpg,0.02984229102730751
SINet/S2C,COD10K-CAM-3-Flying-53-Bird-3138.jpg,0.01170793641358614
SINet/S2C,COD10K-CAM-3-Flying-53-Bird-3139.jpg,0.01991736702620983
SINet/S2C,COD10K-CAM-3-Flying-53-Bird-3140.jpg,0.006611245684325695
SINet/S2C,COD10K-CAM-3-Flying-53-Bird-3143.jpg,0.031004201620817184
SINet/S2C,COD10K-CAM-3-Flying-53-Bird-3144.jpg,0.031587082892656326
SINet/S2C,COD10K-CAM-3-Flying-53-Bird-3146.jpg,0.009259435348212719
SINet/S2C,COD10K-CAM-3-Flying-53-Bird-3147.jpg,0.01217211876064539
SINet/S2C,COD10K-CAM-3-Flying-53-Bird-3148.jpg,0.01747249811887741
SINet/S2C,COD10K-CAM-3-Flying-53-Bird-3149.jpg,0.016527708619832993
SINet/S2C,COD10K-CAM-3-Flying-53-Bird-3152.jpg,0.11253672093153
SINet/S2C,COD10K-CAM-3-Flying-53-Bird-3153.jpg,0.0333041176199913
SINet/S2C,COD10K-CAM-3-Flying-53-Bird-3154.jpg,0.029357602819800377
SINet/S2C,COD10K-CAM-3-Flying-53-Bird-3156.jpg,0.016668586060404778
SINet/S2C,COD10K-CAM-3-Flying-53-Bird-3160.jpg,0.02389880083501339
SINet/S2C,COD10K-CAM-3-Flying-53-Bird-3161.jpg,0.01988023892045021
SINet/S2C,COD10K-CAM-3-Flying-53-Bird-3163.jpg,0.011825090274214745
SINet/S2C,COD10K-CAM-3-Flying-53-Bird-3164.jpg,0.012551640160381794
SINet/S2C,COD10K-CAM-3-Flying-53-Bird-3165.jpg,0.010267208330333233
SINet/S2C,COD10K-CAM-3-Flying-53-Bird-3166.jpg,0.03181722015142441
SINet/S2C,COD10K-CAM-3-Flying-53-Bird-3168.jpg,0.04738408327102661
SINet/S2C,COD10K-CAM-3-Flying-53-Bird-3169.jpg,0.009712595492601395
SINet/S2C,COD10K-CAM-3-Flying-53-Bird-3172.jpg,0.008080528117716312
SINet/S2C,COD10K-CAM-3-Flying-53-Bird-3173.jpg,0.013832321390509605
SINet/S2C,COD10K-CAM-3-Flying-53-Bird-3174.jpg,0.013877549208700657
SINet/S2C,COD10K-CAM-3-Flying-53-Bird-3177.jpg,0.021718572825193405
SINet/S2C,COD10K-CAM-3-Flying-53-Bird-3178.jpg,0.012046930380165577
SINet/S2C,COD10K-CAM-3-Flying-53-Bird-3179.jpg,0.005260905716568232
SINet/S2C,COD10K-CAM-3-Flying-53-Bird-3181.jpg,0.022615399211645126
SINet/S2C,COD10K-CAM-3-Flying-53-Bird-3182.jpg,0.019820936024188995
SINet/S2C,COD10K-CAM-3-Flying-53-Bird-3183.jpg,0.02433936670422554
SINet/S2C,COD10K-CAM-3-Flying-53-Bird-3186.jpg,0.08616554737091064
SINet/S2C,COD10K-CAM-3-Flying-53-Bird-3187.jpg,0.05507255345582962
SINet/S2C,COD10K-CAM-3-Flying-53-Bird-3188.jpg,0.02704455330967903
SINet/S2C,COD10K-CAM-3-Flying-53-Bird-3190.jpg,0.01677056960761547
SINet/S2C,COD10K-CAM-3-Flying-53-Bird-3191.jpg,0.027602899819612503
SINet/S2C,COD10K-CAM-3-Flying-53-Bird-3192.jpg,0.025017954409122467
SINet/S2C,COD10K-CAM-3-Flying-53-Bird-3193.jpg,0.00974997878074646
SINet/S2C,COD10K-CAM-3-Flying-53-Bird-3194.jpg,0.014524159952998161
SINet/S2C,COD10K-CAM-3-Flying-53-Bird-3195.jpg,0.01263059675693512
SINet/S2C,COD10K-CAM-3-Flying-53-Bird-3199.jpg,0.015044680796563625
SINet/S2C,COD10K-CAM-3-Flying-53-Bird-3202.jpg,0.039320848882198334
SINet/S2C,COD10K-CAM-3-Flying-53-Bird-3204.jpg,0.011816509999334812
SINet/S2C,COD10K-CAM-3-Flying-53-Bird-3205.jpg,0.012443708255887032
SINet/S2C,COD10K-CAM-3-Flying-53-Bird-3206.jpg,0.03420952335000038
SINet/S2C,COD10K-CAM-3-Flying-53-Bird-3208.jpg,0.015398206189274788
SINet/S2C,COD10K-CAM-3-Flying-53-Bird-3209.jpg,0.016976557672023773
SINet/S2C,COD10K-CAM-3-Flying-53-Bird-3210.jpg,0.022835377603769302
SINet/S2C,COD10K-CAM-3-Flying-53-Bird-3212.jpg,0.0290791317820549
SINet/S2C,COD10K-CAM-3-Flying-53-Bird-3216.jpg,0.030219990760087967
SINet/S2C,COD10K-CAM-3-Flying-53-Bird-3217.jpg,0.05867457389831543
SINet/S2C,COD10K-CAM-3-Flying-53-Bird-3219.jpg,0.037085212767124176
SINet/S2C,COD10K-CAM-3-Flying-53-Bird-3220.jpg,0.012842555530369282
SINet/S2C,COD10K-CAM-3-Flying-53-Bird-3222.jpg,0.008902892470359802
SINet/S2C,COD10K-CAM-3-Flying-53-Bird-3224.jpg,0.009679827839136124
SINet/S2C,COD10K-CAM-3-Flying-53-Bird-3225.jpg,0.03466107323765755
SINet/S2C,COD10K-CAM-3-Flying-53-Bird-3228.jpg,0.0272725410759449
SINet/S2C,COD10K-CAM-3-Flying-53-Bird-3229.jpg,0.01075697597116232
SINet/S2C,COD10K-CAM-3-Flying-53-Bird-3230.jpg,0.036525122821331024
SINet/S2C,COD10K-CAM-3-Flying-53-Bird-3233.jpg,0.017390161752700806
SINet/S2C,COD10K-CAM-3-Flying-53-Bird-3238.jpg,0.014532888308167458
SINet/S2C,COD10K-CAM-3-Flying-53-Bird-3242.jpg,0.01868556998670101
SINet/S2C,COD10K-CAM-3-Flying-53-Bird-3243.jpg,0.038437116891145706
SINet/S2C,COD10K-CAM-3-Flying-53-Bird-3244.jpg,0.04141560569405556
SINet/S2C,COD10K-CAM-3-Flying-53-Bird-3247.jpg,0.023603595793247223
SINet/S2C,COD10K-CAM-3-Flying-53-Bird-3248.jpg,0.017444737255573273
SINet/S2C,COD10K-CAM-3-Flying-53-Bird-3249.jpg,0.009897811338305473
SINet/S2C,COD10K-CAM-3-Flying-53-Bird-3250.jpg,0.03579764813184738
SINet/S2C,COD10K-CAM-3-Flying-54-Bittern-3251.jpg,0.01769891381263733
SINet/S2C,COD10K-CAM-3-Flying-54-Bittern-3253.jpg,0.023400016129016876
SINet/S2C,COD10K-CAM-3-Flying-54-Bittern-3256.jpg,0.01980241946876049
SINet/S2C,COD10K-CAM-3-Flying-54-Bittern-3257.jpg,0.023797739297151566
SINet/S2C,COD10K-CAM-3-Flying-54-Bittern-3258.jpg,0.015976566821336746
SINet/S2C,COD10K-CAM-3-Flying-54-Bittern-3259.jpg,0.01892724074423313
SINet/S2C,COD10K-CAM-3-Flying-54-Bittern-3261.jpg,0.007762194611132145
SINet/S2C,COD10K-CAM-3-Flying-54-Bittern-3262.jpg,0.018382778391242027
SINet/S2C,COD10K-CAM-3-Flying-54-Bittern-3263.jpg,0.013187265023589134
SINet/S2C,COD10K-CAM-3-Flying-54-Bittern-3264.jpg,0.015860600396990776
SINet/S2C,COD10K-CAM-3-Flying-54-Bittern-3265.jpg,0.018150150775909424
SINet/S2C,COD10K-CAM-3-Flying-54-Bittern-3267.jpg,0.010576681233942509
SINet/S2C,COD10K-CAM-3-Flying-54-Bittern-3269.jpg,0.027266021817922592
SINet/S2C,COD10K-CAM-3-Flying-54-Bittern-3270.jpg,0.012286758050322533
SINet/S2C,COD10K-CAM-3-Flying-54-Bittern-3272.jpg,0.013543568551540375
SINet/S2C,COD10K-CAM-3-Flying-54-Bittern-3273.jpg,0.018955081701278687
SINet/S2C,COD10K-CAM-3-Flying-54-Bittern-3274.jpg,0.02497200481593609
SINet/S2C,COD10K-CAM-3-Flying-54-Bittern-3275.jpg,0.021391604095697403
SINet/S2C,COD10K-CAM-3-Flying-54-Bittern-3276.jpg,0.04246013984084129
SINet/S2C,COD10K-CAM-3-Flying-54-Bittern-3278.jpg,0.019974390044808388
SINet/S2C,COD10K-CAM-3-Flying-54-Bittern-3279.jpg,0.011173778213560581
SINet/S2C,COD10K-CAM-3-Flying-54-Bittern-3280.jpg,0.014108299277722836
SINet/S2C,COD10K-CAM-3-Flying-54-Bittern-3281.jpg,0.01775696501135826
SINet/S2C,COD10K-CAM-3-Flying-54-Bittern-3282.jpg,0.015131844207644463
SINet/S2C,COD10K-CAM-3-Flying-54-Bittern-3285.jpg,0.019921569153666496
SINet/S2C,COD10K-CAM-3-Flying-54-Bittern-3286.jpg,0.04838624596595764
SINet/S2C,COD10K-CAM-3-Flying-54-Bittern-3287.jpg,0.015154106542468071
SINet/S2C,COD10K-CAM-3-Flying-54-Bittern-3290.jpg,0.009654605761170387
SINet/S2C,COD10K-CAM-3-Flying-55-Butterfly-3291.jpg,0.02734137885272503
SINet/S2C,COD10K-CAM-3-Flying-55-Butterfly-3292.jpg,0.022028880193829536
SINet/S2C,COD10K-CAM-3-Flying-55-Butterfly-3293.jpg,0.011899128556251526
SINet/S2C,COD10K-CAM-3-Flying-55-Butterfly-3294.jpg,0.023701468482613564
SINet/S2C,COD10K-CAM-3-Flying-55-Butterfly-3296.jpg,0.04152504354715347
SINet/S2C,COD10K-CAM-3-Flying-55-Butterfly-3297.jpg,0.008100807666778564
SINet/S2C,COD10K-CAM-3-Flying-55-Butterfly-3298.jpg,0.015591654926538467
SINet/S2C,COD10K-CAM-3-Flying-55-Butterfly-3299.jpg,0.015976080670952797
SINet/S2C,COD10K-CAM-3-Flying-55-Butterfly-3300.jpg,0.027813348919153214
SINet/S2C,COD10K-CAM-3-Flying-55-Butterfly-3301.jpg,0.03604529798030853
SINet/S2C,COD10K-CAM-3-Flying-55-Butterfly-3302.jpg,0.057977914810180664
SINet/S2C,COD10K-CAM-3-Flying-55-Butterfly-3305.jpg,0.03443244844675064
SINet/S2C,COD10K-CAM-3-Flying-55-Butterfly-3307.jpg,0.04758582264184952
SINet/S2C,COD10K-CAM-3-Flying-55-Butterfly-3308.jpg,0.037154726684093475
SINet/S2C,COD10K-CAM-3-Flying-55-Butterfly-3309.jpg,0.016621053218841553
SINet/S2C,COD10K-CAM-3-Flying-55-Butterfly-3310.jpg,0.021429795771837234
SINet/S2C,COD10K-CAM-3-Flying-55-Butterfly-3311.jpg,0.022875098511576653
SINet/S2C,COD10K-CAM-3-Flying-55-Butterfly-3313.jpg,0.015080379322171211
SINet/S2C,COD10K-CAM-3-Flying-55-Butterfly-3314.jpg,0.01221050601452589
SINet/S2C,COD10K-CAM-3-Flying-55-Butterfly-3316.jpg,0.0493665374815464
SINet/S2C,COD10K-CAM-3-Flying-55-Butterfly-3317.jpg,0.04786258190870285
SINet/S2C,COD10K-CAM-3-Flying-55-Butterfly-3321.jpg,0.09145291149616241
SINet/S2C,COD10K-CAM-3-Flying-55-Butterfly-3323.jpg,0.028094260022044182
SINet/S2C,COD10K-CAM-3-Flying-55-Butterfly-3326.jpg,0.014658578671514988
SINet/S2C,COD10K-CAM-3-Flying-55-Butterfly-3327.jpg,0.011705068871378899
SINet/S2C,COD10K-CAM-3-Flying-55-Butterfly-3329.jpg,0.028419937938451767
SINet/S2C,COD10K-CAM-3-Flying-55-Butterfly-3330.jpg,0.07607103884220123
SINet/S2C,COD10K-CAM-3-Flying-55-Butterfly-3331.jpg,0.035259418189525604
SINet/S2C,COD10K-CAM-3-Flying-55-Butterfly-3332.jpg,0.01574990525841713
SINet/S2C,COD10K-CAM-3-Flying-55-Butterfly-3333.jpg,0.027162261307239532
SINet/S2C,COD10K-CAM-3-Flying-55-Butterfly-3334.jpg,0.01968907192349434
SINet/S2C,COD10K-CAM-3-Flying-55-Butterfly-3336.jpg,0.02329258620738983
SINet/S2C,COD10K-CAM-3-Flying-55-Butterfly-3337.jpg,0.03222604840993881
SINet/S2C,COD10K-CAM-3-Flying-55-Butterfly-3338.jpg,0.018837187439203262
SINet/S2C,COD10K-CAM-3-Flying-55-Butterfly-3340.jpg,0.015462664887309074
SINet/S2C,COD10K-CAM-3-Flying-55-Butterfly-3343.jpg,0.031288690865039825
SINet/S2C,COD10K-CAM-3-Flying-55-Butterfly-3344.jpg,0.03091847151517868
SINet/S2C,COD10K-CAM-3-Flying-55-Butterfly-3345.jpg,0.010702989995479584
SINet/S2C,COD10K-CAM-3-Flying-55-Butterfly-3346.jpg,0.02468612790107727
SINet/S2C,COD10K-CAM-3-Flying-55-Butterfly-3347.jpg,0.02075042389333248
SINet/S2C,COD10K-CAM-3-Flying-55-Butterfly-3348.jpg,0.056997351348400116
SINet/S2C,COD10K-CAM-3-Flying-55-Butterfly-3349.jpg,0.022075645625591278
SINet/S2C,COD10K-CAM-3-Flying-55-Butterfly-3352.jpg,0.05442406237125397
SINet/S2C,COD10K-CAM-3-Flying-55-Butterfly-3353.jpg,0.018501542508602142
SINet/S2C,COD10K-CAM-3-Flying-55-Butterfly-3355.jpg,0.02885640226304531
SINet/S2C,COD10K-CAM-3-Flying-55-Butterfly-3357.jpg,0.014854539185762405
SINet/S2C,COD10K-CAM-3-Flying-55-Butterfly-3358.jpg,0.03040195256471634
SINet/S2C,COD10K-CAM-3-Flying-55-Butterfly-3362.jpg,0.03824606537818909
SINet/S2C,COD10K-CAM-3-Flying-55-Butterfly-3363.jpg,0.016904830932617188
SINet/S2C,COD10K-CAM-3-Flying-55-Butterfly-3364.jpg,0.02037300169467926
SINet/S2C,COD10K-CAM-3-Flying-55-Butterfly-3365.jpg,0.029308564960956573
SINet/S2C,COD10K-CAM-3-Flying-55-Butterfly-3366.jpg,0.19378378987312317
SINet/S2C,COD10K-CAM-3-Flying-55-Butterfly-3367.jpg,0.011678419075906277
SINet/S2C,COD10K-CAM-3-Flying-55-Butterfly-3368.jpg,0.01828773505985737
SINet/S2C,COD10K-CAM-3-Flying-55-Butterfly-3371.jpg,0.03007443994283676
SINet/S2C,COD10K-CAM-3-Flying-55-Butterfly-3372.jpg,0.029526520520448685
SINet/S2C,COD10K-CAM-3-Flying-55-Butterfly-3373.jpg,0.020005743950605392
SINet/S2C,COD10K-CAM-3-Flying-55-Butterfly-3380.jpg,0.057644717395305634
SINet/S2C,COD10K-CAM-3-Flying-55-Butterfly-3381.jpg,0.03125489130616188
SINet/S2C,COD10K-CAM-3-Flying-55-Butterfly-3384.jpg,0.021778889000415802
SINet/S2C,COD10K-CAM-3-Flying-55-Butterfly-3385.jpg,0.028062108904123306
SINet/S2C,COD10K-CAM-3-Flying-55-Butterfly-3387.jpg,0.042289018630981445
SINet/S2C,COD10K-CAM-3-Flying-55-Butterfly-3388.jpg,0.048952892422676086
SINet/S2C,COD10K-CAM-3-Flying-55-Butterfly-3391.jpg,0.04655918851494789
SINet/S2C,COD10K-CAM-3-Flying-55-Butterfly-3392.jpg,0.024083836004137993
SINet/S2C,COD10K-CAM-3-Flying-55-Butterfly-3394.jpg,0.024040840566158295
SINet/S2C,COD10K-CAM-3-Flying-55-Butterfly-3395.jpg,0.03620591387152672
SINet/S2C,COD10K-CAM-3-Flying-55-Butterfly-3396.jpg,0.032856591045856476
SINet/S2C,COD10K-CAM-3-Flying-55-Butterfly-3397.jpg,0.023801058530807495
SINet/S2C,COD10K-CAM-3-Flying-55-Butterfly-3399.jpg,0.01745261251926422
SINet/S2C,COD10K-CAM-3-Flying-55-Butterfly-3400.jpg,0.018835198134183884
SINet/S2C,COD10K-CAM-3-Flying-55-Butterfly-3402.jpg,0.10736759006977081
SINet/S2C,COD10K-CAM-3-Flying-55-Butterfly-3404.jpg,0.04705674201250076
SINet/S2C,COD10K-CAM-3-Flying-55-Butterfly-3405.jpg,0.019027262926101685
SINet/S2C,COD10K-CAM-3-Flying-55-Butterfly-3407.jpg,0.028484057635068893
SINet/S2C,COD10K-CAM-3-Flying-55-Butterfly-3410.jpg,0.0204459298402071
SINet/S2C,COD10K-CAM-3-Flying-55-Butterfly-3411.jpg,0.055437877774238586
SINet/S2C,COD10K-CAM-3-Flying-55-Butterfly-3413.jpg,0.03309899568557739
SINet/S2C,COD10K-CAM-3-Flying-55-Butterfly-3414.jpg,0.012946803122758865
SINet/S2C,COD10K-CAM-3-Flying-55-Butterfly-3415.jpg,0.013734584674239159
SINet/S2C,COD10K-CAM-3-Flying-55-Butterfly-3416.jpg,0.053604207932949066
SINet/S2C,COD10K-CAM-3-Flying-55-Butterfly-3417.jpg,0.01085851714015007
SINet/S2C,COD10K-CAM-3-Flying-55-Butterfly-3419.jpg,0.02205442637205124
SINet/S2C,COD10K-CAM-3-Flying-55-Butterfly-3420.jpg,0.02291220799088478
SINet/S2C,COD10K-CAM-3-Flying-55-Butterfly-3421.jpg,0.019499026238918304
SINet/S2C,COD10K-CAM-3-Flying-55-Butterfly-3422.jpg,0.03862781450152397
SINet/S2C,COD10K-CAM-3-Flying-55-Butterfly-3424.jpg,0.019749756902456284
SINet/S2C,COD10K-CAM-3-Flying-55-Butterfly-3425.jpg,0.02741893194615841
SINet/S2C,COD10K-CAM-3-Flying-55-Butterfly-3427.jpg,0.04169511795043945
SINet/S2C,COD10K-CAM-3-Flying-55-Butterfly-3430.jpg,0.024439282715320587
SINet/S2C,COD10K-CAM-3-Flying-55-Butterfly-3431.jpg,0.023244110867381096
SINet/S2C,COD10K-CAM-3-Flying-55-Butterfly-3432.jpg,0.02590060979127884
SINet/S2C,COD10K-CAM-3-Flying-55-Butterfly-3433.jpg,0.02081139013171196
SINet/S2C,COD10K-CAM-3-Flying-55-Butterfly-3437.jpg,0.024959012866020203
SINet/S2C,COD10K-CAM-3-Flying-55-Butterfly-3438.jpg,0.029380597174167633
SINet/S2C,COD10K-CAM-3-Flying-56-Cicada-3442.jpg,0.028953474014997482
SINet/S2C,COD10K-CAM-3-Flying-56-Cicada-3445.jpg,0.02529299259185791
SINet/S2C,COD10K-CAM-3-Flying-56-Cicada-3446.jpg,0.03707888722419739
SINet/S2C,COD10K-CAM-3-Flying-56-Cicada-3448.jpg,0.021668940782546997
SINet/S2C,COD10K-CAM-3-Flying-56-Cicada-3449.jpg,0.017627794295549393
SINet/S2C,COD10K-CAM-3-Flying-56-Cicada-3450.jpg,0.011293092742562294
SINet/S2C,COD10K-CAM-3-Flying-56-Cicada-3451.jpg,0.015438878908753395
SINet/S2C,COD10K-CAM-3-Flying-56-Cicada-3452.jpg,0.030888816341757774
SINet/S2C,COD10K-CAM-3-Flying-56-Cicada-3454.jpg,0.019388921558856964
SINet/S2C,COD10K-CAM-3-Flying-56-Cicada-3455.jpg,0.20746497809886932
SINet/S2C,COD10K-CAM-3-Flying-56-Cicada-3456.jpg,0.034533195197582245
SINet/S2C,COD10K-CAM-3-Flying-56-Cicada-3457.jpg,0.013529183343052864
SINet/S2C,COD10K-CAM-3-Flying-56-Cicada-3458.jpg,0.08435995876789093
SINet/S2C,COD10K-CAM-3-Flying-56-Cicada-3459.jpg,0.025690261274576187
SINet/S2C,COD10K-CAM-3-Flying-56-Cicada-3461.jpg,0.03253176063299179
SINet/S2C,COD10K-CAM-3-Flying-56-Cicada-3464.jpg,0.029996171593666077
SINet/S2C,COD10K-CAM-3-Flying-56-Cicada-3465.jpg,0.015412168577313423
SINet/S2C,COD10K-CAM-3-Flying-56-Cicada-3466.jpg,0.017012018710374832
SINet/S2C,COD10K-CAM-3-Flying-56-Cicada-3467.jpg,0.02943541295826435
SINet/S2C,COD10K-CAM-3-Flying-56-Cicada-3468.jpg,0.026470251381397247
SINet/S2C,COD10K-CAM-3-Flying-56-Cicada-3469.jpg,0.020025305449962616
SINet/S2C,COD10K-CAM-3-Flying-56-Cicada-3471.jpg,0.022833917289972305
SINet/S2C,COD10K-CAM-3-Flying-56-Cicada-3473.jpg,0.03517043590545654
SINet/S2C,COD10K-CAM-3-Flying-56-Cicada-3474.jpg,0.011961138807237148
SINet/S2C,COD10K-CAM-3-Flying-56-Cicada-3475.jpg,0.031322743743658066
SINet/S2C,COD10K-CAM-3-Flying-56-Cicada-3476.jpg,0.021993059664964676
SINet/S2C,COD10K-CAM-3-Flying-56-Cicada-3477.jpg,0.022030014544725418
SINet/S2C,COD10K-CAM-3-Flying-56-Cicada-3479.jpg,0.07092064619064331
SINet/S2C,COD10K-CAM-3-Flying-56-Cicada-3481.jpg,0.02142314799129963
SINet/S2C,COD10K-CAM-3-Flying-56-Cicada-3484.jpg,0.015596111305058002
SINet/S2C,COD10K-CAM-3-Flying-56-Cicada-3485.jpg,0.03789612650871277
SINet/S2C,COD10K-CAM-3-Flying-56-Cicada-3487.jpg,0.012639397755265236
SINet/S2C,COD10K-CAM-3-Flying-56-Cicada-3488.jpg,0.01486939750611782
SINet/S2C,COD10K-CAM-3-Flying-56-Cicada-3489.jpg,0.048516154289245605
SINet/S2C,COD10K-CAM-3-Flying-56-Cicada-3492.jpg,0.05051982402801514
SINet/S2C,COD10K-CAM-3-Flying-56-Cicada-3493.jpg,0.02619144320487976
SINet/S2C,COD10K-CAM-3-Flying-56-Cicada-3495.jpg,0.07043815404176712
SINet/S2C,COD10K-CAM-3-Flying-56-Cicada-3497.jpg,0.020552318543195724
SINet/S2C,COD10K-CAM-3-Flying-56-Cicada-3499.jpg,0.017244303598999977
SINet/S2C,COD10K-CAM-3-Flying-56-Cicada-3500.jpg,0.05459337309002876
SINet/S2C,COD10K-CAM-3-Flying-56-Cicada-3502.jpg,0.03342180699110031
SINet/S2C,COD10K-CAM-3-Flying-56-Cicada-3503.jpg,0.03356717526912689
SINet/S2C,COD10K-CAM-3-Flying-56-Cicada-3506.jpg,0.17512735724449158
SINet/S2C,COD10K-CAM-3-Flying-56-Cicada-3507.jpg,0.0300771314650774
SINet/S2C,COD10K-CAM-3-Flying-56-Cicada-3511.jpg,0.013848837465047836
SINet/S2C,COD10K-CAM-3-Flying-56-Cicada-3512.jpg,0.032635632902383804
SINet/S2C,COD10K-CAM-3-Flying-56-Cicada-3514.jpg,0.01721229776740074
SINet/S2C,COD10K-CAM-3-Flying-56-Cicada-3516.jpg,0.05746497958898544
SINet/S2C,COD10K-CAM-3-Flying-56-Cicada-3517.jpg,0.01584591530263424
SINet/S2C,COD10K-CAM-3-Flying-56-Cicada-3518.jpg,0.019836267456412315
SINet/S2C,COD10K-CAM-3-Flying-56-Cicada-3519.jpg,0.06054519861936569
SINet/S2C,COD10K-CAM-3-Flying-56-Cicada-3520.jpg,0.03454551845788956
SINet/S2C,COD10K-CAM-3-Flying-56-Cicada-3523.jpg,0.0190744511783123
SINet/S2C,COD10K-CAM-3-Flying-56-Cicada-3524.jpg,0.03123565763235092
SINet/S2C,COD10K-CAM-3-Flying-56-Cicada-3526.jpg,0.02126942202448845
SINet/S2C,COD10K-CAM-3-Flying-56-Cicada-3528.jpg,0.01557779312133789
SINet/S2C,COD10K-CAM-3-Flying-56-Cicada-3529.jpg,0.03678977116942406
SINet/S2C,COD10K-CAM-3-Flying-56-Cicada-3531.jpg,0.04964359104633331
SINet/S2C,COD10K-CAM-3-Flying-56-Cicada-3532.jpg,0.029702767729759216
SINet/S2C,COD10K-CAM-3-Flying-56-Cicada-3534.jpg,0.0267129335552454
SINet/S2C,COD10K-CAM-3-Flying-56-Cicada-3538.jpg,0.02998046949505806
SINet/S2C,COD10K-CAM-3-Flying-56-Cicada-3540.jpg,0.061330750584602356
SINet/S2C,COD10K-CAM-3-Flying-56-Cicada-3541.jpg,0.06368252635002136
SINet/S2C,COD10K-CAM-3-Flying-56-Cicada-3544.jpg,0.03430246561765671
SINet/S2C,COD10K-CAM-3-Flying-56-Cicada-3545.jpg,0.023850124329328537
SINet/S2C,COD10K-CAM-3-Flying-56-Cicada-3546.jpg,0.013807229697704315
SINet/S2C,COD10K-CAM-3-Flying-56-Cicada-3548.jpg,0.01755095273256302
SINet/S2C,COD10K-CAM-3-Flying-56-Cicada-3550.jpg,0.03418480604887009
SINet/S2C,COD10K-CAM-3-Flying-56-Cicada-3552.jpg,0.014912636950612068
SINet/S2C,COD10K-CAM-3-Flying-57-Dragonfly-3554.jpg,0.008707653731107712
SINet/S2C,COD10K-CAM-3-Flying-57-Dragonfly-3555.jpg,0.02443622052669525
SINet/S2C,COD10K-CAM-3-Flying-57-Dragonfly-3556.jpg,0.03512926772236824
SINet/S2C,COD10K-CAM-3-Flying-57-Dragonfly-3557.jpg,0.019604738801717758
SINet/S2C,COD10K-CAM-3-Flying-57-Dragonfly-3558.jpg,0.025596871972084045
SINet/S2C,COD10K-CAM-3-Flying-57-Dragonfly-3560.jpg,0.03662106767296791
SINet/S2C,COD10K-CAM-3-Flying-57-Dragonfly-3561.jpg,0.02334822341799736
SINet/S2C,COD10K-CAM-3-Flying-57-Dragonfly-3562.jpg,0.08207491040229797
SINet/S2C,COD10K-CAM-3-Flying-57-Dragonfly-3563.jpg,0.02421773597598076
SINet/S2C,COD10K-CAM-3-Flying-57-Dragonfly-3564.jpg,0.03301026672124863
SINet/S2C,COD10K-CAM-3-Flying-57-Dragonfly-3565.jpg,0.045062121003866196
SINet/S2C,COD10K-CAM-3-Flying-57-Dragonfly-3567.jpg,0.016701068729162216
SINet/S2C,COD10K-CAM-3-Flying-57-Dragonfly-3568.jpg,0.04323573410511017
SINet/S2C,COD10K-CAM-3-Flying-57-Dragonfly-3570.jpg,0.03209760785102844
SINet/S2C,COD10K-CAM-3-Flying-57-Dragonfly-3572.jpg,0.04323573410511017
SINet/S2C,COD10K-CAM-3-Flying-57-Dragonfly-3573.jpg,0.0218564011156559
SINet/S2C,COD10K-CAM-3-Flying-57-Dragonfly-3574.jpg,0.03718660771846771
SINet/S2C,COD10K-CAM-3-Flying-57-Dragonfly-3577.jpg,0.049187734723091125
SINet/S2C,COD10K-CAM-3-Flying-57-Dragonfly-3578.jpg,0.02897891402244568
SINet/S2C,COD10K-CAM-3-Flying-57-Dragonfly-3579.jpg,0.04018537700176239
SINet/S2C,COD10K-CAM-3-Flying-57-Dragonfly-3583.jpg,0.027722664177417755
SINet/S2C,COD10K-CAM-3-Flying-57-Dragonfly-3584.jpg,0.05152404308319092
SINet/S2C,COD10K-CAM-3-Flying-57-Dragonfly-3587.jpg,0.022741854190826416
SINet/S2C,COD10K-CAM-3-Flying-57-Dragonfly-3589.jpg,0.01906280219554901
SINet/S2C,COD10K-CAM-3-Flying-57-Dragonfly-3591.jpg,0.04866420477628708
SINet/S2C,COD10K-CAM-3-Flying-57-Dragonfly-3592.jpg,0.06615949422121048
SINet/S2C,COD10K-CAM-3-Flying-58-Frogmouth-3594.jpg,0.028561865910887718
SINet/S2C,COD10K-CAM-3-Flying-58-Frogmouth-3595.jpg,0.02197841741144657
SINet/S2C,COD10K-CAM-3-Flying-58-Frogmouth-3597.jpg,0.03685992956161499
SINet/S2C,COD10K-CAM-3-Flying-58-Frogmouth-3600.jpg,0.02196919545531273
SINet/S2C,COD10K-CAM-3-Flying-58-Frogmouth-3601.jpg,0.01670808345079422
SINet/S2C,COD10K-CAM-3-Flying-58-Frogmouth-3603.jpg,0.016319062560796738
SINet/S2C,COD10K-CAM-3-Flying-58-Frogmouth-3605.jpg,0.030876029282808304
SINet/S2C,COD10K-CAM-3-Flying-58-Frogmouth-3606.jpg,0.031320638954639435
SINet/S2C,COD10K-CAM-3-Flying-58-Frogmouth-3607.jpg,0.08772628009319305
SINet/S2C,COD10K-CAM-3-Flying-58-Frogmouth-3608.jpg,0.019228655844926834
SINet/S2C,COD10K-CAM-3-Flying-58-Frogmouth-3609.jpg,0.012456225231289864
SINet/S2C,COD10K-CAM-3-Flying-58-Frogmouth-3612.jpg,0.02150014042854309
SINet/S2C,COD10K-CAM-3-Flying-58-Frogmouth-3613.jpg,0.012953540310263634
SINet/S2C,COD10K-CAM-3-Flying-59-Grasshopper-3614.jpg,0.1119418740272522
SINet/S2C,COD10K-CAM-3-Flying-59-Grasshopper-3616.jpg,0.02451629377901554
SINet/S2C,COD10K-CAM-3-Flying-59-Grasshopper-3617.jpg,0.026892976835370064
SINet/S2C,COD10K-CAM-3-Flying-59-Grasshopper-3620.jpg,0.020636579021811485
SINet/S2C,COD10K-CAM-3-Flying-59-Grasshopper-3623.jpg,0.01708415150642395
SINet/S2C,COD10K-CAM-3-Flying-59-Grasshopper-3624.jpg,0.026727838441729546
SINet/S2C,COD10K-CAM-3-Flying-59-Grasshopper-3626.jpg,0.048892293125391006
SINet/S2C,COD10K-CAM-3-Flying-59-Grasshopper-3628.jpg,0.03612816333770752
SINet/S2C,COD10K-CAM-3-Flying-59-Grasshopper-3631.jpg,0.0985579788684845
SINet/S2C,COD10K-CAM-3-Flying-59-Grasshopper-3633.jpg,0.05509352684020996
SINet/S2C,COD10K-CAM-3-Flying-59-Grasshopper-3635.jpg,0.05183763802051544
SINet/S2C,COD10K-CAM-3-Flying-59-Grasshopper-3639.jpg,0.012498399242758751
SINet/S2C,COD10K-CAM-3-Flying-59-Grasshopper-3642.jpg,0.010106978006660938
SINet/S2C,COD10K-CAM-3-Flying-59-Grasshopper-3643.jpg,0.0342450812458992
SINet/S2C,COD10K-CAM-3-Flying-59-Grasshopper-3646.jpg,0.016000526025891304
SINet/S2C,COD10K-CAM-3-Flying-59-Grasshopper-3647.jpg,0.026608910411596298
SINet/S2C,COD10K-CAM-3-Flying-59-Grasshopper-3649.jpg,0.017009977251291275
SINet/S2C,COD10K-CAM-3-Flying-59-Grasshopper-3651.jpg,0.01719730719923973
SINet/S2C,COD10K-CAM-3-Flying-59-Grasshopper-3654.jpg,0.027705222368240356
SINet/S2C,COD10K-CAM-3-Flying-59-Grasshopper-3656.jpg,0.03764185681939125
SINet/S2C,COD10K-CAM-3-Flying-59-Grasshopper-3660.jpg,0.01824597269296646
SINet/S2C,COD10K-CAM-3-Flying-59-Grasshopper-3662.jpg,0.030353352427482605
SINet/S2C,COD10K-CAM-3-Flying-59-Grasshopper-3663.jpg,0.02387470006942749
SINet/S2C,COD10K-CAM-3-Flying-59-Grasshopper-3664.jpg,0.02251666784286499
SINet/S2C,COD10K-CAM-3-Flying-59-Grasshopper-3665.jpg,0.0533638522028923
SINet/S2C,COD10K-CAM-3-Flying-59-Grasshopper-3666.jpg,0.012943204492330551
SINet/S2C,COD10K-CAM-3-Flying-59-Grasshopper-3667.jpg,0.04551612585783005
SINet/S2C,COD10K-CAM-3-Flying-59-Grasshopper-3668.jpg,0.017955409362912178
SINet/S2C,COD10K-CAM-3-Flying-59-Grasshopper-3669.jpg,0.032859425991773605
SINet/S2C,COD10K-CAM-3-Flying-59-Grasshopper-3670.jpg,0.030346695333719254
SINet/S2C,COD10K-CAM-3-Flying-59-Grasshopper-3671.jpg,0.021630626171827316
SINet/S2C,COD10K-CAM-3-Flying-59-Grasshopper-3674.jpg,0.010949923656880856
SINet/S2C,COD10K-CAM-3-Flying-59-Grasshopper-3675.jpg,0.04472556337714195
SINet/S2C,COD10K-CAM-3-Flying-59-Grasshopper-3677.jpg,0.025093652307987213
SINet/S2C,COD10K-CAM-3-Flying-59-Grasshopper-3679.jpg,0.024688998237252235
SINet/S2C,COD10K-CAM-3-Flying-59-Grasshopper-3682.jpg,0.024948332458734512
SINet/S2C,COD10K-CAM-3-Flying-59-Grasshopper-3684.jpg,0.03743235021829605
SINet/S2C,COD10K-CAM-3-Flying-59-Grasshopper-3685.jpg,0.04037361964583397
SINet/S2C,COD10K-CAM-3-Flying-59-Grasshopper-3687.jpg,0.0207329373806715
SINet/S2C,COD10K-CAM-3-Flying-59-Grasshopper-3690.jpg,0.02121858298778534
SINet/S2C,COD10K-CAM-3-Flying-59-Grasshopper-3691.jpg,0.019172191619873047
SINet/S2C,COD10K-CAM-3-Flying-59-Grasshopper-3693.jpg,0.02711755968630314
SINet/S2C,COD10K-CAM-3-Flying-59-Grasshopper-3696.jpg,0.02127419412136078
SINet/S2C,COD10K-CAM-3-Flying-59-Grasshopper-3698.jpg,0.03345907852053642
SINet/S2C,COD10K-CAM-3-Flying-59-Grasshopper-3700.jpg,0.01847800612449646
SINet/S2C,COD10K-CAM-3-Flying-59-Grasshopper-3703.jpg,0.058330174535512924
SINet/S2C,COD10K-CAM-3-Flying-59-Grasshopper-3704.jpg,0.02920171618461609
SINet/S2C,COD10K-CAM-3-Flying-59-Grasshopper-3705.jpg,0.0323101282119751
SINet/S2C,COD10K-CAM-3-Flying-59-Grasshopper-3709.jpg,0.017408419400453568
SINet/S2C,COD10K-CAM-3-Flying-59-Grasshopper-3713.jpg,0.010050204582512379
SINet/S2C,COD10K-CAM-3-Flying-59-Grasshopper-3715.jpg,0.05897774174809456
SINet/S2C,COD10K-CAM-3-Flying-59-Grasshopper-3716.jpg,0.022103652358055115
SINet/S2C,COD10K-CAM-3-Flying-59-Grasshopper-3717.jpg,0.2003014087677002
SINet/S2C,COD10K-CAM-3-Flying-59-Grasshopper-3718.jpg,0.03490007296204567
SINet/S2C,COD10K-CAM-3-Flying-59-Grasshopper-3721.jpg,0.006355778314173222
SINet/S2C,COD10K-CAM-3-Flying-59-Grasshopper-3722.jpg,0.01273401640355587
SINet/S2C,COD10K-CAM-3-Flying-59-Grasshopper-3723.jpg,0.032073020935058594
SINet/S2C,COD10K-CAM-3-Flying-59-Grasshopper-3724.jpg,0.028820805251598358
SINet/S2C,COD10K-CAM-3-Flying-59-Grasshopper-3725.jpg,0.019512157887220383
SINet/S2C,COD10K-CAM-3-Flying-59-Grasshopper-3728.jpg,0.024389363825321198
SINet/S2C,COD10K-CAM-3-Flying-59-Grasshopper-3730.jpg,0.020939039066433907
SINet/S2C,COD10K-CAM-3-Flying-59-Grasshopper-3731.jpg,0.013688502833247185
SINet/S2C,COD10K-CAM-3-Flying-59-Grasshopper-3735.jpg,0.05588841438293457
SINet/S2C,COD10K-CAM-3-Flying-59-Grasshopper-3738.jpg,0.037618666887283325
SINet/S2C,COD10K-CAM-3-Flying-59-Grasshopper-3739.jpg,0.03199196979403496
SINet/S2C,COD10K-CAM-3-Flying-59-Grasshopper-3742.jpg,0.03753773868083954
SINet/S2C,COD10K-CAM-3-Flying-59-Grasshopper-3743.jpg,0.015864063054323196
SINet/S2C,COD10K-CAM-3-Flying-59-Grasshopper-3746.jpg,0.013309288769960403
SINet/S2C,COD10K-CAM-3-Flying-59-Grasshopper-3748.jpg,0.009665205143392086
SINet/S2C,COD10K-CAM-3-Flying-59-Grasshopper-3749.jpg,0.027676017954945564
SINet/S2C,COD10K-CAM-3-Flying-59-Grasshopper-3750.jpg,0.016021743416786194
SINet/S2C,COD10K-CAM-3-Flying-59-Grasshopper-3751.jpg,0.031783122569322586
SINet/S2C,COD10K-CAM-3-Flying-59-Grasshopper-3752.jpg,0.02195471152663231
SINet/S2C,COD10K-CAM-3-Flying-59-Grasshopper-3753.jpg,0.011464077979326248
SINet/S2C,COD10K-CAM-3-Flying-59-Grasshopper-3754.jpg,0.025907743722200394
SINet/S2C,COD10K-CAM-3-Flying-59-Grasshopper-3755.jpg,0.016273878514766693
SINet/S2C,COD10K-CAM-3-Flying-59-Grasshopper-3757.jpg,0.026796594262123108
SINet/S2C,COD10K-CAM-3-Flying-59-Grasshopper-3763.jpg,0.04818376898765564
SINet/S2C,COD10K-CAM-3-Flying-59-Grasshopper-3765.jpg,0.050700679421424866
SINet/S2C,COD10K-CAM-3-Flying-59-Grasshopper-3766.jpg,0.03331028297543526
SINet/S2C,COD10K-CAM-3-Flying-59-Grasshopper-3767.jpg,0.01721871644258499
SINet/S2C,COD10K-CAM-3-Flying-59-Grasshopper-3770.jpg,0.01315760612487793
SINet/S2C,COD10K-CAM-3-Flying-59-Grasshopper-3774.jpg,0.021604694426059723
SINet/S2C,COD10K-CAM-3-Flying-59-Grasshopper-3779.jpg,0.03846592456102371
SINet/S2C,COD10K-CAM-3-Flying-59-Grasshopper-3781.jpg,0.022030090913176537
SINet/S2C,COD10K-CAM-3-Flying-59-Grasshopper-3782.jpg,0.028407586738467216
SINet/S2C,COD10K-CAM-3-Flying-59-Grasshopper-3783.jpg,0.033896297216415405
SINet/S2C,COD10K-CAM-3-Flying-59-Grasshopper-3785.jpg,0.019437268376350403
SINet/S2C,COD10K-CAM-3-Flying-59-Grasshopper-3787.jpg,0.02234075963497162
SINet/S2C,COD10K-CAM-3-Flying-59-Grasshopper-3789.jpg,0.03603851795196533
SINet/S2C,COD10K-CAM-3-Flying-59-Grasshopper-3791.jpg,0.031803205609321594
SINet/S2C,COD10K-CAM-3-Flying-59-Grasshopper-3793.jpg,0.04309198260307312
SINet/S2C,COD10K-CAM-3-Flying-59-Grasshopper-3794.jpg,0.04327263683080673
SINet/S2C,COD10K-CAM-3-Flying-59-Grasshopper-3797.jpg,0.05016811564564705
SINet/S2C,COD10K-CAM-3-Flying-59-Grasshopper-3798.jpg,0.0328218936920166
SINet/S2C,COD10K-CAM-3-Flying-59-Grasshopper-3800.jpg,0.06429313123226166
SINet/S2C,COD10K-CAM-3-Flying-59-Grasshopper-3801.jpg,0.04304812476038933
SINet/S2C,COD10K-CAM-3-Flying-59-Grasshopper-3803.jpg,0.014711350202560425
SINet/S2C,COD10K-CAM-3-Flying-59-Grasshopper-3805.jpg,0.025019768625497818
SINet/S2C,COD10K-CAM-3-Flying-59-Grasshopper-3806.jpg,0.02291826717555523
SINet/S2C,COD10K-CAM-3-Flying-59-Grasshopper-3807.jpg,0.020045317709445953
SINet/S2C,COD10K-CAM-3-Flying-59-Grasshopper-3809.jpg,0.059258799999952316
SINet/S2C,COD10K-CAM-3-Flying-59-Grasshopper-3812.jpg,0.02414702996611595
SINet/S2C,COD10K-CAM-3-Flying-59-Grasshopper-3816.jpg,0.03840486705303192
SINet/S2C,COD10K-CAM-3-Flying-59-Grasshopper-3817.jpg,0.042667653411626816
SINet/S2C,COD10K-CAM-3-Flying-59-Grasshopper-3819.jpg,0.015808770433068275
SINet/S2C,COD10K-CAM-3-Flying-59-Grasshopper-3821.jpg,0.07455947995185852
SINet/S2C,COD10K-CAM-3-Flying-59-Grasshopper-3822.jpg,0.015277937054634094
SINet/S2C,COD10K-CAM-3-Flying-59-Grasshopper-3823.jpg,0.021562153473496437
SINet/S2C,COD10K-CAM-3-Flying-59-Grasshopper-3826.jpg,0.013046568259596825
SINet/S2C,COD10K-CAM-3-Flying-59-Grasshopper-3827.jpg,0.01305144838988781
SINet/S2C,COD10K-CAM-3-Flying-59-Grasshopper-3829.jpg,0.03752611204981804
SINet/S2C,COD10K-CAM-3-Flying-59-Grasshopper-3830.jpg,0.028217658400535583
SINet/S2C,COD10K-CAM-3-Flying-59-Grasshopper-3832.jpg,0.034048616886138916
SINet/S2C,COD10K-CAM-3-Flying-59-Grasshopper-3833.jpg,0.012807783670723438
SINet/S2C,COD10K-CAM-3-Flying-59-Grasshopper-3835.jpg,0.021904928609728813
SINet/S2C,COD10K-CAM-3-Flying-59-Grasshopper-3836.jpg,0.01797960326075554
SINet/S2C,COD10K-CAM-3-Flying-59-Grasshopper-3837.jpg,0.01650763489305973
SINet/S2C,COD10K-CAM-3-Flying-59-Grasshopper-3838.jpg,0.013367511332035065
SINet/S2C,COD10K-CAM-3-Flying-59-Grasshopper-3839.jpg,0.04826375097036362
SINet/S2C,COD10K-CAM-3-Flying-59-Grasshopper-3841.jpg,0.03835773095488548
SINet/S2C,COD10K-CAM-3-Flying-59-Grasshopper-3842.jpg,0.03657682612538338
SINet/S2C,COD10K-CAM-3-Flying-59-Grasshopper-3843.jpg,0.030109453946352005
SINet/S2C,COD10K-CAM-3-Flying-59-Grasshopper-3844.jpg,0.04013882577419281
SINet/S2C,COD10K-CAM-3-Flying-59-Grasshopper-3846.jpg,0.014354251325130463
SINet/S2C,COD10K-CAM-3-Flying-59-Grasshopper-3848.jpg,0.016229622066020966
SINet/S2C,COD10K-CAM-3-Flying-59-Grasshopper-3851.jpg,0.028882654383778572
SINet/S2C,COD10K-CAM-3-Flying-59-Grasshopper-3852.jpg,0.020964499562978745
SINet/S2C,COD10K-CAM-3-Flying-59-Grasshopper-3854.jpg,0.05430438369512558
SINet/S2C,COD10K-CAM-3-Flying-59-Grasshopper-3855.jpg,0.010887283831834793
SINet/S2C,COD10K-CAM-3-Flying-59-Grasshopper-3858.jpg,0.11586959660053253
SINet/S2C,COD10K-CAM-3-Flying-59-Grasshopper-3860.jpg,0.021090557798743248
SINet/S2C,COD10K-CAM-3-Flying-59-Grasshopper-3861.jpg,0.014170746318995953
SINet/S2C,COD10K-CAM-3-Flying-59-Grasshopper-3862.jpg,0.017839770764112473
SINet/S2C,COD10K-CAM-3-Flying-59-Grasshopper-3864.jpg,0.007096961140632629
SINet/S2C,COD10K-CAM-3-Flying-59-Grasshopper-3865.jpg,0.03777102380990982
SINet/S2C,COD10K-CAM-3-Flying-59-Grasshopper-3867.jpg,0.03425575792789459
SINet/S2C,COD10K-CAM-3-Flying-59-Grasshopper-3868.jpg,0.038052305579185486
SINet/S2C,COD10K-CAM-3-Flying-59-Grasshopper-3869.jpg,0.027538077905774117
SINet/S2C,COD10K-CAM-3-Flying-59-Grasshopper-3871.jpg,0.045663513243198395
SINet/S2C,COD10K-CAM-3-Flying-59-Grasshopper-3878.jpg,0.0605924054980278
SINet/S2C,COD10K-CAM-3-Flying-59-Grasshopper-3879.jpg,0.021455321460962296
SINet/S2C,COD10K-CAM-3-Flying-60-Heron-3882.jpg,0.013839577324688435
SINet/S2C,COD10K-CAM-3-Flying-60-Heron-3883.jpg,0.057697951793670654
SINet/S2C,COD10K-CAM-3-Flying-60-Heron-3887.jpg,0.021039428189396858
SINet/S2C,COD10K-CAM-3-Flying-60-Heron-3890.jpg,0.019175155088305473
SINet/S2C,COD10K-CAM-3-Flying-60-Heron-3894.jpg,0.011617141775786877
SINet/S2C,COD10K-CAM-3-Flying-60-Heron-3896.jpg,0.011972556822001934
SINet/S2C,COD10K-CAM-3-Flying-60-Heron-3897.jpg,0.030143991112709045
SINet/S2C,COD10K-CAM-3-Flying-60-Heron-3899.jpg,0.018807675689458847
SINet/S2C,COD10K-CAM-3-Flying-60-Heron-3902.jpg,0.013591770082712173
SINet/S2C,COD10K-CAM-3-Flying-60-Heron-3903.jpg,0.010760181583464146
SINet/S2C,COD10K-CAM-3-Flying-60-Heron-3904.jpg,0.010972615331411362
SINet/S2C,COD10K-CAM-3-Flying-60-Heron-3905.jpg,0.0215168334543705
SINet/S2C,COD10K-CAM-3-Flying-60-Heron-3907.jpg,0.015034245327115059
SINet/S2C,COD10K-CAM-3-Flying-60-Heron-3908.jpg,0.017070719972252846
SINet/S2C,COD10K-CAM-3-Flying-60-Heron-3910.jpg,0.005907464772462845
SINet/S2C,COD10K-CAM-3-Flying-60-Heron-3913.jpg,0.05289897322654724
SINet/S2C,COD10K-CAM-3-Flying-60-Heron-3914.jpg,0.008203085511922836
SINet/S2C,COD10K-CAM-3-Flying-60-Heron-3915.jpg,0.008752182126045227
SINet/S2C,COD10K-CAM-3-Flying-60-Heron-3916.jpg,0.010532866232097149
SINet/S2C,COD10K-CAM-3-Flying-60-Heron-3917.jpg,0.015298036858439445
SINet/S2C,COD10K-CAM-3-Flying-60-Heron-3919.jpg,0.011262618005275726
SINet/S2C,COD10K-CAM-3-Flying-60-Heron-3920.jpg,0.01265072263777256
SINet/S2C,COD10K-CAM-3-Flying-60-Heron-3923.jpg,0.015925269573926926
SINet/S2C,COD10K-CAM-3-Flying-60-Heron-3924.jpg,0.008852279745042324
SINet/S2C,COD10K-CAM-3-Flying-60-Heron-3926.jpg,0.039794813841581345
SINet/S2C,COD10K-CAM-3-Flying-60-Heron-3929.jpg,0.017037207260727882
SINet/S2C,COD10K-CAM-3-Flying-60-Heron-3930.jpg,0.009085634723305702
SINet/S2C,COD10K-CAM-3-Flying-60-Heron-3931.jpg,0.015980038791894913
SINet/S2C,COD10K-CAM-3-Flying-60-Heron-3932.jpg,0.008422560058534145
SINet/S2C,COD10K-CAM-3-Flying-60-Heron-3933.jpg,0.018515832722187042
SINet/S2C,COD10K-CAM-3-Flying-61-Katydid-3934.jpg,0.06948335468769073
SINet/S2C,COD10K-CAM-3-Flying-61-Katydid-3935.jpg,0.023208264261484146
SINet/S2C,COD10K-CAM-3-Flying-61-Katydid-3936.jpg,0.04301875829696655
SINet/S2C,COD10K-CAM-3-Flying-61-Katydid-3937.jpg,0.022998973727226257
SINet/S2C,COD10K-CAM-3-Flying-61-Katydid-3938.jpg,0.03999151661992073
SINet/S2C,COD10K-CAM-3-Flying-61-Katydid-3940.jpg,0.1186259537935257
SINet/S2C,COD10K-CAM-3-Flying-61-Katydid-3941.jpg,0.03813464194536209
SINet/S2C,COD10K-CAM-3-Flying-61-Katydid-3943.jpg,0.019590236246585846
SINet/S2C,COD10K-CAM-3-Flying-61-Katydid-3944.jpg,0.03347603231668472
SINet/S2C,COD10K-CAM-3-Flying-61-Katydid-3945.jpg,0.01775495707988739
SINet/S2C,COD10K-CAM-3-Flying-61-Katydid-3946.jpg,0.024040639400482178
SINet/S2C,COD10K-CAM-3-Flying-61-Katydid-3947.jpg,0.021291684359312057
SINet/S2C,COD10K-CAM-3-Flying-61-Katydid-3948.jpg,0.044304389506578445
SINet/S2C,COD10K-CAM-3-Flying-61-Katydid-3953.jpg,0.01075159665197134
SINet/S2C,COD10K-CAM-3-Flying-61-Katydid-3954.jpg,0.033442288637161255
SINet/S2C,COD10K-CAM-3-Flying-61-Katydid-3955.jpg,0.048937246203422546
SINet/S2C,COD10K-CAM-3-Flying-61-Katydid-3957.jpg,0.02015107497572899
SINet/S2C,COD10K-CAM-3-Flying-61-Katydid-3959.jpg,0.0378803014755249
SINet/S2C,COD10K-CAM-3-Flying-61-Katydid-3960.jpg,0.011774986982345581
SINet/S2C,COD10K-CAM-3-Flying-61-Katydid-3961.jpg,0.05334723740816116
SINet/S2C,COD10K-CAM-3-Flying-61-Katydid-3963.jpg,0.1076885461807251
SINet/S2C,COD10K-CAM-3-Flying-61-Katydid-3966.jpg,0.03281256556510925
SINet/S2C,COD10K-CAM-3-Flying-61-Katydid-3967.jpg,0.01095665991306305
SINet/S2C,COD10K-CAM-3-Flying-61-Katydid-3969.jpg,0.029173066839575768
SINet/S2C,COD10K-CAM-3-Flying-61-Katydid-3970.jpg,0.017121268436312675
SINet/S2C,COD10K-CAM-3-Flying-61-Katydid-3972.jpg,0.05210409313440323
SINet/S2C,COD10K-CAM-3-Flying-61-Katydid-3973.jpg,0.028268057852983475
SINet/S2C,COD10K-CAM-3-Flying-61-Katydid-3974.jpg,0.03951608017086983
SINet/S2C,COD10K-CAM-3-Flying-61-Katydid-3975.jpg,0.023549146950244904
SINet/S2C,COD10K-CAM-3-Flying-61-Katydid-3977.jpg,0.062092654407024384
SINet/S2C,COD10K-CAM-3-Flying-61-Katydid-3978.jpg,0.01683073863387108
SINet/S2C,COD10K-CAM-3-Flying-61-Katydid-3981.jpg,0.02800491638481617
SINet/S2C,COD10K-CAM-3-Flying-61-Katydid-3984.jpg,0.015067624859511852
SINet/S2C,COD10K-CAM-3-Flying-61-Katydid-3985.jpg,0.021049104630947113
SINet/S2C,COD10K-CAM-3-Flying-61-Katydid-3986.jpg,0.01432235911488533
SINet/S2C,COD10K-CAM-3-Flying-61-Katydid-3989.jpg,0.04319269582629204
SINet/S2C,COD10K-CAM-3-Flying-61-Katydid-3991.jpg,0.02566523104906082
SINet/S2C,COD10K-CAM-3-Flying-61-Katydid-3992.jpg,0.018788065761327744
SINet/S2C,COD10K-CAM-3-Flying-61-Katydid-3995.jpg,0.029849406331777573
SINet/S2C,COD10K-CAM-3-Flying-61-Katydid-3996.jpg,0.026834236457943916
SINet/S2C,COD10K-CAM-3-Flying-61-Katydid-3997.jpg,0.029099613428115845
SINet/S2C,COD10K-CAM-3-Flying-61-Katydid-3998.jpg,0.0362459197640419
SINet/S2C,COD10K-CAM-3-Flying-61-Katydid-3999.jpg,0.018460988998413086
SINet/S2C,COD10K-CAM-3-Flying-61-Katydid-4000.jpg,0.02683815360069275
SINet/S2C,COD10K-CAM-3-Flying-61-Katydid-4001.jpg,0.027253907173871994
SINet/S2C,COD10K-CAM-3-Flying-61-Katydid-4002.jpg,0.03230199217796326
SINet/S2C,COD10K-CAM-3-Flying-61-Katydid-4005.jpg,0.05024975165724754
SINet/S2C,COD10K-CAM-3-Flying-61-Katydid-4007.jpg,0.056495245546102524
SINet/S2C,COD10K-CAM-3-Flying-61-Katydid-4009.jpg,0.033625587821006775
SINet/S2C,COD10K-CAM-3-Flying-61-Katydid-4010.jpg,0.02770792320370674
SINet/S2C,COD10K-CAM-3-Flying-61-Katydid-4011.jpg,0.022505927830934525
SINet/S2C,COD10K-CAM-3-Flying-61-Katydid-4012.jpg,0.017750734463334084
SINet/S2C,COD10K-CAM-3-Flying-61-Katydid-4013.jpg,0.017995217815041542
SINet/S2C,COD10K-CAM-3-Flying-61-Katydid-4015.jpg,0.06292913109064102
SINet/S2C,COD10K-CAM-3-Flying-61-Katydid-4017.jpg,0.0365910530090332
SINet/S2C,COD10K-CAM-3-Flying-61-Katydid-4018.jpg,0.035796597599983215
SINet/S2C,COD10K-CAM-3-Flying-61-Katydid-4019.jpg,0.01886751502752304
SINet/S2C,COD10K-CAM-3-Flying-61-Katydid-4024.jpg,0.03157975524663925
SINet/S2C,COD10K-CAM-3-Flying-61-Katydid-4026.jpg,0.010940500535070896
SINet/S2C,COD10K-CAM-3-Flying-61-Katydid-4028.jpg,0.07018254697322845
SINet/S2C,COD10K-CAM-3-Flying-61-Katydid-4029.jpg,0.2159631997346878
SINet/S2C,COD10K-CAM-3-Flying-61-Katydid-4030.jpg,0.01836751401424408
SINet/S2C,COD10K-CAM-3-Flying-61-Katydid-4031.jpg,0.04683321714401245
SINet/S2C,COD10K-CAM-3-Flying-61-Katydid-4032.jpg,0.014020446687936783
SINet/S2C,COD10K-CAM-3-Flying-61-Katydid-4033.jpg,0.03643663227558136
SINet/S2C,COD10K-CAM-3-Flying-61-Katydid-4034.jpg,0.048377394676208496
SINet/S2C,COD10K-CAM-3-Flying-61-Katydid-4036.jpg,0.023449061438441277
SINet/S2C,COD10K-CAM-3-Flying-61-Katydid-4038.jpg,0.015291676856577396
SINet/S2C,COD10K-CAM-3-Flying-61-Katydid-4039.jpg,0.019882436841726303
SINet/S2C,COD10K-CAM-3-Flying-61-Katydid-4040.jpg,0.03780391067266464
SINet/S2C,COD10K-CAM-3-Flying-61-Katydid-4041.jpg,0.0182553268969059
SINet/S2C,COD10K-CAM-3-Flying-61-Katydid-4043.jpg,0.017426976934075356
SINet/S2C,COD10K-CAM-3-Flying-61-Katydid-4044.jpg,0.01393098570406437
SINet/S2C,COD10K-CAM-3-Flying-61-Katydid-4046.jpg,0.016910269856452942
SINet/S2C,COD10K-CAM-3-Flying-61-Katydid-4048.jpg,0.08155396580696106
SINet/S2C,COD10K-CAM-3-Flying-61-Katydid-4049.jpg,0.0616520531475544
SINet/S2C,COD10K-CAM-3-Flying-61-Katydid-4050.jpg,0.02830924652516842
SINet/S2C,COD10K-CAM-3-Flying-61-Katydid-4052.jpg,0.021532505750656128
SINet/S2C,COD10K-CAM-3-Flying-61-Katydid-4053.jpg,0.11088494956493378
SINet/S2C,COD10K-CAM-3-Flying-61-Katydid-4055.jpg,0.02312207967042923
SINet/S2C,COD10K-CAM-3-Flying-61-Katydid-4056.jpg,0.03198610618710518
SINet/S2C,COD10K-CAM-3-Flying-61-Katydid-4057.jpg,0.04109667241573334
SINet/S2C,COD10K-CAM-3-Flying-61-Katydid-4058.jpg,0.034311894327402115
SINet/S2C,COD10K-CAM-3-Flying-61-Katydid-4061.jpg,0.03426780924201012
SINet/S2C,COD10K-CAM-3-Flying-61-Katydid-4065.jpg,0.020417870953679085
SINet/S2C,COD10K-CAM-3-Flying-61-Katydid-4066.jpg,0.040655359625816345
SINet/S2C,COD10K-CAM-3-Flying-61-Katydid-4067.jpg,0.027400752529501915
SINet/S2C,COD10K-CAM-3-Flying-61-Katydid-4069.jpg,0.016760624945163727
SINet/S2C,COD10K-CAM-3-Flying-61-Katydid-4070.jpg,0.010635200887918472
SINet/S2C,COD10K-CAM-3-Flying-61-Katydid-4071.jpg,0.03962019830942154
SINet/S2C,COD10K-CAM-3-Flying-61-Katydid-4072.jpg,0.10480132699012756
SINet/S2C,COD10K-CAM-3-Flying-61-Katydid-4076.jpg,0.015470355749130249
SINet/S2C,COD10K-CAM-3-Flying-61-Katydid-4078.jpg,0.03453557938337326
SINet/S2C,COD10K-CAM-3-Flying-61-Katydid-4079.jpg,0.030003247782588005
SINet/S2C,COD10K-CAM-3-Flying-61-Katydid-4081.jpg,0.017320724204182625
SINet/S2C,COD10K-CAM-3-Flying-61-Katydid-4083.jpg,0.023809928447008133
SINet/S2C,COD10K-CAM-3-Flying-61-Katydid-4084.jpg,0.014509880915284157
SINet/S2C,COD10K-CAM-3-Flying-61-Katydid-4088.jpg,0.04576203227043152
SINet/S2C,COD10K-CAM-3-Flying-61-Katydid-4089.jpg,0.10827688872814178
SINet/S2C,COD10K-CAM-3-Flying-61-Katydid-4090.jpg,0.038402408361434937
SINet/S2C,COD10K-CAM-3-Flying-61-Katydid-4092.jpg,0.050914496183395386
SINet/S2C,COD10K-CAM-3-Flying-61-Katydid-4095.jpg,0.025713061913847923
SINet/S2C,COD10K-CAM-3-Flying-61-Katydid-4096.jpg,0.013682791963219643
SINet/S2C,COD10K-CAM-3-Flying-61-Katydid-4097.jpg,0.02033979259431362
SINet/S2C,COD10K-CAM-3-Flying-61-Katydid-4098.jpg,0.028097741305828094
SINet/S2C,COD10K-CAM-3-Flying-61-Katydid-4099.jpg,0.03181186318397522
SINet/S2C,COD10K-CAM-3-Flying-61-Katydid-4100.jpg,0.038244135677814484
SINet/S2C,COD10K-CAM-3-Flying-61-Katydid-4103.jpg,0.009775343351066113
SINet/S2C,COD10K-CAM-3-Flying-61-Katydid-4104.jpg,0.01929471641778946
SINet/S2C,COD10K-CAM-3-Flying-61-Katydid-4105.jpg,0.022209838032722473
SINet/S2C,COD10K-CAM-3-Flying-61-Katydid-4106.jpg,0.1343923807144165
SINet/S2C,COD10K-CAM-3-Flying-61-Katydid-4109.jpg,0.06352359056472778
SINet/S2C,COD10K-CAM-3-Flying-61-Katydid-4113.jpg,0.058973122388124466
SINet/S2C,COD10K-CAM-3-Flying-61-Katydid-4114.jpg,0.0647381842136383
SINet/S2C,COD10K-CAM-3-Flying-61-Katydid-4116.jpg,0.04616912454366684
SINet/S2C,COD10K-CAM-3-Flying-61-Katydid-4119.jpg,0.009036796167492867
SINet/S2C,COD10K-CAM-3-Flying-61-Katydid-4120.jpg,0.07810381054878235
SINet/S2C,COD10K-CAM-3-Flying-61-Katydid-4123.jpg,0.023114144802093506
SINet/S2C,COD10K-CAM-3-Flying-61-Katydid-4124.jpg,0.02289278246462345
SINet/S2C,COD10K-CAM-3-Flying-61-Katydid-4127.jpg,0.12007279694080353
SINet/S2C,COD10K-CAM-3-Flying-61-Katydid-4128.jpg,0.013974285684525967
SINet/S2C,COD10K-CAM-3-Flying-61-Katydid-4129.jpg,0.027226634323596954
SINet/S2C,COD10K-CAM-3-Flying-61-Katydid-4132.jpg,0.032644644379615784
SINet/S2C,COD10K-CAM-3-Flying-61-Katydid-4134.jpg,0.05097304657101631
SINet/S2C,COD10K-CAM-3-Flying-61-Katydid-4135.jpg,0.041696541011333466
SINet/S2C,COD10K-CAM-3-Flying-61-Katydid-4136.jpg,0.019262555986642838
SINet/S2C,COD10K-CAM-3-Flying-61-Katydid-4137.jpg,0.027673088014125824
SINet/S2C,COD10K-CAM-3-Flying-61-Katydid-4138.jpg,0.013309504836797714
SINet/S2C,COD10K-CAM-3-Flying-61-Katydid-4139.jpg,0.015186337754130363
SINet/S2C,COD10K-CAM-3-Flying-61-Katydid-4140.jpg,0.04112120717763901
SINet/S2C,COD10K-CAM-3-Flying-61-Katydid-4143.jpg,0.02668791636824608
SINet/S2C,COD10K-CAM-3-Flying-61-Katydid-4146.jpg,0.04231695830821991
SINet/S2C,COD10K-CAM-3-Flying-61-Katydid-4148.jpg,0.01055923756211996
SINet/S2C,COD10K-CAM-3-Flying-61-Katydid-4149.jpg,0.03824562579393387
SINet/S2C,COD10K-CAM-3-Flying-61-Katydid-4150.jpg,0.017468638718128204
SINet/S2C,COD10K-CAM-3-Flying-61-Katydid-4151.jpg,0.01905217580497265
SINet/S2C,COD10K-CAM-3-Flying-61-Katydid-4152.jpg,0.016974803060293198
SINet/S2C,COD10K-CAM-3-Flying-61-Katydid-4157.jpg,0.028446929529309273
SINet/S2C,COD10K-CAM-3-Flying-61-Katydid-4158.jpg,0.08924107253551483
SINet/S2C,COD10K-CAM-3-Flying-61-Katydid-4163.jpg,0.029442183673381805
SINet/S2C,COD10K-CAM-3-Flying-61-Katydid-4164.jpg,0.01506164949387312
SINet/S2C,COD10K-CAM-3-Flying-61-Katydid-4165.jpg,0.019011296331882477
SINet/S2C,COD10K-CAM-3-Flying-61-Katydid-4168.jpg,0.02628389745950699
SINet/S2C,COD10K-CAM-3-Flying-61-Katydid-4169.jpg,0.020928088575601578
SINet/S2C,COD10K-CAM-3-Flying-61-Katydid-4170.jpg,0.01614319160580635
SINet/S2C,COD10K-CAM-3-Flying-61-Katydid-4171.jpg,0.01741488091647625
SINet/S2C,COD10K-CAM-3-Flying-61-Katydid-4172.jpg,0.022864583879709244
SINet/S2C,COD10K-CAM-3-Flying-61-Katydid-4175.jpg,0.03344840556383133
SINet/S2C,COD10K-CAM-3-Flying-61-Katydid-4178.jpg,0.03685421496629715
SINet/S2C,COD10K-CAM-3-Flying-61-Katydid-4179.jpg,0.07393290102481842
SINet/S2C,COD10K-CAM-3-Flying-61-Katydid-4181.jpg,0.08983936905860901
SINet/S2C,COD10K-CAM-3-Flying-61-Katydid-4182.jpg,0.03947322815656662
SINet/S2C,COD10K-CAM-3-Flying-61-Katydid-4183.jpg,0.0613437183201313
SINet/S2C,COD10K-CAM-3-Flying-61-Katydid-4184.jpg,0.029446685686707497
SINet/S2C,COD10K-CAM-3-Flying-61-Katydid-4185.jpg,0.027580488473176956
SINet/S2C,COD10K-CAM-3-Flying-61-Katydid-4186.jpg,0.02807852067053318
SINet/S2C,COD10K-CAM-3-Flying-61-Katydid-4187.jpg,0.03545629233121872
SINet/S2C,COD10K-CAM-3-Flying-61-Katydid-4188.jpg,0.031678494065999985
SINet/S2C,COD10K-CAM-3-Flying-61-Katydid-4190.jpg,0.05121951922774315
SINet/S2C,COD10K-CAM-3-Flying-61-Katydid-4192.jpg,0.03229326382279396
SINet/S2C,COD10K-CAM-3-Flying-61-Katydid-4194.jpg,0.06737281382083893
SINet/S2C,COD10K-CAM-3-Flying-61-Katydid-4195.jpg,0.08465249091386795
SINet/S2C,COD10K-CAM-3-Flying-61-Katydid-4197.jpg,0.024627652019262314
SINet/S2C,COD10K-CAM-3-Flying-61-Katydid-4199.jpg,0.01599559560418129
SINet/S2C,COD10K-CAM-3-Flying-61-Katydid-4200.jpg,0.020023982971906662
SINet/S2C,COD10K-CAM-3-Flying-61-Katydid-4202.jpg,0.018362998962402344
SINet/S2C,COD10K-CAM-3-Flying-61-Katydid-4207.jpg,0.04109814018011093
SINet/S2C,COD10K-CAM-3-Flying-61-Katydid-4208.jpg,0.044325217604637146
SINet/S2C,COD10K-CAM-3-Flying-61-Katydid-4210.jpg,0.01380106806755066
SINet/S2C,COD10K-CAM-3-Flying-61-Katydid-4211.jpg,0.01712852343916893
SINet/S2C,COD10K-CAM-3-Flying-61-Katydid-4212.jpg,0.08192160725593567
SINet/S2C,COD10K-CAM-3-Flying-61-Katydid-4213.jpg,0.020094536244869232
SINet/S2C,COD10K-CAM-3-Flying-61-Katydid-4214.jpg,0.044498100876808167
SINet/S2C,COD10K-CAM-3-Flying-61-Katydid-4217.jpg,0.03288611024618149
SINet/S2C,COD10K-CAM-3-Flying-61-Katydid-4223.jpg,0.019579606130719185
SINet/S2C,COD10K-CAM-3-Flying-61-Katydid-4226.jpg,0.012957742437720299
SINet/S2C,COD10K-CAM-3-Flying-61-Katydid-4227.jpg,0.02840552292764187
SINet/S2C,COD10K-CAM-3-Flying-61-Katydid-4233.jpg,0.03805408626794815
SINet/S2C,COD10K-CAM-3-Flying-61-Katydid-4235.jpg,0.022214896976947784
SINet/S2C,COD10K-CAM-3-Flying-61-Katydid-4236.jpg,0.02296370640397072
SINet/S2C,COD10K-CAM-3-Flying-61-Katydid-4239.jpg,0.0671459287405014
SINet/S2C,COD10K-CAM-3-Flying-61-Katydid-4243.jpg,0.021995393559336662
SINet/S2C,COD10K-CAM-3-Flying-62-Mantis-4246.jpg,0.01565070077776909
SINet/S2C,COD10K-CAM-3-Flying-62-Mantis-4249.jpg,0.03363423049449921
SINet/S2C,COD10K-CAM-3-Flying-62-Mantis-4250.jpg,0.018910333514213562
SINet/S2C,COD10K-CAM-3-Flying-62-Mantis-4251.jpg,0.014389031566679478
SINet/S2C,COD10K-CAM-3-Flying-62-Mantis-4252.jpg,0.018096711486577988
SINet/S2C,COD10K-CAM-3-Flying-62-Mantis-4254.jpg,0.013874528929591179
SINet/S2C,COD10K-CAM-3-Flying-62-Mantis-4257.jpg,0.040605269372463226
SINet/S2C,COD10K-CAM-3-Flying-62-Mantis-4259.jpg,0.023019932210445404
SINet/S2C,COD10K-CAM-3-Flying-62-Mantis-4260.jpg,0.05080867558717728
SINet/S2C,COD10K-CAM-3-Flying-62-Mantis-4261.jpg,0.024348564445972443
SINet/S2C,COD10K-CAM-3-Flying-62-Mantis-4263.jpg,0.01789819449186325
SINet/S2C,COD10K-CAM-3-Flying-62-Mantis-4264.jpg,0.020386211574077606
SINet/S2C,COD10K-CAM-3-Flying-62-Mantis-4266.jpg,0.10400544852018356
SINet/S2C,COD10K-CAM-3-Flying-62-Mantis-4267.jpg,0.0313476026058197
SINet/S2C,COD10K-CAM-3-Flying-62-Mantis-4269.jpg,0.02192199043929577
SINet/S2C,COD10K-CAM-3-Flying-62-Mantis-4271.jpg,0.021139957010746002
SINet/S2C,COD10K-CAM-3-Flying-62-Mantis-4273.jpg,0.031962912529706955
SINet/S2C,COD10K-CAM-3-Flying-62-Mantis-4275.jpg,0.030987415462732315
SINet/S2C,COD10K-CAM-3-Flying-62-Mantis-4277.jpg,0.03022676706314087
SINet/S2C,COD10K-CAM-3-Flying-62-Mantis-4280.jpg,0.045376863330602646
SINet/S2C,COD10K-CAM-3-Flying-62-Mantis-4282.jpg,0.0638941302895546
SINet/S2C,COD10K-CAM-3-Flying-62-Mantis-4284.jpg,0.04687800258398056
SINet/S2C,COD10K-CAM-3-Flying-62-Mantis-4286.jpg,0.021693581715226173
SINet/S2C,COD10K-CAM-3-Flying-62-Mantis-4289.jpg,0.02380301058292389
SINet/S2C,COD10K-CAM-3-Flying-62-Mantis-4290.jpg,0.01762763224542141
SINet/S2C,COD10K-CAM-3-Flying-62-Mantis-4291.jpg,0.019176818430423737
SINet/S2C,COD10K-CAM-3-Flying-62-Mantis-4292.jpg,0.0326881930232048
SINet/S2C,COD10K-CAM-3-Flying-62-Mantis-4293.jpg,0.029262911528348923
SINet/S2C,COD10K-CAM-3-Flying-62-Mantis-4294.jpg,0.013507071882486343
SINet/S2C,COD10K-CAM-3-Flying-62-Mantis-4295.jpg,0.054524995386600494
SINet/S2C,COD10K-CAM-3-Flying-62-Mantis-4298.jpg,0.098539799451828
SINet/S2C,COD10K-CAM-3-Flying-62-Mantis-4299.jpg,0.02186371386051178
SINet/S2C,COD10K-CAM-3-Flying-62-Mantis-4300.jpg,0.033974435180425644
SINet/S2C,COD10K-CAM-3-Flying-62-Mantis-4303.jpg,0.02300603687763214
SINet/S2C,COD10K-CAM-3-Flying-62-Mantis-4304.jpg,0.019334755837917328
SINet/S2C,COD10K-CAM-3-Flying-62-Mantis-4305.jpg,0.02429722063243389
SINet/S2C,COD10K-CAM-3-Flying-62-Mantis-4306.jpg,0.057801224291324615
SINet/S2C,COD10K-CAM-3-Flying-62-Mantis-4309.jpg,0.015534134581685066
SINet/S2C,COD10K-CAM-3-Flying-62-Mantis-4311.jpg,0.023340489715337753
SINet/S2C,COD10K-CAM-3-Flying-62-Mantis-4312.jpg,0.025567609816789627
SINet/S2C,COD10K-CAM-3-Flying-62-Mantis-4317.jpg,0.06397462636232376
SINet/S2C,COD10K-CAM-3-Flying-62-Mantis-4318.jpg,0.011908135376870632
SINet/S2C,COD10K-CAM-3-Flying-62-Mantis-4320.jpg,0.02368130162358284
SINet/S2C,COD10K-CAM-3-Flying-62-Mantis-4322.jpg,0.05347814783453941
SINet/S2C,COD10K-CAM-3-Flying-62-Mantis-4323.jpg,0.052611738443374634
SINet/S2C,COD10K-CAM-3-Flying-62-Mantis-4324.jpg,0.028058843687176704
SINet/S2C,COD10K-CAM-3-Flying-62-Mantis-4326.jpg,0.015907958149909973
SINet/S2C,COD10K-CAM-3-Flying-62-Mantis-4327.jpg,0.047590192407369614
SINet/S2C,COD10K-CAM-3-Flying-62-Mantis-4329.jpg,0.04427137225866318
SINet/S2C,COD10K-CAM-3-Flying-62-Mantis-4331.jpg,0.021745093166828156
SINet/S2C,COD10K-CAM-3-Flying-62-Mantis-4332.jpg,0.06421754509210587
SINet/S2C,COD10K-CAM-3-Flying-62-Mantis-4333.jpg,0.028092164546251297
SINet/S2C,COD10K-CAM-3-Flying-62-Mantis-4334.jpg,0.05689000338315964
SINet/S2C,COD10K-CAM-3-Flying-62-Mantis-4335.jpg,0.048113465309143066
SINet/S2C,COD10K-CAM-3-Flying-62-Mantis-4336.jpg,0.035174429416656494
SINet/S2C,COD10K-CAM-3-Flying-62-Mantis-4337.jpg,0.012064047157764435
SINet/S2C,COD10K-CAM-3-Flying-62-Mantis-4338.jpg,0.11869169771671295
SINet/S2C,COD10K-CAM-3-Flying-62-Mantis-4340.jpg,0.11073312163352966
SINet/S2C,COD10K-CAM-3-Flying-62-Mantis-4343.jpg,0.037893880158662796
SINet/S2C,COD10K-CAM-3-Flying-62-Mantis-4345.jpg,0.020800525322556496
SINet/S2C,COD10K-CAM-3-Flying-62-Mantis-4348.jpg,0.033909138292074203
SINet/S2C,COD10K-CAM-3-Flying-62-Mantis-4351.jpg,0.02578493393957615
SINet/S2C,COD10K-CAM-3-Flying-62-Mantis-4352.jpg,0.05969764664769173
SINet/S2C,COD10K-CAM-3-Flying-62-Mantis-4353.jpg,0.02096899226307869
SINet/S2C,COD10K-CAM-3-Flying-62-Mantis-4354.jpg,0.11788702011108398
SINet/S2C,COD10K-CAM-3-Flying-62-Mantis-4356.jpg,0.028717759996652603
SINet/S2C,COD10K-CAM-3-Flying-62-Mantis-4357.jpg,0.053273849189281464
SINet/S2C,COD10K-CAM-3-Flying-62-Mantis-4365.jpg,0.05598320811986923
SINet/S2C,COD10K-CAM-3-Flying-62-Mantis-4366.jpg,0.02497401088476181
SINet/S2C,COD10K-CAM-3-Flying-62-Mantis-4367.jpg,0.05802300199866295
SINet/S2C,COD10K-CAM-3-Flying-62-Mantis-4368.jpg,0.0410313755273819
SINet/S2C,COD10K-CAM-3-Flying-62-Mantis-4369.jpg,0.02984887920320034
SINet/S2C,COD10K-CAM-3-Flying-62-Mantis-4370.jpg,0.03842298313975334
SINet/S2C,COD10K-CAM-3-Flying-62-Mantis-4371.jpg,0.02718985453248024
SINet/S2C,COD10K-CAM-3-Flying-62-Mantis-4374.jpg,0.027523957192897797
SINet/S2C,COD10K-CAM-3-Flying-62-Mantis-4377.jpg,0.02279808558523655
SINet/S2C,COD10K-CAM-3-Flying-62-Mantis-4379.jpg,0.05249287933111191
SINet/S2C,COD10K-CAM-3-Flying-62-Mantis-4381.jpg,0.028429541736841202
SINet/S2C,COD10K-CAM-3-Flying-62-Mantis-4383.jpg,0.031165316700935364
SINet/S2C,COD10K-CAM-3-Flying-62-Mantis-4385.jpg,0.027665838599205017
SINet/S2C,COD10K-CAM-3-Flying-63-Mockingbird-4388.jpg,0.07274867594242096
SINet/S2C,COD10K-CAM-3-Flying-63-Mockingbird-4390.jpg,0.012651723809540272
SINet/S2C,COD10K-CAM-3-Flying-63-Mockingbird-4391.jpg,0.027838408946990967
SINet/S2C,COD10K-CAM-3-Flying-63-Mockingbird-4393.jpg,0.024880504235625267
SINet/S2C,COD10K-CAM-3-Flying-63-Mockingbird-4394.jpg,0.0828193873167038
SINet/S2C,COD10K-CAM-3-Flying-63-Mockingbird-4395.jpg,0.008367439731955528
SINet/S2C,COD10K-CAM-3-Flying-63-Mockingbird-4396.jpg,0.01571948453783989
SINet/S2C,COD10K-CAM-3-Flying-63-Mockingbird-4397.jpg,0.05172426253557205
SINet/S2C,COD10K-CAM-3-Flying-63-Mockingbird-4398.jpg,0.027745861560106277
SINet/S2C,COD10K-CAM-3-Flying-63-Mockingbird-4399.jpg,0.06041039153933525
SINet/S2C,COD10K-CAM-3-Flying-63-Mockingbird-4400.jpg,0.024749932810664177
SINet/S2C,COD10K-CAM-3-Flying-63-Mockingbird-4401.jpg,0.005426093470305204
SINet/S2C,COD10K-CAM-3-Flying-63-Mockingbird-4402.jpg,0.006206794176250696
SINet/S2C,COD10K-CAM-3-Flying-63-Mockingbird-4404.jpg,0.020219560712575912
SINet/S2C,COD10K-CAM-3-Flying-63-Mockingbird-4411.jpg,0.02964785136282444
SINet/S2C,COD10K-CAM-3-Flying-63-Mockingbird-4412.jpg,0.01741081103682518
SINet/S2C,COD10K-CAM-3-Flying-63-Mockingbird-4413.jpg,0.01972064934670925
SINet/S2C,COD10K-CAM-3-Flying-63-Mockingbird-4415.jpg,0.018634768202900887
SINet/S2C,COD10K-CAM-3-Flying-63-Mockingbird-4416.jpg,0.010974278673529625
SINet/S2C,COD10K-CAM-3-Flying-63-Mockingbird-4418.jpg,0.023296378552913666
SINet/S2C,COD10K-CAM-3-Flying-63-Mockingbird-4419.jpg,0.007739865221083164
SINet/S2C,COD10K-CAM-3-Flying-63-Mockingbird-4420.jpg,0.04836592823266983
SINet/S2C,COD10K-CAM-3-Flying-63-Mockingbird-4421.jpg,0.04287782311439514
SINet/S2C,COD10K-CAM-3-Flying-63-Mockingbird-4422.jpg,0.06964297592639923
SINet/S2C,COD10K-CAM-3-Flying-63-Mockingbird-4423.jpg,0.022341804578900337
SINet/S2C,COD10K-CAM-3-Flying-63-Mockingbird-4424.jpg,0.02600761316716671
SINet/S2C,COD10K-CAM-3-Flying-63-Mockingbird-4425.jpg,0.04799019545316696
SINet/S2C,COD10K-CAM-3-Flying-64-Moth-4428.jpg,0.020869530737400055
SINet/S2C,COD10K-CAM-3-Flying-64-Moth-4429.jpg,0.014534374698996544
SINet/S2C,COD10K-CAM-3-Flying-64-Moth-4434.jpg,0.02069772221148014
SINet/S2C,COD10K-CAM-3-Flying-64-Moth-4435.jpg,0.029174817726016045
SINet/S2C,COD10K-CAM-3-Flying-64-Moth-4436.jpg,0.027388283982872963
SINet/S2C,COD10K-CAM-3-Flying-64-Moth-4437.jpg,0.019118402153253555
SINet/S2C,COD10K-CAM-3-Flying-64-Moth-4438.jpg,0.01296929270029068
SINet/S2C,COD10K-CAM-3-Flying-64-Moth-4439.jpg,0.009339876472949982
SINet/S2C,COD10K-CAM-3-Flying-64-Moth-4440.jpg,0.039347317069768906
SINet/S2C,COD10K-CAM-3-Flying-64-Moth-4441.jpg,0.020632028579711914
SINet/S2C,COD10K-CAM-3-Flying-64-Moth-4442.jpg,0.017394427210092545
SINet/S2C,COD10K-CAM-3-Flying-64-Moth-4445.jpg,0.011195849627256393
SINet/S2C,COD10K-CAM-3-Flying-64-Moth-4449.jpg,0.04059215635061264
SINet/S2C,COD10K-CAM-3-Flying-64-Moth-4451.jpg,0.022780554369091988
SINet/S2C,COD10K-CAM-3-Flying-64-Moth-4456.jpg,0.036492690443992615
SINet/S2C,COD10K-CAM-3-Flying-64-Moth-4458.jpg,0.05856221169233322
SINet/S2C,COD10K-CAM-3-Flying-64-Moth-4459.jpg,0.018144864588975906
SINet/S2C,COD10K-CAM-3-Flying-64-Moth-4462.jpg,0.018085842952132225
SINet/S2C,COD10K-CAM-3-Flying-64-Moth-4463.jpg,0.017530974000692368
SINet/S2C,COD10K-CAM-3-Flying-64-Moth-4464.jpg,0.021359222009778023
SINet/S2C,COD10K-CAM-3-Flying-64-Moth-4465.jpg,0.03205253183841705
SINet/S2C,COD10K-CAM-3-Flying-64-Moth-4466.jpg,0.04359379783272743
SINet/S2C,COD10K-CAM-3-Flying-64-Moth-4468.jpg,0.0452800914645195
SINet/S2C,COD10K-CAM-3-Flying-64-Moth-4470.jpg,0.02766389027237892
SINet/S2C,COD10K-CAM-3-Flying-64-Moth-4472.jpg,0.021774057298898697
SINet/S2C,COD10K-CAM-3-Flying-64-Moth-4474.jpg,0.015962723642587662
SINet/S2C,COD10K-CAM-3-Flying-64-Moth-4475.jpg,0.022810881957411766
SINet/S2C,COD10K-CAM-3-Flying-64-Moth-4477.jpg,0.026273131370544434
SINet/S2C,COD10K-CAM-3-Flying-64-Moth-4478.jpg,0.016403311863541603
SINet/S2C,COD10K-CAM-3-Flying-64-Moth-4484.jpg,0.04119676724076271
SINet/S2C,COD10K-CAM-3-Flying-64-Moth-4485.jpg,0.015340344980359077
SINet/S2C,COD10K-CAM-3-Flying-64-Moth-4486.jpg,0.016178220510482788
SINet/S2C,COD10K-CAM-3-Flying-64-Moth-4487.jpg,0.018086934462189674
SINet/S2C,COD10K-CAM-3-Flying-64-Moth-4488.jpg,0.018806325271725655
SINet/S2C,COD10K-CAM-3-Flying-64-Moth-4490.jpg,0.027248678728938103
SINet/S2C,COD10K-CAM-3-Flying-64-Moth-4492.jpg,0.015869295224547386
SINet/S2C,COD10K-CAM-3-Flying-64-Moth-4493.jpg,0.021646007895469666
SINet/S2C,COD10K-CAM-3-Flying-64-Moth-4494.jpg,0.1350676417350769
SINet/S2C,COD10K-CAM-3-Flying-64-Moth-4495.jpg,0.05106927454471588
SINet/S2C,COD10K-CAM-3-Flying-64-Moth-4496.jpg,0.04693019390106201
SINet/S2C,COD10K-CAM-3-Flying-64-Moth-4497.jpg,0.02080637216567993
SINet/S2C,COD10K-CAM-3-Flying-64-Moth-4498.jpg,0.011958267539739609
SINet/S2C,COD10K-CAM-3-Flying-64-Moth-4500.jpg,0.03681311011314392
SINet/S2C,COD10K-CAM-3-Flying-64-Moth-4501.jpg,0.011690821498632431
SINet/S2C,COD10K-CAM-3-Flying-64-Moth-4502.jpg,0.01073602307587862
SINet/S2C,COD10K-CAM-3-Flying-64-Moth-4504.jpg,0.008503718301653862
SINet/S2C,COD10K-CAM-3-Flying-64-Moth-4505.jpg,0.037404827773571014
SINet/S2C,COD10K-CAM-3-Flying-64-Moth-4506.jpg,0.012158915400505066
SINet/S2C,COD10K-CAM-3-Flying-64-Moth-4507.jpg,0.025156276300549507
SINet/S2C,COD10K-CAM-3-Flying-65-Owl-4508.jpg,0.039807308465242386
SINet/S2C,COD10K-CAM-3-Flying-65-Owl-4509.jpg,0.03401864320039749
SINet/S2C,COD10K-CAM-3-Flying-65-Owl-4512.jpg,0.019922297447919846
SINet/S2C,COD10K-CAM-3-Flying-65-Owl-4513.jpg,0.029016144573688507
SINet/S2C,COD10K-CAM-3-Flying-65-Owl-4516.jpg,0.02994159236550331
SINet/S2C,COD10K-CAM-3-Flying-65-Owl-4518.jpg,0.04474584385752678
SINet/S2C,COD10K-CAM-3-Flying-65-Owl-4521.jpg,0.028334137052297592
SINet/S2C,COD10K-CAM-3-Flying-65-Owl-4523.jpg,0.023356076329946518
SINet/S2C,COD10K-CAM-3-Flying-65-Owl-4524.jpg,0.07638473063707352
SINet/S2C,COD10K-CAM-3-Flying-65-Owl-4525.jpg,0.01850285939872265
SINet/S2C,COD10K-CAM-3-Flying-65-Owl-4526.jpg,0.015467122197151184
SINet/S2C,COD10K-CAM-3-Flying-65-Owl-4532.jpg,0.058916784822940826
SINet/S2C,COD10K-CAM-3-Flying-65-Owl-4538.jpg,0.01868770644068718
SINet/S2C,COD10K-CAM-3-Flying-65-Owl-4539.jpg,0.01385149359703064
SINet/S2C,COD10K-CAM-3-Flying-65-Owl-4541.jpg,0.037367694079875946
SINet/S2C,COD10K-CAM-3-Flying-65-Owl-4542.jpg,0.035975098609924316
SINet/S2C,COD10K-CAM-3-Flying-65-Owl-4544.jpg,0.040688250213861465
SINet/S2C,COD10K-CAM-3-Flying-65-Owl-4545.jpg,0.03568614274263382
SINet/S2C,COD10K-CAM-3-Flying-65-Owl-4546.jpg,0.028059683740139008
SINet/S2C,COD10K-CAM-3-Flying-65-Owl-4547.jpg,0.02457302063703537
SINet/S2C,COD10K-CAM-3-Flying-65-Owl-4548.jpg,0.01997317373752594
SINet/S2C,COD10K-CAM-3-Flying-65-Owl-4549.jpg,0.0314786471426487
SINet/S2C,COD10K-CAM-3-Flying-65-Owl-4551.jpg,0.0331619568169117
SINet/S2C,COD10K-CAM-3-Flying-65-Owl-4552.jpg,0.029873155057430267
SINet/S2C,COD10K-CAM-3-Flying-65-Owl-4554.jpg,0.010604918003082275
SINet/S2C,COD10K-CAM-3-Flying-65-Owl-4557.jpg,0.014590075239539146
SINet/S2C,COD10K-CAM-3-Flying-65-Owl-4559.jpg,0.022457368671894073
SINet/S2C,COD10K-CAM-3-Flying-65-Owl-4560.jpg,0.028693942353129387
SINet/S2C,COD10K-CAM-3-Flying-65-Owl-4562.jpg,0.01649017632007599
SINet/S2C,COD10K-CAM-3-Flying-65-Owl-4566.jpg,0.03648298606276512
SINet/S2C,COD10K-CAM-3-Flying-65-Owl-4567.jpg,0.02059127762913704
SINet/S2C,COD10K-CAM-3-Flying-65-Owl-4568.jpg,0.025772575289011
SINet/S2C,COD10K-CAM-3-Flying-65-Owl-4570.jpg,0.02620464190840721
SINet/S2C,COD10K-CAM-3-Flying-65-Owl-4571.jpg,0.0219013262540102
SINet/S2C,COD10K-CAM-3-Flying-65-Owl-4572.jpg,0.00568051403388381
SINet/S2C,COD10K-CAM-3-Flying-65-Owl-4576.jpg,0.03984459489583969
SINet/S2C,COD10K-CAM-3-Flying-65-Owl-4579.jpg,0.016665153205394745
SINet/S2C,COD10K-CAM-3-Flying-65-Owl-4581.jpg,0.07024809718132019
SINet/S2C,COD10K-CAM-3-Flying-65-Owl-4582.jpg,0.014266954734921455
SINet/S2C,COD10K-CAM-3-Flying-65-Owl-4583.jpg,0.028902679681777954
SINet/S2C,COD10K-CAM-3-Flying-65-Owl-4585.jpg,0.00951584242284298
SINet/S2C,COD10K-CAM-3-Flying-65-Owl-4589.jpg,0.031017880886793137
SINet/S2C,COD10K-CAM-3-Flying-65-Owl-4590.jpg,0.02486443519592285
SINet/S2C,COD10K-CAM-3-Flying-65-Owl-4592.jpg,0.02210814878344536
SINet/S2C,COD10K-CAM-3-Flying-65-Owl-4594.jpg,0.07605791836977005
SINet/S2C,COD10K-CAM-3-Flying-65-Owl-4595.jpg,0.028078526258468628
SINet/S2C,COD10K-CAM-3-Flying-65-Owl-4596.jpg,0.012625160627067089
SINet/S2C,COD10K-CAM-3-Flying-65-Owl-4598.jpg,0.018898088485002518
SINet/S2C,COD10K-CAM-3-Flying-65-Owl-4600.jpg,0.01887507364153862
SINet/S2C,COD10K-CAM-3-Flying-65-Owl-4601.jpg,0.19865790009498596
SINet/S2C,COD10K-CAM-3-Flying-65-Owl-4602.jpg,0.01943446695804596
SINet/S2C,COD10K-CAM-3-Flying-65-Owl-4603.jpg,0.017482327297329903
SINet/S2C,COD10K-CAM-3-Flying-65-Owl-4605.jpg,0.012415065430104733
SINet/S2C,COD10K-CAM-3-Flying-65-Owl-4606.jpg,0.02241332456469536
SINet/S2C,COD10K-CAM-3-Flying-65-Owl-4607.jpg,0.014494050294160843
SINet/S2C,COD10K-CAM-3-Flying-65-Owl-4610.jpg,0.010211193934082985
SINet/S2C,COD10K-CAM-3-Flying-65-Owl-4612.jpg,0.061417728662490845
SINet/S2C,COD10K-CAM-3-Flying-65-Owl-4614.jpg,0.06261694431304932
SINet/S2C,COD10K-CAM-3-Flying-65-Owl-4616.jpg,0.01983555220067501
SINet/S2C,COD10K-CAM-3-Flying-65-Owl-4617.jpg,0.020810360088944435
SINet/S2C,COD10K-CAM-3-Flying-65-Owl-4619.jpg,0.013189015910029411
SINet/S2C,COD10K-CAM-3-Flying-65-Owl-4621.jpg,0.016299426555633545
SINet/S2C,COD10K-CAM-3-Flying-65-Owl-4622.jpg,0.04215983301401138
SINet/S2C,COD10K-CAM-3-Flying-65-Owl-4623.jpg,0.011880073696374893
SINet/S2C,COD10K-CAM-3-Flying-65-Owl-4624.jpg,0.016968972980976105
SINet/S2C,COD10K-CAM-3-Flying-65-Owl-4625.jpg,0.016064478084445
SINet/S2C,COD10K-CAM-3-Flying-65-Owl-4628.jpg,0.058858536183834076
SINet/S2C,COD10K-CAM-3-Flying-65-Owl-4629.jpg,0.10648718476295471
SINet/S2C,COD10K-CAM-3-Flying-65-Owl-4630.jpg,0.0193520188331604
SINet/S2C,COD10K-CAM-3-Flying-65-Owl-4631.jpg,0.009282724000513554
SINet/S2C,COD10K-CAM-3-Flying-65-Owl-4634.jpg,0.008371285162866116
SINet/S2C,COD10K-CAM-3-Flying-65-Owl-4636.jpg,0.015650788322091103
SINet/S2C,COD10K-CAM-3-Flying-65-Owl-4637.jpg,0.049489863216876984
SINet/S2C,COD10K-CAM-3-Flying-65-Owl-4639.jpg,0.017356066033244133
SINet/S2C,COD10K-CAM-3-Flying-65-Owl-4642.jpg,0.015267493203282356
SINet/S2C,COD10K-CAM-3-Flying-65-Owl-4643.jpg,0.019953932613134384
SINet/S2C,COD10K-CAM-3-Flying-65-Owl-4649.jpg,0.033367980271577835
SINet/S2C,COD10K-CAM-3-Flying-65-Owl-4651.jpg,0.04213787615299225
SINet/S2C,COD10K-CAM-3-Flying-65-Owl-4652.jpg,0.023558875545859337
SINet/S2C,COD10K-CAM-3-Flying-65-Owl-4653.jpg,0.01124354638159275
SINet/S2C,COD10K-CAM-3-Flying-65-Owl-4655.jpg,0.045999929308891296
SINet/S2C,COD10K-CAM-3-Flying-65-Owl-4657.jpg,0.03738747537136078
SINet/S2C,COD10K-CAM-3-Flying-65-Owl-4658.jpg,0.02846948429942131
SINet/S2C,COD10K-CAM-3-Flying-65-Owl-4661.jpg,0.01929590478539467
SINet/S2C,COD10K-CAM-3-Flying-65-Owl-4663.jpg,0.029363099485635757
SINet/S2C,COD10K-CAM-3-Flying-65-Owl-4664.jpg,0.026474786922335625
SINet/S2C,COD10K-CAM-3-Flying-65-Owl-4665.jpg,0.01969132386147976
SINet/S2C,COD10K-CAM-3-Flying-66-Owlfly-4667.jpg,0.018980497494339943
SINet/S2C,COD10K-CAM-3-Flying-66-Owlfly-4670.jpg,0.013895273208618164
SINet/S2C,COD10K-CAM-3-Flying-66-Owlfly-4671.jpg,0.004626127891242504
SINet/S2C,COD10K-CAM-3-Flying-66-Owlfly-4672.jpg,0.04922495037317276
SINet/S2C,COD10K-CAM-3-Flying-66-Owlfly-4673.jpg,0.016847258433699608
SINet/S2C,COD10K-CAM-3-Flying-66-Owlfly-4675.jpg,0.017547430470585823
SINet/S2C,COD10K-CAM-3-Flying-66-Owlfly-4678.jpg,0.053737614303827286
SINet/S2C,COD10K-CAM-4-Amphibian-67-Frog-4680.jpg,0.09088741987943649
SINet/S2C,COD10K-CAM-4-Amphibian-67-Frog-4681.jpg,0.012523626908659935
SINet/S2C,COD10K-CAM-4-Amphibian-67-Frog-4682.jpg,0.033166155219078064
SINet/S2C,COD10K-CAM-4-Amphibian-67-Frog-4683.jpg,0.00999521091580391
SINet/S2C,COD10K-CAM-4-Amphibian-67-Frog-4684.jpg,0.012825053185224533
SINet/S2C,COD10K-CAM-4-Amphibian-67-Frog-4685.jpg,0.024853911250829697
SINet/S2C,COD10K-CAM-4-Amphibian-67-Frog-4686.jpg,0.03752155974507332
SINet/S2C,COD10K-CAM-4-Amphibian-67-Frog-4687.jpg,0.03442968428134918
SINet/S2C,COD10K-CAM-4-Amphibian-67-Frog-4688.jpg,0.03193747624754906
SINet/S2C,COD10K-CAM-4-Amphibian-67-Frog-4689.jpg,0.01337970606982708
SINet/S2C,COD10K-CAM-4-Amphibian-67-Frog-4690.jpg,0.06091810762882233
SINet/S2C,COD10K-CAM-4-Amphibian-67-Frog-4691.jpg,0.013830006122589111
SINet/S2C,COD10K-CAM-4-Amphibian-67-Frog-4692.jpg,0.01366116851568222
SINet/S2C,COD10K-CAM-4-Amphibian-67-Frog-4693.jpg,0.015238860622048378
SINet/S2C,COD10K-CAM-4-Amphibian-67-Frog-4695.jpg,0.04227006435394287
SINet/S2C,COD10K-CAM-4-Amphibian-67-Frog-4696.jpg,0.017214154824614525
SINet/S2C,COD10K-CAM-4-Amphibian-67-Frog-4697.jpg,0.017879359424114227
SINet/S2C,COD10K-CAM-4-Amphibian-67-Frog-4698.jpg,0.021261058747768402
SINet/S2C,COD10K-CAM-4-Amphibian-67-Frog-4699.jpg,0.01964481920003891
SINet/S2C,COD10K-CAM-4-Amphibian-67-Frog-4700.jpg,0.03353467583656311
SINet/S2C,COD10K-CAM-4-Amphibian-67-Frog-4703.jpg,0.04296010732650757
SINet/S2C,COD10K-CAM-4-Amphibian-67-Frog-4704.jpg,0.0085596377030015
SINet/S2C,COD10K-CAM-4-Amphibian-67-Frog-4705.jpg,0.01213045697659254
SINet/S2C,COD10K-CAM-4-Amphibian-67-Frog-4708.jpg,0.033102475106716156
SINet/S2C,COD10K-CAM-4-Amphibian-67-Frog-4709.jpg,0.03871787711977959
SINet/S2C,COD10K-CAM-4-Amphibian-67-Frog-4710.jpg,0.023185022175312042
SINet/S2C,COD10K-CAM-4-Amphibian-67-Frog-4712.jpg,0.020627254620194435
SINet/S2C,COD10K-CAM-4-Amphibian-67-Frog-4713.jpg,0.018135201185941696
SINet/S2C,COD10K-CAM-4-Amphibian-67-Frog-4715.jpg,0.027546804398298264
SINet/S2C,COD10K-CAM-4-Amphibian-67-Frog-4716.jpg,0.0223405584692955
SINet/S2C,COD10K-CAM-4-Amphibian-67-Frog-4717.jpg,0.015050401911139488
SINet/S2C,COD10K-CAM-4-Amphibian-67-Frog-4720.jpg,0.018006550148129463
SINet/S2C,COD10K-CAM-4-Amphibian-67-Frog-4722.jpg,0.030058447271585464
SINet/S2C,COD10K-CAM-4-Amphibian-67-Frog-4723.jpg,0.027746833860874176
SINet/S2C,COD10K-CAM-4-Amphibian-67-Frog-4724.jpg,0.007157487794756889
SINet/S2C,COD10K-CAM-4-Amphibian-67-Frog-4725.jpg,0.029717346653342247
SINet/S2C,COD10K-CAM-4-Amphibian-67-Frog-4726.jpg,0.014983590692281723
SINet/S2C,COD10K-CAM-4-Amphibian-67-Frog-4727.jpg,0.012184608727693558
SINet/S2C,COD10K-CAM-4-Amphibian-67-Frog-4730.jpg,0.026624776422977448
SINet/S2C,COD10K-CAM-4-Amphibian-67-Frog-4731.jpg,0.02133481577038765
SINet/S2C,COD10K-CAM-4-Amphibian-67-Frog-4734.jpg,0.015429738909006119
SINet/S2C,COD10K-CAM-4-Amphibian-67-Frog-4735.jpg,0.05497557297348976
SINet/S2C,COD10K-CAM-4-Amphibian-67-Frog-4736.jpg,0.0071416376158595085
SINet/S2C,COD10K-CAM-4-Amphibian-67-Frog-4737.jpg,0.10064873844385147
SINet/S2C,COD10K-CAM-4-Amphibian-67-Frog-4741.jpg,0.021415583789348602
SINet/S2C,COD10K-CAM-4-Amphibian-67-Frog-4743.jpg,0.010638649575412273
SINet/S2C,COD10K-CAM-4-Amphibian-67-Frog-4744.jpg,0.017781682312488556
SINet/S2C,COD10K-CAM-4-Amphibian-67-Frog-4745.jpg,0.028003137558698654
SINet/S2C,COD10K-CAM-4-Amphibian-67-Frog-4746.jpg,0.04000159353017807
SINet/S2C,COD10K-CAM-4-Amphibian-67-Frog-4747.jpg,0.01073343027383089
SINet/S2C,COD10K-CAM-4-Amphibian-67-Frog-4749.jpg,0.01976756937801838
SINet/S2C,COD10K-CAM-4-Amphibian-67-Frog-4750.jpg,0.019733669236302376
SINet/S2C,COD10K-CAM-4-Amphibian-67-Frog-4753.jpg,0.03507198393344879
SINet/S2C,COD10K-CAM-4-Amphibian-67-Frog-4757.jpg,0.04639221727848053
SINet/S2C,COD10K-CAM-4-Amphibian-67-Frog-4758.jpg,0.018373196944594383
SINet/S2C,COD10K-CAM-4-Amphibian-67-Frog-4760.jpg,0.05091046541929245
SINet/S2C,COD10K-CAM-4-Amphibian-67-Frog-4761.jpg,0.020478110760450363
SINet/S2C,COD10K-CAM-4-Amphibian-67-Frog-4762.jpg,0.015602455474436283
SINet/S2C,COD10K-CAM-4-Amphibian-67-Frog-4765.jpg,0.015578502789139748
SINet/S2C,COD10K-CAM-4-Amphibian-67-Frog-4766.jpg,0.014014391228556633
SINet/S2C,COD10K-CAM-4-Amphibian-67-Frog-4767.jpg,0.016040876507759094
SINet/S2C,COD10K-CAM-4-Amphibian-67-Frog-4769.jpg,0.07292509824037552
SINet/S2C,COD10K-CAM-4-Amphibian-67-Frog-4770.jpg,0.036150284111499786
SINet/S2C,COD10K-CAM-4-Amphibian-67-Frog-4771.jpg,0.08461342006921768
SINet/S2C,COD10K-CAM-4-Amphibian-67-Frog-4772.jpg,0.013816529884934425
SINet/S2C,COD10K-CAM-4-Amphibian-67-Frog-4778.jpg,0.024844178929924965
SINet/S2C,COD10K-CAM-4-Amphibian-67-Frog-4779.jpg,0.0758131891489029
SINet/S2C,COD10K-CAM-4-Amphibian-67-Frog-4780.jpg,0.042875081300735474
SINet/S2C,COD10K-CAM-4-Amphibian-67-Frog-4785.jpg,0.015723858028650284
SINet/S2C,COD10K-CAM-4-Amphibian-67-Frog-4786.jpg,0.01642148569226265
SINet/S2C,COD10K-CAM-4-Amphibian-67-Frog-4788.jpg,0.02490169182419777
SINet/S2C,COD10K-CAM-4-Amphibian-67-Frog-4789.jpg,0.016727264970541
SINet/S2C,COD10K-CAM-4-Amphibian-67-Frog-4790.jpg,0.010604451410472393
SINet/S2C,COD10K-CAM-4-Amphibian-67-Frog-4791.jpg,0.016601884737610817
SINet/S2C,COD10K-CAM-4-Amphibian-67-Frog-4792.jpg,0.027698542922735214
SINet/S2C,COD10K-CAM-4-Amphibian-67-Frog-4794.jpg,0.018115052953362465
SINet/S2C,COD10K-CAM-4-Amphibian-67-Frog-4797.jpg,0.07566952705383301
SINet/S2C,COD10K-CAM-4-Amphibian-67-Frog-4798.jpg,0.0200588908046484
SINet/S2C,COD10K-CAM-4-Amphibian-67-Frog-4799.jpg,0.012451046146452427
SINet/S2C,COD10K-CAM-4-Amphibian-67-Frog-4801.jpg,0.012248646467924118
SINet/S2C,COD10K-CAM-4-Amphibian-67-Frog-4802.jpg,0.01191488653421402
SINet/S2C,COD10K-CAM-4-Amphibian-67-Frog-4804.jpg,0.07173215597867966
SINet/S2C,COD10K-CAM-4-Amphibian-68-Toad-4805.jpg,0.038714028894901276
SINet/S2C,COD10K-CAM-4-Amphibian-68-Toad-4806.jpg,0.04342141002416611
SINet/S2C,COD10K-CAM-4-Amphibian-68-Toad-4807.jpg,0.020106792449951172
SINet/S2C,COD10K-CAM-4-Amphibian-68-Toad-4810.jpg,0.07315521687269211
SINet/S2C,COD10K-CAM-4-Amphibian-68-Toad-4811.jpg,0.042381979525089264
SINet/S2C,COD10K-CAM-4-Amphibian-68-Toad-4812.jpg,0.024173788726329803
SINet/S2C,COD10K-CAM-4-Amphibian-68-Toad-4814.jpg,0.023773087188601494
SINet/S2C,COD10K-CAM-4-Amphibian-68-Toad-4815.jpg,0.009880258701741695
SINet/S2C,COD10K-CAM-4-Amphibian-68-Toad-4816.jpg,0.020194299519062042
SINet/S2C,COD10K-CAM-4-Amphibian-68-Toad-4817.jpg,0.0251443013548851
SINet/S2C,COD10K-CAM-4-Amphibian-68-Toad-4819.jpg,0.02369305118918419
SINet/S2C,COD10K-CAM-4-Amphibian-68-Toad-4820.jpg,0.01422070898115635
SINet/S2C,COD10K-CAM-4-Amphibian-68-Toad-4822.jpg,0.016708509996533394
SINet/S2C,COD10K-CAM-4-Amphibian-68-Toad-4823.jpg,0.04225887358188629
SINet/S2C,COD10K-CAM-4-Amphibian-68-Toad-4824.jpg,0.1355118304491043
SINet/S2C,COD10K-CAM-4-Amphibian-68-Toad-4825.jpg,0.0616755448281765
SINet/S2C,COD10K-CAM-4-Amphibian-68-Toad-4827.jpg,0.06705385446548462
SINet/S2C,COD10K-CAM-4-Amphibian-68-Toad-4829.jpg,0.022764481604099274
SINet/S2C,COD10K-CAM-4-Amphibian-68-Toad-4830.jpg,0.028206225484609604
SINet/S2C,COD10K-CAM-4-Amphibian-68-Toad-4832.jpg,0.010980509221553802
SINet/S2C,COD10K-CAM-4-Amphibian-68-Toad-4833.jpg,0.03526391088962555
SINet/S2C,COD10K-CAM-4-Amphibian-68-Toad-4834.jpg,0.03316783905029297
SINet/S2C,COD10K-CAM-4-Amphibian-68-Toad-4835.jpg,0.03387854993343353
SINet/S2C,COD10K-CAM-4-Amphibian-68-Toad-4837.jpg,0.013626007363200188
SINet/S2C,COD10K-CAM-4-Amphibian-68-Toad-4840.jpg,0.039931926876306534
SINet/S2C,COD10K-CAM-4-Amphibian-68-Toad-4843.jpg,0.010568705387413502
SINet/S2C,COD10K-CAM-4-Amphibian-68-Toad-4844.jpg,0.011513834819197655
SINet/S2C,COD10K-CAM-4-Amphibian-68-Toad-4845.jpg,0.05802943557500839
SINet/S2C,COD10K-CAM-4-Amphibian-68-Toad-4846.jpg,0.030687697231769562
SINet/S2C,COD10K-CAM-4-Amphibian-68-Toad-4847.jpg,0.013884230516850948
SINet/S2C,COD10K-CAM-4-Amphibian-68-Toad-4848.jpg,0.007998756133019924
SINet/S2C,COD10K-CAM-4-Amphibian-68-Toad-4849.jpg,0.025992359966039658
SINet/S2C,COD10K-CAM-4-Amphibian-68-Toad-4851.jpg,0.017448516562581062
SINet/S2C,COD10K-CAM-4-Amphibian-68-Toad-4852.jpg,0.012514637783169746
SINet/S2C,COD10K-CAM-4-Amphibian-68-Toad-4854.jpg,0.01952742040157318
SINet/S2C,COD10K-CAM-4-Amphibian-68-Toad-4855.jpg,0.015140222385525703
SINet/S2C,COD10K-CAM-4-Amphibian-68-Toad-4857.jpg,0.024389637634158134
SINet/S2C,COD10K-CAM-4-Amphibian-68-Toad-4858.jpg,0.020263876765966415
SINet/S2C,COD10K-CAM-4-Amphibian-68-Toad-4859.jpg,0.022440670058131218
SINet/S2C,COD10K-CAM-4-Amphibian-68-Toad-4860.jpg,0.025299180299043655
SINet/S2C,COD10K-CAM-4-Amphibian-68-Toad-4862.jpg,0.015135493129491806
SINet/S2C,COD10K-CAM-4-Amphibian-68-Toad-4864.jpg,0.010112622752785683
SINet/S2C,COD10K-CAM-4-Amphibian-68-Toad-4865.jpg,0.13146032392978668
SINet/S2C,COD10K-CAM-4-Amphibian-68-Toad-4866.jpg,0.017061306163668633
SINet/S2C,COD10K-CAM-4-Amphibian-68-Toad-4868.jpg,0.016742249950766563
SINet/S2C,COD10K-CAM-4-Amphibian-68-Toad-4869.jpg,0.01726117730140686
SINet/S2C,COD10K-CAM-4-Amphibian-68-Toad-4870.jpg,0.041244927793741226
SINet/S2C,COD10K-CAM-4-Amphibian-68-Toad-4871.jpg,0.0330333486199379
SINet/S2C,COD10K-CAM-4-Amphibian-68-Toad-4874.jpg,0.023990152403712273
SINet/S2C,COD10K-CAM-4-Amphibian-68-Toad-4875.jpg,0.012460177764296532
SINet/S2C,COD10K-CAM-4-Amphibian-68-Toad-4878.jpg,0.034448932856321335
SINet/S2C,COD10K-CAM-4-Amphibian-68-Toad-4879.jpg,0.012893542647361755
SINet/S2C,COD10K-CAM-4-Amphibian-68-Toad-4880.jpg,0.00950933713465929
SINet/S2C,COD10K-CAM-4-Amphibian-68-Toad-4882.jpg,0.04288226738572121
SINet/S2C,COD10K-CAM-4-Amphibian-68-Toad-4884.jpg,0.035544730722904205
SINet/S2C,COD10K-CAM-4-Amphibian-68-Toad-4885.jpg,0.0273626446723938
SINet/S2C,COD10K-CAM-4-Amphibian-68-Toad-4888.jpg,0.010711738839745522
SINet/S2C,COD10K-CAM-4-Amphibian-68-Toad-4889.jpg,0.012871388345956802
SINet/S2C,COD10K-CAM-4-Amphibian-68-Toad-4890.jpg,0.028171084821224213
SINet/S2C,COD10K-CAM-4-Amphibian-68-Toad-4892.jpg,0.021456094458699226
SINet/S2C,COD10K-CAM-4-Amphibian-68-Toad-4893.jpg,0.015714131295681
SINet/S2C,COD10K-CAM-4-Amphibian-68-Toad-4894.jpg,0.050675906240940094
SINet/S2C,COD10K-CAM-4-Amphibian-68-Toad-4895.jpg,0.040588367730379105
SINet/S2C,COD10K-CAM-4-Amphibian-68-Toad-4897.jpg,0.025746066123247147
SINet/S2C,COD10K-CAM-4-Amphibian-68-Toad-4898.jpg,0.02648608759045601
SINet/S2C,COD10K-CAM-4-Amphibian-68-Toad-4901.jpg,0.02362034283578396
SINet/S2C,COD10K-CAM-4-Amphibian-68-Toad-4902.jpg,0.027326662093400955
SINet/S2C,COD10K-CAM-4-Amphibian-68-Toad-4906.jpg,0.02546766772866249
SINet/S2C,COD10K-CAM-4-Amphibian-68-Toad-4907.jpg,0.02194521203637123
SINet/S2C,COD10K-CAM-4-Amphibian-68-Toad-4911.jpg,0.017360921949148178
SINet/S2C,COD10K-CAM-4-Amphibian-68-Toad-4915.jpg,0.05201936513185501
SINet/S2C,COD10K-CAM-4-Amphibian-68-Toad-4916.jpg,0.00942903384566307
SINet/S2C,COD10K-CAM-4-Amphibian-68-Toad-4918.jpg,0.02012285217642784
SINet/S2C,COD10K-CAM-4-Amphibian-68-Toad-4919.jpg,0.01836673729121685
SINet/S2C,COD10K-CAM-4-Amphibian-68-Toad-4920.jpg,0.03254207968711853
SINet/S2C,COD10K-CAM-4-Amphibian-68-Toad-4922.jpg,0.016975684091448784
SINet/S2C,COD10K-CAM-4-Amphibian-68-Toad-4924.jpg,0.010216563940048218
SINet/S2C,COD10K-CAM-4-Amphibian-68-Toad-4925.jpg,0.11015434563159943
SINet/S2C,COD10K-CAM-4-Amphibian-68-Toad-4927.jpg,0.022345902398228645
SINet/S2C,COD10K-CAM-4-Amphibian-68-Toad-4928.jpg,0.02762669324874878
SINet/S2C,COD10K-CAM-4-Amphibian-68-Toad-4930.jpg,0.07653162628412247
SINet/S2C,COD10K-CAM-4-Amphibian-68-Toad-4931.jpg,0.026234246790409088
SINet/S2C,COD10K-CAM-4-Amphibian-68-Toad-4932.jpg,0.010213131085038185
SINet/S2C,COD10K-CAM-4-Amphibian-68-Toad-4933.jpg,0.03101196140050888
SINet/S2C,COD10K-CAM-4-Amphibian-68-Toad-4934.jpg,0.012315880507230759
SINet/S2C,COD10K-CAM-4-Amphibian-68-Toad-4935.jpg,0.018476389348506927
SINet/S2C,COD10K-CAM-4-Amphibian-68-Toad-4939.jpg,0.02605028823018074
SINet/S2C,COD10K-CAM-4-Amphibian-68-Toad-4940.jpg,0.033779725432395935
SINet/S2C,COD10K-CAM-4-Amphibian-68-Toad-4942.jpg,0.013399047777056694
SINet/S2C,COD10K-CAM-4-Amphibian-68-Toad-4943.jpg,0.016709834337234497
SINet/S2C,COD10K-CAM-4-Amphibian-68-Toad-4944.jpg,0.015550987794995308
SINet/S2C,COD10K-CAM-4-Amphibian-68-Toad-4946.jpg,0.012145770713686943
SINet/S2C,COD10K-CAM-4-Amphibian-68-Toad-4947.jpg,0.010058188810944557
SINet/S2C,COD10K-CAM-4-Amphibian-68-Toad-4948.jpg,0.03136090561747551
SINet/S2C,COD10K-CAM-4-Amphibian-68-Toad-4952.jpg,0.014879034832119942
SINet/S2C,COD10K-CAM-4-Amphibian-68-Toad-4953.jpg,0.016875168308615685
SINet/S2C,COD10K-CAM-4-Amphibian-68-Toad-4954.jpg,0.021038690581917763
SINet/S2C,COD10K-CAM-4-Amphibian-68-Toad-4956.jpg,0.03195354714989662
SINet/S2C,COD10K-CAM-4-Amphibian-68-Toad-4957.jpg,0.019397621974349022
SINet/S2C,COD10K-CAM-4-Amphibian-68-Toad-4958.jpg,0.014656761661171913
SINet/S2C,COD10K-CAM-4-Amphibian-68-Toad-4959.jpg,0.0117926225066185
SINet/S2C,COD10K-CAM-4-Amphibian-68-Toad-4961.jpg,0.02442658320069313
SINet/S2C,COD10K-CAM-4-Amphibian-68-Toad-4966.jpg,0.023680122569203377
SINet/S2C,COD10K-CAM-4-Amphibian-68-Toad-4967.jpg,0.04729243740439415
SINet/S2C,COD10K-CAM-4-Amphibian-68-Toad-4969.jpg,0.0240220557898283
SINet/S2C,COD10K-CAM-4-Amphibian-68-Toad-4970.jpg,0.02693064697086811
SINet/S2C,COD10K-CAM-4-Amphibian-68-Toad-4971.jpg,0.011063264682888985
SINet/S2C,COD10K-CAM-4-Amphibian-68-Toad-4972.jpg,0.02328977733850479
SINet/S2C,COD10K-CAM-4-Amphibian-68-Toad-4973.jpg,0.02373109944164753
SINet/S2C,COD10K-CAM-4-Amphibian-68-Toad-4974.jpg,0.010542774572968483
SINet/S2C,COD10K-CAM-4-Amphibian-68-Toad-4975.jpg,0.021682782098650932
SINet/S2C,COD10K-CAM-4-Amphibian-68-Toad-4979.jpg,0.06011706218123436
SINet/S2C,COD10K-CAM-4-Amphibian-68-Toad-4980.jpg,0.040742598474025726
SINet/S2C,COD10K-CAM-4-Amphibian-68-Toad-4981.jpg,0.013432667590677738
SINet/S2C,COD10K-CAM-4-Amphibian-68-Toad-4982.jpg,0.018521450459957123
SINet/S2C,COD10K-CAM-4-Amphibian-68-Toad-4983.jpg,0.019926492124795914
SINet/S2C,COD10K-CAM-4-Amphibian-68-Toad-4984.jpg,0.03726299852132797
SINet/S2C,COD10K-CAM-4-Amphibian-68-Toad-4985.jpg,0.025844205170869827
SINet/S2C,COD10K-CAM-4-Amphibian-68-Toad-4986.jpg,0.016959592700004578
SINet/S2C,COD10K-CAM-4-Amphibian-68-Toad-4987.jpg,0.01244141161441803
SINet/S2C,COD10K-CAM-4-Amphibian-68-Toad-4988.jpg,0.026751089841127396
SINet/S2C,COD10K-CAM-4-Amphibian-68-Toad-4989.jpg,0.013830732554197311
SINet/S2C,COD10K-CAM-4-Amphibian-68-Toad-4992.jpg,0.01712217926979065
SINet/S2C,COD10K-CAM-4-Amphibian-68-Toad-4993.jpg,0.022282103076577187
SINet/S2C,COD10K-CAM-4-Amphibian-68-Toad-4994.jpg,0.02913239225745201
SINet/S2C,COD10K-CAM-4-Amphibian-68-Toad-4996.jpg,0.05796878784894943
SINet/S2C,COD10K-CAM-4-Amphibian-68-Toad-5000.jpg,0.026849135756492615
SINet/S2C,COD10K-CAM-4-Amphibian-68-Toad-5001.jpg,0.05682742968201637
SINet/S2C,COD10K-CAM-4-Amphibian-68-Toad-5003.jpg,0.015057643875479698
SINet/S2C,COD10K-CAM-4-Amphibian-68-Toad-5007.jpg,0.03210005164146423
SINet/S2C,COD10K-CAM-4-Amphibian-68-Toad-5009.jpg,0.019027240574359894
SINet/S2C,COD10K-CAM-4-Amphibian-68-Toad-5012.jpg,0.06957687437534332
SINet/S2C,COD10K-CAM-4-Amphibian-68-Toad-5013.jpg,0.034943774342536926
SINet/S2C,COD10K-CAM-4-Amphibian-68-Toad-5015.jpg,0.018672890961170197
SINet/S2C,COD10K-CAM-4-Amphibian-68-Toad-5016.jpg,0.014360266737639904
SINet/S2C,COD10K-CAM-4-Amphibian-68-Toad-5017.jpg,0.024654816836118698
SINet/S2C,COD10K-CAM-4-Amphibian-68-Toad-5018.jpg,0.019568227231502533
SINet/S2C,COD10K-CAM-4-Amphibian-68-Toad-5019.jpg,0.018055520951747894
SINet/S2C,COD10K-CAM-5-Other-69-Other-5024.jpg,0.006853519938886166
SINet/S2C,COD10K-CAM-5-Other-69-Other-5025.jpg,0.012326371856033802
SINet/S2C,COD10K-CAM-5-Other-69-Other-5026.jpg,0.01980268955230713
SINet/S2C,COD10K-CAM-5-Other-69-Other-5030.jpg,0.01680108532309532
SINet/S2C,COD10K-CAM-5-Other-69-Other-5031.jpg,0.03428730368614197
SINet/S2C,COD10K-CAM-5-Other-69-Other-5032.jpg,0.009635435417294502
SINet/S2C,COD10K-CAM-5-Other-69-Other-5033.jpg,0.060225263237953186
SINet/S2C,COD10K-CAM-5-Other-69-Other-5034.jpg,0.010754493996500969
SINet/S2C,COD10K-CAM-5-Other-69-Other-5035.jpg,0.01619386486709118
SINet/S2C,COD10K-CAM-5-Other-69-Other-5036.jpg,0.007316973060369492
SINet/S2C,COD10K-CAM-5-Other-69-Other-5038.jpg,0.06250262260437012
SINet/S2C,COD10K-CAM-5-Other-69-Other-5039.jpg,0.023811347782611847
SINet/S2C,COD10K-CAM-5-Other-69-Other-5041.jpg,0.04652828723192215
SINet/S2C,COD10K-CAM-5-Other-69-Other-5042.jpg,0.03018498606979847
SINet/S2C,COD10K-CAM-5-Other-69-Other-5044.jpg,0.06889375299215317
SINet/S2C,COD10K-CAM-5-Other-69-Other-5045.jpg,0.04026521369814873
SINet/S2C,COD10K-CAM-5-Other-69-Other-5047.jpg,0.01698251999914646
SINet/S2C,COD10K-CAM-5-Other-69-Other-5050.jpg,0.025250345468521118
SINet/S2C,COD10K-CAM-5-Other-69-Other-5052.jpg,0.029846351593732834
SINet/S2C,COD10K-CAM-5-Other-69-Other-5053.jpg,0.013656861148774624
SINet/S2C,COD10K-CAM-5-Other-69-Other-5054.jpg,0.042399272322654724
SINet/S2C,COD10K-CAM-5-Other-69-Other-5055.jpg,0.015472833067178726
SINet/S2C,COD10K-CAM-5-Other-69-Other-5056.jpg,0.009182898327708244
SINet/S2C,COD10K-CAM-5-Other-69-Other-5057.jpg,0.01015116274356842
SINet/S2C,COD10K-CAM-5-Other-69-Other-5058.jpg,0.04252685233950615
SINet/S2C,COD10K-CAM-5-Other-69-Other-5061.jpg,0.044304296374320984
SINet/S2C,COD10K-CAM-5-Other-69-Other-5064.jpg,0.028364239260554314
SINet/S2C,COD10K-CAM-5-Other-69-Other-5065.jpg,0.04937680810689926
SINet/S2C,COD10K-CAM-5-Other-69-Other-5066.jpg,0.02798648178577423
SINet/S2C,camourflage_00001.jpg,0.02978227660059929
SINet/S2C,camourflage_00002.jpg,0.04046705365180969
SINet/S2C,camourflage_00003.jpg,0.024320729076862335
SINet/S2C,camourflage_00004.jpg,0.043812841176986694
SINet/S2C,camourflage_00005.jpg,0.01563279703259468
SINet/S2C,camourflage_00006.jpg,0.04692503809928894
SINet/S2C,camourflage_00007.jpg,0.042243413627147675
SINet/S2C,camourflage_00008.jpg,0.025293760001659393
SINet/S2C,camourflage_00009.jpg,0.04082491993904114
SINet/S2C,camourflage_00010.jpg,0.016321875154972076
SINet/S2C,camourflage_00011.jpg,0.03088255599141121
SINet/S2C,camourflage_00013.jpg,0.03230634331703186
SINet/S2C,camourflage_00014.jpg,0.021423816680908203
SINet/S2C,camourflage_00015.jpg,0.1124846488237381
SINet/S2C,camourflage_00016.jpg,0.02934500202536583
SINet/S2C,camourflage_00017.jpg,0.05277629941701889
SINet/S2C,camourflage_00019.jpg,0.027829308062791824
SINet/S2C,camourflage_00020.jpg,0.08578309416770935
SINet/S2C,camourflage_00021.jpg,0.0389898419380188
SINet/S2C,camourflage_00022.jpg,0.06157151609659195
SINet/S2C,camourflage_00023.jpg,0.05414622277021408
SINet/S2C,camourflage_00024.jpg,0.02573070488870144
SINet/S2C,camourflage_00025.jpg,0.08181607723236084
SINet/S2C,camourflage_00026.jpg,0.1036667674779892
SINet/S2C,camourflage_00027.jpg,0.0397639162838459
SINet/S2C,camourflage_00028.jpg,0.01725885272026062
SINet/S2C,camourflage_00029.jpg,0.01968846656382084
SINet/S2C,camourflage_00030.jpg,0.010909343138337135
SINet/S2C,camourflage_00031.jpg,0.06654984503984451
SINet/S2C,camourflage_00032.jpg,0.016022445634007454
SINet/S2C,camourflage_00033.jpg,0.04754577577114105
SINet/S2C,camourflage_00034.jpg,0.024062372744083405
SINet/S2C,camourflage_00035.jpg,0.01788787543773651
SINet/S2C,camourflage_00036.jpg,0.08421669900417328
SINet/S2C,camourflage_00037.jpg,0.07892896234989166
SINet/S2C,camourflage_00038.jpg,0.06316986680030823
SINet/S2C,camourflage_00039.jpg,0.03507458046078682
SINet/S2C,camourflage_00040.jpg,0.026860663667321205
SINet/S2C,camourflage_00041.jpg,0.02542838081717491
SINet/S2C,camourflage_00042.jpg,0.03236614912748337
SINet/S2C,camourflage_00043.jpg,0.031180543825030327
SINet/S2C,camourflage_00044.jpg,0.04374796152114868
SINet/S2C,camourflage_00045.jpg,0.03191307932138443
SINet/S2C,camourflage_00046.jpg,0.016892630606889725
SINet/S2C,camourflage_00047.jpg,0.03676415979862213
SINet/S2C,camourflage_00048.jpg,0.02576421946287155
SINet/S2C,camourflage_00049.jpg,0.013865400105714798
SINet/S2C,camourflage_00050.jpg,0.19011230766773224
SINet/S2C,camourflage_00051.jpg,0.0864134430885315
SINet/S2C,camourflage_00052.jpg,0.03902071341872215
SINet/S2C,camourflage_00053.jpg,0.0794401541352272
SINet/S2C,camourflage_00054.jpg,0.03859894722700119
SINet/S2C,camourflage_00055.jpg,0.031763941049575806
SINet/S2C,camourflage_00056.jpg,0.06078294292092323
SINet/S2C,camourflage_00057.jpg,0.0306845735758543
SINet/S2C,camourflage_00058.jpg,0.047746192663908005
SINet/S2C,camourflage_00059.jpg,0.11536090075969696
SINet/S2C,camourflage_00060.jpg,0.06736882030963898
SINet/S2C,camourflage_00062.jpg,0.033065035939216614
SINet/S2C,camourflage_00063.jpg,0.029764438048005104
SINet/S2C,camourflage_00065.jpg,0.024435631930828094
SINet/S2C,camourflage_00066.jpg,0.016896456480026245
SINet/S2C,camourflage_00067.jpg,0.07263712584972382
SINet/S2C,camourflage_00068.jpg,0.0457153245806694
SINet/S2C,camourflage_00069.jpg,0.18139392137527466
SINet/S2C,camourflage_00070.jpg,0.07760460674762726
SINet/S2C,camourflage_00072.jpg,0.0278078094124794
SINet/S2C,camourflage_00073.jpg,0.0201644916087389
SINet/S2C,camourflage_00074.jpg,0.030116576701402664
SINet/S2C,camourflage_00075.jpg,0.06012825667858124
SINet/S2C,camourflage_00076.jpg,0.02117016538977623
SINet/S2C,camourflage_00077.jpg,0.0328301303088665
SINet/S2C,camourflage_00078.jpg,0.10042142868041992
SINet/S2C,camourflage_00080.jpg,0.06127515435218811
SINet/S2C,camourflage_00081.jpg,0.05240846425294876
SINet/S2C,camourflage_00082.jpg,0.040023405104875565
SINet/S2C,camourflage_00083.jpg,0.2866882383823395
SINet/S2C,camourflage_00084.jpg,0.03327907249331474
SINet/S2C,camourflage_00085.jpg,0.03254011273384094
SINet/S2C,camourflage_00086.jpg,0.03479145094752312
SINet/S2C,camourflage_00089.jpg,0.040479984134435654
SINet/S2C,camourflage_00091.jpg,0.03378484398126602
SINet/S2C,camourflage_00092.jpg,0.024087287485599518
SINet/S2C,camourflage_00093.jpg,0.024852268397808075
SINet/S2C,camourflage_00094.jpg,0.05987826734781265
SINet/S2C,camourflage_00095.jpg,0.020133458077907562
SINet/S2C,camourflage_00096.jpg,0.052578624337911606
SINet/S2C,camourflage_00099.jpg,0.012367612682282925
SINet/S2C,camourflage_00101.jpg,0.05853880196809769
SINet/S2C,camourflage_00103.jpg,0.03681261092424393
SINet/S2C,camourflage_00104.jpg,0.03762432932853699
SINet/S2C,camourflage_00105.jpg,0.07375665754079819
SINet/S2C,camourflage_00106.jpg,0.019736353307962418
SINet/S2C,camourflage_00107.jpg,0.03042854368686676
SINet/S2C,camourflage_00108.jpg,0.022325972095131874
SINet/S2C,camourflage_00109.jpg,0.05180469527840614
SINet/S2C,camourflage_00110.jpg,0.05535142123699188
SINet/S2C,camourflage_00111.jpg,0.07138047367334366
SINet/S2C,camourflage_00113.jpg,0.02453528344631195
SINet/S2C,camourflage_00115.jpg,0.026745371520519257
SINet/S2C,camourflage_00116.jpg,0.034396566450595856
SINet/S2C,camourflage_00117.jpg,0.08086550980806351
SINet/S2C,camourflage_00118.jpg,0.06267557293176651
SINet/S2C,camourflage_00119.jpg,0.07235171645879745
SINet/S2C,camourflage_00121.jpg,0.01839546114206314
SINet/S2C,camourflage_00123.jpg,0.062101833522319794
SINet/S2C,camourflage_00125.jpg,0.06257787346839905
SINet/S2C,camourflage_00126.jpg,0.040371011942625046
SINet/S2C,camourflage_00127.jpg,0.06699338555335999
SINet/S2C,camourflage_00128.jpg,0.038093626499176025
SINet/S2C,camourflage_00130.jpg,0.15908747911453247
SINet/S2C,camourflage_00131.jpg,0.02287604659795761
SINet/S2C,camourflage_00132.jpg,0.08489722013473511
SINet/S2C,camourflage_00133.jpg,0.009889205917716026
SINet/S2C,camourflage_00134.jpg,0.021364353597164154
SINet/S2C,camourflage_00136.jpg,0.05837162211537361
SINet/S2C,camourflage_00137.jpg,0.02373809739947319
SINet/S2C,camourflage_00139.jpg,0.039909668266773224
SINet/S2C,camourflage_00140.jpg,0.07539090514183044
SINet/S2C,camourflage_00142.jpg,0.026645181700587273
SINet/S2C,camourflage_00143.jpg,0.046963274478912354
SINet/S2C,camourflage_00144.jpg,0.04127642512321472
SINet/S2C,camourflage_00146.jpg,0.09733191132545471
SINet/S2C,camourflage_00148.jpg,0.10451816022396088
SINet/S2C,camourflage_00149.jpg,0.1034921258687973
SINet/S2C,camourflage_00150.jpg,0.023181777447462082
SINet/S2C,camourflage_00151.jpg,0.1707770824432373
SINet/S2C,camourflage_00152.jpg,0.025918930768966675
SINet/S2C,camourflage_00154.jpg,0.06899838894605637
SINet/S2C,camourflage_00155.jpg,0.0192917101085186
SINet/S2C,camourflage_00157.jpg,0.03707883879542351
SINet/S2C,camourflage_00158.jpg,0.028170423582196236
SINet/S2C,camourflage_00159.jpg,0.04830974340438843
SINet/S2C,camourflage_00161.jpg,0.05177682638168335
SINet/S2C,camourflage_00162.jpg,0.014923853799700737
SINet/S2C,camourflage_00163.jpg,0.026366759091615677
SINet/S2C,camourflage_00164.jpg,0.033556677401065826
SINet/S2C,camourflage_00165.jpg,0.018022118136286736
SINet/S2C,camourflage_00167.jpg,0.02025124803185463
SINet/S2C,camourflage_00168.jpg,0.03468715399503708
SINet/S2C,camourflage_00170.jpg,0.08422526717185974
SINet/S2C,camourflage_00172.jpg,0.051323167979717255
SINet/S2C,camourflage_00173.jpg,0.026336994022130966
SINet/S2C,camourflage_00174.jpg,0.15187719464302063
SINet/S2C,camourflage_00176.jpg,0.02992374636232853
SINet/S2C,camourflage_00177.jpg,0.029565921053290367
SINet/S2C,camourflage_00178.jpg,0.011202228255569935
SINet/S2C,camourflage_00179.jpg,0.06869326531887054
SINet/S2C,camourflage_00180.jpg,0.04439759626984596
SINet/S2C,camourflage_00181.jpg,0.06246697157621384
SINet/S2C,camourflage_00182.jpg,0.05551929026842117
SINet/S2C,camourflage_00184.jpg,0.023052137345075607
SINet/S2C,camourflage_00185.jpg,0.02643551304936409
SINet/S2C,camourflage_00186.jpg,0.020591827109456062
SINet/S2C,camourflage_00187.jpg,0.03174838051199913
SINet/S2C,camourflage_00188.jpg,0.026570919901132584
SINet/S2C,camourflage_00189.jpg,0.04745183140039444
SINet/S2C,camourflage_00190.jpg,0.032852619886398315
SINet/S2C,camourflage_00191.jpg,0.05629643425345421
SINet/S2C,camourflage_00192.jpg,0.043862804770469666
SINet/S2C,camourflage_00193.jpg,0.028823021799325943
SINet/S2C,camourflage_00194.jpg,0.03212708607316017
SINet/S2C,camourflage_00195.jpg,0.019706442952156067
SINet/S2C,camourflage_00198.jpg,0.0420360341668129
SINet/S2C,camourflage_00199.jpg,0.03817490488290787
SINet/S2C,camourflage_00200.jpg,0.0936908945441246
SINet/S2C,camourflage_00201.jpg,0.019785253331065178
SINet/S2C,camourflage_00202.jpg,0.034819018095731735
SINet/S2C,camourflage_00203.jpg,0.075252465903759
SINet/S2C,camourflage_00204.jpg,0.045289091765880585
SINet/S2C,camourflage_00206.jpg,0.04563547298312187
SINet/S2C,camourflage_00210.jpg,0.019303999841213226
SINet/S2C,camourflage_00211.jpg,0.05874641239643097
SINet/S2C,camourflage_00212.jpg,0.03251795470714569
SINet/S2C,camourflage_00213.jpg,0.021687543019652367
SINet/S2C,camourflage_00214.jpg,0.04119505733251572
SINet/S2C,camourflage_00215.jpg,0.13777592778205872
SINet/S2C,camourflage_00216.jpg,0.01850484125316143
SINet/S2C,camourflage_00217.jpg,0.10921914875507355
SINet/S2C,camourflage_00218.jpg,0.02235197275876999
SINet/S2C,camourflage_00219.jpg,0.011261330917477608
SINet/S2C,camourflage_00220.jpg,0.025855040177702904
SINet/S2C,camourflage_00221.jpg,0.03890564292669296
SINet/S2C,camourflage_00222.jpg,0.055958569049835205
SINet/S2C,camourflage_00223.jpg,0.016740910708904266
SINet/S2C,camourflage_00225.jpg,0.03488045185804367
SINet/S2C,camourflage_00226.jpg,0.023505110293626785
SINet/S2C,camourflage_00227.jpg,0.024382587522268295
SINet/S2C,camourflage_00228.jpg,0.019351931288838387
SINet/S2C,camourflage_00229.jpg,0.2383269965648651
SINet/S2C,camourflage_00230.jpg,0.020595869049429893
SINet/S2C,camourflage_00231.jpg,0.02079690247774124
SINet/S2C,camourflage_00233.jpg,0.05633540451526642
SINet/S2C,camourflage_00234.jpg,0.020321622490882874
SINet/S2C,camourflage_00236.jpg,0.03490713983774185
SINet/S2C,camourflage_00237.jpg,0.034455686807632446
SINet/S2C,camourflage_00238.jpg,0.14645104110240936
SINet/S2C,camourflage_00239.jpg,0.10761147737503052
SINet/S2C,camourflage_00240.jpg,0.058152880519628525
SINet/S2C,camourflage_00241.jpg,0.062437959015369415
SINet/S2C,camourflage_00242.jpg,0.01404506154358387
SINet/S2C,camourflage_00243.jpg,0.027777178213000298
SINet/S2C,camourflage_00244.jpg,0.03337734565138817
SINet/S2C,camourflage_00245.jpg,0.024140525609254837
SINet/S2C,camourflage_00246.jpg,0.07491827011108398
SINet/S2C,camourflage_00247.jpg,0.057554423809051514
SINet/S2C,camourflage_00248.jpg,0.01957002840936184
SINet/S2C,camourflage_00249.jpg,0.046707265079021454
SINet/S2C,camourflage_00250.jpg,0.023850928992033005
SINet/S2C,camourflage_00251.jpg,0.032398492097854614
SINet/S2C,camourflage_00252.jpg,0.08270131051540375
SINet/S2C,camourflage_00253.jpg,0.03148747235536575
SINet/S2C,camourflage_00254.jpg,0.0314386747777462
SINet/S2C,camourflage_00255.jpg,0.08173027634620667
SINet/S2C,camourflage_00256.jpg,0.03194013983011246
SINet/S2C,camourflage_00258.jpg,0.02051508240401745
SINet/S2C,camourflage_00260.jpg,0.08740784227848053
SINet/S2C,camourflage_00261.jpg,0.02690020389854908
SINet/S2C,camourflage_00262.jpg,0.010425430722534657
SINet/S2C,camourflage_00263.jpg,0.014375527389347553
SINet/S2C,camourflage_00264.jpg,0.0826764702796936
SINet/S2C,camourflage_00265.jpg,0.12463155388832092
SINet/S2C,camourflage_00267.jpg,0.06713312864303589
SINet/S2C,camourflage_00268.jpg,0.046169884502887726
SINet/S2C,camourflage_00271.jpg,0.022298991680145264
SINet/S2C,camourflage_00272.jpg,0.02353723719716072
SINet/S2C,camourflage_00274.jpg,0.08978594094514847
SINet/S2C,camourflage_00276.jpg,0.03794492781162262
SINet/S2C,camourflage_00277.jpg,0.025639444589614868
SINet/S2C,camourflage_00278.jpg,0.08331036567687988
SINet/S2C,camourflage_00279.jpg,0.036341384053230286
SINet/S2C,camourflage_00280.jpg,0.13009613752365112
SINet/S2C,camourflage_00281.jpg,0.034741099923849106
SINet/S2C,camourflage_00282.jpg,0.029047446325421333
SINet/S2C,camourflage_00283.jpg,0.04853937774896622
SINet/S2C,camourflage_00284.jpg,0.02750156819820404
SINet/S2C,camourflage_00286.jpg,0.013857109472155571
SINet/S2C,camourflage_00287.jpg,0.03973709046840668
SINet/S2C,camourflage_00288.jpg,0.03815794363617897
SINet/S2C,camourflage_00289.jpg,0.012759337201714516
SINet/S2C,camourflage_00290.jpg,0.12233968079090118
SINet/S2C,camourflage_00291.jpg,0.07614439725875854
SINet/S2C,camourflage_00292.jpg,0.066609226167202
SINet/S2C,camourflage_00293.jpg,0.06741315871477127
SINet/S2C,camourflage_00294.jpg,0.04677990823984146
SINet/S2C,camourflage_00295.jpg,0.09444846212863922
SINet/S2C,camourflage_00296.jpg,0.03371473029255867
SINet/S2C,camourflage_00297.jpg,0.056225914508104324
SINet/S2C,camourflage_00298.jpg,0.015369797125458717
SINet/S2C,camourflage_00299.jpg,0.021229930222034454
SINet/S2C,camourflage_00300.jpg,0.018418829888105392
SINet/S2C,camourflage_00301.jpg,0.047166645526885986
SINet/S2C,camourflage_00302.jpg,0.026054348796606064
SINet/S2C,camourflage_00303.jpg,0.12595458328723907
SINet/S2C,camourflage_00304.jpg,0.052907075732946396
SINet/S2C,camourflage_00305.jpg,0.025834720581769943
SINet/S2C,camourflage_00306.jpg,0.018685495480895042
SINet/S2C,camourflage_00307.jpg,0.09520889073610306
SINet/S2C,camourflage_00308.jpg,0.05343794450163841
SINet/S2C,camourflage_00309.jpg,0.035410210490226746
SINet/S2C,camourflage_00311.jpg,0.06327845901250839
SINet/S2C,camourflage_00312.jpg,0.026078883558511734
SINet/S2C,camourflage_00313.jpg,0.020350299775600433
SINet/S2C,camourflage_00314.jpg,0.09783932566642761
SINet/S2C,camourflage_00315.jpg,0.03672701492905617
SINet/S2C,camourflage_00316.jpg,0.11718909442424774
SINet/S2C,camourflage_00317.jpg,0.03542060777544975
SINet/S2C,camourflage_00318.jpg,0.0287797749042511
SINet/S2C,camourflage_00319.jpg,0.030139829963445663
SINet/S2C,camourflage_00320.jpg,0.02045242115855217
SINet/S2C,camourflage_00321.jpg,0.05616556853055954
SINet/S2C,camourflage_00322.jpg,0.03773823380470276
SINet/S2C,camourflage_00323.jpg,0.11207522451877594
SINet/S2C,camourflage_00324.jpg,0.016906259581446648
SINet/S2C,camourflage_00325.jpg,0.05231831967830658
SINet/S2C,camourflage_00326.jpg,0.02036469429731369
SINet/S2C,camourflage_00327.jpg,0.03179764002561569
SINet/S2C,camourflage_00328.jpg,0.06928807497024536
SINet/S2C,camourflage_00329.jpg,0.055060259997844696
SINet/S2C,camourflage_00330.jpg,0.03210149332880974
SINet/S2C,camourflage_00331.jpg,0.06817851960659027
SINet/S2C,camourflage_00334.jpg,0.057727210223674774
SINet/S2C,camourflage_00335.jpg,0.06323108077049255
SINet/S2C,camourflage_00336.jpg,0.029187515377998352
SINet/S2C,camourflage_00338.jpg,0.10905501246452332
SINet/S2C,camourflage_00339.jpg,0.06787627935409546
SINet/S2C,camourflage_00340.jpg,0.018235068768262863
SINet/S2C,camourflage_00341.jpg,0.016258012503385544
SINet/S2C,camourflage_00342.jpg,0.0367724783718586
SINet/S2C,camourflage_00343.jpg,0.033447105437517166
SINet/S2C,camourflage_00344.jpg,0.06302051991224289
SINet/S2C,camourflage_00345.jpg,0.021948199719190598
SINet/S2C,camourflage_00346.jpg,0.043673075735569
SINet/S2C,camourflage_00347.jpg,0.04078911989927292
SINet/S2C,camourflage_00349.jpg,0.045576319098472595
SINet/S2C,camourflage_00350.jpg,0.028331037610769272
SINet/S2C,camourflage_00352.jpg,0.027898035943508148
SINet/S2C,camourflage_00353.jpg,0.020368747413158417
SINet/S2C,camourflage_00354.jpg,0.030067529529333115
SINet/S2C,camourflage_00355.jpg,0.016200119629502296
SINet/S2C,camourflage_00356.jpg,0.06775271147489548
SINet/S2C,camourflage_00357.jpg,0.030439281836152077
SINet/S2C,camourflage_00358.jpg,0.020924944430589676
SINet/S2C,camourflage_00359.jpg,0.08667920529842377
SINet/S2C,camourflage_00360.jpg,0.0231202132999897
SINet/S2C,camourflage_00362.jpg,0.03171335905790329
SINet/S2C,camourflage_00363.jpg,0.05361895263195038
SINet/S2C,camourflage_00366.jpg,0.042453039437532425
SINet/S2C,camourflage_00367.jpg,0.03385160490870476
SINet/S2C,camourflage_00368.jpg,0.020271357148885727
SINet/S2C,camourflage_00369.jpg,0.02893417701125145
SINet/S2C,camourflage_00370.jpg,0.08144886046648026
SINet/S2C,camourflage_00371.jpg,0.029902828857302666
SINet/S2C,camourflage_00372.jpg,0.0477316677570343
SINet/S2C,camourflage_00373.jpg,0.04078090563416481
SINet/S2C,camourflage_00374.jpg,0.02887612208724022
SINet/S2C,camourflage_00375.jpg,0.020694322884082794
SINet/S2C,camourflage_00376.jpg,0.05383164435625076
SINet/S2C,camourflage_00377.jpg,0.01937827467918396
SINet/S2C,camourflage_00378.jpg,0.04530882090330124
SINet/S2C,camourflage_00379.jpg,0.036158159375190735
SINet/S2C,camourflage_00380.jpg,0.058119893074035645
SINet/S2C,camourflage_00382.jpg,0.025785604491829872
SINet/S2C,camourflage_00383.jpg,0.034161873161792755
SINet/S2C,camourflage_00384.jpg,0.05361589044332504
SINet/S2C,camourflage_00385.jpg,0.026119414716959
SINet/S2C,camourflage_00386.jpg,0.04384808987379074
SINet/S2C,camourflage_00387.jpg,0.025906428694725037
SINet/S2C,camourflage_00388.jpg,0.1621924191713333
SINet/S2C,camourflage_00389.jpg,0.0353618860244751
SINet/S2C,camourflage_00390.jpg,0.020522061735391617
SINet/S2C,camourflage_00391.jpg,0.04862464591860771
SINet/S2C,camourflage_00392.jpg,0.05540695786476135
SINet/S2C,camourflage_00393.jpg,0.030517205595970154
SINet/S2C,camourflage_00394.jpg,0.022282252088189125
SINet/S2C,camourflage_00395.jpg,0.026558224111795425
SINet/S2C,camourflage_00396.jpg,0.043476734310388565
SINet/S2C,camourflage_00397.jpg,0.06218017637729645
SINet/S2C,camourflage_00399.jpg,0.17207875847816467
SINet/S2C,camourflage_00400.jpg,0.06014583259820938
SINet/S2C,camourflage_00401.jpg,0.021540071815252304
SINet/S2C,camourflage_00402.jpg,0.0307310800999403
SINet/S2C,camourflage_00403.jpg,0.08835572004318237
SINet/S2C,camourflage_00404.jpg,0.022684624418616295
SINet/S2C,camourflage_00405.jpg,0.021761765703558922
SINet/S2C,camourflage_00407.jpg,0.04903087392449379
SINet/S2C,camourflage_00409.jpg,0.030519209802150726
SINet/S2C,camourflage_00410.jpg,0.03414095938205719
SINet/S2C,camourflage_00411.jpg,0.04411584138870239
SINet/S2C,camourflage_00412.jpg,0.02521795779466629
SINet/S2C,camourflage_00413.jpg,0.02746497094631195
SINet/S2C,camourflage_00414.jpg,0.032273661345243454
SINet/S2C,camourflage_00415.jpg,0.12795239686965942
SINet/S2C,camourflage_00416.jpg,0.021899234503507614
SINet/S2C,camourflage_00417.jpg,0.022717619314789772
SINet/S2C,camourflage_00418.jpg,0.3488982319831848
SINet/S2C,camourflage_00419.jpg,0.03472721204161644
SINet/S2C,camourflage_00423.jpg,0.030290856957435608
SINet/S2C,camourflage_00424.jpg,0.10646814107894897
SINet/S2C,camourflage_00425.jpg,0.038240715861320496
SINet/S2C,camourflage_00426.jpg,0.03250313177704811
SINet/S2C,camourflage_00427.jpg,0.09677080810070038
SINet/S2C,camourflage_00428.jpg,0.0952201634645462
SINet/S2C,camourflage_00429.jpg,0.021572519093751907
SINet/S2C,camourflage_00431.jpg,0.016887236386537552
SINet/S2C,camourflage_00432.jpg,0.014943682588636875
SINet/S2C,camourflage_00433.jpg,0.05941213667392731
SINet/S2C,camourflage_00434.jpg,0.04548212140798569
SINet/S2C,camourflage_00437.jpg,0.026296285912394524
SINet/S2C,camourflage_00438.jpg,0.06026844680309296
SINet/S2C,camourflage_00439.jpg,0.12515681982040405
SINet/S2C,camourflage_00440.jpg,0.019470062106847763
SINet/S2C,camourflage_00441.jpg,0.023215308785438538
SINet/S2C,camourflage_00442.jpg,0.027313105762004852
SINet/S2C,camourflage_00445.jpg,0.05489590764045715
SINet/S2C,camourflage_00446.jpg,0.03840389847755432
SINet/S2C,camourflage_00447.jpg,0.05400997772812843
SINet/S2C,camourflage_00448.jpg,0.022300735116004944
SINet/S2C,camourflage_00450.jpg,0.038919880986213684
SINet/S2C,camourflage_00451.jpg,0.02324621006846428
SINet/S2C,camourflage_00452.jpg,0.04428368806838989
SINet/S2C,camourflage_00453.jpg,0.02745002508163452
SINet/S2C,camourflage_00454.jpg,0.03031395748257637
SINet/S2C,camourflage_00455.jpg,0.01919320970773697
SINet/S2C,camourflage_00456.jpg,0.05114820599555969
SINet/S2C,camourflage_00457.jpg,0.02173914760351181
SINet/S2C,camourflage_00458.jpg,0.058522820472717285
SINet/S2C,camourflage_00459.jpg,0.025934744626283646
SINet/S2C,camourflage_00460.jpg,0.028713766485452652
SINet/S2C,camourflage_00461.jpg,0.03751176968216896
SINet/S2C,camourflage_00462.jpg,0.03765258565545082
SINet/S2C,camourflage_00464.jpg,0.04370192438364029
SINet/S2C,camourflage_00465.jpg,0.07298045605421066
SINet/S2C,camourflage_00466.jpg,0.042458534240722656
SINet/S2C,camourflage_00467.jpg,0.06641983985900879
SINet/S2C,camourflage_00468.jpg,0.02322564646601677
SINet/S2C,camourflage_00469.jpg,0.1662251055240631
SINet/S2C,camourflage_00472.jpg,0.040391094982624054
SINet/S2C,camourflage_00474.jpg,0.028575919568538666
SINet/S2C,camourflage_00475.jpg,0.18451054394245148
SINet/S2C,camourflage_00476.jpg,0.03901195526123047
SINet/S2C,camourflage_00477.jpg,0.030347902327775955
SINet/S2C,camourflage_00479.jpg,0.03014487214386463
SINet/S2C,camourflage_00480.jpg,0.018036212772130966
SINet/S2C,camourflage_00481.jpg,0.053834423422813416
SINet/S2C,camourflage_00482.jpg,0.010523424483835697
SINet/S2C,camourflage_00483.jpg,0.022839944809675217
SINet/S2C,camourflage_00484.jpg,0.06099650636315346
SINet/S2C,camourflage_00485.jpg,0.04995502531528473
SINet/S2C,camourflage_00486.jpg,0.017870087176561356
SINet/S2C,camourflage_00487.jpg,0.09337390214204788
SINet/S2C,camourflage_00488.jpg,0.030839532613754272
SINet/S2C,camourflage_00489.jpg,0.08320856094360352
SINet/S2C,camourflage_00490.jpg,0.025238558650016785
SINet/S2C,camourflage_00491.jpg,0.11131587624549866
SINet/S2C,camourflage_00492.jpg,0.014856234192848206
SINet/S2C,camourflage_00493.jpg,0.05709405243396759
SINet/S2C,camourflage_00494.jpg,0.06798595190048218
SINet/S2C,camourflage_00495.jpg,0.022877244278788567
SINet/S2C,camourflage_00497.jpg,0.013086952269077301
SINet/S2C,camourflage_00499.jpg,0.037177588790655136
SINet/S2C,camourflage_00501.jpg,0.024424348026514053
SINet/S2C,camourflage_00503.jpg,0.02109355665743351
SINet/S2C,camourflage_00504.jpg,0.012496000155806541
SINet/S2C,camourflage_00505.jpg,0.012289447709918022
SINet/S2C,camourflage_00506.jpg,0.013591565191745758
SINet/S2C,camourflage_00507.jpg,0.024224968627095222
SINet/S2C,camourflage_00508.jpg,0.029374364763498306
SINet/S2C,camourflage_00509.jpg,0.03363790735602379
SINet/S2C,camourflage_00511.jpg,0.04010489955544472
SINet/S2C,camourflage_00512.jpg,0.04221751168370247
SINet/S2C,camourflage_00513.jpg,0.017990998923778534
SINet/S2C,camourflage_00514.jpg,0.033824339509010315
SINet/S2C,camourflage_00516.jpg,0.0144611531868577
SINet/S2C,camourflage_00517.jpg,0.02053677663207054
SINet/S2C,camourflage_00518.jpg,0.06182125210762024
SINet/S2C,camourflage_00520.jpg,0.028029797598719597
SINet/S2C,camourflage_00521.jpg,0.03306177258491516
SINet/S2C,camourflage_00523.jpg,0.029025312513113022
SINet/S2C,camourflage_00524.jpg,0.06789499521255493
SINet/S2C,camourflage_00525.jpg,0.08801404386758804
SINet/S2C,camourflage_00526.jpg,0.03504978120326996
SINet/S2C,camourflage_00527.jpg,0.02700299769639969
SINet/S2C,camourflage_00529.jpg,0.047890156507492065
SINet/S2C,camourflage_00530.jpg,0.05354766547679901
SINet/S2C,camourflage_00531.jpg,0.05438191443681717
SINet/S2C,camourflage_00532.jpg,0.08381267637014389
SINet/S2C,camourflage_00533.jpg,0.07245035469532013
SINet/S2C,camourflage_00534.jpg,0.026834284886717796
SINet/S2C,camourflage_00535.jpg,0.037786465138196945
SINet/S2C,camourflage_00536.jpg,0.014556381851434708
SINet/S2C,camourflage_00537.jpg,0.027577947825193405
SINet/S2C,camourflage_00538.jpg,0.012369338423013687
SINet/S2C,camourflage_00540.jpg,0.03392937406897545
SINet/S2C,camourflage_00541.jpg,0.01989954337477684
SINet/S2C,camourflage_00542.jpg,0.025338176637887955
SINet/S2C,camourflage_00543.jpg,0.03967035189270973
SINet/S2C,camourflage_00544.jpg,0.03774646297097206
SINet/S2C,camourflage_00545.jpg,0.04646042361855507
SINet/S2C,camourflage_00546.jpg,0.023960981518030167
SINet/S2C,camourflage_00547.jpg,0.011798586696386337
SINet/S2C,camourflage_00548.jpg,0.10829678177833557
SINet/S2C,camourflage_00549.jpg,0.08669351786375046
SINet/S2C,camourflage_00551.jpg,0.03551865369081497
SINet/S2C,camourflage_00552.jpg,0.026021571829915047
SINet/S2C,camourflage_00553.jpg,0.0678635984659195
SINet/S2C,camourflage_00554.jpg,0.06698092818260193
SINet/S2C,camourflage_00555.jpg,0.036102984100580215
SINet/S2C,camourflage_00556.jpg,0.058082107454538345
SINet/S2C,camourflage_00557.jpg,0.04662171006202698
SINet/S2C,camourflage_00558.jpg,0.04093051701784134
SINet/S2C,camourflage_00559.jpg,0.10243669152259827
SINet/S2C,camourflage_00560.jpg,0.02533772401511669
SINet/S2C,camourflage_00561.jpg,0.020453771576285362
SINet/S2C,camourflage_00562.jpg,0.09023481607437134
SINet/S2C,camourflage_00564.jpg,0.05196378752589226
SINet/S2C,camourflage_00565.jpg,0.022889435291290283
SINet/S2C,camourflage_00566.jpg,0.022870291024446487
SINet/S2C,camourflage_00567.jpg,0.03134394437074661
SINet/S2C,camourflage_00568.jpg,0.015514102764427662
SINet/S2C,camourflage_00569.jpg,0.02284572646021843
SINet/S2C,camourflage_00570.jpg,0.03956048935651779
SINet/S2C,camourflage_00571.jpg,0.017861876636743546
SINet/S2C,camourflage_00572.jpg,0.020166149362921715
SINet/S2C,camourflage_00573.jpg,0.06866700202226639
SINet/S2C,camourflage_00574.jpg,0.03524044156074524
SINet/S2C,camourflage_00575.jpg,0.043192967772483826
SINet/S2C,camourflage_00576.jpg,0.08940847218036652
SINet/S2C,camourflage_00577.jpg,0.0955972969532013
SINet/S2C,camourflage_00578.jpg,0.04955568537116051
SINet/S2C,camourflage_00579.jpg,0.03853360563516617
SINet/S2C,camourflage_00580.jpg,0.05742844194173813
SINet/S2C,camourflage_00581.jpg,0.030926108360290527
SINet/S2C,camourflage_00582.jpg,0.040485505014657974
SINet/S2C,camourflage_00583.jpg,0.025531867519021034
SINet/S2C,camourflage_00584.jpg,0.026412438601255417
SINet/S2C,camourflage_00585.jpg,0.02435775101184845
SINet/S2C,camourflage_00586.jpg,0.04817839711904526
SINet/S2C,camourflage_00587.jpg,0.03261151537299156
SINet/S2C,camourflage_00588.jpg,0.06590145826339722
SINet/S2C,camourflage_00589.jpg,0.025529690086841583
SINet/S2C,camourflage_00590.jpg,0.024068359285593033
SINet/S2C,camourflage_00591.jpg,0.06219003349542618
SINet/S2C,camourflage_00592.jpg,0.032407402992248535
SINet/S2C,camourflage_00593.jpg,0.028147060424089432
SINet/S2C,camourflage_00595.jpg,0.12355536222457886
SINet/S2C,camourflage_00596.jpg,0.021369609981775284
SINet/S2C,camourflage_00598.jpg,0.02171013318002224
SINet/S2C,camourflage_00599.jpg,0.0587596520781517
SINet/S2C,camourflage_00601.jpg,0.05221947282552719
SINet/S2C,camourflage_00603.jpg,0.0806553065776825
SINet/S2C,camourflage_00604.jpg,0.019835881888866425
SINet/S2C,camourflage_00605.jpg,0.008776145987212658
SINet/S2C,camourflage_00606.jpg,0.0240055900067091
SINet/S2C,camourflage_00607.jpg,0.022587498649954796
SINet/S2C,camourflage_00608.jpg,0.03095114231109619
SINet/S2C,camourflage_00609.jpg,0.07264549285173416
SINet/S2C,camourflage_00610.jpg,0.15517762303352356
SINet/S2C,camourflage_00611.jpg,0.026841944083571434
SINet/S2C,camourflage_00612.jpg,0.05008440464735031
SINet/S2C,camourflage_00613.jpg,0.05760035291314125
SINet/S2C,camourflage_00614.jpg,0.06493058055639267
SINet/S2C,camourflage_00615.jpg,0.018820220604538918
SINet/S2C,camourflage_00616.jpg,0.01723000779747963
SINet/S2C,camourflage_00617.jpg,0.04999232292175293
SINet/S2C,camourflage_00618.jpg,0.16887672245502472
SINet/S2C,camourflage_00619.jpg,0.11492592096328735
SINet/S2C,camourflage_00620.jpg,0.016868581995368004
SINet/S2C,camourflage_00621.jpg,0.057629309594631195
SINet/S2C,camourflage_00622.jpg,0.042492225766181946
SINet/S2C,camourflage_00624.jpg,0.010867858305573463
SINet/S2C,camourflage_00625.jpg,0.02178633213043213
SINet/S2C,camourflage_00626.jpg,0.02817576751112938
SINet/S2C,camourflage_00627.jpg,0.02110806107521057
SINet/S2C,camourflage_00628.jpg,0.03120741993188858
SINet/S2C,camourflage_00629.jpg,0.019411947578191757
SINet/S2C,camourflage_00630.jpg,0.02526922896504402
SINet/S2C,camourflage_00632.jpg,0.03184407204389572
SINet/S2C,camourflage_00633.jpg,0.04449215531349182
SINet/S2C,camourflage_00634.jpg,0.0790274366736412
SINet/S2C,camourflage_00635.jpg,0.050344884395599365
SINet/S2C,camourflage_00636.jpg,0.023457437753677368
SINet/S2C,camourflage_00637.jpg,0.09401193261146545
SINet/S2C,camourflage_00638.jpg,0.026485072448849678
SINet/S2C,camourflage_00639.jpg,0.008205465972423553
SINet/S2C,camourflage_00640.jpg,0.08116554468870163
SINet/S2C,camourflage_00642.jpg,0.02153361216187477
SINet/S2C,camourflage_00643.jpg,0.02139999344944954
SINet/S2C,camourflage_00644.jpg,0.037570104002952576
SINet/S2C,camourflage_00645.jpg,0.04006149619817734
SINet/S2C,camourflage_00646.jpg,0.03015514463186264
SINet/S2C,camourflage_00648.jpg,0.029349803924560547
SINet/S2C,camourflage_00649.jpg,0.050939664244651794
SINet/S2C,camourflage_00650.jpg,0.041189007461071014
SINet/S2C,camourflage_00651.jpg,0.025741340592503548
SINet/S2C,camourflage_00652.jpg,0.03660380840301514
SINet/S2C,camourflage_00653.jpg,0.05979272723197937
SINet/S2C,camourflage_00654.jpg,0.1062454879283905
SINet/S2C,camourflage_00655.jpg,0.1106824204325676
SINet/S2C,camourflage_00656.jpg,0.02814355306327343
SINet/S2C,camourflage_00657.jpg,0.020286478102207184
SINet/S2C,camourflage_00658.jpg,0.06075429916381836
SINet/S2C,camourflage_00659.jpg,0.03952226787805557
SINet/S2C,camourflage_00660.jpg,0.05082310736179352
SINet/S2C,camourflage_00661.jpg,0.0375560000538826
SINet/S2C,camourflage_00662.jpg,0.06355661898851395
SINet/S2C,camourflage_00663.jpg,0.07068029791116714
SINet/S2C,camourflage_00664.jpg,0.033947933465242386
SINet/S2C,camourflage_00665.jpg,0.05457691848278046
SINet/S2C,camourflage_00666.jpg,0.15751633048057556
SINet/S2C,camourflage_00667.jpg,0.04063804820179939
SINet/S2C,camourflage_00668.jpg,0.03314482793211937
SINet/S2C,camourflage_00669.jpg,0.03746195510029793
SINet/S2C,camourflage_00670.jpg,0.03578520566225052
SINet/S2C,camourflage_00671.jpg,0.0581599622964859
SINet/S2C,camourflage_00672.jpg,0.018196886405348778
SINet/S2C,camourflage_00673.jpg,0.017389483749866486
SINet/S2C,camourflage_00674.jpg,0.03977622836828232
SINet/S2C,camourflage_00675.jpg,0.033595893532037735
SINet/S2C,camourflage_00676.jpg,0.03873061388731003
SINet/S2C,camourflage_00678.jpg,0.03405888378620148
SINet/S2C,camourflage_00679.jpg,0.04024235159158707
SINet/S2C,camourflage_00680.jpg,0.027759460732340813
SINet/S2C,camourflage_00681.jpg,0.050501734018325806
SINet/S2C,camourflage_00682.jpg,0.11879202723503113
SINet/S2C,camourflage_00683.jpg,0.14498046040534973
SINet/S2C,camourflage_00684.jpg,0.13611739873886108
SINet/S2C,camourflage_00685.jpg,0.024325033649802208
SINet/S2C,camourflage_00686.jpg,0.07246576994657516
SINet/S2C,camourflage_00687.jpg,0.06547743827104568
SINet/S2C,camourflage_00689.jpg,0.04921063035726547
SINet/S2C,camourflage_00690.jpg,0.014753428287804127
SINet/S2C,camourflage_00691.jpg,0.09752011299133301
SINet/S2C,camourflage_00692.jpg,0.04112883284687996
SINet/S2C,camourflage_00693.jpg,0.035790663212537766
SINet/S2C,camourflage_00695.jpg,0.05529097467660904
SINet/S2C,camourflage_00696.jpg,0.03289547190070152
SINet/S2C,camourflage_00697.jpg,0.05443871393799782
SINet/S2C,camourflage_00698.jpg,0.03341829031705856
SINet/S2C,camourflage_00700.jpg,0.018923111259937286
SINet/S2C,camourflage_00701.jpg,0.03673951327800751
SINet/S2C,camourflage_00702.jpg,0.04017168655991554
SINet/S2C,camourflage_00703.jpg,0.021004460752010345
SINet/S2C,camourflage_00704.jpg,0.03349035233259201
SINet/S2C,camourflage_00705.jpg,0.03333025053143501
SINet/S2C,camourflage_00707.jpg,0.04178604856133461
SINet/S2C,camourflage_00708.jpg,0.08307646960020065
SINet/S2C,camourflage_00709.jpg,0.0447009913623333
SINet/S2C,camourflage_00710.jpg,0.0291476771235466
SINet/S2C,camourflage_00711.jpg,0.03756750002503395
SINet/S2C,camourflage_00712.jpg,0.021760398522019386
SINet/S2C,camourflage_00714.jpg,0.06653979420661926
SINet/S2C,camourflage_00715.jpg,0.03447826951742172
SINet/S2C,camourflage_00716.jpg,0.037610702216625214
SINet/S2C,camourflage_00717.jpg,0.026047952473163605
SINet/S2C,camourflage_00718.jpg,0.03078533336520195
SINet/S2C,camourflage_00719.jpg,0.011745141819119453
SINet/S2C,camourflage_00720.jpg,0.08962388336658478
SINet/S2C,camourflage_00721.jpg,0.11234480887651443
SINet/S2C,camourflage_00722.jpg,0.03617959842085838
SINet/S2C,camourflage_00724.jpg,0.02193286269903183
SINet/S2C,camourflage_00725.jpg,0.045757174491882324
SINet/S2C,camourflage_00726.jpg,0.015010521747171879
SINet/S2C,camourflage_00727.jpg,0.021434247493743896
SINet/S2C,camourflage_00728.jpg,0.049953289330005646
SINet/S2C,camourflage_00729.jpg,0.03311704844236374
SINet/S2C,camourflage_00730.jpg,0.023786213248968124
SINet/S2C,camourflage_00731.jpg,0.08566910773515701
SINet/S2C,camourflage_00732.jpg,0.035639889538288116
SINet/S2C,camourflage_00733.jpg,0.036335621029138565
SINet/S2C,camourflage_00734.jpg,0.03894669562578201
SINet/S2C,camourflage_00735.jpg,0.030124567449092865
SINet/S2C,camourflage_00736.jpg,0.0327058769762516
SINet/S2C,camourflage_00737.jpg,0.04529514163732529
SINet/S2C,camourflage_00738.jpg,0.05722866579890251
SINet/S2C,camourflage_00739.jpg,0.032840125262737274
SINet/S2C,camourflage_00740.jpg,0.056867972016334534
SINet/S2C,camourflage_00741.jpg,0.10475841909646988
SINet/S2C,camourflage_00742.jpg,0.059253957122564316
SINet/S2C,camourflage_00743.jpg,0.08537109941244125
SINet/S2C,camourflage_00744.jpg,0.033843059092760086
SINet/S2C,camourflage_00745.jpg,0.017098212614655495
SINet/S2C,camourflage_00746.jpg,0.09434475004673004
SINet/S2C,camourflage_00747.jpg,0.0812544971704483
SINet/S2C,camourflage_00748.jpg,0.03862721100449562
SINet/S2C,camourflage_00749.jpg,0.03437107056379318
SINet/S2C,camourflage_00751.jpg,0.1328616887331009
SINet/S2C,camourflage_00752.jpg,0.07853380590677261
SINet/S2C,camourflage_00753.jpg,0.04335338994860649
SINet/S2C,camourflage_00754.jpg,0.0441499687731266
SINet/S2C,camourflage_00755.jpg,0.055267978459596634
SINet/S2C,camourflage_00756.jpg,0.029591459780931473
SINet/S2C,camourflage_00757.jpg,0.02091483399271965
SINet/S2C,camourflage_00759.jpg,0.03209824115037918
SINet/S2C,camourflage_00760.jpg,0.12183330953121185
SINet/S2C,camourflage_00761.jpg,0.02455424889922142
SINet/S2C,camourflage_00762.jpg,0.06312546133995056
SINet/S2C,camourflage_00763.jpg,0.07087662816047668
SINet/S2C,camourflage_00764.jpg,0.027836404740810394
SINet/S2C,camourflage_00765.jpg,0.03626507520675659
SINet/S2C,camourflage_00766.jpg,0.0615122988820076
SINet/S2C,camourflage_00767.jpg,0.16751731932163239
SINet/S2C,camourflage_00769.jpg,0.03880233317613602
SINet/S2C,camourflage_00770.jpg,0.01313331164419651
SINet/S2C,camourflage_00771.jpg,0.0518665686249733
SINet/S2C,camourflage_00772.jpg,0.09454617649316788
SINet/S2C,camourflage_00773.jpg,0.03172671049833298
SINet/S2C,camourflage_00774.jpg,0.06726156175136566
SINet/S2C,camourflage_00775.jpg,0.06854607164859772
SINet/S2C,camourflage_00776.jpg,0.022400852292776108
SINet/S2C,camourflage_00777.jpg,0.024973545223474503
SINet/S2C,camourflage_00778.jpg,0.03527464717626572
SINet/S2C,camourflage_00780.jpg,0.04624807834625244
SINet/S2C,camourflage_00781.jpg,0.019419021904468536
SINet/S2C,camourflage_00784.jpg,0.026756785809993744
SINet/S2C,camourflage_00785.jpg,0.025590121746063232
SINet/S2C,camourflage_00786.jpg,0.027710236608982086
SINet/S2C,camourflage_00787.jpg,0.019526951014995575
SINet/S2C,camourflage_00788.jpg,0.03579925745725632
SINet/S2C,camourflage_00789.jpg,0.04516375809907913
SINet/S2C,camourflage_00790.jpg,0.02736898697912693
SINet/S2C,camourflage_00791.jpg,0.040299832820892334
SINet/S2C,camourflage_00792.jpg,0.04091470316052437
SINet/S2C,camourflage_00793.jpg,0.03613051027059555
SINet/S2C,camourflage_00795.jpg,0.049496959894895554
SINet/S2C,camourflage_00796.jpg,0.021098800003528595
SINet/S2C,camourflage_00797.jpg,0.01699002832174301
SINet/S2C,camourflage_00798.jpg,0.012117700651288033
SINet/S2C,camourflage_00799.jpg,0.02424553781747818
SINet/S2C,camourflage_00802.jpg,0.022069303318858147
SINet/S2C,camourflage_00803.jpg,0.015741558745503426
SINet/S2C,camourflage_00804.jpg,0.07781652361154556
SINet/S2C,camourflage_00805.jpg,0.0788281112909317
SINet/S2C,camourflage_00806.jpg,0.016940327361226082
SINet/S2C,camourflage_00808.jpg,0.05071060359477997
SINet/S2C,camourflage_00809.jpg,0.008865995332598686
SINet/S2C,camourflage_00810.jpg,0.06283478438854218
SINet/S2C,camourflage_00811.jpg,0.04753035306930542
SINet/S2C,camourflage_00812.jpg,0.021447116509079933
SINet/S2C,camourflage_00813.jpg,0.02517135813832283
SINet/S2C,camourflage_00814.jpg,0.01665373332798481
SINet/S2C,camourflage_00815.jpg,0.010118723846971989
SINet/S2C,camourflage_00816.jpg,0.05132942646741867
SINet/S2C,camourflage_00817.jpg,0.05361836403608322
SINet/S2C,camourflage_00818.jpg,0.015351489186286926
SINet/S2C,camourflage_00819.jpg,0.020465286448597908
SINet/S2C,camourflage_00820.jpg,0.02957865595817566
SINet/S2C,camourflage_00821.jpg,0.03962424397468567
SINet/S2C,camourflage_00822.jpg,0.027289558202028275
SINet/S2C,camourflage_00823.jpg,0.0387156680226326
SINet/S2C,camourflage_00824.jpg,0.04196295887231827
SINet/S2C,camourflage_00825.jpg,0.29660022258758545
SINet/S2C,camourflage_00826.jpg,0.0367257297039032
SINet/S2C,camourflage_00827.jpg,0.022493645548820496
SINet/S2C,camourflage_00828.jpg,0.03546890616416931
SINet/S2C,camourflage_00830.jpg,0.07037284225225449
SINet/S2C,camourflage_00831.jpg,0.020911218598484993
SINet/S2C,camourflage_00832.jpg,0.015024296939373016
SINet/S2C,camourflage_00833.jpg,0.042264558374881744
SINet/S2C,camourflage_00834.jpg,0.11923155188560486
SINet/S2C,camourflage_00835.jpg,0.01649315096437931
SINet/S2C,camourflage_00836.jpg,0.016099020838737488
SINet/S2C,camourflage_00837.jpg,0.023142892867326736
SINet/S2C,camourflage_00838.jpg,0.030694711953401566
SINet/S2C,camourflage_00839.jpg,0.10515230149030685
SINet/S2C,camourflage_00840.jpg,0.024020511656999588
SINet/S2C,camourflage_00841.jpg,0.07587656378746033
SINet/S2C,camourflage_00842.jpg,0.034155331552028656
SINet/S2C,camourflage_00843.jpg,0.026915786787867546
SINet/S2C,camourflage_00844.jpg,0.15925727784633636
SINet/S2C,camourflage_00845.jpg,0.011742380447685719
SINet/S2C,camourflage_00848.jpg,0.026680871844291687
SINet/S2C,camourflage_00849.jpg,0.11031078547239304
SINet/S2C,camourflage_00850.jpg,0.06003088131546974
SINet/S2C,camourflage_00851.jpg,0.04987437278032303
SINet/S2C,camourflage_00852.jpg,0.04779783636331558
SINet/S2C,camourflage_00853.jpg,0.043888963758945465
SINet/S2C,camourflage_00854.jpg,0.023143228143453598
SINet/S2C,camourflage_00855.jpg,0.014181268401443958
SINet/S2C,camourflage_00856.jpg,0.05811171606183052
SINet/S2C,camourflage_00858.jpg,0.026080911979079247
SINet/S2C,camourflage_00859.jpg,0.014326720498502254
SINet/S2C,camourflage_00861.jpg,0.023355133831501007
SINet/S2C,camourflage_00862.jpg,0.026318330317735672
SINet/S2C,camourflage_00864.jpg,0.03139474242925644
SINet/S2C,camourflage_00865.jpg,0.07615524530410767
SINet/S2C,camourflage_00866.jpg,0.048927515745162964
SINet/S2C,camourflage_00867.jpg,0.039153244346380234
SINet/S2C,camourflage_00868.jpg,0.030393529683351517
SINet/S2C,camourflage_00870.jpg,0.02810238115489483
SINet/S2C,camourflage_00871.jpg,0.04070233553647995
SINet/S2C,camourflage_00872.jpg,0.03111964836716652
SINet/S2C,camourflage_00873.jpg,0.13708709180355072
SINet/S2C,camourflage_00874.jpg,0.032251253724098206
SINet/S2C,camourflage_00875.jpg,0.01524919830262661
SINet/S2C,camourflage_00876.jpg,0.02547166682779789
SINet/S2C,camourflage_00877.jpg,0.06814000755548477
SINet/S2C,camourflage_00878.jpg,0.03155502676963806
SINet/S2C,camourflage_00879.jpg,0.018471062183380127
SINet/S2C,camourflage_00880.jpg,0.036226414144039154
SINet/S2C,camourflage_00881.jpg,0.02966039627790451
SINet/S2C,camourflage_00882.jpg,0.02568161115050316
SINet/S2C,camourflage_00883.jpg,0.013055399060249329
SINet/S2C,camourflage_00884.jpg,0.026114610955119133
SINet/S2C,camourflage_00885.jpg,0.03930478170514107
SINet/S2C,camourflage_00886.jpg,0.016855798661708832
SINet/S2C,camourflage_00887.jpg,0.009031313471496105
SINet/S2C,camourflage_00888.jpg,0.06165506690740585
SINet/S2C,camourflage_00889.jpg,0.08305439352989197
SINet/S2C,camourflage_00891.jpg,0.02026347629725933
SINet/S2C,camourflage_00892.jpg,0.0241013765335083
SINet/S2C,camourflage_00893.jpg,0.03265440836548805
SINet/S2C,camourflage_00894.jpg,0.02637399733066559
SINet/S2C,camourflage_00895.jpg,0.018140867352485657
SINet/S2C,camourflage_00896.jpg,0.06527156382799149
SINet/S2C,camourflage_00897.jpg,0.061920810490846634
SINet/S2C,camourflage_00898.jpg,0.04579848796129227
SINet/S2C,camourflage_00899.jpg,0.04697209596633911
SINet/S2C,camourflage_00900.jpg,0.06716125458478928
SINet/S2C,camourflage_00901.jpg,0.029729358851909637
SINet/S2C,camourflage_00902.jpg,0.0644800141453743
SINet/S2C,camourflage_00904.jpg,0.03733787685632706
SINet/S2C,camourflage_00905.jpg,0.018355704843997955
SINet/S2C,camourflage_00906.jpg,0.07955366373062134
SINet/S2C,camourflage_00907.jpg,0.055453263223171234
SINet/S2C,camourflage_00908.jpg,0.039751797914505005
SINet/S2C,camourflage_00909.jpg,0.051797498017549515
SINet/S2C,camourflage_00910.jpg,0.014427809976041317
SINet/S2C,camourflage_00911.jpg,0.0664668083190918
SINet/S2C,camourflage_00912.jpg,0.03126489371061325
SINet/S2C,camourflage_00913.jpg,0.04040496051311493
SINet/S2C,camourflage_00914.jpg,0.11706151068210602
SINet/S2C,camourflage_00915.jpg,0.04181526228785515
SINet/S2C,camourflage_00916.jpg,0.038707435131073
SINet/S2C,camourflage_00917.jpg,0.03994787484407425
SINet/S2C,camourflage_00918.jpg,0.028359947726130486
SINet/S2C,camourflage_00919.jpg,0.042897772043943405
SINet/S2C,camourflage_00920.jpg,0.03309674561023712
SINet/S2C,camourflage_00921.jpg,0.041271112859249115
SINet/S2C,camourflage_00922.jpg,0.030646933242678642
SINet/S2C,camourflage_00923.jpg,0.03162094205617905
SINet/S2C,camourflage_00925.jpg,0.08629761636257172
SINet/S2C,camourflage_00926.jpg,0.0635526031255722
SINet/S2C,camourflage_00927.jpg,0.02828802354633808
SINet/S2C,camourflage_00929.jpg,0.0564342625439167
SINet/S2C,camourflage_00930.jpg,0.028748618438839912
SINet/S2C,camourflage_00932.jpg,0.05227186158299446
SINet/S2C,camourflage_00933.jpg,0.04390358179807663
SINet/S2C,camourflage_00934.jpg,0.046003952622413635
SINet/S2C,camourflage_00935.jpg,0.03456582874059677
SINet/S2C,camourflage_00936.jpg,0.05991616100072861
SINet/S2C,camourflage_00937.jpg,0.10065744072198868
SINet/S2C,camourflage_00938.jpg,0.01490881759673357
SINet/S2C,camourflage_00940.jpg,0.054448261857032776
SINet/S2C,camourflage_00941.jpg,0.07297287881374359
SINet/S2C,camourflage_00942.jpg,0.037067607045173645
SINet/S2C,camourflage_00943.jpg,0.045481592416763306
SINet/S2C,camourflage_00945.jpg,0.0326162725687027
SINet/S2C,camourflage_00946.jpg,0.0762074664235115
SINet/S2C,camourflage_00947.jpg,0.018010079860687256
SINet/S2C,camourflage_00948.jpg,0.032219551503658295
SINet/S2C,camourflage_00949.jpg,0.026726672425866127
SINet/S2C,camourflage_00950.jpg,0.018489520996809006
SINet/S2C,camourflage_00951.jpg,0.03520640358328819
SINet/S2C,camourflage_00952.jpg,0.04231948032975197
SINet/S2C,camourflage_00953.jpg,0.06868977844715118
SINet/S2C,camourflage_00954.jpg,0.04645196720957756
SINet/S2C,camourflage_00955.jpg,0.04123391583561897
SINet/S2C,camourflage_00956.jpg,0.057249896228313446
SINet/S2C,camourflage_00957.jpg,0.11362884193658829
SINet/S2C,camourflage_00958.jpg,0.05515848100185394
SINet/S2C,camourflage_00960.jpg,0.02254939265549183
SINet/S2C,camourflage_00961.jpg,0.026790853589773178
SINet/S2C,camourflage_00962.jpg,0.04555501788854599
SINet/S2C,camourflage_00963.jpg,0.1561187207698822
SINet/S2C,camourflage_00964.jpg,0.04429994150996208
SINet/S2C,camourflage_00965.jpg,0.02905190736055374
SINet/S2C,camourflage_00966.jpg,0.023370839655399323
SINet/S2C,camourflage_00967.jpg,0.05690717697143555
SINet/S2C,camourflage_00968.jpg,0.015571030788123608
SINet/S2C,camourflage_00969.jpg,0.017059272155165672
SINet/S2C,camourflage_00970.jpg,0.08738204836845398
SINet/S2C,camourflage_00971.jpg,0.29542484879493713
SINet/S2C,camourflage_00972.jpg,0.023533251136541367
SINet/S2C,camourflage_00973.jpg,0.006898036226630211
SINet/S2C,camourflage_00974.jpg,0.025636859238147736
SINet/S2C,camourflage_00975.jpg,0.04615435376763344
SINet/S2C,camourflage_00976.jpg,0.06988109648227692
SINet/S2C,camourflage_00978.jpg,0.020580612123012543
SINet/S2C,camourflage_00979.jpg,0.034518178552389145
SINet/S2C,camourflage_00980.jpg,0.023376382887363434
SINet/S2C,camourflage_00981.jpg,0.019234653562307358
SINet/S2C,camourflage_00982.jpg,0.05478662624955177
SINet/S2C,camourflage_00983.jpg,0.022148318588733673
SINet/S2C,camourflage_00984.jpg,0.03303308039903641
SINet/S2C,camourflage_00986.jpg,0.10141590982675552
SINet/S2C,camourflage_00987.jpg,0.02706558257341385
SINet/S2C,camourflage_00988.jpg,0.027685031294822693
SINet/S2C,camourflage_00989.jpg,0.01149760652333498
SINet/S2C,camourflage_00990.jpg,0.027126383036375046
SINet/S2C,camourflage_00992.jpg,0.03384222835302353
SINet/S2C,camourflage_00993.jpg,0.0561436228454113
SINet/S2C,camourflage_00994.jpg,0.01948888972401619
SINet/S2C,camourflage_00995.jpg,0.03602657467126846
SINet/S2C,camourflage_00996.jpg,0.018908318132162094
SINet/S2C,camourflage_00999.jpg,0.03636419028043747
SINet/S2C,camourflage_01000.jpg,0.07653956860303879
SINet/S2C,camourflage_01002.jpg,0.03584269806742668
SINet/S2C,camourflage_01005.jpg,0.015742138028144836
SINet/S2C,camourflage_01007.jpg,0.09191557765007019
SINet/S2C,camourflage_01010.jpg,0.2296004444360733
SINet/S2C,camourflage_01011.jpg,0.07353363931179047
SINet/S2C,camourflage_01012.jpg,0.09904420375823975
SINet/S2C,camourflage_01013.jpg,0.082483671605587
SINet/S2C,camourflage_01015.jpg,0.07828962057828903
SINet/S2C,camourflage_01017.jpg,0.01853589154779911
SINet/S2C,camourflage_01019.jpg,0.07883967459201813
SINet/S2C,camourflage_01022.jpg,0.14031437039375305
SINet/S2C,camourflage_01024.jpg,0.07013227045536041
SINet/S2C,camourflage_01026.jpg,0.08029016107320786
SINet/S2C,camourflage_01028.jpg,0.05745338648557663
SINet/S2C,camourflage_01029.jpg,0.025446932762861252
SINet/S2C,camourflage_01031.jpg,0.03874187171459198
SINet/S2C,camourflage_01033.jpg,0.05866019427776337
SINet/S2C,camourflage_01035.jpg,0.058705031871795654
SINet/S2C,camourflage_01036.jpg,0.1064629927277565
SINet/S2C,camourflage_01037.jpg,0.0233689583837986
SINet/S2C,camourflage_01038.jpg,0.29554712772369385
SINet/S2C,camourflage_01039.jpg,0.05386736989021301
SINet/S2C,camourflage_01040.jpg,0.03439442440867424
SINet/S2C,camourflage_01042.jpg,0.022117290645837784
SINet/S2C,camourflage_01043.jpg,0.020361782982945442
SINet/S2C,camourflage_01045.jpg,0.03507997840642929
SINet/S2C,camourflage_01047.jpg,0.0432552844285965
SINet/S2C,camourflage_01049.jpg,0.02435193955898285
SINet/S2C,camourflage_01051.jpg,0.04232185333967209
SINet/S2C,camourflage_01054.jpg,0.055247195065021515
SINet/S2C,camourflage_01055.jpg,0.05120844393968582
SINet/S2C,camourflage_01057.jpg,0.17889106273651123
SINet/S2C,camourflage_01059.jpg,0.11495563387870789
SINet/S2C,camourflage_01060.jpg,0.03711036592721939
SINet/S2C,camourflage_01061.jpg,0.09744036197662354
SINet/S2C,camourflage_01062.jpg,0.0652671754360199
SINet/S2C,camourflage_01063.jpg,0.028504371643066406
SINet/S2C,camourflage_01065.jpg,0.12102609872817993
SINet/S2C,camourflage_01069.jpg,0.10489664226770401
SINet/S2C,camourflage_01071.jpg,0.061034101992845535
SINet/S2C,camourflage_01073.jpg,0.11118753254413605
SINet/S2C,camourflage_01076.jpg,0.15523988008499146
SINet/S2C,camourflage_01077.jpg,0.0716654434800148
SINet/S2C,camourflage_01079.jpg,0.038363583385944366
SINet/S2C,camourflage_01080.jpg,0.10417425632476807
SINet/S2C,camourflage_01083.jpg,0.044002924114465714
SINet/S2C,camourflage_01084.jpg,0.14622990787029266
SINet/S2C,camourflage_01085.jpg,0.04456021264195442
SINet/S2C,camourflage_01086.jpg,0.02284243144094944
SINet/S2C,camourflage_01088.jpg,0.07325583696365356
SINet/S2C,camourflage_01089.jpg,0.05537908524274826
SINet/S2C,camourflage_01092.jpg,0.041455719619989395
SINet/S2C,camourflage_01093.jpg,0.02999240905046463
SINet/S2C,camourflage_01097.jpg,0.054908387362957
SINet/S2C,camourflage_01099.jpg,0.02760414406657219
SINet/S2C,camourflage_01102.jpg,0.059420038014650345
SINet/S2C,camourflage_01108.jpg,0.04666232317686081
SINet/S2C,camourflage_01109.jpg,0.029639432206749916
SINet/S2C,camourflage_01111.jpg,0.04707380011677742
SINet/S2C,camourflage_01114.jpg,0.033475931733846664
SINet/S2C,camourflage_01119.jpg,0.03136232867836952
SINet/S2C,camourflage_01120.jpg,0.22906054556369781
SINet/S2C,camourflage_01121.jpg,0.06450206786394119
SINet/S2C,camourflage_01123.jpg,0.26101619005203247
SINet/S2C,camourflage_01124.jpg,0.138412743806839
SINet/S2C,camourflage_01125.jpg,0.13247519731521606
SINet/S2C,camourflage_01127.jpg,0.09330904483795166
SINet/S2C,camourflage_01129.jpg,0.040470682084560394
SINet/S2C,camourflage_01130.jpg,0.108295738697052
SINet/S2C,camourflage_01134.jpg,0.09213483333587646
SINet/S2C,camourflage_01136.jpg,0.06742167472839355
SINet/S2C,camourflage_01138.jpg,0.11421038210391998
SINet/S2C,camourflage_01142.jpg,0.046961672604084015
SINet/S2C,camourflage_01146.jpg,0.12974707782268524
SINet/S2C,camourflage_01147.jpg,0.1409500241279602
SINet/S2C,camourflage_01149.jpg,0.030675560235977173
SINet/S2C,camourflage_01152.jpg,0.11182163655757904
SINet/S2C,camourflage_01153.jpg,0.07087406516075134
SINet/S2C,camourflage_01155.jpg,0.059654414653778076
SINet/S2C,camourflage_01157.jpg,0.05609878525137901
SINet/S2C,camourflage_01160.jpg,0.06380388885736465
SINet/S2C,camourflage_01162.jpg,0.04079334810376167
SINet/S2C,camourflage_01166.jpg,0.025781884789466858
SINet/S2C,camourflage_01167.jpg,0.07240745425224304
SINet/S2C,camourflage_01169.jpg,0.02286006137728691
SINet/S2C,camourflage_01171.jpg,0.012917125597596169
SINet/S2C,camourflage_01173.jpg,0.023633761331439018
SINet/S2C,camourflage_01174.jpg,0.091372549533844
SINet/S2C,camourflage_01176.jpg,0.12325882911682129
SINet/S2C,camourflage_01178.jpg,0.058984220027923584
SINet/S2C,camourflage_01184.jpg,0.02693742699921131
SINet/S2C,camourflage_01186.jpg,0.1757352501153946
SINet/S2C,camourflage_01187.jpg,0.06528858095407486
SINet/S2C,camourflage_01191.jpg,0.05496799200773239
SINet/S2C,camourflage_01197.jpg,0.0699118971824646
SINet/S2C,camourflage_01198.jpg,0.07673563063144684
SINet/S2C,camourflage_01201.jpg,0.02919817343354225
SINet/S2C,camourflage_01202.jpg,0.05568636208772659
SINet/S2C,camourflage_01203.jpg,0.03642553836107254
SINet/S2C,camourflage_01204.jpg,0.033627867698669434
SINet/S2C,camourflage_01206.jpg,0.13612060248851776
SINet/S2C,camourflage_01207.jpg,0.022583169862627983
SINet/S2C,camourflage_01209.jpg,0.034693825989961624
SINet/S2C,camourflage_01212.jpg,0.04895944148302078
SINet/S2C,camourflage_01213.jpg,0.036947570741176605
SINet/S2C,camourflage_01214.jpg,0.01925591379404068
SINet/S2C,camourflage_01215.jpg,0.023629426956176758
SINet/S2C,camourflage_01216.jpg,0.01958070695400238
SINet/S2C,camourflage_01218.jpg,0.0406792014837265
SINet/S2C,camourflage_01219.jpg,0.05383908003568649
SINet/S2C,camourflage_01220.jpg,0.03293438255786896
SINet/S2C,camourflage_01221.jpg,0.04045950621366501
SINet/S2C,camourflage_01222.jpg,0.01368220616132021
SINet/S2C,camourflage_01223.jpg,0.04380811005830765
SINet/S2C,camourflage_01224.jpg,0.10987235605716705
SINet/S2C,camourflage_01225.jpg,0.03530149161815643
SINet/S2C,camourflage_01226.jpg,0.06427815556526184
SINet/S2C,camourflage_01227.jpg,0.03281562775373459
SINet/S2C,camourflage_01228.jpg,0.019769225269556046
SINet/S2C,camourflage_01229.jpg,0.04706721752882004
SINet/S2C,camourflage_01230.jpg,0.0615357905626297
SINet/S2C,camourflage_01231.jpg,0.05133752524852753
SINet/S2C,camourflage_01232.jpg,0.08611051738262177
SINet/S2C,camourflage_01233.jpg,0.05444671958684921
SINet/S2C,camourflage_01234.jpg,0.11024680733680725
SINet/S2C,camourflage_01236.jpg,0.023959552869200706
SINet/S2C,camourflage_01237.jpg,0.033812083303928375
SINet/S2C,camourflage_01238.jpg,0.027271635830402374
SINet/S2C,camourflage_01239.jpg,0.13537509739398956
SINet/S2C,camourflage_01241.jpg,0.025581184774637222
SINet/S2C,camourflage_01246.jpg,0.04637330025434494
SINet/S2C,camourflage_01248.jpg,0.04810870811343193
SINet/S2C,camourflage_01249.jpg,0.03284740820527077
