arch,name,es
SINet/S2C_MT,COD10K-CAM-1-Aquatic-1-BatFish-1.jpg,0.0256331879645586
SINet/S2C_MT,COD10K-CAM-1-Aquatic-1-BatFish-3.jpg,0.07127043604850769
SINet/S2C_MT,COD10K-CAM-1-Aquatic-1-BatFish-7.jpg,0.01778269000351429
SINet/S2C_MT,COD10K-CAM-1-Aquatic-1-BatFish-8.jpg,0.01725788228213787
SINet/S2C_MT,COD10K-CAM-1-Aquatic-1-BatFish-9.jpg,0.0604720301926136
SINet/S2C_MT,COD10K-CAM-1-Aquatic-10-LeafySeaDragon-415.jpg,0.06269471347332001
SINet/S2C_MT,COD10K-CAM-1-Aquatic-10-LeafySeaDragon-417.jpg,0.04445850849151611
SINet/S2C_MT,COD10K-CAM-1-Aquatic-10-LeafySeaDragon-418.jpg,0.033893853425979614
SINet/S2C_MT,COD10K-CAM-1-Aquatic-10-LeafySeaDragon-420.jpg,0.07943202555179596
SINet/S2C_MT,COD10K-CAM-1-Aquatic-10-LeafySeaDragon-421.jpg,0.041735708713531494
SINet/S2C_MT,COD10K-CAM-1-Aquatic-10-LeafySeaDragon-424.jpg,0.06285448372364044
SINet/S2C_MT,COD10K-CAM-1-Aquatic-10-LeafySeaDragon-425.jpg,0.039873361587524414
SINet/S2C_MT,COD10K-CAM-1-Aquatic-10-LeafySeaDragon-426.jpg,0.052585143595933914
SINet/S2C_MT,COD10K-CAM-1-Aquatic-10-LeafySeaDragon-427.jpg,0.06698933988809586
SINet/S2C_MT,COD10K-CAM-1-Aquatic-10-LeafySeaDragon-428.jpg,0.04801957309246063
SINet/S2C_MT,COD10K-CAM-1-Aquatic-11-Octopus-431.jpg,0.08102589845657349
SINet/S2C_MT,COD10K-CAM-1-Aquatic-11-Octopus-432.jpg,0.046708595007658005
SINet/S2C_MT,COD10K-CAM-1-Aquatic-11-Octopus-433.jpg,0.06143675744533539
SINet/S2C_MT,COD10K-CAM-1-Aquatic-11-Octopus-434.jpg,0.03876145929098129
SINet/S2C_MT,COD10K-CAM-1-Aquatic-11-Octopus-435.jpg,0.07092411071062088
SINet/S2C_MT,COD10K-CAM-1-Aquatic-11-Octopus-438.jpg,0.096446692943573
SINet/S2C_MT,COD10K-CAM-1-Aquatic-11-Octopus-439.jpg,0.062080204486846924
SINet/S2C_MT,COD10K-CAM-1-Aquatic-11-Octopus-440.jpg,0.06925560534000397
SINet/S2C_MT,COD10K-CAM-1-Aquatic-11-Octopus-442.jpg,0.02095203846693039
SINet/S2C_MT,COD10K-CAM-1-Aquatic-11-Octopus-443.jpg,0.078899085521698
SINet/S2C_MT,COD10K-CAM-1-Aquatic-11-Octopus-446.jpg,0.028285246342420578
SINet/S2C_MT,COD10K-CAM-1-Aquatic-11-Octopus-448.jpg,0.049057088792324066
SINet/S2C_MT,COD10K-CAM-1-Aquatic-11-Octopus-449.jpg,0.04176761582493782
SINet/S2C_MT,COD10K-CAM-1-Aquatic-11-Octopus-450.jpg,0.029631029814481735
SINet/S2C_MT,COD10K-CAM-1-Aquatic-11-Octopus-455.jpg,0.03091663494706154
SINet/S2C_MT,COD10K-CAM-1-Aquatic-11-Octopus-456.jpg,0.039385128766298294
SINet/S2C_MT,COD10K-CAM-1-Aquatic-11-Octopus-457.jpg,0.05145631730556488
SINet/S2C_MT,COD10K-CAM-1-Aquatic-11-Octopus-459.jpg,0.03722672909498215
SINet/S2C_MT,COD10K-CAM-1-Aquatic-11-Octopus-460.jpg,0.034058891236782074
SINet/S2C_MT,COD10K-CAM-1-Aquatic-11-Octopus-461.jpg,0.04220420494675636
SINet/S2C_MT,COD10K-CAM-1-Aquatic-11-Octopus-467.jpg,0.0537797212600708
SINet/S2C_MT,COD10K-CAM-1-Aquatic-11-Octopus-469.jpg,0.07324164360761642
SINet/S2C_MT,COD10K-CAM-1-Aquatic-11-Octopus-470.jpg,0.049125898629426956
SINet/S2C_MT,COD10K-CAM-1-Aquatic-12-Pagurian-475.jpg,0.030304227024316788
SINet/S2C_MT,COD10K-CAM-1-Aquatic-12-Pagurian-476.jpg,0.02445932850241661
SINet/S2C_MT,COD10K-CAM-1-Aquatic-12-Pagurian-477.jpg,0.03729493170976639
SINet/S2C_MT,COD10K-CAM-1-Aquatic-12-Pagurian-478.jpg,0.07122817635536194
SINet/S2C_MT,COD10K-CAM-1-Aquatic-12-Pagurian-479.jpg,0.06696827709674835
SINet/S2C_MT,COD10K-CAM-1-Aquatic-12-Pagurian-480.jpg,0.033608950674533844
SINet/S2C_MT,COD10K-CAM-1-Aquatic-12-Pagurian-485.jpg,0.020063307136297226
SINet/S2C_MT,COD10K-CAM-1-Aquatic-13-Pipefish-487.jpg,0.0548660084605217
SINet/S2C_MT,COD10K-CAM-1-Aquatic-13-Pipefish-489.jpg,0.1138077974319458
SINet/S2C_MT,COD10K-CAM-1-Aquatic-13-Pipefish-491.jpg,0.033167093992233276
SINet/S2C_MT,COD10K-CAM-1-Aquatic-13-Pipefish-493.jpg,0.013044357299804688
SINet/S2C_MT,COD10K-CAM-1-Aquatic-13-Pipefish-494.jpg,0.07341237366199493
SINet/S2C_MT,COD10K-CAM-1-Aquatic-13-Pipefish-495.jpg,0.028024623170495033
SINet/S2C_MT,COD10K-CAM-1-Aquatic-13-Pipefish-498.jpg,0.03856683149933815
SINet/S2C_MT,COD10K-CAM-1-Aquatic-13-Pipefish-499.jpg,0.03114665299654007
SINet/S2C_MT,COD10K-CAM-1-Aquatic-13-Pipefish-504.jpg,0.06912572681903839
SINet/S2C_MT,COD10K-CAM-1-Aquatic-13-Pipefish-505.jpg,0.04488424211740494
SINet/S2C_MT,COD10K-CAM-1-Aquatic-13-Pipefish-506.jpg,0.07540415227413177
SINet/S2C_MT,COD10K-CAM-1-Aquatic-13-Pipefish-507.jpg,0.027025073766708374
SINet/S2C_MT,COD10K-CAM-1-Aquatic-13-Pipefish-509.jpg,0.04204010218381882
SINet/S2C_MT,COD10K-CAM-1-Aquatic-13-Pipefish-511.jpg,0.03743834048509598
SINet/S2C_MT,COD10K-CAM-1-Aquatic-13-Pipefish-512.jpg,0.05172716826200485
SINet/S2C_MT,COD10K-CAM-1-Aquatic-13-Pipefish-513.jpg,0.027569826692342758
SINet/S2C_MT,COD10K-CAM-1-Aquatic-13-Pipefish-514.jpg,0.0318550206720829
SINet/S2C_MT,COD10K-CAM-1-Aquatic-13-Pipefish-516.jpg,0.03598230332136154
SINet/S2C_MT,COD10K-CAM-1-Aquatic-13-Pipefish-519.jpg,0.0333138182759285
SINet/S2C_MT,COD10K-CAM-1-Aquatic-13-Pipefish-523.jpg,0.13408136367797852
SINet/S2C_MT,COD10K-CAM-1-Aquatic-13-Pipefish-524.jpg,0.03163957595825195
SINet/S2C_MT,COD10K-CAM-1-Aquatic-13-Pipefish-525.jpg,0.04378616064786911
SINet/S2C_MT,COD10K-CAM-1-Aquatic-13-Pipefish-526.jpg,0.05427301675081253
SINet/S2C_MT,COD10K-CAM-1-Aquatic-13-Pipefish-530.jpg,0.07626968622207642
SINet/S2C_MT,COD10K-CAM-1-Aquatic-13-Pipefish-533.jpg,0.0320621095597744
SINet/S2C_MT,COD10K-CAM-1-Aquatic-13-Pipefish-538.jpg,0.044793128967285156
SINet/S2C_MT,COD10K-CAM-1-Aquatic-13-Pipefish-540.jpg,0.025967078283429146
SINet/S2C_MT,COD10K-CAM-1-Aquatic-13-Pipefish-541.jpg,0.01769264042377472
SINet/S2C_MT,COD10K-CAM-1-Aquatic-13-Pipefish-543.jpg,0.034897126257419586
SINet/S2C_MT,COD10K-CAM-1-Aquatic-13-Pipefish-545.jpg,0.03517167642712593
SINet/S2C_MT,COD10K-CAM-1-Aquatic-13-Pipefish-548.jpg,0.03476223349571228
SINet/S2C_MT,COD10K-CAM-1-Aquatic-13-Pipefish-550.jpg,0.04871569573879242
SINet/S2C_MT,COD10K-CAM-1-Aquatic-13-Pipefish-551.jpg,0.0190495066344738
SINet/S2C_MT,COD10K-CAM-1-Aquatic-13-Pipefish-552.jpg,0.04699846729636192
SINet/S2C_MT,COD10K-CAM-1-Aquatic-13-Pipefish-553.jpg,0.03221147507429123
SINet/S2C_MT,COD10K-CAM-1-Aquatic-13-Pipefish-555.jpg,0.025659503415226936
SINet/S2C_MT,COD10K-CAM-1-Aquatic-13-Pipefish-558.jpg,0.02875474840402603
SINet/S2C_MT,COD10K-CAM-1-Aquatic-13-Pipefish-561.jpg,0.03050272911787033
SINet/S2C_MT,COD10K-CAM-1-Aquatic-13-Pipefish-562.jpg,0.06842261552810669
SINet/S2C_MT,COD10K-CAM-1-Aquatic-13-Pipefish-564.jpg,0.03195805847644806
SINet/S2C_MT,COD10K-CAM-1-Aquatic-13-Pipefish-565.jpg,0.08308632671833038
SINet/S2C_MT,COD10K-CAM-1-Aquatic-13-Pipefish-569.jpg,0.08409199118614197
SINet/S2C_MT,COD10K-CAM-1-Aquatic-13-Pipefish-572.jpg,0.022986670956015587
SINet/S2C_MT,COD10K-CAM-1-Aquatic-13-Pipefish-574.jpg,0.030460219830274582
SINet/S2C_MT,COD10K-CAM-1-Aquatic-13-Pipefish-575.jpg,0.043863821774721146
SINet/S2C_MT,COD10K-CAM-1-Aquatic-13-Pipefish-578.jpg,0.040547989308834076
SINet/S2C_MT,COD10K-CAM-1-Aquatic-13-Pipefish-581.jpg,0.09670209884643555
SINet/S2C_MT,COD10K-CAM-1-Aquatic-13-Pipefish-584.jpg,0.10019581019878387
SINet/S2C_MT,COD10K-CAM-1-Aquatic-13-Pipefish-586.jpg,0.035763103514909744
SINet/S2C_MT,COD10K-CAM-1-Aquatic-13-Pipefish-587.jpg,0.054878830909729004
SINet/S2C_MT,COD10K-CAM-1-Aquatic-13-Pipefish-589.jpg,0.055438071489334106
SINet/S2C_MT,COD10K-CAM-1-Aquatic-13-Pipefish-592.jpg,0.03520640730857849
SINet/S2C_MT,COD10K-CAM-1-Aquatic-13-Pipefish-593.jpg,0.037046026438474655
SINet/S2C_MT,COD10K-CAM-1-Aquatic-13-Pipefish-594.jpg,0.03907468169927597
SINet/S2C_MT,COD10K-CAM-1-Aquatic-13-Pipefish-595.jpg,0.03542328625917435
SINet/S2C_MT,COD10K-CAM-1-Aquatic-13-Pipefish-596.jpg,0.038552720099687576
SINet/S2C_MT,COD10K-CAM-1-Aquatic-13-Pipefish-598.jpg,0.05249110609292984
SINet/S2C_MT,COD10K-CAM-1-Aquatic-13-Pipefish-601.jpg,0.04772922396659851
SINet/S2C_MT,COD10K-CAM-1-Aquatic-13-Pipefish-603.jpg,0.04454963281750679
SINet/S2C_MT,COD10K-CAM-1-Aquatic-13-Pipefish-604.jpg,0.029229044914245605
SINet/S2C_MT,COD10K-CAM-1-Aquatic-13-Pipefish-605.jpg,0.03899828717112541
SINet/S2C_MT,COD10K-CAM-1-Aquatic-13-Pipefish-606.jpg,0.055147141218185425
SINet/S2C_MT,COD10K-CAM-1-Aquatic-13-Pipefish-607.jpg,0.1341167390346527
SINet/S2C_MT,COD10K-CAM-1-Aquatic-13-Pipefish-610.jpg,0.03982280567288399
SINet/S2C_MT,COD10K-CAM-1-Aquatic-13-Pipefish-611.jpg,0.19143466651439667
SINet/S2C_MT,COD10K-CAM-1-Aquatic-13-Pipefish-612.jpg,0.05730191618204117
SINet/S2C_MT,COD10K-CAM-1-Aquatic-13-Pipefish-613.jpg,0.05399636551737785
SINet/S2C_MT,COD10K-CAM-1-Aquatic-13-Pipefish-615.jpg,0.09700644761323929
SINet/S2C_MT,COD10K-CAM-1-Aquatic-13-Pipefish-617.jpg,0.053927574306726456
SINet/S2C_MT,COD10K-CAM-1-Aquatic-13-Pipefish-618.jpg,0.06828884035348892
SINet/S2C_MT,COD10K-CAM-1-Aquatic-13-Pipefish-619.jpg,0.03790924325585365
SINet/S2C_MT,COD10K-CAM-1-Aquatic-13-Pipefish-624.jpg,0.022275356575846672
SINet/S2C_MT,COD10K-CAM-1-Aquatic-13-Pipefish-626.jpg,0.043838128447532654
SINet/S2C_MT,COD10K-CAM-1-Aquatic-13-Pipefish-627.jpg,0.09188418835401535
SINet/S2C_MT,COD10K-CAM-1-Aquatic-13-Pipefish-628.jpg,0.02885325625538826
SINet/S2C_MT,COD10K-CAM-1-Aquatic-13-Pipefish-632.jpg,0.026827100664377213
SINet/S2C_MT,COD10K-CAM-1-Aquatic-13-Pipefish-633.jpg,0.03582927584648132
SINet/S2C_MT,COD10K-CAM-1-Aquatic-13-Pipefish-634.jpg,0.05545319616794586
SINet/S2C_MT,COD10K-CAM-1-Aquatic-13-Pipefish-638.jpg,0.01920221373438835
SINet/S2C_MT,COD10K-CAM-1-Aquatic-13-Pipefish-641.jpg,0.020909089595079422
SINet/S2C_MT,COD10K-CAM-1-Aquatic-13-Pipefish-643.jpg,0.0532832145690918
SINet/S2C_MT,COD10K-CAM-1-Aquatic-13-Pipefish-645.jpg,0.07475826889276505
SINet/S2C_MT,COD10K-CAM-1-Aquatic-13-Pipefish-646.jpg,0.07857160270214081
SINet/S2C_MT,COD10K-CAM-1-Aquatic-13-Pipefish-647.jpg,0.03176947683095932
SINet/S2C_MT,COD10K-CAM-1-Aquatic-13-Pipefish-648.jpg,0.043609362095594406
SINet/S2C_MT,COD10K-CAM-1-Aquatic-13-Pipefish-650.jpg,0.025852054357528687
SINet/S2C_MT,COD10K-CAM-1-Aquatic-13-Pipefish-651.jpg,0.023007286712527275
SINet/S2C_MT,COD10K-CAM-1-Aquatic-13-Pipefish-653.jpg,0.0810985192656517
SINet/S2C_MT,COD10K-CAM-1-Aquatic-13-Pipefish-654.jpg,0.0839492678642273
SINet/S2C_MT,COD10K-CAM-1-Aquatic-13-Pipefish-656.jpg,0.04223327338695526
SINet/S2C_MT,COD10K-CAM-1-Aquatic-13-Pipefish-657.jpg,0.06662683188915253
SINet/S2C_MT,COD10K-CAM-1-Aquatic-13-Pipefish-658.jpg,0.12231245636940002
SINet/S2C_MT,COD10K-CAM-1-Aquatic-13-Pipefish-659.jpg,0.05989421159029007
SINet/S2C_MT,COD10K-CAM-1-Aquatic-13-Pipefish-660.jpg,0.06449063867330551
SINet/S2C_MT,COD10K-CAM-1-Aquatic-13-Pipefish-663.jpg,0.03229198604822159
SINet/S2C_MT,COD10K-CAM-1-Aquatic-13-Pipefish-665.jpg,0.05804847180843353
SINet/S2C_MT,COD10K-CAM-1-Aquatic-13-Pipefish-666.jpg,0.05211640149354935
SINet/S2C_MT,COD10K-CAM-1-Aquatic-13-Pipefish-670.jpg,0.022639736533164978
SINet/S2C_MT,COD10K-CAM-1-Aquatic-13-Pipefish-671.jpg,0.03098822385072708
SINet/S2C_MT,COD10K-CAM-1-Aquatic-13-Pipefish-672.jpg,0.024442272260785103
SINet/S2C_MT,COD10K-CAM-1-Aquatic-13-Pipefish-673.jpg,0.02143247053027153
SINet/S2C_MT,COD10K-CAM-1-Aquatic-13-Pipefish-674.jpg,0.035279206931591034
SINet/S2C_MT,COD10K-CAM-1-Aquatic-13-Pipefish-675.jpg,0.06704612821340561
SINet/S2C_MT,COD10K-CAM-1-Aquatic-13-Pipefish-677.jpg,0.03011792153120041
SINet/S2C_MT,COD10K-CAM-1-Aquatic-13-Pipefish-678.jpg,0.14190895855426788
SINet/S2C_MT,COD10K-CAM-1-Aquatic-13-Pipefish-680.jpg,0.026457954198122025
SINet/S2C_MT,COD10K-CAM-1-Aquatic-13-Pipefish-682.jpg,0.02097368985414505
SINet/S2C_MT,COD10K-CAM-1-Aquatic-13-Pipefish-687.jpg,0.026754721999168396
SINet/S2C_MT,COD10K-CAM-1-Aquatic-13-Pipefish-690.jpg,0.04477351903915405
SINet/S2C_MT,COD10K-CAM-1-Aquatic-13-Pipefish-692.jpg,0.09183962643146515
SINet/S2C_MT,COD10K-CAM-1-Aquatic-13-Pipefish-694.jpg,0.052827946841716766
SINet/S2C_MT,COD10K-CAM-1-Aquatic-13-Pipefish-695.jpg,0.1917996108531952
SINet/S2C_MT,COD10K-CAM-1-Aquatic-13-Pipefish-697.jpg,0.028800182044506073
SINet/S2C_MT,COD10K-CAM-1-Aquatic-13-Pipefish-698.jpg,0.026845313608646393
SINet/S2C_MT,COD10K-CAM-1-Aquatic-13-Pipefish-699.jpg,0.07861292362213135
SINet/S2C_MT,COD10K-CAM-1-Aquatic-13-Pipefish-700.jpg,0.0739869773387909
SINet/S2C_MT,COD10K-CAM-1-Aquatic-13-Pipefish-701.jpg,0.034153878688812256
SINet/S2C_MT,COD10K-CAM-1-Aquatic-13-Pipefish-702.jpg,0.0505286306142807
SINet/S2C_MT,COD10K-CAM-1-Aquatic-13-Pipefish-703.jpg,0.06129002571105957
SINet/S2C_MT,COD10K-CAM-1-Aquatic-13-Pipefish-704.jpg,0.04248473420739174
SINet/S2C_MT,COD10K-CAM-1-Aquatic-13-Pipefish-706.jpg,0.032127853482961655
SINet/S2C_MT,COD10K-CAM-1-Aquatic-13-Pipefish-708.jpg,0.03748372197151184
SINet/S2C_MT,COD10K-CAM-1-Aquatic-13-Pipefish-710.jpg,0.04368782415986061
SINet/S2C_MT,COD10K-CAM-1-Aquatic-13-Pipefish-711.jpg,0.021201513707637787
SINet/S2C_MT,COD10K-CAM-1-Aquatic-13-Pipefish-712.jpg,0.06629572808742523
SINet/S2C_MT,COD10K-CAM-1-Aquatic-13-Pipefish-714.jpg,0.0828012079000473
SINet/S2C_MT,COD10K-CAM-1-Aquatic-13-Pipefish-715.jpg,0.02477526292204857
SINet/S2C_MT,COD10K-CAM-1-Aquatic-13-Pipefish-716.jpg,0.04593989998102188
SINet/S2C_MT,COD10K-CAM-1-Aquatic-13-Pipefish-718.jpg,0.04065651074051857
SINet/S2C_MT,COD10K-CAM-1-Aquatic-13-Pipefish-719.jpg,0.033863019198179245
SINet/S2C_MT,COD10K-CAM-1-Aquatic-13-Pipefish-720.jpg,0.03691466525197029
SINet/S2C_MT,COD10K-CAM-1-Aquatic-13-Pipefish-722.jpg,0.08010372519493103
SINet/S2C_MT,COD10K-CAM-1-Aquatic-13-Pipefish-723.jpg,0.07892060279846191
SINet/S2C_MT,COD10K-CAM-1-Aquatic-13-Pipefish-724.jpg,0.02921849489212036
SINet/S2C_MT,COD10K-CAM-1-Aquatic-13-Pipefish-725.jpg,0.08104515075683594
SINet/S2C_MT,COD10K-CAM-1-Aquatic-13-Pipefish-727.jpg,0.10658403486013412
SINet/S2C_MT,COD10K-CAM-1-Aquatic-13-Pipefish-731.jpg,0.07157920300960541
SINet/S2C_MT,COD10K-CAM-1-Aquatic-13-Pipefish-733.jpg,0.029189586639404297
SINet/S2C_MT,COD10K-CAM-1-Aquatic-13-Pipefish-734.jpg,0.1505410075187683
SINet/S2C_MT,COD10K-CAM-1-Aquatic-13-Pipefish-735.jpg,0.08546938002109528
SINet/S2C_MT,COD10K-CAM-1-Aquatic-13-Pipefish-737.jpg,0.07472915947437286
SINet/S2C_MT,COD10K-CAM-1-Aquatic-13-Pipefish-738.jpg,0.03349592909216881
SINet/S2C_MT,COD10K-CAM-1-Aquatic-13-Pipefish-739.jpg,0.097885861992836
SINet/S2C_MT,COD10K-CAM-1-Aquatic-13-Pipefish-740.jpg,0.09911458194255829
SINet/S2C_MT,COD10K-CAM-1-Aquatic-13-Pipefish-741.jpg,0.0376146174967289
SINet/S2C_MT,COD10K-CAM-1-Aquatic-13-Pipefish-742.jpg,0.07133007049560547
SINet/S2C_MT,COD10K-CAM-1-Aquatic-13-Pipefish-743.jpg,0.06448231637477875
SINet/S2C_MT,COD10K-CAM-1-Aquatic-13-Pipefish-744.jpg,0.0714346244931221
SINet/S2C_MT,COD10K-CAM-1-Aquatic-13-Pipefish-745.jpg,0.03792239725589752
SINet/S2C_MT,COD10K-CAM-1-Aquatic-13-Pipefish-746.jpg,0.026115305721759796
SINet/S2C_MT,COD10K-CAM-1-Aquatic-13-Pipefish-747.jpg,0.05911865830421448
SINet/S2C_MT,COD10K-CAM-1-Aquatic-13-Pipefish-751.jpg,0.07033120095729828
SINet/S2C_MT,COD10K-CAM-1-Aquatic-13-Pipefish-753.jpg,0.06835173070430756
SINet/S2C_MT,COD10K-CAM-1-Aquatic-13-Pipefish-754.jpg,0.0573582798242569
SINet/S2C_MT,COD10K-CAM-1-Aquatic-13-Pipefish-755.jpg,0.07230216264724731
SINet/S2C_MT,COD10K-CAM-1-Aquatic-13-Pipefish-756.jpg,0.06525696069002151
SINet/S2C_MT,COD10K-CAM-1-Aquatic-13-Pipefish-757.jpg,0.04126223176717758
SINet/S2C_MT,COD10K-CAM-1-Aquatic-13-Pipefish-758.jpg,0.04545795917510986
SINet/S2C_MT,COD10K-CAM-1-Aquatic-13-Pipefish-760.jpg,0.025890514254570007
SINet/S2C_MT,COD10K-CAM-1-Aquatic-13-Pipefish-761.jpg,0.03461438789963722
SINet/S2C_MT,COD10K-CAM-1-Aquatic-13-Pipefish-762.jpg,0.056856200098991394
SINet/S2C_MT,COD10K-CAM-1-Aquatic-13-Pipefish-763.jpg,0.025487376376986504
SINet/S2C_MT,COD10K-CAM-1-Aquatic-13-Pipefish-764.jpg,0.06886518746614456
SINet/S2C_MT,COD10K-CAM-1-Aquatic-13-Pipefish-765.jpg,0.061092227697372437
SINet/S2C_MT,COD10K-CAM-1-Aquatic-13-Pipefish-766.jpg,0.03960851579904556
SINet/S2C_MT,COD10K-CAM-1-Aquatic-13-Pipefish-767.jpg,0.030170921236276627
SINet/S2C_MT,COD10K-CAM-1-Aquatic-13-Pipefish-768.jpg,0.02416885644197464
SINet/S2C_MT,COD10K-CAM-1-Aquatic-13-Pipefish-770.jpg,0.035852670669555664
SINet/S2C_MT,COD10K-CAM-1-Aquatic-13-Pipefish-771.jpg,0.010152262635529041
SINet/S2C_MT,COD10K-CAM-1-Aquatic-13-Pipefish-773.jpg,0.008371944539248943
SINet/S2C_MT,COD10K-CAM-1-Aquatic-13-Pipefish-775.jpg,0.03898932784795761
SINet/S2C_MT,COD10K-CAM-1-Aquatic-13-Pipefish-778.jpg,0.04716997593641281
SINet/S2C_MT,COD10K-CAM-1-Aquatic-13-Pipefish-779.jpg,0.12009754031896591
SINet/S2C_MT,COD10K-CAM-1-Aquatic-13-Pipefish-780.jpg,0.0633414015173912
SINet/S2C_MT,COD10K-CAM-1-Aquatic-13-Pipefish-782.jpg,0.05042655020952225
SINet/S2C_MT,COD10K-CAM-1-Aquatic-13-Pipefish-783.jpg,0.10092540830373764
SINet/S2C_MT,COD10K-CAM-1-Aquatic-13-Pipefish-784.jpg,0.027418136596679688
SINet/S2C_MT,COD10K-CAM-1-Aquatic-13-Pipefish-785.jpg,0.06049118936061859
SINet/S2C_MT,COD10K-CAM-1-Aquatic-13-Pipefish-786.jpg,0.0314168706536293
SINet/S2C_MT,COD10K-CAM-1-Aquatic-13-Pipefish-787.jpg,0.023742930963635445
SINet/S2C_MT,COD10K-CAM-1-Aquatic-13-Pipefish-790.jpg,0.03977233171463013
SINet/S2C_MT,COD10K-CAM-1-Aquatic-13-Pipefish-791.jpg,0.05209093540906906
SINet/S2C_MT,COD10K-CAM-1-Aquatic-13-Pipefish-792.jpg,0.06561172008514404
SINet/S2C_MT,COD10K-CAM-1-Aquatic-13-Pipefish-793.jpg,0.13788241147994995
SINet/S2C_MT,COD10K-CAM-1-Aquatic-13-Pipefish-794.jpg,0.031690891832113266
SINet/S2C_MT,COD10K-CAM-1-Aquatic-13-Pipefish-796.jpg,0.018711606040596962
SINet/S2C_MT,COD10K-CAM-1-Aquatic-13-Pipefish-797.jpg,0.059112004935741425
SINet/S2C_MT,COD10K-CAM-1-Aquatic-13-Pipefish-798.jpg,0.033525727689266205
SINet/S2C_MT,COD10K-CAM-1-Aquatic-13-Pipefish-799.jpg,0.06097301095724106
SINet/S2C_MT,COD10K-CAM-1-Aquatic-13-Pipefish-801.jpg,0.024076541885733604
SINet/S2C_MT,COD10K-CAM-1-Aquatic-13-Pipefish-802.jpg,0.03867941349744797
SINet/S2C_MT,COD10K-CAM-1-Aquatic-13-Pipefish-803.jpg,0.06868669390678406
SINet/S2C_MT,COD10K-CAM-1-Aquatic-13-Pipefish-805.jpg,0.04940424859523773
SINet/S2C_MT,COD10K-CAM-1-Aquatic-13-Pipefish-806.jpg,0.059887245297431946
SINet/S2C_MT,COD10K-CAM-1-Aquatic-13-Pipefish-808.jpg,0.07144995033740997
SINet/S2C_MT,COD10K-CAM-1-Aquatic-13-Pipefish-809.jpg,0.04160331189632416
SINet/S2C_MT,COD10K-CAM-1-Aquatic-13-Pipefish-811.jpg,0.058411963284015656
SINet/S2C_MT,COD10K-CAM-1-Aquatic-13-Pipefish-812.jpg,0.06472209841012955
SINet/S2C_MT,COD10K-CAM-1-Aquatic-13-Pipefish-814.jpg,0.05395566672086716
SINet/S2C_MT,COD10K-CAM-1-Aquatic-13-Pipefish-815.jpg,0.04714203253388405
SINet/S2C_MT,COD10K-CAM-1-Aquatic-13-Pipefish-816.jpg,0.03508111089468002
SINet/S2C_MT,COD10K-CAM-1-Aquatic-13-Pipefish-817.jpg,0.037762466818094254
SINet/S2C_MT,COD10K-CAM-1-Aquatic-13-Pipefish-819.jpg,0.016671648249030113
SINet/S2C_MT,COD10K-CAM-1-Aquatic-13-Pipefish-820.jpg,0.03895213454961777
SINet/S2C_MT,COD10K-CAM-1-Aquatic-13-Pipefish-821.jpg,0.03495834395289421
SINet/S2C_MT,COD10K-CAM-1-Aquatic-13-Pipefish-822.jpg,0.04132227972149849
SINet/S2C_MT,COD10K-CAM-1-Aquatic-13-Pipefish-823.jpg,0.04396563768386841
SINet/S2C_MT,COD10K-CAM-1-Aquatic-13-Pipefish-824.jpg,0.07367604225873947
SINet/S2C_MT,COD10K-CAM-1-Aquatic-13-Pipefish-825.jpg,0.09291498363018036
SINet/S2C_MT,COD10K-CAM-1-Aquatic-13-Pipefish-827.jpg,0.04588479921221733
SINet/S2C_MT,COD10K-CAM-1-Aquatic-13-Pipefish-828.jpg,0.06712444871664047
SINet/S2C_MT,COD10K-CAM-1-Aquatic-13-Pipefish-829.jpg,0.0776309221982956
SINet/S2C_MT,COD10K-CAM-1-Aquatic-13-Pipefish-831.jpg,0.04822492599487305
SINet/S2C_MT,COD10K-CAM-1-Aquatic-13-Pipefish-834.jpg,0.012682517059147358
SINet/S2C_MT,COD10K-CAM-1-Aquatic-13-Pipefish-838.jpg,0.0680435448884964
SINet/S2C_MT,COD10K-CAM-1-Aquatic-13-Pipefish-839.jpg,0.027240797877311707
SINet/S2C_MT,COD10K-CAM-1-Aquatic-13-Pipefish-840.jpg,0.04986921325325966
SINet/S2C_MT,COD10K-CAM-1-Aquatic-14-ScorpionFish-846.jpg,0.054232507944107056
SINet/S2C_MT,COD10K-CAM-1-Aquatic-14-ScorpionFish-847.jpg,0.06436502933502197
SINet/S2C_MT,COD10K-CAM-1-Aquatic-14-ScorpionFish-849.jpg,0.049114763736724854
SINet/S2C_MT,COD10K-CAM-1-Aquatic-14-ScorpionFish-851.jpg,0.04827743023633957
SINet/S2C_MT,COD10K-CAM-1-Aquatic-14-ScorpionFish-852.jpg,0.030181925743818283
SINet/S2C_MT,COD10K-CAM-1-Aquatic-14-ScorpionFish-856.jpg,0.04504728689789772
SINet/S2C_MT,COD10K-CAM-1-Aquatic-14-ScorpionFish-857.jpg,0.025176813825964928
SINet/S2C_MT,COD10K-CAM-1-Aquatic-14-ScorpionFish-859.jpg,0.037222668528556824
SINet/S2C_MT,COD10K-CAM-1-Aquatic-14-ScorpionFish-860.jpg,0.06780146807432175
SINet/S2C_MT,COD10K-CAM-1-Aquatic-14-ScorpionFish-861.jpg,0.06339782476425171
SINet/S2C_MT,COD10K-CAM-1-Aquatic-14-ScorpionFish-864.jpg,0.04968889057636261
SINet/S2C_MT,COD10K-CAM-1-Aquatic-14-ScorpionFish-866.jpg,0.026440709829330444
SINet/S2C_MT,COD10K-CAM-1-Aquatic-14-ScorpionFish-870.jpg,0.08586342632770538
SINet/S2C_MT,COD10K-CAM-1-Aquatic-14-ScorpionFish-871.jpg,0.024751456454396248
SINet/S2C_MT,COD10K-CAM-1-Aquatic-14-ScorpionFish-875.jpg,0.07874436676502228
SINet/S2C_MT,COD10K-CAM-1-Aquatic-14-ScorpionFish-876.jpg,0.04791596531867981
SINet/S2C_MT,COD10K-CAM-1-Aquatic-14-ScorpionFish-877.jpg,0.04032925143837929
SINet/S2C_MT,COD10K-CAM-1-Aquatic-14-ScorpionFish-878.jpg,0.03779946267604828
SINet/S2C_MT,COD10K-CAM-1-Aquatic-14-ScorpionFish-880.jpg,0.13139456510543823
SINet/S2C_MT,COD10K-CAM-1-Aquatic-14-ScorpionFish-882.jpg,0.05723673105239868
SINet/S2C_MT,COD10K-CAM-1-Aquatic-14-ScorpionFish-885.jpg,0.07639582455158234
SINet/S2C_MT,COD10K-CAM-1-Aquatic-14-ScorpionFish-886.jpg,0.05941233038902283
SINet/S2C_MT,COD10K-CAM-1-Aquatic-14-ScorpionFish-887.jpg,0.025709889829158783
SINet/S2C_MT,COD10K-CAM-1-Aquatic-14-ScorpionFish-888.jpg,0.03369380533695221
SINet/S2C_MT,COD10K-CAM-1-Aquatic-14-ScorpionFish-890.jpg,0.06369872391223907
SINet/S2C_MT,COD10K-CAM-1-Aquatic-14-ScorpionFish-893.jpg,0.04412277787923813
SINet/S2C_MT,COD10K-CAM-1-Aquatic-14-ScorpionFish-894.jpg,0.07994300127029419
SINet/S2C_MT,COD10K-CAM-1-Aquatic-14-ScorpionFish-895.jpg,0.053834088146686554
SINet/S2C_MT,COD10K-CAM-1-Aquatic-14-ScorpionFish-902.jpg,0.029774826020002365
SINet/S2C_MT,COD10K-CAM-1-Aquatic-14-ScorpionFish-903.jpg,0.08446995913982391
SINet/S2C_MT,COD10K-CAM-1-Aquatic-14-ScorpionFish-904.jpg,0.10100839287042618
SINet/S2C_MT,COD10K-CAM-1-Aquatic-14-ScorpionFish-905.jpg,0.03213480859994888
SINet/S2C_MT,COD10K-CAM-1-Aquatic-14-ScorpionFish-908.jpg,0.03860330581665039
SINet/S2C_MT,COD10K-CAM-1-Aquatic-14-ScorpionFish-909.jpg,0.08028092235326767
SINet/S2C_MT,COD10K-CAM-1-Aquatic-14-ScorpionFish-910.jpg,0.06731215119361877
SINet/S2C_MT,COD10K-CAM-1-Aquatic-14-ScorpionFish-912.jpg,0.03766823932528496
SINet/S2C_MT,COD10K-CAM-1-Aquatic-14-ScorpionFish-913.jpg,0.10281862318515778
SINet/S2C_MT,COD10K-CAM-1-Aquatic-14-ScorpionFish-914.jpg,0.04319782927632332
SINet/S2C_MT,COD10K-CAM-1-Aquatic-14-ScorpionFish-916.jpg,0.03444719314575195
SINet/S2C_MT,COD10K-CAM-1-Aquatic-14-ScorpionFish-917.jpg,0.04475359991192818
SINet/S2C_MT,COD10K-CAM-1-Aquatic-14-ScorpionFish-920.jpg,0.05409754440188408
SINet/S2C_MT,COD10K-CAM-1-Aquatic-14-ScorpionFish-921.jpg,0.06154586002230644
SINet/S2C_MT,COD10K-CAM-1-Aquatic-14-ScorpionFish-922.jpg,0.0515945702791214
SINet/S2C_MT,COD10K-CAM-1-Aquatic-14-ScorpionFish-923.jpg,0.07367542386054993
SINet/S2C_MT,COD10K-CAM-1-Aquatic-14-ScorpionFish-924.jpg,0.05958826094865799
SINet/S2C_MT,COD10K-CAM-1-Aquatic-14-ScorpionFish-925.jpg,0.04850730672478676
SINet/S2C_MT,COD10K-CAM-1-Aquatic-14-ScorpionFish-927.jpg,0.10245250910520554
SINet/S2C_MT,COD10K-CAM-1-Aquatic-14-ScorpionFish-929.jpg,0.03801466524600983
SINet/S2C_MT,COD10K-CAM-1-Aquatic-14-ScorpionFish-931.jpg,0.048659685999155045
SINet/S2C_MT,COD10K-CAM-1-Aquatic-14-ScorpionFish-932.jpg,0.07159283012151718
SINet/S2C_MT,COD10K-CAM-1-Aquatic-14-ScorpionFish-933.jpg,0.069114089012146
SINet/S2C_MT,COD10K-CAM-1-Aquatic-14-ScorpionFish-937.jpg,0.023366805166006088
SINet/S2C_MT,COD10K-CAM-1-Aquatic-14-ScorpionFish-938.jpg,0.03808513283729553
SINet/S2C_MT,COD10K-CAM-1-Aquatic-14-ScorpionFish-941.jpg,0.06061582267284393
SINet/S2C_MT,COD10K-CAM-1-Aquatic-14-ScorpionFish-942.jpg,0.04320245608687401
SINet/S2C_MT,COD10K-CAM-1-Aquatic-14-ScorpionFish-944.jpg,0.04446634650230408
SINet/S2C_MT,COD10K-CAM-1-Aquatic-14-ScorpionFish-946.jpg,0.0838281512260437
SINet/S2C_MT,COD10K-CAM-1-Aquatic-14-ScorpionFish-947.jpg,0.061033524572849274
SINet/S2C_MT,COD10K-CAM-1-Aquatic-14-ScorpionFish-948.jpg,0.07980694621801376
SINet/S2C_MT,COD10K-CAM-1-Aquatic-14-ScorpionFish-949.jpg,0.04309196025133133
SINet/S2C_MT,COD10K-CAM-1-Aquatic-14-ScorpionFish-951.jpg,0.07075563073158264
SINet/S2C_MT,COD10K-CAM-1-Aquatic-14-ScorpionFish-952.jpg,0.07004808634519577
SINet/S2C_MT,COD10K-CAM-1-Aquatic-14-ScorpionFish-953.jpg,0.03741975128650665
SINet/S2C_MT,COD10K-CAM-1-Aquatic-14-ScorpionFish-955.jpg,0.06479570269584656
SINet/S2C_MT,COD10K-CAM-1-Aquatic-14-ScorpionFish-956.jpg,0.05773090571165085
SINet/S2C_MT,COD10K-CAM-1-Aquatic-14-ScorpionFish-957.jpg,0.018418539315462112
SINet/S2C_MT,COD10K-CAM-1-Aquatic-14-ScorpionFish-958.jpg,0.057821400463581085
SINet/S2C_MT,COD10K-CAM-1-Aquatic-15-SeaHorse-1000.jpg,0.03714233636856079
SINet/S2C_MT,COD10K-CAM-1-Aquatic-15-SeaHorse-1001.jpg,0.038766540586948395
SINet/S2C_MT,COD10K-CAM-1-Aquatic-15-SeaHorse-1005.jpg,0.0741865336894989
SINet/S2C_MT,COD10K-CAM-1-Aquatic-15-SeaHorse-1007.jpg,0.0734596848487854
SINet/S2C_MT,COD10K-CAM-1-Aquatic-15-SeaHorse-1008.jpg,0.10548239201307297
SINet/S2C_MT,COD10K-CAM-1-Aquatic-15-SeaHorse-1009.jpg,0.02411041408777237
SINet/S2C_MT,COD10K-CAM-1-Aquatic-15-SeaHorse-1011.jpg,0.01644771546125412
SINet/S2C_MT,COD10K-CAM-1-Aquatic-15-SeaHorse-1016.jpg,0.09866288304328918
SINet/S2C_MT,COD10K-CAM-1-Aquatic-15-SeaHorse-1017.jpg,0.048833027482032776
SINet/S2C_MT,COD10K-CAM-1-Aquatic-15-SeaHorse-1018.jpg,0.039394646883010864
SINet/S2C_MT,COD10K-CAM-1-Aquatic-15-SeaHorse-1019.jpg,0.026442401111125946
SINet/S2C_MT,COD10K-CAM-1-Aquatic-15-SeaHorse-1020.jpg,0.041899457573890686
SINet/S2C_MT,COD10K-CAM-1-Aquatic-15-SeaHorse-1021.jpg,0.04262034222483635
SINet/S2C_MT,COD10K-CAM-1-Aquatic-15-SeaHorse-1024.jpg,0.04725352302193642
SINet/S2C_MT,COD10K-CAM-1-Aquatic-15-SeaHorse-1025.jpg,0.03220159187912941
SINet/S2C_MT,COD10K-CAM-1-Aquatic-15-SeaHorse-1026.jpg,0.07297204434871674
SINet/S2C_MT,COD10K-CAM-1-Aquatic-15-SeaHorse-1027.jpg,0.028671499341726303
SINet/S2C_MT,COD10K-CAM-1-Aquatic-15-SeaHorse-1028.jpg,0.04091045260429382
SINet/S2C_MT,COD10K-CAM-1-Aquatic-15-SeaHorse-1029.jpg,0.052309371531009674
SINet/S2C_MT,COD10K-CAM-1-Aquatic-15-SeaHorse-1030.jpg,0.058145150542259216
SINet/S2C_MT,COD10K-CAM-1-Aquatic-15-SeaHorse-1031.jpg,0.06502124667167664
SINet/S2C_MT,COD10K-CAM-1-Aquatic-15-SeaHorse-1033.jpg,0.023403935134410858
SINet/S2C_MT,COD10K-CAM-1-Aquatic-15-SeaHorse-1034.jpg,0.055324018001556396
SINet/S2C_MT,COD10K-CAM-1-Aquatic-15-SeaHorse-1036.jpg,0.05491466820240021
SINet/S2C_MT,COD10K-CAM-1-Aquatic-15-SeaHorse-1037.jpg,0.03914971277117729
SINet/S2C_MT,COD10K-CAM-1-Aquatic-15-SeaHorse-1038.jpg,0.026636196300387383
SINet/S2C_MT,COD10K-CAM-1-Aquatic-15-SeaHorse-1039.jpg,0.05821290612220764
SINet/S2C_MT,COD10K-CAM-1-Aquatic-15-SeaHorse-1040.jpg,0.08731196820735931
SINet/S2C_MT,COD10K-CAM-1-Aquatic-15-SeaHorse-1041.jpg,0.09608350694179535
SINet/S2C_MT,COD10K-CAM-1-Aquatic-15-SeaHorse-1042.jpg,0.03671969845890999
SINet/S2C_MT,COD10K-CAM-1-Aquatic-15-SeaHorse-1045.jpg,0.055152107030153275
SINet/S2C_MT,COD10K-CAM-1-Aquatic-15-SeaHorse-1046.jpg,0.05522174388170242
SINet/S2C_MT,COD10K-CAM-1-Aquatic-15-SeaHorse-1049.jpg,0.028423886746168137
SINet/S2C_MT,COD10K-CAM-1-Aquatic-15-SeaHorse-1050.jpg,0.07972642034292221
SINet/S2C_MT,COD10K-CAM-1-Aquatic-15-SeaHorse-1051.jpg,0.024638762697577477
SINet/S2C_MT,COD10K-CAM-1-Aquatic-15-SeaHorse-1053.jpg,0.0320616215467453
SINet/S2C_MT,COD10K-CAM-1-Aquatic-15-SeaHorse-1054.jpg,0.11889676749706268
SINet/S2C_MT,COD10K-CAM-1-Aquatic-15-SeaHorse-1055.jpg,0.07493831217288971
SINet/S2C_MT,COD10K-CAM-1-Aquatic-15-SeaHorse-1056.jpg,0.08145935833454132
SINet/S2C_MT,COD10K-CAM-1-Aquatic-15-SeaHorse-1058.jpg,0.02503073215484619
SINet/S2C_MT,COD10K-CAM-1-Aquatic-15-SeaHorse-1059.jpg,0.09196737408638
SINet/S2C_MT,COD10K-CAM-1-Aquatic-15-SeaHorse-1060.jpg,0.07869906723499298
SINet/S2C_MT,COD10K-CAM-1-Aquatic-15-SeaHorse-1061.jpg,0.03616158664226532
SINet/S2C_MT,COD10K-CAM-1-Aquatic-15-SeaHorse-1062.jpg,0.047085121273994446
SINet/S2C_MT,COD10K-CAM-1-Aquatic-15-SeaHorse-1064.jpg,0.030725494027137756
SINet/S2C_MT,COD10K-CAM-1-Aquatic-15-SeaHorse-1065.jpg,0.04889311641454697
SINet/S2C_MT,COD10K-CAM-1-Aquatic-15-SeaHorse-1068.jpg,0.02794775366783142
SINet/S2C_MT,COD10K-CAM-1-Aquatic-15-SeaHorse-1072.jpg,0.07342119514942169
SINet/S2C_MT,COD10K-CAM-1-Aquatic-15-SeaHorse-1073.jpg,0.11422696709632874
SINet/S2C_MT,COD10K-CAM-1-Aquatic-15-SeaHorse-1075.jpg,0.043803513050079346
SINet/S2C_MT,COD10K-CAM-1-Aquatic-15-SeaHorse-1077.jpg,0.06714566797018051
SINet/S2C_MT,COD10K-CAM-1-Aquatic-15-SeaHorse-1079.jpg,0.06215265393257141
SINet/S2C_MT,COD10K-CAM-1-Aquatic-15-SeaHorse-1080.jpg,0.03379069268703461
SINet/S2C_MT,COD10K-CAM-1-Aquatic-15-SeaHorse-1081.jpg,0.09217362105846405
SINet/S2C_MT,COD10K-CAM-1-Aquatic-15-SeaHorse-1082.jpg,0.08965533971786499
SINet/S2C_MT,COD10K-CAM-1-Aquatic-15-SeaHorse-1084.jpg,0.06589122116565704
SINet/S2C_MT,COD10K-CAM-1-Aquatic-15-SeaHorse-1087.jpg,0.05316496640443802
SINet/S2C_MT,COD10K-CAM-1-Aquatic-15-SeaHorse-1089.jpg,0.039269983768463135
SINet/S2C_MT,COD10K-CAM-1-Aquatic-15-SeaHorse-1090.jpg,0.07491780817508698
SINet/S2C_MT,COD10K-CAM-1-Aquatic-15-SeaHorse-1091.jpg,0.05167494714260101
SINet/S2C_MT,COD10K-CAM-1-Aquatic-15-SeaHorse-1093.jpg,0.07281133532524109
SINet/S2C_MT,COD10K-CAM-1-Aquatic-15-SeaHorse-1094.jpg,0.038721971213817596
SINet/S2C_MT,COD10K-CAM-1-Aquatic-15-SeaHorse-1095.jpg,0.03671368584036827
SINet/S2C_MT,COD10K-CAM-1-Aquatic-15-SeaHorse-1097.jpg,0.04651892930269241
SINet/S2C_MT,COD10K-CAM-1-Aquatic-15-SeaHorse-1098.jpg,0.04257560148835182
SINet/S2C_MT,COD10K-CAM-1-Aquatic-15-SeaHorse-1100.jpg,0.03780445456504822
SINet/S2C_MT,COD10K-CAM-1-Aquatic-15-SeaHorse-1101.jpg,0.05487363040447235
SINet/S2C_MT,COD10K-CAM-1-Aquatic-15-SeaHorse-1102.jpg,0.03258144110441208
SINet/S2C_MT,COD10K-CAM-1-Aquatic-15-SeaHorse-1103.jpg,0.07339620590209961
SINet/S2C_MT,COD10K-CAM-1-Aquatic-15-SeaHorse-1104.jpg,0.04321546107530594
SINet/S2C_MT,COD10K-CAM-1-Aquatic-15-SeaHorse-1106.jpg,0.035105008631944656
SINet/S2C_MT,COD10K-CAM-1-Aquatic-15-SeaHorse-1107.jpg,0.045889586210250854
SINet/S2C_MT,COD10K-CAM-1-Aquatic-15-SeaHorse-1108.jpg,0.12826892733573914
SINet/S2C_MT,COD10K-CAM-1-Aquatic-15-SeaHorse-1111.jpg,0.14128004014492035
SINet/S2C_MT,COD10K-CAM-1-Aquatic-15-SeaHorse-1112.jpg,0.05972675234079361
SINet/S2C_MT,COD10K-CAM-1-Aquatic-15-SeaHorse-959.jpg,0.05347009748220444
SINet/S2C_MT,COD10K-CAM-1-Aquatic-15-SeaHorse-960.jpg,0.09257152676582336
SINet/S2C_MT,COD10K-CAM-1-Aquatic-15-SeaHorse-961.jpg,0.031863734126091
SINet/S2C_MT,COD10K-CAM-1-Aquatic-15-SeaHorse-964.jpg,0.06241532787680626
SINet/S2C_MT,COD10K-CAM-1-Aquatic-15-SeaHorse-965.jpg,0.056034743785858154
SINet/S2C_MT,COD10K-CAM-1-Aquatic-15-SeaHorse-967.jpg,0.09525837749242783
SINet/S2C_MT,COD10K-CAM-1-Aquatic-15-SeaHorse-968.jpg,0.08238580077886581
SINet/S2C_MT,COD10K-CAM-1-Aquatic-15-SeaHorse-969.jpg,0.05689393728971481
SINet/S2C_MT,COD10K-CAM-1-Aquatic-15-SeaHorse-970.jpg,0.07027948647737503
SINet/S2C_MT,COD10K-CAM-1-Aquatic-15-SeaHorse-971.jpg,0.06946830451488495
SINet/S2C_MT,COD10K-CAM-1-Aquatic-15-SeaHorse-973.jpg,0.08521800488233566
SINet/S2C_MT,COD10K-CAM-1-Aquatic-15-SeaHorse-974.jpg,0.07472279667854309
SINet/S2C_MT,COD10K-CAM-1-Aquatic-15-SeaHorse-975.jpg,0.05880197882652283
SINet/S2C_MT,COD10K-CAM-1-Aquatic-15-SeaHorse-976.jpg,0.0430440753698349
SINet/S2C_MT,COD10K-CAM-1-Aquatic-15-SeaHorse-979.jpg,0.039270732551813126
SINet/S2C_MT,COD10K-CAM-1-Aquatic-15-SeaHorse-982.jpg,0.0716576874256134
SINet/S2C_MT,COD10K-CAM-1-Aquatic-15-SeaHorse-985.jpg,0.14736995100975037
SINet/S2C_MT,COD10K-CAM-1-Aquatic-15-SeaHorse-987.jpg,0.05991368368268013
SINet/S2C_MT,COD10K-CAM-1-Aquatic-15-SeaHorse-988.jpg,0.03874937444925308
SINet/S2C_MT,COD10K-CAM-1-Aquatic-15-SeaHorse-991.jpg,0.04135875403881073
SINet/S2C_MT,COD10K-CAM-1-Aquatic-15-SeaHorse-993.jpg,0.049767181277275085
SINet/S2C_MT,COD10K-CAM-1-Aquatic-15-SeaHorse-994.jpg,0.06714269518852234
SINet/S2C_MT,COD10K-CAM-1-Aquatic-15-SeaHorse-995.jpg,0.05518012493848801
SINet/S2C_MT,COD10K-CAM-1-Aquatic-15-SeaHorse-998.jpg,0.06055543199181557
SINet/S2C_MT,COD10K-CAM-1-Aquatic-16-Shrimp-1113.jpg,0.10207156836986542
SINet/S2C_MT,COD10K-CAM-1-Aquatic-16-Shrimp-1114.jpg,0.028148023411631584
SINet/S2C_MT,COD10K-CAM-1-Aquatic-16-Shrimp-1118.jpg,0.11359213292598724
SINet/S2C_MT,COD10K-CAM-1-Aquatic-16-Shrimp-1122.jpg,0.029603715986013412
SINet/S2C_MT,COD10K-CAM-1-Aquatic-16-Shrimp-1124.jpg,0.05824648588895798
SINet/S2C_MT,COD10K-CAM-1-Aquatic-16-Shrimp-1125.jpg,0.05889128893613815
SINet/S2C_MT,COD10K-CAM-1-Aquatic-16-Shrimp-1126.jpg,0.07147480547428131
SINet/S2C_MT,COD10K-CAM-1-Aquatic-16-Shrimp-1127.jpg,0.1286182552576065
SINet/S2C_MT,COD10K-CAM-1-Aquatic-16-Shrimp-1129.jpg,0.04725160822272301
SINet/S2C_MT,COD10K-CAM-1-Aquatic-16-Shrimp-1131.jpg,0.055059321224689484
SINet/S2C_MT,COD10K-CAM-1-Aquatic-16-Shrimp-1132.jpg,0.015119402669370174
SINet/S2C_MT,COD10K-CAM-1-Aquatic-16-Shrimp-1133.jpg,0.07782218605279922
SINet/S2C_MT,COD10K-CAM-1-Aquatic-16-Shrimp-1134.jpg,0.050606876611709595
SINet/S2C_MT,COD10K-CAM-1-Aquatic-16-Shrimp-1135.jpg,0.031373824924230576
SINet/S2C_MT,COD10K-CAM-1-Aquatic-16-Shrimp-1136.jpg,0.031959742307662964
SINet/S2C_MT,COD10K-CAM-1-Aquatic-16-Shrimp-1137.jpg,0.04964502900838852
SINet/S2C_MT,COD10K-CAM-1-Aquatic-16-Shrimp-1138.jpg,0.03681279718875885
SINet/S2C_MT,COD10K-CAM-1-Aquatic-16-Shrimp-1139.jpg,0.023872360587120056
SINet/S2C_MT,COD10K-CAM-1-Aquatic-16-Shrimp-1141.jpg,0.022569188848137856
SINet/S2C_MT,COD10K-CAM-1-Aquatic-16-Shrimp-1143.jpg,0.023651987314224243
SINet/S2C_MT,COD10K-CAM-1-Aquatic-16-Shrimp-1144.jpg,0.01696939952671528
SINet/S2C_MT,COD10K-CAM-1-Aquatic-16-Shrimp-1146.jpg,0.07340303063392639
SINet/S2C_MT,COD10K-CAM-1-Aquatic-16-Shrimp-1147.jpg,0.04175452142953873
SINet/S2C_MT,COD10K-CAM-1-Aquatic-17-Slug-1148.jpg,0.07016359269618988
SINet/S2C_MT,COD10K-CAM-1-Aquatic-17-Slug-1150.jpg,0.09633410722017288
SINet/S2C_MT,COD10K-CAM-1-Aquatic-17-Slug-1152.jpg,0.0580216608941555
SINet/S2C_MT,COD10K-CAM-1-Aquatic-18-StarFish-1153.jpg,0.044482551515102386
SINet/S2C_MT,COD10K-CAM-1-Aquatic-18-StarFish-1154.jpg,0.013734462670981884
SINet/S2C_MT,COD10K-CAM-1-Aquatic-18-StarFish-1155.jpg,0.01306106522679329
SINet/S2C_MT,COD10K-CAM-1-Aquatic-18-StarFish-1156.jpg,0.05801676586270332
SINet/S2C_MT,COD10K-CAM-1-Aquatic-18-StarFish-1157.jpg,0.06303362548351288
SINet/S2C_MT,COD10K-CAM-1-Aquatic-18-StarFish-1158.jpg,0.06799665838479996
SINet/S2C_MT,COD10K-CAM-1-Aquatic-18-StarFish-1159.jpg,0.02564290352165699
SINet/S2C_MT,COD10K-CAM-1-Aquatic-18-StarFish-1160.jpg,0.07014714926481247
SINet/S2C_MT,COD10K-CAM-1-Aquatic-18-StarFish-1163.jpg,0.03762521594762802
SINet/S2C_MT,COD10K-CAM-1-Aquatic-18-StarFish-1165.jpg,0.03918611630797386
SINet/S2C_MT,COD10K-CAM-1-Aquatic-18-StarFish-1166.jpg,0.05150461941957474
SINet/S2C_MT,COD10K-CAM-1-Aquatic-18-StarFish-1167.jpg,0.05095473676919937
SINet/S2C_MT,COD10K-CAM-1-Aquatic-18-StarFish-1168.jpg,0.012303737923502922
SINet/S2C_MT,COD10K-CAM-1-Aquatic-18-StarFish-1169.jpg,0.033427994698286057
SINet/S2C_MT,COD10K-CAM-1-Aquatic-18-StarFish-1170.jpg,0.01949271187186241
SINet/S2C_MT,COD10K-CAM-1-Aquatic-18-StarFish-1172.jpg,0.020874861627817154
SINet/S2C_MT,COD10K-CAM-1-Aquatic-18-StarFish-1174.jpg,0.03977208584547043
SINet/S2C_MT,COD10K-CAM-1-Aquatic-18-StarFish-1175.jpg,0.03759592026472092
SINet/S2C_MT,COD10K-CAM-1-Aquatic-18-StarFish-1176.jpg,0.024961568415164948
SINet/S2C_MT,COD10K-CAM-1-Aquatic-18-StarFish-1179.jpg,0.0377996563911438
SINet/S2C_MT,COD10K-CAM-1-Aquatic-18-StarFish-1180.jpg,0.028776399791240692
SINet/S2C_MT,COD10K-CAM-1-Aquatic-18-StarFish-1182.jpg,0.04108694940805435
SINet/S2C_MT,COD10K-CAM-1-Aquatic-18-StarFish-1184.jpg,0.03253134340047836
SINet/S2C_MT,COD10K-CAM-1-Aquatic-19-Stingaree-1185.jpg,0.05621688812971115
SINet/S2C_MT,COD10K-CAM-1-Aquatic-19-Stingaree-1187.jpg,0.022365069016814232
SINet/S2C_MT,COD10K-CAM-1-Aquatic-19-Stingaree-1188.jpg,0.041526563465595245
SINet/S2C_MT,COD10K-CAM-1-Aquatic-19-Stingaree-1189.jpg,0.027391403913497925
SINet/S2C_MT,COD10K-CAM-1-Aquatic-19-Stingaree-1193.jpg,0.04919092357158661
SINet/S2C_MT,COD10K-CAM-1-Aquatic-19-Stingaree-1194.jpg,0.017077798023819923
SINet/S2C_MT,COD10K-CAM-1-Aquatic-19-Stingaree-1195.jpg,0.03032519482076168
SINet/S2C_MT,COD10K-CAM-1-Aquatic-19-Stingaree-1196.jpg,0.039393290877342224
SINet/S2C_MT,COD10K-CAM-1-Aquatic-19-Stingaree-1199.jpg,0.04625184088945389
SINet/S2C_MT,COD10K-CAM-1-Aquatic-19-Stingaree-1200.jpg,0.04693274945020676
SINet/S2C_MT,COD10K-CAM-1-Aquatic-19-Stingaree-1201.jpg,0.057341478765010834
SINet/S2C_MT,COD10K-CAM-1-Aquatic-19-Stingaree-1202.jpg,0.03360972926020622
SINet/S2C_MT,COD10K-CAM-1-Aquatic-19-Stingaree-1205.jpg,0.02697492018342018
SINet/S2C_MT,COD10K-CAM-1-Aquatic-19-Stingaree-1206.jpg,0.0196986123919487
SINet/S2C_MT,COD10K-CAM-1-Aquatic-2-ClownFish-12.jpg,0.12441401928663254
SINet/S2C_MT,COD10K-CAM-1-Aquatic-2-ClownFish-14.jpg,0.10528790205717087
SINet/S2C_MT,COD10K-CAM-1-Aquatic-2-ClownFish-16.jpg,0.032973818480968475
SINet/S2C_MT,COD10K-CAM-1-Aquatic-2-ClownFish-17.jpg,0.04650513082742691
SINet/S2C_MT,COD10K-CAM-1-Aquatic-20-Turtle-1208.jpg,0.0369722954928875
SINet/S2C_MT,COD10K-CAM-1-Aquatic-20-Turtle-1209.jpg,0.029519042000174522
SINet/S2C_MT,COD10K-CAM-1-Aquatic-20-Turtle-1210.jpg,0.09593917429447174
SINet/S2C_MT,COD10K-CAM-1-Aquatic-20-Turtle-1211.jpg,0.022331828251481056
SINet/S2C_MT,COD10K-CAM-1-Aquatic-20-Turtle-1212.jpg,0.05370430648326874
SINet/S2C_MT,COD10K-CAM-1-Aquatic-20-Turtle-1213.jpg,0.022125862538814545
SINet/S2C_MT,COD10K-CAM-1-Aquatic-20-Turtle-1214.jpg,0.05605446547269821
SINet/S2C_MT,COD10K-CAM-1-Aquatic-20-Turtle-1215.jpg,0.062354810535907745
SINet/S2C_MT,COD10K-CAM-1-Aquatic-20-Turtle-1216.jpg,0.027214592322707176
SINet/S2C_MT,COD10K-CAM-1-Aquatic-20-Turtle-1217.jpg,0.015424716286361217
SINet/S2C_MT,COD10K-CAM-1-Aquatic-20-Turtle-1218.jpg,0.036515843123197556
SINet/S2C_MT,COD10K-CAM-1-Aquatic-20-Turtle-1219.jpg,0.03772756829857826
SINet/S2C_MT,COD10K-CAM-1-Aquatic-20-Turtle-1220.jpg,0.03778323531150818
SINet/S2C_MT,COD10K-CAM-1-Aquatic-20-Turtle-1222.jpg,0.03377281501889229
SINet/S2C_MT,COD10K-CAM-1-Aquatic-20-Turtle-1223.jpg,0.05527862161397934
SINet/S2C_MT,COD10K-CAM-1-Aquatic-20-Turtle-1226.jpg,0.02178308181464672
SINet/S2C_MT,COD10K-CAM-1-Aquatic-20-Turtle-1227.jpg,0.037950389087200165
SINet/S2C_MT,COD10K-CAM-1-Aquatic-20-Turtle-1228.jpg,0.05576418340206146
SINet/S2C_MT,COD10K-CAM-1-Aquatic-20-Turtle-1229.jpg,0.05141394957900047
SINet/S2C_MT,COD10K-CAM-1-Aquatic-20-Turtle-1230.jpg,0.014293069019913673
SINet/S2C_MT,COD10K-CAM-1-Aquatic-20-Turtle-1232.jpg,0.027824562042951584
SINet/S2C_MT,COD10K-CAM-1-Aquatic-3-Crab-100.jpg,0.025049196556210518
SINet/S2C_MT,COD10K-CAM-1-Aquatic-3-Crab-19.jpg,0.03700549155473709
SINet/S2C_MT,COD10K-CAM-1-Aquatic-3-Crab-20.jpg,0.049036405980587006
SINet/S2C_MT,COD10K-CAM-1-Aquatic-3-Crab-21.jpg,0.02120056003332138
SINet/S2C_MT,COD10K-CAM-1-Aquatic-3-Crab-22.jpg,0.009046278893947601
SINet/S2C_MT,COD10K-CAM-1-Aquatic-3-Crab-25.jpg,0.02622760459780693
SINet/S2C_MT,COD10K-CAM-1-Aquatic-3-Crab-26.jpg,0.030813569203019142
SINet/S2C_MT,COD10K-CAM-1-Aquatic-3-Crab-27.jpg,0.02450997568666935
SINet/S2C_MT,COD10K-CAM-1-Aquatic-3-Crab-28.jpg,0.052438944578170776
SINet/S2C_MT,COD10K-CAM-1-Aquatic-3-Crab-29.jpg,0.015553167089819908
SINet/S2C_MT,COD10K-CAM-1-Aquatic-3-Crab-32.jpg,0.011310718953609467
SINet/S2C_MT,COD10K-CAM-1-Aquatic-3-Crab-36.jpg,0.029085390269756317
SINet/S2C_MT,COD10K-CAM-1-Aquatic-3-Crab-41.jpg,0.013497474603354931
SINet/S2C_MT,COD10K-CAM-1-Aquatic-3-Crab-42.jpg,0.07768848538398743
SINet/S2C_MT,COD10K-CAM-1-Aquatic-3-Crab-44.jpg,0.05050164833664894
SINet/S2C_MT,COD10K-CAM-1-Aquatic-3-Crab-47.jpg,0.049570873379707336
SINet/S2C_MT,COD10K-CAM-1-Aquatic-3-Crab-48.jpg,0.023104455322027206
SINet/S2C_MT,COD10K-CAM-1-Aquatic-3-Crab-49.jpg,0.030888285487890244
SINet/S2C_MT,COD10K-CAM-1-Aquatic-3-Crab-51.jpg,0.023565351963043213
SINet/S2C_MT,COD10K-CAM-1-Aquatic-3-Crab-52.jpg,0.024124179035425186
SINet/S2C_MT,COD10K-CAM-1-Aquatic-3-Crab-53.jpg,0.009736593812704086
SINet/S2C_MT,COD10K-CAM-1-Aquatic-3-Crab-55.jpg,0.026881221681833267
SINet/S2C_MT,COD10K-CAM-1-Aquatic-3-Crab-56.jpg,0.012968101538717747
SINet/S2C_MT,COD10K-CAM-1-Aquatic-3-Crab-57.jpg,0.0297841876745224
SINet/S2C_MT,COD10K-CAM-1-Aquatic-3-Crab-59.jpg,0.03838153928518295
SINet/S2C_MT,COD10K-CAM-1-Aquatic-3-Crab-60.jpg,0.017124487087130547
SINet/S2C_MT,COD10K-CAM-1-Aquatic-3-Crab-61.jpg,0.014256714843213558
SINet/S2C_MT,COD10K-CAM-1-Aquatic-3-Crab-63.jpg,0.0146715696901083
SINet/S2C_MT,COD10K-CAM-1-Aquatic-3-Crab-64.jpg,0.014716116711497307
SINet/S2C_MT,COD10K-CAM-1-Aquatic-3-Crab-66.jpg,0.03859768062829971
SINet/S2C_MT,COD10K-CAM-1-Aquatic-3-Crab-68.jpg,0.029118873178958893
SINet/S2C_MT,COD10K-CAM-1-Aquatic-3-Crab-69.jpg,0.024567384272813797
SINet/S2C_MT,COD10K-CAM-1-Aquatic-3-Crab-70.jpg,0.023119105026125908
SINet/S2C_MT,COD10K-CAM-1-Aquatic-3-Crab-72.jpg,0.05117179453372955
SINet/S2C_MT,COD10K-CAM-1-Aquatic-3-Crab-74.jpg,0.026458878070116043
SINet/S2C_MT,COD10K-CAM-1-Aquatic-3-Crab-75.jpg,0.007890567183494568
SINet/S2C_MT,COD10K-CAM-1-Aquatic-3-Crab-76.jpg,0.01567467674612999
SINet/S2C_MT,COD10K-CAM-1-Aquatic-3-Crab-77.jpg,0.03212187811732292
SINet/S2C_MT,COD10K-CAM-1-Aquatic-3-Crab-78.jpg,0.02117484249174595
SINet/S2C_MT,COD10K-CAM-1-Aquatic-3-Crab-79.jpg,0.013892783783376217
SINet/S2C_MT,COD10K-CAM-1-Aquatic-3-Crab-80.jpg,0.05613814294338226
SINet/S2C_MT,COD10K-CAM-1-Aquatic-3-Crab-81.jpg,0.020266788080334663
SINet/S2C_MT,COD10K-CAM-1-Aquatic-3-Crab-82.jpg,0.013174970634281635
SINet/S2C_MT,COD10K-CAM-1-Aquatic-3-Crab-83.jpg,0.06089019030332565
SINet/S2C_MT,COD10K-CAM-1-Aquatic-3-Crab-84.jpg,0.05692623555660248
SINet/S2C_MT,COD10K-CAM-1-Aquatic-3-Crab-85.jpg,0.03805641829967499
SINet/S2C_MT,COD10K-CAM-1-Aquatic-3-Crab-90.jpg,0.057729147374629974
SINet/S2C_MT,COD10K-CAM-1-Aquatic-3-Crab-91.jpg,0.017292678356170654
SINet/S2C_MT,COD10K-CAM-1-Aquatic-3-Crab-92.jpg,0.03536411374807358
SINet/S2C_MT,COD10K-CAM-1-Aquatic-3-Crab-94.jpg,0.046562835574150085
SINet/S2C_MT,COD10K-CAM-1-Aquatic-3-Crab-95.jpg,0.10271715372800827
SINet/S2C_MT,COD10K-CAM-1-Aquatic-3-Crab-97.jpg,0.1207931637763977
SINet/S2C_MT,COD10K-CAM-1-Aquatic-3-Crab-98.jpg,0.09406925737857819
SINet/S2C_MT,COD10K-CAM-1-Aquatic-4-Crocodile-101.jpg,0.08493853360414505
SINet/S2C_MT,COD10K-CAM-1-Aquatic-4-Crocodile-102.jpg,0.04445372149348259
SINet/S2C_MT,COD10K-CAM-1-Aquatic-4-Crocodile-103.jpg,0.019944816827774048
SINet/S2C_MT,COD10K-CAM-1-Aquatic-4-Crocodile-104.jpg,0.050858162343502045
SINet/S2C_MT,COD10K-CAM-1-Aquatic-4-Crocodile-106.jpg,0.01513000763952732
SINet/S2C_MT,COD10K-CAM-1-Aquatic-4-Crocodile-107.jpg,0.01635703071951866
SINet/S2C_MT,COD10K-CAM-1-Aquatic-4-Crocodile-108.jpg,0.04000741243362427
SINet/S2C_MT,COD10K-CAM-1-Aquatic-4-Crocodile-109.jpg,0.015060819685459137
SINet/S2C_MT,COD10K-CAM-1-Aquatic-4-Crocodile-111.jpg,0.06456896662712097
SINet/S2C_MT,COD10K-CAM-1-Aquatic-4-Crocodile-112.jpg,0.051640257239341736
SINet/S2C_MT,COD10K-CAM-1-Aquatic-4-Crocodile-113.jpg,0.018836207687854767
SINet/S2C_MT,COD10K-CAM-1-Aquatic-4-Crocodile-116.jpg,0.010178979486227036
SINet/S2C_MT,COD10K-CAM-1-Aquatic-4-Crocodile-117.jpg,0.08115953207015991
SINet/S2C_MT,COD10K-CAM-1-Aquatic-4-Crocodile-120.jpg,0.017082972452044487
SINet/S2C_MT,COD10K-CAM-1-Aquatic-4-Crocodile-121.jpg,0.015296991914510727
SINet/S2C_MT,COD10K-CAM-1-Aquatic-4-Crocodile-122.jpg,0.03616299852728844
SINet/S2C_MT,COD10K-CAM-1-Aquatic-4-Crocodile-124.jpg,0.015478298999369144
SINet/S2C_MT,COD10K-CAM-1-Aquatic-5-CrocodileFish-127.jpg,0.08161137998104095
SINet/S2C_MT,COD10K-CAM-1-Aquatic-5-CrocodileFish-128.jpg,0.08712731301784515
SINet/S2C_MT,COD10K-CAM-1-Aquatic-5-CrocodileFish-129.jpg,0.04277610778808594
SINet/S2C_MT,COD10K-CAM-1-Aquatic-5-CrocodileFish-130.jpg,0.03662405163049698
SINet/S2C_MT,COD10K-CAM-1-Aquatic-6-Fish-132.jpg,0.046964336186647415
SINet/S2C_MT,COD10K-CAM-1-Aquatic-6-Fish-133.jpg,0.04748595505952835
SINet/S2C_MT,COD10K-CAM-1-Aquatic-6-Fish-137.jpg,0.0361684188246727
SINet/S2C_MT,COD10K-CAM-1-Aquatic-6-Fish-140.jpg,0.030579952523112297
SINet/S2C_MT,COD10K-CAM-1-Aquatic-6-Fish-141.jpg,0.09785228967666626
SINet/S2C_MT,COD10K-CAM-1-Aquatic-6-Fish-142.jpg,0.08937224745750427
SINet/S2C_MT,COD10K-CAM-1-Aquatic-6-Fish-144.jpg,0.03609752655029297
SINet/S2C_MT,COD10K-CAM-1-Aquatic-6-Fish-145.jpg,0.03008858487010002
SINet/S2C_MT,COD10K-CAM-1-Aquatic-6-Fish-146.jpg,0.022351687774062157
SINet/S2C_MT,COD10K-CAM-1-Aquatic-6-Fish-147.jpg,0.06475260108709335
SINet/S2C_MT,COD10K-CAM-1-Aquatic-6-Fish-148.jpg,0.019909117370843887
SINet/S2C_MT,COD10K-CAM-1-Aquatic-6-Fish-151.jpg,0.03778513893485069
SINet/S2C_MT,COD10K-CAM-1-Aquatic-6-Fish-152.jpg,0.03543694689869881
SINet/S2C_MT,COD10K-CAM-1-Aquatic-6-Fish-153.jpg,0.05079147592186928
SINet/S2C_MT,COD10K-CAM-1-Aquatic-6-Fish-154.jpg,0.04382725805044174
SINet/S2C_MT,COD10K-CAM-1-Aquatic-6-Fish-156.jpg,0.03726908564567566
SINet/S2C_MT,COD10K-CAM-1-Aquatic-6-Fish-158.jpg,0.08382253348827362
SINet/S2C_MT,COD10K-CAM-1-Aquatic-6-Fish-161.jpg,0.03861937299370766
SINet/S2C_MT,COD10K-CAM-1-Aquatic-6-Fish-164.jpg,0.06457259505987167
SINet/S2C_MT,COD10K-CAM-1-Aquatic-6-Fish-165.jpg,0.043398160487413406
SINet/S2C_MT,COD10K-CAM-1-Aquatic-6-Fish-166.jpg,0.07794427871704102
SINet/S2C_MT,COD10K-CAM-1-Aquatic-6-Fish-167.jpg,0.05949721112847328
SINet/S2C_MT,COD10K-CAM-1-Aquatic-6-Fish-169.jpg,0.02222270332276821
SINet/S2C_MT,COD10K-CAM-1-Aquatic-6-Fish-170.jpg,0.06924072653055191
SINet/S2C_MT,COD10K-CAM-1-Aquatic-6-Fish-172.jpg,0.029339805245399475
SINet/S2C_MT,COD10K-CAM-1-Aquatic-6-Fish-173.jpg,0.07252802699804306
SINet/S2C_MT,COD10K-CAM-1-Aquatic-6-Fish-175.jpg,0.03775324672460556
SINet/S2C_MT,COD10K-CAM-1-Aquatic-6-Fish-176.jpg,0.100006103515625
SINet/S2C_MT,COD10K-CAM-1-Aquatic-6-Fish-177.jpg,0.014282483607530594
SINet/S2C_MT,COD10K-CAM-1-Aquatic-6-Fish-178.jpg,0.07671626657247543
SINet/S2C_MT,COD10K-CAM-1-Aquatic-6-Fish-179.jpg,0.08329252898693085
SINet/S2C_MT,COD10K-CAM-1-Aquatic-6-Fish-180.jpg,0.02220023423433304
SINet/S2C_MT,COD10K-CAM-1-Aquatic-6-Fish-181.jpg,0.03829790651798248
SINet/S2C_MT,COD10K-CAM-1-Aquatic-6-Fish-182.jpg,0.046804480254650116
SINet/S2C_MT,COD10K-CAM-1-Aquatic-6-Fish-184.jpg,0.06332027912139893
SINet/S2C_MT,COD10K-CAM-1-Aquatic-6-Fish-185.jpg,0.043536022305488586
SINet/S2C_MT,COD10K-CAM-1-Aquatic-6-Fish-187.jpg,0.06670428812503815
SINet/S2C_MT,COD10K-CAM-1-Aquatic-6-Fish-188.jpg,0.04236754775047302
SINet/S2C_MT,COD10K-CAM-1-Aquatic-6-Fish-192.jpg,0.04872937500476837
SINet/S2C_MT,COD10K-CAM-1-Aquatic-6-Fish-194.jpg,0.08820352703332901
SINet/S2C_MT,COD10K-CAM-1-Aquatic-6-Fish-195.jpg,0.030444413423538208
SINet/S2C_MT,COD10K-CAM-1-Aquatic-6-Fish-198.jpg,0.050421252846717834
SINet/S2C_MT,COD10K-CAM-1-Aquatic-6-Fish-199.jpg,0.048343636095523834
SINet/S2C_MT,COD10K-CAM-1-Aquatic-6-Fish-200.jpg,0.020010046660900116
SINet/S2C_MT,COD10K-CAM-1-Aquatic-6-Fish-201.jpg,0.028231335803866386
SINet/S2C_MT,COD10K-CAM-1-Aquatic-6-Fish-202.jpg,0.07492035627365112
SINet/S2C_MT,COD10K-CAM-1-Aquatic-6-Fish-205.jpg,0.06172860413789749
SINet/S2C_MT,COD10K-CAM-1-Aquatic-6-Fish-206.jpg,0.022523440420627594
SINet/S2C_MT,COD10K-CAM-1-Aquatic-6-Fish-208.jpg,0.023203304037451744
SINet/S2C_MT,COD10K-CAM-1-Aquatic-6-Fish-209.jpg,0.03515862673521042
SINet/S2C_MT,COD10K-CAM-1-Aquatic-6-Fish-210.jpg,0.02742048166692257
SINet/S2C_MT,COD10K-CAM-1-Aquatic-6-Fish-211.jpg,0.02444421499967575
SINet/S2C_MT,COD10K-CAM-1-Aquatic-6-Fish-212.jpg,0.048826951533555984
SINet/S2C_MT,COD10K-CAM-1-Aquatic-6-Fish-213.jpg,0.033584147691726685
SINet/S2C_MT,COD10K-CAM-1-Aquatic-6-Fish-214.jpg,0.02910737693309784
SINet/S2C_MT,COD10K-CAM-1-Aquatic-6-Fish-216.jpg,0.03201901167631149
SINet/S2C_MT,COD10K-CAM-1-Aquatic-6-Fish-217.jpg,0.021200863644480705
SINet/S2C_MT,COD10K-CAM-1-Aquatic-6-Fish-223.jpg,0.04159362614154816
SINet/S2C_MT,COD10K-CAM-1-Aquatic-6-Fish-226.jpg,0.025963686406612396
SINet/S2C_MT,COD10K-CAM-1-Aquatic-6-Fish-229.jpg,0.029765285551548004
SINet/S2C_MT,COD10K-CAM-1-Aquatic-6-Fish-232.jpg,0.04031114652752876
SINet/S2C_MT,COD10K-CAM-1-Aquatic-6-Fish-233.jpg,0.030166592448949814
SINet/S2C_MT,COD10K-CAM-1-Aquatic-6-Fish-234.jpg,0.04890589416027069
SINet/S2C_MT,COD10K-CAM-1-Aquatic-6-Fish-236.jpg,0.019361454993486404
SINet/S2C_MT,COD10K-CAM-1-Aquatic-6-Fish-237.jpg,0.0308956578373909
SINet/S2C_MT,COD10K-CAM-1-Aquatic-6-Fish-238.jpg,0.02560640126466751
SINet/S2C_MT,COD10K-CAM-1-Aquatic-6-Fish-239.jpg,0.023912450298666954
SINet/S2C_MT,COD10K-CAM-1-Aquatic-6-Fish-240.jpg,0.04002157971262932
SINet/S2C_MT,COD10K-CAM-1-Aquatic-6-Fish-241.jpg,0.05785561352968216
SINet/S2C_MT,COD10K-CAM-1-Aquatic-6-Fish-244.jpg,0.10823920369148254
SINet/S2C_MT,COD10K-CAM-1-Aquatic-7-Flounder-251.jpg,0.08611364662647247
SINet/S2C_MT,COD10K-CAM-1-Aquatic-7-Flounder-252.jpg,0.032625794410705566
SINet/S2C_MT,COD10K-CAM-1-Aquatic-7-Flounder-255.jpg,0.04459989815950394
SINet/S2C_MT,COD10K-CAM-1-Aquatic-7-Flounder-256.jpg,0.03871484473347664
SINet/S2C_MT,COD10K-CAM-1-Aquatic-7-Flounder-257.jpg,0.09758678078651428
SINet/S2C_MT,COD10K-CAM-1-Aquatic-7-Flounder-260.jpg,0.03833388537168503
SINet/S2C_MT,COD10K-CAM-1-Aquatic-7-Flounder-261.jpg,0.03313141316175461
SINet/S2C_MT,COD10K-CAM-1-Aquatic-7-Flounder-263.jpg,0.05307166278362274
SINet/S2C_MT,COD10K-CAM-1-Aquatic-7-Flounder-265.jpg,0.04339414834976196
SINet/S2C_MT,COD10K-CAM-1-Aquatic-7-Flounder-267.jpg,0.048947349190711975
SINet/S2C_MT,COD10K-CAM-1-Aquatic-7-Flounder-268.jpg,0.05608826130628586
SINet/S2C_MT,COD10K-CAM-1-Aquatic-7-Flounder-269.jpg,0.04161135107278824
SINet/S2C_MT,COD10K-CAM-1-Aquatic-7-Flounder-271.jpg,0.0239296555519104
SINet/S2C_MT,COD10K-CAM-1-Aquatic-7-Flounder-273.jpg,0.024547936394810677
SINet/S2C_MT,COD10K-CAM-1-Aquatic-7-Flounder-274.jpg,0.03461766988039017
SINet/S2C_MT,COD10K-CAM-1-Aquatic-7-Flounder-275.jpg,0.0832904502749443
SINet/S2C_MT,COD10K-CAM-1-Aquatic-7-Flounder-276.jpg,0.03195183724164963
SINet/S2C_MT,COD10K-CAM-1-Aquatic-7-Flounder-278.jpg,0.03432956337928772
SINet/S2C_MT,COD10K-CAM-1-Aquatic-7-Flounder-279.jpg,0.02499697171151638
SINet/S2C_MT,COD10K-CAM-1-Aquatic-7-Flounder-280.jpg,0.0310458242893219
SINet/S2C_MT,COD10K-CAM-1-Aquatic-7-Flounder-281.jpg,0.039892490953207016
SINet/S2C_MT,COD10K-CAM-1-Aquatic-7-Flounder-282.jpg,0.02993805706501007
SINet/S2C_MT,COD10K-CAM-1-Aquatic-7-Flounder-285.jpg,0.02598424069583416
SINet/S2C_MT,COD10K-CAM-1-Aquatic-7-Flounder-288.jpg,0.09340746700763702
SINet/S2C_MT,COD10K-CAM-1-Aquatic-8-FrogFish-293.jpg,0.03267579898238182
SINet/S2C_MT,COD10K-CAM-1-Aquatic-8-FrogFish-294.jpg,0.03634565323591232
SINet/S2C_MT,COD10K-CAM-1-Aquatic-8-FrogFish-298.jpg,0.03534119203686714
SINet/S2C_MT,COD10K-CAM-1-Aquatic-8-FrogFish-300.jpg,0.03538215160369873
SINet/S2C_MT,COD10K-CAM-1-Aquatic-8-FrogFish-301.jpg,0.06950675696134567
SINet/S2C_MT,COD10K-CAM-1-Aquatic-8-FrogFish-302.jpg,0.033978041261434555
SINet/S2C_MT,COD10K-CAM-1-Aquatic-8-FrogFish-304.jpg,0.030319608747959137
SINet/S2C_MT,COD10K-CAM-1-Aquatic-9-GhostPipefish-308.jpg,0.04780128598213196
SINet/S2C_MT,COD10K-CAM-1-Aquatic-9-GhostPipefish-310.jpg,0.10330848395824432
SINet/S2C_MT,COD10K-CAM-1-Aquatic-9-GhostPipefish-311.jpg,0.038818858563899994
SINet/S2C_MT,COD10K-CAM-1-Aquatic-9-GhostPipefish-313.jpg,0.060736969113349915
SINet/S2C_MT,COD10K-CAM-1-Aquatic-9-GhostPipefish-314.jpg,0.14312979578971863
SINet/S2C_MT,COD10K-CAM-1-Aquatic-9-GhostPipefish-316.jpg,0.048774734139442444
SINet/S2C_MT,COD10K-CAM-1-Aquatic-9-GhostPipefish-317.jpg,0.06127079203724861
SINet/S2C_MT,COD10K-CAM-1-Aquatic-9-GhostPipefish-319.jpg,0.06388434767723083
SINet/S2C_MT,COD10K-CAM-1-Aquatic-9-GhostPipefish-320.jpg,0.05564039945602417
SINet/S2C_MT,COD10K-CAM-1-Aquatic-9-GhostPipefish-321.jpg,0.02872089482843876
SINet/S2C_MT,COD10K-CAM-1-Aquatic-9-GhostPipefish-324.jpg,0.10705946385860443
SINet/S2C_MT,COD10K-CAM-1-Aquatic-9-GhostPipefish-325.jpg,0.04188613221049309
SINet/S2C_MT,COD10K-CAM-1-Aquatic-9-GhostPipefish-328.jpg,0.050402767956256866
SINet/S2C_MT,COD10K-CAM-1-Aquatic-9-GhostPipefish-329.jpg,0.04078862816095352
SINet/S2C_MT,COD10K-CAM-1-Aquatic-9-GhostPipefish-330.jpg,0.07221893221139908
SINet/S2C_MT,COD10K-CAM-1-Aquatic-9-GhostPipefish-331.jpg,0.04227200150489807
SINet/S2C_MT,COD10K-CAM-1-Aquatic-9-GhostPipefish-332.jpg,0.07284717261791229
SINet/S2C_MT,COD10K-CAM-1-Aquatic-9-GhostPipefish-335.jpg,0.03682704269886017
SINet/S2C_MT,COD10K-CAM-1-Aquatic-9-GhostPipefish-336.jpg,0.037443727254867554
SINet/S2C_MT,COD10K-CAM-1-Aquatic-9-GhostPipefish-337.jpg,0.05755016952753067
SINet/S2C_MT,COD10K-CAM-1-Aquatic-9-GhostPipefish-338.jpg,0.04579643905162811
SINet/S2C_MT,COD10K-CAM-1-Aquatic-9-GhostPipefish-340.jpg,0.042897745966911316
SINet/S2C_MT,COD10K-CAM-1-Aquatic-9-GhostPipefish-341.jpg,0.04402712732553482
SINet/S2C_MT,COD10K-CAM-1-Aquatic-9-GhostPipefish-342.jpg,0.13293281197547913
SINet/S2C_MT,COD10K-CAM-1-Aquatic-9-GhostPipefish-343.jpg,0.04618276283144951
SINet/S2C_MT,COD10K-CAM-1-Aquatic-9-GhostPipefish-344.jpg,0.06147240847349167
SINet/S2C_MT,COD10K-CAM-1-Aquatic-9-GhostPipefish-345.jpg,0.05019403621554375
SINet/S2C_MT,COD10K-CAM-1-Aquatic-9-GhostPipefish-351.jpg,0.039437249302864075
SINet/S2C_MT,COD10K-CAM-1-Aquatic-9-GhostPipefish-352.jpg,0.03868025168776512
SINet/S2C_MT,COD10K-CAM-1-Aquatic-9-GhostPipefish-354.jpg,0.04254980385303497
SINet/S2C_MT,COD10K-CAM-1-Aquatic-9-GhostPipefish-355.jpg,0.049318134784698486
SINet/S2C_MT,COD10K-CAM-1-Aquatic-9-GhostPipefish-356.jpg,0.08926834911108017
SINet/S2C_MT,COD10K-CAM-1-Aquatic-9-GhostPipefish-357.jpg,0.052337124943733215
SINet/S2C_MT,COD10K-CAM-1-Aquatic-9-GhostPipefish-358.jpg,0.07743203639984131
SINet/S2C_MT,COD10K-CAM-1-Aquatic-9-GhostPipefish-360.jpg,0.06366217881441116
SINet/S2C_MT,COD10K-CAM-1-Aquatic-9-GhostPipefish-361.jpg,0.052012719213962555
SINet/S2C_MT,COD10K-CAM-1-Aquatic-9-GhostPipefish-362.jpg,0.041538938879966736
SINet/S2C_MT,COD10K-CAM-1-Aquatic-9-GhostPipefish-363.jpg,0.1398901641368866
SINet/S2C_MT,COD10K-CAM-1-Aquatic-9-GhostPipefish-364.jpg,0.023573804646730423
SINet/S2C_MT,COD10K-CAM-1-Aquatic-9-GhostPipefish-365.jpg,0.05097173899412155
SINet/S2C_MT,COD10K-CAM-1-Aquatic-9-GhostPipefish-366.jpg,0.048423148691654205
SINet/S2C_MT,COD10K-CAM-1-Aquatic-9-GhostPipefish-367.jpg,0.06985463947057724
SINet/S2C_MT,COD10K-CAM-1-Aquatic-9-GhostPipefish-368.jpg,0.13838374614715576
SINet/S2C_MT,COD10K-CAM-1-Aquatic-9-GhostPipefish-371.jpg,0.08266974985599518
SINet/S2C_MT,COD10K-CAM-1-Aquatic-9-GhostPipefish-373.jpg,0.041420698165893555
SINet/S2C_MT,COD10K-CAM-1-Aquatic-9-GhostPipefish-374.jpg,0.10984870046377182
SINet/S2C_MT,COD10K-CAM-1-Aquatic-9-GhostPipefish-375.jpg,0.03525170683860779
SINet/S2C_MT,COD10K-CAM-1-Aquatic-9-GhostPipefish-376.jpg,0.0795142650604248
SINet/S2C_MT,COD10K-CAM-1-Aquatic-9-GhostPipefish-378.jpg,0.07688029110431671
SINet/S2C_MT,COD10K-CAM-1-Aquatic-9-GhostPipefish-386.jpg,0.06365825235843658
SINet/S2C_MT,COD10K-CAM-1-Aquatic-9-GhostPipefish-387.jpg,0.03917127102613449
SINet/S2C_MT,COD10K-CAM-1-Aquatic-9-GhostPipefish-388.jpg,0.049019861966371536
SINet/S2C_MT,COD10K-CAM-1-Aquatic-9-GhostPipefish-389.jpg,0.036891959607601166
SINet/S2C_MT,COD10K-CAM-1-Aquatic-9-GhostPipefish-392.jpg,0.05736906826496124
SINet/S2C_MT,COD10K-CAM-1-Aquatic-9-GhostPipefish-393.jpg,0.0756836086511612
SINet/S2C_MT,COD10K-CAM-1-Aquatic-9-GhostPipefish-394.jpg,0.10252265632152557
SINet/S2C_MT,COD10K-CAM-1-Aquatic-9-GhostPipefish-396.jpg,0.1247606873512268
SINet/S2C_MT,COD10K-CAM-1-Aquatic-9-GhostPipefish-398.jpg,0.07073978334665298
SINet/S2C_MT,COD10K-CAM-1-Aquatic-9-GhostPipefish-400.jpg,0.09488718211650848
SINet/S2C_MT,COD10K-CAM-1-Aquatic-9-GhostPipefish-401.jpg,0.056946270167827606
SINet/S2C_MT,COD10K-CAM-1-Aquatic-9-GhostPipefish-404.jpg,0.05534806102514267
SINet/S2C_MT,COD10K-CAM-1-Aquatic-9-GhostPipefish-405.jpg,0.03663446754217148
SINet/S2C_MT,COD10K-CAM-1-Aquatic-9-GhostPipefish-408.jpg,0.06976734101772308
SINet/S2C_MT,COD10K-CAM-1-Aquatic-9-GhostPipefish-410.jpg,0.09278120845556259
SINet/S2C_MT,COD10K-CAM-1-Aquatic-9-GhostPipefish-412.jpg,0.03935013711452484
SINet/S2C_MT,COD10K-CAM-1-Aquatic-9-GhostPipefish-413.jpg,0.03687524423003197
SINet/S2C_MT,COD10K-CAM-1-Aquatic-9-GhostPipefish-414.jpg,0.047639958560466766
SINet/S2C_MT,COD10K-CAM-2-Terrestrial-21-Ant-1234.jpg,0.03061540611088276
SINet/S2C_MT,COD10K-CAM-2-Terrestrial-21-Ant-1235.jpg,0.03877677395939827
SINet/S2C_MT,COD10K-CAM-2-Terrestrial-21-Ant-1236.jpg,0.05193787068128586
SINet/S2C_MT,COD10K-CAM-2-Terrestrial-21-Ant-1237.jpg,0.08257056772708893
SINet/S2C_MT,COD10K-CAM-2-Terrestrial-21-Ant-1239.jpg,0.0159372016787529
SINet/S2C_MT,COD10K-CAM-2-Terrestrial-21-Ant-1242.jpg,0.025286052376031876
SINet/S2C_MT,COD10K-CAM-2-Terrestrial-21-Ant-1244.jpg,0.00846310518682003
SINet/S2C_MT,COD10K-CAM-2-Terrestrial-21-Ant-1245.jpg,0.024598464369773865
SINet/S2C_MT,COD10K-CAM-2-Terrestrial-21-Ant-1248.jpg,0.04367518052458763
SINet/S2C_MT,COD10K-CAM-2-Terrestrial-21-Ant-1250.jpg,0.02268541418015957
SINet/S2C_MT,COD10K-CAM-2-Terrestrial-21-Ant-1252.jpg,0.060991786420345306
SINet/S2C_MT,COD10K-CAM-2-Terrestrial-21-Ant-1253.jpg,0.021060723811388016
SINet/S2C_MT,COD10K-CAM-2-Terrestrial-21-Ant-1254.jpg,0.04759867861866951
SINet/S2C_MT,COD10K-CAM-2-Terrestrial-21-Ant-1255.jpg,0.022878216579556465
SINet/S2C_MT,COD10K-CAM-2-Terrestrial-21-Ant-1256.jpg,0.04120730236172676
SINet/S2C_MT,COD10K-CAM-2-Terrestrial-21-Ant-1258.jpg,0.04608186334371567
SINet/S2C_MT,COD10K-CAM-2-Terrestrial-22-Bug-1259.jpg,0.04822033643722534
SINet/S2C_MT,COD10K-CAM-2-Terrestrial-22-Bug-1261.jpg,0.021757666021585464
SINet/S2C_MT,COD10K-CAM-2-Terrestrial-22-Bug-1264.jpg,0.03848142921924591
SINet/S2C_MT,COD10K-CAM-2-Terrestrial-22-Bug-1265.jpg,0.031683698296546936
SINet/S2C_MT,COD10K-CAM-2-Terrestrial-22-Bug-1266.jpg,0.015421797521412373
SINet/S2C_MT,COD10K-CAM-2-Terrestrial-22-Bug-1269.jpg,0.045681584626436234
SINet/S2C_MT,COD10K-CAM-2-Terrestrial-22-Bug-1275.jpg,0.021929536014795303
SINet/S2C_MT,COD10K-CAM-2-Terrestrial-22-Bug-1279.jpg,0.010921838693320751
SINet/S2C_MT,COD10K-CAM-2-Terrestrial-22-Bug-1280.jpg,0.020921295508742332
SINet/S2C_MT,COD10K-CAM-2-Terrestrial-22-Bug-1287.jpg,0.018155664205551147
SINet/S2C_MT,COD10K-CAM-2-Terrestrial-22-Bug-1288.jpg,0.016439950093626976
SINet/S2C_MT,COD10K-CAM-2-Terrestrial-22-Bug-1290.jpg,0.07592710852622986
SINet/S2C_MT,COD10K-CAM-2-Terrestrial-22-Bug-1292.jpg,0.03534160926938057
SINet/S2C_MT,COD10K-CAM-2-Terrestrial-22-Bug-1294.jpg,0.03846602886915207
SINet/S2C_MT,COD10K-CAM-2-Terrestrial-22-Bug-1295.jpg,0.06153222173452377
SINet/S2C_MT,COD10K-CAM-2-Terrestrial-22-Bug-1296.jpg,0.018529212102293968
SINet/S2C_MT,COD10K-CAM-2-Terrestrial-22-Bug-1297.jpg,0.02333499863743782
SINet/S2C_MT,COD10K-CAM-2-Terrestrial-23-Cat-1298.jpg,0.034637778997421265
SINet/S2C_MT,COD10K-CAM-2-Terrestrial-23-Cat-1302.jpg,0.07444500178098679
SINet/S2C_MT,COD10K-CAM-2-Terrestrial-23-Cat-1303.jpg,0.06616558134555817
SINet/S2C_MT,COD10K-CAM-2-Terrestrial-23-Cat-1305.jpg,0.03482019901275635
SINet/S2C_MT,COD10K-CAM-2-Terrestrial-23-Cat-1306.jpg,0.030741989612579346
SINet/S2C_MT,COD10K-CAM-2-Terrestrial-23-Cat-1307.jpg,0.012128290720283985
SINet/S2C_MT,COD10K-CAM-2-Terrestrial-23-Cat-1308.jpg,0.004284146707504988
SINet/S2C_MT,COD10K-CAM-2-Terrestrial-23-Cat-1309.jpg,0.013127072714269161
SINet/S2C_MT,COD10K-CAM-2-Terrestrial-23-Cat-1311.jpg,0.018607307225465775
SINet/S2C_MT,COD10K-CAM-2-Terrestrial-23-Cat-1312.jpg,0.056784555315971375
SINet/S2C_MT,COD10K-CAM-2-Terrestrial-23-Cat-1313.jpg,0.04254588112235069
SINet/S2C_MT,COD10K-CAM-2-Terrestrial-23-Cat-1314.jpg,0.05334264785051346
SINet/S2C_MT,COD10K-CAM-2-Terrestrial-23-Cat-1315.jpg,0.03725190460681915
SINet/S2C_MT,COD10K-CAM-2-Terrestrial-23-Cat-1316.jpg,0.10382777452468872
SINet/S2C_MT,COD10K-CAM-2-Terrestrial-23-Cat-1317.jpg,0.0246596522629261
SINet/S2C_MT,COD10K-CAM-2-Terrestrial-23-Cat-1318.jpg,0.013462127186357975
SINet/S2C_MT,COD10K-CAM-2-Terrestrial-23-Cat-1319.jpg,0.05793369561433792
SINet/S2C_MT,COD10K-CAM-2-Terrestrial-23-Cat-1321.jpg,0.04151422157883644
SINet/S2C_MT,COD10K-CAM-2-Terrestrial-23-Cat-1322.jpg,0.04474983364343643
SINet/S2C_MT,COD10K-CAM-2-Terrestrial-23-Cat-1323.jpg,0.04941873252391815
SINet/S2C_MT,COD10K-CAM-2-Terrestrial-23-Cat-1324.jpg,0.03903908655047417
SINet/S2C_MT,COD10K-CAM-2-Terrestrial-23-Cat-1326.jpg,0.0861629918217659
SINet/S2C_MT,COD10K-CAM-2-Terrestrial-23-Cat-1332.jpg,0.023767976090312004
SINet/S2C_MT,COD10K-CAM-2-Terrestrial-23-Cat-1334.jpg,0.06303070485591888
SINet/S2C_MT,COD10K-CAM-2-Terrestrial-23-Cat-1335.jpg,0.040369149297475815
SINet/S2C_MT,COD10K-CAM-2-Terrestrial-23-Cat-1336.jpg,0.08632690459489822
SINet/S2C_MT,COD10K-CAM-2-Terrestrial-23-Cat-1338.jpg,0.01337264385074377
SINet/S2C_MT,COD10K-CAM-2-Terrestrial-23-Cat-1340.jpg,0.07570284605026245
SINet/S2C_MT,COD10K-CAM-2-Terrestrial-23-Cat-1341.jpg,0.06776000559329987
SINet/S2C_MT,COD10K-CAM-2-Terrestrial-23-Cat-1342.jpg,0.060251761227846146
SINet/S2C_MT,COD10K-CAM-2-Terrestrial-23-Cat-1343.jpg,0.034289244562387466
SINet/S2C_MT,COD10K-CAM-2-Terrestrial-23-Cat-1345.jpg,0.036815859377384186
SINet/S2C_MT,COD10K-CAM-2-Terrestrial-23-Cat-1346.jpg,0.018712671473622322
SINet/S2C_MT,COD10K-CAM-2-Terrestrial-23-Cat-1347.jpg,0.06395645439624786
SINet/S2C_MT,COD10K-CAM-2-Terrestrial-23-Cat-1348.jpg,0.03357376530766487
SINet/S2C_MT,COD10K-CAM-2-Terrestrial-23-Cat-1349.jpg,0.08067630231380463
SINet/S2C_MT,COD10K-CAM-2-Terrestrial-23-Cat-1351.jpg,0.1044483482837677
SINet/S2C_MT,COD10K-CAM-2-Terrestrial-23-Cat-1353.jpg,0.024095920845866203
SINet/S2C_MT,COD10K-CAM-2-Terrestrial-23-Cat-1354.jpg,0.00865393877029419
SINet/S2C_MT,COD10K-CAM-2-Terrestrial-23-Cat-1355.jpg,0.07102495431900024
SINet/S2C_MT,COD10K-CAM-2-Terrestrial-23-Cat-1356.jpg,0.07150852680206299
SINet/S2C_MT,COD10K-CAM-2-Terrestrial-23-Cat-1357.jpg,0.068672776222229
SINet/S2C_MT,COD10K-CAM-2-Terrestrial-23-Cat-1361.jpg,0.06301137804985046
SINet/S2C_MT,COD10K-CAM-2-Terrestrial-23-Cat-1362.jpg,0.0541192963719368
SINet/S2C_MT,COD10K-CAM-2-Terrestrial-23-Cat-1366.jpg,0.2833535373210907
SINet/S2C_MT,COD10K-CAM-2-Terrestrial-23-Cat-1370.jpg,0.020176991820335388
SINet/S2C_MT,COD10K-CAM-2-Terrestrial-23-Cat-1373.jpg,0.008817348629236221
SINet/S2C_MT,COD10K-CAM-2-Terrestrial-23-Cat-1374.jpg,0.04088755324482918
SINet/S2C_MT,COD10K-CAM-2-Terrestrial-23-Cat-1375.jpg,0.0797576904296875
SINet/S2C_MT,COD10K-CAM-2-Terrestrial-23-Cat-1376.jpg,0.14304238557815552
SINet/S2C_MT,COD10K-CAM-2-Terrestrial-23-Cat-1379.jpg,0.013716944493353367
SINet/S2C_MT,COD10K-CAM-2-Terrestrial-23-Cat-1382.jpg,0.02643379010260105
SINet/S2C_MT,COD10K-CAM-2-Terrestrial-23-Cat-1384.jpg,0.11369717121124268
SINet/S2C_MT,COD10K-CAM-2-Terrestrial-23-Cat-1385.jpg,0.026226971298456192
SINet/S2C_MT,COD10K-CAM-2-Terrestrial-23-Cat-1389.jpg,0.039171867072582245
SINet/S2C_MT,COD10K-CAM-2-Terrestrial-23-Cat-1393.jpg,0.019490957260131836
SINet/S2C_MT,COD10K-CAM-2-Terrestrial-23-Cat-1395.jpg,0.08865521848201752
SINet/S2C_MT,COD10K-CAM-2-Terrestrial-23-Cat-1396.jpg,0.03391709551215172
SINet/S2C_MT,COD10K-CAM-2-Terrestrial-23-Cat-1397.jpg,0.06321317702531815
SINet/S2C_MT,COD10K-CAM-2-Terrestrial-23-Cat-1398.jpg,0.051195815205574036
SINet/S2C_MT,COD10K-CAM-2-Terrestrial-23-Cat-1399.jpg,0.07549984753131866
SINet/S2C_MT,COD10K-CAM-2-Terrestrial-23-Cat-1401.jpg,0.017235426232218742
SINet/S2C_MT,COD10K-CAM-2-Terrestrial-23-Cat-1402.jpg,0.060870472341775894
SINet/S2C_MT,COD10K-CAM-2-Terrestrial-23-Cat-1403.jpg,0.05673765391111374
SINet/S2C_MT,COD10K-CAM-2-Terrestrial-23-Cat-1404.jpg,0.13676920533180237
SINet/S2C_MT,COD10K-CAM-2-Terrestrial-23-Cat-1406.jpg,0.04327334091067314
SINet/S2C_MT,COD10K-CAM-2-Terrestrial-23-Cat-1407.jpg,0.04198193922638893
SINet/S2C_MT,COD10K-CAM-2-Terrestrial-23-Cat-1408.jpg,0.06797662377357483
SINet/S2C_MT,COD10K-CAM-2-Terrestrial-23-Cat-1409.jpg,0.028878387063741684
SINet/S2C_MT,COD10K-CAM-2-Terrestrial-23-Cat-1410.jpg,0.04810916259884834
SINet/S2C_MT,COD10K-CAM-2-Terrestrial-23-Cat-1414.jpg,0.07037687301635742
SINet/S2C_MT,COD10K-CAM-2-Terrestrial-23-Cat-1416.jpg,0.13100987672805786
SINet/S2C_MT,COD10K-CAM-2-Terrestrial-23-Cat-1417.jpg,0.021575801074504852
SINet/S2C_MT,COD10K-CAM-2-Terrestrial-23-Cat-1418.jpg,0.041472189128398895
SINet/S2C_MT,COD10K-CAM-2-Terrestrial-23-Cat-1422.jpg,0.05103132873773575
SINet/S2C_MT,COD10K-CAM-2-Terrestrial-23-Cat-1425.jpg,0.044743612408638
SINet/S2C_MT,COD10K-CAM-2-Terrestrial-23-Cat-1426.jpg,0.09820930659770966
SINet/S2C_MT,COD10K-CAM-2-Terrestrial-23-Cat-1427.jpg,0.012817483395338058
SINet/S2C_MT,COD10K-CAM-2-Terrestrial-23-Cat-1430.jpg,0.05902087315917015
SINet/S2C_MT,COD10K-CAM-2-Terrestrial-23-Cat-1435.jpg,0.009541427716612816
SINet/S2C_MT,COD10K-CAM-2-Terrestrial-23-Cat-1436.jpg,0.038808807730674744
SINet/S2C_MT,COD10K-CAM-2-Terrestrial-23-Cat-1437.jpg,0.025205785408616066
SINet/S2C_MT,COD10K-CAM-2-Terrestrial-23-Cat-1439.jpg,0.011864477768540382
SINet/S2C_MT,COD10K-CAM-2-Terrestrial-23-Cat-1440.jpg,0.04959620535373688
SINet/S2C_MT,COD10K-CAM-2-Terrestrial-23-Cat-1441.jpg,0.09804980456829071
SINet/S2C_MT,COD10K-CAM-2-Terrestrial-23-Cat-1444.jpg,0.04119601845741272
SINet/S2C_MT,COD10K-CAM-2-Terrestrial-23-Cat-1445.jpg,0.11106091737747192
SINet/S2C_MT,COD10K-CAM-2-Terrestrial-23-Cat-1447.jpg,0.053469207137823105
SINet/S2C_MT,COD10K-CAM-2-Terrestrial-23-Cat-1448.jpg,0.10944393277168274
SINet/S2C_MT,COD10K-CAM-2-Terrestrial-23-Cat-1450.jpg,0.052383922040462494
SINet/S2C_MT,COD10K-CAM-2-Terrestrial-23-Cat-1452.jpg,0.031803689897060394
SINet/S2C_MT,COD10K-CAM-2-Terrestrial-23-Cat-1454.jpg,0.04707290977239609
SINet/S2C_MT,COD10K-CAM-2-Terrestrial-23-Cat-1455.jpg,0.1199919804930687
SINet/S2C_MT,COD10K-CAM-2-Terrestrial-23-Cat-1456.jpg,0.10225208103656769
SINet/S2C_MT,COD10K-CAM-2-Terrestrial-23-Cat-1457.jpg,0.03176305443048477
SINet/S2C_MT,COD10K-CAM-2-Terrestrial-23-Cat-1460.jpg,0.03820649906992912
SINet/S2C_MT,COD10K-CAM-2-Terrestrial-23-Cat-1463.jpg,0.0685284435749054
SINet/S2C_MT,COD10K-CAM-2-Terrestrial-23-Cat-1464.jpg,0.039731062948703766
SINet/S2C_MT,COD10K-CAM-2-Terrestrial-23-Cat-1467.jpg,0.07487747073173523
SINet/S2C_MT,COD10K-CAM-2-Terrestrial-23-Cat-1468.jpg,0.06753167510032654
SINet/S2C_MT,COD10K-CAM-2-Terrestrial-23-Cat-1469.jpg,0.041895076632499695
SINet/S2C_MT,COD10K-CAM-2-Terrestrial-23-Cat-1470.jpg,0.028123538941144943
SINet/S2C_MT,COD10K-CAM-2-Terrestrial-23-Cat-1473.jpg,0.080474354326725
SINet/S2C_MT,COD10K-CAM-2-Terrestrial-23-Cat-1477.jpg,0.04647684097290039
SINet/S2C_MT,COD10K-CAM-2-Terrestrial-23-Cat-1478.jpg,0.0250958614051342
SINet/S2C_MT,COD10K-CAM-2-Terrestrial-23-Cat-1480.jpg,0.04236751049757004
SINet/S2C_MT,COD10K-CAM-2-Terrestrial-23-Cat-1482.jpg,0.05892305448651314
SINet/S2C_MT,COD10K-CAM-2-Terrestrial-23-Cat-1484.jpg,0.05526120215654373
SINet/S2C_MT,COD10K-CAM-2-Terrestrial-23-Cat-1486.jpg,0.019946854561567307
SINet/S2C_MT,COD10K-CAM-2-Terrestrial-23-Cat-1487.jpg,0.05768854543566704
SINet/S2C_MT,COD10K-CAM-2-Terrestrial-23-Cat-1489.jpg,0.05054681748151779
SINet/S2C_MT,COD10K-CAM-2-Terrestrial-23-Cat-1493.jpg,0.01174674928188324
SINet/S2C_MT,COD10K-CAM-2-Terrestrial-23-Cat-1495.jpg,0.04979390650987625
SINet/S2C_MT,COD10K-CAM-2-Terrestrial-23-Cat-1497.jpg,0.02364269644021988
SINet/S2C_MT,COD10K-CAM-2-Terrestrial-23-Cat-1499.jpg,0.04880678653717041
SINet/S2C_MT,COD10K-CAM-2-Terrestrial-23-Cat-1501.jpg,0.030768845230340958
SINet/S2C_MT,COD10K-CAM-2-Terrestrial-23-Cat-1502.jpg,0.049987711012363434
SINet/S2C_MT,COD10K-CAM-2-Terrestrial-23-Cat-1503.jpg,0.029988747090101242
SINet/S2C_MT,COD10K-CAM-2-Terrestrial-23-Cat-1504.jpg,0.1223151683807373
SINet/S2C_MT,COD10K-CAM-2-Terrestrial-23-Cat-1506.jpg,0.02814400941133499
SINet/S2C_MT,COD10K-CAM-2-Terrestrial-23-Cat-1507.jpg,0.06403464078903198
SINet/S2C_MT,COD10K-CAM-2-Terrestrial-23-Cat-1509.jpg,0.09607215970754623
SINet/S2C_MT,COD10K-CAM-2-Terrestrial-23-Cat-1511.jpg,0.058409444987773895
SINet/S2C_MT,COD10K-CAM-2-Terrestrial-23-Cat-1513.jpg,0.02403826266527176
SINet/S2C_MT,COD10K-CAM-2-Terrestrial-23-Cat-1517.jpg,0.04452154040336609
SINet/S2C_MT,COD10K-CAM-2-Terrestrial-23-Cat-1518.jpg,0.06922876089811325
SINet/S2C_MT,COD10K-CAM-2-Terrestrial-23-Cat-1519.jpg,0.10610523074865341
SINet/S2C_MT,COD10K-CAM-2-Terrestrial-23-Cat-1521.jpg,0.03502609208226204
SINet/S2C_MT,COD10K-CAM-2-Terrestrial-23-Cat-1525.jpg,0.04015781730413437
SINet/S2C_MT,COD10K-CAM-2-Terrestrial-23-Cat-1528.jpg,0.0457988977432251
SINet/S2C_MT,COD10K-CAM-2-Terrestrial-23-Cat-1529.jpg,0.03065812960267067
SINet/S2C_MT,COD10K-CAM-2-Terrestrial-23-Cat-1533.jpg,0.027119360864162445
SINet/S2C_MT,COD10K-CAM-2-Terrestrial-23-Cat-1535.jpg,0.028777379542589188
SINet/S2C_MT,COD10K-CAM-2-Terrestrial-23-Cat-1536.jpg,0.04011185094714165
SINet/S2C_MT,COD10K-CAM-2-Terrestrial-23-Cat-1538.jpg,0.02834252268075943
SINet/S2C_MT,COD10K-CAM-2-Terrestrial-23-Cat-1539.jpg,0.031035616993904114
SINet/S2C_MT,COD10K-CAM-2-Terrestrial-23-Cat-1540.jpg,0.01964506506919861
SINet/S2C_MT,COD10K-CAM-2-Terrestrial-24-Caterpillar-1542.jpg,0.006672458723187447
SINet/S2C_MT,COD10K-CAM-2-Terrestrial-24-Caterpillar-1544.jpg,0.013601178303360939
SINet/S2C_MT,COD10K-CAM-2-Terrestrial-24-Caterpillar-1547.jpg,0.039219826459884644
SINet/S2C_MT,COD10K-CAM-2-Terrestrial-24-Caterpillar-1549.jpg,0.03235388174653053
SINet/S2C_MT,COD10K-CAM-2-Terrestrial-24-Caterpillar-1550.jpg,0.013677820563316345
SINet/S2C_MT,COD10K-CAM-2-Terrestrial-24-Caterpillar-1551.jpg,0.03139469772577286
SINet/S2C_MT,COD10K-CAM-2-Terrestrial-24-Caterpillar-1553.jpg,0.07740019261837006
SINet/S2C_MT,COD10K-CAM-2-Terrestrial-24-Caterpillar-1554.jpg,0.024587757885456085
SINet/S2C_MT,COD10K-CAM-2-Terrestrial-24-Caterpillar-1555.jpg,0.029607262462377548
SINet/S2C_MT,COD10K-CAM-2-Terrestrial-24-Caterpillar-1556.jpg,0.03149755299091339
SINet/S2C_MT,COD10K-CAM-2-Terrestrial-24-Caterpillar-1558.jpg,0.05263485759496689
SINet/S2C_MT,COD10K-CAM-2-Terrestrial-24-Caterpillar-1559.jpg,0.02399953454732895
SINet/S2C_MT,COD10K-CAM-2-Terrestrial-24-Caterpillar-1561.jpg,0.027630362659692764
SINet/S2C_MT,COD10K-CAM-2-Terrestrial-24-Caterpillar-1562.jpg,0.08601562678813934
SINet/S2C_MT,COD10K-CAM-2-Terrestrial-24-Caterpillar-1563.jpg,0.02703336626291275
SINet/S2C_MT,COD10K-CAM-2-Terrestrial-24-Caterpillar-1566.jpg,0.12298659235239029
SINet/S2C_MT,COD10K-CAM-2-Terrestrial-24-Caterpillar-1569.jpg,0.039961814880371094
SINet/S2C_MT,COD10K-CAM-2-Terrestrial-24-Caterpillar-1571.jpg,0.025893568992614746
SINet/S2C_MT,COD10K-CAM-2-Terrestrial-24-Caterpillar-1573.jpg,0.0503530278801918
SINet/S2C_MT,COD10K-CAM-2-Terrestrial-24-Caterpillar-1575.jpg,0.07412183284759521
SINet/S2C_MT,COD10K-CAM-2-Terrestrial-24-Caterpillar-1576.jpg,0.050758227705955505
SINet/S2C_MT,COD10K-CAM-2-Terrestrial-24-Caterpillar-1577.jpg,0.028728753328323364
SINet/S2C_MT,COD10K-CAM-2-Terrestrial-24-Caterpillar-1578.jpg,0.024091355502605438
SINet/S2C_MT,COD10K-CAM-2-Terrestrial-24-Caterpillar-1579.jpg,0.027770143002271652
SINet/S2C_MT,COD10K-CAM-2-Terrestrial-24-Caterpillar-1580.jpg,0.006622684188187122
SINet/S2C_MT,COD10K-CAM-2-Terrestrial-24-Caterpillar-1583.jpg,0.040861576795578
SINet/S2C_MT,COD10K-CAM-2-Terrestrial-24-Caterpillar-1584.jpg,0.04501167684793472
SINet/S2C_MT,COD10K-CAM-2-Terrestrial-24-Caterpillar-1585.jpg,0.02695782296359539
SINet/S2C_MT,COD10K-CAM-2-Terrestrial-24-Caterpillar-1586.jpg,0.035457029938697815
SINet/S2C_MT,COD10K-CAM-2-Terrestrial-24-Caterpillar-1588.jpg,0.06003624573349953
SINet/S2C_MT,COD10K-CAM-2-Terrestrial-24-Caterpillar-1589.jpg,0.06818791478872299
SINet/S2C_MT,COD10K-CAM-2-Terrestrial-24-Caterpillar-1590.jpg,0.021258920431137085
SINet/S2C_MT,COD10K-CAM-2-Terrestrial-24-Caterpillar-1592.jpg,0.02619660645723343
SINet/S2C_MT,COD10K-CAM-2-Terrestrial-24-Caterpillar-1593.jpg,0.08313748985528946
SINet/S2C_MT,COD10K-CAM-2-Terrestrial-24-Caterpillar-1595.jpg,0.025552939623594284
SINet/S2C_MT,COD10K-CAM-2-Terrestrial-24-Caterpillar-1598.jpg,0.02762404829263687
SINet/S2C_MT,COD10K-CAM-2-Terrestrial-24-Caterpillar-1599.jpg,0.03866173326969147
SINet/S2C_MT,COD10K-CAM-2-Terrestrial-24-Caterpillar-1600.jpg,0.04645334929227829
SINet/S2C_MT,COD10K-CAM-2-Terrestrial-24-Caterpillar-1601.jpg,0.04092296212911606
SINet/S2C_MT,COD10K-CAM-2-Terrestrial-24-Caterpillar-1603.jpg,0.04431099444627762
SINet/S2C_MT,COD10K-CAM-2-Terrestrial-24-Caterpillar-1604.jpg,0.029407501220703125
SINet/S2C_MT,COD10K-CAM-2-Terrestrial-24-Caterpillar-1605.jpg,0.06564461439847946
SINet/S2C_MT,COD10K-CAM-2-Terrestrial-24-Caterpillar-1606.jpg,0.06026100739836693
SINet/S2C_MT,COD10K-CAM-2-Terrestrial-24-Caterpillar-1609.jpg,0.03830135241150856
SINet/S2C_MT,COD10K-CAM-2-Terrestrial-24-Caterpillar-1610.jpg,0.038533806800842285
SINet/S2C_MT,COD10K-CAM-2-Terrestrial-24-Caterpillar-1611.jpg,0.04602453112602234
SINet/S2C_MT,COD10K-CAM-2-Terrestrial-24-Caterpillar-1612.jpg,0.04760783165693283
SINet/S2C_MT,COD10K-CAM-2-Terrestrial-24-Caterpillar-1613.jpg,0.05686827003955841
SINet/S2C_MT,COD10K-CAM-2-Terrestrial-24-Caterpillar-1614.jpg,0.030722754076123238
SINet/S2C_MT,COD10K-CAM-2-Terrestrial-24-Caterpillar-1615.jpg,0.04386940225958824
SINet/S2C_MT,COD10K-CAM-2-Terrestrial-24-Caterpillar-1617.jpg,0.04444818198680878
SINet/S2C_MT,COD10K-CAM-2-Terrestrial-24-Caterpillar-1618.jpg,0.05661512166261673
SINet/S2C_MT,COD10K-CAM-2-Terrestrial-24-Caterpillar-1619.jpg,0.05150467902421951
SINet/S2C_MT,COD10K-CAM-2-Terrestrial-24-Caterpillar-1620.jpg,0.030523313209414482
SINet/S2C_MT,COD10K-CAM-2-Terrestrial-24-Caterpillar-1624.jpg,0.018702814355492592
SINet/S2C_MT,COD10K-CAM-2-Terrestrial-24-Caterpillar-1625.jpg,0.060420647263526917
SINet/S2C_MT,COD10K-CAM-2-Terrestrial-24-Caterpillar-1627.jpg,0.052172016352415085
SINet/S2C_MT,COD10K-CAM-2-Terrestrial-24-Caterpillar-1628.jpg,0.03553762659430504
SINet/S2C_MT,COD10K-CAM-2-Terrestrial-24-Caterpillar-1629.jpg,0.017016088590025902
SINet/S2C_MT,COD10K-CAM-2-Terrestrial-24-Caterpillar-1630.jpg,0.019551562145352364
SINet/S2C_MT,COD10K-CAM-2-Terrestrial-24-Caterpillar-1631.jpg,0.05191991478204727
SINet/S2C_MT,COD10K-CAM-2-Terrestrial-24-Caterpillar-1632.jpg,0.06292735040187836
SINet/S2C_MT,COD10K-CAM-2-Terrestrial-24-Caterpillar-1634.jpg,0.015690941363573074
SINet/S2C_MT,COD10K-CAM-2-Terrestrial-24-Caterpillar-1635.jpg,0.080071359872818
SINet/S2C_MT,COD10K-CAM-2-Terrestrial-24-Caterpillar-1636.jpg,0.028378084301948547
SINet/S2C_MT,COD10K-CAM-2-Terrestrial-24-Caterpillar-1637.jpg,0.04469285160303116
SINet/S2C_MT,COD10K-CAM-2-Terrestrial-24-Caterpillar-1638.jpg,0.03889843076467514
SINet/S2C_MT,COD10K-CAM-2-Terrestrial-24-Caterpillar-1639.jpg,0.027577228844165802
SINet/S2C_MT,COD10K-CAM-2-Terrestrial-24-Caterpillar-1640.jpg,0.03127535432577133
SINet/S2C_MT,COD10K-CAM-2-Terrestrial-24-Caterpillar-1642.jpg,0.07115446776151657
SINet/S2C_MT,COD10K-CAM-2-Terrestrial-24-Caterpillar-1646.jpg,0.049183592200279236
SINet/S2C_MT,COD10K-CAM-2-Terrestrial-24-Caterpillar-1647.jpg,0.027119256556034088
SINet/S2C_MT,COD10K-CAM-2-Terrestrial-24-Caterpillar-1648.jpg,0.05182931572198868
SINet/S2C_MT,COD10K-CAM-2-Terrestrial-24-Caterpillar-1649.jpg,0.0483337938785553
SINet/S2C_MT,COD10K-CAM-2-Terrestrial-24-Caterpillar-1651.jpg,0.03823835402727127
SINet/S2C_MT,COD10K-CAM-2-Terrestrial-24-Caterpillar-1654.jpg,0.03237155079841614
SINet/S2C_MT,COD10K-CAM-2-Terrestrial-25-Centipede-1656.jpg,0.01833510398864746
SINet/S2C_MT,COD10K-CAM-2-Terrestrial-25-Centipede-1657.jpg,0.04041649401187897
SINet/S2C_MT,COD10K-CAM-2-Terrestrial-25-Centipede-1660.jpg,0.02722015604376793
SINet/S2C_MT,COD10K-CAM-2-Terrestrial-25-Centipede-1661.jpg,0.021370768547058105
SINet/S2C_MT,COD10K-CAM-2-Terrestrial-25-Centipede-1662.jpg,0.06375943124294281
SINet/S2C_MT,COD10K-CAM-2-Terrestrial-26-Chameleon-1664.jpg,0.0706549733877182
SINet/S2C_MT,COD10K-CAM-2-Terrestrial-26-Chameleon-1665.jpg,0.07104595750570297
SINet/S2C_MT,COD10K-CAM-2-Terrestrial-26-Chameleon-1666.jpg,0.030787434428930283
SINet/S2C_MT,COD10K-CAM-2-Terrestrial-26-Chameleon-1668.jpg,0.03502051532268524
SINet/S2C_MT,COD10K-CAM-2-Terrestrial-26-Chameleon-1669.jpg,0.06682390719652176
SINet/S2C_MT,COD10K-CAM-2-Terrestrial-26-Chameleon-1672.jpg,0.0751878172159195
SINet/S2C_MT,COD10K-CAM-2-Terrestrial-26-Chameleon-1673.jpg,0.037616945803165436
SINet/S2C_MT,COD10K-CAM-2-Terrestrial-26-Chameleon-1674.jpg,0.05052981153130531
SINet/S2C_MT,COD10K-CAM-2-Terrestrial-26-Chameleon-1675.jpg,0.031762801110744476
SINet/S2C_MT,COD10K-CAM-2-Terrestrial-26-Chameleon-1677.jpg,0.03356029838323593
SINet/S2C_MT,COD10K-CAM-2-Terrestrial-26-Chameleon-1678.jpg,0.026331990957260132
SINet/S2C_MT,COD10K-CAM-2-Terrestrial-26-Chameleon-1679.jpg,0.0456598624587059
SINet/S2C_MT,COD10K-CAM-2-Terrestrial-26-Chameleon-1680.jpg,0.04775773733854294
SINet/S2C_MT,COD10K-CAM-2-Terrestrial-26-Chameleon-1682.jpg,0.0619591549038887
SINet/S2C_MT,COD10K-CAM-2-Terrestrial-26-Chameleon-1683.jpg,0.030064094811677933
SINet/S2C_MT,COD10K-CAM-2-Terrestrial-26-Chameleon-1684.jpg,0.019167307764291763
SINet/S2C_MT,COD10K-CAM-2-Terrestrial-26-Chameleon-1685.jpg,0.06586450338363647
SINet/S2C_MT,COD10K-CAM-2-Terrestrial-26-Chameleon-1686.jpg,0.03266527131199837
SINet/S2C_MT,COD10K-CAM-2-Terrestrial-26-Chameleon-1687.jpg,0.04600605368614197
SINet/S2C_MT,COD10K-CAM-2-Terrestrial-26-Chameleon-1690.jpg,0.052633143961429596
SINet/S2C_MT,COD10K-CAM-2-Terrestrial-26-Chameleon-1691.jpg,0.04298137128353119
SINet/S2C_MT,COD10K-CAM-2-Terrestrial-26-Chameleon-1694.jpg,0.04574790596961975
SINet/S2C_MT,COD10K-CAM-2-Terrestrial-26-Chameleon-1695.jpg,0.04561399668455124
SINet/S2C_MT,COD10K-CAM-2-Terrestrial-26-Chameleon-1700.jpg,0.051577549427747726
SINet/S2C_MT,COD10K-CAM-2-Terrestrial-26-Chameleon-1702.jpg,0.11728716641664505
SINet/S2C_MT,COD10K-CAM-2-Terrestrial-26-Chameleon-1704.jpg,0.05943521484732628
SINet/S2C_MT,COD10K-CAM-2-Terrestrial-26-Chameleon-1708.jpg,0.05766112357378006
SINet/S2C_MT,COD10K-CAM-2-Terrestrial-26-Chameleon-1710.jpg,0.03507086634635925
SINet/S2C_MT,COD10K-CAM-2-Terrestrial-26-Chameleon-1712.jpg,0.04073767364025116
SINet/S2C_MT,COD10K-CAM-2-Terrestrial-26-Chameleon-1714.jpg,0.02589811570942402
SINet/S2C_MT,COD10K-CAM-2-Terrestrial-26-Chameleon-1715.jpg,0.08823484182357788
SINet/S2C_MT,COD10K-CAM-2-Terrestrial-26-Chameleon-1717.jpg,0.028891034424304962
SINet/S2C_MT,COD10K-CAM-2-Terrestrial-26-Chameleon-1718.jpg,0.07614224404096603
SINet/S2C_MT,COD10K-CAM-2-Terrestrial-26-Chameleon-1720.jpg,0.028770938515663147
SINet/S2C_MT,COD10K-CAM-2-Terrestrial-26-Chameleon-1721.jpg,0.06528280675411224
SINet/S2C_MT,COD10K-CAM-2-Terrestrial-26-Chameleon-1724.jpg,0.03818793222308159
SINet/S2C_MT,COD10K-CAM-2-Terrestrial-26-Chameleon-1725.jpg,0.053624607622623444
SINet/S2C_MT,COD10K-CAM-2-Terrestrial-26-Chameleon-1726.jpg,0.05105733871459961
SINet/S2C_MT,COD10K-CAM-2-Terrestrial-26-Chameleon-1728.jpg,0.03773399442434311
SINet/S2C_MT,COD10K-CAM-2-Terrestrial-26-Chameleon-1729.jpg,0.013132497668266296
SINet/S2C_MT,COD10K-CAM-2-Terrestrial-26-Chameleon-1731.jpg,0.09737790375947952
SINet/S2C_MT,COD10K-CAM-2-Terrestrial-26-Chameleon-1732.jpg,0.055823035538196564
SINet/S2C_MT,COD10K-CAM-2-Terrestrial-26-Chameleon-1733.jpg,0.055754147469997406
SINet/S2C_MT,COD10K-CAM-2-Terrestrial-26-Chameleon-1734.jpg,0.079429030418396
SINet/S2C_MT,COD10K-CAM-2-Terrestrial-26-Chameleon-1735.jpg,0.06153562292456627
SINet/S2C_MT,COD10K-CAM-2-Terrestrial-26-Chameleon-1736.jpg,0.02354375831782818
SINet/S2C_MT,COD10K-CAM-2-Terrestrial-27-Cheetah-1738.jpg,0.03817262500524521
SINet/S2C_MT,COD10K-CAM-2-Terrestrial-27-Cheetah-1740.jpg,0.028658099472522736
SINet/S2C_MT,COD10K-CAM-2-Terrestrial-27-Cheetah-1741.jpg,0.03408794850111008
SINet/S2C_MT,COD10K-CAM-2-Terrestrial-27-Cheetah-1744.jpg,0.029435697942972183
SINet/S2C_MT,COD10K-CAM-2-Terrestrial-27-Cheetah-1746.jpg,0.011253595352172852
SINet/S2C_MT,COD10K-CAM-2-Terrestrial-27-Cheetah-1748.jpg,0.01496109552681446
SINet/S2C_MT,COD10K-CAM-2-Terrestrial-27-Cheetah-1749.jpg,0.08596648275852203
SINet/S2C_MT,COD10K-CAM-2-Terrestrial-27-Cheetah-1752.jpg,0.014232191257178783
SINet/S2C_MT,COD10K-CAM-2-Terrestrial-27-Cheetah-1754.jpg,0.036910124123096466
SINet/S2C_MT,COD10K-CAM-2-Terrestrial-27-Cheetah-1757.jpg,0.022884687408804893
SINet/S2C_MT,COD10K-CAM-2-Terrestrial-28-Deer-1759.jpg,0.022969787940382957
SINet/S2C_MT,COD10K-CAM-2-Terrestrial-28-Deer-1763.jpg,0.0289092306047678
SINet/S2C_MT,COD10K-CAM-2-Terrestrial-28-Deer-1765.jpg,0.0530209094285965
SINet/S2C_MT,COD10K-CAM-2-Terrestrial-28-Deer-1770.jpg,0.010775426402688026
SINet/S2C_MT,COD10K-CAM-2-Terrestrial-28-Deer-1771.jpg,0.02258278802037239
SINet/S2C_MT,COD10K-CAM-2-Terrestrial-28-Deer-1774.jpg,0.028875283896923065
SINet/S2C_MT,COD10K-CAM-2-Terrestrial-28-Deer-1776.jpg,0.03061073273420334
SINet/S2C_MT,COD10K-CAM-2-Terrestrial-28-Deer-1777.jpg,0.08739329874515533
SINet/S2C_MT,COD10K-CAM-2-Terrestrial-28-Deer-1778.jpg,0.03560502827167511
SINet/S2C_MT,COD10K-CAM-2-Terrestrial-28-Deer-1780.jpg,0.01902223750948906
SINet/S2C_MT,COD10K-CAM-2-Terrestrial-28-Deer-1781.jpg,0.037083059549331665
SINet/S2C_MT,COD10K-CAM-2-Terrestrial-28-Deer-1782.jpg,0.034514740109443665
SINet/S2C_MT,COD10K-CAM-2-Terrestrial-28-Deer-1783.jpg,0.03499165177345276
SINet/S2C_MT,COD10K-CAM-2-Terrestrial-28-Deer-1786.jpg,0.01220706943422556
SINet/S2C_MT,COD10K-CAM-2-Terrestrial-28-Deer-1787.jpg,0.030935846269130707
SINet/S2C_MT,COD10K-CAM-2-Terrestrial-28-Deer-1789.jpg,0.03106043115258217
SINet/S2C_MT,COD10K-CAM-2-Terrestrial-28-Deer-1793.jpg,0.024482030421495438
SINet/S2C_MT,COD10K-CAM-2-Terrestrial-28-Deer-1796.jpg,0.04099057614803314
SINet/S2C_MT,COD10K-CAM-2-Terrestrial-28-Deer-1797.jpg,0.024105558171868324
SINet/S2C_MT,COD10K-CAM-2-Terrestrial-28-Deer-1798.jpg,0.098295658826828
SINet/S2C_MT,COD10K-CAM-2-Terrestrial-28-Deer-1799.jpg,0.03140158951282501
SINet/S2C_MT,COD10K-CAM-2-Terrestrial-28-Deer-1800.jpg,0.014075604267418385
SINet/S2C_MT,COD10K-CAM-2-Terrestrial-28-Deer-1802.jpg,0.02871742658317089
SINet/S2C_MT,COD10K-CAM-2-Terrestrial-28-Deer-1803.jpg,0.05233180895447731
SINet/S2C_MT,COD10K-CAM-2-Terrestrial-29-Dog-1806.jpg,0.04933881014585495
SINet/S2C_MT,COD10K-CAM-2-Terrestrial-29-Dog-1807.jpg,0.01857435517013073
SINet/S2C_MT,COD10K-CAM-2-Terrestrial-29-Dog-1808.jpg,0.0368679016828537
SINet/S2C_MT,COD10K-CAM-2-Terrestrial-29-Dog-1809.jpg,0.025245219469070435
SINet/S2C_MT,COD10K-CAM-2-Terrestrial-29-Dog-1810.jpg,0.09502550959587097
SINet/S2C_MT,COD10K-CAM-2-Terrestrial-29-Dog-1811.jpg,0.04189349338412285
SINet/S2C_MT,COD10K-CAM-2-Terrestrial-29-Dog-1812.jpg,0.03536815568804741
SINet/S2C_MT,COD10K-CAM-2-Terrestrial-29-Dog-1813.jpg,0.020269285887479782
SINet/S2C_MT,COD10K-CAM-2-Terrestrial-29-Dog-1818.jpg,0.012521346099674702
SINet/S2C_MT,COD10K-CAM-2-Terrestrial-29-Dog-1819.jpg,0.029030553996562958
SINet/S2C_MT,COD10K-CAM-2-Terrestrial-29-Dog-1821.jpg,0.009411022067070007
SINet/S2C_MT,COD10K-CAM-2-Terrestrial-29-Dog-1822.jpg,0.038529083132743835
SINet/S2C_MT,COD10K-CAM-2-Terrestrial-29-Dog-1823.jpg,0.03957970440387726
SINet/S2C_MT,COD10K-CAM-2-Terrestrial-29-Dog-1824.jpg,0.049038536846637726
SINet/S2C_MT,COD10K-CAM-2-Terrestrial-29-Dog-1826.jpg,0.02022000588476658
SINet/S2C_MT,COD10K-CAM-2-Terrestrial-29-Dog-1828.jpg,0.047953471541404724
SINet/S2C_MT,COD10K-CAM-2-Terrestrial-29-Dog-1833.jpg,0.02198091521859169
SINet/S2C_MT,COD10K-CAM-2-Terrestrial-29-Dog-1839.jpg,0.019581489264965057
SINet/S2C_MT,COD10K-CAM-2-Terrestrial-29-Dog-1841.jpg,0.09255491942167282
SINet/S2C_MT,COD10K-CAM-2-Terrestrial-29-Dog-1842.jpg,0.016434332355856895
SINet/S2C_MT,COD10K-CAM-2-Terrestrial-29-Dog-1843.jpg,0.020684944465756416
SINet/S2C_MT,COD10K-CAM-2-Terrestrial-29-Dog-1844.jpg,0.033545587211847305
SINet/S2C_MT,COD10K-CAM-2-Terrestrial-29-Dog-1845.jpg,0.024978676810860634
SINet/S2C_MT,COD10K-CAM-2-Terrestrial-29-Dog-1846.jpg,0.01289538573473692
SINet/S2C_MT,COD10K-CAM-2-Terrestrial-29-Dog-1847.jpg,0.06862948834896088
SINet/S2C_MT,COD10K-CAM-2-Terrestrial-29-Dog-1848.jpg,0.06440046429634094
SINet/S2C_MT,COD10K-CAM-2-Terrestrial-29-Dog-1849.jpg,0.007494170684367418
SINet/S2C_MT,COD10K-CAM-2-Terrestrial-29-Dog-1850.jpg,0.03390286862850189
SINet/S2C_MT,COD10K-CAM-2-Terrestrial-29-Dog-1852.jpg,0.09480439126491547
SINet/S2C_MT,COD10K-CAM-2-Terrestrial-29-Dog-1855.jpg,0.034186430275440216
SINet/S2C_MT,COD10K-CAM-2-Terrestrial-29-Dog-1857.jpg,0.027233825996518135
SINet/S2C_MT,COD10K-CAM-2-Terrestrial-29-Dog-1858.jpg,0.04525665566325188
SINet/S2C_MT,COD10K-CAM-2-Terrestrial-29-Dog-1859.jpg,0.05332368612289429
SINet/S2C_MT,COD10K-CAM-2-Terrestrial-29-Dog-1860.jpg,0.01475148182362318
SINet/S2C_MT,COD10K-CAM-2-Terrestrial-29-Dog-1861.jpg,0.018862374126911163
SINet/S2C_MT,COD10K-CAM-2-Terrestrial-30-Duck-1863.jpg,0.04752766340970993
SINet/S2C_MT,COD10K-CAM-2-Terrestrial-30-Duck-1864.jpg,0.03479567915201187
SINet/S2C_MT,COD10K-CAM-2-Terrestrial-30-Duck-1865.jpg,0.029001552611589432
SINet/S2C_MT,COD10K-CAM-2-Terrestrial-30-Duck-1867.jpg,0.016171887516975403
SINet/S2C_MT,COD10K-CAM-2-Terrestrial-30-Duck-1869.jpg,0.06272855401039124
SINet/S2C_MT,COD10K-CAM-2-Terrestrial-30-Duck-1872.jpg,0.010631908662617207
SINet/S2C_MT,COD10K-CAM-2-Terrestrial-30-Duck-1874.jpg,0.016192389652132988
SINet/S2C_MT,COD10K-CAM-2-Terrestrial-30-Duck-1875.jpg,0.011204134672880173
SINet/S2C_MT,COD10K-CAM-2-Terrestrial-30-Duck-1877.jpg,0.061965443193912506
SINet/S2C_MT,COD10K-CAM-2-Terrestrial-30-Duck-1878.jpg,0.034609563648700714
SINet/S2C_MT,COD10K-CAM-2-Terrestrial-31-Gecko-1879.jpg,0.03631643205881119
SINet/S2C_MT,COD10K-CAM-2-Terrestrial-31-Gecko-1881.jpg,0.011736582033336163
SINet/S2C_MT,COD10K-CAM-2-Terrestrial-31-Gecko-1883.jpg,0.030183929949998856
SINet/S2C_MT,COD10K-CAM-2-Terrestrial-31-Gecko-1884.jpg,0.03351370990276337
SINet/S2C_MT,COD10K-CAM-2-Terrestrial-31-Gecko-1885.jpg,0.031112518161535263
SINet/S2C_MT,COD10K-CAM-2-Terrestrial-31-Gecko-1886.jpg,0.04784279316663742
SINet/S2C_MT,COD10K-CAM-2-Terrestrial-31-Gecko-1887.jpg,0.032147880643606186
SINet/S2C_MT,COD10K-CAM-2-Terrestrial-31-Gecko-1891.jpg,0.05143488198518753
SINet/S2C_MT,COD10K-CAM-2-Terrestrial-31-Gecko-1894.jpg,0.02832336723804474
SINet/S2C_MT,COD10K-CAM-2-Terrestrial-31-Gecko-1896.jpg,0.06182289868593216
SINet/S2C_MT,COD10K-CAM-2-Terrestrial-31-Gecko-1897.jpg,0.07073499262332916
SINet/S2C_MT,COD10K-CAM-2-Terrestrial-31-Gecko-1898.jpg,0.06507182121276855
SINet/S2C_MT,COD10K-CAM-2-Terrestrial-31-Gecko-1899.jpg,0.023319058120250702
SINet/S2C_MT,COD10K-CAM-2-Terrestrial-31-Gecko-1900.jpg,0.036185123026371
SINet/S2C_MT,COD10K-CAM-2-Terrestrial-31-Gecko-1902.jpg,0.030208008363842964
SINet/S2C_MT,COD10K-CAM-2-Terrestrial-31-Gecko-1904.jpg,0.03132810443639755
SINet/S2C_MT,COD10K-CAM-2-Terrestrial-31-Gecko-1905.jpg,0.035664282739162445
SINet/S2C_MT,COD10K-CAM-2-Terrestrial-31-Gecko-1906.jpg,0.03420131281018257
SINet/S2C_MT,COD10K-CAM-2-Terrestrial-31-Gecko-1909.jpg,0.03574024885892868
SINet/S2C_MT,COD10K-CAM-2-Terrestrial-31-Gecko-1910.jpg,0.04221580922603607
SINet/S2C_MT,COD10K-CAM-2-Terrestrial-31-Gecko-1911.jpg,0.009784483350813389
SINet/S2C_MT,COD10K-CAM-2-Terrestrial-31-Gecko-1912.jpg,0.03609198331832886
SINet/S2C_MT,COD10K-CAM-2-Terrestrial-31-Gecko-1914.jpg,0.018373308703303337
SINet/S2C_MT,COD10K-CAM-2-Terrestrial-31-Gecko-1915.jpg,0.033254124224185944
SINet/S2C_MT,COD10K-CAM-2-Terrestrial-31-Gecko-1916.jpg,0.01567782089114189
SINet/S2C_MT,COD10K-CAM-2-Terrestrial-31-Gecko-1918.jpg,0.008133262395858765
SINet/S2C_MT,COD10K-CAM-2-Terrestrial-31-Gecko-1919.jpg,0.08642571419477463
SINet/S2C_MT,COD10K-CAM-2-Terrestrial-31-Gecko-1921.jpg,0.08607439696788788
SINet/S2C_MT,COD10K-CAM-2-Terrestrial-31-Gecko-1924.jpg,0.0546007864177227
SINet/S2C_MT,COD10K-CAM-2-Terrestrial-31-Gecko-1925.jpg,0.055523015558719635
SINet/S2C_MT,COD10K-CAM-2-Terrestrial-31-Gecko-1926.jpg,0.09515834599733353
SINet/S2C_MT,COD10K-CAM-2-Terrestrial-31-Gecko-1928.jpg,0.03572585806250572
SINet/S2C_MT,COD10K-CAM-2-Terrestrial-32-Giraffe-1930.jpg,0.02654392644762993
SINet/S2C_MT,COD10K-CAM-2-Terrestrial-32-Giraffe-1931.jpg,0.038095779716968536
SINet/S2C_MT,COD10K-CAM-2-Terrestrial-32-Giraffe-1933.jpg,0.028997333720326424
SINet/S2C_MT,COD10K-CAM-2-Terrestrial-32-Giraffe-1936.jpg,0.03847489506006241
SINet/S2C_MT,COD10K-CAM-2-Terrestrial-32-Giraffe-1938.jpg,0.016109377145767212
SINet/S2C_MT,COD10K-CAM-2-Terrestrial-32-Giraffe-1939.jpg,0.035292889922857285
SINet/S2C_MT,COD10K-CAM-2-Terrestrial-32-Giraffe-1943.jpg,0.03720713034272194
SINet/S2C_MT,COD10K-CAM-2-Terrestrial-32-Giraffe-1944.jpg,0.0902269184589386
SINet/S2C_MT,COD10K-CAM-2-Terrestrial-32-Giraffe-1945.jpg,0.009162239730358124
SINet/S2C_MT,COD10K-CAM-2-Terrestrial-32-Giraffe-1946.jpg,0.044723860919475555
SINet/S2C_MT,COD10K-CAM-2-Terrestrial-32-Giraffe-1948.jpg,0.03718782216310501
SINet/S2C_MT,COD10K-CAM-2-Terrestrial-32-Giraffe-1949.jpg,0.11376580595970154
SINet/S2C_MT,COD10K-CAM-2-Terrestrial-33-Grouse-1951.jpg,0.010826666839420795
SINet/S2C_MT,COD10K-CAM-2-Terrestrial-33-Grouse-1953.jpg,0.04435122013092041
SINet/S2C_MT,COD10K-CAM-2-Terrestrial-33-Grouse-1955.jpg,0.021061301231384277
SINet/S2C_MT,COD10K-CAM-2-Terrestrial-33-Grouse-1956.jpg,0.014501091092824936
SINet/S2C_MT,COD10K-CAM-2-Terrestrial-33-Grouse-1957.jpg,0.03531433641910553
SINet/S2C_MT,COD10K-CAM-2-Terrestrial-33-Grouse-1960.jpg,0.04676109552383423
SINet/S2C_MT,COD10K-CAM-2-Terrestrial-33-Grouse-1963.jpg,0.09304512292146683
SINet/S2C_MT,COD10K-CAM-2-Terrestrial-33-Grouse-1964.jpg,0.04618344083428383
SINet/S2C_MT,COD10K-CAM-2-Terrestrial-33-Grouse-1965.jpg,0.014112154021859169
SINet/S2C_MT,COD10K-CAM-2-Terrestrial-33-Grouse-1967.jpg,0.02159377932548523
SINet/S2C_MT,COD10K-CAM-2-Terrestrial-34-Human-1968.jpg,0.05381592735648155
SINet/S2C_MT,COD10K-CAM-2-Terrestrial-34-Human-1969.jpg,0.048884689807891846
SINet/S2C_MT,COD10K-CAM-2-Terrestrial-34-Human-1971.jpg,0.01240613590925932
SINet/S2C_MT,COD10K-CAM-2-Terrestrial-34-Human-1972.jpg,0.01601000688970089
SINet/S2C_MT,COD10K-CAM-2-Terrestrial-34-Human-1974.jpg,0.07099637389183044
SINet/S2C_MT,COD10K-CAM-2-Terrestrial-34-Human-1976.jpg,0.043357644230127335
SINet/S2C_MT,COD10K-CAM-2-Terrestrial-34-Human-1977.jpg,0.04176674410700798
SINet/S2C_MT,COD10K-CAM-2-Terrestrial-34-Human-1979.jpg,0.08169233798980713
SINet/S2C_MT,COD10K-CAM-2-Terrestrial-34-Human-1981.jpg,0.03584645688533783
SINet/S2C_MT,COD10K-CAM-2-Terrestrial-34-Human-1982.jpg,0.02635394223034382
SINet/S2C_MT,COD10K-CAM-2-Terrestrial-34-Human-1984.jpg,0.021069593727588654
SINet/S2C_MT,COD10K-CAM-2-Terrestrial-34-Human-1986.jpg,0.03208761662244797
SINet/S2C_MT,COD10K-CAM-2-Terrestrial-34-Human-1988.jpg,0.023546263575553894
SINet/S2C_MT,COD10K-CAM-2-Terrestrial-34-Human-1989.jpg,0.06831912696361542
SINet/S2C_MT,COD10K-CAM-2-Terrestrial-34-Human-1994.jpg,0.053049035370349884
SINet/S2C_MT,COD10K-CAM-2-Terrestrial-34-Human-1995.jpg,0.12138867378234863
SINet/S2C_MT,COD10K-CAM-2-Terrestrial-34-Human-1999.jpg,0.0683908611536026
SINet/S2C_MT,COD10K-CAM-2-Terrestrial-34-Human-2001.jpg,0.012383215129375458
SINet/S2C_MT,COD10K-CAM-2-Terrestrial-34-Human-2002.jpg,0.07935336232185364
SINet/S2C_MT,COD10K-CAM-2-Terrestrial-34-Human-2003.jpg,0.0444377064704895
SINet/S2C_MT,COD10K-CAM-2-Terrestrial-34-Human-2004.jpg,0.06315815448760986
SINet/S2C_MT,COD10K-CAM-2-Terrestrial-34-Human-2005.jpg,0.10942310094833374
SINet/S2C_MT,COD10K-CAM-2-Terrestrial-34-Human-2006.jpg,0.05941374599933624
SINet/S2C_MT,COD10K-CAM-2-Terrestrial-34-Human-2008.jpg,0.063573457300663
SINet/S2C_MT,COD10K-CAM-2-Terrestrial-34-Human-2009.jpg,0.10038323700428009
SINet/S2C_MT,COD10K-CAM-2-Terrestrial-34-Human-2011.jpg,0.02664167620241642
SINet/S2C_MT,COD10K-CAM-2-Terrestrial-34-Human-2015.jpg,0.0662580281496048
SINet/S2C_MT,COD10K-CAM-2-Terrestrial-34-Human-2016.jpg,0.040932536125183105
SINet/S2C_MT,COD10K-CAM-2-Terrestrial-34-Human-2019.jpg,0.03988577052950859
SINet/S2C_MT,COD10K-CAM-2-Terrestrial-34-Human-2020.jpg,0.023382343351840973
SINet/S2C_MT,COD10K-CAM-2-Terrestrial-34-Human-2021.jpg,0.10661603510379791
SINet/S2C_MT,COD10K-CAM-2-Terrestrial-34-Human-2022.jpg,0.06539742648601532
SINet/S2C_MT,COD10K-CAM-2-Terrestrial-34-Human-2023.jpg,0.008898522704839706
SINet/S2C_MT,COD10K-CAM-2-Terrestrial-34-Human-2024.jpg,0.10720719397068024
SINet/S2C_MT,COD10K-CAM-2-Terrestrial-34-Human-2025.jpg,0.05055613815784454
SINet/S2C_MT,COD10K-CAM-2-Terrestrial-34-Human-2026.jpg,0.044268496334552765
SINet/S2C_MT,COD10K-CAM-2-Terrestrial-34-Human-2027.jpg,0.11460258066654205
SINet/S2C_MT,COD10K-CAM-2-Terrestrial-34-Human-2029.jpg,0.012926843017339706
SINet/S2C_MT,COD10K-CAM-2-Terrestrial-34-Human-2030.jpg,0.08580063283443451
SINet/S2C_MT,COD10K-CAM-2-Terrestrial-34-Human-2032.jpg,0.03443075716495514
SINet/S2C_MT,COD10K-CAM-2-Terrestrial-34-Human-2033.jpg,0.02168726548552513
SINet/S2C_MT,COD10K-CAM-2-Terrestrial-34-Human-2036.jpg,0.04068859666585922
SINet/S2C_MT,COD10K-CAM-2-Terrestrial-34-Human-2038.jpg,0.10198774933815002
SINet/S2C_MT,COD10K-CAM-2-Terrestrial-34-Human-2040.jpg,0.06769765913486481
SINet/S2C_MT,COD10K-CAM-2-Terrestrial-34-Human-2041.jpg,0.06568644195795059
SINet/S2C_MT,COD10K-CAM-2-Terrestrial-34-Human-2042.jpg,0.03367378190159798
SINet/S2C_MT,COD10K-CAM-2-Terrestrial-34-Human-2043.jpg,0.03505035489797592
SINet/S2C_MT,COD10K-CAM-2-Terrestrial-34-Human-2044.jpg,0.013294271193444729
SINet/S2C_MT,COD10K-CAM-2-Terrestrial-34-Human-2046.jpg,0.1029289960861206
SINet/S2C_MT,COD10K-CAM-2-Terrestrial-35-Kangaroo-2047.jpg,0.007211774587631226
SINet/S2C_MT,COD10K-CAM-2-Terrestrial-35-Kangaroo-2048.jpg,0.008891857229173183
SINet/S2C_MT,COD10K-CAM-2-Terrestrial-35-Kangaroo-2051.jpg,0.0767359808087349
SINet/S2C_MT,COD10K-CAM-2-Terrestrial-35-Kangaroo-2052.jpg,0.015865067020058632
SINet/S2C_MT,COD10K-CAM-2-Terrestrial-35-Kangaroo-2054.jpg,0.026077456772327423
SINet/S2C_MT,COD10K-CAM-2-Terrestrial-35-Kangaroo-2055.jpg,0.006657605990767479
SINet/S2C_MT,COD10K-CAM-2-Terrestrial-36-Leopard-2056.jpg,0.04130757600069046
SINet/S2C_MT,COD10K-CAM-2-Terrestrial-36-Leopard-2057.jpg,0.036965277045965195
SINet/S2C_MT,COD10K-CAM-2-Terrestrial-36-Leopard-2058.jpg,0.034457989037036896
SINet/S2C_MT,COD10K-CAM-2-Terrestrial-36-Leopard-2060.jpg,0.07455363124608994
SINet/S2C_MT,COD10K-CAM-2-Terrestrial-36-Leopard-2062.jpg,0.058669716119766235
SINet/S2C_MT,COD10K-CAM-2-Terrestrial-36-Leopard-2065.jpg,0.03252360224723816
SINet/S2C_MT,COD10K-CAM-2-Terrestrial-36-Leopard-2069.jpg,0.04923177510499954
SINet/S2C_MT,COD10K-CAM-2-Terrestrial-36-Leopard-2074.jpg,0.03196258470416069
SINet/S2C_MT,COD10K-CAM-2-Terrestrial-36-Leopard-2075.jpg,0.04746113717556
SINet/S2C_MT,COD10K-CAM-2-Terrestrial-36-Leopard-2078.jpg,0.05179313197731972
SINet/S2C_MT,COD10K-CAM-2-Terrestrial-36-Leopard-2080.jpg,0.02882680669426918
SINet/S2C_MT,COD10K-CAM-2-Terrestrial-36-Leopard-2081.jpg,0.048729944974184036
SINet/S2C_MT,COD10K-CAM-2-Terrestrial-36-Leopard-2083.jpg,0.03266453742980957
SINet/S2C_MT,COD10K-CAM-2-Terrestrial-36-Leopard-2084.jpg,0.03796985000371933
SINet/S2C_MT,COD10K-CAM-2-Terrestrial-36-Leopard-2085.jpg,0.027171967551112175
SINet/S2C_MT,COD10K-CAM-2-Terrestrial-36-Leopard-2086.jpg,0.01874728314578533
SINet/S2C_MT,COD10K-CAM-2-Terrestrial-36-Leopard-2087.jpg,0.039514027535915375
SINet/S2C_MT,COD10K-CAM-2-Terrestrial-36-Leopard-2091.jpg,0.04591266065835953
SINet/S2C_MT,COD10K-CAM-2-Terrestrial-36-Leopard-2093.jpg,0.049633268266916275
SINet/S2C_MT,COD10K-CAM-2-Terrestrial-36-Leopard-2094.jpg,0.031620658934116364
SINet/S2C_MT,COD10K-CAM-2-Terrestrial-36-Leopard-2095.jpg,0.05300343781709671
SINet/S2C_MT,COD10K-CAM-2-Terrestrial-36-Leopard-2096.jpg,0.04980148375034332
SINet/S2C_MT,COD10K-CAM-2-Terrestrial-36-Leopard-2097.jpg,0.05804510787129402
SINet/S2C_MT,COD10K-CAM-2-Terrestrial-36-Leopard-2098.jpg,0.07792040705680847
SINet/S2C_MT,COD10K-CAM-2-Terrestrial-36-Leopard-2099.jpg,0.07175645232200623
SINet/S2C_MT,COD10K-CAM-2-Terrestrial-36-Leopard-2100.jpg,0.033654749393463135
SINet/S2C_MT,COD10K-CAM-2-Terrestrial-36-Leopard-2102.jpg,0.0585319846868515
SINet/S2C_MT,COD10K-CAM-2-Terrestrial-37-Lion-2106.jpg,0.013925966806709766
SINet/S2C_MT,COD10K-CAM-2-Terrestrial-37-Lion-2108.jpg,0.039896413683891296
SINet/S2C_MT,COD10K-CAM-2-Terrestrial-37-Lion-2110.jpg,0.00565148051828146
SINet/S2C_MT,COD10K-CAM-2-Terrestrial-37-Lion-2111.jpg,0.01866530068218708
SINet/S2C_MT,COD10K-CAM-2-Terrestrial-37-Lion-2114.jpg,0.04718475416302681
SINet/S2C_MT,COD10K-CAM-2-Terrestrial-37-Lion-2115.jpg,0.013550282455980778
SINet/S2C_MT,COD10K-CAM-2-Terrestrial-37-Lion-2116.jpg,0.019644401967525482
SINet/S2C_MT,COD10K-CAM-2-Terrestrial-37-Lion-2117.jpg,0.015170891769230366
SINet/S2C_MT,COD10K-CAM-2-Terrestrial-37-Lion-2118.jpg,0.0006101093022152781
SINet/S2C_MT,COD10K-CAM-2-Terrestrial-38-Lizard-2120.jpg,0.043249763548374176
SINet/S2C_MT,COD10K-CAM-2-Terrestrial-38-Lizard-2121.jpg,0.07317385077476501
SINet/S2C_MT,COD10K-CAM-2-Terrestrial-38-Lizard-2122.jpg,0.04637876898050308
SINet/S2C_MT,COD10K-CAM-2-Terrestrial-38-Lizard-2123.jpg,0.052238829433918
SINet/S2C_MT,COD10K-CAM-2-Terrestrial-38-Lizard-2124.jpg,0.043213002383708954
SINet/S2C_MT,COD10K-CAM-2-Terrestrial-38-Lizard-2127.jpg,0.014612384140491486
SINet/S2C_MT,COD10K-CAM-2-Terrestrial-38-Lizard-2128.jpg,0.027560148388147354
SINet/S2C_MT,COD10K-CAM-2-Terrestrial-38-Lizard-2129.jpg,0.03029729425907135
SINet/S2C_MT,COD10K-CAM-2-Terrestrial-38-Lizard-2130.jpg,0.022880693897604942
SINet/S2C_MT,COD10K-CAM-2-Terrestrial-38-Lizard-2131.jpg,0.019423700869083405
SINet/S2C_MT,COD10K-CAM-2-Terrestrial-38-Lizard-2133.jpg,0.016537394374608994
SINet/S2C_MT,COD10K-CAM-2-Terrestrial-38-Lizard-2134.jpg,0.05431978404521942
SINet/S2C_MT,COD10K-CAM-2-Terrestrial-38-Lizard-2136.jpg,0.029723919928073883
SINet/S2C_MT,COD10K-CAM-2-Terrestrial-38-Lizard-2137.jpg,0.03017609938979149
SINet/S2C_MT,COD10K-CAM-2-Terrestrial-38-Lizard-2139.jpg,0.037967026233673096
SINet/S2C_MT,COD10K-CAM-2-Terrestrial-38-Lizard-2140.jpg,0.015767384320497513
SINet/S2C_MT,COD10K-CAM-2-Terrestrial-38-Lizard-2143.jpg,0.0386558398604393
SINet/S2C_MT,COD10K-CAM-2-Terrestrial-38-Lizard-2144.jpg,0.05086752027273178
SINet/S2C_MT,COD10K-CAM-2-Terrestrial-38-Lizard-2145.jpg,0.030041608959436417
SINet/S2C_MT,COD10K-CAM-2-Terrestrial-38-Lizard-2146.jpg,0.024432558566331863
SINet/S2C_MT,COD10K-CAM-2-Terrestrial-38-Lizard-2147.jpg,0.020483389496803284
SINet/S2C_MT,COD10K-CAM-2-Terrestrial-38-Lizard-2148.jpg,0.022737422958016396
SINet/S2C_MT,COD10K-CAM-2-Terrestrial-38-Lizard-2152.jpg,0.03761104494333267
SINet/S2C_MT,COD10K-CAM-2-Terrestrial-38-Lizard-2154.jpg,0.0551549568772316
SINet/S2C_MT,COD10K-CAM-2-Terrestrial-38-Lizard-2156.jpg,0.031682856380939484
SINet/S2C_MT,COD10K-CAM-2-Terrestrial-38-Lizard-2157.jpg,0.023860415443778038
SINet/S2C_MT,COD10K-CAM-2-Terrestrial-38-Lizard-2158.jpg,0.030437178909778595
SINet/S2C_MT,COD10K-CAM-2-Terrestrial-38-Lizard-2159.jpg,0.03002059832215309
SINet/S2C_MT,COD10K-CAM-2-Terrestrial-38-Lizard-2160.jpg,0.04210232198238373
SINet/S2C_MT,COD10K-CAM-2-Terrestrial-38-Lizard-2162.jpg,0.02461043745279312
SINet/S2C_MT,COD10K-CAM-2-Terrestrial-38-Lizard-2163.jpg,0.03679811954498291
SINet/S2C_MT,COD10K-CAM-2-Terrestrial-38-Lizard-2164.jpg,0.053075991570949554
SINet/S2C_MT,COD10K-CAM-2-Terrestrial-38-Lizard-2168.jpg,0.06081921607255936
SINet/S2C_MT,COD10K-CAM-2-Terrestrial-38-Lizard-2169.jpg,0.0557270348072052
SINet/S2C_MT,COD10K-CAM-2-Terrestrial-38-Lizard-2170.jpg,0.038322240114212036
SINet/S2C_MT,COD10K-CAM-2-Terrestrial-38-Lizard-2171.jpg,0.041683852672576904
SINet/S2C_MT,COD10K-CAM-2-Terrestrial-38-Lizard-2174.jpg,0.029704134911298752
SINet/S2C_MT,COD10K-CAM-2-Terrestrial-38-Lizard-2175.jpg,0.01872771419584751
SINet/S2C_MT,COD10K-CAM-2-Terrestrial-38-Lizard-2177.jpg,0.029061172157526016
SINet/S2C_MT,COD10K-CAM-2-Terrestrial-38-Lizard-2181.jpg,0.06835262477397919
SINet/S2C_MT,COD10K-CAM-2-Terrestrial-38-Lizard-2182.jpg,0.030650850385427475
SINet/S2C_MT,COD10K-CAM-2-Terrestrial-38-Lizard-2184.jpg,0.04932405427098274
SINet/S2C_MT,COD10K-CAM-2-Terrestrial-38-Lizard-2186.jpg,0.02204005979001522
SINet/S2C_MT,COD10K-CAM-2-Terrestrial-38-Lizard-2187.jpg,0.007738916203379631
SINet/S2C_MT,COD10K-CAM-2-Terrestrial-38-Lizard-2188.jpg,0.04111018031835556
SINet/S2C_MT,COD10K-CAM-2-Terrestrial-38-Lizard-2189.jpg,0.06234440207481384
SINet/S2C_MT,COD10K-CAM-2-Terrestrial-38-Lizard-2191.jpg,0.024331633001565933
SINet/S2C_MT,COD10K-CAM-2-Terrestrial-38-Lizard-2192.jpg,0.027671024203300476
SINet/S2C_MT,COD10K-CAM-2-Terrestrial-38-Lizard-2193.jpg,0.0287107415497303
SINet/S2C_MT,COD10K-CAM-2-Terrestrial-38-Lizard-2196.jpg,0.02219565585255623
SINet/S2C_MT,COD10K-CAM-2-Terrestrial-38-Lizard-2198.jpg,0.03395576402544975
SINet/S2C_MT,COD10K-CAM-2-Terrestrial-38-Lizard-2199.jpg,0.02097555249929428
SINet/S2C_MT,COD10K-CAM-2-Terrestrial-38-Lizard-2200.jpg,0.033099737018346786
SINet/S2C_MT,COD10K-CAM-2-Terrestrial-38-Lizard-2203.jpg,0.07539945840835571
SINet/S2C_MT,COD10K-CAM-2-Terrestrial-38-Lizard-2206.jpg,0.053535155951976776
SINet/S2C_MT,COD10K-CAM-2-Terrestrial-38-Lizard-2207.jpg,0.018998239189386368
SINet/S2C_MT,COD10K-CAM-2-Terrestrial-38-Lizard-2208.jpg,0.02855049818754196
SINet/S2C_MT,COD10K-CAM-2-Terrestrial-38-Lizard-2209.jpg,0.019601624459028244
SINet/S2C_MT,COD10K-CAM-2-Terrestrial-38-Lizard-2210.jpg,0.031185228377580643
SINet/S2C_MT,COD10K-CAM-2-Terrestrial-38-Lizard-2211.jpg,0.03841716796159744
SINet/S2C_MT,COD10K-CAM-2-Terrestrial-38-Lizard-2214.jpg,0.032925400882959366
SINet/S2C_MT,COD10K-CAM-2-Terrestrial-38-Lizard-2215.jpg,0.047515999525785446
SINet/S2C_MT,COD10K-CAM-2-Terrestrial-38-Lizard-2219.jpg,0.03798699378967285
SINet/S2C_MT,COD10K-CAM-2-Terrestrial-38-Lizard-2221.jpg,0.075189009308815
SINet/S2C_MT,COD10K-CAM-2-Terrestrial-38-Lizard-2222.jpg,0.04247693717479706
SINet/S2C_MT,COD10K-CAM-2-Terrestrial-38-Lizard-2223.jpg,0.03486804664134979
SINet/S2C_MT,COD10K-CAM-2-Terrestrial-38-Lizard-2226.jpg,0.02978571318089962
SINet/S2C_MT,COD10K-CAM-2-Terrestrial-38-Lizard-2227.jpg,0.06334815174341202
SINet/S2C_MT,COD10K-CAM-2-Terrestrial-38-Lizard-2228.jpg,0.02535048872232437
SINet/S2C_MT,COD10K-CAM-2-Terrestrial-38-Lizard-2230.jpg,0.020084954798221588
SINet/S2C_MT,COD10K-CAM-2-Terrestrial-38-Lizard-2234.jpg,0.05114608258008957
SINet/S2C_MT,COD10K-CAM-2-Terrestrial-38-Lizard-2236.jpg,0.041708238422870636
SINet/S2C_MT,COD10K-CAM-2-Terrestrial-38-Lizard-2237.jpg,0.0391579270362854
SINet/S2C_MT,COD10K-CAM-2-Terrestrial-38-Lizard-2238.jpg,0.05684220418334007
SINet/S2C_MT,COD10K-CAM-2-Terrestrial-38-Lizard-2239.jpg,0.049309276044368744
SINet/S2C_MT,COD10K-CAM-2-Terrestrial-38-Lizard-2242.jpg,0.059847570955753326
SINet/S2C_MT,COD10K-CAM-2-Terrestrial-38-Lizard-2246.jpg,0.01585525833070278
SINet/S2C_MT,COD10K-CAM-2-Terrestrial-38-Lizard-2247.jpg,0.05982706695795059
SINet/S2C_MT,COD10K-CAM-2-Terrestrial-38-Lizard-2249.jpg,0.040626995265483856
SINet/S2C_MT,COD10K-CAM-2-Terrestrial-38-Lizard-2250.jpg,0.019666451960802078
SINet/S2C_MT,COD10K-CAM-2-Terrestrial-38-Lizard-2252.jpg,0.03555888682603836
SINet/S2C_MT,COD10K-CAM-2-Terrestrial-38-Lizard-2253.jpg,0.10500729084014893
SINet/S2C_MT,COD10K-CAM-2-Terrestrial-38-Lizard-2254.jpg,0.07012960314750671
SINet/S2C_MT,COD10K-CAM-2-Terrestrial-38-Lizard-2255.jpg,0.02941744029521942
SINet/S2C_MT,COD10K-CAM-2-Terrestrial-38-Lizard-2257.jpg,0.030387040227651596
SINet/S2C_MT,COD10K-CAM-2-Terrestrial-38-Lizard-2258.jpg,0.05229463800787926
SINet/S2C_MT,COD10K-CAM-2-Terrestrial-38-Lizard-2259.jpg,0.019463639706373215
SINet/S2C_MT,COD10K-CAM-2-Terrestrial-38-Lizard-2260.jpg,0.04604282230138779
SINet/S2C_MT,COD10K-CAM-2-Terrestrial-38-Lizard-2262.jpg,0.013605182990431786
SINet/S2C_MT,COD10K-CAM-2-Terrestrial-38-Lizard-2263.jpg,0.0780162513256073
SINet/S2C_MT,COD10K-CAM-2-Terrestrial-38-Lizard-2265.jpg,0.10247151553630829
SINet/S2C_MT,COD10K-CAM-2-Terrestrial-38-Lizard-2267.jpg,0.014362737536430359
SINet/S2C_MT,COD10K-CAM-2-Terrestrial-38-Lizard-2268.jpg,0.03350687026977539
SINet/S2C_MT,COD10K-CAM-2-Terrestrial-38-Lizard-2269.jpg,0.03708787262439728
SINet/S2C_MT,COD10K-CAM-2-Terrestrial-38-Lizard-2270.jpg,0.04117751121520996
SINet/S2C_MT,COD10K-CAM-2-Terrestrial-38-Lizard-2271.jpg,0.042445890605449677
SINet/S2C_MT,COD10K-CAM-2-Terrestrial-38-Lizard-2272.jpg,0.0344960018992424
SINet/S2C_MT,COD10K-CAM-2-Terrestrial-38-Lizard-2274.jpg,0.04616378992795944
SINet/S2C_MT,COD10K-CAM-2-Terrestrial-38-Lizard-2275.jpg,0.02125815488398075
SINet/S2C_MT,COD10K-CAM-2-Terrestrial-38-Lizard-2277.jpg,0.022971320897340775
SINet/S2C_MT,COD10K-CAM-2-Terrestrial-38-Lizard-2280.jpg,0.018180659040808678
SINet/S2C_MT,COD10K-CAM-2-Terrestrial-38-Lizard-2281.jpg,0.07913924008607864
SINet/S2C_MT,COD10K-CAM-2-Terrestrial-38-Lizard-2283.jpg,0.054466038942337036
SINet/S2C_MT,COD10K-CAM-2-Terrestrial-38-Lizard-2284.jpg,0.04903338477015495
SINet/S2C_MT,COD10K-CAM-2-Terrestrial-38-Lizard-2287.jpg,0.037392228841781616
SINet/S2C_MT,COD10K-CAM-2-Terrestrial-38-Lizard-2289.jpg,0.0330614298582077
SINet/S2C_MT,COD10K-CAM-2-Terrestrial-38-Lizard-2290.jpg,0.012725606560707092
SINet/S2C_MT,COD10K-CAM-2-Terrestrial-38-Lizard-2292.jpg,0.031640440225601196
SINet/S2C_MT,COD10K-CAM-2-Terrestrial-38-Lizard-2293.jpg,0.02676074579358101
SINet/S2C_MT,COD10K-CAM-2-Terrestrial-38-Lizard-2296.jpg,0.030539099127054214
SINet/S2C_MT,COD10K-CAM-2-Terrestrial-38-Lizard-2297.jpg,0.031712256371974945
SINet/S2C_MT,COD10K-CAM-2-Terrestrial-38-Lizard-2298.jpg,0.05701892450451851
SINet/S2C_MT,COD10K-CAM-2-Terrestrial-38-Lizard-2299.jpg,0.05936548858880997
SINet/S2C_MT,COD10K-CAM-2-Terrestrial-38-Lizard-2300.jpg,0.028636276721954346
SINet/S2C_MT,COD10K-CAM-2-Terrestrial-38-Lizard-2301.jpg,0.03254912793636322
SINet/S2C_MT,COD10K-CAM-2-Terrestrial-38-Lizard-2302.jpg,0.08349242806434631
SINet/S2C_MT,COD10K-CAM-2-Terrestrial-38-Lizard-2303.jpg,0.03406699746847153
SINet/S2C_MT,COD10K-CAM-2-Terrestrial-38-Lizard-2305.jpg,0.053786128759384155
SINet/S2C_MT,COD10K-CAM-2-Terrestrial-38-Lizard-2306.jpg,0.030884455889463425
SINet/S2C_MT,COD10K-CAM-2-Terrestrial-38-Lizard-2310.jpg,0.09017424285411835
SINet/S2C_MT,COD10K-CAM-2-Terrestrial-38-Lizard-2311.jpg,0.022185852751135826
SINet/S2C_MT,COD10K-CAM-2-Terrestrial-38-Lizard-2312.jpg,0.014576449990272522
SINet/S2C_MT,COD10K-CAM-2-Terrestrial-38-Lizard-2313.jpg,0.019695168361067772
SINet/S2C_MT,COD10K-CAM-2-Terrestrial-38-Lizard-2314.jpg,0.009320313110947609
SINet/S2C_MT,COD10K-CAM-2-Terrestrial-38-Lizard-2317.jpg,0.01826661452651024
SINet/S2C_MT,COD10K-CAM-2-Terrestrial-38-Lizard-2318.jpg,0.016050396487116814
SINet/S2C_MT,COD10K-CAM-2-Terrestrial-38-Lizard-2320.jpg,0.06453505158424377
SINet/S2C_MT,COD10K-CAM-2-Terrestrial-38-Lizard-2321.jpg,0.03349565342068672
SINet/S2C_MT,COD10K-CAM-2-Terrestrial-38-Lizard-2322.jpg,0.03275960683822632
SINet/S2C_MT,COD10K-CAM-2-Terrestrial-38-Lizard-2323.jpg,0.04431231692433357
SINet/S2C_MT,COD10K-CAM-2-Terrestrial-38-Lizard-2325.jpg,0.030242441222071648
SINet/S2C_MT,COD10K-CAM-2-Terrestrial-38-Lizard-2327.jpg,0.021951615810394287
SINet/S2C_MT,COD10K-CAM-2-Terrestrial-38-Lizard-2328.jpg,0.06457757949829102
SINet/S2C_MT,COD10K-CAM-2-Terrestrial-38-Lizard-2329.jpg,0.03620016574859619
SINet/S2C_MT,COD10K-CAM-2-Terrestrial-38-Lizard-2330.jpg,0.028888298198580742
SINet/S2C_MT,COD10K-CAM-2-Terrestrial-38-Lizard-2331.jpg,0.018727850168943405
SINet/S2C_MT,COD10K-CAM-2-Terrestrial-38-Lizard-2332.jpg,0.028307225555181503
SINet/S2C_MT,COD10K-CAM-2-Terrestrial-39-Monkey-2334.jpg,0.08743748068809509
SINet/S2C_MT,COD10K-CAM-2-Terrestrial-39-Monkey-2335.jpg,0.1186409518122673
SINet/S2C_MT,COD10K-CAM-2-Terrestrial-39-Monkey-2336.jpg,0.018861712887883186
SINet/S2C_MT,COD10K-CAM-2-Terrestrial-39-Monkey-2337.jpg,0.06439598649740219
SINet/S2C_MT,COD10K-CAM-2-Terrestrial-40-Rabbit-2342.jpg,0.006726281717419624
SINet/S2C_MT,COD10K-CAM-2-Terrestrial-40-Rabbit-2343.jpg,0.0387224517762661
SINet/S2C_MT,COD10K-CAM-2-Terrestrial-40-Rabbit-2345.jpg,0.006254160311073065
SINet/S2C_MT,COD10K-CAM-2-Terrestrial-40-Rabbit-2349.jpg,0.01736903190612793
SINet/S2C_MT,COD10K-CAM-2-Terrestrial-40-Rabbit-2350.jpg,0.011442899703979492
SINet/S2C_MT,COD10K-CAM-2-Terrestrial-40-Rabbit-2353.jpg,0.01942109875380993
SINet/S2C_MT,COD10K-CAM-2-Terrestrial-40-Rabbit-2354.jpg,0.013076486065983772
SINet/S2C_MT,COD10K-CAM-2-Terrestrial-40-Rabbit-2355.jpg,0.006499210372567177
SINet/S2C_MT,COD10K-CAM-2-Terrestrial-40-Rabbit-2357.jpg,0.013712218031287193
SINet/S2C_MT,COD10K-CAM-2-Terrestrial-40-Rabbit-2359.jpg,0.040981095284223557
SINet/S2C_MT,COD10K-CAM-2-Terrestrial-40-Rabbit-2361.jpg,0.04289301112294197
SINet/S2C_MT,COD10K-CAM-2-Terrestrial-40-Rabbit-2362.jpg,0.03246426209807396
SINet/S2C_MT,COD10K-CAM-2-Terrestrial-40-Rabbit-2363.jpg,0.004836669657379389
SINet/S2C_MT,COD10K-CAM-2-Terrestrial-40-Rabbit-2364.jpg,0.021240126341581345
SINet/S2C_MT,COD10K-CAM-2-Terrestrial-40-Rabbit-2365.jpg,0.031227463856339455
SINet/S2C_MT,COD10K-CAM-2-Terrestrial-40-Rabbit-2367.jpg,0.05019260197877884
SINet/S2C_MT,COD10K-CAM-2-Terrestrial-40-Rabbit-2370.jpg,0.0618249848484993
SINet/S2C_MT,COD10K-CAM-2-Terrestrial-40-Rabbit-2372.jpg,0.02306974306702614
SINet/S2C_MT,COD10K-CAM-2-Terrestrial-41-Reccoon-2376.jpg,0.06995150446891785
SINet/S2C_MT,COD10K-CAM-2-Terrestrial-41-Reccoon-2377.jpg,0.03089153580367565
SINet/S2C_MT,COD10K-CAM-2-Terrestrial-41-Reccoon-2378.jpg,0.04127759486436844
SINet/S2C_MT,COD10K-CAM-2-Terrestrial-42-Sciuridae-2381.jpg,0.07986806333065033
SINet/S2C_MT,COD10K-CAM-2-Terrestrial-42-Sciuridae-2385.jpg,0.027189400047063828
SINet/S2C_MT,COD10K-CAM-2-Terrestrial-42-Sciuridae-2387.jpg,0.06249352544546127
SINet/S2C_MT,COD10K-CAM-2-Terrestrial-42-Sciuridae-2388.jpg,0.052140600979328156
SINet/S2C_MT,COD10K-CAM-2-Terrestrial-42-Sciuridae-2389.jpg,0.010870215483009815
SINet/S2C_MT,COD10K-CAM-2-Terrestrial-42-Sciuridae-2390.jpg,0.03671049699187279
SINet/S2C_MT,COD10K-CAM-2-Terrestrial-42-Sciuridae-2391.jpg,0.07379716634750366
SINet/S2C_MT,COD10K-CAM-2-Terrestrial-42-Sciuridae-2392.jpg,0.02781634032726288
SINet/S2C_MT,COD10K-CAM-2-Terrestrial-42-Sciuridae-2393.jpg,0.04257073998451233
SINet/S2C_MT,COD10K-CAM-2-Terrestrial-42-Sciuridae-2394.jpg,0.05348944291472435
SINet/S2C_MT,COD10K-CAM-2-Terrestrial-42-Sciuridae-2396.jpg,0.04235187917947769
SINet/S2C_MT,COD10K-CAM-2-Terrestrial-42-Sciuridae-2398.jpg,0.05398029834032059
SINet/S2C_MT,COD10K-CAM-2-Terrestrial-42-Sciuridae-2399.jpg,0.03217142075300217
SINet/S2C_MT,COD10K-CAM-2-Terrestrial-42-Sciuridae-2403.jpg,0.04838962480425835
SINet/S2C_MT,COD10K-CAM-2-Terrestrial-42-Sciuridae-2404.jpg,0.04122389853000641
SINet/S2C_MT,COD10K-CAM-2-Terrestrial-42-Sciuridae-2405.jpg,0.06253600120544434
SINet/S2C_MT,COD10K-CAM-2-Terrestrial-42-Sciuridae-2406.jpg,0.03279610723257065
SINet/S2C_MT,COD10K-CAM-2-Terrestrial-42-Sciuridae-2409.jpg,0.061431363224983215
SINet/S2C_MT,COD10K-CAM-2-Terrestrial-42-Sciuridae-2411.jpg,0.013117719441652298
SINet/S2C_MT,COD10K-CAM-2-Terrestrial-42-Sciuridae-2412.jpg,0.0363602489233017
SINet/S2C_MT,COD10K-CAM-2-Terrestrial-42-Sciuridae-2414.jpg,0.022462967783212662
SINet/S2C_MT,COD10K-CAM-2-Terrestrial-42-Sciuridae-2415.jpg,0.022143909707665443
SINet/S2C_MT,COD10K-CAM-2-Terrestrial-42-Sciuridae-2416.jpg,0.033181898295879364
SINet/S2C_MT,COD10K-CAM-2-Terrestrial-42-Sciuridae-2417.jpg,0.0136781707406044
SINet/S2C_MT,COD10K-CAM-2-Terrestrial-43-Sheep-2419.jpg,0.016284920275211334
SINet/S2C_MT,COD10K-CAM-2-Terrestrial-43-Sheep-2420.jpg,0.03252916783094406
SINet/S2C_MT,COD10K-CAM-2-Terrestrial-43-Sheep-2421.jpg,0.06505382061004639
SINet/S2C_MT,COD10K-CAM-2-Terrestrial-43-Sheep-2423.jpg,0.03977879136800766
SINet/S2C_MT,COD10K-CAM-2-Terrestrial-44-Snake-2425.jpg,0.02404840663075447
SINet/S2C_MT,COD10K-CAM-2-Terrestrial-44-Snake-2426.jpg,0.026270823553204536
SINet/S2C_MT,COD10K-CAM-2-Terrestrial-44-Snake-2427.jpg,0.012715373188257217
SINet/S2C_MT,COD10K-CAM-2-Terrestrial-44-Snake-2428.jpg,0.021686557680368423
SINet/S2C_MT,COD10K-CAM-2-Terrestrial-44-Snake-2429.jpg,0.037808600813150406
SINet/S2C_MT,COD10K-CAM-2-Terrestrial-44-Snake-2430.jpg,0.03349892795085907
SINet/S2C_MT,COD10K-CAM-2-Terrestrial-44-Snake-2431.jpg,0.0439908392727375
SINet/S2C_MT,COD10K-CAM-2-Terrestrial-44-Snake-2432.jpg,0.04843958467245102
SINet/S2C_MT,COD10K-CAM-2-Terrestrial-44-Snake-2433.jpg,0.026364492252469063
SINet/S2C_MT,COD10K-CAM-2-Terrestrial-44-Snake-2435.jpg,0.02634902112185955
SINet/S2C_MT,COD10K-CAM-2-Terrestrial-44-Snake-2436.jpg,0.04548601061105728
SINet/S2C_MT,COD10K-CAM-2-Terrestrial-44-Snake-2438.jpg,0.04135344177484512
SINet/S2C_MT,COD10K-CAM-2-Terrestrial-44-Snake-2439.jpg,0.04319467395544052
SINet/S2C_MT,COD10K-CAM-2-Terrestrial-44-Snake-2441.jpg,0.03514452278614044
SINet/S2C_MT,COD10K-CAM-2-Terrestrial-44-Snake-2442.jpg,0.02871238812804222
SINet/S2C_MT,COD10K-CAM-2-Terrestrial-44-Snake-2443.jpg,0.018350204452872276
SINet/S2C_MT,COD10K-CAM-2-Terrestrial-44-Snake-2445.jpg,0.036553457379341125
SINet/S2C_MT,COD10K-CAM-2-Terrestrial-44-Snake-2446.jpg,0.0576503723859787
SINet/S2C_MT,COD10K-CAM-2-Terrestrial-44-Snake-2447.jpg,0.04975825920701027
SINet/S2C_MT,COD10K-CAM-2-Terrestrial-44-Snake-2450.jpg,0.053008344024419785
SINet/S2C_MT,COD10K-CAM-2-Terrestrial-44-Snake-2455.jpg,0.057022444903850555
SINet/S2C_MT,COD10K-CAM-2-Terrestrial-44-Snake-2457.jpg,0.030848104506731033
SINet/S2C_MT,COD10K-CAM-2-Terrestrial-44-Snake-2459.jpg,0.017303386703133583
SINet/S2C_MT,COD10K-CAM-2-Terrestrial-44-Snake-2460.jpg,0.015501921996474266
SINet/S2C_MT,COD10K-CAM-2-Terrestrial-44-Snake-2462.jpg,0.04041287675499916
SINet/S2C_MT,COD10K-CAM-2-Terrestrial-44-Snake-2463.jpg,0.0166708305478096
SINet/S2C_MT,COD10K-CAM-2-Terrestrial-44-Snake-2464.jpg,0.061199359595775604
SINet/S2C_MT,COD10K-CAM-2-Terrestrial-44-Snake-2468.jpg,0.0347982719540596
SINet/S2C_MT,COD10K-CAM-2-Terrestrial-44-Snake-2469.jpg,0.07699063420295715
SINet/S2C_MT,COD10K-CAM-2-Terrestrial-44-Snake-2470.jpg,0.04468753561377525
SINet/S2C_MT,COD10K-CAM-2-Terrestrial-44-Snake-2473.jpg,0.08123509585857391
SINet/S2C_MT,COD10K-CAM-2-Terrestrial-44-Snake-2475.jpg,0.06296619772911072
SINet/S2C_MT,COD10K-CAM-2-Terrestrial-44-Snake-2477.jpg,0.05421040952205658
SINet/S2C_MT,COD10K-CAM-2-Terrestrial-44-Snake-2478.jpg,0.06657358258962631
SINet/S2C_MT,COD10K-CAM-2-Terrestrial-44-Snake-2480.jpg,0.020290914922952652
SINet/S2C_MT,COD10K-CAM-2-Terrestrial-44-Snake-2483.jpg,0.029049167409539223
SINet/S2C_MT,COD10K-CAM-2-Terrestrial-44-Snake-2486.jpg,0.03212359920144081
SINet/S2C_MT,COD10K-CAM-2-Terrestrial-44-Snake-2487.jpg,0.027883747592568398
SINet/S2C_MT,COD10K-CAM-2-Terrestrial-44-Snake-2488.jpg,0.04570412263274193
SINet/S2C_MT,COD10K-CAM-2-Terrestrial-44-Snake-2489.jpg,0.05149257928133011
SINet/S2C_MT,COD10K-CAM-2-Terrestrial-44-Snake-2490.jpg,0.0376725010573864
SINet/S2C_MT,COD10K-CAM-2-Terrestrial-45-Spider-2493.jpg,0.019723735749721527
SINet/S2C_MT,COD10K-CAM-2-Terrestrial-45-Spider-2495.jpg,0.01890772208571434
SINet/S2C_MT,COD10K-CAM-2-Terrestrial-45-Spider-2496.jpg,0.06709331274032593
SINet/S2C_MT,COD10K-CAM-2-Terrestrial-45-Spider-2497.jpg,0.03717370703816414
SINet/S2C_MT,COD10K-CAM-2-Terrestrial-45-Spider-2499.jpg,0.040329162031412125
SINet/S2C_MT,COD10K-CAM-2-Terrestrial-45-Spider-2500.jpg,0.02103075198829174
SINet/S2C_MT,COD10K-CAM-2-Terrestrial-45-Spider-2502.jpg,0.03292921185493469
SINet/S2C_MT,COD10K-CAM-2-Terrestrial-45-Spider-2503.jpg,0.07456139475107193
SINet/S2C_MT,COD10K-CAM-2-Terrestrial-45-Spider-2504.jpg,0.0727129876613617
SINet/S2C_MT,COD10K-CAM-2-Terrestrial-45-Spider-2505.jpg,0.0471293069422245
SINet/S2C_MT,COD10K-CAM-2-Terrestrial-45-Spider-2507.jpg,0.037731338292360306
SINet/S2C_MT,COD10K-CAM-2-Terrestrial-45-Spider-2509.jpg,0.0835404172539711
SINet/S2C_MT,COD10K-CAM-2-Terrestrial-45-Spider-2512.jpg,0.026148950681090355
SINet/S2C_MT,COD10K-CAM-2-Terrestrial-45-Spider-2513.jpg,0.022805670276284218
SINet/S2C_MT,COD10K-CAM-2-Terrestrial-45-Spider-2515.jpg,0.04053342714905739
SINet/S2C_MT,COD10K-CAM-2-Terrestrial-45-Spider-2516.jpg,0.025408700108528137
SINet/S2C_MT,COD10K-CAM-2-Terrestrial-45-Spider-2517.jpg,0.043310508131980896
SINet/S2C_MT,COD10K-CAM-2-Terrestrial-45-Spider-2518.jpg,0.024229055270552635
SINet/S2C_MT,COD10K-CAM-2-Terrestrial-45-Spider-2521.jpg,0.06562743335962296
SINet/S2C_MT,COD10K-CAM-2-Terrestrial-45-Spider-2522.jpg,0.019046396017074585
SINet/S2C_MT,COD10K-CAM-2-Terrestrial-45-Spider-2523.jpg,0.02086576446890831
SINet/S2C_MT,COD10K-CAM-2-Terrestrial-45-Spider-2525.jpg,0.03815320134162903
SINet/S2C_MT,COD10K-CAM-2-Terrestrial-45-Spider-2528.jpg,0.06223577633500099
SINet/S2C_MT,COD10K-CAM-2-Terrestrial-45-Spider-2530.jpg,0.019328348338603973
SINet/S2C_MT,COD10K-CAM-2-Terrestrial-45-Spider-2533.jpg,0.0282153207808733
SINet/S2C_MT,COD10K-CAM-2-Terrestrial-45-Spider-2536.jpg,0.026731235906481743
SINet/S2C_MT,COD10K-CAM-2-Terrestrial-45-Spider-2537.jpg,0.02108021080493927
SINet/S2C_MT,COD10K-CAM-2-Terrestrial-45-Spider-2539.jpg,0.020673342049121857
SINet/S2C_MT,COD10K-CAM-2-Terrestrial-45-Spider-2541.jpg,0.04808749258518219
SINet/S2C_MT,COD10K-CAM-2-Terrestrial-45-Spider-2542.jpg,0.03377169370651245
SINet/S2C_MT,COD10K-CAM-2-Terrestrial-45-Spider-2543.jpg,0.014917807653546333
SINet/S2C_MT,COD10K-CAM-2-Terrestrial-45-Spider-2545.jpg,0.030166588723659515
SINet/S2C_MT,COD10K-CAM-2-Terrestrial-45-Spider-2546.jpg,0.04575726389884949
SINet/S2C_MT,COD10K-CAM-2-Terrestrial-45-Spider-2547.jpg,0.02198801003396511
SINet/S2C_MT,COD10K-CAM-2-Terrestrial-45-Spider-2548.jpg,0.05822700262069702
SINet/S2C_MT,COD10K-CAM-2-Terrestrial-45-Spider-2549.jpg,0.030418947339057922
SINet/S2C_MT,COD10K-CAM-2-Terrestrial-45-Spider-2550.jpg,0.03917805105447769
SINet/S2C_MT,COD10K-CAM-2-Terrestrial-45-Spider-2555.jpg,0.008786643855273724
SINet/S2C_MT,COD10K-CAM-2-Terrestrial-45-Spider-2556.jpg,0.03756462782621384
SINet/S2C_MT,COD10K-CAM-2-Terrestrial-45-Spider-2557.jpg,0.04862295836210251
SINet/S2C_MT,COD10K-CAM-2-Terrestrial-45-Spider-2558.jpg,0.03824711963534355
SINet/S2C_MT,COD10K-CAM-2-Terrestrial-45-Spider-2559.jpg,0.02099641226232052
SINet/S2C_MT,COD10K-CAM-2-Terrestrial-45-Spider-2560.jpg,0.02071746625006199
SINet/S2C_MT,COD10K-CAM-2-Terrestrial-45-Spider-2561.jpg,0.033019959926605225
SINet/S2C_MT,COD10K-CAM-2-Terrestrial-45-Spider-2562.jpg,0.03285041078925133
SINet/S2C_MT,COD10K-CAM-2-Terrestrial-45-Spider-2563.jpg,0.06922324746847153
SINet/S2C_MT,COD10K-CAM-2-Terrestrial-45-Spider-2564.jpg,0.03646593168377876
SINet/S2C_MT,COD10K-CAM-2-Terrestrial-45-Spider-2565.jpg,0.026969430968165398
SINet/S2C_MT,COD10K-CAM-2-Terrestrial-45-Spider-2568.jpg,0.021000348031520844
SINet/S2C_MT,COD10K-CAM-2-Terrestrial-45-Spider-2569.jpg,0.07140672951936722
SINet/S2C_MT,COD10K-CAM-2-Terrestrial-45-Spider-2570.jpg,0.027187086641788483
SINet/S2C_MT,COD10K-CAM-2-Terrestrial-45-Spider-2571.jpg,0.038981810212135315
SINet/S2C_MT,COD10K-CAM-2-Terrestrial-45-Spider-2572.jpg,0.026026766747236252
SINet/S2C_MT,COD10K-CAM-2-Terrestrial-45-Spider-2573.jpg,0.12028973549604416
SINet/S2C_MT,COD10K-CAM-2-Terrestrial-45-Spider-2574.jpg,0.06675072759389877
SINet/S2C_MT,COD10K-CAM-2-Terrestrial-45-Spider-2577.jpg,0.07505643367767334
SINet/S2C_MT,COD10K-CAM-2-Terrestrial-45-Spider-2578.jpg,0.0795566737651825
SINet/S2C_MT,COD10K-CAM-2-Terrestrial-45-Spider-2582.jpg,0.05349422246217728
SINet/S2C_MT,COD10K-CAM-2-Terrestrial-45-Spider-2583.jpg,0.06397415697574615
SINet/S2C_MT,COD10K-CAM-2-Terrestrial-45-Spider-2584.jpg,0.07599477469921112
SINet/S2C_MT,COD10K-CAM-2-Terrestrial-45-Spider-2585.jpg,0.012954257428646088
SINet/S2C_MT,COD10K-CAM-2-Terrestrial-45-Spider-2589.jpg,0.029268287122249603
SINet/S2C_MT,COD10K-CAM-2-Terrestrial-45-Spider-2590.jpg,0.02632388472557068
SINet/S2C_MT,COD10K-CAM-2-Terrestrial-45-Spider-2591.jpg,0.024193482473492622
SINet/S2C_MT,COD10K-CAM-2-Terrestrial-45-Spider-2594.jpg,0.0201299749314785
SINet/S2C_MT,COD10K-CAM-2-Terrestrial-45-Spider-2596.jpg,0.0090255718678236
SINet/S2C_MT,COD10K-CAM-2-Terrestrial-45-Spider-2597.jpg,0.09584584087133408
SINet/S2C_MT,COD10K-CAM-2-Terrestrial-45-Spider-2598.jpg,0.029996074736118317
SINet/S2C_MT,COD10K-CAM-2-Terrestrial-45-Spider-2599.jpg,0.04536925256252289
SINet/S2C_MT,COD10K-CAM-2-Terrestrial-45-Spider-2600.jpg,0.017524007707834244
SINet/S2C_MT,COD10K-CAM-2-Terrestrial-45-Spider-2604.jpg,0.12062184512615204
SINet/S2C_MT,COD10K-CAM-2-Terrestrial-45-Spider-2607.jpg,0.0673862174153328
SINet/S2C_MT,COD10K-CAM-2-Terrestrial-45-Spider-2608.jpg,0.014189168810844421
SINet/S2C_MT,COD10K-CAM-2-Terrestrial-45-Spider-2610.jpg,0.01707710139453411
SINet/S2C_MT,COD10K-CAM-2-Terrestrial-45-Spider-2611.jpg,0.0586627721786499
SINet/S2C_MT,COD10K-CAM-2-Terrestrial-45-Spider-2612.jpg,0.05406728386878967
SINet/S2C_MT,COD10K-CAM-2-Terrestrial-45-Spider-2613.jpg,0.029074469581246376
SINet/S2C_MT,COD10K-CAM-2-Terrestrial-45-Spider-2615.jpg,0.061637185513973236
SINet/S2C_MT,COD10K-CAM-2-Terrestrial-45-Spider-2618.jpg,0.010469871573150158
SINet/S2C_MT,COD10K-CAM-2-Terrestrial-45-Spider-2619.jpg,0.039534252136945724
SINet/S2C_MT,COD10K-CAM-2-Terrestrial-45-Spider-2622.jpg,0.07656274735927582
SINet/S2C_MT,COD10K-CAM-2-Terrestrial-45-Spider-2623.jpg,0.02193472720682621
SINet/S2C_MT,COD10K-CAM-2-Terrestrial-45-Spider-2624.jpg,0.014483757317066193
SINet/S2C_MT,COD10K-CAM-2-Terrestrial-45-Spider-2625.jpg,0.05159810930490494
SINet/S2C_MT,COD10K-CAM-2-Terrestrial-45-Spider-2628.jpg,0.05835657939314842
SINet/S2C_MT,COD10K-CAM-2-Terrestrial-45-Spider-2629.jpg,0.035298269242048264
SINet/S2C_MT,COD10K-CAM-2-Terrestrial-45-Spider-2633.jpg,0.030455052852630615
SINet/S2C_MT,COD10K-CAM-2-Terrestrial-45-Spider-2634.jpg,0.03844987601041794
SINet/S2C_MT,COD10K-CAM-2-Terrestrial-45-Spider-2635.jpg,0.03039272129535675
SINet/S2C_MT,COD10K-CAM-2-Terrestrial-45-Spider-2636.jpg,0.010603921487927437
SINet/S2C_MT,COD10K-CAM-2-Terrestrial-45-Spider-2638.jpg,0.04164229705929756
SINet/S2C_MT,COD10K-CAM-2-Terrestrial-45-Spider-2639.jpg,0.03423665463924408
SINet/S2C_MT,COD10K-CAM-2-Terrestrial-45-Spider-2642.jpg,0.05601127818226814
SINet/S2C_MT,COD10K-CAM-2-Terrestrial-45-Spider-2643.jpg,0.02068411372601986
SINet/S2C_MT,COD10K-CAM-2-Terrestrial-45-Spider-2644.jpg,0.033053647726774216
SINet/S2C_MT,COD10K-CAM-2-Terrestrial-45-Spider-2647.jpg,0.06024603918194771
SINet/S2C_MT,COD10K-CAM-2-Terrestrial-45-Spider-2648.jpg,0.04213514178991318
SINet/S2C_MT,COD10K-CAM-2-Terrestrial-45-Spider-2651.jpg,0.031524769961833954
SINet/S2C_MT,COD10K-CAM-2-Terrestrial-45-Spider-2654.jpg,0.11727537959814072
SINet/S2C_MT,COD10K-CAM-2-Terrestrial-45-Spider-2655.jpg,0.03459782898426056
SINet/S2C_MT,COD10K-CAM-2-Terrestrial-45-Spider-2657.jpg,0.05094103515148163
SINet/S2C_MT,COD10K-CAM-2-Terrestrial-45-Spider-2660.jpg,0.034337084740400314
SINet/S2C_MT,COD10K-CAM-2-Terrestrial-45-Spider-2661.jpg,0.05315179005265236
SINet/S2C_MT,COD10K-CAM-2-Terrestrial-45-Spider-2662.jpg,0.02935795485973358
SINet/S2C_MT,COD10K-CAM-2-Terrestrial-45-Spider-2663.jpg,0.04521013796329498
SINet/S2C_MT,COD10K-CAM-2-Terrestrial-45-Spider-2664.jpg,0.04596051946282387
SINet/S2C_MT,COD10K-CAM-2-Terrestrial-45-Spider-2666.jpg,0.03353206813335419
SINet/S2C_MT,COD10K-CAM-2-Terrestrial-45-Spider-2668.jpg,0.06633716076612473
SINet/S2C_MT,COD10K-CAM-2-Terrestrial-45-Spider-2669.jpg,0.017668982967734337
SINet/S2C_MT,COD10K-CAM-2-Terrestrial-45-Spider-2672.jpg,0.02538529597222805
SINet/S2C_MT,COD10K-CAM-2-Terrestrial-45-Spider-2674.jpg,0.06738214194774628
SINet/S2C_MT,COD10K-CAM-2-Terrestrial-45-Spider-2675.jpg,0.05075174942612648
SINet/S2C_MT,COD10K-CAM-2-Terrestrial-45-Spider-2676.jpg,0.03727288544178009
SINet/S2C_MT,COD10K-CAM-2-Terrestrial-45-Spider-2678.jpg,0.03552248328924179
SINet/S2C_MT,COD10K-CAM-2-Terrestrial-45-Spider-2679.jpg,0.020080510526895523
SINet/S2C_MT,COD10K-CAM-2-Terrestrial-45-Spider-2680.jpg,0.029834363609552383
SINet/S2C_MT,COD10K-CAM-2-Terrestrial-45-Spider-2681.jpg,0.05398799479007721
SINet/S2C_MT,COD10K-CAM-2-Terrestrial-45-Spider-2682.jpg,0.049459680914878845
SINet/S2C_MT,COD10K-CAM-2-Terrestrial-45-Spider-2684.jpg,0.034717660397291183
SINet/S2C_MT,COD10K-CAM-2-Terrestrial-45-Spider-2685.jpg,0.023012854158878326
SINet/S2C_MT,COD10K-CAM-2-Terrestrial-45-Spider-2686.jpg,0.08919673413038254
SINet/S2C_MT,COD10K-CAM-2-Terrestrial-45-Spider-2687.jpg,0.025656171143054962
SINet/S2C_MT,COD10K-CAM-2-Terrestrial-45-Spider-2688.jpg,0.026171615347266197
SINet/S2C_MT,COD10K-CAM-2-Terrestrial-45-Spider-2689.jpg,0.045686595141887665
SINet/S2C_MT,COD10K-CAM-2-Terrestrial-45-Spider-2691.jpg,0.05845903605222702
SINet/S2C_MT,COD10K-CAM-2-Terrestrial-45-Spider-2692.jpg,0.08044133335351944
SINet/S2C_MT,COD10K-CAM-2-Terrestrial-45-Spider-2695.jpg,0.020968053489923477
SINet/S2C_MT,COD10K-CAM-2-Terrestrial-45-Spider-2696.jpg,0.030589018017053604
SINet/S2C_MT,COD10K-CAM-2-Terrestrial-45-Spider-2698.jpg,0.05656282603740692
SINet/S2C_MT,COD10K-CAM-2-Terrestrial-45-Spider-2699.jpg,0.04588470235466957
SINet/S2C_MT,COD10K-CAM-2-Terrestrial-45-Spider-2700.jpg,0.017750199884176254
SINet/S2C_MT,COD10K-CAM-2-Terrestrial-45-Spider-2705.jpg,0.02789246290922165
SINet/S2C_MT,COD10K-CAM-2-Terrestrial-45-Spider-2706.jpg,0.0183692779392004
SINet/S2C_MT,COD10K-CAM-2-Terrestrial-45-Spider-2708.jpg,0.028128866106271744
SINet/S2C_MT,COD10K-CAM-2-Terrestrial-45-Spider-2710.jpg,0.04193221405148506
SINet/S2C_MT,COD10K-CAM-2-Terrestrial-45-Spider-2711.jpg,0.03164401650428772
SINet/S2C_MT,COD10K-CAM-2-Terrestrial-45-Spider-2712.jpg,0.01950550451874733
SINet/S2C_MT,COD10K-CAM-2-Terrestrial-45-Spider-2713.jpg,0.03589274361729622
SINet/S2C_MT,COD10K-CAM-2-Terrestrial-45-Spider-2714.jpg,0.04602643847465515
SINet/S2C_MT,COD10K-CAM-2-Terrestrial-45-Spider-2716.jpg,0.028331056237220764
SINet/S2C_MT,COD10K-CAM-2-Terrestrial-45-Spider-2722.jpg,0.025340309366583824
SINet/S2C_MT,COD10K-CAM-2-Terrestrial-45-Spider-2724.jpg,0.036734383553266525
SINet/S2C_MT,COD10K-CAM-2-Terrestrial-45-Spider-2725.jpg,0.06197662279009819
SINet/S2C_MT,COD10K-CAM-2-Terrestrial-45-Spider-2726.jpg,0.060182876884937286
SINet/S2C_MT,COD10K-CAM-2-Terrestrial-45-Spider-2729.jpg,0.067879818379879
SINet/S2C_MT,COD10K-CAM-2-Terrestrial-45-Spider-2733.jpg,0.04202544689178467
SINet/S2C_MT,COD10K-CAM-2-Terrestrial-45-Spider-2734.jpg,0.0315978080034256
SINet/S2C_MT,COD10K-CAM-2-Terrestrial-45-Spider-2738.jpg,0.06093064695596695
SINet/S2C_MT,COD10K-CAM-2-Terrestrial-45-Spider-2739.jpg,0.04511649161577225
SINet/S2C_MT,COD10K-CAM-2-Terrestrial-45-Spider-2740.jpg,0.03196834772825241
SINet/S2C_MT,COD10K-CAM-2-Terrestrial-45-Spider-2742.jpg,0.04044067859649658
SINet/S2C_MT,COD10K-CAM-2-Terrestrial-45-Spider-2743.jpg,0.06016018986701965
SINet/S2C_MT,COD10K-CAM-2-Terrestrial-45-Spider-2744.jpg,0.02240728959441185
SINet/S2C_MT,COD10K-CAM-2-Terrestrial-45-Spider-2746.jpg,0.04845409095287323
SINet/S2C_MT,COD10K-CAM-2-Terrestrial-45-Spider-2747.jpg,0.026767881587147713
SINet/S2C_MT,COD10K-CAM-2-Terrestrial-45-Spider-2748.jpg,0.038036882877349854
SINet/S2C_MT,COD10K-CAM-2-Terrestrial-45-Spider-2749.jpg,0.04688374325633049
SINet/S2C_MT,COD10K-CAM-2-Terrestrial-45-Spider-2750.jpg,0.008269130252301693
SINet/S2C_MT,COD10K-CAM-2-Terrestrial-45-Spider-2751.jpg,0.03739722818136215
SINet/S2C_MT,COD10K-CAM-2-Terrestrial-45-Spider-2752.jpg,0.02127031795680523
SINet/S2C_MT,COD10K-CAM-2-Terrestrial-45-Spider-2753.jpg,0.011093983426690102
SINet/S2C_MT,COD10K-CAM-2-Terrestrial-45-Spider-2755.jpg,0.05012534558773041
SINet/S2C_MT,COD10K-CAM-2-Terrestrial-45-Spider-2757.jpg,0.037639811635017395
SINet/S2C_MT,COD10K-CAM-2-Terrestrial-45-Spider-2758.jpg,0.040516309440135956
SINet/S2C_MT,COD10K-CAM-2-Terrestrial-45-Spider-2761.jpg,0.02807292714715004
SINet/S2C_MT,COD10K-CAM-2-Terrestrial-45-Spider-2764.jpg,0.007482395973056555
SINet/S2C_MT,COD10K-CAM-2-Terrestrial-45-Spider-2765.jpg,0.07638002187013626
SINet/S2C_MT,COD10K-CAM-2-Terrestrial-45-Spider-2766.jpg,0.015238042920827866
SINet/S2C_MT,COD10K-CAM-2-Terrestrial-45-Spider-2767.jpg,0.060335710644721985
SINet/S2C_MT,COD10K-CAM-2-Terrestrial-45-Spider-2768.jpg,0.015213485807180405
SINet/S2C_MT,COD10K-CAM-2-Terrestrial-45-Spider-2774.jpg,0.14607912302017212
SINet/S2C_MT,COD10K-CAM-2-Terrestrial-45-Spider-2775.jpg,0.09687637537717819
SINet/S2C_MT,COD10K-CAM-2-Terrestrial-45-Spider-2776.jpg,0.051440007984638214
SINet/S2C_MT,COD10K-CAM-2-Terrestrial-45-Spider-2777.jpg,0.061953578144311905
SINet/S2C_MT,COD10K-CAM-2-Terrestrial-45-Spider-2778.jpg,0.020788390189409256
SINet/S2C_MT,COD10K-CAM-2-Terrestrial-45-Spider-2780.jpg,0.024944789707660675
SINet/S2C_MT,COD10K-CAM-2-Terrestrial-45-Spider-2781.jpg,0.054825231432914734
SINet/S2C_MT,COD10K-CAM-2-Terrestrial-45-Spider-2784.jpg,0.03491802513599396
SINet/S2C_MT,COD10K-CAM-2-Terrestrial-45-Spider-2785.jpg,0.08051186054944992
SINet/S2C_MT,COD10K-CAM-2-Terrestrial-45-Spider-2786.jpg,0.07767678052186966
SINet/S2C_MT,COD10K-CAM-2-Terrestrial-45-Spider-2787.jpg,0.07114067673683167
SINet/S2C_MT,COD10K-CAM-2-Terrestrial-45-Spider-2788.jpg,0.06844712793827057
SINet/S2C_MT,COD10K-CAM-2-Terrestrial-45-Spider-2790.jpg,0.0719289481639862
SINet/S2C_MT,COD10K-CAM-2-Terrestrial-45-Spider-2793.jpg,0.02238936349749565
SINet/S2C_MT,COD10K-CAM-2-Terrestrial-45-Spider-2795.jpg,0.05691058933734894
SINet/S2C_MT,COD10K-CAM-2-Terrestrial-45-Spider-2797.jpg,0.03222432732582092
SINet/S2C_MT,COD10K-CAM-2-Terrestrial-46-StickInsect-2799.jpg,0.12972360849380493
SINet/S2C_MT,COD10K-CAM-2-Terrestrial-46-StickInsect-2800.jpg,0.048034653067588806
SINet/S2C_MT,COD10K-CAM-2-Terrestrial-46-StickInsect-2801.jpg,0.0747498869895935
SINet/S2C_MT,COD10K-CAM-2-Terrestrial-46-StickInsect-2802.jpg,0.04059077799320221
SINet/S2C_MT,COD10K-CAM-2-Terrestrial-46-StickInsect-2803.jpg,0.03243294358253479
SINet/S2C_MT,COD10K-CAM-2-Terrestrial-46-StickInsect-2812.jpg,0.057309359312057495
SINet/S2C_MT,COD10K-CAM-2-Terrestrial-46-StickInsect-2814.jpg,0.036147430539131165
SINet/S2C_MT,COD10K-CAM-2-Terrestrial-46-StickInsect-2821.jpg,0.06089921295642853
SINet/S2C_MT,COD10K-CAM-2-Terrestrial-46-StickInsect-2822.jpg,0.05524618178606033
SINet/S2C_MT,COD10K-CAM-2-Terrestrial-46-StickInsect-2823.jpg,0.06852667033672333
SINet/S2C_MT,COD10K-CAM-2-Terrestrial-46-StickInsect-2824.jpg,0.050263021141290665
SINet/S2C_MT,COD10K-CAM-2-Terrestrial-46-StickInsect-2826.jpg,0.030701732262969017
SINet/S2C_MT,COD10K-CAM-2-Terrestrial-46-StickInsect-2828.jpg,0.03963076323270798
SINet/S2C_MT,COD10K-CAM-2-Terrestrial-46-StickInsect-2830.jpg,0.07308417558670044
SINet/S2C_MT,COD10K-CAM-2-Terrestrial-46-StickInsect-2834.jpg,0.11906478554010391
SINet/S2C_MT,COD10K-CAM-2-Terrestrial-46-StickInsect-2835.jpg,0.030703581869602203
SINet/S2C_MT,COD10K-CAM-2-Terrestrial-46-StickInsect-2837.jpg,0.061126455664634705
SINet/S2C_MT,COD10K-CAM-2-Terrestrial-46-StickInsect-2838.jpg,0.0492372140288353
SINet/S2C_MT,COD10K-CAM-2-Terrestrial-46-StickInsect-2840.jpg,0.13690537214279175
SINet/S2C_MT,COD10K-CAM-2-Terrestrial-46-StickInsect-2845.jpg,0.06211509555578232
SINet/S2C_MT,COD10K-CAM-2-Terrestrial-46-StickInsect-2846.jpg,0.027089325711131096
SINet/S2C_MT,COD10K-CAM-2-Terrestrial-46-StickInsect-2847.jpg,0.04750826954841614
SINet/S2C_MT,COD10K-CAM-2-Terrestrial-46-StickInsect-2848.jpg,0.022341469302773476
SINet/S2C_MT,COD10K-CAM-2-Terrestrial-46-StickInsect-2849.jpg,0.032245516777038574
SINet/S2C_MT,COD10K-CAM-2-Terrestrial-46-StickInsect-2851.jpg,0.05673465132713318
SINet/S2C_MT,COD10K-CAM-2-Terrestrial-46-StickInsect-2852.jpg,0.043102964758872986
SINet/S2C_MT,COD10K-CAM-2-Terrestrial-46-StickInsect-2853.jpg,0.021160561591386795
SINet/S2C_MT,COD10K-CAM-2-Terrestrial-46-StickInsect-2854.jpg,0.022222867235541344
SINet/S2C_MT,COD10K-CAM-2-Terrestrial-46-StickInsect-2855.jpg,0.03480933606624603
SINet/S2C_MT,COD10K-CAM-2-Terrestrial-46-StickInsect-2857.jpg,0.034086674451828
SINet/S2C_MT,COD10K-CAM-2-Terrestrial-46-StickInsect-2860.jpg,0.0655471533536911
SINet/S2C_MT,COD10K-CAM-2-Terrestrial-46-StickInsect-2861.jpg,0.03452309966087341
SINet/S2C_MT,COD10K-CAM-2-Terrestrial-46-StickInsect-2862.jpg,0.061445675790309906
SINet/S2C_MT,COD10K-CAM-2-Terrestrial-46-StickInsect-2863.jpg,0.03706426918506622
SINet/S2C_MT,COD10K-CAM-2-Terrestrial-46-StickInsect-2866.jpg,0.028207283467054367
SINet/S2C_MT,COD10K-CAM-2-Terrestrial-46-StickInsect-2868.jpg,0.02685190737247467
SINet/S2C_MT,COD10K-CAM-2-Terrestrial-46-StickInsect-2871.jpg,0.15650466084480286
SINet/S2C_MT,COD10K-CAM-2-Terrestrial-46-StickInsect-2872.jpg,0.03773633390665054
SINet/S2C_MT,COD10K-CAM-2-Terrestrial-46-StickInsect-2874.jpg,0.05645085871219635
SINet/S2C_MT,COD10K-CAM-2-Terrestrial-47-Tiger-2875.jpg,0.05891460180282593
SINet/S2C_MT,COD10K-CAM-2-Terrestrial-47-Tiger-2878.jpg,0.0422733910381794
SINet/S2C_MT,COD10K-CAM-2-Terrestrial-47-Tiger-2879.jpg,0.056408435106277466
SINet/S2C_MT,COD10K-CAM-2-Terrestrial-47-Tiger-2880.jpg,0.05891460180282593
SINet/S2C_MT,COD10K-CAM-2-Terrestrial-47-Tiger-2881.jpg,0.023778188973665237
SINet/S2C_MT,COD10K-CAM-2-Terrestrial-47-Tiger-2882.jpg,0.029665708541870117
SINet/S2C_MT,COD10K-CAM-2-Terrestrial-47-Tiger-2885.jpg,0.1399494856595993
SINet/S2C_MT,COD10K-CAM-2-Terrestrial-47-Tiger-2888.jpg,0.013881547376513481
SINet/S2C_MT,COD10K-CAM-2-Terrestrial-47-Tiger-2891.jpg,0.10276501625776291
SINet/S2C_MT,COD10K-CAM-2-Terrestrial-47-Tiger-2892.jpg,0.04239271208643913
SINet/S2C_MT,COD10K-CAM-2-Terrestrial-47-Tiger-2894.jpg,0.01464606449007988
SINet/S2C_MT,COD10K-CAM-2-Terrestrial-47-Tiger-2895.jpg,0.020088331773877144
SINet/S2C_MT,COD10K-CAM-2-Terrestrial-47-Tiger-2896.jpg,0.01900697872042656
SINet/S2C_MT,COD10K-CAM-2-Terrestrial-47-Tiger-2897.jpg,0.03172909468412399
SINet/S2C_MT,COD10K-CAM-2-Terrestrial-47-Tiger-2898.jpg,0.03478528559207916
SINet/S2C_MT,COD10K-CAM-2-Terrestrial-47-Tiger-2900.jpg,0.024318870157003403
SINet/S2C_MT,COD10K-CAM-2-Terrestrial-47-Tiger-2904.jpg,0.024093642830848694
SINet/S2C_MT,COD10K-CAM-2-Terrestrial-47-Tiger-2905.jpg,0.06395328044891357
SINet/S2C_MT,COD10K-CAM-2-Terrestrial-47-Tiger-2908.jpg,0.010756092146039009
SINet/S2C_MT,COD10K-CAM-2-Terrestrial-47-Tiger-2909.jpg,0.019836869090795517
SINet/S2C_MT,COD10K-CAM-2-Terrestrial-47-Tiger-2911.jpg,0.05812323838472366
SINet/S2C_MT,COD10K-CAM-2-Terrestrial-47-Tiger-2912.jpg,0.013889489695429802
SINet/S2C_MT,COD10K-CAM-2-Terrestrial-48-Wolf-2913.jpg,0.02768070064485073
SINet/S2C_MT,COD10K-CAM-2-Terrestrial-48-Wolf-2915.jpg,0.007773187011480331
SINet/S2C_MT,COD10K-CAM-2-Terrestrial-48-Wolf-2919.jpg,0.025732427835464478
SINet/S2C_MT,COD10K-CAM-2-Terrestrial-48-Wolf-2920.jpg,0.04686252400279045
SINet/S2C_MT,COD10K-CAM-2-Terrestrial-48-Wolf-2923.jpg,0.03002970665693283
SINet/S2C_MT,COD10K-CAM-2-Terrestrial-49-Worm-2924.jpg,0.05181439220905304
SINet/S2C_MT,COD10K-CAM-2-Terrestrial-49-Worm-2925.jpg,0.05332495644688606
SINet/S2C_MT,COD10K-CAM-2-Terrestrial-49-Worm-2926.jpg,0.04018538445234299
SINet/S2C_MT,COD10K-CAM-2-Terrestrial-49-Worm-2927.jpg,0.029303018003702164
SINet/S2C_MT,COD10K-CAM-2-Terrestrial-49-Worm-2928.jpg,0.04412349313497543
SINet/S2C_MT,COD10K-CAM-2-Terrestrial-49-Worm-2931.jpg,0.06594523042440414
SINet/S2C_MT,COD10K-CAM-2-Terrestrial-49-Worm-2932.jpg,0.03250233083963394
SINet/S2C_MT,COD10K-CAM-2-Terrestrial-49-Worm-2933.jpg,0.08645397424697876
SINet/S2C_MT,COD10K-CAM-2-Terrestrial-49-Worm-2935.jpg,0.0947374701499939
SINet/S2C_MT,COD10K-CAM-2-Terrestrial-49-Worm-2936.jpg,0.07161746919155121
SINet/S2C_MT,COD10K-CAM-2-Terrestrial-49-Worm-2937.jpg,0.04919048398733139
SINet/S2C_MT,COD10K-CAM-2-Terrestrial-49-Worm-2938.jpg,0.04378821700811386
SINet/S2C_MT,COD10K-CAM-2-Terrestrial-49-Worm-2940.jpg,0.06316135823726654
SINet/S2C_MT,COD10K-CAM-2-Terrestrial-49-Worm-2942.jpg,0.047422509640455246
SINet/S2C_MT,COD10K-CAM-2-Terrestrial-49-Worm-2943.jpg,0.04679788649082184
SINet/S2C_MT,COD10K-CAM-2-Terrestrial-49-Worm-2945.jpg,0.06017641723155975
SINet/S2C_MT,COD10K-CAM-2-Terrestrial-49-Worm-2946.jpg,0.10088035464286804
SINet/S2C_MT,COD10K-CAM-2-Terrestrial-49-Worm-2947.jpg,0.03975651413202286
SINet/S2C_MT,COD10K-CAM-2-Terrestrial-49-Worm-2951.jpg,0.07962976396083832
SINet/S2C_MT,COD10K-CAM-3-Flying-50-Bat-2957.jpg,0.0364852100610733
SINet/S2C_MT,COD10K-CAM-3-Flying-50-Bat-2958.jpg,0.024316737428307533
SINet/S2C_MT,COD10K-CAM-3-Flying-50-Bat-2961.jpg,0.0204171072691679
SINet/S2C_MT,COD10K-CAM-3-Flying-50-Bat-2964.jpg,0.030688103288412094
SINet/S2C_MT,COD10K-CAM-3-Flying-50-Bat-2965.jpg,0.05744268000125885
SINet/S2C_MT,COD10K-CAM-3-Flying-50-Bat-2966.jpg,0.03199207782745361
SINet/S2C_MT,COD10K-CAM-3-Flying-50-Bat-2969.jpg,0.06025031954050064
SINet/S2C_MT,COD10K-CAM-3-Flying-50-Bat-2971.jpg,0.03097236156463623
SINet/S2C_MT,COD10K-CAM-3-Flying-50-Bat-2973.jpg,0.045642536133527756
SINet/S2C_MT,COD10K-CAM-3-Flying-50-Bat-2974.jpg,0.09191453456878662
SINet/S2C_MT,COD10K-CAM-3-Flying-51-Bee-2978.jpg,0.05362092703580856
SINet/S2C_MT,COD10K-CAM-3-Flying-51-Bee-2979.jpg,0.047063812613487244
SINet/S2C_MT,COD10K-CAM-3-Flying-51-Bee-2980.jpg,0.04390731081366539
SINet/S2C_MT,COD10K-CAM-3-Flying-51-Bee-2984.jpg,0.09687933325767517
SINet/S2C_MT,COD10K-CAM-3-Flying-51-Bee-2987.jpg,0.05677445977926254
SINet/S2C_MT,COD10K-CAM-3-Flying-51-Bee-2988.jpg,0.06618113070726395
SINet/S2C_MT,COD10K-CAM-3-Flying-51-Bee-2989.jpg,0.03288938105106354
SINet/S2C_MT,COD10K-CAM-3-Flying-51-Bee-2990.jpg,0.11908163130283356
SINet/S2C_MT,COD10K-CAM-3-Flying-51-Bee-2991.jpg,0.1108207032084465
SINet/S2C_MT,COD10K-CAM-3-Flying-51-Bee-2992.jpg,0.041956961154937744
SINet/S2C_MT,COD10K-CAM-3-Flying-51-Bee-2994.jpg,0.04478584602475166
SINet/S2C_MT,COD10K-CAM-3-Flying-51-Bee-2996.jpg,0.10438241064548492
SINet/S2C_MT,COD10K-CAM-3-Flying-51-Bee-2998.jpg,0.07795591652393341
SINet/S2C_MT,COD10K-CAM-3-Flying-51-Bee-3000.jpg,0.08531711995601654
SINet/S2C_MT,COD10K-CAM-3-Flying-51-Bee-3001.jpg,0.029824739322066307
SINet/S2C_MT,COD10K-CAM-3-Flying-51-Bee-3003.jpg,0.03810688108205795
SINet/S2C_MT,COD10K-CAM-3-Flying-51-Bee-3004.jpg,0.042482636868953705
SINet/S2C_MT,COD10K-CAM-3-Flying-51-Bee-3005.jpg,0.04570218175649643
SINet/S2C_MT,COD10K-CAM-3-Flying-52-Beetle-3006.jpg,0.04417084902524948
SINet/S2C_MT,COD10K-CAM-3-Flying-52-Beetle-3008.jpg,0.02020784094929695
SINet/S2C_MT,COD10K-CAM-3-Flying-52-Beetle-3010.jpg,0.02492683380842209
SINet/S2C_MT,COD10K-CAM-3-Flying-52-Beetle-3012.jpg,0.03082810528576374
SINet/S2C_MT,COD10K-CAM-3-Flying-52-Beetle-3013.jpg,0.04077252373099327
SINet/S2C_MT,COD10K-CAM-3-Flying-53-Bird-3014.jpg,0.023312320932745934
SINet/S2C_MT,COD10K-CAM-3-Flying-53-Bird-3016.jpg,0.10456022620201111
SINet/S2C_MT,COD10K-CAM-3-Flying-53-Bird-3017.jpg,0.04147069528698921
SINet/S2C_MT,COD10K-CAM-3-Flying-53-Bird-3018.jpg,0.0766853541135788
SINet/S2C_MT,COD10K-CAM-3-Flying-53-Bird-3019.jpg,0.014008825644850731
SINet/S2C_MT,COD10K-CAM-3-Flying-53-Bird-3020.jpg,0.034142930060625076
SINet/S2C_MT,COD10K-CAM-3-Flying-53-Bird-3025.jpg,0.06591220200061798
SINet/S2C_MT,COD10K-CAM-3-Flying-53-Bird-3027.jpg,0.037153467535972595
SINet/S2C_MT,COD10K-CAM-3-Flying-53-Bird-3029.jpg,0.014614143408834934
SINet/S2C_MT,COD10K-CAM-3-Flying-53-Bird-3033.jpg,0.0227819811552763
SINet/S2C_MT,COD10K-CAM-3-Flying-53-Bird-3034.jpg,0.04603103548288345
SINet/S2C_MT,COD10K-CAM-3-Flying-53-Bird-3035.jpg,0.08235476911067963
SINet/S2C_MT,COD10K-CAM-3-Flying-53-Bird-3039.jpg,0.023726487532258034
SINet/S2C_MT,COD10K-CAM-3-Flying-53-Bird-3042.jpg,0.01062050275504589
SINet/S2C_MT,COD10K-CAM-3-Flying-53-Bird-3043.jpg,0.006714025046676397
SINet/S2C_MT,COD10K-CAM-3-Flying-53-Bird-3044.jpg,0.062064364552497864
SINet/S2C_MT,COD10K-CAM-3-Flying-53-Bird-3045.jpg,0.022197294980287552
SINet/S2C_MT,COD10K-CAM-3-Flying-53-Bird-3047.jpg,0.04565516859292984
SINet/S2C_MT,COD10K-CAM-3-Flying-53-Bird-3048.jpg,0.02119317650794983
SINet/S2C_MT,COD10K-CAM-3-Flying-53-Bird-3050.jpg,0.022444138303399086
SINet/S2C_MT,COD10K-CAM-3-Flying-53-Bird-3055.jpg,0.032611358910799026
SINet/S2C_MT,COD10K-CAM-3-Flying-53-Bird-3058.jpg,0.013383328914642334
SINet/S2C_MT,COD10K-CAM-3-Flying-53-Bird-3060.jpg,0.03635541349649429
SINet/S2C_MT,COD10K-CAM-3-Flying-53-Bird-3061.jpg,0.04372892528772354
SINet/S2C_MT,COD10K-CAM-3-Flying-53-Bird-3063.jpg,0.14375346899032593
SINet/S2C_MT,COD10K-CAM-3-Flying-53-Bird-3065.jpg,0.024508822709321976
SINet/S2C_MT,COD10K-CAM-3-Flying-53-Bird-3066.jpg,0.015336327254772186
SINet/S2C_MT,COD10K-CAM-3-Flying-53-Bird-3067.jpg,0.03031608834862709
SINet/S2C_MT,COD10K-CAM-3-Flying-53-Bird-3070.jpg,0.01626608893275261
SINet/S2C_MT,COD10K-CAM-3-Flying-53-Bird-3071.jpg,0.05537347495555878
SINet/S2C_MT,COD10K-CAM-3-Flying-53-Bird-3072.jpg,0.03445631265640259
SINet/S2C_MT,COD10K-CAM-3-Flying-53-Bird-3073.jpg,0.011495549231767654
SINet/S2C_MT,COD10K-CAM-3-Flying-53-Bird-3074.jpg,0.05297265201807022
SINet/S2C_MT,COD10K-CAM-3-Flying-53-Bird-3076.jpg,0.048613402992486954
SINet/S2C_MT,COD10K-CAM-3-Flying-53-Bird-3079.jpg,0.028326336294412613
SINet/S2C_MT,COD10K-CAM-3-Flying-53-Bird-3081.jpg,0.18502506613731384
SINet/S2C_MT,COD10K-CAM-3-Flying-53-Bird-3085.jpg,0.03831556439399719
SINet/S2C_MT,COD10K-CAM-3-Flying-53-Bird-3086.jpg,0.03353627771139145
SINet/S2C_MT,COD10K-CAM-3-Flying-53-Bird-3088.jpg,0.04867496341466904
SINet/S2C_MT,COD10K-CAM-3-Flying-53-Bird-3090.jpg,0.017609959468245506
SINet/S2C_MT,COD10K-CAM-3-Flying-53-Bird-3091.jpg,0.011394291184842587
SINet/S2C_MT,COD10K-CAM-3-Flying-53-Bird-3092.jpg,0.1739954650402069
SINet/S2C_MT,COD10K-CAM-3-Flying-53-Bird-3094.jpg,0.046932153403759
SINet/S2C_MT,COD10K-CAM-3-Flying-53-Bird-3095.jpg,0.027564333751797676
SINet/S2C_MT,COD10K-CAM-3-Flying-53-Bird-3097.jpg,0.024788115173578262
SINet/S2C_MT,COD10K-CAM-3-Flying-53-Bird-3098.jpg,0.03946291282773018
SINet/S2C_MT,COD10K-CAM-3-Flying-53-Bird-3099.jpg,0.01779274083673954
SINet/S2C_MT,COD10K-CAM-3-Flying-53-Bird-3100.jpg,0.025014689192175865
SINet/S2C_MT,COD10K-CAM-3-Flying-53-Bird-3101.jpg,0.04040732979774475
SINet/S2C_MT,COD10K-CAM-3-Flying-53-Bird-3102.jpg,0.02943132072687149
SINet/S2C_MT,COD10K-CAM-3-Flying-53-Bird-3103.jpg,0.05831483379006386
SINet/S2C_MT,COD10K-CAM-3-Flying-53-Bird-3106.jpg,0.05876271799206734
SINet/S2C_MT,COD10K-CAM-3-Flying-53-Bird-3107.jpg,0.0206161979585886
SINet/S2C_MT,COD10K-CAM-3-Flying-53-Bird-3108.jpg,0.0660228505730629
SINet/S2C_MT,COD10K-CAM-3-Flying-53-Bird-3109.jpg,0.021757490932941437
SINet/S2C_MT,COD10K-CAM-3-Flying-53-Bird-3110.jpg,0.016469955444335938
SINet/S2C_MT,COD10K-CAM-3-Flying-53-Bird-3111.jpg,0.03134514391422272
SINet/S2C_MT,COD10K-CAM-3-Flying-53-Bird-3113.jpg,0.021961741149425507
SINet/S2C_MT,COD10K-CAM-3-Flying-53-Bird-3114.jpg,0.014360170811414719
SINet/S2C_MT,COD10K-CAM-3-Flying-53-Bird-3115.jpg,0.025893863290548325
SINet/S2C_MT,COD10K-CAM-3-Flying-53-Bird-3116.jpg,0.025898190215229988
SINet/S2C_MT,COD10K-CAM-3-Flying-53-Bird-3117.jpg,0.024793174117803574
SINet/S2C_MT,COD10K-CAM-3-Flying-53-Bird-3118.jpg,0.03035121038556099
SINet/S2C_MT,COD10K-CAM-3-Flying-53-Bird-3120.jpg,0.06646493822336197
SINet/S2C_MT,COD10K-CAM-3-Flying-53-Bird-3122.jpg,0.013393192552030087
SINet/S2C_MT,COD10K-CAM-3-Flying-53-Bird-3124.jpg,0.06460656970739365
SINet/S2C_MT,COD10K-CAM-3-Flying-53-Bird-3126.jpg,0.018082045018672943
SINet/S2C_MT,COD10K-CAM-3-Flying-53-Bird-3127.jpg,0.03197818249464035
SINet/S2C_MT,COD10K-CAM-3-Flying-53-Bird-3129.jpg,0.017980307340621948
SINet/S2C_MT,COD10K-CAM-3-Flying-53-Bird-3130.jpg,0.02172628603875637
SINet/S2C_MT,COD10K-CAM-3-Flying-53-Bird-3131.jpg,0.04793142154812813
SINet/S2C_MT,COD10K-CAM-3-Flying-53-Bird-3134.jpg,0.01950717158615589
SINet/S2C_MT,COD10K-CAM-3-Flying-53-Bird-3135.jpg,0.022391293197870255
SINet/S2C_MT,COD10K-CAM-3-Flying-53-Bird-3136.jpg,0.019064180552959442
SINet/S2C_MT,COD10K-CAM-3-Flying-53-Bird-3137.jpg,0.08465954661369324
SINet/S2C_MT,COD10K-CAM-3-Flying-53-Bird-3138.jpg,0.019681718200445175
SINet/S2C_MT,COD10K-CAM-3-Flying-53-Bird-3139.jpg,0.02098996937274933
SINet/S2C_MT,COD10K-CAM-3-Flying-53-Bird-3140.jpg,0.01057468168437481
SINet/S2C_MT,COD10K-CAM-3-Flying-53-Bird-3143.jpg,0.035923853516578674
SINet/S2C_MT,COD10K-CAM-3-Flying-53-Bird-3144.jpg,0.037957288324832916
SINet/S2C_MT,COD10K-CAM-3-Flying-53-Bird-3146.jpg,0.015648888424038887
SINet/S2C_MT,COD10K-CAM-3-Flying-53-Bird-3147.jpg,0.015022952109575272
SINet/S2C_MT,COD10K-CAM-3-Flying-53-Bird-3148.jpg,0.02870221808552742
SINet/S2C_MT,COD10K-CAM-3-Flying-53-Bird-3149.jpg,0.013472484424710274
SINet/S2C_MT,COD10K-CAM-3-Flying-53-Bird-3152.jpg,0.11296658217906952
SINet/S2C_MT,COD10K-CAM-3-Flying-53-Bird-3153.jpg,0.0670369565486908
SINet/S2C_MT,COD10K-CAM-3-Flying-53-Bird-3154.jpg,0.036252282559871674
SINet/S2C_MT,COD10K-CAM-3-Flying-53-Bird-3156.jpg,0.021037215366959572
SINet/S2C_MT,COD10K-CAM-3-Flying-53-Bird-3160.jpg,0.029158610850572586
SINet/S2C_MT,COD10K-CAM-3-Flying-53-Bird-3161.jpg,0.025666411966085434
SINet/S2C_MT,COD10K-CAM-3-Flying-53-Bird-3163.jpg,0.033473845571279526
SINet/S2C_MT,COD10K-CAM-3-Flying-53-Bird-3164.jpg,0.01693800836801529
SINet/S2C_MT,COD10K-CAM-3-Flying-53-Bird-3165.jpg,0.021539337933063507
SINet/S2C_MT,COD10K-CAM-3-Flying-53-Bird-3166.jpg,0.03415830805897713
SINet/S2C_MT,COD10K-CAM-3-Flying-53-Bird-3168.jpg,0.05604059249162674
SINet/S2C_MT,COD10K-CAM-3-Flying-53-Bird-3169.jpg,0.017719106748700142
SINet/S2C_MT,COD10K-CAM-3-Flying-53-Bird-3172.jpg,0.010472928173840046
SINet/S2C_MT,COD10K-CAM-3-Flying-53-Bird-3173.jpg,0.052056051790714264
SINet/S2C_MT,COD10K-CAM-3-Flying-53-Bird-3174.jpg,0.027675781399011612
SINet/S2C_MT,COD10K-CAM-3-Flying-53-Bird-3177.jpg,0.03479903191328049
SINet/S2C_MT,COD10K-CAM-3-Flying-53-Bird-3178.jpg,0.0218946635723114
SINet/S2C_MT,COD10K-CAM-3-Flying-53-Bird-3179.jpg,0.0067163994535803795
SINet/S2C_MT,COD10K-CAM-3-Flying-53-Bird-3181.jpg,0.03967044875025749
SINet/S2C_MT,COD10K-CAM-3-Flying-53-Bird-3182.jpg,0.03294331580400467
SINet/S2C_MT,COD10K-CAM-3-Flying-53-Bird-3183.jpg,0.055811040103435516
SINet/S2C_MT,COD10K-CAM-3-Flying-53-Bird-3186.jpg,0.07764236629009247
SINet/S2C_MT,COD10K-CAM-3-Flying-53-Bird-3187.jpg,0.08279553055763245
SINet/S2C_MT,COD10K-CAM-3-Flying-53-Bird-3188.jpg,0.058296822011470795
SINet/S2C_MT,COD10K-CAM-3-Flying-53-Bird-3190.jpg,0.06466974318027496
SINet/S2C_MT,COD10K-CAM-3-Flying-53-Bird-3191.jpg,0.06827579438686371
SINet/S2C_MT,COD10K-CAM-3-Flying-53-Bird-3192.jpg,0.03437729552388191
SINet/S2C_MT,COD10K-CAM-3-Flying-53-Bird-3193.jpg,0.017167270183563232
SINet/S2C_MT,COD10K-CAM-3-Flying-53-Bird-3194.jpg,0.023038147017359734
SINet/S2C_MT,COD10K-CAM-3-Flying-53-Bird-3195.jpg,0.019843000918626785
SINet/S2C_MT,COD10K-CAM-3-Flying-53-Bird-3199.jpg,0.016721056774258614
SINet/S2C_MT,COD10K-CAM-3-Flying-53-Bird-3202.jpg,0.06449097394943237
SINet/S2C_MT,COD10K-CAM-3-Flying-53-Bird-3204.jpg,0.02006932534277439
SINet/S2C_MT,COD10K-CAM-3-Flying-53-Bird-3205.jpg,0.021975230425596237
SINet/S2C_MT,COD10K-CAM-3-Flying-53-Bird-3206.jpg,0.051595717668533325
SINet/S2C_MT,COD10K-CAM-3-Flying-53-Bird-3208.jpg,0.028237778693437576
SINet/S2C_MT,COD10K-CAM-3-Flying-53-Bird-3209.jpg,0.023518718779087067
SINet/S2C_MT,COD10K-CAM-3-Flying-53-Bird-3210.jpg,0.019293559715151787
SINet/S2C_MT,COD10K-CAM-3-Flying-53-Bird-3212.jpg,0.04699631780385971
SINet/S2C_MT,COD10K-CAM-3-Flying-53-Bird-3216.jpg,0.03746083751320839
SINet/S2C_MT,COD10K-CAM-3-Flying-53-Bird-3217.jpg,0.03622608631849289
SINet/S2C_MT,COD10K-CAM-3-Flying-53-Bird-3219.jpg,0.08137907832860947
SINet/S2C_MT,COD10K-CAM-3-Flying-53-Bird-3220.jpg,0.015164162963628769
SINet/S2C_MT,COD10K-CAM-3-Flying-53-Bird-3222.jpg,0.005332637578248978
SINet/S2C_MT,COD10K-CAM-3-Flying-53-Bird-3224.jpg,0.03211978077888489
SINet/S2C_MT,COD10K-CAM-3-Flying-53-Bird-3225.jpg,0.03318342939019203
SINet/S2C_MT,COD10K-CAM-3-Flying-53-Bird-3228.jpg,0.030834641307592392
SINet/S2C_MT,COD10K-CAM-3-Flying-53-Bird-3229.jpg,0.022599756717681885
SINet/S2C_MT,COD10K-CAM-3-Flying-53-Bird-3230.jpg,0.02558378130197525
SINet/S2C_MT,COD10K-CAM-3-Flying-53-Bird-3233.jpg,0.02985735423862934
SINet/S2C_MT,COD10K-CAM-3-Flying-53-Bird-3238.jpg,0.021868683397769928
SINet/S2C_MT,COD10K-CAM-3-Flying-53-Bird-3242.jpg,0.027125103399157524
SINet/S2C_MT,COD10K-CAM-3-Flying-53-Bird-3243.jpg,0.06804392486810684
SINet/S2C_MT,COD10K-CAM-3-Flying-53-Bird-3244.jpg,0.04572927579283714
SINet/S2C_MT,COD10K-CAM-3-Flying-53-Bird-3247.jpg,0.0254279226064682
SINet/S2C_MT,COD10K-CAM-3-Flying-53-Bird-3248.jpg,0.03599286079406738
SINet/S2C_MT,COD10K-CAM-3-Flying-53-Bird-3249.jpg,0.04337514191865921
SINet/S2C_MT,COD10K-CAM-3-Flying-53-Bird-3250.jpg,0.06128741800785065
SINet/S2C_MT,COD10K-CAM-3-Flying-54-Bittern-3251.jpg,0.026906628161668777
SINet/S2C_MT,COD10K-CAM-3-Flying-54-Bittern-3253.jpg,0.029198836535215378
SINet/S2C_MT,COD10K-CAM-3-Flying-54-Bittern-3256.jpg,0.025640245527029037
SINet/S2C_MT,COD10K-CAM-3-Flying-54-Bittern-3257.jpg,0.03570106253027916
SINet/S2C_MT,COD10K-CAM-3-Flying-54-Bittern-3258.jpg,0.04102532938122749
SINet/S2C_MT,COD10K-CAM-3-Flying-54-Bittern-3259.jpg,0.024635661393404007
SINet/S2C_MT,COD10K-CAM-3-Flying-54-Bittern-3261.jpg,0.003963537979871035
SINet/S2C_MT,COD10K-CAM-3-Flying-54-Bittern-3262.jpg,0.03873629868030548
SINet/S2C_MT,COD10K-CAM-3-Flying-54-Bittern-3263.jpg,0.031940966844558716
SINet/S2C_MT,COD10K-CAM-3-Flying-54-Bittern-3264.jpg,0.01586577482521534
SINet/S2C_MT,COD10K-CAM-3-Flying-54-Bittern-3265.jpg,0.019473928958177567
SINet/S2C_MT,COD10K-CAM-3-Flying-54-Bittern-3267.jpg,0.02702781930565834
SINet/S2C_MT,COD10K-CAM-3-Flying-54-Bittern-3269.jpg,0.04549068212509155
SINet/S2C_MT,COD10K-CAM-3-Flying-54-Bittern-3270.jpg,0.011561263352632523
SINet/S2C_MT,COD10K-CAM-3-Flying-54-Bittern-3272.jpg,0.0180173609405756
SINet/S2C_MT,COD10K-CAM-3-Flying-54-Bittern-3273.jpg,0.03779403865337372
SINet/S2C_MT,COD10K-CAM-3-Flying-54-Bittern-3274.jpg,0.030536942183971405
SINet/S2C_MT,COD10K-CAM-3-Flying-54-Bittern-3275.jpg,0.03323616459965706
SINet/S2C_MT,COD10K-CAM-3-Flying-54-Bittern-3276.jpg,0.034684762358665466
SINet/S2C_MT,COD10K-CAM-3-Flying-54-Bittern-3278.jpg,0.05871240794658661
SINet/S2C_MT,COD10K-CAM-3-Flying-54-Bittern-3279.jpg,0.007275942247360945
SINet/S2C_MT,COD10K-CAM-3-Flying-54-Bittern-3280.jpg,0.035602178424596786
SINet/S2C_MT,COD10K-CAM-3-Flying-54-Bittern-3281.jpg,0.023011699318885803
SINet/S2C_MT,COD10K-CAM-3-Flying-54-Bittern-3282.jpg,0.026591546833515167
SINet/S2C_MT,COD10K-CAM-3-Flying-54-Bittern-3285.jpg,0.026529664173722267
SINet/S2C_MT,COD10K-CAM-3-Flying-54-Bittern-3286.jpg,0.026514798402786255
SINet/S2C_MT,COD10K-CAM-3-Flying-54-Bittern-3287.jpg,0.020426496863365173
SINet/S2C_MT,COD10K-CAM-3-Flying-54-Bittern-3290.jpg,0.019067931920289993
SINet/S2C_MT,COD10K-CAM-3-Flying-55-Butterfly-3291.jpg,0.03203969821333885
SINet/S2C_MT,COD10K-CAM-3-Flying-55-Butterfly-3292.jpg,0.030879730358719826
SINet/S2C_MT,COD10K-CAM-3-Flying-55-Butterfly-3293.jpg,0.01316247507929802
SINet/S2C_MT,COD10K-CAM-3-Flying-55-Butterfly-3294.jpg,0.02620098553597927
SINet/S2C_MT,COD10K-CAM-3-Flying-55-Butterfly-3296.jpg,0.07346704602241516
SINet/S2C_MT,COD10K-CAM-3-Flying-55-Butterfly-3297.jpg,0.01109613012522459
SINet/S2C_MT,COD10K-CAM-3-Flying-55-Butterfly-3298.jpg,0.028922773897647858
SINet/S2C_MT,COD10K-CAM-3-Flying-55-Butterfly-3299.jpg,0.02277088165283203
SINet/S2C_MT,COD10K-CAM-3-Flying-55-Butterfly-3300.jpg,0.02360539510846138
SINet/S2C_MT,COD10K-CAM-3-Flying-55-Butterfly-3301.jpg,0.054964542388916016
SINet/S2C_MT,COD10K-CAM-3-Flying-55-Butterfly-3302.jpg,0.10635808110237122
SINet/S2C_MT,COD10K-CAM-3-Flying-55-Butterfly-3305.jpg,0.07486903667449951
SINet/S2C_MT,COD10K-CAM-3-Flying-55-Butterfly-3307.jpg,0.04960251599550247
SINet/S2C_MT,COD10K-CAM-3-Flying-55-Butterfly-3308.jpg,0.06537412852048874
SINet/S2C_MT,COD10K-CAM-3-Flying-55-Butterfly-3309.jpg,0.027657408267259598
SINet/S2C_MT,COD10K-CAM-3-Flying-55-Butterfly-3310.jpg,0.10087544471025467
SINet/S2C_MT,COD10K-CAM-3-Flying-55-Butterfly-3311.jpg,0.02713199146091938
SINet/S2C_MT,COD10K-CAM-3-Flying-55-Butterfly-3313.jpg,0.03856189176440239
SINet/S2C_MT,COD10K-CAM-3-Flying-55-Butterfly-3314.jpg,0.016032328829169273
SINet/S2C_MT,COD10K-CAM-3-Flying-55-Butterfly-3316.jpg,0.01826944202184677
SINet/S2C_MT,COD10K-CAM-3-Flying-55-Butterfly-3317.jpg,0.15425781905651093
SINet/S2C_MT,COD10K-CAM-3-Flying-55-Butterfly-3321.jpg,0.08985354006290436
SINet/S2C_MT,COD10K-CAM-3-Flying-55-Butterfly-3323.jpg,0.04343793913722038
SINet/S2C_MT,COD10K-CAM-3-Flying-55-Butterfly-3326.jpg,0.025498535484075546
SINet/S2C_MT,COD10K-CAM-3-Flying-55-Butterfly-3327.jpg,0.018135173246264458
SINet/S2C_MT,COD10K-CAM-3-Flying-55-Butterfly-3329.jpg,0.09727871417999268
SINet/S2C_MT,COD10K-CAM-3-Flying-55-Butterfly-3330.jpg,0.04922910034656525
SINet/S2C_MT,COD10K-CAM-3-Flying-55-Butterfly-3331.jpg,0.042478855699300766
SINet/S2C_MT,COD10K-CAM-3-Flying-55-Butterfly-3332.jpg,0.020132891833782196
SINet/S2C_MT,COD10K-CAM-3-Flying-55-Butterfly-3333.jpg,0.05911587178707123
SINet/S2C_MT,COD10K-CAM-3-Flying-55-Butterfly-3334.jpg,0.032287728041410446
SINet/S2C_MT,COD10K-CAM-3-Flying-55-Butterfly-3336.jpg,0.0306292325258255
SINet/S2C_MT,COD10K-CAM-3-Flying-55-Butterfly-3337.jpg,0.027295250445604324
SINet/S2C_MT,COD10K-CAM-3-Flying-55-Butterfly-3338.jpg,0.030785035341978073
SINet/S2C_MT,COD10K-CAM-3-Flying-55-Butterfly-3340.jpg,0.0619504339993
SINet/S2C_MT,COD10K-CAM-3-Flying-55-Butterfly-3343.jpg,0.05771217495203018
SINet/S2C_MT,COD10K-CAM-3-Flying-55-Butterfly-3344.jpg,0.03470800071954727
SINet/S2C_MT,COD10K-CAM-3-Flying-55-Butterfly-3345.jpg,0.012447580695152283
SINet/S2C_MT,COD10K-CAM-3-Flying-55-Butterfly-3346.jpg,0.09390410780906677
SINet/S2C_MT,COD10K-CAM-3-Flying-55-Butterfly-3347.jpg,0.061928942799568176
SINet/S2C_MT,COD10K-CAM-3-Flying-55-Butterfly-3348.jpg,0.11481818556785583
SINet/S2C_MT,COD10K-CAM-3-Flying-55-Butterfly-3349.jpg,0.026315663009881973
SINet/S2C_MT,COD10K-CAM-3-Flying-55-Butterfly-3352.jpg,0.037623919546604156
SINet/S2C_MT,COD10K-CAM-3-Flying-55-Butterfly-3353.jpg,0.04056539386510849
SINet/S2C_MT,COD10K-CAM-3-Flying-55-Butterfly-3355.jpg,0.03799496591091156
SINet/S2C_MT,COD10K-CAM-3-Flying-55-Butterfly-3357.jpg,0.014589723199605942
SINet/S2C_MT,COD10K-CAM-3-Flying-55-Butterfly-3358.jpg,0.02943890541791916
SINet/S2C_MT,COD10K-CAM-3-Flying-55-Butterfly-3362.jpg,0.060746610164642334
SINet/S2C_MT,COD10K-CAM-3-Flying-55-Butterfly-3363.jpg,0.029496990144252777
SINet/S2C_MT,COD10K-CAM-3-Flying-55-Butterfly-3364.jpg,0.04138362035155296
SINet/S2C_MT,COD10K-CAM-3-Flying-55-Butterfly-3365.jpg,0.05048363655805588
SINet/S2C_MT,COD10K-CAM-3-Flying-55-Butterfly-3366.jpg,0.1023457944393158
SINet/S2C_MT,COD10K-CAM-3-Flying-55-Butterfly-3367.jpg,0.08914801478385925
SINet/S2C_MT,COD10K-CAM-3-Flying-55-Butterfly-3368.jpg,0.04137713462114334
SINet/S2C_MT,COD10K-CAM-3-Flying-55-Butterfly-3371.jpg,0.050627827644348145
SINet/S2C_MT,COD10K-CAM-3-Flying-55-Butterfly-3372.jpg,0.03415677696466446
SINet/S2C_MT,COD10K-CAM-3-Flying-55-Butterfly-3373.jpg,0.048515185713768005
SINet/S2C_MT,COD10K-CAM-3-Flying-55-Butterfly-3380.jpg,0.054019615054130554
SINet/S2C_MT,COD10K-CAM-3-Flying-55-Butterfly-3381.jpg,0.054586246609687805
SINet/S2C_MT,COD10K-CAM-3-Flying-55-Butterfly-3384.jpg,0.06151874363422394
SINet/S2C_MT,COD10K-CAM-3-Flying-55-Butterfly-3385.jpg,0.06255263835191727
SINet/S2C_MT,COD10K-CAM-3-Flying-55-Butterfly-3387.jpg,0.044450655579566956
SINet/S2C_MT,COD10K-CAM-3-Flying-55-Butterfly-3388.jpg,0.06488621234893799
SINet/S2C_MT,COD10K-CAM-3-Flying-55-Butterfly-3391.jpg,0.0366254523396492
SINet/S2C_MT,COD10K-CAM-3-Flying-55-Butterfly-3392.jpg,0.061565108597278595
SINet/S2C_MT,COD10K-CAM-3-Flying-55-Butterfly-3394.jpg,0.06147519499063492
SINet/S2C_MT,COD10K-CAM-3-Flying-55-Butterfly-3395.jpg,0.06099244952201843
SINet/S2C_MT,COD10K-CAM-3-Flying-55-Butterfly-3396.jpg,0.03988845646381378
SINet/S2C_MT,COD10K-CAM-3-Flying-55-Butterfly-3397.jpg,0.025135748088359833
SINet/S2C_MT,COD10K-CAM-3-Flying-55-Butterfly-3399.jpg,0.016192011535167694
SINet/S2C_MT,COD10K-CAM-3-Flying-55-Butterfly-3400.jpg,0.023923594504594803
SINet/S2C_MT,COD10K-CAM-3-Flying-55-Butterfly-3402.jpg,0.10112830996513367
SINet/S2C_MT,COD10K-CAM-3-Flying-55-Butterfly-3404.jpg,0.09985383599996567
SINet/S2C_MT,COD10K-CAM-3-Flying-55-Butterfly-3405.jpg,0.035120442509651184
SINet/S2C_MT,COD10K-CAM-3-Flying-55-Butterfly-3407.jpg,0.028924955055117607
SINet/S2C_MT,COD10K-CAM-3-Flying-55-Butterfly-3410.jpg,0.028140965849161148
SINet/S2C_MT,COD10K-CAM-3-Flying-55-Butterfly-3411.jpg,0.06300489604473114
SINet/S2C_MT,COD10K-CAM-3-Flying-55-Butterfly-3413.jpg,0.0435691736638546
SINet/S2C_MT,COD10K-CAM-3-Flying-55-Butterfly-3414.jpg,0.02260543219745159
SINet/S2C_MT,COD10K-CAM-3-Flying-55-Butterfly-3415.jpg,0.01205969974398613
SINet/S2C_MT,COD10K-CAM-3-Flying-55-Butterfly-3416.jpg,0.060143474489450455
SINet/S2C_MT,COD10K-CAM-3-Flying-55-Butterfly-3417.jpg,0.037908513098955154
SINet/S2C_MT,COD10K-CAM-3-Flying-55-Butterfly-3419.jpg,0.031961698085069656
SINet/S2C_MT,COD10K-CAM-3-Flying-55-Butterfly-3420.jpg,0.03337877616286278
SINet/S2C_MT,COD10K-CAM-3-Flying-55-Butterfly-3421.jpg,0.040843017399311066
SINet/S2C_MT,COD10K-CAM-3-Flying-55-Butterfly-3422.jpg,0.053152404725551605
SINet/S2C_MT,COD10K-CAM-3-Flying-55-Butterfly-3424.jpg,0.04445430263876915
SINet/S2C_MT,COD10K-CAM-3-Flying-55-Butterfly-3425.jpg,0.03105168417096138
SINet/S2C_MT,COD10K-CAM-3-Flying-55-Butterfly-3427.jpg,0.03452460467815399
SINet/S2C_MT,COD10K-CAM-3-Flying-55-Butterfly-3430.jpg,0.036045141518116
SINet/S2C_MT,COD10K-CAM-3-Flying-55-Butterfly-3431.jpg,0.03510945290327072
SINet/S2C_MT,COD10K-CAM-3-Flying-55-Butterfly-3432.jpg,0.05946371704339981
SINet/S2C_MT,COD10K-CAM-3-Flying-55-Butterfly-3433.jpg,0.035400521010160446
SINet/S2C_MT,COD10K-CAM-3-Flying-55-Butterfly-3437.jpg,0.08466167747974396
SINet/S2C_MT,COD10K-CAM-3-Flying-55-Butterfly-3438.jpg,0.04199656844139099
SINet/S2C_MT,COD10K-CAM-3-Flying-56-Cicada-3442.jpg,0.04770631343126297
SINet/S2C_MT,COD10K-CAM-3-Flying-56-Cicada-3445.jpg,0.046414922922849655
SINet/S2C_MT,COD10K-CAM-3-Flying-56-Cicada-3446.jpg,0.05159703269600868
SINet/S2C_MT,COD10K-CAM-3-Flying-56-Cicada-3448.jpg,0.025441939011216164
SINet/S2C_MT,COD10K-CAM-3-Flying-56-Cicada-3449.jpg,0.03181717172265053
SINet/S2C_MT,COD10K-CAM-3-Flying-56-Cicada-3450.jpg,0.0621061772108078
SINet/S2C_MT,COD10K-CAM-3-Flying-56-Cicada-3451.jpg,0.058526769280433655
SINet/S2C_MT,COD10K-CAM-3-Flying-56-Cicada-3452.jpg,0.037383243441581726
SINet/S2C_MT,COD10K-CAM-3-Flying-56-Cicada-3454.jpg,0.02105117216706276
SINet/S2C_MT,COD10K-CAM-3-Flying-56-Cicada-3455.jpg,0.18690435588359833
SINet/S2C_MT,COD10K-CAM-3-Flying-56-Cicada-3456.jpg,0.03697387874126434
SINet/S2C_MT,COD10K-CAM-3-Flying-56-Cicada-3457.jpg,0.022082122042775154
SINet/S2C_MT,COD10K-CAM-3-Flying-56-Cicada-3458.jpg,0.05273531377315521
SINet/S2C_MT,COD10K-CAM-3-Flying-56-Cicada-3459.jpg,0.03955187648534775
SINet/S2C_MT,COD10K-CAM-3-Flying-56-Cicada-3461.jpg,0.03964981436729431
SINet/S2C_MT,COD10K-CAM-3-Flying-56-Cicada-3464.jpg,0.02639564499258995
SINet/S2C_MT,COD10K-CAM-3-Flying-56-Cicada-3465.jpg,0.02839767560362816
SINet/S2C_MT,COD10K-CAM-3-Flying-56-Cicada-3466.jpg,0.02576422691345215
SINet/S2C_MT,COD10K-CAM-3-Flying-56-Cicada-3467.jpg,0.03060637041926384
SINet/S2C_MT,COD10K-CAM-3-Flying-56-Cicada-3468.jpg,0.04408015310764313
SINet/S2C_MT,COD10K-CAM-3-Flying-56-Cicada-3469.jpg,0.024859998375177383
SINet/S2C_MT,COD10K-CAM-3-Flying-56-Cicada-3471.jpg,0.025892043486237526
SINet/S2C_MT,COD10K-CAM-3-Flying-56-Cicada-3473.jpg,0.047328609973192215
SINet/S2C_MT,COD10K-CAM-3-Flying-56-Cicada-3474.jpg,0.018693935126066208
SINet/S2C_MT,COD10K-CAM-3-Flying-56-Cicada-3475.jpg,0.03719312697649002
SINet/S2C_MT,COD10K-CAM-3-Flying-56-Cicada-3476.jpg,0.08803780376911163
SINet/S2C_MT,COD10K-CAM-3-Flying-56-Cicada-3477.jpg,0.02930842712521553
SINet/S2C_MT,COD10K-CAM-3-Flying-56-Cicada-3479.jpg,0.074422687292099
SINet/S2C_MT,COD10K-CAM-3-Flying-56-Cicada-3481.jpg,0.016982369124889374
SINet/S2C_MT,COD10K-CAM-3-Flying-56-Cicada-3484.jpg,0.018069494515657425
SINet/S2C_MT,COD10K-CAM-3-Flying-56-Cicada-3485.jpg,0.057230692356824875
SINet/S2C_MT,COD10K-CAM-3-Flying-56-Cicada-3487.jpg,0.07113859802484512
SINet/S2C_MT,COD10K-CAM-3-Flying-56-Cicada-3488.jpg,0.01643241196870804
SINet/S2C_MT,COD10K-CAM-3-Flying-56-Cicada-3489.jpg,0.0610886886715889
SINet/S2C_MT,COD10K-CAM-3-Flying-56-Cicada-3492.jpg,0.05245441943407059
SINet/S2C_MT,COD10K-CAM-3-Flying-56-Cicada-3493.jpg,0.032195739448070526
SINet/S2C_MT,COD10K-CAM-3-Flying-56-Cicada-3495.jpg,0.054291944950819016
SINet/S2C_MT,COD10K-CAM-3-Flying-56-Cicada-3497.jpg,0.032487474381923676
SINet/S2C_MT,COD10K-CAM-3-Flying-56-Cicada-3499.jpg,0.026962872594594955
SINet/S2C_MT,COD10K-CAM-3-Flying-56-Cicada-3500.jpg,0.045134417712688446
SINet/S2C_MT,COD10K-CAM-3-Flying-56-Cicada-3502.jpg,0.06016729399561882
SINet/S2C_MT,COD10K-CAM-3-Flying-56-Cicada-3503.jpg,0.03727959096431732
SINet/S2C_MT,COD10K-CAM-3-Flying-56-Cicada-3506.jpg,0.07719739526510239
SINet/S2C_MT,COD10K-CAM-3-Flying-56-Cicada-3507.jpg,0.02848825231194496
SINet/S2C_MT,COD10K-CAM-3-Flying-56-Cicada-3511.jpg,0.01700938306748867
SINet/S2C_MT,COD10K-CAM-3-Flying-56-Cicada-3512.jpg,0.031644806265830994
SINet/S2C_MT,COD10K-CAM-3-Flying-56-Cicada-3514.jpg,0.05162511393427849
SINet/S2C_MT,COD10K-CAM-3-Flying-56-Cicada-3516.jpg,0.0692051351070404
SINet/S2C_MT,COD10K-CAM-3-Flying-56-Cicada-3517.jpg,0.0247872956097126
SINet/S2C_MT,COD10K-CAM-3-Flying-56-Cicada-3518.jpg,0.06012304127216339
SINet/S2C_MT,COD10K-CAM-3-Flying-56-Cicada-3519.jpg,0.06352487206459045
SINet/S2C_MT,COD10K-CAM-3-Flying-56-Cicada-3520.jpg,0.03069869801402092
SINet/S2C_MT,COD10K-CAM-3-Flying-56-Cicada-3523.jpg,0.02857596054673195
SINet/S2C_MT,COD10K-CAM-3-Flying-56-Cicada-3524.jpg,0.017698755487799644
SINet/S2C_MT,COD10K-CAM-3-Flying-56-Cicada-3526.jpg,0.043639641255140305
SINet/S2C_MT,COD10K-CAM-3-Flying-56-Cicada-3528.jpg,0.026161355897784233
SINet/S2C_MT,COD10K-CAM-3-Flying-56-Cicada-3529.jpg,0.044110577553510666
SINet/S2C_MT,COD10K-CAM-3-Flying-56-Cicada-3531.jpg,0.058110009878873825
SINet/S2C_MT,COD10K-CAM-3-Flying-56-Cicada-3532.jpg,0.02900177426636219
SINet/S2C_MT,COD10K-CAM-3-Flying-56-Cicada-3534.jpg,0.02790587581694126
SINet/S2C_MT,COD10K-CAM-3-Flying-56-Cicada-3538.jpg,0.01909584552049637
SINet/S2C_MT,COD10K-CAM-3-Flying-56-Cicada-3540.jpg,0.0728263333439827
SINet/S2C_MT,COD10K-CAM-3-Flying-56-Cicada-3541.jpg,0.06817880272865295
SINet/S2C_MT,COD10K-CAM-3-Flying-56-Cicada-3544.jpg,0.051671627908945084
SINet/S2C_MT,COD10K-CAM-3-Flying-56-Cicada-3545.jpg,0.04040131717920303
SINet/S2C_MT,COD10K-CAM-3-Flying-56-Cicada-3546.jpg,0.016355663537979126
SINet/S2C_MT,COD10K-CAM-3-Flying-56-Cicada-3548.jpg,0.02704562619328499
SINet/S2C_MT,COD10K-CAM-3-Flying-56-Cicada-3550.jpg,0.037943512201309204
SINet/S2C_MT,COD10K-CAM-3-Flying-56-Cicada-3552.jpg,0.02494831569492817
SINet/S2C_MT,COD10K-CAM-3-Flying-57-Dragonfly-3554.jpg,0.01956425979733467
SINet/S2C_MT,COD10K-CAM-3-Flying-57-Dragonfly-3555.jpg,0.09942057728767395
SINet/S2C_MT,COD10K-CAM-3-Flying-57-Dragonfly-3556.jpg,0.06764376908540726
SINet/S2C_MT,COD10K-CAM-3-Flying-57-Dragonfly-3557.jpg,0.0683719664812088
SINet/S2C_MT,COD10K-CAM-3-Flying-57-Dragonfly-3558.jpg,0.028096789494156837
SINet/S2C_MT,COD10K-CAM-3-Flying-57-Dragonfly-3560.jpg,0.01928555965423584
SINet/S2C_MT,COD10K-CAM-3-Flying-57-Dragonfly-3561.jpg,0.03492002934217453
SINet/S2C_MT,COD10K-CAM-3-Flying-57-Dragonfly-3562.jpg,0.09273917973041534
SINet/S2C_MT,COD10K-CAM-3-Flying-57-Dragonfly-3563.jpg,0.03350171446800232
SINet/S2C_MT,COD10K-CAM-3-Flying-57-Dragonfly-3564.jpg,0.07208731025457382
SINet/S2C_MT,COD10K-CAM-3-Flying-57-Dragonfly-3565.jpg,0.06445951014757156
SINet/S2C_MT,COD10K-CAM-3-Flying-57-Dragonfly-3567.jpg,0.04871247708797455
SINet/S2C_MT,COD10K-CAM-3-Flying-57-Dragonfly-3568.jpg,0.047479696571826935
SINet/S2C_MT,COD10K-CAM-3-Flying-57-Dragonfly-3570.jpg,0.041539110243320465
SINet/S2C_MT,COD10K-CAM-3-Flying-57-Dragonfly-3572.jpg,0.047479696571826935
SINet/S2C_MT,COD10K-CAM-3-Flying-57-Dragonfly-3573.jpg,0.023292195051908493
SINet/S2C_MT,COD10K-CAM-3-Flying-57-Dragonfly-3574.jpg,0.05002885311841965
SINet/S2C_MT,COD10K-CAM-3-Flying-57-Dragonfly-3577.jpg,0.06554846465587616
SINet/S2C_MT,COD10K-CAM-3-Flying-57-Dragonfly-3578.jpg,0.04771341383457184
SINet/S2C_MT,COD10K-CAM-3-Flying-57-Dragonfly-3579.jpg,0.04303548485040665
SINet/S2C_MT,COD10K-CAM-3-Flying-57-Dragonfly-3583.jpg,0.035276297479867935
SINet/S2C_MT,COD10K-CAM-3-Flying-57-Dragonfly-3584.jpg,0.054779261350631714
SINet/S2C_MT,COD10K-CAM-3-Flying-57-Dragonfly-3587.jpg,0.03273872658610344
SINet/S2C_MT,COD10K-CAM-3-Flying-57-Dragonfly-3589.jpg,0.03337225690484047
SINet/S2C_MT,COD10K-CAM-3-Flying-57-Dragonfly-3591.jpg,0.05131974443793297
SINet/S2C_MT,COD10K-CAM-3-Flying-57-Dragonfly-3592.jpg,0.05927897244691849
SINet/S2C_MT,COD10K-CAM-3-Flying-58-Frogmouth-3594.jpg,0.05426779016852379
SINet/S2C_MT,COD10K-CAM-3-Flying-58-Frogmouth-3595.jpg,0.0478459894657135
SINet/S2C_MT,COD10K-CAM-3-Flying-58-Frogmouth-3597.jpg,0.04637408256530762
SINet/S2C_MT,COD10K-CAM-3-Flying-58-Frogmouth-3600.jpg,0.02628796175122261
SINet/S2C_MT,COD10K-CAM-3-Flying-58-Frogmouth-3601.jpg,0.0273442342877388
SINet/S2C_MT,COD10K-CAM-3-Flying-58-Frogmouth-3603.jpg,0.047112733125686646
SINet/S2C_MT,COD10K-CAM-3-Flying-58-Frogmouth-3605.jpg,0.027993526309728622
SINet/S2C_MT,COD10K-CAM-3-Flying-58-Frogmouth-3606.jpg,0.0662640780210495
SINet/S2C_MT,COD10K-CAM-3-Flying-58-Frogmouth-3607.jpg,0.08691895008087158
SINet/S2C_MT,COD10K-CAM-3-Flying-58-Frogmouth-3608.jpg,0.04261348769068718
SINet/S2C_MT,COD10K-CAM-3-Flying-58-Frogmouth-3609.jpg,0.03162354603409767
SINet/S2C_MT,COD10K-CAM-3-Flying-58-Frogmouth-3612.jpg,0.06823340058326721
SINet/S2C_MT,COD10K-CAM-3-Flying-58-Frogmouth-3613.jpg,0.017785534262657166
SINet/S2C_MT,COD10K-CAM-3-Flying-59-Grasshopper-3614.jpg,0.078558549284935
SINet/S2C_MT,COD10K-CAM-3-Flying-59-Grasshopper-3616.jpg,0.04070395231246948
SINet/S2C_MT,COD10K-CAM-3-Flying-59-Grasshopper-3617.jpg,0.030169185250997543
SINet/S2C_MT,COD10K-CAM-3-Flying-59-Grasshopper-3620.jpg,0.027897972613573074
SINet/S2C_MT,COD10K-CAM-3-Flying-59-Grasshopper-3623.jpg,0.0236696507781744
SINet/S2C_MT,COD10K-CAM-3-Flying-59-Grasshopper-3624.jpg,0.0308636873960495
SINet/S2C_MT,COD10K-CAM-3-Flying-59-Grasshopper-3626.jpg,0.0279141366481781
SINet/S2C_MT,COD10K-CAM-3-Flying-59-Grasshopper-3628.jpg,0.04474267363548279
SINet/S2C_MT,COD10K-CAM-3-Flying-59-Grasshopper-3631.jpg,0.03467986732721329
SINet/S2C_MT,COD10K-CAM-3-Flying-59-Grasshopper-3633.jpg,0.08068089187145233
SINet/S2C_MT,COD10K-CAM-3-Flying-59-Grasshopper-3635.jpg,0.05319844186306
SINet/S2C_MT,COD10K-CAM-3-Flying-59-Grasshopper-3639.jpg,0.021157043054699898
SINet/S2C_MT,COD10K-CAM-3-Flying-59-Grasshopper-3642.jpg,0.129195898771286
SINet/S2C_MT,COD10K-CAM-3-Flying-59-Grasshopper-3643.jpg,0.04374399781227112
SINet/S2C_MT,COD10K-CAM-3-Flying-59-Grasshopper-3646.jpg,0.0260007306933403
SINet/S2C_MT,COD10K-CAM-3-Flying-59-Grasshopper-3647.jpg,0.03703810274600983
SINet/S2C_MT,COD10K-CAM-3-Flying-59-Grasshopper-3649.jpg,0.02065442129969597
SINet/S2C_MT,COD10K-CAM-3-Flying-59-Grasshopper-3651.jpg,0.03340049088001251
SINet/S2C_MT,COD10K-CAM-3-Flying-59-Grasshopper-3654.jpg,0.028346560895442963
SINet/S2C_MT,COD10K-CAM-3-Flying-59-Grasshopper-3656.jpg,0.04935358837246895
SINet/S2C_MT,COD10K-CAM-3-Flying-59-Grasshopper-3660.jpg,0.019421005621552467
SINet/S2C_MT,COD10K-CAM-3-Flying-59-Grasshopper-3662.jpg,0.03589543327689171
SINet/S2C_MT,COD10K-CAM-3-Flying-59-Grasshopper-3663.jpg,0.04620620235800743
SINet/S2C_MT,COD10K-CAM-3-Flying-59-Grasshopper-3664.jpg,0.05500086396932602
SINet/S2C_MT,COD10K-CAM-3-Flying-59-Grasshopper-3665.jpg,0.05192890763282776
SINet/S2C_MT,COD10K-CAM-3-Flying-59-Grasshopper-3666.jpg,0.014604180119931698
SINet/S2C_MT,COD10K-CAM-3-Flying-59-Grasshopper-3667.jpg,0.029002917930483818
SINet/S2C_MT,COD10K-CAM-3-Flying-59-Grasshopper-3668.jpg,0.027868453413248062
SINet/S2C_MT,COD10K-CAM-3-Flying-59-Grasshopper-3669.jpg,0.03953954949975014
SINet/S2C_MT,COD10K-CAM-3-Flying-59-Grasshopper-3670.jpg,0.0474751740694046
SINet/S2C_MT,COD10K-CAM-3-Flying-59-Grasshopper-3671.jpg,0.04842007905244827
SINet/S2C_MT,COD10K-CAM-3-Flying-59-Grasshopper-3674.jpg,0.013164017349481583
SINet/S2C_MT,COD10K-CAM-3-Flying-59-Grasshopper-3675.jpg,0.048103660345077515
SINet/S2C_MT,COD10K-CAM-3-Flying-59-Grasshopper-3677.jpg,0.06950551271438599
SINet/S2C_MT,COD10K-CAM-3-Flying-59-Grasshopper-3679.jpg,0.03311590105295181
SINet/S2C_MT,COD10K-CAM-3-Flying-59-Grasshopper-3682.jpg,0.02150052785873413
SINet/S2C_MT,COD10K-CAM-3-Flying-59-Grasshopper-3684.jpg,0.0768805742263794
SINet/S2C_MT,COD10K-CAM-3-Flying-59-Grasshopper-3685.jpg,0.06725047528743744
SINet/S2C_MT,COD10K-CAM-3-Flying-59-Grasshopper-3687.jpg,0.03274651616811752
SINet/S2C_MT,COD10K-CAM-3-Flying-59-Grasshopper-3690.jpg,0.024146562442183495
SINet/S2C_MT,COD10K-CAM-3-Flying-59-Grasshopper-3691.jpg,0.024923963472247124
SINet/S2C_MT,COD10K-CAM-3-Flying-59-Grasshopper-3693.jpg,0.05532180890440941
SINet/S2C_MT,COD10K-CAM-3-Flying-59-Grasshopper-3696.jpg,0.02665124461054802
SINet/S2C_MT,COD10K-CAM-3-Flying-59-Grasshopper-3698.jpg,0.042172107845544815
SINet/S2C_MT,COD10K-CAM-3-Flying-59-Grasshopper-3700.jpg,0.025225266814231873
SINet/S2C_MT,COD10K-CAM-3-Flying-59-Grasshopper-3703.jpg,0.05247817188501358
SINet/S2C_MT,COD10K-CAM-3-Flying-59-Grasshopper-3704.jpg,0.04157246649265289
SINet/S2C_MT,COD10K-CAM-3-Flying-59-Grasshopper-3705.jpg,0.03467550501227379
SINet/S2C_MT,COD10K-CAM-3-Flying-59-Grasshopper-3709.jpg,0.018613897264003754
SINet/S2C_MT,COD10K-CAM-3-Flying-59-Grasshopper-3713.jpg,0.01580529659986496
SINet/S2C_MT,COD10K-CAM-3-Flying-59-Grasshopper-3715.jpg,0.06426259130239487
SINet/S2C_MT,COD10K-CAM-3-Flying-59-Grasshopper-3716.jpg,0.02860094979405403
SINet/S2C_MT,COD10K-CAM-3-Flying-59-Grasshopper-3717.jpg,0.05741759017109871
SINet/S2C_MT,COD10K-CAM-3-Flying-59-Grasshopper-3718.jpg,0.03173960745334625
SINet/S2C_MT,COD10K-CAM-3-Flying-59-Grasshopper-3721.jpg,0.022532131522893906
SINet/S2C_MT,COD10K-CAM-3-Flying-59-Grasshopper-3722.jpg,0.027397457510232925
SINet/S2C_MT,COD10K-CAM-3-Flying-59-Grasshopper-3723.jpg,0.03374795615673065
SINet/S2C_MT,COD10K-CAM-3-Flying-59-Grasshopper-3724.jpg,0.024040279909968376
SINet/S2C_MT,COD10K-CAM-3-Flying-59-Grasshopper-3725.jpg,0.02340272068977356
SINet/S2C_MT,COD10K-CAM-3-Flying-59-Grasshopper-3728.jpg,0.03043048456311226
SINet/S2C_MT,COD10K-CAM-3-Flying-59-Grasshopper-3730.jpg,0.02553156018257141
SINet/S2C_MT,COD10K-CAM-3-Flying-59-Grasshopper-3731.jpg,0.028666594997048378
SINet/S2C_MT,COD10K-CAM-3-Flying-59-Grasshopper-3735.jpg,0.0391380600631237
SINet/S2C_MT,COD10K-CAM-3-Flying-59-Grasshopper-3738.jpg,0.050258614122867584
SINet/S2C_MT,COD10K-CAM-3-Flying-59-Grasshopper-3739.jpg,0.014758025296032429
SINet/S2C_MT,COD10K-CAM-3-Flying-59-Grasshopper-3742.jpg,0.05073430389165878
SINet/S2C_MT,COD10K-CAM-3-Flying-59-Grasshopper-3743.jpg,0.01834445632994175
SINet/S2C_MT,COD10K-CAM-3-Flying-59-Grasshopper-3746.jpg,0.013105654157698154
SINet/S2C_MT,COD10K-CAM-3-Flying-59-Grasshopper-3748.jpg,0.023720592260360718
SINet/S2C_MT,COD10K-CAM-3-Flying-59-Grasshopper-3749.jpg,0.04201746731996536
SINet/S2C_MT,COD10K-CAM-3-Flying-59-Grasshopper-3750.jpg,0.037429243326187134
SINet/S2C_MT,COD10K-CAM-3-Flying-59-Grasshopper-3751.jpg,0.0436963327229023
SINet/S2C_MT,COD10K-CAM-3-Flying-59-Grasshopper-3752.jpg,0.021729908883571625
SINet/S2C_MT,COD10K-CAM-3-Flying-59-Grasshopper-3753.jpg,0.021747389808297157
SINet/S2C_MT,COD10K-CAM-3-Flying-59-Grasshopper-3754.jpg,0.03382507711648941
SINet/S2C_MT,COD10K-CAM-3-Flying-59-Grasshopper-3755.jpg,0.04556303098797798
SINet/S2C_MT,COD10K-CAM-3-Flying-59-Grasshopper-3757.jpg,0.0384984165430069
SINet/S2C_MT,COD10K-CAM-3-Flying-59-Grasshopper-3763.jpg,0.044339679181575775
SINet/S2C_MT,COD10K-CAM-3-Flying-59-Grasshopper-3765.jpg,0.04614987224340439
SINet/S2C_MT,COD10K-CAM-3-Flying-59-Grasshopper-3766.jpg,0.03135973960161209
SINet/S2C_MT,COD10K-CAM-3-Flying-59-Grasshopper-3767.jpg,0.018143363296985626
SINet/S2C_MT,COD10K-CAM-3-Flying-59-Grasshopper-3770.jpg,0.08449646830558777
SINet/S2C_MT,COD10K-CAM-3-Flying-59-Grasshopper-3774.jpg,0.04005558788776398
SINet/S2C_MT,COD10K-CAM-3-Flying-59-Grasshopper-3779.jpg,0.0817180871963501
SINet/S2C_MT,COD10K-CAM-3-Flying-59-Grasshopper-3781.jpg,0.03458613157272339
SINet/S2C_MT,COD10K-CAM-3-Flying-59-Grasshopper-3782.jpg,0.03371790051460266
SINet/S2C_MT,COD10K-CAM-3-Flying-59-Grasshopper-3783.jpg,0.03554719313979149
SINet/S2C_MT,COD10K-CAM-3-Flying-59-Grasshopper-3785.jpg,0.036319781094789505
SINet/S2C_MT,COD10K-CAM-3-Flying-59-Grasshopper-3787.jpg,0.03364202380180359
SINet/S2C_MT,COD10K-CAM-3-Flying-59-Grasshopper-3789.jpg,0.046826668083667755
SINet/S2C_MT,COD10K-CAM-3-Flying-59-Grasshopper-3791.jpg,0.04758512228727341
SINet/S2C_MT,COD10K-CAM-3-Flying-59-Grasshopper-3793.jpg,0.07146865129470825
SINet/S2C_MT,COD10K-CAM-3-Flying-59-Grasshopper-3794.jpg,0.04374143108725548
SINet/S2C_MT,COD10K-CAM-3-Flying-59-Grasshopper-3797.jpg,0.04529508948326111
SINet/S2C_MT,COD10K-CAM-3-Flying-59-Grasshopper-3798.jpg,0.043682441115379333
SINet/S2C_MT,COD10K-CAM-3-Flying-59-Grasshopper-3800.jpg,0.0492216981947422
SINet/S2C_MT,COD10K-CAM-3-Flying-59-Grasshopper-3801.jpg,0.04673340544104576
SINet/S2C_MT,COD10K-CAM-3-Flying-59-Grasshopper-3803.jpg,0.02108905091881752
SINet/S2C_MT,COD10K-CAM-3-Flying-59-Grasshopper-3805.jpg,0.0328897126019001
SINet/S2C_MT,COD10K-CAM-3-Flying-59-Grasshopper-3806.jpg,0.017110642045736313
SINet/S2C_MT,COD10K-CAM-3-Flying-59-Grasshopper-3807.jpg,0.02432456985116005
SINet/S2C_MT,COD10K-CAM-3-Flying-59-Grasshopper-3809.jpg,0.08382630348205566
SINet/S2C_MT,COD10K-CAM-3-Flying-59-Grasshopper-3812.jpg,0.021003704518079758
SINet/S2C_MT,COD10K-CAM-3-Flying-59-Grasshopper-3816.jpg,0.040656741708517075
SINet/S2C_MT,COD10K-CAM-3-Flying-59-Grasshopper-3817.jpg,0.07781822234392166
SINet/S2C_MT,COD10K-CAM-3-Flying-59-Grasshopper-3819.jpg,0.04087739437818527
SINet/S2C_MT,COD10K-CAM-3-Flying-59-Grasshopper-3821.jpg,0.1045832633972168
SINet/S2C_MT,COD10K-CAM-3-Flying-59-Grasshopper-3822.jpg,0.028464961796998978
SINet/S2C_MT,COD10K-CAM-3-Flying-59-Grasshopper-3823.jpg,0.027873918414115906
SINet/S2C_MT,COD10K-CAM-3-Flying-59-Grasshopper-3826.jpg,0.02136443555355072
SINet/S2C_MT,COD10K-CAM-3-Flying-59-Grasshopper-3827.jpg,0.019318394362926483
SINet/S2C_MT,COD10K-CAM-3-Flying-59-Grasshopper-3829.jpg,0.048478543758392334
SINet/S2C_MT,COD10K-CAM-3-Flying-59-Grasshopper-3830.jpg,0.07916776090860367
SINet/S2C_MT,COD10K-CAM-3-Flying-59-Grasshopper-3832.jpg,0.03257809206843376
SINet/S2C_MT,COD10K-CAM-3-Flying-59-Grasshopper-3833.jpg,0.01995014399290085
SINet/S2C_MT,COD10K-CAM-3-Flying-59-Grasshopper-3835.jpg,0.03920882195234299
SINet/S2C_MT,COD10K-CAM-3-Flying-59-Grasshopper-3836.jpg,0.05481146648526192
SINet/S2C_MT,COD10K-CAM-3-Flying-59-Grasshopper-3837.jpg,0.021043434739112854
SINet/S2C_MT,COD10K-CAM-3-Flying-59-Grasshopper-3838.jpg,0.015584864653646946
SINet/S2C_MT,COD10K-CAM-3-Flying-59-Grasshopper-3839.jpg,0.03364212065935135
SINet/S2C_MT,COD10K-CAM-3-Flying-59-Grasshopper-3841.jpg,0.03588194027543068
SINet/S2C_MT,COD10K-CAM-3-Flying-59-Grasshopper-3842.jpg,0.03813139349222183
SINet/S2C_MT,COD10K-CAM-3-Flying-59-Grasshopper-3843.jpg,0.03291284292936325
SINet/S2C_MT,COD10K-CAM-3-Flying-59-Grasshopper-3844.jpg,0.040070321410894394
SINet/S2C_MT,COD10K-CAM-3-Flying-59-Grasshopper-3846.jpg,0.02569662034511566
SINet/S2C_MT,COD10K-CAM-3-Flying-59-Grasshopper-3848.jpg,0.024675505235791206
SINet/S2C_MT,COD10K-CAM-3-Flying-59-Grasshopper-3851.jpg,0.01015714555978775
SINet/S2C_MT,COD10K-CAM-3-Flying-59-Grasshopper-3852.jpg,0.02039998024702072
SINet/S2C_MT,COD10K-CAM-3-Flying-59-Grasshopper-3854.jpg,0.043189551681280136
SINet/S2C_MT,COD10K-CAM-3-Flying-59-Grasshopper-3855.jpg,0.016737349331378937
SINet/S2C_MT,COD10K-CAM-3-Flying-59-Grasshopper-3858.jpg,0.05902137979865074
SINet/S2C_MT,COD10K-CAM-3-Flying-59-Grasshopper-3860.jpg,0.02951689064502716
SINet/S2C_MT,COD10K-CAM-3-Flying-59-Grasshopper-3861.jpg,0.01286417804658413
SINet/S2C_MT,COD10K-CAM-3-Flying-59-Grasshopper-3862.jpg,0.020840086042881012
SINet/S2C_MT,COD10K-CAM-3-Flying-59-Grasshopper-3864.jpg,0.012018302455544472
SINet/S2C_MT,COD10K-CAM-3-Flying-59-Grasshopper-3865.jpg,0.03144300356507301
SINet/S2C_MT,COD10K-CAM-3-Flying-59-Grasshopper-3867.jpg,0.03490619361400604
SINet/S2C_MT,COD10K-CAM-3-Flying-59-Grasshopper-3868.jpg,0.0512610524892807
SINet/S2C_MT,COD10K-CAM-3-Flying-59-Grasshopper-3869.jpg,0.04293401911854744
SINet/S2C_MT,COD10K-CAM-3-Flying-59-Grasshopper-3871.jpg,0.07050441205501556
SINet/S2C_MT,COD10K-CAM-3-Flying-59-Grasshopper-3878.jpg,0.07408412545919418
SINet/S2C_MT,COD10K-CAM-3-Flying-59-Grasshopper-3879.jpg,0.022283272817730904
SINet/S2C_MT,COD10K-CAM-3-Flying-60-Heron-3882.jpg,0.015489972196519375
SINet/S2C_MT,COD10K-CAM-3-Flying-60-Heron-3883.jpg,0.04905080422759056
SINet/S2C_MT,COD10K-CAM-3-Flying-60-Heron-3887.jpg,0.13517723977565765
SINet/S2C_MT,COD10K-CAM-3-Flying-60-Heron-3890.jpg,0.0478033721446991
SINet/S2C_MT,COD10K-CAM-3-Flying-60-Heron-3894.jpg,0.012228277511894703
SINet/S2C_MT,COD10K-CAM-3-Flying-60-Heron-3896.jpg,0.010061267763376236
SINet/S2C_MT,COD10K-CAM-3-Flying-60-Heron-3897.jpg,0.026638470590114594
SINet/S2C_MT,COD10K-CAM-3-Flying-60-Heron-3899.jpg,0.028087809681892395
SINet/S2C_MT,COD10K-CAM-3-Flying-60-Heron-3902.jpg,0.03747738525271416
SINet/S2C_MT,COD10K-CAM-3-Flying-60-Heron-3903.jpg,0.017417926341295242
SINet/S2C_MT,COD10K-CAM-3-Flying-60-Heron-3904.jpg,0.03412942960858345
SINet/S2C_MT,COD10K-CAM-3-Flying-60-Heron-3905.jpg,0.02100144699215889
SINet/S2C_MT,COD10K-CAM-3-Flying-60-Heron-3907.jpg,0.03698871284723282
SINet/S2C_MT,COD10K-CAM-3-Flying-60-Heron-3908.jpg,0.02462495118379593
SINet/S2C_MT,COD10K-CAM-3-Flying-60-Heron-3910.jpg,0.016277426853775978
SINet/S2C_MT,COD10K-CAM-3-Flying-60-Heron-3913.jpg,0.06763698160648346
SINet/S2C_MT,COD10K-CAM-3-Flying-60-Heron-3914.jpg,0.010092626325786114
SINet/S2C_MT,COD10K-CAM-3-Flying-60-Heron-3915.jpg,0.010540071874856949
SINet/S2C_MT,COD10K-CAM-3-Flying-60-Heron-3916.jpg,0.014903213828802109
SINet/S2C_MT,COD10K-CAM-3-Flying-60-Heron-3917.jpg,0.02284240536391735
SINet/S2C_MT,COD10K-CAM-3-Flying-60-Heron-3919.jpg,0.015352739952504635
SINet/S2C_MT,COD10K-CAM-3-Flying-60-Heron-3920.jpg,0.022188551723957062
SINet/S2C_MT,COD10K-CAM-3-Flying-60-Heron-3923.jpg,0.07585552334785461
SINet/S2C_MT,COD10K-CAM-3-Flying-60-Heron-3924.jpg,0.013439944945275784
SINet/S2C_MT,COD10K-CAM-3-Flying-60-Heron-3926.jpg,0.019408175721764565
SINet/S2C_MT,COD10K-CAM-3-Flying-60-Heron-3929.jpg,0.043555691838264465
SINet/S2C_MT,COD10K-CAM-3-Flying-60-Heron-3930.jpg,0.034901656210422516
SINet/S2C_MT,COD10K-CAM-3-Flying-60-Heron-3931.jpg,0.025142384693026543
SINet/S2C_MT,COD10K-CAM-3-Flying-60-Heron-3932.jpg,0.014100424945354462
SINet/S2C_MT,COD10K-CAM-3-Flying-60-Heron-3933.jpg,0.027649980038404465
SINet/S2C_MT,COD10K-CAM-3-Flying-61-Katydid-3934.jpg,0.04223046824336052
SINet/S2C_MT,COD10K-CAM-3-Flying-61-Katydid-3935.jpg,0.03684990853071213
SINet/S2C_MT,COD10K-CAM-3-Flying-61-Katydid-3936.jpg,0.05693256855010986
SINet/S2C_MT,COD10K-CAM-3-Flying-61-Katydid-3937.jpg,0.03223148733377457
SINet/S2C_MT,COD10K-CAM-3-Flying-61-Katydid-3938.jpg,0.05678993836045265
SINet/S2C_MT,COD10K-CAM-3-Flying-61-Katydid-3940.jpg,0.07741574198007584
SINet/S2C_MT,COD10K-CAM-3-Flying-61-Katydid-3941.jpg,0.055348657071590424
SINet/S2C_MT,COD10K-CAM-3-Flying-61-Katydid-3943.jpg,0.03957157954573631
SINet/S2C_MT,COD10K-CAM-3-Flying-61-Katydid-3944.jpg,0.0283669363707304
SINet/S2C_MT,COD10K-CAM-3-Flying-61-Katydid-3945.jpg,0.06528352200984955
SINet/S2C_MT,COD10K-CAM-3-Flying-61-Katydid-3946.jpg,0.028051771223545074
SINet/S2C_MT,COD10K-CAM-3-Flying-61-Katydid-3947.jpg,0.04886842891573906
SINet/S2C_MT,COD10K-CAM-3-Flying-61-Katydid-3948.jpg,0.0497979000210762
SINet/S2C_MT,COD10K-CAM-3-Flying-61-Katydid-3953.jpg,0.014251524582505226
SINet/S2C_MT,COD10K-CAM-3-Flying-61-Katydid-3954.jpg,0.043397918343544006
SINet/S2C_MT,COD10K-CAM-3-Flying-61-Katydid-3955.jpg,0.054025799036026
SINet/S2C_MT,COD10K-CAM-3-Flying-61-Katydid-3957.jpg,0.031141724437475204
SINet/S2C_MT,COD10K-CAM-3-Flying-61-Katydid-3959.jpg,0.05700576677918434
SINet/S2C_MT,COD10K-CAM-3-Flying-61-Katydid-3960.jpg,0.022053927183151245
SINet/S2C_MT,COD10K-CAM-3-Flying-61-Katydid-3961.jpg,0.07361786812543869
SINet/S2C_MT,COD10K-CAM-3-Flying-61-Katydid-3963.jpg,0.10655274987220764
SINet/S2C_MT,COD10K-CAM-3-Flying-61-Katydid-3966.jpg,0.0751396045088768
SINet/S2C_MT,COD10K-CAM-3-Flying-61-Katydid-3967.jpg,0.04053666070103645
SINet/S2C_MT,COD10K-CAM-3-Flying-61-Katydid-3969.jpg,0.09603233635425568
SINet/S2C_MT,COD10K-CAM-3-Flying-61-Katydid-3970.jpg,0.07054376602172852
SINet/S2C_MT,COD10K-CAM-3-Flying-61-Katydid-3972.jpg,0.05251183360815048
SINet/S2C_MT,COD10K-CAM-3-Flying-61-Katydid-3973.jpg,0.06257417798042297
SINet/S2C_MT,COD10K-CAM-3-Flying-61-Katydid-3974.jpg,0.08143125474452972
SINet/S2C_MT,COD10K-CAM-3-Flying-61-Katydid-3975.jpg,0.032852187752723694
SINet/S2C_MT,COD10K-CAM-3-Flying-61-Katydid-3977.jpg,0.048693135380744934
SINet/S2C_MT,COD10K-CAM-3-Flying-61-Katydid-3978.jpg,0.057966288179159164
SINet/S2C_MT,COD10K-CAM-3-Flying-61-Katydid-3981.jpg,0.050430938601493835
SINet/S2C_MT,COD10K-CAM-3-Flying-61-Katydid-3984.jpg,0.03481682389974594
SINet/S2C_MT,COD10K-CAM-3-Flying-61-Katydid-3985.jpg,0.027655497193336487
SINet/S2C_MT,COD10K-CAM-3-Flying-61-Katydid-3986.jpg,0.019011851400136948
SINet/S2C_MT,COD10K-CAM-3-Flying-61-Katydid-3989.jpg,0.05532759428024292
SINet/S2C_MT,COD10K-CAM-3-Flying-61-Katydid-3991.jpg,0.0279183778911829
SINet/S2C_MT,COD10K-CAM-3-Flying-61-Katydid-3992.jpg,0.025538567453622818
SINet/S2C_MT,COD10K-CAM-3-Flying-61-Katydid-3995.jpg,0.0332576259970665
SINet/S2C_MT,COD10K-CAM-3-Flying-61-Katydid-3996.jpg,0.04812891036272049
SINet/S2C_MT,COD10K-CAM-3-Flying-61-Katydid-3997.jpg,0.05412539094686508
SINet/S2C_MT,COD10K-CAM-3-Flying-61-Katydid-3998.jpg,0.02991003543138504
SINet/S2C_MT,COD10K-CAM-3-Flying-61-Katydid-3999.jpg,0.02358129434287548
SINet/S2C_MT,COD10K-CAM-3-Flying-61-Katydid-4000.jpg,0.031472694128751755
SINet/S2C_MT,COD10K-CAM-3-Flying-61-Katydid-4001.jpg,0.1560828983783722
SINet/S2C_MT,COD10K-CAM-3-Flying-61-Katydid-4002.jpg,0.03376549482345581
SINet/S2C_MT,COD10K-CAM-3-Flying-61-Katydid-4005.jpg,0.049877725541591644
SINet/S2C_MT,COD10K-CAM-3-Flying-61-Katydid-4007.jpg,0.055553607642650604
SINet/S2C_MT,COD10K-CAM-3-Flying-61-Katydid-4009.jpg,0.06162182241678238
SINet/S2C_MT,COD10K-CAM-3-Flying-61-Katydid-4010.jpg,0.031092770397663116
SINet/S2C_MT,COD10K-CAM-3-Flying-61-Katydid-4011.jpg,0.03469227999448776
SINet/S2C_MT,COD10K-CAM-3-Flying-61-Katydid-4012.jpg,0.046572357416152954
SINet/S2C_MT,COD10K-CAM-3-Flying-61-Katydid-4013.jpg,0.019232042133808136
SINet/S2C_MT,COD10K-CAM-3-Flying-61-Katydid-4015.jpg,0.06804335117340088
SINet/S2C_MT,COD10K-CAM-3-Flying-61-Katydid-4017.jpg,0.023985758423805237
SINet/S2C_MT,COD10K-CAM-3-Flying-61-Katydid-4018.jpg,0.0286380797624588
SINet/S2C_MT,COD10K-CAM-3-Flying-61-Katydid-4019.jpg,0.030497394502162933
SINet/S2C_MT,COD10K-CAM-3-Flying-61-Katydid-4024.jpg,0.050893403589725494
SINet/S2C_MT,COD10K-CAM-3-Flying-61-Katydid-4026.jpg,0.029442833736538887
SINet/S2C_MT,COD10K-CAM-3-Flying-61-Katydid-4028.jpg,0.07566586136817932
SINet/S2C_MT,COD10K-CAM-3-Flying-61-Katydid-4029.jpg,0.0696830153465271
SINet/S2C_MT,COD10K-CAM-3-Flying-61-Katydid-4030.jpg,0.028373491019010544
SINet/S2C_MT,COD10K-CAM-3-Flying-61-Katydid-4031.jpg,0.04918550327420235
SINet/S2C_MT,COD10K-CAM-3-Flying-61-Katydid-4032.jpg,0.02919928729534149
SINet/S2C_MT,COD10K-CAM-3-Flying-61-Katydid-4033.jpg,0.056199949234724045
SINet/S2C_MT,COD10K-CAM-3-Flying-61-Katydid-4034.jpg,0.05790062993764877
SINet/S2C_MT,COD10K-CAM-3-Flying-61-Katydid-4036.jpg,0.037427619099617004
SINet/S2C_MT,COD10K-CAM-3-Flying-61-Katydid-4038.jpg,0.02291855961084366
SINet/S2C_MT,COD10K-CAM-3-Flying-61-Katydid-4039.jpg,0.016314182430505753
SINet/S2C_MT,COD10K-CAM-3-Flying-61-Katydid-4040.jpg,0.057644687592983246
SINet/S2C_MT,COD10K-CAM-3-Flying-61-Katydid-4041.jpg,0.04252580180764198
SINet/S2C_MT,COD10K-CAM-3-Flying-61-Katydid-4043.jpg,0.08989012986421585
SINet/S2C_MT,COD10K-CAM-3-Flying-61-Katydid-4044.jpg,0.021869903430342674
SINet/S2C_MT,COD10K-CAM-3-Flying-61-Katydid-4046.jpg,0.024544384330511093
SINet/S2C_MT,COD10K-CAM-3-Flying-61-Katydid-4048.jpg,0.11200465261936188
SINet/S2C_MT,COD10K-CAM-3-Flying-61-Katydid-4049.jpg,0.0649917721748352
SINet/S2C_MT,COD10K-CAM-3-Flying-61-Katydid-4050.jpg,0.03266509249806404
SINet/S2C_MT,COD10K-CAM-3-Flying-61-Katydid-4052.jpg,0.047494180500507355
SINet/S2C_MT,COD10K-CAM-3-Flying-61-Katydid-4053.jpg,0.11089874804019928
SINet/S2C_MT,COD10K-CAM-3-Flying-61-Katydid-4055.jpg,0.0560801699757576
SINet/S2C_MT,COD10K-CAM-3-Flying-61-Katydid-4056.jpg,0.04171822592616081
SINet/S2C_MT,COD10K-CAM-3-Flying-61-Katydid-4057.jpg,0.02917403168976307
SINet/S2C_MT,COD10K-CAM-3-Flying-61-Katydid-4058.jpg,0.04831935465335846
SINet/S2C_MT,COD10K-CAM-3-Flying-61-Katydid-4061.jpg,0.08234289288520813
SINet/S2C_MT,COD10K-CAM-3-Flying-61-Katydid-4065.jpg,0.026171982288360596
SINet/S2C_MT,COD10K-CAM-3-Flying-61-Katydid-4066.jpg,0.048983603715896606
SINet/S2C_MT,COD10K-CAM-3-Flying-61-Katydid-4067.jpg,0.042280372232198715
SINet/S2C_MT,COD10K-CAM-3-Flying-61-Katydid-4069.jpg,0.03827814757823944
SINet/S2C_MT,COD10K-CAM-3-Flying-61-Katydid-4070.jpg,0.017910592257976532
SINet/S2C_MT,COD10K-CAM-3-Flying-61-Katydid-4071.jpg,0.01808585599064827
SINet/S2C_MT,COD10K-CAM-3-Flying-61-Katydid-4072.jpg,0.09903818368911743
SINet/S2C_MT,COD10K-CAM-3-Flying-61-Katydid-4076.jpg,0.029333021491765976
SINet/S2C_MT,COD10K-CAM-3-Flying-61-Katydid-4078.jpg,0.039145275950431824
SINet/S2C_MT,COD10K-CAM-3-Flying-61-Katydid-4079.jpg,0.08271072804927826
SINet/S2C_MT,COD10K-CAM-3-Flying-61-Katydid-4081.jpg,0.02923155575990677
SINet/S2C_MT,COD10K-CAM-3-Flying-61-Katydid-4083.jpg,0.07162688672542572
SINet/S2C_MT,COD10K-CAM-3-Flying-61-Katydid-4084.jpg,0.0178739745169878
SINet/S2C_MT,COD10K-CAM-3-Flying-61-Katydid-4088.jpg,0.025196928530931473
SINet/S2C_MT,COD10K-CAM-3-Flying-61-Katydid-4089.jpg,0.028042055666446686
SINet/S2C_MT,COD10K-CAM-3-Flying-61-Katydid-4090.jpg,0.04555938020348549
SINet/S2C_MT,COD10K-CAM-3-Flying-61-Katydid-4092.jpg,0.04500875994563103
SINet/S2C_MT,COD10K-CAM-3-Flying-61-Katydid-4095.jpg,0.07063529640436172
SINet/S2C_MT,COD10K-CAM-3-Flying-61-Katydid-4096.jpg,0.021652404218912125
SINet/S2C_MT,COD10K-CAM-3-Flying-61-Katydid-4097.jpg,0.02729872241616249
SINet/S2C_MT,COD10K-CAM-3-Flying-61-Katydid-4098.jpg,0.031241096556186676
SINet/S2C_MT,COD10K-CAM-3-Flying-61-Katydid-4099.jpg,0.03336075693368912
SINet/S2C_MT,COD10K-CAM-3-Flying-61-Katydid-4100.jpg,0.06652069836854935
SINet/S2C_MT,COD10K-CAM-3-Flying-61-Katydid-4103.jpg,0.013115731067955494
SINet/S2C_MT,COD10K-CAM-3-Flying-61-Katydid-4104.jpg,0.02479296736419201
SINet/S2C_MT,COD10K-CAM-3-Flying-61-Katydid-4105.jpg,0.03497989475727081
SINet/S2C_MT,COD10K-CAM-3-Flying-61-Katydid-4106.jpg,0.047046151012182236
SINet/S2C_MT,COD10K-CAM-3-Flying-61-Katydid-4109.jpg,0.03861317038536072
SINet/S2C_MT,COD10K-CAM-3-Flying-61-Katydid-4113.jpg,0.07849964499473572
SINet/S2C_MT,COD10K-CAM-3-Flying-61-Katydid-4114.jpg,0.04982014745473862
SINet/S2C_MT,COD10K-CAM-3-Flying-61-Katydid-4116.jpg,0.06487636268138885
SINet/S2C_MT,COD10K-CAM-3-Flying-61-Katydid-4119.jpg,0.0161221195012331
SINet/S2C_MT,COD10K-CAM-3-Flying-61-Katydid-4120.jpg,0.06560370326042175
SINet/S2C_MT,COD10K-CAM-3-Flying-61-Katydid-4123.jpg,0.03687071427702904
SINet/S2C_MT,COD10K-CAM-3-Flying-61-Katydid-4124.jpg,0.05164986476302147
SINet/S2C_MT,COD10K-CAM-3-Flying-61-Katydid-4127.jpg,0.060957036912441254
SINet/S2C_MT,COD10K-CAM-3-Flying-61-Katydid-4128.jpg,0.05661575496196747
SINet/S2C_MT,COD10K-CAM-3-Flying-61-Katydid-4129.jpg,0.05744686722755432
SINet/S2C_MT,COD10K-CAM-3-Flying-61-Katydid-4132.jpg,0.06134556978940964
SINet/S2C_MT,COD10K-CAM-3-Flying-61-Katydid-4134.jpg,0.060458794236183167
SINet/S2C_MT,COD10K-CAM-3-Flying-61-Katydid-4135.jpg,0.05254717171192169
SINet/S2C_MT,COD10K-CAM-3-Flying-61-Katydid-4136.jpg,0.027901310473680496
SINet/S2C_MT,COD10K-CAM-3-Flying-61-Katydid-4137.jpg,0.027569957077503204
SINet/S2C_MT,COD10K-CAM-3-Flying-61-Katydid-4138.jpg,0.02471867948770523
SINet/S2C_MT,COD10K-CAM-3-Flying-61-Katydid-4139.jpg,0.024650556966662407
SINet/S2C_MT,COD10K-CAM-3-Flying-61-Katydid-4140.jpg,0.06549521535634995
SINet/S2C_MT,COD10K-CAM-3-Flying-61-Katydid-4143.jpg,0.03603609278798103
SINet/S2C_MT,COD10K-CAM-3-Flying-61-Katydid-4146.jpg,0.04707664996385574
SINet/S2C_MT,COD10K-CAM-3-Flying-61-Katydid-4148.jpg,0.06741729378700256
SINet/S2C_MT,COD10K-CAM-3-Flying-61-Katydid-4149.jpg,0.030314184725284576
SINet/S2C_MT,COD10K-CAM-3-Flying-61-Katydid-4150.jpg,0.024250004440546036
SINet/S2C_MT,COD10K-CAM-3-Flying-61-Katydid-4151.jpg,0.03737402707338333
SINet/S2C_MT,COD10K-CAM-3-Flying-61-Katydid-4152.jpg,0.09013812243938446
SINet/S2C_MT,COD10K-CAM-3-Flying-61-Katydid-4157.jpg,0.028564274311065674
SINet/S2C_MT,COD10K-CAM-3-Flying-61-Katydid-4158.jpg,0.025048626586794853
SINet/S2C_MT,COD10K-CAM-3-Flying-61-Katydid-4163.jpg,0.03538667410612106
SINet/S2C_MT,COD10K-CAM-3-Flying-61-Katydid-4164.jpg,0.016528964042663574
SINet/S2C_MT,COD10K-CAM-3-Flying-61-Katydid-4165.jpg,0.02529831975698471
SINet/S2C_MT,COD10K-CAM-3-Flying-61-Katydid-4168.jpg,0.03975026309490204
SINet/S2C_MT,COD10K-CAM-3-Flying-61-Katydid-4169.jpg,0.027397342026233673
SINet/S2C_MT,COD10K-CAM-3-Flying-61-Katydid-4170.jpg,0.03135596215724945
SINet/S2C_MT,COD10K-CAM-3-Flying-61-Katydid-4171.jpg,0.03349415957927704
SINet/S2C_MT,COD10K-CAM-3-Flying-61-Katydid-4172.jpg,0.048005279153585434
SINet/S2C_MT,COD10K-CAM-3-Flying-61-Katydid-4175.jpg,0.04009354114532471
SINet/S2C_MT,COD10K-CAM-3-Flying-61-Katydid-4178.jpg,0.05145952105522156
SINet/S2C_MT,COD10K-CAM-3-Flying-61-Katydid-4179.jpg,0.047583892941474915
SINet/S2C_MT,COD10K-CAM-3-Flying-61-Katydid-4181.jpg,0.07634413987398148
SINet/S2C_MT,COD10K-CAM-3-Flying-61-Katydid-4182.jpg,0.037043362855911255
SINet/S2C_MT,COD10K-CAM-3-Flying-61-Katydid-4183.jpg,0.05107130855321884
SINet/S2C_MT,COD10K-CAM-3-Flying-61-Katydid-4184.jpg,0.08814128488302231
SINet/S2C_MT,COD10K-CAM-3-Flying-61-Katydid-4185.jpg,0.04824793338775635
SINet/S2C_MT,COD10K-CAM-3-Flying-61-Katydid-4186.jpg,0.054645925760269165
SINet/S2C_MT,COD10K-CAM-3-Flying-61-Katydid-4187.jpg,0.036042869091033936
SINet/S2C_MT,COD10K-CAM-3-Flying-61-Katydid-4188.jpg,0.03914322704076767
SINet/S2C_MT,COD10K-CAM-3-Flying-61-Katydid-4190.jpg,0.04157974198460579
SINet/S2C_MT,COD10K-CAM-3-Flying-61-Katydid-4192.jpg,0.0397140197455883
SINet/S2C_MT,COD10K-CAM-3-Flying-61-Katydid-4194.jpg,0.09602905809879303
SINet/S2C_MT,COD10K-CAM-3-Flying-61-Katydid-4195.jpg,0.06093955039978027
SINet/S2C_MT,COD10K-CAM-3-Flying-61-Katydid-4197.jpg,0.026272151619195938
SINet/S2C_MT,COD10K-CAM-3-Flying-61-Katydid-4199.jpg,0.03195573762059212
SINet/S2C_MT,COD10K-CAM-3-Flying-61-Katydid-4200.jpg,0.030410049483180046
SINet/S2C_MT,COD10K-CAM-3-Flying-61-Katydid-4202.jpg,0.03428114578127861
SINet/S2C_MT,COD10K-CAM-3-Flying-61-Katydid-4207.jpg,0.03987248241901398
SINet/S2C_MT,COD10K-CAM-3-Flying-61-Katydid-4208.jpg,0.04184476286172867
SINet/S2C_MT,COD10K-CAM-3-Flying-61-Katydid-4210.jpg,0.017264530062675476
SINet/S2C_MT,COD10K-CAM-3-Flying-61-Katydid-4211.jpg,0.025447167456150055
SINet/S2C_MT,COD10K-CAM-3-Flying-61-Katydid-4212.jpg,0.04465024173259735
SINet/S2C_MT,COD10K-CAM-3-Flying-61-Katydid-4213.jpg,0.023307185620069504
SINet/S2C_MT,COD10K-CAM-3-Flying-61-Katydid-4214.jpg,0.022565392777323723
SINet/S2C_MT,COD10K-CAM-3-Flying-61-Katydid-4217.jpg,0.027579348534345627
SINet/S2C_MT,COD10K-CAM-3-Flying-61-Katydid-4223.jpg,0.047073520720005035
SINet/S2C_MT,COD10K-CAM-3-Flying-61-Katydid-4226.jpg,0.01849815808236599
SINet/S2C_MT,COD10K-CAM-3-Flying-61-Katydid-4227.jpg,0.04228488728404045
SINet/S2C_MT,COD10K-CAM-3-Flying-61-Katydid-4233.jpg,0.033278416842222214
SINet/S2C_MT,COD10K-CAM-3-Flying-61-Katydid-4235.jpg,0.02823251113295555
SINet/S2C_MT,COD10K-CAM-3-Flying-61-Katydid-4236.jpg,0.05487002432346344
SINet/S2C_MT,COD10K-CAM-3-Flying-61-Katydid-4239.jpg,0.048569273203611374
SINet/S2C_MT,COD10K-CAM-3-Flying-61-Katydid-4243.jpg,0.03986288607120514
SINet/S2C_MT,COD10K-CAM-3-Flying-62-Mantis-4246.jpg,0.039481908082962036
SINet/S2C_MT,COD10K-CAM-3-Flying-62-Mantis-4249.jpg,0.08324067294597626
SINet/S2C_MT,COD10K-CAM-3-Flying-62-Mantis-4250.jpg,0.02083081565797329
SINet/S2C_MT,COD10K-CAM-3-Flying-62-Mantis-4251.jpg,0.012789127416908741
SINet/S2C_MT,COD10K-CAM-3-Flying-62-Mantis-4252.jpg,0.023106470704078674
SINet/S2C_MT,COD10K-CAM-3-Flying-62-Mantis-4254.jpg,0.054851386696100235
SINet/S2C_MT,COD10K-CAM-3-Flying-62-Mantis-4257.jpg,0.08839420974254608
SINet/S2C_MT,COD10K-CAM-3-Flying-62-Mantis-4259.jpg,0.03592433035373688
SINet/S2C_MT,COD10K-CAM-3-Flying-62-Mantis-4260.jpg,0.052038416266441345
SINet/S2C_MT,COD10K-CAM-3-Flying-62-Mantis-4261.jpg,0.025292903184890747
SINet/S2C_MT,COD10K-CAM-3-Flying-62-Mantis-4263.jpg,0.02273615077137947
SINet/S2C_MT,COD10K-CAM-3-Flying-62-Mantis-4264.jpg,0.023094013333320618
SINet/S2C_MT,COD10K-CAM-3-Flying-62-Mantis-4266.jpg,0.10533761978149414
SINet/S2C_MT,COD10K-CAM-3-Flying-62-Mantis-4267.jpg,0.036796025931835175
SINet/S2C_MT,COD10K-CAM-3-Flying-62-Mantis-4269.jpg,0.030262187123298645
SINet/S2C_MT,COD10K-CAM-3-Flying-62-Mantis-4271.jpg,0.03301902487874031
SINet/S2C_MT,COD10K-CAM-3-Flying-62-Mantis-4273.jpg,0.05789293348789215
SINet/S2C_MT,COD10K-CAM-3-Flying-62-Mantis-4275.jpg,0.04202200472354889
SINet/S2C_MT,COD10K-CAM-3-Flying-62-Mantis-4277.jpg,0.05430518835783005
SINet/S2C_MT,COD10K-CAM-3-Flying-62-Mantis-4280.jpg,0.046996086835861206
SINet/S2C_MT,COD10K-CAM-3-Flying-62-Mantis-4282.jpg,0.04076173156499863
SINet/S2C_MT,COD10K-CAM-3-Flying-62-Mantis-4284.jpg,0.05767621472477913
SINet/S2C_MT,COD10K-CAM-3-Flying-62-Mantis-4286.jpg,0.022203324362635612
SINet/S2C_MT,COD10K-CAM-3-Flying-62-Mantis-4289.jpg,0.038823530077934265
SINet/S2C_MT,COD10K-CAM-3-Flying-62-Mantis-4290.jpg,0.016162734478712082
SINet/S2C_MT,COD10K-CAM-3-Flying-62-Mantis-4291.jpg,0.03758542239665985
SINet/S2C_MT,COD10K-CAM-3-Flying-62-Mantis-4292.jpg,0.04693541303277016
SINet/S2C_MT,COD10K-CAM-3-Flying-62-Mantis-4293.jpg,0.02874211221933365
SINet/S2C_MT,COD10K-CAM-3-Flying-62-Mantis-4294.jpg,0.02445138990879059
SINet/S2C_MT,COD10K-CAM-3-Flying-62-Mantis-4295.jpg,0.030435502529144287
SINet/S2C_MT,COD10K-CAM-3-Flying-62-Mantis-4298.jpg,0.08276043087244034
SINet/S2C_MT,COD10K-CAM-3-Flying-62-Mantis-4299.jpg,0.0459127239882946
SINet/S2C_MT,COD10K-CAM-3-Flying-62-Mantis-4300.jpg,0.031884774565696716
SINet/S2C_MT,COD10K-CAM-3-Flying-62-Mantis-4303.jpg,0.02928115800023079
SINet/S2C_MT,COD10K-CAM-3-Flying-62-Mantis-4304.jpg,0.030777880921959877
SINet/S2C_MT,COD10K-CAM-3-Flying-62-Mantis-4305.jpg,0.0753481537103653
SINet/S2C_MT,COD10K-CAM-3-Flying-62-Mantis-4306.jpg,0.03692755475640297
SINet/S2C_MT,COD10K-CAM-3-Flying-62-Mantis-4309.jpg,0.03460971638560295
SINet/S2C_MT,COD10K-CAM-3-Flying-62-Mantis-4311.jpg,0.03395521640777588
SINet/S2C_MT,COD10K-CAM-3-Flying-62-Mantis-4312.jpg,0.028121381998062134
SINet/S2C_MT,COD10K-CAM-3-Flying-62-Mantis-4317.jpg,0.08638864010572433
SINet/S2C_MT,COD10K-CAM-3-Flying-62-Mantis-4318.jpg,0.014789612963795662
SINet/S2C_MT,COD10K-CAM-3-Flying-62-Mantis-4320.jpg,0.059434570372104645
SINet/S2C_MT,COD10K-CAM-3-Flying-62-Mantis-4322.jpg,0.07022371888160706
SINet/S2C_MT,COD10K-CAM-3-Flying-62-Mantis-4323.jpg,0.05461468920111656
SINet/S2C_MT,COD10K-CAM-3-Flying-62-Mantis-4324.jpg,0.0792526826262474
SINet/S2C_MT,COD10K-CAM-3-Flying-62-Mantis-4326.jpg,0.014814039692282677
SINet/S2C_MT,COD10K-CAM-3-Flying-62-Mantis-4327.jpg,0.07369572669267654
SINet/S2C_MT,COD10K-CAM-3-Flying-62-Mantis-4329.jpg,0.048782650381326675
SINet/S2C_MT,COD10K-CAM-3-Flying-62-Mantis-4331.jpg,0.03382984548807144
SINet/S2C_MT,COD10K-CAM-3-Flying-62-Mantis-4332.jpg,0.0829201340675354
SINet/S2C_MT,COD10K-CAM-3-Flying-62-Mantis-4333.jpg,0.03401351347565651
SINet/S2C_MT,COD10K-CAM-3-Flying-62-Mantis-4334.jpg,0.04664759337902069
SINet/S2C_MT,COD10K-CAM-3-Flying-62-Mantis-4335.jpg,0.05685073882341385
SINet/S2C_MT,COD10K-CAM-3-Flying-62-Mantis-4336.jpg,0.021102571859955788
SINet/S2C_MT,COD10K-CAM-3-Flying-62-Mantis-4337.jpg,0.019469261169433594
SINet/S2C_MT,COD10K-CAM-3-Flying-62-Mantis-4338.jpg,0.06308874487876892
SINet/S2C_MT,COD10K-CAM-3-Flying-62-Mantis-4340.jpg,0.04253523051738739
SINet/S2C_MT,COD10K-CAM-3-Flying-62-Mantis-4343.jpg,0.03258662670850754
SINet/S2C_MT,COD10K-CAM-3-Flying-62-Mantis-4345.jpg,0.029537001624703407
SINet/S2C_MT,COD10K-CAM-3-Flying-62-Mantis-4348.jpg,0.03870756924152374
SINet/S2C_MT,COD10K-CAM-3-Flying-62-Mantis-4351.jpg,0.054619401693344116
SINet/S2C_MT,COD10K-CAM-3-Flying-62-Mantis-4352.jpg,0.05264633148908615
SINet/S2C_MT,COD10K-CAM-3-Flying-62-Mantis-4353.jpg,0.025898786261677742
SINet/S2C_MT,COD10K-CAM-3-Flying-62-Mantis-4354.jpg,0.05977582558989525
SINet/S2C_MT,COD10K-CAM-3-Flying-62-Mantis-4356.jpg,0.04714258760213852
SINet/S2C_MT,COD10K-CAM-3-Flying-62-Mantis-4357.jpg,0.07638224959373474
SINet/S2C_MT,COD10K-CAM-3-Flying-62-Mantis-4365.jpg,0.051368068903684616
SINet/S2C_MT,COD10K-CAM-3-Flying-62-Mantis-4366.jpg,0.028452139347791672
SINet/S2C_MT,COD10K-CAM-3-Flying-62-Mantis-4367.jpg,0.06637971848249435
SINet/S2C_MT,COD10K-CAM-3-Flying-62-Mantis-4368.jpg,0.06098762899637222
SINet/S2C_MT,COD10K-CAM-3-Flying-62-Mantis-4369.jpg,0.027975372970104218
SINet/S2C_MT,COD10K-CAM-3-Flying-62-Mantis-4370.jpg,0.05167120695114136
SINet/S2C_MT,COD10K-CAM-3-Flying-62-Mantis-4371.jpg,0.058195944875478745
SINet/S2C_MT,COD10K-CAM-3-Flying-62-Mantis-4374.jpg,0.03232859820127487
SINet/S2C_MT,COD10K-CAM-3-Flying-62-Mantis-4377.jpg,0.04705740511417389
SINet/S2C_MT,COD10K-CAM-3-Flying-62-Mantis-4379.jpg,0.06354713439941406
SINet/S2C_MT,COD10K-CAM-3-Flying-62-Mantis-4381.jpg,0.036072853952646255
SINet/S2C_MT,COD10K-CAM-3-Flying-62-Mantis-4383.jpg,0.02973191812634468
SINet/S2C_MT,COD10K-CAM-3-Flying-62-Mantis-4385.jpg,0.05794227868318558
SINet/S2C_MT,COD10K-CAM-3-Flying-63-Mockingbird-4388.jpg,0.058516766875982285
SINet/S2C_MT,COD10K-CAM-3-Flying-63-Mockingbird-4390.jpg,0.021163830533623695
SINet/S2C_MT,COD10K-CAM-3-Flying-63-Mockingbird-4391.jpg,0.05457150191068649
SINet/S2C_MT,COD10K-CAM-3-Flying-63-Mockingbird-4393.jpg,0.034752897918224335
SINet/S2C_MT,COD10K-CAM-3-Flying-63-Mockingbird-4394.jpg,0.09143026918172836
SINet/S2C_MT,COD10K-CAM-3-Flying-63-Mockingbird-4395.jpg,0.0113455755636096
SINet/S2C_MT,COD10K-CAM-3-Flying-63-Mockingbird-4396.jpg,0.0689229816198349
SINet/S2C_MT,COD10K-CAM-3-Flying-63-Mockingbird-4397.jpg,0.02874167449772358
SINet/S2C_MT,COD10K-CAM-3-Flying-63-Mockingbird-4398.jpg,0.04739849269390106
SINet/S2C_MT,COD10K-CAM-3-Flying-63-Mockingbird-4399.jpg,0.05784645676612854
SINet/S2C_MT,COD10K-CAM-3-Flying-63-Mockingbird-4400.jpg,0.03258591890335083
SINet/S2C_MT,COD10K-CAM-3-Flying-63-Mockingbird-4401.jpg,0.00740480050444603
SINet/S2C_MT,COD10K-CAM-3-Flying-63-Mockingbird-4402.jpg,0.009204947389662266
SINet/S2C_MT,COD10K-CAM-3-Flying-63-Mockingbird-4404.jpg,0.1614968329668045
SINet/S2C_MT,COD10K-CAM-3-Flying-63-Mockingbird-4411.jpg,0.051498256623744965
SINet/S2C_MT,COD10K-CAM-3-Flying-63-Mockingbird-4412.jpg,0.03994190692901611
SINet/S2C_MT,COD10K-CAM-3-Flying-63-Mockingbird-4413.jpg,0.03208455815911293
SINet/S2C_MT,COD10K-CAM-3-Flying-63-Mockingbird-4415.jpg,0.03131842985749245
SINet/S2C_MT,COD10K-CAM-3-Flying-63-Mockingbird-4416.jpg,0.06085028126835823
SINet/S2C_MT,COD10K-CAM-3-Flying-63-Mockingbird-4418.jpg,0.028042690828442574
SINet/S2C_MT,COD10K-CAM-3-Flying-63-Mockingbird-4419.jpg,0.04324827715754509
SINet/S2C_MT,COD10K-CAM-3-Flying-63-Mockingbird-4420.jpg,0.06560108810663223
SINet/S2C_MT,COD10K-CAM-3-Flying-63-Mockingbird-4421.jpg,0.04251531511545181
SINet/S2C_MT,COD10K-CAM-3-Flying-63-Mockingbird-4422.jpg,0.14854490756988525
SINet/S2C_MT,COD10K-CAM-3-Flying-63-Mockingbird-4423.jpg,0.03372028470039368
SINet/S2C_MT,COD10K-CAM-3-Flying-63-Mockingbird-4424.jpg,0.035423047840595245
SINet/S2C_MT,COD10K-CAM-3-Flying-63-Mockingbird-4425.jpg,0.04267502576112747
SINet/S2C_MT,COD10K-CAM-3-Flying-64-Moth-4428.jpg,0.03883034363389015
SINet/S2C_MT,COD10K-CAM-3-Flying-64-Moth-4429.jpg,0.010700741782784462
SINet/S2C_MT,COD10K-CAM-3-Flying-64-Moth-4434.jpg,0.016199111938476562
SINet/S2C_MT,COD10K-CAM-3-Flying-64-Moth-4435.jpg,0.03476102277636528
SINet/S2C_MT,COD10K-CAM-3-Flying-64-Moth-4436.jpg,0.041829586029052734
SINet/S2C_MT,COD10K-CAM-3-Flying-64-Moth-4437.jpg,0.034448400139808655
SINet/S2C_MT,COD10K-CAM-3-Flying-64-Moth-4438.jpg,0.015525463968515396
SINet/S2C_MT,COD10K-CAM-3-Flying-64-Moth-4439.jpg,0.037253350019454956
SINet/S2C_MT,COD10K-CAM-3-Flying-64-Moth-4440.jpg,0.02869945578277111
SINet/S2C_MT,COD10K-CAM-3-Flying-64-Moth-4441.jpg,0.027804573997855186
SINet/S2C_MT,COD10K-CAM-3-Flying-64-Moth-4442.jpg,0.027476660907268524
SINet/S2C_MT,COD10K-CAM-3-Flying-64-Moth-4445.jpg,0.014449289068579674
SINet/S2C_MT,COD10K-CAM-3-Flying-64-Moth-4449.jpg,0.058554038405418396
SINet/S2C_MT,COD10K-CAM-3-Flying-64-Moth-4451.jpg,0.02332371100783348
SINet/S2C_MT,COD10K-CAM-3-Flying-64-Moth-4456.jpg,0.04060184210538864
SINet/S2C_MT,COD10K-CAM-3-Flying-64-Moth-4458.jpg,0.08660748600959778
SINet/S2C_MT,COD10K-CAM-3-Flying-64-Moth-4459.jpg,0.025778211653232574
SINet/S2C_MT,COD10K-CAM-3-Flying-64-Moth-4462.jpg,0.02455509454011917
SINet/S2C_MT,COD10K-CAM-3-Flying-64-Moth-4463.jpg,0.02049766108393669
SINet/S2C_MT,COD10K-CAM-3-Flying-64-Moth-4464.jpg,0.008841774426400661
SINet/S2C_MT,COD10K-CAM-3-Flying-64-Moth-4465.jpg,0.033306434750556946
SINet/S2C_MT,COD10K-CAM-3-Flying-64-Moth-4466.jpg,0.07425622642040253
SINet/S2C_MT,COD10K-CAM-3-Flying-64-Moth-4468.jpg,0.058711595833301544
SINet/S2C_MT,COD10K-CAM-3-Flying-64-Moth-4470.jpg,0.024590786546468735
SINet/S2C_MT,COD10K-CAM-3-Flying-64-Moth-4472.jpg,0.024175552651286125
SINet/S2C_MT,COD10K-CAM-3-Flying-64-Moth-4474.jpg,0.019594445824623108
SINet/S2C_MT,COD10K-CAM-3-Flying-64-Moth-4475.jpg,0.03401594236493111
SINet/S2C_MT,COD10K-CAM-3-Flying-64-Moth-4477.jpg,0.04039262980222702
SINet/S2C_MT,COD10K-CAM-3-Flying-64-Moth-4478.jpg,0.023537656292319298
SINet/S2C_MT,COD10K-CAM-3-Flying-64-Moth-4484.jpg,0.0417010635137558
SINet/S2C_MT,COD10K-CAM-3-Flying-64-Moth-4485.jpg,0.024382691830396652
SINet/S2C_MT,COD10K-CAM-3-Flying-64-Moth-4486.jpg,0.03747106343507767
SINet/S2C_MT,COD10K-CAM-3-Flying-64-Moth-4487.jpg,0.028340177610516548
SINet/S2C_MT,COD10K-CAM-3-Flying-64-Moth-4488.jpg,0.018742498010396957
SINet/S2C_MT,COD10K-CAM-3-Flying-64-Moth-4490.jpg,0.02716773748397827
SINet/S2C_MT,COD10K-CAM-3-Flying-64-Moth-4492.jpg,0.02474423311650753
SINet/S2C_MT,COD10K-CAM-3-Flying-64-Moth-4493.jpg,0.021778196096420288
SINet/S2C_MT,COD10K-CAM-3-Flying-64-Moth-4494.jpg,0.050909623503685
SINet/S2C_MT,COD10K-CAM-3-Flying-64-Moth-4495.jpg,0.07831043750047684
SINet/S2C_MT,COD10K-CAM-3-Flying-64-Moth-4496.jpg,0.02706516720354557
SINet/S2C_MT,COD10K-CAM-3-Flying-64-Moth-4497.jpg,0.03132239729166031
SINet/S2C_MT,COD10K-CAM-3-Flying-64-Moth-4498.jpg,0.017650393769145012
SINet/S2C_MT,COD10K-CAM-3-Flying-64-Moth-4500.jpg,0.08913344144821167
SINet/S2C_MT,COD10K-CAM-3-Flying-64-Moth-4501.jpg,0.013985463418066502
SINet/S2C_MT,COD10K-CAM-3-Flying-64-Moth-4502.jpg,0.020262522622942924
SINet/S2C_MT,COD10K-CAM-3-Flying-64-Moth-4504.jpg,0.043191201984882355
SINet/S2C_MT,COD10K-CAM-3-Flying-64-Moth-4505.jpg,0.04985246807336807
SINet/S2C_MT,COD10K-CAM-3-Flying-64-Moth-4506.jpg,0.016272583976387978
SINet/S2C_MT,COD10K-CAM-3-Flying-64-Moth-4507.jpg,0.031770069152116776
SINet/S2C_MT,COD10K-CAM-3-Flying-65-Owl-4508.jpg,0.03322838991880417
SINet/S2C_MT,COD10K-CAM-3-Flying-65-Owl-4509.jpg,0.03081284835934639
SINet/S2C_MT,COD10K-CAM-3-Flying-65-Owl-4512.jpg,0.029364431276917458
SINet/S2C_MT,COD10K-CAM-3-Flying-65-Owl-4513.jpg,0.030517566949129105
SINet/S2C_MT,COD10K-CAM-3-Flying-65-Owl-4516.jpg,0.0316002182662487
SINet/S2C_MT,COD10K-CAM-3-Flying-65-Owl-4518.jpg,0.03144417330622673
SINet/S2C_MT,COD10K-CAM-3-Flying-65-Owl-4521.jpg,0.04237637668848038
SINet/S2C_MT,COD10K-CAM-3-Flying-65-Owl-4523.jpg,0.042187031358480453
SINet/S2C_MT,COD10K-CAM-3-Flying-65-Owl-4524.jpg,0.03852309286594391
SINet/S2C_MT,COD10K-CAM-3-Flying-65-Owl-4525.jpg,0.020489420741796494
SINet/S2C_MT,COD10K-CAM-3-Flying-65-Owl-4526.jpg,0.017034785822033882
SINet/S2C_MT,COD10K-CAM-3-Flying-65-Owl-4532.jpg,0.057953596115112305
SINet/S2C_MT,COD10K-CAM-3-Flying-65-Owl-4538.jpg,0.05743419751524925
SINet/S2C_MT,COD10K-CAM-3-Flying-65-Owl-4539.jpg,0.03439351171255112
SINet/S2C_MT,COD10K-CAM-3-Flying-65-Owl-4541.jpg,0.03335859626531601
SINet/S2C_MT,COD10K-CAM-3-Flying-65-Owl-4542.jpg,0.03651570901274681
SINet/S2C_MT,COD10K-CAM-3-Flying-65-Owl-4544.jpg,0.03733469545841217
SINet/S2C_MT,COD10K-CAM-3-Flying-65-Owl-4545.jpg,0.04022020846605301
SINet/S2C_MT,COD10K-CAM-3-Flying-65-Owl-4546.jpg,0.04168032854795456
SINet/S2C_MT,COD10K-CAM-3-Flying-65-Owl-4547.jpg,0.0237426795065403
SINet/S2C_MT,COD10K-CAM-3-Flying-65-Owl-4548.jpg,0.04939396679401398
SINet/S2C_MT,COD10K-CAM-3-Flying-65-Owl-4549.jpg,0.07819321751594543
SINet/S2C_MT,COD10K-CAM-3-Flying-65-Owl-4551.jpg,0.03823672607541084
SINet/S2C_MT,COD10K-CAM-3-Flying-65-Owl-4552.jpg,0.029341870918869972
SINet/S2C_MT,COD10K-CAM-3-Flying-65-Owl-4554.jpg,0.009933503344655037
SINet/S2C_MT,COD10K-CAM-3-Flying-65-Owl-4557.jpg,0.037703827023506165
SINet/S2C_MT,COD10K-CAM-3-Flying-65-Owl-4559.jpg,0.03450039401650429
SINet/S2C_MT,COD10K-CAM-3-Flying-65-Owl-4560.jpg,0.04743596911430359
SINet/S2C_MT,COD10K-CAM-3-Flying-65-Owl-4562.jpg,0.029151206836104393
SINet/S2C_MT,COD10K-CAM-3-Flying-65-Owl-4566.jpg,0.037626542150974274
SINet/S2C_MT,COD10K-CAM-3-Flying-65-Owl-4567.jpg,0.048044413328170776
SINet/S2C_MT,COD10K-CAM-3-Flying-65-Owl-4568.jpg,0.0389559343457222
SINet/S2C_MT,COD10K-CAM-3-Flying-65-Owl-4570.jpg,0.0393233522772789
SINet/S2C_MT,COD10K-CAM-3-Flying-65-Owl-4571.jpg,0.025250377133488655
SINet/S2C_MT,COD10K-CAM-3-Flying-65-Owl-4572.jpg,0.0137347262352705
SINet/S2C_MT,COD10K-CAM-3-Flying-65-Owl-4576.jpg,0.12463822215795517
SINet/S2C_MT,COD10K-CAM-3-Flying-65-Owl-4579.jpg,0.026706382632255554
SINet/S2C_MT,COD10K-CAM-3-Flying-65-Owl-4581.jpg,0.07895072549581528
SINet/S2C_MT,COD10K-CAM-3-Flying-65-Owl-4582.jpg,0.03628017380833626
SINet/S2C_MT,COD10K-CAM-3-Flying-65-Owl-4583.jpg,0.04696645587682724
SINet/S2C_MT,COD10K-CAM-3-Flying-65-Owl-4585.jpg,0.0146402008831501
SINet/S2C_MT,COD10K-CAM-3-Flying-65-Owl-4589.jpg,0.06968894600868225
SINet/S2C_MT,COD10K-CAM-3-Flying-65-Owl-4590.jpg,0.03007742203772068
SINet/S2C_MT,COD10K-CAM-3-Flying-65-Owl-4592.jpg,0.016132596880197525
SINet/S2C_MT,COD10K-CAM-3-Flying-65-Owl-4594.jpg,0.06575319170951843
SINet/S2C_MT,COD10K-CAM-3-Flying-65-Owl-4595.jpg,0.033757373690605164
SINet/S2C_MT,COD10K-CAM-3-Flying-65-Owl-4596.jpg,0.023009343072772026
SINet/S2C_MT,COD10K-CAM-3-Flying-65-Owl-4598.jpg,0.03370176628232002
SINet/S2C_MT,COD10K-CAM-3-Flying-65-Owl-4600.jpg,0.031012536957859993
SINet/S2C_MT,COD10K-CAM-3-Flying-65-Owl-4601.jpg,0.08291362971067429
SINet/S2C_MT,COD10K-CAM-3-Flying-65-Owl-4602.jpg,0.02152399718761444
SINet/S2C_MT,COD10K-CAM-3-Flying-65-Owl-4603.jpg,0.03838871791958809
SINet/S2C_MT,COD10K-CAM-3-Flying-65-Owl-4605.jpg,0.023024020716547966
SINet/S2C_MT,COD10K-CAM-3-Flying-65-Owl-4606.jpg,0.022571919485926628
SINet/S2C_MT,COD10K-CAM-3-Flying-65-Owl-4607.jpg,0.02336166426539421
SINet/S2C_MT,COD10K-CAM-3-Flying-65-Owl-4610.jpg,0.01779829151928425
SINet/S2C_MT,COD10K-CAM-3-Flying-65-Owl-4612.jpg,0.07608263194561005
SINet/S2C_MT,COD10K-CAM-3-Flying-65-Owl-4614.jpg,0.03658702224493027
SINet/S2C_MT,COD10K-CAM-3-Flying-65-Owl-4616.jpg,0.028207475319504738
SINet/S2C_MT,COD10K-CAM-3-Flying-65-Owl-4617.jpg,0.021281203255057335
SINet/S2C_MT,COD10K-CAM-3-Flying-65-Owl-4619.jpg,0.02003697119653225
SINet/S2C_MT,COD10K-CAM-3-Flying-65-Owl-4621.jpg,0.024735325947403908
SINet/S2C_MT,COD10K-CAM-3-Flying-65-Owl-4622.jpg,0.06946976482868195
SINet/S2C_MT,COD10K-CAM-3-Flying-65-Owl-4623.jpg,0.02349781058728695
SINet/S2C_MT,COD10K-CAM-3-Flying-65-Owl-4624.jpg,0.03270631283521652
SINet/S2C_MT,COD10K-CAM-3-Flying-65-Owl-4625.jpg,0.04004151374101639
SINet/S2C_MT,COD10K-CAM-3-Flying-65-Owl-4628.jpg,0.08524355292320251
SINet/S2C_MT,COD10K-CAM-3-Flying-65-Owl-4629.jpg,0.09514741599559784
SINet/S2C_MT,COD10K-CAM-3-Flying-65-Owl-4630.jpg,0.018134377896785736
SINet/S2C_MT,COD10K-CAM-3-Flying-65-Owl-4631.jpg,0.015415627509355545
SINet/S2C_MT,COD10K-CAM-3-Flying-65-Owl-4634.jpg,0.07384148240089417
SINet/S2C_MT,COD10K-CAM-3-Flying-65-Owl-4636.jpg,0.07523028552532196
SINet/S2C_MT,COD10K-CAM-3-Flying-65-Owl-4637.jpg,0.06694095581769943
SINet/S2C_MT,COD10K-CAM-3-Flying-65-Owl-4639.jpg,0.017542608082294464
SINet/S2C_MT,COD10K-CAM-3-Flying-65-Owl-4642.jpg,0.022390803322196007
SINet/S2C_MT,COD10K-CAM-3-Flying-65-Owl-4643.jpg,0.024980850517749786
SINet/S2C_MT,COD10K-CAM-3-Flying-65-Owl-4649.jpg,0.039155181497335434
SINet/S2C_MT,COD10K-CAM-3-Flying-65-Owl-4651.jpg,0.039572231471538544
SINet/S2C_MT,COD10K-CAM-3-Flying-65-Owl-4652.jpg,0.05546782165765762
SINet/S2C_MT,COD10K-CAM-3-Flying-65-Owl-4653.jpg,0.018653493374586105
SINet/S2C_MT,COD10K-CAM-3-Flying-65-Owl-4655.jpg,0.05187118798494339
SINet/S2C_MT,COD10K-CAM-3-Flying-65-Owl-4657.jpg,0.05012570321559906
SINet/S2C_MT,COD10K-CAM-3-Flying-65-Owl-4658.jpg,0.06256713718175888
SINet/S2C_MT,COD10K-CAM-3-Flying-65-Owl-4661.jpg,0.025721874088048935
SINet/S2C_MT,COD10K-CAM-3-Flying-65-Owl-4663.jpg,0.04204019904136658
SINet/S2C_MT,COD10K-CAM-3-Flying-65-Owl-4664.jpg,0.03415616601705551
SINet/S2C_MT,COD10K-CAM-3-Flying-65-Owl-4665.jpg,0.04558689519762993
SINet/S2C_MT,COD10K-CAM-3-Flying-66-Owlfly-4667.jpg,0.025742536410689354
SINet/S2C_MT,COD10K-CAM-3-Flying-66-Owlfly-4670.jpg,0.019030895084142685
SINet/S2C_MT,COD10K-CAM-3-Flying-66-Owlfly-4671.jpg,0.014636405743658543
SINet/S2C_MT,COD10K-CAM-3-Flying-66-Owlfly-4672.jpg,0.05634944885969162
SINet/S2C_MT,COD10K-CAM-3-Flying-66-Owlfly-4673.jpg,0.024706479161977768
SINet/S2C_MT,COD10K-CAM-3-Flying-66-Owlfly-4675.jpg,0.02745526283979416
SINet/S2C_MT,COD10K-CAM-3-Flying-66-Owlfly-4678.jpg,0.046140290796756744
SINet/S2C_MT,COD10K-CAM-4-Amphibian-67-Frog-4680.jpg,0.05114386975765228
SINet/S2C_MT,COD10K-CAM-4-Amphibian-67-Frog-4681.jpg,0.0762789323925972
SINet/S2C_MT,COD10K-CAM-4-Amphibian-67-Frog-4682.jpg,0.04485579580068588
SINet/S2C_MT,COD10K-CAM-4-Amphibian-67-Frog-4683.jpg,0.012506435625255108
SINet/S2C_MT,COD10K-CAM-4-Amphibian-67-Frog-4684.jpg,0.02898876741528511
SINet/S2C_MT,COD10K-CAM-4-Amphibian-67-Frog-4685.jpg,0.03493067994713783
SINet/S2C_MT,COD10K-CAM-4-Amphibian-67-Frog-4686.jpg,0.05230572074651718
SINet/S2C_MT,COD10K-CAM-4-Amphibian-67-Frog-4687.jpg,0.04185444489121437
SINet/S2C_MT,COD10K-CAM-4-Amphibian-67-Frog-4688.jpg,0.035069309175014496
SINet/S2C_MT,COD10K-CAM-4-Amphibian-67-Frog-4689.jpg,0.022934190928936005
SINet/S2C_MT,COD10K-CAM-4-Amphibian-67-Frog-4690.jpg,0.06473200023174286
SINet/S2C_MT,COD10K-CAM-4-Amphibian-67-Frog-4691.jpg,0.017603948712348938
SINet/S2C_MT,COD10K-CAM-4-Amphibian-67-Frog-4692.jpg,0.017886146903038025
SINet/S2C_MT,COD10K-CAM-4-Amphibian-67-Frog-4693.jpg,0.020145682618021965
SINet/S2C_MT,COD10K-CAM-4-Amphibian-67-Frog-4695.jpg,0.05542951822280884
SINet/S2C_MT,COD10K-CAM-4-Amphibian-67-Frog-4696.jpg,0.017616430297493935
SINet/S2C_MT,COD10K-CAM-4-Amphibian-67-Frog-4697.jpg,0.021823806688189507
SINet/S2C_MT,COD10K-CAM-4-Amphibian-67-Frog-4698.jpg,0.028891142457723618
SINet/S2C_MT,COD10K-CAM-4-Amphibian-67-Frog-4699.jpg,0.02549123577773571
SINet/S2C_MT,COD10K-CAM-4-Amphibian-67-Frog-4700.jpg,0.04975810647010803
SINet/S2C_MT,COD10K-CAM-4-Amphibian-67-Frog-4703.jpg,0.043576255440711975
SINet/S2C_MT,COD10K-CAM-4-Amphibian-67-Frog-4704.jpg,0.012119777500629425
SINet/S2C_MT,COD10K-CAM-4-Amphibian-67-Frog-4705.jpg,0.02137535624206066
SINet/S2C_MT,COD10K-CAM-4-Amphibian-67-Frog-4708.jpg,0.05121096223592758
SINet/S2C_MT,COD10K-CAM-4-Amphibian-67-Frog-4709.jpg,0.03688796982169151
SINet/S2C_MT,COD10K-CAM-4-Amphibian-67-Frog-4710.jpg,0.028469614684581757
SINet/S2C_MT,COD10K-CAM-4-Amphibian-67-Frog-4712.jpg,0.031027497723698616
SINet/S2C_MT,COD10K-CAM-4-Amphibian-67-Frog-4713.jpg,0.037983089685440063
SINet/S2C_MT,COD10K-CAM-4-Amphibian-67-Frog-4715.jpg,0.04857432842254639
SINet/S2C_MT,COD10K-CAM-4-Amphibian-67-Frog-4716.jpg,0.0861264020204544
SINet/S2C_MT,COD10K-CAM-4-Amphibian-67-Frog-4717.jpg,0.02288786508142948
SINet/S2C_MT,COD10K-CAM-4-Amphibian-67-Frog-4720.jpg,0.033826299011707306
SINet/S2C_MT,COD10K-CAM-4-Amphibian-67-Frog-4722.jpg,0.026503942906856537
SINet/S2C_MT,COD10K-CAM-4-Amphibian-67-Frog-4723.jpg,0.04596664756536484
SINet/S2C_MT,COD10K-CAM-4-Amphibian-67-Frog-4724.jpg,0.011942541226744652
SINet/S2C_MT,COD10K-CAM-4-Amphibian-67-Frog-4725.jpg,0.06808311492204666
SINet/S2C_MT,COD10K-CAM-4-Amphibian-67-Frog-4726.jpg,0.012235578149557114
SINet/S2C_MT,COD10K-CAM-4-Amphibian-67-Frog-4727.jpg,0.02689366601407528
SINet/S2C_MT,COD10K-CAM-4-Amphibian-67-Frog-4730.jpg,0.05702817812561989
SINet/S2C_MT,COD10K-CAM-4-Amphibian-67-Frog-4731.jpg,0.03631465509533882
SINet/S2C_MT,COD10K-CAM-4-Amphibian-67-Frog-4734.jpg,0.014885788783431053
SINet/S2C_MT,COD10K-CAM-4-Amphibian-67-Frog-4735.jpg,0.06416836380958557
SINet/S2C_MT,COD10K-CAM-4-Amphibian-67-Frog-4736.jpg,0.01626618765294552
SINet/S2C_MT,COD10K-CAM-4-Amphibian-67-Frog-4737.jpg,0.04542892053723335
SINet/S2C_MT,COD10K-CAM-4-Amphibian-67-Frog-4741.jpg,0.03779982775449753
SINet/S2C_MT,COD10K-CAM-4-Amphibian-67-Frog-4743.jpg,0.004033409059047699
SINet/S2C_MT,COD10K-CAM-4-Amphibian-67-Frog-4744.jpg,0.04610934108495712
SINet/S2C_MT,COD10K-CAM-4-Amphibian-67-Frog-4745.jpg,0.10283311456441879
SINet/S2C_MT,COD10K-CAM-4-Amphibian-67-Frog-4746.jpg,0.030388377606868744
SINet/S2C_MT,COD10K-CAM-4-Amphibian-67-Frog-4747.jpg,0.015138339251279831
SINet/S2C_MT,COD10K-CAM-4-Amphibian-67-Frog-4749.jpg,0.033798132091760635
SINet/S2C_MT,COD10K-CAM-4-Amphibian-67-Frog-4750.jpg,0.030852828174829483
SINet/S2C_MT,COD10K-CAM-4-Amphibian-67-Frog-4753.jpg,0.02895766869187355
SINet/S2C_MT,COD10K-CAM-4-Amphibian-67-Frog-4757.jpg,0.05700065568089485
SINet/S2C_MT,COD10K-CAM-4-Amphibian-67-Frog-4758.jpg,0.019183974713087082
SINet/S2C_MT,COD10K-CAM-4-Amphibian-67-Frog-4760.jpg,0.04508669674396515
SINet/S2C_MT,COD10K-CAM-4-Amphibian-67-Frog-4761.jpg,0.03270332142710686
SINet/S2C_MT,COD10K-CAM-4-Amphibian-67-Frog-4762.jpg,0.016941985115408897
SINet/S2C_MT,COD10K-CAM-4-Amphibian-67-Frog-4765.jpg,0.01793791726231575
SINet/S2C_MT,COD10K-CAM-4-Amphibian-67-Frog-4766.jpg,0.027899660170078278
SINet/S2C_MT,COD10K-CAM-4-Amphibian-67-Frog-4767.jpg,0.01773221790790558
SINet/S2C_MT,COD10K-CAM-4-Amphibian-67-Frog-4769.jpg,0.16679978370666504
SINet/S2C_MT,COD10K-CAM-4-Amphibian-67-Frog-4770.jpg,0.05017256736755371
SINet/S2C_MT,COD10K-CAM-4-Amphibian-67-Frog-4771.jpg,0.013943759724497795
SINet/S2C_MT,COD10K-CAM-4-Amphibian-67-Frog-4772.jpg,0.017890293151140213
SINet/S2C_MT,COD10K-CAM-4-Amphibian-67-Frog-4778.jpg,0.024956047534942627
SINet/S2C_MT,COD10K-CAM-4-Amphibian-67-Frog-4779.jpg,0.04414965212345123
SINet/S2C_MT,COD10K-CAM-4-Amphibian-67-Frog-4780.jpg,0.05374080687761307
SINet/S2C_MT,COD10K-CAM-4-Amphibian-67-Frog-4785.jpg,0.019004985690116882
SINet/S2C_MT,COD10K-CAM-4-Amphibian-67-Frog-4786.jpg,0.01913759857416153
SINet/S2C_MT,COD10K-CAM-4-Amphibian-67-Frog-4788.jpg,0.0329141691327095
SINet/S2C_MT,COD10K-CAM-4-Amphibian-67-Frog-4789.jpg,0.025850724428892136
SINet/S2C_MT,COD10K-CAM-4-Amphibian-67-Frog-4790.jpg,0.05051922798156738
SINet/S2C_MT,COD10K-CAM-4-Amphibian-67-Frog-4791.jpg,0.027532614767551422
SINet/S2C_MT,COD10K-CAM-4-Amphibian-67-Frog-4792.jpg,0.031272776424884796
SINet/S2C_MT,COD10K-CAM-4-Amphibian-67-Frog-4794.jpg,0.018862690776586533
SINet/S2C_MT,COD10K-CAM-4-Amphibian-67-Frog-4797.jpg,0.0610637404024601
SINet/S2C_MT,COD10K-CAM-4-Amphibian-67-Frog-4798.jpg,0.023906797170639038
SINet/S2C_MT,COD10K-CAM-4-Amphibian-67-Frog-4799.jpg,0.012865711003541946
SINet/S2C_MT,COD10K-CAM-4-Amphibian-67-Frog-4801.jpg,0.01915062963962555
SINet/S2C_MT,COD10K-CAM-4-Amphibian-67-Frog-4802.jpg,0.046033211052417755
SINet/S2C_MT,COD10K-CAM-4-Amphibian-67-Frog-4804.jpg,0.07972569763660431
SINet/S2C_MT,COD10K-CAM-4-Amphibian-68-Toad-4805.jpg,0.007657367270439863
SINet/S2C_MT,COD10K-CAM-4-Amphibian-68-Toad-4806.jpg,0.059475209563970566
SINet/S2C_MT,COD10K-CAM-4-Amphibian-68-Toad-4807.jpg,0.02350653149187565
SINet/S2C_MT,COD10K-CAM-4-Amphibian-68-Toad-4810.jpg,0.07688520103693008
SINet/S2C_MT,COD10K-CAM-4-Amphibian-68-Toad-4811.jpg,0.037436261773109436
SINet/S2C_MT,COD10K-CAM-4-Amphibian-68-Toad-4812.jpg,0.03121025860309601
SINet/S2C_MT,COD10K-CAM-4-Amphibian-68-Toad-4814.jpg,0.024558551609516144
SINet/S2C_MT,COD10K-CAM-4-Amphibian-68-Toad-4815.jpg,0.026047345250844955
SINet/S2C_MT,COD10K-CAM-4-Amphibian-68-Toad-4816.jpg,0.01782223954796791
SINet/S2C_MT,COD10K-CAM-4-Amphibian-68-Toad-4817.jpg,0.08283230662345886
SINet/S2C_MT,COD10K-CAM-4-Amphibian-68-Toad-4819.jpg,0.04490206390619278
SINet/S2C_MT,COD10K-CAM-4-Amphibian-68-Toad-4820.jpg,0.019952869042754173
SINet/S2C_MT,COD10K-CAM-4-Amphibian-68-Toad-4822.jpg,0.0330025851726532
SINet/S2C_MT,COD10K-CAM-4-Amphibian-68-Toad-4823.jpg,0.027177536860108376
SINet/S2C_MT,COD10K-CAM-4-Amphibian-68-Toad-4824.jpg,0.045908719301223755
SINet/S2C_MT,COD10K-CAM-4-Amphibian-68-Toad-4825.jpg,0.050376515835523605
SINet/S2C_MT,COD10K-CAM-4-Amphibian-68-Toad-4827.jpg,0.08503157645463943
SINet/S2C_MT,COD10K-CAM-4-Amphibian-68-Toad-4829.jpg,0.04611737281084061
SINet/S2C_MT,COD10K-CAM-4-Amphibian-68-Toad-4830.jpg,0.0473942831158638
SINet/S2C_MT,COD10K-CAM-4-Amphibian-68-Toad-4832.jpg,0.014675650745630264
SINet/S2C_MT,COD10K-CAM-4-Amphibian-68-Toad-4833.jpg,0.050460852682590485
SINet/S2C_MT,COD10K-CAM-4-Amphibian-68-Toad-4834.jpg,0.04094463586807251
SINet/S2C_MT,COD10K-CAM-4-Amphibian-68-Toad-4835.jpg,0.02136145904660225
SINet/S2C_MT,COD10K-CAM-4-Amphibian-68-Toad-4837.jpg,0.023045621812343597
SINet/S2C_MT,COD10K-CAM-4-Amphibian-68-Toad-4840.jpg,0.04127928614616394
SINet/S2C_MT,COD10K-CAM-4-Amphibian-68-Toad-4843.jpg,0.021946582943201065
SINet/S2C_MT,COD10K-CAM-4-Amphibian-68-Toad-4844.jpg,0.026197798550128937
SINet/S2C_MT,COD10K-CAM-4-Amphibian-68-Toad-4845.jpg,0.07010941207408905
SINet/S2C_MT,COD10K-CAM-4-Amphibian-68-Toad-4846.jpg,0.041726477444171906
SINet/S2C_MT,COD10K-CAM-4-Amphibian-68-Toad-4847.jpg,0.015291517600417137
SINet/S2C_MT,COD10K-CAM-4-Amphibian-68-Toad-4848.jpg,0.023053858429193497
SINet/S2C_MT,COD10K-CAM-4-Amphibian-68-Toad-4849.jpg,0.030629925429821014
SINet/S2C_MT,COD10K-CAM-4-Amphibian-68-Toad-4851.jpg,0.018592331558465958
SINet/S2C_MT,COD10K-CAM-4-Amphibian-68-Toad-4852.jpg,0.023610085248947144
SINet/S2C_MT,COD10K-CAM-4-Amphibian-68-Toad-4854.jpg,0.02416936866939068
SINet/S2C_MT,COD10K-CAM-4-Amphibian-68-Toad-4855.jpg,0.03425182029604912
SINet/S2C_MT,COD10K-CAM-4-Amphibian-68-Toad-4857.jpg,0.037809547036886215
SINet/S2C_MT,COD10K-CAM-4-Amphibian-68-Toad-4858.jpg,0.01449858769774437
SINet/S2C_MT,COD10K-CAM-4-Amphibian-68-Toad-4859.jpg,0.029638143256306648
SINet/S2C_MT,COD10K-CAM-4-Amphibian-68-Toad-4860.jpg,0.10597017407417297
SINet/S2C_MT,COD10K-CAM-4-Amphibian-68-Toad-4862.jpg,0.022335300222039223
SINet/S2C_MT,COD10K-CAM-4-Amphibian-68-Toad-4864.jpg,0.029115526005625725
SINet/S2C_MT,COD10K-CAM-4-Amphibian-68-Toad-4865.jpg,0.03837541490793228
SINet/S2C_MT,COD10K-CAM-4-Amphibian-68-Toad-4866.jpg,0.028750283643603325
SINet/S2C_MT,COD10K-CAM-4-Amphibian-68-Toad-4868.jpg,0.02996254712343216
SINet/S2C_MT,COD10K-CAM-4-Amphibian-68-Toad-4869.jpg,0.03151385858654976
SINet/S2C_MT,COD10K-CAM-4-Amphibian-68-Toad-4870.jpg,0.046419497579336166
SINet/S2C_MT,COD10K-CAM-4-Amphibian-68-Toad-4871.jpg,0.03158552944660187
SINet/S2C_MT,COD10K-CAM-4-Amphibian-68-Toad-4874.jpg,0.030679481104016304
SINet/S2C_MT,COD10K-CAM-4-Amphibian-68-Toad-4875.jpg,0.014875762164592743
SINet/S2C_MT,COD10K-CAM-4-Amphibian-68-Toad-4878.jpg,0.0824776291847229
SINet/S2C_MT,COD10K-CAM-4-Amphibian-68-Toad-4879.jpg,0.03566485643386841
SINet/S2C_MT,COD10K-CAM-4-Amphibian-68-Toad-4880.jpg,0.019008295610547066
SINet/S2C_MT,COD10K-CAM-4-Amphibian-68-Toad-4882.jpg,0.038437195122241974
SINet/S2C_MT,COD10K-CAM-4-Amphibian-68-Toad-4884.jpg,0.03543808311223984
SINet/S2C_MT,COD10K-CAM-4-Amphibian-68-Toad-4885.jpg,0.02902238443493843
SINet/S2C_MT,COD10K-CAM-4-Amphibian-68-Toad-4888.jpg,0.02563142403960228
SINet/S2C_MT,COD10K-CAM-4-Amphibian-68-Toad-4889.jpg,0.016122829169034958
SINet/S2C_MT,COD10K-CAM-4-Amphibian-68-Toad-4890.jpg,0.1369663029909134
SINet/S2C_MT,COD10K-CAM-4-Amphibian-68-Toad-4892.jpg,0.032065000385046005
SINet/S2C_MT,COD10K-CAM-4-Amphibian-68-Toad-4893.jpg,0.034250542521476746
SINet/S2C_MT,COD10K-CAM-4-Amphibian-68-Toad-4894.jpg,0.05839408561587334
SINet/S2C_MT,COD10K-CAM-4-Amphibian-68-Toad-4895.jpg,0.045949362218379974
SINet/S2C_MT,COD10K-CAM-4-Amphibian-68-Toad-4897.jpg,0.024825315922498703
SINet/S2C_MT,COD10K-CAM-4-Amphibian-68-Toad-4898.jpg,0.02050533890724182
SINet/S2C_MT,COD10K-CAM-4-Amphibian-68-Toad-4901.jpg,0.030947020277380943
SINet/S2C_MT,COD10K-CAM-4-Amphibian-68-Toad-4902.jpg,0.022490965202450752
SINet/S2C_MT,COD10K-CAM-4-Amphibian-68-Toad-4906.jpg,0.0284421406686306
SINet/S2C_MT,COD10K-CAM-4-Amphibian-68-Toad-4907.jpg,0.02519981935620308
SINet/S2C_MT,COD10K-CAM-4-Amphibian-68-Toad-4911.jpg,0.025261137634515762
SINet/S2C_MT,COD10K-CAM-4-Amphibian-68-Toad-4915.jpg,0.04543061926960945
SINet/S2C_MT,COD10K-CAM-4-Amphibian-68-Toad-4916.jpg,0.012291928753256798
SINet/S2C_MT,COD10K-CAM-4-Amphibian-68-Toad-4918.jpg,0.024047281593084335
SINet/S2C_MT,COD10K-CAM-4-Amphibian-68-Toad-4919.jpg,0.02941201440989971
SINet/S2C_MT,COD10K-CAM-4-Amphibian-68-Toad-4920.jpg,0.05583982914686203
SINet/S2C_MT,COD10K-CAM-4-Amphibian-68-Toad-4922.jpg,0.03816629946231842
SINet/S2C_MT,COD10K-CAM-4-Amphibian-68-Toad-4924.jpg,0.014477962628006935
SINet/S2C_MT,COD10K-CAM-4-Amphibian-68-Toad-4925.jpg,0.060330215841531754
SINet/S2C_MT,COD10K-CAM-4-Amphibian-68-Toad-4927.jpg,0.028537601232528687
SINet/S2C_MT,COD10K-CAM-4-Amphibian-68-Toad-4928.jpg,0.03599172085523605
SINet/S2C_MT,COD10K-CAM-4-Amphibian-68-Toad-4930.jpg,0.057492442429065704
SINet/S2C_MT,COD10K-CAM-4-Amphibian-68-Toad-4931.jpg,0.03092479333281517
SINet/S2C_MT,COD10K-CAM-4-Amphibian-68-Toad-4932.jpg,0.01594851166009903
SINet/S2C_MT,COD10K-CAM-4-Amphibian-68-Toad-4933.jpg,0.03073696792125702
SINet/S2C_MT,COD10K-CAM-4-Amphibian-68-Toad-4934.jpg,0.02272975444793701
SINet/S2C_MT,COD10K-CAM-4-Amphibian-68-Toad-4935.jpg,0.032021425664424896
SINet/S2C_MT,COD10K-CAM-4-Amphibian-68-Toad-4939.jpg,0.03497923165559769
SINet/S2C_MT,COD10K-CAM-4-Amphibian-68-Toad-4940.jpg,0.025964733213186264
SINet/S2C_MT,COD10K-CAM-4-Amphibian-68-Toad-4942.jpg,0.021561894565820694
SINet/S2C_MT,COD10K-CAM-4-Amphibian-68-Toad-4943.jpg,0.01761750690639019
SINet/S2C_MT,COD10K-CAM-4-Amphibian-68-Toad-4944.jpg,0.031081710010766983
SINet/S2C_MT,COD10K-CAM-4-Amphibian-68-Toad-4946.jpg,0.02029729261994362
SINet/S2C_MT,COD10K-CAM-4-Amphibian-68-Toad-4947.jpg,0.026454685255885124
SINet/S2C_MT,COD10K-CAM-4-Amphibian-68-Toad-4948.jpg,0.037474386394023895
SINet/S2C_MT,COD10K-CAM-4-Amphibian-68-Toad-4952.jpg,0.01532641239464283
SINet/S2C_MT,COD10K-CAM-4-Amphibian-68-Toad-4953.jpg,0.08863577991724014
SINet/S2C_MT,COD10K-CAM-4-Amphibian-68-Toad-4954.jpg,0.034624624997377396
SINet/S2C_MT,COD10K-CAM-4-Amphibian-68-Toad-4956.jpg,0.03267785161733627
SINet/S2C_MT,COD10K-CAM-4-Amphibian-68-Toad-4957.jpg,0.028382742777466774
SINet/S2C_MT,COD10K-CAM-4-Amphibian-68-Toad-4958.jpg,0.027697771787643433
SINet/S2C_MT,COD10K-CAM-4-Amphibian-68-Toad-4959.jpg,0.014710942283272743
SINet/S2C_MT,COD10K-CAM-4-Amphibian-68-Toad-4961.jpg,0.029797356575727463
SINet/S2C_MT,COD10K-CAM-4-Amphibian-68-Toad-4966.jpg,0.022319430485367775
SINet/S2C_MT,COD10K-CAM-4-Amphibian-68-Toad-4967.jpg,0.04399045556783676
SINet/S2C_MT,COD10K-CAM-4-Amphibian-68-Toad-4969.jpg,0.03083944320678711
SINet/S2C_MT,COD10K-CAM-4-Amphibian-68-Toad-4970.jpg,0.03624454140663147
SINet/S2C_MT,COD10K-CAM-4-Amphibian-68-Toad-4971.jpg,0.011041226796805859
SINet/S2C_MT,COD10K-CAM-4-Amphibian-68-Toad-4972.jpg,0.04977553337812424
SINet/S2C_MT,COD10K-CAM-4-Amphibian-68-Toad-4973.jpg,0.09669549763202667
SINet/S2C_MT,COD10K-CAM-4-Amphibian-68-Toad-4974.jpg,0.011821001768112183
SINet/S2C_MT,COD10K-CAM-4-Amphibian-68-Toad-4975.jpg,0.029811624437570572
SINet/S2C_MT,COD10K-CAM-4-Amphibian-68-Toad-4979.jpg,0.09333056956529617
SINet/S2C_MT,COD10K-CAM-4-Amphibian-68-Toad-4980.jpg,0.04183756560087204
SINet/S2C_MT,COD10K-CAM-4-Amphibian-68-Toad-4981.jpg,0.046208836138248444
SINet/S2C_MT,COD10K-CAM-4-Amphibian-68-Toad-4982.jpg,0.027570165693759918
SINet/S2C_MT,COD10K-CAM-4-Amphibian-68-Toad-4983.jpg,0.033080682158470154
SINet/S2C_MT,COD10K-CAM-4-Amphibian-68-Toad-4984.jpg,0.04387834295630455
SINet/S2C_MT,COD10K-CAM-4-Amphibian-68-Toad-4985.jpg,0.03650254011154175
SINet/S2C_MT,COD10K-CAM-4-Amphibian-68-Toad-4986.jpg,0.03342471271753311
SINet/S2C_MT,COD10K-CAM-4-Amphibian-68-Toad-4987.jpg,0.01733086258172989
SINet/S2C_MT,COD10K-CAM-4-Amphibian-68-Toad-4988.jpg,0.03714955970644951
SINet/S2C_MT,COD10K-CAM-4-Amphibian-68-Toad-4989.jpg,0.020074602216482162
SINet/S2C_MT,COD10K-CAM-4-Amphibian-68-Toad-4992.jpg,0.04293954372406006
SINet/S2C_MT,COD10K-CAM-4-Amphibian-68-Toad-4993.jpg,0.030533108860254288
SINet/S2C_MT,COD10K-CAM-4-Amphibian-68-Toad-4994.jpg,0.029218479990959167
SINet/S2C_MT,COD10K-CAM-4-Amphibian-68-Toad-4996.jpg,0.04597719758749008
SINet/S2C_MT,COD10K-CAM-4-Amphibian-68-Toad-5000.jpg,0.02709689550101757
SINet/S2C_MT,COD10K-CAM-4-Amphibian-68-Toad-5001.jpg,0.04202112928032875
SINet/S2C_MT,COD10K-CAM-4-Amphibian-68-Toad-5003.jpg,0.01800629124045372
SINet/S2C_MT,COD10K-CAM-4-Amphibian-68-Toad-5007.jpg,0.02916645258665085
SINet/S2C_MT,COD10K-CAM-4-Amphibian-68-Toad-5009.jpg,0.0776013433933258
SINet/S2C_MT,COD10K-CAM-4-Amphibian-68-Toad-5012.jpg,0.04221576452255249
SINet/S2C_MT,COD10K-CAM-4-Amphibian-68-Toad-5013.jpg,0.047879718244075775
SINet/S2C_MT,COD10K-CAM-4-Amphibian-68-Toad-5015.jpg,0.023359933868050575
SINet/S2C_MT,COD10K-CAM-4-Amphibian-68-Toad-5016.jpg,0.02148517593741417
SINet/S2C_MT,COD10K-CAM-4-Amphibian-68-Toad-5017.jpg,0.02590617910027504
SINet/S2C_MT,COD10K-CAM-4-Amphibian-68-Toad-5018.jpg,0.022329015657305717
SINet/S2C_MT,COD10K-CAM-4-Amphibian-68-Toad-5019.jpg,0.02312665805220604
SINet/S2C_MT,COD10K-CAM-5-Other-69-Other-5024.jpg,0.0790787786245346
SINet/S2C_MT,COD10K-CAM-5-Other-69-Other-5025.jpg,0.02419205754995346
SINet/S2C_MT,COD10K-CAM-5-Other-69-Other-5026.jpg,0.02890464849770069
SINet/S2C_MT,COD10K-CAM-5-Other-69-Other-5030.jpg,0.05156479403376579
SINet/S2C_MT,COD10K-CAM-5-Other-69-Other-5031.jpg,0.034333955496549606
SINet/S2C_MT,COD10K-CAM-5-Other-69-Other-5032.jpg,0.0132827740162611
SINet/S2C_MT,COD10K-CAM-5-Other-69-Other-5033.jpg,0.06685390323400497
SINet/S2C_MT,COD10K-CAM-5-Other-69-Other-5034.jpg,0.01805497705936432
SINet/S2C_MT,COD10K-CAM-5-Other-69-Other-5035.jpg,0.0381537601351738
SINet/S2C_MT,COD10K-CAM-5-Other-69-Other-5036.jpg,0.007549989968538284
SINet/S2C_MT,COD10K-CAM-5-Other-69-Other-5038.jpg,0.06141667068004608
SINet/S2C_MT,COD10K-CAM-5-Other-69-Other-5039.jpg,0.047533586621284485
SINet/S2C_MT,COD10K-CAM-5-Other-69-Other-5041.jpg,0.05094286799430847
SINet/S2C_MT,COD10K-CAM-5-Other-69-Other-5042.jpg,0.03700529783964157
SINet/S2C_MT,COD10K-CAM-5-Other-69-Other-5044.jpg,0.06916265189647675
SINet/S2C_MT,COD10K-CAM-5-Other-69-Other-5045.jpg,0.03564407676458359
SINet/S2C_MT,COD10K-CAM-5-Other-69-Other-5047.jpg,0.04086817055940628
SINet/S2C_MT,COD10K-CAM-5-Other-69-Other-5050.jpg,0.027976199984550476
SINet/S2C_MT,COD10K-CAM-5-Other-69-Other-5052.jpg,0.06459568440914154
SINet/S2C_MT,COD10K-CAM-5-Other-69-Other-5053.jpg,0.018549777567386627
SINet/S2C_MT,COD10K-CAM-5-Other-69-Other-5054.jpg,0.040480561554431915
SINet/S2C_MT,COD10K-CAM-5-Other-69-Other-5055.jpg,0.13233885169029236
SINet/S2C_MT,COD10K-CAM-5-Other-69-Other-5056.jpg,0.01752159371972084
SINet/S2C_MT,COD10K-CAM-5-Other-69-Other-5057.jpg,0.01695219799876213
SINet/S2C_MT,COD10K-CAM-5-Other-69-Other-5058.jpg,0.048912860453128815
SINet/S2C_MT,COD10K-CAM-5-Other-69-Other-5061.jpg,0.0567479133605957
SINet/S2C_MT,COD10K-CAM-5-Other-69-Other-5064.jpg,0.034364499151706696
SINet/S2C_MT,COD10K-CAM-5-Other-69-Other-5065.jpg,0.050632357597351074
SINet/S2C_MT,COD10K-CAM-5-Other-69-Other-5066.jpg,0.07786059379577637
SINet/S2C_MT,camourflage_00001.jpg,0.044648073613643646
SINet/S2C_MT,camourflage_00002.jpg,0.050145842134952545
SINet/S2C_MT,camourflage_00003.jpg,0.03307879716157913
SINet/S2C_MT,camourflage_00004.jpg,0.05766794830560684
SINet/S2C_MT,camourflage_00005.jpg,0.01918662153184414
SINet/S2C_MT,camourflage_00006.jpg,0.06374868750572205
SINet/S2C_MT,camourflage_00007.jpg,0.03872951492667198
SINet/S2C_MT,camourflage_00008.jpg,0.034037090837955475
SINet/S2C_MT,camourflage_00009.jpg,0.05045676231384277
SINet/S2C_MT,camourflage_00010.jpg,0.02826881967484951
SINet/S2C_MT,camourflage_00011.jpg,0.10376549512147903
SINet/S2C_MT,camourflage_00013.jpg,0.03061576932668686
SINet/S2C_MT,camourflage_00014.jpg,0.0279349647462368
SINet/S2C_MT,camourflage_00015.jpg,0.03232446312904358
SINet/S2C_MT,camourflage_00016.jpg,0.034871090203523636
SINet/S2C_MT,camourflage_00017.jpg,0.057441845536231995
SINet/S2C_MT,camourflage_00019.jpg,0.06913422048091888
SINet/S2C_MT,camourflage_00020.jpg,0.08110138028860092
SINet/S2C_MT,camourflage_00021.jpg,0.05355212092399597
SINet/S2C_MT,camourflage_00022.jpg,0.0903322696685791
SINet/S2C_MT,camourflage_00023.jpg,0.050305139273405075
SINet/S2C_MT,camourflage_00024.jpg,0.03754783049225807
SINet/S2C_MT,camourflage_00025.jpg,0.1095985621213913
SINet/S2C_MT,camourflage_00026.jpg,0.09346505999565125
SINet/S2C_MT,camourflage_00027.jpg,0.03412925451993942
SINet/S2C_MT,camourflage_00028.jpg,0.018759656697511673
SINet/S2C_MT,camourflage_00029.jpg,0.02393915131688118
SINet/S2C_MT,camourflage_00030.jpg,0.011147250421345234
SINet/S2C_MT,camourflage_00031.jpg,0.04855396971106529
SINet/S2C_MT,camourflage_00032.jpg,0.02676849439740181
SINet/S2C_MT,camourflage_00033.jpg,0.050316765904426575
SINet/S2C_MT,camourflage_00034.jpg,0.05352071672677994
SINet/S2C_MT,camourflage_00035.jpg,0.023387635126709938
SINet/S2C_MT,camourflage_00036.jpg,0.07273459434509277
SINet/S2C_MT,camourflage_00037.jpg,0.09767096489667892
SINet/S2C_MT,camourflage_00038.jpg,0.06962253153324127
SINet/S2C_MT,camourflage_00039.jpg,0.05240347981452942
SINet/S2C_MT,camourflage_00040.jpg,0.03946176916360855
SINet/S2C_MT,camourflage_00041.jpg,0.032458070665597916
SINet/S2C_MT,camourflage_00042.jpg,0.038671307265758514
SINet/S2C_MT,camourflage_00043.jpg,0.04508821666240692
SINet/S2C_MT,camourflage_00044.jpg,0.07093077898025513
SINet/S2C_MT,camourflage_00045.jpg,0.03278893977403641
SINet/S2C_MT,camourflage_00046.jpg,0.015997204929590225
SINet/S2C_MT,camourflage_00047.jpg,0.0367845818400383
SINet/S2C_MT,camourflage_00048.jpg,0.05346083641052246
SINet/S2C_MT,camourflage_00049.jpg,0.01809423789381981
SINet/S2C_MT,camourflage_00050.jpg,0.22714382410049438
SINet/S2C_MT,camourflage_00051.jpg,0.05154001712799072
SINet/S2C_MT,camourflage_00052.jpg,0.06751925498247147
SINet/S2C_MT,camourflage_00053.jpg,0.06645287573337555
SINet/S2C_MT,camourflage_00054.jpg,0.06441494822502136
SINet/S2C_MT,camourflage_00055.jpg,0.055150583386421204
SINet/S2C_MT,camourflage_00056.jpg,0.07381852716207504
SINet/S2C_MT,camourflage_00057.jpg,0.04448524862527847
SINet/S2C_MT,camourflage_00058.jpg,0.18584221601486206
SINet/S2C_MT,camourflage_00059.jpg,0.09166094660758972
SINet/S2C_MT,camourflage_00060.jpg,0.09066443145275116
SINet/S2C_MT,camourflage_00062.jpg,0.059342049062252045
SINet/S2C_MT,camourflage_00063.jpg,0.051643528044223785
SINet/S2C_MT,camourflage_00065.jpg,0.04672272130846977
SINet/S2C_MT,camourflage_00066.jpg,0.1265895962715149
SINet/S2C_MT,camourflage_00067.jpg,0.10870295763015747
SINet/S2C_MT,camourflage_00068.jpg,0.04397454857826233
SINet/S2C_MT,camourflage_00069.jpg,0.1003008782863617
SINet/S2C_MT,camourflage_00070.jpg,0.06618823111057281
SINet/S2C_MT,camourflage_00072.jpg,0.03599664941430092
SINet/S2C_MT,camourflage_00073.jpg,0.02532811649143696
SINet/S2C_MT,camourflage_00074.jpg,0.038080573081970215
SINet/S2C_MT,camourflage_00075.jpg,0.057048119604587555
SINet/S2C_MT,camourflage_00076.jpg,0.05977150797843933
SINet/S2C_MT,camourflage_00077.jpg,0.052653588354587555
SINet/S2C_MT,camourflage_00078.jpg,0.08202392607927322
SINet/S2C_MT,camourflage_00080.jpg,0.07096023857593536
SINet/S2C_MT,camourflage_00081.jpg,0.09528474509716034
SINet/S2C_MT,camourflage_00082.jpg,0.11980517953634262
SINet/S2C_MT,camourflage_00083.jpg,0.1757844090461731
SINet/S2C_MT,camourflage_00084.jpg,0.04857826605439186
SINet/S2C_MT,camourflage_00085.jpg,0.035448722541332245
SINet/S2C_MT,camourflage_00086.jpg,0.04983459785580635
SINet/S2C_MT,camourflage_00089.jpg,0.09361005574464798
SINet/S2C_MT,camourflage_00091.jpg,0.04018017277121544
SINet/S2C_MT,camourflage_00092.jpg,0.027130523696541786
SINet/S2C_MT,camourflage_00093.jpg,0.029131144285202026
SINet/S2C_MT,camourflage_00094.jpg,0.07662781327962875
SINet/S2C_MT,camourflage_00095.jpg,0.024358998984098434
SINet/S2C_MT,camourflage_00096.jpg,0.11450472474098206
SINet/S2C_MT,camourflage_00099.jpg,0.01848522387444973
SINet/S2C_MT,camourflage_00101.jpg,0.05756139010190964
SINet/S2C_MT,camourflage_00103.jpg,0.04109694063663483
SINet/S2C_MT,camourflage_00104.jpg,0.06475187838077545
SINet/S2C_MT,camourflage_00105.jpg,0.08116134256124496
SINet/S2C_MT,camourflage_00106.jpg,0.01841043122112751
SINet/S2C_MT,camourflage_00107.jpg,0.05546407029032707
SINet/S2C_MT,camourflage_00108.jpg,0.061125002801418304
SINet/S2C_MT,camourflage_00109.jpg,0.1023298054933548
SINet/S2C_MT,camourflage_00110.jpg,0.07827410101890564
SINet/S2C_MT,camourflage_00111.jpg,0.09187255799770355
SINet/S2C_MT,camourflage_00113.jpg,0.03285406529903412
SINet/S2C_MT,camourflage_00115.jpg,0.153269425034523
SINet/S2C_MT,camourflage_00116.jpg,0.06535376608371735
SINet/S2C_MT,camourflage_00117.jpg,0.047427915036678314
SINet/S2C_MT,camourflage_00118.jpg,0.11129457503557205
SINet/S2C_MT,camourflage_00119.jpg,0.07368603348731995
SINet/S2C_MT,camourflage_00121.jpg,0.03038996458053589
SINet/S2C_MT,camourflage_00123.jpg,0.07743673026561737
SINet/S2C_MT,camourflage_00125.jpg,0.08058340847492218
SINet/S2C_MT,camourflage_00126.jpg,0.0890713483095169
SINet/S2C_MT,camourflage_00127.jpg,0.08681267499923706
SINet/S2C_MT,camourflage_00128.jpg,0.044159650802612305
SINet/S2C_MT,camourflage_00130.jpg,0.11114943027496338
SINet/S2C_MT,camourflage_00131.jpg,0.02880668453872204
SINet/S2C_MT,camourflage_00132.jpg,0.11462927609682083
SINet/S2C_MT,camourflage_00133.jpg,0.029811445623636246
SINet/S2C_MT,camourflage_00134.jpg,0.03159109130501747
SINet/S2C_MT,camourflage_00136.jpg,0.12509432435035706
SINet/S2C_MT,camourflage_00137.jpg,0.04631322994828224
SINet/S2C_MT,camourflage_00139.jpg,0.19003215432167053
SINet/S2C_MT,camourflage_00140.jpg,0.04821215197443962
SINet/S2C_MT,camourflage_00142.jpg,0.04070579260587692
SINet/S2C_MT,camourflage_00143.jpg,0.04715435206890106
SINet/S2C_MT,camourflage_00144.jpg,0.07026255130767822
SINet/S2C_MT,camourflage_00146.jpg,0.13568346202373505
SINet/S2C_MT,camourflage_00148.jpg,0.11364917457103729
SINet/S2C_MT,camourflage_00149.jpg,0.10012167692184448
SINet/S2C_MT,camourflage_00150.jpg,0.051895592361688614
SINet/S2C_MT,camourflage_00151.jpg,0.0991566926240921
SINet/S2C_MT,camourflage_00152.jpg,0.03790327161550522
SINet/S2C_MT,camourflage_00154.jpg,0.08395648747682571
SINet/S2C_MT,camourflage_00155.jpg,0.022075096145272255
SINet/S2C_MT,camourflage_00157.jpg,0.04818355292081833
SINet/S2C_MT,camourflage_00158.jpg,0.031388044357299805
SINet/S2C_MT,camourflage_00159.jpg,0.05223476514220238
SINet/S2C_MT,camourflage_00161.jpg,0.06550537049770355
SINet/S2C_MT,camourflage_00162.jpg,0.024465013295412064
SINet/S2C_MT,camourflage_00163.jpg,0.03481867164373398
SINet/S2C_MT,camourflage_00164.jpg,0.033099737018346786
SINet/S2C_MT,camourflage_00165.jpg,0.026622984558343887
SINet/S2C_MT,camourflage_00167.jpg,0.03970016911625862
SINet/S2C_MT,camourflage_00168.jpg,0.04808755964040756
SINet/S2C_MT,camourflage_00170.jpg,0.09950613230466843
SINet/S2C_MT,camourflage_00172.jpg,0.07934492826461792
SINet/S2C_MT,camourflage_00173.jpg,0.04157021641731262
SINet/S2C_MT,camourflage_00174.jpg,0.1042102575302124
SINet/S2C_MT,camourflage_00176.jpg,0.05723886936903
SINet/S2C_MT,camourflage_00177.jpg,0.11652028560638428
SINet/S2C_MT,camourflage_00178.jpg,0.028213785961270332
SINet/S2C_MT,camourflage_00179.jpg,0.0769679993391037
SINet/S2C_MT,camourflage_00180.jpg,0.08610472083091736
SINet/S2C_MT,camourflage_00181.jpg,0.07807008177042007
SINet/S2C_MT,camourflage_00182.jpg,0.04899372160434723
SINet/S2C_MT,camourflage_00184.jpg,0.03303069621324539
SINet/S2C_MT,camourflage_00185.jpg,0.038526445627212524
SINet/S2C_MT,camourflage_00186.jpg,0.02462039515376091
SINet/S2C_MT,camourflage_00187.jpg,0.0716371089220047
SINet/S2C_MT,camourflage_00188.jpg,0.030234837904572487
SINet/S2C_MT,camourflage_00189.jpg,0.0463254377245903
SINet/S2C_MT,camourflage_00190.jpg,0.059768080711364746
SINet/S2C_MT,camourflage_00191.jpg,0.09009668231010437
SINet/S2C_MT,camourflage_00192.jpg,0.06492695212364197
SINet/S2C_MT,camourflage_00193.jpg,0.06570494174957275
SINet/S2C_MT,camourflage_00194.jpg,0.024566931650042534
SINet/S2C_MT,camourflage_00195.jpg,0.0736432820558548
SINet/S2C_MT,camourflage_00198.jpg,0.05675110965967178
SINet/S2C_MT,camourflage_00199.jpg,0.04767918959259987
SINet/S2C_MT,camourflage_00200.jpg,0.07286161184310913
SINet/S2C_MT,camourflage_00201.jpg,0.022920409217476845
SINet/S2C_MT,camourflage_00202.jpg,0.04659270495176315
SINet/S2C_MT,camourflage_00203.jpg,0.12112146615982056
SINet/S2C_MT,camourflage_00204.jpg,0.04759039357304573
SINet/S2C_MT,camourflage_00206.jpg,0.047364261001348495
SINet/S2C_MT,camourflage_00210.jpg,0.02212659828364849
SINet/S2C_MT,camourflage_00211.jpg,0.08548088371753693
SINet/S2C_MT,camourflage_00212.jpg,0.05085669085383415
SINet/S2C_MT,camourflage_00213.jpg,0.04830170050263405
SINet/S2C_MT,camourflage_00214.jpg,0.04882347583770752
SINet/S2C_MT,camourflage_00215.jpg,0.07572431862354279
SINet/S2C_MT,camourflage_00216.jpg,0.02645736187696457
SINet/S2C_MT,camourflage_00217.jpg,0.10651721060276031
SINet/S2C_MT,camourflage_00218.jpg,0.04973561689257622
SINet/S2C_MT,camourflage_00219.jpg,0.02110040746629238
SINet/S2C_MT,camourflage_00220.jpg,0.032152365893125534
SINet/S2C_MT,camourflage_00221.jpg,0.06746246665716171
SINet/S2C_MT,camourflage_00222.jpg,0.059434037655591965
SINet/S2C_MT,camourflage_00223.jpg,0.019364874809980392
SINet/S2C_MT,camourflage_00225.jpg,0.031480029225349426
SINet/S2C_MT,camourflage_00226.jpg,0.02606906183063984
SINet/S2C_MT,camourflage_00227.jpg,0.021260838955640793
SINet/S2C_MT,camourflage_00228.jpg,0.030280806124210358
SINet/S2C_MT,camourflage_00229.jpg,0.20164519548416138
SINet/S2C_MT,camourflage_00230.jpg,0.030718844383955002
SINet/S2C_MT,camourflage_00231.jpg,0.03473612666130066
SINet/S2C_MT,camourflage_00233.jpg,0.11153199523687363
SINet/S2C_MT,camourflage_00234.jpg,0.05018564313650131
SINet/S2C_MT,camourflage_00236.jpg,0.050669312477111816
SINet/S2C_MT,camourflage_00237.jpg,0.04914981126785278
SINet/S2C_MT,camourflage_00238.jpg,0.15876978635787964
SINet/S2C_MT,camourflage_00239.jpg,0.20819030702114105
SINet/S2C_MT,camourflage_00240.jpg,0.05469592660665512
SINet/S2C_MT,camourflage_00241.jpg,0.06328410655260086
SINet/S2C_MT,camourflage_00242.jpg,0.11550772935152054
SINet/S2C_MT,camourflage_00243.jpg,0.07554914802312851
SINet/S2C_MT,camourflage_00244.jpg,0.050214946269989014
SINet/S2C_MT,camourflage_00245.jpg,0.02897052839398384
SINet/S2C_MT,camourflage_00246.jpg,0.12600383162498474
SINet/S2C_MT,camourflage_00247.jpg,0.08966267853975296
SINet/S2C_MT,camourflage_00248.jpg,0.07500136643648148
SINet/S2C_MT,camourflage_00249.jpg,0.05632674694061279
SINet/S2C_MT,camourflage_00250.jpg,0.026939034461975098
SINet/S2C_MT,camourflage_00251.jpg,0.04180656000971794
SINet/S2C_MT,camourflage_00252.jpg,0.10196857899427414
SINet/S2C_MT,camourflage_00253.jpg,0.04228781536221504
SINet/S2C_MT,camourflage_00254.jpg,0.04625711962580681
SINet/S2C_MT,camourflage_00255.jpg,0.10039892792701721
SINet/S2C_MT,camourflage_00256.jpg,0.05180436000227928
SINet/S2C_MT,camourflage_00258.jpg,0.03234604001045227
SINet/S2C_MT,camourflage_00260.jpg,0.25212571024894714
SINet/S2C_MT,camourflage_00261.jpg,0.022210344672203064
SINet/S2C_MT,camourflage_00262.jpg,0.022051680833101273
SINet/S2C_MT,camourflage_00263.jpg,0.023730836808681488
SINet/S2C_MT,camourflage_00264.jpg,0.05748392641544342
SINet/S2C_MT,camourflage_00265.jpg,0.04670992121100426
SINet/S2C_MT,camourflage_00267.jpg,0.045627012848854065
SINet/S2C_MT,camourflage_00268.jpg,0.08777421712875366
SINet/S2C_MT,camourflage_00271.jpg,0.02944198250770569
SINet/S2C_MT,camourflage_00272.jpg,0.03467166796326637
SINet/S2C_MT,camourflage_00274.jpg,0.1907767802476883
SINet/S2C_MT,camourflage_00276.jpg,0.05321851372718811
SINet/S2C_MT,camourflage_00277.jpg,0.049152493476867676
SINet/S2C_MT,camourflage_00278.jpg,0.08932407200336456
SINet/S2C_MT,camourflage_00279.jpg,0.05474139004945755
SINet/S2C_MT,camourflage_00280.jpg,0.15198373794555664
SINet/S2C_MT,camourflage_00281.jpg,0.07629311084747314
SINet/S2C_MT,camourflage_00282.jpg,0.05469280481338501
SINet/S2C_MT,camourflage_00283.jpg,0.04788767546415329
SINet/S2C_MT,camourflage_00284.jpg,0.05676398426294327
SINet/S2C_MT,camourflage_00286.jpg,0.01873784326016903
SINet/S2C_MT,camourflage_00287.jpg,0.04592966288328171
SINet/S2C_MT,camourflage_00288.jpg,0.03940737992525101
SINet/S2C_MT,camourflage_00289.jpg,0.015082767233252525
SINet/S2C_MT,camourflage_00290.jpg,0.09408191591501236
SINet/S2C_MT,camourflage_00291.jpg,0.227121040225029
SINet/S2C_MT,camourflage_00292.jpg,0.06591774523258209
SINet/S2C_MT,camourflage_00293.jpg,0.03699125349521637
SINet/S2C_MT,camourflage_00294.jpg,0.05363328009843826
SINet/S2C_MT,camourflage_00295.jpg,0.13065244257450104
SINet/S2C_MT,camourflage_00296.jpg,0.0740513950586319
SINet/S2C_MT,camourflage_00297.jpg,0.0455891378223896
SINet/S2C_MT,camourflage_00298.jpg,0.031476691365242004
SINet/S2C_MT,camourflage_00299.jpg,0.031431645154953
SINet/S2C_MT,camourflage_00300.jpg,0.07446445524692535
SINet/S2C_MT,camourflage_00301.jpg,0.06032698601484299
SINet/S2C_MT,camourflage_00302.jpg,0.17555375397205353
SINet/S2C_MT,camourflage_00303.jpg,0.0823138952255249
SINet/S2C_MT,camourflage_00304.jpg,0.1371186226606369
SINet/S2C_MT,camourflage_00305.jpg,0.02824901044368744
SINet/S2C_MT,camourflage_00306.jpg,0.02271486073732376
SINet/S2C_MT,camourflage_00307.jpg,0.05009286850690842
SINet/S2C_MT,camourflage_00308.jpg,0.09895780682563782
SINet/S2C_MT,camourflage_00309.jpg,0.031155822798609734
SINet/S2C_MT,camourflage_00311.jpg,0.08684489130973816
SINet/S2C_MT,camourflage_00312.jpg,0.03482663258910179
SINet/S2C_MT,camourflage_00313.jpg,0.028485532850027084
SINet/S2C_MT,camourflage_00314.jpg,0.06619220972061157
SINet/S2C_MT,camourflage_00315.jpg,0.03782481327652931
SINet/S2C_MT,camourflage_00316.jpg,0.11913606524467468
SINet/S2C_MT,camourflage_00317.jpg,0.06628653407096863
SINet/S2C_MT,camourflage_00318.jpg,0.04989468306303024
SINet/S2C_MT,camourflage_00319.jpg,0.028752896934747696
SINet/S2C_MT,camourflage_00320.jpg,0.07296191900968552
SINet/S2C_MT,camourflage_00321.jpg,0.05729369819164276
SINet/S2C_MT,camourflage_00322.jpg,0.053027354180812836
SINet/S2C_MT,camourflage_00323.jpg,0.13552284240722656
SINet/S2C_MT,camourflage_00324.jpg,0.018680639564990997
SINet/S2C_MT,camourflage_00325.jpg,0.0781363844871521
SINet/S2C_MT,camourflage_00326.jpg,0.033969663083553314
SINet/S2C_MT,camourflage_00327.jpg,0.05063877999782562
SINet/S2C_MT,camourflage_00328.jpg,0.03693961352109909
SINet/S2C_MT,camourflage_00329.jpg,0.06676226854324341
SINet/S2C_MT,camourflage_00330.jpg,0.043262794613838196
SINet/S2C_MT,camourflage_00331.jpg,0.06105118244886398
SINet/S2C_MT,camourflage_00334.jpg,0.04165384918451309
SINet/S2C_MT,camourflage_00335.jpg,0.07860929518938065
SINet/S2C_MT,camourflage_00336.jpg,0.0971163734793663
SINet/S2C_MT,camourflage_00338.jpg,0.11851279437541962
SINet/S2C_MT,camourflage_00339.jpg,0.1741727739572525
SINet/S2C_MT,camourflage_00340.jpg,0.01909322664141655
SINet/S2C_MT,camourflage_00341.jpg,0.041278429329395294
SINet/S2C_MT,camourflage_00342.jpg,0.04983017221093178
SINet/S2C_MT,camourflage_00343.jpg,0.03219231218099594
SINet/S2C_MT,camourflage_00344.jpg,0.059140995144844055
SINet/S2C_MT,camourflage_00345.jpg,0.18561676144599915
SINet/S2C_MT,camourflage_00346.jpg,0.18638604879379272
SINet/S2C_MT,camourflage_00347.jpg,0.04800351709127426
SINet/S2C_MT,camourflage_00349.jpg,0.04255910590291023
SINet/S2C_MT,camourflage_00350.jpg,0.03810744732618332
SINet/S2C_MT,camourflage_00352.jpg,0.03062370978295803
SINet/S2C_MT,camourflage_00353.jpg,0.08398736268281937
SINet/S2C_MT,camourflage_00354.jpg,0.07129114121198654
SINet/S2C_MT,camourflage_00355.jpg,0.01950148493051529
SINet/S2C_MT,camourflage_00356.jpg,0.08233336359262466
SINet/S2C_MT,camourflage_00357.jpg,0.0630725771188736
SINet/S2C_MT,camourflage_00358.jpg,0.04658379405736923
SINet/S2C_MT,camourflage_00359.jpg,0.06295324116945267
SINet/S2C_MT,camourflage_00360.jpg,0.031310901045799255
SINet/S2C_MT,camourflage_00362.jpg,0.028497159481048584
SINet/S2C_MT,camourflage_00363.jpg,0.05393344908952713
SINet/S2C_MT,camourflage_00366.jpg,0.1495201736688614
SINet/S2C_MT,camourflage_00367.jpg,0.05157818645238876
SINet/S2C_MT,camourflage_00368.jpg,0.042429208755493164
SINet/S2C_MT,camourflage_00369.jpg,0.08924517780542374
SINet/S2C_MT,camourflage_00370.jpg,0.09408985823392868
SINet/S2C_MT,camourflage_00371.jpg,0.05596207082271576
SINet/S2C_MT,camourflage_00372.jpg,0.04015178978443146
SINet/S2C_MT,camourflage_00373.jpg,0.04827854037284851
SINet/S2C_MT,camourflage_00374.jpg,0.04932025074958801
SINet/S2C_MT,camourflage_00375.jpg,0.02553218975663185
SINet/S2C_MT,camourflage_00376.jpg,0.050355464220047
SINet/S2C_MT,camourflage_00377.jpg,0.026149051263928413
SINet/S2C_MT,camourflage_00378.jpg,0.18196183443069458
SINet/S2C_MT,camourflage_00379.jpg,0.032168902456760406
SINet/S2C_MT,camourflage_00380.jpg,0.06362772732973099
SINet/S2C_MT,camourflage_00382.jpg,0.08310641348361969
SINet/S2C_MT,camourflage_00383.jpg,0.04578090459108353
SINet/S2C_MT,camourflage_00384.jpg,0.05377849191427231
SINet/S2C_MT,camourflage_00385.jpg,0.04029452055692673
SINet/S2C_MT,camourflage_00386.jpg,0.03303706645965576
SINet/S2C_MT,camourflage_00387.jpg,0.09485936164855957
SINet/S2C_MT,camourflage_00388.jpg,0.0827217549085617
SINet/S2C_MT,camourflage_00389.jpg,0.0733690932393074
SINet/S2C_MT,camourflage_00390.jpg,0.03357451781630516
SINet/S2C_MT,camourflage_00391.jpg,0.06095738708972931
SINet/S2C_MT,camourflage_00392.jpg,0.059299491345882416
SINet/S2C_MT,camourflage_00393.jpg,0.03461974114179611
SINet/S2C_MT,camourflage_00394.jpg,0.041202712804079056
SINet/S2C_MT,camourflage_00395.jpg,0.031219296157360077
SINet/S2C_MT,camourflage_00396.jpg,0.08372651040554047
SINet/S2C_MT,camourflage_00397.jpg,0.05524207651615143
SINet/S2C_MT,camourflage_00399.jpg,0.1263032704591751
SINet/S2C_MT,camourflage_00400.jpg,0.158681258559227
SINet/S2C_MT,camourflage_00401.jpg,0.022246485576033592
SINet/S2C_MT,camourflage_00402.jpg,0.04052353650331497
SINet/S2C_MT,camourflage_00403.jpg,0.09308589994907379
SINet/S2C_MT,camourflage_00404.jpg,0.10182476043701172
SINet/S2C_MT,camourflage_00405.jpg,0.039007607847452164
SINet/S2C_MT,camourflage_00407.jpg,0.050932712852954865
SINet/S2C_MT,camourflage_00409.jpg,0.09158380329608917
SINet/S2C_MT,camourflage_00410.jpg,0.0507381409406662
SINet/S2C_MT,camourflage_00411.jpg,0.0853414237499237
SINet/S2C_MT,camourflage_00412.jpg,0.1130121499300003
SINet/S2C_MT,camourflage_00413.jpg,0.07683208584785461
SINet/S2C_MT,camourflage_00414.jpg,0.042327649891376495
SINet/S2C_MT,camourflage_00415.jpg,0.06079443544149399
SINet/S2C_MT,camourflage_00416.jpg,0.03316909819841385
SINet/S2C_MT,camourflage_00417.jpg,0.1333691030740738
SINet/S2C_MT,camourflage_00418.jpg,0.17776429653167725
SINet/S2C_MT,camourflage_00419.jpg,0.048390187323093414
SINet/S2C_MT,camourflage_00423.jpg,0.05089150741696358
SINet/S2C_MT,camourflage_00424.jpg,0.19011583924293518
SINet/S2C_MT,camourflage_00425.jpg,0.03026500716805458
SINet/S2C_MT,camourflage_00426.jpg,0.04388108476996422
SINet/S2C_MT,camourflage_00427.jpg,0.10932989418506622
SINet/S2C_MT,camourflage_00428.jpg,0.05287761986255646
SINet/S2C_MT,camourflage_00429.jpg,0.04947986453771591
SINet/S2C_MT,camourflage_00431.jpg,0.02369876205921173
SINet/S2C_MT,camourflage_00432.jpg,0.013531168922781944
SINet/S2C_MT,camourflage_00433.jpg,0.07144151628017426
SINet/S2C_MT,camourflage_00434.jpg,0.041622258722782135
SINet/S2C_MT,camourflage_00437.jpg,0.020916644483804703
SINet/S2C_MT,camourflage_00438.jpg,0.06773953884840012
SINet/S2C_MT,camourflage_00439.jpg,0.0863097757101059
SINet/S2C_MT,camourflage_00440.jpg,0.022117765620350838
SINet/S2C_MT,camourflage_00441.jpg,0.03571184352040291
SINet/S2C_MT,camourflage_00442.jpg,0.034600235521793365
SINet/S2C_MT,camourflage_00445.jpg,0.07994027435779572
SINet/S2C_MT,camourflage_00446.jpg,0.0418502539396286
SINet/S2C_MT,camourflage_00447.jpg,0.053612224757671356
SINet/S2C_MT,camourflage_00448.jpg,0.026546034961938858
SINet/S2C_MT,camourflage_00450.jpg,0.06089230626821518
SINet/S2C_MT,camourflage_00451.jpg,0.030797608196735382
SINet/S2C_MT,camourflage_00452.jpg,0.03456535190343857
SINet/S2C_MT,camourflage_00453.jpg,0.10410556942224503
SINet/S2C_MT,camourflage_00454.jpg,0.054093003273010254
SINet/S2C_MT,camourflage_00455.jpg,0.030005700886249542
SINet/S2C_MT,camourflage_00456.jpg,0.08113101869821548
SINet/S2C_MT,camourflage_00457.jpg,0.026407640427350998
SINet/S2C_MT,camourflage_00458.jpg,0.08794485032558441
SINet/S2C_MT,camourflage_00459.jpg,0.026885448023676872
SINet/S2C_MT,camourflage_00460.jpg,0.03169558197259903
SINet/S2C_MT,camourflage_00461.jpg,0.04677772521972656
SINet/S2C_MT,camourflage_00462.jpg,0.07657340168952942
SINet/S2C_MT,camourflage_00464.jpg,0.0583440400660038
SINet/S2C_MT,camourflage_00465.jpg,0.07629352807998657
SINet/S2C_MT,camourflage_00466.jpg,0.2165544033050537
SINet/S2C_MT,camourflage_00467.jpg,0.06324829906225204
SINet/S2C_MT,camourflage_00468.jpg,0.019981451332569122
SINet/S2C_MT,camourflage_00469.jpg,0.10831043124198914
SINet/S2C_MT,camourflage_00472.jpg,0.06904547661542892
SINet/S2C_MT,camourflage_00474.jpg,0.040412500500679016
SINet/S2C_MT,camourflage_00475.jpg,0.07656097412109375
SINet/S2C_MT,camourflage_00476.jpg,0.06787050515413284
SINet/S2C_MT,camourflage_00477.jpg,0.050539664924144745
SINet/S2C_MT,camourflage_00479.jpg,0.029209129512310028
SINet/S2C_MT,camourflage_00480.jpg,0.020170554518699646
SINet/S2C_MT,camourflage_00481.jpg,0.07703988999128342
SINet/S2C_MT,camourflage_00482.jpg,0.03134629875421524
SINet/S2C_MT,camourflage_00483.jpg,0.018967505544424057
SINet/S2C_MT,camourflage_00484.jpg,0.07382789254188538
SINet/S2C_MT,camourflage_00485.jpg,0.04896092414855957
SINet/S2C_MT,camourflage_00486.jpg,0.02363055758178234
SINet/S2C_MT,camourflage_00487.jpg,0.06283320486545563
SINet/S2C_MT,camourflage_00488.jpg,0.08546088635921478
SINet/S2C_MT,camourflage_00489.jpg,0.10807330906391144
SINet/S2C_MT,camourflage_00490.jpg,0.03650840371847153
SINet/S2C_MT,camourflage_00491.jpg,0.12327289581298828
SINet/S2C_MT,camourflage_00492.jpg,0.020826730877161026
SINet/S2C_MT,camourflage_00493.jpg,0.053213708102703094
SINet/S2C_MT,camourflage_00494.jpg,0.09601089358329773
SINet/S2C_MT,camourflage_00495.jpg,0.023490965366363525
SINet/S2C_MT,camourflage_00497.jpg,0.020290210843086243
SINet/S2C_MT,camourflage_00499.jpg,0.12570375204086304
SINet/S2C_MT,camourflage_00501.jpg,0.02408144250512123
SINet/S2C_MT,camourflage_00503.jpg,0.027929024770855904
SINet/S2C_MT,camourflage_00504.jpg,0.04309430718421936
SINet/S2C_MT,camourflage_00505.jpg,0.021255843341350555
SINet/S2C_MT,camourflage_00506.jpg,0.01602097600698471
SINet/S2C_MT,camourflage_00507.jpg,0.034710463136434555
SINet/S2C_MT,camourflage_00508.jpg,0.02845001593232155
SINet/S2C_MT,camourflage_00509.jpg,0.04005784913897514
SINet/S2C_MT,camourflage_00511.jpg,0.03482307493686676
SINet/S2C_MT,camourflage_00512.jpg,0.051312774419784546
SINet/S2C_MT,camourflage_00513.jpg,0.02590847946703434
SINet/S2C_MT,camourflage_00514.jpg,0.040633656084537506
SINet/S2C_MT,camourflage_00516.jpg,0.05977989360690117
SINet/S2C_MT,camourflage_00517.jpg,0.01997201517224312
SINet/S2C_MT,camourflage_00518.jpg,0.06079982966184616
SINet/S2C_MT,camourflage_00520.jpg,0.03585953265428543
SINet/S2C_MT,camourflage_00521.jpg,0.04785890132188797
SINet/S2C_MT,camourflage_00523.jpg,0.0494006872177124
SINet/S2C_MT,camourflage_00524.jpg,0.08167627453804016
SINet/S2C_MT,camourflage_00525.jpg,0.069205641746521
SINet/S2C_MT,camourflage_00526.jpg,0.03858780860900879
SINet/S2C_MT,camourflage_00527.jpg,0.030000418424606323
SINet/S2C_MT,camourflage_00529.jpg,0.01806587353348732
SINet/S2C_MT,camourflage_00530.jpg,0.10503627359867096
SINet/S2C_MT,camourflage_00531.jpg,0.15297599136829376
SINet/S2C_MT,camourflage_00532.jpg,0.08045710623264313
SINet/S2C_MT,camourflage_00533.jpg,0.11311759054660797
SINet/S2C_MT,camourflage_00534.jpg,0.06937593221664429
SINet/S2C_MT,camourflage_00535.jpg,0.05778902396559715
SINet/S2C_MT,camourflage_00536.jpg,0.04022142291069031
SINet/S2C_MT,camourflage_00537.jpg,0.0444348007440567
SINet/S2C_MT,camourflage_00538.jpg,0.010945763438940048
SINet/S2C_MT,camourflage_00540.jpg,0.02876475639641285
SINet/S2C_MT,camourflage_00541.jpg,0.023651819676160812
SINet/S2C_MT,camourflage_00542.jpg,0.06137228012084961
SINet/S2C_MT,camourflage_00543.jpg,0.1303962916135788
SINet/S2C_MT,camourflage_00544.jpg,0.05416158586740494
SINet/S2C_MT,camourflage_00545.jpg,0.15172310173511505
SINet/S2C_MT,camourflage_00546.jpg,0.024769846349954605
SINet/S2C_MT,camourflage_00547.jpg,0.02107246406376362
SINet/S2C_MT,camourflage_00548.jpg,0.0845879390835762
SINet/S2C_MT,camourflage_00549.jpg,0.1614004522562027
SINet/S2C_MT,camourflage_00551.jpg,0.041040342301130295
SINet/S2C_MT,camourflage_00552.jpg,0.048303067684173584
SINet/S2C_MT,camourflage_00553.jpg,0.0981535017490387
SINet/S2C_MT,camourflage_00554.jpg,0.058096714317798615
SINet/S2C_MT,camourflage_00555.jpg,0.04989377036690712
SINet/S2C_MT,camourflage_00556.jpg,0.09196849167346954
SINet/S2C_MT,camourflage_00557.jpg,0.21778427064418793
SINet/S2C_MT,camourflage_00558.jpg,0.031220363453030586
SINet/S2C_MT,camourflage_00559.jpg,0.14579543471336365
SINet/S2C_MT,camourflage_00560.jpg,0.03498382121324539
SINet/S2C_MT,camourflage_00561.jpg,0.03465920686721802
SINet/S2C_MT,camourflage_00562.jpg,0.10557021200656891
SINet/S2C_MT,camourflage_00564.jpg,0.061424173414707184
SINet/S2C_MT,camourflage_00565.jpg,0.04313419759273529
SINet/S2C_MT,camourflage_00566.jpg,0.1331983506679535
SINet/S2C_MT,camourflage_00567.jpg,0.047044314444065094
SINet/S2C_MT,camourflage_00568.jpg,0.036443501710891724
SINet/S2C_MT,camourflage_00569.jpg,0.03829638659954071
SINet/S2C_MT,camourflage_00570.jpg,0.0722789391875267
SINet/S2C_MT,camourflage_00571.jpg,0.038331616669893265
SINet/S2C_MT,camourflage_00572.jpg,0.02723831869661808
SINet/S2C_MT,camourflage_00573.jpg,0.08533334732055664
SINet/S2C_MT,camourflage_00574.jpg,0.08948878198862076
SINet/S2C_MT,camourflage_00575.jpg,0.06443137675523758
SINet/S2C_MT,camourflage_00576.jpg,0.11693944036960602
SINet/S2C_MT,camourflage_00577.jpg,0.044370926916599274
SINet/S2C_MT,camourflage_00578.jpg,0.14918968081474304
SINet/S2C_MT,camourflage_00579.jpg,0.04581718146800995
SINet/S2C_MT,camourflage_00580.jpg,0.07179234176874161
SINet/S2C_MT,camourflage_00581.jpg,0.06128904968500137
SINet/S2C_MT,camourflage_00582.jpg,0.035617195069789886
SINet/S2C_MT,camourflage_00583.jpg,0.06597314774990082
SINet/S2C_MT,camourflage_00584.jpg,0.03167534992098808
SINet/S2C_MT,camourflage_00585.jpg,0.032050810754299164
SINet/S2C_MT,camourflage_00586.jpg,0.046563923358917236
SINet/S2C_MT,camourflage_00587.jpg,0.046498432755470276
SINet/S2C_MT,camourflage_00588.jpg,0.03575308620929718
SINet/S2C_MT,camourflage_00589.jpg,0.030287817120552063
SINet/S2C_MT,camourflage_00590.jpg,0.035319745540618896
SINet/S2C_MT,camourflage_00591.jpg,0.07238329946994781
SINet/S2C_MT,camourflage_00592.jpg,0.09196928143501282
SINet/S2C_MT,camourflage_00593.jpg,0.03419671207666397
SINet/S2C_MT,camourflage_00595.jpg,0.05120416730642319
SINet/S2C_MT,camourflage_00596.jpg,0.024120250716805458
SINet/S2C_MT,camourflage_00598.jpg,0.02128463238477707
SINet/S2C_MT,camourflage_00599.jpg,0.06950288265943527
SINet/S2C_MT,camourflage_00601.jpg,0.05952257663011551
SINet/S2C_MT,camourflage_00603.jpg,0.1155351847410202
SINet/S2C_MT,camourflage_00604.jpg,0.020483259111642838
SINet/S2C_MT,camourflage_00605.jpg,0.044091593474149704
SINet/S2C_MT,camourflage_00606.jpg,0.030516255646944046
SINet/S2C_MT,camourflage_00607.jpg,0.021675698459148407
SINet/S2C_MT,camourflage_00608.jpg,0.06543717533349991
SINet/S2C_MT,camourflage_00609.jpg,0.09763485193252563
SINet/S2C_MT,camourflage_00610.jpg,0.12844017148017883
SINet/S2C_MT,camourflage_00611.jpg,0.043598052114248276
SINet/S2C_MT,camourflage_00612.jpg,0.05685098469257355
SINet/S2C_MT,camourflage_00613.jpg,0.07256469130516052
SINet/S2C_MT,camourflage_00614.jpg,0.11024803668260574
SINet/S2C_MT,camourflage_00615.jpg,0.06076907366514206
SINet/S2C_MT,camourflage_00616.jpg,0.035093098878860474
SINet/S2C_MT,camourflage_00617.jpg,0.08220720291137695
SINet/S2C_MT,camourflage_00618.jpg,0.0954756885766983
SINet/S2C_MT,camourflage_00619.jpg,0.12261107563972473
SINet/S2C_MT,camourflage_00620.jpg,0.018809545785188675
SINet/S2C_MT,camourflage_00621.jpg,0.03348293900489807
SINet/S2C_MT,camourflage_00622.jpg,0.03879973292350769
SINet/S2C_MT,camourflage_00624.jpg,0.015153758227825165
SINet/S2C_MT,camourflage_00625.jpg,0.028550056740641594
SINet/S2C_MT,camourflage_00626.jpg,0.021484479308128357
SINet/S2C_MT,camourflage_00627.jpg,0.0723792091012001
SINet/S2C_MT,camourflage_00628.jpg,0.06155785918235779
SINet/S2C_MT,camourflage_00629.jpg,0.028174471110105515
SINet/S2C_MT,camourflage_00630.jpg,0.03359021246433258
SINet/S2C_MT,camourflage_00632.jpg,0.0549158975481987
SINet/S2C_MT,camourflage_00633.jpg,0.1085522323846817
SINet/S2C_MT,camourflage_00634.jpg,0.08449112623929977
SINet/S2C_MT,camourflage_00635.jpg,0.051195815205574036
SINet/S2C_MT,camourflage_00636.jpg,0.039405457675457
SINet/S2C_MT,camourflage_00637.jpg,0.046072669327259064
SINet/S2C_MT,camourflage_00638.jpg,0.05497104302048683
SINet/S2C_MT,camourflage_00639.jpg,0.055153727531433105
SINet/S2C_MT,camourflage_00640.jpg,0.05875025689601898
SINet/S2C_MT,camourflage_00642.jpg,0.04724670201539993
SINet/S2C_MT,camourflage_00643.jpg,0.02993730455636978
SINet/S2C_MT,camourflage_00644.jpg,0.03789174556732178
SINet/S2C_MT,camourflage_00645.jpg,0.06581179797649384
SINet/S2C_MT,camourflage_00646.jpg,0.062449850142002106
SINet/S2C_MT,camourflage_00648.jpg,0.08234921097755432
SINet/S2C_MT,camourflage_00649.jpg,0.03333526849746704
SINet/S2C_MT,camourflage_00650.jpg,0.04663393646478653
SINet/S2C_MT,camourflage_00651.jpg,0.03697378560900688
SINet/S2C_MT,camourflage_00652.jpg,0.038388825953006744
SINet/S2C_MT,camourflage_00653.jpg,0.1437378227710724
SINet/S2C_MT,camourflage_00654.jpg,0.05597854405641556
SINet/S2C_MT,camourflage_00655.jpg,0.1544659435749054
SINet/S2C_MT,camourflage_00656.jpg,0.026741772890090942
SINet/S2C_MT,camourflage_00657.jpg,0.02691488526761532
SINet/S2C_MT,camourflage_00658.jpg,0.04592139273881912
SINet/S2C_MT,camourflage_00659.jpg,0.05059746652841568
SINet/S2C_MT,camourflage_00660.jpg,0.0864635780453682
SINet/S2C_MT,camourflage_00661.jpg,0.04268568381667137
SINet/S2C_MT,camourflage_00662.jpg,0.06987260282039642
SINet/S2C_MT,camourflage_00663.jpg,0.06785865873098373
SINet/S2C_MT,camourflage_00664.jpg,0.03734017536044121
SINet/S2C_MT,camourflage_00665.jpg,0.05559719726443291
SINet/S2C_MT,camourflage_00666.jpg,0.08412302285432816
SINet/S2C_MT,camourflage_00667.jpg,0.13650007545948029
SINet/S2C_MT,camourflage_00668.jpg,0.03663868457078934
SINet/S2C_MT,camourflage_00669.jpg,0.08513766527175903
SINet/S2C_MT,camourflage_00670.jpg,0.037871189415454865
SINet/S2C_MT,camourflage_00671.jpg,0.07716646045446396
SINet/S2C_MT,camourflage_00672.jpg,0.11255782842636108
SINet/S2C_MT,camourflage_00673.jpg,0.03641475737094879
SINet/S2C_MT,camourflage_00674.jpg,0.06063111871480942
SINet/S2C_MT,camourflage_00675.jpg,0.1296333521604538
SINet/S2C_MT,camourflage_00676.jpg,0.047821495682001114
SINet/S2C_MT,camourflage_00678.jpg,0.03869139403104782
SINet/S2C_MT,camourflage_00679.jpg,0.05557091534137726
SINet/S2C_MT,camourflage_00680.jpg,0.0434805303812027
SINet/S2C_MT,camourflage_00681.jpg,0.06250690668821335
SINet/S2C_MT,camourflage_00682.jpg,0.09066896885633469
SINet/S2C_MT,camourflage_00683.jpg,0.12393471598625183
SINet/S2C_MT,camourflage_00684.jpg,0.16809779405593872
SINet/S2C_MT,camourflage_00685.jpg,0.09625732153654099
SINet/S2C_MT,camourflage_00686.jpg,0.1417667269706726
SINet/S2C_MT,camourflage_00687.jpg,0.10264965891838074
SINet/S2C_MT,camourflage_00689.jpg,0.054221343249082565
SINet/S2C_MT,camourflage_00690.jpg,0.029200010001659393
SINet/S2C_MT,camourflage_00691.jpg,0.05621793121099472
SINet/S2C_MT,camourflage_00692.jpg,0.08700002729892731
SINet/S2C_MT,camourflage_00693.jpg,0.09997141361236572
SINet/S2C_MT,camourflage_00695.jpg,0.049310989677906036
SINet/S2C_MT,camourflage_00696.jpg,0.04215044900774956
SINet/S2C_MT,camourflage_00697.jpg,0.0754731222987175
SINet/S2C_MT,camourflage_00698.jpg,0.05606004595756531
SINet/S2C_MT,camourflage_00700.jpg,0.02480880543589592
SINet/S2C_MT,camourflage_00701.jpg,0.04008479416370392
SINet/S2C_MT,camourflage_00702.jpg,0.05606589466333389
SINet/S2C_MT,camourflage_00703.jpg,0.08203946053981781
SINet/S2C_MT,camourflage_00704.jpg,0.05955537408590317
SINet/S2C_MT,camourflage_00705.jpg,0.09721614420413971
SINet/S2C_MT,camourflage_00707.jpg,0.07935932278633118
SINet/S2C_MT,camourflage_00708.jpg,0.11215478181838989
SINet/S2C_MT,camourflage_00709.jpg,0.11265365779399872
SINet/S2C_MT,camourflage_00710.jpg,0.04043373465538025
SINet/S2C_MT,camourflage_00711.jpg,0.04133174568414688
SINet/S2C_MT,camourflage_00712.jpg,0.026711955666542053
SINet/S2C_MT,camourflage_00714.jpg,0.07272490859031677
SINet/S2C_MT,camourflage_00715.jpg,0.032671891152858734
SINet/S2C_MT,camourflage_00716.jpg,0.04497228190302849
SINet/S2C_MT,camourflage_00717.jpg,0.055603787302970886
SINet/S2C_MT,camourflage_00718.jpg,0.05289638787508011
SINet/S2C_MT,camourflage_00719.jpg,0.025258952751755714
SINet/S2C_MT,camourflage_00720.jpg,0.06384080648422241
SINet/S2C_MT,camourflage_00721.jpg,0.11157983541488647
SINet/S2C_MT,camourflage_00722.jpg,0.0681437999010086
SINet/S2C_MT,camourflage_00724.jpg,0.028014758601784706
SINet/S2C_MT,camourflage_00725.jpg,0.07999121397733688
SINet/S2C_MT,camourflage_00726.jpg,0.027384178712964058
SINet/S2C_MT,camourflage_00727.jpg,0.03083355352282524
SINet/S2C_MT,camourflage_00728.jpg,0.11303738504648209
SINet/S2C_MT,camourflage_00729.jpg,0.0564604215323925
SINet/S2C_MT,camourflage_00730.jpg,0.03471336141228676
SINet/S2C_MT,camourflage_00731.jpg,0.031048472970724106
SINet/S2C_MT,camourflage_00732.jpg,0.036503784358501434
SINet/S2C_MT,camourflage_00733.jpg,0.04430336505174637
SINet/S2C_MT,camourflage_00734.jpg,0.04450792446732521
SINet/S2C_MT,camourflage_00735.jpg,0.031211039051413536
SINet/S2C_MT,camourflage_00736.jpg,0.038874126970767975
SINet/S2C_MT,camourflage_00737.jpg,0.09365440905094147
SINet/S2C_MT,camourflage_00738.jpg,0.1046065166592598
SINet/S2C_MT,camourflage_00739.jpg,0.057922735810279846
SINet/S2C_MT,camourflage_00740.jpg,0.06788314878940582
SINet/S2C_MT,camourflage_00741.jpg,0.08799007534980774
SINet/S2C_MT,camourflage_00742.jpg,0.08112551271915436
SINet/S2C_MT,camourflage_00743.jpg,0.04172597825527191
SINet/S2C_MT,camourflage_00744.jpg,0.07473758608102798
SINet/S2C_MT,camourflage_00745.jpg,0.02265278995037079
SINet/S2C_MT,camourflage_00746.jpg,0.07250981032848358
SINet/S2C_MT,camourflage_00747.jpg,0.06928379833698273
SINet/S2C_MT,camourflage_00748.jpg,0.0482335239648819
SINet/S2C_MT,camourflage_00749.jpg,0.06128344684839249
SINet/S2C_MT,camourflage_00751.jpg,0.10972542315721512
SINet/S2C_MT,camourflage_00752.jpg,0.07452675700187683
SINet/S2C_MT,camourflage_00753.jpg,0.04294561967253685
SINet/S2C_MT,camourflage_00754.jpg,0.06597750633955002
SINet/S2C_MT,camourflage_00755.jpg,0.07390859723091125
SINet/S2C_MT,camourflage_00756.jpg,0.024669965729117393
SINet/S2C_MT,camourflage_00757.jpg,0.032984472811222076
SINet/S2C_MT,camourflage_00759.jpg,0.030395157635211945
SINet/S2C_MT,camourflage_00760.jpg,0.16051924228668213
SINet/S2C_MT,camourflage_00761.jpg,0.034380123019218445
SINet/S2C_MT,camourflage_00762.jpg,0.06428089737892151
SINet/S2C_MT,camourflage_00763.jpg,0.08273573219776154
SINet/S2C_MT,camourflage_00764.jpg,0.04296746850013733
SINet/S2C_MT,camourflage_00765.jpg,0.04958441108465195
SINet/S2C_MT,camourflage_00766.jpg,0.06415750086307526
SINet/S2C_MT,camourflage_00767.jpg,0.16230377554893494
SINet/S2C_MT,camourflage_00769.jpg,0.043911051005125046
SINet/S2C_MT,camourflage_00770.jpg,0.01319454051554203
SINet/S2C_MT,camourflage_00771.jpg,0.06833299994468689
SINet/S2C_MT,camourflage_00772.jpg,0.040019743144512177
SINet/S2C_MT,camourflage_00773.jpg,0.027049453929066658
SINet/S2C_MT,camourflage_00774.jpg,0.10264059901237488
SINet/S2C_MT,camourflage_00775.jpg,0.05967867001891136
SINet/S2C_MT,camourflage_00776.jpg,0.022024061530828476
SINet/S2C_MT,camourflage_00777.jpg,0.07185621559619904
SINet/S2C_MT,camourflage_00778.jpg,0.03731311112642288
SINet/S2C_MT,camourflage_00780.jpg,0.07069042325019836
SINet/S2C_MT,camourflage_00781.jpg,0.02348726987838745
SINet/S2C_MT,camourflage_00784.jpg,0.03676427900791168
SINet/S2C_MT,camourflage_00785.jpg,0.042777545750141144
SINet/S2C_MT,camourflage_00786.jpg,0.0475800558924675
SINet/S2C_MT,camourflage_00787.jpg,0.056196484714746475
SINet/S2C_MT,camourflage_00788.jpg,0.06505968421697617
SINet/S2C_MT,camourflage_00789.jpg,0.04674572870135307
SINet/S2C_MT,camourflage_00790.jpg,0.04213088005781174
SINet/S2C_MT,camourflage_00791.jpg,0.03425385802984238
SINet/S2C_MT,camourflage_00792.jpg,0.04731176793575287
SINet/S2C_MT,camourflage_00793.jpg,0.054596856236457825
SINet/S2C_MT,camourflage_00795.jpg,0.027294136583805084
SINet/S2C_MT,camourflage_00796.jpg,0.015886349603533745
SINet/S2C_MT,camourflage_00797.jpg,0.016362236812710762
SINet/S2C_MT,camourflage_00798.jpg,0.012460047379136086
SINet/S2C_MT,camourflage_00799.jpg,0.029984215274453163
SINet/S2C_MT,camourflage_00802.jpg,0.0396331287920475
SINet/S2C_MT,camourflage_00803.jpg,0.027411390095949173
SINet/S2C_MT,camourflage_00804.jpg,0.08846182376146317
SINet/S2C_MT,camourflage_00805.jpg,0.04768303781747818
SINet/S2C_MT,camourflage_00806.jpg,0.025888368487358093
SINet/S2C_MT,camourflage_00808.jpg,0.031950246542692184
SINet/S2C_MT,camourflage_00809.jpg,0.020943962037563324
SINet/S2C_MT,camourflage_00810.jpg,0.07684487849473953
SINet/S2C_MT,camourflage_00811.jpg,0.202616348862648
SINet/S2C_MT,camourflage_00812.jpg,0.03935873508453369
SINet/S2C_MT,camourflage_00813.jpg,0.13529223203659058
SINet/S2C_MT,camourflage_00814.jpg,0.05776539444923401
SINet/S2C_MT,camourflage_00815.jpg,0.04868268221616745
SINet/S2C_MT,camourflage_00816.jpg,0.03404095023870468
SINet/S2C_MT,camourflage_00817.jpg,0.06403088569641113
SINet/S2C_MT,camourflage_00818.jpg,0.02681727521121502
SINet/S2C_MT,camourflage_00819.jpg,0.048115622252225876
SINet/S2C_MT,camourflage_00820.jpg,0.03601854667067528
SINet/S2C_MT,camourflage_00821.jpg,0.17657917737960815
SINet/S2C_MT,camourflage_00822.jpg,0.02612103708088398
SINet/S2C_MT,camourflage_00823.jpg,0.06745113432407379
SINet/S2C_MT,camourflage_00824.jpg,0.077634297311306
SINet/S2C_MT,camourflage_00825.jpg,0.09618541598320007
SINet/S2C_MT,camourflage_00826.jpg,0.06444322317838669
SINet/S2C_MT,camourflage_00827.jpg,0.028258386999368668
SINet/S2C_MT,camourflage_00828.jpg,0.05595718324184418
SINet/S2C_MT,camourflage_00830.jpg,0.0483977347612381
SINet/S2C_MT,camourflage_00831.jpg,0.03737505152821541
SINet/S2C_MT,camourflage_00832.jpg,0.019112490117549896
SINet/S2C_MT,camourflage_00833.jpg,0.06880005449056625
SINet/S2C_MT,camourflage_00834.jpg,0.11910287290811539
SINet/S2C_MT,camourflage_00835.jpg,0.08123953640460968
SINet/S2C_MT,camourflage_00836.jpg,0.014279898256063461
SINet/S2C_MT,camourflage_00837.jpg,0.03313899785280228
SINet/S2C_MT,camourflage_00838.jpg,0.05297752469778061
SINet/S2C_MT,camourflage_00839.jpg,0.052728213369846344
SINet/S2C_MT,camourflage_00840.jpg,0.033064842224121094
SINet/S2C_MT,camourflage_00841.jpg,0.0493057444691658
SINet/S2C_MT,camourflage_00842.jpg,0.028466176241636276
SINet/S2C_MT,camourflage_00843.jpg,0.028266021981835365
SINet/S2C_MT,camourflage_00844.jpg,0.09615793824195862
SINet/S2C_MT,camourflage_00845.jpg,0.02932768315076828
SINet/S2C_MT,camourflage_00848.jpg,0.03150069713592529
SINet/S2C_MT,camourflage_00849.jpg,0.05464974418282509
SINet/S2C_MT,camourflage_00850.jpg,0.0663580596446991
SINet/S2C_MT,camourflage_00851.jpg,0.05101005360484123
SINet/S2C_MT,camourflage_00852.jpg,0.04992189630866051
SINet/S2C_MT,camourflage_00853.jpg,0.05125683918595314
SINet/S2C_MT,camourflage_00854.jpg,0.04418608546257019
SINet/S2C_MT,camourflage_00855.jpg,0.028998978435993195
SINet/S2C_MT,camourflage_00856.jpg,0.06178814172744751
SINet/S2C_MT,camourflage_00858.jpg,0.04809574782848358
SINet/S2C_MT,camourflage_00859.jpg,0.014021724462509155
SINet/S2C_MT,camourflage_00861.jpg,0.05140272527933121
SINet/S2C_MT,camourflage_00862.jpg,0.06119142845273018
SINet/S2C_MT,camourflage_00864.jpg,0.03947145491838455
SINet/S2C_MT,camourflage_00865.jpg,0.05924408882856369
SINet/S2C_MT,camourflage_00866.jpg,0.061416804790496826
SINet/S2C_MT,camourflage_00867.jpg,0.045844390988349915
SINet/S2C_MT,camourflage_00868.jpg,0.02429010719060898
SINet/S2C_MT,camourflage_00870.jpg,0.04457632452249527
SINet/S2C_MT,camourflage_00871.jpg,0.049496252089738846
SINet/S2C_MT,camourflage_00872.jpg,0.04464586079120636
SINet/S2C_MT,camourflage_00873.jpg,0.049966465681791306
SINet/S2C_MT,camourflage_00874.jpg,0.026803690940141678
SINet/S2C_MT,camourflage_00875.jpg,0.014471052214503288
SINet/S2C_MT,camourflage_00876.jpg,0.043477900326251984
SINet/S2C_MT,camourflage_00877.jpg,0.040945447981357574
SINet/S2C_MT,camourflage_00878.jpg,0.027291569858789444
SINet/S2C_MT,camourflage_00879.jpg,0.0233151838183403
SINet/S2C_MT,camourflage_00880.jpg,0.04696191847324371
SINet/S2C_MT,camourflage_00881.jpg,0.059495460242033005
SINet/S2C_MT,camourflage_00882.jpg,0.05067183077335358
SINet/S2C_MT,camourflage_00883.jpg,0.04294973611831665
SINet/S2C_MT,camourflage_00884.jpg,0.09886479377746582
SINet/S2C_MT,camourflage_00885.jpg,0.04891836643218994
SINet/S2C_MT,camourflage_00886.jpg,0.028566312044858932
SINet/S2C_MT,camourflage_00887.jpg,0.012870833277702332
SINet/S2C_MT,camourflage_00888.jpg,0.07535107433795929
SINet/S2C_MT,camourflage_00889.jpg,0.0939469039440155
SINet/S2C_MT,camourflage_00891.jpg,0.03390921652317047
SINet/S2C_MT,camourflage_00892.jpg,0.030725693330168724
SINet/S2C_MT,camourflage_00893.jpg,0.06008659303188324
SINet/S2C_MT,camourflage_00894.jpg,0.02658582478761673
SINet/S2C_MT,camourflage_00895.jpg,0.020513493567705154
SINet/S2C_MT,camourflage_00896.jpg,0.04046861082315445
SINet/S2C_MT,camourflage_00897.jpg,0.10377466678619385
SINet/S2C_MT,camourflage_00898.jpg,0.062220506370067596
SINet/S2C_MT,camourflage_00899.jpg,0.06598072499036789
SINet/S2C_MT,camourflage_00900.jpg,0.17908887565135956
SINet/S2C_MT,camourflage_00901.jpg,0.06874044239521027
SINet/S2C_MT,camourflage_00902.jpg,0.025617511942982674
SINet/S2C_MT,camourflage_00904.jpg,0.0954657644033432
SINet/S2C_MT,camourflage_00905.jpg,0.024447627365589142
SINet/S2C_MT,camourflage_00906.jpg,0.06953785568475723
SINet/S2C_MT,camourflage_00907.jpg,0.05769534409046173
SINet/S2C_MT,camourflage_00908.jpg,0.04216644912958145
SINet/S2C_MT,camourflage_00909.jpg,0.121096171438694
SINet/S2C_MT,camourflage_00910.jpg,0.02282806485891342
SINet/S2C_MT,camourflage_00911.jpg,0.067294642329216
SINet/S2C_MT,camourflage_00912.jpg,0.04536675661802292
SINet/S2C_MT,camourflage_00913.jpg,0.09567738324403763
SINet/S2C_MT,camourflage_00914.jpg,0.07532588392496109
SINet/S2C_MT,camourflage_00915.jpg,0.05739707499742508
SINet/S2C_MT,camourflage_00916.jpg,0.04240592569112778
SINet/S2C_MT,camourflage_00917.jpg,0.05061579868197441
SINet/S2C_MT,camourflage_00918.jpg,0.1863420307636261
SINet/S2C_MT,camourflage_00919.jpg,0.061441488564014435
SINet/S2C_MT,camourflage_00920.jpg,0.04806533083319664
SINet/S2C_MT,camourflage_00921.jpg,0.059864144772291183
SINet/S2C_MT,camourflage_00922.jpg,0.04395843669772148
SINet/S2C_MT,camourflage_00923.jpg,0.04329874366521835
SINet/S2C_MT,camourflage_00925.jpg,0.056389205157756805
SINet/S2C_MT,camourflage_00926.jpg,0.07598866522312164
SINet/S2C_MT,camourflage_00927.jpg,0.03524813428521156
SINet/S2C_MT,camourflage_00929.jpg,0.05945718288421631
SINet/S2C_MT,camourflage_00930.jpg,0.03520112484693527
SINet/S2C_MT,camourflage_00932.jpg,0.05657424032688141
SINet/S2C_MT,camourflage_00933.jpg,0.049283675849437714
SINet/S2C_MT,camourflage_00934.jpg,0.07203512638807297
SINet/S2C_MT,camourflage_00935.jpg,0.03357661888003349
SINet/S2C_MT,camourflage_00936.jpg,0.08196236193180084
SINet/S2C_MT,camourflage_00937.jpg,0.07958376407623291
SINet/S2C_MT,camourflage_00938.jpg,0.02774844318628311
SINet/S2C_MT,camourflage_00940.jpg,0.055782586336135864
SINet/S2C_MT,camourflage_00941.jpg,0.11060457676649094
SINet/S2C_MT,camourflage_00942.jpg,0.055778227746486664
SINet/S2C_MT,camourflage_00943.jpg,0.030922800302505493
SINet/S2C_MT,camourflage_00945.jpg,0.0343073233962059
SINet/S2C_MT,camourflage_00946.jpg,0.1169196367263794
SINet/S2C_MT,camourflage_00947.jpg,0.15981438755989075
SINet/S2C_MT,camourflage_00948.jpg,0.03601829707622528
SINet/S2C_MT,camourflage_00949.jpg,0.03914797306060791
SINet/S2C_MT,camourflage_00950.jpg,0.03991479426622391
SINet/S2C_MT,camourflage_00951.jpg,0.04722253605723381
SINet/S2C_MT,camourflage_00952.jpg,0.0532735139131546
SINet/S2C_MT,camourflage_00953.jpg,0.10211529582738876
SINet/S2C_MT,camourflage_00954.jpg,0.06642617285251617
SINet/S2C_MT,camourflage_00955.jpg,0.04662618413567543
SINet/S2C_MT,camourflage_00956.jpg,0.05306366831064224
SINet/S2C_MT,camourflage_00957.jpg,0.22406846284866333
SINet/S2C_MT,camourflage_00958.jpg,0.022343739867210388
SINet/S2C_MT,camourflage_00960.jpg,0.030139483511447906
SINet/S2C_MT,camourflage_00961.jpg,0.04041265323758125
SINet/S2C_MT,camourflage_00962.jpg,0.1057441234588623
SINet/S2C_MT,camourflage_00963.jpg,0.09499849379062653
SINet/S2C_MT,camourflage_00964.jpg,0.06799682974815369
SINet/S2C_MT,camourflage_00965.jpg,0.03510819375514984
SINet/S2C_MT,camourflage_00966.jpg,0.03104338049888611
SINet/S2C_MT,camourflage_00967.jpg,0.03789389505982399
SINet/S2C_MT,camourflage_00968.jpg,0.028697770088911057
SINet/S2C_MT,camourflage_00969.jpg,0.028708960860967636
SINet/S2C_MT,camourflage_00970.jpg,0.0723881721496582
SINet/S2C_MT,camourflage_00971.jpg,0.08228062093257904
SINet/S2C_MT,camourflage_00972.jpg,0.024456584826111794
SINet/S2C_MT,camourflage_00973.jpg,0.018759362399578094
SINet/S2C_MT,camourflage_00974.jpg,0.021097972989082336
SINet/S2C_MT,camourflage_00975.jpg,0.04298420995473862
SINet/S2C_MT,camourflage_00976.jpg,0.06241534650325775
SINet/S2C_MT,camourflage_00978.jpg,0.04716235771775246
SINet/S2C_MT,camourflage_00979.jpg,0.03557769954204559
SINet/S2C_MT,camourflage_00980.jpg,0.028044933453202248
SINet/S2C_MT,camourflage_00981.jpg,0.0315437838435173
SINet/S2C_MT,camourflage_00982.jpg,0.05232337489724159
SINet/S2C_MT,camourflage_00983.jpg,0.05158858746290207
SINet/S2C_MT,camourflage_00984.jpg,0.07151393592357635
SINet/S2C_MT,camourflage_00986.jpg,0.04881948232650757
SINet/S2C_MT,camourflage_00987.jpg,0.05624757707118988
SINet/S2C_MT,camourflage_00988.jpg,0.031699780374765396
SINet/S2C_MT,camourflage_00989.jpg,0.02481919899582863
SINet/S2C_MT,camourflage_00990.jpg,0.04332413524389267
SINet/S2C_MT,camourflage_00992.jpg,0.0411754734814167
SINet/S2C_MT,camourflage_00993.jpg,0.06415241211652756
SINet/S2C_MT,camourflage_00994.jpg,0.02993333898484707
SINet/S2C_MT,camourflage_00995.jpg,0.06331273168325424
SINet/S2C_MT,camourflage_00996.jpg,0.022504758089780807
SINet/S2C_MT,camourflage_00999.jpg,0.042421817779541016
SINet/S2C_MT,camourflage_01000.jpg,0.13683590292930603
SINet/S2C_MT,camourflage_01002.jpg,0.04416598379611969
SINet/S2C_MT,camourflage_01005.jpg,0.07121484726667404
SINet/S2C_MT,camourflage_01007.jpg,0.07446739077568054
SINet/S2C_MT,camourflage_01010.jpg,0.07572793960571289
SINet/S2C_MT,camourflage_01011.jpg,0.1406450867652893
SINet/S2C_MT,camourflage_01012.jpg,0.1403903067111969
SINet/S2C_MT,camourflage_01013.jpg,0.009498341009020805
SINet/S2C_MT,camourflage_01015.jpg,0.14039689302444458
SINet/S2C_MT,camourflage_01017.jpg,0.010162401013076305
SINet/S2C_MT,camourflage_01019.jpg,0.14650583267211914
SINet/S2C_MT,camourflage_01022.jpg,0.1145009994506836
SINet/S2C_MT,camourflage_01024.jpg,0.06218339502811432
SINet/S2C_MT,camourflage_01026.jpg,0.08280663192272186
SINet/S2C_MT,camourflage_01028.jpg,0.09160645306110382
SINet/S2C_MT,camourflage_01029.jpg,0.050144173204898834
SINet/S2C_MT,camourflage_01031.jpg,0.136991947889328
SINet/S2C_MT,camourflage_01033.jpg,0.08089665323495865
SINet/S2C_MT,camourflage_01035.jpg,0.11905630677938461
SINet/S2C_MT,camourflage_01036.jpg,0.12044921517372131
SINet/S2C_MT,camourflage_01037.jpg,0.03684195876121521
SINet/S2C_MT,camourflage_01038.jpg,0.0554693266749382
SINet/S2C_MT,camourflage_01039.jpg,0.05034557729959488
SINet/S2C_MT,camourflage_01040.jpg,0.06631456315517426
SINet/S2C_MT,camourflage_01042.jpg,0.05287447199225426
SINet/S2C_MT,camourflage_01043.jpg,0.03276877850294113
SINet/S2C_MT,camourflage_01045.jpg,0.11051706969738007
SINet/S2C_MT,camourflage_01047.jpg,0.08212627470493317
SINet/S2C_MT,camourflage_01049.jpg,0.030796993523836136
SINet/S2C_MT,camourflage_01051.jpg,0.03827334940433502
SINet/S2C_MT,camourflage_01054.jpg,0.12563101947307587
SINet/S2C_MT,camourflage_01055.jpg,0.07129042595624924
SINet/S2C_MT,camourflage_01057.jpg,0.11712685227394104
SINet/S2C_MT,camourflage_01059.jpg,0.15646705031394958
SINet/S2C_MT,camourflage_01060.jpg,0.10585185885429382
SINet/S2C_MT,camourflage_01061.jpg,0.17090457677841187
SINet/S2C_MT,camourflage_01062.jpg,0.07426722347736359
SINet/S2C_MT,camourflage_01063.jpg,0.023930110037326813
SINet/S2C_MT,camourflage_01065.jpg,0.09421120584011078
SINet/S2C_MT,camourflage_01069.jpg,0.16646742820739746
SINet/S2C_MT,camourflage_01071.jpg,0.09831934422254562
SINet/S2C_MT,camourflage_01073.jpg,0.1607779562473297
SINet/S2C_MT,camourflage_01076.jpg,0.12075980007648468
SINet/S2C_MT,camourflage_01077.jpg,0.12072030454874039
SINet/S2C_MT,camourflage_01079.jpg,0.11663119494915009
SINet/S2C_MT,camourflage_01080.jpg,0.18435770273208618
SINet/S2C_MT,camourflage_01083.jpg,0.13814660906791687
SINet/S2C_MT,camourflage_01084.jpg,0.08908211439847946
SINet/S2C_MT,camourflage_01085.jpg,0.08263286203145981
SINet/S2C_MT,camourflage_01086.jpg,0.15825368463993073
SINet/S2C_MT,camourflage_01088.jpg,0.18338368833065033
SINet/S2C_MT,camourflage_01089.jpg,0.08454662561416626
SINet/S2C_MT,camourflage_01092.jpg,0.11386464536190033
SINet/S2C_MT,camourflage_01093.jpg,0.044046588242053986
SINet/S2C_MT,camourflage_01097.jpg,0.0617147721350193
SINet/S2C_MT,camourflage_01099.jpg,0.043307580053806305
SINet/S2C_MT,camourflage_01102.jpg,0.04534674063324928
SINet/S2C_MT,camourflage_01108.jpg,0.05392718315124512
SINet/S2C_MT,camourflage_01109.jpg,0.035278841853141785
SINet/S2C_MT,camourflage_01111.jpg,0.048673227429389954
SINet/S2C_MT,camourflage_01114.jpg,0.03955677151679993
SINet/S2C_MT,camourflage_01119.jpg,0.05558135360479355
SINet/S2C_MT,camourflage_01120.jpg,0.05436728149652481
SINet/S2C_MT,camourflage_01121.jpg,0.0922168493270874
SINet/S2C_MT,camourflage_01123.jpg,0.2599141597747803
SINet/S2C_MT,camourflage_01124.jpg,0.13129952549934387
SINet/S2C_MT,camourflage_01125.jpg,0.060619622468948364
SINet/S2C_MT,camourflage_01127.jpg,0.12105127424001694
SINet/S2C_MT,camourflage_01129.jpg,0.09408716857433319
SINet/S2C_MT,camourflage_01130.jpg,0.06456098705530167
SINet/S2C_MT,camourflage_01134.jpg,0.06030808761715889
SINet/S2C_MT,camourflage_01136.jpg,0.1508740782737732
SINet/S2C_MT,camourflage_01138.jpg,0.16385990381240845
SINet/S2C_MT,camourflage_01142.jpg,0.04495203495025635
SINet/S2C_MT,camourflage_01146.jpg,0.14885637164115906
SINet/S2C_MT,camourflage_01147.jpg,0.1216171532869339
SINet/S2C_MT,camourflage_01149.jpg,0.03858700394630432
SINet/S2C_MT,camourflage_01152.jpg,0.11759670078754425
SINet/S2C_MT,camourflage_01153.jpg,0.17763929069042206
SINet/S2C_MT,camourflage_01155.jpg,0.0791354849934578
SINet/S2C_MT,camourflage_01157.jpg,0.07706841826438904
SINet/S2C_MT,camourflage_01160.jpg,0.05321545898914337
SINet/S2C_MT,camourflage_01162.jpg,0.03913145139813423
SINet/S2C_MT,camourflage_01166.jpg,0.030770424753427505
SINet/S2C_MT,camourflage_01167.jpg,0.07378062605857849
SINet/S2C_MT,camourflage_01169.jpg,0.08191103488206863
SINet/S2C_MT,camourflage_01171.jpg,0.041452664881944656
SINet/S2C_MT,camourflage_01173.jpg,0.08345473557710648
SINet/S2C_MT,camourflage_01174.jpg,0.08259616792201996
SINet/S2C_MT,camourflage_01176.jpg,0.07085417211055756
SINet/S2C_MT,camourflage_01178.jpg,0.06275059282779694
SINet/S2C_MT,camourflage_01184.jpg,0.030933281406760216
SINet/S2C_MT,camourflage_01186.jpg,0.13657821714878082
SINet/S2C_MT,camourflage_01187.jpg,0.1452244073152542
SINet/S2C_MT,camourflage_01191.jpg,0.17074644565582275
SINet/S2C_MT,camourflage_01197.jpg,0.06710611283779144
SINet/S2C_MT,camourflage_01198.jpg,0.12744945287704468
SINet/S2C_MT,camourflage_01201.jpg,0.07494184374809265
SINet/S2C_MT,camourflage_01202.jpg,0.049299128353595734
SINet/S2C_MT,camourflage_01203.jpg,0.035545460879802704
SINet/S2C_MT,camourflage_01204.jpg,0.044313035905361176
SINet/S2C_MT,camourflage_01206.jpg,0.20665094256401062
SINet/S2C_MT,camourflage_01207.jpg,0.04058322310447693
SINet/S2C_MT,camourflage_01209.jpg,0.048251859843730927
SINet/S2C_MT,camourflage_01212.jpg,0.057068582624197006
SINet/S2C_MT,camourflage_01213.jpg,0.04911499470472336
SINet/S2C_MT,camourflage_01214.jpg,0.022782661020755768
SINet/S2C_MT,camourflage_01215.jpg,0.0384209044277668
SINet/S2C_MT,camourflage_01216.jpg,0.03005092963576317
SINet/S2C_MT,camourflage_01218.jpg,0.05177699774503708
SINet/S2C_MT,camourflage_01219.jpg,0.06468941271305084
SINet/S2C_MT,camourflage_01220.jpg,0.054900385439395905
SINet/S2C_MT,camourflage_01221.jpg,0.04464603215456009
SINet/S2C_MT,camourflage_01222.jpg,0.0358540304005146
SINet/S2C_MT,camourflage_01223.jpg,0.0699879601597786
SINet/S2C_MT,camourflage_01224.jpg,0.13881415128707886
SINet/S2C_MT,camourflage_01225.jpg,0.059749893844127655
SINet/S2C_MT,camourflage_01226.jpg,0.05582635849714279
SINet/S2C_MT,camourflage_01227.jpg,0.04282323271036148
SINet/S2C_MT,camourflage_01228.jpg,0.02130742184817791
SINet/S2C_MT,camourflage_01229.jpg,0.12749649584293365
SINet/S2C_MT,camourflage_01230.jpg,0.06052263081073761
SINet/S2C_MT,camourflage_01231.jpg,0.05397484451532364
SINet/S2C_MT,camourflage_01232.jpg,0.1374196708202362
SINet/S2C_MT,camourflage_01233.jpg,0.14474496245384216
SINet/S2C_MT,camourflage_01234.jpg,0.10384172201156616
SINet/S2C_MT,camourflage_01236.jpg,0.034925006330013275
SINet/S2C_MT,camourflage_01237.jpg,0.04933560639619827
SINet/S2C_MT,camourflage_01238.jpg,0.02703050523996353
SINet/S2C_MT,camourflage_01239.jpg,0.09534378349781036
SINet/S2C_MT,camourflage_01241.jpg,0.03040202707052231
SINet/S2C_MT,camourflage_01246.jpg,0.046725574880838394
SINet/S2C_MT,camourflage_01248.jpg,0.08477257192134857
SINet/S2C_MT,camourflage_01249.jpg,0.0477483831346035
