arch,name,es
SINet/S2C_SO,COD10K-CAM-1-Aquatic-1-BatFish-1.jpg,0.21031440794467926
SINet/S2C_SO,COD10K-CAM-1-Aquatic-1-BatFish-3.jpg,0.17307844758033752
SINet/S2C_SO,COD10K-CAM-1-Aquatic-1-BatFish-7.jpg,0.4595387279987335
SINet/S2C_SO,COD10K-CAM-1-Aquatic-1-BatFish-8.jpg,0.041734687983989716
SINet/S2C_SO,COD10K-CAM-1-Aquatic-1-BatFish-9.jpg,0.023005276918411255
SINet/S2C_SO,COD10K-CAM-1-Aquatic-10-LeafySeaDragon-415.jpg,0.09815585613250732
SINet/S2C_SO,COD10K-CAM-1-Aquatic-10-LeafySeaDragon-417.jpg,0.06326352804899216
SINet/S2C_SO,COD10K-CAM-1-Aquatic-10-LeafySeaDragon-418.jpg,0.07235413044691086
SINet/S2C_SO,COD10K-CAM-1-Aquatic-10-LeafySeaDragon-420.jpg,0.03682691603899002
SINet/S2C_SO,COD10K-CAM-1-Aquatic-10-LeafySeaDragon-421.jpg,0.19029617309570312
SINet/S2C_SO,COD10K-CAM-1-Aquatic-10-LeafySeaDragon-424.jpg,0.13368982076644897
SINet/S2C_SO,COD10K-CAM-1-Aquatic-10-LeafySeaDragon-425.jpg,0.1046525090932846
SINet/S2C_SO,COD10K-CAM-1-Aquatic-10-LeafySeaDragon-426.jpg,0.13087865710258484
SINet/S2C_SO,COD10K-CAM-1-Aquatic-10-LeafySeaDragon-427.jpg,0.12167640030384064
SINet/S2C_SO,COD10K-CAM-1-Aquatic-10-LeafySeaDragon-428.jpg,0.014249609783291817
SINet/S2C_SO,COD10K-CAM-1-Aquatic-11-Octopus-431.jpg,0.40852099657058716
SINet/S2C_SO,COD10K-CAM-1-Aquatic-11-Octopus-432.jpg,0.5819613337516785
SINet/S2C_SO,COD10K-CAM-1-Aquatic-11-Octopus-433.jpg,0.23911267518997192
SINet/S2C_SO,COD10K-CAM-1-Aquatic-11-Octopus-434.jpg,0.3957570791244507
SINet/S2C_SO,COD10K-CAM-1-Aquatic-11-Octopus-435.jpg,0.2546526789665222
SINet/S2C_SO,COD10K-CAM-1-Aquatic-11-Octopus-438.jpg,0.24517381191253662
SINet/S2C_SO,COD10K-CAM-1-Aquatic-11-Octopus-439.jpg,0.3242018520832062
SINet/S2C_SO,COD10K-CAM-1-Aquatic-11-Octopus-440.jpg,0.8856202960014343
SINet/S2C_SO,COD10K-CAM-1-Aquatic-11-Octopus-442.jpg,0.06723718345165253
SINet/S2C_SO,COD10K-CAM-1-Aquatic-11-Octopus-443.jpg,0.44656771421432495
SINet/S2C_SO,COD10K-CAM-1-Aquatic-11-Octopus-446.jpg,0.012482213787734509
SINet/S2C_SO,COD10K-CAM-1-Aquatic-11-Octopus-448.jpg,0.11323081701993942
SINet/S2C_SO,COD10K-CAM-1-Aquatic-11-Octopus-449.jpg,0.31716036796569824
SINet/S2C_SO,COD10K-CAM-1-Aquatic-11-Octopus-450.jpg,0.3346516788005829
SINet/S2C_SO,COD10K-CAM-1-Aquatic-11-Octopus-455.jpg,0.586556613445282
SINet/S2C_SO,COD10K-CAM-1-Aquatic-11-Octopus-456.jpg,0.03484054282307625
SINet/S2C_SO,COD10K-CAM-1-Aquatic-11-Octopus-457.jpg,0.14902658760547638
SINet/S2C_SO,COD10K-CAM-1-Aquatic-11-Octopus-459.jpg,0.26168107986450195
SINet/S2C_SO,COD10K-CAM-1-Aquatic-11-Octopus-460.jpg,0.03340337425470352
SINet/S2C_SO,COD10K-CAM-1-Aquatic-11-Octopus-461.jpg,0.1294638067483902
SINet/S2C_SO,COD10K-CAM-1-Aquatic-11-Octopus-467.jpg,0.38568446040153503
SINet/S2C_SO,COD10K-CAM-1-Aquatic-11-Octopus-469.jpg,0.22143986821174622
SINet/S2C_SO,COD10K-CAM-1-Aquatic-11-Octopus-470.jpg,0.35534608364105225
SINet/S2C_SO,COD10K-CAM-1-Aquatic-12-Pagurian-475.jpg,0.2843262851238251
SINet/S2C_SO,COD10K-CAM-1-Aquatic-12-Pagurian-476.jpg,0.23261256515979767
SINet/S2C_SO,COD10K-CAM-1-Aquatic-12-Pagurian-477.jpg,0.403714656829834
SINet/S2C_SO,COD10K-CAM-1-Aquatic-12-Pagurian-478.jpg,0.16893385350704193
SINet/S2C_SO,COD10K-CAM-1-Aquatic-12-Pagurian-479.jpg,0.04229651764035225
SINet/S2C_SO,COD10K-CAM-1-Aquatic-12-Pagurian-480.jpg,0.15577898919582367
SINet/S2C_SO,COD10K-CAM-1-Aquatic-12-Pagurian-485.jpg,0.05480477586388588
SINet/S2C_SO,COD10K-CAM-1-Aquatic-13-Pipefish-487.jpg,1.1834986209869385
SINet/S2C_SO,COD10K-CAM-1-Aquatic-13-Pipefish-489.jpg,0.4004691541194916
SINet/S2C_SO,COD10K-CAM-1-Aquatic-13-Pipefish-491.jpg,0.13332435488700867
SINet/S2C_SO,COD10K-CAM-1-Aquatic-13-Pipefish-493.jpg,0.04599621519446373
SINet/S2C_SO,COD10K-CAM-1-Aquatic-13-Pipefish-494.jpg,0.09623080492019653
SINet/S2C_SO,COD10K-CAM-1-Aquatic-13-Pipefish-495.jpg,0.1750386357307434
SINet/S2C_SO,COD10K-CAM-1-Aquatic-13-Pipefish-498.jpg,0.14961546659469604
SINet/S2C_SO,COD10K-CAM-1-Aquatic-13-Pipefish-499.jpg,0.19260968267917633
SINet/S2C_SO,COD10K-CAM-1-Aquatic-13-Pipefish-504.jpg,0.3650573194026947
SINet/S2C_SO,COD10K-CAM-1-Aquatic-13-Pipefish-505.jpg,0.15948694944381714
SINet/S2C_SO,COD10K-CAM-1-Aquatic-13-Pipefish-506.jpg,0.25224536657333374
SINet/S2C_SO,COD10K-CAM-1-Aquatic-13-Pipefish-507.jpg,0.08134988695383072
SINet/S2C_SO,COD10K-CAM-1-Aquatic-13-Pipefish-509.jpg,0.04367095232009888
SINet/S2C_SO,COD10K-CAM-1-Aquatic-13-Pipefish-511.jpg,0.12542477250099182
SINet/S2C_SO,COD10K-CAM-1-Aquatic-13-Pipefish-512.jpg,0.20820362865924835
SINet/S2C_SO,COD10K-CAM-1-Aquatic-13-Pipefish-513.jpg,0.15475597977638245
SINet/S2C_SO,COD10K-CAM-1-Aquatic-13-Pipefish-514.jpg,0.49044424295425415
SINet/S2C_SO,COD10K-CAM-1-Aquatic-13-Pipefish-516.jpg,0.14119461178779602
SINet/S2C_SO,COD10K-CAM-1-Aquatic-13-Pipefish-519.jpg,0.19823597371578217
SINet/S2C_SO,COD10K-CAM-1-Aquatic-13-Pipefish-523.jpg,0.22581368684768677
SINet/S2C_SO,COD10K-CAM-1-Aquatic-13-Pipefish-524.jpg,0.14192914962768555
SINet/S2C_SO,COD10K-CAM-1-Aquatic-13-Pipefish-525.jpg,0.2985885739326477
SINet/S2C_SO,COD10K-CAM-1-Aquatic-13-Pipefish-526.jpg,0.25176000595092773
SINet/S2C_SO,COD10K-CAM-1-Aquatic-13-Pipefish-530.jpg,0.3080440163612366
SINet/S2C_SO,COD10K-CAM-1-Aquatic-13-Pipefish-533.jpg,0.02530296891927719
SINet/S2C_SO,COD10K-CAM-1-Aquatic-13-Pipefish-538.jpg,0.1465604603290558
SINet/S2C_SO,COD10K-CAM-1-Aquatic-13-Pipefish-540.jpg,0.0868208259344101
SINet/S2C_SO,COD10K-CAM-1-Aquatic-13-Pipefish-541.jpg,0.06078203022480011
SINet/S2C_SO,COD10K-CAM-1-Aquatic-13-Pipefish-543.jpg,0.06833736598491669
SINet/S2C_SO,COD10K-CAM-1-Aquatic-13-Pipefish-545.jpg,0.1680191457271576
SINet/S2C_SO,COD10K-CAM-1-Aquatic-13-Pipefish-548.jpg,0.3494874835014343
SINet/S2C_SO,COD10K-CAM-1-Aquatic-13-Pipefish-550.jpg,0.20509245991706848
SINet/S2C_SO,COD10K-CAM-1-Aquatic-13-Pipefish-551.jpg,0.010483752004802227
SINet/S2C_SO,COD10K-CAM-1-Aquatic-13-Pipefish-552.jpg,0.10627183318138123
SINet/S2C_SO,COD10K-CAM-1-Aquatic-13-Pipefish-553.jpg,0.42819198966026306
SINet/S2C_SO,COD10K-CAM-1-Aquatic-13-Pipefish-555.jpg,0.24080762267112732
SINet/S2C_SO,COD10K-CAM-1-Aquatic-13-Pipefish-558.jpg,0.05084327608346939
SINet/S2C_SO,COD10K-CAM-1-Aquatic-13-Pipefish-561.jpg,0.09324078261852264
SINet/S2C_SO,COD10K-CAM-1-Aquatic-13-Pipefish-562.jpg,0.5962343215942383
SINet/S2C_SO,COD10K-CAM-1-Aquatic-13-Pipefish-564.jpg,0.02155889756977558
SINet/S2C_SO,COD10K-CAM-1-Aquatic-13-Pipefish-565.jpg,0.6324669122695923
SINet/S2C_SO,COD10K-CAM-1-Aquatic-13-Pipefish-569.jpg,0.16062825918197632
SINet/S2C_SO,COD10K-CAM-1-Aquatic-13-Pipefish-572.jpg,0.04616033285856247
SINet/S2C_SO,COD10K-CAM-1-Aquatic-13-Pipefish-574.jpg,0.06795839220285416
SINet/S2C_SO,COD10K-CAM-1-Aquatic-13-Pipefish-575.jpg,0.313279926776886
SINet/S2C_SO,COD10K-CAM-1-Aquatic-13-Pipefish-578.jpg,0.041760124266147614
SINet/S2C_SO,COD10K-CAM-1-Aquatic-13-Pipefish-581.jpg,0.3313877284526825
SINet/S2C_SO,COD10K-CAM-1-Aquatic-13-Pipefish-584.jpg,0.13763637840747833
SINet/S2C_SO,COD10K-CAM-1-Aquatic-13-Pipefish-586.jpg,0.3245623707771301
SINet/S2C_SO,COD10K-CAM-1-Aquatic-13-Pipefish-587.jpg,0.10826998949050903
SINet/S2C_SO,COD10K-CAM-1-Aquatic-13-Pipefish-589.jpg,0.4244177043437958
SINet/S2C_SO,COD10K-CAM-1-Aquatic-13-Pipefish-592.jpg,0.04182717576622963
SINet/S2C_SO,COD10K-CAM-1-Aquatic-13-Pipefish-593.jpg,0.178596630692482
SINet/S2C_SO,COD10K-CAM-1-Aquatic-13-Pipefish-594.jpg,0.06967096030712128
SINet/S2C_SO,COD10K-CAM-1-Aquatic-13-Pipefish-595.jpg,0.015987493097782135
SINet/S2C_SO,COD10K-CAM-1-Aquatic-13-Pipefish-596.jpg,0.6570393443107605
SINet/S2C_SO,COD10K-CAM-1-Aquatic-13-Pipefish-598.jpg,0.009470997378230095
SINet/S2C_SO,COD10K-CAM-1-Aquatic-13-Pipefish-601.jpg,0.19987145066261292
SINet/S2C_SO,COD10K-CAM-1-Aquatic-13-Pipefish-603.jpg,0.09621743112802505
SINet/S2C_SO,COD10K-CAM-1-Aquatic-13-Pipefish-604.jpg,0.20754902064800262
SINet/S2C_SO,COD10K-CAM-1-Aquatic-13-Pipefish-605.jpg,0.15892741084098816
SINet/S2C_SO,COD10K-CAM-1-Aquatic-13-Pipefish-606.jpg,0.08301060646772385
SINet/S2C_SO,COD10K-CAM-1-Aquatic-13-Pipefish-607.jpg,0.9501144886016846
SINet/S2C_SO,COD10K-CAM-1-Aquatic-13-Pipefish-610.jpg,0.4772641658782959
SINet/S2C_SO,COD10K-CAM-1-Aquatic-13-Pipefish-611.jpg,1.0391044616699219
SINet/S2C_SO,COD10K-CAM-1-Aquatic-13-Pipefish-612.jpg,0.42711734771728516
SINet/S2C_SO,COD10K-CAM-1-Aquatic-13-Pipefish-613.jpg,0.4259352684020996
SINet/S2C_SO,COD10K-CAM-1-Aquatic-13-Pipefish-615.jpg,0.34669724106788635
SINet/S2C_SO,COD10K-CAM-1-Aquatic-13-Pipefish-617.jpg,0.6029961109161377
SINet/S2C_SO,COD10K-CAM-1-Aquatic-13-Pipefish-618.jpg,0.38572490215301514
SINet/S2C_SO,COD10K-CAM-1-Aquatic-13-Pipefish-619.jpg,0.19884341955184937
SINet/S2C_SO,COD10K-CAM-1-Aquatic-13-Pipefish-624.jpg,0.05241825059056282
SINet/S2C_SO,COD10K-CAM-1-Aquatic-13-Pipefish-626.jpg,0.18630939722061157
SINet/S2C_SO,COD10K-CAM-1-Aquatic-13-Pipefish-627.jpg,0.06802376359701157
SINet/S2C_SO,COD10K-CAM-1-Aquatic-13-Pipefish-628.jpg,0.04522712156176567
SINet/S2C_SO,COD10K-CAM-1-Aquatic-13-Pipefish-632.jpg,0.09648597240447998
SINet/S2C_SO,COD10K-CAM-1-Aquatic-13-Pipefish-633.jpg,0.032545849680900574
SINet/S2C_SO,COD10K-CAM-1-Aquatic-13-Pipefish-634.jpg,0.05152110010385513
SINet/S2C_SO,COD10K-CAM-1-Aquatic-13-Pipefish-638.jpg,0.46685782074928284
SINet/S2C_SO,COD10K-CAM-1-Aquatic-13-Pipefish-641.jpg,0.10489466786384583
SINet/S2C_SO,COD10K-CAM-1-Aquatic-13-Pipefish-643.jpg,0.11072295904159546
SINet/S2C_SO,COD10K-CAM-1-Aquatic-13-Pipefish-645.jpg,0.5472391843795776
SINet/S2C_SO,COD10K-CAM-1-Aquatic-13-Pipefish-646.jpg,0.2242344617843628
SINet/S2C_SO,COD10K-CAM-1-Aquatic-13-Pipefish-647.jpg,0.04604198783636093
SINet/S2C_SO,COD10K-CAM-1-Aquatic-13-Pipefish-648.jpg,0.2736395001411438
SINet/S2C_SO,COD10K-CAM-1-Aquatic-13-Pipefish-650.jpg,0.07833784818649292
SINet/S2C_SO,COD10K-CAM-1-Aquatic-13-Pipefish-651.jpg,0.1524164378643036
SINet/S2C_SO,COD10K-CAM-1-Aquatic-13-Pipefish-653.jpg,0.2057603895664215
SINet/S2C_SO,COD10K-CAM-1-Aquatic-13-Pipefish-654.jpg,0.19794631004333496
SINet/S2C_SO,COD10K-CAM-1-Aquatic-13-Pipefish-656.jpg,0.28216055035591125
SINet/S2C_SO,COD10K-CAM-1-Aquatic-13-Pipefish-657.jpg,0.5270682573318481
SINet/S2C_SO,COD10K-CAM-1-Aquatic-13-Pipefish-658.jpg,0.08665916323661804
SINet/S2C_SO,COD10K-CAM-1-Aquatic-13-Pipefish-659.jpg,0.3216356933116913
SINet/S2C_SO,COD10K-CAM-1-Aquatic-13-Pipefish-660.jpg,0.16051751375198364
SINet/S2C_SO,COD10K-CAM-1-Aquatic-13-Pipefish-663.jpg,0.08424366265535355
SINet/S2C_SO,COD10K-CAM-1-Aquatic-13-Pipefish-665.jpg,0.0911668986082077
SINet/S2C_SO,COD10K-CAM-1-Aquatic-13-Pipefish-666.jpg,0.12755757570266724
SINet/S2C_SO,COD10K-CAM-1-Aquatic-13-Pipefish-670.jpg,0.23105674982070923
SINet/S2C_SO,COD10K-CAM-1-Aquatic-13-Pipefish-671.jpg,0.5264204740524292
SINet/S2C_SO,COD10K-CAM-1-Aquatic-13-Pipefish-672.jpg,0.040540020912885666
SINet/S2C_SO,COD10K-CAM-1-Aquatic-13-Pipefish-673.jpg,0.0666542500257492
SINet/S2C_SO,COD10K-CAM-1-Aquatic-13-Pipefish-674.jpg,0.11759050190448761
SINet/S2C_SO,COD10K-CAM-1-Aquatic-13-Pipefish-675.jpg,0.5087994337081909
SINet/S2C_SO,COD10K-CAM-1-Aquatic-13-Pipefish-677.jpg,0.11551645398139954
SINet/S2C_SO,COD10K-CAM-1-Aquatic-13-Pipefish-678.jpg,0.5075067281723022
SINet/S2C_SO,COD10K-CAM-1-Aquatic-13-Pipefish-680.jpg,0.09395162761211395
SINet/S2C_SO,COD10K-CAM-1-Aquatic-13-Pipefish-682.jpg,0.04036693274974823
SINet/S2C_SO,COD10K-CAM-1-Aquatic-13-Pipefish-687.jpg,0.35914501547813416
SINet/S2C_SO,COD10K-CAM-1-Aquatic-13-Pipefish-690.jpg,0.11602985858917236
SINet/S2C_SO,COD10K-CAM-1-Aquatic-13-Pipefish-692.jpg,0.08732425421476364
SINet/S2C_SO,COD10K-CAM-1-Aquatic-13-Pipefish-694.jpg,0.4325277805328369
SINet/S2C_SO,COD10K-CAM-1-Aquatic-13-Pipefish-695.jpg,0.471686452627182
SINet/S2C_SO,COD10K-CAM-1-Aquatic-13-Pipefish-697.jpg,0.17405205965042114
SINet/S2C_SO,COD10K-CAM-1-Aquatic-13-Pipefish-698.jpg,0.2713378667831421
SINet/S2C_SO,COD10K-CAM-1-Aquatic-13-Pipefish-699.jpg,0.31539642810821533
SINet/S2C_SO,COD10K-CAM-1-Aquatic-13-Pipefish-700.jpg,0.1732809990644455
SINet/S2C_SO,COD10K-CAM-1-Aquatic-13-Pipefish-701.jpg,0.2736975848674774
SINet/S2C_SO,COD10K-CAM-1-Aquatic-13-Pipefish-702.jpg,0.24043120443820953
SINet/S2C_SO,COD10K-CAM-1-Aquatic-13-Pipefish-703.jpg,0.0057020531967282295
SINet/S2C_SO,COD10K-CAM-1-Aquatic-13-Pipefish-704.jpg,0.09791162610054016
SINet/S2C_SO,COD10K-CAM-1-Aquatic-13-Pipefish-706.jpg,0.29007813334465027
SINet/S2C_SO,COD10K-CAM-1-Aquatic-13-Pipefish-708.jpg,0.003486360190436244
SINet/S2C_SO,COD10K-CAM-1-Aquatic-13-Pipefish-710.jpg,0.28990674018859863
SINet/S2C_SO,COD10K-CAM-1-Aquatic-13-Pipefish-711.jpg,0.15364983677864075
SINet/S2C_SO,COD10K-CAM-1-Aquatic-13-Pipefish-712.jpg,1.0864328145980835
SINet/S2C_SO,COD10K-CAM-1-Aquatic-13-Pipefish-714.jpg,0.314644992351532
SINet/S2C_SO,COD10K-CAM-1-Aquatic-13-Pipefish-715.jpg,0.12253012508153915
SINet/S2C_SO,COD10K-CAM-1-Aquatic-13-Pipefish-716.jpg,0.3759689927101135
SINet/S2C_SO,COD10K-CAM-1-Aquatic-13-Pipefish-718.jpg,0.24669772386550903
SINet/S2C_SO,COD10K-CAM-1-Aquatic-13-Pipefish-719.jpg,0.4656579792499542
SINet/S2C_SO,COD10K-CAM-1-Aquatic-13-Pipefish-720.jpg,0.08377255499362946
SINet/S2C_SO,COD10K-CAM-1-Aquatic-13-Pipefish-722.jpg,0.15757450461387634
SINet/S2C_SO,COD10K-CAM-1-Aquatic-13-Pipefish-723.jpg,0.2246062457561493
SINet/S2C_SO,COD10K-CAM-1-Aquatic-13-Pipefish-724.jpg,0.08383242785930634
SINet/S2C_SO,COD10K-CAM-1-Aquatic-13-Pipefish-725.jpg,0.5471904873847961
SINet/S2C_SO,COD10K-CAM-1-Aquatic-13-Pipefish-727.jpg,0.07563444972038269
SINet/S2C_SO,COD10K-CAM-1-Aquatic-13-Pipefish-731.jpg,0.196453258395195
SINet/S2C_SO,COD10K-CAM-1-Aquatic-13-Pipefish-733.jpg,0.02859974279999733
SINet/S2C_SO,COD10K-CAM-1-Aquatic-13-Pipefish-734.jpg,0.8176034688949585
SINet/S2C_SO,COD10K-CAM-1-Aquatic-13-Pipefish-735.jpg,0.4013805091381073
SINet/S2C_SO,COD10K-CAM-1-Aquatic-13-Pipefish-737.jpg,0.3745780289173126
SINet/S2C_SO,COD10K-CAM-1-Aquatic-13-Pipefish-738.jpg,0.008081605657935143
SINet/S2C_SO,COD10K-CAM-1-Aquatic-13-Pipefish-739.jpg,0.45640140771865845
SINet/S2C_SO,COD10K-CAM-1-Aquatic-13-Pipefish-740.jpg,0.44685253500938416
SINet/S2C_SO,COD10K-CAM-1-Aquatic-13-Pipefish-741.jpg,0.1838008463382721
SINet/S2C_SO,COD10K-CAM-1-Aquatic-13-Pipefish-742.jpg,0.22972719371318817
SINet/S2C_SO,COD10K-CAM-1-Aquatic-13-Pipefish-743.jpg,0.12546224892139435
SINet/S2C_SO,COD10K-CAM-1-Aquatic-13-Pipefish-744.jpg,0.6850969195365906
SINet/S2C_SO,COD10K-CAM-1-Aquatic-13-Pipefish-745.jpg,0.1261080652475357
SINet/S2C_SO,COD10K-CAM-1-Aquatic-13-Pipefish-746.jpg,0.06270454078912735
SINet/S2C_SO,COD10K-CAM-1-Aquatic-13-Pipefish-747.jpg,0.2400583177804947
SINet/S2C_SO,COD10K-CAM-1-Aquatic-13-Pipefish-751.jpg,0.45973268151283264
SINet/S2C_SO,COD10K-CAM-1-Aquatic-13-Pipefish-753.jpg,0.0940975695848465
SINet/S2C_SO,COD10K-CAM-1-Aquatic-13-Pipefish-754.jpg,0.023692812770605087
SINet/S2C_SO,COD10K-CAM-1-Aquatic-13-Pipefish-755.jpg,0.022765912115573883
SINet/S2C_SO,COD10K-CAM-1-Aquatic-13-Pipefish-756.jpg,0.031926415860652924
SINet/S2C_SO,COD10K-CAM-1-Aquatic-13-Pipefish-757.jpg,0.19436809420585632
SINet/S2C_SO,COD10K-CAM-1-Aquatic-13-Pipefish-758.jpg,0.5725816488265991
SINet/S2C_SO,COD10K-CAM-1-Aquatic-13-Pipefish-760.jpg,0.07520455121994019
SINet/S2C_SO,COD10K-CAM-1-Aquatic-13-Pipefish-761.jpg,0.053281962871551514
SINet/S2C_SO,COD10K-CAM-1-Aquatic-13-Pipefish-762.jpg,0.3098028302192688
SINet/S2C_SO,COD10K-CAM-1-Aquatic-13-Pipefish-763.jpg,0.23920774459838867
SINet/S2C_SO,COD10K-CAM-1-Aquatic-13-Pipefish-764.jpg,0.06387552618980408
SINet/S2C_SO,COD10K-CAM-1-Aquatic-13-Pipefish-765.jpg,0.368816077709198
SINet/S2C_SO,COD10K-CAM-1-Aquatic-13-Pipefish-766.jpg,0.054408006370067596
SINet/S2C_SO,COD10K-CAM-1-Aquatic-13-Pipefish-767.jpg,0.12061399221420288
SINet/S2C_SO,COD10K-CAM-1-Aquatic-13-Pipefish-768.jpg,0.04566093906760216
SINet/S2C_SO,COD10K-CAM-1-Aquatic-13-Pipefish-770.jpg,0.06629429757595062
SINet/S2C_SO,COD10K-CAM-1-Aquatic-13-Pipefish-771.jpg,0.187948539853096
SINet/S2C_SO,COD10K-CAM-1-Aquatic-13-Pipefish-773.jpg,0.7857990264892578
SINet/S2C_SO,COD10K-CAM-1-Aquatic-13-Pipefish-775.jpg,0.014263507910072803
SINet/S2C_SO,COD10K-CAM-1-Aquatic-13-Pipefish-778.jpg,0.20308423042297363
SINet/S2C_SO,COD10K-CAM-1-Aquatic-13-Pipefish-779.jpg,0.09610038995742798
SINet/S2C_SO,COD10K-CAM-1-Aquatic-13-Pipefish-780.jpg,0.3477608561515808
SINet/S2C_SO,COD10K-CAM-1-Aquatic-13-Pipefish-782.jpg,0.21196387708187103
SINet/S2C_SO,COD10K-CAM-1-Aquatic-13-Pipefish-783.jpg,0.4611887037754059
SINet/S2C_SO,COD10K-CAM-1-Aquatic-13-Pipefish-784.jpg,1.1727007627487183
SINet/S2C_SO,COD10K-CAM-1-Aquatic-13-Pipefish-785.jpg,0.6537247896194458
SINet/S2C_SO,COD10K-CAM-1-Aquatic-13-Pipefish-786.jpg,0.08501701056957245
SINet/S2C_SO,COD10K-CAM-1-Aquatic-13-Pipefish-787.jpg,0.03329334780573845
SINet/S2C_SO,COD10K-CAM-1-Aquatic-13-Pipefish-790.jpg,0.5522301197052002
SINet/S2C_SO,COD10K-CAM-1-Aquatic-13-Pipefish-791.jpg,0.0531766414642334
SINet/S2C_SO,COD10K-CAM-1-Aquatic-13-Pipefish-792.jpg,0.1653633862733841
SINet/S2C_SO,COD10K-CAM-1-Aquatic-13-Pipefish-793.jpg,0.8382824659347534
SINet/S2C_SO,COD10K-CAM-1-Aquatic-13-Pipefish-794.jpg,0.028491105884313583
SINet/S2C_SO,COD10K-CAM-1-Aquatic-13-Pipefish-796.jpg,0.12947553396224976
SINet/S2C_SO,COD10K-CAM-1-Aquatic-13-Pipefish-797.jpg,0.24229128658771515
SINet/S2C_SO,COD10K-CAM-1-Aquatic-13-Pipefish-798.jpg,0.005636824294924736
SINet/S2C_SO,COD10K-CAM-1-Aquatic-13-Pipefish-799.jpg,0.4912218451499939
SINet/S2C_SO,COD10K-CAM-1-Aquatic-13-Pipefish-801.jpg,0.012380644679069519
SINet/S2C_SO,COD10K-CAM-1-Aquatic-13-Pipefish-802.jpg,0.0484025701880455
SINet/S2C_SO,COD10K-CAM-1-Aquatic-13-Pipefish-803.jpg,0.7094702124595642
SINet/S2C_SO,COD10K-CAM-1-Aquatic-13-Pipefish-805.jpg,0.11540496349334717
SINet/S2C_SO,COD10K-CAM-1-Aquatic-13-Pipefish-806.jpg,0.07876861095428467
SINet/S2C_SO,COD10K-CAM-1-Aquatic-13-Pipefish-808.jpg,0.35884734988212585
SINet/S2C_SO,COD10K-CAM-1-Aquatic-13-Pipefish-809.jpg,0.06371299922466278
SINet/S2C_SO,COD10K-CAM-1-Aquatic-13-Pipefish-811.jpg,0.09285354614257812
SINet/S2C_SO,COD10K-CAM-1-Aquatic-13-Pipefish-812.jpg,0.028931014239788055
SINet/S2C_SO,COD10K-CAM-1-Aquatic-13-Pipefish-814.jpg,0.28358936309814453
SINet/S2C_SO,COD10K-CAM-1-Aquatic-13-Pipefish-815.jpg,0.4720495343208313
SINet/S2C_SO,COD10K-CAM-1-Aquatic-13-Pipefish-816.jpg,0.09097786247730255
SINet/S2C_SO,COD10K-CAM-1-Aquatic-13-Pipefish-817.jpg,0.0687532126903534
SINet/S2C_SO,COD10K-CAM-1-Aquatic-13-Pipefish-819.jpg,0.00894985906779766
SINet/S2C_SO,COD10K-CAM-1-Aquatic-13-Pipefish-820.jpg,0.11866128444671631
SINet/S2C_SO,COD10K-CAM-1-Aquatic-13-Pipefish-821.jpg,0.2013060450553894
SINet/S2C_SO,COD10K-CAM-1-Aquatic-13-Pipefish-822.jpg,0.4234784245491028
SINet/S2C_SO,COD10K-CAM-1-Aquatic-13-Pipefish-823.jpg,0.10349369049072266
SINet/S2C_SO,COD10K-CAM-1-Aquatic-13-Pipefish-824.jpg,0.2232343554496765
SINet/S2C_SO,COD10K-CAM-1-Aquatic-13-Pipefish-825.jpg,0.36028629541397095
SINet/S2C_SO,COD10K-CAM-1-Aquatic-13-Pipefish-827.jpg,0.03352373093366623
SINet/S2C_SO,COD10K-CAM-1-Aquatic-13-Pipefish-828.jpg,0.451130211353302
SINet/S2C_SO,COD10K-CAM-1-Aquatic-13-Pipefish-829.jpg,0.9151231646537781
SINet/S2C_SO,COD10K-CAM-1-Aquatic-13-Pipefish-831.jpg,0.38970500230789185
SINet/S2C_SO,COD10K-CAM-1-Aquatic-13-Pipefish-834.jpg,0.013913155533373356
SINet/S2C_SO,COD10K-CAM-1-Aquatic-13-Pipefish-838.jpg,0.14253011345863342
SINet/S2C_SO,COD10K-CAM-1-Aquatic-13-Pipefish-839.jpg,0.23030467331409454
SINet/S2C_SO,COD10K-CAM-1-Aquatic-13-Pipefish-840.jpg,0.202020525932312
SINet/S2C_SO,COD10K-CAM-1-Aquatic-14-ScorpionFish-846.jpg,0.28663188219070435
SINet/S2C_SO,COD10K-CAM-1-Aquatic-14-ScorpionFish-847.jpg,0.1650753915309906
SINet/S2C_SO,COD10K-CAM-1-Aquatic-14-ScorpionFish-849.jpg,0.26442086696624756
SINet/S2C_SO,COD10K-CAM-1-Aquatic-14-ScorpionFish-851.jpg,0.28333646059036255
SINet/S2C_SO,COD10K-CAM-1-Aquatic-14-ScorpionFish-852.jpg,0.29656869173049927
SINet/S2C_SO,COD10K-CAM-1-Aquatic-14-ScorpionFish-856.jpg,0.24423158168792725
SINet/S2C_SO,COD10K-CAM-1-Aquatic-14-ScorpionFish-857.jpg,0.1216302216053009
SINet/S2C_SO,COD10K-CAM-1-Aquatic-14-ScorpionFish-859.jpg,0.14077477157115936
SINet/S2C_SO,COD10K-CAM-1-Aquatic-14-ScorpionFish-860.jpg,0.28959500789642334
SINet/S2C_SO,COD10K-CAM-1-Aquatic-14-ScorpionFish-861.jpg,0.23991772532463074
SINet/S2C_SO,COD10K-CAM-1-Aquatic-14-ScorpionFish-864.jpg,0.7270770072937012
SINet/S2C_SO,COD10K-CAM-1-Aquatic-14-ScorpionFish-866.jpg,0.40339764952659607
SINet/S2C_SO,COD10K-CAM-1-Aquatic-14-ScorpionFish-870.jpg,0.183567076921463
SINet/S2C_SO,COD10K-CAM-1-Aquatic-14-ScorpionFish-871.jpg,0.04119983687996864
SINet/S2C_SO,COD10K-CAM-1-Aquatic-14-ScorpionFish-875.jpg,0.44773411750793457
SINet/S2C_SO,COD10K-CAM-1-Aquatic-14-ScorpionFish-876.jpg,0.3988092243671417
SINet/S2C_SO,COD10K-CAM-1-Aquatic-14-ScorpionFish-877.jpg,0.2802610397338867
SINet/S2C_SO,COD10K-CAM-1-Aquatic-14-ScorpionFish-878.jpg,0.20297011733055115
SINet/S2C_SO,COD10K-CAM-1-Aquatic-14-ScorpionFish-880.jpg,0.7057336568832397
SINet/S2C_SO,COD10K-CAM-1-Aquatic-14-ScorpionFish-882.jpg,0.41527432203292847
SINet/S2C_SO,COD10K-CAM-1-Aquatic-14-ScorpionFish-885.jpg,0.6710778474807739
SINet/S2C_SO,COD10K-CAM-1-Aquatic-14-ScorpionFish-886.jpg,0.29717016220092773
SINet/S2C_SO,COD10K-CAM-1-Aquatic-14-ScorpionFish-887.jpg,0.35042861104011536
SINet/S2C_SO,COD10K-CAM-1-Aquatic-14-ScorpionFish-888.jpg,0.09739513695240021
SINet/S2C_SO,COD10K-CAM-1-Aquatic-14-ScorpionFish-890.jpg,0.15030437707901
SINet/S2C_SO,COD10K-CAM-1-Aquatic-14-ScorpionFish-893.jpg,0.0006792459753341973
SINet/S2C_SO,COD10K-CAM-1-Aquatic-14-ScorpionFish-894.jpg,0.0841112956404686
SINet/S2C_SO,COD10K-CAM-1-Aquatic-14-ScorpionFish-895.jpg,0.2351108342409134
SINet/S2C_SO,COD10K-CAM-1-Aquatic-14-ScorpionFish-902.jpg,0.0013311139773577452
SINet/S2C_SO,COD10K-CAM-1-Aquatic-14-ScorpionFish-903.jpg,0.015469457022845745
SINet/S2C_SO,COD10K-CAM-1-Aquatic-14-ScorpionFish-904.jpg,0.2996772527694702
SINet/S2C_SO,COD10K-CAM-1-Aquatic-14-ScorpionFish-905.jpg,0.1781579554080963
SINet/S2C_SO,COD10K-CAM-1-Aquatic-14-ScorpionFish-908.jpg,0.041257403790950775
SINet/S2C_SO,COD10K-CAM-1-Aquatic-14-ScorpionFish-909.jpg,0.14154042303562164
SINet/S2C_SO,COD10K-CAM-1-Aquatic-14-ScorpionFish-910.jpg,0.34477657079696655
SINet/S2C_SO,COD10K-CAM-1-Aquatic-14-ScorpionFish-912.jpg,0.24884574115276337
SINet/S2C_SO,COD10K-CAM-1-Aquatic-14-ScorpionFish-913.jpg,0.3600650429725647
SINet/S2C_SO,COD10K-CAM-1-Aquatic-14-ScorpionFish-914.jpg,0.0917372852563858
SINet/S2C_SO,COD10K-CAM-1-Aquatic-14-ScorpionFish-916.jpg,0.26409682631492615
SINet/S2C_SO,COD10K-CAM-1-Aquatic-14-ScorpionFish-917.jpg,0.3638295531272888
SINet/S2C_SO,COD10K-CAM-1-Aquatic-14-ScorpionFish-920.jpg,0.3931676745414734
SINet/S2C_SO,COD10K-CAM-1-Aquatic-14-ScorpionFish-921.jpg,0.4097856879234314
SINet/S2C_SO,COD10K-CAM-1-Aquatic-14-ScorpionFish-922.jpg,0.09033262729644775
SINet/S2C_SO,COD10K-CAM-1-Aquatic-14-ScorpionFish-923.jpg,0.118101567029953
SINet/S2C_SO,COD10K-CAM-1-Aquatic-14-ScorpionFish-924.jpg,0.2241993546485901
SINet/S2C_SO,COD10K-CAM-1-Aquatic-14-ScorpionFish-925.jpg,0.26302599906921387
SINet/S2C_SO,COD10K-CAM-1-Aquatic-14-ScorpionFish-927.jpg,0.15920677781105042
SINet/S2C_SO,COD10K-CAM-1-Aquatic-14-ScorpionFish-929.jpg,0.06679388880729675
SINet/S2C_SO,COD10K-CAM-1-Aquatic-14-ScorpionFish-931.jpg,0.5157672166824341
SINet/S2C_SO,COD10K-CAM-1-Aquatic-14-ScorpionFish-932.jpg,0.1387227326631546
SINet/S2C_SO,COD10K-CAM-1-Aquatic-14-ScorpionFish-933.jpg,0.34725967049598694
SINet/S2C_SO,COD10K-CAM-1-Aquatic-14-ScorpionFish-937.jpg,0.03453264385461807
SINet/S2C_SO,COD10K-CAM-1-Aquatic-14-ScorpionFish-938.jpg,0.2707885503768921
SINet/S2C_SO,COD10K-CAM-1-Aquatic-14-ScorpionFish-941.jpg,0.06634350121021271
SINet/S2C_SO,COD10K-CAM-1-Aquatic-14-ScorpionFish-942.jpg,0.34020137786865234
SINet/S2C_SO,COD10K-CAM-1-Aquatic-14-ScorpionFish-944.jpg,0.333256334066391
SINet/S2C_SO,COD10K-CAM-1-Aquatic-14-ScorpionFish-946.jpg,0.49137699604034424
SINet/S2C_SO,COD10K-CAM-1-Aquatic-14-ScorpionFish-947.jpg,0.2702195942401886
SINet/S2C_SO,COD10K-CAM-1-Aquatic-14-ScorpionFish-948.jpg,0.679755449295044
SINet/S2C_SO,COD10K-CAM-1-Aquatic-14-ScorpionFish-949.jpg,0.04448197782039642
SINet/S2C_SO,COD10K-CAM-1-Aquatic-14-ScorpionFish-951.jpg,0.36795005202293396
SINet/S2C_SO,COD10K-CAM-1-Aquatic-14-ScorpionFish-952.jpg,0.3188649117946625
SINet/S2C_SO,COD10K-CAM-1-Aquatic-14-ScorpionFish-953.jpg,0.2060348093509674
SINet/S2C_SO,COD10K-CAM-1-Aquatic-14-ScorpionFish-955.jpg,0.3177493214607239
SINet/S2C_SO,COD10K-CAM-1-Aquatic-14-ScorpionFish-956.jpg,0.4164274036884308
SINet/S2C_SO,COD10K-CAM-1-Aquatic-14-ScorpionFish-957.jpg,0.3439250886440277
SINet/S2C_SO,COD10K-CAM-1-Aquatic-14-ScorpionFish-958.jpg,0.08193420618772507
SINet/S2C_SO,COD10K-CAM-1-Aquatic-15-SeaHorse-1000.jpg,0.05199303850531578
SINet/S2C_SO,COD10K-CAM-1-Aquatic-15-SeaHorse-1001.jpg,0.3827074468135834
SINet/S2C_SO,COD10K-CAM-1-Aquatic-15-SeaHorse-1005.jpg,0.4958910644054413
SINet/S2C_SO,COD10K-CAM-1-Aquatic-15-SeaHorse-1007.jpg,0.5151010751724243
SINet/S2C_SO,COD10K-CAM-1-Aquatic-15-SeaHorse-1008.jpg,0.021550053730607033
SINet/S2C_SO,COD10K-CAM-1-Aquatic-15-SeaHorse-1009.jpg,0.029245611280202866
SINet/S2C_SO,COD10K-CAM-1-Aquatic-15-SeaHorse-1011.jpg,0.36736154556274414
SINet/S2C_SO,COD10K-CAM-1-Aquatic-15-SeaHorse-1016.jpg,0.576092541217804
SINet/S2C_SO,COD10K-CAM-1-Aquatic-15-SeaHorse-1017.jpg,0.31357336044311523
SINet/S2C_SO,COD10K-CAM-1-Aquatic-15-SeaHorse-1018.jpg,0.15274003148078918
SINet/S2C_SO,COD10K-CAM-1-Aquatic-15-SeaHorse-1019.jpg,0.21764832735061646
SINet/S2C_SO,COD10K-CAM-1-Aquatic-15-SeaHorse-1020.jpg,0.0851718857884407
SINet/S2C_SO,COD10K-CAM-1-Aquatic-15-SeaHorse-1021.jpg,0.17066797614097595
SINet/S2C_SO,COD10K-CAM-1-Aquatic-15-SeaHorse-1024.jpg,0.012399937957525253
SINet/S2C_SO,COD10K-CAM-1-Aquatic-15-SeaHorse-1025.jpg,0.0205732062458992
SINet/S2C_SO,COD10K-CAM-1-Aquatic-15-SeaHorse-1026.jpg,0.36262667179107666
SINet/S2C_SO,COD10K-CAM-1-Aquatic-15-SeaHorse-1027.jpg,0.048762112855911255
SINet/S2C_SO,COD10K-CAM-1-Aquatic-15-SeaHorse-1028.jpg,0.1728718876838684
SINet/S2C_SO,COD10K-CAM-1-Aquatic-15-SeaHorse-1029.jpg,0.163052037358284
SINet/S2C_SO,COD10K-CAM-1-Aquatic-15-SeaHorse-1030.jpg,0.19868136942386627
SINet/S2C_SO,COD10K-CAM-1-Aquatic-15-SeaHorse-1031.jpg,0.029893096536397934
SINet/S2C_SO,COD10K-CAM-1-Aquatic-15-SeaHorse-1033.jpg,0.20870360732078552
SINet/S2C_SO,COD10K-CAM-1-Aquatic-15-SeaHorse-1034.jpg,0.26628434658050537
SINet/S2C_SO,COD10K-CAM-1-Aquatic-15-SeaHorse-1036.jpg,0.047908030450344086
SINet/S2C_SO,COD10K-CAM-1-Aquatic-15-SeaHorse-1037.jpg,0.4101102948188782
SINet/S2C_SO,COD10K-CAM-1-Aquatic-15-SeaHorse-1038.jpg,0.21500220894813538
SINet/S2C_SO,COD10K-CAM-1-Aquatic-15-SeaHorse-1039.jpg,0.3791620135307312
SINet/S2C_SO,COD10K-CAM-1-Aquatic-15-SeaHorse-1040.jpg,0.22442376613616943
SINet/S2C_SO,COD10K-CAM-1-Aquatic-15-SeaHorse-1041.jpg,0.041548311710357666
SINet/S2C_SO,COD10K-CAM-1-Aquatic-15-SeaHorse-1042.jpg,0.1398584544658661
SINet/S2C_SO,COD10K-CAM-1-Aquatic-15-SeaHorse-1045.jpg,0.6733496189117432
SINet/S2C_SO,COD10K-CAM-1-Aquatic-15-SeaHorse-1046.jpg,0.1367921531200409
SINet/S2C_SO,COD10K-CAM-1-Aquatic-15-SeaHorse-1049.jpg,0.17490647733211517
SINet/S2C_SO,COD10K-CAM-1-Aquatic-15-SeaHorse-1050.jpg,0.577694296836853
SINet/S2C_SO,COD10K-CAM-1-Aquatic-15-SeaHorse-1051.jpg,0.17435865104198456
SINet/S2C_SO,COD10K-CAM-1-Aquatic-15-SeaHorse-1053.jpg,0.7801232933998108
SINet/S2C_SO,COD10K-CAM-1-Aquatic-15-SeaHorse-1054.jpg,0.402815043926239
SINet/S2C_SO,COD10K-CAM-1-Aquatic-15-SeaHorse-1055.jpg,0.5076404213905334
SINet/S2C_SO,COD10K-CAM-1-Aquatic-15-SeaHorse-1056.jpg,0.6487376689910889
SINet/S2C_SO,COD10K-CAM-1-Aquatic-15-SeaHorse-1058.jpg,0.09502062201499939
SINet/S2C_SO,COD10K-CAM-1-Aquatic-15-SeaHorse-1059.jpg,0.2900512218475342
SINet/S2C_SO,COD10K-CAM-1-Aquatic-15-SeaHorse-1060.jpg,0.11267666518688202
SINet/S2C_SO,COD10K-CAM-1-Aquatic-15-SeaHorse-1061.jpg,0.1211245208978653
SINet/S2C_SO,COD10K-CAM-1-Aquatic-15-SeaHorse-1062.jpg,0.37076812982559204
SINet/S2C_SO,COD10K-CAM-1-Aquatic-15-SeaHorse-1064.jpg,0.21038497984409332
SINet/S2C_SO,COD10K-CAM-1-Aquatic-15-SeaHorse-1065.jpg,0.13780179619789124
SINet/S2C_SO,COD10K-CAM-1-Aquatic-15-SeaHorse-1068.jpg,0.025147195905447006
SINet/S2C_SO,COD10K-CAM-1-Aquatic-15-SeaHorse-1072.jpg,0.49827849864959717
SINet/S2C_SO,COD10K-CAM-1-Aquatic-15-SeaHorse-1073.jpg,0.42950260639190674
SINet/S2C_SO,COD10K-CAM-1-Aquatic-15-SeaHorse-1075.jpg,0.27102911472320557
SINet/S2C_SO,COD10K-CAM-1-Aquatic-15-SeaHorse-1077.jpg,0.2836892902851105
SINet/S2C_SO,COD10K-CAM-1-Aquatic-15-SeaHorse-1079.jpg,0.42879483103752136
SINet/S2C_SO,COD10K-CAM-1-Aquatic-15-SeaHorse-1080.jpg,0.41242125630378723
SINet/S2C_SO,COD10K-CAM-1-Aquatic-15-SeaHorse-1081.jpg,0.38615676760673523
SINet/S2C_SO,COD10K-CAM-1-Aquatic-15-SeaHorse-1082.jpg,0.6963879466056824
SINet/S2C_SO,COD10K-CAM-1-Aquatic-15-SeaHorse-1084.jpg,0.15146538615226746
SINet/S2C_SO,COD10K-CAM-1-Aquatic-15-SeaHorse-1087.jpg,0.2438918650150299
SINet/S2C_SO,COD10K-CAM-1-Aquatic-15-SeaHorse-1089.jpg,0.29716864228248596
SINet/S2C_SO,COD10K-CAM-1-Aquatic-15-SeaHorse-1090.jpg,0.2825688421726227
SINet/S2C_SO,COD10K-CAM-1-Aquatic-15-SeaHorse-1091.jpg,0.11715924739837646
SINet/S2C_SO,COD10K-CAM-1-Aquatic-15-SeaHorse-1093.jpg,0.11939524859189987
SINet/S2C_SO,COD10K-CAM-1-Aquatic-15-SeaHorse-1094.jpg,0.15308889746665955
SINet/S2C_SO,COD10K-CAM-1-Aquatic-15-SeaHorse-1095.jpg,0.1638616919517517
SINet/S2C_SO,COD10K-CAM-1-Aquatic-15-SeaHorse-1097.jpg,0.09637655317783356
SINet/S2C_SO,COD10K-CAM-1-Aquatic-15-SeaHorse-1098.jpg,0.8826471567153931
SINet/S2C_SO,COD10K-CAM-1-Aquatic-15-SeaHorse-1100.jpg,0.2221607267856598
SINet/S2C_SO,COD10K-CAM-1-Aquatic-15-SeaHorse-1101.jpg,0.07717856764793396
SINet/S2C_SO,COD10K-CAM-1-Aquatic-15-SeaHorse-1102.jpg,0.4041236639022827
SINet/S2C_SO,COD10K-CAM-1-Aquatic-15-SeaHorse-1103.jpg,0.30356770753860474
SINet/S2C_SO,COD10K-CAM-1-Aquatic-15-SeaHorse-1104.jpg,0.4839712381362915
SINet/S2C_SO,COD10K-CAM-1-Aquatic-15-SeaHorse-1106.jpg,0.07220758497714996
SINet/S2C_SO,COD10K-CAM-1-Aquatic-15-SeaHorse-1107.jpg,0.03058002144098282
SINet/S2C_SO,COD10K-CAM-1-Aquatic-15-SeaHorse-1108.jpg,0.6875442266464233
SINet/S2C_SO,COD10K-CAM-1-Aquatic-15-SeaHorse-1111.jpg,0.5187059044837952
SINet/S2C_SO,COD10K-CAM-1-Aquatic-15-SeaHorse-1112.jpg,0.1387028694152832
SINet/S2C_SO,COD10K-CAM-1-Aquatic-15-SeaHorse-959.jpg,0.12071554362773895
SINet/S2C_SO,COD10K-CAM-1-Aquatic-15-SeaHorse-960.jpg,0.576440691947937
SINet/S2C_SO,COD10K-CAM-1-Aquatic-15-SeaHorse-961.jpg,0.25934797525405884
SINet/S2C_SO,COD10K-CAM-1-Aquatic-15-SeaHorse-964.jpg,0.2128206193447113
SINet/S2C_SO,COD10K-CAM-1-Aquatic-15-SeaHorse-965.jpg,0.12760694324970245
SINet/S2C_SO,COD10K-CAM-1-Aquatic-15-SeaHorse-967.jpg,0.5695679783821106
SINet/S2C_SO,COD10K-CAM-1-Aquatic-15-SeaHorse-968.jpg,0.07344572246074677
SINet/S2C_SO,COD10K-CAM-1-Aquatic-15-SeaHorse-969.jpg,0.18497152626514435
SINet/S2C_SO,COD10K-CAM-1-Aquatic-15-SeaHorse-970.jpg,0.6578630805015564
SINet/S2C_SO,COD10K-CAM-1-Aquatic-15-SeaHorse-971.jpg,0.06307419389486313
SINet/S2C_SO,COD10K-CAM-1-Aquatic-15-SeaHorse-973.jpg,0.08077587932348251
SINet/S2C_SO,COD10K-CAM-1-Aquatic-15-SeaHorse-974.jpg,0.04042552411556244
SINet/S2C_SO,COD10K-CAM-1-Aquatic-15-SeaHorse-975.jpg,0.1552806943655014
SINet/S2C_SO,COD10K-CAM-1-Aquatic-15-SeaHorse-976.jpg,0.24760717153549194
SINet/S2C_SO,COD10K-CAM-1-Aquatic-15-SeaHorse-979.jpg,0.3907255232334137
SINet/S2C_SO,COD10K-CAM-1-Aquatic-15-SeaHorse-982.jpg,0.02975590154528618
SINet/S2C_SO,COD10K-CAM-1-Aquatic-15-SeaHorse-985.jpg,0.21341514587402344
SINet/S2C_SO,COD10K-CAM-1-Aquatic-15-SeaHorse-987.jpg,0.15031325817108154
SINet/S2C_SO,COD10K-CAM-1-Aquatic-15-SeaHorse-988.jpg,0.017805039882659912
SINet/S2C_SO,COD10K-CAM-1-Aquatic-15-SeaHorse-991.jpg,0.2961612641811371
SINet/S2C_SO,COD10K-CAM-1-Aquatic-15-SeaHorse-993.jpg,0.1096595898270607
SINet/S2C_SO,COD10K-CAM-1-Aquatic-15-SeaHorse-994.jpg,0.3001168966293335
SINet/S2C_SO,COD10K-CAM-1-Aquatic-15-SeaHorse-995.jpg,0.07194001972675323
SINet/S2C_SO,COD10K-CAM-1-Aquatic-15-SeaHorse-998.jpg,0.3629317283630371
SINet/S2C_SO,COD10K-CAM-1-Aquatic-16-Shrimp-1113.jpg,0.06394323706626892
SINet/S2C_SO,COD10K-CAM-1-Aquatic-16-Shrimp-1114.jpg,0.09092643857002258
SINet/S2C_SO,COD10K-CAM-1-Aquatic-16-Shrimp-1118.jpg,1.2691092491149902
SINet/S2C_SO,COD10K-CAM-1-Aquatic-16-Shrimp-1122.jpg,0.05732400715351105
SINet/S2C_SO,COD10K-CAM-1-Aquatic-16-Shrimp-1124.jpg,0.4112318754196167
SINet/S2C_SO,COD10K-CAM-1-Aquatic-16-Shrimp-1125.jpg,1.0668954849243164
SINet/S2C_SO,COD10K-CAM-1-Aquatic-16-Shrimp-1126.jpg,0.24240484833717346
SINet/S2C_SO,COD10K-CAM-1-Aquatic-16-Shrimp-1127.jpg,0.3913523256778717
SINet/S2C_SO,COD10K-CAM-1-Aquatic-16-Shrimp-1129.jpg,0.03754986822605133
SINet/S2C_SO,COD10K-CAM-1-Aquatic-16-Shrimp-1131.jpg,0.23252585530281067
SINet/S2C_SO,COD10K-CAM-1-Aquatic-16-Shrimp-1132.jpg,0.1154303252696991
SINet/S2C_SO,COD10K-CAM-1-Aquatic-16-Shrimp-1133.jpg,1.2395176887512207
SINet/S2C_SO,COD10K-CAM-1-Aquatic-16-Shrimp-1134.jpg,0.35911762714385986
SINet/S2C_SO,COD10K-CAM-1-Aquatic-16-Shrimp-1135.jpg,0.07001465559005737
SINet/S2C_SO,COD10K-CAM-1-Aquatic-16-Shrimp-1136.jpg,0.48576366901397705
SINet/S2C_SO,COD10K-CAM-1-Aquatic-16-Shrimp-1137.jpg,1.000730276107788
SINet/S2C_SO,COD10K-CAM-1-Aquatic-16-Shrimp-1138.jpg,0.24312391877174377
SINet/S2C_SO,COD10K-CAM-1-Aquatic-16-Shrimp-1139.jpg,0.03313872590661049
SINet/S2C_SO,COD10K-CAM-1-Aquatic-16-Shrimp-1141.jpg,0.07627465575933456
SINet/S2C_SO,COD10K-CAM-1-Aquatic-16-Shrimp-1143.jpg,0.055148378014564514
SINet/S2C_SO,COD10K-CAM-1-Aquatic-16-Shrimp-1144.jpg,0.5279648303985596
SINet/S2C_SO,COD10K-CAM-1-Aquatic-16-Shrimp-1146.jpg,0.1290401667356491
SINet/S2C_SO,COD10K-CAM-1-Aquatic-16-Shrimp-1147.jpg,0.09580449014902115
SINet/S2C_SO,COD10K-CAM-1-Aquatic-17-Slug-1148.jpg,0.4427831172943115
SINet/S2C_SO,COD10K-CAM-1-Aquatic-17-Slug-1150.jpg,0.2230069935321808
SINet/S2C_SO,COD10K-CAM-1-Aquatic-17-Slug-1152.jpg,0.6016911268234253
SINet/S2C_SO,COD10K-CAM-1-Aquatic-18-StarFish-1153.jpg,0.18845543265342712
SINet/S2C_SO,COD10K-CAM-1-Aquatic-18-StarFish-1154.jpg,0.05071728676557541
SINet/S2C_SO,COD10K-CAM-1-Aquatic-18-StarFish-1155.jpg,0.018227629363536835
SINet/S2C_SO,COD10K-CAM-1-Aquatic-18-StarFish-1156.jpg,0.6308798789978027
SINet/S2C_SO,COD10K-CAM-1-Aquatic-18-StarFish-1157.jpg,0.4551613926887512
SINet/S2C_SO,COD10K-CAM-1-Aquatic-18-StarFish-1158.jpg,0.3827565908432007
SINet/S2C_SO,COD10K-CAM-1-Aquatic-18-StarFish-1159.jpg,0.34216463565826416
SINet/S2C_SO,COD10K-CAM-1-Aquatic-18-StarFish-1160.jpg,0.074222132563591
SINet/S2C_SO,COD10K-CAM-1-Aquatic-18-StarFish-1163.jpg,0.11537159979343414
SINet/S2C_SO,COD10K-CAM-1-Aquatic-18-StarFish-1165.jpg,0.15878638625144958
SINet/S2C_SO,COD10K-CAM-1-Aquatic-18-StarFish-1166.jpg,0.030022159218788147
SINet/S2C_SO,COD10K-CAM-1-Aquatic-18-StarFish-1167.jpg,0.12377706170082092
SINet/S2C_SO,COD10K-CAM-1-Aquatic-18-StarFish-1168.jpg,0.5275825262069702
SINet/S2C_SO,COD10K-CAM-1-Aquatic-18-StarFish-1169.jpg,0.6409952640533447
SINet/S2C_SO,COD10K-CAM-1-Aquatic-18-StarFish-1170.jpg,0.040755949914455414
SINet/S2C_SO,COD10K-CAM-1-Aquatic-18-StarFish-1172.jpg,0.03337450698018074
SINet/S2C_SO,COD10K-CAM-1-Aquatic-18-StarFish-1174.jpg,0.1388242542743683
SINet/S2C_SO,COD10K-CAM-1-Aquatic-18-StarFish-1175.jpg,0.7443466782569885
SINet/S2C_SO,COD10K-CAM-1-Aquatic-18-StarFish-1176.jpg,0.13019272685050964
SINet/S2C_SO,COD10K-CAM-1-Aquatic-18-StarFish-1179.jpg,0.22657030820846558
SINet/S2C_SO,COD10K-CAM-1-Aquatic-18-StarFish-1180.jpg,0.294198215007782
SINet/S2C_SO,COD10K-CAM-1-Aquatic-18-StarFish-1182.jpg,0.1284680813550949
SINet/S2C_SO,COD10K-CAM-1-Aquatic-18-StarFish-1184.jpg,0.0265222005546093
SINet/S2C_SO,COD10K-CAM-1-Aquatic-19-Stingaree-1185.jpg,1.1380646228790283
SINet/S2C_SO,COD10K-CAM-1-Aquatic-19-Stingaree-1187.jpg,0.0006992960115894675
SINet/S2C_SO,COD10K-CAM-1-Aquatic-19-Stingaree-1188.jpg,0.34444552659988403
SINet/S2C_SO,COD10K-CAM-1-Aquatic-19-Stingaree-1189.jpg,0.46995556354522705
SINet/S2C_SO,COD10K-CAM-1-Aquatic-19-Stingaree-1193.jpg,0.3107928931713104
SINet/S2C_SO,COD10K-CAM-1-Aquatic-19-Stingaree-1194.jpg,0.07341690361499786
SINet/S2C_SO,COD10K-CAM-1-Aquatic-19-Stingaree-1195.jpg,0.053354352712631226
SINet/S2C_SO,COD10K-CAM-1-Aquatic-19-Stingaree-1196.jpg,0.5232320427894592
SINet/S2C_SO,COD10K-CAM-1-Aquatic-19-Stingaree-1199.jpg,0.04857178032398224
SINet/S2C_SO,COD10K-CAM-1-Aquatic-19-Stingaree-1200.jpg,0.20629355311393738
SINet/S2C_SO,COD10K-CAM-1-Aquatic-19-Stingaree-1201.jpg,0.12969090044498444
SINet/S2C_SO,COD10K-CAM-1-Aquatic-19-Stingaree-1202.jpg,0.5132179260253906
SINet/S2C_SO,COD10K-CAM-1-Aquatic-19-Stingaree-1205.jpg,0.1056094616651535
SINet/S2C_SO,COD10K-CAM-1-Aquatic-19-Stingaree-1206.jpg,0.6638014316558838
SINet/S2C_SO,COD10K-CAM-1-Aquatic-2-ClownFish-12.jpg,0.7720338702201843
SINet/S2C_SO,COD10K-CAM-1-Aquatic-2-ClownFish-14.jpg,1.0559051036834717
SINet/S2C_SO,COD10K-CAM-1-Aquatic-2-ClownFish-16.jpg,0.4975166320800781
SINet/S2C_SO,COD10K-CAM-1-Aquatic-2-ClownFish-17.jpg,1.0947718620300293
SINet/S2C_SO,COD10K-CAM-1-Aquatic-20-Turtle-1208.jpg,0.040976930409669876
SINet/S2C_SO,COD10K-CAM-1-Aquatic-20-Turtle-1209.jpg,0.476397305727005
SINet/S2C_SO,COD10K-CAM-1-Aquatic-20-Turtle-1210.jpg,0.30205217003822327
SINet/S2C_SO,COD10K-CAM-1-Aquatic-20-Turtle-1211.jpg,0.24951276183128357
SINet/S2C_SO,COD10K-CAM-1-Aquatic-20-Turtle-1212.jpg,0.09466823935508728
SINet/S2C_SO,COD10K-CAM-1-Aquatic-20-Turtle-1213.jpg,0.19403739273548126
SINet/S2C_SO,COD10K-CAM-1-Aquatic-20-Turtle-1214.jpg,0.12644608318805695
SINet/S2C_SO,COD10K-CAM-1-Aquatic-20-Turtle-1215.jpg,0.043065570294857025
SINet/S2C_SO,COD10K-CAM-1-Aquatic-20-Turtle-1216.jpg,0.3865090012550354
SINet/S2C_SO,COD10K-CAM-1-Aquatic-20-Turtle-1217.jpg,0.2602839171886444
SINet/S2C_SO,COD10K-CAM-1-Aquatic-20-Turtle-1218.jpg,0.30376890301704407
SINet/S2C_SO,COD10K-CAM-1-Aquatic-20-Turtle-1219.jpg,0.1641210913658142
SINet/S2C_SO,COD10K-CAM-1-Aquatic-20-Turtle-1220.jpg,0.5920357704162598
SINet/S2C_SO,COD10K-CAM-1-Aquatic-20-Turtle-1222.jpg,0.5801383256912231
SINet/S2C_SO,COD10K-CAM-1-Aquatic-20-Turtle-1223.jpg,0.6469866633415222
SINet/S2C_SO,COD10K-CAM-1-Aquatic-20-Turtle-1226.jpg,0.16997674107551575
SINet/S2C_SO,COD10K-CAM-1-Aquatic-20-Turtle-1227.jpg,0.0744057148694992
SINet/S2C_SO,COD10K-CAM-1-Aquatic-20-Turtle-1228.jpg,0.05863098055124283
SINet/S2C_SO,COD10K-CAM-1-Aquatic-20-Turtle-1229.jpg,0.2329258918762207
SINet/S2C_SO,COD10K-CAM-1-Aquatic-20-Turtle-1230.jpg,0.015279145911335945
SINet/S2C_SO,COD10K-CAM-1-Aquatic-20-Turtle-1232.jpg,0.3164251744747162
SINet/S2C_SO,COD10K-CAM-1-Aquatic-3-Crab-100.jpg,0.09005746245384216
SINet/S2C_SO,COD10K-CAM-1-Aquatic-3-Crab-19.jpg,0.10948619246482849
SINet/S2C_SO,COD10K-CAM-1-Aquatic-3-Crab-20.jpg,0.1450672149658203
SINet/S2C_SO,COD10K-CAM-1-Aquatic-3-Crab-21.jpg,0.08630010485649109
SINet/S2C_SO,COD10K-CAM-1-Aquatic-3-Crab-22.jpg,0.21025574207305908
SINet/S2C_SO,COD10K-CAM-1-Aquatic-3-Crab-25.jpg,0.7164627313613892
SINet/S2C_SO,COD10K-CAM-1-Aquatic-3-Crab-26.jpg,0.41846001148223877
SINet/S2C_SO,COD10K-CAM-1-Aquatic-3-Crab-27.jpg,0.12355214357376099
SINet/S2C_SO,COD10K-CAM-1-Aquatic-3-Crab-28.jpg,0.5707064270973206
SINet/S2C_SO,COD10K-CAM-1-Aquatic-3-Crab-29.jpg,0.05386171489953995
SINet/S2C_SO,COD10K-CAM-1-Aquatic-3-Crab-32.jpg,0.0774695873260498
SINet/S2C_SO,COD10K-CAM-1-Aquatic-3-Crab-36.jpg,0.016638632863759995
SINet/S2C_SO,COD10K-CAM-1-Aquatic-3-Crab-41.jpg,0.0006467624916695058
SINet/S2C_SO,COD10K-CAM-1-Aquatic-3-Crab-42.jpg,0.010431734845042229
SINet/S2C_SO,COD10K-CAM-1-Aquatic-3-Crab-44.jpg,0.018464230000972748
SINet/S2C_SO,COD10K-CAM-1-Aquatic-3-Crab-47.jpg,0.5601463913917542
SINet/S2C_SO,COD10K-CAM-1-Aquatic-3-Crab-48.jpg,0.10148753225803375
SINet/S2C_SO,COD10K-CAM-1-Aquatic-3-Crab-49.jpg,0.47862371802330017
SINet/S2C_SO,COD10K-CAM-1-Aquatic-3-Crab-51.jpg,0.1590033769607544
SINet/S2C_SO,COD10K-CAM-1-Aquatic-3-Crab-52.jpg,0.37208300828933716
SINet/S2C_SO,COD10K-CAM-1-Aquatic-3-Crab-53.jpg,0.023258168250322342
SINet/S2C_SO,COD10K-CAM-1-Aquatic-3-Crab-55.jpg,0.4187546372413635
SINet/S2C_SO,COD10K-CAM-1-Aquatic-3-Crab-56.jpg,0.007178846746683121
SINet/S2C_SO,COD10K-CAM-1-Aquatic-3-Crab-57.jpg,0.08200341463088989
SINet/S2C_SO,COD10K-CAM-1-Aquatic-3-Crab-59.jpg,0.04704851657152176
SINet/S2C_SO,COD10K-CAM-1-Aquatic-3-Crab-60.jpg,0.024007756263017654
SINet/S2C_SO,COD10K-CAM-1-Aquatic-3-Crab-61.jpg,0.03593309968709946
SINet/S2C_SO,COD10K-CAM-1-Aquatic-3-Crab-63.jpg,0.046031802892684937
SINet/S2C_SO,COD10K-CAM-1-Aquatic-3-Crab-64.jpg,0.001454274170100689
SINet/S2C_SO,COD10K-CAM-1-Aquatic-3-Crab-66.jpg,0.9513978362083435
SINet/S2C_SO,COD10K-CAM-1-Aquatic-3-Crab-68.jpg,0.394875168800354
SINet/S2C_SO,COD10K-CAM-1-Aquatic-3-Crab-69.jpg,0.12732727825641632
SINet/S2C_SO,COD10K-CAM-1-Aquatic-3-Crab-70.jpg,0.797140896320343
SINet/S2C_SO,COD10K-CAM-1-Aquatic-3-Crab-72.jpg,0.33945557475090027
SINet/S2C_SO,COD10K-CAM-1-Aquatic-3-Crab-74.jpg,0.0023108674213290215
SINet/S2C_SO,COD10K-CAM-1-Aquatic-3-Crab-75.jpg,0.006810250226408243
SINet/S2C_SO,COD10K-CAM-1-Aquatic-3-Crab-76.jpg,0.0030556167475879192
SINet/S2C_SO,COD10K-CAM-1-Aquatic-3-Crab-77.jpg,0.10987260937690735
SINet/S2C_SO,COD10K-CAM-1-Aquatic-3-Crab-78.jpg,0.5421691536903381
SINet/S2C_SO,COD10K-CAM-1-Aquatic-3-Crab-79.jpg,0.47340697050094604
SINet/S2C_SO,COD10K-CAM-1-Aquatic-3-Crab-80.jpg,0.04412534087896347
SINet/S2C_SO,COD10K-CAM-1-Aquatic-3-Crab-81.jpg,1.2611476182937622
SINet/S2C_SO,COD10K-CAM-1-Aquatic-3-Crab-82.jpg,0.8146496415138245
SINet/S2C_SO,COD10K-CAM-1-Aquatic-3-Crab-83.jpg,0.1133042722940445
SINet/S2C_SO,COD10K-CAM-1-Aquatic-3-Crab-84.jpg,0.5302606821060181
SINet/S2C_SO,COD10K-CAM-1-Aquatic-3-Crab-85.jpg,1.1084423065185547
SINet/S2C_SO,COD10K-CAM-1-Aquatic-3-Crab-90.jpg,0.03013850376009941
SINet/S2C_SO,COD10K-CAM-1-Aquatic-3-Crab-91.jpg,0.19255447387695312
SINet/S2C_SO,COD10K-CAM-1-Aquatic-3-Crab-92.jpg,0.26567527651786804
SINet/S2C_SO,COD10K-CAM-1-Aquatic-3-Crab-94.jpg,0.1757652908563614
SINet/S2C_SO,COD10K-CAM-1-Aquatic-3-Crab-95.jpg,0.6658787727355957
SINet/S2C_SO,COD10K-CAM-1-Aquatic-3-Crab-97.jpg,1.177076816558838
SINet/S2C_SO,COD10K-CAM-1-Aquatic-3-Crab-98.jpg,0.8603899478912354
SINet/S2C_SO,COD10K-CAM-1-Aquatic-4-Crocodile-101.jpg,0.07643391191959381
SINet/S2C_SO,COD10K-CAM-1-Aquatic-4-Crocodile-102.jpg,0.22379334270954132
SINet/S2C_SO,COD10K-CAM-1-Aquatic-4-Crocodile-103.jpg,0.33315545320510864
SINet/S2C_SO,COD10K-CAM-1-Aquatic-4-Crocodile-104.jpg,0.04548567533493042
SINet/S2C_SO,COD10K-CAM-1-Aquatic-4-Crocodile-106.jpg,0.043950676918029785
SINet/S2C_SO,COD10K-CAM-1-Aquatic-4-Crocodile-107.jpg,0.04346003755927086
SINet/S2C_SO,COD10K-CAM-1-Aquatic-4-Crocodile-108.jpg,0.24169383943080902
SINet/S2C_SO,COD10K-CAM-1-Aquatic-4-Crocodile-109.jpg,0.007136468775570393
SINet/S2C_SO,COD10K-CAM-1-Aquatic-4-Crocodile-111.jpg,1.7511608600616455
SINet/S2C_SO,COD10K-CAM-1-Aquatic-4-Crocodile-112.jpg,0.1918192356824875
SINet/S2C_SO,COD10K-CAM-1-Aquatic-4-Crocodile-113.jpg,0.011832903139293194
SINet/S2C_SO,COD10K-CAM-1-Aquatic-4-Crocodile-116.jpg,0.018446575850248337
SINet/S2C_SO,COD10K-CAM-1-Aquatic-4-Crocodile-117.jpg,0.011797241866588593
SINet/S2C_SO,COD10K-CAM-1-Aquatic-4-Crocodile-120.jpg,0.014218650758266449
SINet/S2C_SO,COD10K-CAM-1-Aquatic-4-Crocodile-121.jpg,0.041268475353717804
SINet/S2C_SO,COD10K-CAM-1-Aquatic-4-Crocodile-122.jpg,0.20604819059371948
SINet/S2C_SO,COD10K-CAM-1-Aquatic-4-Crocodile-124.jpg,0.022724583745002747
SINet/S2C_SO,COD10K-CAM-1-Aquatic-5-CrocodileFish-127.jpg,0.023730304092168808
SINet/S2C_SO,COD10K-CAM-1-Aquatic-5-CrocodileFish-128.jpg,0.37411603331565857
SINet/S2C_SO,COD10K-CAM-1-Aquatic-5-CrocodileFish-129.jpg,0.49813228845596313
SINet/S2C_SO,COD10K-CAM-1-Aquatic-5-CrocodileFish-130.jpg,0.031393010169267654
SINet/S2C_SO,COD10K-CAM-1-Aquatic-6-Fish-132.jpg,0.6392568945884705
SINet/S2C_SO,COD10K-CAM-1-Aquatic-6-Fish-133.jpg,0.06738390773534775
SINet/S2C_SO,COD10K-CAM-1-Aquatic-6-Fish-137.jpg,0.08839006721973419
SINet/S2C_SO,COD10K-CAM-1-Aquatic-6-Fish-140.jpg,0.11840251088142395
SINet/S2C_SO,COD10K-CAM-1-Aquatic-6-Fish-141.jpg,0.4411593973636627
SINet/S2C_SO,COD10K-CAM-1-Aquatic-6-Fish-142.jpg,0.8813596963882446
SINet/S2C_SO,COD10K-CAM-1-Aquatic-6-Fish-144.jpg,0.8335807919502258
SINet/S2C_SO,COD10K-CAM-1-Aquatic-6-Fish-145.jpg,0.1858128011226654
SINet/S2C_SO,COD10K-CAM-1-Aquatic-6-Fish-146.jpg,0.8869719505310059
SINet/S2C_SO,COD10K-CAM-1-Aquatic-6-Fish-147.jpg,0.7292243242263794
SINet/S2C_SO,COD10K-CAM-1-Aquatic-6-Fish-148.jpg,0.7001864910125732
SINet/S2C_SO,COD10K-CAM-1-Aquatic-6-Fish-151.jpg,0.011493181809782982
SINet/S2C_SO,COD10K-CAM-1-Aquatic-6-Fish-152.jpg,0.019192930310964584
SINet/S2C_SO,COD10K-CAM-1-Aquatic-6-Fish-153.jpg,0.1915564239025116
SINet/S2C_SO,COD10K-CAM-1-Aquatic-6-Fish-154.jpg,0.3081572353839874
SINet/S2C_SO,COD10K-CAM-1-Aquatic-6-Fish-156.jpg,0.22742542624473572
SINet/S2C_SO,COD10K-CAM-1-Aquatic-6-Fish-158.jpg,0.8368382453918457
SINet/S2C_SO,COD10K-CAM-1-Aquatic-6-Fish-161.jpg,0.013852909207344055
SINet/S2C_SO,COD10K-CAM-1-Aquatic-6-Fish-164.jpg,0.28648537397384644
SINet/S2C_SO,COD10K-CAM-1-Aquatic-6-Fish-165.jpg,0.15660804510116577
SINet/S2C_SO,COD10K-CAM-1-Aquatic-6-Fish-166.jpg,0.33791667222976685
SINet/S2C_SO,COD10K-CAM-1-Aquatic-6-Fish-167.jpg,0.1409481018781662
SINet/S2C_SO,COD10K-CAM-1-Aquatic-6-Fish-169.jpg,1.179476261138916
SINet/S2C_SO,COD10K-CAM-1-Aquatic-6-Fish-170.jpg,0.18464937806129456
SINet/S2C_SO,COD10K-CAM-1-Aquatic-6-Fish-172.jpg,0.2047264277935028
SINet/S2C_SO,COD10K-CAM-1-Aquatic-6-Fish-173.jpg,0.12557315826416016
SINet/S2C_SO,COD10K-CAM-1-Aquatic-6-Fish-175.jpg,0.7404355406761169
SINet/S2C_SO,COD10K-CAM-1-Aquatic-6-Fish-176.jpg,0.9781595468521118
SINet/S2C_SO,COD10K-CAM-1-Aquatic-6-Fish-177.jpg,0.2761251628398895
SINet/S2C_SO,COD10K-CAM-1-Aquatic-6-Fish-178.jpg,0.022854968905448914
SINet/S2C_SO,COD10K-CAM-1-Aquatic-6-Fish-179.jpg,0.39162251353263855
SINet/S2C_SO,COD10K-CAM-1-Aquatic-6-Fish-180.jpg,0.04775378108024597
SINet/S2C_SO,COD10K-CAM-1-Aquatic-6-Fish-181.jpg,0.1618172526359558
SINet/S2C_SO,COD10K-CAM-1-Aquatic-6-Fish-182.jpg,0.28851228952407837
SINet/S2C_SO,COD10K-CAM-1-Aquatic-6-Fish-184.jpg,0.4435802698135376
SINet/S2C_SO,COD10K-CAM-1-Aquatic-6-Fish-185.jpg,0.24230650067329407
SINet/S2C_SO,COD10K-CAM-1-Aquatic-6-Fish-187.jpg,0.44331690669059753
SINet/S2C_SO,COD10K-CAM-1-Aquatic-6-Fish-188.jpg,0.17283836007118225
SINet/S2C_SO,COD10K-CAM-1-Aquatic-6-Fish-192.jpg,0.21582826972007751
SINet/S2C_SO,COD10K-CAM-1-Aquatic-6-Fish-194.jpg,0.16145244240760803
SINet/S2C_SO,COD10K-CAM-1-Aquatic-6-Fish-195.jpg,0.44057679176330566
SINet/S2C_SO,COD10K-CAM-1-Aquatic-6-Fish-198.jpg,0.2397955060005188
SINet/S2C_SO,COD10K-CAM-1-Aquatic-6-Fish-199.jpg,0.29704564809799194
SINet/S2C_SO,COD10K-CAM-1-Aquatic-6-Fish-200.jpg,0.10913194715976715
SINet/S2C_SO,COD10K-CAM-1-Aquatic-6-Fish-201.jpg,0.1445445716381073
SINet/S2C_SO,COD10K-CAM-1-Aquatic-6-Fish-202.jpg,0.11220581084489822
SINet/S2C_SO,COD10K-CAM-1-Aquatic-6-Fish-205.jpg,0.0899062305688858
SINet/S2C_SO,COD10K-CAM-1-Aquatic-6-Fish-206.jpg,0.2513434588909149
SINet/S2C_SO,COD10K-CAM-1-Aquatic-6-Fish-208.jpg,0.1325913369655609
SINet/S2C_SO,COD10K-CAM-1-Aquatic-6-Fish-209.jpg,0.16897892951965332
SINet/S2C_SO,COD10K-CAM-1-Aquatic-6-Fish-210.jpg,0.13684538006782532
SINet/S2C_SO,COD10K-CAM-1-Aquatic-6-Fish-211.jpg,0.0971219539642334
SINet/S2C_SO,COD10K-CAM-1-Aquatic-6-Fish-212.jpg,0.3255673050880432
SINet/S2C_SO,COD10K-CAM-1-Aquatic-6-Fish-213.jpg,0.31703948974609375
SINet/S2C_SO,COD10K-CAM-1-Aquatic-6-Fish-214.jpg,0.18579880893230438
SINet/S2C_SO,COD10K-CAM-1-Aquatic-6-Fish-216.jpg,0.16319099068641663
SINet/S2C_SO,COD10K-CAM-1-Aquatic-6-Fish-217.jpg,0.020317737013101578
SINet/S2C_SO,COD10K-CAM-1-Aquatic-6-Fish-223.jpg,0.29209399223327637
SINet/S2C_SO,COD10K-CAM-1-Aquatic-6-Fish-226.jpg,0.12920793890953064
SINet/S2C_SO,COD10K-CAM-1-Aquatic-6-Fish-229.jpg,1.0796172618865967
SINet/S2C_SO,COD10K-CAM-1-Aquatic-6-Fish-232.jpg,0.6029993295669556
SINet/S2C_SO,COD10K-CAM-1-Aquatic-6-Fish-233.jpg,0.1783788949251175
SINet/S2C_SO,COD10K-CAM-1-Aquatic-6-Fish-234.jpg,0.25986674427986145
SINet/S2C_SO,COD10K-CAM-1-Aquatic-6-Fish-236.jpg,0.1699257642030716
SINet/S2C_SO,COD10K-CAM-1-Aquatic-6-Fish-237.jpg,0.0367458239197731
SINet/S2C_SO,COD10K-CAM-1-Aquatic-6-Fish-238.jpg,0.17446324229240417
SINet/S2C_SO,COD10K-CAM-1-Aquatic-6-Fish-239.jpg,0.19282561540603638
SINet/S2C_SO,COD10K-CAM-1-Aquatic-6-Fish-240.jpg,0.1904628574848175
SINet/S2C_SO,COD10K-CAM-1-Aquatic-6-Fish-241.jpg,0.6012585163116455
SINet/S2C_SO,COD10K-CAM-1-Aquatic-6-Fish-244.jpg,0.375914990901947
SINet/S2C_SO,COD10K-CAM-1-Aquatic-7-Flounder-251.jpg,1.1859146356582642
SINet/S2C_SO,COD10K-CAM-1-Aquatic-7-Flounder-252.jpg,0.38327765464782715
SINet/S2C_SO,COD10K-CAM-1-Aquatic-7-Flounder-255.jpg,0.2865673899650574
SINet/S2C_SO,COD10K-CAM-1-Aquatic-7-Flounder-256.jpg,0.2761352062225342
SINet/S2C_SO,COD10K-CAM-1-Aquatic-7-Flounder-257.jpg,0.018845930695533752
SINet/S2C_SO,COD10K-CAM-1-Aquatic-7-Flounder-260.jpg,0.15404248237609863
SINet/S2C_SO,COD10K-CAM-1-Aquatic-7-Flounder-261.jpg,0.07566708326339722
SINet/S2C_SO,COD10K-CAM-1-Aquatic-7-Flounder-263.jpg,0.33423176407814026
SINet/S2C_SO,COD10K-CAM-1-Aquatic-7-Flounder-265.jpg,0.3785943388938904
SINet/S2C_SO,COD10K-CAM-1-Aquatic-7-Flounder-267.jpg,1.087049126625061
SINet/S2C_SO,COD10K-CAM-1-Aquatic-7-Flounder-268.jpg,0.5819149613380432
SINet/S2C_SO,COD10K-CAM-1-Aquatic-7-Flounder-269.jpg,0.1324903964996338
SINet/S2C_SO,COD10K-CAM-1-Aquatic-7-Flounder-271.jpg,0.6663585901260376
SINet/S2C_SO,COD10K-CAM-1-Aquatic-7-Flounder-273.jpg,0.23883074522018433
SINet/S2C_SO,COD10K-CAM-1-Aquatic-7-Flounder-274.jpg,0.7289988994598389
SINet/S2C_SO,COD10K-CAM-1-Aquatic-7-Flounder-275.jpg,0.23838159441947937
SINet/S2C_SO,COD10K-CAM-1-Aquatic-7-Flounder-276.jpg,0.21638724207878113
SINet/S2C_SO,COD10K-CAM-1-Aquatic-7-Flounder-278.jpg,0.25454989075660706
SINet/S2C_SO,COD10K-CAM-1-Aquatic-7-Flounder-279.jpg,0.018614530563354492
SINet/S2C_SO,COD10K-CAM-1-Aquatic-7-Flounder-280.jpg,0.1404842883348465
SINet/S2C_SO,COD10K-CAM-1-Aquatic-7-Flounder-281.jpg,0.14205482602119446
SINet/S2C_SO,COD10K-CAM-1-Aquatic-7-Flounder-282.jpg,0.0316351093351841
SINet/S2C_SO,COD10K-CAM-1-Aquatic-7-Flounder-285.jpg,0.09889280796051025
SINet/S2C_SO,COD10K-CAM-1-Aquatic-7-Flounder-288.jpg,0.5919643044471741
SINet/S2C_SO,COD10K-CAM-1-Aquatic-8-FrogFish-293.jpg,0.05120714008808136
SINet/S2C_SO,COD10K-CAM-1-Aquatic-8-FrogFish-294.jpg,0.21565185487270355
SINet/S2C_SO,COD10K-CAM-1-Aquatic-8-FrogFish-298.jpg,0.42362669110298157
SINet/S2C_SO,COD10K-CAM-1-Aquatic-8-FrogFish-300.jpg,0.2614366412162781
SINet/S2C_SO,COD10K-CAM-1-Aquatic-8-FrogFish-301.jpg,0.18392091989517212
SINet/S2C_SO,COD10K-CAM-1-Aquatic-8-FrogFish-302.jpg,0.2235424816608429
SINet/S2C_SO,COD10K-CAM-1-Aquatic-8-FrogFish-304.jpg,0.5642663240432739
SINet/S2C_SO,COD10K-CAM-1-Aquatic-9-GhostPipefish-308.jpg,0.384300172328949
SINet/S2C_SO,COD10K-CAM-1-Aquatic-9-GhostPipefish-310.jpg,1.0336744785308838
SINet/S2C_SO,COD10K-CAM-1-Aquatic-9-GhostPipefish-311.jpg,0.1188984215259552
SINet/S2C_SO,COD10K-CAM-1-Aquatic-9-GhostPipefish-313.jpg,0.2168387621641159
SINet/S2C_SO,COD10K-CAM-1-Aquatic-9-GhostPipefish-314.jpg,0.6639442443847656
SINet/S2C_SO,COD10K-CAM-1-Aquatic-9-GhostPipefish-316.jpg,0.41414836049079895
SINet/S2C_SO,COD10K-CAM-1-Aquatic-9-GhostPipefish-317.jpg,0.10723260045051575
SINet/S2C_SO,COD10K-CAM-1-Aquatic-9-GhostPipefish-319.jpg,0.1666078269481659
SINet/S2C_SO,COD10K-CAM-1-Aquatic-9-GhostPipefish-320.jpg,0.1424219310283661
SINet/S2C_SO,COD10K-CAM-1-Aquatic-9-GhostPipefish-321.jpg,0.25133490562438965
SINet/S2C_SO,COD10K-CAM-1-Aquatic-9-GhostPipefish-324.jpg,0.7019991278648376
SINet/S2C_SO,COD10K-CAM-1-Aquatic-9-GhostPipefish-325.jpg,0.20347817242145538
SINet/S2C_SO,COD10K-CAM-1-Aquatic-9-GhostPipefish-328.jpg,0.20750579237937927
SINet/S2C_SO,COD10K-CAM-1-Aquatic-9-GhostPipefish-329.jpg,0.03459019586443901
SINet/S2C_SO,COD10K-CAM-1-Aquatic-9-GhostPipefish-330.jpg,0.8743155598640442
SINet/S2C_SO,COD10K-CAM-1-Aquatic-9-GhostPipefish-331.jpg,0.09317003190517426
SINet/S2C_SO,COD10K-CAM-1-Aquatic-9-GhostPipefish-332.jpg,0.42912420630455017
SINet/S2C_SO,COD10K-CAM-1-Aquatic-9-GhostPipefish-335.jpg,0.11276783049106598
SINet/S2C_SO,COD10K-CAM-1-Aquatic-9-GhostPipefish-336.jpg,0.607959508895874
SINet/S2C_SO,COD10K-CAM-1-Aquatic-9-GhostPipefish-337.jpg,0.33093342185020447
SINet/S2C_SO,COD10K-CAM-1-Aquatic-9-GhostPipefish-338.jpg,1.212453842163086
SINet/S2C_SO,COD10K-CAM-1-Aquatic-9-GhostPipefish-340.jpg,1.0675967931747437
SINet/S2C_SO,COD10K-CAM-1-Aquatic-9-GhostPipefish-341.jpg,0.22737033665180206
SINet/S2C_SO,COD10K-CAM-1-Aquatic-9-GhostPipefish-342.jpg,0.8770956993103027
SINet/S2C_SO,COD10K-CAM-1-Aquatic-9-GhostPipefish-343.jpg,0.19588211178779602
SINet/S2C_SO,COD10K-CAM-1-Aquatic-9-GhostPipefish-344.jpg,0.1432877480983734
SINet/S2C_SO,COD10K-CAM-1-Aquatic-9-GhostPipefish-345.jpg,0.05086812376976013
SINet/S2C_SO,COD10K-CAM-1-Aquatic-9-GhostPipefish-351.jpg,0.13074493408203125
SINet/S2C_SO,COD10K-CAM-1-Aquatic-9-GhostPipefish-352.jpg,0.1144305020570755
SINet/S2C_SO,COD10K-CAM-1-Aquatic-9-GhostPipefish-354.jpg,0.03884865716099739
SINet/S2C_SO,COD10K-CAM-1-Aquatic-9-GhostPipefish-355.jpg,0.14729152619838715
SINet/S2C_SO,COD10K-CAM-1-Aquatic-9-GhostPipefish-356.jpg,0.39122819900512695
SINet/S2C_SO,COD10K-CAM-1-Aquatic-9-GhostPipefish-357.jpg,0.23333068192005157
SINet/S2C_SO,COD10K-CAM-1-Aquatic-9-GhostPipefish-358.jpg,0.6073225736618042
SINet/S2C_SO,COD10K-CAM-1-Aquatic-9-GhostPipefish-360.jpg,0.31007033586502075
SINet/S2C_SO,COD10K-CAM-1-Aquatic-9-GhostPipefish-361.jpg,0.0976988673210144
SINet/S2C_SO,COD10K-CAM-1-Aquatic-9-GhostPipefish-362.jpg,0.2915962338447571
SINet/S2C_SO,COD10K-CAM-1-Aquatic-9-GhostPipefish-363.jpg,1.5107697248458862
SINet/S2C_SO,COD10K-CAM-1-Aquatic-9-GhostPipefish-364.jpg,0.07666845619678497
SINet/S2C_SO,COD10K-CAM-1-Aquatic-9-GhostPipefish-365.jpg,0.8429806232452393
SINet/S2C_SO,COD10K-CAM-1-Aquatic-9-GhostPipefish-366.jpg,0.05717260017991066
SINet/S2C_SO,COD10K-CAM-1-Aquatic-9-GhostPipefish-367.jpg,0.558007001876831
SINet/S2C_SO,COD10K-CAM-1-Aquatic-9-GhostPipefish-368.jpg,1.1846085786819458
SINet/S2C_SO,COD10K-CAM-1-Aquatic-9-GhostPipefish-371.jpg,0.4189850986003876
SINet/S2C_SO,COD10K-CAM-1-Aquatic-9-GhostPipefish-373.jpg,0.27922579646110535
SINet/S2C_SO,COD10K-CAM-1-Aquatic-9-GhostPipefish-374.jpg,0.947166383266449
SINet/S2C_SO,COD10K-CAM-1-Aquatic-9-GhostPipefish-375.jpg,0.12941814959049225
SINet/S2C_SO,COD10K-CAM-1-Aquatic-9-GhostPipefish-376.jpg,0.06592955440282822
SINet/S2C_SO,COD10K-CAM-1-Aquatic-9-GhostPipefish-378.jpg,0.08317673206329346
SINet/S2C_SO,COD10K-CAM-1-Aquatic-9-GhostPipefish-386.jpg,0.7032784223556519
SINet/S2C_SO,COD10K-CAM-1-Aquatic-9-GhostPipefish-387.jpg,0.11614049971103668
SINet/S2C_SO,COD10K-CAM-1-Aquatic-9-GhostPipefish-388.jpg,1.4161286354064941
SINet/S2C_SO,COD10K-CAM-1-Aquatic-9-GhostPipefish-389.jpg,0.07239950448274612
SINet/S2C_SO,COD10K-CAM-1-Aquatic-9-GhostPipefish-392.jpg,0.4591835141181946
SINet/S2C_SO,COD10K-CAM-1-Aquatic-9-GhostPipefish-393.jpg,0.02251741662621498
SINet/S2C_SO,COD10K-CAM-1-Aquatic-9-GhostPipefish-394.jpg,0.3131997287273407
SINet/S2C_SO,COD10K-CAM-1-Aquatic-9-GhostPipefish-396.jpg,0.9426220059394836
SINet/S2C_SO,COD10K-CAM-1-Aquatic-9-GhostPipefish-398.jpg,0.7209485769271851
SINet/S2C_SO,COD10K-CAM-1-Aquatic-9-GhostPipefish-400.jpg,0.11159458756446838
SINet/S2C_SO,COD10K-CAM-1-Aquatic-9-GhostPipefish-401.jpg,0.20680806040763855
SINet/S2C_SO,COD10K-CAM-1-Aquatic-9-GhostPipefish-404.jpg,1.0733593702316284
SINet/S2C_SO,COD10K-CAM-1-Aquatic-9-GhostPipefish-405.jpg,0.3489401340484619
SINet/S2C_SO,COD10K-CAM-1-Aquatic-9-GhostPipefish-408.jpg,0.2854278087615967
SINet/S2C_SO,COD10K-CAM-1-Aquatic-9-GhostPipefish-410.jpg,0.797434389591217
SINet/S2C_SO,COD10K-CAM-1-Aquatic-9-GhostPipefish-412.jpg,0.10290588438510895
SINet/S2C_SO,COD10K-CAM-1-Aquatic-9-GhostPipefish-413.jpg,0.0765460878610611
SINet/S2C_SO,COD10K-CAM-1-Aquatic-9-GhostPipefish-414.jpg,0.1572030931711197
SINet/S2C_SO,COD10K-CAM-2-Terrestrial-21-Ant-1234.jpg,0.11076377332210541
SINet/S2C_SO,COD10K-CAM-2-Terrestrial-21-Ant-1235.jpg,0.14637340605258942
SINet/S2C_SO,COD10K-CAM-2-Terrestrial-21-Ant-1236.jpg,0.8705322742462158
SINet/S2C_SO,COD10K-CAM-2-Terrestrial-21-Ant-1237.jpg,1.2877576351165771
SINet/S2C_SO,COD10K-CAM-2-Terrestrial-21-Ant-1239.jpg,0.04077058285474777
SINet/S2C_SO,COD10K-CAM-2-Terrestrial-21-Ant-1242.jpg,0.016435155645012856
SINet/S2C_SO,COD10K-CAM-2-Terrestrial-21-Ant-1244.jpg,0.007297093980014324
SINet/S2C_SO,COD10K-CAM-2-Terrestrial-21-Ant-1245.jpg,0.23989234864711761
SINet/S2C_SO,COD10K-CAM-2-Terrestrial-21-Ant-1248.jpg,0.11120142042636871
SINet/S2C_SO,COD10K-CAM-2-Terrestrial-21-Ant-1250.jpg,0.03493902459740639
SINet/S2C_SO,COD10K-CAM-2-Terrestrial-21-Ant-1252.jpg,0.3972660005092621
SINet/S2C_SO,COD10K-CAM-2-Terrestrial-21-Ant-1253.jpg,0.11139202117919922
SINet/S2C_SO,COD10K-CAM-2-Terrestrial-21-Ant-1254.jpg,0.5812702178955078
SINet/S2C_SO,COD10K-CAM-2-Terrestrial-21-Ant-1255.jpg,0.11031188815832138
SINet/S2C_SO,COD10K-CAM-2-Terrestrial-21-Ant-1256.jpg,0.3073713481426239
SINet/S2C_SO,COD10K-CAM-2-Terrestrial-21-Ant-1258.jpg,0.14292341470718384
SINet/S2C_SO,COD10K-CAM-2-Terrestrial-22-Bug-1259.jpg,0.21880359947681427
SINet/S2C_SO,COD10K-CAM-2-Terrestrial-22-Bug-1261.jpg,0.07223248481750488
SINet/S2C_SO,COD10K-CAM-2-Terrestrial-22-Bug-1264.jpg,0.2099403738975525
SINet/S2C_SO,COD10K-CAM-2-Terrestrial-22-Bug-1265.jpg,0.02796873264014721
SINet/S2C_SO,COD10K-CAM-2-Terrestrial-22-Bug-1266.jpg,0.014428313821554184
SINet/S2C_SO,COD10K-CAM-2-Terrestrial-22-Bug-1269.jpg,0.22201688587665558
SINet/S2C_SO,COD10K-CAM-2-Terrestrial-22-Bug-1275.jpg,0.184623584151268
SINet/S2C_SO,COD10K-CAM-2-Terrestrial-22-Bug-1279.jpg,0.013273363932967186
SINet/S2C_SO,COD10K-CAM-2-Terrestrial-22-Bug-1280.jpg,0.1747998744249344
SINet/S2C_SO,COD10K-CAM-2-Terrestrial-22-Bug-1287.jpg,0.03918635845184326
SINet/S2C_SO,COD10K-CAM-2-Terrestrial-22-Bug-1288.jpg,0.002105619292706251
SINet/S2C_SO,COD10K-CAM-2-Terrestrial-22-Bug-1290.jpg,0.9366704821586609
SINet/S2C_SO,COD10K-CAM-2-Terrestrial-22-Bug-1292.jpg,0.22295677661895752
SINet/S2C_SO,COD10K-CAM-2-Terrestrial-22-Bug-1294.jpg,0.18309852480888367
SINet/S2C_SO,COD10K-CAM-2-Terrestrial-22-Bug-1295.jpg,0.2429528385400772
SINet/S2C_SO,COD10K-CAM-2-Terrestrial-22-Bug-1296.jpg,0.778962254524231
SINet/S2C_SO,COD10K-CAM-2-Terrestrial-22-Bug-1297.jpg,0.08570743352174759
SINet/S2C_SO,COD10K-CAM-2-Terrestrial-23-Cat-1298.jpg,0.16726619005203247
SINet/S2C_SO,COD10K-CAM-2-Terrestrial-23-Cat-1302.jpg,0.05436760187149048
SINet/S2C_SO,COD10K-CAM-2-Terrestrial-23-Cat-1303.jpg,0.010589929297566414
SINet/S2C_SO,COD10K-CAM-2-Terrestrial-23-Cat-1305.jpg,0.29351967573165894
SINet/S2C_SO,COD10K-CAM-2-Terrestrial-23-Cat-1306.jpg,0.4049742817878723
SINet/S2C_SO,COD10K-CAM-2-Terrestrial-23-Cat-1307.jpg,0.022801518440246582
SINet/S2C_SO,COD10K-CAM-2-Terrestrial-23-Cat-1308.jpg,0.00363271520473063
SINet/S2C_SO,COD10K-CAM-2-Terrestrial-23-Cat-1309.jpg,0.04712387174367905
SINet/S2C_SO,COD10K-CAM-2-Terrestrial-23-Cat-1311.jpg,0.11786943674087524
SINet/S2C_SO,COD10K-CAM-2-Terrestrial-23-Cat-1312.jpg,0.10401438176631927
SINet/S2C_SO,COD10K-CAM-2-Terrestrial-23-Cat-1313.jpg,0.011199526488780975
SINet/S2C_SO,COD10K-CAM-2-Terrestrial-23-Cat-1314.jpg,0.7568995356559753
SINet/S2C_SO,COD10K-CAM-2-Terrestrial-23-Cat-1315.jpg,0.2868402898311615
SINet/S2C_SO,COD10K-CAM-2-Terrestrial-23-Cat-1316.jpg,0.10692755877971649
SINet/S2C_SO,COD10K-CAM-2-Terrestrial-23-Cat-1317.jpg,0.21272589266300201
SINet/S2C_SO,COD10K-CAM-2-Terrestrial-23-Cat-1318.jpg,0.009188222698867321
SINet/S2C_SO,COD10K-CAM-2-Terrestrial-23-Cat-1319.jpg,0.1807968020439148
SINet/S2C_SO,COD10K-CAM-2-Terrestrial-23-Cat-1321.jpg,0.1321132630109787
SINet/S2C_SO,COD10K-CAM-2-Terrestrial-23-Cat-1322.jpg,1.3408950567245483
SINet/S2C_SO,COD10K-CAM-2-Terrestrial-23-Cat-1323.jpg,0.3070107400417328
SINet/S2C_SO,COD10K-CAM-2-Terrestrial-23-Cat-1324.jpg,0.4078393280506134
SINet/S2C_SO,COD10K-CAM-2-Terrestrial-23-Cat-1326.jpg,0.15708547830581665
SINet/S2C_SO,COD10K-CAM-2-Terrestrial-23-Cat-1332.jpg,0.038166776299476624
SINet/S2C_SO,COD10K-CAM-2-Terrestrial-23-Cat-1334.jpg,0.15240570902824402
SINet/S2C_SO,COD10K-CAM-2-Terrestrial-23-Cat-1335.jpg,0.5330384969711304
SINet/S2C_SO,COD10K-CAM-2-Terrestrial-23-Cat-1336.jpg,0.3991020917892456
SINet/S2C_SO,COD10K-CAM-2-Terrestrial-23-Cat-1338.jpg,0.06834683567285538
SINet/S2C_SO,COD10K-CAM-2-Terrestrial-23-Cat-1340.jpg,0.33996376395225525
SINet/S2C_SO,COD10K-CAM-2-Terrestrial-23-Cat-1341.jpg,1.0458770990371704
SINet/S2C_SO,COD10K-CAM-2-Terrestrial-23-Cat-1342.jpg,0.3382449150085449
SINet/S2C_SO,COD10K-CAM-2-Terrestrial-23-Cat-1343.jpg,0.09464339166879654
SINet/S2C_SO,COD10K-CAM-2-Terrestrial-23-Cat-1345.jpg,0.2666228413581848
SINet/S2C_SO,COD10K-CAM-2-Terrestrial-23-Cat-1346.jpg,0.06275489181280136
SINet/S2C_SO,COD10K-CAM-2-Terrestrial-23-Cat-1347.jpg,0.16948190331459045
SINet/S2C_SO,COD10K-CAM-2-Terrestrial-23-Cat-1348.jpg,0.3179342746734619
SINet/S2C_SO,COD10K-CAM-2-Terrestrial-23-Cat-1349.jpg,0.7623947262763977
SINet/S2C_SO,COD10K-CAM-2-Terrestrial-23-Cat-1351.jpg,0.2138560712337494
SINet/S2C_SO,COD10K-CAM-2-Terrestrial-23-Cat-1353.jpg,0.37236303091049194
SINet/S2C_SO,COD10K-CAM-2-Terrestrial-23-Cat-1354.jpg,0.12429735064506531
SINet/S2C_SO,COD10K-CAM-2-Terrestrial-23-Cat-1355.jpg,0.8459205031394958
SINet/S2C_SO,COD10K-CAM-2-Terrestrial-23-Cat-1356.jpg,0.03454440087080002
SINet/S2C_SO,COD10K-CAM-2-Terrestrial-23-Cat-1357.jpg,0.2974979877471924
SINet/S2C_SO,COD10K-CAM-2-Terrestrial-23-Cat-1361.jpg,0.42802950739860535
SINet/S2C_SO,COD10K-CAM-2-Terrestrial-23-Cat-1362.jpg,0.741454541683197
SINet/S2C_SO,COD10K-CAM-2-Terrestrial-23-Cat-1366.jpg,0.2759475111961365
SINet/S2C_SO,COD10K-CAM-2-Terrestrial-23-Cat-1370.jpg,0.019093075767159462
SINet/S2C_SO,COD10K-CAM-2-Terrestrial-23-Cat-1373.jpg,0.006318999454379082
SINet/S2C_SO,COD10K-CAM-2-Terrestrial-23-Cat-1374.jpg,0.34611696004867554
SINet/S2C_SO,COD10K-CAM-2-Terrestrial-23-Cat-1375.jpg,0.2157217413187027
SINet/S2C_SO,COD10K-CAM-2-Terrestrial-23-Cat-1376.jpg,0.22705616056919098
SINet/S2C_SO,COD10K-CAM-2-Terrestrial-23-Cat-1379.jpg,0.005511383526027203
SINet/S2C_SO,COD10K-CAM-2-Terrestrial-23-Cat-1382.jpg,0.2464737743139267
SINet/S2C_SO,COD10K-CAM-2-Terrestrial-23-Cat-1384.jpg,0.03488481789827347
SINet/S2C_SO,COD10K-CAM-2-Terrestrial-23-Cat-1385.jpg,0.3096829354763031
SINet/S2C_SO,COD10K-CAM-2-Terrestrial-23-Cat-1389.jpg,0.5694539546966553
SINet/S2C_SO,COD10K-CAM-2-Terrestrial-23-Cat-1393.jpg,0.17557258903980255
SINet/S2C_SO,COD10K-CAM-2-Terrestrial-23-Cat-1395.jpg,0.6376363635063171
SINet/S2C_SO,COD10K-CAM-2-Terrestrial-23-Cat-1396.jpg,0.18108727037906647
SINet/S2C_SO,COD10K-CAM-2-Terrestrial-23-Cat-1397.jpg,0.25358137488365173
SINet/S2C_SO,COD10K-CAM-2-Terrestrial-23-Cat-1398.jpg,0.021364878863096237
SINet/S2C_SO,COD10K-CAM-2-Terrestrial-23-Cat-1399.jpg,0.20072947442531586
SINet/S2C_SO,COD10K-CAM-2-Terrestrial-23-Cat-1401.jpg,0.033750638365745544
SINet/S2C_SO,COD10K-CAM-2-Terrestrial-23-Cat-1402.jpg,0.19412431120872498
SINet/S2C_SO,COD10K-CAM-2-Terrestrial-23-Cat-1403.jpg,0.9590476751327515
SINet/S2C_SO,COD10K-CAM-2-Terrestrial-23-Cat-1404.jpg,0.9834713935852051
SINet/S2C_SO,COD10K-CAM-2-Terrestrial-23-Cat-1406.jpg,0.4408327639102936
SINet/S2C_SO,COD10K-CAM-2-Terrestrial-23-Cat-1407.jpg,1.033892035484314
SINet/S2C_SO,COD10K-CAM-2-Terrestrial-23-Cat-1408.jpg,0.036028843373060226
SINet/S2C_SO,COD10K-CAM-2-Terrestrial-23-Cat-1409.jpg,0.6180369257926941
SINet/S2C_SO,COD10K-CAM-2-Terrestrial-23-Cat-1410.jpg,0.5130393505096436
SINet/S2C_SO,COD10K-CAM-2-Terrestrial-23-Cat-1414.jpg,1.0846598148345947
SINet/S2C_SO,COD10K-CAM-2-Terrestrial-23-Cat-1416.jpg,0.4638546109199524
SINet/S2C_SO,COD10K-CAM-2-Terrestrial-23-Cat-1417.jpg,0.13086992502212524
SINet/S2C_SO,COD10K-CAM-2-Terrestrial-23-Cat-1418.jpg,0.06751972436904907
SINet/S2C_SO,COD10K-CAM-2-Terrestrial-23-Cat-1422.jpg,1.020726203918457
SINet/S2C_SO,COD10K-CAM-2-Terrestrial-23-Cat-1425.jpg,0.18670201301574707
SINet/S2C_SO,COD10K-CAM-2-Terrestrial-23-Cat-1426.jpg,0.05920370668172836
SINet/S2C_SO,COD10K-CAM-2-Terrestrial-23-Cat-1427.jpg,0.010056618601083755
SINet/S2C_SO,COD10K-CAM-2-Terrestrial-23-Cat-1430.jpg,0.7194015979766846
SINet/S2C_SO,COD10K-CAM-2-Terrestrial-23-Cat-1435.jpg,0.013875139877200127
SINet/S2C_SO,COD10K-CAM-2-Terrestrial-23-Cat-1436.jpg,0.12861928343772888
SINet/S2C_SO,COD10K-CAM-2-Terrestrial-23-Cat-1437.jpg,0.3198440372943878
SINet/S2C_SO,COD10K-CAM-2-Terrestrial-23-Cat-1439.jpg,0.01023572962731123
SINet/S2C_SO,COD10K-CAM-2-Terrestrial-23-Cat-1440.jpg,0.018117040395736694
SINet/S2C_SO,COD10K-CAM-2-Terrestrial-23-Cat-1441.jpg,0.961657702922821
SINet/S2C_SO,COD10K-CAM-2-Terrestrial-23-Cat-1444.jpg,0.677334189414978
SINet/S2C_SO,COD10K-CAM-2-Terrestrial-23-Cat-1445.jpg,1.3096638917922974
SINet/S2C_SO,COD10K-CAM-2-Terrestrial-23-Cat-1447.jpg,1.0102788209915161
SINet/S2C_SO,COD10K-CAM-2-Terrestrial-23-Cat-1448.jpg,0.3546563982963562
SINet/S2C_SO,COD10K-CAM-2-Terrestrial-23-Cat-1450.jpg,0.23632286489009857
SINet/S2C_SO,COD10K-CAM-2-Terrestrial-23-Cat-1452.jpg,0.2768861651420593
SINet/S2C_SO,COD10K-CAM-2-Terrestrial-23-Cat-1454.jpg,0.8065764307975769
SINet/S2C_SO,COD10K-CAM-2-Terrestrial-23-Cat-1455.jpg,0.8696612119674683
SINet/S2C_SO,COD10K-CAM-2-Terrestrial-23-Cat-1456.jpg,0.21315689384937286
SINet/S2C_SO,COD10K-CAM-2-Terrestrial-23-Cat-1457.jpg,0.0520530641078949
SINet/S2C_SO,COD10K-CAM-2-Terrestrial-23-Cat-1460.jpg,0.12562283873558044
SINet/S2C_SO,COD10K-CAM-2-Terrestrial-23-Cat-1463.jpg,0.37250715494155884
SINet/S2C_SO,COD10K-CAM-2-Terrestrial-23-Cat-1464.jpg,0.17983712255954742
SINet/S2C_SO,COD10K-CAM-2-Terrestrial-23-Cat-1467.jpg,0.9704445004463196
SINet/S2C_SO,COD10K-CAM-2-Terrestrial-23-Cat-1468.jpg,0.2904812693595886
SINet/S2C_SO,COD10K-CAM-2-Terrestrial-23-Cat-1469.jpg,0.4453754723072052
SINet/S2C_SO,COD10K-CAM-2-Terrestrial-23-Cat-1470.jpg,0.13540610671043396
SINet/S2C_SO,COD10K-CAM-2-Terrestrial-23-Cat-1473.jpg,0.26517611742019653
SINet/S2C_SO,COD10K-CAM-2-Terrestrial-23-Cat-1477.jpg,0.26322314143180847
SINet/S2C_SO,COD10K-CAM-2-Terrestrial-23-Cat-1478.jpg,0.021081315353512764
SINet/S2C_SO,COD10K-CAM-2-Terrestrial-23-Cat-1480.jpg,0.20317977666854858
SINet/S2C_SO,COD10K-CAM-2-Terrestrial-23-Cat-1482.jpg,0.754382312297821
SINet/S2C_SO,COD10K-CAM-2-Terrestrial-23-Cat-1484.jpg,0.24818816781044006
SINet/S2C_SO,COD10K-CAM-2-Terrestrial-23-Cat-1486.jpg,0.08976279199123383
SINet/S2C_SO,COD10K-CAM-2-Terrestrial-23-Cat-1487.jpg,0.5212344527244568
SINet/S2C_SO,COD10K-CAM-2-Terrestrial-23-Cat-1489.jpg,0.3270460069179535
SINet/S2C_SO,COD10K-CAM-2-Terrestrial-23-Cat-1493.jpg,0.014258278533816338
SINet/S2C_SO,COD10K-CAM-2-Terrestrial-23-Cat-1495.jpg,0.6602052450180054
SINet/S2C_SO,COD10K-CAM-2-Terrestrial-23-Cat-1497.jpg,0.4861046075820923
SINet/S2C_SO,COD10K-CAM-2-Terrestrial-23-Cat-1499.jpg,0.40291470289230347
SINet/S2C_SO,COD10K-CAM-2-Terrestrial-23-Cat-1501.jpg,0.011252382770180702
SINet/S2C_SO,COD10K-CAM-2-Terrestrial-23-Cat-1502.jpg,0.07916216552257538
SINet/S2C_SO,COD10K-CAM-2-Terrestrial-23-Cat-1503.jpg,0.08221178501844406
SINet/S2C_SO,COD10K-CAM-2-Terrestrial-23-Cat-1504.jpg,0.44485384225845337
SINet/S2C_SO,COD10K-CAM-2-Terrestrial-23-Cat-1506.jpg,0.2213045060634613
SINet/S2C_SO,COD10K-CAM-2-Terrestrial-23-Cat-1507.jpg,0.39915749430656433
SINet/S2C_SO,COD10K-CAM-2-Terrestrial-23-Cat-1509.jpg,0.10037938505411148
SINet/S2C_SO,COD10K-CAM-2-Terrestrial-23-Cat-1511.jpg,0.5795460939407349
SINet/S2C_SO,COD10K-CAM-2-Terrestrial-23-Cat-1513.jpg,0.012621026486158371
SINet/S2C_SO,COD10K-CAM-2-Terrestrial-23-Cat-1517.jpg,0.06769220530986786
SINet/S2C_SO,COD10K-CAM-2-Terrestrial-23-Cat-1518.jpg,0.7402569055557251
SINet/S2C_SO,COD10K-CAM-2-Terrestrial-23-Cat-1519.jpg,0.015554629266262054
SINet/S2C_SO,COD10K-CAM-2-Terrestrial-23-Cat-1521.jpg,0.28094080090522766
SINet/S2C_SO,COD10K-CAM-2-Terrestrial-23-Cat-1525.jpg,0.013549260795116425
SINet/S2C_SO,COD10K-CAM-2-Terrestrial-23-Cat-1528.jpg,0.16975915431976318
SINet/S2C_SO,COD10K-CAM-2-Terrestrial-23-Cat-1529.jpg,0.06715509295463562
SINet/S2C_SO,COD10K-CAM-2-Terrestrial-23-Cat-1533.jpg,0.8573798537254333
SINet/S2C_SO,COD10K-CAM-2-Terrestrial-23-Cat-1535.jpg,0.11872872710227966
SINet/S2C_SO,COD10K-CAM-2-Terrestrial-23-Cat-1536.jpg,0.04800836741924286
SINet/S2C_SO,COD10K-CAM-2-Terrestrial-23-Cat-1538.jpg,0.11166898906230927
SINet/S2C_SO,COD10K-CAM-2-Terrestrial-23-Cat-1539.jpg,0.14876346290111542
SINet/S2C_SO,COD10K-CAM-2-Terrestrial-23-Cat-1540.jpg,0.01890399493277073
SINet/S2C_SO,COD10K-CAM-2-Terrestrial-24-Caterpillar-1542.jpg,0.7761483192443848
SINet/S2C_SO,COD10K-CAM-2-Terrestrial-24-Caterpillar-1544.jpg,0.04394916072487831
SINet/S2C_SO,COD10K-CAM-2-Terrestrial-24-Caterpillar-1547.jpg,0.07261133193969727
SINet/S2C_SO,COD10K-CAM-2-Terrestrial-24-Caterpillar-1549.jpg,0.3592450022697449
SINet/S2C_SO,COD10K-CAM-2-Terrestrial-24-Caterpillar-1550.jpg,0.14763036370277405
SINet/S2C_SO,COD10K-CAM-2-Terrestrial-24-Caterpillar-1551.jpg,0.28229382634162903
SINet/S2C_SO,COD10K-CAM-2-Terrestrial-24-Caterpillar-1553.jpg,0.5829362273216248
SINet/S2C_SO,COD10K-CAM-2-Terrestrial-24-Caterpillar-1554.jpg,1.2085552215576172
SINet/S2C_SO,COD10K-CAM-2-Terrestrial-24-Caterpillar-1555.jpg,0.30023273825645447
SINet/S2C_SO,COD10K-CAM-2-Terrestrial-24-Caterpillar-1556.jpg,0.7557743191719055
SINet/S2C_SO,COD10K-CAM-2-Terrestrial-24-Caterpillar-1558.jpg,0.3878195583820343
SINet/S2C_SO,COD10K-CAM-2-Terrestrial-24-Caterpillar-1559.jpg,0.9046220779418945
SINet/S2C_SO,COD10K-CAM-2-Terrestrial-24-Caterpillar-1561.jpg,0.06547267735004425
SINet/S2C_SO,COD10K-CAM-2-Terrestrial-24-Caterpillar-1562.jpg,0.6385705471038818
SINet/S2C_SO,COD10K-CAM-2-Terrestrial-24-Caterpillar-1563.jpg,0.239227294921875
SINet/S2C_SO,COD10K-CAM-2-Terrestrial-24-Caterpillar-1566.jpg,0.13908733427524567
SINet/S2C_SO,COD10K-CAM-2-Terrestrial-24-Caterpillar-1569.jpg,0.4778420329093933
SINet/S2C_SO,COD10K-CAM-2-Terrestrial-24-Caterpillar-1571.jpg,1.1742581129074097
SINet/S2C_SO,COD10K-CAM-2-Terrestrial-24-Caterpillar-1573.jpg,0.14962397515773773
SINet/S2C_SO,COD10K-CAM-2-Terrestrial-24-Caterpillar-1575.jpg,0.2609997093677521
SINet/S2C_SO,COD10K-CAM-2-Terrestrial-24-Caterpillar-1576.jpg,0.4715890884399414
SINet/S2C_SO,COD10K-CAM-2-Terrestrial-24-Caterpillar-1577.jpg,0.2611925005912781
SINet/S2C_SO,COD10K-CAM-2-Terrestrial-24-Caterpillar-1578.jpg,0.6566184759140015
SINet/S2C_SO,COD10K-CAM-2-Terrestrial-24-Caterpillar-1579.jpg,0.5402840375900269
SINet/S2C_SO,COD10K-CAM-2-Terrestrial-24-Caterpillar-1580.jpg,0.005551643203943968
SINet/S2C_SO,COD10K-CAM-2-Terrestrial-24-Caterpillar-1583.jpg,0.32639366388320923
SINet/S2C_SO,COD10K-CAM-2-Terrestrial-24-Caterpillar-1584.jpg,1.0823427438735962
SINet/S2C_SO,COD10K-CAM-2-Terrestrial-24-Caterpillar-1585.jpg,0.17248742282390594
SINet/S2C_SO,COD10K-CAM-2-Terrestrial-24-Caterpillar-1586.jpg,0.2261987328529358
SINet/S2C_SO,COD10K-CAM-2-Terrestrial-24-Caterpillar-1588.jpg,0.32533860206604004
SINet/S2C_SO,COD10K-CAM-2-Terrestrial-24-Caterpillar-1589.jpg,0.2065809667110443
SINet/S2C_SO,COD10K-CAM-2-Terrestrial-24-Caterpillar-1590.jpg,0.03399752080440521
SINet/S2C_SO,COD10K-CAM-2-Terrestrial-24-Caterpillar-1592.jpg,0.4022407829761505
SINet/S2C_SO,COD10K-CAM-2-Terrestrial-24-Caterpillar-1593.jpg,0.22496327757835388
SINet/S2C_SO,COD10K-CAM-2-Terrestrial-24-Caterpillar-1595.jpg,0.5026395916938782
SINet/S2C_SO,COD10K-CAM-2-Terrestrial-24-Caterpillar-1598.jpg,0.07922777533531189
SINet/S2C_SO,COD10K-CAM-2-Terrestrial-24-Caterpillar-1599.jpg,0.07789073884487152
SINet/S2C_SO,COD10K-CAM-2-Terrestrial-24-Caterpillar-1600.jpg,1.713545560836792
SINet/S2C_SO,COD10K-CAM-2-Terrestrial-24-Caterpillar-1601.jpg,0.4009050726890564
SINet/S2C_SO,COD10K-CAM-2-Terrestrial-24-Caterpillar-1603.jpg,0.1679840087890625
SINet/S2C_SO,COD10K-CAM-2-Terrestrial-24-Caterpillar-1604.jpg,0.05058684200048447
SINet/S2C_SO,COD10K-CAM-2-Terrestrial-24-Caterpillar-1605.jpg,0.302566796541214
SINet/S2C_SO,COD10K-CAM-2-Terrestrial-24-Caterpillar-1606.jpg,0.037069208920001984
SINet/S2C_SO,COD10K-CAM-2-Terrestrial-24-Caterpillar-1609.jpg,0.22825267910957336
SINet/S2C_SO,COD10K-CAM-2-Terrestrial-24-Caterpillar-1610.jpg,0.06740334630012512
SINet/S2C_SO,COD10K-CAM-2-Terrestrial-24-Caterpillar-1611.jpg,0.016128793358802795
SINet/S2C_SO,COD10K-CAM-2-Terrestrial-24-Caterpillar-1612.jpg,0.012340543791651726
SINet/S2C_SO,COD10K-CAM-2-Terrestrial-24-Caterpillar-1613.jpg,0.1921347677707672
SINet/S2C_SO,COD10K-CAM-2-Terrestrial-24-Caterpillar-1614.jpg,0.14865007996559143
SINet/S2C_SO,COD10K-CAM-2-Terrestrial-24-Caterpillar-1615.jpg,0.14611610770225525
SINet/S2C_SO,COD10K-CAM-2-Terrestrial-24-Caterpillar-1617.jpg,0.32031798362731934
SINet/S2C_SO,COD10K-CAM-2-Terrestrial-24-Caterpillar-1618.jpg,0.5958589315414429
SINet/S2C_SO,COD10K-CAM-2-Terrestrial-24-Caterpillar-1619.jpg,0.5128973126411438
SINet/S2C_SO,COD10K-CAM-2-Terrestrial-24-Caterpillar-1620.jpg,0.1351059377193451
SINet/S2C_SO,COD10K-CAM-2-Terrestrial-24-Caterpillar-1624.jpg,0.10495063662528992
SINet/S2C_SO,COD10K-CAM-2-Terrestrial-24-Caterpillar-1625.jpg,0.8336408138275146
SINet/S2C_SO,COD10K-CAM-2-Terrestrial-24-Caterpillar-1627.jpg,0.5172548294067383
SINet/S2C_SO,COD10K-CAM-2-Terrestrial-24-Caterpillar-1628.jpg,0.18451407551765442
SINet/S2C_SO,COD10K-CAM-2-Terrestrial-24-Caterpillar-1629.jpg,0.11199963837862015
SINet/S2C_SO,COD10K-CAM-2-Terrestrial-24-Caterpillar-1630.jpg,0.3356587588787079
SINet/S2C_SO,COD10K-CAM-2-Terrestrial-24-Caterpillar-1631.jpg,0.5466395020484924
SINet/S2C_SO,COD10K-CAM-2-Terrestrial-24-Caterpillar-1632.jpg,0.34077927470207214
SINet/S2C_SO,COD10K-CAM-2-Terrestrial-24-Caterpillar-1634.jpg,0.24843965470790863
SINet/S2C_SO,COD10K-CAM-2-Terrestrial-24-Caterpillar-1635.jpg,0.3945469260215759
SINet/S2C_SO,COD10K-CAM-2-Terrestrial-24-Caterpillar-1636.jpg,0.14697802066802979
SINet/S2C_SO,COD10K-CAM-2-Terrestrial-24-Caterpillar-1637.jpg,0.1287415623664856
SINet/S2C_SO,COD10K-CAM-2-Terrestrial-24-Caterpillar-1638.jpg,0.19863668084144592
SINet/S2C_SO,COD10K-CAM-2-Terrestrial-24-Caterpillar-1639.jpg,0.21898894011974335
SINet/S2C_SO,COD10K-CAM-2-Terrestrial-24-Caterpillar-1640.jpg,0.10083618760108948
SINet/S2C_SO,COD10K-CAM-2-Terrestrial-24-Caterpillar-1642.jpg,0.3275878429412842
SINet/S2C_SO,COD10K-CAM-2-Terrestrial-24-Caterpillar-1646.jpg,0.330594927072525
SINet/S2C_SO,COD10K-CAM-2-Terrestrial-24-Caterpillar-1647.jpg,0.11801432818174362
SINet/S2C_SO,COD10K-CAM-2-Terrestrial-24-Caterpillar-1648.jpg,0.15456444025039673
SINet/S2C_SO,COD10K-CAM-2-Terrestrial-24-Caterpillar-1649.jpg,0.24591676890850067
SINet/S2C_SO,COD10K-CAM-2-Terrestrial-24-Caterpillar-1651.jpg,0.174963116645813
SINet/S2C_SO,COD10K-CAM-2-Terrestrial-24-Caterpillar-1654.jpg,0.14824320375919342
SINet/S2C_SO,COD10K-CAM-2-Terrestrial-25-Centipede-1656.jpg,0.04070509225130081
SINet/S2C_SO,COD10K-CAM-2-Terrestrial-25-Centipede-1657.jpg,0.1659562587738037
SINet/S2C_SO,COD10K-CAM-2-Terrestrial-25-Centipede-1660.jpg,0.14995670318603516
SINet/S2C_SO,COD10K-CAM-2-Terrestrial-25-Centipede-1661.jpg,0.5221181511878967
SINet/S2C_SO,COD10K-CAM-2-Terrestrial-25-Centipede-1662.jpg,0.2902770936489105
SINet/S2C_SO,COD10K-CAM-2-Terrestrial-26-Chameleon-1664.jpg,0.5264230966567993
SINet/S2C_SO,COD10K-CAM-2-Terrestrial-26-Chameleon-1665.jpg,0.26137176156044006
SINet/S2C_SO,COD10K-CAM-2-Terrestrial-26-Chameleon-1666.jpg,0.1974412202835083
SINet/S2C_SO,COD10K-CAM-2-Terrestrial-26-Chameleon-1668.jpg,0.07562725991010666
SINet/S2C_SO,COD10K-CAM-2-Terrestrial-26-Chameleon-1669.jpg,0.4599567651748657
SINet/S2C_SO,COD10K-CAM-2-Terrestrial-26-Chameleon-1672.jpg,0.07420371472835541
SINet/S2C_SO,COD10K-CAM-2-Terrestrial-26-Chameleon-1673.jpg,0.28467386960983276
SINet/S2C_SO,COD10K-CAM-2-Terrestrial-26-Chameleon-1674.jpg,0.24373245239257812
SINet/S2C_SO,COD10K-CAM-2-Terrestrial-26-Chameleon-1675.jpg,0.10674247145652771
SINet/S2C_SO,COD10K-CAM-2-Terrestrial-26-Chameleon-1677.jpg,0.24759232997894287
SINet/S2C_SO,COD10K-CAM-2-Terrestrial-26-Chameleon-1678.jpg,0.30867311358451843
SINet/S2C_SO,COD10K-CAM-2-Terrestrial-26-Chameleon-1679.jpg,0.19743755459785461
SINet/S2C_SO,COD10K-CAM-2-Terrestrial-26-Chameleon-1680.jpg,0.17953532934188843
SINet/S2C_SO,COD10K-CAM-2-Terrestrial-26-Chameleon-1682.jpg,0.27727046608924866
SINet/S2C_SO,COD10K-CAM-2-Terrestrial-26-Chameleon-1683.jpg,0.12989665567874908
SINet/S2C_SO,COD10K-CAM-2-Terrestrial-26-Chameleon-1684.jpg,0.5399619340896606
SINet/S2C_SO,COD10K-CAM-2-Terrestrial-26-Chameleon-1685.jpg,0.24364645779132843
SINet/S2C_SO,COD10K-CAM-2-Terrestrial-26-Chameleon-1686.jpg,0.1603461056947708
SINet/S2C_SO,COD10K-CAM-2-Terrestrial-26-Chameleon-1687.jpg,0.27808037400245667
SINet/S2C_SO,COD10K-CAM-2-Terrestrial-26-Chameleon-1690.jpg,0.08663767576217651
SINet/S2C_SO,COD10K-CAM-2-Terrestrial-26-Chameleon-1691.jpg,0.5441005825996399
SINet/S2C_SO,COD10K-CAM-2-Terrestrial-26-Chameleon-1694.jpg,0.19445225596427917
SINet/S2C_SO,COD10K-CAM-2-Terrestrial-26-Chameleon-1695.jpg,0.15748831629753113
SINet/S2C_SO,COD10K-CAM-2-Terrestrial-26-Chameleon-1700.jpg,0.6455492377281189
SINet/S2C_SO,COD10K-CAM-2-Terrestrial-26-Chameleon-1702.jpg,0.16184042394161224
SINet/S2C_SO,COD10K-CAM-2-Terrestrial-26-Chameleon-1704.jpg,0.7185604572296143
SINet/S2C_SO,COD10K-CAM-2-Terrestrial-26-Chameleon-1708.jpg,0.09107326716184616
SINet/S2C_SO,COD10K-CAM-2-Terrestrial-26-Chameleon-1710.jpg,0.048002488911151886
SINet/S2C_SO,COD10K-CAM-2-Terrestrial-26-Chameleon-1712.jpg,0.31300583481788635
SINet/S2C_SO,COD10K-CAM-2-Terrestrial-26-Chameleon-1714.jpg,0.09534214437007904
SINet/S2C_SO,COD10K-CAM-2-Terrestrial-26-Chameleon-1715.jpg,0.0430782288312912
SINet/S2C_SO,COD10K-CAM-2-Terrestrial-26-Chameleon-1717.jpg,0.1167871505022049
SINet/S2C_SO,COD10K-CAM-2-Terrestrial-26-Chameleon-1718.jpg,0.3642902076244354
SINet/S2C_SO,COD10K-CAM-2-Terrestrial-26-Chameleon-1720.jpg,0.1939755380153656
SINet/S2C_SO,COD10K-CAM-2-Terrestrial-26-Chameleon-1721.jpg,0.3129565119743347
SINet/S2C_SO,COD10K-CAM-2-Terrestrial-26-Chameleon-1724.jpg,0.08006622642278671
SINet/S2C_SO,COD10K-CAM-2-Terrestrial-26-Chameleon-1725.jpg,0.06305472552776337
SINet/S2C_SO,COD10K-CAM-2-Terrestrial-26-Chameleon-1726.jpg,0.25541573762893677
SINet/S2C_SO,COD10K-CAM-2-Terrestrial-26-Chameleon-1728.jpg,0.03868512064218521
SINet/S2C_SO,COD10K-CAM-2-Terrestrial-26-Chameleon-1729.jpg,0.20863328874111176
SINet/S2C_SO,COD10K-CAM-2-Terrestrial-26-Chameleon-1731.jpg,0.24982473254203796
SINet/S2C_SO,COD10K-CAM-2-Terrestrial-26-Chameleon-1732.jpg,0.15991538763046265
SINet/S2C_SO,COD10K-CAM-2-Terrestrial-26-Chameleon-1733.jpg,0.24234884977340698
SINet/S2C_SO,COD10K-CAM-2-Terrestrial-26-Chameleon-1734.jpg,0.751590371131897
SINet/S2C_SO,COD10K-CAM-2-Terrestrial-26-Chameleon-1735.jpg,0.441733181476593
SINet/S2C_SO,COD10K-CAM-2-Terrestrial-26-Chameleon-1736.jpg,0.029690250754356384
SINet/S2C_SO,COD10K-CAM-2-Terrestrial-27-Cheetah-1738.jpg,0.12494145333766937
SINet/S2C_SO,COD10K-CAM-2-Terrestrial-27-Cheetah-1740.jpg,0.03353971987962723
SINet/S2C_SO,COD10K-CAM-2-Terrestrial-27-Cheetah-1741.jpg,0.19145026803016663
SINet/S2C_SO,COD10K-CAM-2-Terrestrial-27-Cheetah-1744.jpg,0.010963442735373974
SINet/S2C_SO,COD10K-CAM-2-Terrestrial-27-Cheetah-1746.jpg,0.007016433402895927
SINet/S2C_SO,COD10K-CAM-2-Terrestrial-27-Cheetah-1748.jpg,0.05192648619413376
SINet/S2C_SO,COD10K-CAM-2-Terrestrial-27-Cheetah-1749.jpg,0.014961615204811096
SINet/S2C_SO,COD10K-CAM-2-Terrestrial-27-Cheetah-1752.jpg,0.06506677716970444
SINet/S2C_SO,COD10K-CAM-2-Terrestrial-27-Cheetah-1754.jpg,0.18430760502815247
SINet/S2C_SO,COD10K-CAM-2-Terrestrial-27-Cheetah-1757.jpg,0.07062046229839325
SINet/S2C_SO,COD10K-CAM-2-Terrestrial-28-Deer-1759.jpg,0.02118070237338543
SINet/S2C_SO,COD10K-CAM-2-Terrestrial-28-Deer-1763.jpg,0.04045829921960831
SINet/S2C_SO,COD10K-CAM-2-Terrestrial-28-Deer-1765.jpg,0.14812681078910828
SINet/S2C_SO,COD10K-CAM-2-Terrestrial-28-Deer-1770.jpg,0.014280349016189575
SINet/S2C_SO,COD10K-CAM-2-Terrestrial-28-Deer-1771.jpg,0.06197987496852875
SINet/S2C_SO,COD10K-CAM-2-Terrestrial-28-Deer-1774.jpg,0.20304450392723083
SINet/S2C_SO,COD10K-CAM-2-Terrestrial-28-Deer-1776.jpg,0.09807930886745453
SINet/S2C_SO,COD10K-CAM-2-Terrestrial-28-Deer-1777.jpg,0.007356956601142883
SINet/S2C_SO,COD10K-CAM-2-Terrestrial-28-Deer-1778.jpg,0.009012386202812195
SINet/S2C_SO,COD10K-CAM-2-Terrestrial-28-Deer-1780.jpg,0.1092727929353714
SINet/S2C_SO,COD10K-CAM-2-Terrestrial-28-Deer-1781.jpg,0.06950892508029938
SINet/S2C_SO,COD10K-CAM-2-Terrestrial-28-Deer-1782.jpg,0.12082167714834213
SINet/S2C_SO,COD10K-CAM-2-Terrestrial-28-Deer-1783.jpg,0.11472150683403015
SINet/S2C_SO,COD10K-CAM-2-Terrestrial-28-Deer-1786.jpg,0.030262934044003487
SINet/S2C_SO,COD10K-CAM-2-Terrestrial-28-Deer-1787.jpg,0.037771984934806824
SINet/S2C_SO,COD10K-CAM-2-Terrestrial-28-Deer-1789.jpg,0.01954968273639679
SINet/S2C_SO,COD10K-CAM-2-Terrestrial-28-Deer-1793.jpg,0.06596240401268005
SINet/S2C_SO,COD10K-CAM-2-Terrestrial-28-Deer-1796.jpg,0.030240733176469803
SINet/S2C_SO,COD10K-CAM-2-Terrestrial-28-Deer-1797.jpg,1.0418221950531006
SINet/S2C_SO,COD10K-CAM-2-Terrestrial-28-Deer-1798.jpg,0.15387150645256042
SINet/S2C_SO,COD10K-CAM-2-Terrestrial-28-Deer-1799.jpg,0.021515000611543655
SINet/S2C_SO,COD10K-CAM-2-Terrestrial-28-Deer-1800.jpg,0.020818481221795082
SINet/S2C_SO,COD10K-CAM-2-Terrestrial-28-Deer-1802.jpg,0.025934111326932907
SINet/S2C_SO,COD10K-CAM-2-Terrestrial-28-Deer-1803.jpg,0.29201972484588623
SINet/S2C_SO,COD10K-CAM-2-Terrestrial-29-Dog-1806.jpg,0.24134187400341034
SINet/S2C_SO,COD10K-CAM-2-Terrestrial-29-Dog-1807.jpg,0.036339133977890015
SINet/S2C_SO,COD10K-CAM-2-Terrestrial-29-Dog-1808.jpg,0.8590480089187622
SINet/S2C_SO,COD10K-CAM-2-Terrestrial-29-Dog-1809.jpg,0.14546528458595276
SINet/S2C_SO,COD10K-CAM-2-Terrestrial-29-Dog-1810.jpg,0.06257215142250061
SINet/S2C_SO,COD10K-CAM-2-Terrestrial-29-Dog-1811.jpg,0.41164764761924744
SINet/S2C_SO,COD10K-CAM-2-Terrestrial-29-Dog-1812.jpg,0.005397516302764416
SINet/S2C_SO,COD10K-CAM-2-Terrestrial-29-Dog-1813.jpg,0.011533482000231743
SINet/S2C_SO,COD10K-CAM-2-Terrestrial-29-Dog-1818.jpg,0.022479940205812454
SINet/S2C_SO,COD10K-CAM-2-Terrestrial-29-Dog-1819.jpg,0.1090480387210846
SINet/S2C_SO,COD10K-CAM-2-Terrestrial-29-Dog-1821.jpg,0.03372335433959961
SINet/S2C_SO,COD10K-CAM-2-Terrestrial-29-Dog-1822.jpg,0.11848858743906021
SINet/S2C_SO,COD10K-CAM-2-Terrestrial-29-Dog-1823.jpg,0.1902884542942047
SINet/S2C_SO,COD10K-CAM-2-Terrestrial-29-Dog-1824.jpg,0.01670289784669876
SINet/S2C_SO,COD10K-CAM-2-Terrestrial-29-Dog-1826.jpg,0.04889345169067383
SINet/S2C_SO,COD10K-CAM-2-Terrestrial-29-Dog-1828.jpg,0.7336329817771912
SINet/S2C_SO,COD10K-CAM-2-Terrestrial-29-Dog-1833.jpg,0.008557207882404327
SINet/S2C_SO,COD10K-CAM-2-Terrestrial-29-Dog-1839.jpg,0.004274001345038414
SINet/S2C_SO,COD10K-CAM-2-Terrestrial-29-Dog-1841.jpg,0.07582143694162369
SINet/S2C_SO,COD10K-CAM-2-Terrestrial-29-Dog-1842.jpg,0.021171320229768753
SINet/S2C_SO,COD10K-CAM-2-Terrestrial-29-Dog-1843.jpg,0.8232874870300293
SINet/S2C_SO,COD10K-CAM-2-Terrestrial-29-Dog-1844.jpg,0.04299738258123398
SINet/S2C_SO,COD10K-CAM-2-Terrestrial-29-Dog-1845.jpg,0.006599582731723785
SINet/S2C_SO,COD10K-CAM-2-Terrestrial-29-Dog-1846.jpg,0.030705725774168968
SINet/S2C_SO,COD10K-CAM-2-Terrestrial-29-Dog-1847.jpg,1.1861077547073364
SINet/S2C_SO,COD10K-CAM-2-Terrestrial-29-Dog-1848.jpg,0.9522368907928467
SINet/S2C_SO,COD10K-CAM-2-Terrestrial-29-Dog-1849.jpg,0.16601631045341492
SINet/S2C_SO,COD10K-CAM-2-Terrestrial-29-Dog-1850.jpg,0.10104888677597046
SINet/S2C_SO,COD10K-CAM-2-Terrestrial-29-Dog-1852.jpg,0.42708244919776917
SINet/S2C_SO,COD10K-CAM-2-Terrestrial-29-Dog-1855.jpg,0.023667745292186737
SINet/S2C_SO,COD10K-CAM-2-Terrestrial-29-Dog-1857.jpg,0.1551971584558487
SINet/S2C_SO,COD10K-CAM-2-Terrestrial-29-Dog-1858.jpg,0.0445629246532917
SINet/S2C_SO,COD10K-CAM-2-Terrestrial-29-Dog-1859.jpg,0.5770416259765625
SINet/S2C_SO,COD10K-CAM-2-Terrestrial-29-Dog-1860.jpg,0.014564163982868195
SINet/S2C_SO,COD10K-CAM-2-Terrestrial-29-Dog-1861.jpg,0.047362279146909714
SINet/S2C_SO,COD10K-CAM-2-Terrestrial-30-Duck-1863.jpg,0.30391305685043335
SINet/S2C_SO,COD10K-CAM-2-Terrestrial-30-Duck-1864.jpg,0.11836434155702591
SINet/S2C_SO,COD10K-CAM-2-Terrestrial-30-Duck-1865.jpg,0.10623162239789963
SINet/S2C_SO,COD10K-CAM-2-Terrestrial-30-Duck-1867.jpg,0.055576734244823456
SINet/S2C_SO,COD10K-CAM-2-Terrestrial-30-Duck-1869.jpg,0.03808832913637161
SINet/S2C_SO,COD10K-CAM-2-Terrestrial-30-Duck-1872.jpg,0.007557386066764593
SINet/S2C_SO,COD10K-CAM-2-Terrestrial-30-Duck-1874.jpg,0.5505544543266296
SINet/S2C_SO,COD10K-CAM-2-Terrestrial-30-Duck-1875.jpg,0.17219892144203186
SINet/S2C_SO,COD10K-CAM-2-Terrestrial-30-Duck-1877.jpg,0.07665602117776871
SINet/S2C_SO,COD10K-CAM-2-Terrestrial-30-Duck-1878.jpg,0.11058667302131653
SINet/S2C_SO,COD10K-CAM-2-Terrestrial-31-Gecko-1879.jpg,0.34297358989715576
SINet/S2C_SO,COD10K-CAM-2-Terrestrial-31-Gecko-1881.jpg,0.011099876835942268
SINet/S2C_SO,COD10K-CAM-2-Terrestrial-31-Gecko-1883.jpg,0.026406021788716316
SINet/S2C_SO,COD10K-CAM-2-Terrestrial-31-Gecko-1884.jpg,0.5265640020370483
SINet/S2C_SO,COD10K-CAM-2-Terrestrial-31-Gecko-1885.jpg,0.25275522470474243
SINet/S2C_SO,COD10K-CAM-2-Terrestrial-31-Gecko-1886.jpg,0.22200623154640198
SINet/S2C_SO,COD10K-CAM-2-Terrestrial-31-Gecko-1887.jpg,0.20598973333835602
SINet/S2C_SO,COD10K-CAM-2-Terrestrial-31-Gecko-1891.jpg,0.051456108689308167
SINet/S2C_SO,COD10K-CAM-2-Terrestrial-31-Gecko-1894.jpg,0.23273965716362
SINet/S2C_SO,COD10K-CAM-2-Terrestrial-31-Gecko-1896.jpg,0.3630354702472687
SINet/S2C_SO,COD10K-CAM-2-Terrestrial-31-Gecko-1897.jpg,0.6564056277275085
SINet/S2C_SO,COD10K-CAM-2-Terrestrial-31-Gecko-1898.jpg,0.6256055235862732
SINet/S2C_SO,COD10K-CAM-2-Terrestrial-31-Gecko-1899.jpg,0.39165642857551575
SINet/S2C_SO,COD10K-CAM-2-Terrestrial-31-Gecko-1900.jpg,0.2956158518791199
SINet/S2C_SO,COD10K-CAM-2-Terrestrial-31-Gecko-1902.jpg,0.26131200790405273
SINet/S2C_SO,COD10K-CAM-2-Terrestrial-31-Gecko-1904.jpg,0.10988886654376984
SINet/S2C_SO,COD10K-CAM-2-Terrestrial-31-Gecko-1905.jpg,0.12657377123832703
SINet/S2C_SO,COD10K-CAM-2-Terrestrial-31-Gecko-1906.jpg,0.6390009522438049
SINet/S2C_SO,COD10K-CAM-2-Terrestrial-31-Gecko-1909.jpg,0.48937827348709106
SINet/S2C_SO,COD10K-CAM-2-Terrestrial-31-Gecko-1910.jpg,0.1753459870815277
SINet/S2C_SO,COD10K-CAM-2-Terrestrial-31-Gecko-1911.jpg,0.02265124022960663
SINet/S2C_SO,COD10K-CAM-2-Terrestrial-31-Gecko-1912.jpg,0.30683013796806335
SINet/S2C_SO,COD10K-CAM-2-Terrestrial-31-Gecko-1914.jpg,0.0019459628965705633
SINet/S2C_SO,COD10K-CAM-2-Terrestrial-31-Gecko-1915.jpg,0.08380545675754547
SINet/S2C_SO,COD10K-CAM-2-Terrestrial-31-Gecko-1916.jpg,0.027274485677480698
SINet/S2C_SO,COD10K-CAM-2-Terrestrial-31-Gecko-1918.jpg,0.013992739841341972
SINet/S2C_SO,COD10K-CAM-2-Terrestrial-31-Gecko-1919.jpg,0.30700960755348206
SINet/S2C_SO,COD10K-CAM-2-Terrestrial-31-Gecko-1921.jpg,0.5471211671829224
SINet/S2C_SO,COD10K-CAM-2-Terrestrial-31-Gecko-1924.jpg,0.3991134464740753
SINet/S2C_SO,COD10K-CAM-2-Terrestrial-31-Gecko-1925.jpg,0.30174946784973145
SINet/S2C_SO,COD10K-CAM-2-Terrestrial-31-Gecko-1926.jpg,0.6693348288536072
SINet/S2C_SO,COD10K-CAM-2-Terrestrial-31-Gecko-1928.jpg,0.10284791886806488
SINet/S2C_SO,COD10K-CAM-2-Terrestrial-32-Giraffe-1930.jpg,0.5135867595672607
SINet/S2C_SO,COD10K-CAM-2-Terrestrial-32-Giraffe-1931.jpg,0.09863069653511047
SINet/S2C_SO,COD10K-CAM-2-Terrestrial-32-Giraffe-1933.jpg,0.0730077251791954
SINet/S2C_SO,COD10K-CAM-2-Terrestrial-32-Giraffe-1936.jpg,0.09185481071472168
SINet/S2C_SO,COD10K-CAM-2-Terrestrial-32-Giraffe-1938.jpg,0.10541777312755585
SINet/S2C_SO,COD10K-CAM-2-Terrestrial-32-Giraffe-1939.jpg,0.08742724359035492
SINet/S2C_SO,COD10K-CAM-2-Terrestrial-32-Giraffe-1943.jpg,0.38525232672691345
SINet/S2C_SO,COD10K-CAM-2-Terrestrial-32-Giraffe-1944.jpg,0.17627421021461487
SINet/S2C_SO,COD10K-CAM-2-Terrestrial-32-Giraffe-1945.jpg,0.27705371379852295
SINet/S2C_SO,COD10K-CAM-2-Terrestrial-32-Giraffe-1946.jpg,0.046584248542785645
SINet/S2C_SO,COD10K-CAM-2-Terrestrial-32-Giraffe-1948.jpg,0.068531334400177
SINet/S2C_SO,COD10K-CAM-2-Terrestrial-32-Giraffe-1949.jpg,0.4623369574546814
SINet/S2C_SO,COD10K-CAM-2-Terrestrial-33-Grouse-1951.jpg,0.017131615430116653
SINet/S2C_SO,COD10K-CAM-2-Terrestrial-33-Grouse-1953.jpg,0.7451444864273071
SINet/S2C_SO,COD10K-CAM-2-Terrestrial-33-Grouse-1955.jpg,0.06951332837343216
SINet/S2C_SO,COD10K-CAM-2-Terrestrial-33-Grouse-1956.jpg,0.01067373901605606
SINet/S2C_SO,COD10K-CAM-2-Terrestrial-33-Grouse-1957.jpg,0.29827743768692017
SINet/S2C_SO,COD10K-CAM-2-Terrestrial-33-Grouse-1960.jpg,0.12897442281246185
SINet/S2C_SO,COD10K-CAM-2-Terrestrial-33-Grouse-1963.jpg,0.4163130521774292
SINet/S2C_SO,COD10K-CAM-2-Terrestrial-33-Grouse-1964.jpg,0.15919573605060577
SINet/S2C_SO,COD10K-CAM-2-Terrestrial-33-Grouse-1965.jpg,0.026234205812215805
SINet/S2C_SO,COD10K-CAM-2-Terrestrial-33-Grouse-1967.jpg,0.15359751880168915
SINet/S2C_SO,COD10K-CAM-2-Terrestrial-34-Human-1968.jpg,0.17439565062522888
SINet/S2C_SO,COD10K-CAM-2-Terrestrial-34-Human-1969.jpg,0.13738702237606049
SINet/S2C_SO,COD10K-CAM-2-Terrestrial-34-Human-1971.jpg,0.021825000643730164
SINet/S2C_SO,COD10K-CAM-2-Terrestrial-34-Human-1972.jpg,0.012910994701087475
SINet/S2C_SO,COD10K-CAM-2-Terrestrial-34-Human-1974.jpg,0.06666410714387894
SINet/S2C_SO,COD10K-CAM-2-Terrestrial-34-Human-1976.jpg,0.02645823359489441
SINet/S2C_SO,COD10K-CAM-2-Terrestrial-34-Human-1977.jpg,0.014101008884608746
SINet/S2C_SO,COD10K-CAM-2-Terrestrial-34-Human-1979.jpg,0.779332160949707
SINet/S2C_SO,COD10K-CAM-2-Terrestrial-34-Human-1981.jpg,0.6140331029891968
SINet/S2C_SO,COD10K-CAM-2-Terrestrial-34-Human-1982.jpg,0.2595234513282776
SINet/S2C_SO,COD10K-CAM-2-Terrestrial-34-Human-1984.jpg,0.030837256461381912
SINet/S2C_SO,COD10K-CAM-2-Terrestrial-34-Human-1986.jpg,0.0869474709033966
SINet/S2C_SO,COD10K-CAM-2-Terrestrial-34-Human-1988.jpg,0.3864942193031311
SINet/S2C_SO,COD10K-CAM-2-Terrestrial-34-Human-1989.jpg,0.25359582901000977
SINet/S2C_SO,COD10K-CAM-2-Terrestrial-34-Human-1994.jpg,0.016508014872670174
SINet/S2C_SO,COD10K-CAM-2-Terrestrial-34-Human-1995.jpg,1.261420726776123
SINet/S2C_SO,COD10K-CAM-2-Terrestrial-34-Human-1999.jpg,1.4650534391403198
SINet/S2C_SO,COD10K-CAM-2-Terrestrial-34-Human-2001.jpg,0.056012071669101715
SINet/S2C_SO,COD10K-CAM-2-Terrestrial-34-Human-2002.jpg,0.326607882976532
SINet/S2C_SO,COD10K-CAM-2-Terrestrial-34-Human-2003.jpg,0.7144288420677185
SINet/S2C_SO,COD10K-CAM-2-Terrestrial-34-Human-2004.jpg,0.03365055471658707
SINet/S2C_SO,COD10K-CAM-2-Terrestrial-34-Human-2005.jpg,0.04510435461997986
SINet/S2C_SO,COD10K-CAM-2-Terrestrial-34-Human-2006.jpg,0.5499063730239868
SINet/S2C_SO,COD10K-CAM-2-Terrestrial-34-Human-2008.jpg,0.015269082970917225
SINet/S2C_SO,COD10K-CAM-2-Terrestrial-34-Human-2009.jpg,0.03041600063443184
SINet/S2C_SO,COD10K-CAM-2-Terrestrial-34-Human-2011.jpg,1.2860630750656128
SINet/S2C_SO,COD10K-CAM-2-Terrestrial-34-Human-2015.jpg,0.06315740942955017
SINet/S2C_SO,COD10K-CAM-2-Terrestrial-34-Human-2016.jpg,0.1315716803073883
SINet/S2C_SO,COD10K-CAM-2-Terrestrial-34-Human-2019.jpg,0.02975417673587799
SINet/S2C_SO,COD10K-CAM-2-Terrestrial-34-Human-2020.jpg,0.09018535912036896
SINet/S2C_SO,COD10K-CAM-2-Terrestrial-34-Human-2021.jpg,1.1448321342468262
SINet/S2C_SO,COD10K-CAM-2-Terrestrial-34-Human-2022.jpg,1.3195403814315796
SINet/S2C_SO,COD10K-CAM-2-Terrestrial-34-Human-2023.jpg,0.000508689321577549
SINet/S2C_SO,COD10K-CAM-2-Terrestrial-34-Human-2024.jpg,1.4673864841461182
SINet/S2C_SO,COD10K-CAM-2-Terrestrial-34-Human-2025.jpg,0.1706313192844391
SINet/S2C_SO,COD10K-CAM-2-Terrestrial-34-Human-2026.jpg,0.07185651361942291
SINet/S2C_SO,COD10K-CAM-2-Terrestrial-34-Human-2027.jpg,0.08820077031850815
SINet/S2C_SO,COD10K-CAM-2-Terrestrial-34-Human-2029.jpg,0.020188093185424805
SINet/S2C_SO,COD10K-CAM-2-Terrestrial-34-Human-2030.jpg,0.3966328501701355
SINet/S2C_SO,COD10K-CAM-2-Terrestrial-34-Human-2032.jpg,0.02029171772301197
SINet/S2C_SO,COD10K-CAM-2-Terrestrial-34-Human-2033.jpg,0.2059263437986374
SINet/S2C_SO,COD10K-CAM-2-Terrestrial-34-Human-2036.jpg,0.2248198688030243
SINet/S2C_SO,COD10K-CAM-2-Terrestrial-34-Human-2038.jpg,0.22026652097702026
SINet/S2C_SO,COD10K-CAM-2-Terrestrial-34-Human-2040.jpg,0.05887238681316376
SINet/S2C_SO,COD10K-CAM-2-Terrestrial-34-Human-2041.jpg,0.05633271485567093
SINet/S2C_SO,COD10K-CAM-2-Terrestrial-34-Human-2042.jpg,0.18172228336334229
SINet/S2C_SO,COD10K-CAM-2-Terrestrial-34-Human-2043.jpg,0.3900470435619354
SINet/S2C_SO,COD10K-CAM-2-Terrestrial-34-Human-2044.jpg,0.01270551048219204
SINet/S2C_SO,COD10K-CAM-2-Terrestrial-34-Human-2046.jpg,0.5687921643257141
SINet/S2C_SO,COD10K-CAM-2-Terrestrial-35-Kangaroo-2047.jpg,0.016492798924446106
SINet/S2C_SO,COD10K-CAM-2-Terrestrial-35-Kangaroo-2048.jpg,0.022997291758656502
SINet/S2C_SO,COD10K-CAM-2-Terrestrial-35-Kangaroo-2051.jpg,0.03151136264204979
SINet/S2C_SO,COD10K-CAM-2-Terrestrial-35-Kangaroo-2052.jpg,0.14181146025657654
SINet/S2C_SO,COD10K-CAM-2-Terrestrial-35-Kangaroo-2054.jpg,0.00877067819237709
SINet/S2C_SO,COD10K-CAM-2-Terrestrial-35-Kangaroo-2055.jpg,0.006487775593996048
SINet/S2C_SO,COD10K-CAM-2-Terrestrial-36-Leopard-2056.jpg,0.19844211637973785
SINet/S2C_SO,COD10K-CAM-2-Terrestrial-36-Leopard-2057.jpg,0.011604806408286095
SINet/S2C_SO,COD10K-CAM-2-Terrestrial-36-Leopard-2058.jpg,0.16900578141212463
SINet/S2C_SO,COD10K-CAM-2-Terrestrial-36-Leopard-2060.jpg,0.5616456270217896
SINet/S2C_SO,COD10K-CAM-2-Terrestrial-36-Leopard-2062.jpg,0.10202450305223465
SINet/S2C_SO,COD10K-CAM-2-Terrestrial-36-Leopard-2065.jpg,0.18274496495723724
SINet/S2C_SO,COD10K-CAM-2-Terrestrial-36-Leopard-2069.jpg,0.40606340765953064
SINet/S2C_SO,COD10K-CAM-2-Terrestrial-36-Leopard-2074.jpg,0.4537431597709656
SINet/S2C_SO,COD10K-CAM-2-Terrestrial-36-Leopard-2075.jpg,0.024041693657636642
SINet/S2C_SO,COD10K-CAM-2-Terrestrial-36-Leopard-2078.jpg,0.7372264862060547
SINet/S2C_SO,COD10K-CAM-2-Terrestrial-36-Leopard-2080.jpg,0.30042874813079834
SINet/S2C_SO,COD10K-CAM-2-Terrestrial-36-Leopard-2081.jpg,0.4085465371608734
SINet/S2C_SO,COD10K-CAM-2-Terrestrial-36-Leopard-2083.jpg,0.4577105641365051
SINet/S2C_SO,COD10K-CAM-2-Terrestrial-36-Leopard-2084.jpg,0.41377711296081543
SINet/S2C_SO,COD10K-CAM-2-Terrestrial-36-Leopard-2085.jpg,0.2497146725654602
SINet/S2C_SO,COD10K-CAM-2-Terrestrial-36-Leopard-2086.jpg,0.06023444980382919
SINet/S2C_SO,COD10K-CAM-2-Terrestrial-36-Leopard-2087.jpg,0.3561900854110718
SINet/S2C_SO,COD10K-CAM-2-Terrestrial-36-Leopard-2091.jpg,0.23615257441997528
SINet/S2C_SO,COD10K-CAM-2-Terrestrial-36-Leopard-2093.jpg,1.0719325542449951
SINet/S2C_SO,COD10K-CAM-2-Terrestrial-36-Leopard-2094.jpg,0.26314449310302734
SINet/S2C_SO,COD10K-CAM-2-Terrestrial-36-Leopard-2095.jpg,0.37788569927215576
SINet/S2C_SO,COD10K-CAM-2-Terrestrial-36-Leopard-2096.jpg,0.5272927284240723
SINet/S2C_SO,COD10K-CAM-2-Terrestrial-36-Leopard-2097.jpg,0.477380633354187
SINet/S2C_SO,COD10K-CAM-2-Terrestrial-36-Leopard-2098.jpg,0.28903284668922424
SINet/S2C_SO,COD10K-CAM-2-Terrestrial-36-Leopard-2099.jpg,0.6275888085365295
SINet/S2C_SO,COD10K-CAM-2-Terrestrial-36-Leopard-2100.jpg,0.14472536742687225
SINet/S2C_SO,COD10K-CAM-2-Terrestrial-36-Leopard-2102.jpg,0.50398850440979
SINet/S2C_SO,COD10K-CAM-2-Terrestrial-37-Lion-2106.jpg,0.037697553634643555
SINet/S2C_SO,COD10K-CAM-2-Terrestrial-37-Lion-2108.jpg,0.8624914884567261
SINet/S2C_SO,COD10K-CAM-2-Terrestrial-37-Lion-2110.jpg,0.03446853160858154
SINet/S2C_SO,COD10K-CAM-2-Terrestrial-37-Lion-2111.jpg,0.013208933174610138
SINet/S2C_SO,COD10K-CAM-2-Terrestrial-37-Lion-2114.jpg,0.16978557407855988
SINet/S2C_SO,COD10K-CAM-2-Terrestrial-37-Lion-2115.jpg,0.014336073771119118
SINet/S2C_SO,COD10K-CAM-2-Terrestrial-37-Lion-2116.jpg,0.1135057583451271
SINet/S2C_SO,COD10K-CAM-2-Terrestrial-37-Lion-2117.jpg,0.015961438417434692
SINet/S2C_SO,COD10K-CAM-2-Terrestrial-37-Lion-2118.jpg,0.0013595292111858726
SINet/S2C_SO,COD10K-CAM-2-Terrestrial-38-Lizard-2120.jpg,0.038730695843696594
SINet/S2C_SO,COD10K-CAM-2-Terrestrial-38-Lizard-2121.jpg,0.24606123566627502
SINet/S2C_SO,COD10K-CAM-2-Terrestrial-38-Lizard-2122.jpg,0.07679715752601624
SINet/S2C_SO,COD10K-CAM-2-Terrestrial-38-Lizard-2123.jpg,0.14652228355407715
SINet/S2C_SO,COD10K-CAM-2-Terrestrial-38-Lizard-2124.jpg,0.17419594526290894
SINet/S2C_SO,COD10K-CAM-2-Terrestrial-38-Lizard-2127.jpg,0.05124369263648987
SINet/S2C_SO,COD10K-CAM-2-Terrestrial-38-Lizard-2128.jpg,0.3163193464279175
SINet/S2C_SO,COD10K-CAM-2-Terrestrial-38-Lizard-2129.jpg,0.3378928303718567
SINet/S2C_SO,COD10K-CAM-2-Terrestrial-38-Lizard-2130.jpg,0.05160944536328316
SINet/S2C_SO,COD10K-CAM-2-Terrestrial-38-Lizard-2131.jpg,0.07827374339103699
SINet/S2C_SO,COD10K-CAM-2-Terrestrial-38-Lizard-2133.jpg,0.019511815160512924
SINet/S2C_SO,COD10K-CAM-2-Terrestrial-38-Lizard-2134.jpg,0.010320988483726978
SINet/S2C_SO,COD10K-CAM-2-Terrestrial-38-Lizard-2136.jpg,0.2248791605234146
SINet/S2C_SO,COD10K-CAM-2-Terrestrial-38-Lizard-2137.jpg,0.02212524600327015
SINet/S2C_SO,COD10K-CAM-2-Terrestrial-38-Lizard-2139.jpg,0.25128406286239624
SINet/S2C_SO,COD10K-CAM-2-Terrestrial-38-Lizard-2140.jpg,0.05938846617937088
SINet/S2C_SO,COD10K-CAM-2-Terrestrial-38-Lizard-2143.jpg,0.3662284314632416
SINet/S2C_SO,COD10K-CAM-2-Terrestrial-38-Lizard-2144.jpg,0.2250525802373886
SINet/S2C_SO,COD10K-CAM-2-Terrestrial-38-Lizard-2145.jpg,0.08975227177143097
SINet/S2C_SO,COD10K-CAM-2-Terrestrial-38-Lizard-2146.jpg,0.17240607738494873
SINet/S2C_SO,COD10K-CAM-2-Terrestrial-38-Lizard-2147.jpg,0.020334307104349136
SINet/S2C_SO,COD10K-CAM-2-Terrestrial-38-Lizard-2148.jpg,0.06366107612848282
SINet/S2C_SO,COD10K-CAM-2-Terrestrial-38-Lizard-2152.jpg,0.6594308018684387
SINet/S2C_SO,COD10K-CAM-2-Terrestrial-38-Lizard-2154.jpg,0.6139105558395386
SINet/S2C_SO,COD10K-CAM-2-Terrestrial-38-Lizard-2156.jpg,0.057779859751462936
SINet/S2C_SO,COD10K-CAM-2-Terrestrial-38-Lizard-2157.jpg,0.11266686022281647
SINet/S2C_SO,COD10K-CAM-2-Terrestrial-38-Lizard-2158.jpg,0.18016619980335236
SINet/S2C_SO,COD10K-CAM-2-Terrestrial-38-Lizard-2159.jpg,0.137934148311615
SINet/S2C_SO,COD10K-CAM-2-Terrestrial-38-Lizard-2160.jpg,0.08517920970916748
SINet/S2C_SO,COD10K-CAM-2-Terrestrial-38-Lizard-2162.jpg,0.1990627646446228
SINet/S2C_SO,COD10K-CAM-2-Terrestrial-38-Lizard-2163.jpg,0.1297873705625534
SINet/S2C_SO,COD10K-CAM-2-Terrestrial-38-Lizard-2164.jpg,0.2258252054452896
SINet/S2C_SO,COD10K-CAM-2-Terrestrial-38-Lizard-2168.jpg,1.204582929611206
SINet/S2C_SO,COD10K-CAM-2-Terrestrial-38-Lizard-2169.jpg,0.28322118520736694
SINet/S2C_SO,COD10K-CAM-2-Terrestrial-38-Lizard-2170.jpg,0.43384402990341187
SINet/S2C_SO,COD10K-CAM-2-Terrestrial-38-Lizard-2171.jpg,0.174306720495224
SINet/S2C_SO,COD10K-CAM-2-Terrestrial-38-Lizard-2174.jpg,0.25437554717063904
SINet/S2C_SO,COD10K-CAM-2-Terrestrial-38-Lizard-2175.jpg,0.07351871579885483
SINet/S2C_SO,COD10K-CAM-2-Terrestrial-38-Lizard-2177.jpg,0.09147922694683075
SINet/S2C_SO,COD10K-CAM-2-Terrestrial-38-Lizard-2181.jpg,0.45387428998947144
SINet/S2C_SO,COD10K-CAM-2-Terrestrial-38-Lizard-2182.jpg,0.2821505069732666
SINet/S2C_SO,COD10K-CAM-2-Terrestrial-38-Lizard-2184.jpg,0.3484482169151306
SINet/S2C_SO,COD10K-CAM-2-Terrestrial-38-Lizard-2186.jpg,0.3516085147857666
SINet/S2C_SO,COD10K-CAM-2-Terrestrial-38-Lizard-2187.jpg,0.015663322061300278
SINet/S2C_SO,COD10K-CAM-2-Terrestrial-38-Lizard-2188.jpg,0.04663533344864845
SINet/S2C_SO,COD10K-CAM-2-Terrestrial-38-Lizard-2189.jpg,0.3419339656829834
SINet/S2C_SO,COD10K-CAM-2-Terrestrial-38-Lizard-2191.jpg,0.04452213644981384
SINet/S2C_SO,COD10K-CAM-2-Terrestrial-38-Lizard-2192.jpg,0.10324694961309433
SINet/S2C_SO,COD10K-CAM-2-Terrestrial-38-Lizard-2193.jpg,0.08021262288093567
SINet/S2C_SO,COD10K-CAM-2-Terrestrial-38-Lizard-2196.jpg,0.10439081490039825
SINet/S2C_SO,COD10K-CAM-2-Terrestrial-38-Lizard-2198.jpg,0.28222382068634033
SINet/S2C_SO,COD10K-CAM-2-Terrestrial-38-Lizard-2199.jpg,0.34591254591941833
SINet/S2C_SO,COD10K-CAM-2-Terrestrial-38-Lizard-2200.jpg,0.06743885576725006
SINet/S2C_SO,COD10K-CAM-2-Terrestrial-38-Lizard-2203.jpg,0.5792928338050842
SINet/S2C_SO,COD10K-CAM-2-Terrestrial-38-Lizard-2206.jpg,0.3054223656654358
SINet/S2C_SO,COD10K-CAM-2-Terrestrial-38-Lizard-2207.jpg,0.006898071616888046
SINet/S2C_SO,COD10K-CAM-2-Terrestrial-38-Lizard-2208.jpg,0.3690866231918335
SINet/S2C_SO,COD10K-CAM-2-Terrestrial-38-Lizard-2209.jpg,0.08495499193668365
SINet/S2C_SO,COD10K-CAM-2-Terrestrial-38-Lizard-2210.jpg,0.12778355181217194
SINet/S2C_SO,COD10K-CAM-2-Terrestrial-38-Lizard-2211.jpg,0.4958292543888092
SINet/S2C_SO,COD10K-CAM-2-Terrestrial-38-Lizard-2214.jpg,0.009382028132677078
SINet/S2C_SO,COD10K-CAM-2-Terrestrial-38-Lizard-2215.jpg,0.19538339972496033
SINet/S2C_SO,COD10K-CAM-2-Terrestrial-38-Lizard-2219.jpg,0.22930908203125
SINet/S2C_SO,COD10K-CAM-2-Terrestrial-38-Lizard-2221.jpg,0.43420419096946716
SINet/S2C_SO,COD10K-CAM-2-Terrestrial-38-Lizard-2222.jpg,0.41570886969566345
SINet/S2C_SO,COD10K-CAM-2-Terrestrial-38-Lizard-2223.jpg,0.3297712504863739
SINet/S2C_SO,COD10K-CAM-2-Terrestrial-38-Lizard-2226.jpg,0.04460008442401886
SINet/S2C_SO,COD10K-CAM-2-Terrestrial-38-Lizard-2227.jpg,0.04242844507098198
SINet/S2C_SO,COD10K-CAM-2-Terrestrial-38-Lizard-2228.jpg,0.08078116178512573
SINet/S2C_SO,COD10K-CAM-2-Terrestrial-38-Lizard-2230.jpg,0.13752689957618713
SINet/S2C_SO,COD10K-CAM-2-Terrestrial-38-Lizard-2234.jpg,0.1566513478755951
SINet/S2C_SO,COD10K-CAM-2-Terrestrial-38-Lizard-2236.jpg,0.13883808255195618
SINet/S2C_SO,COD10K-CAM-2-Terrestrial-38-Lizard-2237.jpg,0.3974275290966034
SINet/S2C_SO,COD10K-CAM-2-Terrestrial-38-Lizard-2238.jpg,0.1738412082195282
SINet/S2C_SO,COD10K-CAM-2-Terrestrial-38-Lizard-2239.jpg,0.4884360730648041
SINet/S2C_SO,COD10K-CAM-2-Terrestrial-38-Lizard-2242.jpg,0.41302961111068726
SINet/S2C_SO,COD10K-CAM-2-Terrestrial-38-Lizard-2246.jpg,0.17567294836044312
SINet/S2C_SO,COD10K-CAM-2-Terrestrial-38-Lizard-2247.jpg,0.8474037051200867
SINet/S2C_SO,COD10K-CAM-2-Terrestrial-38-Lizard-2249.jpg,0.19046451151371002
SINet/S2C_SO,COD10K-CAM-2-Terrestrial-38-Lizard-2250.jpg,0.04633379727602005
SINet/S2C_SO,COD10K-CAM-2-Terrestrial-38-Lizard-2252.jpg,0.029754117131233215
SINet/S2C_SO,COD10K-CAM-2-Terrestrial-38-Lizard-2253.jpg,0.31301286816596985
SINet/S2C_SO,COD10K-CAM-2-Terrestrial-38-Lizard-2254.jpg,0.05432981997728348
SINet/S2C_SO,COD10K-CAM-2-Terrestrial-38-Lizard-2255.jpg,0.39181387424468994
SINet/S2C_SO,COD10K-CAM-2-Terrestrial-38-Lizard-2257.jpg,0.1733092963695526
SINet/S2C_SO,COD10K-CAM-2-Terrestrial-38-Lizard-2258.jpg,0.19917427003383636
SINet/S2C_SO,COD10K-CAM-2-Terrestrial-38-Lizard-2259.jpg,0.2292914241552353
SINet/S2C_SO,COD10K-CAM-2-Terrestrial-38-Lizard-2260.jpg,0.09720877557992935
SINet/S2C_SO,COD10K-CAM-2-Terrestrial-38-Lizard-2262.jpg,0.6524966359138489
SINet/S2C_SO,COD10K-CAM-2-Terrestrial-38-Lizard-2263.jpg,0.4952998459339142
SINet/S2C_SO,COD10K-CAM-2-Terrestrial-38-Lizard-2265.jpg,0.17928652465343475
SINet/S2C_SO,COD10K-CAM-2-Terrestrial-38-Lizard-2267.jpg,0.02158799022436142
SINet/S2C_SO,COD10K-CAM-2-Terrestrial-38-Lizard-2268.jpg,0.5085660219192505
SINet/S2C_SO,COD10K-CAM-2-Terrestrial-38-Lizard-2269.jpg,0.08526170253753662
SINet/S2C_SO,COD10K-CAM-2-Terrestrial-38-Lizard-2270.jpg,0.2772507071495056
SINet/S2C_SO,COD10K-CAM-2-Terrestrial-38-Lizard-2271.jpg,1.1077382564544678
SINet/S2C_SO,COD10K-CAM-2-Terrestrial-38-Lizard-2272.jpg,0.15061941742897034
SINet/S2C_SO,COD10K-CAM-2-Terrestrial-38-Lizard-2274.jpg,0.0211021825671196
SINet/S2C_SO,COD10K-CAM-2-Terrestrial-38-Lizard-2275.jpg,0.38873881101608276
SINet/S2C_SO,COD10K-CAM-2-Terrestrial-38-Lizard-2277.jpg,0.09442053735256195
SINet/S2C_SO,COD10K-CAM-2-Terrestrial-38-Lizard-2280.jpg,0.027995072305202484
SINet/S2C_SO,COD10K-CAM-2-Terrestrial-38-Lizard-2281.jpg,0.5630217790603638
SINet/S2C_SO,COD10K-CAM-2-Terrestrial-38-Lizard-2283.jpg,0.4572131037712097
SINet/S2C_SO,COD10K-CAM-2-Terrestrial-38-Lizard-2284.jpg,0.37907809019088745
SINet/S2C_SO,COD10K-CAM-2-Terrestrial-38-Lizard-2287.jpg,1.405665636062622
SINet/S2C_SO,COD10K-CAM-2-Terrestrial-38-Lizard-2289.jpg,0.08222973346710205
SINet/S2C_SO,COD10K-CAM-2-Terrestrial-38-Lizard-2290.jpg,0.035480283200740814
SINet/S2C_SO,COD10K-CAM-2-Terrestrial-38-Lizard-2292.jpg,0.023555949330329895
SINet/S2C_SO,COD10K-CAM-2-Terrestrial-38-Lizard-2293.jpg,0.0685431957244873
SINet/S2C_SO,COD10K-CAM-2-Terrestrial-38-Lizard-2296.jpg,0.08035440742969513
SINet/S2C_SO,COD10K-CAM-2-Terrestrial-38-Lizard-2297.jpg,0.027385719120502472
SINet/S2C_SO,COD10K-CAM-2-Terrestrial-38-Lizard-2298.jpg,0.5353187918663025
SINet/S2C_SO,COD10K-CAM-2-Terrestrial-38-Lizard-2299.jpg,0.34858694672584534
SINet/S2C_SO,COD10K-CAM-2-Terrestrial-38-Lizard-2300.jpg,0.06478822976350784
SINet/S2C_SO,COD10K-CAM-2-Terrestrial-38-Lizard-2301.jpg,0.41450539231300354
SINet/S2C_SO,COD10K-CAM-2-Terrestrial-38-Lizard-2302.jpg,0.22325800359249115
SINet/S2C_SO,COD10K-CAM-2-Terrestrial-38-Lizard-2303.jpg,0.042133234441280365
SINet/S2C_SO,COD10K-CAM-2-Terrestrial-38-Lizard-2305.jpg,0.3233966827392578
SINet/S2C_SO,COD10K-CAM-2-Terrestrial-38-Lizard-2306.jpg,0.18642233312129974
SINet/S2C_SO,COD10K-CAM-2-Terrestrial-38-Lizard-2310.jpg,0.4169197082519531
SINet/S2C_SO,COD10K-CAM-2-Terrestrial-38-Lizard-2311.jpg,0.10787677019834518
SINet/S2C_SO,COD10K-CAM-2-Terrestrial-38-Lizard-2312.jpg,0.011681674048304558
SINet/S2C_SO,COD10K-CAM-2-Terrestrial-38-Lizard-2313.jpg,0.7918298244476318
SINet/S2C_SO,COD10K-CAM-2-Terrestrial-38-Lizard-2314.jpg,0.028666425496339798
SINet/S2C_SO,COD10K-CAM-2-Terrestrial-38-Lizard-2317.jpg,0.05654584616422653
SINet/S2C_SO,COD10K-CAM-2-Terrestrial-38-Lizard-2318.jpg,0.6575194597244263
SINet/S2C_SO,COD10K-CAM-2-Terrestrial-38-Lizard-2320.jpg,0.21099179983139038
SINet/S2C_SO,COD10K-CAM-2-Terrestrial-38-Lizard-2321.jpg,0.03653067350387573
SINet/S2C_SO,COD10K-CAM-2-Terrestrial-38-Lizard-2322.jpg,0.4560945928096771
SINet/S2C_SO,COD10K-CAM-2-Terrestrial-38-Lizard-2323.jpg,0.09474466741085052
SINet/S2C_SO,COD10K-CAM-2-Terrestrial-38-Lizard-2325.jpg,0.1690797507762909
SINet/S2C_SO,COD10K-CAM-2-Terrestrial-38-Lizard-2327.jpg,0.08586835861206055
SINet/S2C_SO,COD10K-CAM-2-Terrestrial-38-Lizard-2328.jpg,0.00743331341072917
SINet/S2C_SO,COD10K-CAM-2-Terrestrial-38-Lizard-2329.jpg,0.04126587510108948
SINet/S2C_SO,COD10K-CAM-2-Terrestrial-38-Lizard-2330.jpg,0.13921993970870972
SINet/S2C_SO,COD10K-CAM-2-Terrestrial-38-Lizard-2331.jpg,0.09938868880271912
SINet/S2C_SO,COD10K-CAM-2-Terrestrial-38-Lizard-2332.jpg,0.07350954413414001
SINet/S2C_SO,COD10K-CAM-2-Terrestrial-39-Monkey-2334.jpg,0.22933581471443176
SINet/S2C_SO,COD10K-CAM-2-Terrestrial-39-Monkey-2335.jpg,0.0679185763001442
SINet/S2C_SO,COD10K-CAM-2-Terrestrial-39-Monkey-2336.jpg,0.11765077710151672
SINet/S2C_SO,COD10K-CAM-2-Terrestrial-39-Monkey-2337.jpg,0.06464196741580963
SINet/S2C_SO,COD10K-CAM-2-Terrestrial-40-Rabbit-2342.jpg,0.013635769486427307
SINet/S2C_SO,COD10K-CAM-2-Terrestrial-40-Rabbit-2343.jpg,0.1590878665447235
SINet/S2C_SO,COD10K-CAM-2-Terrestrial-40-Rabbit-2345.jpg,0.02562403492629528
SINet/S2C_SO,COD10K-CAM-2-Terrestrial-40-Rabbit-2349.jpg,0.3376341462135315
SINet/S2C_SO,COD10K-CAM-2-Terrestrial-40-Rabbit-2350.jpg,0.020867332816123962
SINet/S2C_SO,COD10K-CAM-2-Terrestrial-40-Rabbit-2353.jpg,0.1271602213382721
SINet/S2C_SO,COD10K-CAM-2-Terrestrial-40-Rabbit-2354.jpg,0.039893608540296555
SINet/S2C_SO,COD10K-CAM-2-Terrestrial-40-Rabbit-2355.jpg,0.007548839785158634
SINet/S2C_SO,COD10K-CAM-2-Terrestrial-40-Rabbit-2357.jpg,0.007078162394464016
SINet/S2C_SO,COD10K-CAM-2-Terrestrial-40-Rabbit-2359.jpg,0.3235565721988678
SINet/S2C_SO,COD10K-CAM-2-Terrestrial-40-Rabbit-2361.jpg,1.0371421575546265
SINet/S2C_SO,COD10K-CAM-2-Terrestrial-40-Rabbit-2362.jpg,0.03334849327802658
SINet/S2C_SO,COD10K-CAM-2-Terrestrial-40-Rabbit-2363.jpg,0.004396388772875071
SINet/S2C_SO,COD10K-CAM-2-Terrestrial-40-Rabbit-2364.jpg,0.00189778464846313
SINet/S2C_SO,COD10K-CAM-2-Terrestrial-40-Rabbit-2365.jpg,0.08537019044160843
SINet/S2C_SO,COD10K-CAM-2-Terrestrial-40-Rabbit-2367.jpg,0.400185763835907
SINet/S2C_SO,COD10K-CAM-2-Terrestrial-40-Rabbit-2370.jpg,0.04670858010649681
SINet/S2C_SO,COD10K-CAM-2-Terrestrial-40-Rabbit-2372.jpg,0.010557906702160835
SINet/S2C_SO,COD10K-CAM-2-Terrestrial-41-Reccoon-2376.jpg,0.0383191742002964
SINet/S2C_SO,COD10K-CAM-2-Terrestrial-41-Reccoon-2377.jpg,0.23870721459388733
SINet/S2C_SO,COD10K-CAM-2-Terrestrial-41-Reccoon-2378.jpg,0.2443811148405075
SINet/S2C_SO,COD10K-CAM-2-Terrestrial-42-Sciuridae-2381.jpg,0.01582002453505993
SINet/S2C_SO,COD10K-CAM-2-Terrestrial-42-Sciuridae-2385.jpg,0.18695031106472015
SINet/S2C_SO,COD10K-CAM-2-Terrestrial-42-Sciuridae-2387.jpg,0.11639462411403656
SINet/S2C_SO,COD10K-CAM-2-Terrestrial-42-Sciuridae-2388.jpg,0.0825478658080101
SINet/S2C_SO,COD10K-CAM-2-Terrestrial-42-Sciuridae-2389.jpg,0.27431154251098633
SINet/S2C_SO,COD10K-CAM-2-Terrestrial-42-Sciuridae-2390.jpg,0.19197678565979004
SINet/S2C_SO,COD10K-CAM-2-Terrestrial-42-Sciuridae-2391.jpg,0.07127117365598679
SINet/S2C_SO,COD10K-CAM-2-Terrestrial-42-Sciuridae-2392.jpg,0.3566344082355499
SINet/S2C_SO,COD10K-CAM-2-Terrestrial-42-Sciuridae-2393.jpg,0.21271879971027374
SINet/S2C_SO,COD10K-CAM-2-Terrestrial-42-Sciuridae-2394.jpg,0.1612561196088791
SINet/S2C_SO,COD10K-CAM-2-Terrestrial-42-Sciuridae-2396.jpg,0.27293306589126587
SINet/S2C_SO,COD10K-CAM-2-Terrestrial-42-Sciuridae-2398.jpg,0.40154123306274414
SINet/S2C_SO,COD10K-CAM-2-Terrestrial-42-Sciuridae-2399.jpg,0.058236803859472275
SINet/S2C_SO,COD10K-CAM-2-Terrestrial-42-Sciuridae-2403.jpg,0.059314318001270294
SINet/S2C_SO,COD10K-CAM-2-Terrestrial-42-Sciuridae-2404.jpg,0.24360889196395874
SINet/S2C_SO,COD10K-CAM-2-Terrestrial-42-Sciuridae-2405.jpg,0.5831382274627686
SINet/S2C_SO,COD10K-CAM-2-Terrestrial-42-Sciuridae-2406.jpg,0.11085550487041473
SINet/S2C_SO,COD10K-CAM-2-Terrestrial-42-Sciuridae-2409.jpg,0.06891673803329468
SINet/S2C_SO,COD10K-CAM-2-Terrestrial-42-Sciuridae-2411.jpg,0.059857580810785294
SINet/S2C_SO,COD10K-CAM-2-Terrestrial-42-Sciuridae-2412.jpg,0.1720050871372223
SINet/S2C_SO,COD10K-CAM-2-Terrestrial-42-Sciuridae-2414.jpg,0.08872625976800919
SINet/S2C_SO,COD10K-CAM-2-Terrestrial-42-Sciuridae-2415.jpg,0.22516298294067383
SINet/S2C_SO,COD10K-CAM-2-Terrestrial-42-Sciuridae-2416.jpg,0.19993935525417328
SINet/S2C_SO,COD10K-CAM-2-Terrestrial-42-Sciuridae-2417.jpg,0.04124172031879425
SINet/S2C_SO,COD10K-CAM-2-Terrestrial-43-Sheep-2419.jpg,0.02968626096844673
SINet/S2C_SO,COD10K-CAM-2-Terrestrial-43-Sheep-2420.jpg,0.2448536455631256
SINet/S2C_SO,COD10K-CAM-2-Terrestrial-43-Sheep-2421.jpg,0.09243305027484894
SINet/S2C_SO,COD10K-CAM-2-Terrestrial-43-Sheep-2423.jpg,0.34784892201423645
SINet/S2C_SO,COD10K-CAM-2-Terrestrial-44-Snake-2425.jpg,0.04774776101112366
SINet/S2C_SO,COD10K-CAM-2-Terrestrial-44-Snake-2426.jpg,0.12937691807746887
SINet/S2C_SO,COD10K-CAM-2-Terrestrial-44-Snake-2427.jpg,0.8538241386413574
SINet/S2C_SO,COD10K-CAM-2-Terrestrial-44-Snake-2428.jpg,0.42683184146881104
SINet/S2C_SO,COD10K-CAM-2-Terrestrial-44-Snake-2429.jpg,0.305046021938324
SINet/S2C_SO,COD10K-CAM-2-Terrestrial-44-Snake-2430.jpg,0.3338465690612793
SINet/S2C_SO,COD10K-CAM-2-Terrestrial-44-Snake-2431.jpg,0.14388437569141388
SINet/S2C_SO,COD10K-CAM-2-Terrestrial-44-Snake-2432.jpg,0.08950992673635483
SINet/S2C_SO,COD10K-CAM-2-Terrestrial-44-Snake-2433.jpg,0.4826817512512207
SINet/S2C_SO,COD10K-CAM-2-Terrestrial-44-Snake-2435.jpg,0.016071371734142303
SINet/S2C_SO,COD10K-CAM-2-Terrestrial-44-Snake-2436.jpg,0.13866116106510162
SINet/S2C_SO,COD10K-CAM-2-Terrestrial-44-Snake-2438.jpg,0.09871013462543488
SINet/S2C_SO,COD10K-CAM-2-Terrestrial-44-Snake-2439.jpg,0.22981202602386475
SINet/S2C_SO,COD10K-CAM-2-Terrestrial-44-Snake-2441.jpg,0.25063398480415344
SINet/S2C_SO,COD10K-CAM-2-Terrestrial-44-Snake-2442.jpg,0.26226645708084106
SINet/S2C_SO,COD10K-CAM-2-Terrestrial-44-Snake-2443.jpg,0.029464425519108772
SINet/S2C_SO,COD10K-CAM-2-Terrestrial-44-Snake-2445.jpg,0.08910414576530457
SINet/S2C_SO,COD10K-CAM-2-Terrestrial-44-Snake-2446.jpg,0.03183472156524658
SINet/S2C_SO,COD10K-CAM-2-Terrestrial-44-Snake-2447.jpg,0.23064486682415009
SINet/S2C_SO,COD10K-CAM-2-Terrestrial-44-Snake-2450.jpg,0.30483320355415344
SINet/S2C_SO,COD10K-CAM-2-Terrestrial-44-Snake-2455.jpg,0.35334140062332153
SINet/S2C_SO,COD10K-CAM-2-Terrestrial-44-Snake-2457.jpg,0.41644713282585144
SINet/S2C_SO,COD10K-CAM-2-Terrestrial-44-Snake-2459.jpg,0.09838300198316574
SINet/S2C_SO,COD10K-CAM-2-Terrestrial-44-Snake-2460.jpg,0.13024723529815674
SINet/S2C_SO,COD10K-CAM-2-Terrestrial-44-Snake-2462.jpg,0.4021376967430115
SINet/S2C_SO,COD10K-CAM-2-Terrestrial-44-Snake-2463.jpg,0.3176514506340027
SINet/S2C_SO,COD10K-CAM-2-Terrestrial-44-Snake-2464.jpg,0.4408225417137146
SINet/S2C_SO,COD10K-CAM-2-Terrestrial-44-Snake-2468.jpg,0.5044322609901428
SINet/S2C_SO,COD10K-CAM-2-Terrestrial-44-Snake-2469.jpg,0.24361734092235565
SINet/S2C_SO,COD10K-CAM-2-Terrestrial-44-Snake-2470.jpg,0.22376608848571777
SINet/S2C_SO,COD10K-CAM-2-Terrestrial-44-Snake-2473.jpg,0.007194726727902889
SINet/S2C_SO,COD10K-CAM-2-Terrestrial-44-Snake-2475.jpg,0.10650179535150528
SINet/S2C_SO,COD10K-CAM-2-Terrestrial-44-Snake-2477.jpg,0.12708604335784912
SINet/S2C_SO,COD10K-CAM-2-Terrestrial-44-Snake-2478.jpg,0.16841213405132294
SINet/S2C_SO,COD10K-CAM-2-Terrestrial-44-Snake-2480.jpg,0.04770594462752342
SINet/S2C_SO,COD10K-CAM-2-Terrestrial-44-Snake-2483.jpg,0.3077913522720337
SINet/S2C_SO,COD10K-CAM-2-Terrestrial-44-Snake-2486.jpg,0.35698825120925903
SINet/S2C_SO,COD10K-CAM-2-Terrestrial-44-Snake-2487.jpg,0.5140547752380371
SINet/S2C_SO,COD10K-CAM-2-Terrestrial-44-Snake-2488.jpg,0.36488616466522217
SINet/S2C_SO,COD10K-CAM-2-Terrestrial-44-Snake-2489.jpg,0.260087788105011
SINet/S2C_SO,COD10K-CAM-2-Terrestrial-44-Snake-2490.jpg,0.08201304078102112
SINet/S2C_SO,COD10K-CAM-2-Terrestrial-45-Spider-2493.jpg,0.009775044396519661
SINet/S2C_SO,COD10K-CAM-2-Terrestrial-45-Spider-2495.jpg,0.01852349564433098
SINet/S2C_SO,COD10K-CAM-2-Terrestrial-45-Spider-2496.jpg,0.009221275337040424
SINet/S2C_SO,COD10K-CAM-2-Terrestrial-45-Spider-2497.jpg,0.02794479951262474
SINet/S2C_SO,COD10K-CAM-2-Terrestrial-45-Spider-2499.jpg,0.08112204074859619
SINet/S2C_SO,COD10K-CAM-2-Terrestrial-45-Spider-2500.jpg,0.03945057839155197
SINet/S2C_SO,COD10K-CAM-2-Terrestrial-45-Spider-2502.jpg,0.09804023802280426
SINet/S2C_SO,COD10K-CAM-2-Terrestrial-45-Spider-2503.jpg,0.10723233222961426
SINet/S2C_SO,COD10K-CAM-2-Terrestrial-45-Spider-2504.jpg,0.291881799697876
SINet/S2C_SO,COD10K-CAM-2-Terrestrial-45-Spider-2505.jpg,0.18698632717132568
SINet/S2C_SO,COD10K-CAM-2-Terrestrial-45-Spider-2507.jpg,0.05190274864435196
SINet/S2C_SO,COD10K-CAM-2-Terrestrial-45-Spider-2509.jpg,0.17487266659736633
SINet/S2C_SO,COD10K-CAM-2-Terrestrial-45-Spider-2512.jpg,0.04809105396270752
SINet/S2C_SO,COD10K-CAM-2-Terrestrial-45-Spider-2513.jpg,0.260528564453125
SINet/S2C_SO,COD10K-CAM-2-Terrestrial-45-Spider-2515.jpg,0.18255729973316193
SINet/S2C_SO,COD10K-CAM-2-Terrestrial-45-Spider-2516.jpg,0.06051601469516754
SINet/S2C_SO,COD10K-CAM-2-Terrestrial-45-Spider-2517.jpg,0.32574406266212463
SINet/S2C_SO,COD10K-CAM-2-Terrestrial-45-Spider-2518.jpg,0.024582434445619583
SINet/S2C_SO,COD10K-CAM-2-Terrestrial-45-Spider-2521.jpg,0.36300772428512573
SINet/S2C_SO,COD10K-CAM-2-Terrestrial-45-Spider-2522.jpg,0.0006938211736269295
SINet/S2C_SO,COD10K-CAM-2-Terrestrial-45-Spider-2523.jpg,0.0519985593855381
SINet/S2C_SO,COD10K-CAM-2-Terrestrial-45-Spider-2525.jpg,0.22993743419647217
SINet/S2C_SO,COD10K-CAM-2-Terrestrial-45-Spider-2528.jpg,0.2788025140762329
SINet/S2C_SO,COD10K-CAM-2-Terrestrial-45-Spider-2530.jpg,0.5858588814735413
SINet/S2C_SO,COD10K-CAM-2-Terrestrial-45-Spider-2533.jpg,0.0656890720129013
SINet/S2C_SO,COD10K-CAM-2-Terrestrial-45-Spider-2536.jpg,0.30613479018211365
SINet/S2C_SO,COD10K-CAM-2-Terrestrial-45-Spider-2537.jpg,0.06599880009889603
SINet/S2C_SO,COD10K-CAM-2-Terrestrial-45-Spider-2539.jpg,0.03619323670864105
SINet/S2C_SO,COD10K-CAM-2-Terrestrial-45-Spider-2541.jpg,0.49033039808273315
SINet/S2C_SO,COD10K-CAM-2-Terrestrial-45-Spider-2542.jpg,0.37932759523391724
SINet/S2C_SO,COD10K-CAM-2-Terrestrial-45-Spider-2543.jpg,0.00687343068420887
SINet/S2C_SO,COD10K-CAM-2-Terrestrial-45-Spider-2545.jpg,0.08738137781620026
SINet/S2C_SO,COD10K-CAM-2-Terrestrial-45-Spider-2546.jpg,0.6597275733947754
SINet/S2C_SO,COD10K-CAM-2-Terrestrial-45-Spider-2547.jpg,0.03333619609475136
SINet/S2C_SO,COD10K-CAM-2-Terrestrial-45-Spider-2548.jpg,0.2893294394016266
SINet/S2C_SO,COD10K-CAM-2-Terrestrial-45-Spider-2549.jpg,0.37117695808410645
SINet/S2C_SO,COD10K-CAM-2-Terrestrial-45-Spider-2550.jpg,0.07509000599384308
SINet/S2C_SO,COD10K-CAM-2-Terrestrial-45-Spider-2555.jpg,0.44135957956314087
SINet/S2C_SO,COD10K-CAM-2-Terrestrial-45-Spider-2556.jpg,0.011901386082172394
SINet/S2C_SO,COD10K-CAM-2-Terrestrial-45-Spider-2557.jpg,0.17850489914417267
SINet/S2C_SO,COD10K-CAM-2-Terrestrial-45-Spider-2558.jpg,0.20499937236309052
SINet/S2C_SO,COD10K-CAM-2-Terrestrial-45-Spider-2559.jpg,0.08948008716106415
SINet/S2C_SO,COD10K-CAM-2-Terrestrial-45-Spider-2560.jpg,0.03735823184251785
SINet/S2C_SO,COD10K-CAM-2-Terrestrial-45-Spider-2561.jpg,0.5734663605690002
SINet/S2C_SO,COD10K-CAM-2-Terrestrial-45-Spider-2562.jpg,0.11244167387485504
SINet/S2C_SO,COD10K-CAM-2-Terrestrial-45-Spider-2563.jpg,0.6004928350448608
SINet/S2C_SO,COD10K-CAM-2-Terrestrial-45-Spider-2564.jpg,0.3377602696418762
SINet/S2C_SO,COD10K-CAM-2-Terrestrial-45-Spider-2565.jpg,0.3088926672935486
SINet/S2C_SO,COD10K-CAM-2-Terrestrial-45-Spider-2568.jpg,0.022747816517949104
SINet/S2C_SO,COD10K-CAM-2-Terrestrial-45-Spider-2569.jpg,0.39505720138549805
SINet/S2C_SO,COD10K-CAM-2-Terrestrial-45-Spider-2570.jpg,0.032002247869968414
SINet/S2C_SO,COD10K-CAM-2-Terrestrial-45-Spider-2571.jpg,0.12953577935695648
SINet/S2C_SO,COD10K-CAM-2-Terrestrial-45-Spider-2572.jpg,0.030310513451695442
SINet/S2C_SO,COD10K-CAM-2-Terrestrial-45-Spider-2573.jpg,0.30210915207862854
SINet/S2C_SO,COD10K-CAM-2-Terrestrial-45-Spider-2574.jpg,0.05324118584394455
SINet/S2C_SO,COD10K-CAM-2-Terrestrial-45-Spider-2577.jpg,0.02989210933446884
SINet/S2C_SO,COD10K-CAM-2-Terrestrial-45-Spider-2578.jpg,0.5164856910705566
SINet/S2C_SO,COD10K-CAM-2-Terrestrial-45-Spider-2582.jpg,0.44321340322494507
SINet/S2C_SO,COD10K-CAM-2-Terrestrial-45-Spider-2583.jpg,0.2564201056957245
SINet/S2C_SO,COD10K-CAM-2-Terrestrial-45-Spider-2584.jpg,0.6313857436180115
SINet/S2C_SO,COD10K-CAM-2-Terrestrial-45-Spider-2585.jpg,0.014696869999170303
SINet/S2C_SO,COD10K-CAM-2-Terrestrial-45-Spider-2589.jpg,0.008040707558393478
SINet/S2C_SO,COD10K-CAM-2-Terrestrial-45-Spider-2590.jpg,0.05022439733147621
SINet/S2C_SO,COD10K-CAM-2-Terrestrial-45-Spider-2591.jpg,0.00865150149911642
SINet/S2C_SO,COD10K-CAM-2-Terrestrial-45-Spider-2594.jpg,0.07336688041687012
SINet/S2C_SO,COD10K-CAM-2-Terrestrial-45-Spider-2596.jpg,0.09329935908317566
SINet/S2C_SO,COD10K-CAM-2-Terrestrial-45-Spider-2597.jpg,0.5329561829566956
SINet/S2C_SO,COD10K-CAM-2-Terrestrial-45-Spider-2598.jpg,0.1682792454957962
SINet/S2C_SO,COD10K-CAM-2-Terrestrial-45-Spider-2599.jpg,0.7964601516723633
SINet/S2C_SO,COD10K-CAM-2-Terrestrial-45-Spider-2600.jpg,0.7538129687309265
SINet/S2C_SO,COD10K-CAM-2-Terrestrial-45-Spider-2604.jpg,0.7736727595329285
SINet/S2C_SO,COD10K-CAM-2-Terrestrial-45-Spider-2607.jpg,0.08348585665225983
SINet/S2C_SO,COD10K-CAM-2-Terrestrial-45-Spider-2608.jpg,0.027777856215834618
SINet/S2C_SO,COD10K-CAM-2-Terrestrial-45-Spider-2610.jpg,0.014289496466517448
SINet/S2C_SO,COD10K-CAM-2-Terrestrial-45-Spider-2611.jpg,0.07014888525009155
SINet/S2C_SO,COD10K-CAM-2-Terrestrial-45-Spider-2612.jpg,0.009331746026873589
SINet/S2C_SO,COD10K-CAM-2-Terrestrial-45-Spider-2613.jpg,0.057971011847257614
SINet/S2C_SO,COD10K-CAM-2-Terrestrial-45-Spider-2615.jpg,0.08863337337970734
SINet/S2C_SO,COD10K-CAM-2-Terrestrial-45-Spider-2618.jpg,0.0259627066552639
SINet/S2C_SO,COD10K-CAM-2-Terrestrial-45-Spider-2619.jpg,0.005148447584360838
SINet/S2C_SO,COD10K-CAM-2-Terrestrial-45-Spider-2622.jpg,0.5742864608764648
SINet/S2C_SO,COD10K-CAM-2-Terrestrial-45-Spider-2623.jpg,0.05045538768172264
SINet/S2C_SO,COD10K-CAM-2-Terrestrial-45-Spider-2624.jpg,0.05709600821137428
SINet/S2C_SO,COD10K-CAM-2-Terrestrial-45-Spider-2625.jpg,0.5417363047599792
SINet/S2C_SO,COD10K-CAM-2-Terrestrial-45-Spider-2628.jpg,0.03588428720831871
SINet/S2C_SO,COD10K-CAM-2-Terrestrial-45-Spider-2629.jpg,0.22029301524162292
SINet/S2C_SO,COD10K-CAM-2-Terrestrial-45-Spider-2633.jpg,0.2231137603521347
SINet/S2C_SO,COD10K-CAM-2-Terrestrial-45-Spider-2634.jpg,0.035478346049785614
SINet/S2C_SO,COD10K-CAM-2-Terrestrial-45-Spider-2635.jpg,0.13427849113941193
SINet/S2C_SO,COD10K-CAM-2-Terrestrial-45-Spider-2636.jpg,0.00752757303416729
SINet/S2C_SO,COD10K-CAM-2-Terrestrial-45-Spider-2638.jpg,0.1955360323190689
SINet/S2C_SO,COD10K-CAM-2-Terrestrial-45-Spider-2639.jpg,0.29361680150032043
SINet/S2C_SO,COD10K-CAM-2-Terrestrial-45-Spider-2642.jpg,0.23725146055221558
SINet/S2C_SO,COD10K-CAM-2-Terrestrial-45-Spider-2643.jpg,0.17440184950828552
SINet/S2C_SO,COD10K-CAM-2-Terrestrial-45-Spider-2644.jpg,0.2263386845588684
SINet/S2C_SO,COD10K-CAM-2-Terrestrial-45-Spider-2647.jpg,0.6750338673591614
SINet/S2C_SO,COD10K-CAM-2-Terrestrial-45-Spider-2648.jpg,0.03098468668758869
SINet/S2C_SO,COD10K-CAM-2-Terrestrial-45-Spider-2651.jpg,0.07435767352581024
SINet/S2C_SO,COD10K-CAM-2-Terrestrial-45-Spider-2654.jpg,0.9814157485961914
SINet/S2C_SO,COD10K-CAM-2-Terrestrial-45-Spider-2655.jpg,0.22776469588279724
SINet/S2C_SO,COD10K-CAM-2-Terrestrial-45-Spider-2657.jpg,0.25365450978279114
SINet/S2C_SO,COD10K-CAM-2-Terrestrial-45-Spider-2660.jpg,0.0436030849814415
SINet/S2C_SO,COD10K-CAM-2-Terrestrial-45-Spider-2661.jpg,0.1025608628988266
SINet/S2C_SO,COD10K-CAM-2-Terrestrial-45-Spider-2662.jpg,0.16776898503303528
SINet/S2C_SO,COD10K-CAM-2-Terrestrial-45-Spider-2663.jpg,0.27265864610671997
SINet/S2C_SO,COD10K-CAM-2-Terrestrial-45-Spider-2664.jpg,0.14656315743923187
SINet/S2C_SO,COD10K-CAM-2-Terrestrial-45-Spider-2666.jpg,0.07976990938186646
SINet/S2C_SO,COD10K-CAM-2-Terrestrial-45-Spider-2668.jpg,0.5570632219314575
SINet/S2C_SO,COD10K-CAM-2-Terrestrial-45-Spider-2669.jpg,0.14707496762275696
SINet/S2C_SO,COD10K-CAM-2-Terrestrial-45-Spider-2672.jpg,0.07396914809942245
SINet/S2C_SO,COD10K-CAM-2-Terrestrial-45-Spider-2674.jpg,0.38531404733657837
SINet/S2C_SO,COD10K-CAM-2-Terrestrial-45-Spider-2675.jpg,0.8642601370811462
SINet/S2C_SO,COD10K-CAM-2-Terrestrial-45-Spider-2676.jpg,0.16909952461719513
SINet/S2C_SO,COD10K-CAM-2-Terrestrial-45-Spider-2678.jpg,0.1084672138094902
SINet/S2C_SO,COD10K-CAM-2-Terrestrial-45-Spider-2679.jpg,0.10186009109020233
SINet/S2C_SO,COD10K-CAM-2-Terrestrial-45-Spider-2680.jpg,0.07059809565544128
SINet/S2C_SO,COD10K-CAM-2-Terrestrial-45-Spider-2681.jpg,0.06109272316098213
SINet/S2C_SO,COD10K-CAM-2-Terrestrial-45-Spider-2682.jpg,0.02266441471874714
SINet/S2C_SO,COD10K-CAM-2-Terrestrial-45-Spider-2684.jpg,0.03430580347776413
SINet/S2C_SO,COD10K-CAM-2-Terrestrial-45-Spider-2685.jpg,0.1921062171459198
SINet/S2C_SO,COD10K-CAM-2-Terrestrial-45-Spider-2686.jpg,0.6804491877555847
SINet/S2C_SO,COD10K-CAM-2-Terrestrial-45-Spider-2687.jpg,0.07688531279563904
SINet/S2C_SO,COD10K-CAM-2-Terrestrial-45-Spider-2688.jpg,0.20491556823253632
SINet/S2C_SO,COD10K-CAM-2-Terrestrial-45-Spider-2689.jpg,0.07169868797063828
SINet/S2C_SO,COD10K-CAM-2-Terrestrial-45-Spider-2691.jpg,0.17318710684776306
SINet/S2C_SO,COD10K-CAM-2-Terrestrial-45-Spider-2692.jpg,0.08727504312992096
SINet/S2C_SO,COD10K-CAM-2-Terrestrial-45-Spider-2695.jpg,0.057300567626953125
SINet/S2C_SO,COD10K-CAM-2-Terrestrial-45-Spider-2696.jpg,0.05399158596992493
SINet/S2C_SO,COD10K-CAM-2-Terrestrial-45-Spider-2698.jpg,0.2478141188621521
SINet/S2C_SO,COD10K-CAM-2-Terrestrial-45-Spider-2699.jpg,0.23304404318332672
SINet/S2C_SO,COD10K-CAM-2-Terrestrial-45-Spider-2700.jpg,0.049683745950460434
SINet/S2C_SO,COD10K-CAM-2-Terrestrial-45-Spider-2705.jpg,0.699026346206665
SINet/S2C_SO,COD10K-CAM-2-Terrestrial-45-Spider-2706.jpg,0.06605612486600876
SINet/S2C_SO,COD10K-CAM-2-Terrestrial-45-Spider-2708.jpg,0.038239799439907074
SINet/S2C_SO,COD10K-CAM-2-Terrestrial-45-Spider-2710.jpg,0.2964707911014557
SINet/S2C_SO,COD10K-CAM-2-Terrestrial-45-Spider-2711.jpg,0.23088166117668152
SINet/S2C_SO,COD10K-CAM-2-Terrestrial-45-Spider-2712.jpg,0.0025223400443792343
SINet/S2C_SO,COD10K-CAM-2-Terrestrial-45-Spider-2713.jpg,0.0755690410733223
SINet/S2C_SO,COD10K-CAM-2-Terrestrial-45-Spider-2714.jpg,0.02636095881462097
SINet/S2C_SO,COD10K-CAM-2-Terrestrial-45-Spider-2716.jpg,0.10161197930574417
SINet/S2C_SO,COD10K-CAM-2-Terrestrial-45-Spider-2722.jpg,0.10957543551921844
SINet/S2C_SO,COD10K-CAM-2-Terrestrial-45-Spider-2724.jpg,0.00958222895860672
SINet/S2C_SO,COD10K-CAM-2-Terrestrial-45-Spider-2725.jpg,0.08622781932353973
SINet/S2C_SO,COD10K-CAM-2-Terrestrial-45-Spider-2726.jpg,0.16163969039916992
SINet/S2C_SO,COD10K-CAM-2-Terrestrial-45-Spider-2729.jpg,0.10161629319190979
SINet/S2C_SO,COD10K-CAM-2-Terrestrial-45-Spider-2733.jpg,0.06064184010028839
SINet/S2C_SO,COD10K-CAM-2-Terrestrial-45-Spider-2734.jpg,0.02177412435412407
SINet/S2C_SO,COD10K-CAM-2-Terrestrial-45-Spider-2738.jpg,0.04206898808479309
SINet/S2C_SO,COD10K-CAM-2-Terrestrial-45-Spider-2739.jpg,0.13963449001312256
SINet/S2C_SO,COD10K-CAM-2-Terrestrial-45-Spider-2740.jpg,0.05394592881202698
SINet/S2C_SO,COD10K-CAM-2-Terrestrial-45-Spider-2742.jpg,0.17781302332878113
SINet/S2C_SO,COD10K-CAM-2-Terrestrial-45-Spider-2743.jpg,1.0863943099975586
SINet/S2C_SO,COD10K-CAM-2-Terrestrial-45-Spider-2744.jpg,0.017450222745537758
SINet/S2C_SO,COD10K-CAM-2-Terrestrial-45-Spider-2746.jpg,0.7767008543014526
SINet/S2C_SO,COD10K-CAM-2-Terrestrial-45-Spider-2747.jpg,0.03544440120458603
SINet/S2C_SO,COD10K-CAM-2-Terrestrial-45-Spider-2748.jpg,0.39104726910591125
SINet/S2C_SO,COD10K-CAM-2-Terrestrial-45-Spider-2749.jpg,0.266366183757782
SINet/S2C_SO,COD10K-CAM-2-Terrestrial-45-Spider-2750.jpg,1.3126447200775146
SINet/S2C_SO,COD10K-CAM-2-Terrestrial-45-Spider-2751.jpg,0.07264062762260437
SINet/S2C_SO,COD10K-CAM-2-Terrestrial-45-Spider-2752.jpg,0.010790152475237846
SINet/S2C_SO,COD10K-CAM-2-Terrestrial-45-Spider-2753.jpg,0.044817253947257996
SINet/S2C_SO,COD10K-CAM-2-Terrestrial-45-Spider-2755.jpg,0.15553656220436096
SINet/S2C_SO,COD10K-CAM-2-Terrestrial-45-Spider-2757.jpg,0.1837759017944336
SINet/S2C_SO,COD10K-CAM-2-Terrestrial-45-Spider-2758.jpg,0.24931833148002625
SINet/S2C_SO,COD10K-CAM-2-Terrestrial-45-Spider-2761.jpg,0.012902935966849327
SINet/S2C_SO,COD10K-CAM-2-Terrestrial-45-Spider-2764.jpg,0.24061036109924316
SINet/S2C_SO,COD10K-CAM-2-Terrestrial-45-Spider-2765.jpg,0.1953737884759903
SINet/S2C_SO,COD10K-CAM-2-Terrestrial-45-Spider-2766.jpg,0.003015049733221531
SINet/S2C_SO,COD10K-CAM-2-Terrestrial-45-Spider-2767.jpg,0.1791156530380249
SINet/S2C_SO,COD10K-CAM-2-Terrestrial-45-Spider-2768.jpg,0.025186538696289062
SINet/S2C_SO,COD10K-CAM-2-Terrestrial-45-Spider-2774.jpg,0.3622816503047943
SINet/S2C_SO,COD10K-CAM-2-Terrestrial-45-Spider-2775.jpg,0.44375088810920715
SINet/S2C_SO,COD10K-CAM-2-Terrestrial-45-Spider-2776.jpg,0.4112856388092041
SINet/S2C_SO,COD10K-CAM-2-Terrestrial-45-Spider-2777.jpg,0.12777848541736603
SINet/S2C_SO,COD10K-CAM-2-Terrestrial-45-Spider-2778.jpg,0.015963872894644737
SINet/S2C_SO,COD10K-CAM-2-Terrestrial-45-Spider-2780.jpg,0.032363153994083405
SINet/S2C_SO,COD10K-CAM-2-Terrestrial-45-Spider-2781.jpg,0.6392488479614258
SINet/S2C_SO,COD10K-CAM-2-Terrestrial-45-Spider-2784.jpg,0.08010794222354889
SINet/S2C_SO,COD10K-CAM-2-Terrestrial-45-Spider-2785.jpg,0.47547924518585205
SINet/S2C_SO,COD10K-CAM-2-Terrestrial-45-Spider-2786.jpg,0.4359853267669678
SINet/S2C_SO,COD10K-CAM-2-Terrestrial-45-Spider-2787.jpg,0.4634331166744232
SINet/S2C_SO,COD10K-CAM-2-Terrestrial-45-Spider-2788.jpg,0.5666806101799011
SINet/S2C_SO,COD10K-CAM-2-Terrestrial-45-Spider-2790.jpg,0.49649104475975037
SINet/S2C_SO,COD10K-CAM-2-Terrestrial-45-Spider-2793.jpg,0.44172871112823486
SINet/S2C_SO,COD10K-CAM-2-Terrestrial-45-Spider-2795.jpg,0.10803799331188202
SINet/S2C_SO,COD10K-CAM-2-Terrestrial-45-Spider-2797.jpg,0.10902081429958344
SINet/S2C_SO,COD10K-CAM-2-Terrestrial-46-StickInsect-2799.jpg,0.6378459334373474
SINet/S2C_SO,COD10K-CAM-2-Terrestrial-46-StickInsect-2800.jpg,0.26189130544662476
SINet/S2C_SO,COD10K-CAM-2-Terrestrial-46-StickInsect-2801.jpg,0.6267710328102112
SINet/S2C_SO,COD10K-CAM-2-Terrestrial-46-StickInsect-2802.jpg,0.13709495961666107
SINet/S2C_SO,COD10K-CAM-2-Terrestrial-46-StickInsect-2803.jpg,0.144780233502388
SINet/S2C_SO,COD10K-CAM-2-Terrestrial-46-StickInsect-2812.jpg,0.18139952421188354
SINet/S2C_SO,COD10K-CAM-2-Terrestrial-46-StickInsect-2814.jpg,0.2579366862773895
SINet/S2C_SO,COD10K-CAM-2-Terrestrial-46-StickInsect-2821.jpg,0.22176602482795715
SINet/S2C_SO,COD10K-CAM-2-Terrestrial-46-StickInsect-2822.jpg,0.20697537064552307
SINet/S2C_SO,COD10K-CAM-2-Terrestrial-46-StickInsect-2823.jpg,0.3982018828392029
SINet/S2C_SO,COD10K-CAM-2-Terrestrial-46-StickInsect-2824.jpg,0.14526882767677307
SINet/S2C_SO,COD10K-CAM-2-Terrestrial-46-StickInsect-2826.jpg,0.017505835741758347
SINet/S2C_SO,COD10K-CAM-2-Terrestrial-46-StickInsect-2828.jpg,0.0872584730386734
SINet/S2C_SO,COD10K-CAM-2-Terrestrial-46-StickInsect-2830.jpg,0.22361800074577332
SINet/S2C_SO,COD10K-CAM-2-Terrestrial-46-StickInsect-2834.jpg,1.3476104736328125
SINet/S2C_SO,COD10K-CAM-2-Terrestrial-46-StickInsect-2835.jpg,0.23621420562267303
SINet/S2C_SO,COD10K-CAM-2-Terrestrial-46-StickInsect-2837.jpg,0.10376743227243423
SINet/S2C_SO,COD10K-CAM-2-Terrestrial-46-StickInsect-2838.jpg,0.385600209236145
SINet/S2C_SO,COD10K-CAM-2-Terrestrial-46-StickInsect-2840.jpg,0.9396852254867554
SINet/S2C_SO,COD10K-CAM-2-Terrestrial-46-StickInsect-2845.jpg,0.18162116408348083
SINet/S2C_SO,COD10K-CAM-2-Terrestrial-46-StickInsect-2846.jpg,0.20191842317581177
SINet/S2C_SO,COD10K-CAM-2-Terrestrial-46-StickInsect-2847.jpg,0.20503267645835876
SINet/S2C_SO,COD10K-CAM-2-Terrestrial-46-StickInsect-2848.jpg,0.9771722555160522
SINet/S2C_SO,COD10K-CAM-2-Terrestrial-46-StickInsect-2849.jpg,0.40017110109329224
SINet/S2C_SO,COD10K-CAM-2-Terrestrial-46-StickInsect-2851.jpg,0.4472001791000366
SINet/S2C_SO,COD10K-CAM-2-Terrestrial-46-StickInsect-2852.jpg,0.24503274261951447
SINet/S2C_SO,COD10K-CAM-2-Terrestrial-46-StickInsect-2853.jpg,0.0512445867061615
SINet/S2C_SO,COD10K-CAM-2-Terrestrial-46-StickInsect-2854.jpg,0.1196044459939003
SINet/S2C_SO,COD10K-CAM-2-Terrestrial-46-StickInsect-2855.jpg,0.5595974326133728
SINet/S2C_SO,COD10K-CAM-2-Terrestrial-46-StickInsect-2857.jpg,0.2202548086643219
SINet/S2C_SO,COD10K-CAM-2-Terrestrial-46-StickInsect-2860.jpg,0.0066564627923071384
SINet/S2C_SO,COD10K-CAM-2-Terrestrial-46-StickInsect-2861.jpg,0.6489304304122925
SINet/S2C_SO,COD10K-CAM-2-Terrestrial-46-StickInsect-2862.jpg,0.44675734639167786
SINet/S2C_SO,COD10K-CAM-2-Terrestrial-46-StickInsect-2863.jpg,0.15886290371418
SINet/S2C_SO,COD10K-CAM-2-Terrestrial-46-StickInsect-2866.jpg,0.2077479511499405
SINet/S2C_SO,COD10K-CAM-2-Terrestrial-46-StickInsect-2868.jpg,0.08286580443382263
SINet/S2C_SO,COD10K-CAM-2-Terrestrial-46-StickInsect-2871.jpg,0.6755096316337585
SINet/S2C_SO,COD10K-CAM-2-Terrestrial-46-StickInsect-2872.jpg,0.14805978536605835
SINet/S2C_SO,COD10K-CAM-2-Terrestrial-46-StickInsect-2874.jpg,0.294552743434906
SINet/S2C_SO,COD10K-CAM-2-Terrestrial-47-Tiger-2875.jpg,0.034467875957489014
SINet/S2C_SO,COD10K-CAM-2-Terrestrial-47-Tiger-2878.jpg,0.08225428313016891
SINet/S2C_SO,COD10K-CAM-2-Terrestrial-47-Tiger-2879.jpg,0.1554185152053833
SINet/S2C_SO,COD10K-CAM-2-Terrestrial-47-Tiger-2880.jpg,0.034467875957489014
SINet/S2C_SO,COD10K-CAM-2-Terrestrial-47-Tiger-2881.jpg,0.09924858063459396
SINet/S2C_SO,COD10K-CAM-2-Terrestrial-47-Tiger-2882.jpg,0.15355053544044495
SINet/S2C_SO,COD10K-CAM-2-Terrestrial-47-Tiger-2885.jpg,0.12576475739479065
SINet/S2C_SO,COD10K-CAM-2-Terrestrial-47-Tiger-2888.jpg,0.0432850681245327
SINet/S2C_SO,COD10K-CAM-2-Terrestrial-47-Tiger-2891.jpg,0.6996378898620605
SINet/S2C_SO,COD10K-CAM-2-Terrestrial-47-Tiger-2892.jpg,0.22006210684776306
SINet/S2C_SO,COD10K-CAM-2-Terrestrial-47-Tiger-2894.jpg,0.022806301712989807
SINet/S2C_SO,COD10K-CAM-2-Terrestrial-47-Tiger-2895.jpg,0.015089429914951324
SINet/S2C_SO,COD10K-CAM-2-Terrestrial-47-Tiger-2896.jpg,0.02227730117738247
SINet/S2C_SO,COD10K-CAM-2-Terrestrial-47-Tiger-2897.jpg,0.05276890844106674
SINet/S2C_SO,COD10K-CAM-2-Terrestrial-47-Tiger-2898.jpg,0.028584830462932587
SINet/S2C_SO,COD10K-CAM-2-Terrestrial-47-Tiger-2900.jpg,0.037065520882606506
SINet/S2C_SO,COD10K-CAM-2-Terrestrial-47-Tiger-2904.jpg,0.02864588052034378
SINet/S2C_SO,COD10K-CAM-2-Terrestrial-47-Tiger-2905.jpg,0.43449896574020386
SINet/S2C_SO,COD10K-CAM-2-Terrestrial-47-Tiger-2908.jpg,0.012115010991692543
SINet/S2C_SO,COD10K-CAM-2-Terrestrial-47-Tiger-2909.jpg,0.019873250275850296
SINet/S2C_SO,COD10K-CAM-2-Terrestrial-47-Tiger-2911.jpg,0.019663263112306595
SINet/S2C_SO,COD10K-CAM-2-Terrestrial-47-Tiger-2912.jpg,0.2327037900686264
SINet/S2C_SO,COD10K-CAM-2-Terrestrial-48-Wolf-2913.jpg,0.15442726016044617
SINet/S2C_SO,COD10K-CAM-2-Terrestrial-48-Wolf-2915.jpg,0.021761970594525337
SINet/S2C_SO,COD10K-CAM-2-Terrestrial-48-Wolf-2919.jpg,0.19763964414596558
SINet/S2C_SO,COD10K-CAM-2-Terrestrial-48-Wolf-2920.jpg,0.1449737399816513
SINet/S2C_SO,COD10K-CAM-2-Terrestrial-48-Wolf-2923.jpg,0.04740152880549431
SINet/S2C_SO,COD10K-CAM-2-Terrestrial-49-Worm-2924.jpg,0.6546638607978821
SINet/S2C_SO,COD10K-CAM-2-Terrestrial-49-Worm-2925.jpg,0.5895812511444092
SINet/S2C_SO,COD10K-CAM-2-Terrestrial-49-Worm-2926.jpg,0.6065801382064819
SINet/S2C_SO,COD10K-CAM-2-Terrestrial-49-Worm-2927.jpg,0.5963250398635864
SINet/S2C_SO,COD10K-CAM-2-Terrestrial-49-Worm-2928.jpg,0.8227591514587402
SINet/S2C_SO,COD10K-CAM-2-Terrestrial-49-Worm-2931.jpg,0.462025910615921
SINet/S2C_SO,COD10K-CAM-2-Terrestrial-49-Worm-2932.jpg,0.135847806930542
SINet/S2C_SO,COD10K-CAM-2-Terrestrial-49-Worm-2933.jpg,1.0774792432785034
SINet/S2C_SO,COD10K-CAM-2-Terrestrial-49-Worm-2935.jpg,0.6167916059494019
SINet/S2C_SO,COD10K-CAM-2-Terrestrial-49-Worm-2936.jpg,0.5613897442817688
SINet/S2C_SO,COD10K-CAM-2-Terrestrial-49-Worm-2937.jpg,0.21949073672294617
SINet/S2C_SO,COD10K-CAM-2-Terrestrial-49-Worm-2938.jpg,0.13556188344955444
SINet/S2C_SO,COD10K-CAM-2-Terrestrial-49-Worm-2940.jpg,0.41593971848487854
SINet/S2C_SO,COD10K-CAM-2-Terrestrial-49-Worm-2942.jpg,0.25671660900115967
SINet/S2C_SO,COD10K-CAM-2-Terrestrial-49-Worm-2943.jpg,0.639366865158081
SINet/S2C_SO,COD10K-CAM-2-Terrestrial-49-Worm-2945.jpg,0.450804740190506
SINet/S2C_SO,COD10K-CAM-2-Terrestrial-49-Worm-2946.jpg,0.5405526757240295
SINet/S2C_SO,COD10K-CAM-2-Terrestrial-49-Worm-2947.jpg,0.37756848335266113
SINet/S2C_SO,COD10K-CAM-2-Terrestrial-49-Worm-2951.jpg,0.2269088476896286
SINet/S2C_SO,COD10K-CAM-3-Flying-50-Bat-2957.jpg,0.024128906428813934
SINet/S2C_SO,COD10K-CAM-3-Flying-50-Bat-2958.jpg,0.09399372339248657
SINet/S2C_SO,COD10K-CAM-3-Flying-50-Bat-2961.jpg,0.026740487664937973
SINet/S2C_SO,COD10K-CAM-3-Flying-50-Bat-2964.jpg,0.36486145853996277
SINet/S2C_SO,COD10K-CAM-3-Flying-50-Bat-2965.jpg,0.7260254621505737
SINet/S2C_SO,COD10K-CAM-3-Flying-50-Bat-2966.jpg,0.713811993598938
SINet/S2C_SO,COD10K-CAM-3-Flying-50-Bat-2969.jpg,0.17472806572914124
SINet/S2C_SO,COD10K-CAM-3-Flying-50-Bat-2971.jpg,0.4778006672859192
SINet/S2C_SO,COD10K-CAM-3-Flying-50-Bat-2973.jpg,0.029254604130983353
SINet/S2C_SO,COD10K-CAM-3-Flying-50-Bat-2974.jpg,0.6657740473747253
SINet/S2C_SO,COD10K-CAM-3-Flying-51-Bee-2978.jpg,0.63641357421875
SINet/S2C_SO,COD10K-CAM-3-Flying-51-Bee-2979.jpg,0.11620250344276428
SINet/S2C_SO,COD10K-CAM-3-Flying-51-Bee-2980.jpg,0.05875488743185997
SINet/S2C_SO,COD10K-CAM-3-Flying-51-Bee-2984.jpg,0.4634900689125061
SINet/S2C_SO,COD10K-CAM-3-Flying-51-Bee-2987.jpg,0.4393318295478821
SINet/S2C_SO,COD10K-CAM-3-Flying-51-Bee-2988.jpg,0.34805238246917725
SINet/S2C_SO,COD10K-CAM-3-Flying-51-Bee-2989.jpg,0.00447799451649189
SINet/S2C_SO,COD10K-CAM-3-Flying-51-Bee-2990.jpg,0.9432761669158936
SINet/S2C_SO,COD10K-CAM-3-Flying-51-Bee-2991.jpg,0.17391860485076904
SINet/S2C_SO,COD10K-CAM-3-Flying-51-Bee-2992.jpg,0.08602133393287659
SINet/S2C_SO,COD10K-CAM-3-Flying-51-Bee-2994.jpg,0.29631662368774414
SINet/S2C_SO,COD10K-CAM-3-Flying-51-Bee-2996.jpg,0.6473823189735413
SINet/S2C_SO,COD10K-CAM-3-Flying-51-Bee-2998.jpg,0.47194015979766846
SINet/S2C_SO,COD10K-CAM-3-Flying-51-Bee-3000.jpg,0.06615657359361649
SINet/S2C_SO,COD10K-CAM-3-Flying-51-Bee-3001.jpg,0.04546257108449936
SINet/S2C_SO,COD10K-CAM-3-Flying-51-Bee-3003.jpg,0.045471712946891785
SINet/S2C_SO,COD10K-CAM-3-Flying-51-Bee-3004.jpg,0.20450931787490845
SINet/S2C_SO,COD10K-CAM-3-Flying-51-Bee-3005.jpg,0.18357473611831665
SINet/S2C_SO,COD10K-CAM-3-Flying-52-Beetle-3006.jpg,0.07485705614089966
SINet/S2C_SO,COD10K-CAM-3-Flying-52-Beetle-3008.jpg,0.11679399013519287
SINet/S2C_SO,COD10K-CAM-3-Flying-52-Beetle-3010.jpg,0.11062009632587433
SINet/S2C_SO,COD10K-CAM-3-Flying-52-Beetle-3012.jpg,0.4415600895881653
SINet/S2C_SO,COD10K-CAM-3-Flying-52-Beetle-3013.jpg,0.0971250981092453
SINet/S2C_SO,COD10K-CAM-3-Flying-53-Bird-3014.jpg,0.19068066775798798
SINet/S2C_SO,COD10K-CAM-3-Flying-53-Bird-3016.jpg,0.03432801365852356
SINet/S2C_SO,COD10K-CAM-3-Flying-53-Bird-3017.jpg,0.019301410764455795
SINet/S2C_SO,COD10K-CAM-3-Flying-53-Bird-3018.jpg,0.07698540389537811
SINet/S2C_SO,COD10K-CAM-3-Flying-53-Bird-3019.jpg,0.0738370418548584
SINet/S2C_SO,COD10K-CAM-3-Flying-53-Bird-3020.jpg,0.35821643471717834
SINet/S2C_SO,COD10K-CAM-3-Flying-53-Bird-3025.jpg,0.18473190069198608
SINet/S2C_SO,COD10K-CAM-3-Flying-53-Bird-3027.jpg,0.021337421610951424
SINet/S2C_SO,COD10K-CAM-3-Flying-53-Bird-3029.jpg,0.0477684810757637
SINet/S2C_SO,COD10K-CAM-3-Flying-53-Bird-3033.jpg,0.009165379218757153
SINet/S2C_SO,COD10K-CAM-3-Flying-53-Bird-3034.jpg,0.1520243138074875
SINet/S2C_SO,COD10K-CAM-3-Flying-53-Bird-3035.jpg,0.1190061867237091
SINet/S2C_SO,COD10K-CAM-3-Flying-53-Bird-3039.jpg,0.028817033395171165
SINet/S2C_SO,COD10K-CAM-3-Flying-53-Bird-3042.jpg,0.02032032236456871
SINet/S2C_SO,COD10K-CAM-3-Flying-53-Bird-3043.jpg,0.057548027485609055
SINet/S2C_SO,COD10K-CAM-3-Flying-53-Bird-3044.jpg,0.22684133052825928
SINet/S2C_SO,COD10K-CAM-3-Flying-53-Bird-3045.jpg,0.03884129971265793
SINet/S2C_SO,COD10K-CAM-3-Flying-53-Bird-3047.jpg,0.13085207343101501
SINet/S2C_SO,COD10K-CAM-3-Flying-53-Bird-3048.jpg,0.03756282106041908
SINet/S2C_SO,COD10K-CAM-3-Flying-53-Bird-3050.jpg,0.1277068853378296
SINet/S2C_SO,COD10K-CAM-3-Flying-53-Bird-3055.jpg,0.132551908493042
SINet/S2C_SO,COD10K-CAM-3-Flying-53-Bird-3058.jpg,0.04867739975452423
SINet/S2C_SO,COD10K-CAM-3-Flying-53-Bird-3060.jpg,0.5570189356803894
SINet/S2C_SO,COD10K-CAM-3-Flying-53-Bird-3061.jpg,0.08737300336360931
SINet/S2C_SO,COD10K-CAM-3-Flying-53-Bird-3063.jpg,1.2342643737792969
SINet/S2C_SO,COD10K-CAM-3-Flying-53-Bird-3065.jpg,0.5499323010444641
SINet/S2C_SO,COD10K-CAM-3-Flying-53-Bird-3066.jpg,0.14909344911575317
SINet/S2C_SO,COD10K-CAM-3-Flying-53-Bird-3067.jpg,0.021643757820129395
SINet/S2C_SO,COD10K-CAM-3-Flying-53-Bird-3070.jpg,0.014793787151575089
SINet/S2C_SO,COD10K-CAM-3-Flying-53-Bird-3071.jpg,0.268391489982605
SINet/S2C_SO,COD10K-CAM-3-Flying-53-Bird-3072.jpg,0.1462365686893463
SINet/S2C_SO,COD10K-CAM-3-Flying-53-Bird-3073.jpg,0.035514649003744125
SINet/S2C_SO,COD10K-CAM-3-Flying-53-Bird-3074.jpg,0.11615324765443802
SINet/S2C_SO,COD10K-CAM-3-Flying-53-Bird-3076.jpg,0.48322951793670654
SINet/S2C_SO,COD10K-CAM-3-Flying-53-Bird-3079.jpg,0.2477474808692932
SINet/S2C_SO,COD10K-CAM-3-Flying-53-Bird-3081.jpg,0.35213524103164673
SINet/S2C_SO,COD10K-CAM-3-Flying-53-Bird-3085.jpg,0.1311216652393341
SINet/S2C_SO,COD10K-CAM-3-Flying-53-Bird-3086.jpg,0.08314109593629837
SINet/S2C_SO,COD10K-CAM-3-Flying-53-Bird-3088.jpg,0.11786127090454102
SINet/S2C_SO,COD10K-CAM-3-Flying-53-Bird-3090.jpg,0.07103578001260757
SINet/S2C_SO,COD10K-CAM-3-Flying-53-Bird-3091.jpg,0.05394328385591507
SINet/S2C_SO,COD10K-CAM-3-Flying-53-Bird-3092.jpg,1.3055371046066284
SINet/S2C_SO,COD10K-CAM-3-Flying-53-Bird-3094.jpg,0.26808035373687744
SINet/S2C_SO,COD10K-CAM-3-Flying-53-Bird-3095.jpg,0.4387354850769043
SINet/S2C_SO,COD10K-CAM-3-Flying-53-Bird-3097.jpg,0.18669526278972626
SINet/S2C_SO,COD10K-CAM-3-Flying-53-Bird-3098.jpg,0.07721924781799316
SINet/S2C_SO,COD10K-CAM-3-Flying-53-Bird-3099.jpg,0.0670672059059143
SINet/S2C_SO,COD10K-CAM-3-Flying-53-Bird-3100.jpg,0.10773562639951706
SINet/S2C_SO,COD10K-CAM-3-Flying-53-Bird-3101.jpg,0.2078649401664734
SINet/S2C_SO,COD10K-CAM-3-Flying-53-Bird-3102.jpg,0.06548000127077103
SINet/S2C_SO,COD10K-CAM-3-Flying-53-Bird-3103.jpg,0.5188884139060974
SINet/S2C_SO,COD10K-CAM-3-Flying-53-Bird-3106.jpg,0.14044508337974548
SINet/S2C_SO,COD10K-CAM-3-Flying-53-Bird-3107.jpg,0.12658065557479858
SINet/S2C_SO,COD10K-CAM-3-Flying-53-Bird-3108.jpg,0.0963677316904068
SINet/S2C_SO,COD10K-CAM-3-Flying-53-Bird-3109.jpg,0.05507021024823189
SINet/S2C_SO,COD10K-CAM-3-Flying-53-Bird-3110.jpg,0.03089129738509655
SINet/S2C_SO,COD10K-CAM-3-Flying-53-Bird-3111.jpg,0.25279778242111206
SINet/S2C_SO,COD10K-CAM-3-Flying-53-Bird-3113.jpg,0.14416594803333282
SINet/S2C_SO,COD10K-CAM-3-Flying-53-Bird-3114.jpg,0.06267572194337845
SINet/S2C_SO,COD10K-CAM-3-Flying-53-Bird-3115.jpg,0.045675139874219894
SINet/S2C_SO,COD10K-CAM-3-Flying-53-Bird-3116.jpg,0.23782753944396973
SINet/S2C_SO,COD10K-CAM-3-Flying-53-Bird-3117.jpg,0.06705073267221451
SINet/S2C_SO,COD10K-CAM-3-Flying-53-Bird-3118.jpg,0.20755033195018768
SINet/S2C_SO,COD10K-CAM-3-Flying-53-Bird-3120.jpg,0.15594366192817688
SINet/S2C_SO,COD10K-CAM-3-Flying-53-Bird-3122.jpg,0.15701764822006226
SINet/S2C_SO,COD10K-CAM-3-Flying-53-Bird-3124.jpg,0.36713171005249023
SINet/S2C_SO,COD10K-CAM-3-Flying-53-Bird-3126.jpg,0.01635110005736351
SINet/S2C_SO,COD10K-CAM-3-Flying-53-Bird-3127.jpg,0.26405835151672363
SINet/S2C_SO,COD10K-CAM-3-Flying-53-Bird-3129.jpg,0.14741887152194977
SINet/S2C_SO,COD10K-CAM-3-Flying-53-Bird-3130.jpg,0.05235777795314789
SINet/S2C_SO,COD10K-CAM-3-Flying-53-Bird-3131.jpg,0.27737653255462646
SINet/S2C_SO,COD10K-CAM-3-Flying-53-Bird-3134.jpg,0.05327623337507248
SINet/S2C_SO,COD10K-CAM-3-Flying-53-Bird-3135.jpg,0.056533847004175186
SINet/S2C_SO,COD10K-CAM-3-Flying-53-Bird-3136.jpg,1.5496649742126465
SINet/S2C_SO,COD10K-CAM-3-Flying-53-Bird-3137.jpg,0.14596931636333466
SINet/S2C_SO,COD10K-CAM-3-Flying-53-Bird-3138.jpg,0.07011260092258453
SINet/S2C_SO,COD10K-CAM-3-Flying-53-Bird-3139.jpg,0.205772265791893
SINet/S2C_SO,COD10K-CAM-3-Flying-53-Bird-3140.jpg,0.013371054083108902
SINet/S2C_SO,COD10K-CAM-3-Flying-53-Bird-3143.jpg,0.07023300230503082
SINet/S2C_SO,COD10K-CAM-3-Flying-53-Bird-3144.jpg,0.3729771673679352
SINet/S2C_SO,COD10K-CAM-3-Flying-53-Bird-3146.jpg,0.029535416513681412
SINet/S2C_SO,COD10K-CAM-3-Flying-53-Bird-3147.jpg,0.05445238575339317
SINet/S2C_SO,COD10K-CAM-3-Flying-53-Bird-3148.jpg,0.00876429583877325
SINet/S2C_SO,COD10K-CAM-3-Flying-53-Bird-3149.jpg,0.2237335741519928
SINet/S2C_SO,COD10K-CAM-3-Flying-53-Bird-3152.jpg,0.57734215259552
SINet/S2C_SO,COD10K-CAM-3-Flying-53-Bird-3153.jpg,0.08362412452697754
SINet/S2C_SO,COD10K-CAM-3-Flying-53-Bird-3154.jpg,0.3936728835105896
SINet/S2C_SO,COD10K-CAM-3-Flying-53-Bird-3156.jpg,0.3493756353855133
SINet/S2C_SO,COD10K-CAM-3-Flying-53-Bird-3160.jpg,0.13759160041809082
SINet/S2C_SO,COD10K-CAM-3-Flying-53-Bird-3161.jpg,0.12366542220115662
SINet/S2C_SO,COD10K-CAM-3-Flying-53-Bird-3163.jpg,0.015477009117603302
SINet/S2C_SO,COD10K-CAM-3-Flying-53-Bird-3164.jpg,0.016731588169932365
SINet/S2C_SO,COD10K-CAM-3-Flying-53-Bird-3165.jpg,0.07144924253225327
SINet/S2C_SO,COD10K-CAM-3-Flying-53-Bird-3166.jpg,0.20207922160625458
SINet/S2C_SO,COD10K-CAM-3-Flying-53-Bird-3168.jpg,0.3947802782058716
SINet/S2C_SO,COD10K-CAM-3-Flying-53-Bird-3169.jpg,0.7912179231643677
SINet/S2C_SO,COD10K-CAM-3-Flying-53-Bird-3172.jpg,0.026871122419834137
SINet/S2C_SO,COD10K-CAM-3-Flying-53-Bird-3173.jpg,0.9961661696434021
SINet/S2C_SO,COD10K-CAM-3-Flying-53-Bird-3174.jpg,0.13838565349578857
SINet/S2C_SO,COD10K-CAM-3-Flying-53-Bird-3177.jpg,0.2838760018348694
SINet/S2C_SO,COD10K-CAM-3-Flying-53-Bird-3178.jpg,0.08300291746854782
SINet/S2C_SO,COD10K-CAM-3-Flying-53-Bird-3179.jpg,0.21264243125915527
SINet/S2C_SO,COD10K-CAM-3-Flying-53-Bird-3181.jpg,0.25150975584983826
SINet/S2C_SO,COD10K-CAM-3-Flying-53-Bird-3182.jpg,0.3063429594039917
SINet/S2C_SO,COD10K-CAM-3-Flying-53-Bird-3183.jpg,0.07967615872621536
SINet/S2C_SO,COD10K-CAM-3-Flying-53-Bird-3186.jpg,0.2810053825378418
SINet/S2C_SO,COD10K-CAM-3-Flying-53-Bird-3187.jpg,0.14697265625
SINet/S2C_SO,COD10K-CAM-3-Flying-53-Bird-3188.jpg,0.09053826332092285
SINet/S2C_SO,COD10K-CAM-3-Flying-53-Bird-3190.jpg,0.3986216187477112
SINet/S2C_SO,COD10K-CAM-3-Flying-53-Bird-3191.jpg,0.412173867225647
SINet/S2C_SO,COD10K-CAM-3-Flying-53-Bird-3192.jpg,0.21329084038734436
SINet/S2C_SO,COD10K-CAM-3-Flying-53-Bird-3193.jpg,0.037170443683862686
SINet/S2C_SO,COD10K-CAM-3-Flying-53-Bird-3194.jpg,0.10984912514686584
SINet/S2C_SO,COD10K-CAM-3-Flying-53-Bird-3195.jpg,0.706040620803833
SINet/S2C_SO,COD10K-CAM-3-Flying-53-Bird-3199.jpg,0.04156045615673065
SINet/S2C_SO,COD10K-CAM-3-Flying-53-Bird-3202.jpg,0.6768502593040466
SINet/S2C_SO,COD10K-CAM-3-Flying-53-Bird-3204.jpg,0.01240871287882328
SINet/S2C_SO,COD10K-CAM-3-Flying-53-Bird-3205.jpg,0.05172786861658096
SINet/S2C_SO,COD10K-CAM-3-Flying-53-Bird-3206.jpg,0.14572492241859436
SINet/S2C_SO,COD10K-CAM-3-Flying-53-Bird-3208.jpg,0.052019912749528885
SINet/S2C_SO,COD10K-CAM-3-Flying-53-Bird-3209.jpg,0.43692800402641296
SINet/S2C_SO,COD10K-CAM-3-Flying-53-Bird-3210.jpg,0.13981746137142181
SINet/S2C_SO,COD10K-CAM-3-Flying-53-Bird-3212.jpg,0.1661786437034607
SINet/S2C_SO,COD10K-CAM-3-Flying-53-Bird-3216.jpg,0.32019737362861633
SINet/S2C_SO,COD10K-CAM-3-Flying-53-Bird-3217.jpg,0.2488282024860382
SINet/S2C_SO,COD10K-CAM-3-Flying-53-Bird-3219.jpg,0.9062434434890747
SINet/S2C_SO,COD10K-CAM-3-Flying-53-Bird-3220.jpg,0.019394446164369583
SINet/S2C_SO,COD10K-CAM-3-Flying-53-Bird-3222.jpg,0.006178863346576691
SINet/S2C_SO,COD10K-CAM-3-Flying-53-Bird-3224.jpg,0.022083673626184464
SINet/S2C_SO,COD10K-CAM-3-Flying-53-Bird-3225.jpg,0.12698395550251007
SINet/S2C_SO,COD10K-CAM-3-Flying-53-Bird-3228.jpg,0.3555508852005005
SINet/S2C_SO,COD10K-CAM-3-Flying-53-Bird-3229.jpg,0.5211914777755737
SINet/S2C_SO,COD10K-CAM-3-Flying-53-Bird-3230.jpg,0.5903169512748718
SINet/S2C_SO,COD10K-CAM-3-Flying-53-Bird-3233.jpg,0.05577610433101654
SINet/S2C_SO,COD10K-CAM-3-Flying-53-Bird-3238.jpg,0.005034355446696281
SINet/S2C_SO,COD10K-CAM-3-Flying-53-Bird-3242.jpg,0.0353274941444397
SINet/S2C_SO,COD10K-CAM-3-Flying-53-Bird-3243.jpg,0.2942171096801758
SINet/S2C_SO,COD10K-CAM-3-Flying-53-Bird-3244.jpg,0.06283912062644958
SINet/S2C_SO,COD10K-CAM-3-Flying-53-Bird-3247.jpg,0.48375433683395386
SINet/S2C_SO,COD10K-CAM-3-Flying-53-Bird-3248.jpg,0.14752444624900818
SINet/S2C_SO,COD10K-CAM-3-Flying-53-Bird-3249.jpg,0.2614065706729889
SINet/S2C_SO,COD10K-CAM-3-Flying-53-Bird-3250.jpg,0.7077320218086243
SINet/S2C_SO,COD10K-CAM-3-Flying-54-Bittern-3251.jpg,0.17862236499786377
SINet/S2C_SO,COD10K-CAM-3-Flying-54-Bittern-3253.jpg,0.30280420184135437
SINet/S2C_SO,COD10K-CAM-3-Flying-54-Bittern-3256.jpg,0.40255218744277954
SINet/S2C_SO,COD10K-CAM-3-Flying-54-Bittern-3257.jpg,0.5281150937080383
SINet/S2C_SO,COD10K-CAM-3-Flying-54-Bittern-3258.jpg,0.07572650909423828
SINet/S2C_SO,COD10K-CAM-3-Flying-54-Bittern-3259.jpg,0.1816098392009735
SINet/S2C_SO,COD10K-CAM-3-Flying-54-Bittern-3261.jpg,0.319722056388855
SINet/S2C_SO,COD10K-CAM-3-Flying-54-Bittern-3262.jpg,0.012622504495084286
SINet/S2C_SO,COD10K-CAM-3-Flying-54-Bittern-3263.jpg,0.027290571480989456
SINet/S2C_SO,COD10K-CAM-3-Flying-54-Bittern-3264.jpg,0.08258289843797684
SINet/S2C_SO,COD10K-CAM-3-Flying-54-Bittern-3265.jpg,0.054112836718559265
SINet/S2C_SO,COD10K-CAM-3-Flying-54-Bittern-3267.jpg,0.07098755240440369
SINet/S2C_SO,COD10K-CAM-3-Flying-54-Bittern-3269.jpg,0.10800741612911224
SINet/S2C_SO,COD10K-CAM-3-Flying-54-Bittern-3270.jpg,0.05745038762688637
SINet/S2C_SO,COD10K-CAM-3-Flying-54-Bittern-3272.jpg,0.1356631964445114
SINet/S2C_SO,COD10K-CAM-3-Flying-54-Bittern-3273.jpg,0.13232259452342987
SINet/S2C_SO,COD10K-CAM-3-Flying-54-Bittern-3274.jpg,0.0632152110338211
SINet/S2C_SO,COD10K-CAM-3-Flying-54-Bittern-3275.jpg,0.47205427289009094
SINet/S2C_SO,COD10K-CAM-3-Flying-54-Bittern-3276.jpg,0.24120256304740906
SINet/S2C_SO,COD10K-CAM-3-Flying-54-Bittern-3278.jpg,0.3074372708797455
SINet/S2C_SO,COD10K-CAM-3-Flying-54-Bittern-3279.jpg,0.42316147685050964
SINet/S2C_SO,COD10K-CAM-3-Flying-54-Bittern-3280.jpg,0.2538783848285675
SINet/S2C_SO,COD10K-CAM-3-Flying-54-Bittern-3281.jpg,0.19038163125514984
SINet/S2C_SO,COD10K-CAM-3-Flying-54-Bittern-3282.jpg,1.6233161687850952
SINet/S2C_SO,COD10K-CAM-3-Flying-54-Bittern-3285.jpg,0.2861347496509552
SINet/S2C_SO,COD10K-CAM-3-Flying-54-Bittern-3286.jpg,0.13512201607227325
SINet/S2C_SO,COD10K-CAM-3-Flying-54-Bittern-3287.jpg,0.1360020935535431
SINet/S2C_SO,COD10K-CAM-3-Flying-54-Bittern-3290.jpg,0.01293945498764515
SINet/S2C_SO,COD10K-CAM-3-Flying-55-Butterfly-3291.jpg,0.37023842334747314
SINet/S2C_SO,COD10K-CAM-3-Flying-55-Butterfly-3292.jpg,0.47521519660949707
SINet/S2C_SO,COD10K-CAM-3-Flying-55-Butterfly-3293.jpg,0.08094775676727295
SINet/S2C_SO,COD10K-CAM-3-Flying-55-Butterfly-3294.jpg,0.0972754955291748
SINet/S2C_SO,COD10K-CAM-3-Flying-55-Butterfly-3296.jpg,0.07642310112714767
SINet/S2C_SO,COD10K-CAM-3-Flying-55-Butterfly-3297.jpg,0.06282056868076324
SINet/S2C_SO,COD10K-CAM-3-Flying-55-Butterfly-3298.jpg,0.11827816069126129
SINet/S2C_SO,COD10K-CAM-3-Flying-55-Butterfly-3299.jpg,0.7305176854133606
SINet/S2C_SO,COD10K-CAM-3-Flying-55-Butterfly-3300.jpg,0.0871790200471878
SINet/S2C_SO,COD10K-CAM-3-Flying-55-Butterfly-3301.jpg,0.022055543959140778
SINet/S2C_SO,COD10K-CAM-3-Flying-55-Butterfly-3302.jpg,0.1189059317111969
SINet/S2C_SO,COD10K-CAM-3-Flying-55-Butterfly-3305.jpg,1.263561725616455
SINet/S2C_SO,COD10K-CAM-3-Flying-55-Butterfly-3307.jpg,0.1539633572101593
SINet/S2C_SO,COD10K-CAM-3-Flying-55-Butterfly-3308.jpg,0.3970073461532593
SINet/S2C_SO,COD10K-CAM-3-Flying-55-Butterfly-3309.jpg,0.2950555086135864
SINet/S2C_SO,COD10K-CAM-3-Flying-55-Butterfly-3310.jpg,0.41097718477249146
SINet/S2C_SO,COD10K-CAM-3-Flying-55-Butterfly-3311.jpg,0.3167158365249634
SINet/S2C_SO,COD10K-CAM-3-Flying-55-Butterfly-3313.jpg,0.1101510226726532
SINet/S2C_SO,COD10K-CAM-3-Flying-55-Butterfly-3314.jpg,0.08824928849935532
SINet/S2C_SO,COD10K-CAM-3-Flying-55-Butterfly-3316.jpg,0.00409736717119813
SINet/S2C_SO,COD10K-CAM-3-Flying-55-Butterfly-3317.jpg,0.18971902132034302
SINet/S2C_SO,COD10K-CAM-3-Flying-55-Butterfly-3321.jpg,0.44871097803115845
SINet/S2C_SO,COD10K-CAM-3-Flying-55-Butterfly-3323.jpg,0.24434000253677368
SINet/S2C_SO,COD10K-CAM-3-Flying-55-Butterfly-3326.jpg,0.1467127799987793
SINet/S2C_SO,COD10K-CAM-3-Flying-55-Butterfly-3327.jpg,0.09715202450752258
SINet/S2C_SO,COD10K-CAM-3-Flying-55-Butterfly-3329.jpg,0.20170140266418457
SINet/S2C_SO,COD10K-CAM-3-Flying-55-Butterfly-3330.jpg,0.7037394046783447
SINet/S2C_SO,COD10K-CAM-3-Flying-55-Butterfly-3331.jpg,0.4424424469470978
SINet/S2C_SO,COD10K-CAM-3-Flying-55-Butterfly-3332.jpg,0.14442172646522522
SINet/S2C_SO,COD10K-CAM-3-Flying-55-Butterfly-3333.jpg,0.1086401492357254
SINet/S2C_SO,COD10K-CAM-3-Flying-55-Butterfly-3334.jpg,0.047486308962106705
SINet/S2C_SO,COD10K-CAM-3-Flying-55-Butterfly-3336.jpg,0.3746108114719391
SINet/S2C_SO,COD10K-CAM-3-Flying-55-Butterfly-3337.jpg,0.23742473125457764
SINet/S2C_SO,COD10K-CAM-3-Flying-55-Butterfly-3338.jpg,0.3421434760093689
SINet/S2C_SO,COD10K-CAM-3-Flying-55-Butterfly-3340.jpg,0.1901160478591919
SINet/S2C_SO,COD10K-CAM-3-Flying-55-Butterfly-3343.jpg,0.22754454612731934
SINet/S2C_SO,COD10K-CAM-3-Flying-55-Butterfly-3344.jpg,0.32383379340171814
SINet/S2C_SO,COD10K-CAM-3-Flying-55-Butterfly-3345.jpg,0.022040914744138718
SINet/S2C_SO,COD10K-CAM-3-Flying-55-Butterfly-3346.jpg,0.7935581207275391
SINet/S2C_SO,COD10K-CAM-3-Flying-55-Butterfly-3347.jpg,0.13012543320655823
SINet/S2C_SO,COD10K-CAM-3-Flying-55-Butterfly-3348.jpg,0.8349026441574097
SINet/S2C_SO,COD10K-CAM-3-Flying-55-Butterfly-3349.jpg,0.27703022956848145
SINet/S2C_SO,COD10K-CAM-3-Flying-55-Butterfly-3352.jpg,0.08348487317562103
SINet/S2C_SO,COD10K-CAM-3-Flying-55-Butterfly-3353.jpg,0.1398467868566513
SINet/S2C_SO,COD10K-CAM-3-Flying-55-Butterfly-3355.jpg,0.3334525525569916
SINet/S2C_SO,COD10K-CAM-3-Flying-55-Butterfly-3357.jpg,0.5238844752311707
SINet/S2C_SO,COD10K-CAM-3-Flying-55-Butterfly-3358.jpg,0.9606614708900452
SINet/S2C_SO,COD10K-CAM-3-Flying-55-Butterfly-3362.jpg,0.2289762943983078
SINet/S2C_SO,COD10K-CAM-3-Flying-55-Butterfly-3363.jpg,0.40138643980026245
SINet/S2C_SO,COD10K-CAM-3-Flying-55-Butterfly-3364.jpg,0.20566770434379578
SINet/S2C_SO,COD10K-CAM-3-Flying-55-Butterfly-3365.jpg,0.36152637004852295
SINet/S2C_SO,COD10K-CAM-3-Flying-55-Butterfly-3366.jpg,1.3157731294631958
SINet/S2C_SO,COD10K-CAM-3-Flying-55-Butterfly-3367.jpg,0.42201948165893555
SINet/S2C_SO,COD10K-CAM-3-Flying-55-Butterfly-3368.jpg,0.22534719109535217
SINet/S2C_SO,COD10K-CAM-3-Flying-55-Butterfly-3371.jpg,0.37937483191490173
SINet/S2C_SO,COD10K-CAM-3-Flying-55-Butterfly-3372.jpg,0.18912985920906067
SINet/S2C_SO,COD10K-CAM-3-Flying-55-Butterfly-3373.jpg,0.01957128196954727
SINet/S2C_SO,COD10K-CAM-3-Flying-55-Butterfly-3380.jpg,0.34134483337402344
SINet/S2C_SO,COD10K-CAM-3-Flying-55-Butterfly-3381.jpg,0.15078501403331757
SINet/S2C_SO,COD10K-CAM-3-Flying-55-Butterfly-3384.jpg,0.3122187852859497
SINet/S2C_SO,COD10K-CAM-3-Flying-55-Butterfly-3385.jpg,0.025914939120411873
SINet/S2C_SO,COD10K-CAM-3-Flying-55-Butterfly-3387.jpg,0.24428293108940125
SINet/S2C_SO,COD10K-CAM-3-Flying-55-Butterfly-3388.jpg,0.5677802562713623
SINet/S2C_SO,COD10K-CAM-3-Flying-55-Butterfly-3391.jpg,0.27241250872612
SINet/S2C_SO,COD10K-CAM-3-Flying-55-Butterfly-3392.jpg,0.700763463973999
SINet/S2C_SO,COD10K-CAM-3-Flying-55-Butterfly-3394.jpg,0.34858500957489014
SINet/S2C_SO,COD10K-CAM-3-Flying-55-Butterfly-3395.jpg,0.471088171005249
SINet/S2C_SO,COD10K-CAM-3-Flying-55-Butterfly-3396.jpg,0.585902988910675
SINet/S2C_SO,COD10K-CAM-3-Flying-55-Butterfly-3397.jpg,0.2542898654937744
SINet/S2C_SO,COD10K-CAM-3-Flying-55-Butterfly-3399.jpg,0.2503707706928253
SINet/S2C_SO,COD10K-CAM-3-Flying-55-Butterfly-3400.jpg,0.38019096851348877
SINet/S2C_SO,COD10K-CAM-3-Flying-55-Butterfly-3402.jpg,0.42470496892929077
SINet/S2C_SO,COD10K-CAM-3-Flying-55-Butterfly-3404.jpg,0.23263996839523315
SINet/S2C_SO,COD10K-CAM-3-Flying-55-Butterfly-3405.jpg,0.19845037162303925
SINet/S2C_SO,COD10K-CAM-3-Flying-55-Butterfly-3407.jpg,0.21681949496269226
SINet/S2C_SO,COD10K-CAM-3-Flying-55-Butterfly-3410.jpg,0.014403941109776497
SINet/S2C_SO,COD10K-CAM-3-Flying-55-Butterfly-3411.jpg,0.27853915095329285
SINet/S2C_SO,COD10K-CAM-3-Flying-55-Butterfly-3413.jpg,0.38561564683914185
SINet/S2C_SO,COD10K-CAM-3-Flying-55-Butterfly-3414.jpg,0.08811598271131516
SINet/S2C_SO,COD10K-CAM-3-Flying-55-Butterfly-3415.jpg,0.5316149592399597
SINet/S2C_SO,COD10K-CAM-3-Flying-55-Butterfly-3416.jpg,0.40195900201797485
SINet/S2C_SO,COD10K-CAM-3-Flying-55-Butterfly-3417.jpg,0.2072678804397583
SINet/S2C_SO,COD10K-CAM-3-Flying-55-Butterfly-3419.jpg,0.3298841118812561
SINet/S2C_SO,COD10K-CAM-3-Flying-55-Butterfly-3420.jpg,0.1862233728170395
SINet/S2C_SO,COD10K-CAM-3-Flying-55-Butterfly-3421.jpg,0.2930002808570862
SINet/S2C_SO,COD10K-CAM-3-Flying-55-Butterfly-3422.jpg,0.1922394335269928
SINet/S2C_SO,COD10K-CAM-3-Flying-55-Butterfly-3424.jpg,0.10500651597976685
SINet/S2C_SO,COD10K-CAM-3-Flying-55-Butterfly-3425.jpg,0.18764954805374146
SINet/S2C_SO,COD10K-CAM-3-Flying-55-Butterfly-3427.jpg,0.13837382197380066
SINet/S2C_SO,COD10K-CAM-3-Flying-55-Butterfly-3430.jpg,0.2638852000236511
SINet/S2C_SO,COD10K-CAM-3-Flying-55-Butterfly-3431.jpg,0.1394980549812317
SINet/S2C_SO,COD10K-CAM-3-Flying-55-Butterfly-3432.jpg,0.0674235001206398
SINet/S2C_SO,COD10K-CAM-3-Flying-55-Butterfly-3433.jpg,0.14213570952415466
SINet/S2C_SO,COD10K-CAM-3-Flying-55-Butterfly-3437.jpg,0.580365777015686
SINet/S2C_SO,COD10K-CAM-3-Flying-55-Butterfly-3438.jpg,0.14211076498031616
SINet/S2C_SO,COD10K-CAM-3-Flying-56-Cicada-3442.jpg,0.15056779980659485
SINet/S2C_SO,COD10K-CAM-3-Flying-56-Cicada-3445.jpg,0.16844645142555237
SINet/S2C_SO,COD10K-CAM-3-Flying-56-Cicada-3446.jpg,0.1956828534603119
SINet/S2C_SO,COD10K-CAM-3-Flying-56-Cicada-3448.jpg,0.09556558728218079
SINet/S2C_SO,COD10K-CAM-3-Flying-56-Cicada-3449.jpg,0.0987139344215393
SINet/S2C_SO,COD10K-CAM-3-Flying-56-Cicada-3450.jpg,0.023009110242128372
SINet/S2C_SO,COD10K-CAM-3-Flying-56-Cicada-3451.jpg,0.06780101358890533
SINet/S2C_SO,COD10K-CAM-3-Flying-56-Cicada-3452.jpg,0.09166895598173141
SINet/S2C_SO,COD10K-CAM-3-Flying-56-Cicada-3454.jpg,0.1565394103527069
SINet/S2C_SO,COD10K-CAM-3-Flying-56-Cicada-3455.jpg,0.26872122287750244
SINet/S2C_SO,COD10K-CAM-3-Flying-56-Cicada-3456.jpg,0.2051350176334381
SINet/S2C_SO,COD10K-CAM-3-Flying-56-Cicada-3457.jpg,0.022725410759449005
SINet/S2C_SO,COD10K-CAM-3-Flying-56-Cicada-3458.jpg,0.2813946604728699
SINet/S2C_SO,COD10K-CAM-3-Flying-56-Cicada-3459.jpg,0.6861469745635986
SINet/S2C_SO,COD10K-CAM-3-Flying-56-Cicada-3461.jpg,0.20316454768180847
SINet/S2C_SO,COD10K-CAM-3-Flying-56-Cicada-3464.jpg,0.14995916187763214
SINet/S2C_SO,COD10K-CAM-3-Flying-56-Cicada-3465.jpg,0.07726486027240753
SINet/S2C_SO,COD10K-CAM-3-Flying-56-Cicada-3466.jpg,0.0416705459356308
SINet/S2C_SO,COD10K-CAM-3-Flying-56-Cicada-3467.jpg,0.1519339382648468
SINet/S2C_SO,COD10K-CAM-3-Flying-56-Cicada-3468.jpg,0.19641655683517456
SINet/S2C_SO,COD10K-CAM-3-Flying-56-Cicada-3469.jpg,0.23200932145118713
SINet/S2C_SO,COD10K-CAM-3-Flying-56-Cicada-3471.jpg,0.8950827121734619
SINet/S2C_SO,COD10K-CAM-3-Flying-56-Cicada-3473.jpg,0.11614980548620224
SINet/S2C_SO,COD10K-CAM-3-Flying-56-Cicada-3474.jpg,0.210039883852005
SINet/S2C_SO,COD10K-CAM-3-Flying-56-Cicada-3475.jpg,0.1884353905916214
SINet/S2C_SO,COD10K-CAM-3-Flying-56-Cicada-3476.jpg,0.49774372577667236
SINet/S2C_SO,COD10K-CAM-3-Flying-56-Cicada-3477.jpg,0.522607684135437
SINet/S2C_SO,COD10K-CAM-3-Flying-56-Cicada-3479.jpg,0.37108513712882996
SINet/S2C_SO,COD10K-CAM-3-Flying-56-Cicada-3481.jpg,0.04951511323451996
SINet/S2C_SO,COD10K-CAM-3-Flying-56-Cicada-3484.jpg,0.13917416334152222
SINet/S2C_SO,COD10K-CAM-3-Flying-56-Cicada-3485.jpg,0.30845123529434204
SINet/S2C_SO,COD10K-CAM-3-Flying-56-Cicada-3487.jpg,0.11795976758003235
SINet/S2C_SO,COD10K-CAM-3-Flying-56-Cicada-3488.jpg,0.02893814817070961
SINet/S2C_SO,COD10K-CAM-3-Flying-56-Cicada-3489.jpg,0.22228890657424927
SINet/S2C_SO,COD10K-CAM-3-Flying-56-Cicada-3492.jpg,0.5565263628959656
SINet/S2C_SO,COD10K-CAM-3-Flying-56-Cicada-3493.jpg,0.3242507576942444
SINet/S2C_SO,COD10K-CAM-3-Flying-56-Cicada-3495.jpg,0.7901418805122375
SINet/S2C_SO,COD10K-CAM-3-Flying-56-Cicada-3497.jpg,0.07806596159934998
SINet/S2C_SO,COD10K-CAM-3-Flying-56-Cicada-3499.jpg,0.024972692131996155
SINet/S2C_SO,COD10K-CAM-3-Flying-56-Cicada-3500.jpg,0.4531092345714569
SINet/S2C_SO,COD10K-CAM-3-Flying-56-Cicada-3502.jpg,0.5314139127731323
SINet/S2C_SO,COD10K-CAM-3-Flying-56-Cicada-3503.jpg,0.599930465221405
SINet/S2C_SO,COD10K-CAM-3-Flying-56-Cicada-3506.jpg,1.2399235963821411
SINet/S2C_SO,COD10K-CAM-3-Flying-56-Cicada-3507.jpg,0.09458622336387634
SINet/S2C_SO,COD10K-CAM-3-Flying-56-Cicada-3511.jpg,0.2551373839378357
SINet/S2C_SO,COD10K-CAM-3-Flying-56-Cicada-3512.jpg,0.21372629702091217
SINet/S2C_SO,COD10K-CAM-3-Flying-56-Cicada-3514.jpg,0.03324399143457413
SINet/S2C_SO,COD10K-CAM-3-Flying-56-Cicada-3516.jpg,0.3173167109489441
SINet/S2C_SO,COD10K-CAM-3-Flying-56-Cicada-3517.jpg,0.01881316676735878
SINet/S2C_SO,COD10K-CAM-3-Flying-56-Cicada-3518.jpg,0.1104496568441391
SINet/S2C_SO,COD10K-CAM-3-Flying-56-Cicada-3519.jpg,0.6333673000335693
SINet/S2C_SO,COD10K-CAM-3-Flying-56-Cicada-3520.jpg,0.36760032176971436
SINet/S2C_SO,COD10K-CAM-3-Flying-56-Cicada-3523.jpg,0.34639856219291687
SINet/S2C_SO,COD10K-CAM-3-Flying-56-Cicada-3524.jpg,0.2266756296157837
SINet/S2C_SO,COD10K-CAM-3-Flying-56-Cicada-3526.jpg,1.4632009267807007
SINet/S2C_SO,COD10K-CAM-3-Flying-56-Cicada-3528.jpg,0.04568852484226227
SINet/S2C_SO,COD10K-CAM-3-Flying-56-Cicada-3529.jpg,0.20768040418624878
SINet/S2C_SO,COD10K-CAM-3-Flying-56-Cicada-3531.jpg,0.2729625999927521
SINet/S2C_SO,COD10K-CAM-3-Flying-56-Cicada-3532.jpg,0.39790287613868713
SINet/S2C_SO,COD10K-CAM-3-Flying-56-Cicada-3534.jpg,0.22891908884048462
SINet/S2C_SO,COD10K-CAM-3-Flying-56-Cicada-3538.jpg,0.03164491802453995
SINet/S2C_SO,COD10K-CAM-3-Flying-56-Cicada-3540.jpg,0.16021856665611267
SINet/S2C_SO,COD10K-CAM-3-Flying-56-Cicada-3541.jpg,0.48111677169799805
SINet/S2C_SO,COD10K-CAM-3-Flying-56-Cicada-3544.jpg,0.3434010148048401
SINet/S2C_SO,COD10K-CAM-3-Flying-56-Cicada-3545.jpg,0.06487081944942474
SINet/S2C_SO,COD10K-CAM-3-Flying-56-Cicada-3546.jpg,0.06408585608005524
SINet/S2C_SO,COD10K-CAM-3-Flying-56-Cicada-3548.jpg,0.3592388927936554
SINet/S2C_SO,COD10K-CAM-3-Flying-56-Cicada-3550.jpg,0.18233834207057953
SINet/S2C_SO,COD10K-CAM-3-Flying-56-Cicada-3552.jpg,0.08492203056812286
SINet/S2C_SO,COD10K-CAM-3-Flying-57-Dragonfly-3554.jpg,0.029457012191414833
SINet/S2C_SO,COD10K-CAM-3-Flying-57-Dragonfly-3555.jpg,0.1839214265346527
SINet/S2C_SO,COD10K-CAM-3-Flying-57-Dragonfly-3556.jpg,0.7369937896728516
SINet/S2C_SO,COD10K-CAM-3-Flying-57-Dragonfly-3557.jpg,0.09312330186367035
SINet/S2C_SO,COD10K-CAM-3-Flying-57-Dragonfly-3558.jpg,0.07466185092926025
SINet/S2C_SO,COD10K-CAM-3-Flying-57-Dragonfly-3560.jpg,0.01619640365242958
SINet/S2C_SO,COD10K-CAM-3-Flying-57-Dragonfly-3561.jpg,0.06861318647861481
SINet/S2C_SO,COD10K-CAM-3-Flying-57-Dragonfly-3562.jpg,0.9796929955482483
SINet/S2C_SO,COD10K-CAM-3-Flying-57-Dragonfly-3563.jpg,0.272897332906723
SINet/S2C_SO,COD10K-CAM-3-Flying-57-Dragonfly-3564.jpg,0.016090795397758484
SINet/S2C_SO,COD10K-CAM-3-Flying-57-Dragonfly-3565.jpg,0.18033501505851746
SINet/S2C_SO,COD10K-CAM-3-Flying-57-Dragonfly-3567.jpg,0.19766512513160706
SINet/S2C_SO,COD10K-CAM-3-Flying-57-Dragonfly-3568.jpg,0.4085526168346405
SINet/S2C_SO,COD10K-CAM-3-Flying-57-Dragonfly-3570.jpg,0.30939215421676636
SINet/S2C_SO,COD10K-CAM-3-Flying-57-Dragonfly-3572.jpg,0.4085526168346405
SINet/S2C_SO,COD10K-CAM-3-Flying-57-Dragonfly-3573.jpg,0.17979323863983154
SINet/S2C_SO,COD10K-CAM-3-Flying-57-Dragonfly-3574.jpg,0.46825551986694336
SINet/S2C_SO,COD10K-CAM-3-Flying-57-Dragonfly-3577.jpg,0.3137262761592865
SINet/S2C_SO,COD10K-CAM-3-Flying-57-Dragonfly-3578.jpg,0.2602825164794922
SINet/S2C_SO,COD10K-CAM-3-Flying-57-Dragonfly-3579.jpg,0.18904994428157806
SINet/S2C_SO,COD10K-CAM-3-Flying-57-Dragonfly-3583.jpg,0.1970699429512024
SINet/S2C_SO,COD10K-CAM-3-Flying-57-Dragonfly-3584.jpg,0.35428035259246826
SINet/S2C_SO,COD10K-CAM-3-Flying-57-Dragonfly-3587.jpg,0.16440357267856598
SINet/S2C_SO,COD10K-CAM-3-Flying-57-Dragonfly-3589.jpg,0.3548223376274109
SINet/S2C_SO,COD10K-CAM-3-Flying-57-Dragonfly-3591.jpg,0.3041578531265259
SINet/S2C_SO,COD10K-CAM-3-Flying-57-Dragonfly-3592.jpg,0.11130615323781967
SINet/S2C_SO,COD10K-CAM-3-Flying-58-Frogmouth-3594.jpg,0.2186543047428131
SINet/S2C_SO,COD10K-CAM-3-Flying-58-Frogmouth-3595.jpg,0.2741044759750366
SINet/S2C_SO,COD10K-CAM-3-Flying-58-Frogmouth-3597.jpg,0.37408727407455444
SINet/S2C_SO,COD10K-CAM-3-Flying-58-Frogmouth-3600.jpg,0.13050155341625214
SINet/S2C_SO,COD10K-CAM-3-Flying-58-Frogmouth-3601.jpg,0.5541543960571289
SINet/S2C_SO,COD10K-CAM-3-Flying-58-Frogmouth-3603.jpg,0.0162038616836071
SINet/S2C_SO,COD10K-CAM-3-Flying-58-Frogmouth-3605.jpg,0.25968289375305176
SINet/S2C_SO,COD10K-CAM-3-Flying-58-Frogmouth-3606.jpg,0.29412657022476196
SINet/S2C_SO,COD10K-CAM-3-Flying-58-Frogmouth-3607.jpg,0.38393905758857727
SINet/S2C_SO,COD10K-CAM-3-Flying-58-Frogmouth-3608.jpg,0.18618184328079224
SINet/S2C_SO,COD10K-CAM-3-Flying-58-Frogmouth-3609.jpg,0.043021783232688904
SINet/S2C_SO,COD10K-CAM-3-Flying-58-Frogmouth-3612.jpg,0.11953067779541016
SINet/S2C_SO,COD10K-CAM-3-Flying-58-Frogmouth-3613.jpg,0.4181658923625946
SINet/S2C_SO,COD10K-CAM-3-Flying-59-Grasshopper-3614.jpg,0.9135079979896545
SINet/S2C_SO,COD10K-CAM-3-Flying-59-Grasshopper-3616.jpg,0.4253731667995453
SINet/S2C_SO,COD10K-CAM-3-Flying-59-Grasshopper-3617.jpg,0.012824571691453457
SINet/S2C_SO,COD10K-CAM-3-Flying-59-Grasshopper-3620.jpg,0.026776282116770744
SINet/S2C_SO,COD10K-CAM-3-Flying-59-Grasshopper-3623.jpg,0.00935062114149332
SINet/S2C_SO,COD10K-CAM-3-Flying-59-Grasshopper-3624.jpg,0.2081395387649536
SINet/S2C_SO,COD10K-CAM-3-Flying-59-Grasshopper-3626.jpg,0.36490920186042786
SINet/S2C_SO,COD10K-CAM-3-Flying-59-Grasshopper-3628.jpg,0.4112873673439026
SINet/S2C_SO,COD10K-CAM-3-Flying-59-Grasshopper-3631.jpg,0.1347987949848175
SINet/S2C_SO,COD10K-CAM-3-Flying-59-Grasshopper-3633.jpg,0.910057783126831
SINet/S2C_SO,COD10K-CAM-3-Flying-59-Grasshopper-3635.jpg,0.38719442486763
SINet/S2C_SO,COD10K-CAM-3-Flying-59-Grasshopper-3639.jpg,0.20513182878494263
SINet/S2C_SO,COD10K-CAM-3-Flying-59-Grasshopper-3642.jpg,1.4197853803634644
SINet/S2C_SO,COD10K-CAM-3-Flying-59-Grasshopper-3643.jpg,0.3967089056968689
SINet/S2C_SO,COD10K-CAM-3-Flying-59-Grasshopper-3646.jpg,0.04197579622268677
SINet/S2C_SO,COD10K-CAM-3-Flying-59-Grasshopper-3647.jpg,0.222884401679039
SINet/S2C_SO,COD10K-CAM-3-Flying-59-Grasshopper-3649.jpg,0.11771546304225922
SINet/S2C_SO,COD10K-CAM-3-Flying-59-Grasshopper-3651.jpg,0.1868867427110672
SINet/S2C_SO,COD10K-CAM-3-Flying-59-Grasshopper-3654.jpg,0.15960310399532318
SINet/S2C_SO,COD10K-CAM-3-Flying-59-Grasshopper-3656.jpg,0.22677454352378845
SINet/S2C_SO,COD10K-CAM-3-Flying-59-Grasshopper-3660.jpg,0.5513023734092712
SINet/S2C_SO,COD10K-CAM-3-Flying-59-Grasshopper-3662.jpg,0.09994440525770187
SINet/S2C_SO,COD10K-CAM-3-Flying-59-Grasshopper-3663.jpg,0.1300964206457138
SINet/S2C_SO,COD10K-CAM-3-Flying-59-Grasshopper-3664.jpg,0.19621889293193817
SINet/S2C_SO,COD10K-CAM-3-Flying-59-Grasshopper-3665.jpg,0.24057868123054504
SINet/S2C_SO,COD10K-CAM-3-Flying-59-Grasshopper-3666.jpg,0.2097914218902588
SINet/S2C_SO,COD10K-CAM-3-Flying-59-Grasshopper-3667.jpg,0.499575138092041
SINet/S2C_SO,COD10K-CAM-3-Flying-59-Grasshopper-3668.jpg,0.13144008815288544
SINet/S2C_SO,COD10K-CAM-3-Flying-59-Grasshopper-3669.jpg,0.2945358157157898
SINet/S2C_SO,COD10K-CAM-3-Flying-59-Grasshopper-3670.jpg,0.1061895489692688
SINet/S2C_SO,COD10K-CAM-3-Flying-59-Grasshopper-3671.jpg,0.08678411692380905
SINet/S2C_SO,COD10K-CAM-3-Flying-59-Grasshopper-3674.jpg,0.0016311387298628688
SINet/S2C_SO,COD10K-CAM-3-Flying-59-Grasshopper-3675.jpg,0.17449456453323364
SINet/S2C_SO,COD10K-CAM-3-Flying-59-Grasshopper-3677.jpg,0.23454761505126953
SINet/S2C_SO,COD10K-CAM-3-Flying-59-Grasshopper-3679.jpg,0.09961656481027603
SINet/S2C_SO,COD10K-CAM-3-Flying-59-Grasshopper-3682.jpg,0.39073336124420166
SINet/S2C_SO,COD10K-CAM-3-Flying-59-Grasshopper-3684.jpg,0.3796881139278412
SINet/S2C_SO,COD10K-CAM-3-Flying-59-Grasshopper-3685.jpg,0.23624512553215027
SINet/S2C_SO,COD10K-CAM-3-Flying-59-Grasshopper-3687.jpg,0.1132328063249588
SINet/S2C_SO,COD10K-CAM-3-Flying-59-Grasshopper-3690.jpg,0.39606809616088867
SINet/S2C_SO,COD10K-CAM-3-Flying-59-Grasshopper-3691.jpg,0.14839524030685425
SINet/S2C_SO,COD10K-CAM-3-Flying-59-Grasshopper-3693.jpg,0.20760849118232727
SINet/S2C_SO,COD10K-CAM-3-Flying-59-Grasshopper-3696.jpg,0.1413816213607788
SINet/S2C_SO,COD10K-CAM-3-Flying-59-Grasshopper-3698.jpg,0.03630024939775467
SINet/S2C_SO,COD10K-CAM-3-Flying-59-Grasshopper-3700.jpg,0.12960591912269592
SINet/S2C_SO,COD10K-CAM-3-Flying-59-Grasshopper-3703.jpg,0.2654415965080261
SINet/S2C_SO,COD10K-CAM-3-Flying-59-Grasshopper-3704.jpg,0.5979154109954834
SINet/S2C_SO,COD10K-CAM-3-Flying-59-Grasshopper-3705.jpg,0.48358452320098877
SINet/S2C_SO,COD10K-CAM-3-Flying-59-Grasshopper-3709.jpg,0.13567812740802765
SINet/S2C_SO,COD10K-CAM-3-Flying-59-Grasshopper-3713.jpg,0.03687375411391258
SINet/S2C_SO,COD10K-CAM-3-Flying-59-Grasshopper-3715.jpg,0.005346290767192841
SINet/S2C_SO,COD10K-CAM-3-Flying-59-Grasshopper-3716.jpg,0.04943985491991043
SINet/S2C_SO,COD10K-CAM-3-Flying-59-Grasshopper-3717.jpg,0.21925657987594604
SINet/S2C_SO,COD10K-CAM-3-Flying-59-Grasshopper-3718.jpg,0.1849595308303833
SINet/S2C_SO,COD10K-CAM-3-Flying-59-Grasshopper-3721.jpg,0.015399035066366196
SINet/S2C_SO,COD10K-CAM-3-Flying-59-Grasshopper-3722.jpg,0.08764415979385376
SINet/S2C_SO,COD10K-CAM-3-Flying-59-Grasshopper-3723.jpg,1.2417956590652466
SINet/S2C_SO,COD10K-CAM-3-Flying-59-Grasshopper-3724.jpg,0.43910521268844604
SINet/S2C_SO,COD10K-CAM-3-Flying-59-Grasshopper-3725.jpg,0.13913679122924805
SINet/S2C_SO,COD10K-CAM-3-Flying-59-Grasshopper-3728.jpg,0.3112698197364807
SINet/S2C_SO,COD10K-CAM-3-Flying-59-Grasshopper-3730.jpg,0.20644256472587585
SINet/S2C_SO,COD10K-CAM-3-Flying-59-Grasshopper-3731.jpg,0.10755637288093567
SINet/S2C_SO,COD10K-CAM-3-Flying-59-Grasshopper-3735.jpg,0.11631673574447632
SINet/S2C_SO,COD10K-CAM-3-Flying-59-Grasshopper-3738.jpg,0.7246099710464478
SINet/S2C_SO,COD10K-CAM-3-Flying-59-Grasshopper-3739.jpg,0.5714277029037476
SINet/S2C_SO,COD10K-CAM-3-Flying-59-Grasshopper-3742.jpg,0.02523026056587696
SINet/S2C_SO,COD10K-CAM-3-Flying-59-Grasshopper-3743.jpg,0.5060383677482605
SINet/S2C_SO,COD10K-CAM-3-Flying-59-Grasshopper-3746.jpg,0.2373409867286682
SINet/S2C_SO,COD10K-CAM-3-Flying-59-Grasshopper-3748.jpg,0.42854687571525574
SINet/S2C_SO,COD10K-CAM-3-Flying-59-Grasshopper-3749.jpg,0.4993465840816498
SINet/S2C_SO,COD10K-CAM-3-Flying-59-Grasshopper-3750.jpg,0.0325351357460022
SINet/S2C_SO,COD10K-CAM-3-Flying-59-Grasshopper-3751.jpg,0.0925879180431366
SINet/S2C_SO,COD10K-CAM-3-Flying-59-Grasshopper-3752.jpg,0.04441852495074272
SINet/S2C_SO,COD10K-CAM-3-Flying-59-Grasshopper-3753.jpg,0.04864754527807236
SINet/S2C_SO,COD10K-CAM-3-Flying-59-Grasshopper-3754.jpg,0.33289220929145813
SINet/S2C_SO,COD10K-CAM-3-Flying-59-Grasshopper-3755.jpg,0.38905787467956543
SINet/S2C_SO,COD10K-CAM-3-Flying-59-Grasshopper-3757.jpg,0.19476862251758575
SINet/S2C_SO,COD10K-CAM-3-Flying-59-Grasshopper-3763.jpg,0.3221934735774994
SINet/S2C_SO,COD10K-CAM-3-Flying-59-Grasshopper-3765.jpg,0.43863803148269653
SINet/S2C_SO,COD10K-CAM-3-Flying-59-Grasshopper-3766.jpg,0.3967318534851074
SINet/S2C_SO,COD10K-CAM-3-Flying-59-Grasshopper-3767.jpg,0.49900802969932556
SINet/S2C_SO,COD10K-CAM-3-Flying-59-Grasshopper-3770.jpg,0.6353357434272766
SINet/S2C_SO,COD10K-CAM-3-Flying-59-Grasshopper-3774.jpg,0.0641404390335083
SINet/S2C_SO,COD10K-CAM-3-Flying-59-Grasshopper-3779.jpg,0.3625374138355255
SINet/S2C_SO,COD10K-CAM-3-Flying-59-Grasshopper-3781.jpg,0.2231292873620987
SINet/S2C_SO,COD10K-CAM-3-Flying-59-Grasshopper-3782.jpg,0.1116388589143753
SINet/S2C_SO,COD10K-CAM-3-Flying-59-Grasshopper-3783.jpg,0.36246123909950256
SINet/S2C_SO,COD10K-CAM-3-Flying-59-Grasshopper-3785.jpg,0.3653258979320526
SINet/S2C_SO,COD10K-CAM-3-Flying-59-Grasshopper-3787.jpg,0.35588350892066956
SINet/S2C_SO,COD10K-CAM-3-Flying-59-Grasshopper-3789.jpg,0.3022576570510864
SINet/S2C_SO,COD10K-CAM-3-Flying-59-Grasshopper-3791.jpg,0.6199613809585571
SINet/S2C_SO,COD10K-CAM-3-Flying-59-Grasshopper-3793.jpg,0.3068273961544037
SINet/S2C_SO,COD10K-CAM-3-Flying-59-Grasshopper-3794.jpg,0.1729038655757904
SINet/S2C_SO,COD10K-CAM-3-Flying-59-Grasshopper-3797.jpg,0.2346288561820984
SINet/S2C_SO,COD10K-CAM-3-Flying-59-Grasshopper-3798.jpg,0.14325812458992004
SINet/S2C_SO,COD10K-CAM-3-Flying-59-Grasshopper-3800.jpg,0.4568527936935425
SINet/S2C_SO,COD10K-CAM-3-Flying-59-Grasshopper-3801.jpg,0.06701654195785522
SINet/S2C_SO,COD10K-CAM-3-Flying-59-Grasshopper-3803.jpg,0.11030678451061249
SINet/S2C_SO,COD10K-CAM-3-Flying-59-Grasshopper-3805.jpg,0.0758775919675827
SINet/S2C_SO,COD10K-CAM-3-Flying-59-Grasshopper-3806.jpg,0.2391325831413269
SINet/S2C_SO,COD10K-CAM-3-Flying-59-Grasshopper-3807.jpg,0.14768578112125397
SINet/S2C_SO,COD10K-CAM-3-Flying-59-Grasshopper-3809.jpg,0.28655368089675903
SINet/S2C_SO,COD10K-CAM-3-Flying-59-Grasshopper-3812.jpg,0.21814820170402527
SINet/S2C_SO,COD10K-CAM-3-Flying-59-Grasshopper-3816.jpg,0.16766680777072906
SINet/S2C_SO,COD10K-CAM-3-Flying-59-Grasshopper-3817.jpg,0.49868911504745483
SINet/S2C_SO,COD10K-CAM-3-Flying-59-Grasshopper-3819.jpg,0.32971975207328796
SINet/S2C_SO,COD10K-CAM-3-Flying-59-Grasshopper-3821.jpg,1.2246299982070923
SINet/S2C_SO,COD10K-CAM-3-Flying-59-Grasshopper-3822.jpg,0.7600130438804626
SINet/S2C_SO,COD10K-CAM-3-Flying-59-Grasshopper-3823.jpg,0.12841928005218506
SINet/S2C_SO,COD10K-CAM-3-Flying-59-Grasshopper-3826.jpg,0.28481611609458923
SINet/S2C_SO,COD10K-CAM-3-Flying-59-Grasshopper-3827.jpg,0.16050706803798676
SINet/S2C_SO,COD10K-CAM-3-Flying-59-Grasshopper-3829.jpg,0.6043199896812439
SINet/S2C_SO,COD10K-CAM-3-Flying-59-Grasshopper-3830.jpg,0.7631335258483887
SINet/S2C_SO,COD10K-CAM-3-Flying-59-Grasshopper-3832.jpg,0.16265332698822021
SINet/S2C_SO,COD10K-CAM-3-Flying-59-Grasshopper-3833.jpg,0.1287393718957901
SINet/S2C_SO,COD10K-CAM-3-Flying-59-Grasshopper-3835.jpg,0.240401029586792
SINet/S2C_SO,COD10K-CAM-3-Flying-59-Grasshopper-3836.jpg,1.373720645904541
SINet/S2C_SO,COD10K-CAM-3-Flying-59-Grasshopper-3837.jpg,0.12032711505889893
SINet/S2C_SO,COD10K-CAM-3-Flying-59-Grasshopper-3838.jpg,0.10068945586681366
SINet/S2C_SO,COD10K-CAM-3-Flying-59-Grasshopper-3839.jpg,0.36999547481536865
SINet/S2C_SO,COD10K-CAM-3-Flying-59-Grasshopper-3841.jpg,0.22157111763954163
SINet/S2C_SO,COD10K-CAM-3-Flying-59-Grasshopper-3842.jpg,0.21154123544692993
SINet/S2C_SO,COD10K-CAM-3-Flying-59-Grasshopper-3843.jpg,0.3329358696937561
SINet/S2C_SO,COD10K-CAM-3-Flying-59-Grasshopper-3844.jpg,0.23153704404830933
SINet/S2C_SO,COD10K-CAM-3-Flying-59-Grasshopper-3846.jpg,0.013501477427780628
SINet/S2C_SO,COD10K-CAM-3-Flying-59-Grasshopper-3848.jpg,0.13624075055122375
SINet/S2C_SO,COD10K-CAM-3-Flying-59-Grasshopper-3851.jpg,0.7787560820579529
SINet/S2C_SO,COD10K-CAM-3-Flying-59-Grasshopper-3852.jpg,0.021028053015470505
SINet/S2C_SO,COD10K-CAM-3-Flying-59-Grasshopper-3854.jpg,0.03701543062925339
SINet/S2C_SO,COD10K-CAM-3-Flying-59-Grasshopper-3855.jpg,0.20104975998401642
SINet/S2C_SO,COD10K-CAM-3-Flying-59-Grasshopper-3858.jpg,0.46387869119644165
SINet/S2C_SO,COD10K-CAM-3-Flying-59-Grasshopper-3860.jpg,0.11939415335655212
SINet/S2C_SO,COD10K-CAM-3-Flying-59-Grasshopper-3861.jpg,0.038290299475193024
SINet/S2C_SO,COD10K-CAM-3-Flying-59-Grasshopper-3862.jpg,0.1626812070608139
SINet/S2C_SO,COD10K-CAM-3-Flying-59-Grasshopper-3864.jpg,0.009508507326245308
SINet/S2C_SO,COD10K-CAM-3-Flying-59-Grasshopper-3865.jpg,0.3956437408924103
SINet/S2C_SO,COD10K-CAM-3-Flying-59-Grasshopper-3867.jpg,0.29482680559158325
SINet/S2C_SO,COD10K-CAM-3-Flying-59-Grasshopper-3868.jpg,0.2726116180419922
SINet/S2C_SO,COD10K-CAM-3-Flying-59-Grasshopper-3869.jpg,0.5288628935813904
SINet/S2C_SO,COD10K-CAM-3-Flying-59-Grasshopper-3871.jpg,0.26091280579566956
SINet/S2C_SO,COD10K-CAM-3-Flying-59-Grasshopper-3878.jpg,0.1580268144607544
SINet/S2C_SO,COD10K-CAM-3-Flying-59-Grasshopper-3879.jpg,0.17271865904331207
SINet/S2C_SO,COD10K-CAM-3-Flying-60-Heron-3882.jpg,0.02123597264289856
SINet/S2C_SO,COD10K-CAM-3-Flying-60-Heron-3883.jpg,0.10960909724235535
SINet/S2C_SO,COD10K-CAM-3-Flying-60-Heron-3887.jpg,0.5505785942077637
SINet/S2C_SO,COD10K-CAM-3-Flying-60-Heron-3890.jpg,0.29017525911331177
SINet/S2C_SO,COD10K-CAM-3-Flying-60-Heron-3894.jpg,0.3054668605327606
SINet/S2C_SO,COD10K-CAM-3-Flying-60-Heron-3896.jpg,0.014949554577469826
SINet/S2C_SO,COD10K-CAM-3-Flying-60-Heron-3897.jpg,0.22499066591262817
SINet/S2C_SO,COD10K-CAM-3-Flying-60-Heron-3899.jpg,0.3119811713695526
SINet/S2C_SO,COD10K-CAM-3-Flying-60-Heron-3902.jpg,0.04741666838526726
SINet/S2C_SO,COD10K-CAM-3-Flying-60-Heron-3903.jpg,0.11983345448970795
SINet/S2C_SO,COD10K-CAM-3-Flying-60-Heron-3904.jpg,0.3346424400806427
SINet/S2C_SO,COD10K-CAM-3-Flying-60-Heron-3905.jpg,0.175981804728508
SINet/S2C_SO,COD10K-CAM-3-Flying-60-Heron-3907.jpg,0.07984858751296997
SINet/S2C_SO,COD10K-CAM-3-Flying-60-Heron-3908.jpg,0.013672199100255966
SINet/S2C_SO,COD10K-CAM-3-Flying-60-Heron-3910.jpg,0.12362760305404663
SINet/S2C_SO,COD10K-CAM-3-Flying-60-Heron-3913.jpg,0.09039823710918427
SINet/S2C_SO,COD10K-CAM-3-Flying-60-Heron-3914.jpg,0.02311636321246624
SINet/S2C_SO,COD10K-CAM-3-Flying-60-Heron-3915.jpg,0.14578843116760254
SINet/S2C_SO,COD10K-CAM-3-Flying-60-Heron-3916.jpg,0.32546743750572205
SINet/S2C_SO,COD10K-CAM-3-Flying-60-Heron-3917.jpg,0.06644874066114426
SINet/S2C_SO,COD10K-CAM-3-Flying-60-Heron-3919.jpg,0.011028077453374863
SINet/S2C_SO,COD10K-CAM-3-Flying-60-Heron-3920.jpg,0.03443852439522743
SINet/S2C_SO,COD10K-CAM-3-Flying-60-Heron-3923.jpg,0.14691591262817383
SINet/S2C_SO,COD10K-CAM-3-Flying-60-Heron-3924.jpg,0.0054395184852182865
SINet/S2C_SO,COD10K-CAM-3-Flying-60-Heron-3926.jpg,0.8457911014556885
SINet/S2C_SO,COD10K-CAM-3-Flying-60-Heron-3929.jpg,0.0653284341096878
SINet/S2C_SO,COD10K-CAM-3-Flying-60-Heron-3930.jpg,0.0799521878361702
SINet/S2C_SO,COD10K-CAM-3-Flying-60-Heron-3931.jpg,0.1097450703382492
SINet/S2C_SO,COD10K-CAM-3-Flying-60-Heron-3932.jpg,0.029602985829114914
SINet/S2C_SO,COD10K-CAM-3-Flying-60-Heron-3933.jpg,0.055169567465782166
SINet/S2C_SO,COD10K-CAM-3-Flying-61-Katydid-3934.jpg,0.5242533683776855
SINet/S2C_SO,COD10K-CAM-3-Flying-61-Katydid-3935.jpg,0.5181921720504761
SINet/S2C_SO,COD10K-CAM-3-Flying-61-Katydid-3936.jpg,0.601688802242279
SINet/S2C_SO,COD10K-CAM-3-Flying-61-Katydid-3937.jpg,0.954565703868866
SINet/S2C_SO,COD10K-CAM-3-Flying-61-Katydid-3938.jpg,0.5810486674308777
SINet/S2C_SO,COD10K-CAM-3-Flying-61-Katydid-3940.jpg,0.20088070631027222
SINet/S2C_SO,COD10K-CAM-3-Flying-61-Katydid-3941.jpg,0.1514807939529419
SINet/S2C_SO,COD10K-CAM-3-Flying-61-Katydid-3943.jpg,0.9611003398895264
SINet/S2C_SO,COD10K-CAM-3-Flying-61-Katydid-3944.jpg,0.08303329348564148
SINet/S2C_SO,COD10K-CAM-3-Flying-61-Katydid-3945.jpg,0.3422429859638214
SINet/S2C_SO,COD10K-CAM-3-Flying-61-Katydid-3946.jpg,0.1961248815059662
SINet/S2C_SO,COD10K-CAM-3-Flying-61-Katydid-3947.jpg,0.4777562618255615
SINet/S2C_SO,COD10K-CAM-3-Flying-61-Katydid-3948.jpg,0.21336472034454346
SINet/S2C_SO,COD10K-CAM-3-Flying-61-Katydid-3953.jpg,0.185232013463974
SINet/S2C_SO,COD10K-CAM-3-Flying-61-Katydid-3954.jpg,0.05047258734703064
SINet/S2C_SO,COD10K-CAM-3-Flying-61-Katydid-3955.jpg,0.3958929479122162
SINet/S2C_SO,COD10K-CAM-3-Flying-61-Katydid-3957.jpg,0.2603345215320587
SINet/S2C_SO,COD10K-CAM-3-Flying-61-Katydid-3959.jpg,0.18291978538036346
SINet/S2C_SO,COD10K-CAM-3-Flying-61-Katydid-3960.jpg,0.05714390426874161
SINet/S2C_SO,COD10K-CAM-3-Flying-61-Katydid-3961.jpg,0.3253873884677887
SINet/S2C_SO,COD10K-CAM-3-Flying-61-Katydid-3963.jpg,0.6430897116661072
SINet/S2C_SO,COD10K-CAM-3-Flying-61-Katydid-3966.jpg,0.4624457061290741
SINet/S2C_SO,COD10K-CAM-3-Flying-61-Katydid-3967.jpg,0.7360210418701172
SINet/S2C_SO,COD10K-CAM-3-Flying-61-Katydid-3969.jpg,0.9201600551605225
SINet/S2C_SO,COD10K-CAM-3-Flying-61-Katydid-3970.jpg,0.3591996133327484
SINet/S2C_SO,COD10K-CAM-3-Flying-61-Katydid-3972.jpg,0.3773807883262634
SINet/S2C_SO,COD10K-CAM-3-Flying-61-Katydid-3973.jpg,0.08849351853132248
SINet/S2C_SO,COD10K-CAM-3-Flying-61-Katydid-3974.jpg,0.6816599369049072
SINet/S2C_SO,COD10K-CAM-3-Flying-61-Katydid-3975.jpg,0.022047078236937523
SINet/S2C_SO,COD10K-CAM-3-Flying-61-Katydid-3977.jpg,0.5240088701248169
SINet/S2C_SO,COD10K-CAM-3-Flying-61-Katydid-3978.jpg,0.006819457747042179
SINet/S2C_SO,COD10K-CAM-3-Flying-61-Katydid-3981.jpg,0.25203773379325867
SINet/S2C_SO,COD10K-CAM-3-Flying-61-Katydid-3984.jpg,0.011166871525347233
SINet/S2C_SO,COD10K-CAM-3-Flying-61-Katydid-3985.jpg,0.1382039189338684
SINet/S2C_SO,COD10K-CAM-3-Flying-61-Katydid-3986.jpg,0.11835093796253204
SINet/S2C_SO,COD10K-CAM-3-Flying-61-Katydid-3989.jpg,0.7765636444091797
SINet/S2C_SO,COD10K-CAM-3-Flying-61-Katydid-3991.jpg,0.9198962450027466
SINet/S2C_SO,COD10K-CAM-3-Flying-61-Katydid-3992.jpg,0.24097609519958496
SINet/S2C_SO,COD10K-CAM-3-Flying-61-Katydid-3995.jpg,0.38214558362960815
SINet/S2C_SO,COD10K-CAM-3-Flying-61-Katydid-3996.jpg,0.5028762221336365
SINet/S2C_SO,COD10K-CAM-3-Flying-61-Katydid-3997.jpg,0.7245492935180664
SINet/S2C_SO,COD10K-CAM-3-Flying-61-Katydid-3998.jpg,0.5764976739883423
SINet/S2C_SO,COD10K-CAM-3-Flying-61-Katydid-3999.jpg,0.8248729705810547
SINet/S2C_SO,COD10K-CAM-3-Flying-61-Katydid-4000.jpg,0.2071981430053711
SINet/S2C_SO,COD10K-CAM-3-Flying-61-Katydid-4001.jpg,0.6772961616516113
SINet/S2C_SO,COD10K-CAM-3-Flying-61-Katydid-4002.jpg,0.5969730019569397
SINet/S2C_SO,COD10K-CAM-3-Flying-61-Katydid-4005.jpg,0.5865962505340576
SINet/S2C_SO,COD10K-CAM-3-Flying-61-Katydid-4007.jpg,0.4814720153808594
SINet/S2C_SO,COD10K-CAM-3-Flying-61-Katydid-4009.jpg,0.5254908800125122
SINet/S2C_SO,COD10K-CAM-3-Flying-61-Katydid-4010.jpg,0.33182838559150696
SINet/S2C_SO,COD10K-CAM-3-Flying-61-Katydid-4011.jpg,1.0415573120117188
SINet/S2C_SO,COD10K-CAM-3-Flying-61-Katydid-4012.jpg,0.03457902371883392
SINet/S2C_SO,COD10K-CAM-3-Flying-61-Katydid-4013.jpg,0.5353707671165466
SINet/S2C_SO,COD10K-CAM-3-Flying-61-Katydid-4015.jpg,0.8953543901443481
SINet/S2C_SO,COD10K-CAM-3-Flying-61-Katydid-4017.jpg,0.4389609098434448
SINet/S2C_SO,COD10K-CAM-3-Flying-61-Katydid-4018.jpg,0.2237495630979538
SINet/S2C_SO,COD10K-CAM-3-Flying-61-Katydid-4019.jpg,0.47158291935920715
SINet/S2C_SO,COD10K-CAM-3-Flying-61-Katydid-4024.jpg,0.41766244173049927
SINet/S2C_SO,COD10K-CAM-3-Flying-61-Katydid-4026.jpg,0.188186377286911
SINet/S2C_SO,COD10K-CAM-3-Flying-61-Katydid-4028.jpg,0.28208303451538086
SINet/S2C_SO,COD10K-CAM-3-Flying-61-Katydid-4029.jpg,0.9230833649635315
SINet/S2C_SO,COD10K-CAM-3-Flying-61-Katydid-4030.jpg,0.17359614372253418
SINet/S2C_SO,COD10K-CAM-3-Flying-61-Katydid-4031.jpg,0.32486987113952637
SINet/S2C_SO,COD10K-CAM-3-Flying-61-Katydid-4032.jpg,0.07084803283214569
SINet/S2C_SO,COD10K-CAM-3-Flying-61-Katydid-4033.jpg,0.2018812745809555
SINet/S2C_SO,COD10K-CAM-3-Flying-61-Katydid-4034.jpg,0.748930037021637
SINet/S2C_SO,COD10K-CAM-3-Flying-61-Katydid-4036.jpg,0.26663532853126526
SINet/S2C_SO,COD10K-CAM-3-Flying-61-Katydid-4038.jpg,0.08339476585388184
SINet/S2C_SO,COD10K-CAM-3-Flying-61-Katydid-4039.jpg,0.8379398584365845
SINet/S2C_SO,COD10K-CAM-3-Flying-61-Katydid-4040.jpg,0.3678240180015564
SINet/S2C_SO,COD10K-CAM-3-Flying-61-Katydid-4041.jpg,0.07806683331727982
SINet/S2C_SO,COD10K-CAM-3-Flying-61-Katydid-4043.jpg,0.5405474901199341
SINet/S2C_SO,COD10K-CAM-3-Flying-61-Katydid-4044.jpg,0.06600061804056168
SINet/S2C_SO,COD10K-CAM-3-Flying-61-Katydid-4046.jpg,0.43270212411880493
SINet/S2C_SO,COD10K-CAM-3-Flying-61-Katydid-4048.jpg,0.3731954097747803
SINet/S2C_SO,COD10K-CAM-3-Flying-61-Katydid-4049.jpg,0.5435666441917419
SINet/S2C_SO,COD10K-CAM-3-Flying-61-Katydid-4050.jpg,0.13298965990543365
SINet/S2C_SO,COD10K-CAM-3-Flying-61-Katydid-4052.jpg,0.19347283244132996
SINet/S2C_SO,COD10K-CAM-3-Flying-61-Katydid-4053.jpg,0.6419517397880554
SINet/S2C_SO,COD10K-CAM-3-Flying-61-Katydid-4055.jpg,0.1689763367176056
SINet/S2C_SO,COD10K-CAM-3-Flying-61-Katydid-4056.jpg,0.3416019082069397
SINet/S2C_SO,COD10K-CAM-3-Flying-61-Katydid-4057.jpg,0.22721238434314728
SINet/S2C_SO,COD10K-CAM-3-Flying-61-Katydid-4058.jpg,0.28337645530700684
SINet/S2C_SO,COD10K-CAM-3-Flying-61-Katydid-4061.jpg,0.6353203058242798
SINet/S2C_SO,COD10K-CAM-3-Flying-61-Katydid-4065.jpg,0.333344429731369
SINet/S2C_SO,COD10K-CAM-3-Flying-61-Katydid-4066.jpg,0.1521013379096985
SINet/S2C_SO,COD10K-CAM-3-Flying-61-Katydid-4067.jpg,0.3664601743221283
SINet/S2C_SO,COD10K-CAM-3-Flying-61-Katydid-4069.jpg,0.8077442049980164
SINet/S2C_SO,COD10K-CAM-3-Flying-61-Katydid-4070.jpg,0.2813938558101654
SINet/S2C_SO,COD10K-CAM-3-Flying-61-Katydid-4071.jpg,0.5516417026519775
SINet/S2C_SO,COD10K-CAM-3-Flying-61-Katydid-4072.jpg,0.6682862043380737
SINet/S2C_SO,COD10K-CAM-3-Flying-61-Katydid-4076.jpg,0.1163882464170456
SINet/S2C_SO,COD10K-CAM-3-Flying-61-Katydid-4078.jpg,0.18068751692771912
SINet/S2C_SO,COD10K-CAM-3-Flying-61-Katydid-4079.jpg,0.4681103825569153
SINet/S2C_SO,COD10K-CAM-3-Flying-61-Katydid-4081.jpg,0.18946358561515808
SINet/S2C_SO,COD10K-CAM-3-Flying-61-Katydid-4083.jpg,0.9093568325042725
SINet/S2C_SO,COD10K-CAM-3-Flying-61-Katydid-4084.jpg,0.06104668974876404
SINet/S2C_SO,COD10K-CAM-3-Flying-61-Katydid-4088.jpg,0.19725027680397034
SINet/S2C_SO,COD10K-CAM-3-Flying-61-Katydid-4089.jpg,0.5690263509750366
SINet/S2C_SO,COD10K-CAM-3-Flying-61-Katydid-4090.jpg,0.08781073987483978
SINet/S2C_SO,COD10K-CAM-3-Flying-61-Katydid-4092.jpg,0.4544149935245514
SINet/S2C_SO,COD10K-CAM-3-Flying-61-Katydid-4095.jpg,0.412503719329834
SINet/S2C_SO,COD10K-CAM-3-Flying-61-Katydid-4096.jpg,0.13273847103118896
SINet/S2C_SO,COD10K-CAM-3-Flying-61-Katydid-4097.jpg,0.2355661690235138
SINet/S2C_SO,COD10K-CAM-3-Flying-61-Katydid-4098.jpg,0.48792633414268494
SINet/S2C_SO,COD10K-CAM-3-Flying-61-Katydid-4099.jpg,0.17157909274101257
SINet/S2C_SO,COD10K-CAM-3-Flying-61-Katydid-4100.jpg,0.37984687089920044
SINet/S2C_SO,COD10K-CAM-3-Flying-61-Katydid-4103.jpg,0.029940569773316383
SINet/S2C_SO,COD10K-CAM-3-Flying-61-Katydid-4104.jpg,0.12170547991991043
SINet/S2C_SO,COD10K-CAM-3-Flying-61-Katydid-4105.jpg,0.6944268345832825
SINet/S2C_SO,COD10K-CAM-3-Flying-61-Katydid-4106.jpg,0.8152533769607544
SINet/S2C_SO,COD10K-CAM-3-Flying-61-Katydid-4109.jpg,0.34089574217796326
SINet/S2C_SO,COD10K-CAM-3-Flying-61-Katydid-4113.jpg,1.0021499395370483
SINet/S2C_SO,COD10K-CAM-3-Flying-61-Katydid-4114.jpg,0.6888532638549805
SINet/S2C_SO,COD10K-CAM-3-Flying-61-Katydid-4116.jpg,0.20576992630958557
SINet/S2C_SO,COD10K-CAM-3-Flying-61-Katydid-4119.jpg,0.0654531717300415
SINet/S2C_SO,COD10K-CAM-3-Flying-61-Katydid-4120.jpg,0.13678403198719025
SINet/S2C_SO,COD10K-CAM-3-Flying-61-Katydid-4123.jpg,0.11149601638317108
SINet/S2C_SO,COD10K-CAM-3-Flying-61-Katydid-4124.jpg,0.47298020124435425
SINet/S2C_SO,COD10K-CAM-3-Flying-61-Katydid-4127.jpg,0.2595358192920685
SINet/S2C_SO,COD10K-CAM-3-Flying-61-Katydid-4128.jpg,1.037632703781128
SINet/S2C_SO,COD10K-CAM-3-Flying-61-Katydid-4129.jpg,0.32848265767097473
SINet/S2C_SO,COD10K-CAM-3-Flying-61-Katydid-4132.jpg,0.5662833452224731
SINet/S2C_SO,COD10K-CAM-3-Flying-61-Katydid-4134.jpg,0.1293855607509613
SINet/S2C_SO,COD10K-CAM-3-Flying-61-Katydid-4135.jpg,0.42477965354919434
SINet/S2C_SO,COD10K-CAM-3-Flying-61-Katydid-4136.jpg,0.04124102368950844
SINet/S2C_SO,COD10K-CAM-3-Flying-61-Katydid-4137.jpg,0.14108742773532867
SINet/S2C_SO,COD10K-CAM-3-Flying-61-Katydid-4138.jpg,0.06225552409887314
SINet/S2C_SO,COD10K-CAM-3-Flying-61-Katydid-4139.jpg,0.2348194420337677
SINet/S2C_SO,COD10K-CAM-3-Flying-61-Katydid-4140.jpg,0.539139986038208
SINet/S2C_SO,COD10K-CAM-3-Flying-61-Katydid-4143.jpg,0.4108787178993225
SINet/S2C_SO,COD10K-CAM-3-Flying-61-Katydid-4146.jpg,0.21151214838027954
SINet/S2C_SO,COD10K-CAM-3-Flying-61-Katydid-4148.jpg,0.6164427995681763
SINet/S2C_SO,COD10K-CAM-3-Flying-61-Katydid-4149.jpg,0.4424533247947693
SINet/S2C_SO,COD10K-CAM-3-Flying-61-Katydid-4150.jpg,0.12282169610261917
SINet/S2C_SO,COD10K-CAM-3-Flying-61-Katydid-4151.jpg,0.32922548055648804
SINet/S2C_SO,COD10K-CAM-3-Flying-61-Katydid-4152.jpg,0.5705970525741577
SINet/S2C_SO,COD10K-CAM-3-Flying-61-Katydid-4157.jpg,0.055704787373542786
SINet/S2C_SO,COD10K-CAM-3-Flying-61-Katydid-4158.jpg,1.1256481409072876
SINet/S2C_SO,COD10K-CAM-3-Flying-61-Katydid-4163.jpg,0.1543194055557251
SINet/S2C_SO,COD10K-CAM-3-Flying-61-Katydid-4164.jpg,0.11710050702095032
SINet/S2C_SO,COD10K-CAM-3-Flying-61-Katydid-4165.jpg,0.07118009775876999
SINet/S2C_SO,COD10K-CAM-3-Flying-61-Katydid-4168.jpg,0.5722538828849792
SINet/S2C_SO,COD10K-CAM-3-Flying-61-Katydid-4169.jpg,0.05936773866415024
SINet/S2C_SO,COD10K-CAM-3-Flying-61-Katydid-4170.jpg,0.36555182933807373
SINet/S2C_SO,COD10K-CAM-3-Flying-61-Katydid-4171.jpg,0.29294711351394653
SINet/S2C_SO,COD10K-CAM-3-Flying-61-Katydid-4172.jpg,0.03701997920870781
SINet/S2C_SO,COD10K-CAM-3-Flying-61-Katydid-4175.jpg,0.48525750637054443
SINet/S2C_SO,COD10K-CAM-3-Flying-61-Katydid-4178.jpg,0.23982834815979004
SINet/S2C_SO,COD10K-CAM-3-Flying-61-Katydid-4179.jpg,0.41715770959854126
SINet/S2C_SO,COD10K-CAM-3-Flying-61-Katydid-4181.jpg,0.7532715797424316
SINet/S2C_SO,COD10K-CAM-3-Flying-61-Katydid-4182.jpg,0.41669440269470215
SINet/S2C_SO,COD10K-CAM-3-Flying-61-Katydid-4183.jpg,0.23167479038238525
SINet/S2C_SO,COD10K-CAM-3-Flying-61-Katydid-4184.jpg,0.13518717885017395
SINet/S2C_SO,COD10K-CAM-3-Flying-61-Katydid-4185.jpg,0.5179482102394104
SINet/S2C_SO,COD10K-CAM-3-Flying-61-Katydid-4186.jpg,0.6222501993179321
SINet/S2C_SO,COD10K-CAM-3-Flying-61-Katydid-4187.jpg,0.728776752948761
SINet/S2C_SO,COD10K-CAM-3-Flying-61-Katydid-4188.jpg,0.2157035768032074
SINet/S2C_SO,COD10K-CAM-3-Flying-61-Katydid-4190.jpg,0.4164138436317444
SINet/S2C_SO,COD10K-CAM-3-Flying-61-Katydid-4192.jpg,0.22608813643455505
SINet/S2C_SO,COD10K-CAM-3-Flying-61-Katydid-4194.jpg,0.4631492495536804
SINet/S2C_SO,COD10K-CAM-3-Flying-61-Katydid-4195.jpg,0.6184519529342651
SINet/S2C_SO,COD10K-CAM-3-Flying-61-Katydid-4197.jpg,0.32170867919921875
SINet/S2C_SO,COD10K-CAM-3-Flying-61-Katydid-4199.jpg,0.16303323209285736
SINet/S2C_SO,COD10K-CAM-3-Flying-61-Katydid-4200.jpg,0.34770455956459045
SINet/S2C_SO,COD10K-CAM-3-Flying-61-Katydid-4202.jpg,0.7155331373214722
SINet/S2C_SO,COD10K-CAM-3-Flying-61-Katydid-4207.jpg,0.18443964421749115
SINet/S2C_SO,COD10K-CAM-3-Flying-61-Katydid-4208.jpg,0.5258269309997559
SINet/S2C_SO,COD10K-CAM-3-Flying-61-Katydid-4210.jpg,0.0736495703458786
SINet/S2C_SO,COD10K-CAM-3-Flying-61-Katydid-4211.jpg,0.6445356607437134
SINet/S2C_SO,COD10K-CAM-3-Flying-61-Katydid-4212.jpg,0.46946972608566284
SINet/S2C_SO,COD10K-CAM-3-Flying-61-Katydid-4213.jpg,0.19293327629566193
SINet/S2C_SO,COD10K-CAM-3-Flying-61-Katydid-4214.jpg,0.11401095241308212
SINet/S2C_SO,COD10K-CAM-3-Flying-61-Katydid-4217.jpg,0.21862024068832397
SINet/S2C_SO,COD10K-CAM-3-Flying-61-Katydid-4223.jpg,0.2913706302642822
SINet/S2C_SO,COD10K-CAM-3-Flying-61-Katydid-4226.jpg,0.031831372529268265
SINet/S2C_SO,COD10K-CAM-3-Flying-61-Katydid-4227.jpg,0.8090346455574036
SINet/S2C_SO,COD10K-CAM-3-Flying-61-Katydid-4233.jpg,0.13914181292057037
SINet/S2C_SO,COD10K-CAM-3-Flying-61-Katydid-4235.jpg,0.3165644407272339
SINet/S2C_SO,COD10K-CAM-3-Flying-61-Katydid-4236.jpg,0.04600546509027481
SINet/S2C_SO,COD10K-CAM-3-Flying-61-Katydid-4239.jpg,0.08508092164993286
SINet/S2C_SO,COD10K-CAM-3-Flying-61-Katydid-4243.jpg,0.07868960499763489
SINet/S2C_SO,COD10K-CAM-3-Flying-62-Mantis-4246.jpg,0.05533057451248169
SINet/S2C_SO,COD10K-CAM-3-Flying-62-Mantis-4249.jpg,0.5043713450431824
SINet/S2C_SO,COD10K-CAM-3-Flying-62-Mantis-4250.jpg,0.09627053886651993
SINet/S2C_SO,COD10K-CAM-3-Flying-62-Mantis-4251.jpg,0.6138198375701904
SINet/S2C_SO,COD10K-CAM-3-Flying-62-Mantis-4252.jpg,0.6971392035484314
SINet/S2C_SO,COD10K-CAM-3-Flying-62-Mantis-4254.jpg,0.41077330708503723
SINet/S2C_SO,COD10K-CAM-3-Flying-62-Mantis-4257.jpg,0.35881251096725464
SINet/S2C_SO,COD10K-CAM-3-Flying-62-Mantis-4259.jpg,0.030581947416067123
SINet/S2C_SO,COD10K-CAM-3-Flying-62-Mantis-4260.jpg,0.27914485335350037
SINet/S2C_SO,COD10K-CAM-3-Flying-62-Mantis-4261.jpg,0.12375323474407196
SINet/S2C_SO,COD10K-CAM-3-Flying-62-Mantis-4263.jpg,0.1152256429195404
SINet/S2C_SO,COD10K-CAM-3-Flying-62-Mantis-4264.jpg,0.13243688642978668
SINet/S2C_SO,COD10K-CAM-3-Flying-62-Mantis-4266.jpg,0.6648205518722534
SINet/S2C_SO,COD10K-CAM-3-Flying-62-Mantis-4267.jpg,0.2130783498287201
SINet/S2C_SO,COD10K-CAM-3-Flying-62-Mantis-4269.jpg,0.13289625942707062
SINet/S2C_SO,COD10K-CAM-3-Flying-62-Mantis-4271.jpg,0.029500190168619156
SINet/S2C_SO,COD10K-CAM-3-Flying-62-Mantis-4273.jpg,0.151608407497406
SINet/S2C_SO,COD10K-CAM-3-Flying-62-Mantis-4275.jpg,0.20731565356254578
SINet/S2C_SO,COD10K-CAM-3-Flying-62-Mantis-4277.jpg,0.18102988600730896
SINet/S2C_SO,COD10K-CAM-3-Flying-62-Mantis-4280.jpg,0.26553860306739807
SINet/S2C_SO,COD10K-CAM-3-Flying-62-Mantis-4282.jpg,0.3372727334499359
SINet/S2C_SO,COD10K-CAM-3-Flying-62-Mantis-4284.jpg,0.5086391568183899
SINet/S2C_SO,COD10K-CAM-3-Flying-62-Mantis-4286.jpg,0.42387905716896057
SINet/S2C_SO,COD10K-CAM-3-Flying-62-Mantis-4289.jpg,0.057014599442481995
SINet/S2C_SO,COD10K-CAM-3-Flying-62-Mantis-4290.jpg,0.7689630389213562
SINet/S2C_SO,COD10K-CAM-3-Flying-62-Mantis-4291.jpg,0.2188623696565628
SINet/S2C_SO,COD10K-CAM-3-Flying-62-Mantis-4292.jpg,0.08533716201782227
SINet/S2C_SO,COD10K-CAM-3-Flying-62-Mantis-4293.jpg,0.06866665184497833
SINet/S2C_SO,COD10K-CAM-3-Flying-62-Mantis-4294.jpg,0.25987571477890015
SINet/S2C_SO,COD10K-CAM-3-Flying-62-Mantis-4295.jpg,0.009739158675074577
SINet/S2C_SO,COD10K-CAM-3-Flying-62-Mantis-4298.jpg,0.6894205212593079
SINet/S2C_SO,COD10K-CAM-3-Flying-62-Mantis-4299.jpg,0.3838786780834198
SINet/S2C_SO,COD10K-CAM-3-Flying-62-Mantis-4300.jpg,0.20866423845291138
SINet/S2C_SO,COD10K-CAM-3-Flying-62-Mantis-4303.jpg,0.12694859504699707
SINet/S2C_SO,COD10K-CAM-3-Flying-62-Mantis-4304.jpg,0.6421802043914795
SINet/S2C_SO,COD10K-CAM-3-Flying-62-Mantis-4305.jpg,0.9323416948318481
SINet/S2C_SO,COD10K-CAM-3-Flying-62-Mantis-4306.jpg,0.15003620088100433
SINet/S2C_SO,COD10K-CAM-3-Flying-62-Mantis-4309.jpg,0.06487257778644562
SINet/S2C_SO,COD10K-CAM-3-Flying-62-Mantis-4311.jpg,0.08241869509220123
SINet/S2C_SO,COD10K-CAM-3-Flying-62-Mantis-4312.jpg,0.13944613933563232
SINet/S2C_SO,COD10K-CAM-3-Flying-62-Mantis-4317.jpg,0.6664780974388123
SINet/S2C_SO,COD10K-CAM-3-Flying-62-Mantis-4318.jpg,0.014430004172027111
SINet/S2C_SO,COD10K-CAM-3-Flying-62-Mantis-4320.jpg,0.357084721326828
SINet/S2C_SO,COD10K-CAM-3-Flying-62-Mantis-4322.jpg,0.3595496416091919
SINet/S2C_SO,COD10K-CAM-3-Flying-62-Mantis-4323.jpg,0.1815861165523529
SINet/S2C_SO,COD10K-CAM-3-Flying-62-Mantis-4324.jpg,1.892189860343933
SINet/S2C_SO,COD10K-CAM-3-Flying-62-Mantis-4326.jpg,0.1670984923839569
SINet/S2C_SO,COD10K-CAM-3-Flying-62-Mantis-4327.jpg,0.3319682478904724
SINet/S2C_SO,COD10K-CAM-3-Flying-62-Mantis-4329.jpg,0.05673586577177048
SINet/S2C_SO,COD10K-CAM-3-Flying-62-Mantis-4331.jpg,0.08636323362588882
SINet/S2C_SO,COD10K-CAM-3-Flying-62-Mantis-4332.jpg,0.28926587104797363
SINet/S2C_SO,COD10K-CAM-3-Flying-62-Mantis-4333.jpg,0.11314574629068375
SINet/S2C_SO,COD10K-CAM-3-Flying-62-Mantis-4334.jpg,0.24620696902275085
SINet/S2C_SO,COD10K-CAM-3-Flying-62-Mantis-4335.jpg,0.35261163115501404
SINet/S2C_SO,COD10K-CAM-3-Flying-62-Mantis-4336.jpg,0.7502261400222778
SINet/S2C_SO,COD10K-CAM-3-Flying-62-Mantis-4337.jpg,0.031162705272436142
SINet/S2C_SO,COD10K-CAM-3-Flying-62-Mantis-4338.jpg,0.021801605820655823
SINet/S2C_SO,COD10K-CAM-3-Flying-62-Mantis-4340.jpg,0.8895653486251831
SINet/S2C_SO,COD10K-CAM-3-Flying-62-Mantis-4343.jpg,0.45473042130470276
SINet/S2C_SO,COD10K-CAM-3-Flying-62-Mantis-4345.jpg,0.1814238578081131
SINet/S2C_SO,COD10K-CAM-3-Flying-62-Mantis-4348.jpg,0.2931334972381592
SINet/S2C_SO,COD10K-CAM-3-Flying-62-Mantis-4351.jpg,0.5096030831336975
SINet/S2C_SO,COD10K-CAM-3-Flying-62-Mantis-4352.jpg,0.20486941933631897
SINet/S2C_SO,COD10K-CAM-3-Flying-62-Mantis-4353.jpg,0.28506457805633545
SINet/S2C_SO,COD10K-CAM-3-Flying-62-Mantis-4354.jpg,0.48720070719718933
SINet/S2C_SO,COD10K-CAM-3-Flying-62-Mantis-4356.jpg,0.1419890820980072
SINet/S2C_SO,COD10K-CAM-3-Flying-62-Mantis-4357.jpg,0.11138288676738739
SINet/S2C_SO,COD10K-CAM-3-Flying-62-Mantis-4365.jpg,0.4189699590206146
SINet/S2C_SO,COD10K-CAM-3-Flying-62-Mantis-4366.jpg,0.1275516301393509
SINet/S2C_SO,COD10K-CAM-3-Flying-62-Mantis-4367.jpg,0.4769473075866699
SINet/S2C_SO,COD10K-CAM-3-Flying-62-Mantis-4368.jpg,0.8381180167198181
SINet/S2C_SO,COD10K-CAM-3-Flying-62-Mantis-4369.jpg,0.1803494095802307
SINet/S2C_SO,COD10K-CAM-3-Flying-62-Mantis-4370.jpg,0.2149878442287445
SINet/S2C_SO,COD10K-CAM-3-Flying-62-Mantis-4371.jpg,0.20212237536907196
SINet/S2C_SO,COD10K-CAM-3-Flying-62-Mantis-4374.jpg,0.17948147654533386
SINet/S2C_SO,COD10K-CAM-3-Flying-62-Mantis-4377.jpg,0.8032436966896057
SINet/S2C_SO,COD10K-CAM-3-Flying-62-Mantis-4379.jpg,0.14105954766273499
SINet/S2C_SO,COD10K-CAM-3-Flying-62-Mantis-4381.jpg,0.3859902322292328
SINet/S2C_SO,COD10K-CAM-3-Flying-62-Mantis-4383.jpg,0.09786666929721832
SINet/S2C_SO,COD10K-CAM-3-Flying-62-Mantis-4385.jpg,0.11044033616781235
SINet/S2C_SO,COD10K-CAM-3-Flying-63-Mockingbird-4388.jpg,0.27692949771881104
SINet/S2C_SO,COD10K-CAM-3-Flying-63-Mockingbird-4390.jpg,0.2673245072364807
SINet/S2C_SO,COD10K-CAM-3-Flying-63-Mockingbird-4391.jpg,0.039877861738204956
SINet/S2C_SO,COD10K-CAM-3-Flying-63-Mockingbird-4393.jpg,0.1625359058380127
SINet/S2C_SO,COD10K-CAM-3-Flying-63-Mockingbird-4394.jpg,0.3110368847846985
SINet/S2C_SO,COD10K-CAM-3-Flying-63-Mockingbird-4395.jpg,0.045490335673093796
SINet/S2C_SO,COD10K-CAM-3-Flying-63-Mockingbird-4396.jpg,0.06726019084453583
SINet/S2C_SO,COD10K-CAM-3-Flying-63-Mockingbird-4397.jpg,0.09642800688743591
SINet/S2C_SO,COD10K-CAM-3-Flying-63-Mockingbird-4398.jpg,0.052241139113903046
SINet/S2C_SO,COD10K-CAM-3-Flying-63-Mockingbird-4399.jpg,0.23473623394966125
SINet/S2C_SO,COD10K-CAM-3-Flying-63-Mockingbird-4400.jpg,0.1025366485118866
SINet/S2C_SO,COD10K-CAM-3-Flying-63-Mockingbird-4401.jpg,0.020761853083968163
SINet/S2C_SO,COD10K-CAM-3-Flying-63-Mockingbird-4402.jpg,0.022369300946593285
SINet/S2C_SO,COD10K-CAM-3-Flying-63-Mockingbird-4404.jpg,0.5846841335296631
SINet/S2C_SO,COD10K-CAM-3-Flying-63-Mockingbird-4411.jpg,0.05228295177221298
SINet/S2C_SO,COD10K-CAM-3-Flying-63-Mockingbird-4412.jpg,0.43147826194763184
SINet/S2C_SO,COD10K-CAM-3-Flying-63-Mockingbird-4413.jpg,0.25259605050086975
SINet/S2C_SO,COD10K-CAM-3-Flying-63-Mockingbird-4415.jpg,0.7731919288635254
SINet/S2C_SO,COD10K-CAM-3-Flying-63-Mockingbird-4416.jpg,0.25961974263191223
SINet/S2C_SO,COD10K-CAM-3-Flying-63-Mockingbird-4418.jpg,0.11571159958839417
SINet/S2C_SO,COD10K-CAM-3-Flying-63-Mockingbird-4419.jpg,0.0241048876196146
SINet/S2C_SO,COD10K-CAM-3-Flying-63-Mockingbird-4420.jpg,0.2805905342102051
SINet/S2C_SO,COD10K-CAM-3-Flying-63-Mockingbird-4421.jpg,0.26453685760498047
SINet/S2C_SO,COD10K-CAM-3-Flying-63-Mockingbird-4422.jpg,0.535282552242279
SINet/S2C_SO,COD10K-CAM-3-Flying-63-Mockingbird-4423.jpg,0.24960878491401672
SINet/S2C_SO,COD10K-CAM-3-Flying-63-Mockingbird-4424.jpg,0.2413891851902008
SINet/S2C_SO,COD10K-CAM-3-Flying-63-Mockingbird-4425.jpg,0.17393063008785248
SINet/S2C_SO,COD10K-CAM-3-Flying-64-Moth-4428.jpg,0.006221644580364227
SINet/S2C_SO,COD10K-CAM-3-Flying-64-Moth-4429.jpg,0.09084857255220413
SINet/S2C_SO,COD10K-CAM-3-Flying-64-Moth-4434.jpg,0.03836800530552864
SINet/S2C_SO,COD10K-CAM-3-Flying-64-Moth-4435.jpg,0.4853295683860779
SINet/S2C_SO,COD10K-CAM-3-Flying-64-Moth-4436.jpg,0.01325790025293827
SINet/S2C_SO,COD10K-CAM-3-Flying-64-Moth-4437.jpg,0.1382715106010437
SINet/S2C_SO,COD10K-CAM-3-Flying-64-Moth-4438.jpg,0.09784083068370819
SINet/S2C_SO,COD10K-CAM-3-Flying-64-Moth-4439.jpg,0.021357711404561996
SINet/S2C_SO,COD10K-CAM-3-Flying-64-Moth-4440.jpg,0.21428607404232025
SINet/S2C_SO,COD10K-CAM-3-Flying-64-Moth-4441.jpg,0.031299952417612076
SINet/S2C_SO,COD10K-CAM-3-Flying-64-Moth-4442.jpg,0.010741021484136581
SINet/S2C_SO,COD10K-CAM-3-Flying-64-Moth-4445.jpg,0.8113378882408142
SINet/S2C_SO,COD10K-CAM-3-Flying-64-Moth-4449.jpg,0.0890420526266098
SINet/S2C_SO,COD10K-CAM-3-Flying-64-Moth-4451.jpg,0.20667468011379242
SINet/S2C_SO,COD10K-CAM-3-Flying-64-Moth-4456.jpg,1.0072786808013916
SINet/S2C_SO,COD10K-CAM-3-Flying-64-Moth-4458.jpg,0.035611994564533234
SINet/S2C_SO,COD10K-CAM-3-Flying-64-Moth-4459.jpg,0.06638186424970627
SINet/S2C_SO,COD10K-CAM-3-Flying-64-Moth-4462.jpg,0.2263801097869873
SINet/S2C_SO,COD10K-CAM-3-Flying-64-Moth-4463.jpg,0.08153340220451355
SINet/S2C_SO,COD10K-CAM-3-Flying-64-Moth-4464.jpg,0.021277841180562973
SINet/S2C_SO,COD10K-CAM-3-Flying-64-Moth-4465.jpg,0.286097913980484
SINet/S2C_SO,COD10K-CAM-3-Flying-64-Moth-4466.jpg,0.5890868306159973
SINet/S2C_SO,COD10K-CAM-3-Flying-64-Moth-4468.jpg,0.09445017576217651
SINet/S2C_SO,COD10K-CAM-3-Flying-64-Moth-4470.jpg,0.055500030517578125
SINet/S2C_SO,COD10K-CAM-3-Flying-64-Moth-4472.jpg,0.6497291922569275
SINet/S2C_SO,COD10K-CAM-3-Flying-64-Moth-4474.jpg,0.06453899294137955
SINet/S2C_SO,COD10K-CAM-3-Flying-64-Moth-4475.jpg,0.2362525463104248
SINet/S2C_SO,COD10K-CAM-3-Flying-64-Moth-4477.jpg,0.06853808462619781
SINet/S2C_SO,COD10K-CAM-3-Flying-64-Moth-4478.jpg,0.2114085555076599
SINet/S2C_SO,COD10K-CAM-3-Flying-64-Moth-4484.jpg,0.5443421602249146
SINet/S2C_SO,COD10K-CAM-3-Flying-64-Moth-4485.jpg,0.07836462557315826
SINet/S2C_SO,COD10K-CAM-3-Flying-64-Moth-4486.jpg,0.19624195992946625
SINet/S2C_SO,COD10K-CAM-3-Flying-64-Moth-4487.jpg,0.3942946791648865
SINet/S2C_SO,COD10K-CAM-3-Flying-64-Moth-4488.jpg,0.11336832493543625
SINet/S2C_SO,COD10K-CAM-3-Flying-64-Moth-4490.jpg,0.00079284084495157
SINet/S2C_SO,COD10K-CAM-3-Flying-64-Moth-4492.jpg,0.008934378623962402
SINet/S2C_SO,COD10K-CAM-3-Flying-64-Moth-4493.jpg,0.28336963057518005
SINet/S2C_SO,COD10K-CAM-3-Flying-64-Moth-4494.jpg,0.04007464647293091
SINet/S2C_SO,COD10K-CAM-3-Flying-64-Moth-4495.jpg,0.18166851997375488
SINet/S2C_SO,COD10K-CAM-3-Flying-64-Moth-4496.jpg,0.1504833698272705
SINet/S2C_SO,COD10K-CAM-3-Flying-64-Moth-4497.jpg,0.05538448691368103
SINet/S2C_SO,COD10K-CAM-3-Flying-64-Moth-4498.jpg,0.20716801285743713
SINet/S2C_SO,COD10K-CAM-3-Flying-64-Moth-4500.jpg,0.08237743377685547
SINet/S2C_SO,COD10K-CAM-3-Flying-64-Moth-4501.jpg,0.009961334988474846
SINet/S2C_SO,COD10K-CAM-3-Flying-64-Moth-4502.jpg,0.49854689836502075
SINet/S2C_SO,COD10K-CAM-3-Flying-64-Moth-4504.jpg,0.03629741817712784
SINet/S2C_SO,COD10K-CAM-3-Flying-64-Moth-4505.jpg,0.6439359188079834
SINet/S2C_SO,COD10K-CAM-3-Flying-64-Moth-4506.jpg,0.025927787646651268
SINet/S2C_SO,COD10K-CAM-3-Flying-64-Moth-4507.jpg,0.15471675992012024
SINet/S2C_SO,COD10K-CAM-3-Flying-65-Owl-4508.jpg,0.13449110090732574
SINet/S2C_SO,COD10K-CAM-3-Flying-65-Owl-4509.jpg,0.3394027650356293
SINet/S2C_SO,COD10K-CAM-3-Flying-65-Owl-4512.jpg,0.1902795135974884
SINet/S2C_SO,COD10K-CAM-3-Flying-65-Owl-4513.jpg,0.07019616663455963
SINet/S2C_SO,COD10K-CAM-3-Flying-65-Owl-4516.jpg,0.38276535272598267
SINet/S2C_SO,COD10K-CAM-3-Flying-65-Owl-4518.jpg,0.1357342153787613
SINet/S2C_SO,COD10K-CAM-3-Flying-65-Owl-4521.jpg,0.22349722683429718
SINet/S2C_SO,COD10K-CAM-3-Flying-65-Owl-4523.jpg,0.24982298910617828
SINet/S2C_SO,COD10K-CAM-3-Flying-65-Owl-4524.jpg,0.24913159012794495
SINet/S2C_SO,COD10K-CAM-3-Flying-65-Owl-4525.jpg,0.20344790816307068
SINet/S2C_SO,COD10K-CAM-3-Flying-65-Owl-4526.jpg,0.06727579981088638
SINet/S2C_SO,COD10K-CAM-3-Flying-65-Owl-4532.jpg,0.31277355551719666
SINet/S2C_SO,COD10K-CAM-3-Flying-65-Owl-4538.jpg,0.11788096278905869
SINet/S2C_SO,COD10K-CAM-3-Flying-65-Owl-4539.jpg,0.5268603563308716
SINet/S2C_SO,COD10K-CAM-3-Flying-65-Owl-4541.jpg,0.3632558286190033
SINet/S2C_SO,COD10K-CAM-3-Flying-65-Owl-4542.jpg,0.33659523725509644
SINet/S2C_SO,COD10K-CAM-3-Flying-65-Owl-4544.jpg,0.48723462224006653
SINet/S2C_SO,COD10K-CAM-3-Flying-65-Owl-4545.jpg,0.41263318061828613
SINet/S2C_SO,COD10K-CAM-3-Flying-65-Owl-4546.jpg,0.17701539397239685
SINet/S2C_SO,COD10K-CAM-3-Flying-65-Owl-4547.jpg,0.29368942975997925
SINet/S2C_SO,COD10K-CAM-3-Flying-65-Owl-4548.jpg,0.2955590486526489
SINet/S2C_SO,COD10K-CAM-3-Flying-65-Owl-4549.jpg,0.3114174008369446
SINet/S2C_SO,COD10K-CAM-3-Flying-65-Owl-4551.jpg,0.16859671473503113
SINet/S2C_SO,COD10K-CAM-3-Flying-65-Owl-4552.jpg,0.20462970435619354
SINet/S2C_SO,COD10K-CAM-3-Flying-65-Owl-4554.jpg,0.11113427579402924
SINet/S2C_SO,COD10K-CAM-3-Flying-65-Owl-4557.jpg,0.0936921089887619
SINet/S2C_SO,COD10K-CAM-3-Flying-65-Owl-4559.jpg,0.6559728384017944
SINet/S2C_SO,COD10K-CAM-3-Flying-65-Owl-4560.jpg,0.2507305443286896
SINet/S2C_SO,COD10K-CAM-3-Flying-65-Owl-4562.jpg,0.6209831833839417
SINet/S2C_SO,COD10K-CAM-3-Flying-65-Owl-4566.jpg,0.3334820866584778
SINet/S2C_SO,COD10K-CAM-3-Flying-65-Owl-4567.jpg,0.14863479137420654
SINet/S2C_SO,COD10K-CAM-3-Flying-65-Owl-4568.jpg,0.020533254370093346
SINet/S2C_SO,COD10K-CAM-3-Flying-65-Owl-4570.jpg,0.2667001485824585
SINet/S2C_SO,COD10K-CAM-3-Flying-65-Owl-4571.jpg,0.6310185790061951
SINet/S2C_SO,COD10K-CAM-3-Flying-65-Owl-4572.jpg,0.3427141308784485
SINet/S2C_SO,COD10K-CAM-3-Flying-65-Owl-4576.jpg,0.2126692831516266
SINet/S2C_SO,COD10K-CAM-3-Flying-65-Owl-4579.jpg,0.24693210422992706
SINet/S2C_SO,COD10K-CAM-3-Flying-65-Owl-4581.jpg,0.1998821347951889
SINet/S2C_SO,COD10K-CAM-3-Flying-65-Owl-4582.jpg,0.41368183493614197
SINet/S2C_SO,COD10K-CAM-3-Flying-65-Owl-4583.jpg,0.38633620738983154
SINet/S2C_SO,COD10K-CAM-3-Flying-65-Owl-4585.jpg,0.01855926588177681
SINet/S2C_SO,COD10K-CAM-3-Flying-65-Owl-4589.jpg,0.17529302835464478
SINet/S2C_SO,COD10K-CAM-3-Flying-65-Owl-4590.jpg,0.5960981845855713
SINet/S2C_SO,COD10K-CAM-3-Flying-65-Owl-4592.jpg,0.47213077545166016
SINet/S2C_SO,COD10K-CAM-3-Flying-65-Owl-4594.jpg,0.45238298177719116
SINet/S2C_SO,COD10K-CAM-3-Flying-65-Owl-4595.jpg,0.2634943127632141
SINet/S2C_SO,COD10K-CAM-3-Flying-65-Owl-4596.jpg,0.014857521280646324
SINet/S2C_SO,COD10K-CAM-3-Flying-65-Owl-4598.jpg,0.15381985902786255
SINet/S2C_SO,COD10K-CAM-3-Flying-65-Owl-4600.jpg,0.22884990274906158
SINet/S2C_SO,COD10K-CAM-3-Flying-65-Owl-4601.jpg,0.5069231986999512
SINet/S2C_SO,COD10K-CAM-3-Flying-65-Owl-4602.jpg,0.17451994121074677
SINet/S2C_SO,COD10K-CAM-3-Flying-65-Owl-4603.jpg,0.0939577966928482
SINet/S2C_SO,COD10K-CAM-3-Flying-65-Owl-4605.jpg,0.31650105118751526
SINet/S2C_SO,COD10K-CAM-3-Flying-65-Owl-4606.jpg,0.1961771547794342
SINet/S2C_SO,COD10K-CAM-3-Flying-65-Owl-4607.jpg,0.25433409214019775
SINet/S2C_SO,COD10K-CAM-3-Flying-65-Owl-4610.jpg,0.04094900190830231
SINet/S2C_SO,COD10K-CAM-3-Flying-65-Owl-4612.jpg,0.6071531176567078
SINet/S2C_SO,COD10K-CAM-3-Flying-65-Owl-4614.jpg,0.10680592805147171
SINet/S2C_SO,COD10K-CAM-3-Flying-65-Owl-4616.jpg,0.22469578683376312
SINet/S2C_SO,COD10K-CAM-3-Flying-65-Owl-4617.jpg,0.14676961302757263
SINet/S2C_SO,COD10K-CAM-3-Flying-65-Owl-4619.jpg,0.09927337616682053
SINet/S2C_SO,COD10K-CAM-3-Flying-65-Owl-4621.jpg,0.11996357142925262
SINet/S2C_SO,COD10K-CAM-3-Flying-65-Owl-4622.jpg,0.2919759452342987
SINet/S2C_SO,COD10K-CAM-3-Flying-65-Owl-4623.jpg,0.1158231794834137
SINet/S2C_SO,COD10K-CAM-3-Flying-65-Owl-4624.jpg,0.2358953356742859
SINet/S2C_SO,COD10K-CAM-3-Flying-65-Owl-4625.jpg,0.010775982402265072
SINet/S2C_SO,COD10K-CAM-3-Flying-65-Owl-4628.jpg,0.34148266911506653
SINet/S2C_SO,COD10K-CAM-3-Flying-65-Owl-4629.jpg,0.5988495945930481
SINet/S2C_SO,COD10K-CAM-3-Flying-65-Owl-4630.jpg,0.1014396995306015
SINet/S2C_SO,COD10K-CAM-3-Flying-65-Owl-4631.jpg,0.04041394591331482
SINet/S2C_SO,COD10K-CAM-3-Flying-65-Owl-4634.jpg,0.04642075300216675
SINet/S2C_SO,COD10K-CAM-3-Flying-65-Owl-4636.jpg,0.1317320466041565
SINet/S2C_SO,COD10K-CAM-3-Flying-65-Owl-4637.jpg,0.21296480298042297
SINet/S2C_SO,COD10K-CAM-3-Flying-65-Owl-4639.jpg,0.10742491483688354
SINet/S2C_SO,COD10K-CAM-3-Flying-65-Owl-4642.jpg,0.028292320668697357
SINet/S2C_SO,COD10K-CAM-3-Flying-65-Owl-4643.jpg,0.22705604135990143
SINet/S2C_SO,COD10K-CAM-3-Flying-65-Owl-4649.jpg,0.16116000711917877
SINet/S2C_SO,COD10K-CAM-3-Flying-65-Owl-4651.jpg,0.11990966647863388
SINet/S2C_SO,COD10K-CAM-3-Flying-65-Owl-4652.jpg,0.14869198203086853
SINet/S2C_SO,COD10K-CAM-3-Flying-65-Owl-4653.jpg,0.060976430773735046
SINet/S2C_SO,COD10K-CAM-3-Flying-65-Owl-4655.jpg,0.2254139930009842
SINet/S2C_SO,COD10K-CAM-3-Flying-65-Owl-4657.jpg,0.11411833018064499
SINet/S2C_SO,COD10K-CAM-3-Flying-65-Owl-4658.jpg,0.16497081518173218
SINet/S2C_SO,COD10K-CAM-3-Flying-65-Owl-4661.jpg,0.032263580709695816
SINet/S2C_SO,COD10K-CAM-3-Flying-65-Owl-4663.jpg,0.38469114899635315
SINet/S2C_SO,COD10K-CAM-3-Flying-65-Owl-4664.jpg,0.20718398690223694
SINet/S2C_SO,COD10K-CAM-3-Flying-65-Owl-4665.jpg,0.1389213502407074
SINet/S2C_SO,COD10K-CAM-3-Flying-66-Owlfly-4667.jpg,0.035261817276477814
SINet/S2C_SO,COD10K-CAM-3-Flying-66-Owlfly-4670.jpg,0.003551741596311331
SINet/S2C_SO,COD10K-CAM-3-Flying-66-Owlfly-4671.jpg,0.08507607132196426
SINet/S2C_SO,COD10K-CAM-3-Flying-66-Owlfly-4672.jpg,0.3161974549293518
SINet/S2C_SO,COD10K-CAM-3-Flying-66-Owlfly-4673.jpg,0.0862979143857956
SINet/S2C_SO,COD10K-CAM-3-Flying-66-Owlfly-4675.jpg,0.05109739303588867
SINet/S2C_SO,COD10K-CAM-3-Flying-66-Owlfly-4678.jpg,0.1315700113773346
SINet/S2C_SO,COD10K-CAM-4-Amphibian-67-Frog-4680.jpg,0.4272744059562683
SINet/S2C_SO,COD10K-CAM-4-Amphibian-67-Frog-4681.jpg,0.07637394964694977
SINet/S2C_SO,COD10K-CAM-4-Amphibian-67-Frog-4682.jpg,0.15667641162872314
SINet/S2C_SO,COD10K-CAM-4-Amphibian-67-Frog-4683.jpg,0.03563778102397919
SINet/S2C_SO,COD10K-CAM-4-Amphibian-67-Frog-4684.jpg,0.13559094071388245
SINet/S2C_SO,COD10K-CAM-4-Amphibian-67-Frog-4685.jpg,0.3095065951347351
SINet/S2C_SO,COD10K-CAM-4-Amphibian-67-Frog-4686.jpg,0.21074089407920837
SINet/S2C_SO,COD10K-CAM-4-Amphibian-67-Frog-4687.jpg,0.2432897984981537
SINet/S2C_SO,COD10K-CAM-4-Amphibian-67-Frog-4688.jpg,0.24144388735294342
SINet/S2C_SO,COD10K-CAM-4-Amphibian-67-Frog-4689.jpg,0.10915151238441467
SINet/S2C_SO,COD10K-CAM-4-Amphibian-67-Frog-4690.jpg,0.4767574667930603
SINet/S2C_SO,COD10K-CAM-4-Amphibian-67-Frog-4691.jpg,0.20810836553573608
SINet/S2C_SO,COD10K-CAM-4-Amphibian-67-Frog-4692.jpg,0.10518153011798859
SINet/S2C_SO,COD10K-CAM-4-Amphibian-67-Frog-4693.jpg,0.09462941437959671
SINet/S2C_SO,COD10K-CAM-4-Amphibian-67-Frog-4695.jpg,0.2905294895172119
SINet/S2C_SO,COD10K-CAM-4-Amphibian-67-Frog-4696.jpg,0.006867481395602226
SINet/S2C_SO,COD10K-CAM-4-Amphibian-67-Frog-4697.jpg,0.11481470614671707
SINet/S2C_SO,COD10K-CAM-4-Amphibian-67-Frog-4698.jpg,0.15951740741729736
SINet/S2C_SO,COD10K-CAM-4-Amphibian-67-Frog-4699.jpg,0.021267931908369064
SINet/S2C_SO,COD10K-CAM-4-Amphibian-67-Frog-4700.jpg,0.28645944595336914
SINet/S2C_SO,COD10K-CAM-4-Amphibian-67-Frog-4703.jpg,0.1796596795320511
SINet/S2C_SO,COD10K-CAM-4-Amphibian-67-Frog-4704.jpg,1.0769671201705933
SINet/S2C_SO,COD10K-CAM-4-Amphibian-67-Frog-4705.jpg,0.06357596814632416
SINet/S2C_SO,COD10K-CAM-4-Amphibian-67-Frog-4708.jpg,0.2720066010951996
SINet/S2C_SO,COD10K-CAM-4-Amphibian-67-Frog-4709.jpg,0.09578639268875122
SINet/S2C_SO,COD10K-CAM-4-Amphibian-67-Frog-4710.jpg,0.09351106733083725
SINet/S2C_SO,COD10K-CAM-4-Amphibian-67-Frog-4712.jpg,0.1382686048746109
SINet/S2C_SO,COD10K-CAM-4-Amphibian-67-Frog-4713.jpg,0.22898656129837036
SINet/S2C_SO,COD10K-CAM-4-Amphibian-67-Frog-4715.jpg,0.024133209139108658
SINet/S2C_SO,COD10K-CAM-4-Amphibian-67-Frog-4716.jpg,0.11291823536157608
SINet/S2C_SO,COD10K-CAM-4-Amphibian-67-Frog-4717.jpg,0.10656318068504333
SINet/S2C_SO,COD10K-CAM-4-Amphibian-67-Frog-4720.jpg,0.1699320375919342
SINet/S2C_SO,COD10K-CAM-4-Amphibian-67-Frog-4722.jpg,0.2739805579185486
SINet/S2C_SO,COD10K-CAM-4-Amphibian-67-Frog-4723.jpg,0.07323378324508667
SINet/S2C_SO,COD10K-CAM-4-Amphibian-67-Frog-4724.jpg,0.07850673794746399
SINet/S2C_SO,COD10K-CAM-4-Amphibian-67-Frog-4725.jpg,0.09205250442028046
SINet/S2C_SO,COD10K-CAM-4-Amphibian-67-Frog-4726.jpg,0.010082175955176353
SINet/S2C_SO,COD10K-CAM-4-Amphibian-67-Frog-4727.jpg,0.09791500866413116
SINet/S2C_SO,COD10K-CAM-4-Amphibian-67-Frog-4730.jpg,0.03629273176193237
SINet/S2C_SO,COD10K-CAM-4-Amphibian-67-Frog-4731.jpg,0.134358212351799
SINet/S2C_SO,COD10K-CAM-4-Amphibian-67-Frog-4734.jpg,0.02047884836792946
SINet/S2C_SO,COD10K-CAM-4-Amphibian-67-Frog-4735.jpg,0.06904899328947067
SINet/S2C_SO,COD10K-CAM-4-Amphibian-67-Frog-4736.jpg,0.025603363290429115
SINet/S2C_SO,COD10K-CAM-4-Amphibian-67-Frog-4737.jpg,0.2752450108528137
SINet/S2C_SO,COD10K-CAM-4-Amphibian-67-Frog-4741.jpg,0.08205530047416687
SINet/S2C_SO,COD10K-CAM-4-Amphibian-67-Frog-4743.jpg,0.1355583667755127
SINet/S2C_SO,COD10K-CAM-4-Amphibian-67-Frog-4744.jpg,0.20997899770736694
SINet/S2C_SO,COD10K-CAM-4-Amphibian-67-Frog-4745.jpg,0.08319137245416641
SINet/S2C_SO,COD10K-CAM-4-Amphibian-67-Frog-4746.jpg,0.04120584949851036
SINet/S2C_SO,COD10K-CAM-4-Amphibian-67-Frog-4747.jpg,0.0069454628974199295
SINet/S2C_SO,COD10K-CAM-4-Amphibian-67-Frog-4749.jpg,0.2944881319999695
SINet/S2C_SO,COD10K-CAM-4-Amphibian-67-Frog-4750.jpg,0.23877042531967163
SINet/S2C_SO,COD10K-CAM-4-Amphibian-67-Frog-4753.jpg,0.2543322741985321
SINet/S2C_SO,COD10K-CAM-4-Amphibian-67-Frog-4757.jpg,0.3484727740287781
SINet/S2C_SO,COD10K-CAM-4-Amphibian-67-Frog-4758.jpg,0.08602996915578842
SINet/S2C_SO,COD10K-CAM-4-Amphibian-67-Frog-4760.jpg,0.5604623556137085
SINet/S2C_SO,COD10K-CAM-4-Amphibian-67-Frog-4761.jpg,0.5473592877388
SINet/S2C_SO,COD10K-CAM-4-Amphibian-67-Frog-4762.jpg,0.4164383113384247
SINet/S2C_SO,COD10K-CAM-4-Amphibian-67-Frog-4765.jpg,0.07633322477340698
SINet/S2C_SO,COD10K-CAM-4-Amphibian-67-Frog-4766.jpg,0.08259809017181396
SINet/S2C_SO,COD10K-CAM-4-Amphibian-67-Frog-4767.jpg,0.7264977693557739
SINet/S2C_SO,COD10K-CAM-4-Amphibian-67-Frog-4769.jpg,0.6256974935531616
SINet/S2C_SO,COD10K-CAM-4-Amphibian-67-Frog-4770.jpg,0.5471161603927612
SINet/S2C_SO,COD10K-CAM-4-Amphibian-67-Frog-4771.jpg,0.5843018293380737
SINet/S2C_SO,COD10K-CAM-4-Amphibian-67-Frog-4772.jpg,0.20403191447257996
SINet/S2C_SO,COD10K-CAM-4-Amphibian-67-Frog-4778.jpg,0.5101841688156128
SINet/S2C_SO,COD10K-CAM-4-Amphibian-67-Frog-4779.jpg,0.1574556678533554
SINet/S2C_SO,COD10K-CAM-4-Amphibian-67-Frog-4780.jpg,0.6787381768226624
SINet/S2C_SO,COD10K-CAM-4-Amphibian-67-Frog-4785.jpg,0.12372936308383942
SINet/S2C_SO,COD10K-CAM-4-Amphibian-67-Frog-4786.jpg,0.08568058162927628
SINet/S2C_SO,COD10K-CAM-4-Amphibian-67-Frog-4788.jpg,0.27138808369636536
SINet/S2C_SO,COD10K-CAM-4-Amphibian-67-Frog-4789.jpg,0.1764032393693924
SINet/S2C_SO,COD10K-CAM-4-Amphibian-67-Frog-4790.jpg,0.500006914138794
SINet/S2C_SO,COD10K-CAM-4-Amphibian-67-Frog-4791.jpg,0.1854141503572464
SINet/S2C_SO,COD10K-CAM-4-Amphibian-67-Frog-4792.jpg,0.04536977410316467
SINet/S2C_SO,COD10K-CAM-4-Amphibian-67-Frog-4794.jpg,0.14645904302597046
SINet/S2C_SO,COD10K-CAM-4-Amphibian-67-Frog-4797.jpg,0.462319940328598
SINet/S2C_SO,COD10K-CAM-4-Amphibian-67-Frog-4798.jpg,0.19406287372112274
SINet/S2C_SO,COD10K-CAM-4-Amphibian-67-Frog-4799.jpg,0.04439300298690796
SINet/S2C_SO,COD10K-CAM-4-Amphibian-67-Frog-4801.jpg,0.08450132608413696
SINet/S2C_SO,COD10K-CAM-4-Amphibian-67-Frog-4802.jpg,0.4322224259376526
SINet/S2C_SO,COD10K-CAM-4-Amphibian-67-Frog-4804.jpg,0.18605026602745056
SINet/S2C_SO,COD10K-CAM-4-Amphibian-68-Toad-4805.jpg,0.1631608009338379
SINet/S2C_SO,COD10K-CAM-4-Amphibian-68-Toad-4806.jpg,0.3463417887687683
SINet/S2C_SO,COD10K-CAM-4-Amphibian-68-Toad-4807.jpg,0.04865457862615585
SINet/S2C_SO,COD10K-CAM-4-Amphibian-68-Toad-4810.jpg,0.49978798627853394
SINet/S2C_SO,COD10K-CAM-4-Amphibian-68-Toad-4811.jpg,0.7060744166374207
SINet/S2C_SO,COD10K-CAM-4-Amphibian-68-Toad-4812.jpg,0.18466326594352722
SINet/S2C_SO,COD10K-CAM-4-Amphibian-68-Toad-4814.jpg,0.295940637588501
SINet/S2C_SO,COD10K-CAM-4-Amphibian-68-Toad-4815.jpg,0.14484454691410065
SINet/S2C_SO,COD10K-CAM-4-Amphibian-68-Toad-4816.jpg,0.03836943209171295
SINet/S2C_SO,COD10K-CAM-4-Amphibian-68-Toad-4817.jpg,0.028678473085165024
SINet/S2C_SO,COD10K-CAM-4-Amphibian-68-Toad-4819.jpg,0.4257715046405792
SINet/S2C_SO,COD10K-CAM-4-Amphibian-68-Toad-4820.jpg,0.14235517382621765
SINet/S2C_SO,COD10K-CAM-4-Amphibian-68-Toad-4822.jpg,0.0647076740860939
SINet/S2C_SO,COD10K-CAM-4-Amphibian-68-Toad-4823.jpg,0.25750860571861267
SINet/S2C_SO,COD10K-CAM-4-Amphibian-68-Toad-4824.jpg,0.12481974065303802
SINet/S2C_SO,COD10K-CAM-4-Amphibian-68-Toad-4825.jpg,0.39093104004859924
SINet/S2C_SO,COD10K-CAM-4-Amphibian-68-Toad-4827.jpg,0.3120090365409851
SINet/S2C_SO,COD10K-CAM-4-Amphibian-68-Toad-4829.jpg,0.29741358757019043
SINet/S2C_SO,COD10K-CAM-4-Amphibian-68-Toad-4830.jpg,0.15077152848243713
SINet/S2C_SO,COD10K-CAM-4-Amphibian-68-Toad-4832.jpg,0.2535494565963745
SINet/S2C_SO,COD10K-CAM-4-Amphibian-68-Toad-4833.jpg,0.21399220824241638
SINet/S2C_SO,COD10K-CAM-4-Amphibian-68-Toad-4834.jpg,0.5323963165283203
SINet/S2C_SO,COD10K-CAM-4-Amphibian-68-Toad-4835.jpg,0.046794384717941284
SINet/S2C_SO,COD10K-CAM-4-Amphibian-68-Toad-4837.jpg,0.045017220079898834
SINet/S2C_SO,COD10K-CAM-4-Amphibian-68-Toad-4840.jpg,0.018637390807271004
SINet/S2C_SO,COD10K-CAM-4-Amphibian-68-Toad-4843.jpg,0.008773848414421082
SINet/S2C_SO,COD10K-CAM-4-Amphibian-68-Toad-4844.jpg,0.025499949231743813
SINet/S2C_SO,COD10K-CAM-4-Amphibian-68-Toad-4845.jpg,0.9408260583877563
SINet/S2C_SO,COD10K-CAM-4-Amphibian-68-Toad-4846.jpg,0.09851660579442978
SINet/S2C_SO,COD10K-CAM-4-Amphibian-68-Toad-4847.jpg,0.07652248442173004
SINet/S2C_SO,COD10K-CAM-4-Amphibian-68-Toad-4848.jpg,0.029331691563129425
SINet/S2C_SO,COD10K-CAM-4-Amphibian-68-Toad-4849.jpg,0.22441887855529785
SINet/S2C_SO,COD10K-CAM-4-Amphibian-68-Toad-4851.jpg,0.195881187915802
SINet/S2C_SO,COD10K-CAM-4-Amphibian-68-Toad-4852.jpg,0.20707833766937256
SINet/S2C_SO,COD10K-CAM-4-Amphibian-68-Toad-4854.jpg,0.19975368678569794
SINet/S2C_SO,COD10K-CAM-4-Amphibian-68-Toad-4855.jpg,0.3992302119731903
SINet/S2C_SO,COD10K-CAM-4-Amphibian-68-Toad-4857.jpg,0.1436031460762024
SINet/S2C_SO,COD10K-CAM-4-Amphibian-68-Toad-4858.jpg,0.05055217072367668
SINet/S2C_SO,COD10K-CAM-4-Amphibian-68-Toad-4859.jpg,0.463814377784729
SINet/S2C_SO,COD10K-CAM-4-Amphibian-68-Toad-4860.jpg,0.11065277457237244
SINet/S2C_SO,COD10K-CAM-4-Amphibian-68-Toad-4862.jpg,0.08319313824176788
SINet/S2C_SO,COD10K-CAM-4-Amphibian-68-Toad-4864.jpg,0.019054165109992027
SINet/S2C_SO,COD10K-CAM-4-Amphibian-68-Toad-4865.jpg,0.1808776557445526
SINet/S2C_SO,COD10K-CAM-4-Amphibian-68-Toad-4866.jpg,0.06638368219137192
SINet/S2C_SO,COD10K-CAM-4-Amphibian-68-Toad-4868.jpg,0.04763514921069145
SINet/S2C_SO,COD10K-CAM-4-Amphibian-68-Toad-4869.jpg,0.09010104835033417
SINet/S2C_SO,COD10K-CAM-4-Amphibian-68-Toad-4870.jpg,0.16925257444381714
SINet/S2C_SO,COD10K-CAM-4-Amphibian-68-Toad-4871.jpg,0.17565405368804932
SINet/S2C_SO,COD10K-CAM-4-Amphibian-68-Toad-4874.jpg,0.12891238927841187
SINet/S2C_SO,COD10K-CAM-4-Amphibian-68-Toad-4875.jpg,0.039360128343105316
SINet/S2C_SO,COD10K-CAM-4-Amphibian-68-Toad-4878.jpg,0.021625757217407227
SINet/S2C_SO,COD10K-CAM-4-Amphibian-68-Toad-4879.jpg,0.04589112848043442
SINet/S2C_SO,COD10K-CAM-4-Amphibian-68-Toad-4880.jpg,0.1393316090106964
SINet/S2C_SO,COD10K-CAM-4-Amphibian-68-Toad-4882.jpg,0.37357228994369507
SINet/S2C_SO,COD10K-CAM-4-Amphibian-68-Toad-4884.jpg,0.3645102083683014
SINet/S2C_SO,COD10K-CAM-4-Amphibian-68-Toad-4885.jpg,0.2635990381240845
SINet/S2C_SO,COD10K-CAM-4-Amphibian-68-Toad-4888.jpg,0.18179339170455933
SINet/S2C_SO,COD10K-CAM-4-Amphibian-68-Toad-4889.jpg,0.014070618897676468
SINet/S2C_SO,COD10K-CAM-4-Amphibian-68-Toad-4890.jpg,1.23639976978302
SINet/S2C_SO,COD10K-CAM-4-Amphibian-68-Toad-4892.jpg,0.1119433045387268
SINet/S2C_SO,COD10K-CAM-4-Amphibian-68-Toad-4893.jpg,0.04074231535196304
SINet/S2C_SO,COD10K-CAM-4-Amphibian-68-Toad-4894.jpg,0.6395771503448486
SINet/S2C_SO,COD10K-CAM-4-Amphibian-68-Toad-4895.jpg,0.266022652387619
SINet/S2C_SO,COD10K-CAM-4-Amphibian-68-Toad-4897.jpg,0.08640934526920319
SINet/S2C_SO,COD10K-CAM-4-Amphibian-68-Toad-4898.jpg,0.21762317419052124
SINet/S2C_SO,COD10K-CAM-4-Amphibian-68-Toad-4901.jpg,0.21657568216323853
SINet/S2C_SO,COD10K-CAM-4-Amphibian-68-Toad-4902.jpg,0.2837376594543457
SINet/S2C_SO,COD10K-CAM-4-Amphibian-68-Toad-4906.jpg,0.3699851334095001
SINet/S2C_SO,COD10K-CAM-4-Amphibian-68-Toad-4907.jpg,0.2110271006822586
SINet/S2C_SO,COD10K-CAM-4-Amphibian-68-Toad-4911.jpg,0.3948798179626465
SINet/S2C_SO,COD10K-CAM-4-Amphibian-68-Toad-4915.jpg,0.47620725631713867
SINet/S2C_SO,COD10K-CAM-4-Amphibian-68-Toad-4916.jpg,0.018439369276165962
SINet/S2C_SO,COD10K-CAM-4-Amphibian-68-Toad-4918.jpg,0.21919508278369904
SINet/S2C_SO,COD10K-CAM-4-Amphibian-68-Toad-4919.jpg,0.08731797337532043
SINet/S2C_SO,COD10K-CAM-4-Amphibian-68-Toad-4920.jpg,0.3999076187610626
SINet/S2C_SO,COD10K-CAM-4-Amphibian-68-Toad-4922.jpg,0.06830918788909912
SINet/S2C_SO,COD10K-CAM-4-Amphibian-68-Toad-4924.jpg,0.020059876143932343
SINet/S2C_SO,COD10K-CAM-4-Amphibian-68-Toad-4925.jpg,0.758543074131012
SINet/S2C_SO,COD10K-CAM-4-Amphibian-68-Toad-4927.jpg,0.3078242540359497
SINet/S2C_SO,COD10K-CAM-4-Amphibian-68-Toad-4928.jpg,0.26117318868637085
SINet/S2C_SO,COD10K-CAM-4-Amphibian-68-Toad-4930.jpg,0.4061903953552246
SINet/S2C_SO,COD10K-CAM-4-Amphibian-68-Toad-4931.jpg,0.10042409598827362
SINet/S2C_SO,COD10K-CAM-4-Amphibian-68-Toad-4932.jpg,0.030748818069696426
SINet/S2C_SO,COD10K-CAM-4-Amphibian-68-Toad-4933.jpg,0.13731631636619568
SINet/S2C_SO,COD10K-CAM-4-Amphibian-68-Toad-4934.jpg,0.03730284795165062
SINet/S2C_SO,COD10K-CAM-4-Amphibian-68-Toad-4935.jpg,0.2631278336048126
SINet/S2C_SO,COD10K-CAM-4-Amphibian-68-Toad-4939.jpg,0.04570735991001129
SINet/S2C_SO,COD10K-CAM-4-Amphibian-68-Toad-4940.jpg,0.29628556966781616
SINet/S2C_SO,COD10K-CAM-4-Amphibian-68-Toad-4942.jpg,0.177445650100708
SINet/S2C_SO,COD10K-CAM-4-Amphibian-68-Toad-4943.jpg,0.4220561981201172
SINet/S2C_SO,COD10K-CAM-4-Amphibian-68-Toad-4944.jpg,0.07848142832517624
SINet/S2C_SO,COD10K-CAM-4-Amphibian-68-Toad-4946.jpg,0.12575629353523254
SINet/S2C_SO,COD10K-CAM-4-Amphibian-68-Toad-4947.jpg,0.07851170748472214
SINet/S2C_SO,COD10K-CAM-4-Amphibian-68-Toad-4948.jpg,0.855596661567688
SINet/S2C_SO,COD10K-CAM-4-Amphibian-68-Toad-4952.jpg,0.11149434745311737
SINet/S2C_SO,COD10K-CAM-4-Amphibian-68-Toad-4953.jpg,0.13690185546875
SINet/S2C_SO,COD10K-CAM-4-Amphibian-68-Toad-4954.jpg,0.039650045335292816
SINet/S2C_SO,COD10K-CAM-4-Amphibian-68-Toad-4956.jpg,0.428558349609375
SINet/S2C_SO,COD10K-CAM-4-Amphibian-68-Toad-4957.jpg,0.08834248781204224
SINet/S2C_SO,COD10K-CAM-4-Amphibian-68-Toad-4958.jpg,0.16665905714035034
SINet/S2C_SO,COD10K-CAM-4-Amphibian-68-Toad-4959.jpg,0.06690457463264465
SINet/S2C_SO,COD10K-CAM-4-Amphibian-68-Toad-4961.jpg,0.14136934280395508
SINet/S2C_SO,COD10K-CAM-4-Amphibian-68-Toad-4966.jpg,0.14306668937206268
SINet/S2C_SO,COD10K-CAM-4-Amphibian-68-Toad-4967.jpg,0.1847151666879654
SINet/S2C_SO,COD10K-CAM-4-Amphibian-68-Toad-4969.jpg,0.20327311754226685
SINet/S2C_SO,COD10K-CAM-4-Amphibian-68-Toad-4970.jpg,0.18177735805511475
SINet/S2C_SO,COD10K-CAM-4-Amphibian-68-Toad-4971.jpg,0.013340924866497517
SINet/S2C_SO,COD10K-CAM-4-Amphibian-68-Toad-4972.jpg,0.08121357858181
SINet/S2C_SO,COD10K-CAM-4-Amphibian-68-Toad-4973.jpg,0.10339535027742386
SINet/S2C_SO,COD10K-CAM-4-Amphibian-68-Toad-4974.jpg,0.06275252997875214
SINet/S2C_SO,COD10K-CAM-4-Amphibian-68-Toad-4975.jpg,0.10865066200494766
SINet/S2C_SO,COD10K-CAM-4-Amphibian-68-Toad-4979.jpg,0.2515387237071991
SINet/S2C_SO,COD10K-CAM-4-Amphibian-68-Toad-4980.jpg,0.5167231559753418
SINet/S2C_SO,COD10K-CAM-4-Amphibian-68-Toad-4981.jpg,0.08622701466083527
SINet/S2C_SO,COD10K-CAM-4-Amphibian-68-Toad-4982.jpg,0.18055295944213867
SINet/S2C_SO,COD10K-CAM-4-Amphibian-68-Toad-4983.jpg,0.12062031030654907
SINet/S2C_SO,COD10K-CAM-4-Amphibian-68-Toad-4984.jpg,0.3739123046398163
SINet/S2C_SO,COD10K-CAM-4-Amphibian-68-Toad-4985.jpg,0.13696035742759705
SINet/S2C_SO,COD10K-CAM-4-Amphibian-68-Toad-4986.jpg,0.20676374435424805
SINet/S2C_SO,COD10K-CAM-4-Amphibian-68-Toad-4987.jpg,0.04770179092884064
SINet/S2C_SO,COD10K-CAM-4-Amphibian-68-Toad-4988.jpg,0.2243088334798813
SINet/S2C_SO,COD10K-CAM-4-Amphibian-68-Toad-4989.jpg,0.08251617848873138
SINet/S2C_SO,COD10K-CAM-4-Amphibian-68-Toad-4992.jpg,0.06931290030479431
SINet/S2C_SO,COD10K-CAM-4-Amphibian-68-Toad-4993.jpg,0.4624778926372528
SINet/S2C_SO,COD10K-CAM-4-Amphibian-68-Toad-4994.jpg,0.0750015527009964
SINet/S2C_SO,COD10K-CAM-4-Amphibian-68-Toad-4996.jpg,0.18601751327514648
SINet/S2C_SO,COD10K-CAM-4-Amphibian-68-Toad-5000.jpg,0.16919435560703278
SINet/S2C_SO,COD10K-CAM-4-Amphibian-68-Toad-5001.jpg,0.20354615151882172
SINet/S2C_SO,COD10K-CAM-4-Amphibian-68-Toad-5003.jpg,0.08455118536949158
SINet/S2C_SO,COD10K-CAM-4-Amphibian-68-Toad-5007.jpg,0.3239757716655731
SINet/S2C_SO,COD10K-CAM-4-Amphibian-68-Toad-5009.jpg,0.15989798307418823
SINet/S2C_SO,COD10K-CAM-4-Amphibian-68-Toad-5012.jpg,0.5294883847236633
SINet/S2C_SO,COD10K-CAM-4-Amphibian-68-Toad-5013.jpg,0.07603510469198227
SINet/S2C_SO,COD10K-CAM-4-Amphibian-68-Toad-5015.jpg,0.1620866060256958
SINet/S2C_SO,COD10K-CAM-4-Amphibian-68-Toad-5016.jpg,0.011613244190812111
SINet/S2C_SO,COD10K-CAM-4-Amphibian-68-Toad-5017.jpg,0.27111321687698364
SINet/S2C_SO,COD10K-CAM-4-Amphibian-68-Toad-5018.jpg,0.003179265186190605
SINet/S2C_SO,COD10K-CAM-4-Amphibian-68-Toad-5019.jpg,0.1367420256137848
SINet/S2C_SO,COD10K-CAM-5-Other-69-Other-5024.jpg,0.004054461605846882
SINet/S2C_SO,COD10K-CAM-5-Other-69-Other-5025.jpg,0.04605834186077118
SINet/S2C_SO,COD10K-CAM-5-Other-69-Other-5026.jpg,0.13434481620788574
SINet/S2C_SO,COD10K-CAM-5-Other-69-Other-5030.jpg,0.01657746732234955
SINet/S2C_SO,COD10K-CAM-5-Other-69-Other-5031.jpg,0.3305169939994812
SINet/S2C_SO,COD10K-CAM-5-Other-69-Other-5032.jpg,0.028916869312524796
SINet/S2C_SO,COD10K-CAM-5-Other-69-Other-5033.jpg,0.3501552939414978
SINet/S2C_SO,COD10K-CAM-5-Other-69-Other-5034.jpg,0.34439197182655334
SINet/S2C_SO,COD10K-CAM-5-Other-69-Other-5035.jpg,0.36085426807403564
SINet/S2C_SO,COD10K-CAM-5-Other-69-Other-5036.jpg,0.009684274904429913
SINet/S2C_SO,COD10K-CAM-5-Other-69-Other-5038.jpg,0.20640063285827637
SINet/S2C_SO,COD10K-CAM-5-Other-69-Other-5039.jpg,0.0417521595954895
SINet/S2C_SO,COD10K-CAM-5-Other-69-Other-5041.jpg,0.1545362025499344
SINet/S2C_SO,COD10K-CAM-5-Other-69-Other-5042.jpg,0.5161103010177612
SINet/S2C_SO,COD10K-CAM-5-Other-69-Other-5044.jpg,0.32268330454826355
SINet/S2C_SO,COD10K-CAM-5-Other-69-Other-5045.jpg,0.5429865121841431
SINet/S2C_SO,COD10K-CAM-5-Other-69-Other-5047.jpg,0.1048562303185463
SINet/S2C_SO,COD10K-CAM-5-Other-69-Other-5050.jpg,0.04690117761492729
SINet/S2C_SO,COD10K-CAM-5-Other-69-Other-5052.jpg,0.1172618567943573
SINet/S2C_SO,COD10K-CAM-5-Other-69-Other-5053.jpg,0.029808370396494865
SINet/S2C_SO,COD10K-CAM-5-Other-69-Other-5054.jpg,0.2360614389181137
SINet/S2C_SO,COD10K-CAM-5-Other-69-Other-5055.jpg,0.07104860246181488
SINet/S2C_SO,COD10K-CAM-5-Other-69-Other-5056.jpg,0.024767214432358742
SINet/S2C_SO,COD10K-CAM-5-Other-69-Other-5057.jpg,0.025350168347358704
SINet/S2C_SO,COD10K-CAM-5-Other-69-Other-5058.jpg,0.16939231753349304
SINet/S2C_SO,COD10K-CAM-5-Other-69-Other-5061.jpg,0.3278658986091614
SINet/S2C_SO,COD10K-CAM-5-Other-69-Other-5064.jpg,0.25289642810821533
SINet/S2C_SO,COD10K-CAM-5-Other-69-Other-5065.jpg,0.15075720846652985
SINet/S2C_SO,COD10K-CAM-5-Other-69-Other-5066.jpg,0.0025221328251063824
SINet/S2C_SO,camourflage_00001.jpg,0.14361917972564697
SINet/S2C_SO,camourflage_00002.jpg,0.20674055814743042
SINet/S2C_SO,camourflage_00003.jpg,0.2598709464073181
SINet/S2C_SO,camourflage_00004.jpg,0.37821149826049805
SINet/S2C_SO,camourflage_00005.jpg,0.03341469168663025
SINet/S2C_SO,camourflage_00006.jpg,0.6025674939155579
SINet/S2C_SO,camourflage_00007.jpg,0.08948850631713867
SINet/S2C_SO,camourflage_00008.jpg,0.4847773015499115
SINet/S2C_SO,camourflage_00009.jpg,0.3076530694961548
SINet/S2C_SO,camourflage_00010.jpg,0.02659560553729534
SINet/S2C_SO,camourflage_00011.jpg,0.5373201966285706
SINet/S2C_SO,camourflage_00013.jpg,0.2936062812805176
SINet/S2C_SO,camourflage_00014.jpg,0.11262582987546921
SINet/S2C_SO,camourflage_00015.jpg,0.2897712290287018
SINet/S2C_SO,camourflage_00016.jpg,0.16786769032478333
SINet/S2C_SO,camourflage_00017.jpg,0.5672283172607422
SINet/S2C_SO,camourflage_00019.jpg,0.6046651601791382
SINet/S2C_SO,camourflage_00020.jpg,0.5833989977836609
SINet/S2C_SO,camourflage_00021.jpg,0.4845964312553406
SINet/S2C_SO,camourflage_00022.jpg,0.711524486541748
SINet/S2C_SO,camourflage_00023.jpg,0.22410082817077637
SINet/S2C_SO,camourflage_00024.jpg,0.5006440877914429
SINet/S2C_SO,camourflage_00025.jpg,0.6291118860244751
SINet/S2C_SO,camourflage_00026.jpg,0.7035784125328064
SINet/S2C_SO,camourflage_00027.jpg,0.1034165620803833
SINet/S2C_SO,camourflage_00028.jpg,0.0789002776145935
SINet/S2C_SO,camourflage_00029.jpg,0.14974536001682281
SINet/S2C_SO,camourflage_00030.jpg,0.0017048437148332596
SINet/S2C_SO,camourflage_00031.jpg,0.1625533550977707
SINet/S2C_SO,camourflage_00032.jpg,0.1658014953136444
SINet/S2C_SO,camourflage_00033.jpg,0.9354531764984131
SINet/S2C_SO,camourflage_00034.jpg,0.7678442597389221
SINet/S2C_SO,camourflage_00035.jpg,0.2520707845687866
SINet/S2C_SO,camourflage_00036.jpg,0.04368431121110916
SINet/S2C_SO,camourflage_00037.jpg,0.7083808183670044
SINet/S2C_SO,camourflage_00038.jpg,0.35775232315063477
SINet/S2C_SO,camourflage_00039.jpg,0.09699895232915878
SINet/S2C_SO,camourflage_00040.jpg,0.5067845582962036
SINet/S2C_SO,camourflage_00041.jpg,0.14793908596038818
SINet/S2C_SO,camourflage_00042.jpg,0.08612032979726791
SINet/S2C_SO,camourflage_00043.jpg,0.41748008131980896
SINet/S2C_SO,camourflage_00044.jpg,0.10314865410327911
SINet/S2C_SO,camourflage_00045.jpg,0.25766363739967346
SINet/S2C_SO,camourflage_00046.jpg,0.10602296888828278
SINet/S2C_SO,camourflage_00047.jpg,0.037506990134716034
SINet/S2C_SO,camourflage_00048.jpg,0.21496856212615967
SINet/S2C_SO,camourflage_00049.jpg,0.03167865425348282
SINet/S2C_SO,camourflage_00050.jpg,0.010743687860667706
SINet/S2C_SO,camourflage_00051.jpg,0.5261074900627136
SINet/S2C_SO,camourflage_00052.jpg,0.10758960247039795
SINet/S2C_SO,camourflage_00053.jpg,0.07348846644163132
SINet/S2C_SO,camourflage_00054.jpg,0.16552075743675232
SINet/S2C_SO,camourflage_00055.jpg,0.18671047687530518
SINet/S2C_SO,camourflage_00056.jpg,0.1106656938791275
SINet/S2C_SO,camourflage_00057.jpg,0.13838377594947815
SINet/S2C_SO,camourflage_00058.jpg,0.0645442008972168
SINet/S2C_SO,camourflage_00059.jpg,0.20012110471725464
SINet/S2C_SO,camourflage_00060.jpg,0.4468427002429962
SINet/S2C_SO,camourflage_00062.jpg,0.29070138931274414
SINet/S2C_SO,camourflage_00063.jpg,0.5273696184158325
SINet/S2C_SO,camourflage_00065.jpg,0.08891497552394867
SINet/S2C_SO,camourflage_00066.jpg,0.1440468579530716
SINet/S2C_SO,camourflage_00067.jpg,0.1867562234401703
SINet/S2C_SO,camourflage_00068.jpg,0.2574288547039032
SINet/S2C_SO,camourflage_00069.jpg,0.506892204284668
SINet/S2C_SO,camourflage_00070.jpg,0.34316858649253845
SINet/S2C_SO,camourflage_00072.jpg,0.45147305727005005
SINet/S2C_SO,camourflage_00073.jpg,0.025167038664221764
SINet/S2C_SO,camourflage_00074.jpg,0.3194850981235504
SINet/S2C_SO,camourflage_00075.jpg,0.97479248046875
SINet/S2C_SO,camourflage_00076.jpg,0.31972384452819824
SINet/S2C_SO,camourflage_00077.jpg,0.5398077964782715
SINet/S2C_SO,camourflage_00078.jpg,0.13823331892490387
SINet/S2C_SO,camourflage_00080.jpg,0.482732892036438
SINet/S2C_SO,camourflage_00081.jpg,0.21602344512939453
SINet/S2C_SO,camourflage_00082.jpg,0.2358510047197342
SINet/S2C_SO,camourflage_00083.jpg,0.007118791341781616
SINet/S2C_SO,camourflage_00084.jpg,0.2947370409965515
SINet/S2C_SO,camourflage_00085.jpg,0.24294450879096985
SINet/S2C_SO,camourflage_00086.jpg,0.17012515664100647
SINet/S2C_SO,camourflage_00089.jpg,0.2928910553455353
SINet/S2C_SO,camourflage_00091.jpg,0.5535529255867004
SINet/S2C_SO,camourflage_00092.jpg,0.07007014006376266
SINet/S2C_SO,camourflage_00093.jpg,0.3633461594581604
SINet/S2C_SO,camourflage_00094.jpg,0.5984132885932922
SINet/S2C_SO,camourflage_00095.jpg,0.5153764486312866
SINet/S2C_SO,camourflage_00096.jpg,0.775015115737915
SINet/S2C_SO,camourflage_00099.jpg,0.21136386692523956
SINet/S2C_SO,camourflage_00101.jpg,0.3756626546382904
SINet/S2C_SO,camourflage_00103.jpg,0.4086475074291229
SINet/S2C_SO,camourflage_00104.jpg,0.06324049830436707
SINet/S2C_SO,camourflage_00105.jpg,0.18640223145484924
SINet/S2C_SO,camourflage_00106.jpg,0.060204628854990005
SINet/S2C_SO,camourflage_00107.jpg,0.7947056293487549
SINet/S2C_SO,camourflage_00108.jpg,0.3122633099555969
SINet/S2C_SO,camourflage_00109.jpg,0.41374799609184265
SINet/S2C_SO,camourflage_00110.jpg,0.48767420649528503
SINet/S2C_SO,camourflage_00111.jpg,1.0498099327087402
SINet/S2C_SO,camourflage_00113.jpg,0.3008623421192169
SINet/S2C_SO,camourflage_00115.jpg,0.19730518758296967
SINet/S2C_SO,camourflage_00116.jpg,0.4618622064590454
SINet/S2C_SO,camourflage_00117.jpg,0.2630770206451416
SINet/S2C_SO,camourflage_00118.jpg,0.09833118319511414
SINet/S2C_SO,camourflage_00119.jpg,0.1725357323884964
SINet/S2C_SO,camourflage_00121.jpg,0.07757553458213806
SINet/S2C_SO,camourflage_00123.jpg,0.5303463339805603
SINet/S2C_SO,camourflage_00125.jpg,0.625389575958252
SINet/S2C_SO,camourflage_00126.jpg,0.08320172131061554
SINet/S2C_SO,camourflage_00127.jpg,0.14827176928520203
SINet/S2C_SO,camourflage_00128.jpg,0.2817663848400116
SINet/S2C_SO,camourflage_00130.jpg,0.03228423744440079
SINet/S2C_SO,camourflage_00131.jpg,0.8168960809707642
SINet/S2C_SO,camourflage_00132.jpg,0.5701127648353577
SINet/S2C_SO,camourflage_00133.jpg,0.3112867474555969
SINet/S2C_SO,camourflage_00134.jpg,0.07617632299661636
SINet/S2C_SO,camourflage_00136.jpg,0.1378760039806366
SINet/S2C_SO,camourflage_00137.jpg,0.2007150501012802
SINet/S2C_SO,camourflage_00139.jpg,0.027459271252155304
SINet/S2C_SO,camourflage_00140.jpg,0.12739570438861847
SINet/S2C_SO,camourflage_00142.jpg,0.2384798228740692
SINet/S2C_SO,camourflage_00143.jpg,0.3686661720275879
SINet/S2C_SO,camourflage_00144.jpg,0.23796266317367554
SINet/S2C_SO,camourflage_00146.jpg,0.11297538131475449
SINet/S2C_SO,camourflage_00148.jpg,0.660531759262085
SINet/S2C_SO,camourflage_00149.jpg,0.15148484706878662
SINet/S2C_SO,camourflage_00150.jpg,0.051593855023384094
SINet/S2C_SO,camourflage_00151.jpg,0.1776442527770996
SINet/S2C_SO,camourflage_00152.jpg,0.4269847273826599
SINet/S2C_SO,camourflage_00154.jpg,0.4445890784263611
SINet/S2C_SO,camourflage_00155.jpg,0.11741090565919876
SINet/S2C_SO,camourflage_00157.jpg,0.18841585516929626
SINet/S2C_SO,camourflage_00158.jpg,0.536719560623169
SINet/S2C_SO,camourflage_00159.jpg,0.31512048840522766
SINet/S2C_SO,camourflage_00161.jpg,0.21747583150863647
SINet/S2C_SO,camourflage_00162.jpg,1.4931602478027344
SINet/S2C_SO,camourflage_00163.jpg,0.29561519622802734
SINet/S2C_SO,camourflage_00164.jpg,0.37572652101516724
SINet/S2C_SO,camourflage_00165.jpg,0.16366040706634521
SINet/S2C_SO,camourflage_00167.jpg,0.4885050058364868
SINet/S2C_SO,camourflage_00168.jpg,0.030056700110435486
SINet/S2C_SO,camourflage_00170.jpg,0.33283233642578125
SINet/S2C_SO,camourflage_00172.jpg,1.0561950206756592
SINet/S2C_SO,camourflage_00173.jpg,0.5936396718025208
SINet/S2C_SO,camourflage_00174.jpg,0.609854519367218
SINet/S2C_SO,camourflage_00176.jpg,0.02551587112247944
SINet/S2C_SO,camourflage_00177.jpg,0.0578947551548481
SINet/S2C_SO,camourflage_00178.jpg,0.06238483265042305
SINet/S2C_SO,camourflage_00179.jpg,0.22072885930538177
SINet/S2C_SO,camourflage_00180.jpg,0.8849335312843323
SINet/S2C_SO,camourflage_00181.jpg,0.1430152952671051
SINet/S2C_SO,camourflage_00182.jpg,0.44581595063209534
SINet/S2C_SO,camourflage_00184.jpg,0.1476125717163086
SINet/S2C_SO,camourflage_00185.jpg,0.4973735809326172
SINet/S2C_SO,camourflage_00186.jpg,0.11034481227397919
SINet/S2C_SO,camourflage_00187.jpg,0.021875331178307533
SINet/S2C_SO,camourflage_00188.jpg,0.19391587376594543
SINet/S2C_SO,camourflage_00189.jpg,0.8360319137573242
SINet/S2C_SO,camourflage_00190.jpg,0.2278786152601242
SINet/S2C_SO,camourflage_00191.jpg,0.41265836358070374
SINet/S2C_SO,camourflage_00192.jpg,0.21870066225528717
SINet/S2C_SO,camourflage_00193.jpg,0.25333327054977417
SINet/S2C_SO,camourflage_00194.jpg,0.6988324522972107
SINet/S2C_SO,camourflage_00195.jpg,0.08106599748134613
SINet/S2C_SO,camourflage_00198.jpg,0.3126579523086548
SINet/S2C_SO,camourflage_00199.jpg,0.5737684965133667
SINet/S2C_SO,camourflage_00200.jpg,0.35597750544548035
SINet/S2C_SO,camourflage_00201.jpg,0.09030769765377045
SINet/S2C_SO,camourflage_00202.jpg,0.47942879796028137
SINet/S2C_SO,camourflage_00203.jpg,0.3584362864494324
SINet/S2C_SO,camourflage_00204.jpg,0.49726739525794983
SINet/S2C_SO,camourflage_00206.jpg,0.10764840245246887
SINet/S2C_SO,camourflage_00210.jpg,0.11411645263433456
SINet/S2C_SO,camourflage_00211.jpg,0.6014752388000488
SINet/S2C_SO,camourflage_00212.jpg,0.24691136181354523
SINet/S2C_SO,camourflage_00213.jpg,0.06343946605920792
SINet/S2C_SO,camourflage_00214.jpg,0.1905364692211151
SINet/S2C_SO,camourflage_00215.jpg,0.38103464245796204
SINet/S2C_SO,camourflage_00216.jpg,0.15916146337985992
SINet/S2C_SO,camourflage_00217.jpg,0.7223211526870728
SINet/S2C_SO,camourflage_00218.jpg,0.10916294157505035
SINet/S2C_SO,camourflage_00219.jpg,0.026776127517223358
SINet/S2C_SO,camourflage_00220.jpg,0.09076862037181854
SINet/S2C_SO,camourflage_00221.jpg,0.7735764384269714
SINet/S2C_SO,camourflage_00222.jpg,0.3050645589828491
SINet/S2C_SO,camourflage_00223.jpg,0.1661870926618576
SINet/S2C_SO,camourflage_00225.jpg,0.022505436092615128
SINet/S2C_SO,camourflage_00226.jpg,0.37251347303390503
SINet/S2C_SO,camourflage_00227.jpg,0.10775494575500488
SINet/S2C_SO,camourflage_00228.jpg,0.2095911204814911
SINet/S2C_SO,camourflage_00229.jpg,0.0343499556183815
SINet/S2C_SO,camourflage_00230.jpg,0.48838579654693604
SINet/S2C_SO,camourflage_00231.jpg,0.5596749186515808
SINet/S2C_SO,camourflage_00233.jpg,0.5257213711738586
SINet/S2C_SO,camourflage_00234.jpg,0.07603508979082108
SINet/S2C_SO,camourflage_00236.jpg,0.676495373249054
SINet/S2C_SO,camourflage_00237.jpg,0.08476364612579346
SINet/S2C_SO,camourflage_00238.jpg,0.03272326663136482
SINet/S2C_SO,camourflage_00239.jpg,0.03327086195349693
SINet/S2C_SO,camourflage_00240.jpg,0.12503257393836975
SINet/S2C_SO,camourflage_00241.jpg,0.4327027201652527
SINet/S2C_SO,camourflage_00242.jpg,0.06392550468444824
SINet/S2C_SO,camourflage_00243.jpg,0.37618210911750793
SINet/S2C_SO,camourflage_00244.jpg,0.2896210551261902
SINet/S2C_SO,camourflage_00245.jpg,0.6274502873420715
SINet/S2C_SO,camourflage_00246.jpg,0.02279552072286606
SINet/S2C_SO,camourflage_00247.jpg,0.5984886288642883
SINet/S2C_SO,camourflage_00248.jpg,0.24345313012599945
SINet/S2C_SO,camourflage_00249.jpg,0.6160271167755127
SINet/S2C_SO,camourflage_00250.jpg,0.47494471073150635
SINet/S2C_SO,camourflage_00251.jpg,0.19984249770641327
SINet/S2C_SO,camourflage_00252.jpg,0.33728182315826416
SINet/S2C_SO,camourflage_00253.jpg,0.4617517590522766
SINet/S2C_SO,camourflage_00254.jpg,0.20866066217422485
SINet/S2C_SO,camourflage_00255.jpg,0.4054821729660034
SINet/S2C_SO,camourflage_00256.jpg,0.18981200456619263
SINet/S2C_SO,camourflage_00258.jpg,0.11224814504384995
SINet/S2C_SO,camourflage_00260.jpg,0.3573552668094635
SINet/S2C_SO,camourflage_00261.jpg,0.06263467669487
SINet/S2C_SO,camourflage_00262.jpg,0.0403326153755188
SINet/S2C_SO,camourflage_00263.jpg,0.3390275835990906
SINet/S2C_SO,camourflage_00264.jpg,0.5649921298027039
SINet/S2C_SO,camourflage_00265.jpg,0.3388729989528656
SINet/S2C_SO,camourflage_00267.jpg,0.13514137268066406
SINet/S2C_SO,camourflage_00268.jpg,0.46543216705322266
SINet/S2C_SO,camourflage_00271.jpg,0.20084285736083984
SINet/S2C_SO,camourflage_00272.jpg,0.2639313340187073
SINet/S2C_SO,camourflage_00274.jpg,0.014616245403885841
SINet/S2C_SO,camourflage_00276.jpg,0.30348652601242065
SINet/S2C_SO,camourflage_00277.jpg,0.3710765838623047
SINet/S2C_SO,camourflage_00278.jpg,0.48452600836753845
SINet/S2C_SO,camourflage_00279.jpg,0.5042914152145386
SINet/S2C_SO,camourflage_00280.jpg,0.07306856662034988
SINet/S2C_SO,camourflage_00281.jpg,0.0862637460231781
SINet/S2C_SO,camourflage_00282.jpg,0.4200764298439026
SINet/S2C_SO,camourflage_00283.jpg,0.516196608543396
SINet/S2C_SO,camourflage_00284.jpg,0.2793373763561249
SINet/S2C_SO,camourflage_00286.jpg,0.02318047732114792
SINet/S2C_SO,camourflage_00287.jpg,0.2455085664987564
SINet/S2C_SO,camourflage_00288.jpg,0.4054197669029236
SINet/S2C_SO,camourflage_00289.jpg,0.06519922614097595
SINet/S2C_SO,camourflage_00290.jpg,0.20908761024475098
SINet/S2C_SO,camourflage_00291.jpg,0.010773556306958199
SINet/S2C_SO,camourflage_00292.jpg,0.13335925340652466
SINet/S2C_SO,camourflage_00293.jpg,0.391679048538208
SINet/S2C_SO,camourflage_00294.jpg,0.22026503086090088
SINet/S2C_SO,camourflage_00295.jpg,0.26241615414619446
SINet/S2C_SO,camourflage_00296.jpg,0.3293338418006897
SINet/S2C_SO,camourflage_00297.jpg,0.3409710228443146
SINet/S2C_SO,camourflage_00298.jpg,0.17203260958194733
SINet/S2C_SO,camourflage_00299.jpg,0.027234192937612534
SINet/S2C_SO,camourflage_00300.jpg,0.15231192111968994
SINet/S2C_SO,camourflage_00301.jpg,0.5199651122093201
SINet/S2C_SO,camourflage_00302.jpg,0.1883905827999115
SINet/S2C_SO,camourflage_00303.jpg,0.23281262814998627
SINet/S2C_SO,camourflage_00304.jpg,0.028846338391304016
SINet/S2C_SO,camourflage_00305.jpg,0.22729913890361786
SINet/S2C_SO,camourflage_00306.jpg,0.7352703213691711
SINet/S2C_SO,camourflage_00307.jpg,0.2563227415084839
SINet/S2C_SO,camourflage_00308.jpg,0.004844832234084606
SINet/S2C_SO,camourflage_00309.jpg,0.21748510003089905
SINet/S2C_SO,camourflage_00311.jpg,0.8027539849281311
SINet/S2C_SO,camourflage_00312.jpg,0.2909896671772003
SINet/S2C_SO,camourflage_00313.jpg,0.08084286004304886
SINet/S2C_SO,camourflage_00314.jpg,0.020604208111763
SINet/S2C_SO,camourflage_00315.jpg,0.4081698954105377
SINet/S2C_SO,camourflage_00316.jpg,0.17826634645462036
SINet/S2C_SO,camourflage_00317.jpg,0.3892001509666443
SINet/S2C_SO,camourflage_00318.jpg,0.13789665699005127
SINet/S2C_SO,camourflage_00319.jpg,0.3174740970134735
SINet/S2C_SO,camourflage_00320.jpg,0.060243986546993256
SINet/S2C_SO,camourflage_00321.jpg,0.4209652245044708
SINet/S2C_SO,camourflage_00322.jpg,0.3300073742866516
SINet/S2C_SO,camourflage_00323.jpg,0.18638864159584045
SINet/S2C_SO,camourflage_00324.jpg,0.11260965466499329
SINet/S2C_SO,camourflage_00325.jpg,0.6684839725494385
SINet/S2C_SO,camourflage_00326.jpg,0.13050800561904907
SINet/S2C_SO,camourflage_00327.jpg,0.16954448819160461
SINet/S2C_SO,camourflage_00328.jpg,0.21837054193019867
SINet/S2C_SO,camourflage_00329.jpg,0.5651748180389404
SINet/S2C_SO,camourflage_00330.jpg,0.6658579707145691
SINet/S2C_SO,camourflage_00331.jpg,0.5367707014083862
SINet/S2C_SO,camourflage_00334.jpg,0.31920284032821655
SINet/S2C_SO,camourflage_00335.jpg,0.4805223345756531
SINet/S2C_SO,camourflage_00336.jpg,0.09384691715240479
SINet/S2C_SO,camourflage_00338.jpg,0.015628468245267868
SINet/S2C_SO,camourflage_00339.jpg,0.025883149355649948
SINet/S2C_SO,camourflage_00340.jpg,0.08053743839263916
SINet/S2C_SO,camourflage_00341.jpg,0.05174069106578827
SINet/S2C_SO,camourflage_00342.jpg,0.04379744082689285
SINet/S2C_SO,camourflage_00343.jpg,0.18223926424980164
SINet/S2C_SO,camourflage_00344.jpg,0.19360306859016418
SINet/S2C_SO,camourflage_00345.jpg,0.2677362263202667
SINet/S2C_SO,camourflage_00346.jpg,0.009784881956875324
SINet/S2C_SO,camourflage_00347.jpg,0.16574940085411072
SINet/S2C_SO,camourflage_00349.jpg,0.319549560546875
SINet/S2C_SO,camourflage_00350.jpg,0.31644463539123535
SINet/S2C_SO,camourflage_00352.jpg,0.024669131264090538
SINet/S2C_SO,camourflage_00353.jpg,0.24723829329013824
SINet/S2C_SO,camourflage_00354.jpg,0.3687542676925659
SINet/S2C_SO,camourflage_00355.jpg,0.06108856946229935
SINet/S2C_SO,camourflage_00356.jpg,0.25045061111450195
SINet/S2C_SO,camourflage_00357.jpg,0.15453286468982697
SINet/S2C_SO,camourflage_00358.jpg,0.17488044500350952
SINet/S2C_SO,camourflage_00359.jpg,0.13309237360954285
SINet/S2C_SO,camourflage_00360.jpg,0.5822853446006775
SINet/S2C_SO,camourflage_00362.jpg,0.09802980720996857
SINet/S2C_SO,camourflage_00363.jpg,0.5373169779777527
SINet/S2C_SO,camourflage_00366.jpg,0.007293229456990957
SINet/S2C_SO,camourflage_00367.jpg,0.14969897270202637
SINet/S2C_SO,camourflage_00368.jpg,0.24954009056091309
SINet/S2C_SO,camourflage_00369.jpg,0.013418533839285374
SINet/S2C_SO,camourflage_00370.jpg,0.4478813111782074
SINet/S2C_SO,camourflage_00371.jpg,0.33616891503334045
SINet/S2C_SO,camourflage_00372.jpg,0.24726137518882751
SINet/S2C_SO,camourflage_00373.jpg,0.09823958575725555
SINet/S2C_SO,camourflage_00374.jpg,0.6094973087310791
SINet/S2C_SO,camourflage_00375.jpg,0.22910214960575104
SINet/S2C_SO,camourflage_00376.jpg,0.0402311235666275
SINet/S2C_SO,camourflage_00377.jpg,0.12679482996463776
SINet/S2C_SO,camourflage_00378.jpg,0.0949644222855568
SINet/S2C_SO,camourflage_00379.jpg,0.33316874504089355
SINet/S2C_SO,camourflage_00380.jpg,0.27490609884262085
SINet/S2C_SO,camourflage_00382.jpg,0.16428864002227783
SINet/S2C_SO,camourflage_00383.jpg,0.4098350703716278
SINet/S2C_SO,camourflage_00384.jpg,0.2285233736038208
SINet/S2C_SO,camourflage_00385.jpg,0.19443826377391815
SINet/S2C_SO,camourflage_00386.jpg,0.28902095556259155
SINet/S2C_SO,camourflage_00387.jpg,1.1406760215759277
SINet/S2C_SO,camourflage_00388.jpg,0.3966277241706848
SINet/S2C_SO,camourflage_00389.jpg,0.8225602507591248
SINet/S2C_SO,camourflage_00390.jpg,0.05602870136499405
SINet/S2C_SO,camourflage_00391.jpg,0.34874624013900757
SINet/S2C_SO,camourflage_00392.jpg,0.6014236211776733
SINet/S2C_SO,camourflage_00393.jpg,0.2790888249874115
SINet/S2C_SO,camourflage_00394.jpg,0.04296670854091644
SINet/S2C_SO,camourflage_00395.jpg,0.19270619750022888
SINet/S2C_SO,camourflage_00396.jpg,0.29520514607429504
SINet/S2C_SO,camourflage_00397.jpg,0.2610746920108795
SINet/S2C_SO,camourflage_00399.jpg,0.05840350687503815
SINet/S2C_SO,camourflage_00400.jpg,0.06768569350242615
SINet/S2C_SO,camourflage_00401.jpg,0.07644803822040558
SINet/S2C_SO,camourflage_00402.jpg,0.1248849481344223
SINet/S2C_SO,camourflage_00403.jpg,0.0335964597761631
SINet/S2C_SO,camourflage_00404.jpg,0.11409500986337662
SINet/S2C_SO,camourflage_00405.jpg,0.06350228935480118
SINet/S2C_SO,camourflage_00407.jpg,0.3777146339416504
SINet/S2C_SO,camourflage_00409.jpg,0.7096571922302246
SINet/S2C_SO,camourflage_00410.jpg,0.5644522309303284
SINet/S2C_SO,camourflage_00411.jpg,0.12447743117809296
SINet/S2C_SO,camourflage_00412.jpg,0.467220664024353
SINet/S2C_SO,camourflage_00413.jpg,0.2620186507701874
SINet/S2C_SO,camourflage_00414.jpg,0.34265968203544617
SINet/S2C_SO,camourflage_00415.jpg,0.5588526725769043
SINet/S2C_SO,camourflage_00416.jpg,0.29488176107406616
SINet/S2C_SO,camourflage_00417.jpg,0.016501937061548233
SINet/S2C_SO,camourflage_00418.jpg,0.031201906502246857
SINet/S2C_SO,camourflage_00419.jpg,0.4741857051849365
SINet/S2C_SO,camourflage_00423.jpg,0.2035846710205078
SINet/S2C_SO,camourflage_00424.jpg,0.07050149142742157
SINet/S2C_SO,camourflage_00425.jpg,0.2298210859298706
SINet/S2C_SO,camourflage_00426.jpg,0.2284226268529892
SINet/S2C_SO,camourflage_00427.jpg,0.15022169053554535
SINet/S2C_SO,camourflage_00428.jpg,0.27085891366004944
SINet/S2C_SO,camourflage_00429.jpg,0.13262423872947693
SINet/S2C_SO,camourflage_00431.jpg,0.1917748749256134
SINet/S2C_SO,camourflage_00432.jpg,0.7039996981620789
SINet/S2C_SO,camourflage_00433.jpg,0.4200158417224884
SINet/S2C_SO,camourflage_00434.jpg,0.5589859485626221
SINet/S2C_SO,camourflage_00437.jpg,0.06037683039903641
SINet/S2C_SO,camourflage_00438.jpg,0.16235223412513733
SINet/S2C_SO,camourflage_00439.jpg,0.18688786029815674
SINet/S2C_SO,camourflage_00440.jpg,0.09331442415714264
SINet/S2C_SO,camourflage_00441.jpg,0.2851641774177551
SINet/S2C_SO,camourflage_00442.jpg,0.06342636793851852
SINet/S2C_SO,camourflage_00445.jpg,0.4772120416164398
SINet/S2C_SO,camourflage_00446.jpg,0.24947476387023926
SINet/S2C_SO,camourflage_00447.jpg,0.27603232860565186
SINet/S2C_SO,camourflage_00448.jpg,0.3480527698993683
SINet/S2C_SO,camourflage_00450.jpg,0.5248575210571289
SINet/S2C_SO,camourflage_00451.jpg,0.20349404215812683
SINet/S2C_SO,camourflage_00452.jpg,0.4659108519554138
SINet/S2C_SO,camourflage_00453.jpg,0.024533690884709358
SINet/S2C_SO,camourflage_00454.jpg,0.20512312650680542
SINet/S2C_SO,camourflage_00455.jpg,0.13802069425582886
SINet/S2C_SO,camourflage_00456.jpg,0.17750385403633118
SINet/S2C_SO,camourflage_00457.jpg,0.7401197552680969
SINet/S2C_SO,camourflage_00458.jpg,0.5522348880767822
SINet/S2C_SO,camourflage_00459.jpg,0.16303293406963348
SINet/S2C_SO,camourflage_00460.jpg,0.15108433365821838
SINet/S2C_SO,camourflage_00461.jpg,0.2429140955209732
SINet/S2C_SO,camourflage_00462.jpg,0.2720964550971985
SINet/S2C_SO,camourflage_00464.jpg,0.3223596513271332
SINet/S2C_SO,camourflage_00465.jpg,0.21572808921337128
SINet/S2C_SO,camourflage_00466.jpg,0.022803403437137604
SINet/S2C_SO,camourflage_00467.jpg,0.6473569869995117
SINet/S2C_SO,camourflage_00468.jpg,0.09548486769199371
SINet/S2C_SO,camourflage_00469.jpg,0.43672868609428406
SINet/S2C_SO,camourflage_00472.jpg,0.4579062759876251
SINet/S2C_SO,camourflage_00474.jpg,0.6664483547210693
SINet/S2C_SO,camourflage_00475.jpg,0.10135377943515778
SINet/S2C_SO,camourflage_00476.jpg,0.4849380552768707
SINet/S2C_SO,camourflage_00477.jpg,0.15213243663311005
SINet/S2C_SO,camourflage_00479.jpg,0.08219905197620392
SINet/S2C_SO,camourflage_00480.jpg,0.32161945104599
SINet/S2C_SO,camourflage_00481.jpg,0.1346065104007721
SINet/S2C_SO,camourflage_00482.jpg,0.01361139677464962
SINet/S2C_SO,camourflage_00483.jpg,0.08749715983867645
SINet/S2C_SO,camourflage_00484.jpg,0.13709166646003723
SINet/S2C_SO,camourflage_00485.jpg,0.4809119403362274
SINet/S2C_SO,camourflage_00486.jpg,0.13181950151920319
SINet/S2C_SO,camourflage_00487.jpg,0.5388219356536865
SINet/S2C_SO,camourflage_00488.jpg,0.9991834163665771
SINet/S2C_SO,camourflage_00489.jpg,0.31532520055770874
SINet/S2C_SO,camourflage_00490.jpg,0.1424006223678589
SINet/S2C_SO,camourflage_00491.jpg,0.6338709592819214
SINet/S2C_SO,camourflage_00492.jpg,0.01652047038078308
SINet/S2C_SO,camourflage_00493.jpg,0.23873205482959747
SINet/S2C_SO,camourflage_00494.jpg,0.3905412554740906
SINet/S2C_SO,camourflage_00495.jpg,0.057050641626119614
SINet/S2C_SO,camourflage_00497.jpg,0.055974096059799194
SINet/S2C_SO,camourflage_00499.jpg,0.2582445740699768
SINet/S2C_SO,camourflage_00501.jpg,0.22275406122207642
SINet/S2C_SO,camourflage_00503.jpg,0.10019519180059433
SINet/S2C_SO,camourflage_00504.jpg,0.16221266984939575
SINet/S2C_SO,camourflage_00505.jpg,0.09619217365980148
SINet/S2C_SO,camourflage_00506.jpg,0.023526515811681747
SINet/S2C_SO,camourflage_00507.jpg,0.1487097293138504
SINet/S2C_SO,camourflage_00508.jpg,0.3318250775337219
SINet/S2C_SO,camourflage_00509.jpg,0.06541316211223602
SINet/S2C_SO,camourflage_00511.jpg,0.6733520030975342
SINet/S2C_SO,camourflage_00512.jpg,0.21511605381965637
SINet/S2C_SO,camourflage_00513.jpg,0.2461833953857422
SINet/S2C_SO,camourflage_00514.jpg,0.08380734920501709
SINet/S2C_SO,camourflage_00516.jpg,0.023705869913101196
SINet/S2C_SO,camourflage_00517.jpg,0.042687613517045975
SINet/S2C_SO,camourflage_00518.jpg,0.0378352515399456
SINet/S2C_SO,camourflage_00520.jpg,0.3282361328601837
SINet/S2C_SO,camourflage_00521.jpg,0.019370976835489273
SINet/S2C_SO,camourflage_00523.jpg,0.24485352635383606
SINet/S2C_SO,camourflage_00524.jpg,0.17170816659927368
SINet/S2C_SO,camourflage_00525.jpg,0.06339669227600098
SINet/S2C_SO,camourflage_00526.jpg,0.08836900442838669
SINet/S2C_SO,camourflage_00527.jpg,0.22713325917720795
SINet/S2C_SO,camourflage_00529.jpg,0.08603090792894363
SINet/S2C_SO,camourflage_00530.jpg,0.598511278629303
SINet/S2C_SO,camourflage_00531.jpg,0.06461937725543976
SINet/S2C_SO,camourflage_00532.jpg,0.6105582118034363
SINet/S2C_SO,camourflage_00533.jpg,0.4838164448738098
SINet/S2C_SO,camourflage_00534.jpg,0.7676150798797607
SINet/S2C_SO,camourflage_00535.jpg,0.12596499919891357
SINet/S2C_SO,camourflage_00536.jpg,0.17378060519695282
SINet/S2C_SO,camourflage_00537.jpg,0.3826884627342224
SINet/S2C_SO,camourflage_00538.jpg,0.03019840456545353
SINet/S2C_SO,camourflage_00540.jpg,0.02962891384959221
SINet/S2C_SO,camourflage_00541.jpg,0.10140687972307205
SINet/S2C_SO,camourflage_00542.jpg,0.40094655752182007
SINet/S2C_SO,camourflage_00543.jpg,0.08391722291707993
SINet/S2C_SO,camourflage_00544.jpg,0.47810831665992737
SINet/S2C_SO,camourflage_00545.jpg,0.028460901230573654
SINet/S2C_SO,camourflage_00546.jpg,0.4472115635871887
SINet/S2C_SO,camourflage_00547.jpg,0.11311914026737213
SINet/S2C_SO,camourflage_00548.jpg,0.38219067454338074
SINet/S2C_SO,camourflage_00549.jpg,0.04501407966017723
SINet/S2C_SO,camourflage_00551.jpg,0.9004959464073181
SINet/S2C_SO,camourflage_00552.jpg,0.11195825040340424
SINet/S2C_SO,camourflage_00553.jpg,0.03360291197896004
SINet/S2C_SO,camourflage_00554.jpg,0.08826347440481186
SINet/S2C_SO,camourflage_00555.jpg,0.25739750266075134
SINet/S2C_SO,camourflage_00556.jpg,0.3320070207118988
SINet/S2C_SO,camourflage_00557.jpg,0.02609436772763729
SINet/S2C_SO,camourflage_00558.jpg,0.12560990452766418
SINet/S2C_SO,camourflage_00559.jpg,0.31267398595809937
SINet/S2C_SO,camourflage_00560.jpg,0.32850319147109985
SINet/S2C_SO,camourflage_00561.jpg,0.22321809828281403
SINet/S2C_SO,camourflage_00562.jpg,0.5122689008712769
SINet/S2C_SO,camourflage_00564.jpg,0.3870598077774048
SINet/S2C_SO,camourflage_00565.jpg,0.2956550419330597
SINet/S2C_SO,camourflage_00566.jpg,0.5255129933357239
SINet/S2C_SO,camourflage_00567.jpg,0.05103546380996704
SINet/S2C_SO,camourflage_00568.jpg,0.1948075294494629
SINet/S2C_SO,camourflage_00569.jpg,0.45311492681503296
SINet/S2C_SO,camourflage_00570.jpg,0.23950649797916412
SINet/S2C_SO,camourflage_00571.jpg,0.04224976897239685
SINet/S2C_SO,camourflage_00572.jpg,0.2163536250591278
SINet/S2C_SO,camourflage_00573.jpg,0.29445600509643555
SINet/S2C_SO,camourflage_00574.jpg,0.25069236755371094
SINet/S2C_SO,camourflage_00575.jpg,0.4431944191455841
SINet/S2C_SO,camourflage_00576.jpg,0.16840487718582153
SINet/S2C_SO,camourflage_00577.jpg,0.005337840877473354
SINet/S2C_SO,camourflage_00578.jpg,0.034609146416187286
SINet/S2C_SO,camourflage_00579.jpg,0.32924655079841614
SINet/S2C_SO,camourflage_00580.jpg,0.18142986297607422
SINet/S2C_SO,camourflage_00581.jpg,0.5232698321342468
SINet/S2C_SO,camourflage_00582.jpg,0.20938566327095032
SINet/S2C_SO,camourflage_00583.jpg,0.1172080934047699
SINet/S2C_SO,camourflage_00584.jpg,0.3655293583869934
SINet/S2C_SO,camourflage_00585.jpg,0.19127264618873596
SINet/S2C_SO,camourflage_00586.jpg,0.350809246301651
SINet/S2C_SO,camourflage_00587.jpg,0.40551406145095825
SINet/S2C_SO,camourflage_00588.jpg,0.07144057750701904
SINet/S2C_SO,camourflage_00589.jpg,0.09410089254379272
SINet/S2C_SO,camourflage_00590.jpg,0.1927907019853592
SINet/S2C_SO,camourflage_00591.jpg,0.45407402515411377
SINet/S2C_SO,camourflage_00592.jpg,0.4021678566932678
SINet/S2C_SO,camourflage_00593.jpg,0.3110659420490265
SINet/S2C_SO,camourflage_00595.jpg,0.34059926867485046
SINet/S2C_SO,camourflage_00596.jpg,0.07558508217334747
SINet/S2C_SO,camourflage_00598.jpg,0.03744852542877197
SINet/S2C_SO,camourflage_00599.jpg,0.3579307794570923
SINet/S2C_SO,camourflage_00601.jpg,0.18522876501083374
SINet/S2C_SO,camourflage_00603.jpg,0.20814137160778046
SINet/S2C_SO,camourflage_00604.jpg,0.27473869919776917
SINet/S2C_SO,camourflage_00605.jpg,0.36794692277908325
SINet/S2C_SO,camourflage_00606.jpg,0.1813359260559082
SINet/S2C_SO,camourflage_00607.jpg,0.252761572599411
SINet/S2C_SO,camourflage_00608.jpg,0.006679082289338112
SINet/S2C_SO,camourflage_00609.jpg,0.6586481332778931
SINet/S2C_SO,camourflage_00610.jpg,0.26185309886932373
SINet/S2C_SO,camourflage_00611.jpg,0.1573522686958313
SINet/S2C_SO,camourflage_00612.jpg,0.2176828384399414
SINet/S2C_SO,camourflage_00613.jpg,0.32468533515930176
SINet/S2C_SO,camourflage_00614.jpg,0.09513111412525177
SINet/S2C_SO,camourflage_00615.jpg,0.09082799404859543
SINet/S2C_SO,camourflage_00616.jpg,0.009218179620802402
SINet/S2C_SO,camourflage_00617.jpg,0.6717680096626282
SINet/S2C_SO,camourflage_00618.jpg,0.0918411910533905
SINet/S2C_SO,camourflage_00619.jpg,0.3550868630409241
SINet/S2C_SO,camourflage_00620.jpg,0.08513005822896957
SINet/S2C_SO,camourflage_00621.jpg,0.357372909784317
SINet/S2C_SO,camourflage_00622.jpg,0.2427116483449936
SINet/S2C_SO,camourflage_00624.jpg,0.04806928336620331
SINet/S2C_SO,camourflage_00625.jpg,0.18472853302955627
SINet/S2C_SO,camourflage_00626.jpg,0.19636625051498413
SINet/S2C_SO,camourflage_00627.jpg,0.5765894651412964
SINet/S2C_SO,camourflage_00628.jpg,0.21568721532821655
SINet/S2C_SO,camourflage_00629.jpg,0.18737700581550598
SINet/S2C_SO,camourflage_00630.jpg,0.5212836265563965
SINet/S2C_SO,camourflage_00632.jpg,0.40420907735824585
SINet/S2C_SO,camourflage_00633.jpg,0.262352854013443
SINet/S2C_SO,camourflage_00634.jpg,0.23671743273735046
SINet/S2C_SO,camourflage_00635.jpg,0.12340386211872101
SINet/S2C_SO,camourflage_00636.jpg,0.15734609961509705
SINet/S2C_SO,camourflage_00637.jpg,0.35247352719306946
SINet/S2C_SO,camourflage_00638.jpg,0.02461790293455124
SINet/S2C_SO,camourflage_00639.jpg,0.026975177228450775
SINet/S2C_SO,camourflage_00640.jpg,0.206994891166687
SINet/S2C_SO,camourflage_00642.jpg,0.15492889285087585
SINet/S2C_SO,camourflage_00643.jpg,0.4163195490837097
SINet/S2C_SO,camourflage_00644.jpg,0.4155685007572174
SINet/S2C_SO,camourflage_00645.jpg,0.1912175863981247
SINet/S2C_SO,camourflage_00646.jpg,0.21454556286334991
SINet/S2C_SO,camourflage_00648.jpg,0.1256927251815796
SINet/S2C_SO,camourflage_00649.jpg,0.052365537732839584
SINet/S2C_SO,camourflage_00650.jpg,0.07486706227064133
SINet/S2C_SO,camourflage_00651.jpg,0.2092592567205429
SINet/S2C_SO,camourflage_00652.jpg,0.28181469440460205
SINet/S2C_SO,camourflage_00653.jpg,0.2081262320280075
SINet/S2C_SO,camourflage_00654.jpg,0.11652134358882904
SINet/S2C_SO,camourflage_00655.jpg,0.16155266761779785
SINet/S2C_SO,camourflage_00656.jpg,0.010964576154947281
SINet/S2C_SO,camourflage_00657.jpg,0.10695268958806992
SINet/S2C_SO,camourflage_00658.jpg,0.3924960494041443
SINet/S2C_SO,camourflage_00659.jpg,0.053709059953689575
SINet/S2C_SO,camourflage_00660.jpg,0.2761796712875366
SINet/S2C_SO,camourflage_00661.jpg,0.15522024035453796
SINet/S2C_SO,camourflage_00662.jpg,0.35006147623062134
SINet/S2C_SO,camourflage_00663.jpg,0.3689403831958771
SINet/S2C_SO,camourflage_00664.jpg,0.38263237476348877
SINet/S2C_SO,camourflage_00665.jpg,0.33119428157806396
SINet/S2C_SO,camourflage_00666.jpg,0.5583349466323853
SINet/S2C_SO,camourflage_00667.jpg,0.0517210029065609
SINet/S2C_SO,camourflage_00668.jpg,0.42512112855911255
SINet/S2C_SO,camourflage_00669.jpg,0.43132925033569336
SINet/S2C_SO,camourflage_00670.jpg,0.286628782749176
SINet/S2C_SO,camourflage_00671.jpg,0.17834308743476868
SINet/S2C_SO,camourflage_00672.jpg,0.298564612865448
SINet/S2C_SO,camourflage_00673.jpg,0.18764230608940125
SINet/S2C_SO,camourflage_00674.jpg,0.8896235823631287
SINet/S2C_SO,camourflage_00675.jpg,0.05515427887439728
SINet/S2C_SO,camourflage_00676.jpg,0.3792109191417694
SINet/S2C_SO,camourflage_00678.jpg,0.16655653715133667
SINet/S2C_SO,camourflage_00679.jpg,0.2693740725517273
SINet/S2C_SO,camourflage_00680.jpg,0.2646583318710327
SINet/S2C_SO,camourflage_00681.jpg,0.3222602605819702
SINet/S2C_SO,camourflage_00682.jpg,0.024070031940937042
SINet/S2C_SO,camourflage_00683.jpg,0.03040662407875061
SINet/S2C_SO,camourflage_00684.jpg,0.08486679196357727
SINet/S2C_SO,camourflage_00685.jpg,0.7802203297615051
SINet/S2C_SO,camourflage_00686.jpg,0.1671161949634552
SINet/S2C_SO,camourflage_00687.jpg,0.5388942360877991
SINet/S2C_SO,camourflage_00689.jpg,0.8754789233207703
SINet/S2C_SO,camourflage_00690.jpg,0.4205169081687927
SINet/S2C_SO,camourflage_00691.jpg,0.3807915449142456
SINet/S2C_SO,camourflage_00692.jpg,0.020061831921339035
SINet/S2C_SO,camourflage_00693.jpg,0.2603037655353546
SINet/S2C_SO,camourflage_00695.jpg,0.5211701989173889
SINet/S2C_SO,camourflage_00696.jpg,0.5531083345413208
SINet/S2C_SO,camourflage_00697.jpg,0.12661343812942505
SINet/S2C_SO,camourflage_00698.jpg,0.27184271812438965
SINet/S2C_SO,camourflage_00700.jpg,0.2447340190410614
SINet/S2C_SO,camourflage_00701.jpg,0.20866110920906067
SINet/S2C_SO,camourflage_00702.jpg,0.26171356439590454
SINet/S2C_SO,camourflage_00703.jpg,0.09596863389015198
SINet/S2C_SO,camourflage_00704.jpg,0.04261760041117668
SINet/S2C_SO,camourflage_00705.jpg,0.16660988330841064
SINet/S2C_SO,camourflage_00707.jpg,0.3074171841144562
SINet/S2C_SO,camourflage_00708.jpg,0.025513075292110443
SINet/S2C_SO,camourflage_00709.jpg,0.03851498290896416
SINet/S2C_SO,camourflage_00710.jpg,0.34775078296661377
SINet/S2C_SO,camourflage_00711.jpg,0.3003759980201721
SINet/S2C_SO,camourflage_00712.jpg,0.16656309366226196
SINet/S2C_SO,camourflage_00714.jpg,0.23777449131011963
SINet/S2C_SO,camourflage_00715.jpg,0.3233039677143097
SINet/S2C_SO,camourflage_00716.jpg,0.48315346240997314
SINet/S2C_SO,camourflage_00717.jpg,0.20766545832157135
SINet/S2C_SO,camourflage_00718.jpg,0.1693813055753708
SINet/S2C_SO,camourflage_00719.jpg,0.09186285734176636
SINet/S2C_SO,camourflage_00720.jpg,0.571190595626831
SINet/S2C_SO,camourflage_00721.jpg,0.2302573323249817
SINet/S2C_SO,camourflage_00722.jpg,0.6098401546478271
SINet/S2C_SO,camourflage_00724.jpg,0.36750537157058716
SINet/S2C_SO,camourflage_00725.jpg,0.012600080110132694
SINet/S2C_SO,camourflage_00726.jpg,0.4742427170276642
SINet/S2C_SO,camourflage_00727.jpg,0.3086024522781372
SINet/S2C_SO,camourflage_00728.jpg,0.19067618250846863
SINet/S2C_SO,camourflage_00729.jpg,0.5009068846702576
SINet/S2C_SO,camourflage_00730.jpg,0.4205969274044037
SINet/S2C_SO,camourflage_00731.jpg,0.2739042341709137
SINet/S2C_SO,camourflage_00732.jpg,0.5450049042701721
SINet/S2C_SO,camourflage_00733.jpg,0.1810481995344162
SINet/S2C_SO,camourflage_00734.jpg,0.09141010046005249
SINet/S2C_SO,camourflage_00735.jpg,0.38623693585395813
SINet/S2C_SO,camourflage_00736.jpg,0.9210976362228394
SINet/S2C_SO,camourflage_00737.jpg,0.43658900260925293
SINet/S2C_SO,camourflage_00738.jpg,0.6125599145889282
SINet/S2C_SO,camourflage_00739.jpg,0.8070358037948608
SINet/S2C_SO,camourflage_00740.jpg,0.6231855750083923
SINet/S2C_SO,camourflage_00741.jpg,0.4904176592826843
SINet/S2C_SO,camourflage_00742.jpg,0.8379226326942444
SINet/S2C_SO,camourflage_00743.jpg,0.36563241481781006
SINet/S2C_SO,camourflage_00744.jpg,0.018718374893069267
SINet/S2C_SO,camourflage_00745.jpg,0.33400067687034607
SINet/S2C_SO,camourflage_00746.jpg,1.0912450551986694
SINet/S2C_SO,camourflage_00747.jpg,0.02545008808374405
SINet/S2C_SO,camourflage_00748.jpg,0.6516059637069702
SINet/S2C_SO,camourflage_00749.jpg,0.08795445412397385
SINet/S2C_SO,camourflage_00751.jpg,0.08459433913230896
SINet/S2C_SO,camourflage_00752.jpg,1.1548668146133423
SINet/S2C_SO,camourflage_00753.jpg,0.1794300079345703
SINet/S2C_SO,camourflage_00754.jpg,0.4671013355255127
SINet/S2C_SO,camourflage_00755.jpg,0.3772663474082947
SINet/S2C_SO,camourflage_00756.jpg,0.06612589210271835
SINet/S2C_SO,camourflage_00757.jpg,0.2547987699508667
SINet/S2C_SO,camourflage_00759.jpg,0.25532424449920654
SINet/S2C_SO,camourflage_00760.jpg,0.47463709115982056
SINet/S2C_SO,camourflage_00761.jpg,0.13969478011131287
SINet/S2C_SO,camourflage_00762.jpg,0.09946338087320328
SINet/S2C_SO,camourflage_00763.jpg,0.558289647102356
SINet/S2C_SO,camourflage_00764.jpg,0.07401224970817566
SINet/S2C_SO,camourflage_00765.jpg,0.18379920721054077
SINet/S2C_SO,camourflage_00766.jpg,0.4884670674800873
SINet/S2C_SO,camourflage_00767.jpg,0.18126676976680756
SINet/S2C_SO,camourflage_00769.jpg,0.10822761058807373
SINet/S2C_SO,camourflage_00770.jpg,0.03632079437375069
SINet/S2C_SO,camourflage_00771.jpg,0.5222564935684204
SINet/S2C_SO,camourflage_00772.jpg,0.404657244682312
SINet/S2C_SO,camourflage_00773.jpg,0.3248510956764221
SINet/S2C_SO,camourflage_00774.jpg,0.5927431583404541
SINet/S2C_SO,camourflage_00775.jpg,0.5807805061340332
SINet/S2C_SO,camourflage_00776.jpg,0.2483137845993042
SINet/S2C_SO,camourflage_00777.jpg,0.6702958345413208
SINet/S2C_SO,camourflage_00778.jpg,0.21127326786518097
SINet/S2C_SO,camourflage_00780.jpg,0.4367787539958954
SINet/S2C_SO,camourflage_00781.jpg,0.5760530829429626
SINet/S2C_SO,camourflage_00784.jpg,0.10152806341648102
SINet/S2C_SO,camourflage_00785.jpg,0.3549940586090088
SINet/S2C_SO,camourflage_00786.jpg,0.5753968358039856
SINet/S2C_SO,camourflage_00787.jpg,0.06942911446094513
SINet/S2C_SO,camourflage_00788.jpg,0.20849297940731049
SINet/S2C_SO,camourflage_00789.jpg,0.6451805233955383
SINet/S2C_SO,camourflage_00790.jpg,0.537093997001648
SINet/S2C_SO,camourflage_00791.jpg,0.21208178997039795
SINet/S2C_SO,camourflage_00792.jpg,0.15610435605049133
SINet/S2C_SO,camourflage_00793.jpg,0.5154588222503662
SINet/S2C_SO,camourflage_00795.jpg,0.27953529357910156
SINet/S2C_SO,camourflage_00796.jpg,0.03163383528590202
SINet/S2C_SO,camourflage_00797.jpg,0.20167255401611328
SINet/S2C_SO,camourflage_00798.jpg,0.35800671577453613
SINet/S2C_SO,camourflage_00799.jpg,0.3632435202598572
SINet/S2C_SO,camourflage_00802.jpg,0.05503576248884201
SINet/S2C_SO,camourflage_00803.jpg,0.0629415512084961
SINet/S2C_SO,camourflage_00804.jpg,0.11744269728660583
SINet/S2C_SO,camourflage_00805.jpg,0.5345580577850342
SINet/S2C_SO,camourflage_00806.jpg,0.34996557235717773
SINet/S2C_SO,camourflage_00808.jpg,0.14115343987941742
SINet/S2C_SO,camourflage_00809.jpg,0.5704483389854431
SINet/S2C_SO,camourflage_00810.jpg,0.223862886428833
SINet/S2C_SO,camourflage_00811.jpg,0.3050839900970459
SINet/S2C_SO,camourflage_00812.jpg,0.19130250811576843
SINet/S2C_SO,camourflage_00813.jpg,0.07156933844089508
SINet/S2C_SO,camourflage_00814.jpg,0.45882242918014526
SINet/S2C_SO,camourflage_00815.jpg,0.11613363027572632
SINet/S2C_SO,camourflage_00816.jpg,0.20143166184425354
SINet/S2C_SO,camourflage_00817.jpg,0.722032368183136
SINet/S2C_SO,camourflage_00818.jpg,0.08200797438621521
SINet/S2C_SO,camourflage_00819.jpg,0.001224209787324071
SINet/S2C_SO,camourflage_00820.jpg,0.12299853563308716
SINet/S2C_SO,camourflage_00821.jpg,0.03360018506646156
SINet/S2C_SO,camourflage_00822.jpg,0.2690495252609253
SINet/S2C_SO,camourflage_00823.jpg,0.3888317346572876
SINet/S2C_SO,camourflage_00824.jpg,0.27077850699424744
SINet/S2C_SO,camourflage_00825.jpg,0.2131281942129135
SINet/S2C_SO,camourflage_00826.jpg,0.2957972288131714
SINet/S2C_SO,camourflage_00827.jpg,0.41918516159057617
SINet/S2C_SO,camourflage_00828.jpg,0.3381616175174713
SINet/S2C_SO,camourflage_00830.jpg,0.5313374400138855
SINet/S2C_SO,camourflage_00831.jpg,0.03946249186992645
SINet/S2C_SO,camourflage_00832.jpg,0.0655595064163208
SINet/S2C_SO,camourflage_00833.jpg,0.8395639657974243
SINet/S2C_SO,camourflage_00834.jpg,0.15179607272148132
SINet/S2C_SO,camourflage_00835.jpg,0.02127518504858017
SINet/S2C_SO,camourflage_00836.jpg,0.013720806688070297
SINet/S2C_SO,camourflage_00837.jpg,0.38061511516571045
SINet/S2C_SO,camourflage_00838.jpg,0.28950098156929016
SINet/S2C_SO,camourflage_00839.jpg,0.16059571504592896
SINet/S2C_SO,camourflage_00840.jpg,0.07269132137298584
SINet/S2C_SO,camourflage_00841.jpg,0.4192873239517212
SINet/S2C_SO,camourflage_00842.jpg,0.2694165110588074
SINet/S2C_SO,camourflage_00843.jpg,0.06009964644908905
SINet/S2C_SO,camourflage_00844.jpg,0.0048200031742453575
SINet/S2C_SO,camourflage_00845.jpg,0.08219388127326965
SINet/S2C_SO,camourflage_00848.jpg,0.09666556864976883
SINet/S2C_SO,camourflage_00849.jpg,0.3488307297229767
SINet/S2C_SO,camourflage_00850.jpg,0.7003434300422668
SINet/S2C_SO,camourflage_00851.jpg,0.5619584321975708
SINet/S2C_SO,camourflage_00852.jpg,0.5098779201507568
SINet/S2C_SO,camourflage_00853.jpg,0.01862402632832527
SINet/S2C_SO,camourflage_00854.jpg,0.14987249672412872
SINet/S2C_SO,camourflage_00855.jpg,1.4954642057418823
SINet/S2C_SO,camourflage_00856.jpg,0.1323305070400238
SINet/S2C_SO,camourflage_00858.jpg,0.2576659023761749
SINet/S2C_SO,camourflage_00859.jpg,0.03833950310945511
SINet/S2C_SO,camourflage_00861.jpg,0.1335914433002472
SINet/S2C_SO,camourflage_00862.jpg,0.15351368486881256
SINet/S2C_SO,camourflage_00864.jpg,0.558944821357727
SINet/S2C_SO,camourflage_00865.jpg,0.3780190348625183
SINet/S2C_SO,camourflage_00866.jpg,0.4422917664051056
SINet/S2C_SO,camourflage_00867.jpg,0.33156001567840576
SINet/S2C_SO,camourflage_00868.jpg,0.45000821352005005
SINet/S2C_SO,camourflage_00870.jpg,0.30898624658584595
SINet/S2C_SO,camourflage_00871.jpg,0.506700336933136
SINet/S2C_SO,camourflage_00872.jpg,0.14057818055152893
SINet/S2C_SO,camourflage_00873.jpg,0.6148646473884583
SINet/S2C_SO,camourflage_00874.jpg,0.23625817894935608
SINet/S2C_SO,camourflage_00875.jpg,0.0779988020658493
SINet/S2C_SO,camourflage_00876.jpg,0.39914262294769287
SINet/S2C_SO,camourflage_00877.jpg,0.09047120809555054
SINet/S2C_SO,camourflage_00878.jpg,0.18507170677185059
SINet/S2C_SO,camourflage_00879.jpg,0.12455713003873825
SINet/S2C_SO,camourflage_00880.jpg,0.25857681035995483
SINet/S2C_SO,camourflage_00881.jpg,0.3118925392627716
SINet/S2C_SO,camourflage_00882.jpg,0.3568685054779053
SINet/S2C_SO,camourflage_00883.jpg,0.03405607491731644
SINet/S2C_SO,camourflage_00884.jpg,0.1585836559534073
SINet/S2C_SO,camourflage_00885.jpg,0.0972769483923912
SINet/S2C_SO,camourflage_00886.jpg,0.0981130599975586
SINet/S2C_SO,camourflage_00887.jpg,0.05972803011536598
SINet/S2C_SO,camourflage_00888.jpg,0.6377403140068054
SINet/S2C_SO,camourflage_00889.jpg,0.08087766170501709
SINet/S2C_SO,camourflage_00891.jpg,0.3582156300544739
SINet/S2C_SO,camourflage_00892.jpg,1.119104027748108
SINet/S2C_SO,camourflage_00893.jpg,0.31901058554649353
SINet/S2C_SO,camourflage_00894.jpg,0.15912552177906036
SINet/S2C_SO,camourflage_00895.jpg,0.05069147050380707
SINet/S2C_SO,camourflage_00896.jpg,0.2694692015647888
SINet/S2C_SO,camourflage_00897.jpg,1.200975775718689
SINet/S2C_SO,camourflage_00898.jpg,0.6216592192649841
SINet/S2C_SO,camourflage_00899.jpg,0.44903677701950073
SINet/S2C_SO,camourflage_00900.jpg,0.028367115184664726
SINet/S2C_SO,camourflage_00901.jpg,0.23383504152297974
SINet/S2C_SO,camourflage_00902.jpg,0.004725500475615263
SINet/S2C_SO,camourflage_00904.jpg,0.3824927508831024
SINet/S2C_SO,camourflage_00905.jpg,0.12972193956375122
SINet/S2C_SO,camourflage_00906.jpg,0.2420075237751007
SINet/S2C_SO,camourflage_00907.jpg,0.4893713593482971
SINet/S2C_SO,camourflage_00908.jpg,0.0451393648982048
SINet/S2C_SO,camourflage_00909.jpg,0.17925016582012177
SINet/S2C_SO,camourflage_00910.jpg,0.06378576159477234
SINet/S2C_SO,camourflage_00911.jpg,0.5937461256980896
SINet/S2C_SO,camourflage_00912.jpg,0.07306055724620819
SINet/S2C_SO,camourflage_00913.jpg,0.06851956248283386
SINet/S2C_SO,camourflage_00914.jpg,0.3568936884403229
SINet/S2C_SO,camourflage_00915.jpg,0.38751181960105896
SINet/S2C_SO,camourflage_00916.jpg,0.6293646693229675
SINet/S2C_SO,camourflage_00917.jpg,0.28968337178230286
SINet/S2C_SO,camourflage_00918.jpg,0.1636238545179367
SINet/S2C_SO,camourflage_00919.jpg,0.2769778370857239
SINet/S2C_SO,camourflage_00920.jpg,0.23905551433563232
SINet/S2C_SO,camourflage_00921.jpg,0.20306088030338287
SINet/S2C_SO,camourflage_00922.jpg,0.13895875215530396
SINet/S2C_SO,camourflage_00923.jpg,0.21271255612373352
SINet/S2C_SO,camourflage_00925.jpg,0.014645194634795189
SINet/S2C_SO,camourflage_00926.jpg,0.13769425451755524
SINet/S2C_SO,camourflage_00927.jpg,0.3595667779445648
SINet/S2C_SO,camourflage_00929.jpg,1.4250167608261108
SINet/S2C_SO,camourflage_00930.jpg,0.45762771368026733
SINet/S2C_SO,camourflage_00932.jpg,0.43235164880752563
SINet/S2C_SO,camourflage_00933.jpg,0.5333524942398071
SINet/S2C_SO,camourflage_00934.jpg,0.12830735743045807
SINet/S2C_SO,camourflage_00935.jpg,0.06650438159704208
SINet/S2C_SO,camourflage_00936.jpg,0.029912205412983894
SINet/S2C_SO,camourflage_00937.jpg,0.3010229468345642
SINet/S2C_SO,camourflage_00938.jpg,0.07753472775220871
SINet/S2C_SO,camourflage_00940.jpg,0.20942169427871704
SINet/S2C_SO,camourflage_00941.jpg,0.06427454948425293
SINet/S2C_SO,camourflage_00942.jpg,0.25147220492362976
SINet/S2C_SO,camourflage_00943.jpg,0.17547215521335602
SINet/S2C_SO,camourflage_00945.jpg,0.4394529461860657
SINet/S2C_SO,camourflage_00946.jpg,0.3066091537475586
SINet/S2C_SO,camourflage_00947.jpg,0.03305881470441818
SINet/S2C_SO,camourflage_00948.jpg,0.4725022614002228
SINet/S2C_SO,camourflage_00949.jpg,0.2890796959400177
SINet/S2C_SO,camourflage_00950.jpg,0.15168793499469757
SINet/S2C_SO,camourflage_00951.jpg,0.5522180795669556
SINet/S2C_SO,camourflage_00952.jpg,0.15769240260124207
SINet/S2C_SO,camourflage_00953.jpg,0.17601445317268372
SINet/S2C_SO,camourflage_00954.jpg,0.6026826500892639
SINet/S2C_SO,camourflage_00955.jpg,0.36951082944869995
SINet/S2C_SO,camourflage_00956.jpg,0.5154616236686707
SINet/S2C_SO,camourflage_00957.jpg,0.15737494826316833
SINet/S2C_SO,camourflage_00958.jpg,0.11916834861040115
SINet/S2C_SO,camourflage_00960.jpg,0.09479206055402756
SINet/S2C_SO,camourflage_00961.jpg,0.41948026418685913
SINet/S2C_SO,camourflage_00962.jpg,0.1363636553287506
SINet/S2C_SO,camourflage_00963.jpg,0.04297860339283943
SINet/S2C_SO,camourflage_00964.jpg,0.33393532037734985
SINet/S2C_SO,camourflage_00965.jpg,0.16762711107730865
SINet/S2C_SO,camourflage_00966.jpg,0.22498983144760132
SINet/S2C_SO,camourflage_00967.jpg,0.18141156435012817
SINet/S2C_SO,camourflage_00968.jpg,0.6088655591011047
SINet/S2C_SO,camourflage_00969.jpg,0.09110838919878006
SINet/S2C_SO,camourflage_00970.jpg,0.03568122163414955
SINet/S2C_SO,camourflage_00971.jpg,0.6435564756393433
SINet/S2C_SO,camourflage_00972.jpg,0.07773014903068542
SINet/S2C_SO,camourflage_00973.jpg,1.2250194549560547
SINet/S2C_SO,camourflage_00974.jpg,0.1476047784090042
SINet/S2C_SO,camourflage_00975.jpg,0.44803938269615173
SINet/S2C_SO,camourflage_00976.jpg,0.23493440449237823
SINet/S2C_SO,camourflage_00978.jpg,0.1999819576740265
SINet/S2C_SO,camourflage_00979.jpg,0.5585215091705322
SINet/S2C_SO,camourflage_00980.jpg,0.0856325551867485
SINet/S2C_SO,camourflage_00981.jpg,0.3190901577472687
SINet/S2C_SO,camourflage_00982.jpg,0.5322616100311279
SINet/S2C_SO,camourflage_00983.jpg,0.016053272411227226
SINet/S2C_SO,camourflage_00984.jpg,0.14072546362876892
SINet/S2C_SO,camourflage_00986.jpg,0.6003033518791199
SINet/S2C_SO,camourflage_00987.jpg,0.5136123299598694
SINet/S2C_SO,camourflage_00988.jpg,0.08249054849147797
SINet/S2C_SO,camourflage_00989.jpg,0.05208384990692139
SINet/S2C_SO,camourflage_00990.jpg,0.32523995637893677
SINet/S2C_SO,camourflage_00992.jpg,0.1295740306377411
SINet/S2C_SO,camourflage_00993.jpg,0.06061849743127823
SINet/S2C_SO,camourflage_00994.jpg,0.21536065638065338
SINet/S2C_SO,camourflage_00995.jpg,0.03638368844985962
SINet/S2C_SO,camourflage_00996.jpg,0.10603240132331848
SINet/S2C_SO,camourflage_00999.jpg,0.18889504671096802
SINet/S2C_SO,camourflage_01000.jpg,0.3315886855125427
SINet/S2C_SO,camourflage_01002.jpg,0.36992147564888
SINet/S2C_SO,camourflage_01005.jpg,1.1293902397155762
SINet/S2C_SO,camourflage_01007.jpg,0.15606965124607086
SINet/S2C_SO,camourflage_01010.jpg,1.0149868726730347
SINet/S2C_SO,camourflage_01011.jpg,0.5526766777038574
SINet/S2C_SO,camourflage_01012.jpg,0.03298674523830414
SINet/S2C_SO,camourflage_01013.jpg,0.03656651824712753
SINet/S2C_SO,camourflage_01015.jpg,0.8799527883529663
SINet/S2C_SO,camourflage_01017.jpg,1.733586072921753
SINet/S2C_SO,camourflage_01019.jpg,0.37083902955055237
SINet/S2C_SO,camourflage_01022.jpg,0.3938308656215668
SINet/S2C_SO,camourflage_01024.jpg,0.5507735013961792
SINet/S2C_SO,camourflage_01026.jpg,0.18716824054718018
SINet/S2C_SO,camourflage_01028.jpg,0.18970616161823273
SINet/S2C_SO,camourflage_01029.jpg,0.12166604399681091
SINet/S2C_SO,camourflage_01031.jpg,0.07714579999446869
SINet/S2C_SO,camourflage_01033.jpg,0.19142580032348633
SINet/S2C_SO,camourflage_01035.jpg,0.06916244328022003
SINet/S2C_SO,camourflage_01036.jpg,0.6572356224060059
SINet/S2C_SO,camourflage_01037.jpg,0.13064903020858765
SINet/S2C_SO,camourflage_01038.jpg,1.8838539123535156
SINet/S2C_SO,camourflage_01039.jpg,0.7648176550865173
SINet/S2C_SO,camourflage_01040.jpg,0.8186041116714478
SINet/S2C_SO,camourflage_01042.jpg,0.13651718199253082
SINet/S2C_SO,camourflage_01043.jpg,0.1519550383090973
SINet/S2C_SO,camourflage_01045.jpg,1.2733322381973267
SINet/S2C_SO,camourflage_01047.jpg,0.23056082427501678
SINet/S2C_SO,camourflage_01049.jpg,0.006381660234183073
SINet/S2C_SO,camourflage_01051.jpg,0.048430658876895905
SINet/S2C_SO,camourflage_01054.jpg,0.23189304769039154
SINet/S2C_SO,camourflage_01055.jpg,0.04913489893078804
SINet/S2C_SO,camourflage_01057.jpg,0.020882485434412956
SINet/S2C_SO,camourflage_01059.jpg,0.03529742732644081
SINet/S2C_SO,camourflage_01060.jpg,0.013426875695586205
SINet/S2C_SO,camourflage_01061.jpg,0.016093894839286804
SINet/S2C_SO,camourflage_01062.jpg,0.5467178225517273
SINet/S2C_SO,camourflage_01063.jpg,0.22967121005058289
SINet/S2C_SO,camourflage_01065.jpg,0.13624873757362366
SINet/S2C_SO,camourflage_01069.jpg,0.11706502735614777
SINet/S2C_SO,camourflage_01071.jpg,0.08315622806549072
SINet/S2C_SO,camourflage_01073.jpg,0.1872151792049408
SINet/S2C_SO,camourflage_01076.jpg,0.034965451806783676
SINet/S2C_SO,camourflage_01077.jpg,0.046365056186914444
SINet/S2C_SO,camourflage_01079.jpg,0.020167339593172073
SINet/S2C_SO,camourflage_01080.jpg,0.0897148996591568
SINet/S2C_SO,camourflage_01083.jpg,0.11121407151222229
SINet/S2C_SO,camourflage_01084.jpg,0.29253146052360535
SINet/S2C_SO,camourflage_01085.jpg,0.02373509295284748
SINet/S2C_SO,camourflage_01086.jpg,0.09393393993377686
SINet/S2C_SO,camourflage_01088.jpg,0.32928478717803955
SINet/S2C_SO,camourflage_01089.jpg,0.253735214471817
SINet/S2C_SO,camourflage_01092.jpg,0.13957804441452026
SINet/S2C_SO,camourflage_01093.jpg,0.08117029070854187
SINet/S2C_SO,camourflage_01097.jpg,0.1277962327003479
SINet/S2C_SO,camourflage_01099.jpg,0.2259899079799652
SINet/S2C_SO,camourflage_01102.jpg,1.333016037940979
SINet/S2C_SO,camourflage_01108.jpg,0.3327382802963257
SINet/S2C_SO,camourflage_01109.jpg,0.18786212801933289
SINet/S2C_SO,camourflage_01111.jpg,0.028469089418649673
SINet/S2C_SO,camourflage_01114.jpg,0.3205059766769409
SINet/S2C_SO,camourflage_01119.jpg,0.90607088804245
SINet/S2C_SO,camourflage_01120.jpg,1.4049803018569946
SINet/S2C_SO,camourflage_01121.jpg,0.6863978505134583
SINet/S2C_SO,camourflage_01123.jpg,1.3171110153198242
SINet/S2C_SO,camourflage_01124.jpg,1.1652345657348633
SINet/S2C_SO,camourflage_01125.jpg,1.6028364896774292
SINet/S2C_SO,camourflage_01127.jpg,0.20562070608139038
SINet/S2C_SO,camourflage_01129.jpg,1.1928083896636963
SINet/S2C_SO,camourflage_01130.jpg,0.3653663992881775
SINet/S2C_SO,camourflage_01134.jpg,0.643094539642334
SINet/S2C_SO,camourflage_01136.jpg,0.4626958966255188
SINet/S2C_SO,camourflage_01138.jpg,0.8233937621116638
SINet/S2C_SO,camourflage_01142.jpg,0.3848913609981537
SINet/S2C_SO,camourflage_01146.jpg,0.5468626022338867
SINet/S2C_SO,camourflage_01147.jpg,0.7182732820510864
SINet/S2C_SO,camourflage_01149.jpg,0.22722649574279785
SINet/S2C_SO,camourflage_01152.jpg,0.5697011947631836
SINet/S2C_SO,camourflage_01153.jpg,0.1546614021062851
SINet/S2C_SO,camourflage_01155.jpg,0.2675480544567108
SINet/S2C_SO,camourflage_01157.jpg,0.27223196625709534
SINet/S2C_SO,camourflage_01160.jpg,0.14601589739322662
SINet/S2C_SO,camourflage_01162.jpg,0.2874830961227417
SINet/S2C_SO,camourflage_01166.jpg,0.14378294348716736
SINet/S2C_SO,camourflage_01167.jpg,0.6094814538955688
SINet/S2C_SO,camourflage_01169.jpg,0.04023653268814087
SINet/S2C_SO,camourflage_01171.jpg,1.4274322986602783
SINet/S2C_SO,camourflage_01173.jpg,0.03531227260828018
SINet/S2C_SO,camourflage_01174.jpg,1.166599154472351
SINet/S2C_SO,camourflage_01176.jpg,1.2277352809906006
SINet/S2C_SO,camourflage_01178.jpg,0.38581201434135437
SINet/S2C_SO,camourflage_01184.jpg,0.2103104442358017
SINet/S2C_SO,camourflage_01186.jpg,1.6985942125320435
SINet/S2C_SO,camourflage_01187.jpg,0.5607285499572754
SINet/S2C_SO,camourflage_01191.jpg,1.6180129051208496
SINet/S2C_SO,camourflage_01197.jpg,1.0836501121520996
SINet/S2C_SO,camourflage_01198.jpg,0.7786317467689514
SINet/S2C_SO,camourflage_01201.jpg,0.3050404489040375
SINet/S2C_SO,camourflage_01202.jpg,0.27912437915802
SINet/S2C_SO,camourflage_01203.jpg,0.296389102935791
SINet/S2C_SO,camourflage_01204.jpg,0.4613550901412964
SINet/S2C_SO,camourflage_01206.jpg,1.5156023502349854
SINet/S2C_SO,camourflage_01207.jpg,0.056266702711582184
SINet/S2C_SO,camourflage_01209.jpg,0.48327258229255676
SINet/S2C_SO,camourflage_01212.jpg,0.16546228528022766
SINet/S2C_SO,camourflage_01213.jpg,0.5591920614242554
SINet/S2C_SO,camourflage_01214.jpg,0.5549354553222656
SINet/S2C_SO,camourflage_01215.jpg,0.09479107707738876
SINet/S2C_SO,camourflage_01216.jpg,0.0007564544212073088
SINet/S2C_SO,camourflage_01218.jpg,0.10338607430458069
SINet/S2C_SO,camourflage_01219.jpg,0.4103134870529175
SINet/S2C_SO,camourflage_01220.jpg,0.884537398815155
SINet/S2C_SO,camourflage_01221.jpg,0.1852608472108841
SINet/S2C_SO,camourflage_01222.jpg,1.476279854774475
SINet/S2C_SO,camourflage_01223.jpg,0.04820258170366287
SINet/S2C_SO,camourflage_01224.jpg,0.03471677750349045
SINet/S2C_SO,camourflage_01225.jpg,0.6500903964042664
SINet/S2C_SO,camourflage_01226.jpg,0.4036839008331299
SINet/S2C_SO,camourflage_01227.jpg,0.21786555647850037
SINet/S2C_SO,camourflage_01228.jpg,0.2874062657356262
SINet/S2C_SO,camourflage_01229.jpg,0.10696408897638321
SINet/S2C_SO,camourflage_01230.jpg,0.1801256686449051
SINet/S2C_SO,camourflage_01231.jpg,0.7040538191795349
SINet/S2C_SO,camourflage_01232.jpg,0.15443052351474762
SINet/S2C_SO,camourflage_01233.jpg,0.04879944026470184
SINet/S2C_SO,camourflage_01234.jpg,0.10249224305152893
SINet/S2C_SO,camourflage_01236.jpg,0.5380339622497559
SINet/S2C_SO,camourflage_01237.jpg,0.23630350828170776
SINet/S2C_SO,camourflage_01238.jpg,0.10578170418739319
SINet/S2C_SO,camourflage_01239.jpg,0.5288384556770325
SINet/S2C_SO,camourflage_01241.jpg,0.24910758435726166
SINet/S2C_SO,camourflage_01246.jpg,0.21571411192417145
SINet/S2C_SO,camourflage_01248.jpg,0.3100033700466156
SINet/S2C_SO,camourflage_01249.jpg,0.5547456741333008
