arch,name,es
SegMaR/S2C,COD10K-CAM-1-Aquatic-1-BatFish-1.jpg,0.02014676108956337
SegMaR/S2C,COD10K-CAM-1-Aquatic-1-BatFish-3.jpg,0.05001285672187805
SegMaR/S2C,COD10K-CAM-1-Aquatic-1-BatFish-7.jpg,0.05327826738357544
SegMaR/S2C,COD10K-CAM-1-Aquatic-1-BatFish-8.jpg,0.0044896844774484634
SegMaR/S2C,COD10K-CAM-1-Aquatic-1-BatFish-9.jpg,0.026175811886787415
SegMaR/S2C,COD10K-CAM-1-Aquatic-10-LeafySeaDragon-415.jpg,0.036048825830221176
SegMaR/S2C,COD10K-CAM-1-Aquatic-10-LeafySeaDragon-417.jpg,0.0352703258395195
SegMaR/S2C,COD10K-CAM-1-Aquatic-10-LeafySeaDragon-418.jpg,0.017789050936698914
SegMaR/S2C,COD10K-CAM-1-Aquatic-10-LeafySeaDragon-420.jpg,0.08817429840564728
SegMaR/S2C,COD10K-CAM-1-Aquatic-10-LeafySeaDragon-421.jpg,0.029112178832292557
SegMaR/S2C,COD10K-CAM-1-Aquatic-10-LeafySeaDragon-424.jpg,0.09043653309345245
SegMaR/S2C,COD10K-CAM-1-Aquatic-10-LeafySeaDragon-425.jpg,0.05552941560745239
SegMaR/S2C,COD10K-CAM-1-Aquatic-10-LeafySeaDragon-426.jpg,0.10766606032848358
SegMaR/S2C,COD10K-CAM-1-Aquatic-10-LeafySeaDragon-427.jpg,0.03735453262925148
SegMaR/S2C,COD10K-CAM-1-Aquatic-10-LeafySeaDragon-428.jpg,0.03462321311235428
SegMaR/S2C,COD10K-CAM-1-Aquatic-11-Octopus-431.jpg,0.12780888378620148
SegMaR/S2C,COD10K-CAM-1-Aquatic-11-Octopus-432.jpg,0.040476951748132706
SegMaR/S2C,COD10K-CAM-1-Aquatic-11-Octopus-433.jpg,0.05178196728229523
SegMaR/S2C,COD10K-CAM-1-Aquatic-11-Octopus-434.jpg,0.020282242447137833
SegMaR/S2C,COD10K-CAM-1-Aquatic-11-Octopus-435.jpg,0.04666440188884735
SegMaR/S2C,COD10K-CAM-1-Aquatic-11-Octopus-438.jpg,0.04368600249290466
SegMaR/S2C,COD10K-CAM-1-Aquatic-11-Octopus-439.jpg,0.04704058915376663
SegMaR/S2C,COD10K-CAM-1-Aquatic-11-Octopus-440.jpg,0.06376230716705322
SegMaR/S2C,COD10K-CAM-1-Aquatic-11-Octopus-442.jpg,0.00730704003944993
SegMaR/S2C,COD10K-CAM-1-Aquatic-11-Octopus-443.jpg,0.04810350388288498
SegMaR/S2C,COD10K-CAM-1-Aquatic-11-Octopus-446.jpg,0.009000871330499649
SegMaR/S2C,COD10K-CAM-1-Aquatic-11-Octopus-448.jpg,0.06121695041656494
SegMaR/S2C,COD10K-CAM-1-Aquatic-11-Octopus-449.jpg,0.05379417538642883
SegMaR/S2C,COD10K-CAM-1-Aquatic-11-Octopus-450.jpg,0.010243244469165802
SegMaR/S2C,COD10K-CAM-1-Aquatic-11-Octopus-455.jpg,0.04268232733011246
SegMaR/S2C,COD10K-CAM-1-Aquatic-11-Octopus-456.jpg,0.028390027582645416
SegMaR/S2C,COD10K-CAM-1-Aquatic-11-Octopus-457.jpg,0.03464904800057411
SegMaR/S2C,COD10K-CAM-1-Aquatic-11-Octopus-459.jpg,0.015863407403230667
SegMaR/S2C,COD10K-CAM-1-Aquatic-11-Octopus-460.jpg,0.02516756020486355
SegMaR/S2C,COD10K-CAM-1-Aquatic-11-Octopus-461.jpg,0.03606325760483742
SegMaR/S2C,COD10K-CAM-1-Aquatic-11-Octopus-467.jpg,0.023975079879164696
SegMaR/S2C,COD10K-CAM-1-Aquatic-11-Octopus-469.jpg,0.05183101072907448
SegMaR/S2C,COD10K-CAM-1-Aquatic-11-Octopus-470.jpg,0.10523585975170135
SegMaR/S2C,COD10K-CAM-1-Aquatic-12-Pagurian-475.jpg,0.021476279944181442
SegMaR/S2C,COD10K-CAM-1-Aquatic-12-Pagurian-476.jpg,0.03225768730044365
SegMaR/S2C,COD10K-CAM-1-Aquatic-12-Pagurian-477.jpg,0.035688240081071854
SegMaR/S2C,COD10K-CAM-1-Aquatic-12-Pagurian-478.jpg,0.05296562239527702
SegMaR/S2C,COD10K-CAM-1-Aquatic-12-Pagurian-479.jpg,0.023101799190044403
SegMaR/S2C,COD10K-CAM-1-Aquatic-12-Pagurian-480.jpg,0.05441506206989288
SegMaR/S2C,COD10K-CAM-1-Aquatic-12-Pagurian-485.jpg,0.040917303413152695
SegMaR/S2C,COD10K-CAM-1-Aquatic-13-Pipefish-487.jpg,0.058256980031728745
SegMaR/S2C,COD10K-CAM-1-Aquatic-13-Pipefish-489.jpg,0.05938727408647537
SegMaR/S2C,COD10K-CAM-1-Aquatic-13-Pipefish-491.jpg,0.035483770072460175
SegMaR/S2C,COD10K-CAM-1-Aquatic-13-Pipefish-493.jpg,0.0036995485424995422
SegMaR/S2C,COD10K-CAM-1-Aquatic-13-Pipefish-494.jpg,0.05135737359523773
SegMaR/S2C,COD10K-CAM-1-Aquatic-13-Pipefish-495.jpg,0.021092604845762253
SegMaR/S2C,COD10K-CAM-1-Aquatic-13-Pipefish-498.jpg,0.05279189348220825
SegMaR/S2C,COD10K-CAM-1-Aquatic-13-Pipefish-499.jpg,0.015913615003228188
SegMaR/S2C,COD10K-CAM-1-Aquatic-13-Pipefish-504.jpg,0.022220663726329803
SegMaR/S2C,COD10K-CAM-1-Aquatic-13-Pipefish-505.jpg,0.030644170939922333
SegMaR/S2C,COD10K-CAM-1-Aquatic-13-Pipefish-506.jpg,0.022854939103126526
SegMaR/S2C,COD10K-CAM-1-Aquatic-13-Pipefish-507.jpg,0.013291635550558567
SegMaR/S2C,COD10K-CAM-1-Aquatic-13-Pipefish-509.jpg,0.005710291210561991
SegMaR/S2C,COD10K-CAM-1-Aquatic-13-Pipefish-511.jpg,0.0466403067111969
SegMaR/S2C,COD10K-CAM-1-Aquatic-13-Pipefish-512.jpg,0.04420549049973488
SegMaR/S2C,COD10K-CAM-1-Aquatic-13-Pipefish-513.jpg,0.0167765524238348
SegMaR/S2C,COD10K-CAM-1-Aquatic-13-Pipefish-514.jpg,0.014212256297469139
SegMaR/S2C,COD10K-CAM-1-Aquatic-13-Pipefish-516.jpg,0.013030653819441795
SegMaR/S2C,COD10K-CAM-1-Aquatic-13-Pipefish-519.jpg,0.023213841021060944
SegMaR/S2C,COD10K-CAM-1-Aquatic-13-Pipefish-523.jpg,0.06892111152410507
SegMaR/S2C,COD10K-CAM-1-Aquatic-13-Pipefish-524.jpg,0.021031159907579422
SegMaR/S2C,COD10K-CAM-1-Aquatic-13-Pipefish-525.jpg,0.024263152852654457
SegMaR/S2C,COD10K-CAM-1-Aquatic-13-Pipefish-526.jpg,0.05722525715827942
SegMaR/S2C,COD10K-CAM-1-Aquatic-13-Pipefish-530.jpg,0.018725663423538208
SegMaR/S2C,COD10K-CAM-1-Aquatic-13-Pipefish-533.jpg,0.034800514578819275
SegMaR/S2C,COD10K-CAM-1-Aquatic-13-Pipefish-538.jpg,0.03962424769997597
SegMaR/S2C,COD10K-CAM-1-Aquatic-13-Pipefish-540.jpg,0.023382630199193954
SegMaR/S2C,COD10K-CAM-1-Aquatic-13-Pipefish-541.jpg,0.013909709639847279
SegMaR/S2C,COD10K-CAM-1-Aquatic-13-Pipefish-543.jpg,0.008365605026483536
SegMaR/S2C,COD10K-CAM-1-Aquatic-13-Pipefish-545.jpg,0.030007310211658478
SegMaR/S2C,COD10K-CAM-1-Aquatic-13-Pipefish-548.jpg,0.06606769561767578
SegMaR/S2C,COD10K-CAM-1-Aquatic-13-Pipefish-550.jpg,0.0692334920167923
SegMaR/S2C,COD10K-CAM-1-Aquatic-13-Pipefish-551.jpg,0.014601362869143486
SegMaR/S2C,COD10K-CAM-1-Aquatic-13-Pipefish-552.jpg,0.07220838963985443
SegMaR/S2C,COD10K-CAM-1-Aquatic-13-Pipefish-553.jpg,0.026148810982704163
SegMaR/S2C,COD10K-CAM-1-Aquatic-13-Pipefish-555.jpg,0.009595743380486965
SegMaR/S2C,COD10K-CAM-1-Aquatic-13-Pipefish-558.jpg,0.008806767873466015
SegMaR/S2C,COD10K-CAM-1-Aquatic-13-Pipefish-561.jpg,0.013593802228569984
SegMaR/S2C,COD10K-CAM-1-Aquatic-13-Pipefish-562.jpg,0.060918308794498444
SegMaR/S2C,COD10K-CAM-1-Aquatic-13-Pipefish-564.jpg,0.012006071396172047
SegMaR/S2C,COD10K-CAM-1-Aquatic-13-Pipefish-565.jpg,0.07247690111398697
SegMaR/S2C,COD10K-CAM-1-Aquatic-13-Pipefish-569.jpg,0.05931750684976578
SegMaR/S2C,COD10K-CAM-1-Aquatic-13-Pipefish-572.jpg,0.007509389892220497
SegMaR/S2C,COD10K-CAM-1-Aquatic-13-Pipefish-574.jpg,0.0070371502079069614
SegMaR/S2C,COD10K-CAM-1-Aquatic-13-Pipefish-575.jpg,0.022393539547920227
SegMaR/S2C,COD10K-CAM-1-Aquatic-13-Pipefish-578.jpg,0.00610295869410038
SegMaR/S2C,COD10K-CAM-1-Aquatic-13-Pipefish-581.jpg,0.061074867844581604
SegMaR/S2C,COD10K-CAM-1-Aquatic-13-Pipefish-584.jpg,0.07198426127433777
SegMaR/S2C,COD10K-CAM-1-Aquatic-13-Pipefish-586.jpg,0.028364192694425583
SegMaR/S2C,COD10K-CAM-1-Aquatic-13-Pipefish-587.jpg,0.06313654035329819
SegMaR/S2C,COD10K-CAM-1-Aquatic-13-Pipefish-589.jpg,0.05227283388376236
SegMaR/S2C,COD10K-CAM-1-Aquatic-13-Pipefish-592.jpg,0.018315689638257027
SegMaR/S2C,COD10K-CAM-1-Aquatic-13-Pipefish-593.jpg,0.03207174688577652
SegMaR/S2C,COD10K-CAM-1-Aquatic-13-Pipefish-594.jpg,0.05923212692141533
SegMaR/S2C,COD10K-CAM-1-Aquatic-13-Pipefish-595.jpg,0.01373146940022707
SegMaR/S2C,COD10K-CAM-1-Aquatic-13-Pipefish-596.jpg,0.022626105695962906
SegMaR/S2C,COD10K-CAM-1-Aquatic-13-Pipefish-598.jpg,0.006572231184691191
SegMaR/S2C,COD10K-CAM-1-Aquatic-13-Pipefish-601.jpg,0.03435978665947914
SegMaR/S2C,COD10K-CAM-1-Aquatic-13-Pipefish-603.jpg,0.04137285053730011
SegMaR/S2C,COD10K-CAM-1-Aquatic-13-Pipefish-604.jpg,0.012431660667061806
SegMaR/S2C,COD10K-CAM-1-Aquatic-13-Pipefish-605.jpg,0.04649442061781883
SegMaR/S2C,COD10K-CAM-1-Aquatic-13-Pipefish-606.jpg,0.03549398481845856
SegMaR/S2C,COD10K-CAM-1-Aquatic-13-Pipefish-607.jpg,0.07888954132795334
SegMaR/S2C,COD10K-CAM-1-Aquatic-13-Pipefish-610.jpg,0.026699598878622055
SegMaR/S2C,COD10K-CAM-1-Aquatic-13-Pipefish-611.jpg,0.14757950603961945
SegMaR/S2C,COD10K-CAM-1-Aquatic-13-Pipefish-612.jpg,0.04127662628889084
SegMaR/S2C,COD10K-CAM-1-Aquatic-13-Pipefish-613.jpg,0.02428385242819786
SegMaR/S2C,COD10K-CAM-1-Aquatic-13-Pipefish-615.jpg,0.1532253921031952
SegMaR/S2C,COD10K-CAM-1-Aquatic-13-Pipefish-617.jpg,0.025073766708374023
SegMaR/S2C,COD10K-CAM-1-Aquatic-13-Pipefish-618.jpg,0.05901021510362625
SegMaR/S2C,COD10K-CAM-1-Aquatic-13-Pipefish-619.jpg,0.03293033689260483
SegMaR/S2C,COD10K-CAM-1-Aquatic-13-Pipefish-624.jpg,0.030491184443235397
SegMaR/S2C,COD10K-CAM-1-Aquatic-13-Pipefish-626.jpg,0.04401055723428726
SegMaR/S2C,COD10K-CAM-1-Aquatic-13-Pipefish-627.jpg,0.033882152289152145
SegMaR/S2C,COD10K-CAM-1-Aquatic-13-Pipefish-628.jpg,0.021797142922878265
SegMaR/S2C,COD10K-CAM-1-Aquatic-13-Pipefish-632.jpg,0.014880255796015263
SegMaR/S2C,COD10K-CAM-1-Aquatic-13-Pipefish-633.jpg,0.009834482334554195
SegMaR/S2C,COD10K-CAM-1-Aquatic-13-Pipefish-634.jpg,0.025636112317442894
SegMaR/S2C,COD10K-CAM-1-Aquatic-13-Pipefish-638.jpg,0.00961318053305149
SegMaR/S2C,COD10K-CAM-1-Aquatic-13-Pipefish-641.jpg,0.01118182297796011
SegMaR/S2C,COD10K-CAM-1-Aquatic-13-Pipefish-643.jpg,0.020098865032196045
SegMaR/S2C,COD10K-CAM-1-Aquatic-13-Pipefish-645.jpg,0.04146445915102959
SegMaR/S2C,COD10K-CAM-1-Aquatic-13-Pipefish-646.jpg,0.034207962453365326
SegMaR/S2C,COD10K-CAM-1-Aquatic-13-Pipefish-647.jpg,0.03293823450803757
SegMaR/S2C,COD10K-CAM-1-Aquatic-13-Pipefish-648.jpg,0.022582655772566795
SegMaR/S2C,COD10K-CAM-1-Aquatic-13-Pipefish-650.jpg,0.015505312010645866
SegMaR/S2C,COD10K-CAM-1-Aquatic-13-Pipefish-651.jpg,0.017605319619178772
SegMaR/S2C,COD10K-CAM-1-Aquatic-13-Pipefish-653.jpg,0.13062182068824768
SegMaR/S2C,COD10K-CAM-1-Aquatic-13-Pipefish-654.jpg,0.08413541316986084
SegMaR/S2C,COD10K-CAM-1-Aquatic-13-Pipefish-656.jpg,0.028139378875494003
SegMaR/S2C,COD10K-CAM-1-Aquatic-13-Pipefish-657.jpg,0.033917997032403946
SegMaR/S2C,COD10K-CAM-1-Aquatic-13-Pipefish-658.jpg,0.009824792854487896
SegMaR/S2C,COD10K-CAM-1-Aquatic-13-Pipefish-659.jpg,0.07934050261974335
SegMaR/S2C,COD10K-CAM-1-Aquatic-13-Pipefish-660.jpg,0.0369112603366375
SegMaR/S2C,COD10K-CAM-1-Aquatic-13-Pipefish-663.jpg,0.04415902495384216
SegMaR/S2C,COD10K-CAM-1-Aquatic-13-Pipefish-665.jpg,0.01943519525229931
SegMaR/S2C,COD10K-CAM-1-Aquatic-13-Pipefish-666.jpg,0.035226352512836456
SegMaR/S2C,COD10K-CAM-1-Aquatic-13-Pipefish-670.jpg,0.014734608121216297
SegMaR/S2C,COD10K-CAM-1-Aquatic-13-Pipefish-671.jpg,0.030027806758880615
SegMaR/S2C,COD10K-CAM-1-Aquatic-13-Pipefish-672.jpg,0.02696000412106514
SegMaR/S2C,COD10K-CAM-1-Aquatic-13-Pipefish-673.jpg,0.025403983891010284
SegMaR/S2C,COD10K-CAM-1-Aquatic-13-Pipefish-674.jpg,0.023900797590613365
SegMaR/S2C,COD10K-CAM-1-Aquatic-13-Pipefish-675.jpg,0.04723331332206726
SegMaR/S2C,COD10K-CAM-1-Aquatic-13-Pipefish-677.jpg,0.011525910347700119
SegMaR/S2C,COD10K-CAM-1-Aquatic-13-Pipefish-678.jpg,0.05639112740755081
SegMaR/S2C,COD10K-CAM-1-Aquatic-13-Pipefish-680.jpg,0.020919380709528923
SegMaR/S2C,COD10K-CAM-1-Aquatic-13-Pipefish-682.jpg,0.019491244107484818
SegMaR/S2C,COD10K-CAM-1-Aquatic-13-Pipefish-687.jpg,0.02385804057121277
SegMaR/S2C,COD10K-CAM-1-Aquatic-13-Pipefish-690.jpg,0.05637867748737335
SegMaR/S2C,COD10K-CAM-1-Aquatic-13-Pipefish-692.jpg,0.06231262534856796
SegMaR/S2C,COD10K-CAM-1-Aquatic-13-Pipefish-694.jpg,0.034559451043605804
SegMaR/S2C,COD10K-CAM-1-Aquatic-13-Pipefish-695.jpg,0.055120427161455154
SegMaR/S2C,COD10K-CAM-1-Aquatic-13-Pipefish-697.jpg,0.013500350527465343
SegMaR/S2C,COD10K-CAM-1-Aquatic-13-Pipefish-698.jpg,0.016039609909057617
SegMaR/S2C,COD10K-CAM-1-Aquatic-13-Pipefish-699.jpg,0.02234502136707306
SegMaR/S2C,COD10K-CAM-1-Aquatic-13-Pipefish-700.jpg,0.057365261018276215
SegMaR/S2C,COD10K-CAM-1-Aquatic-13-Pipefish-701.jpg,0.020584365352988243
SegMaR/S2C,COD10K-CAM-1-Aquatic-13-Pipefish-702.jpg,0.029409874230623245
SegMaR/S2C,COD10K-CAM-1-Aquatic-13-Pipefish-703.jpg,0.049231767654418945
SegMaR/S2C,COD10K-CAM-1-Aquatic-13-Pipefish-704.jpg,0.02938210591673851
SegMaR/S2C,COD10K-CAM-1-Aquatic-13-Pipefish-706.jpg,0.02892153151333332
SegMaR/S2C,COD10K-CAM-1-Aquatic-13-Pipefish-708.jpg,0.005081234034150839
SegMaR/S2C,COD10K-CAM-1-Aquatic-13-Pipefish-710.jpg,0.03379833698272705
SegMaR/S2C,COD10K-CAM-1-Aquatic-13-Pipefish-711.jpg,0.0148312421515584
SegMaR/S2C,COD10K-CAM-1-Aquatic-13-Pipefish-712.jpg,0.026833070442080498
SegMaR/S2C,COD10K-CAM-1-Aquatic-13-Pipefish-714.jpg,0.12334853410720825
SegMaR/S2C,COD10K-CAM-1-Aquatic-13-Pipefish-715.jpg,0.013103751465678215
SegMaR/S2C,COD10K-CAM-1-Aquatic-13-Pipefish-716.jpg,0.04412909969687462
SegMaR/S2C,COD10K-CAM-1-Aquatic-13-Pipefish-718.jpg,0.057380035519599915
SegMaR/S2C,COD10K-CAM-1-Aquatic-13-Pipefish-719.jpg,0.016800550743937492
SegMaR/S2C,COD10K-CAM-1-Aquatic-13-Pipefish-720.jpg,0.027676748111844063
SegMaR/S2C,COD10K-CAM-1-Aquatic-13-Pipefish-722.jpg,0.05358037352561951
SegMaR/S2C,COD10K-CAM-1-Aquatic-13-Pipefish-723.jpg,0.04743320867419243
SegMaR/S2C,COD10K-CAM-1-Aquatic-13-Pipefish-724.jpg,0.019621098414063454
SegMaR/S2C,COD10K-CAM-1-Aquatic-13-Pipefish-725.jpg,0.07111150026321411
SegMaR/S2C,COD10K-CAM-1-Aquatic-13-Pipefish-727.jpg,0.07975584268569946
SegMaR/S2C,COD10K-CAM-1-Aquatic-13-Pipefish-731.jpg,0.0792563408613205
SegMaR/S2C,COD10K-CAM-1-Aquatic-13-Pipefish-733.jpg,0.011736216023564339
SegMaR/S2C,COD10K-CAM-1-Aquatic-13-Pipefish-734.jpg,0.09395551681518555
SegMaR/S2C,COD10K-CAM-1-Aquatic-13-Pipefish-735.jpg,0.053286440670490265
SegMaR/S2C,COD10K-CAM-1-Aquatic-13-Pipefish-737.jpg,0.14952726662158966
SegMaR/S2C,COD10K-CAM-1-Aquatic-13-Pipefish-738.jpg,0.01900101639330387
SegMaR/S2C,COD10K-CAM-1-Aquatic-13-Pipefish-739.jpg,0.07467137277126312
SegMaR/S2C,COD10K-CAM-1-Aquatic-13-Pipefish-740.jpg,0.06863251328468323
SegMaR/S2C,COD10K-CAM-1-Aquatic-13-Pipefish-741.jpg,0.019735071808099747
SegMaR/S2C,COD10K-CAM-1-Aquatic-13-Pipefish-742.jpg,0.12512950599193573
SegMaR/S2C,COD10K-CAM-1-Aquatic-13-Pipefish-743.jpg,0.059121325612068176
SegMaR/S2C,COD10K-CAM-1-Aquatic-13-Pipefish-744.jpg,0.06049428880214691
SegMaR/S2C,COD10K-CAM-1-Aquatic-13-Pipefish-745.jpg,0.0504976361989975
SegMaR/S2C,COD10K-CAM-1-Aquatic-13-Pipefish-746.jpg,0.013412237167358398
SegMaR/S2C,COD10K-CAM-1-Aquatic-13-Pipefish-747.jpg,0.08275941759347916
SegMaR/S2C,COD10K-CAM-1-Aquatic-13-Pipefish-751.jpg,0.1054048240184784
SegMaR/S2C,COD10K-CAM-1-Aquatic-13-Pipefish-753.jpg,0.14156267046928406
SegMaR/S2C,COD10K-CAM-1-Aquatic-13-Pipefish-754.jpg,0.02996833249926567
SegMaR/S2C,COD10K-CAM-1-Aquatic-13-Pipefish-755.jpg,0.01344061829149723
SegMaR/S2C,COD10K-CAM-1-Aquatic-13-Pipefish-756.jpg,0.03255053609609604
SegMaR/S2C,COD10K-CAM-1-Aquatic-13-Pipefish-757.jpg,0.02824254333972931
SegMaR/S2C,COD10K-CAM-1-Aquatic-13-Pipefish-758.jpg,0.04926104098558426
SegMaR/S2C,COD10K-CAM-1-Aquatic-13-Pipefish-760.jpg,0.01732281967997551
SegMaR/S2C,COD10K-CAM-1-Aquatic-13-Pipefish-761.jpg,0.0229592677205801
SegMaR/S2C,COD10K-CAM-1-Aquatic-13-Pipefish-762.jpg,0.029716404154896736
SegMaR/S2C,COD10K-CAM-1-Aquatic-13-Pipefish-763.jpg,0.04111941158771515
SegMaR/S2C,COD10K-CAM-1-Aquatic-13-Pipefish-764.jpg,0.022338224574923515
SegMaR/S2C,COD10K-CAM-1-Aquatic-13-Pipefish-765.jpg,0.0050751445814967155
SegMaR/S2C,COD10K-CAM-1-Aquatic-13-Pipefish-766.jpg,0.02996763400733471
SegMaR/S2C,COD10K-CAM-1-Aquatic-13-Pipefish-767.jpg,0.029431791976094246
SegMaR/S2C,COD10K-CAM-1-Aquatic-13-Pipefish-768.jpg,0.018460044637322426
SegMaR/S2C,COD10K-CAM-1-Aquatic-13-Pipefish-770.jpg,0.03592891991138458
SegMaR/S2C,COD10K-CAM-1-Aquatic-13-Pipefish-771.jpg,0.013631870970129967
SegMaR/S2C,COD10K-CAM-1-Aquatic-13-Pipefish-773.jpg,0.02417157217860222
SegMaR/S2C,COD10K-CAM-1-Aquatic-13-Pipefish-775.jpg,0.011823438107967377
SegMaR/S2C,COD10K-CAM-1-Aquatic-13-Pipefish-778.jpg,0.0502186119556427
SegMaR/S2C,COD10K-CAM-1-Aquatic-13-Pipefish-779.jpg,0.054951947182416916
SegMaR/S2C,COD10K-CAM-1-Aquatic-13-Pipefish-780.jpg,0.0482385978102684
SegMaR/S2C,COD10K-CAM-1-Aquatic-13-Pipefish-782.jpg,0.02015913650393486
SegMaR/S2C,COD10K-CAM-1-Aquatic-13-Pipefish-783.jpg,0.09710143506526947
SegMaR/S2C,COD10K-CAM-1-Aquatic-13-Pipefish-784.jpg,0.01961580291390419
SegMaR/S2C,COD10K-CAM-1-Aquatic-13-Pipefish-785.jpg,0.02908790484070778
SegMaR/S2C,COD10K-CAM-1-Aquatic-13-Pipefish-786.jpg,0.009068327955901623
SegMaR/S2C,COD10K-CAM-1-Aquatic-13-Pipefish-787.jpg,0.028069816529750824
SegMaR/S2C,COD10K-CAM-1-Aquatic-13-Pipefish-790.jpg,0.06796033680438995
SegMaR/S2C,COD10K-CAM-1-Aquatic-13-Pipefish-791.jpg,0.049721211194992065
SegMaR/S2C,COD10K-CAM-1-Aquatic-13-Pipefish-792.jpg,0.04113242030143738
SegMaR/S2C,COD10K-CAM-1-Aquatic-13-Pipefish-793.jpg,0.06693515181541443
SegMaR/S2C,COD10K-CAM-1-Aquatic-13-Pipefish-794.jpg,0.020775558426976204
SegMaR/S2C,COD10K-CAM-1-Aquatic-13-Pipefish-796.jpg,0.06646326929330826
SegMaR/S2C,COD10K-CAM-1-Aquatic-13-Pipefish-797.jpg,0.0274655744433403
SegMaR/S2C,COD10K-CAM-1-Aquatic-13-Pipefish-798.jpg,0.012113649398088455
SegMaR/S2C,COD10K-CAM-1-Aquatic-13-Pipefish-799.jpg,0.10470631718635559
SegMaR/S2C,COD10K-CAM-1-Aquatic-13-Pipefish-801.jpg,0.014777671545743942
SegMaR/S2C,COD10K-CAM-1-Aquatic-13-Pipefish-802.jpg,0.028563078492879868
SegMaR/S2C,COD10K-CAM-1-Aquatic-13-Pipefish-803.jpg,0.06464271992444992
SegMaR/S2C,COD10K-CAM-1-Aquatic-13-Pipefish-805.jpg,0.06233557313680649
SegMaR/S2C,COD10K-CAM-1-Aquatic-13-Pipefish-806.jpg,0.07145382463932037
SegMaR/S2C,COD10K-CAM-1-Aquatic-13-Pipefish-808.jpg,0.05285044386982918
SegMaR/S2C,COD10K-CAM-1-Aquatic-13-Pipefish-809.jpg,0.01935989037156105
SegMaR/S2C,COD10K-CAM-1-Aquatic-13-Pipefish-811.jpg,0.040530577301979065
SegMaR/S2C,COD10K-CAM-1-Aquatic-13-Pipefish-812.jpg,0.017639029771089554
SegMaR/S2C,COD10K-CAM-1-Aquatic-13-Pipefish-814.jpg,0.023456353694200516
SegMaR/S2C,COD10K-CAM-1-Aquatic-13-Pipefish-815.jpg,0.013070865534245968
SegMaR/S2C,COD10K-CAM-1-Aquatic-13-Pipefish-816.jpg,0.030000152066349983
SegMaR/S2C,COD10K-CAM-1-Aquatic-13-Pipefish-817.jpg,0.013678418472409248
SegMaR/S2C,COD10K-CAM-1-Aquatic-13-Pipefish-819.jpg,0.009738180786371231
SegMaR/S2C,COD10K-CAM-1-Aquatic-13-Pipefish-820.jpg,0.03563518077135086
SegMaR/S2C,COD10K-CAM-1-Aquatic-13-Pipefish-821.jpg,0.024183236062526703
SegMaR/S2C,COD10K-CAM-1-Aquatic-13-Pipefish-822.jpg,0.00790081825107336
SegMaR/S2C,COD10K-CAM-1-Aquatic-13-Pipefish-823.jpg,0.018825864419341087
SegMaR/S2C,COD10K-CAM-1-Aquatic-13-Pipefish-824.jpg,0.03925430029630661
SegMaR/S2C,COD10K-CAM-1-Aquatic-13-Pipefish-825.jpg,0.0969778522849083
SegMaR/S2C,COD10K-CAM-1-Aquatic-13-Pipefish-827.jpg,0.018451977521181107
SegMaR/S2C,COD10K-CAM-1-Aquatic-13-Pipefish-828.jpg,0.05732742324471474
SegMaR/S2C,COD10K-CAM-1-Aquatic-13-Pipefish-829.jpg,0.11730413138866425
SegMaR/S2C,COD10K-CAM-1-Aquatic-13-Pipefish-831.jpg,0.032100699841976166
SegMaR/S2C,COD10K-CAM-1-Aquatic-13-Pipefish-834.jpg,0.009864026680588722
SegMaR/S2C,COD10K-CAM-1-Aquatic-13-Pipefish-838.jpg,0.03886919468641281
SegMaR/S2C,COD10K-CAM-1-Aquatic-13-Pipefish-839.jpg,0.026942338794469833
SegMaR/S2C,COD10K-CAM-1-Aquatic-13-Pipefish-840.jpg,0.024394821375608444
SegMaR/S2C,COD10K-CAM-1-Aquatic-14-ScorpionFish-846.jpg,0.03082691691815853
SegMaR/S2C,COD10K-CAM-1-Aquatic-14-ScorpionFish-847.jpg,0.043536268174648285
SegMaR/S2C,COD10K-CAM-1-Aquatic-14-ScorpionFish-849.jpg,0.05297166481614113
SegMaR/S2C,COD10K-CAM-1-Aquatic-14-ScorpionFish-851.jpg,0.016759054735302925
SegMaR/S2C,COD10K-CAM-1-Aquatic-14-ScorpionFish-852.jpg,0.06131179630756378
SegMaR/S2C,COD10K-CAM-1-Aquatic-14-ScorpionFish-856.jpg,0.03458325192332268
SegMaR/S2C,COD10K-CAM-1-Aquatic-14-ScorpionFish-857.jpg,0.049785252660512924
SegMaR/S2C,COD10K-CAM-1-Aquatic-14-ScorpionFish-859.jpg,0.022016961127519608
SegMaR/S2C,COD10K-CAM-1-Aquatic-14-ScorpionFish-860.jpg,0.06121465563774109
SegMaR/S2C,COD10K-CAM-1-Aquatic-14-ScorpionFish-861.jpg,0.03446580469608307
SegMaR/S2C,COD10K-CAM-1-Aquatic-14-ScorpionFish-864.jpg,0.03188018500804901
SegMaR/S2C,COD10K-CAM-1-Aquatic-14-ScorpionFish-866.jpg,0.044362396001815796
SegMaR/S2C,COD10K-CAM-1-Aquatic-14-ScorpionFish-870.jpg,0.08573673665523529
SegMaR/S2C,COD10K-CAM-1-Aquatic-14-ScorpionFish-871.jpg,0.02540762722492218
SegMaR/S2C,COD10K-CAM-1-Aquatic-14-ScorpionFish-875.jpg,0.08865337818861008
SegMaR/S2C,COD10K-CAM-1-Aquatic-14-ScorpionFish-876.jpg,0.03760585933923721
SegMaR/S2C,COD10K-CAM-1-Aquatic-14-ScorpionFish-877.jpg,0.02610553428530693
SegMaR/S2C,COD10K-CAM-1-Aquatic-14-ScorpionFish-878.jpg,0.02391747571527958
SegMaR/S2C,COD10K-CAM-1-Aquatic-14-ScorpionFish-880.jpg,0.13654690980911255
SegMaR/S2C,COD10K-CAM-1-Aquatic-14-ScorpionFish-882.jpg,0.08254425972700119
SegMaR/S2C,COD10K-CAM-1-Aquatic-14-ScorpionFish-885.jpg,0.11595737934112549
SegMaR/S2C,COD10K-CAM-1-Aquatic-14-ScorpionFish-886.jpg,0.03683283552527428
SegMaR/S2C,COD10K-CAM-1-Aquatic-14-ScorpionFish-887.jpg,0.024289727210998535
SegMaR/S2C,COD10K-CAM-1-Aquatic-14-ScorpionFish-888.jpg,0.02678416483104229
SegMaR/S2C,COD10K-CAM-1-Aquatic-14-ScorpionFish-890.jpg,0.2919681966304779
SegMaR/S2C,COD10K-CAM-1-Aquatic-14-ScorpionFish-893.jpg,0.039132580161094666
SegMaR/S2C,COD10K-CAM-1-Aquatic-14-ScorpionFish-894.jpg,0.030136309564113617
SegMaR/S2C,COD10K-CAM-1-Aquatic-14-ScorpionFish-895.jpg,0.02963446080684662
SegMaR/S2C,COD10K-CAM-1-Aquatic-14-ScorpionFish-902.jpg,0.02809535153210163
SegMaR/S2C,COD10K-CAM-1-Aquatic-14-ScorpionFish-903.jpg,0.020071502774953842
SegMaR/S2C,COD10K-CAM-1-Aquatic-14-ScorpionFish-904.jpg,0.030729159712791443
SegMaR/S2C,COD10K-CAM-1-Aquatic-14-ScorpionFish-905.jpg,0.022906549274921417
SegMaR/S2C,COD10K-CAM-1-Aquatic-14-ScorpionFish-908.jpg,0.057752933353185654
SegMaR/S2C,COD10K-CAM-1-Aquatic-14-ScorpionFish-909.jpg,0.04529418796300888
SegMaR/S2C,COD10K-CAM-1-Aquatic-14-ScorpionFish-910.jpg,0.0820048376917839
SegMaR/S2C,COD10K-CAM-1-Aquatic-14-ScorpionFish-912.jpg,0.07747742533683777
SegMaR/S2C,COD10K-CAM-1-Aquatic-14-ScorpionFish-913.jpg,0.03803710639476776
SegMaR/S2C,COD10K-CAM-1-Aquatic-14-ScorpionFish-914.jpg,0.024436917155981064
SegMaR/S2C,COD10K-CAM-1-Aquatic-14-ScorpionFish-916.jpg,0.022988539189100266
SegMaR/S2C,COD10K-CAM-1-Aquatic-14-ScorpionFish-917.jpg,0.04274160414934158
SegMaR/S2C,COD10K-CAM-1-Aquatic-14-ScorpionFish-920.jpg,0.047097623348236084
SegMaR/S2C,COD10K-CAM-1-Aquatic-14-ScorpionFish-921.jpg,0.033031221479177475
SegMaR/S2C,COD10K-CAM-1-Aquatic-14-ScorpionFish-922.jpg,0.03822222724556923
SegMaR/S2C,COD10K-CAM-1-Aquatic-14-ScorpionFish-923.jpg,0.07979114353656769
SegMaR/S2C,COD10K-CAM-1-Aquatic-14-ScorpionFish-924.jpg,0.03918347507715225
SegMaR/S2C,COD10K-CAM-1-Aquatic-14-ScorpionFish-925.jpg,0.031548477709293365
SegMaR/S2C,COD10K-CAM-1-Aquatic-14-ScorpionFish-927.jpg,0.02789529226720333
SegMaR/S2C,COD10K-CAM-1-Aquatic-14-ScorpionFish-929.jpg,0.029151491820812225
SegMaR/S2C,COD10K-CAM-1-Aquatic-14-ScorpionFish-931.jpg,0.044663794338703156
SegMaR/S2C,COD10K-CAM-1-Aquatic-14-ScorpionFish-932.jpg,0.020159605890512466
SegMaR/S2C,COD10K-CAM-1-Aquatic-14-ScorpionFish-933.jpg,0.03626463562250137
SegMaR/S2C,COD10K-CAM-1-Aquatic-14-ScorpionFish-937.jpg,0.009143232367932796
SegMaR/S2C,COD10K-CAM-1-Aquatic-14-ScorpionFish-938.jpg,0.05802488327026367
SegMaR/S2C,COD10K-CAM-1-Aquatic-14-ScorpionFish-941.jpg,0.03258165717124939
SegMaR/S2C,COD10K-CAM-1-Aquatic-14-ScorpionFish-942.jpg,0.03460086137056351
SegMaR/S2C,COD10K-CAM-1-Aquatic-14-ScorpionFish-944.jpg,0.0718049630522728
SegMaR/S2C,COD10K-CAM-1-Aquatic-14-ScorpionFish-946.jpg,0.06373339146375656
SegMaR/S2C,COD10K-CAM-1-Aquatic-14-ScorpionFish-947.jpg,0.09438242018222809
SegMaR/S2C,COD10K-CAM-1-Aquatic-14-ScorpionFish-948.jpg,0.08099152892827988
SegMaR/S2C,COD10K-CAM-1-Aquatic-14-ScorpionFish-949.jpg,0.015240687876939774
SegMaR/S2C,COD10K-CAM-1-Aquatic-14-ScorpionFish-951.jpg,0.035847730934619904
SegMaR/S2C,COD10K-CAM-1-Aquatic-14-ScorpionFish-952.jpg,0.08511494845151901
SegMaR/S2C,COD10K-CAM-1-Aquatic-14-ScorpionFish-953.jpg,0.055108360946178436
SegMaR/S2C,COD10K-CAM-1-Aquatic-14-ScorpionFish-955.jpg,0.03063841350376606
SegMaR/S2C,COD10K-CAM-1-Aquatic-14-ScorpionFish-956.jpg,0.046190232038497925
SegMaR/S2C,COD10K-CAM-1-Aquatic-14-ScorpionFish-957.jpg,0.017196547240018845
SegMaR/S2C,COD10K-CAM-1-Aquatic-14-ScorpionFish-958.jpg,0.07547463476657867
SegMaR/S2C,COD10K-CAM-1-Aquatic-15-SeaHorse-1000.jpg,0.030509594827890396
SegMaR/S2C,COD10K-CAM-1-Aquatic-15-SeaHorse-1001.jpg,0.039692193269729614
SegMaR/S2C,COD10K-CAM-1-Aquatic-15-SeaHorse-1005.jpg,0.06390026956796646
SegMaR/S2C,COD10K-CAM-1-Aquatic-15-SeaHorse-1007.jpg,0.03639129921793938
SegMaR/S2C,COD10K-CAM-1-Aquatic-15-SeaHorse-1008.jpg,0.04320326820015907
SegMaR/S2C,COD10K-CAM-1-Aquatic-15-SeaHorse-1009.jpg,0.005853678099811077
SegMaR/S2C,COD10K-CAM-1-Aquatic-15-SeaHorse-1011.jpg,0.004526928998529911
SegMaR/S2C,COD10K-CAM-1-Aquatic-15-SeaHorse-1016.jpg,0.06538114696741104
SegMaR/S2C,COD10K-CAM-1-Aquatic-15-SeaHorse-1017.jpg,0.035043518990278244
SegMaR/S2C,COD10K-CAM-1-Aquatic-15-SeaHorse-1018.jpg,0.021307963877916336
SegMaR/S2C,COD10K-CAM-1-Aquatic-15-SeaHorse-1019.jpg,0.018259350210428238
SegMaR/S2C,COD10K-CAM-1-Aquatic-15-SeaHorse-1020.jpg,0.019505977630615234
SegMaR/S2C,COD10K-CAM-1-Aquatic-15-SeaHorse-1021.jpg,0.02318062074482441
SegMaR/S2C,COD10K-CAM-1-Aquatic-15-SeaHorse-1024.jpg,0.03693220019340515
SegMaR/S2C,COD10K-CAM-1-Aquatic-15-SeaHorse-1025.jpg,0.0067631821148097515
SegMaR/S2C,COD10K-CAM-1-Aquatic-15-SeaHorse-1026.jpg,0.06900448352098465
SegMaR/S2C,COD10K-CAM-1-Aquatic-15-SeaHorse-1027.jpg,0.04245710000395775
SegMaR/S2C,COD10K-CAM-1-Aquatic-15-SeaHorse-1028.jpg,0.022904541343450546
SegMaR/S2C,COD10K-CAM-1-Aquatic-15-SeaHorse-1029.jpg,0.01602287031710148
SegMaR/S2C,COD10K-CAM-1-Aquatic-15-SeaHorse-1030.jpg,0.0316058024764061
SegMaR/S2C,COD10K-CAM-1-Aquatic-15-SeaHorse-1031.jpg,0.012944507412612438
SegMaR/S2C,COD10K-CAM-1-Aquatic-15-SeaHorse-1033.jpg,0.02360517345368862
SegMaR/S2C,COD10K-CAM-1-Aquatic-15-SeaHorse-1034.jpg,0.08206735551357269
SegMaR/S2C,COD10K-CAM-1-Aquatic-15-SeaHorse-1036.jpg,0.04788447916507721
SegMaR/S2C,COD10K-CAM-1-Aquatic-15-SeaHorse-1037.jpg,0.031193137168884277
SegMaR/S2C,COD10K-CAM-1-Aquatic-15-SeaHorse-1038.jpg,0.01754883863031864
SegMaR/S2C,COD10K-CAM-1-Aquatic-15-SeaHorse-1039.jpg,0.05562598258256912
SegMaR/S2C,COD10K-CAM-1-Aquatic-15-SeaHorse-1040.jpg,0.036689095199108124
SegMaR/S2C,COD10K-CAM-1-Aquatic-15-SeaHorse-1041.jpg,0.019715093076229095
SegMaR/S2C,COD10K-CAM-1-Aquatic-15-SeaHorse-1042.jpg,0.04235934466123581
SegMaR/S2C,COD10K-CAM-1-Aquatic-15-SeaHorse-1045.jpg,0.06406014412641525
SegMaR/S2C,COD10K-CAM-1-Aquatic-15-SeaHorse-1046.jpg,0.02948775142431259
SegMaR/S2C,COD10K-CAM-1-Aquatic-15-SeaHorse-1049.jpg,0.02030586451292038
SegMaR/S2C,COD10K-CAM-1-Aquatic-15-SeaHorse-1050.jpg,0.05647463724017143
SegMaR/S2C,COD10K-CAM-1-Aquatic-15-SeaHorse-1051.jpg,0.01604115217924118
SegMaR/S2C,COD10K-CAM-1-Aquatic-15-SeaHorse-1053.jpg,0.02314743958413601
SegMaR/S2C,COD10K-CAM-1-Aquatic-15-SeaHorse-1054.jpg,0.1863940954208374
SegMaR/S2C,COD10K-CAM-1-Aquatic-15-SeaHorse-1055.jpg,0.03413958474993706
SegMaR/S2C,COD10K-CAM-1-Aquatic-15-SeaHorse-1056.jpg,0.12337910383939743
SegMaR/S2C,COD10K-CAM-1-Aquatic-15-SeaHorse-1058.jpg,0.019599121063947678
SegMaR/S2C,COD10K-CAM-1-Aquatic-15-SeaHorse-1059.jpg,0.05073447525501251
SegMaR/S2C,COD10K-CAM-1-Aquatic-15-SeaHorse-1060.jpg,0.08980260789394379
SegMaR/S2C,COD10K-CAM-1-Aquatic-15-SeaHorse-1061.jpg,0.06711521744728088
SegMaR/S2C,COD10K-CAM-1-Aquatic-15-SeaHorse-1062.jpg,0.04029511287808418
SegMaR/S2C,COD10K-CAM-1-Aquatic-15-SeaHorse-1064.jpg,0.01660775952041149
SegMaR/S2C,COD10K-CAM-1-Aquatic-15-SeaHorse-1065.jpg,0.03292210400104523
SegMaR/S2C,COD10K-CAM-1-Aquatic-15-SeaHorse-1068.jpg,0.008597430773079395
SegMaR/S2C,COD10K-CAM-1-Aquatic-15-SeaHorse-1072.jpg,0.02823953703045845
SegMaR/S2C,COD10K-CAM-1-Aquatic-15-SeaHorse-1073.jpg,0.03017275035381317
SegMaR/S2C,COD10K-CAM-1-Aquatic-15-SeaHorse-1075.jpg,0.029091954231262207
SegMaR/S2C,COD10K-CAM-1-Aquatic-15-SeaHorse-1077.jpg,0.05693713203072548
SegMaR/S2C,COD10K-CAM-1-Aquatic-15-SeaHorse-1079.jpg,0.09597021341323853
SegMaR/S2C,COD10K-CAM-1-Aquatic-15-SeaHorse-1080.jpg,0.019215986132621765
SegMaR/S2C,COD10K-CAM-1-Aquatic-15-SeaHorse-1081.jpg,0.07499057054519653
SegMaR/S2C,COD10K-CAM-1-Aquatic-15-SeaHorse-1082.jpg,0.029294684529304504
SegMaR/S2C,COD10K-CAM-1-Aquatic-15-SeaHorse-1084.jpg,0.07431432604789734
SegMaR/S2C,COD10K-CAM-1-Aquatic-15-SeaHorse-1087.jpg,0.009896760806441307
SegMaR/S2C,COD10K-CAM-1-Aquatic-15-SeaHorse-1089.jpg,0.0422695092856884
SegMaR/S2C,COD10K-CAM-1-Aquatic-15-SeaHorse-1090.jpg,0.08455844223499298
SegMaR/S2C,COD10K-CAM-1-Aquatic-15-SeaHorse-1091.jpg,0.008529731072485447
SegMaR/S2C,COD10K-CAM-1-Aquatic-15-SeaHorse-1093.jpg,0.03197375312447548
SegMaR/S2C,COD10K-CAM-1-Aquatic-15-SeaHorse-1094.jpg,0.015364520251750946
SegMaR/S2C,COD10K-CAM-1-Aquatic-15-SeaHorse-1095.jpg,0.00909529160708189
SegMaR/S2C,COD10K-CAM-1-Aquatic-15-SeaHorse-1097.jpg,0.037696462124586105
SegMaR/S2C,COD10K-CAM-1-Aquatic-15-SeaHorse-1098.jpg,0.03189648315310478
SegMaR/S2C,COD10K-CAM-1-Aquatic-15-SeaHorse-1100.jpg,0.025224465876817703
SegMaR/S2C,COD10K-CAM-1-Aquatic-15-SeaHorse-1101.jpg,0.07841148972511292
SegMaR/S2C,COD10K-CAM-1-Aquatic-15-SeaHorse-1102.jpg,0.020202331244945526
SegMaR/S2C,COD10K-CAM-1-Aquatic-15-SeaHorse-1103.jpg,0.03149082884192467
SegMaR/S2C,COD10K-CAM-1-Aquatic-15-SeaHorse-1104.jpg,0.03724350035190582
SegMaR/S2C,COD10K-CAM-1-Aquatic-15-SeaHorse-1106.jpg,0.011759745888411999
SegMaR/S2C,COD10K-CAM-1-Aquatic-15-SeaHorse-1107.jpg,0.021858276799321175
SegMaR/S2C,COD10K-CAM-1-Aquatic-15-SeaHorse-1108.jpg,0.10870201885700226
SegMaR/S2C,COD10K-CAM-1-Aquatic-15-SeaHorse-1111.jpg,0.06728978455066681
SegMaR/S2C,COD10K-CAM-1-Aquatic-15-SeaHorse-1112.jpg,0.03405700996518135
SegMaR/S2C,COD10K-CAM-1-Aquatic-15-SeaHorse-959.jpg,0.09179449826478958
SegMaR/S2C,COD10K-CAM-1-Aquatic-15-SeaHorse-960.jpg,0.11820293217897415
SegMaR/S2C,COD10K-CAM-1-Aquatic-15-SeaHorse-961.jpg,0.07035572826862335
SegMaR/S2C,COD10K-CAM-1-Aquatic-15-SeaHorse-964.jpg,0.1418728232383728
SegMaR/S2C,COD10K-CAM-1-Aquatic-15-SeaHorse-965.jpg,0.026239490136504173
SegMaR/S2C,COD10K-CAM-1-Aquatic-15-SeaHorse-967.jpg,0.10857583582401276
SegMaR/S2C,COD10K-CAM-1-Aquatic-15-SeaHorse-968.jpg,0.06998547911643982
SegMaR/S2C,COD10K-CAM-1-Aquatic-15-SeaHorse-969.jpg,0.05123830586671829
SegMaR/S2C,COD10K-CAM-1-Aquatic-15-SeaHorse-970.jpg,0.19204580783843994
SegMaR/S2C,COD10K-CAM-1-Aquatic-15-SeaHorse-971.jpg,0.05442042648792267
SegMaR/S2C,COD10K-CAM-1-Aquatic-15-SeaHorse-973.jpg,0.053971171379089355
SegMaR/S2C,COD10K-CAM-1-Aquatic-15-SeaHorse-974.jpg,0.06543684750795364
SegMaR/S2C,COD10K-CAM-1-Aquatic-15-SeaHorse-975.jpg,0.03448615223169327
SegMaR/S2C,COD10K-CAM-1-Aquatic-15-SeaHorse-976.jpg,0.03179279342293739
SegMaR/S2C,COD10K-CAM-1-Aquatic-15-SeaHorse-979.jpg,0.023889921605587006
SegMaR/S2C,COD10K-CAM-1-Aquatic-15-SeaHorse-982.jpg,0.08399896323680878
SegMaR/S2C,COD10K-CAM-1-Aquatic-15-SeaHorse-985.jpg,0.06858666241168976
SegMaR/S2C,COD10K-CAM-1-Aquatic-15-SeaHorse-987.jpg,0.03676806390285492
SegMaR/S2C,COD10K-CAM-1-Aquatic-15-SeaHorse-988.jpg,0.048183467239141464
SegMaR/S2C,COD10K-CAM-1-Aquatic-15-SeaHorse-991.jpg,0.032899849116802216
SegMaR/S2C,COD10K-CAM-1-Aquatic-15-SeaHorse-993.jpg,0.03489803895354271
SegMaR/S2C,COD10K-CAM-1-Aquatic-15-SeaHorse-994.jpg,0.07353843003511429
SegMaR/S2C,COD10K-CAM-1-Aquatic-15-SeaHorse-995.jpg,0.014276370406150818
SegMaR/S2C,COD10K-CAM-1-Aquatic-15-SeaHorse-998.jpg,0.04034971445798874
SegMaR/S2C,COD10K-CAM-1-Aquatic-16-Shrimp-1113.jpg,0.07602275907993317
SegMaR/S2C,COD10K-CAM-1-Aquatic-16-Shrimp-1114.jpg,0.01770373433828354
SegMaR/S2C,COD10K-CAM-1-Aquatic-16-Shrimp-1118.jpg,0.2141612023115158
SegMaR/S2C,COD10K-CAM-1-Aquatic-16-Shrimp-1122.jpg,0.01663103699684143
SegMaR/S2C,COD10K-CAM-1-Aquatic-16-Shrimp-1124.jpg,0.052850838750600815
SegMaR/S2C,COD10K-CAM-1-Aquatic-16-Shrimp-1125.jpg,0.024363486096262932
SegMaR/S2C,COD10K-CAM-1-Aquatic-16-Shrimp-1126.jpg,0.15438902378082275
SegMaR/S2C,COD10K-CAM-1-Aquatic-16-Shrimp-1127.jpg,0.19668586552143097
SegMaR/S2C,COD10K-CAM-1-Aquatic-16-Shrimp-1129.jpg,0.014146734960377216
SegMaR/S2C,COD10K-CAM-1-Aquatic-16-Shrimp-1131.jpg,0.02487141266465187
SegMaR/S2C,COD10K-CAM-1-Aquatic-16-Shrimp-1132.jpg,0.0058637093752622604
SegMaR/S2C,COD10K-CAM-1-Aquatic-16-Shrimp-1133.jpg,0.04755553975701332
SegMaR/S2C,COD10K-CAM-1-Aquatic-16-Shrimp-1134.jpg,0.019127344712615013
SegMaR/S2C,COD10K-CAM-1-Aquatic-16-Shrimp-1135.jpg,0.017445743083953857
SegMaR/S2C,COD10K-CAM-1-Aquatic-16-Shrimp-1136.jpg,0.02365267276763916
SegMaR/S2C,COD10K-CAM-1-Aquatic-16-Shrimp-1137.jpg,0.059261783957481384
SegMaR/S2C,COD10K-CAM-1-Aquatic-16-Shrimp-1138.jpg,0.0368039533495903
SegMaR/S2C,COD10K-CAM-1-Aquatic-16-Shrimp-1139.jpg,0.02437761053442955
SegMaR/S2C,COD10K-CAM-1-Aquatic-16-Shrimp-1141.jpg,0.009283932857215405
SegMaR/S2C,COD10K-CAM-1-Aquatic-16-Shrimp-1143.jpg,0.004880840890109539
SegMaR/S2C,COD10K-CAM-1-Aquatic-16-Shrimp-1144.jpg,0.028350330889225006
SegMaR/S2C,COD10K-CAM-1-Aquatic-16-Shrimp-1146.jpg,0.06152144819498062
SegMaR/S2C,COD10K-CAM-1-Aquatic-16-Shrimp-1147.jpg,0.07665412127971649
SegMaR/S2C,COD10K-CAM-1-Aquatic-17-Slug-1148.jpg,0.06071086972951889
SegMaR/S2C,COD10K-CAM-1-Aquatic-17-Slug-1150.jpg,0.08924132585525513
SegMaR/S2C,COD10K-CAM-1-Aquatic-17-Slug-1152.jpg,0.04535985738039017
SegMaR/S2C,COD10K-CAM-1-Aquatic-18-StarFish-1153.jpg,0.028632165864109993
SegMaR/S2C,COD10K-CAM-1-Aquatic-18-StarFish-1154.jpg,0.005448164884001017
SegMaR/S2C,COD10K-CAM-1-Aquatic-18-StarFish-1155.jpg,0.006753820925951004
SegMaR/S2C,COD10K-CAM-1-Aquatic-18-StarFish-1156.jpg,0.036593370139598846
SegMaR/S2C,COD10K-CAM-1-Aquatic-18-StarFish-1157.jpg,0.14822134375572205
SegMaR/S2C,COD10K-CAM-1-Aquatic-18-StarFish-1158.jpg,0.023365173488855362
SegMaR/S2C,COD10K-CAM-1-Aquatic-18-StarFish-1159.jpg,0.0204632468521595
SegMaR/S2C,COD10K-CAM-1-Aquatic-18-StarFish-1160.jpg,0.03342079371213913
SegMaR/S2C,COD10K-CAM-1-Aquatic-18-StarFish-1163.jpg,0.04709714651107788
SegMaR/S2C,COD10K-CAM-1-Aquatic-18-StarFish-1165.jpg,0.030401110649108887
SegMaR/S2C,COD10K-CAM-1-Aquatic-18-StarFish-1166.jpg,0.13695979118347168
SegMaR/S2C,COD10K-CAM-1-Aquatic-18-StarFish-1167.jpg,0.025477943941950798
SegMaR/S2C,COD10K-CAM-1-Aquatic-18-StarFish-1168.jpg,0.00673647178336978
SegMaR/S2C,COD10K-CAM-1-Aquatic-18-StarFish-1169.jpg,0.018407322466373444
SegMaR/S2C,COD10K-CAM-1-Aquatic-18-StarFish-1170.jpg,0.01176214125007391
SegMaR/S2C,COD10K-CAM-1-Aquatic-18-StarFish-1172.jpg,0.011904267594218254
SegMaR/S2C,COD10K-CAM-1-Aquatic-18-StarFish-1174.jpg,0.060277096927165985
SegMaR/S2C,COD10K-CAM-1-Aquatic-18-StarFish-1175.jpg,0.024883709847927094
SegMaR/S2C,COD10K-CAM-1-Aquatic-18-StarFish-1176.jpg,0.03280893340706825
SegMaR/S2C,COD10K-CAM-1-Aquatic-18-StarFish-1179.jpg,0.02393275685608387
SegMaR/S2C,COD10K-CAM-1-Aquatic-18-StarFish-1180.jpg,0.014187212102115154
SegMaR/S2C,COD10K-CAM-1-Aquatic-18-StarFish-1182.jpg,0.03909599781036377
SegMaR/S2C,COD10K-CAM-1-Aquatic-18-StarFish-1184.jpg,0.03819980472326279
SegMaR/S2C,COD10K-CAM-1-Aquatic-19-Stingaree-1185.jpg,0.045171450823545456
SegMaR/S2C,COD10K-CAM-1-Aquatic-19-Stingaree-1187.jpg,0.011393571272492409
SegMaR/S2C,COD10K-CAM-1-Aquatic-19-Stingaree-1188.jpg,0.1055203229188919
SegMaR/S2C,COD10K-CAM-1-Aquatic-19-Stingaree-1189.jpg,0.048965588212013245
SegMaR/S2C,COD10K-CAM-1-Aquatic-19-Stingaree-1193.jpg,0.011841677129268646
SegMaR/S2C,COD10K-CAM-1-Aquatic-19-Stingaree-1194.jpg,0.03611414134502411
SegMaR/S2C,COD10K-CAM-1-Aquatic-19-Stingaree-1195.jpg,0.07689095288515091
SegMaR/S2C,COD10K-CAM-1-Aquatic-19-Stingaree-1196.jpg,0.05739080160856247
SegMaR/S2C,COD10K-CAM-1-Aquatic-19-Stingaree-1199.jpg,0.020033298060297966
SegMaR/S2C,COD10K-CAM-1-Aquatic-19-Stingaree-1200.jpg,0.043639130890369415
SegMaR/S2C,COD10K-CAM-1-Aquatic-19-Stingaree-1201.jpg,0.029309041798114777
SegMaR/S2C,COD10K-CAM-1-Aquatic-19-Stingaree-1202.jpg,0.026070961728692055
SegMaR/S2C,COD10K-CAM-1-Aquatic-19-Stingaree-1205.jpg,0.03223816677927971
SegMaR/S2C,COD10K-CAM-1-Aquatic-19-Stingaree-1206.jpg,0.012014593929052353
SegMaR/S2C,COD10K-CAM-1-Aquatic-2-ClownFish-12.jpg,0.04820966720581055
SegMaR/S2C,COD10K-CAM-1-Aquatic-2-ClownFish-14.jpg,0.05099939554929733
SegMaR/S2C,COD10K-CAM-1-Aquatic-2-ClownFish-16.jpg,0.06647022068500519
SegMaR/S2C,COD10K-CAM-1-Aquatic-2-ClownFish-17.jpg,0.060799553990364075
SegMaR/S2C,COD10K-CAM-1-Aquatic-20-Turtle-1208.jpg,0.013353673741221428
SegMaR/S2C,COD10K-CAM-1-Aquatic-20-Turtle-1209.jpg,0.025148732587695122
SegMaR/S2C,COD10K-CAM-1-Aquatic-20-Turtle-1210.jpg,0.12384852766990662
SegMaR/S2C,COD10K-CAM-1-Aquatic-20-Turtle-1211.jpg,0.01424634549766779
SegMaR/S2C,COD10K-CAM-1-Aquatic-20-Turtle-1212.jpg,0.004641622304916382
SegMaR/S2C,COD10K-CAM-1-Aquatic-20-Turtle-1213.jpg,0.024398503825068474
SegMaR/S2C,COD10K-CAM-1-Aquatic-20-Turtle-1214.jpg,0.13250496983528137
SegMaR/S2C,COD10K-CAM-1-Aquatic-20-Turtle-1215.jpg,0.03453120216727257
SegMaR/S2C,COD10K-CAM-1-Aquatic-20-Turtle-1216.jpg,0.025498520582914352
SegMaR/S2C,COD10K-CAM-1-Aquatic-20-Turtle-1217.jpg,0.00833912193775177
SegMaR/S2C,COD10K-CAM-1-Aquatic-20-Turtle-1218.jpg,0.01210706029087305
SegMaR/S2C,COD10K-CAM-1-Aquatic-20-Turtle-1219.jpg,0.019538026303052902
SegMaR/S2C,COD10K-CAM-1-Aquatic-20-Turtle-1220.jpg,0.027531983330845833
SegMaR/S2C,COD10K-CAM-1-Aquatic-20-Turtle-1222.jpg,0.022081295028328896
SegMaR/S2C,COD10K-CAM-1-Aquatic-20-Turtle-1223.jpg,0.031106483191251755
SegMaR/S2C,COD10K-CAM-1-Aquatic-20-Turtle-1226.jpg,0.009285937994718552
SegMaR/S2C,COD10K-CAM-1-Aquatic-20-Turtle-1227.jpg,0.023844609037041664
SegMaR/S2C,COD10K-CAM-1-Aquatic-20-Turtle-1228.jpg,0.06514042615890503
SegMaR/S2C,COD10K-CAM-1-Aquatic-20-Turtle-1229.jpg,0.016654161736369133
SegMaR/S2C,COD10K-CAM-1-Aquatic-20-Turtle-1230.jpg,0.006416809279471636
SegMaR/S2C,COD10K-CAM-1-Aquatic-20-Turtle-1232.jpg,0.025862112641334534
SegMaR/S2C,COD10K-CAM-1-Aquatic-3-Crab-100.jpg,0.0238645076751709
SegMaR/S2C,COD10K-CAM-1-Aquatic-3-Crab-19.jpg,0.03179079294204712
SegMaR/S2C,COD10K-CAM-1-Aquatic-3-Crab-20.jpg,0.03760772943496704
SegMaR/S2C,COD10K-CAM-1-Aquatic-3-Crab-21.jpg,0.012157834134995937
SegMaR/S2C,COD10K-CAM-1-Aquatic-3-Crab-22.jpg,0.008413965813815594
SegMaR/S2C,COD10K-CAM-1-Aquatic-3-Crab-25.jpg,0.015099667944014072
SegMaR/S2C,COD10K-CAM-1-Aquatic-3-Crab-26.jpg,0.027857474982738495
SegMaR/S2C,COD10K-CAM-1-Aquatic-3-Crab-27.jpg,0.01611161418259144
SegMaR/S2C,COD10K-CAM-1-Aquatic-3-Crab-28.jpg,0.06718724220991135
SegMaR/S2C,COD10K-CAM-1-Aquatic-3-Crab-29.jpg,0.010635103099048138
SegMaR/S2C,COD10K-CAM-1-Aquatic-3-Crab-32.jpg,0.0014850914012640715
SegMaR/S2C,COD10K-CAM-1-Aquatic-3-Crab-36.jpg,0.011692866683006287
SegMaR/S2C,COD10K-CAM-1-Aquatic-3-Crab-41.jpg,0.005340780597180128
SegMaR/S2C,COD10K-CAM-1-Aquatic-3-Crab-42.jpg,0.019640043377876282
SegMaR/S2C,COD10K-CAM-1-Aquatic-3-Crab-44.jpg,0.012878991663455963
SegMaR/S2C,COD10K-CAM-1-Aquatic-3-Crab-47.jpg,0.06752663850784302
SegMaR/S2C,COD10K-CAM-1-Aquatic-3-Crab-48.jpg,0.019126975908875465
SegMaR/S2C,COD10K-CAM-1-Aquatic-3-Crab-49.jpg,0.025595616549253464
SegMaR/S2C,COD10K-CAM-1-Aquatic-3-Crab-51.jpg,0.014166926965117455
SegMaR/S2C,COD10K-CAM-1-Aquatic-3-Crab-52.jpg,0.021474700421094894
SegMaR/S2C,COD10K-CAM-1-Aquatic-3-Crab-53.jpg,0.015545515343546867
SegMaR/S2C,COD10K-CAM-1-Aquatic-3-Crab-55.jpg,0.029582256451249123
SegMaR/S2C,COD10K-CAM-1-Aquatic-3-Crab-56.jpg,0.016467519104480743
SegMaR/S2C,COD10K-CAM-1-Aquatic-3-Crab-57.jpg,0.04872485250234604
SegMaR/S2C,COD10K-CAM-1-Aquatic-3-Crab-59.jpg,0.032123319804668427
SegMaR/S2C,COD10K-CAM-1-Aquatic-3-Crab-60.jpg,0.0158162172883749
SegMaR/S2C,COD10K-CAM-1-Aquatic-3-Crab-61.jpg,0.006958657875657082
SegMaR/S2C,COD10K-CAM-1-Aquatic-3-Crab-63.jpg,0.010493873618543148
SegMaR/S2C,COD10K-CAM-1-Aquatic-3-Crab-64.jpg,0.0064063952304422855
SegMaR/S2C,COD10K-CAM-1-Aquatic-3-Crab-66.jpg,0.025518471375107765
SegMaR/S2C,COD10K-CAM-1-Aquatic-3-Crab-68.jpg,0.015368266962468624
SegMaR/S2C,COD10K-CAM-1-Aquatic-3-Crab-69.jpg,0.009865527041256428
SegMaR/S2C,COD10K-CAM-1-Aquatic-3-Crab-70.jpg,0.02514057606458664
SegMaR/S2C,COD10K-CAM-1-Aquatic-3-Crab-72.jpg,0.058465853333473206
SegMaR/S2C,COD10K-CAM-1-Aquatic-3-Crab-74.jpg,0.01106239017099142
SegMaR/S2C,COD10K-CAM-1-Aquatic-3-Crab-75.jpg,0.003485659137368202
SegMaR/S2C,COD10K-CAM-1-Aquatic-3-Crab-76.jpg,0.0045283157378435135
SegMaR/S2C,COD10K-CAM-1-Aquatic-3-Crab-77.jpg,0.017126120626926422
SegMaR/S2C,COD10K-CAM-1-Aquatic-3-Crab-78.jpg,0.023115430027246475
SegMaR/S2C,COD10K-CAM-1-Aquatic-3-Crab-79.jpg,0.005043180659413338
SegMaR/S2C,COD10K-CAM-1-Aquatic-3-Crab-80.jpg,0.04890093952417374
SegMaR/S2C,COD10K-CAM-1-Aquatic-3-Crab-81.jpg,0.013351497240364552
SegMaR/S2C,COD10K-CAM-1-Aquatic-3-Crab-82.jpg,0.01660628244280815
SegMaR/S2C,COD10K-CAM-1-Aquatic-3-Crab-83.jpg,0.10504534840583801
SegMaR/S2C,COD10K-CAM-1-Aquatic-3-Crab-84.jpg,0.018500175327062607
SegMaR/S2C,COD10K-CAM-1-Aquatic-3-Crab-85.jpg,0.010222258977591991
SegMaR/S2C,COD10K-CAM-1-Aquatic-3-Crab-90.jpg,0.039075255393981934
SegMaR/S2C,COD10K-CAM-1-Aquatic-3-Crab-91.jpg,0.02513664960861206
SegMaR/S2C,COD10K-CAM-1-Aquatic-3-Crab-92.jpg,0.0414484441280365
SegMaR/S2C,COD10K-CAM-1-Aquatic-3-Crab-94.jpg,0.020995113998651505
SegMaR/S2C,COD10K-CAM-1-Aquatic-3-Crab-95.jpg,0.10624247789382935
SegMaR/S2C,COD10K-CAM-1-Aquatic-3-Crab-97.jpg,0.13109779357910156
SegMaR/S2C,COD10K-CAM-1-Aquatic-3-Crab-98.jpg,0.1637572944164276
SegMaR/S2C,COD10K-CAM-1-Aquatic-4-Crocodile-101.jpg,0.08702519536018372
SegMaR/S2C,COD10K-CAM-1-Aquatic-4-Crocodile-102.jpg,0.017375778406858444
SegMaR/S2C,COD10K-CAM-1-Aquatic-4-Crocodile-103.jpg,0.036968205124139786
SegMaR/S2C,COD10K-CAM-1-Aquatic-4-Crocodile-104.jpg,0.04732528328895569
SegMaR/S2C,COD10K-CAM-1-Aquatic-4-Crocodile-106.jpg,0.006716249510645866
SegMaR/S2C,COD10K-CAM-1-Aquatic-4-Crocodile-107.jpg,0.011272222734987736
SegMaR/S2C,COD10K-CAM-1-Aquatic-4-Crocodile-108.jpg,0.024870578199625015
SegMaR/S2C,COD10K-CAM-1-Aquatic-4-Crocodile-109.jpg,0.006990969181060791
SegMaR/S2C,COD10K-CAM-1-Aquatic-4-Crocodile-111.jpg,0.030873537063598633
SegMaR/S2C,COD10K-CAM-1-Aquatic-4-Crocodile-112.jpg,0.04729091376066208
SegMaR/S2C,COD10K-CAM-1-Aquatic-4-Crocodile-113.jpg,0.01708320900797844
SegMaR/S2C,COD10K-CAM-1-Aquatic-4-Crocodile-116.jpg,0.019301051273941994
SegMaR/S2C,COD10K-CAM-1-Aquatic-4-Crocodile-117.jpg,0.014751586131751537
SegMaR/S2C,COD10K-CAM-1-Aquatic-4-Crocodile-120.jpg,0.004878188017755747
SegMaR/S2C,COD10K-CAM-1-Aquatic-4-Crocodile-121.jpg,0.00543081434443593
SegMaR/S2C,COD10K-CAM-1-Aquatic-4-Crocodile-122.jpg,0.02659028209745884
SegMaR/S2C,COD10K-CAM-1-Aquatic-4-Crocodile-124.jpg,0.006065824069082737
SegMaR/S2C,COD10K-CAM-1-Aquatic-5-CrocodileFish-127.jpg,0.0665956437587738
SegMaR/S2C,COD10K-CAM-1-Aquatic-5-CrocodileFish-128.jpg,0.13676056265830994
SegMaR/S2C,COD10K-CAM-1-Aquatic-5-CrocodileFish-129.jpg,0.03828633204102516
SegMaR/S2C,COD10K-CAM-1-Aquatic-5-CrocodileFish-130.jpg,0.11992776393890381
SegMaR/S2C,COD10K-CAM-1-Aquatic-6-Fish-132.jpg,0.03678193688392639
SegMaR/S2C,COD10K-CAM-1-Aquatic-6-Fish-133.jpg,0.008066512644290924
SegMaR/S2C,COD10K-CAM-1-Aquatic-6-Fish-137.jpg,0.02092830464243889
SegMaR/S2C,COD10K-CAM-1-Aquatic-6-Fish-140.jpg,0.015516741201281548
SegMaR/S2C,COD10K-CAM-1-Aquatic-6-Fish-141.jpg,0.08318331837654114
SegMaR/S2C,COD10K-CAM-1-Aquatic-6-Fish-142.jpg,0.06470365822315216
SegMaR/S2C,COD10K-CAM-1-Aquatic-6-Fish-144.jpg,0.028774630278348923
SegMaR/S2C,COD10K-CAM-1-Aquatic-6-Fish-145.jpg,0.03581950441002846
SegMaR/S2C,COD10K-CAM-1-Aquatic-6-Fish-146.jpg,0.017279725521802902
SegMaR/S2C,COD10K-CAM-1-Aquatic-6-Fish-147.jpg,0.009867360815405846
SegMaR/S2C,COD10K-CAM-1-Aquatic-6-Fish-148.jpg,0.02474675513803959
SegMaR/S2C,COD10K-CAM-1-Aquatic-6-Fish-151.jpg,0.005379249807447195
SegMaR/S2C,COD10K-CAM-1-Aquatic-6-Fish-152.jpg,0.02483035996556282
SegMaR/S2C,COD10K-CAM-1-Aquatic-6-Fish-153.jpg,0.08399829268455505
SegMaR/S2C,COD10K-CAM-1-Aquatic-6-Fish-154.jpg,0.019884875044226646
SegMaR/S2C,COD10K-CAM-1-Aquatic-6-Fish-156.jpg,0.02353096753358841
SegMaR/S2C,COD10K-CAM-1-Aquatic-6-Fish-158.jpg,0.04573366791009903
SegMaR/S2C,COD10K-CAM-1-Aquatic-6-Fish-161.jpg,0.021556664258241653
SegMaR/S2C,COD10K-CAM-1-Aquatic-6-Fish-164.jpg,0.06321252882480621
SegMaR/S2C,COD10K-CAM-1-Aquatic-6-Fish-165.jpg,0.02532399818301201
SegMaR/S2C,COD10K-CAM-1-Aquatic-6-Fish-166.jpg,0.030320029705762863
SegMaR/S2C,COD10K-CAM-1-Aquatic-6-Fish-167.jpg,0.08704279363155365
SegMaR/S2C,COD10K-CAM-1-Aquatic-6-Fish-169.jpg,0.012415814213454723
SegMaR/S2C,COD10K-CAM-1-Aquatic-6-Fish-170.jpg,0.04803669452667236
SegMaR/S2C,COD10K-CAM-1-Aquatic-6-Fish-172.jpg,0.017750011757016182
SegMaR/S2C,COD10K-CAM-1-Aquatic-6-Fish-173.jpg,0.03219436854124069
SegMaR/S2C,COD10K-CAM-1-Aquatic-6-Fish-175.jpg,0.029722612351179123
SegMaR/S2C,COD10K-CAM-1-Aquatic-6-Fish-176.jpg,0.08237176388502121
SegMaR/S2C,COD10K-CAM-1-Aquatic-6-Fish-177.jpg,0.005261392332613468
SegMaR/S2C,COD10K-CAM-1-Aquatic-6-Fish-178.jpg,0.016934165731072426
SegMaR/S2C,COD10K-CAM-1-Aquatic-6-Fish-179.jpg,0.09283045679330826
SegMaR/S2C,COD10K-CAM-1-Aquatic-6-Fish-180.jpg,0.012735754251480103
SegMaR/S2C,COD10K-CAM-1-Aquatic-6-Fish-181.jpg,0.047516364604234695
SegMaR/S2C,COD10K-CAM-1-Aquatic-6-Fish-182.jpg,0.09072848409414291
SegMaR/S2C,COD10K-CAM-1-Aquatic-6-Fish-184.jpg,0.04613533616065979
SegMaR/S2C,COD10K-CAM-1-Aquatic-6-Fish-185.jpg,0.06091408059000969
SegMaR/S2C,COD10K-CAM-1-Aquatic-6-Fish-187.jpg,0.10177291929721832
SegMaR/S2C,COD10K-CAM-1-Aquatic-6-Fish-188.jpg,0.05134928226470947
SegMaR/S2C,COD10K-CAM-1-Aquatic-6-Fish-192.jpg,0.028379563242197037
SegMaR/S2C,COD10K-CAM-1-Aquatic-6-Fish-194.jpg,0.0687616690993309
SegMaR/S2C,COD10K-CAM-1-Aquatic-6-Fish-195.jpg,0.022798553109169006
SegMaR/S2C,COD10K-CAM-1-Aquatic-6-Fish-198.jpg,0.04633817821741104
SegMaR/S2C,COD10K-CAM-1-Aquatic-6-Fish-199.jpg,0.041363880038261414
SegMaR/S2C,COD10K-CAM-1-Aquatic-6-Fish-200.jpg,0.013661669567227364
SegMaR/S2C,COD10K-CAM-1-Aquatic-6-Fish-201.jpg,0.022572580724954605
SegMaR/S2C,COD10K-CAM-1-Aquatic-6-Fish-202.jpg,0.046013638377189636
SegMaR/S2C,COD10K-CAM-1-Aquatic-6-Fish-205.jpg,0.026094788685441017
SegMaR/S2C,COD10K-CAM-1-Aquatic-6-Fish-206.jpg,0.014092222787439823
SegMaR/S2C,COD10K-CAM-1-Aquatic-6-Fish-208.jpg,0.019031723961234093
SegMaR/S2C,COD10K-CAM-1-Aquatic-6-Fish-209.jpg,0.011632677167654037
SegMaR/S2C,COD10K-CAM-1-Aquatic-6-Fish-210.jpg,0.013075048103928566
SegMaR/S2C,COD10K-CAM-1-Aquatic-6-Fish-211.jpg,0.018530068919062614
SegMaR/S2C,COD10K-CAM-1-Aquatic-6-Fish-212.jpg,0.0322302021086216
SegMaR/S2C,COD10K-CAM-1-Aquatic-6-Fish-213.jpg,0.038186948746442795
SegMaR/S2C,COD10K-CAM-1-Aquatic-6-Fish-214.jpg,0.013817112892866135
SegMaR/S2C,COD10K-CAM-1-Aquatic-6-Fish-216.jpg,0.01825309917330742
SegMaR/S2C,COD10K-CAM-1-Aquatic-6-Fish-217.jpg,0.00809057243168354
SegMaR/S2C,COD10K-CAM-1-Aquatic-6-Fish-223.jpg,0.024636777117848396
SegMaR/S2C,COD10K-CAM-1-Aquatic-6-Fish-226.jpg,0.020846225321292877
SegMaR/S2C,COD10K-CAM-1-Aquatic-6-Fish-229.jpg,0.031414177268743515
SegMaR/S2C,COD10K-CAM-1-Aquatic-6-Fish-232.jpg,0.040255457162857056
SegMaR/S2C,COD10K-CAM-1-Aquatic-6-Fish-233.jpg,0.017706481739878654
SegMaR/S2C,COD10K-CAM-1-Aquatic-6-Fish-234.jpg,0.05176583677530289
SegMaR/S2C,COD10K-CAM-1-Aquatic-6-Fish-236.jpg,0.011349648237228394
SegMaR/S2C,COD10K-CAM-1-Aquatic-6-Fish-237.jpg,0.029862262308597565
SegMaR/S2C,COD10K-CAM-1-Aquatic-6-Fish-238.jpg,0.015778185799717903
SegMaR/S2C,COD10K-CAM-1-Aquatic-6-Fish-239.jpg,0.01695535145699978
SegMaR/S2C,COD10K-CAM-1-Aquatic-6-Fish-240.jpg,0.012576923705637455
SegMaR/S2C,COD10K-CAM-1-Aquatic-6-Fish-241.jpg,0.02172807976603508
SegMaR/S2C,COD10K-CAM-1-Aquatic-6-Fish-244.jpg,0.11244693398475647
SegMaR/S2C,COD10K-CAM-1-Aquatic-7-Flounder-251.jpg,0.046503081917762756
SegMaR/S2C,COD10K-CAM-1-Aquatic-7-Flounder-252.jpg,0.03352007269859314
SegMaR/S2C,COD10K-CAM-1-Aquatic-7-Flounder-255.jpg,0.08347677439451218
SegMaR/S2C,COD10K-CAM-1-Aquatic-7-Flounder-256.jpg,0.033368419855833054
SegMaR/S2C,COD10K-CAM-1-Aquatic-7-Flounder-257.jpg,0.07209265232086182
SegMaR/S2C,COD10K-CAM-1-Aquatic-7-Flounder-260.jpg,0.022543026134371758
SegMaR/S2C,COD10K-CAM-1-Aquatic-7-Flounder-261.jpg,0.00766916386783123
SegMaR/S2C,COD10K-CAM-1-Aquatic-7-Flounder-263.jpg,0.05202016606926918
SegMaR/S2C,COD10K-CAM-1-Aquatic-7-Flounder-265.jpg,0.0791858583688736
SegMaR/S2C,COD10K-CAM-1-Aquatic-7-Flounder-267.jpg,0.082779660820961
SegMaR/S2C,COD10K-CAM-1-Aquatic-7-Flounder-268.jpg,0.0315818190574646
SegMaR/S2C,COD10K-CAM-1-Aquatic-7-Flounder-269.jpg,0.023243814706802368
SegMaR/S2C,COD10K-CAM-1-Aquatic-7-Flounder-271.jpg,0.0140351802110672
SegMaR/S2C,COD10K-CAM-1-Aquatic-7-Flounder-273.jpg,0.010761036537587643
SegMaR/S2C,COD10K-CAM-1-Aquatic-7-Flounder-274.jpg,0.047281116247177124
SegMaR/S2C,COD10K-CAM-1-Aquatic-7-Flounder-275.jpg,0.09199336171150208
SegMaR/S2C,COD10K-CAM-1-Aquatic-7-Flounder-276.jpg,0.16409578919410706
SegMaR/S2C,COD10K-CAM-1-Aquatic-7-Flounder-278.jpg,0.014633169397711754
SegMaR/S2C,COD10K-CAM-1-Aquatic-7-Flounder-279.jpg,0.014961372129619122
SegMaR/S2C,COD10K-CAM-1-Aquatic-7-Flounder-280.jpg,0.030253343284130096
SegMaR/S2C,COD10K-CAM-1-Aquatic-7-Flounder-281.jpg,0.03418239206075668
SegMaR/S2C,COD10K-CAM-1-Aquatic-7-Flounder-282.jpg,0.0416046604514122
SegMaR/S2C,COD10K-CAM-1-Aquatic-7-Flounder-285.jpg,0.011751065962016582
SegMaR/S2C,COD10K-CAM-1-Aquatic-7-Flounder-288.jpg,0.03155343234539032
SegMaR/S2C,COD10K-CAM-1-Aquatic-8-FrogFish-293.jpg,0.007655923254787922
SegMaR/S2C,COD10K-CAM-1-Aquatic-8-FrogFish-294.jpg,0.02640937641263008
SegMaR/S2C,COD10K-CAM-1-Aquatic-8-FrogFish-298.jpg,0.01764124073088169
SegMaR/S2C,COD10K-CAM-1-Aquatic-8-FrogFish-300.jpg,0.010806099511682987
SegMaR/S2C,COD10K-CAM-1-Aquatic-8-FrogFish-301.jpg,0.03379243239760399
SegMaR/S2C,COD10K-CAM-1-Aquatic-8-FrogFish-302.jpg,0.035690613090991974
SegMaR/S2C,COD10K-CAM-1-Aquatic-8-FrogFish-304.jpg,0.017921924591064453
SegMaR/S2C,COD10K-CAM-1-Aquatic-9-GhostPipefish-308.jpg,0.037272319197654724
SegMaR/S2C,COD10K-CAM-1-Aquatic-9-GhostPipefish-310.jpg,0.07926978170871735
SegMaR/S2C,COD10K-CAM-1-Aquatic-9-GhostPipefish-311.jpg,0.025213370099663734
SegMaR/S2C,COD10K-CAM-1-Aquatic-9-GhostPipefish-313.jpg,0.04778997600078583
SegMaR/S2C,COD10K-CAM-1-Aquatic-9-GhostPipefish-314.jpg,0.1807008683681488
SegMaR/S2C,COD10K-CAM-1-Aquatic-9-GhostPipefish-316.jpg,0.04744061827659607
SegMaR/S2C,COD10K-CAM-1-Aquatic-9-GhostPipefish-317.jpg,0.08137764036655426
SegMaR/S2C,COD10K-CAM-1-Aquatic-9-GhostPipefish-319.jpg,0.03138153254985809
SegMaR/S2C,COD10K-CAM-1-Aquatic-9-GhostPipefish-320.jpg,0.049468450248241425
SegMaR/S2C,COD10K-CAM-1-Aquatic-9-GhostPipefish-321.jpg,0.014374090358614922
SegMaR/S2C,COD10K-CAM-1-Aquatic-9-GhostPipefish-324.jpg,0.08226382732391357
SegMaR/S2C,COD10K-CAM-1-Aquatic-9-GhostPipefish-325.jpg,0.01777408830821514
SegMaR/S2C,COD10K-CAM-1-Aquatic-9-GhostPipefish-328.jpg,0.027519244700670242
SegMaR/S2C,COD10K-CAM-1-Aquatic-9-GhostPipefish-329.jpg,0.020696183666586876
SegMaR/S2C,COD10K-CAM-1-Aquatic-9-GhostPipefish-330.jpg,0.1066802442073822
SegMaR/S2C,COD10K-CAM-1-Aquatic-9-GhostPipefish-331.jpg,0.02495858259499073
SegMaR/S2C,COD10K-CAM-1-Aquatic-9-GhostPipefish-332.jpg,0.10331334173679352
SegMaR/S2C,COD10K-CAM-1-Aquatic-9-GhostPipefish-335.jpg,0.019937394186854362
SegMaR/S2C,COD10K-CAM-1-Aquatic-9-GhostPipefish-336.jpg,0.02454514428973198
SegMaR/S2C,COD10K-CAM-1-Aquatic-9-GhostPipefish-337.jpg,0.03350137174129486
SegMaR/S2C,COD10K-CAM-1-Aquatic-9-GhostPipefish-338.jpg,0.06400274485349655
SegMaR/S2C,COD10K-CAM-1-Aquatic-9-GhostPipefish-340.jpg,0.06148524582386017
SegMaR/S2C,COD10K-CAM-1-Aquatic-9-GhostPipefish-341.jpg,0.01761750504374504
SegMaR/S2C,COD10K-CAM-1-Aquatic-9-GhostPipefish-342.jpg,0.1459815800189972
SegMaR/S2C,COD10K-CAM-1-Aquatic-9-GhostPipefish-343.jpg,0.023872949182987213
SegMaR/S2C,COD10K-CAM-1-Aquatic-9-GhostPipefish-344.jpg,0.02044045366346836
SegMaR/S2C,COD10K-CAM-1-Aquatic-9-GhostPipefish-345.jpg,0.06214088201522827
SegMaR/S2C,COD10K-CAM-1-Aquatic-9-GhostPipefish-351.jpg,0.06914427876472473
SegMaR/S2C,COD10K-CAM-1-Aquatic-9-GhostPipefish-352.jpg,0.021854910999536514
SegMaR/S2C,COD10K-CAM-1-Aquatic-9-GhostPipefish-354.jpg,0.026721134781837463
SegMaR/S2C,COD10K-CAM-1-Aquatic-9-GhostPipefish-355.jpg,0.03849866986274719
SegMaR/S2C,COD10K-CAM-1-Aquatic-9-GhostPipefish-356.jpg,0.06358661502599716
SegMaR/S2C,COD10K-CAM-1-Aquatic-9-GhostPipefish-357.jpg,0.03232239931821823
SegMaR/S2C,COD10K-CAM-1-Aquatic-9-GhostPipefish-358.jpg,0.09927390515804291
SegMaR/S2C,COD10K-CAM-1-Aquatic-9-GhostPipefish-360.jpg,0.054264746606349945
SegMaR/S2C,COD10K-CAM-1-Aquatic-9-GhostPipefish-361.jpg,0.02656027115881443
SegMaR/S2C,COD10K-CAM-1-Aquatic-9-GhostPipefish-362.jpg,0.021018855273723602
SegMaR/S2C,COD10K-CAM-1-Aquatic-9-GhostPipefish-363.jpg,0.3426295220851898
SegMaR/S2C,COD10K-CAM-1-Aquatic-9-GhostPipefish-364.jpg,0.019299741834402084
SegMaR/S2C,COD10K-CAM-1-Aquatic-9-GhostPipefish-365.jpg,0.03918980807065964
SegMaR/S2C,COD10K-CAM-1-Aquatic-9-GhostPipefish-366.jpg,0.03344142809510231
SegMaR/S2C,COD10K-CAM-1-Aquatic-9-GhostPipefish-367.jpg,0.03936680406332016
SegMaR/S2C,COD10K-CAM-1-Aquatic-9-GhostPipefish-368.jpg,0.11001670360565186
SegMaR/S2C,COD10K-CAM-1-Aquatic-9-GhostPipefish-371.jpg,0.14075444638729095
SegMaR/S2C,COD10K-CAM-1-Aquatic-9-GhostPipefish-373.jpg,0.02330625429749489
SegMaR/S2C,COD10K-CAM-1-Aquatic-9-GhostPipefish-374.jpg,0.16044297814369202
SegMaR/S2C,COD10K-CAM-1-Aquatic-9-GhostPipefish-375.jpg,0.01763620413839817
SegMaR/S2C,COD10K-CAM-1-Aquatic-9-GhostPipefish-376.jpg,0.03069993108510971
SegMaR/S2C,COD10K-CAM-1-Aquatic-9-GhostPipefish-378.jpg,0.04371865838766098
SegMaR/S2C,COD10K-CAM-1-Aquatic-9-GhostPipefish-386.jpg,0.08745338022708893
SegMaR/S2C,COD10K-CAM-1-Aquatic-9-GhostPipefish-387.jpg,0.03780302032828331
SegMaR/S2C,COD10K-CAM-1-Aquatic-9-GhostPipefish-388.jpg,0.04873034358024597
SegMaR/S2C,COD10K-CAM-1-Aquatic-9-GhostPipefish-389.jpg,0.02449558489024639
SegMaR/S2C,COD10K-CAM-1-Aquatic-9-GhostPipefish-392.jpg,0.03907910734415054
SegMaR/S2C,COD10K-CAM-1-Aquatic-9-GhostPipefish-393.jpg,0.016598396003246307
SegMaR/S2C,COD10K-CAM-1-Aquatic-9-GhostPipefish-394.jpg,0.07938029617071152
SegMaR/S2C,COD10K-CAM-1-Aquatic-9-GhostPipefish-396.jpg,0.13720881938934326
SegMaR/S2C,COD10K-CAM-1-Aquatic-9-GhostPipefish-398.jpg,0.17918330430984497
SegMaR/S2C,COD10K-CAM-1-Aquatic-9-GhostPipefish-400.jpg,0.08061867207288742
SegMaR/S2C,COD10K-CAM-1-Aquatic-9-GhostPipefish-401.jpg,0.03834913298487663
SegMaR/S2C,COD10K-CAM-1-Aquatic-9-GhostPipefish-404.jpg,0.17130258679389954
SegMaR/S2C,COD10K-CAM-1-Aquatic-9-GhostPipefish-405.jpg,0.09680379927158356
SegMaR/S2C,COD10K-CAM-1-Aquatic-9-GhostPipefish-408.jpg,0.06475453823804855
SegMaR/S2C,COD10K-CAM-1-Aquatic-9-GhostPipefish-410.jpg,0.07075230032205582
SegMaR/S2C,COD10K-CAM-1-Aquatic-9-GhostPipefish-412.jpg,0.030855705961585045
SegMaR/S2C,COD10K-CAM-1-Aquatic-9-GhostPipefish-413.jpg,0.02994599938392639
SegMaR/S2C,COD10K-CAM-1-Aquatic-9-GhostPipefish-414.jpg,0.057982176542282104
SegMaR/S2C,COD10K-CAM-2-Terrestrial-21-Ant-1234.jpg,0.03383168578147888
SegMaR/S2C,COD10K-CAM-2-Terrestrial-21-Ant-1235.jpg,0.02570042759180069
SegMaR/S2C,COD10K-CAM-2-Terrestrial-21-Ant-1236.jpg,0.06218712404370308
SegMaR/S2C,COD10K-CAM-2-Terrestrial-21-Ant-1237.jpg,0.1068161353468895
SegMaR/S2C,COD10K-CAM-2-Terrestrial-21-Ant-1239.jpg,0.004915298894047737
SegMaR/S2C,COD10K-CAM-2-Terrestrial-21-Ant-1242.jpg,0.015722177922725677
SegMaR/S2C,COD10K-CAM-2-Terrestrial-21-Ant-1244.jpg,0.0035746998619288206
SegMaR/S2C,COD10K-CAM-2-Terrestrial-21-Ant-1245.jpg,0.025733524933457375
SegMaR/S2C,COD10K-CAM-2-Terrestrial-21-Ant-1248.jpg,0.020455941557884216
SegMaR/S2C,COD10K-CAM-2-Terrestrial-21-Ant-1250.jpg,0.010182141326367855
SegMaR/S2C,COD10K-CAM-2-Terrestrial-21-Ant-1252.jpg,0.03630904108285904
SegMaR/S2C,COD10K-CAM-2-Terrestrial-21-Ant-1253.jpg,0.014222589321434498
SegMaR/S2C,COD10K-CAM-2-Terrestrial-21-Ant-1254.jpg,0.029914218932390213
SegMaR/S2C,COD10K-CAM-2-Terrestrial-21-Ant-1255.jpg,0.011567894369363785
SegMaR/S2C,COD10K-CAM-2-Terrestrial-21-Ant-1256.jpg,0.029348887503147125
SegMaR/S2C,COD10K-CAM-2-Terrestrial-21-Ant-1258.jpg,0.04289939999580383
SegMaR/S2C,COD10K-CAM-2-Terrestrial-22-Bug-1259.jpg,0.06161218136548996
SegMaR/S2C,COD10K-CAM-2-Terrestrial-22-Bug-1261.jpg,0.013216005638241768
SegMaR/S2C,COD10K-CAM-2-Terrestrial-22-Bug-1264.jpg,0.01636073924601078
SegMaR/S2C,COD10K-CAM-2-Terrestrial-22-Bug-1265.jpg,0.0022643099073320627
SegMaR/S2C,COD10K-CAM-2-Terrestrial-22-Bug-1266.jpg,0.0038666604086756706
SegMaR/S2C,COD10K-CAM-2-Terrestrial-22-Bug-1269.jpg,0.021868254989385605
SegMaR/S2C,COD10K-CAM-2-Terrestrial-22-Bug-1275.jpg,0.01578151434659958
SegMaR/S2C,COD10K-CAM-2-Terrestrial-22-Bug-1279.jpg,0.005848813336342573
SegMaR/S2C,COD10K-CAM-2-Terrestrial-22-Bug-1280.jpg,0.012198115698993206
SegMaR/S2C,COD10K-CAM-2-Terrestrial-22-Bug-1287.jpg,0.007255854085087776
SegMaR/S2C,COD10K-CAM-2-Terrestrial-22-Bug-1288.jpg,0.004222564399242401
SegMaR/S2C,COD10K-CAM-2-Terrestrial-22-Bug-1290.jpg,0.02241978421807289
SegMaR/S2C,COD10K-CAM-2-Terrestrial-22-Bug-1292.jpg,0.060111887753009796
SegMaR/S2C,COD10K-CAM-2-Terrestrial-22-Bug-1294.jpg,0.06629262864589691
SegMaR/S2C,COD10K-CAM-2-Terrestrial-22-Bug-1295.jpg,0.013774489052593708
SegMaR/S2C,COD10K-CAM-2-Terrestrial-22-Bug-1296.jpg,0.02281111478805542
SegMaR/S2C,COD10K-CAM-2-Terrestrial-22-Bug-1297.jpg,0.010275449603796005
SegMaR/S2C,COD10K-CAM-2-Terrestrial-23-Cat-1298.jpg,0.027023646980524063
SegMaR/S2C,COD10K-CAM-2-Terrestrial-23-Cat-1302.jpg,0.05167098343372345
SegMaR/S2C,COD10K-CAM-2-Terrestrial-23-Cat-1303.jpg,0.014409552328288555
SegMaR/S2C,COD10K-CAM-2-Terrestrial-23-Cat-1305.jpg,0.09716774523258209
SegMaR/S2C,COD10K-CAM-2-Terrestrial-23-Cat-1306.jpg,0.018136968836188316
SegMaR/S2C,COD10K-CAM-2-Terrestrial-23-Cat-1307.jpg,0.00643942691385746
SegMaR/S2C,COD10K-CAM-2-Terrestrial-23-Cat-1308.jpg,0.0038054161705076694
SegMaR/S2C,COD10K-CAM-2-Terrestrial-23-Cat-1309.jpg,0.025367435067892075
SegMaR/S2C,COD10K-CAM-2-Terrestrial-23-Cat-1311.jpg,0.013066408224403858
SegMaR/S2C,COD10K-CAM-2-Terrestrial-23-Cat-1312.jpg,0.013297511264681816
SegMaR/S2C,COD10K-CAM-2-Terrestrial-23-Cat-1313.jpg,0.060998767614364624
SegMaR/S2C,COD10K-CAM-2-Terrestrial-23-Cat-1314.jpg,0.03592216596007347
SegMaR/S2C,COD10K-CAM-2-Terrestrial-23-Cat-1315.jpg,0.028757330030202866
SegMaR/S2C,COD10K-CAM-2-Terrestrial-23-Cat-1316.jpg,0.03948688507080078
SegMaR/S2C,COD10K-CAM-2-Terrestrial-23-Cat-1317.jpg,0.061282262206077576
SegMaR/S2C,COD10K-CAM-2-Terrestrial-23-Cat-1318.jpg,0.0021033589728176594
SegMaR/S2C,COD10K-CAM-2-Terrestrial-23-Cat-1319.jpg,0.03916558623313904
SegMaR/S2C,COD10K-CAM-2-Terrestrial-23-Cat-1321.jpg,0.02941695787012577
SegMaR/S2C,COD10K-CAM-2-Terrestrial-23-Cat-1322.jpg,0.029286496341228485
SegMaR/S2C,COD10K-CAM-2-Terrestrial-23-Cat-1323.jpg,0.02818119339644909
SegMaR/S2C,COD10K-CAM-2-Terrestrial-23-Cat-1324.jpg,0.09665381908416748
SegMaR/S2C,COD10K-CAM-2-Terrestrial-23-Cat-1326.jpg,0.12277141213417053
SegMaR/S2C,COD10K-CAM-2-Terrestrial-23-Cat-1332.jpg,0.011709056794643402
SegMaR/S2C,COD10K-CAM-2-Terrestrial-23-Cat-1334.jpg,0.015118438750505447
SegMaR/S2C,COD10K-CAM-2-Terrestrial-23-Cat-1335.jpg,0.030640512704849243
SegMaR/S2C,COD10K-CAM-2-Terrestrial-23-Cat-1336.jpg,0.01680082641541958
SegMaR/S2C,COD10K-CAM-2-Terrestrial-23-Cat-1338.jpg,0.0023907655850052834
SegMaR/S2C,COD10K-CAM-2-Terrestrial-23-Cat-1340.jpg,0.08302177488803864
SegMaR/S2C,COD10K-CAM-2-Terrestrial-23-Cat-1341.jpg,0.08688633888959885
SegMaR/S2C,COD10K-CAM-2-Terrestrial-23-Cat-1342.jpg,0.023010114207863808
SegMaR/S2C,COD10K-CAM-2-Terrestrial-23-Cat-1343.jpg,0.014066971838474274
SegMaR/S2C,COD10K-CAM-2-Terrestrial-23-Cat-1345.jpg,0.012280289083719254
SegMaR/S2C,COD10K-CAM-2-Terrestrial-23-Cat-1346.jpg,0.01387412566691637
SegMaR/S2C,COD10K-CAM-2-Terrestrial-23-Cat-1347.jpg,0.024200087413191795
SegMaR/S2C,COD10K-CAM-2-Terrestrial-23-Cat-1348.jpg,0.03681957349181175
SegMaR/S2C,COD10K-CAM-2-Terrestrial-23-Cat-1349.jpg,0.10208289325237274
SegMaR/S2C,COD10K-CAM-2-Terrestrial-23-Cat-1351.jpg,0.08805695176124573
SegMaR/S2C,COD10K-CAM-2-Terrestrial-23-Cat-1353.jpg,0.027164120227098465
SegMaR/S2C,COD10K-CAM-2-Terrestrial-23-Cat-1354.jpg,0.00700659304857254
SegMaR/S2C,COD10K-CAM-2-Terrestrial-23-Cat-1355.jpg,0.03990274667739868
SegMaR/S2C,COD10K-CAM-2-Terrestrial-23-Cat-1356.jpg,0.06229861453175545
SegMaR/S2C,COD10K-CAM-2-Terrestrial-23-Cat-1357.jpg,0.07182527333498001
SegMaR/S2C,COD10K-CAM-2-Terrestrial-23-Cat-1361.jpg,0.048162028193473816
SegMaR/S2C,COD10K-CAM-2-Terrestrial-23-Cat-1362.jpg,0.032147571444511414
SegMaR/S2C,COD10K-CAM-2-Terrestrial-23-Cat-1366.jpg,0.05672946572303772
SegMaR/S2C,COD10K-CAM-2-Terrestrial-23-Cat-1370.jpg,0.003380340291187167
SegMaR/S2C,COD10K-CAM-2-Terrestrial-23-Cat-1373.jpg,0.0033490783534944057
SegMaR/S2C,COD10K-CAM-2-Terrestrial-23-Cat-1374.jpg,0.025024544447660446
SegMaR/S2C,COD10K-CAM-2-Terrestrial-23-Cat-1375.jpg,0.028494808822870255
SegMaR/S2C,COD10K-CAM-2-Terrestrial-23-Cat-1376.jpg,0.02438865229487419
SegMaR/S2C,COD10K-CAM-2-Terrestrial-23-Cat-1379.jpg,0.008919240906834602
SegMaR/S2C,COD10K-CAM-2-Terrestrial-23-Cat-1382.jpg,0.014766769483685493
SegMaR/S2C,COD10K-CAM-2-Terrestrial-23-Cat-1384.jpg,0.09438643604516983
SegMaR/S2C,COD10K-CAM-2-Terrestrial-23-Cat-1385.jpg,0.02456825226545334
SegMaR/S2C,COD10K-CAM-2-Terrestrial-23-Cat-1389.jpg,0.018611231818795204
SegMaR/S2C,COD10K-CAM-2-Terrestrial-23-Cat-1393.jpg,0.026276085525751114
SegMaR/S2C,COD10K-CAM-2-Terrestrial-23-Cat-1395.jpg,0.047736719250679016
SegMaR/S2C,COD10K-CAM-2-Terrestrial-23-Cat-1396.jpg,0.06623439490795135
SegMaR/S2C,COD10K-CAM-2-Terrestrial-23-Cat-1397.jpg,0.07293914258480072
SegMaR/S2C,COD10K-CAM-2-Terrestrial-23-Cat-1398.jpg,0.04960004240274429
SegMaR/S2C,COD10K-CAM-2-Terrestrial-23-Cat-1399.jpg,0.04337069392204285
SegMaR/S2C,COD10K-CAM-2-Terrestrial-23-Cat-1401.jpg,0.00907707866281271
SegMaR/S2C,COD10K-CAM-2-Terrestrial-23-Cat-1402.jpg,0.023415997624397278
SegMaR/S2C,COD10K-CAM-2-Terrestrial-23-Cat-1403.jpg,0.09426289796829224
SegMaR/S2C,COD10K-CAM-2-Terrestrial-23-Cat-1404.jpg,0.024905027821660042
SegMaR/S2C,COD10K-CAM-2-Terrestrial-23-Cat-1406.jpg,0.09915382415056229
SegMaR/S2C,COD10K-CAM-2-Terrestrial-23-Cat-1407.jpg,0.02126346528530121
SegMaR/S2C,COD10K-CAM-2-Terrestrial-23-Cat-1408.jpg,0.05422617495059967
SegMaR/S2C,COD10K-CAM-2-Terrestrial-23-Cat-1409.jpg,0.036305367946624756
SegMaR/S2C,COD10K-CAM-2-Terrestrial-23-Cat-1410.jpg,0.04868568852543831
SegMaR/S2C,COD10K-CAM-2-Terrestrial-23-Cat-1414.jpg,0.05693155527114868
SegMaR/S2C,COD10K-CAM-2-Terrestrial-23-Cat-1416.jpg,0.15392173826694489
SegMaR/S2C,COD10K-CAM-2-Terrestrial-23-Cat-1417.jpg,0.01754121296107769
SegMaR/S2C,COD10K-CAM-2-Terrestrial-23-Cat-1418.jpg,0.06910350173711777
SegMaR/S2C,COD10K-CAM-2-Terrestrial-23-Cat-1422.jpg,0.04717833548784256
SegMaR/S2C,COD10K-CAM-2-Terrestrial-23-Cat-1425.jpg,0.009165257215499878
SegMaR/S2C,COD10K-CAM-2-Terrestrial-23-Cat-1426.jpg,0.06150881201028824
SegMaR/S2C,COD10K-CAM-2-Terrestrial-23-Cat-1427.jpg,0.0034939732868224382
SegMaR/S2C,COD10K-CAM-2-Terrestrial-23-Cat-1430.jpg,0.0445401631295681
SegMaR/S2C,COD10K-CAM-2-Terrestrial-23-Cat-1435.jpg,0.0029429905116558075
SegMaR/S2C,COD10K-CAM-2-Terrestrial-23-Cat-1436.jpg,0.04579606652259827
SegMaR/S2C,COD10K-CAM-2-Terrestrial-23-Cat-1437.jpg,0.038051992654800415
SegMaR/S2C,COD10K-CAM-2-Terrestrial-23-Cat-1439.jpg,0.005015711300075054
SegMaR/S2C,COD10K-CAM-2-Terrestrial-23-Cat-1440.jpg,0.027088040485978127
SegMaR/S2C,COD10K-CAM-2-Terrestrial-23-Cat-1441.jpg,0.09428051114082336
SegMaR/S2C,COD10K-CAM-2-Terrestrial-23-Cat-1444.jpg,0.0330229215323925
SegMaR/S2C,COD10K-CAM-2-Terrestrial-23-Cat-1445.jpg,0.1339053511619568
SegMaR/S2C,COD10K-CAM-2-Terrestrial-23-Cat-1447.jpg,0.05804585665464401
SegMaR/S2C,COD10K-CAM-2-Terrestrial-23-Cat-1448.jpg,0.051263805478811264
SegMaR/S2C,COD10K-CAM-2-Terrestrial-23-Cat-1450.jpg,0.0532333180308342
SegMaR/S2C,COD10K-CAM-2-Terrestrial-23-Cat-1452.jpg,0.02090652659535408
SegMaR/S2C,COD10K-CAM-2-Terrestrial-23-Cat-1454.jpg,0.08795888721942902
SegMaR/S2C,COD10K-CAM-2-Terrestrial-23-Cat-1455.jpg,0.14699754118919373
SegMaR/S2C,COD10K-CAM-2-Terrestrial-23-Cat-1456.jpg,0.0418991781771183
SegMaR/S2C,COD10K-CAM-2-Terrestrial-23-Cat-1457.jpg,0.023896481841802597
SegMaR/S2C,COD10K-CAM-2-Terrestrial-23-Cat-1460.jpg,0.12369270622730255
SegMaR/S2C,COD10K-CAM-2-Terrestrial-23-Cat-1463.jpg,0.06337094306945801
SegMaR/S2C,COD10K-CAM-2-Terrestrial-23-Cat-1464.jpg,0.03265482559800148
SegMaR/S2C,COD10K-CAM-2-Terrestrial-23-Cat-1467.jpg,0.06736074388027191
SegMaR/S2C,COD10K-CAM-2-Terrestrial-23-Cat-1468.jpg,0.02922981232404709
SegMaR/S2C,COD10K-CAM-2-Terrestrial-23-Cat-1469.jpg,0.019358569756150246
SegMaR/S2C,COD10K-CAM-2-Terrestrial-23-Cat-1470.jpg,0.013357524760067463
SegMaR/S2C,COD10K-CAM-2-Terrestrial-23-Cat-1473.jpg,0.04939403384923935
SegMaR/S2C,COD10K-CAM-2-Terrestrial-23-Cat-1477.jpg,0.029879707843065262
SegMaR/S2C,COD10K-CAM-2-Terrestrial-23-Cat-1478.jpg,0.0036202026531100273
SegMaR/S2C,COD10K-CAM-2-Terrestrial-23-Cat-1480.jpg,0.05211490020155907
SegMaR/S2C,COD10K-CAM-2-Terrestrial-23-Cat-1482.jpg,0.04095520079135895
SegMaR/S2C,COD10K-CAM-2-Terrestrial-23-Cat-1484.jpg,0.057769205421209335
SegMaR/S2C,COD10K-CAM-2-Terrestrial-23-Cat-1486.jpg,0.01738852821290493
SegMaR/S2C,COD10K-CAM-2-Terrestrial-23-Cat-1487.jpg,0.11800581216812134
SegMaR/S2C,COD10K-CAM-2-Terrestrial-23-Cat-1489.jpg,0.028500203043222427
SegMaR/S2C,COD10K-CAM-2-Terrestrial-23-Cat-1493.jpg,0.003428984899073839
SegMaR/S2C,COD10K-CAM-2-Terrestrial-23-Cat-1495.jpg,0.040803730487823486
SegMaR/S2C,COD10K-CAM-2-Terrestrial-23-Cat-1497.jpg,0.014196689240634441
SegMaR/S2C,COD10K-CAM-2-Terrestrial-23-Cat-1499.jpg,0.03199739009141922
SegMaR/S2C,COD10K-CAM-2-Terrestrial-23-Cat-1501.jpg,0.01509001199156046
SegMaR/S2C,COD10K-CAM-2-Terrestrial-23-Cat-1502.jpg,0.006582234054803848
SegMaR/S2C,COD10K-CAM-2-Terrestrial-23-Cat-1503.jpg,0.014616860076785088
SegMaR/S2C,COD10K-CAM-2-Terrestrial-23-Cat-1504.jpg,0.14779400825500488
SegMaR/S2C,COD10K-CAM-2-Terrestrial-23-Cat-1506.jpg,0.007606833707541227
SegMaR/S2C,COD10K-CAM-2-Terrestrial-23-Cat-1507.jpg,0.09222276508808136
SegMaR/S2C,COD10K-CAM-2-Terrestrial-23-Cat-1509.jpg,0.03724482282996178
SegMaR/S2C,COD10K-CAM-2-Terrestrial-23-Cat-1511.jpg,0.03207186982035637
SegMaR/S2C,COD10K-CAM-2-Terrestrial-23-Cat-1513.jpg,0.014503095299005508
SegMaR/S2C,COD10K-CAM-2-Terrestrial-23-Cat-1517.jpg,0.019579757004976273
SegMaR/S2C,COD10K-CAM-2-Terrestrial-23-Cat-1518.jpg,0.027053050696849823
SegMaR/S2C,COD10K-CAM-2-Terrestrial-23-Cat-1519.jpg,0.015187916345894337
SegMaR/S2C,COD10K-CAM-2-Terrestrial-23-Cat-1521.jpg,0.03798602521419525
SegMaR/S2C,COD10K-CAM-2-Terrestrial-23-Cat-1525.jpg,0.0829363763332367
SegMaR/S2C,COD10K-CAM-2-Terrestrial-23-Cat-1528.jpg,0.01373755931854248
SegMaR/S2C,COD10K-CAM-2-Terrestrial-23-Cat-1529.jpg,0.02490551583468914
SegMaR/S2C,COD10K-CAM-2-Terrestrial-23-Cat-1533.jpg,0.029017306864261627
SegMaR/S2C,COD10K-CAM-2-Terrestrial-23-Cat-1535.jpg,0.037957899272441864
SegMaR/S2C,COD10K-CAM-2-Terrestrial-23-Cat-1536.jpg,0.12916196882724762
SegMaR/S2C,COD10K-CAM-2-Terrestrial-23-Cat-1538.jpg,0.014067895710468292
SegMaR/S2C,COD10K-CAM-2-Terrestrial-23-Cat-1539.jpg,0.0020274969283491373
SegMaR/S2C,COD10K-CAM-2-Terrestrial-23-Cat-1540.jpg,0.01332753524184227
SegMaR/S2C,COD10K-CAM-2-Terrestrial-24-Caterpillar-1542.jpg,0.044463060796260834
SegMaR/S2C,COD10K-CAM-2-Terrestrial-24-Caterpillar-1544.jpg,0.010342300869524479
SegMaR/S2C,COD10K-CAM-2-Terrestrial-24-Caterpillar-1547.jpg,0.015722379088401794
SegMaR/S2C,COD10K-CAM-2-Terrestrial-24-Caterpillar-1549.jpg,0.053606048226356506
SegMaR/S2C,COD10K-CAM-2-Terrestrial-24-Caterpillar-1550.jpg,0.012030769139528275
SegMaR/S2C,COD10K-CAM-2-Terrestrial-24-Caterpillar-1551.jpg,0.03862101584672928
SegMaR/S2C,COD10K-CAM-2-Terrestrial-24-Caterpillar-1553.jpg,0.06142771244049072
SegMaR/S2C,COD10K-CAM-2-Terrestrial-24-Caterpillar-1554.jpg,0.056692615151405334
SegMaR/S2C,COD10K-CAM-2-Terrestrial-24-Caterpillar-1555.jpg,0.01385965384542942
SegMaR/S2C,COD10K-CAM-2-Terrestrial-24-Caterpillar-1556.jpg,0.107065349817276
SegMaR/S2C,COD10K-CAM-2-Terrestrial-24-Caterpillar-1558.jpg,0.05306490510702133
SegMaR/S2C,COD10K-CAM-2-Terrestrial-24-Caterpillar-1559.jpg,0.03496347367763519
SegMaR/S2C,COD10K-CAM-2-Terrestrial-24-Caterpillar-1561.jpg,0.0166862141340971
SegMaR/S2C,COD10K-CAM-2-Terrestrial-24-Caterpillar-1562.jpg,0.034060463309288025
SegMaR/S2C,COD10K-CAM-2-Terrestrial-24-Caterpillar-1563.jpg,0.016850363463163376
SegMaR/S2C,COD10K-CAM-2-Terrestrial-24-Caterpillar-1566.jpg,0.06056351587176323
SegMaR/S2C,COD10K-CAM-2-Terrestrial-24-Caterpillar-1569.jpg,0.046433497220277786
SegMaR/S2C,COD10K-CAM-2-Terrestrial-24-Caterpillar-1571.jpg,0.0963568240404129
SegMaR/S2C,COD10K-CAM-2-Terrestrial-24-Caterpillar-1573.jpg,0.030640825629234314
SegMaR/S2C,COD10K-CAM-2-Terrestrial-24-Caterpillar-1575.jpg,0.024593133479356766
SegMaR/S2C,COD10K-CAM-2-Terrestrial-24-Caterpillar-1576.jpg,0.07192041724920273
SegMaR/S2C,COD10K-CAM-2-Terrestrial-24-Caterpillar-1577.jpg,0.015514768660068512
SegMaR/S2C,COD10K-CAM-2-Terrestrial-24-Caterpillar-1578.jpg,0.030730869621038437
SegMaR/S2C,COD10K-CAM-2-Terrestrial-24-Caterpillar-1579.jpg,0.02946840040385723
SegMaR/S2C,COD10K-CAM-2-Terrestrial-24-Caterpillar-1580.jpg,0.003979205619543791
SegMaR/S2C,COD10K-CAM-2-Terrestrial-24-Caterpillar-1583.jpg,0.018661493435502052
SegMaR/S2C,COD10K-CAM-2-Terrestrial-24-Caterpillar-1584.jpg,0.015205379575490952
SegMaR/S2C,COD10K-CAM-2-Terrestrial-24-Caterpillar-1585.jpg,0.013090305030345917
SegMaR/S2C,COD10K-CAM-2-Terrestrial-24-Caterpillar-1586.jpg,0.020236743614077568
SegMaR/S2C,COD10K-CAM-2-Terrestrial-24-Caterpillar-1588.jpg,0.03718236833810806
SegMaR/S2C,COD10K-CAM-2-Terrestrial-24-Caterpillar-1589.jpg,0.04638506472110748
SegMaR/S2C,COD10K-CAM-2-Terrestrial-24-Caterpillar-1590.jpg,0.004123613703995943
SegMaR/S2C,COD10K-CAM-2-Terrestrial-24-Caterpillar-1592.jpg,0.028478767722845078
SegMaR/S2C,COD10K-CAM-2-Terrestrial-24-Caterpillar-1593.jpg,0.04597241431474686
SegMaR/S2C,COD10K-CAM-2-Terrestrial-24-Caterpillar-1595.jpg,0.0197905320674181
SegMaR/S2C,COD10K-CAM-2-Terrestrial-24-Caterpillar-1598.jpg,0.011874671094119549
SegMaR/S2C,COD10K-CAM-2-Terrestrial-24-Caterpillar-1599.jpg,0.02882593683898449
SegMaR/S2C,COD10K-CAM-2-Terrestrial-24-Caterpillar-1600.jpg,0.022733168676495552
SegMaR/S2C,COD10K-CAM-2-Terrestrial-24-Caterpillar-1601.jpg,0.023465832695364952
SegMaR/S2C,COD10K-CAM-2-Terrestrial-24-Caterpillar-1603.jpg,0.022535495460033417
SegMaR/S2C,COD10K-CAM-2-Terrestrial-24-Caterpillar-1604.jpg,0.04199095815420151
SegMaR/S2C,COD10K-CAM-2-Terrestrial-24-Caterpillar-1605.jpg,0.06342078000307083
SegMaR/S2C,COD10K-CAM-2-Terrestrial-24-Caterpillar-1606.jpg,0.02502700313925743
SegMaR/S2C,COD10K-CAM-2-Terrestrial-24-Caterpillar-1609.jpg,0.015176823362708092
SegMaR/S2C,COD10K-CAM-2-Terrestrial-24-Caterpillar-1610.jpg,0.019457925111055374
SegMaR/S2C,COD10K-CAM-2-Terrestrial-24-Caterpillar-1611.jpg,0.002826498355716467
SegMaR/S2C,COD10K-CAM-2-Terrestrial-24-Caterpillar-1612.jpg,0.0033856434747576714
SegMaR/S2C,COD10K-CAM-2-Terrestrial-24-Caterpillar-1613.jpg,0.02813301421701908
SegMaR/S2C,COD10K-CAM-2-Terrestrial-24-Caterpillar-1614.jpg,0.014594013802707195
SegMaR/S2C,COD10K-CAM-2-Terrestrial-24-Caterpillar-1615.jpg,0.006831255275756121
SegMaR/S2C,COD10K-CAM-2-Terrestrial-24-Caterpillar-1617.jpg,0.020065871998667717
SegMaR/S2C,COD10K-CAM-2-Terrestrial-24-Caterpillar-1618.jpg,0.024654846638441086
SegMaR/S2C,COD10K-CAM-2-Terrestrial-24-Caterpillar-1619.jpg,0.026803355664014816
SegMaR/S2C,COD10K-CAM-2-Terrestrial-24-Caterpillar-1620.jpg,0.015821360051631927
SegMaR/S2C,COD10K-CAM-2-Terrestrial-24-Caterpillar-1624.jpg,0.01597202941775322
SegMaR/S2C,COD10K-CAM-2-Terrestrial-24-Caterpillar-1625.jpg,0.04261094704270363
SegMaR/S2C,COD10K-CAM-2-Terrestrial-24-Caterpillar-1627.jpg,0.03991551324725151
SegMaR/S2C,COD10K-CAM-2-Terrestrial-24-Caterpillar-1628.jpg,0.02197381854057312
SegMaR/S2C,COD10K-CAM-2-Terrestrial-24-Caterpillar-1629.jpg,0.03794950991868973
SegMaR/S2C,COD10K-CAM-2-Terrestrial-24-Caterpillar-1630.jpg,0.05567563325166702
SegMaR/S2C,COD10K-CAM-2-Terrestrial-24-Caterpillar-1631.jpg,0.06541452556848526
SegMaR/S2C,COD10K-CAM-2-Terrestrial-24-Caterpillar-1632.jpg,0.03778315708041191
SegMaR/S2C,COD10K-CAM-2-Terrestrial-24-Caterpillar-1634.jpg,0.012063202448189259
SegMaR/S2C,COD10K-CAM-2-Terrestrial-24-Caterpillar-1635.jpg,0.09450848400592804
SegMaR/S2C,COD10K-CAM-2-Terrestrial-24-Caterpillar-1636.jpg,0.018659602850675583
SegMaR/S2C,COD10K-CAM-2-Terrestrial-24-Caterpillar-1637.jpg,0.016506418585777283
SegMaR/S2C,COD10K-CAM-2-Terrestrial-24-Caterpillar-1638.jpg,0.015533647499978542
SegMaR/S2C,COD10K-CAM-2-Terrestrial-24-Caterpillar-1639.jpg,0.0089290551841259
SegMaR/S2C,COD10K-CAM-2-Terrestrial-24-Caterpillar-1640.jpg,0.03296124190092087
SegMaR/S2C,COD10K-CAM-2-Terrestrial-24-Caterpillar-1642.jpg,0.11139248311519623
SegMaR/S2C,COD10K-CAM-2-Terrestrial-24-Caterpillar-1646.jpg,0.04814404994249344
SegMaR/S2C,COD10K-CAM-2-Terrestrial-24-Caterpillar-1647.jpg,0.014260009862482548
SegMaR/S2C,COD10K-CAM-2-Terrestrial-24-Caterpillar-1648.jpg,0.035163722932338715
SegMaR/S2C,COD10K-CAM-2-Terrestrial-24-Caterpillar-1649.jpg,0.02861052006483078
SegMaR/S2C,COD10K-CAM-2-Terrestrial-24-Caterpillar-1651.jpg,0.04417460039258003
SegMaR/S2C,COD10K-CAM-2-Terrestrial-24-Caterpillar-1654.jpg,0.02294003777205944
SegMaR/S2C,COD10K-CAM-2-Terrestrial-25-Centipede-1656.jpg,0.01734115742146969
SegMaR/S2C,COD10K-CAM-2-Terrestrial-25-Centipede-1657.jpg,0.008346062153577805
SegMaR/S2C,COD10K-CAM-2-Terrestrial-25-Centipede-1660.jpg,0.01340152882039547
SegMaR/S2C,COD10K-CAM-2-Terrestrial-25-Centipede-1661.jpg,0.003920326940715313
SegMaR/S2C,COD10K-CAM-2-Terrestrial-25-Centipede-1662.jpg,0.039701998233795166
SegMaR/S2C,COD10K-CAM-2-Terrestrial-26-Chameleon-1664.jpg,0.06330166012048721
SegMaR/S2C,COD10K-CAM-2-Terrestrial-26-Chameleon-1665.jpg,0.044808171689510345
SegMaR/S2C,COD10K-CAM-2-Terrestrial-26-Chameleon-1666.jpg,0.010502425953745842
SegMaR/S2C,COD10K-CAM-2-Terrestrial-26-Chameleon-1668.jpg,0.04118729382753372
SegMaR/S2C,COD10K-CAM-2-Terrestrial-26-Chameleon-1669.jpg,0.02143719047307968
SegMaR/S2C,COD10K-CAM-2-Terrestrial-26-Chameleon-1672.jpg,0.0778392031788826
SegMaR/S2C,COD10K-CAM-2-Terrestrial-26-Chameleon-1673.jpg,0.056998103857040405
SegMaR/S2C,COD10K-CAM-2-Terrestrial-26-Chameleon-1674.jpg,0.13620075583457947
SegMaR/S2C,COD10K-CAM-2-Terrestrial-26-Chameleon-1675.jpg,0.03268273174762726
SegMaR/S2C,COD10K-CAM-2-Terrestrial-26-Chameleon-1677.jpg,0.0163141880184412
SegMaR/S2C,COD10K-CAM-2-Terrestrial-26-Chameleon-1678.jpg,0.011540417559444904
SegMaR/S2C,COD10K-CAM-2-Terrestrial-26-Chameleon-1679.jpg,0.018423832952976227
SegMaR/S2C,COD10K-CAM-2-Terrestrial-26-Chameleon-1680.jpg,0.04135236144065857
SegMaR/S2C,COD10K-CAM-2-Terrestrial-26-Chameleon-1682.jpg,0.03783901780843735
SegMaR/S2C,COD10K-CAM-2-Terrestrial-26-Chameleon-1683.jpg,0.0234982892870903
SegMaR/S2C,COD10K-CAM-2-Terrestrial-26-Chameleon-1684.jpg,0.0062982626259326935
SegMaR/S2C,COD10K-CAM-2-Terrestrial-26-Chameleon-1685.jpg,0.03372920677065849
SegMaR/S2C,COD10K-CAM-2-Terrestrial-26-Chameleon-1686.jpg,0.014138225466012955
SegMaR/S2C,COD10K-CAM-2-Terrestrial-26-Chameleon-1687.jpg,0.06718061864376068
SegMaR/S2C,COD10K-CAM-2-Terrestrial-26-Chameleon-1690.jpg,0.013824570924043655
SegMaR/S2C,COD10K-CAM-2-Terrestrial-26-Chameleon-1691.jpg,0.04635683447122574
SegMaR/S2C,COD10K-CAM-2-Terrestrial-26-Chameleon-1694.jpg,0.03575205057859421
SegMaR/S2C,COD10K-CAM-2-Terrestrial-26-Chameleon-1695.jpg,0.021173693239688873
SegMaR/S2C,COD10K-CAM-2-Terrestrial-26-Chameleon-1700.jpg,0.08239227533340454
SegMaR/S2C,COD10K-CAM-2-Terrestrial-26-Chameleon-1702.jpg,0.03072275035083294
SegMaR/S2C,COD10K-CAM-2-Terrestrial-26-Chameleon-1704.jpg,0.03556455299258232
SegMaR/S2C,COD10K-CAM-2-Terrestrial-26-Chameleon-1708.jpg,0.023247642442584038
SegMaR/S2C,COD10K-CAM-2-Terrestrial-26-Chameleon-1710.jpg,0.0123886838555336
SegMaR/S2C,COD10K-CAM-2-Terrestrial-26-Chameleon-1712.jpg,0.023370468989014626
SegMaR/S2C,COD10K-CAM-2-Terrestrial-26-Chameleon-1714.jpg,0.018648730590939522
SegMaR/S2C,COD10K-CAM-2-Terrestrial-26-Chameleon-1715.jpg,0.039161764085292816
SegMaR/S2C,COD10K-CAM-2-Terrestrial-26-Chameleon-1717.jpg,0.020600218325853348
SegMaR/S2C,COD10K-CAM-2-Terrestrial-26-Chameleon-1718.jpg,0.03416214883327484
SegMaR/S2C,COD10K-CAM-2-Terrestrial-26-Chameleon-1720.jpg,0.0072255684062838554
SegMaR/S2C,COD10K-CAM-2-Terrestrial-26-Chameleon-1721.jpg,0.04114522039890289
SegMaR/S2C,COD10K-CAM-2-Terrestrial-26-Chameleon-1724.jpg,0.03606238216161728
SegMaR/S2C,COD10K-CAM-2-Terrestrial-26-Chameleon-1725.jpg,0.04822792857885361
SegMaR/S2C,COD10K-CAM-2-Terrestrial-26-Chameleon-1726.jpg,0.031018365174531937
SegMaR/S2C,COD10K-CAM-2-Terrestrial-26-Chameleon-1728.jpg,0.02503241039812565
SegMaR/S2C,COD10K-CAM-2-Terrestrial-26-Chameleon-1729.jpg,0.024538414552807808
SegMaR/S2C,COD10K-CAM-2-Terrestrial-26-Chameleon-1731.jpg,0.02681024558842182
SegMaR/S2C,COD10K-CAM-2-Terrestrial-26-Chameleon-1732.jpg,0.03651593625545502
SegMaR/S2C,COD10K-CAM-2-Terrestrial-26-Chameleon-1733.jpg,0.03838461637496948
SegMaR/S2C,COD10K-CAM-2-Terrestrial-26-Chameleon-1734.jpg,0.08530804514884949
SegMaR/S2C,COD10K-CAM-2-Terrestrial-26-Chameleon-1735.jpg,0.0353657603263855
SegMaR/S2C,COD10K-CAM-2-Terrestrial-26-Chameleon-1736.jpg,0.020032264292240143
SegMaR/S2C,COD10K-CAM-2-Terrestrial-27-Cheetah-1738.jpg,0.01909632422029972
SegMaR/S2C,COD10K-CAM-2-Terrestrial-27-Cheetah-1740.jpg,0.009021169506013393
SegMaR/S2C,COD10K-CAM-2-Terrestrial-27-Cheetah-1741.jpg,0.021899307146668434
SegMaR/S2C,COD10K-CAM-2-Terrestrial-27-Cheetah-1744.jpg,0.010619479231536388
SegMaR/S2C,COD10K-CAM-2-Terrestrial-27-Cheetah-1746.jpg,0.005695464555174112
SegMaR/S2C,COD10K-CAM-2-Terrestrial-27-Cheetah-1748.jpg,0.009195717051625252
SegMaR/S2C,COD10K-CAM-2-Terrestrial-27-Cheetah-1749.jpg,0.07946421205997467
SegMaR/S2C,COD10K-CAM-2-Terrestrial-27-Cheetah-1752.jpg,0.0060262056067585945
SegMaR/S2C,COD10K-CAM-2-Terrestrial-27-Cheetah-1754.jpg,0.026594089344143867
SegMaR/S2C,COD10K-CAM-2-Terrestrial-27-Cheetah-1757.jpg,0.015163050033152103
SegMaR/S2C,COD10K-CAM-2-Terrestrial-28-Deer-1759.jpg,0.006368453614413738
SegMaR/S2C,COD10K-CAM-2-Terrestrial-28-Deer-1763.jpg,0.014721110463142395
SegMaR/S2C,COD10K-CAM-2-Terrestrial-28-Deer-1765.jpg,0.04575882852077484
SegMaR/S2C,COD10K-CAM-2-Terrestrial-28-Deer-1770.jpg,0.00481397146359086
SegMaR/S2C,COD10K-CAM-2-Terrestrial-28-Deer-1771.jpg,0.009132802486419678
SegMaR/S2C,COD10K-CAM-2-Terrestrial-28-Deer-1774.jpg,0.0494086891412735
SegMaR/S2C,COD10K-CAM-2-Terrestrial-28-Deer-1776.jpg,0.014890948310494423
SegMaR/S2C,COD10K-CAM-2-Terrestrial-28-Deer-1777.jpg,0.001237213145941496
SegMaR/S2C,COD10K-CAM-2-Terrestrial-28-Deer-1778.jpg,0.005832605063915253
SegMaR/S2C,COD10K-CAM-2-Terrestrial-28-Deer-1780.jpg,0.03450288623571396
SegMaR/S2C,COD10K-CAM-2-Terrestrial-28-Deer-1781.jpg,0.02609018236398697
SegMaR/S2C,COD10K-CAM-2-Terrestrial-28-Deer-1782.jpg,0.023280832916498184
SegMaR/S2C,COD10K-CAM-2-Terrestrial-28-Deer-1783.jpg,0.027703870087862015
SegMaR/S2C,COD10K-CAM-2-Terrestrial-28-Deer-1786.jpg,0.01243188139051199
SegMaR/S2C,COD10K-CAM-2-Terrestrial-28-Deer-1787.jpg,0.011685497127473354
SegMaR/S2C,COD10K-CAM-2-Terrestrial-28-Deer-1789.jpg,0.018959002569317818
SegMaR/S2C,COD10K-CAM-2-Terrestrial-28-Deer-1793.jpg,0.014592967927455902
SegMaR/S2C,COD10K-CAM-2-Terrestrial-28-Deer-1796.jpg,0.023526012897491455
SegMaR/S2C,COD10K-CAM-2-Terrestrial-28-Deer-1797.jpg,0.014065733179450035
SegMaR/S2C,COD10K-CAM-2-Terrestrial-28-Deer-1798.jpg,0.1384056806564331
SegMaR/S2C,COD10K-CAM-2-Terrestrial-28-Deer-1799.jpg,0.02479611709713936
SegMaR/S2C,COD10K-CAM-2-Terrestrial-28-Deer-1800.jpg,0.0033427944872528315
SegMaR/S2C,COD10K-CAM-2-Terrestrial-28-Deer-1802.jpg,0.027987226843833923
SegMaR/S2C,COD10K-CAM-2-Terrestrial-28-Deer-1803.jpg,0.03254968672990799
SegMaR/S2C,COD10K-CAM-2-Terrestrial-29-Dog-1806.jpg,0.008568880148231983
SegMaR/S2C,COD10K-CAM-2-Terrestrial-29-Dog-1807.jpg,0.019742172211408615
SegMaR/S2C,COD10K-CAM-2-Terrestrial-29-Dog-1808.jpg,0.06614282727241516
SegMaR/S2C,COD10K-CAM-2-Terrestrial-29-Dog-1809.jpg,0.013558460399508476
SegMaR/S2C,COD10K-CAM-2-Terrestrial-29-Dog-1810.jpg,0.10547046363353729
SegMaR/S2C,COD10K-CAM-2-Terrestrial-29-Dog-1811.jpg,0.019894545897841454
SegMaR/S2C,COD10K-CAM-2-Terrestrial-29-Dog-1812.jpg,0.0042786141857504845
SegMaR/S2C,COD10K-CAM-2-Terrestrial-29-Dog-1813.jpg,0.015214948914945126
SegMaR/S2C,COD10K-CAM-2-Terrestrial-29-Dog-1818.jpg,0.020143061876296997
SegMaR/S2C,COD10K-CAM-2-Terrestrial-29-Dog-1819.jpg,0.021560149267315865
SegMaR/S2C,COD10K-CAM-2-Terrestrial-29-Dog-1821.jpg,0.0041735549457371235
SegMaR/S2C,COD10K-CAM-2-Terrestrial-29-Dog-1822.jpg,0.031675174832344055
SegMaR/S2C,COD10K-CAM-2-Terrestrial-29-Dog-1823.jpg,0.014242837205529213
SegMaR/S2C,COD10K-CAM-2-Terrestrial-29-Dog-1824.jpg,0.028947528451681137
SegMaR/S2C,COD10K-CAM-2-Terrestrial-29-Dog-1826.jpg,0.017659777775406837
SegMaR/S2C,COD10K-CAM-2-Terrestrial-29-Dog-1828.jpg,0.043767333030700684
SegMaR/S2C,COD10K-CAM-2-Terrestrial-29-Dog-1833.jpg,0.02261139638721943
SegMaR/S2C,COD10K-CAM-2-Terrestrial-29-Dog-1839.jpg,0.007178203202784061
SegMaR/S2C,COD10K-CAM-2-Terrestrial-29-Dog-1841.jpg,0.09990398585796356
SegMaR/S2C,COD10K-CAM-2-Terrestrial-29-Dog-1842.jpg,0.007363598328083754
SegMaR/S2C,COD10K-CAM-2-Terrestrial-29-Dog-1843.jpg,0.060152389109134674
SegMaR/S2C,COD10K-CAM-2-Terrestrial-29-Dog-1844.jpg,0.011988668702542782
SegMaR/S2C,COD10K-CAM-2-Terrestrial-29-Dog-1845.jpg,0.0025936325546354055
SegMaR/S2C,COD10K-CAM-2-Terrestrial-29-Dog-1846.jpg,0.003586534643545747
SegMaR/S2C,COD10K-CAM-2-Terrestrial-29-Dog-1847.jpg,0.10057849436998367
SegMaR/S2C,COD10K-CAM-2-Terrestrial-29-Dog-1848.jpg,0.03536155819892883
SegMaR/S2C,COD10K-CAM-2-Terrestrial-29-Dog-1849.jpg,0.0033600612077862024
SegMaR/S2C,COD10K-CAM-2-Terrestrial-29-Dog-1850.jpg,0.03917349874973297
SegMaR/S2C,COD10K-CAM-2-Terrestrial-29-Dog-1852.jpg,0.06668482720851898
SegMaR/S2C,COD10K-CAM-2-Terrestrial-29-Dog-1855.jpg,0.014452611096203327
SegMaR/S2C,COD10K-CAM-2-Terrestrial-29-Dog-1857.jpg,0.04602806270122528
SegMaR/S2C,COD10K-CAM-2-Terrestrial-29-Dog-1858.jpg,0.024629510939121246
SegMaR/S2C,COD10K-CAM-2-Terrestrial-29-Dog-1859.jpg,0.04257172346115112
SegMaR/S2C,COD10K-CAM-2-Terrestrial-29-Dog-1860.jpg,0.0054446556605398655
SegMaR/S2C,COD10K-CAM-2-Terrestrial-29-Dog-1861.jpg,0.01149931363761425
SegMaR/S2C,COD10K-CAM-2-Terrestrial-30-Duck-1863.jpg,0.024048183113336563
SegMaR/S2C,COD10K-CAM-2-Terrestrial-30-Duck-1864.jpg,0.019748693332076073
SegMaR/S2C,COD10K-CAM-2-Terrestrial-30-Duck-1865.jpg,0.016807474195957184
SegMaR/S2C,COD10K-CAM-2-Terrestrial-30-Duck-1867.jpg,0.05058037117123604
SegMaR/S2C,COD10K-CAM-2-Terrestrial-30-Duck-1869.jpg,0.017399456351995468
SegMaR/S2C,COD10K-CAM-2-Terrestrial-30-Duck-1872.jpg,0.00940756406635046
SegMaR/S2C,COD10K-CAM-2-Terrestrial-30-Duck-1874.jpg,0.0099831223487854
SegMaR/S2C,COD10K-CAM-2-Terrestrial-30-Duck-1875.jpg,0.0037296023219823837
SegMaR/S2C,COD10K-CAM-2-Terrestrial-30-Duck-1877.jpg,0.04561498761177063
SegMaR/S2C,COD10K-CAM-2-Terrestrial-30-Duck-1878.jpg,0.026498105376958847
SegMaR/S2C,COD10K-CAM-2-Terrestrial-31-Gecko-1879.jpg,0.03066423535346985
SegMaR/S2C,COD10K-CAM-2-Terrestrial-31-Gecko-1881.jpg,0.0061561837792396545
SegMaR/S2C,COD10K-CAM-2-Terrestrial-31-Gecko-1883.jpg,0.040069837123155594
SegMaR/S2C,COD10K-CAM-2-Terrestrial-31-Gecko-1884.jpg,0.029140377417206764
SegMaR/S2C,COD10K-CAM-2-Terrestrial-31-Gecko-1885.jpg,0.021061018109321594
SegMaR/S2C,COD10K-CAM-2-Terrestrial-31-Gecko-1886.jpg,0.017151767387986183
SegMaR/S2C,COD10K-CAM-2-Terrestrial-31-Gecko-1887.jpg,0.010121138766407967
SegMaR/S2C,COD10K-CAM-2-Terrestrial-31-Gecko-1891.jpg,0.02041245438158512
SegMaR/S2C,COD10K-CAM-2-Terrestrial-31-Gecko-1894.jpg,0.013373048976063728
SegMaR/S2C,COD10K-CAM-2-Terrestrial-31-Gecko-1896.jpg,0.03266499564051628
SegMaR/S2C,COD10K-CAM-2-Terrestrial-31-Gecko-1897.jpg,0.024721112102270126
SegMaR/S2C,COD10K-CAM-2-Terrestrial-31-Gecko-1898.jpg,0.037851810455322266
SegMaR/S2C,COD10K-CAM-2-Terrestrial-31-Gecko-1899.jpg,0.014034092426300049
SegMaR/S2C,COD10K-CAM-2-Terrestrial-31-Gecko-1900.jpg,0.015527889132499695
SegMaR/S2C,COD10K-CAM-2-Terrestrial-31-Gecko-1902.jpg,0.016106657683849335
SegMaR/S2C,COD10K-CAM-2-Terrestrial-31-Gecko-1904.jpg,0.026629343628883362
SegMaR/S2C,COD10K-CAM-2-Terrestrial-31-Gecko-1905.jpg,0.02310076355934143
SegMaR/S2C,COD10K-CAM-2-Terrestrial-31-Gecko-1906.jpg,0.033957287669181824
SegMaR/S2C,COD10K-CAM-2-Terrestrial-31-Gecko-1909.jpg,0.015090511180460453
SegMaR/S2C,COD10K-CAM-2-Terrestrial-31-Gecko-1910.jpg,0.03423549234867096
SegMaR/S2C,COD10K-CAM-2-Terrestrial-31-Gecko-1911.jpg,0.0038269138894975185
SegMaR/S2C,COD10K-CAM-2-Terrestrial-31-Gecko-1912.jpg,0.07732915878295898
SegMaR/S2C,COD10K-CAM-2-Terrestrial-31-Gecko-1914.jpg,0.013393867760896683
SegMaR/S2C,COD10K-CAM-2-Terrestrial-31-Gecko-1915.jpg,0.017950087785720825
SegMaR/S2C,COD10K-CAM-2-Terrestrial-31-Gecko-1916.jpg,0.0027932149823755026
SegMaR/S2C,COD10K-CAM-2-Terrestrial-31-Gecko-1918.jpg,0.0028602443635463715
SegMaR/S2C,COD10K-CAM-2-Terrestrial-31-Gecko-1919.jpg,0.04191679134964943
SegMaR/S2C,COD10K-CAM-2-Terrestrial-31-Gecko-1921.jpg,0.08179248124361038
SegMaR/S2C,COD10K-CAM-2-Terrestrial-31-Gecko-1924.jpg,0.02660767361521721
SegMaR/S2C,COD10K-CAM-2-Terrestrial-31-Gecko-1925.jpg,0.0277333352714777
SegMaR/S2C,COD10K-CAM-2-Terrestrial-31-Gecko-1926.jpg,0.05888746306300163
SegMaR/S2C,COD10K-CAM-2-Terrestrial-31-Gecko-1928.jpg,0.06082307547330856
SegMaR/S2C,COD10K-CAM-2-Terrestrial-32-Giraffe-1930.jpg,0.0126552889123559
SegMaR/S2C,COD10K-CAM-2-Terrestrial-32-Giraffe-1931.jpg,0.024203473702073097
SegMaR/S2C,COD10K-CAM-2-Terrestrial-32-Giraffe-1933.jpg,0.02128395065665245
SegMaR/S2C,COD10K-CAM-2-Terrestrial-32-Giraffe-1936.jpg,0.038057658821344376
SegMaR/S2C,COD10K-CAM-2-Terrestrial-32-Giraffe-1938.jpg,0.03454273194074631
SegMaR/S2C,COD10K-CAM-2-Terrestrial-32-Giraffe-1939.jpg,0.0598597377538681
SegMaR/S2C,COD10K-CAM-2-Terrestrial-32-Giraffe-1943.jpg,0.029955916106700897
SegMaR/S2C,COD10K-CAM-2-Terrestrial-32-Giraffe-1944.jpg,0.07273823767900467
SegMaR/S2C,COD10K-CAM-2-Terrestrial-32-Giraffe-1945.jpg,0.007537033408880234
SegMaR/S2C,COD10K-CAM-2-Terrestrial-32-Giraffe-1946.jpg,0.003683671588078141
SegMaR/S2C,COD10K-CAM-2-Terrestrial-32-Giraffe-1948.jpg,0.011713419109582901
SegMaR/S2C,COD10K-CAM-2-Terrestrial-32-Giraffe-1949.jpg,0.11637644469738007
SegMaR/S2C,COD10K-CAM-2-Terrestrial-33-Grouse-1951.jpg,0.0034225156996399164
SegMaR/S2C,COD10K-CAM-2-Terrestrial-33-Grouse-1953.jpg,0.034546975046396255
SegMaR/S2C,COD10K-CAM-2-Terrestrial-33-Grouse-1955.jpg,0.009325302205979824
SegMaR/S2C,COD10K-CAM-2-Terrestrial-33-Grouse-1956.jpg,0.010759655386209488
SegMaR/S2C,COD10K-CAM-2-Terrestrial-33-Grouse-1957.jpg,0.013977108523249626
SegMaR/S2C,COD10K-CAM-2-Terrestrial-33-Grouse-1960.jpg,0.02432975172996521
SegMaR/S2C,COD10K-CAM-2-Terrestrial-33-Grouse-1963.jpg,0.08260929584503174
SegMaR/S2C,COD10K-CAM-2-Terrestrial-33-Grouse-1964.jpg,0.017730940133333206
SegMaR/S2C,COD10K-CAM-2-Terrestrial-33-Grouse-1965.jpg,0.007993275299668312
SegMaR/S2C,COD10K-CAM-2-Terrestrial-33-Grouse-1967.jpg,0.009592847898602486
SegMaR/S2C,COD10K-CAM-2-Terrestrial-34-Human-1968.jpg,0.02600434608757496
SegMaR/S2C,COD10K-CAM-2-Terrestrial-34-Human-1969.jpg,0.029564229771494865
SegMaR/S2C,COD10K-CAM-2-Terrestrial-34-Human-1971.jpg,0.02129168063402176
SegMaR/S2C,COD10K-CAM-2-Terrestrial-34-Human-1972.jpg,0.003347675083205104
SegMaR/S2C,COD10K-CAM-2-Terrestrial-34-Human-1974.jpg,0.033430065959692
SegMaR/S2C,COD10K-CAM-2-Terrestrial-34-Human-1976.jpg,0.015599578619003296
SegMaR/S2C,COD10K-CAM-2-Terrestrial-34-Human-1977.jpg,0.009665831923484802
SegMaR/S2C,COD10K-CAM-2-Terrestrial-34-Human-1979.jpg,0.03046848624944687
SegMaR/S2C,COD10K-CAM-2-Terrestrial-34-Human-1981.jpg,0.06924782693386078
SegMaR/S2C,COD10K-CAM-2-Terrestrial-34-Human-1982.jpg,0.07173927873373032
SegMaR/S2C,COD10K-CAM-2-Terrestrial-34-Human-1984.jpg,0.0070553929544985294
SegMaR/S2C,COD10K-CAM-2-Terrestrial-34-Human-1986.jpg,0.01718755252659321
SegMaR/S2C,COD10K-CAM-2-Terrestrial-34-Human-1988.jpg,0.09618277102708817
SegMaR/S2C,COD10K-CAM-2-Terrestrial-34-Human-1989.jpg,0.054338835179805756
SegMaR/S2C,COD10K-CAM-2-Terrestrial-34-Human-1994.jpg,0.03315496817231178
SegMaR/S2C,COD10K-CAM-2-Terrestrial-34-Human-1995.jpg,0.09915022552013397
SegMaR/S2C,COD10K-CAM-2-Terrestrial-34-Human-1999.jpg,0.08571547269821167
SegMaR/S2C,COD10K-CAM-2-Terrestrial-34-Human-2001.jpg,0.0091807059943676
SegMaR/S2C,COD10K-CAM-2-Terrestrial-34-Human-2002.jpg,0.058432966470718384
SegMaR/S2C,COD10K-CAM-2-Terrestrial-34-Human-2003.jpg,0.041591301560401917
SegMaR/S2C,COD10K-CAM-2-Terrestrial-34-Human-2004.jpg,0.03303856775164604
SegMaR/S2C,COD10K-CAM-2-Terrestrial-34-Human-2005.jpg,0.049052514135837555
SegMaR/S2C,COD10K-CAM-2-Terrestrial-34-Human-2006.jpg,0.09681078046560287
SegMaR/S2C,COD10K-CAM-2-Terrestrial-34-Human-2008.jpg,0.007509786635637283
SegMaR/S2C,COD10K-CAM-2-Terrestrial-34-Human-2009.jpg,0.14615251123905182
SegMaR/S2C,COD10K-CAM-2-Terrestrial-34-Human-2011.jpg,0.06128823384642601
SegMaR/S2C,COD10K-CAM-2-Terrestrial-34-Human-2015.jpg,0.023361947387456894
SegMaR/S2C,COD10K-CAM-2-Terrestrial-34-Human-2016.jpg,0.025809941813349724
SegMaR/S2C,COD10K-CAM-2-Terrestrial-34-Human-2019.jpg,0.030803654342889786
SegMaR/S2C,COD10K-CAM-2-Terrestrial-34-Human-2020.jpg,0.013917732983827591
SegMaR/S2C,COD10K-CAM-2-Terrestrial-34-Human-2021.jpg,0.12873849272727966
SegMaR/S2C,COD10K-CAM-2-Terrestrial-34-Human-2022.jpg,0.15042555332183838
SegMaR/S2C,COD10K-CAM-2-Terrestrial-34-Human-2023.jpg,0.0049416301771998405
SegMaR/S2C,COD10K-CAM-2-Terrestrial-34-Human-2024.jpg,0.18273696303367615
SegMaR/S2C,COD10K-CAM-2-Terrestrial-34-Human-2025.jpg,0.07155705243349075
SegMaR/S2C,COD10K-CAM-2-Terrestrial-34-Human-2026.jpg,0.04695836454629898
SegMaR/S2C,COD10K-CAM-2-Terrestrial-34-Human-2027.jpg,0.03414361923933029
SegMaR/S2C,COD10K-CAM-2-Terrestrial-34-Human-2029.jpg,0.007676815148442984
SegMaR/S2C,COD10K-CAM-2-Terrestrial-34-Human-2030.jpg,0.11191920191049576
SegMaR/S2C,COD10K-CAM-2-Terrestrial-34-Human-2032.jpg,0.013210562989115715
SegMaR/S2C,COD10K-CAM-2-Terrestrial-34-Human-2033.jpg,0.010877556167542934
SegMaR/S2C,COD10K-CAM-2-Terrestrial-34-Human-2036.jpg,0.09859468042850494
SegMaR/S2C,COD10K-CAM-2-Terrestrial-34-Human-2038.jpg,0.05445559322834015
SegMaR/S2C,COD10K-CAM-2-Terrestrial-34-Human-2040.jpg,0.07000972330570221
SegMaR/S2C,COD10K-CAM-2-Terrestrial-34-Human-2041.jpg,0.013675420545041561
SegMaR/S2C,COD10K-CAM-2-Terrestrial-34-Human-2042.jpg,0.018676461651921272
SegMaR/S2C,COD10K-CAM-2-Terrestrial-34-Human-2043.jpg,0.023877421393990517
SegMaR/S2C,COD10K-CAM-2-Terrestrial-34-Human-2044.jpg,0.004756324924528599
SegMaR/S2C,COD10K-CAM-2-Terrestrial-34-Human-2046.jpg,0.06135912984609604
SegMaR/S2C,COD10K-CAM-2-Terrestrial-35-Kangaroo-2047.jpg,0.0074277473613619804
SegMaR/S2C,COD10K-CAM-2-Terrestrial-35-Kangaroo-2048.jpg,0.01601509004831314
SegMaR/S2C,COD10K-CAM-2-Terrestrial-35-Kangaroo-2051.jpg,0.028253935277462006
SegMaR/S2C,COD10K-CAM-2-Terrestrial-35-Kangaroo-2052.jpg,0.008146918378770351
SegMaR/S2C,COD10K-CAM-2-Terrestrial-35-Kangaroo-2054.jpg,0.021120868623256683
SegMaR/S2C,COD10K-CAM-2-Terrestrial-35-Kangaroo-2055.jpg,0.003192635253071785
SegMaR/S2C,COD10K-CAM-2-Terrestrial-36-Leopard-2056.jpg,0.026620332151651382
SegMaR/S2C,COD10K-CAM-2-Terrestrial-36-Leopard-2057.jpg,0.108877032995224
SegMaR/S2C,COD10K-CAM-2-Terrestrial-36-Leopard-2058.jpg,0.025627784430980682
SegMaR/S2C,COD10K-CAM-2-Terrestrial-36-Leopard-2060.jpg,0.044442418962717056
SegMaR/S2C,COD10K-CAM-2-Terrestrial-36-Leopard-2062.jpg,0.01206665113568306
SegMaR/S2C,COD10K-CAM-2-Terrestrial-36-Leopard-2065.jpg,0.033869046717882156
SegMaR/S2C,COD10K-CAM-2-Terrestrial-36-Leopard-2069.jpg,0.020625289529561996
SegMaR/S2C,COD10K-CAM-2-Terrestrial-36-Leopard-2074.jpg,0.015983954071998596
SegMaR/S2C,COD10K-CAM-2-Terrestrial-36-Leopard-2075.jpg,0.02921375073492527
SegMaR/S2C,COD10K-CAM-2-Terrestrial-36-Leopard-2078.jpg,0.025086209177970886
SegMaR/S2C,COD10K-CAM-2-Terrestrial-36-Leopard-2080.jpg,0.011805583722889423
SegMaR/S2C,COD10K-CAM-2-Terrestrial-36-Leopard-2081.jpg,0.033735524863004684
SegMaR/S2C,COD10K-CAM-2-Terrestrial-36-Leopard-2083.jpg,0.02073676511645317
SegMaR/S2C,COD10K-CAM-2-Terrestrial-36-Leopard-2084.jpg,0.031560443341732025
SegMaR/S2C,COD10K-CAM-2-Terrestrial-36-Leopard-2085.jpg,0.014580229297280312
SegMaR/S2C,COD10K-CAM-2-Terrestrial-36-Leopard-2086.jpg,0.003343355841934681
SegMaR/S2C,COD10K-CAM-2-Terrestrial-36-Leopard-2087.jpg,0.03154277428984642
SegMaR/S2C,COD10K-CAM-2-Terrestrial-36-Leopard-2091.jpg,0.01929404027760029
SegMaR/S2C,COD10K-CAM-2-Terrestrial-36-Leopard-2093.jpg,0.017275651916861534
SegMaR/S2C,COD10K-CAM-2-Terrestrial-36-Leopard-2094.jpg,0.038900114595890045
SegMaR/S2C,COD10K-CAM-2-Terrestrial-36-Leopard-2095.jpg,0.030898887664079666
SegMaR/S2C,COD10K-CAM-2-Terrestrial-36-Leopard-2096.jpg,0.06407734751701355
SegMaR/S2C,COD10K-CAM-2-Terrestrial-36-Leopard-2097.jpg,0.03657841309905052
SegMaR/S2C,COD10K-CAM-2-Terrestrial-36-Leopard-2098.jpg,0.03574025630950928
SegMaR/S2C,COD10K-CAM-2-Terrestrial-36-Leopard-2099.jpg,0.03633507341146469
SegMaR/S2C,COD10K-CAM-2-Terrestrial-36-Leopard-2100.jpg,0.026312489062547684
SegMaR/S2C,COD10K-CAM-2-Terrestrial-36-Leopard-2102.jpg,0.04574352502822876
SegMaR/S2C,COD10K-CAM-2-Terrestrial-37-Lion-2106.jpg,0.004928898066282272
SegMaR/S2C,COD10K-CAM-2-Terrestrial-37-Lion-2108.jpg,0.030744418501853943
SegMaR/S2C,COD10K-CAM-2-Terrestrial-37-Lion-2110.jpg,0.024444209411740303
SegMaR/S2C,COD10K-CAM-2-Terrestrial-37-Lion-2111.jpg,0.0094237569719553
SegMaR/S2C,COD10K-CAM-2-Terrestrial-37-Lion-2114.jpg,0.023925956338644028
SegMaR/S2C,COD10K-CAM-2-Terrestrial-37-Lion-2115.jpg,0.00986656453460455
SegMaR/S2C,COD10K-CAM-2-Terrestrial-37-Lion-2116.jpg,0.013601736165583134
SegMaR/S2C,COD10K-CAM-2-Terrestrial-37-Lion-2117.jpg,0.01084729190915823
SegMaR/S2C,COD10K-CAM-2-Terrestrial-37-Lion-2118.jpg,0.0037726149894297123
SegMaR/S2C,COD10K-CAM-2-Terrestrial-38-Lizard-2120.jpg,0.04853381589055061
SegMaR/S2C,COD10K-CAM-2-Terrestrial-38-Lizard-2121.jpg,0.03841456025838852
SegMaR/S2C,COD10K-CAM-2-Terrestrial-38-Lizard-2122.jpg,0.044830791652202606
SegMaR/S2C,COD10K-CAM-2-Terrestrial-38-Lizard-2123.jpg,0.0319729819893837
SegMaR/S2C,COD10K-CAM-2-Terrestrial-38-Lizard-2124.jpg,0.013904999010264874
SegMaR/S2C,COD10K-CAM-2-Terrestrial-38-Lizard-2127.jpg,0.0030286223627626896
SegMaR/S2C,COD10K-CAM-2-Terrestrial-38-Lizard-2128.jpg,0.02484564296901226
SegMaR/S2C,COD10K-CAM-2-Terrestrial-38-Lizard-2129.jpg,0.021131010726094246
SegMaR/S2C,COD10K-CAM-2-Terrestrial-38-Lizard-2130.jpg,0.01651402935385704
SegMaR/S2C,COD10K-CAM-2-Terrestrial-38-Lizard-2131.jpg,0.007652705535292625
SegMaR/S2C,COD10K-CAM-2-Terrestrial-38-Lizard-2133.jpg,0.010649488307535648
SegMaR/S2C,COD10K-CAM-2-Terrestrial-38-Lizard-2134.jpg,0.027338296175003052
SegMaR/S2C,COD10K-CAM-2-Terrestrial-38-Lizard-2136.jpg,0.03210458159446716
SegMaR/S2C,COD10K-CAM-2-Terrestrial-38-Lizard-2137.jpg,0.011232100427150726
SegMaR/S2C,COD10K-CAM-2-Terrestrial-38-Lizard-2139.jpg,0.03646082431077957
SegMaR/S2C,COD10K-CAM-2-Terrestrial-38-Lizard-2140.jpg,0.011032385751605034
SegMaR/S2C,COD10K-CAM-2-Terrestrial-38-Lizard-2143.jpg,0.02451452985405922
SegMaR/S2C,COD10K-CAM-2-Terrestrial-38-Lizard-2144.jpg,0.051090121269226074
SegMaR/S2C,COD10K-CAM-2-Terrestrial-38-Lizard-2145.jpg,0.02031858265399933
SegMaR/S2C,COD10K-CAM-2-Terrestrial-38-Lizard-2146.jpg,0.01529033575206995
SegMaR/S2C,COD10K-CAM-2-Terrestrial-38-Lizard-2147.jpg,0.008713341318070889
SegMaR/S2C,COD10K-CAM-2-Terrestrial-38-Lizard-2148.jpg,0.01310325413942337
SegMaR/S2C,COD10K-CAM-2-Terrestrial-38-Lizard-2152.jpg,0.023352624848484993
SegMaR/S2C,COD10K-CAM-2-Terrestrial-38-Lizard-2154.jpg,0.03421831130981445
SegMaR/S2C,COD10K-CAM-2-Terrestrial-38-Lizard-2156.jpg,0.011247591115534306
SegMaR/S2C,COD10K-CAM-2-Terrestrial-38-Lizard-2157.jpg,0.01691841334104538
SegMaR/S2C,COD10K-CAM-2-Terrestrial-38-Lizard-2158.jpg,0.01747778058052063
SegMaR/S2C,COD10K-CAM-2-Terrestrial-38-Lizard-2159.jpg,0.025994017720222473
SegMaR/S2C,COD10K-CAM-2-Terrestrial-38-Lizard-2160.jpg,0.030161872506141663
SegMaR/S2C,COD10K-CAM-2-Terrestrial-38-Lizard-2162.jpg,0.013393763452768326
SegMaR/S2C,COD10K-CAM-2-Terrestrial-38-Lizard-2163.jpg,0.026616007089614868
SegMaR/S2C,COD10K-CAM-2-Terrestrial-38-Lizard-2164.jpg,0.03422265499830246
SegMaR/S2C,COD10K-CAM-2-Terrestrial-38-Lizard-2168.jpg,0.018413851037621498
SegMaR/S2C,COD10K-CAM-2-Terrestrial-38-Lizard-2169.jpg,0.03731957823038101
SegMaR/S2C,COD10K-CAM-2-Terrestrial-38-Lizard-2170.jpg,0.01190113089978695
SegMaR/S2C,COD10K-CAM-2-Terrestrial-38-Lizard-2171.jpg,0.01729450933635235
SegMaR/S2C,COD10K-CAM-2-Terrestrial-38-Lizard-2174.jpg,0.016700420528650284
SegMaR/S2C,COD10K-CAM-2-Terrestrial-38-Lizard-2175.jpg,0.0070287249982357025
SegMaR/S2C,COD10K-CAM-2-Terrestrial-38-Lizard-2177.jpg,0.015206316486001015
SegMaR/S2C,COD10K-CAM-2-Terrestrial-38-Lizard-2181.jpg,0.02406030148267746
SegMaR/S2C,COD10K-CAM-2-Terrestrial-38-Lizard-2182.jpg,0.020686540752649307
SegMaR/S2C,COD10K-CAM-2-Terrestrial-38-Lizard-2184.jpg,0.027992140501737595
SegMaR/S2C,COD10K-CAM-2-Terrestrial-38-Lizard-2186.jpg,0.033918026834726334
SegMaR/S2C,COD10K-CAM-2-Terrestrial-38-Lizard-2187.jpg,0.002933742478489876
SegMaR/S2C,COD10K-CAM-2-Terrestrial-38-Lizard-2188.jpg,0.014185193926095963
SegMaR/S2C,COD10K-CAM-2-Terrestrial-38-Lizard-2189.jpg,0.04556296020746231
SegMaR/S2C,COD10K-CAM-2-Terrestrial-38-Lizard-2191.jpg,0.006495330482721329
SegMaR/S2C,COD10K-CAM-2-Terrestrial-38-Lizard-2192.jpg,0.03749082610011101
SegMaR/S2C,COD10K-CAM-2-Terrestrial-38-Lizard-2193.jpg,0.01817384734749794
SegMaR/S2C,COD10K-CAM-2-Terrestrial-38-Lizard-2196.jpg,0.022549472749233246
SegMaR/S2C,COD10K-CAM-2-Terrestrial-38-Lizard-2198.jpg,0.005870431661605835
SegMaR/S2C,COD10K-CAM-2-Terrestrial-38-Lizard-2199.jpg,0.014669401571154594
SegMaR/S2C,COD10K-CAM-2-Terrestrial-38-Lizard-2200.jpg,0.015275724232196808
SegMaR/S2C,COD10K-CAM-2-Terrestrial-38-Lizard-2203.jpg,0.05100209638476372
SegMaR/S2C,COD10K-CAM-2-Terrestrial-38-Lizard-2206.jpg,0.03268005698919296
SegMaR/S2C,COD10K-CAM-2-Terrestrial-38-Lizard-2207.jpg,0.010258239693939686
SegMaR/S2C,COD10K-CAM-2-Terrestrial-38-Lizard-2208.jpg,0.022400114685297012
SegMaR/S2C,COD10K-CAM-2-Terrestrial-38-Lizard-2209.jpg,0.010455785319209099
SegMaR/S2C,COD10K-CAM-2-Terrestrial-38-Lizard-2210.jpg,0.03553851321339607
SegMaR/S2C,COD10K-CAM-2-Terrestrial-38-Lizard-2211.jpg,0.04070870950818062
SegMaR/S2C,COD10K-CAM-2-Terrestrial-38-Lizard-2214.jpg,0.012287592515349388
SegMaR/S2C,COD10K-CAM-2-Terrestrial-38-Lizard-2215.jpg,0.0258493535220623
SegMaR/S2C,COD10K-CAM-2-Terrestrial-38-Lizard-2219.jpg,0.07558760792016983
SegMaR/S2C,COD10K-CAM-2-Terrestrial-38-Lizard-2221.jpg,0.09486046433448792
SegMaR/S2C,COD10K-CAM-2-Terrestrial-38-Lizard-2222.jpg,0.01910143345594406
SegMaR/S2C,COD10K-CAM-2-Terrestrial-38-Lizard-2223.jpg,0.019014999270439148
SegMaR/S2C,COD10K-CAM-2-Terrestrial-38-Lizard-2226.jpg,0.021859189495444298
SegMaR/S2C,COD10K-CAM-2-Terrestrial-38-Lizard-2227.jpg,0.056254900991916656
SegMaR/S2C,COD10K-CAM-2-Terrestrial-38-Lizard-2228.jpg,0.017000410705804825
SegMaR/S2C,COD10K-CAM-2-Terrestrial-38-Lizard-2230.jpg,0.01624893583357334
SegMaR/S2C,COD10K-CAM-2-Terrestrial-38-Lizard-2234.jpg,0.02745344489812851
SegMaR/S2C,COD10K-CAM-2-Terrestrial-38-Lizard-2236.jpg,0.01745443046092987
SegMaR/S2C,COD10K-CAM-2-Terrestrial-38-Lizard-2237.jpg,0.02835279516875744
SegMaR/S2C,COD10K-CAM-2-Terrestrial-38-Lizard-2238.jpg,0.04954638332128525
SegMaR/S2C,COD10K-CAM-2-Terrestrial-38-Lizard-2239.jpg,0.02666734904050827
SegMaR/S2C,COD10K-CAM-2-Terrestrial-38-Lizard-2242.jpg,0.015426033176481724
SegMaR/S2C,COD10K-CAM-2-Terrestrial-38-Lizard-2246.jpg,0.008272441104054451
SegMaR/S2C,COD10K-CAM-2-Terrestrial-38-Lizard-2247.jpg,0.023965898901224136
SegMaR/S2C,COD10K-CAM-2-Terrestrial-38-Lizard-2249.jpg,0.0212996918708086
SegMaR/S2C,COD10K-CAM-2-Terrestrial-38-Lizard-2250.jpg,0.007152010686695576
SegMaR/S2C,COD10K-CAM-2-Terrestrial-38-Lizard-2252.jpg,0.04533635824918747
SegMaR/S2C,COD10K-CAM-2-Terrestrial-38-Lizard-2253.jpg,0.02468455210328102
SegMaR/S2C,COD10K-CAM-2-Terrestrial-38-Lizard-2254.jpg,0.03993432596325874
SegMaR/S2C,COD10K-CAM-2-Terrestrial-38-Lizard-2255.jpg,0.032026953995227814
SegMaR/S2C,COD10K-CAM-2-Terrestrial-38-Lizard-2257.jpg,0.014316897839307785
SegMaR/S2C,COD10K-CAM-2-Terrestrial-38-Lizard-2258.jpg,0.03283686190843582
SegMaR/S2C,COD10K-CAM-2-Terrestrial-38-Lizard-2259.jpg,0.03832515329122543
SegMaR/S2C,COD10K-CAM-2-Terrestrial-38-Lizard-2260.jpg,0.02110661193728447
SegMaR/S2C,COD10K-CAM-2-Terrestrial-38-Lizard-2262.jpg,0.06066986173391342
SegMaR/S2C,COD10K-CAM-2-Terrestrial-38-Lizard-2263.jpg,0.04191240668296814
SegMaR/S2C,COD10K-CAM-2-Terrestrial-38-Lizard-2265.jpg,0.05943811312317848
SegMaR/S2C,COD10K-CAM-2-Terrestrial-38-Lizard-2267.jpg,0.0038225336465984583
SegMaR/S2C,COD10K-CAM-2-Terrestrial-38-Lizard-2268.jpg,0.06754210591316223
SegMaR/S2C,COD10K-CAM-2-Terrestrial-38-Lizard-2269.jpg,0.02280455082654953
SegMaR/S2C,COD10K-CAM-2-Terrestrial-38-Lizard-2270.jpg,0.03607962280511856
SegMaR/S2C,COD10K-CAM-2-Terrestrial-38-Lizard-2271.jpg,0.040360525250434875
SegMaR/S2C,COD10K-CAM-2-Terrestrial-38-Lizard-2272.jpg,0.02977866120636463
SegMaR/S2C,COD10K-CAM-2-Terrestrial-38-Lizard-2274.jpg,0.005236721597611904
SegMaR/S2C,COD10K-CAM-2-Terrestrial-38-Lizard-2275.jpg,0.012025497853755951
SegMaR/S2C,COD10K-CAM-2-Terrestrial-38-Lizard-2277.jpg,0.017310990020632744
SegMaR/S2C,COD10K-CAM-2-Terrestrial-38-Lizard-2280.jpg,0.026101455092430115
SegMaR/S2C,COD10K-CAM-2-Terrestrial-38-Lizard-2281.jpg,0.059965502470731735
SegMaR/S2C,COD10K-CAM-2-Terrestrial-38-Lizard-2283.jpg,0.029706019908189774
SegMaR/S2C,COD10K-CAM-2-Terrestrial-38-Lizard-2284.jpg,0.03067929670214653
SegMaR/S2C,COD10K-CAM-2-Terrestrial-38-Lizard-2287.jpg,0.012536132708191872
SegMaR/S2C,COD10K-CAM-2-Terrestrial-38-Lizard-2289.jpg,0.026530345901846886
SegMaR/S2C,COD10K-CAM-2-Terrestrial-38-Lizard-2290.jpg,0.005000816658139229
SegMaR/S2C,COD10K-CAM-2-Terrestrial-38-Lizard-2292.jpg,0.012654809281229973
SegMaR/S2C,COD10K-CAM-2-Terrestrial-38-Lizard-2293.jpg,0.00704079819843173
SegMaR/S2C,COD10K-CAM-2-Terrestrial-38-Lizard-2296.jpg,0.030565977096557617
SegMaR/S2C,COD10K-CAM-2-Terrestrial-38-Lizard-2297.jpg,0.012146344408392906
SegMaR/S2C,COD10K-CAM-2-Terrestrial-38-Lizard-2298.jpg,0.04560210555791855
SegMaR/S2C,COD10K-CAM-2-Terrestrial-38-Lizard-2299.jpg,0.02218259498476982
SegMaR/S2C,COD10K-CAM-2-Terrestrial-38-Lizard-2300.jpg,0.012745104730129242
SegMaR/S2C,COD10K-CAM-2-Terrestrial-38-Lizard-2301.jpg,0.019230667501688004
SegMaR/S2C,COD10K-CAM-2-Terrestrial-38-Lizard-2302.jpg,0.027343526482582092
SegMaR/S2C,COD10K-CAM-2-Terrestrial-38-Lizard-2303.jpg,0.005442935042083263
SegMaR/S2C,COD10K-CAM-2-Terrestrial-38-Lizard-2305.jpg,0.05127202719449997
SegMaR/S2C,COD10K-CAM-2-Terrestrial-38-Lizard-2306.jpg,0.024853963404893875
SegMaR/S2C,COD10K-CAM-2-Terrestrial-38-Lizard-2310.jpg,0.07413328438997269
SegMaR/S2C,COD10K-CAM-2-Terrestrial-38-Lizard-2311.jpg,0.01791626773774624
SegMaR/S2C,COD10K-CAM-2-Terrestrial-38-Lizard-2312.jpg,0.013926317915320396
SegMaR/S2C,COD10K-CAM-2-Terrestrial-38-Lizard-2313.jpg,0.03441814333200455
SegMaR/S2C,COD10K-CAM-2-Terrestrial-38-Lizard-2314.jpg,0.005992372520267963
SegMaR/S2C,COD10K-CAM-2-Terrestrial-38-Lizard-2317.jpg,0.016717685386538506
SegMaR/S2C,COD10K-CAM-2-Terrestrial-38-Lizard-2318.jpg,0.20187340676784515
SegMaR/S2C,COD10K-CAM-2-Terrestrial-38-Lizard-2320.jpg,0.03360302746295929
SegMaR/S2C,COD10K-CAM-2-Terrestrial-38-Lizard-2321.jpg,0.01626044139266014
SegMaR/S2C,COD10K-CAM-2-Terrestrial-38-Lizard-2322.jpg,0.07352574914693832
SegMaR/S2C,COD10K-CAM-2-Terrestrial-38-Lizard-2323.jpg,0.04638290032744408
SegMaR/S2C,COD10K-CAM-2-Terrestrial-38-Lizard-2325.jpg,0.021069249138236046
SegMaR/S2C,COD10K-CAM-2-Terrestrial-38-Lizard-2327.jpg,0.01463837455958128
SegMaR/S2C,COD10K-CAM-2-Terrestrial-38-Lizard-2328.jpg,0.011545059271156788
SegMaR/S2C,COD10K-CAM-2-Terrestrial-38-Lizard-2329.jpg,0.031266745179891586
SegMaR/S2C,COD10K-CAM-2-Terrestrial-38-Lizard-2330.jpg,0.019342869520187378
SegMaR/S2C,COD10K-CAM-2-Terrestrial-38-Lizard-2331.jpg,0.02104737050831318
SegMaR/S2C,COD10K-CAM-2-Terrestrial-38-Lizard-2332.jpg,0.014925811439752579
SegMaR/S2C,COD10K-CAM-2-Terrestrial-39-Monkey-2334.jpg,0.04015415534377098
SegMaR/S2C,COD10K-CAM-2-Terrestrial-39-Monkey-2335.jpg,0.07118452340364456
SegMaR/S2C,COD10K-CAM-2-Terrestrial-39-Monkey-2336.jpg,0.011933278292417526
SegMaR/S2C,COD10K-CAM-2-Terrestrial-39-Monkey-2337.jpg,0.008630266413092613
SegMaR/S2C,COD10K-CAM-2-Terrestrial-40-Rabbit-2342.jpg,0.01918886974453926
SegMaR/S2C,COD10K-CAM-2-Terrestrial-40-Rabbit-2343.jpg,0.0194277111440897
SegMaR/S2C,COD10K-CAM-2-Terrestrial-40-Rabbit-2345.jpg,0.004258406348526478
SegMaR/S2C,COD10K-CAM-2-Terrestrial-40-Rabbit-2349.jpg,0.013593249022960663
SegMaR/S2C,COD10K-CAM-2-Terrestrial-40-Rabbit-2350.jpg,0.004558570683002472
SegMaR/S2C,COD10K-CAM-2-Terrestrial-40-Rabbit-2353.jpg,0.02774418517947197
SegMaR/S2C,COD10K-CAM-2-Terrestrial-40-Rabbit-2354.jpg,0.0043762559071183205
SegMaR/S2C,COD10K-CAM-2-Terrestrial-40-Rabbit-2355.jpg,0.025095157325267792
SegMaR/S2C,COD10K-CAM-2-Terrestrial-40-Rabbit-2357.jpg,0.004369319882243872
SegMaR/S2C,COD10K-CAM-2-Terrestrial-40-Rabbit-2359.jpg,0.017872218042612076
SegMaR/S2C,COD10K-CAM-2-Terrestrial-40-Rabbit-2361.jpg,0.060230277478694916
SegMaR/S2C,COD10K-CAM-2-Terrestrial-40-Rabbit-2362.jpg,0.018411412835121155
SegMaR/S2C,COD10K-CAM-2-Terrestrial-40-Rabbit-2363.jpg,0.0008447110885754228
SegMaR/S2C,COD10K-CAM-2-Terrestrial-40-Rabbit-2364.jpg,0.008436939679086208
SegMaR/S2C,COD10K-CAM-2-Terrestrial-40-Rabbit-2365.jpg,0.02164492756128311
SegMaR/S2C,COD10K-CAM-2-Terrestrial-40-Rabbit-2367.jpg,0.05599027872085571
SegMaR/S2C,COD10K-CAM-2-Terrestrial-40-Rabbit-2370.jpg,0.020974593237042427
SegMaR/S2C,COD10K-CAM-2-Terrestrial-40-Rabbit-2372.jpg,0.013657749630510807
SegMaR/S2C,COD10K-CAM-2-Terrestrial-41-Reccoon-2376.jpg,0.0733983963727951
SegMaR/S2C,COD10K-CAM-2-Terrestrial-41-Reccoon-2377.jpg,0.007539063226431608
SegMaR/S2C,COD10K-CAM-2-Terrestrial-41-Reccoon-2378.jpg,0.04471736401319504
SegMaR/S2C,COD10K-CAM-2-Terrestrial-42-Sciuridae-2381.jpg,0.035210222005844116
SegMaR/S2C,COD10K-CAM-2-Terrestrial-42-Sciuridae-2385.jpg,0.01491421926766634
SegMaR/S2C,COD10K-CAM-2-Terrestrial-42-Sciuridae-2387.jpg,0.054728806018829346
SegMaR/S2C,COD10K-CAM-2-Terrestrial-42-Sciuridae-2388.jpg,0.029167240485548973
SegMaR/S2C,COD10K-CAM-2-Terrestrial-42-Sciuridae-2389.jpg,0.0427427738904953
SegMaR/S2C,COD10K-CAM-2-Terrestrial-42-Sciuridae-2390.jpg,0.033550508320331573
SegMaR/S2C,COD10K-CAM-2-Terrestrial-42-Sciuridae-2391.jpg,0.025108329951763153
SegMaR/S2C,COD10K-CAM-2-Terrestrial-42-Sciuridae-2392.jpg,0.023921020328998566
SegMaR/S2C,COD10K-CAM-2-Terrestrial-42-Sciuridae-2393.jpg,0.02452770620584488
SegMaR/S2C,COD10K-CAM-2-Terrestrial-42-Sciuridae-2394.jpg,0.03772439807653427
SegMaR/S2C,COD10K-CAM-2-Terrestrial-42-Sciuridae-2396.jpg,0.02465648576617241
SegMaR/S2C,COD10K-CAM-2-Terrestrial-42-Sciuridae-2398.jpg,0.04077225923538208
SegMaR/S2C,COD10K-CAM-2-Terrestrial-42-Sciuridae-2399.jpg,0.010000583715736866
SegMaR/S2C,COD10K-CAM-2-Terrestrial-42-Sciuridae-2403.jpg,0.06185296177864075
SegMaR/S2C,COD10K-CAM-2-Terrestrial-42-Sciuridae-2404.jpg,0.03980080410838127
SegMaR/S2C,COD10K-CAM-2-Terrestrial-42-Sciuridae-2405.jpg,0.032427482306957245
SegMaR/S2C,COD10K-CAM-2-Terrestrial-42-Sciuridae-2406.jpg,0.012511298060417175
SegMaR/S2C,COD10K-CAM-2-Terrestrial-42-Sciuridae-2409.jpg,0.03262973204255104
SegMaR/S2C,COD10K-CAM-2-Terrestrial-42-Sciuridae-2411.jpg,0.009414106607437134
SegMaR/S2C,COD10K-CAM-2-Terrestrial-42-Sciuridae-2412.jpg,0.021859651431441307
SegMaR/S2C,COD10K-CAM-2-Terrestrial-42-Sciuridae-2414.jpg,0.018601244315505028
SegMaR/S2C,COD10K-CAM-2-Terrestrial-42-Sciuridae-2415.jpg,0.040958330035209656
SegMaR/S2C,COD10K-CAM-2-Terrestrial-42-Sciuridae-2416.jpg,0.018113601952791214
SegMaR/S2C,COD10K-CAM-2-Terrestrial-42-Sciuridae-2417.jpg,0.006561574526131153
SegMaR/S2C,COD10K-CAM-2-Terrestrial-43-Sheep-2419.jpg,0.007705839350819588
SegMaR/S2C,COD10K-CAM-2-Terrestrial-43-Sheep-2420.jpg,0.02751276083290577
SegMaR/S2C,COD10K-CAM-2-Terrestrial-43-Sheep-2421.jpg,0.035027675330638885
SegMaR/S2C,COD10K-CAM-2-Terrestrial-43-Sheep-2423.jpg,0.042984914034605026
SegMaR/S2C,COD10K-CAM-2-Terrestrial-44-Snake-2425.jpg,0.0039004478603601456
SegMaR/S2C,COD10K-CAM-2-Terrestrial-44-Snake-2426.jpg,0.034546010196208954
SegMaR/S2C,COD10K-CAM-2-Terrestrial-44-Snake-2427.jpg,0.008009065873920918
SegMaR/S2C,COD10K-CAM-2-Terrestrial-44-Snake-2428.jpg,0.011769678443670273
SegMaR/S2C,COD10K-CAM-2-Terrestrial-44-Snake-2429.jpg,0.038626011461019516
SegMaR/S2C,COD10K-CAM-2-Terrestrial-44-Snake-2430.jpg,0.0477629229426384
SegMaR/S2C,COD10K-CAM-2-Terrestrial-44-Snake-2431.jpg,0.024724818766117096
SegMaR/S2C,COD10K-CAM-2-Terrestrial-44-Snake-2432.jpg,0.046882640570402145
SegMaR/S2C,COD10K-CAM-2-Terrestrial-44-Snake-2433.jpg,0.041940949857234955
SegMaR/S2C,COD10K-CAM-2-Terrestrial-44-Snake-2435.jpg,0.0439513623714447
SegMaR/S2C,COD10K-CAM-2-Terrestrial-44-Snake-2436.jpg,0.02943822368979454
SegMaR/S2C,COD10K-CAM-2-Terrestrial-44-Snake-2438.jpg,0.0173494815826416
SegMaR/S2C,COD10K-CAM-2-Terrestrial-44-Snake-2439.jpg,0.040138714015483856
SegMaR/S2C,COD10K-CAM-2-Terrestrial-44-Snake-2441.jpg,0.03779715672135353
SegMaR/S2C,COD10K-CAM-2-Terrestrial-44-Snake-2442.jpg,0.01778537407517433
SegMaR/S2C,COD10K-CAM-2-Terrestrial-44-Snake-2443.jpg,0.00823233462870121
SegMaR/S2C,COD10K-CAM-2-Terrestrial-44-Snake-2445.jpg,0.032005127519369125
SegMaR/S2C,COD10K-CAM-2-Terrestrial-44-Snake-2446.jpg,0.03181400150060654
SegMaR/S2C,COD10K-CAM-2-Terrestrial-44-Snake-2447.jpg,0.05325132608413696
SegMaR/S2C,COD10K-CAM-2-Terrestrial-44-Snake-2450.jpg,0.04068484902381897
SegMaR/S2C,COD10K-CAM-2-Terrestrial-44-Snake-2455.jpg,0.012047609314322472
SegMaR/S2C,COD10K-CAM-2-Terrestrial-44-Snake-2457.jpg,0.012766147032380104
SegMaR/S2C,COD10K-CAM-2-Terrestrial-44-Snake-2459.jpg,0.0067861732095479965
SegMaR/S2C,COD10K-CAM-2-Terrestrial-44-Snake-2460.jpg,0.012932266108691692
SegMaR/S2C,COD10K-CAM-2-Terrestrial-44-Snake-2462.jpg,0.017830684781074524
SegMaR/S2C,COD10K-CAM-2-Terrestrial-44-Snake-2463.jpg,0.0072979093529284
SegMaR/S2C,COD10K-CAM-2-Terrestrial-44-Snake-2464.jpg,0.03417284041643143
SegMaR/S2C,COD10K-CAM-2-Terrestrial-44-Snake-2468.jpg,0.028783589601516724
SegMaR/S2C,COD10K-CAM-2-Terrestrial-44-Snake-2469.jpg,0.06259115040302277
SegMaR/S2C,COD10K-CAM-2-Terrestrial-44-Snake-2470.jpg,0.027032341808080673
SegMaR/S2C,COD10K-CAM-2-Terrestrial-44-Snake-2473.jpg,0.015123790130019188
SegMaR/S2C,COD10K-CAM-2-Terrestrial-44-Snake-2475.jpg,0.026286741718649864
SegMaR/S2C,COD10K-CAM-2-Terrestrial-44-Snake-2477.jpg,0.027293549850583076
SegMaR/S2C,COD10K-CAM-2-Terrestrial-44-Snake-2478.jpg,0.09184718132019043
SegMaR/S2C,COD10K-CAM-2-Terrestrial-44-Snake-2480.jpg,0.0056132664903998375
SegMaR/S2C,COD10K-CAM-2-Terrestrial-44-Snake-2483.jpg,0.026863915845751762
SegMaR/S2C,COD10K-CAM-2-Terrestrial-44-Snake-2486.jpg,0.02268609032034874
SegMaR/S2C,COD10K-CAM-2-Terrestrial-44-Snake-2487.jpg,0.01887907087802887
SegMaR/S2C,COD10K-CAM-2-Terrestrial-44-Snake-2488.jpg,0.028072452172636986
SegMaR/S2C,COD10K-CAM-2-Terrestrial-44-Snake-2489.jpg,0.03171791881322861
SegMaR/S2C,COD10K-CAM-2-Terrestrial-44-Snake-2490.jpg,0.012760316953063011
SegMaR/S2C,COD10K-CAM-2-Terrestrial-45-Spider-2493.jpg,0.01429685577750206
SegMaR/S2C,COD10K-CAM-2-Terrestrial-45-Spider-2495.jpg,0.016831740736961365
SegMaR/S2C,COD10K-CAM-2-Terrestrial-45-Spider-2496.jpg,0.05301975458860397
SegMaR/S2C,COD10K-CAM-2-Terrestrial-45-Spider-2497.jpg,0.02618575096130371
SegMaR/S2C,COD10K-CAM-2-Terrestrial-45-Spider-2499.jpg,0.027253352105617523
SegMaR/S2C,COD10K-CAM-2-Terrestrial-45-Spider-2500.jpg,0.013278680853545666
SegMaR/S2C,COD10K-CAM-2-Terrestrial-45-Spider-2502.jpg,0.01574965938925743
SegMaR/S2C,COD10K-CAM-2-Terrestrial-45-Spider-2503.jpg,0.07345405966043472
SegMaR/S2C,COD10K-CAM-2-Terrestrial-45-Spider-2504.jpg,0.06670938432216644
SegMaR/S2C,COD10K-CAM-2-Terrestrial-45-Spider-2505.jpg,0.05633821338415146
SegMaR/S2C,COD10K-CAM-2-Terrestrial-45-Spider-2507.jpg,0.010277743451297283
SegMaR/S2C,COD10K-CAM-2-Terrestrial-45-Spider-2509.jpg,0.03696998953819275
SegMaR/S2C,COD10K-CAM-2-Terrestrial-45-Spider-2512.jpg,0.057624928653240204
SegMaR/S2C,COD10K-CAM-2-Terrestrial-45-Spider-2513.jpg,0.007139940746128559
SegMaR/S2C,COD10K-CAM-2-Terrestrial-45-Spider-2515.jpg,0.03749794140458107
SegMaR/S2C,COD10K-CAM-2-Terrestrial-45-Spider-2516.jpg,0.007389589212834835
SegMaR/S2C,COD10K-CAM-2-Terrestrial-45-Spider-2517.jpg,0.03384574130177498
SegMaR/S2C,COD10K-CAM-2-Terrestrial-45-Spider-2518.jpg,0.007948430255055428
SegMaR/S2C,COD10K-CAM-2-Terrestrial-45-Spider-2521.jpg,0.04580831527709961
SegMaR/S2C,COD10K-CAM-2-Terrestrial-45-Spider-2522.jpg,0.00772680202499032
SegMaR/S2C,COD10K-CAM-2-Terrestrial-45-Spider-2523.jpg,0.007602497935295105
SegMaR/S2C,COD10K-CAM-2-Terrestrial-45-Spider-2525.jpg,0.02600996382534504
SegMaR/S2C,COD10K-CAM-2-Terrestrial-45-Spider-2528.jpg,0.028788238763809204
SegMaR/S2C,COD10K-CAM-2-Terrestrial-45-Spider-2530.jpg,0.014756815508008003
SegMaR/S2C,COD10K-CAM-2-Terrestrial-45-Spider-2533.jpg,0.01602865755558014
SegMaR/S2C,COD10K-CAM-2-Terrestrial-45-Spider-2536.jpg,0.020855717360973358
SegMaR/S2C,COD10K-CAM-2-Terrestrial-45-Spider-2537.jpg,0.015441138297319412
SegMaR/S2C,COD10K-CAM-2-Terrestrial-45-Spider-2539.jpg,0.006161789875477552
SegMaR/S2C,COD10K-CAM-2-Terrestrial-45-Spider-2541.jpg,0.03646326810121536
SegMaR/S2C,COD10K-CAM-2-Terrestrial-45-Spider-2542.jpg,0.009243504144251347
SegMaR/S2C,COD10K-CAM-2-Terrestrial-45-Spider-2543.jpg,0.01148587092757225
SegMaR/S2C,COD10K-CAM-2-Terrestrial-45-Spider-2545.jpg,0.03722967952489853
SegMaR/S2C,COD10K-CAM-2-Terrestrial-45-Spider-2546.jpg,0.04461585730314255
SegMaR/S2C,COD10K-CAM-2-Terrestrial-45-Spider-2547.jpg,0.018429649993777275
SegMaR/S2C,COD10K-CAM-2-Terrestrial-45-Spider-2548.jpg,0.05680248886346817
SegMaR/S2C,COD10K-CAM-2-Terrestrial-45-Spider-2549.jpg,0.03219272196292877
SegMaR/S2C,COD10K-CAM-2-Terrestrial-45-Spider-2550.jpg,0.0544586256146431
SegMaR/S2C,COD10K-CAM-2-Terrestrial-45-Spider-2555.jpg,0.002949338173493743
SegMaR/S2C,COD10K-CAM-2-Terrestrial-45-Spider-2556.jpg,0.005953726824373007
SegMaR/S2C,COD10K-CAM-2-Terrestrial-45-Spider-2557.jpg,0.029008038341999054
SegMaR/S2C,COD10K-CAM-2-Terrestrial-45-Spider-2558.jpg,0.114272341132164
SegMaR/S2C,COD10K-CAM-2-Terrestrial-45-Spider-2559.jpg,0.006644390989094973
SegMaR/S2C,COD10K-CAM-2-Terrestrial-45-Spider-2560.jpg,0.02529166266322136
SegMaR/S2C,COD10K-CAM-2-Terrestrial-45-Spider-2561.jpg,0.10776658356189728
SegMaR/S2C,COD10K-CAM-2-Terrestrial-45-Spider-2562.jpg,0.02730672061443329
SegMaR/S2C,COD10K-CAM-2-Terrestrial-45-Spider-2563.jpg,0.0616048239171505
SegMaR/S2C,COD10K-CAM-2-Terrestrial-45-Spider-2564.jpg,0.030584555119276047
SegMaR/S2C,COD10K-CAM-2-Terrestrial-45-Spider-2565.jpg,0.009198717772960663
SegMaR/S2C,COD10K-CAM-2-Terrestrial-45-Spider-2568.jpg,0.012793591246008873
SegMaR/S2C,COD10K-CAM-2-Terrestrial-45-Spider-2569.jpg,0.013808898627758026
SegMaR/S2C,COD10K-CAM-2-Terrestrial-45-Spider-2570.jpg,0.00952901877462864
SegMaR/S2C,COD10K-CAM-2-Terrestrial-45-Spider-2571.jpg,0.026479525491595268
SegMaR/S2C,COD10K-CAM-2-Terrestrial-45-Spider-2572.jpg,0.006485766731202602
SegMaR/S2C,COD10K-CAM-2-Terrestrial-45-Spider-2573.jpg,0.07530022412538528
SegMaR/S2C,COD10K-CAM-2-Terrestrial-45-Spider-2574.jpg,0.04655524343252182
SegMaR/S2C,COD10K-CAM-2-Terrestrial-45-Spider-2577.jpg,0.06438024342060089
SegMaR/S2C,COD10K-CAM-2-Terrestrial-45-Spider-2578.jpg,0.010646835900843143
SegMaR/S2C,COD10K-CAM-2-Terrestrial-45-Spider-2582.jpg,0.04090239107608795
SegMaR/S2C,COD10K-CAM-2-Terrestrial-45-Spider-2583.jpg,0.05668117105960846
SegMaR/S2C,COD10K-CAM-2-Terrestrial-45-Spider-2584.jpg,0.01451137661933899
SegMaR/S2C,COD10K-CAM-2-Terrestrial-45-Spider-2585.jpg,0.014605562202632427
SegMaR/S2C,COD10K-CAM-2-Terrestrial-45-Spider-2589.jpg,0.01758287474513054
SegMaR/S2C,COD10K-CAM-2-Terrestrial-45-Spider-2590.jpg,0.031450528651475906
SegMaR/S2C,COD10K-CAM-2-Terrestrial-45-Spider-2591.jpg,0.009630613029003143
SegMaR/S2C,COD10K-CAM-2-Terrestrial-45-Spider-2594.jpg,0.007411680184304714
SegMaR/S2C,COD10K-CAM-2-Terrestrial-45-Spider-2596.jpg,0.021068904548883438
SegMaR/S2C,COD10K-CAM-2-Terrestrial-45-Spider-2597.jpg,0.039085503667593
SegMaR/S2C,COD10K-CAM-2-Terrestrial-45-Spider-2598.jpg,0.018875932320952415
SegMaR/S2C,COD10K-CAM-2-Terrestrial-45-Spider-2599.jpg,0.020961124449968338
SegMaR/S2C,COD10K-CAM-2-Terrestrial-45-Spider-2600.jpg,0.004251678008586168
SegMaR/S2C,COD10K-CAM-2-Terrestrial-45-Spider-2604.jpg,0.10988825559616089
SegMaR/S2C,COD10K-CAM-2-Terrestrial-45-Spider-2607.jpg,0.0586208775639534
SegMaR/S2C,COD10K-CAM-2-Terrestrial-45-Spider-2608.jpg,0.00295608164742589
SegMaR/S2C,COD10K-CAM-2-Terrestrial-45-Spider-2610.jpg,0.008731096982955933
SegMaR/S2C,COD10K-CAM-2-Terrestrial-45-Spider-2611.jpg,0.10459697991609573
SegMaR/S2C,COD10K-CAM-2-Terrestrial-45-Spider-2612.jpg,0.03848707675933838
SegMaR/S2C,COD10K-CAM-2-Terrestrial-45-Spider-2613.jpg,0.007512589450925589
SegMaR/S2C,COD10K-CAM-2-Terrestrial-45-Spider-2615.jpg,0.03468303754925728
SegMaR/S2C,COD10K-CAM-2-Terrestrial-45-Spider-2618.jpg,0.009812512435019016
SegMaR/S2C,COD10K-CAM-2-Terrestrial-45-Spider-2619.jpg,0.014661766588687897
SegMaR/S2C,COD10K-CAM-2-Terrestrial-45-Spider-2622.jpg,0.08332492411136627
SegMaR/S2C,COD10K-CAM-2-Terrestrial-45-Spider-2623.jpg,0.007079715374857187
SegMaR/S2C,COD10K-CAM-2-Terrestrial-45-Spider-2624.jpg,0.013950814493000507
SegMaR/S2C,COD10K-CAM-2-Terrestrial-45-Spider-2625.jpg,0.07328852266073227
SegMaR/S2C,COD10K-CAM-2-Terrestrial-45-Spider-2628.jpg,0.04462278634309769
SegMaR/S2C,COD10K-CAM-2-Terrestrial-45-Spider-2629.jpg,0.03109700046479702
SegMaR/S2C,COD10K-CAM-2-Terrestrial-45-Spider-2633.jpg,0.02694445662200451
SegMaR/S2C,COD10K-CAM-2-Terrestrial-45-Spider-2634.jpg,0.02267884835600853
SegMaR/S2C,COD10K-CAM-2-Terrestrial-45-Spider-2635.jpg,0.024901840835809708
SegMaR/S2C,COD10K-CAM-2-Terrestrial-45-Spider-2636.jpg,0.014733938500285149
SegMaR/S2C,COD10K-CAM-2-Terrestrial-45-Spider-2638.jpg,0.027110610157251358
SegMaR/S2C,COD10K-CAM-2-Terrestrial-45-Spider-2639.jpg,0.05197691544890404
SegMaR/S2C,COD10K-CAM-2-Terrestrial-45-Spider-2642.jpg,0.032486334443092346
SegMaR/S2C,COD10K-CAM-2-Terrestrial-45-Spider-2643.jpg,0.022689465433359146
SegMaR/S2C,COD10K-CAM-2-Terrestrial-45-Spider-2644.jpg,0.031251098960638046
SegMaR/S2C,COD10K-CAM-2-Terrestrial-45-Spider-2647.jpg,0.04551208019256592
SegMaR/S2C,COD10K-CAM-2-Terrestrial-45-Spider-2648.jpg,0.006358026526868343
SegMaR/S2C,COD10K-CAM-2-Terrestrial-45-Spider-2651.jpg,0.03155927732586861
SegMaR/S2C,COD10K-CAM-2-Terrestrial-45-Spider-2654.jpg,0.11997337639331818
SegMaR/S2C,COD10K-CAM-2-Terrestrial-45-Spider-2655.jpg,0.03341450169682503
SegMaR/S2C,COD10K-CAM-2-Terrestrial-45-Spider-2657.jpg,0.05725805461406708
SegMaR/S2C,COD10K-CAM-2-Terrestrial-45-Spider-2660.jpg,0.030677413567900658
SegMaR/S2C,COD10K-CAM-2-Terrestrial-45-Spider-2661.jpg,0.04877408221364021
SegMaR/S2C,COD10K-CAM-2-Terrestrial-45-Spider-2662.jpg,0.02014368586242199
SegMaR/S2C,COD10K-CAM-2-Terrestrial-45-Spider-2663.jpg,0.021986082196235657
SegMaR/S2C,COD10K-CAM-2-Terrestrial-45-Spider-2664.jpg,0.11131949722766876
SegMaR/S2C,COD10K-CAM-2-Terrestrial-45-Spider-2666.jpg,0.007553929463028908
SegMaR/S2C,COD10K-CAM-2-Terrestrial-45-Spider-2668.jpg,0.03487806022167206
SegMaR/S2C,COD10K-CAM-2-Terrestrial-45-Spider-2669.jpg,0.005353954620659351
SegMaR/S2C,COD10K-CAM-2-Terrestrial-45-Spider-2672.jpg,0.011499718762934208
SegMaR/S2C,COD10K-CAM-2-Terrestrial-45-Spider-2674.jpg,0.06507964432239532
SegMaR/S2C,COD10K-CAM-2-Terrestrial-45-Spider-2675.jpg,0.04312291368842125
SegMaR/S2C,COD10K-CAM-2-Terrestrial-45-Spider-2676.jpg,0.0447387658059597
SegMaR/S2C,COD10K-CAM-2-Terrestrial-45-Spider-2678.jpg,0.030038248747587204
SegMaR/S2C,COD10K-CAM-2-Terrestrial-45-Spider-2679.jpg,0.011176524683833122
SegMaR/S2C,COD10K-CAM-2-Terrestrial-45-Spider-2680.jpg,0.017152223736047745
SegMaR/S2C,COD10K-CAM-2-Terrestrial-45-Spider-2681.jpg,0.023817870765924454
SegMaR/S2C,COD10K-CAM-2-Terrestrial-45-Spider-2682.jpg,0.02281513251364231
SegMaR/S2C,COD10K-CAM-2-Terrestrial-45-Spider-2684.jpg,0.017693057656288147
SegMaR/S2C,COD10K-CAM-2-Terrestrial-45-Spider-2685.jpg,0.01062067598104477
SegMaR/S2C,COD10K-CAM-2-Terrestrial-45-Spider-2686.jpg,0.050097446888685226
SegMaR/S2C,COD10K-CAM-2-Terrestrial-45-Spider-2687.jpg,0.013190820813179016
SegMaR/S2C,COD10K-CAM-2-Terrestrial-45-Spider-2688.jpg,0.021403521299362183
SegMaR/S2C,COD10K-CAM-2-Terrestrial-45-Spider-2689.jpg,0.024198949337005615
SegMaR/S2C,COD10K-CAM-2-Terrestrial-45-Spider-2691.jpg,0.03280693292617798
SegMaR/S2C,COD10K-CAM-2-Terrestrial-45-Spider-2692.jpg,0.01334165409207344
SegMaR/S2C,COD10K-CAM-2-Terrestrial-45-Spider-2695.jpg,0.0038073763716965914
SegMaR/S2C,COD10K-CAM-2-Terrestrial-45-Spider-2696.jpg,0.051964856684207916
SegMaR/S2C,COD10K-CAM-2-Terrestrial-45-Spider-2698.jpg,0.018154175952076912
SegMaR/S2C,COD10K-CAM-2-Terrestrial-45-Spider-2699.jpg,0.041555941104888916
SegMaR/S2C,COD10K-CAM-2-Terrestrial-45-Spider-2700.jpg,0.005612174980342388
SegMaR/S2C,COD10K-CAM-2-Terrestrial-45-Spider-2705.jpg,0.04439062625169754
SegMaR/S2C,COD10K-CAM-2-Terrestrial-45-Spider-2706.jpg,0.013419218361377716
SegMaR/S2C,COD10K-CAM-2-Terrestrial-45-Spider-2708.jpg,0.028097575530409813
SegMaR/S2C,COD10K-CAM-2-Terrestrial-45-Spider-2710.jpg,0.034089695662260056
SegMaR/S2C,COD10K-CAM-2-Terrestrial-45-Spider-2711.jpg,0.019518716260790825
SegMaR/S2C,COD10K-CAM-2-Terrestrial-45-Spider-2712.jpg,0.024239342659711838
SegMaR/S2C,COD10K-CAM-2-Terrestrial-45-Spider-2713.jpg,0.01685582473874092
SegMaR/S2C,COD10K-CAM-2-Terrestrial-45-Spider-2714.jpg,0.02541327103972435
SegMaR/S2C,COD10K-CAM-2-Terrestrial-45-Spider-2716.jpg,0.02410976216197014
SegMaR/S2C,COD10K-CAM-2-Terrestrial-45-Spider-2722.jpg,0.012129336595535278
SegMaR/S2C,COD10K-CAM-2-Terrestrial-45-Spider-2724.jpg,0.01475209929049015
SegMaR/S2C,COD10K-CAM-2-Terrestrial-45-Spider-2725.jpg,0.04418414458632469
SegMaR/S2C,COD10K-CAM-2-Terrestrial-45-Spider-2726.jpg,0.03054942935705185
SegMaR/S2C,COD10K-CAM-2-Terrestrial-45-Spider-2729.jpg,0.05073801055550575
SegMaR/S2C,COD10K-CAM-2-Terrestrial-45-Spider-2733.jpg,0.03170882910490036
SegMaR/S2C,COD10K-CAM-2-Terrestrial-45-Spider-2734.jpg,0.005084995646029711
SegMaR/S2C,COD10K-CAM-2-Terrestrial-45-Spider-2738.jpg,0.047852758318185806
SegMaR/S2C,COD10K-CAM-2-Terrestrial-45-Spider-2739.jpg,0.060535285621881485
SegMaR/S2C,COD10K-CAM-2-Terrestrial-45-Spider-2740.jpg,0.01609702594578266
SegMaR/S2C,COD10K-CAM-2-Terrestrial-45-Spider-2742.jpg,0.0400233268737793
SegMaR/S2C,COD10K-CAM-2-Terrestrial-45-Spider-2743.jpg,0.051362045109272
SegMaR/S2C,COD10K-CAM-2-Terrestrial-45-Spider-2744.jpg,0.02199213020503521
SegMaR/S2C,COD10K-CAM-2-Terrestrial-45-Spider-2746.jpg,0.12565258145332336
SegMaR/S2C,COD10K-CAM-2-Terrestrial-45-Spider-2747.jpg,0.02383217215538025
SegMaR/S2C,COD10K-CAM-2-Terrestrial-45-Spider-2748.jpg,0.024748720228672028
SegMaR/S2C,COD10K-CAM-2-Terrestrial-45-Spider-2749.jpg,0.026190433651208878
SegMaR/S2C,COD10K-CAM-2-Terrestrial-45-Spider-2750.jpg,0.007284315302968025
SegMaR/S2C,COD10K-CAM-2-Terrestrial-45-Spider-2751.jpg,0.04423321783542633
SegMaR/S2C,COD10K-CAM-2-Terrestrial-45-Spider-2752.jpg,0.014022610150277615
SegMaR/S2C,COD10K-CAM-2-Terrestrial-45-Spider-2753.jpg,0.036889269948005676
SegMaR/S2C,COD10K-CAM-2-Terrestrial-45-Spider-2755.jpg,0.018347684293985367
SegMaR/S2C,COD10K-CAM-2-Terrestrial-45-Spider-2757.jpg,0.01975642517209053
SegMaR/S2C,COD10K-CAM-2-Terrestrial-45-Spider-2758.jpg,0.05573920160531998
SegMaR/S2C,COD10K-CAM-2-Terrestrial-45-Spider-2761.jpg,0.013172034174203873
SegMaR/S2C,COD10K-CAM-2-Terrestrial-45-Spider-2764.jpg,0.018725885078310966
SegMaR/S2C,COD10K-CAM-2-Terrestrial-45-Spider-2765.jpg,0.05236829072237015
SegMaR/S2C,COD10K-CAM-2-Terrestrial-45-Spider-2766.jpg,0.0278201624751091
SegMaR/S2C,COD10K-CAM-2-Terrestrial-45-Spider-2767.jpg,0.0627623051404953
SegMaR/S2C,COD10K-CAM-2-Terrestrial-45-Spider-2768.jpg,0.006305443588644266
SegMaR/S2C,COD10K-CAM-2-Terrestrial-45-Spider-2774.jpg,0.10198269784450531
SegMaR/S2C,COD10K-CAM-2-Terrestrial-45-Spider-2775.jpg,0.07476126402616501
SegMaR/S2C,COD10K-CAM-2-Terrestrial-45-Spider-2776.jpg,0.03760942444205284
SegMaR/S2C,COD10K-CAM-2-Terrestrial-45-Spider-2777.jpg,0.02212369628250599
SegMaR/S2C,COD10K-CAM-2-Terrestrial-45-Spider-2778.jpg,0.015454758889973164
SegMaR/S2C,COD10K-CAM-2-Terrestrial-45-Spider-2780.jpg,0.015004568733274937
SegMaR/S2C,COD10K-CAM-2-Terrestrial-45-Spider-2781.jpg,0.05129283666610718
SegMaR/S2C,COD10K-CAM-2-Terrestrial-45-Spider-2784.jpg,0.020781083032488823
SegMaR/S2C,COD10K-CAM-2-Terrestrial-45-Spider-2785.jpg,0.10236109793186188
SegMaR/S2C,COD10K-CAM-2-Terrestrial-45-Spider-2786.jpg,0.031614549458026886
SegMaR/S2C,COD10K-CAM-2-Terrestrial-45-Spider-2787.jpg,0.05898062139749527
SegMaR/S2C,COD10K-CAM-2-Terrestrial-45-Spider-2788.jpg,0.0758969783782959
SegMaR/S2C,COD10K-CAM-2-Terrestrial-45-Spider-2790.jpg,0.05896785855293274
SegMaR/S2C,COD10K-CAM-2-Terrestrial-45-Spider-2793.jpg,0.07645124197006226
SegMaR/S2C,COD10K-CAM-2-Terrestrial-45-Spider-2795.jpg,0.04550532251596451
SegMaR/S2C,COD10K-CAM-2-Terrestrial-45-Spider-2797.jpg,0.004409966059029102
SegMaR/S2C,COD10K-CAM-2-Terrestrial-46-StickInsect-2799.jpg,0.09220001846551895
SegMaR/S2C,COD10K-CAM-2-Terrestrial-46-StickInsect-2800.jpg,0.057132624089717865
SegMaR/S2C,COD10K-CAM-2-Terrestrial-46-StickInsect-2801.jpg,0.10967931896448135
SegMaR/S2C,COD10K-CAM-2-Terrestrial-46-StickInsect-2802.jpg,0.14292998611927032
SegMaR/S2C,COD10K-CAM-2-Terrestrial-46-StickInsect-2803.jpg,0.035632941871881485
SegMaR/S2C,COD10K-CAM-2-Terrestrial-46-StickInsect-2812.jpg,0.055183619260787964
SegMaR/S2C,COD10K-CAM-2-Terrestrial-46-StickInsect-2814.jpg,0.0321870893239975
SegMaR/S2C,COD10K-CAM-2-Terrestrial-46-StickInsect-2821.jpg,0.06576961278915405
SegMaR/S2C,COD10K-CAM-2-Terrestrial-46-StickInsect-2822.jpg,0.03906147927045822
SegMaR/S2C,COD10K-CAM-2-Terrestrial-46-StickInsect-2823.jpg,0.05570702999830246
SegMaR/S2C,COD10K-CAM-2-Terrestrial-46-StickInsect-2824.jpg,0.02500336989760399
SegMaR/S2C,COD10K-CAM-2-Terrestrial-46-StickInsect-2826.jpg,0.01653633639216423
SegMaR/S2C,COD10K-CAM-2-Terrestrial-46-StickInsect-2828.jpg,0.019006960093975067
SegMaR/S2C,COD10K-CAM-2-Terrestrial-46-StickInsect-2830.jpg,0.11345696449279785
SegMaR/S2C,COD10K-CAM-2-Terrestrial-46-StickInsect-2834.jpg,0.04172585532069206
SegMaR/S2C,COD10K-CAM-2-Terrestrial-46-StickInsect-2835.jpg,0.06630463898181915
SegMaR/S2C,COD10K-CAM-2-Terrestrial-46-StickInsect-2837.jpg,0.09878012537956238
SegMaR/S2C,COD10K-CAM-2-Terrestrial-46-StickInsect-2838.jpg,0.0667615756392479
SegMaR/S2C,COD10K-CAM-2-Terrestrial-46-StickInsect-2840.jpg,0.13176082074642181
SegMaR/S2C,COD10K-CAM-2-Terrestrial-46-StickInsect-2845.jpg,0.05591074004769325
SegMaR/S2C,COD10K-CAM-2-Terrestrial-46-StickInsect-2846.jpg,0.026577290147542953
SegMaR/S2C,COD10K-CAM-2-Terrestrial-46-StickInsect-2847.jpg,0.07440397143363953
SegMaR/S2C,COD10K-CAM-2-Terrestrial-46-StickInsect-2848.jpg,0.011946444399654865
SegMaR/S2C,COD10K-CAM-2-Terrestrial-46-StickInsect-2849.jpg,0.03190871328115463
SegMaR/S2C,COD10K-CAM-2-Terrestrial-46-StickInsect-2851.jpg,0.0415596179664135
SegMaR/S2C,COD10K-CAM-2-Terrestrial-46-StickInsect-2852.jpg,0.0304899699985981
SegMaR/S2C,COD10K-CAM-2-Terrestrial-46-StickInsect-2853.jpg,0.005441970657557249
SegMaR/S2C,COD10K-CAM-2-Terrestrial-46-StickInsect-2854.jpg,0.023900676518678665
SegMaR/S2C,COD10K-CAM-2-Terrestrial-46-StickInsect-2855.jpg,0.07298477739095688
SegMaR/S2C,COD10K-CAM-2-Terrestrial-46-StickInsect-2857.jpg,0.03014266863465309
SegMaR/S2C,COD10K-CAM-2-Terrestrial-46-StickInsect-2860.jpg,0.021250411868095398
SegMaR/S2C,COD10K-CAM-2-Terrestrial-46-StickInsect-2861.jpg,0.020988449454307556
SegMaR/S2C,COD10K-CAM-2-Terrestrial-46-StickInsect-2862.jpg,0.08987969160079956
SegMaR/S2C,COD10K-CAM-2-Terrestrial-46-StickInsect-2863.jpg,0.028382238000631332
SegMaR/S2C,COD10K-CAM-2-Terrestrial-46-StickInsect-2866.jpg,0.014664008282124996
SegMaR/S2C,COD10K-CAM-2-Terrestrial-46-StickInsect-2868.jpg,0.02097916603088379
SegMaR/S2C,COD10K-CAM-2-Terrestrial-46-StickInsect-2871.jpg,0.07859323918819427
SegMaR/S2C,COD10K-CAM-2-Terrestrial-46-StickInsect-2872.jpg,0.039933204650878906
SegMaR/S2C,COD10K-CAM-2-Terrestrial-46-StickInsect-2874.jpg,0.041314203292131424
SegMaR/S2C,COD10K-CAM-2-Terrestrial-47-Tiger-2875.jpg,0.048478782176971436
SegMaR/S2C,COD10K-CAM-2-Terrestrial-47-Tiger-2878.jpg,0.011890529654920101
SegMaR/S2C,COD10K-CAM-2-Terrestrial-47-Tiger-2879.jpg,0.02755194902420044
SegMaR/S2C,COD10K-CAM-2-Terrestrial-47-Tiger-2880.jpg,0.048478782176971436
SegMaR/S2C,COD10K-CAM-2-Terrestrial-47-Tiger-2881.jpg,0.017414120957255363
SegMaR/S2C,COD10K-CAM-2-Terrestrial-47-Tiger-2882.jpg,0.024602659046649933
SegMaR/S2C,COD10K-CAM-2-Terrestrial-47-Tiger-2885.jpg,0.02402529865503311
SegMaR/S2C,COD10K-CAM-2-Terrestrial-47-Tiger-2888.jpg,0.005814258940517902
SegMaR/S2C,COD10K-CAM-2-Terrestrial-47-Tiger-2891.jpg,0.07101258635520935
SegMaR/S2C,COD10K-CAM-2-Terrestrial-47-Tiger-2892.jpg,0.04398136958479881
SegMaR/S2C,COD10K-CAM-2-Terrestrial-47-Tiger-2894.jpg,0.03559473156929016
SegMaR/S2C,COD10K-CAM-2-Terrestrial-47-Tiger-2895.jpg,0.054631032049655914
SegMaR/S2C,COD10K-CAM-2-Terrestrial-47-Tiger-2896.jpg,0.0963081419467926
SegMaR/S2C,COD10K-CAM-2-Terrestrial-47-Tiger-2897.jpg,0.017825905233621597
SegMaR/S2C,COD10K-CAM-2-Terrestrial-47-Tiger-2898.jpg,0.0579366609454155
SegMaR/S2C,COD10K-CAM-2-Terrestrial-47-Tiger-2900.jpg,0.1048937737941742
SegMaR/S2C,COD10K-CAM-2-Terrestrial-47-Tiger-2904.jpg,0.06955257803201675
SegMaR/S2C,COD10K-CAM-2-Terrestrial-47-Tiger-2905.jpg,0.03531062602996826
SegMaR/S2C,COD10K-CAM-2-Terrestrial-47-Tiger-2908.jpg,0.0038184516597539186
SegMaR/S2C,COD10K-CAM-2-Terrestrial-47-Tiger-2909.jpg,0.004585746210068464
SegMaR/S2C,COD10K-CAM-2-Terrestrial-47-Tiger-2911.jpg,0.0681861862540245
SegMaR/S2C,COD10K-CAM-2-Terrestrial-47-Tiger-2912.jpg,0.05025940388441086
SegMaR/S2C,COD10K-CAM-2-Terrestrial-48-Wolf-2913.jpg,0.01986507698893547
SegMaR/S2C,COD10K-CAM-2-Terrestrial-48-Wolf-2915.jpg,0.011035921983420849
SegMaR/S2C,COD10K-CAM-2-Terrestrial-48-Wolf-2919.jpg,0.0655696839094162
SegMaR/S2C,COD10K-CAM-2-Terrestrial-48-Wolf-2920.jpg,0.03404569625854492
SegMaR/S2C,COD10K-CAM-2-Terrestrial-48-Wolf-2923.jpg,0.03622479736804962
SegMaR/S2C,COD10K-CAM-2-Terrestrial-49-Worm-2924.jpg,0.03247615694999695
SegMaR/S2C,COD10K-CAM-2-Terrestrial-49-Worm-2925.jpg,0.02832316979765892
SegMaR/S2C,COD10K-CAM-2-Terrestrial-49-Worm-2926.jpg,0.02944708801805973
SegMaR/S2C,COD10K-CAM-2-Terrestrial-49-Worm-2927.jpg,0.015803227201104164
SegMaR/S2C,COD10K-CAM-2-Terrestrial-49-Worm-2928.jpg,0.09668396413326263
SegMaR/S2C,COD10K-CAM-2-Terrestrial-49-Worm-2931.jpg,0.035361722111701965
SegMaR/S2C,COD10K-CAM-2-Terrestrial-49-Worm-2932.jpg,0.01961853913962841
SegMaR/S2C,COD10K-CAM-2-Terrestrial-49-Worm-2933.jpg,0.05805443972349167
SegMaR/S2C,COD10K-CAM-2-Terrestrial-49-Worm-2935.jpg,0.06800668686628342
SegMaR/S2C,COD10K-CAM-2-Terrestrial-49-Worm-2936.jpg,0.08020791411399841
SegMaR/S2C,COD10K-CAM-2-Terrestrial-49-Worm-2937.jpg,0.06941616535186768
SegMaR/S2C,COD10K-CAM-2-Terrestrial-49-Worm-2938.jpg,0.042314089834690094
SegMaR/S2C,COD10K-CAM-2-Terrestrial-49-Worm-2940.jpg,0.0530228354036808
SegMaR/S2C,COD10K-CAM-2-Terrestrial-49-Worm-2942.jpg,0.02480497397482395
SegMaR/S2C,COD10K-CAM-2-Terrestrial-49-Worm-2943.jpg,0.05470027029514313
SegMaR/S2C,COD10K-CAM-2-Terrestrial-49-Worm-2945.jpg,0.04579935222864151
SegMaR/S2C,COD10K-CAM-2-Terrestrial-49-Worm-2946.jpg,0.10367487370967865
SegMaR/S2C,COD10K-CAM-2-Terrestrial-49-Worm-2947.jpg,0.035576231777668
SegMaR/S2C,COD10K-CAM-2-Terrestrial-49-Worm-2951.jpg,0.01643545553088188
SegMaR/S2C,COD10K-CAM-3-Flying-50-Bat-2957.jpg,0.020178169012069702
SegMaR/S2C,COD10K-CAM-3-Flying-50-Bat-2958.jpg,0.024027999490499496
SegMaR/S2C,COD10K-CAM-3-Flying-50-Bat-2961.jpg,0.02300477772951126
SegMaR/S2C,COD10K-CAM-3-Flying-50-Bat-2964.jpg,0.05190364271402359
SegMaR/S2C,COD10K-CAM-3-Flying-50-Bat-2965.jpg,0.09848734736442566
SegMaR/S2C,COD10K-CAM-3-Flying-50-Bat-2966.jpg,0.0202040933072567
SegMaR/S2C,COD10K-CAM-3-Flying-50-Bat-2969.jpg,0.014624595642089844
SegMaR/S2C,COD10K-CAM-3-Flying-50-Bat-2971.jpg,0.01947835087776184
SegMaR/S2C,COD10K-CAM-3-Flying-50-Bat-2973.jpg,0.030747387558221817
SegMaR/S2C,COD10K-CAM-3-Flying-50-Bat-2974.jpg,0.053678758442401886
SegMaR/S2C,COD10K-CAM-3-Flying-51-Bee-2978.jpg,0.023911651223897934
SegMaR/S2C,COD10K-CAM-3-Flying-51-Bee-2979.jpg,0.07906893640756607
SegMaR/S2C,COD10K-CAM-3-Flying-51-Bee-2980.jpg,0.013676156289875507
SegMaR/S2C,COD10K-CAM-3-Flying-51-Bee-2984.jpg,0.04336265102028847
SegMaR/S2C,COD10K-CAM-3-Flying-51-Bee-2987.jpg,0.04252517595887184
SegMaR/S2C,COD10K-CAM-3-Flying-51-Bee-2988.jpg,0.019865989685058594
SegMaR/S2C,COD10K-CAM-3-Flying-51-Bee-2989.jpg,0.03513282164931297
SegMaR/S2C,COD10K-CAM-3-Flying-51-Bee-2990.jpg,0.13361312448978424
SegMaR/S2C,COD10K-CAM-3-Flying-51-Bee-2991.jpg,0.1285654753446579
SegMaR/S2C,COD10K-CAM-3-Flying-51-Bee-2992.jpg,0.00927957147359848
SegMaR/S2C,COD10K-CAM-3-Flying-51-Bee-2994.jpg,0.0409703329205513
SegMaR/S2C,COD10K-CAM-3-Flying-51-Bee-2996.jpg,0.05252157524228096
SegMaR/S2C,COD10K-CAM-3-Flying-51-Bee-2998.jpg,0.10786207765340805
SegMaR/S2C,COD10K-CAM-3-Flying-51-Bee-3000.jpg,0.024300353601574898
SegMaR/S2C,COD10K-CAM-3-Flying-51-Bee-3001.jpg,0.012727980501949787
SegMaR/S2C,COD10K-CAM-3-Flying-51-Bee-3003.jpg,0.014653731137514114
SegMaR/S2C,COD10K-CAM-3-Flying-51-Bee-3004.jpg,0.014917956665158272
SegMaR/S2C,COD10K-CAM-3-Flying-51-Bee-3005.jpg,0.0413949191570282
SegMaR/S2C,COD10K-CAM-3-Flying-52-Beetle-3006.jpg,0.026874016970396042
SegMaR/S2C,COD10K-CAM-3-Flying-52-Beetle-3008.jpg,0.00936342403292656
SegMaR/S2C,COD10K-CAM-3-Flying-52-Beetle-3010.jpg,0.03598843514919281
SegMaR/S2C,COD10K-CAM-3-Flying-52-Beetle-3012.jpg,0.046618394553661346
SegMaR/S2C,COD10K-CAM-3-Flying-52-Beetle-3013.jpg,0.02493244782090187
SegMaR/S2C,COD10K-CAM-3-Flying-53-Bird-3014.jpg,0.014620225876569748
SegMaR/S2C,COD10K-CAM-3-Flying-53-Bird-3016.jpg,0.015715237706899643
SegMaR/S2C,COD10K-CAM-3-Flying-53-Bird-3017.jpg,0.01721973344683647
SegMaR/S2C,COD10K-CAM-3-Flying-53-Bird-3018.jpg,0.030155297368764877
SegMaR/S2C,COD10K-CAM-3-Flying-53-Bird-3019.jpg,0.009043748490512371
SegMaR/S2C,COD10K-CAM-3-Flying-53-Bird-3020.jpg,0.0256482046097517
SegMaR/S2C,COD10K-CAM-3-Flying-53-Bird-3025.jpg,0.05846793204545975
SegMaR/S2C,COD10K-CAM-3-Flying-53-Bird-3027.jpg,0.016273202374577522
SegMaR/S2C,COD10K-CAM-3-Flying-53-Bird-3029.jpg,0.00646580895408988
SegMaR/S2C,COD10K-CAM-3-Flying-53-Bird-3033.jpg,0.01426692120730877
SegMaR/S2C,COD10K-CAM-3-Flying-53-Bird-3034.jpg,0.029253315180540085
SegMaR/S2C,COD10K-CAM-3-Flying-53-Bird-3035.jpg,0.03396829217672348
SegMaR/S2C,COD10K-CAM-3-Flying-53-Bird-3039.jpg,0.023881468921899796
SegMaR/S2C,COD10K-CAM-3-Flying-53-Bird-3042.jpg,0.00893840380012989
SegMaR/S2C,COD10K-CAM-3-Flying-53-Bird-3043.jpg,0.008830339647829533
SegMaR/S2C,COD10K-CAM-3-Flying-53-Bird-3044.jpg,0.10028153657913208
SegMaR/S2C,COD10K-CAM-3-Flying-53-Bird-3045.jpg,0.014601622708141804
SegMaR/S2C,COD10K-CAM-3-Flying-53-Bird-3047.jpg,0.041623156517744064
SegMaR/S2C,COD10K-CAM-3-Flying-53-Bird-3048.jpg,0.010360360145568848
SegMaR/S2C,COD10K-CAM-3-Flying-53-Bird-3050.jpg,0.003896250855177641
SegMaR/S2C,COD10K-CAM-3-Flying-53-Bird-3055.jpg,0.02077849954366684
SegMaR/S2C,COD10K-CAM-3-Flying-53-Bird-3058.jpg,0.007436216808855534
SegMaR/S2C,COD10K-CAM-3-Flying-53-Bird-3060.jpg,0.018086005002260208
SegMaR/S2C,COD10K-CAM-3-Flying-53-Bird-3061.jpg,0.029098834842443466
SegMaR/S2C,COD10K-CAM-3-Flying-53-Bird-3063.jpg,0.062433116137981415
SegMaR/S2C,COD10K-CAM-3-Flying-53-Bird-3065.jpg,0.008739272132515907
SegMaR/S2C,COD10K-CAM-3-Flying-53-Bird-3066.jpg,0.016974514350295067
SegMaR/S2C,COD10K-CAM-3-Flying-53-Bird-3067.jpg,0.061816222965717316
SegMaR/S2C,COD10K-CAM-3-Flying-53-Bird-3070.jpg,0.006859957240521908
SegMaR/S2C,COD10K-CAM-3-Flying-53-Bird-3071.jpg,0.06212557852268219
SegMaR/S2C,COD10K-CAM-3-Flying-53-Bird-3072.jpg,0.017806099727749825
SegMaR/S2C,COD10K-CAM-3-Flying-53-Bird-3073.jpg,0.005081902723759413
SegMaR/S2C,COD10K-CAM-3-Flying-53-Bird-3074.jpg,0.020291078835725784
SegMaR/S2C,COD10K-CAM-3-Flying-53-Bird-3076.jpg,0.025975694879889488
SegMaR/S2C,COD10K-CAM-3-Flying-53-Bird-3079.jpg,0.016943922266364098
SegMaR/S2C,COD10K-CAM-3-Flying-53-Bird-3081.jpg,0.17125631868839264
SegMaR/S2C,COD10K-CAM-3-Flying-53-Bird-3085.jpg,0.024732109159231186
SegMaR/S2C,COD10K-CAM-3-Flying-53-Bird-3086.jpg,0.026367951184511185
SegMaR/S2C,COD10K-CAM-3-Flying-53-Bird-3088.jpg,0.021800652146339417
SegMaR/S2C,COD10K-CAM-3-Flying-53-Bird-3090.jpg,0.006192923989146948
SegMaR/S2C,COD10K-CAM-3-Flying-53-Bird-3091.jpg,0.013141656294465065
SegMaR/S2C,COD10K-CAM-3-Flying-53-Bird-3092.jpg,0.05827660858631134
SegMaR/S2C,COD10K-CAM-3-Flying-53-Bird-3094.jpg,0.0440460667014122
SegMaR/S2C,COD10K-CAM-3-Flying-53-Bird-3095.jpg,0.013111726380884647
SegMaR/S2C,COD10K-CAM-3-Flying-53-Bird-3097.jpg,0.021065592765808105
SegMaR/S2C,COD10K-CAM-3-Flying-53-Bird-3098.jpg,0.020211637020111084
SegMaR/S2C,COD10K-CAM-3-Flying-53-Bird-3099.jpg,0.02516077645123005
SegMaR/S2C,COD10K-CAM-3-Flying-53-Bird-3100.jpg,0.010343294590711594
SegMaR/S2C,COD10K-CAM-3-Flying-53-Bird-3101.jpg,0.016606304794549942
SegMaR/S2C,COD10K-CAM-3-Flying-53-Bird-3102.jpg,0.009229513816535473
SegMaR/S2C,COD10K-CAM-3-Flying-53-Bird-3103.jpg,0.025303872302174568
SegMaR/S2C,COD10K-CAM-3-Flying-53-Bird-3106.jpg,0.014528862200677395
SegMaR/S2C,COD10K-CAM-3-Flying-53-Bird-3107.jpg,0.05258825421333313
SegMaR/S2C,COD10K-CAM-3-Flying-53-Bird-3108.jpg,0.035017549991607666
SegMaR/S2C,COD10K-CAM-3-Flying-53-Bird-3109.jpg,0.011798765510320663
SegMaR/S2C,COD10K-CAM-3-Flying-53-Bird-3110.jpg,0.007367095910012722
SegMaR/S2C,COD10K-CAM-3-Flying-53-Bird-3111.jpg,0.012254482135176659
SegMaR/S2C,COD10K-CAM-3-Flying-53-Bird-3113.jpg,0.01071147620677948
SegMaR/S2C,COD10K-CAM-3-Flying-53-Bird-3114.jpg,0.008801698684692383
SegMaR/S2C,COD10K-CAM-3-Flying-53-Bird-3115.jpg,0.010422191582620144
SegMaR/S2C,COD10K-CAM-3-Flying-53-Bird-3116.jpg,0.016481487080454826
SegMaR/S2C,COD10K-CAM-3-Flying-53-Bird-3117.jpg,0.012478485703468323
SegMaR/S2C,COD10K-CAM-3-Flying-53-Bird-3118.jpg,0.020826343446969986
SegMaR/S2C,COD10K-CAM-3-Flying-53-Bird-3120.jpg,0.05529313161969185
SegMaR/S2C,COD10K-CAM-3-Flying-53-Bird-3122.jpg,0.02064184471964836
SegMaR/S2C,COD10K-CAM-3-Flying-53-Bird-3124.jpg,0.01988595724105835
SegMaR/S2C,COD10K-CAM-3-Flying-53-Bird-3126.jpg,0.004099820740520954
SegMaR/S2C,COD10K-CAM-3-Flying-53-Bird-3127.jpg,0.015602225437760353
SegMaR/S2C,COD10K-CAM-3-Flying-53-Bird-3129.jpg,0.010641003027558327
SegMaR/S2C,COD10K-CAM-3-Flying-53-Bird-3130.jpg,0.008751117624342442
SegMaR/S2C,COD10K-CAM-3-Flying-53-Bird-3131.jpg,0.02525794506072998
SegMaR/S2C,COD10K-CAM-3-Flying-53-Bird-3134.jpg,0.013020803220570087
SegMaR/S2C,COD10K-CAM-3-Flying-53-Bird-3135.jpg,0.009873000904917717
SegMaR/S2C,COD10K-CAM-3-Flying-53-Bird-3136.jpg,0.010049032978713512
SegMaR/S2C,COD10K-CAM-3-Flying-53-Bird-3137.jpg,0.05740614980459213
SegMaR/S2C,COD10K-CAM-3-Flying-53-Bird-3138.jpg,0.0061177341267466545
SegMaR/S2C,COD10K-CAM-3-Flying-53-Bird-3139.jpg,0.019780680537223816
SegMaR/S2C,COD10K-CAM-3-Flying-53-Bird-3140.jpg,0.0036662511993199587
SegMaR/S2C,COD10K-CAM-3-Flying-53-Bird-3143.jpg,0.024247247725725174
SegMaR/S2C,COD10K-CAM-3-Flying-53-Bird-3144.jpg,0.024725858122110367
SegMaR/S2C,COD10K-CAM-3-Flying-53-Bird-3146.jpg,0.004206436686217785
SegMaR/S2C,COD10K-CAM-3-Flying-53-Bird-3147.jpg,0.00872493814677
SegMaR/S2C,COD10K-CAM-3-Flying-53-Bird-3148.jpg,0.013049622997641563
SegMaR/S2C,COD10K-CAM-3-Flying-53-Bird-3149.jpg,0.005694021470844746
SegMaR/S2C,COD10K-CAM-3-Flying-53-Bird-3152.jpg,0.08393630385398865
SegMaR/S2C,COD10K-CAM-3-Flying-53-Bird-3153.jpg,0.0933515876531601
SegMaR/S2C,COD10K-CAM-3-Flying-53-Bird-3154.jpg,0.02919536828994751
SegMaR/S2C,COD10K-CAM-3-Flying-53-Bird-3156.jpg,0.037227727472782135
SegMaR/S2C,COD10K-CAM-3-Flying-53-Bird-3160.jpg,0.01759554259479046
SegMaR/S2C,COD10K-CAM-3-Flying-53-Bird-3161.jpg,0.014300071634352207
SegMaR/S2C,COD10K-CAM-3-Flying-53-Bird-3163.jpg,0.033921897411346436
SegMaR/S2C,COD10K-CAM-3-Flying-53-Bird-3164.jpg,0.004280612338334322
SegMaR/S2C,COD10K-CAM-3-Flying-53-Bird-3165.jpg,0.0056348517537117004
SegMaR/S2C,COD10K-CAM-3-Flying-53-Bird-3166.jpg,0.018006296828389168
SegMaR/S2C,COD10K-CAM-3-Flying-53-Bird-3168.jpg,0.06553015112876892
SegMaR/S2C,COD10K-CAM-3-Flying-53-Bird-3169.jpg,0.007358569651842117
SegMaR/S2C,COD10K-CAM-3-Flying-53-Bird-3172.jpg,0.0061985766515135765
SegMaR/S2C,COD10K-CAM-3-Flying-53-Bird-3173.jpg,0.01890295185148716
SegMaR/S2C,COD10K-CAM-3-Flying-53-Bird-3174.jpg,0.006248290650546551
SegMaR/S2C,COD10K-CAM-3-Flying-53-Bird-3177.jpg,0.02650437131524086
SegMaR/S2C,COD10K-CAM-3-Flying-53-Bird-3178.jpg,0.007366720587015152
SegMaR/S2C,COD10K-CAM-3-Flying-53-Bird-3179.jpg,0.01179678924381733
SegMaR/S2C,COD10K-CAM-3-Flying-53-Bird-3181.jpg,0.02861340157687664
SegMaR/S2C,COD10K-CAM-3-Flying-53-Bird-3182.jpg,0.019401926547288895
SegMaR/S2C,COD10K-CAM-3-Flying-53-Bird-3183.jpg,0.07333343476057053
SegMaR/S2C,COD10K-CAM-3-Flying-53-Bird-3186.jpg,0.12838663160800934
SegMaR/S2C,COD10K-CAM-3-Flying-53-Bird-3187.jpg,0.1089702770113945
SegMaR/S2C,COD10K-CAM-3-Flying-53-Bird-3188.jpg,0.0716540515422821
SegMaR/S2C,COD10K-CAM-3-Flying-53-Bird-3190.jpg,0.05205409228801727
SegMaR/S2C,COD10K-CAM-3-Flying-53-Bird-3191.jpg,0.05440828949213028
SegMaR/S2C,COD10K-CAM-3-Flying-53-Bird-3192.jpg,0.019864080473780632
SegMaR/S2C,COD10K-CAM-3-Flying-53-Bird-3193.jpg,0.025196542963385582
SegMaR/S2C,COD10K-CAM-3-Flying-53-Bird-3194.jpg,0.02916310913860798
SegMaR/S2C,COD10K-CAM-3-Flying-53-Bird-3195.jpg,0.024587564170360565
SegMaR/S2C,COD10K-CAM-3-Flying-53-Bird-3199.jpg,0.006150620058178902
SegMaR/S2C,COD10K-CAM-3-Flying-53-Bird-3202.jpg,0.015788273885846138
SegMaR/S2C,COD10K-CAM-3-Flying-53-Bird-3204.jpg,0.01870848424732685
SegMaR/S2C,COD10K-CAM-3-Flying-53-Bird-3205.jpg,0.011821497231721878
SegMaR/S2C,COD10K-CAM-3-Flying-53-Bird-3206.jpg,0.03835536167025566
SegMaR/S2C,COD10K-CAM-3-Flying-53-Bird-3208.jpg,0.017370447516441345
SegMaR/S2C,COD10K-CAM-3-Flying-53-Bird-3209.jpg,0.01363687589764595
SegMaR/S2C,COD10K-CAM-3-Flying-53-Bird-3210.jpg,0.009961113333702087
SegMaR/S2C,COD10K-CAM-3-Flying-53-Bird-3212.jpg,0.01880316436290741
SegMaR/S2C,COD10K-CAM-3-Flying-53-Bird-3216.jpg,0.02439272217452526
SegMaR/S2C,COD10K-CAM-3-Flying-53-Bird-3217.jpg,0.015631388872861862
SegMaR/S2C,COD10K-CAM-3-Flying-53-Bird-3219.jpg,0.026073068380355835
SegMaR/S2C,COD10K-CAM-3-Flying-53-Bird-3220.jpg,0.011535079218447208
SegMaR/S2C,COD10K-CAM-3-Flying-53-Bird-3222.jpg,0.013129455968737602
SegMaR/S2C,COD10K-CAM-3-Flying-53-Bird-3224.jpg,0.0060009220615029335
SegMaR/S2C,COD10K-CAM-3-Flying-53-Bird-3225.jpg,0.02378217503428459
SegMaR/S2C,COD10K-CAM-3-Flying-53-Bird-3228.jpg,0.010686204768717289
SegMaR/S2C,COD10K-CAM-3-Flying-53-Bird-3229.jpg,0.013008353300392628
SegMaR/S2C,COD10K-CAM-3-Flying-53-Bird-3230.jpg,0.023143896833062172
SegMaR/S2C,COD10K-CAM-3-Flying-53-Bird-3233.jpg,0.02341524139046669
SegMaR/S2C,COD10K-CAM-3-Flying-53-Bird-3238.jpg,0.009207446128129959
SegMaR/S2C,COD10K-CAM-3-Flying-53-Bird-3242.jpg,0.011388291604816914
SegMaR/S2C,COD10K-CAM-3-Flying-53-Bird-3243.jpg,0.07071483880281448
SegMaR/S2C,COD10K-CAM-3-Flying-53-Bird-3244.jpg,0.11923098564147949
SegMaR/S2C,COD10K-CAM-3-Flying-53-Bird-3247.jpg,0.017429092898964882
SegMaR/S2C,COD10K-CAM-3-Flying-53-Bird-3248.jpg,0.07445257902145386
SegMaR/S2C,COD10K-CAM-3-Flying-53-Bird-3249.jpg,0.012082653120160103
SegMaR/S2C,COD10K-CAM-3-Flying-53-Bird-3250.jpg,0.0304215420037508
SegMaR/S2C,COD10K-CAM-3-Flying-54-Bittern-3251.jpg,0.01697051152586937
SegMaR/S2C,COD10K-CAM-3-Flying-54-Bittern-3253.jpg,0.016819357872009277
SegMaR/S2C,COD10K-CAM-3-Flying-54-Bittern-3256.jpg,0.019118739292025566
SegMaR/S2C,COD10K-CAM-3-Flying-54-Bittern-3257.jpg,0.04711102321743965
SegMaR/S2C,COD10K-CAM-3-Flying-54-Bittern-3258.jpg,0.01920446753501892
SegMaR/S2C,COD10K-CAM-3-Flying-54-Bittern-3259.jpg,0.013572048395872116
SegMaR/S2C,COD10K-CAM-3-Flying-54-Bittern-3261.jpg,0.012251815758645535
SegMaR/S2C,COD10K-CAM-3-Flying-54-Bittern-3262.jpg,0.027455132454633713
SegMaR/S2C,COD10K-CAM-3-Flying-54-Bittern-3263.jpg,0.0094846710562706
SegMaR/S2C,COD10K-CAM-3-Flying-54-Bittern-3264.jpg,0.0069733355194330215
SegMaR/S2C,COD10K-CAM-3-Flying-54-Bittern-3265.jpg,0.01242087408900261
SegMaR/S2C,COD10K-CAM-3-Flying-54-Bittern-3267.jpg,0.002978682052344084
SegMaR/S2C,COD10K-CAM-3-Flying-54-Bittern-3269.jpg,0.011737736873328686
SegMaR/S2C,COD10K-CAM-3-Flying-54-Bittern-3270.jpg,0.006319461856037378
SegMaR/S2C,COD10K-CAM-3-Flying-54-Bittern-3272.jpg,0.0067817033268511295
SegMaR/S2C,COD10K-CAM-3-Flying-54-Bittern-3273.jpg,0.011112352833151817
SegMaR/S2C,COD10K-CAM-3-Flying-54-Bittern-3274.jpg,0.016460275277495384
SegMaR/S2C,COD10K-CAM-3-Flying-54-Bittern-3275.jpg,0.0364602655172348
SegMaR/S2C,COD10K-CAM-3-Flying-54-Bittern-3276.jpg,0.03537166863679886
SegMaR/S2C,COD10K-CAM-3-Flying-54-Bittern-3278.jpg,0.01188778318464756
SegMaR/S2C,COD10K-CAM-3-Flying-54-Bittern-3279.jpg,0.004798361100256443
SegMaR/S2C,COD10K-CAM-3-Flying-54-Bittern-3280.jpg,0.010915118269622326
SegMaR/S2C,COD10K-CAM-3-Flying-54-Bittern-3281.jpg,0.01027109194546938
SegMaR/S2C,COD10K-CAM-3-Flying-54-Bittern-3282.jpg,0.04554908722639084
SegMaR/S2C,COD10K-CAM-3-Flying-54-Bittern-3285.jpg,0.009381510317325592
SegMaR/S2C,COD10K-CAM-3-Flying-54-Bittern-3286.jpg,0.028946591541171074
SegMaR/S2C,COD10K-CAM-3-Flying-54-Bittern-3287.jpg,0.011435491964221
SegMaR/S2C,COD10K-CAM-3-Flying-54-Bittern-3290.jpg,0.007052738685160875
SegMaR/S2C,COD10K-CAM-3-Flying-55-Butterfly-3291.jpg,0.02347676083445549
SegMaR/S2C,COD10K-CAM-3-Flying-55-Butterfly-3292.jpg,0.027106409892439842
SegMaR/S2C,COD10K-CAM-3-Flying-55-Butterfly-3293.jpg,0.033302947878837585
SegMaR/S2C,COD10K-CAM-3-Flying-55-Butterfly-3294.jpg,0.02278647944331169
SegMaR/S2C,COD10K-CAM-3-Flying-55-Butterfly-3296.jpg,0.02368898130953312
SegMaR/S2C,COD10K-CAM-3-Flying-55-Butterfly-3297.jpg,0.024154648184776306
SegMaR/S2C,COD10K-CAM-3-Flying-55-Butterfly-3298.jpg,0.01383588369935751
SegMaR/S2C,COD10K-CAM-3-Flying-55-Butterfly-3299.jpg,0.008295435458421707
SegMaR/S2C,COD10K-CAM-3-Flying-55-Butterfly-3300.jpg,0.009040826931595802
SegMaR/S2C,COD10K-CAM-3-Flying-55-Butterfly-3301.jpg,0.02641056850552559
SegMaR/S2C,COD10K-CAM-3-Flying-55-Butterfly-3302.jpg,0.12585237622261047
SegMaR/S2C,COD10K-CAM-3-Flying-55-Butterfly-3305.jpg,0.019468389451503754
SegMaR/S2C,COD10K-CAM-3-Flying-55-Butterfly-3307.jpg,0.048150140792131424
SegMaR/S2C,COD10K-CAM-3-Flying-55-Butterfly-3308.jpg,0.035878751426935196
SegMaR/S2C,COD10K-CAM-3-Flying-55-Butterfly-3309.jpg,0.008137714117765427
SegMaR/S2C,COD10K-CAM-3-Flying-55-Butterfly-3310.jpg,0.016918862238526344
SegMaR/S2C,COD10K-CAM-3-Flying-55-Butterfly-3311.jpg,0.01573995128273964
SegMaR/S2C,COD10K-CAM-3-Flying-55-Butterfly-3313.jpg,0.03965286910533905
SegMaR/S2C,COD10K-CAM-3-Flying-55-Butterfly-3314.jpg,0.016612133011221886
SegMaR/S2C,COD10K-CAM-3-Flying-55-Butterfly-3316.jpg,0.010486439801752567
SegMaR/S2C,COD10K-CAM-3-Flying-55-Butterfly-3317.jpg,0.0866750180721283
SegMaR/S2C,COD10K-CAM-3-Flying-55-Butterfly-3321.jpg,0.06859512627124786
SegMaR/S2C,COD10K-CAM-3-Flying-55-Butterfly-3323.jpg,0.06101252883672714
SegMaR/S2C,COD10K-CAM-3-Flying-55-Butterfly-3326.jpg,0.03233145549893379
SegMaR/S2C,COD10K-CAM-3-Flying-55-Butterfly-3327.jpg,0.011674134992063046
SegMaR/S2C,COD10K-CAM-3-Flying-55-Butterfly-3329.jpg,0.06751036643981934
SegMaR/S2C,COD10K-CAM-3-Flying-55-Butterfly-3330.jpg,0.09402462840080261
SegMaR/S2C,COD10K-CAM-3-Flying-55-Butterfly-3331.jpg,0.019435429945588112
SegMaR/S2C,COD10K-CAM-3-Flying-55-Butterfly-3332.jpg,0.011049078777432442
SegMaR/S2C,COD10K-CAM-3-Flying-55-Butterfly-3333.jpg,0.03488113731145859
SegMaR/S2C,COD10K-CAM-3-Flying-55-Butterfly-3334.jpg,0.015516312792897224
SegMaR/S2C,COD10K-CAM-3-Flying-55-Butterfly-3336.jpg,0.011071867309510708
SegMaR/S2C,COD10K-CAM-3-Flying-55-Butterfly-3337.jpg,0.017055077478289604
SegMaR/S2C,COD10K-CAM-3-Flying-55-Butterfly-3338.jpg,0.016785992309451103
SegMaR/S2C,COD10K-CAM-3-Flying-55-Butterfly-3340.jpg,0.009968865662813187
SegMaR/S2C,COD10K-CAM-3-Flying-55-Butterfly-3343.jpg,0.06464309990406036
SegMaR/S2C,COD10K-CAM-3-Flying-55-Butterfly-3344.jpg,0.033423617482185364
SegMaR/S2C,COD10K-CAM-3-Flying-55-Butterfly-3345.jpg,0.004390818066895008
SegMaR/S2C,COD10K-CAM-3-Flying-55-Butterfly-3346.jpg,0.09012709558010101
SegMaR/S2C,COD10K-CAM-3-Flying-55-Butterfly-3347.jpg,0.07155799865722656
SegMaR/S2C,COD10K-CAM-3-Flying-55-Butterfly-3348.jpg,0.12667757272720337
SegMaR/S2C,COD10K-CAM-3-Flying-55-Butterfly-3349.jpg,0.017037304118275642
SegMaR/S2C,COD10K-CAM-3-Flying-55-Butterfly-3352.jpg,0.01998850703239441
SegMaR/S2C,COD10K-CAM-3-Flying-55-Butterfly-3353.jpg,0.04595943167805672
SegMaR/S2C,COD10K-CAM-3-Flying-55-Butterfly-3355.jpg,0.024156872183084488
SegMaR/S2C,COD10K-CAM-3-Flying-55-Butterfly-3357.jpg,0.00743514858186245
SegMaR/S2C,COD10K-CAM-3-Flying-55-Butterfly-3358.jpg,0.032069116830825806
SegMaR/S2C,COD10K-CAM-3-Flying-55-Butterfly-3362.jpg,0.09317468106746674
SegMaR/S2C,COD10K-CAM-3-Flying-55-Butterfly-3363.jpg,0.06594153493642807
SegMaR/S2C,COD10K-CAM-3-Flying-55-Butterfly-3364.jpg,0.015041997656226158
SegMaR/S2C,COD10K-CAM-3-Flying-55-Butterfly-3365.jpg,0.031719207763671875
SegMaR/S2C,COD10K-CAM-3-Flying-55-Butterfly-3366.jpg,0.12159238010644913
SegMaR/S2C,COD10K-CAM-3-Flying-55-Butterfly-3367.jpg,0.0778283029794693
SegMaR/S2C,COD10K-CAM-3-Flying-55-Butterfly-3368.jpg,0.04177641123533249
SegMaR/S2C,COD10K-CAM-3-Flying-55-Butterfly-3371.jpg,0.028929177671670914
SegMaR/S2C,COD10K-CAM-3-Flying-55-Butterfly-3372.jpg,0.011460486799478531
SegMaR/S2C,COD10K-CAM-3-Flying-55-Butterfly-3373.jpg,0.05764766037464142
SegMaR/S2C,COD10K-CAM-3-Flying-55-Butterfly-3380.jpg,0.08407610654830933
SegMaR/S2C,COD10K-CAM-3-Flying-55-Butterfly-3381.jpg,0.044401172548532486
SegMaR/S2C,COD10K-CAM-3-Flying-55-Butterfly-3384.jpg,0.017006155103445053
SegMaR/S2C,COD10K-CAM-3-Flying-55-Butterfly-3385.jpg,0.02174966037273407
SegMaR/S2C,COD10K-CAM-3-Flying-55-Butterfly-3387.jpg,0.029343929141759872
SegMaR/S2C,COD10K-CAM-3-Flying-55-Butterfly-3388.jpg,0.03471732139587402
SegMaR/S2C,COD10K-CAM-3-Flying-55-Butterfly-3391.jpg,0.021382736042141914
SegMaR/S2C,COD10K-CAM-3-Flying-55-Butterfly-3392.jpg,0.11088865250349045
SegMaR/S2C,COD10K-CAM-3-Flying-55-Butterfly-3394.jpg,0.022561222314834595
SegMaR/S2C,COD10K-CAM-3-Flying-55-Butterfly-3395.jpg,0.04525430127978325
SegMaR/S2C,COD10K-CAM-3-Flying-55-Butterfly-3396.jpg,0.01976386271417141
SegMaR/S2C,COD10K-CAM-3-Flying-55-Butterfly-3397.jpg,0.021525360643863678
SegMaR/S2C,COD10K-CAM-3-Flying-55-Butterfly-3399.jpg,0.008310648612678051
SegMaR/S2C,COD10K-CAM-3-Flying-55-Butterfly-3400.jpg,0.01016247645020485
SegMaR/S2C,COD10K-CAM-3-Flying-55-Butterfly-3402.jpg,0.1134321540594101
SegMaR/S2C,COD10K-CAM-3-Flying-55-Butterfly-3404.jpg,0.0382959321141243
SegMaR/S2C,COD10K-CAM-3-Flying-55-Butterfly-3405.jpg,0.014589706435799599
SegMaR/S2C,COD10K-CAM-3-Flying-55-Butterfly-3407.jpg,0.010514538735151291
SegMaR/S2C,COD10K-CAM-3-Flying-55-Butterfly-3410.jpg,0.010648292489349842
SegMaR/S2C,COD10K-CAM-3-Flying-55-Butterfly-3411.jpg,0.03277568519115448
SegMaR/S2C,COD10K-CAM-3-Flying-55-Butterfly-3413.jpg,0.024972211569547653
SegMaR/S2C,COD10K-CAM-3-Flying-55-Butterfly-3414.jpg,0.00975077971816063
SegMaR/S2C,COD10K-CAM-3-Flying-55-Butterfly-3415.jpg,0.005570407025516033
SegMaR/S2C,COD10K-CAM-3-Flying-55-Butterfly-3416.jpg,0.03711749613285065
SegMaR/S2C,COD10K-CAM-3-Flying-55-Butterfly-3417.jpg,0.0322311595082283
SegMaR/S2C,COD10K-CAM-3-Flying-55-Butterfly-3419.jpg,0.012128394097089767
SegMaR/S2C,COD10K-CAM-3-Flying-55-Butterfly-3420.jpg,0.012143256142735481
SegMaR/S2C,COD10K-CAM-3-Flying-55-Butterfly-3421.jpg,0.012602973729372025
SegMaR/S2C,COD10K-CAM-3-Flying-55-Butterfly-3422.jpg,0.048806339502334595
SegMaR/S2C,COD10K-CAM-3-Flying-55-Butterfly-3424.jpg,0.007918158546090126
SegMaR/S2C,COD10K-CAM-3-Flying-55-Butterfly-3425.jpg,0.016401266679167747
SegMaR/S2C,COD10K-CAM-3-Flying-55-Butterfly-3427.jpg,0.021820584312081337
SegMaR/S2C,COD10K-CAM-3-Flying-55-Butterfly-3430.jpg,0.017391379922628403
SegMaR/S2C,COD10K-CAM-3-Flying-55-Butterfly-3431.jpg,0.03223981708288193
SegMaR/S2C,COD10K-CAM-3-Flying-55-Butterfly-3432.jpg,0.023621682077646255
SegMaR/S2C,COD10K-CAM-3-Flying-55-Butterfly-3433.jpg,0.0262796301394701
SegMaR/S2C,COD10K-CAM-3-Flying-55-Butterfly-3437.jpg,0.036375027149915695
SegMaR/S2C,COD10K-CAM-3-Flying-55-Butterfly-3438.jpg,0.04961079731583595
SegMaR/S2C,COD10K-CAM-3-Flying-56-Cicada-3442.jpg,0.0144144706428051
SegMaR/S2C,COD10K-CAM-3-Flying-56-Cicada-3445.jpg,0.022347666323184967
SegMaR/S2C,COD10K-CAM-3-Flying-56-Cicada-3446.jpg,0.020260393619537354
SegMaR/S2C,COD10K-CAM-3-Flying-56-Cicada-3448.jpg,0.01547600794583559
SegMaR/S2C,COD10K-CAM-3-Flying-56-Cicada-3449.jpg,0.020727403461933136
SegMaR/S2C,COD10K-CAM-3-Flying-56-Cicada-3450.jpg,0.001123171066865325
SegMaR/S2C,COD10K-CAM-3-Flying-56-Cicada-3451.jpg,0.004917984362691641
SegMaR/S2C,COD10K-CAM-3-Flying-56-Cicada-3452.jpg,0.013567181304097176
SegMaR/S2C,COD10K-CAM-3-Flying-56-Cicada-3454.jpg,0.027834411710500717
SegMaR/S2C,COD10K-CAM-3-Flying-56-Cicada-3455.jpg,0.08413178473711014
SegMaR/S2C,COD10K-CAM-3-Flying-56-Cicada-3456.jpg,0.026531079784035683
SegMaR/S2C,COD10K-CAM-3-Flying-56-Cicada-3457.jpg,0.02901868149638176
SegMaR/S2C,COD10K-CAM-3-Flying-56-Cicada-3458.jpg,0.03297927975654602
SegMaR/S2C,COD10K-CAM-3-Flying-56-Cicada-3459.jpg,0.020587991923093796
SegMaR/S2C,COD10K-CAM-3-Flying-56-Cicada-3461.jpg,0.02458575740456581
SegMaR/S2C,COD10K-CAM-3-Flying-56-Cicada-3464.jpg,0.021086927503347397
SegMaR/S2C,COD10K-CAM-3-Flying-56-Cicada-3465.jpg,0.014524376951158047
SegMaR/S2C,COD10K-CAM-3-Flying-56-Cicada-3466.jpg,0.012071668170392513
SegMaR/S2C,COD10K-CAM-3-Flying-56-Cicada-3467.jpg,0.016361072659492493
SegMaR/S2C,COD10K-CAM-3-Flying-56-Cicada-3468.jpg,0.027186840772628784
SegMaR/S2C,COD10K-CAM-3-Flying-56-Cicada-3469.jpg,0.01361139677464962
SegMaR/S2C,COD10K-CAM-3-Flying-56-Cicada-3471.jpg,0.03300822153687477
SegMaR/S2C,COD10K-CAM-3-Flying-56-Cicada-3473.jpg,0.03315945714712143
SegMaR/S2C,COD10K-CAM-3-Flying-56-Cicada-3474.jpg,0.00830024853348732
SegMaR/S2C,COD10K-CAM-3-Flying-56-Cicada-3475.jpg,0.023079117760062218
SegMaR/S2C,COD10K-CAM-3-Flying-56-Cicada-3476.jpg,0.028819985687732697
SegMaR/S2C,COD10K-CAM-3-Flying-56-Cicada-3477.jpg,0.02075529657304287
SegMaR/S2C,COD10K-CAM-3-Flying-56-Cicada-3479.jpg,0.0503726601600647
SegMaR/S2C,COD10K-CAM-3-Flying-56-Cicada-3481.jpg,0.018486157059669495
SegMaR/S2C,COD10K-CAM-3-Flying-56-Cicada-3484.jpg,0.012674059718847275
SegMaR/S2C,COD10K-CAM-3-Flying-56-Cicada-3485.jpg,0.041379768401384354
SegMaR/S2C,COD10K-CAM-3-Flying-56-Cicada-3487.jpg,0.03727591410279274
SegMaR/S2C,COD10K-CAM-3-Flying-56-Cicada-3488.jpg,0.009759683161973953
SegMaR/S2C,COD10K-CAM-3-Flying-56-Cicada-3489.jpg,0.022269539535045624
SegMaR/S2C,COD10K-CAM-3-Flying-56-Cicada-3492.jpg,0.029631182551383972
SegMaR/S2C,COD10K-CAM-3-Flying-56-Cicada-3493.jpg,0.012783579528331757
SegMaR/S2C,COD10K-CAM-3-Flying-56-Cicada-3495.jpg,0.009841252118349075
SegMaR/S2C,COD10K-CAM-3-Flying-56-Cicada-3497.jpg,0.044162966310977936
SegMaR/S2C,COD10K-CAM-3-Flying-56-Cicada-3499.jpg,0.025188887491822243
SegMaR/S2C,COD10K-CAM-3-Flying-56-Cicada-3500.jpg,0.03252491354942322
SegMaR/S2C,COD10K-CAM-3-Flying-56-Cicada-3502.jpg,0.03434642031788826
SegMaR/S2C,COD10K-CAM-3-Flying-56-Cicada-3503.jpg,0.012665465474128723
SegMaR/S2C,COD10K-CAM-3-Flying-56-Cicada-3506.jpg,0.04913251847028732
SegMaR/S2C,COD10K-CAM-3-Flying-56-Cicada-3507.jpg,0.015172693878412247
SegMaR/S2C,COD10K-CAM-3-Flying-56-Cicada-3511.jpg,0.03302813321352005
SegMaR/S2C,COD10K-CAM-3-Flying-56-Cicada-3512.jpg,0.02017274871468544
SegMaR/S2C,COD10K-CAM-3-Flying-56-Cicada-3514.jpg,0.052508607506752014
SegMaR/S2C,COD10K-CAM-3-Flying-56-Cicada-3516.jpg,0.06915277242660522
SegMaR/S2C,COD10K-CAM-3-Flying-56-Cicada-3517.jpg,0.005975451786071062
SegMaR/S2C,COD10K-CAM-3-Flying-56-Cicada-3518.jpg,0.020034614950418472
SegMaR/S2C,COD10K-CAM-3-Flying-56-Cicada-3519.jpg,0.027588944882154465
SegMaR/S2C,COD10K-CAM-3-Flying-56-Cicada-3520.jpg,0.030699536204338074
SegMaR/S2C,COD10K-CAM-3-Flying-56-Cicada-3523.jpg,0.021780626848340034
SegMaR/S2C,COD10K-CAM-3-Flying-56-Cicada-3524.jpg,0.027574561536312103
SegMaR/S2C,COD10K-CAM-3-Flying-56-Cicada-3526.jpg,0.023714520037174225
SegMaR/S2C,COD10K-CAM-3-Flying-56-Cicada-3528.jpg,0.01618293672800064
SegMaR/S2C,COD10K-CAM-3-Flying-56-Cicada-3529.jpg,0.021673064678907394
SegMaR/S2C,COD10K-CAM-3-Flying-56-Cicada-3531.jpg,0.04710201919078827
SegMaR/S2C,COD10K-CAM-3-Flying-56-Cicada-3532.jpg,0.032656069844961166
SegMaR/S2C,COD10K-CAM-3-Flying-56-Cicada-3534.jpg,0.015943530946969986
SegMaR/S2C,COD10K-CAM-3-Flying-56-Cicada-3538.jpg,0.03595675155520439
SegMaR/S2C,COD10K-CAM-3-Flying-56-Cicada-3540.jpg,0.030187789350748062
SegMaR/S2C,COD10K-CAM-3-Flying-56-Cicada-3541.jpg,0.03932786360383034
SegMaR/S2C,COD10K-CAM-3-Flying-56-Cicada-3544.jpg,0.028246425092220306
SegMaR/S2C,COD10K-CAM-3-Flying-56-Cicada-3545.jpg,0.018257878720760345
SegMaR/S2C,COD10K-CAM-3-Flying-56-Cicada-3546.jpg,0.00787364225834608
SegMaR/S2C,COD10K-CAM-3-Flying-56-Cicada-3548.jpg,0.019025355577468872
SegMaR/S2C,COD10K-CAM-3-Flying-56-Cicada-3550.jpg,0.0279808659106493
SegMaR/S2C,COD10K-CAM-3-Flying-56-Cicada-3552.jpg,0.008301956579089165
SegMaR/S2C,COD10K-CAM-3-Flying-57-Dragonfly-3554.jpg,0.0030010519549250603
SegMaR/S2C,COD10K-CAM-3-Flying-57-Dragonfly-3555.jpg,0.036627981811761856
SegMaR/S2C,COD10K-CAM-3-Flying-57-Dragonfly-3556.jpg,0.045008525252342224
SegMaR/S2C,COD10K-CAM-3-Flying-57-Dragonfly-3557.jpg,0.01736319437623024
SegMaR/S2C,COD10K-CAM-3-Flying-57-Dragonfly-3558.jpg,0.013466661795973778
SegMaR/S2C,COD10K-CAM-3-Flying-57-Dragonfly-3560.jpg,0.07485170662403107
SegMaR/S2C,COD10K-CAM-3-Flying-57-Dragonfly-3561.jpg,0.024379242211580276
SegMaR/S2C,COD10K-CAM-3-Flying-57-Dragonfly-3562.jpg,0.0782187357544899
SegMaR/S2C,COD10K-CAM-3-Flying-57-Dragonfly-3563.jpg,0.04788392037153244
SegMaR/S2C,COD10K-CAM-3-Flying-57-Dragonfly-3564.jpg,0.025727231055498123
SegMaR/S2C,COD10K-CAM-3-Flying-57-Dragonfly-3565.jpg,0.020610760897397995
SegMaR/S2C,COD10K-CAM-3-Flying-57-Dragonfly-3567.jpg,0.013793402351439
SegMaR/S2C,COD10K-CAM-3-Flying-57-Dragonfly-3568.jpg,0.03337283432483673
SegMaR/S2C,COD10K-CAM-3-Flying-57-Dragonfly-3570.jpg,0.018889008089900017
SegMaR/S2C,COD10K-CAM-3-Flying-57-Dragonfly-3572.jpg,0.03337283432483673
SegMaR/S2C,COD10K-CAM-3-Flying-57-Dragonfly-3573.jpg,0.015995018184185028
SegMaR/S2C,COD10K-CAM-3-Flying-57-Dragonfly-3574.jpg,0.028217237442731857
SegMaR/S2C,COD10K-CAM-3-Flying-57-Dragonfly-3577.jpg,0.03874746337532997
SegMaR/S2C,COD10K-CAM-3-Flying-57-Dragonfly-3578.jpg,0.032243505120277405
SegMaR/S2C,COD10K-CAM-3-Flying-57-Dragonfly-3579.jpg,0.027318449690937996
SegMaR/S2C,COD10K-CAM-3-Flying-57-Dragonfly-3583.jpg,0.015854239463806152
SegMaR/S2C,COD10K-CAM-3-Flying-57-Dragonfly-3584.jpg,0.030587729066610336
SegMaR/S2C,COD10K-CAM-3-Flying-57-Dragonfly-3587.jpg,0.015278756618499756
SegMaR/S2C,COD10K-CAM-3-Flying-57-Dragonfly-3589.jpg,0.043087657541036606
SegMaR/S2C,COD10K-CAM-3-Flying-57-Dragonfly-3591.jpg,0.022590231150388718
SegMaR/S2C,COD10K-CAM-3-Flying-57-Dragonfly-3592.jpg,0.06886108964681625
SegMaR/S2C,COD10K-CAM-3-Flying-58-Frogmouth-3594.jpg,0.05489952489733696
SegMaR/S2C,COD10K-CAM-3-Flying-58-Frogmouth-3595.jpg,0.023194286972284317
SegMaR/S2C,COD10K-CAM-3-Flying-58-Frogmouth-3597.jpg,0.032396383583545685
SegMaR/S2C,COD10K-CAM-3-Flying-58-Frogmouth-3600.jpg,0.022964399307966232
SegMaR/S2C,COD10K-CAM-3-Flying-58-Frogmouth-3601.jpg,0.017719648778438568
SegMaR/S2C,COD10K-CAM-3-Flying-58-Frogmouth-3603.jpg,0.03398196026682854
SegMaR/S2C,COD10K-CAM-3-Flying-58-Frogmouth-3605.jpg,0.01949392259120941
SegMaR/S2C,COD10K-CAM-3-Flying-58-Frogmouth-3606.jpg,0.029029350727796555
SegMaR/S2C,COD10K-CAM-3-Flying-58-Frogmouth-3607.jpg,0.1245763748884201
SegMaR/S2C,COD10K-CAM-3-Flying-58-Frogmouth-3608.jpg,0.02945735678076744
SegMaR/S2C,COD10K-CAM-3-Flying-58-Frogmouth-3609.jpg,0.034478478133678436
SegMaR/S2C,COD10K-CAM-3-Flying-58-Frogmouth-3612.jpg,0.05571214109659195
SegMaR/S2C,COD10K-CAM-3-Flying-58-Frogmouth-3613.jpg,0.020277826115489006
SegMaR/S2C,COD10K-CAM-3-Flying-59-Grasshopper-3614.jpg,0.05263271927833557
SegMaR/S2C,COD10K-CAM-3-Flying-59-Grasshopper-3616.jpg,0.04157869517803192
SegMaR/S2C,COD10K-CAM-3-Flying-59-Grasshopper-3617.jpg,0.011640610173344612
SegMaR/S2C,COD10K-CAM-3-Flying-59-Grasshopper-3620.jpg,0.014169134199619293
SegMaR/S2C,COD10K-CAM-3-Flying-59-Grasshopper-3623.jpg,0.02081669308245182
SegMaR/S2C,COD10K-CAM-3-Flying-59-Grasshopper-3624.jpg,0.01264937873929739
SegMaR/S2C,COD10K-CAM-3-Flying-59-Grasshopper-3626.jpg,0.049562834203243256
SegMaR/S2C,COD10K-CAM-3-Flying-59-Grasshopper-3628.jpg,0.06001155450940132
SegMaR/S2C,COD10K-CAM-3-Flying-59-Grasshopper-3631.jpg,0.0068544200621545315
SegMaR/S2C,COD10K-CAM-3-Flying-59-Grasshopper-3633.jpg,0.06550964713096619
SegMaR/S2C,COD10K-CAM-3-Flying-59-Grasshopper-3635.jpg,0.035043925046920776
SegMaR/S2C,COD10K-CAM-3-Flying-59-Grasshopper-3639.jpg,0.011387654580175877
SegMaR/S2C,COD10K-CAM-3-Flying-59-Grasshopper-3642.jpg,0.028358886018395424
SegMaR/S2C,COD10K-CAM-3-Flying-59-Grasshopper-3643.jpg,0.030314236879348755
SegMaR/S2C,COD10K-CAM-3-Flying-59-Grasshopper-3646.jpg,0.009350922890007496
SegMaR/S2C,COD10K-CAM-3-Flying-59-Grasshopper-3647.jpg,0.03424578905105591
SegMaR/S2C,COD10K-CAM-3-Flying-59-Grasshopper-3649.jpg,0.017673959955573082
SegMaR/S2C,COD10K-CAM-3-Flying-59-Grasshopper-3651.jpg,0.008250030688941479
SegMaR/S2C,COD10K-CAM-3-Flying-59-Grasshopper-3654.jpg,0.027608565986156464
SegMaR/S2C,COD10K-CAM-3-Flying-59-Grasshopper-3656.jpg,0.0444207489490509
SegMaR/S2C,COD10K-CAM-3-Flying-59-Grasshopper-3660.jpg,0.056050851941108704
SegMaR/S2C,COD10K-CAM-3-Flying-59-Grasshopper-3662.jpg,0.025199735537171364
SegMaR/S2C,COD10K-CAM-3-Flying-59-Grasshopper-3663.jpg,0.013206658884882927
SegMaR/S2C,COD10K-CAM-3-Flying-59-Grasshopper-3664.jpg,0.027127109467983246
SegMaR/S2C,COD10K-CAM-3-Flying-59-Grasshopper-3665.jpg,0.04633929580450058
SegMaR/S2C,COD10K-CAM-3-Flying-59-Grasshopper-3666.jpg,0.012670310214161873
SegMaR/S2C,COD10K-CAM-3-Flying-59-Grasshopper-3667.jpg,0.01975291222333908
SegMaR/S2C,COD10K-CAM-3-Flying-59-Grasshopper-3668.jpg,0.018022654578089714
SegMaR/S2C,COD10K-CAM-3-Flying-59-Grasshopper-3669.jpg,0.01494443416595459
SegMaR/S2C,COD10K-CAM-3-Flying-59-Grasshopper-3670.jpg,0.015251793898642063
SegMaR/S2C,COD10K-CAM-3-Flying-59-Grasshopper-3671.jpg,0.013644212856888771
SegMaR/S2C,COD10K-CAM-3-Flying-59-Grasshopper-3674.jpg,0.01868647336959839
SegMaR/S2C,COD10K-CAM-3-Flying-59-Grasshopper-3675.jpg,0.05170752480626106
SegMaR/S2C,COD10K-CAM-3-Flying-59-Grasshopper-3677.jpg,0.032596901059150696
SegMaR/S2C,COD10K-CAM-3-Flying-59-Grasshopper-3679.jpg,0.014971926808357239
SegMaR/S2C,COD10K-CAM-3-Flying-59-Grasshopper-3682.jpg,0.019742313772439957
SegMaR/S2C,COD10K-CAM-3-Flying-59-Grasshopper-3684.jpg,0.03280678018927574
SegMaR/S2C,COD10K-CAM-3-Flying-59-Grasshopper-3685.jpg,0.033040598034858704
SegMaR/S2C,COD10K-CAM-3-Flying-59-Grasshopper-3687.jpg,0.014133541844785213
SegMaR/S2C,COD10K-CAM-3-Flying-59-Grasshopper-3690.jpg,0.01788797788321972
SegMaR/S2C,COD10K-CAM-3-Flying-59-Grasshopper-3691.jpg,0.013337187469005585
SegMaR/S2C,COD10K-CAM-3-Flying-59-Grasshopper-3693.jpg,0.021055011078715324
SegMaR/S2C,COD10K-CAM-3-Flying-59-Grasshopper-3696.jpg,0.019250599667429924
SegMaR/S2C,COD10K-CAM-3-Flying-59-Grasshopper-3698.jpg,0.01076448429375887
SegMaR/S2C,COD10K-CAM-3-Flying-59-Grasshopper-3700.jpg,0.01637149229645729
SegMaR/S2C,COD10K-CAM-3-Flying-59-Grasshopper-3703.jpg,0.04953920096158981
SegMaR/S2C,COD10K-CAM-3-Flying-59-Grasshopper-3704.jpg,0.012975553050637245
SegMaR/S2C,COD10K-CAM-3-Flying-59-Grasshopper-3705.jpg,0.04523450881242752
SegMaR/S2C,COD10K-CAM-3-Flying-59-Grasshopper-3709.jpg,0.013583917170763016
SegMaR/S2C,COD10K-CAM-3-Flying-59-Grasshopper-3713.jpg,0.018763814121484756
SegMaR/S2C,COD10K-CAM-3-Flying-59-Grasshopper-3715.jpg,0.03381770849227905
SegMaR/S2C,COD10K-CAM-3-Flying-59-Grasshopper-3716.jpg,0.0223776213824749
SegMaR/S2C,COD10K-CAM-3-Flying-59-Grasshopper-3717.jpg,0.03815976902842522
SegMaR/S2C,COD10K-CAM-3-Flying-59-Grasshopper-3718.jpg,0.01951744593679905
SegMaR/S2C,COD10K-CAM-3-Flying-59-Grasshopper-3721.jpg,0.0237920880317688
SegMaR/S2C,COD10K-CAM-3-Flying-59-Grasshopper-3722.jpg,0.015844034031033516
SegMaR/S2C,COD10K-CAM-3-Flying-59-Grasshopper-3723.jpg,0.023011941462755203
SegMaR/S2C,COD10K-CAM-3-Flying-59-Grasshopper-3724.jpg,0.04599575698375702
SegMaR/S2C,COD10K-CAM-3-Flying-59-Grasshopper-3725.jpg,0.03494856506586075
SegMaR/S2C,COD10K-CAM-3-Flying-59-Grasshopper-3728.jpg,0.013780556619167328
SegMaR/S2C,COD10K-CAM-3-Flying-59-Grasshopper-3730.jpg,0.017748506739735603
SegMaR/S2C,COD10K-CAM-3-Flying-59-Grasshopper-3731.jpg,0.00766696035861969
SegMaR/S2C,COD10K-CAM-3-Flying-59-Grasshopper-3735.jpg,0.039980173110961914
SegMaR/S2C,COD10K-CAM-3-Flying-59-Grasshopper-3738.jpg,0.036416660994291306
SegMaR/S2C,COD10K-CAM-3-Flying-59-Grasshopper-3739.jpg,0.0708359032869339
SegMaR/S2C,COD10K-CAM-3-Flying-59-Grasshopper-3742.jpg,0.02673153765499592
SegMaR/S2C,COD10K-CAM-3-Flying-59-Grasshopper-3743.jpg,0.008413282223045826
SegMaR/S2C,COD10K-CAM-3-Flying-59-Grasshopper-3746.jpg,0.007995059713721275
SegMaR/S2C,COD10K-CAM-3-Flying-59-Grasshopper-3748.jpg,0.011550146155059338
SegMaR/S2C,COD10K-CAM-3-Flying-59-Grasshopper-3749.jpg,0.04069443792104721
SegMaR/S2C,COD10K-CAM-3-Flying-59-Grasshopper-3750.jpg,0.062315814197063446
SegMaR/S2C,COD10K-CAM-3-Flying-59-Grasshopper-3751.jpg,0.023356560617685318
SegMaR/S2C,COD10K-CAM-3-Flying-59-Grasshopper-3752.jpg,0.0058401403948664665
SegMaR/S2C,COD10K-CAM-3-Flying-59-Grasshopper-3753.jpg,0.01413756050169468
SegMaR/S2C,COD10K-CAM-3-Flying-59-Grasshopper-3754.jpg,0.01588362641632557
SegMaR/S2C,COD10K-CAM-3-Flying-59-Grasshopper-3755.jpg,0.06279365718364716
SegMaR/S2C,COD10K-CAM-3-Flying-59-Grasshopper-3757.jpg,0.022569872438907623
SegMaR/S2C,COD10K-CAM-3-Flying-59-Grasshopper-3763.jpg,0.03418858349323273
SegMaR/S2C,COD10K-CAM-3-Flying-59-Grasshopper-3765.jpg,0.0207326989620924
SegMaR/S2C,COD10K-CAM-3-Flying-59-Grasshopper-3766.jpg,0.017392238602042198
SegMaR/S2C,COD10K-CAM-3-Flying-59-Grasshopper-3767.jpg,0.012203117832541466
SegMaR/S2C,COD10K-CAM-3-Flying-59-Grasshopper-3770.jpg,0.035267025232315063
SegMaR/S2C,COD10K-CAM-3-Flying-59-Grasshopper-3774.jpg,0.06460347771644592
SegMaR/S2C,COD10K-CAM-3-Flying-59-Grasshopper-3779.jpg,0.049579791724681854
SegMaR/S2C,COD10K-CAM-3-Flying-59-Grasshopper-3781.jpg,0.017363019287586212
SegMaR/S2C,COD10K-CAM-3-Flying-59-Grasshopper-3782.jpg,0.018905961886048317
SegMaR/S2C,COD10K-CAM-3-Flying-59-Grasshopper-3783.jpg,0.028060588985681534
SegMaR/S2C,COD10K-CAM-3-Flying-59-Grasshopper-3785.jpg,0.008295281790196896
SegMaR/S2C,COD10K-CAM-3-Flying-59-Grasshopper-3787.jpg,0.035313479602336884
SegMaR/S2C,COD10K-CAM-3-Flying-59-Grasshopper-3789.jpg,0.0355779230594635
SegMaR/S2C,COD10K-CAM-3-Flying-59-Grasshopper-3791.jpg,0.026325521990656853
SegMaR/S2C,COD10K-CAM-3-Flying-59-Grasshopper-3793.jpg,0.04516202211380005
SegMaR/S2C,COD10K-CAM-3-Flying-59-Grasshopper-3794.jpg,0.026659466326236725
SegMaR/S2C,COD10K-CAM-3-Flying-59-Grasshopper-3797.jpg,0.0316292941570282
SegMaR/S2C,COD10K-CAM-3-Flying-59-Grasshopper-3798.jpg,0.02465314231812954
SegMaR/S2C,COD10K-CAM-3-Flying-59-Grasshopper-3800.jpg,0.0343547984957695
SegMaR/S2C,COD10K-CAM-3-Flying-59-Grasshopper-3801.jpg,0.03087616339325905
SegMaR/S2C,COD10K-CAM-3-Flying-59-Grasshopper-3803.jpg,0.017388740554451942
SegMaR/S2C,COD10K-CAM-3-Flying-59-Grasshopper-3805.jpg,0.009284025058150291
SegMaR/S2C,COD10K-CAM-3-Flying-59-Grasshopper-3806.jpg,0.01354273036122322
SegMaR/S2C,COD10K-CAM-3-Flying-59-Grasshopper-3807.jpg,0.013702034950256348
SegMaR/S2C,COD10K-CAM-3-Flying-59-Grasshopper-3809.jpg,0.07973971962928772
SegMaR/S2C,COD10K-CAM-3-Flying-59-Grasshopper-3812.jpg,0.022079017013311386
SegMaR/S2C,COD10K-CAM-3-Flying-59-Grasshopper-3816.jpg,0.019596345722675323
SegMaR/S2C,COD10K-CAM-3-Flying-59-Grasshopper-3817.jpg,0.046988531947135925
SegMaR/S2C,COD10K-CAM-3-Flying-59-Grasshopper-3819.jpg,0.011291342787444592
SegMaR/S2C,COD10K-CAM-3-Flying-59-Grasshopper-3821.jpg,0.032563842833042145
SegMaR/S2C,COD10K-CAM-3-Flying-59-Grasshopper-3822.jpg,0.014814125373959541
SegMaR/S2C,COD10K-CAM-3-Flying-59-Grasshopper-3823.jpg,0.026930127292871475
SegMaR/S2C,COD10K-CAM-3-Flying-59-Grasshopper-3826.jpg,0.031888220459222794
SegMaR/S2C,COD10K-CAM-3-Flying-59-Grasshopper-3827.jpg,0.019693493843078613
SegMaR/S2C,COD10K-CAM-3-Flying-59-Grasshopper-3829.jpg,0.03380507975816727
SegMaR/S2C,COD10K-CAM-3-Flying-59-Grasshopper-3830.jpg,0.004986199550330639
SegMaR/S2C,COD10K-CAM-3-Flying-59-Grasshopper-3832.jpg,0.026791244745254517
SegMaR/S2C,COD10K-CAM-3-Flying-59-Grasshopper-3833.jpg,0.018171673640608788
SegMaR/S2C,COD10K-CAM-3-Flying-59-Grasshopper-3835.jpg,0.01299730222672224
SegMaR/S2C,COD10K-CAM-3-Flying-59-Grasshopper-3836.jpg,0.02212558686733246
SegMaR/S2C,COD10K-CAM-3-Flying-59-Grasshopper-3837.jpg,0.017816264182329178
SegMaR/S2C,COD10K-CAM-3-Flying-59-Grasshopper-3838.jpg,0.008665529079735279
SegMaR/S2C,COD10K-CAM-3-Flying-59-Grasshopper-3839.jpg,0.023786181584000587
SegMaR/S2C,COD10K-CAM-3-Flying-59-Grasshopper-3841.jpg,0.025313489139080048
SegMaR/S2C,COD10K-CAM-3-Flying-59-Grasshopper-3842.jpg,0.015222708694636822
SegMaR/S2C,COD10K-CAM-3-Flying-59-Grasshopper-3843.jpg,0.023712215945124626
SegMaR/S2C,COD10K-CAM-3-Flying-59-Grasshopper-3844.jpg,0.03756292536854744
SegMaR/S2C,COD10K-CAM-3-Flying-59-Grasshopper-3846.jpg,0.01642673648893833
SegMaR/S2C,COD10K-CAM-3-Flying-59-Grasshopper-3848.jpg,0.01568904146552086
SegMaR/S2C,COD10K-CAM-3-Flying-59-Grasshopper-3851.jpg,0.0024485497269779444
SegMaR/S2C,COD10K-CAM-3-Flying-59-Grasshopper-3852.jpg,0.015279644168913364
SegMaR/S2C,COD10K-CAM-3-Flying-59-Grasshopper-3854.jpg,0.03243713453412056
SegMaR/S2C,COD10K-CAM-3-Flying-59-Grasshopper-3855.jpg,0.0177423395216465
SegMaR/S2C,COD10K-CAM-3-Flying-59-Grasshopper-3858.jpg,0.07576605677604675
SegMaR/S2C,COD10K-CAM-3-Flying-59-Grasshopper-3860.jpg,0.019277699291706085
SegMaR/S2C,COD10K-CAM-3-Flying-59-Grasshopper-3861.jpg,0.012632091529667377
SegMaR/S2C,COD10K-CAM-3-Flying-59-Grasshopper-3862.jpg,0.026006432250142097
SegMaR/S2C,COD10K-CAM-3-Flying-59-Grasshopper-3864.jpg,0.014569388702511787
SegMaR/S2C,COD10K-CAM-3-Flying-59-Grasshopper-3865.jpg,0.041068315505981445
SegMaR/S2C,COD10K-CAM-3-Flying-59-Grasshopper-3867.jpg,0.024975933134555817
SegMaR/S2C,COD10K-CAM-3-Flying-59-Grasshopper-3868.jpg,0.03169314190745354
SegMaR/S2C,COD10K-CAM-3-Flying-59-Grasshopper-3869.jpg,0.029469439759850502
SegMaR/S2C,COD10K-CAM-3-Flying-59-Grasshopper-3871.jpg,0.05527122691273689
SegMaR/S2C,COD10K-CAM-3-Flying-59-Grasshopper-3878.jpg,0.07050243765115738
SegMaR/S2C,COD10K-CAM-3-Flying-59-Grasshopper-3879.jpg,0.012890463694930077
SegMaR/S2C,COD10K-CAM-3-Flying-60-Heron-3882.jpg,0.009144186973571777
SegMaR/S2C,COD10K-CAM-3-Flying-60-Heron-3883.jpg,0.07413572818040848
SegMaR/S2C,COD10K-CAM-3-Flying-60-Heron-3887.jpg,0.03711144998669624
SegMaR/S2C,COD10K-CAM-3-Flying-60-Heron-3890.jpg,0.018891803920269012
SegMaR/S2C,COD10K-CAM-3-Flying-60-Heron-3894.jpg,0.007983430288732052
SegMaR/S2C,COD10K-CAM-3-Flying-60-Heron-3896.jpg,0.010371886193752289
SegMaR/S2C,COD10K-CAM-3-Flying-60-Heron-3897.jpg,0.018067851662635803
SegMaR/S2C,COD10K-CAM-3-Flying-60-Heron-3899.jpg,0.047708503901958466
SegMaR/S2C,COD10K-CAM-3-Flying-60-Heron-3902.jpg,0.02176341973245144
SegMaR/S2C,COD10K-CAM-3-Flying-60-Heron-3903.jpg,0.007458332926034927
SegMaR/S2C,COD10K-CAM-3-Flying-60-Heron-3904.jpg,0.026543207466602325
SegMaR/S2C,COD10K-CAM-3-Flying-60-Heron-3905.jpg,0.012557277455925941
SegMaR/S2C,COD10K-CAM-3-Flying-60-Heron-3907.jpg,0.02199937403202057
SegMaR/S2C,COD10K-CAM-3-Flying-60-Heron-3908.jpg,0.012313082814216614
SegMaR/S2C,COD10K-CAM-3-Flying-60-Heron-3910.jpg,0.0014575337991118431
SegMaR/S2C,COD10K-CAM-3-Flying-60-Heron-3913.jpg,0.047697097063064575
SegMaR/S2C,COD10K-CAM-3-Flying-60-Heron-3914.jpg,0.007508805021643639
SegMaR/S2C,COD10K-CAM-3-Flying-60-Heron-3915.jpg,0.023588528856635094
SegMaR/S2C,COD10K-CAM-3-Flying-60-Heron-3916.jpg,0.002987058600410819
SegMaR/S2C,COD10K-CAM-3-Flying-60-Heron-3917.jpg,0.012989738024771214
SegMaR/S2C,COD10K-CAM-3-Flying-60-Heron-3919.jpg,0.011038575321435928
SegMaR/S2C,COD10K-CAM-3-Flying-60-Heron-3920.jpg,0.017055807635188103
SegMaR/S2C,COD10K-CAM-3-Flying-60-Heron-3923.jpg,0.012125375680625439
SegMaR/S2C,COD10K-CAM-3-Flying-60-Heron-3924.jpg,0.0037892062682658434
SegMaR/S2C,COD10K-CAM-3-Flying-60-Heron-3926.jpg,0.004739284049719572
SegMaR/S2C,COD10K-CAM-3-Flying-60-Heron-3929.jpg,0.021901339292526245
SegMaR/S2C,COD10K-CAM-3-Flying-60-Heron-3930.jpg,0.008018380962312222
SegMaR/S2C,COD10K-CAM-3-Flying-60-Heron-3931.jpg,0.013556118123233318
SegMaR/S2C,COD10K-CAM-3-Flying-60-Heron-3932.jpg,0.006123653147369623
SegMaR/S2C,COD10K-CAM-3-Flying-60-Heron-3933.jpg,0.009600833989679813
SegMaR/S2C,COD10K-CAM-3-Flying-61-Katydid-3934.jpg,0.03540756553411484
SegMaR/S2C,COD10K-CAM-3-Flying-61-Katydid-3935.jpg,0.020199302583932877
SegMaR/S2C,COD10K-CAM-3-Flying-61-Katydid-3936.jpg,0.043729230761528015
SegMaR/S2C,COD10K-CAM-3-Flying-61-Katydid-3937.jpg,0.02799047902226448
SegMaR/S2C,COD10K-CAM-3-Flying-61-Katydid-3938.jpg,0.0912671685218811
SegMaR/S2C,COD10K-CAM-3-Flying-61-Katydid-3940.jpg,0.021378934383392334
SegMaR/S2C,COD10K-CAM-3-Flying-61-Katydid-3941.jpg,0.02121158502995968
SegMaR/S2C,COD10K-CAM-3-Flying-61-Katydid-3943.jpg,0.10637262463569641
SegMaR/S2C,COD10K-CAM-3-Flying-61-Katydid-3944.jpg,0.02243949845433235
SegMaR/S2C,COD10K-CAM-3-Flying-61-Katydid-3945.jpg,0.08628083765506744
SegMaR/S2C,COD10K-CAM-3-Flying-61-Katydid-3946.jpg,0.03536070138216019
SegMaR/S2C,COD10K-CAM-3-Flying-61-Katydid-3947.jpg,0.04032636433839798
SegMaR/S2C,COD10K-CAM-3-Flying-61-Katydid-3948.jpg,0.027715716511011124
SegMaR/S2C,COD10K-CAM-3-Flying-61-Katydid-3953.jpg,0.013486170209944248
SegMaR/S2C,COD10K-CAM-3-Flying-61-Katydid-3954.jpg,0.016147874295711517
SegMaR/S2C,COD10K-CAM-3-Flying-61-Katydid-3955.jpg,0.03589920327067375
SegMaR/S2C,COD10K-CAM-3-Flying-61-Katydid-3957.jpg,0.013926869258284569
SegMaR/S2C,COD10K-CAM-3-Flying-61-Katydid-3959.jpg,0.0671648234128952
SegMaR/S2C,COD10K-CAM-3-Flying-61-Katydid-3960.jpg,0.005663101561367512
SegMaR/S2C,COD10K-CAM-3-Flying-61-Katydid-3961.jpg,0.07459339499473572
SegMaR/S2C,COD10K-CAM-3-Flying-61-Katydid-3963.jpg,0.06979888677597046
SegMaR/S2C,COD10K-CAM-3-Flying-61-Katydid-3966.jpg,0.11043117195367813
SegMaR/S2C,COD10K-CAM-3-Flying-61-Katydid-3967.jpg,0.12308549880981445
SegMaR/S2C,COD10K-CAM-3-Flying-61-Katydid-3969.jpg,0.11208310723304749
SegMaR/S2C,COD10K-CAM-3-Flying-61-Katydid-3970.jpg,0.029961854219436646
SegMaR/S2C,COD10K-CAM-3-Flying-61-Katydid-3972.jpg,0.0631108209490776
SegMaR/S2C,COD10K-CAM-3-Flying-61-Katydid-3973.jpg,0.042007144540548325
SegMaR/S2C,COD10K-CAM-3-Flying-61-Katydid-3974.jpg,0.020675823092460632
SegMaR/S2C,COD10K-CAM-3-Flying-61-Katydid-3975.jpg,0.022528164088726044
SegMaR/S2C,COD10K-CAM-3-Flying-61-Katydid-3977.jpg,0.03345765173435211
SegMaR/S2C,COD10K-CAM-3-Flying-61-Katydid-3978.jpg,0.004515559878200293
SegMaR/S2C,COD10K-CAM-3-Flying-61-Katydid-3981.jpg,0.03355597332119942
SegMaR/S2C,COD10K-CAM-3-Flying-61-Katydid-3984.jpg,0.030188992619514465
SegMaR/S2C,COD10K-CAM-3-Flying-61-Katydid-3985.jpg,0.026012063026428223
SegMaR/S2C,COD10K-CAM-3-Flying-61-Katydid-3986.jpg,0.008352636359632015
SegMaR/S2C,COD10K-CAM-3-Flying-61-Katydid-3989.jpg,0.06236764416098595
SegMaR/S2C,COD10K-CAM-3-Flying-61-Katydid-3991.jpg,0.02495066449046135
SegMaR/S2C,COD10K-CAM-3-Flying-61-Katydid-3992.jpg,0.012585986405611038
SegMaR/S2C,COD10K-CAM-3-Flying-61-Katydid-3995.jpg,0.0319402739405632
SegMaR/S2C,COD10K-CAM-3-Flying-61-Katydid-3996.jpg,0.021405046805739403
SegMaR/S2C,COD10K-CAM-3-Flying-61-Katydid-3997.jpg,0.06935122609138489
SegMaR/S2C,COD10K-CAM-3-Flying-61-Katydid-3998.jpg,0.030851656571030617
SegMaR/S2C,COD10K-CAM-3-Flying-61-Katydid-3999.jpg,0.008446870371699333
SegMaR/S2C,COD10K-CAM-3-Flying-61-Katydid-4000.jpg,0.03416505828499794
SegMaR/S2C,COD10K-CAM-3-Flying-61-Katydid-4001.jpg,0.05240128934383392
SegMaR/S2C,COD10K-CAM-3-Flying-61-Katydid-4002.jpg,0.042339831590652466
SegMaR/S2C,COD10K-CAM-3-Flying-61-Katydid-4005.jpg,0.008345551788806915
SegMaR/S2C,COD10K-CAM-3-Flying-61-Katydid-4007.jpg,0.055717870593070984
SegMaR/S2C,COD10K-CAM-3-Flying-61-Katydid-4009.jpg,0.0213993601500988
SegMaR/S2C,COD10K-CAM-3-Flying-61-Katydid-4010.jpg,0.014419022016227245
SegMaR/S2C,COD10K-CAM-3-Flying-61-Katydid-4011.jpg,0.037251781672239304
SegMaR/S2C,COD10K-CAM-3-Flying-61-Katydid-4012.jpg,0.025953294709324837
SegMaR/S2C,COD10K-CAM-3-Flying-61-Katydid-4013.jpg,0.03843432292342186
SegMaR/S2C,COD10K-CAM-3-Flying-61-Katydid-4015.jpg,0.03240905702114105
SegMaR/S2C,COD10K-CAM-3-Flying-61-Katydid-4017.jpg,0.04324197769165039
SegMaR/S2C,COD10K-CAM-3-Flying-61-Katydid-4018.jpg,0.01877635158598423
SegMaR/S2C,COD10K-CAM-3-Flying-61-Katydid-4019.jpg,0.011352055706083775
SegMaR/S2C,COD10K-CAM-3-Flying-61-Katydid-4024.jpg,0.029033802449703217
SegMaR/S2C,COD10K-CAM-3-Flying-61-Katydid-4026.jpg,0.024895792827010155
SegMaR/S2C,COD10K-CAM-3-Flying-61-Katydid-4028.jpg,0.06297261267900467
SegMaR/S2C,COD10K-CAM-3-Flying-61-Katydid-4029.jpg,0.038746464997529984
SegMaR/S2C,COD10K-CAM-3-Flying-61-Katydid-4030.jpg,0.03655155003070831
SegMaR/S2C,COD10K-CAM-3-Flying-61-Katydid-4031.jpg,0.03849807009100914
SegMaR/S2C,COD10K-CAM-3-Flying-61-Katydid-4032.jpg,0.011957308277487755
SegMaR/S2C,COD10K-CAM-3-Flying-61-Katydid-4033.jpg,0.06885214149951935
SegMaR/S2C,COD10K-CAM-3-Flying-61-Katydid-4034.jpg,0.0799008309841156
SegMaR/S2C,COD10K-CAM-3-Flying-61-Katydid-4036.jpg,0.023940572515130043
SegMaR/S2C,COD10K-CAM-3-Flying-61-Katydid-4038.jpg,0.012941054999828339
SegMaR/S2C,COD10K-CAM-3-Flying-61-Katydid-4039.jpg,0.04683588445186615
SegMaR/S2C,COD10K-CAM-3-Flying-61-Katydid-4040.jpg,0.01732129231095314
SegMaR/S2C,COD10K-CAM-3-Flying-61-Katydid-4041.jpg,0.012365251779556274
SegMaR/S2C,COD10K-CAM-3-Flying-61-Katydid-4043.jpg,0.04422873258590698
SegMaR/S2C,COD10K-CAM-3-Flying-61-Katydid-4044.jpg,0.005133787170052528
SegMaR/S2C,COD10K-CAM-3-Flying-61-Katydid-4046.jpg,0.01712062582373619
SegMaR/S2C,COD10K-CAM-3-Flying-61-Katydid-4048.jpg,0.06980161368846893
SegMaR/S2C,COD10K-CAM-3-Flying-61-Katydid-4049.jpg,0.03459950536489487
SegMaR/S2C,COD10K-CAM-3-Flying-61-Katydid-4050.jpg,0.03939037024974823
SegMaR/S2C,COD10K-CAM-3-Flying-61-Katydid-4052.jpg,0.02131701074540615
SegMaR/S2C,COD10K-CAM-3-Flying-61-Katydid-4053.jpg,0.09748174995183945
SegMaR/S2C,COD10K-CAM-3-Flying-61-Katydid-4055.jpg,0.05051356926560402
SegMaR/S2C,COD10K-CAM-3-Flying-61-Katydid-4056.jpg,0.0202668197453022
SegMaR/S2C,COD10K-CAM-3-Flying-61-Katydid-4057.jpg,0.022482462227344513
SegMaR/S2C,COD10K-CAM-3-Flying-61-Katydid-4058.jpg,0.03430427610874176
SegMaR/S2C,COD10K-CAM-3-Flying-61-Katydid-4061.jpg,0.10221290588378906
SegMaR/S2C,COD10K-CAM-3-Flying-61-Katydid-4065.jpg,0.015987921506166458
SegMaR/S2C,COD10K-CAM-3-Flying-61-Katydid-4066.jpg,0.021584374830126762
SegMaR/S2C,COD10K-CAM-3-Flying-61-Katydid-4067.jpg,0.01645210012793541
SegMaR/S2C,COD10K-CAM-3-Flying-61-Katydid-4069.jpg,0.012769317254424095
SegMaR/S2C,COD10K-CAM-3-Flying-61-Katydid-4070.jpg,0.010011423379182816
SegMaR/S2C,COD10K-CAM-3-Flying-61-Katydid-4071.jpg,0.031936660408973694
SegMaR/S2C,COD10K-CAM-3-Flying-61-Katydid-4072.jpg,0.11209958791732788
SegMaR/S2C,COD10K-CAM-3-Flying-61-Katydid-4076.jpg,0.018484270200133324
SegMaR/S2C,COD10K-CAM-3-Flying-61-Katydid-4078.jpg,0.01890646293759346
SegMaR/S2C,COD10K-CAM-3-Flying-61-Katydid-4079.jpg,0.04558052867650986
SegMaR/S2C,COD10K-CAM-3-Flying-61-Katydid-4081.jpg,0.008855398744344711
SegMaR/S2C,COD10K-CAM-3-Flying-61-Katydid-4083.jpg,0.03316660225391388
SegMaR/S2C,COD10K-CAM-3-Flying-61-Katydid-4084.jpg,0.006373635493218899
SegMaR/S2C,COD10K-CAM-3-Flying-61-Katydid-4088.jpg,0.020306706428527832
SegMaR/S2C,COD10K-CAM-3-Flying-61-Katydid-4089.jpg,0.046705685555934906
SegMaR/S2C,COD10K-CAM-3-Flying-61-Katydid-4090.jpg,0.01913294568657875
SegMaR/S2C,COD10K-CAM-3-Flying-61-Katydid-4092.jpg,0.0674264132976532
SegMaR/S2C,COD10K-CAM-3-Flying-61-Katydid-4095.jpg,0.0745277926325798
SegMaR/S2C,COD10K-CAM-3-Flying-61-Katydid-4096.jpg,0.010728850960731506
SegMaR/S2C,COD10K-CAM-3-Flying-61-Katydid-4097.jpg,0.027604488655924797
SegMaR/S2C,COD10K-CAM-3-Flying-61-Katydid-4098.jpg,0.05222386494278908
SegMaR/S2C,COD10K-CAM-3-Flying-61-Katydid-4099.jpg,0.020191490650177002
SegMaR/S2C,COD10K-CAM-3-Flying-61-Katydid-4100.jpg,0.06841721385717392
SegMaR/S2C,COD10K-CAM-3-Flying-61-Katydid-4103.jpg,0.005919821094721556
SegMaR/S2C,COD10K-CAM-3-Flying-61-Katydid-4104.jpg,0.017872072756290436
SegMaR/S2C,COD10K-CAM-3-Flying-61-Katydid-4105.jpg,0.058897972106933594
SegMaR/S2C,COD10K-CAM-3-Flying-61-Katydid-4106.jpg,0.02483355812728405
SegMaR/S2C,COD10K-CAM-3-Flying-61-Katydid-4109.jpg,0.05361822247505188
SegMaR/S2C,COD10K-CAM-3-Flying-61-Katydid-4113.jpg,0.034037526696920395
SegMaR/S2C,COD10K-CAM-3-Flying-61-Katydid-4114.jpg,0.06934873759746552
SegMaR/S2C,COD10K-CAM-3-Flying-61-Katydid-4116.jpg,0.05029444396495819
SegMaR/S2C,COD10K-CAM-3-Flying-61-Katydid-4119.jpg,0.012124277651309967
SegMaR/S2C,COD10K-CAM-3-Flying-61-Katydid-4120.jpg,0.018282495439052582
SegMaR/S2C,COD10K-CAM-3-Flying-61-Katydid-4123.jpg,0.019766632467508316
SegMaR/S2C,COD10K-CAM-3-Flying-61-Katydid-4124.jpg,0.03044116124510765
SegMaR/S2C,COD10K-CAM-3-Flying-61-Katydid-4127.jpg,0.04161712899804115
SegMaR/S2C,COD10K-CAM-3-Flying-61-Katydid-4128.jpg,0.007214887998998165
SegMaR/S2C,COD10K-CAM-3-Flying-61-Katydid-4129.jpg,0.03723618760704994
SegMaR/S2C,COD10K-CAM-3-Flying-61-Katydid-4132.jpg,0.04346003383398056
SegMaR/S2C,COD10K-CAM-3-Flying-61-Katydid-4134.jpg,0.07149910926818848
SegMaR/S2C,COD10K-CAM-3-Flying-61-Katydid-4135.jpg,0.0677463561296463
SegMaR/S2C,COD10K-CAM-3-Flying-61-Katydid-4136.jpg,0.016057979315519333
SegMaR/S2C,COD10K-CAM-3-Flying-61-Katydid-4137.jpg,0.024179624393582344
SegMaR/S2C,COD10K-CAM-3-Flying-61-Katydid-4138.jpg,0.012070231139659882
SegMaR/S2C,COD10K-CAM-3-Flying-61-Katydid-4139.jpg,0.014270773157477379
SegMaR/S2C,COD10K-CAM-3-Flying-61-Katydid-4140.jpg,0.04311826825141907
SegMaR/S2C,COD10K-CAM-3-Flying-61-Katydid-4143.jpg,0.01862010732293129
SegMaR/S2C,COD10K-CAM-3-Flying-61-Katydid-4146.jpg,0.04856700077652931
SegMaR/S2C,COD10K-CAM-3-Flying-61-Katydid-4148.jpg,0.0896017774939537
SegMaR/S2C,COD10K-CAM-3-Flying-61-Katydid-4149.jpg,0.04027127847075462
SegMaR/S2C,COD10K-CAM-3-Flying-61-Katydid-4150.jpg,0.017974860966205597
SegMaR/S2C,COD10K-CAM-3-Flying-61-Katydid-4151.jpg,0.011489552445709705
SegMaR/S2C,COD10K-CAM-3-Flying-61-Katydid-4152.jpg,0.10881280899047852
SegMaR/S2C,COD10K-CAM-3-Flying-61-Katydid-4157.jpg,0.03147457540035248
SegMaR/S2C,COD10K-CAM-3-Flying-61-Katydid-4158.jpg,0.03905399143695831
SegMaR/S2C,COD10K-CAM-3-Flying-61-Katydid-4163.jpg,0.021502641960978508
SegMaR/S2C,COD10K-CAM-3-Flying-61-Katydid-4164.jpg,0.007603456266224384
SegMaR/S2C,COD10K-CAM-3-Flying-61-Katydid-4165.jpg,0.006070517934858799
SegMaR/S2C,COD10K-CAM-3-Flying-61-Katydid-4168.jpg,0.018550138920545578
SegMaR/S2C,COD10K-CAM-3-Flying-61-Katydid-4169.jpg,0.01790221408009529
SegMaR/S2C,COD10K-CAM-3-Flying-61-Katydid-4170.jpg,0.025084488093852997
SegMaR/S2C,COD10K-CAM-3-Flying-61-Katydid-4171.jpg,0.0646439641714096
SegMaR/S2C,COD10K-CAM-3-Flying-61-Katydid-4172.jpg,0.034903474152088165
SegMaR/S2C,COD10K-CAM-3-Flying-61-Katydid-4175.jpg,0.01824885606765747
SegMaR/S2C,COD10K-CAM-3-Flying-61-Katydid-4178.jpg,0.04263589158654213
SegMaR/S2C,COD10K-CAM-3-Flying-61-Katydid-4179.jpg,0.027017079293727875
SegMaR/S2C,COD10K-CAM-3-Flying-61-Katydid-4181.jpg,0.05242639407515526
SegMaR/S2C,COD10K-CAM-3-Flying-61-Katydid-4182.jpg,0.02164285071194172
SegMaR/S2C,COD10K-CAM-3-Flying-61-Katydid-4183.jpg,0.047242421656847
SegMaR/S2C,COD10K-CAM-3-Flying-61-Katydid-4184.jpg,0.013674512505531311
SegMaR/S2C,COD10K-CAM-3-Flying-61-Katydid-4185.jpg,0.04537060111761093
SegMaR/S2C,COD10K-CAM-3-Flying-61-Katydid-4186.jpg,0.021499909460544586
SegMaR/S2C,COD10K-CAM-3-Flying-61-Katydid-4187.jpg,0.01876443810760975
SegMaR/S2C,COD10K-CAM-3-Flying-61-Katydid-4188.jpg,0.0352221354842186
SegMaR/S2C,COD10K-CAM-3-Flying-61-Katydid-4190.jpg,0.05335529148578644
SegMaR/S2C,COD10K-CAM-3-Flying-61-Katydid-4192.jpg,0.028898222371935844
SegMaR/S2C,COD10K-CAM-3-Flying-61-Katydid-4194.jpg,0.059247858822345734
SegMaR/S2C,COD10K-CAM-3-Flying-61-Katydid-4195.jpg,0.03387224301695824
SegMaR/S2C,COD10K-CAM-3-Flying-61-Katydid-4197.jpg,0.02115234173834324
SegMaR/S2C,COD10K-CAM-3-Flying-61-Katydid-4199.jpg,0.009474273771047592
SegMaR/S2C,COD10K-CAM-3-Flying-61-Katydid-4200.jpg,0.019025202840566635
SegMaR/S2C,COD10K-CAM-3-Flying-61-Katydid-4202.jpg,0.031618520617485046
SegMaR/S2C,COD10K-CAM-3-Flying-61-Katydid-4207.jpg,0.049265969544649124
SegMaR/S2C,COD10K-CAM-3-Flying-61-Katydid-4208.jpg,0.04053647071123123
SegMaR/S2C,COD10K-CAM-3-Flying-61-Katydid-4210.jpg,0.020643562078475952
SegMaR/S2C,COD10K-CAM-3-Flying-61-Katydid-4211.jpg,0.03698599338531494
SegMaR/S2C,COD10K-CAM-3-Flying-61-Katydid-4212.jpg,0.11013570427894592
SegMaR/S2C,COD10K-CAM-3-Flying-61-Katydid-4213.jpg,0.028400646522641182
SegMaR/S2C,COD10K-CAM-3-Flying-61-Katydid-4214.jpg,0.03832053393125534
SegMaR/S2C,COD10K-CAM-3-Flying-61-Katydid-4217.jpg,0.024196239188313484
SegMaR/S2C,COD10K-CAM-3-Flying-61-Katydid-4223.jpg,0.022175708785653114
SegMaR/S2C,COD10K-CAM-3-Flying-61-Katydid-4226.jpg,0.007192919030785561
SegMaR/S2C,COD10K-CAM-3-Flying-61-Katydid-4227.jpg,0.07575320452451706
SegMaR/S2C,COD10K-CAM-3-Flying-61-Katydid-4233.jpg,0.017922796308994293
SegMaR/S2C,COD10K-CAM-3-Flying-61-Katydid-4235.jpg,0.01956140249967575
SegMaR/S2C,COD10K-CAM-3-Flying-61-Katydid-4236.jpg,0.02070586010813713
SegMaR/S2C,COD10K-CAM-3-Flying-61-Katydid-4239.jpg,0.01121002808213234
SegMaR/S2C,COD10K-CAM-3-Flying-61-Katydid-4243.jpg,0.025205515325069427
SegMaR/S2C,COD10K-CAM-3-Flying-62-Mantis-4246.jpg,0.023291930556297302
SegMaR/S2C,COD10K-CAM-3-Flying-62-Mantis-4249.jpg,0.03322000056505203
SegMaR/S2C,COD10K-CAM-3-Flying-62-Mantis-4250.jpg,0.014750711619853973
SegMaR/S2C,COD10K-CAM-3-Flying-62-Mantis-4251.jpg,0.033178042620420456
SegMaR/S2C,COD10K-CAM-3-Flying-62-Mantis-4252.jpg,0.0017524495488032699
SegMaR/S2C,COD10K-CAM-3-Flying-62-Mantis-4254.jpg,0.0690624862909317
SegMaR/S2C,COD10K-CAM-3-Flying-62-Mantis-4257.jpg,0.07294951379299164
SegMaR/S2C,COD10K-CAM-3-Flying-62-Mantis-4259.jpg,0.019158106297254562
SegMaR/S2C,COD10K-CAM-3-Flying-62-Mantis-4260.jpg,0.0733727365732193
SegMaR/S2C,COD10K-CAM-3-Flying-62-Mantis-4261.jpg,0.020606840029358864
SegMaR/S2C,COD10K-CAM-3-Flying-62-Mantis-4263.jpg,0.007555064745247364
SegMaR/S2C,COD10K-CAM-3-Flying-62-Mantis-4264.jpg,0.019856231287121773
SegMaR/S2C,COD10K-CAM-3-Flying-62-Mantis-4266.jpg,0.10757701098918915
SegMaR/S2C,COD10K-CAM-3-Flying-62-Mantis-4267.jpg,0.02029169164597988
SegMaR/S2C,COD10K-CAM-3-Flying-62-Mantis-4269.jpg,0.020202435553073883
SegMaR/S2C,COD10K-CAM-3-Flying-62-Mantis-4271.jpg,0.013093346729874611
SegMaR/S2C,COD10K-CAM-3-Flying-62-Mantis-4273.jpg,0.03149621933698654
SegMaR/S2C,COD10K-CAM-3-Flying-62-Mantis-4275.jpg,0.041311874985694885
SegMaR/S2C,COD10K-CAM-3-Flying-62-Mantis-4277.jpg,0.05420825630426407
SegMaR/S2C,COD10K-CAM-3-Flying-62-Mantis-4280.jpg,0.03176670894026756
SegMaR/S2C,COD10K-CAM-3-Flying-62-Mantis-4282.jpg,0.023780085146427155
SegMaR/S2C,COD10K-CAM-3-Flying-62-Mantis-4284.jpg,0.06227540969848633
SegMaR/S2C,COD10K-CAM-3-Flying-62-Mantis-4286.jpg,0.01019034069031477
SegMaR/S2C,COD10K-CAM-3-Flying-62-Mantis-4289.jpg,0.022247985005378723
SegMaR/S2C,COD10K-CAM-3-Flying-62-Mantis-4290.jpg,0.014759334735572338
SegMaR/S2C,COD10K-CAM-3-Flying-62-Mantis-4291.jpg,0.04198266193270683
SegMaR/S2C,COD10K-CAM-3-Flying-62-Mantis-4292.jpg,0.03073938935995102
SegMaR/S2C,COD10K-CAM-3-Flying-62-Mantis-4293.jpg,0.012412923388183117
SegMaR/S2C,COD10K-CAM-3-Flying-62-Mantis-4294.jpg,0.005507343914359808
SegMaR/S2C,COD10K-CAM-3-Flying-62-Mantis-4295.jpg,0.04334625229239464
SegMaR/S2C,COD10K-CAM-3-Flying-62-Mantis-4298.jpg,0.07319480925798416
SegMaR/S2C,COD10K-CAM-3-Flying-62-Mantis-4299.jpg,0.030038172379136086
SegMaR/S2C,COD10K-CAM-3-Flying-62-Mantis-4300.jpg,0.047048263251781464
SegMaR/S2C,COD10K-CAM-3-Flying-62-Mantis-4303.jpg,0.013552380725741386
SegMaR/S2C,COD10K-CAM-3-Flying-62-Mantis-4304.jpg,0.014795122668147087
SegMaR/S2C,COD10K-CAM-3-Flying-62-Mantis-4305.jpg,0.023692511022090912
SegMaR/S2C,COD10K-CAM-3-Flying-62-Mantis-4306.jpg,0.026557568460702896
SegMaR/S2C,COD10K-CAM-3-Flying-62-Mantis-4309.jpg,0.020047971978783607
SegMaR/S2C,COD10K-CAM-3-Flying-62-Mantis-4311.jpg,0.01364346407353878
SegMaR/S2C,COD10K-CAM-3-Flying-62-Mantis-4312.jpg,0.01873639225959778
SegMaR/S2C,COD10K-CAM-3-Flying-62-Mantis-4317.jpg,0.07209862768650055
SegMaR/S2C,COD10K-CAM-3-Flying-62-Mantis-4318.jpg,0.006672743242233992
SegMaR/S2C,COD10K-CAM-3-Flying-62-Mantis-4320.jpg,0.05096686631441116
SegMaR/S2C,COD10K-CAM-3-Flying-62-Mantis-4322.jpg,0.024365870282053947
SegMaR/S2C,COD10K-CAM-3-Flying-62-Mantis-4323.jpg,0.03530583903193474
SegMaR/S2C,COD10K-CAM-3-Flying-62-Mantis-4324.jpg,0.01520798821002245
SegMaR/S2C,COD10K-CAM-3-Flying-62-Mantis-4326.jpg,0.010461049154400826
SegMaR/S2C,COD10K-CAM-3-Flying-62-Mantis-4327.jpg,0.05127054452896118
SegMaR/S2C,COD10K-CAM-3-Flying-62-Mantis-4329.jpg,0.022971954196691513
SegMaR/S2C,COD10K-CAM-3-Flying-62-Mantis-4331.jpg,0.02696550264954567
SegMaR/S2C,COD10K-CAM-3-Flying-62-Mantis-4332.jpg,0.07700151950120926
SegMaR/S2C,COD10K-CAM-3-Flying-62-Mantis-4333.jpg,0.029846759513020515
SegMaR/S2C,COD10K-CAM-3-Flying-62-Mantis-4334.jpg,0.040025532245635986
SegMaR/S2C,COD10K-CAM-3-Flying-62-Mantis-4335.jpg,0.024194881319999695
SegMaR/S2C,COD10K-CAM-3-Flying-62-Mantis-4336.jpg,0.09391967952251434
SegMaR/S2C,COD10K-CAM-3-Flying-62-Mantis-4337.jpg,0.006471766624599695
SegMaR/S2C,COD10K-CAM-3-Flying-62-Mantis-4338.jpg,0.10476246476173401
SegMaR/S2C,COD10K-CAM-3-Flying-62-Mantis-4340.jpg,0.04937918484210968
SegMaR/S2C,COD10K-CAM-3-Flying-62-Mantis-4343.jpg,0.05086946487426758
SegMaR/S2C,COD10K-CAM-3-Flying-62-Mantis-4345.jpg,0.019522273913025856
SegMaR/S2C,COD10K-CAM-3-Flying-62-Mantis-4348.jpg,0.021518129855394363
SegMaR/S2C,COD10K-CAM-3-Flying-62-Mantis-4351.jpg,0.019932057708501816
SegMaR/S2C,COD10K-CAM-3-Flying-62-Mantis-4352.jpg,0.053709108382463455
SegMaR/S2C,COD10K-CAM-3-Flying-62-Mantis-4353.jpg,0.017146237194538116
SegMaR/S2C,COD10K-CAM-3-Flying-62-Mantis-4354.jpg,0.041411757469177246
SegMaR/S2C,COD10K-CAM-3-Flying-62-Mantis-4356.jpg,0.0520203672349453
SegMaR/S2C,COD10K-CAM-3-Flying-62-Mantis-4357.jpg,0.055057138204574585
SegMaR/S2C,COD10K-CAM-3-Flying-62-Mantis-4365.jpg,0.04380457103252411
SegMaR/S2C,COD10K-CAM-3-Flying-62-Mantis-4366.jpg,0.025094985961914062
SegMaR/S2C,COD10K-CAM-3-Flying-62-Mantis-4367.jpg,0.08087287098169327
SegMaR/S2C,COD10K-CAM-3-Flying-62-Mantis-4368.jpg,0.23367621004581451
SegMaR/S2C,COD10K-CAM-3-Flying-62-Mantis-4369.jpg,0.04943493753671646
SegMaR/S2C,COD10K-CAM-3-Flying-62-Mantis-4370.jpg,0.037659578025341034
SegMaR/S2C,COD10K-CAM-3-Flying-62-Mantis-4371.jpg,0.10597147047519684
SegMaR/S2C,COD10K-CAM-3-Flying-62-Mantis-4374.jpg,0.020975669845938683
SegMaR/S2C,COD10K-CAM-3-Flying-62-Mantis-4377.jpg,0.03825150802731514
SegMaR/S2C,COD10K-CAM-3-Flying-62-Mantis-4379.jpg,0.06943988054990768
SegMaR/S2C,COD10K-CAM-3-Flying-62-Mantis-4381.jpg,0.04082557186484337
SegMaR/S2C,COD10K-CAM-3-Flying-62-Mantis-4383.jpg,0.01513766497373581
SegMaR/S2C,COD10K-CAM-3-Flying-62-Mantis-4385.jpg,0.05529287829995155
SegMaR/S2C,COD10K-CAM-3-Flying-63-Mockingbird-4388.jpg,0.05368703603744507
SegMaR/S2C,COD10K-CAM-3-Flying-63-Mockingbird-4390.jpg,0.012373071163892746
SegMaR/S2C,COD10K-CAM-3-Flying-63-Mockingbird-4391.jpg,0.051443640142679214
SegMaR/S2C,COD10K-CAM-3-Flying-63-Mockingbird-4393.jpg,0.03428101912140846
SegMaR/S2C,COD10K-CAM-3-Flying-63-Mockingbird-4394.jpg,0.1182112917304039
SegMaR/S2C,COD10K-CAM-3-Flying-63-Mockingbird-4395.jpg,0.002645297208800912
SegMaR/S2C,COD10K-CAM-3-Flying-63-Mockingbird-4396.jpg,0.04439434036612511
SegMaR/S2C,COD10K-CAM-3-Flying-63-Mockingbird-4397.jpg,0.02106577530503273
SegMaR/S2C,COD10K-CAM-3-Flying-63-Mockingbird-4398.jpg,0.015125499106943607
SegMaR/S2C,COD10K-CAM-3-Flying-63-Mockingbird-4399.jpg,0.08664354681968689
SegMaR/S2C,COD10K-CAM-3-Flying-63-Mockingbird-4400.jpg,0.024595286697149277
SegMaR/S2C,COD10K-CAM-3-Flying-63-Mockingbird-4401.jpg,0.001400437206029892
SegMaR/S2C,COD10K-CAM-3-Flying-63-Mockingbird-4402.jpg,0.0022229438181966543
SegMaR/S2C,COD10K-CAM-3-Flying-63-Mockingbird-4404.jpg,0.08783465623855591
SegMaR/S2C,COD10K-CAM-3-Flying-63-Mockingbird-4411.jpg,0.02602960169315338
SegMaR/S2C,COD10K-CAM-3-Flying-63-Mockingbird-4412.jpg,0.06091276556253433
SegMaR/S2C,COD10K-CAM-3-Flying-63-Mockingbird-4413.jpg,0.017711376771330833
SegMaR/S2C,COD10K-CAM-3-Flying-63-Mockingbird-4415.jpg,0.006417575292289257
SegMaR/S2C,COD10K-CAM-3-Flying-63-Mockingbird-4416.jpg,0.038488008081912994
SegMaR/S2C,COD10K-CAM-3-Flying-63-Mockingbird-4418.jpg,0.02146291732788086
SegMaR/S2C,COD10K-CAM-3-Flying-63-Mockingbird-4419.jpg,0.02586885541677475
SegMaR/S2C,COD10K-CAM-3-Flying-63-Mockingbird-4420.jpg,0.05189421772956848
SegMaR/S2C,COD10K-CAM-3-Flying-63-Mockingbird-4421.jpg,0.09890808165073395
SegMaR/S2C,COD10K-CAM-3-Flying-63-Mockingbird-4422.jpg,0.08409639447927475
SegMaR/S2C,COD10K-CAM-3-Flying-63-Mockingbird-4423.jpg,0.01948622241616249
SegMaR/S2C,COD10K-CAM-3-Flying-63-Mockingbird-4424.jpg,0.07636520266532898
SegMaR/S2C,COD10K-CAM-3-Flying-63-Mockingbird-4425.jpg,0.028293728828430176
SegMaR/S2C,COD10K-CAM-3-Flying-64-Moth-4428.jpg,0.018423324450850487
SegMaR/S2C,COD10K-CAM-3-Flying-64-Moth-4429.jpg,0.004303271882236004
SegMaR/S2C,COD10K-CAM-3-Flying-64-Moth-4434.jpg,0.008495111018419266
SegMaR/S2C,COD10K-CAM-3-Flying-64-Moth-4435.jpg,0.03191787004470825
SegMaR/S2C,COD10K-CAM-3-Flying-64-Moth-4436.jpg,0.009140667505562305
SegMaR/S2C,COD10K-CAM-3-Flying-64-Moth-4437.jpg,0.016876671463251114
SegMaR/S2C,COD10K-CAM-3-Flying-64-Moth-4438.jpg,0.006943671032786369
SegMaR/S2C,COD10K-CAM-3-Flying-64-Moth-4439.jpg,0.0021832832135260105
SegMaR/S2C,COD10K-CAM-3-Flying-64-Moth-4440.jpg,0.00383502384647727
SegMaR/S2C,COD10K-CAM-3-Flying-64-Moth-4441.jpg,0.015530860982835293
SegMaR/S2C,COD10K-CAM-3-Flying-64-Moth-4442.jpg,0.006380383390933275
SegMaR/S2C,COD10K-CAM-3-Flying-64-Moth-4445.jpg,0.02538370154798031
SegMaR/S2C,COD10K-CAM-3-Flying-64-Moth-4449.jpg,0.04177828133106232
SegMaR/S2C,COD10K-CAM-3-Flying-64-Moth-4451.jpg,0.01595507748425007
SegMaR/S2C,COD10K-CAM-3-Flying-64-Moth-4456.jpg,0.020189693197607994
SegMaR/S2C,COD10K-CAM-3-Flying-64-Moth-4458.jpg,0.0373438224196434
SegMaR/S2C,COD10K-CAM-3-Flying-64-Moth-4459.jpg,0.01695958524942398
SegMaR/S2C,COD10K-CAM-3-Flying-64-Moth-4462.jpg,0.013109749183058739
SegMaR/S2C,COD10K-CAM-3-Flying-64-Moth-4463.jpg,0.009045177139341831
SegMaR/S2C,COD10K-CAM-3-Flying-64-Moth-4464.jpg,0.010373231023550034
SegMaR/S2C,COD10K-CAM-3-Flying-64-Moth-4465.jpg,0.06326612085103989
SegMaR/S2C,COD10K-CAM-3-Flying-64-Moth-4466.jpg,0.1281522959470749
SegMaR/S2C,COD10K-CAM-3-Flying-64-Moth-4468.jpg,0.030257288366556168
SegMaR/S2C,COD10K-CAM-3-Flying-64-Moth-4470.jpg,0.009204894304275513
SegMaR/S2C,COD10K-CAM-3-Flying-64-Moth-4472.jpg,0.0124661298468709
SegMaR/S2C,COD10K-CAM-3-Flying-64-Moth-4474.jpg,0.009630889631807804
SegMaR/S2C,COD10K-CAM-3-Flying-64-Moth-4475.jpg,0.028072146698832512
SegMaR/S2C,COD10K-CAM-3-Flying-64-Moth-4477.jpg,0.06325237452983856
SegMaR/S2C,COD10K-CAM-3-Flying-64-Moth-4478.jpg,0.007642475888133049
SegMaR/S2C,COD10K-CAM-3-Flying-64-Moth-4484.jpg,0.04474404454231262
SegMaR/S2C,COD10K-CAM-3-Flying-64-Moth-4485.jpg,0.009795933961868286
SegMaR/S2C,COD10K-CAM-3-Flying-64-Moth-4486.jpg,0.008365499787032604
SegMaR/S2C,COD10K-CAM-3-Flying-64-Moth-4487.jpg,0.08366245031356812
SegMaR/S2C,COD10K-CAM-3-Flying-64-Moth-4488.jpg,0.02772696316242218
SegMaR/S2C,COD10K-CAM-3-Flying-64-Moth-4490.jpg,0.03426694497466087
SegMaR/S2C,COD10K-CAM-3-Flying-64-Moth-4492.jpg,0.008037430234253407
SegMaR/S2C,COD10K-CAM-3-Flying-64-Moth-4493.jpg,0.009876597672700882
SegMaR/S2C,COD10K-CAM-3-Flying-64-Moth-4494.jpg,0.07515837252140045
SegMaR/S2C,COD10K-CAM-3-Flying-64-Moth-4495.jpg,0.07098221778869629
SegMaR/S2C,COD10K-CAM-3-Flying-64-Moth-4496.jpg,0.009051129221916199
SegMaR/S2C,COD10K-CAM-3-Flying-64-Moth-4497.jpg,0.017095055431127548
SegMaR/S2C,COD10K-CAM-3-Flying-64-Moth-4498.jpg,0.01460227370262146
SegMaR/S2C,COD10K-CAM-3-Flying-64-Moth-4500.jpg,0.06345169246196747
SegMaR/S2C,COD10K-CAM-3-Flying-64-Moth-4501.jpg,0.005373496096581221
SegMaR/S2C,COD10K-CAM-3-Flying-64-Moth-4502.jpg,0.01488003134727478
SegMaR/S2C,COD10K-CAM-3-Flying-64-Moth-4504.jpg,0.007496578618884087
SegMaR/S2C,COD10K-CAM-3-Flying-64-Moth-4505.jpg,0.035308510065078735
SegMaR/S2C,COD10K-CAM-3-Flying-64-Moth-4506.jpg,0.004660304635763168
SegMaR/S2C,COD10K-CAM-3-Flying-64-Moth-4507.jpg,0.056443266570568085
SegMaR/S2C,COD10K-CAM-3-Flying-65-Owl-4508.jpg,0.08844401687383652
SegMaR/S2C,COD10K-CAM-3-Flying-65-Owl-4509.jpg,0.029654521495103836
SegMaR/S2C,COD10K-CAM-3-Flying-65-Owl-4512.jpg,0.01720496267080307
SegMaR/S2C,COD10K-CAM-3-Flying-65-Owl-4513.jpg,0.013724569231271744
SegMaR/S2C,COD10K-CAM-3-Flying-65-Owl-4516.jpg,0.03247056156396866
SegMaR/S2C,COD10K-CAM-3-Flying-65-Owl-4518.jpg,0.03454441577196121
SegMaR/S2C,COD10K-CAM-3-Flying-65-Owl-4521.jpg,0.01838758774101734
SegMaR/S2C,COD10K-CAM-3-Flying-65-Owl-4523.jpg,0.009830291382968426
SegMaR/S2C,COD10K-CAM-3-Flying-65-Owl-4524.jpg,0.06807537376880646
SegMaR/S2C,COD10K-CAM-3-Flying-65-Owl-4525.jpg,0.010466409847140312
SegMaR/S2C,COD10K-CAM-3-Flying-65-Owl-4526.jpg,0.0061866650357842445
SegMaR/S2C,COD10K-CAM-3-Flying-65-Owl-4532.jpg,0.04166208952665329
SegMaR/S2C,COD10K-CAM-3-Flying-65-Owl-4538.jpg,0.021432917565107346
SegMaR/S2C,COD10K-CAM-3-Flying-65-Owl-4539.jpg,0.014592260122299194
SegMaR/S2C,COD10K-CAM-3-Flying-65-Owl-4541.jpg,0.03658435493707657
SegMaR/S2C,COD10K-CAM-3-Flying-65-Owl-4542.jpg,0.03503599017858505
SegMaR/S2C,COD10K-CAM-3-Flying-65-Owl-4544.jpg,0.02786005102097988
SegMaR/S2C,COD10K-CAM-3-Flying-65-Owl-4545.jpg,0.026178520172834396
SegMaR/S2C,COD10K-CAM-3-Flying-65-Owl-4546.jpg,0.016387052834033966
SegMaR/S2C,COD10K-CAM-3-Flying-65-Owl-4547.jpg,0.010433503426611423
SegMaR/S2C,COD10K-CAM-3-Flying-65-Owl-4548.jpg,0.03521522879600525
SegMaR/S2C,COD10K-CAM-3-Flying-65-Owl-4549.jpg,0.1040111780166626
SegMaR/S2C,COD10K-CAM-3-Flying-65-Owl-4551.jpg,0.035880498588085175
SegMaR/S2C,COD10K-CAM-3-Flying-65-Owl-4552.jpg,0.029195500537753105
SegMaR/S2C,COD10K-CAM-3-Flying-65-Owl-4554.jpg,0.005168426316231489
SegMaR/S2C,COD10K-CAM-3-Flying-65-Owl-4557.jpg,0.028112849220633507
SegMaR/S2C,COD10K-CAM-3-Flying-65-Owl-4559.jpg,0.07039962708950043
SegMaR/S2C,COD10K-CAM-3-Flying-65-Owl-4560.jpg,0.02612149901688099
SegMaR/S2C,COD10K-CAM-3-Flying-65-Owl-4562.jpg,0.0077244616113603115
SegMaR/S2C,COD10K-CAM-3-Flying-65-Owl-4566.jpg,0.02511965110898018
SegMaR/S2C,COD10K-CAM-3-Flying-65-Owl-4567.jpg,0.05026842653751373
SegMaR/S2C,COD10K-CAM-3-Flying-65-Owl-4568.jpg,0.021302781999111176
SegMaR/S2C,COD10K-CAM-3-Flying-65-Owl-4570.jpg,0.019163304939866066
SegMaR/S2C,COD10K-CAM-3-Flying-65-Owl-4571.jpg,0.013088997453451157
SegMaR/S2C,COD10K-CAM-3-Flying-65-Owl-4572.jpg,0.027997266501188278
SegMaR/S2C,COD10K-CAM-3-Flying-65-Owl-4576.jpg,0.00839164387434721
SegMaR/S2C,COD10K-CAM-3-Flying-65-Owl-4579.jpg,0.03646382316946983
SegMaR/S2C,COD10K-CAM-3-Flying-65-Owl-4581.jpg,0.07133472710847855
SegMaR/S2C,COD10K-CAM-3-Flying-65-Owl-4582.jpg,0.004540634341537952
SegMaR/S2C,COD10K-CAM-3-Flying-65-Owl-4583.jpg,0.04628635197877884
SegMaR/S2C,COD10K-CAM-3-Flying-65-Owl-4585.jpg,0.009794851765036583
SegMaR/S2C,COD10K-CAM-3-Flying-65-Owl-4589.jpg,0.014606853015720844
SegMaR/S2C,COD10K-CAM-3-Flying-65-Owl-4590.jpg,0.026885204017162323
SegMaR/S2C,COD10K-CAM-3-Flying-65-Owl-4592.jpg,0.01560738030821085
SegMaR/S2C,COD10K-CAM-3-Flying-65-Owl-4594.jpg,0.03828186169266701
SegMaR/S2C,COD10K-CAM-3-Flying-65-Owl-4595.jpg,0.027533646672964096
SegMaR/S2C,COD10K-CAM-3-Flying-65-Owl-4596.jpg,0.015102336183190346
SegMaR/S2C,COD10K-CAM-3-Flying-65-Owl-4598.jpg,0.013173073530197144
SegMaR/S2C,COD10K-CAM-3-Flying-65-Owl-4600.jpg,0.012527433224022388
SegMaR/S2C,COD10K-CAM-3-Flying-65-Owl-4601.jpg,0.029424991458654404
SegMaR/S2C,COD10K-CAM-3-Flying-65-Owl-4602.jpg,0.021417438983917236
SegMaR/S2C,COD10K-CAM-3-Flying-65-Owl-4603.jpg,0.016598127782344818
SegMaR/S2C,COD10K-CAM-3-Flying-65-Owl-4605.jpg,0.02498839609324932
SegMaR/S2C,COD10K-CAM-3-Flying-65-Owl-4606.jpg,0.013295077718794346
SegMaR/S2C,COD10K-CAM-3-Flying-65-Owl-4607.jpg,0.01560199074447155
SegMaR/S2C,COD10K-CAM-3-Flying-65-Owl-4610.jpg,0.004674921743571758
SegMaR/S2C,COD10K-CAM-3-Flying-65-Owl-4612.jpg,0.06259685754776001
SegMaR/S2C,COD10K-CAM-3-Flying-65-Owl-4614.jpg,0.027858596295118332
SegMaR/S2C,COD10K-CAM-3-Flying-65-Owl-4616.jpg,0.014490620233118534
SegMaR/S2C,COD10K-CAM-3-Flying-65-Owl-4617.jpg,0.019448591396212578
SegMaR/S2C,COD10K-CAM-3-Flying-65-Owl-4619.jpg,0.007590009830892086
SegMaR/S2C,COD10K-CAM-3-Flying-65-Owl-4621.jpg,0.022183381021022797
SegMaR/S2C,COD10K-CAM-3-Flying-65-Owl-4622.jpg,0.016333285719156265
SegMaR/S2C,COD10K-CAM-3-Flying-65-Owl-4623.jpg,0.019241100177168846
SegMaR/S2C,COD10K-CAM-3-Flying-65-Owl-4624.jpg,0.09121006727218628
SegMaR/S2C,COD10K-CAM-3-Flying-65-Owl-4625.jpg,0.019865605980157852
SegMaR/S2C,COD10K-CAM-3-Flying-65-Owl-4628.jpg,0.07578642666339874
SegMaR/S2C,COD10K-CAM-3-Flying-65-Owl-4629.jpg,0.08869592845439911
SegMaR/S2C,COD10K-CAM-3-Flying-65-Owl-4630.jpg,0.00959450751543045
SegMaR/S2C,COD10K-CAM-3-Flying-65-Owl-4631.jpg,0.006448331754654646
SegMaR/S2C,COD10K-CAM-3-Flying-65-Owl-4634.jpg,0.003117050277069211
SegMaR/S2C,COD10K-CAM-3-Flying-65-Owl-4636.jpg,0.06945458054542542
SegMaR/S2C,COD10K-CAM-3-Flying-65-Owl-4637.jpg,0.04668547213077545
SegMaR/S2C,COD10K-CAM-3-Flying-65-Owl-4639.jpg,0.01062270812690258
SegMaR/S2C,COD10K-CAM-3-Flying-65-Owl-4642.jpg,0.01585157960653305
SegMaR/S2C,COD10K-CAM-3-Flying-65-Owl-4643.jpg,0.013967740349471569
SegMaR/S2C,COD10K-CAM-3-Flying-65-Owl-4649.jpg,0.02474527433514595
SegMaR/S2C,COD10K-CAM-3-Flying-65-Owl-4651.jpg,0.05694814398884773
SegMaR/S2C,COD10K-CAM-3-Flying-65-Owl-4652.jpg,0.012023594230413437
SegMaR/S2C,COD10K-CAM-3-Flying-65-Owl-4653.jpg,0.026387296617031097
SegMaR/S2C,COD10K-CAM-3-Flying-65-Owl-4655.jpg,0.035203948616981506
SegMaR/S2C,COD10K-CAM-3-Flying-65-Owl-4657.jpg,0.042627476155757904
SegMaR/S2C,COD10K-CAM-3-Flying-65-Owl-4658.jpg,0.04665667936205864
SegMaR/S2C,COD10K-CAM-3-Flying-65-Owl-4661.jpg,0.00796855054795742
SegMaR/S2C,COD10K-CAM-3-Flying-65-Owl-4663.jpg,0.04217041656374931
SegMaR/S2C,COD10K-CAM-3-Flying-65-Owl-4664.jpg,0.025137005373835564
SegMaR/S2C,COD10K-CAM-3-Flying-65-Owl-4665.jpg,0.02526322938501835
SegMaR/S2C,COD10K-CAM-3-Flying-66-Owlfly-4667.jpg,0.012262980453670025
SegMaR/S2C,COD10K-CAM-3-Flying-66-Owlfly-4670.jpg,0.014691374264657497
SegMaR/S2C,COD10K-CAM-3-Flying-66-Owlfly-4671.jpg,0.0012327157892286777
SegMaR/S2C,COD10K-CAM-3-Flying-66-Owlfly-4672.jpg,0.02161780372262001
SegMaR/S2C,COD10K-CAM-3-Flying-66-Owlfly-4673.jpg,0.013009672984480858
SegMaR/S2C,COD10K-CAM-3-Flying-66-Owlfly-4675.jpg,0.005161113105714321
SegMaR/S2C,COD10K-CAM-3-Flying-66-Owlfly-4678.jpg,0.02543817274272442
SegMaR/S2C,COD10K-CAM-4-Amphibian-67-Frog-4680.jpg,0.11288471519947052
SegMaR/S2C,COD10K-CAM-4-Amphibian-67-Frog-4681.jpg,0.05183246731758118
SegMaR/S2C,COD10K-CAM-4-Amphibian-67-Frog-4682.jpg,0.02347627654671669
SegMaR/S2C,COD10K-CAM-4-Amphibian-67-Frog-4683.jpg,0.004588733427226543
SegMaR/S2C,COD10K-CAM-4-Amphibian-67-Frog-4684.jpg,0.018085390329360962
SegMaR/S2C,COD10K-CAM-4-Amphibian-67-Frog-4685.jpg,0.013850802555680275
SegMaR/S2C,COD10K-CAM-4-Amphibian-67-Frog-4686.jpg,0.03880824148654938
SegMaR/S2C,COD10K-CAM-4-Amphibian-67-Frog-4687.jpg,0.02430613525211811
SegMaR/S2C,COD10K-CAM-4-Amphibian-67-Frog-4688.jpg,0.022010192275047302
SegMaR/S2C,COD10K-CAM-4-Amphibian-67-Frog-4689.jpg,0.014334674924612045
SegMaR/S2C,COD10K-CAM-4-Amphibian-67-Frog-4690.jpg,0.10086334496736526
SegMaR/S2C,COD10K-CAM-4-Amphibian-67-Frog-4691.jpg,0.011333945207297802
SegMaR/S2C,COD10K-CAM-4-Amphibian-67-Frog-4692.jpg,0.011601205915212631
SegMaR/S2C,COD10K-CAM-4-Amphibian-67-Frog-4693.jpg,0.007101764902472496
SegMaR/S2C,COD10K-CAM-4-Amphibian-67-Frog-4695.jpg,0.07707918435335159
SegMaR/S2C,COD10K-CAM-4-Amphibian-67-Frog-4696.jpg,0.0072633372619748116
SegMaR/S2C,COD10K-CAM-4-Amphibian-67-Frog-4697.jpg,0.048333730548620224
SegMaR/S2C,COD10K-CAM-4-Amphibian-67-Frog-4698.jpg,0.021116890013217926
SegMaR/S2C,COD10K-CAM-4-Amphibian-67-Frog-4699.jpg,0.010873530060052872
SegMaR/S2C,COD10K-CAM-4-Amphibian-67-Frog-4700.jpg,0.032203301787376404
SegMaR/S2C,COD10K-CAM-4-Amphibian-67-Frog-4703.jpg,0.024222038686275482
SegMaR/S2C,COD10K-CAM-4-Amphibian-67-Frog-4704.jpg,0.0036472075153142214
SegMaR/S2C,COD10K-CAM-4-Amphibian-67-Frog-4705.jpg,0.0152786485850811
SegMaR/S2C,COD10K-CAM-4-Amphibian-67-Frog-4708.jpg,0.01702616550028324
SegMaR/S2C,COD10K-CAM-4-Amphibian-67-Frog-4709.jpg,0.023347273468971252
SegMaR/S2C,COD10K-CAM-4-Amphibian-67-Frog-4710.jpg,0.011684213764965534
SegMaR/S2C,COD10K-CAM-4-Amphibian-67-Frog-4712.jpg,0.028363946825265884
SegMaR/S2C,COD10K-CAM-4-Amphibian-67-Frog-4713.jpg,0.03165037930011749
SegMaR/S2C,COD10K-CAM-4-Amphibian-67-Frog-4715.jpg,0.03189036250114441
SegMaR/S2C,COD10K-CAM-4-Amphibian-67-Frog-4716.jpg,0.014618849381804466
SegMaR/S2C,COD10K-CAM-4-Amphibian-67-Frog-4717.jpg,0.012906799092888832
SegMaR/S2C,COD10K-CAM-4-Amphibian-67-Frog-4720.jpg,0.026502512395381927
SegMaR/S2C,COD10K-CAM-4-Amphibian-67-Frog-4722.jpg,0.022717107087373734
SegMaR/S2C,COD10K-CAM-4-Amphibian-67-Frog-4723.jpg,0.021556559950113297
SegMaR/S2C,COD10K-CAM-4-Amphibian-67-Frog-4724.jpg,0.0046596466563642025
SegMaR/S2C,COD10K-CAM-4-Amphibian-67-Frog-4725.jpg,0.028455514460802078
SegMaR/S2C,COD10K-CAM-4-Amphibian-67-Frog-4726.jpg,0.0114363394677639
SegMaR/S2C,COD10K-CAM-4-Amphibian-67-Frog-4727.jpg,0.012121284380555153
SegMaR/S2C,COD10K-CAM-4-Amphibian-67-Frog-4730.jpg,0.010521910153329372
SegMaR/S2C,COD10K-CAM-4-Amphibian-67-Frog-4731.jpg,0.016148991882801056
SegMaR/S2C,COD10K-CAM-4-Amphibian-67-Frog-4734.jpg,0.00997287780046463
SegMaR/S2C,COD10K-CAM-4-Amphibian-67-Frog-4735.jpg,0.013515470549464226
SegMaR/S2C,COD10K-CAM-4-Amphibian-67-Frog-4736.jpg,0.0011862479150295258
SegMaR/S2C,COD10K-CAM-4-Amphibian-67-Frog-4737.jpg,0.06705716997385025
SegMaR/S2C,COD10K-CAM-4-Amphibian-67-Frog-4741.jpg,0.017688892781734467
SegMaR/S2C,COD10K-CAM-4-Amphibian-67-Frog-4743.jpg,0.005125201772898436
SegMaR/S2C,COD10K-CAM-4-Amphibian-67-Frog-4744.jpg,0.04747799411416054
SegMaR/S2C,COD10K-CAM-4-Amphibian-67-Frog-4745.jpg,0.1055912896990776
SegMaR/S2C,COD10K-CAM-4-Amphibian-67-Frog-4746.jpg,0.006321686320006847
SegMaR/S2C,COD10K-CAM-4-Amphibian-67-Frog-4747.jpg,0.0028469085227698088
SegMaR/S2C,COD10K-CAM-4-Amphibian-67-Frog-4749.jpg,0.01825029030442238
SegMaR/S2C,COD10K-CAM-4-Amphibian-67-Frog-4750.jpg,0.014904704876244068
SegMaR/S2C,COD10K-CAM-4-Amphibian-67-Frog-4753.jpg,0.02494429610669613
SegMaR/S2C,COD10K-CAM-4-Amphibian-67-Frog-4757.jpg,0.029475431889295578
SegMaR/S2C,COD10K-CAM-4-Amphibian-67-Frog-4758.jpg,0.0066602700389921665
SegMaR/S2C,COD10K-CAM-4-Amphibian-67-Frog-4760.jpg,0.025296662002801895
SegMaR/S2C,COD10K-CAM-4-Amphibian-67-Frog-4761.jpg,0.016216173768043518
SegMaR/S2C,COD10K-CAM-4-Amphibian-67-Frog-4762.jpg,0.027651118114590645
SegMaR/S2C,COD10K-CAM-4-Amphibian-67-Frog-4765.jpg,0.005533124320209026
SegMaR/S2C,COD10K-CAM-4-Amphibian-67-Frog-4766.jpg,0.006223809905350208
SegMaR/S2C,COD10K-CAM-4-Amphibian-67-Frog-4767.jpg,0.007908298633992672
SegMaR/S2C,COD10K-CAM-4-Amphibian-67-Frog-4769.jpg,0.20057322084903717
SegMaR/S2C,COD10K-CAM-4-Amphibian-67-Frog-4770.jpg,0.04931200295686722
SegMaR/S2C,COD10K-CAM-4-Amphibian-67-Frog-4771.jpg,0.115321084856987
SegMaR/S2C,COD10K-CAM-4-Amphibian-67-Frog-4772.jpg,0.008377357386052608
SegMaR/S2C,COD10K-CAM-4-Amphibian-67-Frog-4778.jpg,0.01467612199485302
SegMaR/S2C,COD10K-CAM-4-Amphibian-67-Frog-4779.jpg,0.013719265349209309
SegMaR/S2C,COD10K-CAM-4-Amphibian-67-Frog-4780.jpg,0.02760474756360054
SegMaR/S2C,COD10K-CAM-4-Amphibian-67-Frog-4785.jpg,0.011457720771431923
SegMaR/S2C,COD10K-CAM-4-Amphibian-67-Frog-4786.jpg,0.009963673539459705
SegMaR/S2C,COD10K-CAM-4-Amphibian-67-Frog-4788.jpg,0.027973920106887817
SegMaR/S2C,COD10K-CAM-4-Amphibian-67-Frog-4789.jpg,0.01987428218126297
SegMaR/S2C,COD10K-CAM-4-Amphibian-67-Frog-4790.jpg,0.03529611974954605
SegMaR/S2C,COD10K-CAM-4-Amphibian-67-Frog-4791.jpg,0.016120685264468193
SegMaR/S2C,COD10K-CAM-4-Amphibian-67-Frog-4792.jpg,0.01429890189319849
SegMaR/S2C,COD10K-CAM-4-Amphibian-67-Frog-4794.jpg,0.011336521245539188
SegMaR/S2C,COD10K-CAM-4-Amphibian-67-Frog-4797.jpg,0.038441162556409836
SegMaR/S2C,COD10K-CAM-4-Amphibian-67-Frog-4798.jpg,0.011928290128707886
SegMaR/S2C,COD10K-CAM-4-Amphibian-67-Frog-4799.jpg,0.026955172419548035
SegMaR/S2C,COD10K-CAM-4-Amphibian-67-Frog-4801.jpg,0.010644217021763325
SegMaR/S2C,COD10K-CAM-4-Amphibian-67-Frog-4802.jpg,0.047220297157764435
SegMaR/S2C,COD10K-CAM-4-Amphibian-67-Frog-4804.jpg,0.08029184490442276
SegMaR/S2C,COD10K-CAM-4-Amphibian-68-Toad-4805.jpg,0.03784473240375519
SegMaR/S2C,COD10K-CAM-4-Amphibian-68-Toad-4806.jpg,0.029491689056158066
SegMaR/S2C,COD10K-CAM-4-Amphibian-68-Toad-4807.jpg,0.014067662879824638
SegMaR/S2C,COD10K-CAM-4-Amphibian-68-Toad-4810.jpg,0.028454594314098358
SegMaR/S2C,COD10K-CAM-4-Amphibian-68-Toad-4811.jpg,0.030303994193673134
SegMaR/S2C,COD10K-CAM-4-Amphibian-68-Toad-4812.jpg,0.024793587625026703
SegMaR/S2C,COD10K-CAM-4-Amphibian-68-Toad-4814.jpg,0.010324964299798012
SegMaR/S2C,COD10K-CAM-4-Amphibian-68-Toad-4815.jpg,0.008169024251401424
SegMaR/S2C,COD10K-CAM-4-Amphibian-68-Toad-4816.jpg,0.012745622545480728
SegMaR/S2C,COD10K-CAM-4-Amphibian-68-Toad-4817.jpg,0.04964420944452286
SegMaR/S2C,COD10K-CAM-4-Amphibian-68-Toad-4819.jpg,0.06053268909454346
SegMaR/S2C,COD10K-CAM-4-Amphibian-68-Toad-4820.jpg,0.017318841069936752
SegMaR/S2C,COD10K-CAM-4-Amphibian-68-Toad-4822.jpg,0.02921808324754238
SegMaR/S2C,COD10K-CAM-4-Amphibian-68-Toad-4823.jpg,0.07370059192180634
SegMaR/S2C,COD10K-CAM-4-Amphibian-68-Toad-4824.jpg,0.04521266371011734
SegMaR/S2C,COD10K-CAM-4-Amphibian-68-Toad-4825.jpg,0.0442509800195694
SegMaR/S2C,COD10K-CAM-4-Amphibian-68-Toad-4827.jpg,0.02595818042755127
SegMaR/S2C,COD10K-CAM-4-Amphibian-68-Toad-4829.jpg,0.02085428684949875
SegMaR/S2C,COD10K-CAM-4-Amphibian-68-Toad-4830.jpg,0.02417360246181488
SegMaR/S2C,COD10K-CAM-4-Amphibian-68-Toad-4832.jpg,0.013654857873916626
SegMaR/S2C,COD10K-CAM-4-Amphibian-68-Toad-4833.jpg,0.04461193084716797
SegMaR/S2C,COD10K-CAM-4-Amphibian-68-Toad-4834.jpg,0.029737714678049088
SegMaR/S2C,COD10K-CAM-4-Amphibian-68-Toad-4835.jpg,0.010622799396514893
SegMaR/S2C,COD10K-CAM-4-Amphibian-68-Toad-4837.jpg,0.02874358370900154
SegMaR/S2C,COD10K-CAM-4-Amphibian-68-Toad-4840.jpg,0.05717989057302475
SegMaR/S2C,COD10K-CAM-4-Amphibian-68-Toad-4843.jpg,0.013322669081389904
SegMaR/S2C,COD10K-CAM-4-Amphibian-68-Toad-4844.jpg,0.017157582566142082
SegMaR/S2C,COD10K-CAM-4-Amphibian-68-Toad-4845.jpg,0.1371527761220932
SegMaR/S2C,COD10K-CAM-4-Amphibian-68-Toad-4846.jpg,0.018614649772644043
SegMaR/S2C,COD10K-CAM-4-Amphibian-68-Toad-4847.jpg,0.01647643931210041
SegMaR/S2C,COD10K-CAM-4-Amphibian-68-Toad-4848.jpg,0.002685004845261574
SegMaR/S2C,COD10K-CAM-4-Amphibian-68-Toad-4849.jpg,0.0388023778796196
SegMaR/S2C,COD10K-CAM-4-Amphibian-68-Toad-4851.jpg,0.009885560721158981
SegMaR/S2C,COD10K-CAM-4-Amphibian-68-Toad-4852.jpg,0.012965718284249306
SegMaR/S2C,COD10K-CAM-4-Amphibian-68-Toad-4854.jpg,0.01661895215511322
SegMaR/S2C,COD10K-CAM-4-Amphibian-68-Toad-4855.jpg,0.02908577397465706
SegMaR/S2C,COD10K-CAM-4-Amphibian-68-Toad-4857.jpg,0.024725545197725296
SegMaR/S2C,COD10K-CAM-4-Amphibian-68-Toad-4858.jpg,0.02294272929430008
SegMaR/S2C,COD10K-CAM-4-Amphibian-68-Toad-4859.jpg,0.025460027158260345
SegMaR/S2C,COD10K-CAM-4-Amphibian-68-Toad-4860.jpg,0.01691194251179695
SegMaR/S2C,COD10K-CAM-4-Amphibian-68-Toad-4862.jpg,0.0039261821657419205
SegMaR/S2C,COD10K-CAM-4-Amphibian-68-Toad-4864.jpg,0.0023119403049349785
SegMaR/S2C,COD10K-CAM-4-Amphibian-68-Toad-4865.jpg,0.0370052270591259
SegMaR/S2C,COD10K-CAM-4-Amphibian-68-Toad-4866.jpg,0.019993994385004044
SegMaR/S2C,COD10K-CAM-4-Amphibian-68-Toad-4868.jpg,0.011027805507183075
SegMaR/S2C,COD10K-CAM-4-Amphibian-68-Toad-4869.jpg,0.05164516344666481
SegMaR/S2C,COD10K-CAM-4-Amphibian-68-Toad-4870.jpg,0.050360821187496185
SegMaR/S2C,COD10K-CAM-4-Amphibian-68-Toad-4871.jpg,0.011796729639172554
SegMaR/S2C,COD10K-CAM-4-Amphibian-68-Toad-4874.jpg,0.016446225345134735
SegMaR/S2C,COD10K-CAM-4-Amphibian-68-Toad-4875.jpg,0.008227527141571045
SegMaR/S2C,COD10K-CAM-4-Amphibian-68-Toad-4878.jpg,0.0373443141579628
SegMaR/S2C,COD10K-CAM-4-Amphibian-68-Toad-4879.jpg,0.010672664269804955
SegMaR/S2C,COD10K-CAM-4-Amphibian-68-Toad-4880.jpg,0.00838817935436964
SegMaR/S2C,COD10K-CAM-4-Amphibian-68-Toad-4882.jpg,0.09021182358264923
SegMaR/S2C,COD10K-CAM-4-Amphibian-68-Toad-4884.jpg,0.028179656714200974
SegMaR/S2C,COD10K-CAM-4-Amphibian-68-Toad-4885.jpg,0.03523337095975876
SegMaR/S2C,COD10K-CAM-4-Amphibian-68-Toad-4888.jpg,0.004039328079670668
SegMaR/S2C,COD10K-CAM-4-Amphibian-68-Toad-4889.jpg,0.0061037298291921616
SegMaR/S2C,COD10K-CAM-4-Amphibian-68-Toad-4890.jpg,0.05809134617447853
SegMaR/S2C,COD10K-CAM-4-Amphibian-68-Toad-4892.jpg,0.030470367521047592
SegMaR/S2C,COD10K-CAM-4-Amphibian-68-Toad-4893.jpg,0.013409378938376904
SegMaR/S2C,COD10K-CAM-4-Amphibian-68-Toad-4894.jpg,0.02858065441250801
SegMaR/S2C,COD10K-CAM-4-Amphibian-68-Toad-4895.jpg,0.024187425151467323
SegMaR/S2C,COD10K-CAM-4-Amphibian-68-Toad-4897.jpg,0.07679741084575653
SegMaR/S2C,COD10K-CAM-4-Amphibian-68-Toad-4898.jpg,0.010618305765092373
SegMaR/S2C,COD10K-CAM-4-Amphibian-68-Toad-4901.jpg,0.04256552457809448
SegMaR/S2C,COD10K-CAM-4-Amphibian-68-Toad-4902.jpg,0.018332548439502716
SegMaR/S2C,COD10K-CAM-4-Amphibian-68-Toad-4906.jpg,0.01769161783158779
SegMaR/S2C,COD10K-CAM-4-Amphibian-68-Toad-4907.jpg,0.012003632262349129
SegMaR/S2C,COD10K-CAM-4-Amphibian-68-Toad-4911.jpg,0.018752960488200188
SegMaR/S2C,COD10K-CAM-4-Amphibian-68-Toad-4915.jpg,0.02513882890343666
SegMaR/S2C,COD10K-CAM-4-Amphibian-68-Toad-4916.jpg,0.0034275460056960583
SegMaR/S2C,COD10K-CAM-4-Amphibian-68-Toad-4918.jpg,0.010533245280385017
SegMaR/S2C,COD10K-CAM-4-Amphibian-68-Toad-4919.jpg,0.024868521839380264
SegMaR/S2C,COD10K-CAM-4-Amphibian-68-Toad-4920.jpg,0.02256736159324646
SegMaR/S2C,COD10K-CAM-4-Amphibian-68-Toad-4922.jpg,0.04192633926868439
SegMaR/S2C,COD10K-CAM-4-Amphibian-68-Toad-4924.jpg,0.011346554383635521
SegMaR/S2C,COD10K-CAM-4-Amphibian-68-Toad-4925.jpg,0.06890801340341568
SegMaR/S2C,COD10K-CAM-4-Amphibian-68-Toad-4927.jpg,0.02724464237689972
SegMaR/S2C,COD10K-CAM-4-Amphibian-68-Toad-4928.jpg,0.023972084745764732
SegMaR/S2C,COD10K-CAM-4-Amphibian-68-Toad-4930.jpg,0.03193888068199158
SegMaR/S2C,COD10K-CAM-4-Amphibian-68-Toad-4931.jpg,0.014547370374202728
SegMaR/S2C,COD10K-CAM-4-Amphibian-68-Toad-4932.jpg,0.02846296690404415
SegMaR/S2C,COD10K-CAM-4-Amphibian-68-Toad-4933.jpg,0.025568494573235512
SegMaR/S2C,COD10K-CAM-4-Amphibian-68-Toad-4934.jpg,0.009375191293656826
SegMaR/S2C,COD10K-CAM-4-Amphibian-68-Toad-4935.jpg,0.012098130770027637
SegMaR/S2C,COD10K-CAM-4-Amphibian-68-Toad-4939.jpg,0.012180086225271225
SegMaR/S2C,COD10K-CAM-4-Amphibian-68-Toad-4940.jpg,0.03276021033525467
SegMaR/S2C,COD10K-CAM-4-Amphibian-68-Toad-4942.jpg,0.011247161775827408
SegMaR/S2C,COD10K-CAM-4-Amphibian-68-Toad-4943.jpg,0.012948854826390743
SegMaR/S2C,COD10K-CAM-4-Amphibian-68-Toad-4944.jpg,0.020447690039873123
SegMaR/S2C,COD10K-CAM-4-Amphibian-68-Toad-4946.jpg,0.007475561462342739
SegMaR/S2C,COD10K-CAM-4-Amphibian-68-Toad-4947.jpg,0.008995591662824154
SegMaR/S2C,COD10K-CAM-4-Amphibian-68-Toad-4948.jpg,0.0327056422829628
SegMaR/S2C,COD10K-CAM-4-Amphibian-68-Toad-4952.jpg,0.008810744620859623
SegMaR/S2C,COD10K-CAM-4-Amphibian-68-Toad-4953.jpg,0.03870150074362755
SegMaR/S2C,COD10K-CAM-4-Amphibian-68-Toad-4954.jpg,0.05030979588627815
SegMaR/S2C,COD10K-CAM-4-Amphibian-68-Toad-4956.jpg,0.004770326428115368
SegMaR/S2C,COD10K-CAM-4-Amphibian-68-Toad-4957.jpg,0.017096100375056267
SegMaR/S2C,COD10K-CAM-4-Amphibian-68-Toad-4958.jpg,0.018899261951446533
SegMaR/S2C,COD10K-CAM-4-Amphibian-68-Toad-4959.jpg,0.01566154509782791
SegMaR/S2C,COD10K-CAM-4-Amphibian-68-Toad-4961.jpg,0.020331621170043945
SegMaR/S2C,COD10K-CAM-4-Amphibian-68-Toad-4966.jpg,0.0397399477660656
SegMaR/S2C,COD10K-CAM-4-Amphibian-68-Toad-4967.jpg,0.033943288028240204
SegMaR/S2C,COD10K-CAM-4-Amphibian-68-Toad-4969.jpg,0.014205323532223701
SegMaR/S2C,COD10K-CAM-4-Amphibian-68-Toad-4970.jpg,0.03525775671005249
SegMaR/S2C,COD10K-CAM-4-Amphibian-68-Toad-4971.jpg,0.002681901678442955
SegMaR/S2C,COD10K-CAM-4-Amphibian-68-Toad-4972.jpg,0.03360769525170326
SegMaR/S2C,COD10K-CAM-4-Amphibian-68-Toad-4973.jpg,0.04354027658700943
SegMaR/S2C,COD10K-CAM-4-Amphibian-68-Toad-4974.jpg,0.00615373719483614
SegMaR/S2C,COD10K-CAM-4-Amphibian-68-Toad-4975.jpg,0.015124328434467316
SegMaR/S2C,COD10K-CAM-4-Amphibian-68-Toad-4979.jpg,0.06249265372753143
SegMaR/S2C,COD10K-CAM-4-Amphibian-68-Toad-4980.jpg,0.037779998034238815
SegMaR/S2C,COD10K-CAM-4-Amphibian-68-Toad-4981.jpg,0.03252512216567993
SegMaR/S2C,COD10K-CAM-4-Amphibian-68-Toad-4982.jpg,0.03130757436156273
SegMaR/S2C,COD10K-CAM-4-Amphibian-68-Toad-4983.jpg,0.012423114851117134
SegMaR/S2C,COD10K-CAM-4-Amphibian-68-Toad-4984.jpg,0.027796460315585136
SegMaR/S2C,COD10K-CAM-4-Amphibian-68-Toad-4985.jpg,0.03683282062411308
SegMaR/S2C,COD10K-CAM-4-Amphibian-68-Toad-4986.jpg,0.015749206766486168
SegMaR/S2C,COD10K-CAM-4-Amphibian-68-Toad-4987.jpg,0.013582339510321617
SegMaR/S2C,COD10K-CAM-4-Amphibian-68-Toad-4988.jpg,0.020993253216147423
SegMaR/S2C,COD10K-CAM-4-Amphibian-68-Toad-4989.jpg,0.01911594346165657
SegMaR/S2C,COD10K-CAM-4-Amphibian-68-Toad-4992.jpg,0.02536560222506523
SegMaR/S2C,COD10K-CAM-4-Amphibian-68-Toad-4993.jpg,0.015495175495743752
SegMaR/S2C,COD10K-CAM-4-Amphibian-68-Toad-4994.jpg,0.027590854093432426
SegMaR/S2C,COD10K-CAM-4-Amphibian-68-Toad-4996.jpg,0.06123992055654526
SegMaR/S2C,COD10K-CAM-4-Amphibian-68-Toad-5000.jpg,0.024723738431930542
SegMaR/S2C,COD10K-CAM-4-Amphibian-68-Toad-5001.jpg,0.05410473793745041
SegMaR/S2C,COD10K-CAM-4-Amphibian-68-Toad-5003.jpg,0.021250009536743164
SegMaR/S2C,COD10K-CAM-4-Amphibian-68-Toad-5007.jpg,0.02283349260687828
SegMaR/S2C,COD10K-CAM-4-Amphibian-68-Toad-5009.jpg,0.023855097591876984
SegMaR/S2C,COD10K-CAM-4-Amphibian-68-Toad-5012.jpg,0.021087490022182465
SegMaR/S2C,COD10K-CAM-4-Amphibian-68-Toad-5013.jpg,0.03130172938108444
SegMaR/S2C,COD10K-CAM-4-Amphibian-68-Toad-5015.jpg,0.029937714338302612
SegMaR/S2C,COD10K-CAM-4-Amphibian-68-Toad-5016.jpg,0.17676255106925964
SegMaR/S2C,COD10K-CAM-4-Amphibian-68-Toad-5017.jpg,0.024215713143348694
SegMaR/S2C,COD10K-CAM-4-Amphibian-68-Toad-5018.jpg,0.002942082704976201
SegMaR/S2C,COD10K-CAM-4-Amphibian-68-Toad-5019.jpg,0.012528167106211185
SegMaR/S2C,COD10K-CAM-5-Other-69-Other-5024.jpg,0.006995915900915861
SegMaR/S2C,COD10K-CAM-5-Other-69-Other-5025.jpg,0.014383681118488312
SegMaR/S2C,COD10K-CAM-5-Other-69-Other-5026.jpg,0.047392383217811584
SegMaR/S2C,COD10K-CAM-5-Other-69-Other-5030.jpg,0.07322867214679718
SegMaR/S2C,COD10K-CAM-5-Other-69-Other-5031.jpg,0.02130097523331642
SegMaR/S2C,COD10K-CAM-5-Other-69-Other-5032.jpg,0.006342577748000622
SegMaR/S2C,COD10K-CAM-5-Other-69-Other-5033.jpg,0.04381568729877472
SegMaR/S2C,COD10K-CAM-5-Other-69-Other-5034.jpg,0.0024547765497118235
SegMaR/S2C,COD10K-CAM-5-Other-69-Other-5035.jpg,0.007543352432549
SegMaR/S2C,COD10K-CAM-5-Other-69-Other-5036.jpg,0.0017366450047120452
SegMaR/S2C,COD10K-CAM-5-Other-69-Other-5038.jpg,0.09596408903598785
SegMaR/S2C,COD10K-CAM-5-Other-69-Other-5039.jpg,0.04096546024084091
SegMaR/S2C,COD10K-CAM-5-Other-69-Other-5041.jpg,0.06511813402175903
SegMaR/S2C,COD10K-CAM-5-Other-69-Other-5042.jpg,0.024783900007605553
SegMaR/S2C,COD10K-CAM-5-Other-69-Other-5044.jpg,0.0533219613134861
SegMaR/S2C,COD10K-CAM-5-Other-69-Other-5045.jpg,0.09119225293397903
SegMaR/S2C,COD10K-CAM-5-Other-69-Other-5047.jpg,0.041483066976070404
SegMaR/S2C,COD10K-CAM-5-Other-69-Other-5050.jpg,0.009695696644484997
SegMaR/S2C,COD10K-CAM-5-Other-69-Other-5052.jpg,0.015686849132180214
SegMaR/S2C,COD10K-CAM-5-Other-69-Other-5053.jpg,0.013979394920170307
SegMaR/S2C,COD10K-CAM-5-Other-69-Other-5054.jpg,0.018903199583292007
SegMaR/S2C,COD10K-CAM-5-Other-69-Other-5055.jpg,0.01581721194088459
SegMaR/S2C,COD10K-CAM-5-Other-69-Other-5056.jpg,0.030983053147792816
SegMaR/S2C,COD10K-CAM-5-Other-69-Other-5057.jpg,0.019975412636995316
SegMaR/S2C,COD10K-CAM-5-Other-69-Other-5058.jpg,0.06692297756671906
SegMaR/S2C,COD10K-CAM-5-Other-69-Other-5061.jpg,0.08500932157039642
SegMaR/S2C,COD10K-CAM-5-Other-69-Other-5064.jpg,0.018042398616671562
SegMaR/S2C,COD10K-CAM-5-Other-69-Other-5065.jpg,0.0348660871386528
SegMaR/S2C,COD10K-CAM-5-Other-69-Other-5066.jpg,0.0474177822470665
SegMaR/S2C,camourflage_00001.jpg,0.02095753699541092
SegMaR/S2C,camourflage_00002.jpg,0.07431557774543762
SegMaR/S2C,camourflage_00003.jpg,0.019566062837839127
SegMaR/S2C,camourflage_00004.jpg,0.03238951414823532
SegMaR/S2C,camourflage_00005.jpg,0.01943470910191536
SegMaR/S2C,camourflage_00006.jpg,0.031477078795433044
SegMaR/S2C,camourflage_00007.jpg,0.01927124708890915
SegMaR/S2C,camourflage_00008.jpg,0.01986943744122982
SegMaR/S2C,camourflage_00009.jpg,0.028618890792131424
SegMaR/S2C,camourflage_00010.jpg,0.025965949520468712
SegMaR/S2C,camourflage_00011.jpg,0.0797896534204483
SegMaR/S2C,camourflage_00013.jpg,0.012539461255073547
SegMaR/S2C,camourflage_00014.jpg,0.027480248361825943
SegMaR/S2C,camourflage_00015.jpg,0.03335420787334442
SegMaR/S2C,camourflage_00016.jpg,0.014985701069235802
SegMaR/S2C,camourflage_00017.jpg,0.02423853985965252
SegMaR/S2C,camourflage_00019.jpg,0.027499666437506676
SegMaR/S2C,camourflage_00020.jpg,0.07068613171577454
SegMaR/S2C,camourflage_00021.jpg,0.03560416400432587
SegMaR/S2C,camourflage_00022.jpg,0.03940673545002937
SegMaR/S2C,camourflage_00023.jpg,0.1693643480539322
SegMaR/S2C,camourflage_00024.jpg,0.014762714505195618
SegMaR/S2C,camourflage_00025.jpg,0.06771156191825867
SegMaR/S2C,camourflage_00026.jpg,0.08446846157312393
SegMaR/S2C,camourflage_00027.jpg,0.04234384000301361
SegMaR/S2C,camourflage_00028.jpg,0.00880806241184473
SegMaR/S2C,camourflage_00029.jpg,0.015438814647495747
SegMaR/S2C,camourflage_00030.jpg,0.018887754529714584
SegMaR/S2C,camourflage_00031.jpg,0.033971723169088364
SegMaR/S2C,camourflage_00032.jpg,0.009790300391614437
SegMaR/S2C,camourflage_00033.jpg,0.044805049896240234
SegMaR/S2C,camourflage_00034.jpg,0.09038037806749344
SegMaR/S2C,camourflage_00035.jpg,0.009181245230138302
SegMaR/S2C,camourflage_00036.jpg,0.08926171064376831
SegMaR/S2C,camourflage_00037.jpg,0.05799717456102371
SegMaR/S2C,camourflage_00038.jpg,0.05105685442686081
SegMaR/S2C,camourflage_00039.jpg,0.023722387850284576
SegMaR/S2C,camourflage_00040.jpg,0.02302028052508831
SegMaR/S2C,camourflage_00041.jpg,0.026440948247909546
SegMaR/S2C,camourflage_00042.jpg,0.03407887741923332
SegMaR/S2C,camourflage_00043.jpg,0.06292857229709625
SegMaR/S2C,camourflage_00044.jpg,0.05380544811487198
SegMaR/S2C,camourflage_00045.jpg,0.02327423170208931
SegMaR/S2C,camourflage_00046.jpg,0.010375197045505047
SegMaR/S2C,camourflage_00047.jpg,0.004841537214815617
SegMaR/S2C,camourflage_00048.jpg,0.029612235724925995
SegMaR/S2C,camourflage_00049.jpg,0.03977242484688759
SegMaR/S2C,camourflage_00050.jpg,0.28128647804260254
SegMaR/S2C,camourflage_00051.jpg,0.0484430156648159
SegMaR/S2C,camourflage_00052.jpg,0.04708154499530792
SegMaR/S2C,camourflage_00053.jpg,0.04290906712412834
SegMaR/S2C,camourflage_00054.jpg,0.03623310476541519
SegMaR/S2C,camourflage_00055.jpg,0.030179202556610107
SegMaR/S2C,camourflage_00056.jpg,0.030942970886826515
SegMaR/S2C,camourflage_00057.jpg,0.03212651610374451
SegMaR/S2C,camourflage_00058.jpg,0.07250835001468658
SegMaR/S2C,camourflage_00059.jpg,0.11310921609401703
SegMaR/S2C,camourflage_00060.jpg,0.045399442315101624
SegMaR/S2C,camourflage_00062.jpg,0.03019659034907818
SegMaR/S2C,camourflage_00063.jpg,0.06459148228168488
SegMaR/S2C,camourflage_00065.jpg,0.06456080079078674
SegMaR/S2C,camourflage_00066.jpg,0.010649167001247406
SegMaR/S2C,camourflage_00067.jpg,0.08214765787124634
SegMaR/S2C,camourflage_00068.jpg,0.046033382415771484
SegMaR/S2C,camourflage_00069.jpg,0.17238345742225647
SegMaR/S2C,camourflage_00070.jpg,0.0799817144870758
SegMaR/S2C,camourflage_00072.jpg,0.014523867517709732
SegMaR/S2C,camourflage_00073.jpg,0.023270919919013977
SegMaR/S2C,camourflage_00074.jpg,0.03358278423547745
SegMaR/S2C,camourflage_00075.jpg,0.02135223150253296
SegMaR/S2C,camourflage_00076.jpg,0.021513205021619797
SegMaR/S2C,camourflage_00077.jpg,0.020734133198857307
SegMaR/S2C,camourflage_00078.jpg,0.11198298633098602
SegMaR/S2C,camourflage_00080.jpg,0.07332295179367065
SegMaR/S2C,camourflage_00081.jpg,0.053844936192035675
SegMaR/S2C,camourflage_00082.jpg,0.029131796211004257
SegMaR/S2C,camourflage_00083.jpg,0.1152307465672493
SegMaR/S2C,camourflage_00084.jpg,0.02866312861442566
SegMaR/S2C,camourflage_00085.jpg,0.021577026695013046
SegMaR/S2C,camourflage_00086.jpg,0.02790173701941967
SegMaR/S2C,camourflage_00089.jpg,0.08062087744474411
SegMaR/S2C,camourflage_00091.jpg,0.0369848906993866
SegMaR/S2C,camourflage_00092.jpg,0.007490783464163542
SegMaR/S2C,camourflage_00093.jpg,0.03195410966873169
SegMaR/S2C,camourflage_00094.jpg,0.04556962475180626
SegMaR/S2C,camourflage_00095.jpg,0.016940167173743248
SegMaR/S2C,camourflage_00096.jpg,0.09642592072486877
SegMaR/S2C,camourflage_00099.jpg,0.026012733578681946
SegMaR/S2C,camourflage_00101.jpg,0.0652536153793335
SegMaR/S2C,camourflage_00103.jpg,0.021531883627176285
SegMaR/S2C,camourflage_00104.jpg,0.04066549241542816
SegMaR/S2C,camourflage_00105.jpg,0.09506727755069733
SegMaR/S2C,camourflage_00106.jpg,0.013240376487374306
SegMaR/S2C,camourflage_00107.jpg,0.028139501810073853
SegMaR/S2C,camourflage_00108.jpg,0.06008339673280716
SegMaR/S2C,camourflage_00109.jpg,0.02548861689865589
SegMaR/S2C,camourflage_00110.jpg,0.08265914767980576
SegMaR/S2C,camourflage_00111.jpg,0.034144673496484756
SegMaR/S2C,camourflage_00113.jpg,0.020173657685518265
SegMaR/S2C,camourflage_00115.jpg,0.03789582848548889
SegMaR/S2C,camourflage_00116.jpg,0.08250127732753754
SegMaR/S2C,camourflage_00117.jpg,0.0839628204703331
SegMaR/S2C,camourflage_00118.jpg,0.11603405326604843
SegMaR/S2C,camourflage_00119.jpg,0.06722056120634079
SegMaR/S2C,camourflage_00121.jpg,0.027408337220549583
SegMaR/S2C,camourflage_00123.jpg,0.06435531377792358
SegMaR/S2C,camourflage_00125.jpg,0.04986583814024925
SegMaR/S2C,camourflage_00126.jpg,0.2103487253189087
SegMaR/S2C,camourflage_00127.jpg,0.0541752353310585
SegMaR/S2C,camourflage_00128.jpg,0.044962793588638306
SegMaR/S2C,camourflage_00130.jpg,0.092955082654953
SegMaR/S2C,camourflage_00131.jpg,0.019165711477398872
SegMaR/S2C,camourflage_00132.jpg,0.10469973087310791
SegMaR/S2C,camourflage_00133.jpg,0.038464345037937164
SegMaR/S2C,camourflage_00134.jpg,0.01670129969716072
SegMaR/S2C,camourflage_00136.jpg,0.03425471484661102
SegMaR/S2C,camourflage_00137.jpg,0.01325447391718626
SegMaR/S2C,camourflage_00139.jpg,0.060870908200740814
SegMaR/S2C,camourflage_00140.jpg,0.08260199427604675
SegMaR/S2C,camourflage_00142.jpg,0.029706869274377823
SegMaR/S2C,camourflage_00143.jpg,0.04044867306947708
SegMaR/S2C,camourflage_00144.jpg,0.08090095221996307
SegMaR/S2C,camourflage_00146.jpg,0.12519124150276184
SegMaR/S2C,camourflage_00148.jpg,0.1023441031575203
SegMaR/S2C,camourflage_00149.jpg,0.08698742091655731
SegMaR/S2C,camourflage_00150.jpg,0.03841155022382736
SegMaR/S2C,camourflage_00151.jpg,0.07732196897268295
SegMaR/S2C,camourflage_00152.jpg,0.02024460956454277
SegMaR/S2C,camourflage_00154.jpg,0.07232387363910675
SegMaR/S2C,camourflage_00155.jpg,0.011630241759121418
SegMaR/S2C,camourflage_00157.jpg,0.030545178800821304
SegMaR/S2C,camourflage_00158.jpg,0.0516495555639267
SegMaR/S2C,camourflage_00159.jpg,0.03450475633144379
SegMaR/S2C,camourflage_00161.jpg,0.040723785758018494
SegMaR/S2C,camourflage_00162.jpg,0.00946279801428318
SegMaR/S2C,camourflage_00163.jpg,0.01595263183116913
SegMaR/S2C,camourflage_00164.jpg,0.017047187313437462
SegMaR/S2C,camourflage_00165.jpg,0.011019288562238216
SegMaR/S2C,camourflage_00167.jpg,0.0194587092846632
SegMaR/S2C,camourflage_00168.jpg,0.02176845446228981
SegMaR/S2C,camourflage_00170.jpg,0.04293876141309738
SegMaR/S2C,camourflage_00172.jpg,0.13990142941474915
SegMaR/S2C,camourflage_00173.jpg,0.02428046427667141
SegMaR/S2C,camourflage_00174.jpg,0.07838959246873856
SegMaR/S2C,camourflage_00176.jpg,0.06011064350605011
SegMaR/S2C,camourflage_00177.jpg,0.040750209242105484
SegMaR/S2C,camourflage_00178.jpg,0.05171006917953491
SegMaR/S2C,camourflage_00179.jpg,0.09014277160167694
SegMaR/S2C,camourflage_00180.jpg,0.0802244246006012
SegMaR/S2C,camourflage_00181.jpg,0.06972123682498932
SegMaR/S2C,camourflage_00182.jpg,0.024309314787387848
SegMaR/S2C,camourflage_00184.jpg,0.04214843735098839
SegMaR/S2C,camourflage_00185.jpg,0.03670775145292282
SegMaR/S2C,camourflage_00186.jpg,0.02503315731883049
SegMaR/S2C,camourflage_00187.jpg,0.03394711762666702
SegMaR/S2C,camourflage_00188.jpg,0.023844372481107712
SegMaR/S2C,camourflage_00189.jpg,0.03303533047437668
SegMaR/S2C,camourflage_00190.jpg,0.05257680267095566
SegMaR/S2C,camourflage_00191.jpg,0.051831282675266266
SegMaR/S2C,camourflage_00192.jpg,0.08225562423467636
SegMaR/S2C,camourflage_00193.jpg,0.03129834681749344
SegMaR/S2C,camourflage_00194.jpg,0.010118561796844006
SegMaR/S2C,camourflage_00195.jpg,0.019208284094929695
SegMaR/S2C,camourflage_00198.jpg,0.03716600313782692
SegMaR/S2C,camourflage_00199.jpg,0.032932158559560776
SegMaR/S2C,camourflage_00200.jpg,0.059314094483852386
SegMaR/S2C,camourflage_00201.jpg,0.03650929778814316
SegMaR/S2C,camourflage_00202.jpg,0.06101887673139572
SegMaR/S2C,camourflage_00203.jpg,0.05692366510629654
SegMaR/S2C,camourflage_00204.jpg,0.03356907516717911
SegMaR/S2C,camourflage_00206.jpg,0.06275922060012817
SegMaR/S2C,camourflage_00210.jpg,0.012771002016961575
SegMaR/S2C,camourflage_00211.jpg,0.045973628759384155
SegMaR/S2C,camourflage_00212.jpg,0.025653861463069916
SegMaR/S2C,camourflage_00213.jpg,0.026876073330640793
SegMaR/S2C,camourflage_00214.jpg,0.020621202886104584
SegMaR/S2C,camourflage_00215.jpg,0.03697781264781952
SegMaR/S2C,camourflage_00216.jpg,0.012046446092426777
SegMaR/S2C,camourflage_00217.jpg,0.0930427834391594
SegMaR/S2C,camourflage_00218.jpg,0.03570606932044029
SegMaR/S2C,camourflage_00219.jpg,0.0060627032071352005
SegMaR/S2C,camourflage_00220.jpg,0.03560265898704529
SegMaR/S2C,camourflage_00221.jpg,0.026877136901021004
SegMaR/S2C,camourflage_00222.jpg,0.03877642750740051
SegMaR/S2C,camourflage_00223.jpg,0.008931576274335384
SegMaR/S2C,camourflage_00225.jpg,0.017072711139917374
SegMaR/S2C,camourflage_00226.jpg,0.019430086016654968
SegMaR/S2C,camourflage_00227.jpg,0.09585864841938019
SegMaR/S2C,camourflage_00228.jpg,0.06724563986063004
SegMaR/S2C,camourflage_00229.jpg,0.014964643865823746
SegMaR/S2C,camourflage_00230.jpg,0.012261729687452316
SegMaR/S2C,camourflage_00231.jpg,0.01712098903954029
SegMaR/S2C,camourflage_00233.jpg,0.06066017597913742
SegMaR/S2C,camourflage_00234.jpg,0.020082060247659683
SegMaR/S2C,camourflage_00236.jpg,0.0242140032351017
SegMaR/S2C,camourflage_00237.jpg,0.02389429323375225
SegMaR/S2C,camourflage_00238.jpg,0.057508088648319244
SegMaR/S2C,camourflage_00239.jpg,0.025316577404737473
SegMaR/S2C,camourflage_00240.jpg,0.017764156684279442
SegMaR/S2C,camourflage_00241.jpg,0.042230114340782166
SegMaR/S2C,camourflage_00242.jpg,0.03935271501541138
SegMaR/S2C,camourflage_00243.jpg,0.1397651731967926
SegMaR/S2C,camourflage_00244.jpg,0.0552450492978096
SegMaR/S2C,camourflage_00245.jpg,0.01884782314300537
SegMaR/S2C,camourflage_00246.jpg,0.19617319107055664
SegMaR/S2C,camourflage_00247.jpg,0.022926826030015945
SegMaR/S2C,camourflage_00248.jpg,0.08593730628490448
SegMaR/S2C,camourflage_00249.jpg,0.024401932954788208
SegMaR/S2C,camourflage_00250.jpg,0.021297238767147064
SegMaR/S2C,camourflage_00251.jpg,0.031945522874593735
SegMaR/S2C,camourflage_00252.jpg,0.15629737079143524
SegMaR/S2C,camourflage_00253.jpg,0.033691320568323135
SegMaR/S2C,camourflage_00254.jpg,0.025176266208291054
SegMaR/S2C,camourflage_00255.jpg,0.07138638943433762
SegMaR/S2C,camourflage_00256.jpg,0.0402546264231205
SegMaR/S2C,camourflage_00258.jpg,0.021119797602295876
SegMaR/S2C,camourflage_00260.jpg,0.14741253852844238
SegMaR/S2C,camourflage_00261.jpg,0.035689156502485275
SegMaR/S2C,camourflage_00262.jpg,0.009382970631122589
SegMaR/S2C,camourflage_00263.jpg,0.02387053892016411
SegMaR/S2C,camourflage_00264.jpg,0.029496362432837486
SegMaR/S2C,camourflage_00265.jpg,0.03447343036532402
SegMaR/S2C,camourflage_00267.jpg,0.07569281756877899
SegMaR/S2C,camourflage_00268.jpg,0.057313188910484314
SegMaR/S2C,camourflage_00271.jpg,0.015162212774157524
SegMaR/S2C,camourflage_00272.jpg,0.014586696401238441
SegMaR/S2C,camourflage_00274.jpg,0.05501759797334671
SegMaR/S2C,camourflage_00276.jpg,0.041946426033973694
SegMaR/S2C,camourflage_00277.jpg,0.02088983729481697
SegMaR/S2C,camourflage_00278.jpg,0.05326251685619354
SegMaR/S2C,camourflage_00279.jpg,0.049018628895282745
SegMaR/S2C,camourflage_00280.jpg,0.2243240773677826
SegMaR/S2C,camourflage_00281.jpg,0.04424170404672623
SegMaR/S2C,camourflage_00282.jpg,0.022312728688120842
SegMaR/S2C,camourflage_00283.jpg,0.0375552661716938
SegMaR/S2C,camourflage_00284.jpg,0.025505132973194122
SegMaR/S2C,camourflage_00286.jpg,0.010286308825016022
SegMaR/S2C,camourflage_00287.jpg,0.02403743378818035
SegMaR/S2C,camourflage_00288.jpg,0.021140815690159798
SegMaR/S2C,camourflage_00289.jpg,0.009241241961717606
SegMaR/S2C,camourflage_00290.jpg,0.060324061661958694
SegMaR/S2C,camourflage_00291.jpg,0.31684058904647827
SegMaR/S2C,camourflage_00292.jpg,0.03743956983089447
SegMaR/S2C,camourflage_00293.jpg,0.034717023372650146
SegMaR/S2C,camourflage_00294.jpg,0.02676033228635788
SegMaR/S2C,camourflage_00295.jpg,0.07749059796333313
SegMaR/S2C,camourflage_00296.jpg,0.03377269208431244
SegMaR/S2C,camourflage_00297.jpg,0.030315646901726723
SegMaR/S2C,camourflage_00298.jpg,0.027799390256404877
SegMaR/S2C,camourflage_00299.jpg,0.037823423743247986
SegMaR/S2C,camourflage_00300.jpg,0.05570980906486511
SegMaR/S2C,camourflage_00301.jpg,0.023192591965198517
SegMaR/S2C,camourflage_00302.jpg,0.06665444374084473
SegMaR/S2C,camourflage_00303.jpg,0.10783502459526062
SegMaR/S2C,camourflage_00304.jpg,0.014185023494064808
SegMaR/S2C,camourflage_00305.jpg,0.022915951907634735
SegMaR/S2C,camourflage_00306.jpg,0.02385603077709675
SegMaR/S2C,camourflage_00307.jpg,0.0859123170375824
SegMaR/S2C,camourflage_00308.jpg,0.07699115574359894
SegMaR/S2C,camourflage_00309.jpg,0.013821808621287346
SegMaR/S2C,camourflage_00311.jpg,0.04737166315317154
SegMaR/S2C,camourflage_00312.jpg,0.021995190531015396
SegMaR/S2C,camourflage_00313.jpg,0.027299311012029648
SegMaR/S2C,camourflage_00314.jpg,0.021739168092608452
SegMaR/S2C,camourflage_00315.jpg,0.059505484998226166
SegMaR/S2C,camourflage_00316.jpg,0.11499416828155518
SegMaR/S2C,camourflage_00317.jpg,0.025338396430015564
SegMaR/S2C,camourflage_00318.jpg,0.016598008573055267
SegMaR/S2C,camourflage_00319.jpg,0.02541264332830906
SegMaR/S2C,camourflage_00320.jpg,0.013829580508172512
SegMaR/S2C,camourflage_00321.jpg,0.028835782781243324
SegMaR/S2C,camourflage_00322.jpg,0.035245999693870544
SegMaR/S2C,camourflage_00323.jpg,0.13995042443275452
SegMaR/S2C,camourflage_00324.jpg,0.013230063021183014
SegMaR/S2C,camourflage_00325.jpg,0.10641265660524368
SegMaR/S2C,camourflage_00326.jpg,0.011020690202713013
SegMaR/S2C,camourflage_00327.jpg,0.021490810438990593
SegMaR/S2C,camourflage_00328.jpg,0.013499671593308449
SegMaR/S2C,camourflage_00329.jpg,0.07708841562271118
SegMaR/S2C,camourflage_00330.jpg,0.0845232680439949
SegMaR/S2C,camourflage_00331.jpg,0.04618136212229729
SegMaR/S2C,camourflage_00334.jpg,0.054009415209293365
SegMaR/S2C,camourflage_00335.jpg,0.061922747641801834
SegMaR/S2C,camourflage_00336.jpg,0.056523293256759644
SegMaR/S2C,camourflage_00338.jpg,0.20479103922843933
SegMaR/S2C,camourflage_00339.jpg,0.05091222748160362
SegMaR/S2C,camourflage_00340.jpg,0.013128272257745266
SegMaR/S2C,camourflage_00341.jpg,0.018602589145302773
SegMaR/S2C,camourflage_00342.jpg,0.032616280019283295
SegMaR/S2C,camourflage_00343.jpg,0.02254953421652317
SegMaR/S2C,camourflage_00344.jpg,0.07900797575712204
SegMaR/S2C,camourflage_00345.jpg,0.0543493814766407
SegMaR/S2C,camourflage_00346.jpg,0.04925959184765816
SegMaR/S2C,camourflage_00347.jpg,0.03221984952688217
SegMaR/S2C,camourflage_00349.jpg,0.030646536499261856
SegMaR/S2C,camourflage_00350.jpg,0.015320263803005219
SegMaR/S2C,camourflage_00352.jpg,0.02612733095884323
SegMaR/S2C,camourflage_00353.jpg,0.08127571642398834
SegMaR/S2C,camourflage_00354.jpg,0.04790174961090088
SegMaR/S2C,camourflage_00355.jpg,0.010764525271952152
SegMaR/S2C,camourflage_00356.jpg,0.05188824236392975
SegMaR/S2C,camourflage_00357.jpg,0.014796930365264416
SegMaR/S2C,camourflage_00358.jpg,0.02787809818983078
SegMaR/S2C,camourflage_00359.jpg,0.06294277310371399
SegMaR/S2C,camourflage_00360.jpg,0.03000958450138569
SegMaR/S2C,camourflage_00362.jpg,0.0161075908690691
SegMaR/S2C,camourflage_00363.jpg,0.04028961807489395
SegMaR/S2C,camourflage_00366.jpg,0.14750134944915771
SegMaR/S2C,camourflage_00367.jpg,0.09166903793811798
SegMaR/S2C,camourflage_00368.jpg,0.017214758321642876
SegMaR/S2C,camourflage_00369.jpg,0.019431045278906822
SegMaR/S2C,camourflage_00370.jpg,0.04550306499004364
SegMaR/S2C,camourflage_00371.jpg,0.02281690575182438
SegMaR/S2C,camourflage_00372.jpg,0.022205078974366188
SegMaR/S2C,camourflage_00373.jpg,0.0496438667178154
SegMaR/S2C,camourflage_00374.jpg,0.024414997547864914
SegMaR/S2C,camourflage_00375.jpg,0.01776028424501419
SegMaR/S2C,camourflage_00376.jpg,0.037566281855106354
SegMaR/S2C,camourflage_00377.jpg,0.011710843071341515
SegMaR/S2C,camourflage_00378.jpg,0.06841625273227692
SegMaR/S2C,camourflage_00379.jpg,0.029531177133321762
SegMaR/S2C,camourflage_00380.jpg,0.0577763207256794
SegMaR/S2C,camourflage_00382.jpg,0.01825367659330368
SegMaR/S2C,camourflage_00383.jpg,0.029514767229557037
SegMaR/S2C,camourflage_00384.jpg,0.027262229472398758
SegMaR/S2C,camourflage_00385.jpg,0.01770799607038498
SegMaR/S2C,camourflage_00386.jpg,0.018155869096517563
SegMaR/S2C,camourflage_00387.jpg,0.05080268904566765
SegMaR/S2C,camourflage_00388.jpg,0.1551339477300644
SegMaR/S2C,camourflage_00389.jpg,0.0432119183242321
SegMaR/S2C,camourflage_00390.jpg,0.01602913811802864
SegMaR/S2C,camourflage_00391.jpg,0.0611797571182251
SegMaR/S2C,camourflage_00392.jpg,0.03428817540407181
SegMaR/S2C,camourflage_00393.jpg,0.027841180562973022
SegMaR/S2C,camourflage_00394.jpg,0.04154352843761444
SegMaR/S2C,camourflage_00395.jpg,0.031106598675251007
SegMaR/S2C,camourflage_00396.jpg,0.03317306935787201
SegMaR/S2C,camourflage_00397.jpg,0.054939404129981995
SegMaR/S2C,camourflage_00399.jpg,0.08528991043567657
SegMaR/S2C,camourflage_00400.jpg,0.042210087180137634
SegMaR/S2C,camourflage_00401.jpg,0.04000597819685936
SegMaR/S2C,camourflage_00402.jpg,0.03738521784543991
SegMaR/S2C,camourflage_00403.jpg,0.11269775032997131
SegMaR/S2C,camourflage_00404.jpg,0.02953440509736538
SegMaR/S2C,camourflage_00405.jpg,0.030505843460559845
SegMaR/S2C,camourflage_00407.jpg,0.021340925246477127
SegMaR/S2C,camourflage_00409.jpg,0.024615490809082985
SegMaR/S2C,camourflage_00410.jpg,0.04416458308696747
SegMaR/S2C,camourflage_00411.jpg,0.13082359731197357
SegMaR/S2C,camourflage_00412.jpg,0.027946436777710915
SegMaR/S2C,camourflage_00413.jpg,0.029453665018081665
SegMaR/S2C,camourflage_00414.jpg,0.01945839449763298
SegMaR/S2C,camourflage_00415.jpg,0.051709987223148346
SegMaR/S2C,camourflage_00416.jpg,0.010422986932098866
SegMaR/S2C,camourflage_00417.jpg,0.056740902364254
SegMaR/S2C,camourflage_00418.jpg,0.10191966593265533
SegMaR/S2C,camourflage_00419.jpg,0.030904926359653473
SegMaR/S2C,camourflage_00423.jpg,0.032619208097457886
SegMaR/S2C,camourflage_00424.jpg,0.1955791711807251
SegMaR/S2C,camourflage_00425.jpg,0.021727068349719048
SegMaR/S2C,camourflage_00426.jpg,0.05197708681225777
SegMaR/S2C,camourflage_00427.jpg,0.10061468929052353
SegMaR/S2C,camourflage_00428.jpg,0.04188767820596695
SegMaR/S2C,camourflage_00429.jpg,0.013746400363743305
SegMaR/S2C,camourflage_00431.jpg,0.026921119540929794
SegMaR/S2C,camourflage_00432.jpg,0.005453956313431263
SegMaR/S2C,camourflage_00433.jpg,0.04173499718308449
SegMaR/S2C,camourflage_00434.jpg,0.040321722626686096
SegMaR/S2C,camourflage_00437.jpg,0.010130862705409527
SegMaR/S2C,camourflage_00438.jpg,0.052296098321676254
SegMaR/S2C,camourflage_00439.jpg,0.061335161328315735
SegMaR/S2C,camourflage_00440.jpg,0.007356076501309872
SegMaR/S2C,camourflage_00441.jpg,0.036049921065568924
SegMaR/S2C,camourflage_00442.jpg,0.02826433815062046
SegMaR/S2C,camourflage_00445.jpg,0.05672343820333481
SegMaR/S2C,camourflage_00446.jpg,0.03142175078392029
SegMaR/S2C,camourflage_00447.jpg,0.03417061269283295
SegMaR/S2C,camourflage_00448.jpg,0.030558239668607712
SegMaR/S2C,camourflage_00450.jpg,0.026944484561681747
SegMaR/S2C,camourflage_00451.jpg,0.01592172496020794
SegMaR/S2C,camourflage_00452.jpg,0.02774568274617195
SegMaR/S2C,camourflage_00453.jpg,0.059400007128715515
SegMaR/S2C,camourflage_00454.jpg,0.026174161583185196
SegMaR/S2C,camourflage_00455.jpg,0.013705059885978699
SegMaR/S2C,camourflage_00456.jpg,0.0448778010904789
SegMaR/S2C,camourflage_00457.jpg,0.019464779645204544
SegMaR/S2C,camourflage_00458.jpg,0.08653944730758667
SegMaR/S2C,camourflage_00459.jpg,0.02446761354804039
SegMaR/S2C,camourflage_00460.jpg,0.031047293916344643
SegMaR/S2C,camourflage_00461.jpg,0.02123992331326008
SegMaR/S2C,camourflage_00462.jpg,0.04571516811847687
SegMaR/S2C,camourflage_00464.jpg,0.03223862498998642
SegMaR/S2C,camourflage_00465.jpg,0.09637580811977386
SegMaR/S2C,camourflage_00466.jpg,0.10794737935066223
SegMaR/S2C,camourflage_00467.jpg,0.07055209577083588
SegMaR/S2C,camourflage_00468.jpg,0.0413566455245018
SegMaR/S2C,camourflage_00469.jpg,0.08824269473552704
SegMaR/S2C,camourflage_00472.jpg,0.0252236258238554
SegMaR/S2C,camourflage_00474.jpg,0.030017685145139694
SegMaR/S2C,camourflage_00475.jpg,0.03949497640132904
SegMaR/S2C,camourflage_00476.jpg,0.04561692476272583
SegMaR/S2C,camourflage_00477.jpg,0.02343212254345417
SegMaR/S2C,camourflage_00479.jpg,0.013992318883538246
SegMaR/S2C,camourflage_00480.jpg,0.00894920527935028
SegMaR/S2C,camourflage_00481.jpg,0.03769068047404289
SegMaR/S2C,camourflage_00482.jpg,0.004360682796686888
SegMaR/S2C,camourflage_00483.jpg,0.014157945290207863
SegMaR/S2C,camourflage_00484.jpg,0.02509971708059311
SegMaR/S2C,camourflage_00485.jpg,0.023909123614430428
SegMaR/S2C,camourflage_00486.jpg,0.013537068851292133
SegMaR/S2C,camourflage_00487.jpg,0.10223161429166794
SegMaR/S2C,camourflage_00488.jpg,0.022969216108322144
SegMaR/S2C,camourflage_00489.jpg,0.055645737797021866
SegMaR/S2C,camourflage_00490.jpg,0.01839236170053482
SegMaR/S2C,camourflage_00491.jpg,0.2279599905014038
SegMaR/S2C,camourflage_00492.jpg,0.016672814264893532
SegMaR/S2C,camourflage_00493.jpg,0.04804593697190285
SegMaR/S2C,camourflage_00494.jpg,0.0354078970849514
SegMaR/S2C,camourflage_00495.jpg,0.015460728667676449
SegMaR/S2C,camourflage_00497.jpg,0.010142113082110882
SegMaR/S2C,camourflage_00499.jpg,0.02784452773630619
SegMaR/S2C,camourflage_00501.jpg,0.015388598665595055
SegMaR/S2C,camourflage_00503.jpg,0.014846956357359886
SegMaR/S2C,camourflage_00504.jpg,0.034877076745033264
SegMaR/S2C,camourflage_00505.jpg,0.019826456904411316
SegMaR/S2C,camourflage_00506.jpg,0.004271471407264471
SegMaR/S2C,camourflage_00507.jpg,0.02130981720983982
SegMaR/S2C,camourflage_00508.jpg,0.011047270148992538
SegMaR/S2C,camourflage_00509.jpg,0.020794929936528206
SegMaR/S2C,camourflage_00511.jpg,0.04858984798192978
SegMaR/S2C,camourflage_00512.jpg,0.026405498385429382
SegMaR/S2C,camourflage_00513.jpg,0.012182844802737236
SegMaR/S2C,camourflage_00514.jpg,0.023513101041316986
SegMaR/S2C,camourflage_00516.jpg,0.01823142170906067
SegMaR/S2C,camourflage_00517.jpg,0.006926390342414379
SegMaR/S2C,camourflage_00518.jpg,0.07926309108734131
SegMaR/S2C,camourflage_00520.jpg,0.010790208354592323
SegMaR/S2C,camourflage_00521.jpg,0.006929439026862383
SegMaR/S2C,camourflage_00523.jpg,0.029428377747535706
SegMaR/S2C,camourflage_00524.jpg,0.03992612287402153
SegMaR/S2C,camourflage_00525.jpg,0.02495325729250908
SegMaR/S2C,camourflage_00526.jpg,0.040717706084251404
SegMaR/S2C,camourflage_00527.jpg,0.012817423790693283
SegMaR/S2C,camourflage_00529.jpg,0.056101344525814056
SegMaR/S2C,camourflage_00530.jpg,0.05730373412370682
SegMaR/S2C,camourflage_00531.jpg,0.09284462779760361
SegMaR/S2C,camourflage_00532.jpg,0.10528251528739929
SegMaR/S2C,camourflage_00533.jpg,0.037525348365306854
SegMaR/S2C,camourflage_00534.jpg,0.10890593379735947
SegMaR/S2C,camourflage_00535.jpg,0.04450254514813423
SegMaR/S2C,camourflage_00536.jpg,0.013527238741517067
SegMaR/S2C,camourflage_00537.jpg,0.022200047969818115
SegMaR/S2C,camourflage_00538.jpg,0.013145353645086288
SegMaR/S2C,camourflage_00540.jpg,0.014674658887088299
SegMaR/S2C,camourflage_00541.jpg,0.00802686344832182
SegMaR/S2C,camourflage_00542.jpg,0.02838311530649662
SegMaR/S2C,camourflage_00543.jpg,0.04120131954550743
SegMaR/S2C,camourflage_00544.jpg,0.14822028577327728
SegMaR/S2C,camourflage_00545.jpg,0.06967973709106445
SegMaR/S2C,camourflage_00546.jpg,0.030837340280413628
SegMaR/S2C,camourflage_00547.jpg,0.006580567453056574
SegMaR/S2C,camourflage_00548.jpg,0.02747231349349022
SegMaR/S2C,camourflage_00549.jpg,0.042704276740550995
SegMaR/S2C,camourflage_00551.jpg,0.018886715173721313
SegMaR/S2C,camourflage_00552.jpg,0.021826721727848053
SegMaR/S2C,camourflage_00553.jpg,0.06453733146190643
SegMaR/S2C,camourflage_00554.jpg,0.09406834840774536
SegMaR/S2C,camourflage_00555.jpg,0.034841250628232956
SegMaR/S2C,camourflage_00556.jpg,0.07014182955026627
SegMaR/S2C,camourflage_00557.jpg,0.23481085896492004
SegMaR/S2C,camourflage_00558.jpg,0.014682496897876263
SegMaR/S2C,camourflage_00559.jpg,0.12699009478092194
SegMaR/S2C,camourflage_00560.jpg,0.018230583518743515
SegMaR/S2C,camourflage_00561.jpg,0.04398456960916519
SegMaR/S2C,camourflage_00562.jpg,0.03951035439968109
SegMaR/S2C,camourflage_00564.jpg,0.08810465037822723
SegMaR/S2C,camourflage_00565.jpg,0.01333949901163578
SegMaR/S2C,camourflage_00566.jpg,0.1007901206612587
SegMaR/S2C,camourflage_00567.jpg,0.06228470057249069
SegMaR/S2C,camourflage_00568.jpg,0.037612080574035645
SegMaR/S2C,camourflage_00569.jpg,0.022338220849633217
SegMaR/S2C,camourflage_00570.jpg,0.027782924473285675
SegMaR/S2C,camourflage_00571.jpg,0.01974398083984852
SegMaR/S2C,camourflage_00572.jpg,0.010774989612400532
SegMaR/S2C,camourflage_00573.jpg,0.04516955465078354
SegMaR/S2C,camourflage_00574.jpg,0.04968241602182388
SegMaR/S2C,camourflage_00575.jpg,0.02905842661857605
SegMaR/S2C,camourflage_00576.jpg,0.08291485905647278
SegMaR/S2C,camourflage_00577.jpg,0.1824953407049179
SegMaR/S2C,camourflage_00578.jpg,0.058695096522569656
SegMaR/S2C,camourflage_00579.jpg,0.04584204778075218
SegMaR/S2C,camourflage_00580.jpg,0.033428505063056946
SegMaR/S2C,camourflage_00581.jpg,0.05225064605474472
SegMaR/S2C,camourflage_00582.jpg,0.11509475111961365
SegMaR/S2C,camourflage_00583.jpg,0.009004377759993076
SegMaR/S2C,camourflage_00584.jpg,0.02045915275812149
SegMaR/S2C,camourflage_00585.jpg,0.025282002985477448
SegMaR/S2C,camourflage_00586.jpg,0.030666176229715347
SegMaR/S2C,camourflage_00587.jpg,0.04328001290559769
SegMaR/S2C,camourflage_00588.jpg,0.015539285726845264
SegMaR/S2C,camourflage_00589.jpg,0.0389273539185524
SegMaR/S2C,camourflage_00590.jpg,0.019707731902599335
SegMaR/S2C,camourflage_00591.jpg,0.03118797391653061
SegMaR/S2C,camourflage_00592.jpg,0.060585156083106995
SegMaR/S2C,camourflage_00593.jpg,0.022132549434900284
SegMaR/S2C,camourflage_00595.jpg,0.08283492922782898
SegMaR/S2C,camourflage_00596.jpg,0.04530474916100502
SegMaR/S2C,camourflage_00598.jpg,0.006797958631068468
SegMaR/S2C,camourflage_00599.jpg,0.04871249943971634
SegMaR/S2C,camourflage_00601.jpg,0.0346449539065361
SegMaR/S2C,camourflage_00603.jpg,0.1379670947790146
SegMaR/S2C,camourflage_00604.jpg,0.01701503060758114
SegMaR/S2C,camourflage_00605.jpg,0.005989979021251202
SegMaR/S2C,camourflage_00606.jpg,0.017086049541831017
SegMaR/S2C,camourflage_00607.jpg,0.013165249489247799
SegMaR/S2C,camourflage_00608.jpg,0.03554760664701462
SegMaR/S2C,camourflage_00609.jpg,0.06352405995130539
SegMaR/S2C,camourflage_00610.jpg,0.09786371886730194
SegMaR/S2C,camourflage_00611.jpg,0.012158527970314026
SegMaR/S2C,camourflage_00612.jpg,0.025215521454811096
SegMaR/S2C,camourflage_00613.jpg,0.11404480040073395
SegMaR/S2C,camourflage_00614.jpg,0.06995724141597748
SegMaR/S2C,camourflage_00615.jpg,0.07147051393985748
SegMaR/S2C,camourflage_00616.jpg,0.025514774024486542
SegMaR/S2C,camourflage_00617.jpg,0.043069396167993546
SegMaR/S2C,camourflage_00618.jpg,0.04564320296049118
SegMaR/S2C,camourflage_00619.jpg,0.04120459035038948
SegMaR/S2C,camourflage_00620.jpg,0.009092495776712894
SegMaR/S2C,camourflage_00621.jpg,0.08481303602457047
SegMaR/S2C,camourflage_00622.jpg,0.06754133105278015
SegMaR/S2C,camourflage_00624.jpg,0.02154819294810295
SegMaR/S2C,camourflage_00625.jpg,0.013345330953598022
SegMaR/S2C,camourflage_00626.jpg,0.013070338405668736
SegMaR/S2C,camourflage_00627.jpg,0.10998035967350006
SegMaR/S2C,camourflage_00628.jpg,0.026122339069843292
SegMaR/S2C,camourflage_00629.jpg,0.015792254358530045
SegMaR/S2C,camourflage_00630.jpg,0.02529536560177803
SegMaR/S2C,camourflage_00632.jpg,0.10225275903940201
SegMaR/S2C,camourflage_00633.jpg,0.05057394504547119
SegMaR/S2C,camourflage_00634.jpg,0.0763598158955574
SegMaR/S2C,camourflage_00635.jpg,0.07092518359422684
SegMaR/S2C,camourflage_00636.jpg,0.025589674711227417
SegMaR/S2C,camourflage_00637.jpg,0.02559621073305607
SegMaR/S2C,camourflage_00638.jpg,0.034094616770744324
SegMaR/S2C,camourflage_00639.jpg,0.008202491328120232
SegMaR/S2C,camourflage_00640.jpg,0.049947839230298996
SegMaR/S2C,camourflage_00642.jpg,0.01563267409801483
SegMaR/S2C,camourflage_00643.jpg,0.02349385805428028
SegMaR/S2C,camourflage_00644.jpg,0.020150691270828247
SegMaR/S2C,camourflage_00645.jpg,0.02898450940847397
SegMaR/S2C,camourflage_00646.jpg,0.131629079580307
SegMaR/S2C,camourflage_00648.jpg,0.028073910623788834
SegMaR/S2C,camourflage_00649.jpg,0.039220742881298065
SegMaR/S2C,camourflage_00650.jpg,0.03888815641403198
SegMaR/S2C,camourflage_00651.jpg,0.016824251040816307
SegMaR/S2C,camourflage_00652.jpg,0.0232999287545681
SegMaR/S2C,camourflage_00653.jpg,0.04283739998936653
SegMaR/S2C,camourflage_00654.jpg,0.020953159779310226
SegMaR/S2C,camourflage_00655.jpg,0.05741961672902107
SegMaR/S2C,camourflage_00656.jpg,0.3962893784046173
SegMaR/S2C,camourflage_00657.jpg,0.018470415845513344
SegMaR/S2C,camourflage_00658.jpg,0.03164728730916977
SegMaR/S2C,camourflage_00659.jpg,0.028201766312122345
SegMaR/S2C,camourflage_00660.jpg,0.07471658289432526
SegMaR/S2C,camourflage_00661.jpg,0.02401919476687908
SegMaR/S2C,camourflage_00662.jpg,0.06117957830429077
SegMaR/S2C,camourflage_00663.jpg,0.04431184381246567
SegMaR/S2C,camourflage_00664.jpg,0.02802080102264881
SegMaR/S2C,camourflage_00665.jpg,0.04746543616056442
SegMaR/S2C,camourflage_00666.jpg,0.015037315897643566
SegMaR/S2C,camourflage_00667.jpg,0.09384433925151825
SegMaR/S2C,camourflage_00668.jpg,0.01877107471227646
SegMaR/S2C,camourflage_00669.jpg,0.07589158415794373
SegMaR/S2C,camourflage_00670.jpg,0.01619250886142254
SegMaR/S2C,camourflage_00671.jpg,0.038367390632629395
SegMaR/S2C,camourflage_00672.jpg,0.04016836732625961
SegMaR/S2C,camourflage_00673.jpg,0.029797613620758057
SegMaR/S2C,camourflage_00674.jpg,0.04593271762132645
SegMaR/S2C,camourflage_00675.jpg,0.03326203674077988
SegMaR/S2C,camourflage_00676.jpg,0.024584390223026276
SegMaR/S2C,camourflage_00678.jpg,0.016416793689131737
SegMaR/S2C,camourflage_00679.jpg,0.04872839152812958
SegMaR/S2C,camourflage_00680.jpg,0.02004680223762989
SegMaR/S2C,camourflage_00681.jpg,0.06441574543714523
SegMaR/S2C,camourflage_00682.jpg,0.08186058700084686
SegMaR/S2C,camourflage_00683.jpg,0.07997806370258331
SegMaR/S2C,camourflage_00684.jpg,0.11359241604804993
SegMaR/S2C,camourflage_00685.jpg,0.10623595863580704
SegMaR/S2C,camourflage_00686.jpg,0.05894161015748978
SegMaR/S2C,camourflage_00687.jpg,0.09119552373886108
SegMaR/S2C,camourflage_00689.jpg,0.025115955621004105
SegMaR/S2C,camourflage_00690.jpg,0.03019377961754799
SegMaR/S2C,camourflage_00691.jpg,0.03852582350373268
SegMaR/S2C,camourflage_00692.jpg,0.04377647861838341
SegMaR/S2C,camourflage_00693.jpg,0.0430665984749794
SegMaR/S2C,camourflage_00695.jpg,0.027345426380634308
SegMaR/S2C,camourflage_00696.jpg,0.01885230466723442
SegMaR/S2C,camourflage_00697.jpg,0.08490665256977081
SegMaR/S2C,camourflage_00698.jpg,0.05935722589492798
SegMaR/S2C,camourflage_00700.jpg,0.060824811458587646
SegMaR/S2C,camourflage_00701.jpg,0.030517667531967163
SegMaR/S2C,camourflage_00702.jpg,0.029730895534157753
SegMaR/S2C,camourflage_00703.jpg,0.04186849296092987
SegMaR/S2C,camourflage_00704.jpg,0.022233828902244568
SegMaR/S2C,camourflage_00705.jpg,0.04745778441429138
SegMaR/S2C,camourflage_00707.jpg,0.047044090926647186
SegMaR/S2C,camourflage_00708.jpg,0.038311026990413666
SegMaR/S2C,camourflage_00709.jpg,0.05375178903341293
SegMaR/S2C,camourflage_00710.jpg,0.03809237480163574
SegMaR/S2C,camourflage_00711.jpg,0.020084021613001823
SegMaR/S2C,camourflage_00712.jpg,0.01534714363515377
SegMaR/S2C,camourflage_00714.jpg,0.056706298142671585
SegMaR/S2C,camourflage_00715.jpg,0.021188650280237198
SegMaR/S2C,camourflage_00716.jpg,0.04621604084968567
SegMaR/S2C,camourflage_00717.jpg,0.03219853341579437
SegMaR/S2C,camourflage_00718.jpg,0.022395312786102295
SegMaR/S2C,camourflage_00719.jpg,0.04242252930998802
SegMaR/S2C,camourflage_00720.jpg,0.048215318471193314
SegMaR/S2C,camourflage_00721.jpg,0.024591665714979172
SegMaR/S2C,camourflage_00722.jpg,0.029539436101913452
SegMaR/S2C,camourflage_00724.jpg,0.02638755924999714
SegMaR/S2C,camourflage_00725.jpg,0.04240340739488602
SegMaR/S2C,camourflage_00726.jpg,0.05347060412168503
SegMaR/S2C,camourflage_00727.jpg,0.015575766563415527
SegMaR/S2C,camourflage_00728.jpg,0.052693046629428864
SegMaR/S2C,camourflage_00729.jpg,0.016484996303915977
SegMaR/S2C,camourflage_00730.jpg,0.018577739596366882
SegMaR/S2C,camourflage_00731.jpg,0.057574592530727386
SegMaR/S2C,camourflage_00732.jpg,0.022175639867782593
SegMaR/S2C,camourflage_00733.jpg,0.03201596438884735
SegMaR/S2C,camourflage_00734.jpg,0.03302067518234253
SegMaR/S2C,camourflage_00735.jpg,0.022474156692624092
SegMaR/S2C,camourflage_00736.jpg,0.23330456018447876
SegMaR/S2C,camourflage_00737.jpg,0.039223261177539825
SegMaR/S2C,camourflage_00738.jpg,0.09612035751342773
SegMaR/S2C,camourflage_00739.jpg,0.04068407043814659
SegMaR/S2C,camourflage_00740.jpg,0.08747734874486923
SegMaR/S2C,camourflage_00741.jpg,0.05000460147857666
SegMaR/S2C,camourflage_00742.jpg,0.06597769260406494
SegMaR/S2C,camourflage_00743.jpg,0.025498805567622185
SegMaR/S2C,camourflage_00744.jpg,0.05109859257936478
SegMaR/S2C,camourflage_00745.jpg,0.014216700568795204
SegMaR/S2C,camourflage_00746.jpg,0.03409934416413307
SegMaR/S2C,camourflage_00747.jpg,0.05355234816670418
SegMaR/S2C,camourflage_00748.jpg,0.02452530339360237
SegMaR/S2C,camourflage_00749.jpg,0.04566806182265282
SegMaR/S2C,camourflage_00751.jpg,0.08697059005498886
SegMaR/S2C,camourflage_00752.jpg,0.0697905570268631
SegMaR/S2C,camourflage_00753.jpg,0.04093800485134125
SegMaR/S2C,camourflage_00754.jpg,0.034652914851903915
SegMaR/S2C,camourflage_00755.jpg,0.06608479470014572
SegMaR/S2C,camourflage_00756.jpg,0.02996833063662052
SegMaR/S2C,camourflage_00757.jpg,0.013676265254616737
SegMaR/S2C,camourflage_00759.jpg,0.017788946628570557
SegMaR/S2C,camourflage_00760.jpg,0.10719719529151917
SegMaR/S2C,camourflage_00761.jpg,0.021902335807681084
SegMaR/S2C,camourflage_00762.jpg,0.022438783198595047
SegMaR/S2C,camourflage_00763.jpg,0.0677376240491867
SegMaR/S2C,camourflage_00764.jpg,0.021730508655309677
SegMaR/S2C,camourflage_00765.jpg,0.03146221488714218
SegMaR/S2C,camourflage_00766.jpg,0.0566026046872139
SegMaR/S2C,camourflage_00767.jpg,0.04190528392791748
SegMaR/S2C,camourflage_00769.jpg,0.02276211977005005
SegMaR/S2C,camourflage_00770.jpg,0.024353813380002975
SegMaR/S2C,camourflage_00771.jpg,0.040189195424318314
SegMaR/S2C,camourflage_00772.jpg,0.06391286104917526
SegMaR/S2C,camourflage_00773.jpg,0.018228821456432343
SegMaR/S2C,camourflage_00774.jpg,0.08492560684680939
SegMaR/S2C,camourflage_00775.jpg,0.09101216495037079
SegMaR/S2C,camourflage_00776.jpg,0.014604229480028152
SegMaR/S2C,camourflage_00777.jpg,0.07291033864021301
SegMaR/S2C,camourflage_00778.jpg,0.03400084376335144
SegMaR/S2C,camourflage_00780.jpg,0.030177943408489227
SegMaR/S2C,camourflage_00781.jpg,0.015082457102835178
SegMaR/S2C,camourflage_00784.jpg,0.02011672593653202
SegMaR/S2C,camourflage_00785.jpg,0.02460354007780552
SegMaR/S2C,camourflage_00786.jpg,0.023390833288431168
SegMaR/S2C,camourflage_00787.jpg,0.02893495187163353
SegMaR/S2C,camourflage_00788.jpg,0.025289015844464302
SegMaR/S2C,camourflage_00789.jpg,0.029202312231063843
SegMaR/S2C,camourflage_00790.jpg,0.024101564660668373
SegMaR/S2C,camourflage_00791.jpg,0.05204425007104874
SegMaR/S2C,camourflage_00792.jpg,0.04079674556851387
SegMaR/S2C,camourflage_00793.jpg,0.016395775601267815
SegMaR/S2C,camourflage_00795.jpg,0.03049330785870552
SegMaR/S2C,camourflage_00796.jpg,0.006707293912768364
SegMaR/S2C,camourflage_00797.jpg,0.008077763952314854
SegMaR/S2C,camourflage_00798.jpg,0.049681149423122406
SegMaR/S2C,camourflage_00799.jpg,0.011721981689333916
SegMaR/S2C,camourflage_00802.jpg,0.05010905861854553
SegMaR/S2C,camourflage_00803.jpg,0.007662652991712093
SegMaR/S2C,camourflage_00804.jpg,0.04627899080514908
SegMaR/S2C,camourflage_00805.jpg,0.01749390736222267
SegMaR/S2C,camourflage_00806.jpg,0.08567477762699127
SegMaR/S2C,camourflage_00808.jpg,0.01736033521592617
SegMaR/S2C,camourflage_00809.jpg,0.009775944985449314
SegMaR/S2C,camourflage_00810.jpg,0.09166323393583298
SegMaR/S2C,camourflage_00811.jpg,0.05726112425327301
SegMaR/S2C,camourflage_00812.jpg,0.020129481330513954
SegMaR/S2C,camourflage_00813.jpg,0.07125382870435715
SegMaR/S2C,camourflage_00814.jpg,0.16674742102622986
SegMaR/S2C,camourflage_00815.jpg,0.022846633568406105
SegMaR/S2C,camourflage_00816.jpg,0.03224501013755798
SegMaR/S2C,camourflage_00817.jpg,0.03369904309511185
SegMaR/S2C,camourflage_00818.jpg,0.03925154358148575
SegMaR/S2C,camourflage_00819.jpg,0.009127197787165642
SegMaR/S2C,camourflage_00820.jpg,0.018690677359700203
SegMaR/S2C,camourflage_00821.jpg,0.050650641322135925
SegMaR/S2C,camourflage_00822.jpg,0.014687554910779
SegMaR/S2C,camourflage_00823.jpg,0.05284358561038971
SegMaR/S2C,camourflage_00824.jpg,0.036750730127096176
SegMaR/S2C,camourflage_00825.jpg,0.08293868601322174
SegMaR/S2C,camourflage_00826.jpg,0.04491225257515907
SegMaR/S2C,camourflage_00827.jpg,0.014833567664027214
SegMaR/S2C,camourflage_00828.jpg,0.0354258269071579
SegMaR/S2C,camourflage_00830.jpg,0.0345306359231472
SegMaR/S2C,camourflage_00831.jpg,0.010967683978378773
SegMaR/S2C,camourflage_00832.jpg,0.010980968363583088
SegMaR/S2C,camourflage_00833.jpg,0.049195945262908936
SegMaR/S2C,camourflage_00834.jpg,0.12827959656715393
SegMaR/S2C,camourflage_00835.jpg,0.014339789748191833
SegMaR/S2C,camourflage_00836.jpg,0.009292623959481716
SegMaR/S2C,camourflage_00837.jpg,0.030518289655447006
SegMaR/S2C,camourflage_00838.jpg,0.019083183258771896
SegMaR/S2C,camourflage_00839.jpg,0.05140049010515213
SegMaR/S2C,camourflage_00840.jpg,0.04023229703307152
SegMaR/S2C,camourflage_00841.jpg,0.1372862160205841
SegMaR/S2C,camourflage_00842.jpg,0.043731868267059326
SegMaR/S2C,camourflage_00843.jpg,0.020687954500317574
SegMaR/S2C,camourflage_00844.jpg,0.01025631558150053
SegMaR/S2C,camourflage_00845.jpg,0.026603922247886658
SegMaR/S2C,camourflage_00848.jpg,0.06067692115902901
SegMaR/S2C,camourflage_00849.jpg,0.04088147357106209
SegMaR/S2C,camourflage_00850.jpg,0.03394772484898567
SegMaR/S2C,camourflage_00851.jpg,0.03474421799182892
SegMaR/S2C,camourflage_00852.jpg,0.05553370341658592
SegMaR/S2C,camourflage_00853.jpg,0.02155817672610283
SegMaR/S2C,camourflage_00854.jpg,0.030117031186819077
SegMaR/S2C,camourflage_00855.jpg,0.011445769108831882
SegMaR/S2C,camourflage_00856.jpg,0.04163368418812752
SegMaR/S2C,camourflage_00858.jpg,0.0245388001203537
SegMaR/S2C,camourflage_00859.jpg,0.01983124576508999
SegMaR/S2C,camourflage_00861.jpg,0.03758561611175537
SegMaR/S2C,camourflage_00862.jpg,0.020063016563653946
SegMaR/S2C,camourflage_00864.jpg,0.0408499650657177
SegMaR/S2C,camourflage_00865.jpg,0.035096410661935806
SegMaR/S2C,camourflage_00866.jpg,0.07048965245485306
SegMaR/S2C,camourflage_00867.jpg,0.02608056552708149
SegMaR/S2C,camourflage_00868.jpg,0.07308776676654816
SegMaR/S2C,camourflage_00870.jpg,0.02692415565252304
SegMaR/S2C,camourflage_00871.jpg,0.028209669515490532
SegMaR/S2C,camourflage_00872.jpg,0.01816501095890999
SegMaR/S2C,camourflage_00873.jpg,0.052794285118579865
SegMaR/S2C,camourflage_00874.jpg,0.03270379453897476
SegMaR/S2C,camourflage_00875.jpg,0.00849657878279686
SegMaR/S2C,camourflage_00876.jpg,0.03378583863377571
SegMaR/S2C,camourflage_00877.jpg,0.03378300741314888
SegMaR/S2C,camourflage_00878.jpg,0.024492964148521423
SegMaR/S2C,camourflage_00879.jpg,0.010915656574070454
SegMaR/S2C,camourflage_00880.jpg,0.027001049369573593
SegMaR/S2C,camourflage_00881.jpg,0.032622940838336945
SegMaR/S2C,camourflage_00882.jpg,0.019596019759774208
SegMaR/S2C,camourflage_00883.jpg,0.02481735497713089
SegMaR/S2C,camourflage_00884.jpg,0.017962640151381493
SegMaR/S2C,camourflage_00885.jpg,0.033184513449668884
SegMaR/S2C,camourflage_00886.jpg,0.014972434379160404
SegMaR/S2C,camourflage_00887.jpg,0.010746078565716743
SegMaR/S2C,camourflage_00888.jpg,0.09348481148481369
SegMaR/S2C,camourflage_00889.jpg,0.09964299201965332
SegMaR/S2C,camourflage_00891.jpg,0.015460893511772156
SegMaR/S2C,camourflage_00892.jpg,0.018144987523555756
SegMaR/S2C,camourflage_00893.jpg,0.025557326152920723
SegMaR/S2C,camourflage_00894.jpg,0.012920605018734932
SegMaR/S2C,camourflage_00895.jpg,0.008367094211280346
SegMaR/S2C,camourflage_00896.jpg,0.029537618160247803
SegMaR/S2C,camourflage_00897.jpg,0.05294482037425041
SegMaR/S2C,camourflage_00898.jpg,0.03162984549999237
SegMaR/S2C,camourflage_00899.jpg,0.025769498199224472
SegMaR/S2C,camourflage_00900.jpg,0.16756534576416016
SegMaR/S2C,camourflage_00901.jpg,0.061374858021736145
SegMaR/S2C,camourflage_00902.jpg,0.12014778703451157
SegMaR/S2C,camourflage_00904.jpg,0.0559438057243824
SegMaR/S2C,camourflage_00905.jpg,0.014224689453840256
SegMaR/S2C,camourflage_00906.jpg,0.043892111629247665
SegMaR/S2C,camourflage_00907.jpg,0.03256966173648834
SegMaR/S2C,camourflage_00908.jpg,0.0640314370393753
SegMaR/S2C,camourflage_00909.jpg,0.08896660804748535
SegMaR/S2C,camourflage_00910.jpg,0.008653201162815094
SegMaR/S2C,camourflage_00911.jpg,0.03815584257245064
SegMaR/S2C,camourflage_00912.jpg,0.018281975761055946
SegMaR/S2C,camourflage_00913.jpg,0.11175361275672913
SegMaR/S2C,camourflage_00914.jpg,0.07655458152294159
SegMaR/S2C,camourflage_00915.jpg,0.03131890296936035
SegMaR/S2C,camourflage_00916.jpg,0.0775371640920639
SegMaR/S2C,camourflage_00917.jpg,0.025497235357761383
SegMaR/S2C,camourflage_00918.jpg,0.012449966743588448
SegMaR/S2C,camourflage_00919.jpg,0.02574704773724079
SegMaR/S2C,camourflage_00920.jpg,0.02207154408097267
SegMaR/S2C,camourflage_00921.jpg,0.03721893951296806
SegMaR/S2C,camourflage_00922.jpg,0.020000698044896126
SegMaR/S2C,camourflage_00923.jpg,0.023706743493676186
SegMaR/S2C,camourflage_00925.jpg,0.051932282745838165
SegMaR/S2C,camourflage_00926.jpg,0.04389965534210205
SegMaR/S2C,camourflage_00927.jpg,0.03243536874651909
SegMaR/S2C,camourflage_00929.jpg,0.064275361597538
SegMaR/S2C,camourflage_00930.jpg,0.0290517620742321
SegMaR/S2C,camourflage_00932.jpg,0.05724243074655533
SegMaR/S2C,camourflage_00933.jpg,0.03955981880426407
SegMaR/S2C,camourflage_00934.jpg,0.05060114338994026
SegMaR/S2C,camourflage_00935.jpg,0.14917747676372528
SegMaR/S2C,camourflage_00936.jpg,0.0682745948433876
SegMaR/S2C,camourflage_00937.jpg,0.07733803242444992
SegMaR/S2C,camourflage_00938.jpg,0.008675510063767433
SegMaR/S2C,camourflage_00940.jpg,0.03872125223278999
SegMaR/S2C,camourflage_00941.jpg,0.06704220175743103
SegMaR/S2C,camourflage_00942.jpg,0.02782488986849785
SegMaR/S2C,camourflage_00943.jpg,0.026282045990228653
SegMaR/S2C,camourflage_00945.jpg,0.03290155529975891
SegMaR/S2C,camourflage_00946.jpg,0.04148149490356445
SegMaR/S2C,camourflage_00947.jpg,0.05901756137609482
SegMaR/S2C,camourflage_00948.jpg,0.019414689391851425
SegMaR/S2C,camourflage_00949.jpg,0.010614297352731228
SegMaR/S2C,camourflage_00950.jpg,0.01760820858180523
SegMaR/S2C,camourflage_00951.jpg,0.017243150621652603
SegMaR/S2C,camourflage_00952.jpg,0.026841018348932266
SegMaR/S2C,camourflage_00953.jpg,0.07827410101890564
SegMaR/S2C,camourflage_00954.jpg,0.053867876529693604
SegMaR/S2C,camourflage_00955.jpg,0.01958596333861351
SegMaR/S2C,camourflage_00956.jpg,0.026433490216732025
SegMaR/S2C,camourflage_00957.jpg,0.06729518622159958
SegMaR/S2C,camourflage_00958.jpg,0.006512577645480633
SegMaR/S2C,camourflage_00960.jpg,0.024693302810192108
SegMaR/S2C,camourflage_00961.jpg,0.028040803968906403
SegMaR/S2C,camourflage_00962.jpg,0.10017690062522888
SegMaR/S2C,camourflage_00963.jpg,0.11348626762628555
SegMaR/S2C,camourflage_00964.jpg,0.03892876207828522
SegMaR/S2C,camourflage_00965.jpg,0.028008196502923965
SegMaR/S2C,camourflage_00966.jpg,0.019227249547839165
SegMaR/S2C,camourflage_00967.jpg,0.03142430633306503
SegMaR/S2C,camourflage_00968.jpg,0.02269924432039261
SegMaR/S2C,camourflage_00969.jpg,0.012192933820188046
SegMaR/S2C,camourflage_00970.jpg,0.03761550784111023
SegMaR/S2C,camourflage_00971.jpg,0.05891784653067589
SegMaR/S2C,camourflage_00972.jpg,0.013626884669065475
SegMaR/S2C,camourflage_00973.jpg,0.008392075076699257
SegMaR/S2C,camourflage_00974.jpg,0.01729734055697918
SegMaR/S2C,camourflage_00975.jpg,0.0318371020257473
SegMaR/S2C,camourflage_00976.jpg,0.046713151037693024
SegMaR/S2C,camourflage_00978.jpg,0.011090883053839207
SegMaR/S2C,camourflage_00979.jpg,0.040619008243083954
SegMaR/S2C,camourflage_00980.jpg,0.019265074282884598
SegMaR/S2C,camourflage_00981.jpg,0.015269190073013306
SegMaR/S2C,camourflage_00982.jpg,0.04266408830881119
SegMaR/S2C,camourflage_00983.jpg,0.017569541931152344
SegMaR/S2C,camourflage_00984.jpg,0.04829287528991699
SegMaR/S2C,camourflage_00986.jpg,0.027274882420897484
SegMaR/S2C,camourflage_00987.jpg,0.02415987104177475
SegMaR/S2C,camourflage_00988.jpg,0.016041358932852745
SegMaR/S2C,camourflage_00989.jpg,0.007942542433738708
SegMaR/S2C,camourflage_00990.jpg,0.03171224892139435
SegMaR/S2C,camourflage_00992.jpg,0.031492605805397034
SegMaR/S2C,camourflage_00993.jpg,0.034972187131643295
SegMaR/S2C,camourflage_00994.jpg,0.019530432298779488
SegMaR/S2C,camourflage_00995.jpg,0.025470346212387085
SegMaR/S2C,camourflage_00996.jpg,0.017979394644498825
SegMaR/S2C,camourflage_00999.jpg,0.021494461223483086
SegMaR/S2C,camourflage_01000.jpg,0.08672010898590088
SegMaR/S2C,camourflage_01002.jpg,0.026365242898464203
SegMaR/S2C,camourflage_01005.jpg,0.08956018090248108
SegMaR/S2C,camourflage_01007.jpg,0.09196706116199493
SegMaR/S2C,camourflage_01010.jpg,0.04221585392951965
SegMaR/S2C,camourflage_01011.jpg,0.0499618723988533
SegMaR/S2C,camourflage_01012.jpg,0.016408823430538177
SegMaR/S2C,camourflage_01013.jpg,0.06953419744968414
SegMaR/S2C,camourflage_01015.jpg,0.03356870263814926
SegMaR/S2C,camourflage_01017.jpg,0.01854381337761879
SegMaR/S2C,camourflage_01019.jpg,0.06116187945008278
SegMaR/S2C,camourflage_01022.jpg,0.09944627434015274
SegMaR/S2C,camourflage_01024.jpg,0.0016458701575174928
SegMaR/S2C,camourflage_01026.jpg,0.04536184296011925
SegMaR/S2C,camourflage_01028.jpg,0.07218341529369354
SegMaR/S2C,camourflage_01029.jpg,0.007552823983132839
SegMaR/S2C,camourflage_01031.jpg,0.076784648001194
SegMaR/S2C,camourflage_01033.jpg,0.11044526100158691
SegMaR/S2C,camourflage_01035.jpg,0.06467434018850327
SegMaR/S2C,camourflage_01036.jpg,0.12037071585655212
SegMaR/S2C,camourflage_01037.jpg,0.17194560170173645
SegMaR/S2C,camourflage_01038.jpg,0.005068959668278694
SegMaR/S2C,camourflage_01039.jpg,0.05032174289226532
SegMaR/S2C,camourflage_01040.jpg,0.02638186141848564
SegMaR/S2C,camourflage_01042.jpg,0.0185778196901083
SegMaR/S2C,camourflage_01043.jpg,0.019877180457115173
SegMaR/S2C,camourflage_01045.jpg,0.025553524494171143
SegMaR/S2C,camourflage_01047.jpg,0.045503921806812286
SegMaR/S2C,camourflage_01049.jpg,0.039622712880373
SegMaR/S2C,camourflage_01051.jpg,0.12020917236804962
SegMaR/S2C,camourflage_01054.jpg,0.09411538392305374
SegMaR/S2C,camourflage_01055.jpg,0.10542711615562439
SegMaR/S2C,camourflage_01057.jpg,0.10246310383081436
SegMaR/S2C,camourflage_01059.jpg,0.06092086061835289
SegMaR/S2C,camourflage_01060.jpg,0.04838264733552933
SegMaR/S2C,camourflage_01061.jpg,0.027854839339852333
SegMaR/S2C,camourflage_01062.jpg,0.035824015736579895
SegMaR/S2C,camourflage_01063.jpg,0.06215551495552063
SegMaR/S2C,camourflage_01065.jpg,0.08083522319793701
SegMaR/S2C,camourflage_01069.jpg,0.07123207300901413
SegMaR/S2C,camourflage_01071.jpg,0.075374074280262
SegMaR/S2C,camourflage_01073.jpg,0.09111545979976654
SegMaR/S2C,camourflage_01076.jpg,0.07295843958854675
SegMaR/S2C,camourflage_01077.jpg,0.09056581556797028
SegMaR/S2C,camourflage_01079.jpg,0.0475149042904377
SegMaR/S2C,camourflage_01080.jpg,0.10797186195850372
SegMaR/S2C,camourflage_01083.jpg,0.06125999242067337
SegMaR/S2C,camourflage_01084.jpg,0.07869884371757507
SegMaR/S2C,camourflage_01085.jpg,0.07168076932430267
SegMaR/S2C,camourflage_01086.jpg,0.05140451341867447
SegMaR/S2C,camourflage_01088.jpg,0.08355014026165009
SegMaR/S2C,camourflage_01089.jpg,0.04938719421625137
SegMaR/S2C,camourflage_01092.jpg,0.038014594465494156
SegMaR/S2C,camourflage_01093.jpg,0.022577568888664246
SegMaR/S2C,camourflage_01097.jpg,0.032677460461854935
SegMaR/S2C,camourflage_01099.jpg,0.04190778732299805
SegMaR/S2C,camourflage_01102.jpg,0.006955892778933048
SegMaR/S2C,camourflage_01108.jpg,0.06914814561605453
SegMaR/S2C,camourflage_01109.jpg,0.018850767984986305
SegMaR/S2C,camourflage_01111.jpg,0.027191800996661186
SegMaR/S2C,camourflage_01114.jpg,0.024377532303333282
SegMaR/S2C,camourflage_01119.jpg,0.030549336224794388
SegMaR/S2C,camourflage_01120.jpg,0.10640326887369156
SegMaR/S2C,camourflage_01121.jpg,0.09417320787906647
SegMaR/S2C,camourflage_01123.jpg,0.19324225187301636
SegMaR/S2C,camourflage_01124.jpg,0.05252867192029953
SegMaR/S2C,camourflage_01125.jpg,0.09426045417785645
SegMaR/S2C,camourflage_01127.jpg,0.06694313883781433
SegMaR/S2C,camourflage_01129.jpg,0.18046435713768005
SegMaR/S2C,camourflage_01130.jpg,0.04768986254930496
SegMaR/S2C,camourflage_01134.jpg,0.07037854194641113
SegMaR/S2C,camourflage_01136.jpg,0.16560252010822296
SegMaR/S2C,camourflage_01138.jpg,0.05975086987018585
SegMaR/S2C,camourflage_01142.jpg,0.03786489740014076
SegMaR/S2C,camourflage_01146.jpg,0.13924160599708557
SegMaR/S2C,camourflage_01147.jpg,0.11916924268007278
SegMaR/S2C,camourflage_01149.jpg,0.023731430992484093
SegMaR/S2C,camourflage_01152.jpg,0.10267950594425201
SegMaR/S2C,camourflage_01153.jpg,0.13492654263973236
SegMaR/S2C,camourflage_01155.jpg,0.06892897188663483
SegMaR/S2C,camourflage_01157.jpg,0.019523434340953827
SegMaR/S2C,camourflage_01160.jpg,0.012232240289449692
SegMaR/S2C,camourflage_01162.jpg,0.10896651446819305
SegMaR/S2C,camourflage_01166.jpg,0.015284170396625996
SegMaR/S2C,camourflage_01167.jpg,0.061131373047828674
SegMaR/S2C,camourflage_01169.jpg,0.04134196415543556
SegMaR/S2C,camourflage_01171.jpg,0.19394195079803467
SegMaR/S2C,camourflage_01173.jpg,0.022277675569057465
SegMaR/S2C,camourflage_01174.jpg,0.0874880701303482
SegMaR/S2C,camourflage_01176.jpg,0.05340273678302765
SegMaR/S2C,camourflage_01178.jpg,0.028929395601153374
SegMaR/S2C,camourflage_01184.jpg,0.023311544209718704
SegMaR/S2C,camourflage_01186.jpg,0.22422292828559875
SegMaR/S2C,camourflage_01187.jpg,0.1041286438703537
SegMaR/S2C,camourflage_01191.jpg,0.1772664189338684
SegMaR/S2C,camourflage_01197.jpg,0.11669288575649261
SegMaR/S2C,camourflage_01198.jpg,0.07713793963193893
SegMaR/S2C,camourflage_01201.jpg,0.035129938274621964
SegMaR/S2C,camourflage_01202.jpg,0.03481161594390869
SegMaR/S2C,camourflage_01203.jpg,0.029067840427160263
SegMaR/S2C,camourflage_01204.jpg,0.029865872114896774
SegMaR/S2C,camourflage_01206.jpg,0.07236522436141968
SegMaR/S2C,camourflage_01207.jpg,0.020890362560749054
SegMaR/S2C,camourflage_01209.jpg,0.022394757717847824
SegMaR/S2C,camourflage_01212.jpg,0.031438715755939484
SegMaR/S2C,camourflage_01213.jpg,0.025353696197271347
SegMaR/S2C,camourflage_01214.jpg,0.01946425251662731
SegMaR/S2C,camourflage_01215.jpg,0.035558123141527176
SegMaR/S2C,camourflage_01216.jpg,0.004062653053551912
SegMaR/S2C,camourflage_01218.jpg,0.02566087804734707
SegMaR/S2C,camourflage_01219.jpg,0.05606571584939957
SegMaR/S2C,camourflage_01220.jpg,0.0900174006819725
SegMaR/S2C,camourflage_01221.jpg,0.03531810641288757
SegMaR/S2C,camourflage_01222.jpg,0.04769272357225418
SegMaR/S2C,camourflage_01223.jpg,0.11748529970645905
SegMaR/S2C,camourflage_01224.jpg,0.09705124795436859
SegMaR/S2C,camourflage_01225.jpg,0.07463552057743073
SegMaR/S2C,camourflage_01226.jpg,0.03230418264865875
SegMaR/S2C,camourflage_01227.jpg,0.03158242255449295
SegMaR/S2C,camourflage_01228.jpg,0.010158788412809372
SegMaR/S2C,camourflage_01229.jpg,0.031187571585178375
SegMaR/S2C,camourflage_01230.jpg,0.08478456735610962
SegMaR/S2C,camourflage_01231.jpg,0.10933414101600647
SegMaR/S2C,camourflage_01232.jpg,0.13670329749584198
SegMaR/S2C,camourflage_01233.jpg,0.12655356526374817
SegMaR/S2C,camourflage_01234.jpg,0.08981695771217346
SegMaR/S2C,camourflage_01236.jpg,0.01657366193830967
SegMaR/S2C,camourflage_01237.jpg,0.03279511630535126
SegMaR/S2C,camourflage_01238.jpg,0.014504795894026756
SegMaR/S2C,camourflage_01239.jpg,0.1125902384519577
SegMaR/S2C,camourflage_01241.jpg,0.011916638351976871
SegMaR/S2C,camourflage_01246.jpg,0.05303029343485832
SegMaR/S2C,camourflage_01248.jpg,0.06807957589626312
SegMaR/S2C,camourflage_01249.jpg,0.042704977095127106
