arch,name,es
SINet-v2/S2C,COD10K-CAM-1-Aquatic-1-BatFish-1.jpg,0.030240140855312347
SINet-v2/S2C,COD10K-CAM-1-Aquatic-1-BatFish-3.jpg,0.036153294146060944
SINet-v2/S2C,COD10K-CAM-1-Aquatic-1-BatFish-7.jpg,0.01428300142288208
SINet-v2/S2C,COD10K-CAM-1-Aquatic-1-BatFish-8.jpg,0.0045061600394546986
SINet-v2/S2C,COD10K-CAM-1-Aquatic-1-BatFish-9.jpg,0.03590577095746994
SINet-v2/S2C,COD10K-CAM-1-Aquatic-10-LeafySeaDragon-415.jpg,0.0615210197865963
SINet-v2/S2C,COD10K-CAM-1-Aquatic-10-LeafySeaDragon-417.jpg,0.05521661043167114
SINet-v2/S2C,COD10K-CAM-1-Aquatic-10-LeafySeaDragon-418.jpg,0.0138219790533185
SINet-v2/S2C,COD10K-CAM-1-Aquatic-10-LeafySeaDragon-420.jpg,0.05595718324184418
SINet-v2/S2C,COD10K-CAM-1-Aquatic-10-LeafySeaDragon-421.jpg,0.03426331281661987
SINet-v2/S2C,COD10K-CAM-1-Aquatic-10-LeafySeaDragon-424.jpg,0.026274915784597397
SINet-v2/S2C,COD10K-CAM-1-Aquatic-10-LeafySeaDragon-425.jpg,0.018922515213489532
SINet-v2/S2C,COD10K-CAM-1-Aquatic-10-LeafySeaDragon-426.jpg,0.03355087339878082
SINet-v2/S2C,COD10K-CAM-1-Aquatic-10-LeafySeaDragon-427.jpg,0.10825726389884949
SINet-v2/S2C,COD10K-CAM-1-Aquatic-10-LeafySeaDragon-428.jpg,0.05638164281845093
SINet-v2/S2C,COD10K-CAM-1-Aquatic-11-Octopus-431.jpg,0.10051000118255615
SINet-v2/S2C,COD10K-CAM-1-Aquatic-11-Octopus-432.jpg,0.09937238693237305
SINet-v2/S2C,COD10K-CAM-1-Aquatic-11-Octopus-433.jpg,0.07642064988613129
SINet-v2/S2C,COD10K-CAM-1-Aquatic-11-Octopus-434.jpg,0.07298300415277481
SINet-v2/S2C,COD10K-CAM-1-Aquatic-11-Octopus-435.jpg,0.01001293770968914
SINet-v2/S2C,COD10K-CAM-1-Aquatic-11-Octopus-438.jpg,0.1376909613609314
SINet-v2/S2C,COD10K-CAM-1-Aquatic-11-Octopus-439.jpg,0.07789859175682068
SINet-v2/S2C,COD10K-CAM-1-Aquatic-11-Octopus-440.jpg,0.7005944848060608
SINet-v2/S2C,COD10K-CAM-1-Aquatic-11-Octopus-442.jpg,0.01570085622370243
SINet-v2/S2C,COD10K-CAM-1-Aquatic-11-Octopus-443.jpg,0.05331043899059296
SINet-v2/S2C,COD10K-CAM-1-Aquatic-11-Octopus-446.jpg,0.036965738981962204
SINet-v2/S2C,COD10K-CAM-1-Aquatic-11-Octopus-448.jpg,0.03641582280397415
SINet-v2/S2C,COD10K-CAM-1-Aquatic-11-Octopus-449.jpg,0.05402645468711853
SINet-v2/S2C,COD10K-CAM-1-Aquatic-11-Octopus-450.jpg,0.0535295307636261
SINet-v2/S2C,COD10K-CAM-1-Aquatic-11-Octopus-455.jpg,0.03673749417066574
SINet-v2/S2C,COD10K-CAM-1-Aquatic-11-Octopus-456.jpg,0.028826672583818436
SINet-v2/S2C,COD10K-CAM-1-Aquatic-11-Octopus-457.jpg,0.0345623716711998
SINet-v2/S2C,COD10K-CAM-1-Aquatic-11-Octopus-459.jpg,0.023004595190286636
SINet-v2/S2C,COD10K-CAM-1-Aquatic-11-Octopus-460.jpg,0.06575560569763184
SINet-v2/S2C,COD10K-CAM-1-Aquatic-11-Octopus-461.jpg,0.059150710701942444
SINet-v2/S2C,COD10K-CAM-1-Aquatic-11-Octopus-467.jpg,0.08260027319192886
SINet-v2/S2C,COD10K-CAM-1-Aquatic-11-Octopus-469.jpg,0.08815907686948776
SINet-v2/S2C,COD10K-CAM-1-Aquatic-11-Octopus-470.jpg,0.03494206815958023
SINet-v2/S2C,COD10K-CAM-1-Aquatic-12-Pagurian-475.jpg,0.033739954233169556
SINet-v2/S2C,COD10K-CAM-1-Aquatic-12-Pagurian-476.jpg,0.07169655710458755
SINet-v2/S2C,COD10K-CAM-1-Aquatic-12-Pagurian-477.jpg,0.08802260458469391
SINet-v2/S2C,COD10K-CAM-1-Aquatic-12-Pagurian-478.jpg,0.105471670627594
SINet-v2/S2C,COD10K-CAM-1-Aquatic-12-Pagurian-479.jpg,0.04674438014626503
SINet-v2/S2C,COD10K-CAM-1-Aquatic-12-Pagurian-480.jpg,0.03656941279768944
SINet-v2/S2C,COD10K-CAM-1-Aquatic-12-Pagurian-485.jpg,0.21023578941822052
SINet-v2/S2C,COD10K-CAM-1-Aquatic-13-Pipefish-487.jpg,0.18642392754554749
SINet-v2/S2C,COD10K-CAM-1-Aquatic-13-Pipefish-489.jpg,0.14156171679496765
SINet-v2/S2C,COD10K-CAM-1-Aquatic-13-Pipefish-491.jpg,0.035941287875175476
SINet-v2/S2C,COD10K-CAM-1-Aquatic-13-Pipefish-493.jpg,0.019184712320566177
SINet-v2/S2C,COD10K-CAM-1-Aquatic-13-Pipefish-494.jpg,0.09541753679513931
SINet-v2/S2C,COD10K-CAM-1-Aquatic-13-Pipefish-495.jpg,0.057538650929927826
SINet-v2/S2C,COD10K-CAM-1-Aquatic-13-Pipefish-498.jpg,0.038419365882873535
SINet-v2/S2C,COD10K-CAM-1-Aquatic-13-Pipefish-499.jpg,0.02910453826189041
SINet-v2/S2C,COD10K-CAM-1-Aquatic-13-Pipefish-504.jpg,0.03598260506987572
SINet-v2/S2C,COD10K-CAM-1-Aquatic-13-Pipefish-505.jpg,0.03132567182183266
SINet-v2/S2C,COD10K-CAM-1-Aquatic-13-Pipefish-506.jpg,0.16680149734020233
SINet-v2/S2C,COD10K-CAM-1-Aquatic-13-Pipefish-507.jpg,0.08982864022254944
SINet-v2/S2C,COD10K-CAM-1-Aquatic-13-Pipefish-509.jpg,0.018009623512625694
SINet-v2/S2C,COD10K-CAM-1-Aquatic-13-Pipefish-511.jpg,0.0371582917869091
SINet-v2/S2C,COD10K-CAM-1-Aquatic-13-Pipefish-512.jpg,0.04769865423440933
SINet-v2/S2C,COD10K-CAM-1-Aquatic-13-Pipefish-513.jpg,0.035798728466033936
SINet-v2/S2C,COD10K-CAM-1-Aquatic-13-Pipefish-514.jpg,0.031011322513222694
SINet-v2/S2C,COD10K-CAM-1-Aquatic-13-Pipefish-516.jpg,0.05535823106765747
SINet-v2/S2C,COD10K-CAM-1-Aquatic-13-Pipefish-519.jpg,0.01841021701693535
SINet-v2/S2C,COD10K-CAM-1-Aquatic-13-Pipefish-523.jpg,0.02085758000612259
SINet-v2/S2C,COD10K-CAM-1-Aquatic-13-Pipefish-524.jpg,0.03715645149350166
SINet-v2/S2C,COD10K-CAM-1-Aquatic-13-Pipefish-525.jpg,0.056531764566898346
SINet-v2/S2C,COD10K-CAM-1-Aquatic-13-Pipefish-526.jpg,0.05804558843374252
SINet-v2/S2C,COD10K-CAM-1-Aquatic-13-Pipefish-530.jpg,0.03924202919006348
SINet-v2/S2C,COD10K-CAM-1-Aquatic-13-Pipefish-533.jpg,0.018595051020383835
SINet-v2/S2C,COD10K-CAM-1-Aquatic-13-Pipefish-538.jpg,0.028779219835996628
SINet-v2/S2C,COD10K-CAM-1-Aquatic-13-Pipefish-540.jpg,0.02534865401685238
SINet-v2/S2C,COD10K-CAM-1-Aquatic-13-Pipefish-541.jpg,0.0005821583326905966
SINet-v2/S2C,COD10K-CAM-1-Aquatic-13-Pipefish-543.jpg,0.0467442125082016
SINet-v2/S2C,COD10K-CAM-1-Aquatic-13-Pipefish-545.jpg,0.11160850524902344
SINet-v2/S2C,COD10K-CAM-1-Aquatic-13-Pipefish-548.jpg,0.09995540231466293
SINet-v2/S2C,COD10K-CAM-1-Aquatic-13-Pipefish-550.jpg,0.057741325348615646
SINet-v2/S2C,COD10K-CAM-1-Aquatic-13-Pipefish-551.jpg,0.0008505524601787329
SINet-v2/S2C,COD10K-CAM-1-Aquatic-13-Pipefish-552.jpg,0.12828244268894196
SINet-v2/S2C,COD10K-CAM-1-Aquatic-13-Pipefish-553.jpg,0.04519826918840408
SINet-v2/S2C,COD10K-CAM-1-Aquatic-13-Pipefish-555.jpg,0.06506207585334778
SINet-v2/S2C,COD10K-CAM-1-Aquatic-13-Pipefish-558.jpg,0.03209373354911804
SINet-v2/S2C,COD10K-CAM-1-Aquatic-13-Pipefish-561.jpg,0.028102949261665344
SINet-v2/S2C,COD10K-CAM-1-Aquatic-13-Pipefish-562.jpg,0.13131360709667206
SINet-v2/S2C,COD10K-CAM-1-Aquatic-13-Pipefish-564.jpg,0.018110772594809532
SINet-v2/S2C,COD10K-CAM-1-Aquatic-13-Pipefish-565.jpg,0.3972737789154053
SINet-v2/S2C,COD10K-CAM-1-Aquatic-13-Pipefish-569.jpg,0.07610484212636948
SINet-v2/S2C,COD10K-CAM-1-Aquatic-13-Pipefish-572.jpg,0.03135177865624428
SINet-v2/S2C,COD10K-CAM-1-Aquatic-13-Pipefish-574.jpg,0.07838162034749985
SINet-v2/S2C,COD10K-CAM-1-Aquatic-13-Pipefish-575.jpg,0.21819141507148743
SINet-v2/S2C,COD10K-CAM-1-Aquatic-13-Pipefish-578.jpg,0.05018366500735283
SINet-v2/S2C,COD10K-CAM-1-Aquatic-13-Pipefish-581.jpg,0.12011879682540894
SINet-v2/S2C,COD10K-CAM-1-Aquatic-13-Pipefish-584.jpg,0.07045038789510727
SINet-v2/S2C,COD10K-CAM-1-Aquatic-13-Pipefish-586.jpg,0.04011017456650734
SINet-v2/S2C,COD10K-CAM-1-Aquatic-13-Pipefish-587.jpg,0.10334359854459763
SINet-v2/S2C,COD10K-CAM-1-Aquatic-13-Pipefish-589.jpg,0.019808297976851463
SINet-v2/S2C,COD10K-CAM-1-Aquatic-13-Pipefish-592.jpg,0.027684785425662994
SINet-v2/S2C,COD10K-CAM-1-Aquatic-13-Pipefish-593.jpg,0.0637107640504837
SINet-v2/S2C,COD10K-CAM-1-Aquatic-13-Pipefish-594.jpg,0.049933627247810364
SINet-v2/S2C,COD10K-CAM-1-Aquatic-13-Pipefish-595.jpg,0.06799204647541046
SINet-v2/S2C,COD10K-CAM-1-Aquatic-13-Pipefish-596.jpg,0.06528263539075851
SINet-v2/S2C,COD10K-CAM-1-Aquatic-13-Pipefish-598.jpg,0.061724819242954254
SINet-v2/S2C,COD10K-CAM-1-Aquatic-13-Pipefish-601.jpg,0.06866170465946198
SINet-v2/S2C,COD10K-CAM-1-Aquatic-13-Pipefish-603.jpg,0.018821997568011284
SINet-v2/S2C,COD10K-CAM-1-Aquatic-13-Pipefish-604.jpg,0.033313579857349396
SINet-v2/S2C,COD10K-CAM-1-Aquatic-13-Pipefish-605.jpg,0.02534078061580658
SINet-v2/S2C,COD10K-CAM-1-Aquatic-13-Pipefish-606.jpg,0.039886459708213806
SINet-v2/S2C,COD10K-CAM-1-Aquatic-13-Pipefish-607.jpg,0.31037819385528564
SINet-v2/S2C,COD10K-CAM-1-Aquatic-13-Pipefish-610.jpg,0.030991628766059875
SINet-v2/S2C,COD10K-CAM-1-Aquatic-13-Pipefish-611.jpg,0.6080415844917297
SINet-v2/S2C,COD10K-CAM-1-Aquatic-13-Pipefish-612.jpg,0.066303551197052
SINet-v2/S2C,COD10K-CAM-1-Aquatic-13-Pipefish-613.jpg,0.050779879093170166
SINet-v2/S2C,COD10K-CAM-1-Aquatic-13-Pipefish-615.jpg,0.14645914733409882
SINet-v2/S2C,COD10K-CAM-1-Aquatic-13-Pipefish-617.jpg,0.26011356711387634
SINet-v2/S2C,COD10K-CAM-1-Aquatic-13-Pipefish-618.jpg,0.0762711688876152
SINet-v2/S2C,COD10K-CAM-1-Aquatic-13-Pipefish-619.jpg,0.0642172247171402
SINet-v2/S2C,COD10K-CAM-1-Aquatic-13-Pipefish-624.jpg,0.026985501870512962
SINet-v2/S2C,COD10K-CAM-1-Aquatic-13-Pipefish-626.jpg,0.028635524213314056
SINet-v2/S2C,COD10K-CAM-1-Aquatic-13-Pipefish-627.jpg,0.4702228605747223
SINet-v2/S2C,COD10K-CAM-1-Aquatic-13-Pipefish-628.jpg,0.02200404182076454
SINet-v2/S2C,COD10K-CAM-1-Aquatic-13-Pipefish-632.jpg,0.025637684389948845
SINet-v2/S2C,COD10K-CAM-1-Aquatic-13-Pipefish-633.jpg,0.028578588739037514
SINet-v2/S2C,COD10K-CAM-1-Aquatic-13-Pipefish-634.jpg,0.035912077873945236
SINet-v2/S2C,COD10K-CAM-1-Aquatic-13-Pipefish-638.jpg,0.02219775877892971
SINet-v2/S2C,COD10K-CAM-1-Aquatic-13-Pipefish-641.jpg,0.018763767555356026
SINet-v2/S2C,COD10K-CAM-1-Aquatic-13-Pipefish-643.jpg,0.04994827136397362
SINet-v2/S2C,COD10K-CAM-1-Aquatic-13-Pipefish-645.jpg,0.14170408248901367
SINet-v2/S2C,COD10K-CAM-1-Aquatic-13-Pipefish-646.jpg,0.23983797430992126
SINet-v2/S2C,COD10K-CAM-1-Aquatic-13-Pipefish-647.jpg,0.0403631329536438
SINet-v2/S2C,COD10K-CAM-1-Aquatic-13-Pipefish-648.jpg,0.048431240022182465
SINet-v2/S2C,COD10K-CAM-1-Aquatic-13-Pipefish-650.jpg,0.03142327815294266
SINet-v2/S2C,COD10K-CAM-1-Aquatic-13-Pipefish-651.jpg,0.0383748821914196
SINet-v2/S2C,COD10K-CAM-1-Aquatic-13-Pipefish-653.jpg,0.12999358773231506
SINet-v2/S2C,COD10K-CAM-1-Aquatic-13-Pipefish-654.jpg,0.12937325239181519
SINet-v2/S2C,COD10K-CAM-1-Aquatic-13-Pipefish-656.jpg,0.08624114841222763
SINet-v2/S2C,COD10K-CAM-1-Aquatic-13-Pipefish-657.jpg,0.022786658257246017
SINet-v2/S2C,COD10K-CAM-1-Aquatic-13-Pipefish-658.jpg,0.19457681477069855
SINet-v2/S2C,COD10K-CAM-1-Aquatic-13-Pipefish-659.jpg,0.13036157190799713
SINet-v2/S2C,COD10K-CAM-1-Aquatic-13-Pipefish-660.jpg,0.04187686741352081
SINet-v2/S2C,COD10K-CAM-1-Aquatic-13-Pipefish-663.jpg,0.04986625537276268
SINet-v2/S2C,COD10K-CAM-1-Aquatic-13-Pipefish-665.jpg,0.04856321960687637
SINet-v2/S2C,COD10K-CAM-1-Aquatic-13-Pipefish-666.jpg,0.06422330439090729
SINet-v2/S2C,COD10K-CAM-1-Aquatic-13-Pipefish-670.jpg,0.019541535526514053
SINet-v2/S2C,COD10K-CAM-1-Aquatic-13-Pipefish-671.jpg,0.041120484471321106
SINet-v2/S2C,COD10K-CAM-1-Aquatic-13-Pipefish-672.jpg,0.023305337876081467
SINet-v2/S2C,COD10K-CAM-1-Aquatic-13-Pipefish-673.jpg,0.02328173629939556
SINet-v2/S2C,COD10K-CAM-1-Aquatic-13-Pipefish-674.jpg,0.03420053422451019
SINet-v2/S2C,COD10K-CAM-1-Aquatic-13-Pipefish-675.jpg,0.07857948541641235
SINet-v2/S2C,COD10K-CAM-1-Aquatic-13-Pipefish-677.jpg,0.022706305608153343
SINet-v2/S2C,COD10K-CAM-1-Aquatic-13-Pipefish-678.jpg,0.17849716544151306
SINet-v2/S2C,COD10K-CAM-1-Aquatic-13-Pipefish-680.jpg,0.0243291724473238
SINet-v2/S2C,COD10K-CAM-1-Aquatic-13-Pipefish-682.jpg,0.022977620363235474
SINet-v2/S2C,COD10K-CAM-1-Aquatic-13-Pipefish-687.jpg,0.020324040204286575
SINet-v2/S2C,COD10K-CAM-1-Aquatic-13-Pipefish-690.jpg,0.045469075441360474
SINet-v2/S2C,COD10K-CAM-1-Aquatic-13-Pipefish-692.jpg,0.007528742775321007
SINet-v2/S2C,COD10K-CAM-1-Aquatic-13-Pipefish-694.jpg,0.022978132590651512
SINet-v2/S2C,COD10K-CAM-1-Aquatic-13-Pipefish-695.jpg,0.05647322162985802
SINet-v2/S2C,COD10K-CAM-1-Aquatic-13-Pipefish-697.jpg,0.09743614494800568
SINet-v2/S2C,COD10K-CAM-1-Aquatic-13-Pipefish-698.jpg,0.02450096234679222
SINet-v2/S2C,COD10K-CAM-1-Aquatic-13-Pipefish-699.jpg,0.02450135350227356
SINet-v2/S2C,COD10K-CAM-1-Aquatic-13-Pipefish-700.jpg,0.08682210743427277
SINet-v2/S2C,COD10K-CAM-1-Aquatic-13-Pipefish-701.jpg,0.04548165574669838
SINet-v2/S2C,COD10K-CAM-1-Aquatic-13-Pipefish-702.jpg,0.08289555460214615
SINet-v2/S2C,COD10K-CAM-1-Aquatic-13-Pipefish-703.jpg,0.049926094710826874
SINet-v2/S2C,COD10K-CAM-1-Aquatic-13-Pipefish-704.jpg,0.04541589692234993
SINet-v2/S2C,COD10K-CAM-1-Aquatic-13-Pipefish-706.jpg,0.04302731901407242
SINet-v2/S2C,COD10K-CAM-1-Aquatic-13-Pipefish-708.jpg,0.152471661567688
SINet-v2/S2C,COD10K-CAM-1-Aquatic-13-Pipefish-710.jpg,0.13215312361717224
SINet-v2/S2C,COD10K-CAM-1-Aquatic-13-Pipefish-711.jpg,0.022766336798667908
SINet-v2/S2C,COD10K-CAM-1-Aquatic-13-Pipefish-712.jpg,0.14748141169548035
SINet-v2/S2C,COD10K-CAM-1-Aquatic-13-Pipefish-714.jpg,0.07828269898891449
SINet-v2/S2C,COD10K-CAM-1-Aquatic-13-Pipefish-715.jpg,0.02385150082409382
SINet-v2/S2C,COD10K-CAM-1-Aquatic-13-Pipefish-716.jpg,0.11394421756267548
SINet-v2/S2C,COD10K-CAM-1-Aquatic-13-Pipefish-718.jpg,0.06455295532941818
SINet-v2/S2C,COD10K-CAM-1-Aquatic-13-Pipefish-719.jpg,0.024530623108148575
SINet-v2/S2C,COD10K-CAM-1-Aquatic-13-Pipefish-720.jpg,0.062438540160655975
SINet-v2/S2C,COD10K-CAM-1-Aquatic-13-Pipefish-722.jpg,0.04625323787331581
SINet-v2/S2C,COD10K-CAM-1-Aquatic-13-Pipefish-723.jpg,0.009035712108016014
SINet-v2/S2C,COD10K-CAM-1-Aquatic-13-Pipefish-724.jpg,0.05386272072792053
SINet-v2/S2C,COD10K-CAM-1-Aquatic-13-Pipefish-725.jpg,0.07309849560260773
SINet-v2/S2C,COD10K-CAM-1-Aquatic-13-Pipefish-727.jpg,0.08367189764976501
SINet-v2/S2C,COD10K-CAM-1-Aquatic-13-Pipefish-731.jpg,0.09696699678897858
SINet-v2/S2C,COD10K-CAM-1-Aquatic-13-Pipefish-733.jpg,0.022574562579393387
SINet-v2/S2C,COD10K-CAM-1-Aquatic-13-Pipefish-734.jpg,0.13019445538520813
SINet-v2/S2C,COD10K-CAM-1-Aquatic-13-Pipefish-735.jpg,0.04748235642910004
SINet-v2/S2C,COD10K-CAM-1-Aquatic-13-Pipefish-737.jpg,0.061354197561740875
SINet-v2/S2C,COD10K-CAM-1-Aquatic-13-Pipefish-738.jpg,0.03915400058031082
SINet-v2/S2C,COD10K-CAM-1-Aquatic-13-Pipefish-739.jpg,0.1240527480840683
SINet-v2/S2C,COD10K-CAM-1-Aquatic-13-Pipefish-740.jpg,0.17595447599887848
SINet-v2/S2C,COD10K-CAM-1-Aquatic-13-Pipefish-741.jpg,0.029011398553848267
SINet-v2/S2C,COD10K-CAM-1-Aquatic-13-Pipefish-742.jpg,0.14182651042938232
SINet-v2/S2C,COD10K-CAM-1-Aquatic-13-Pipefish-743.jpg,0.046368591487407684
SINet-v2/S2C,COD10K-CAM-1-Aquatic-13-Pipefish-744.jpg,0.1153314858675003
SINet-v2/S2C,COD10K-CAM-1-Aquatic-13-Pipefish-745.jpg,0.16626766324043274
SINet-v2/S2C,COD10K-CAM-1-Aquatic-13-Pipefish-746.jpg,0.025982528924942017
SINet-v2/S2C,COD10K-CAM-1-Aquatic-13-Pipefish-747.jpg,0.03818853572010994
SINet-v2/S2C,COD10K-CAM-1-Aquatic-13-Pipefish-751.jpg,0.017934128642082214
SINet-v2/S2C,COD10K-CAM-1-Aquatic-13-Pipefish-753.jpg,0.08435570448637009
SINet-v2/S2C,COD10K-CAM-1-Aquatic-13-Pipefish-754.jpg,0.05311548709869385
SINet-v2/S2C,COD10K-CAM-1-Aquatic-13-Pipefish-755.jpg,0.028463277965784073
SINet-v2/S2C,COD10K-CAM-1-Aquatic-13-Pipefish-756.jpg,0.06809891015291214
SINet-v2/S2C,COD10K-CAM-1-Aquatic-13-Pipefish-757.jpg,0.036059241741895676
SINet-v2/S2C,COD10K-CAM-1-Aquatic-13-Pipefish-758.jpg,0.028907794505357742
SINet-v2/S2C,COD10K-CAM-1-Aquatic-13-Pipefish-760.jpg,0.04421405866742134
SINet-v2/S2C,COD10K-CAM-1-Aquatic-13-Pipefish-761.jpg,0.024055706337094307
SINet-v2/S2C,COD10K-CAM-1-Aquatic-13-Pipefish-762.jpg,0.07803121209144592
SINet-v2/S2C,COD10K-CAM-1-Aquatic-13-Pipefish-763.jpg,0.018936600536108017
SINet-v2/S2C,COD10K-CAM-1-Aquatic-13-Pipefish-764.jpg,0.030414292588829994
SINet-v2/S2C,COD10K-CAM-1-Aquatic-13-Pipefish-765.jpg,0.10277975350618362
SINet-v2/S2C,COD10K-CAM-1-Aquatic-13-Pipefish-766.jpg,0.03130016103386879
SINet-v2/S2C,COD10K-CAM-1-Aquatic-13-Pipefish-767.jpg,0.03832866623997688
SINet-v2/S2C,COD10K-CAM-1-Aquatic-13-Pipefish-768.jpg,0.041583351790905
SINet-v2/S2C,COD10K-CAM-1-Aquatic-13-Pipefish-770.jpg,0.05850674957036972
SINet-v2/S2C,COD10K-CAM-1-Aquatic-13-Pipefish-771.jpg,0.04665280133485794
SINet-v2/S2C,COD10K-CAM-1-Aquatic-13-Pipefish-773.jpg,0.007744690403342247
SINet-v2/S2C,COD10K-CAM-1-Aquatic-13-Pipefish-775.jpg,0.023893890902400017
SINet-v2/S2C,COD10K-CAM-1-Aquatic-13-Pipefish-778.jpg,0.047841690480709076
SINet-v2/S2C,COD10K-CAM-1-Aquatic-13-Pipefish-779.jpg,0.02596287429332733
SINet-v2/S2C,COD10K-CAM-1-Aquatic-13-Pipefish-780.jpg,0.03388471156358719
SINet-v2/S2C,COD10K-CAM-1-Aquatic-13-Pipefish-782.jpg,0.03403772413730621
SINet-v2/S2C,COD10K-CAM-1-Aquatic-13-Pipefish-783.jpg,0.15890586376190186
SINet-v2/S2C,COD10K-CAM-1-Aquatic-13-Pipefish-784.jpg,0.010544097051024437
SINet-v2/S2C,COD10K-CAM-1-Aquatic-13-Pipefish-785.jpg,0.08961398899555206
SINet-v2/S2C,COD10K-CAM-1-Aquatic-13-Pipefish-786.jpg,0.034670475870370865
SINet-v2/S2C,COD10K-CAM-1-Aquatic-13-Pipefish-787.jpg,0.11969831585884094
SINet-v2/S2C,COD10K-CAM-1-Aquatic-13-Pipefish-790.jpg,0.03933382406830788
SINet-v2/S2C,COD10K-CAM-1-Aquatic-13-Pipefish-791.jpg,0.04903559386730194
SINet-v2/S2C,COD10K-CAM-1-Aquatic-13-Pipefish-792.jpg,0.13270090520381927
SINet-v2/S2C,COD10K-CAM-1-Aquatic-13-Pipefish-793.jpg,0.673927366733551
SINet-v2/S2C,COD10K-CAM-1-Aquatic-13-Pipefish-794.jpg,0.02772875502705574
SINet-v2/S2C,COD10K-CAM-1-Aquatic-13-Pipefish-796.jpg,0.006548302248120308
SINet-v2/S2C,COD10K-CAM-1-Aquatic-13-Pipefish-797.jpg,0.02058160863816738
SINet-v2/S2C,COD10K-CAM-1-Aquatic-13-Pipefish-798.jpg,0.041984088718891144
SINet-v2/S2C,COD10K-CAM-1-Aquatic-13-Pipefish-799.jpg,0.1139136254787445
SINet-v2/S2C,COD10K-CAM-1-Aquatic-13-Pipefish-801.jpg,0.017559241503477097
SINet-v2/S2C,COD10K-CAM-1-Aquatic-13-Pipefish-802.jpg,0.03954717516899109
SINet-v2/S2C,COD10K-CAM-1-Aquatic-13-Pipefish-803.jpg,0.0878816694021225
SINet-v2/S2C,COD10K-CAM-1-Aquatic-13-Pipefish-805.jpg,0.05029675364494324
SINet-v2/S2C,COD10K-CAM-1-Aquatic-13-Pipefish-806.jpg,0.16371291875839233
SINet-v2/S2C,COD10K-CAM-1-Aquatic-13-Pipefish-808.jpg,0.08261040598154068
SINet-v2/S2C,COD10K-CAM-1-Aquatic-13-Pipefish-809.jpg,0.12771901488304138
SINet-v2/S2C,COD10K-CAM-1-Aquatic-13-Pipefish-811.jpg,0.053123150020837784
SINet-v2/S2C,COD10K-CAM-1-Aquatic-13-Pipefish-812.jpg,0.046078409999608994
SINet-v2/S2C,COD10K-CAM-1-Aquatic-13-Pipefish-814.jpg,0.08386441320180893
SINet-v2/S2C,COD10K-CAM-1-Aquatic-13-Pipefish-815.jpg,0.07799393683671951
SINet-v2/S2C,COD10K-CAM-1-Aquatic-13-Pipefish-816.jpg,0.03111281618475914
SINet-v2/S2C,COD10K-CAM-1-Aquatic-13-Pipefish-817.jpg,0.04836967960000038
SINet-v2/S2C,COD10K-CAM-1-Aquatic-13-Pipefish-819.jpg,0.025088690221309662
SINet-v2/S2C,COD10K-CAM-1-Aquatic-13-Pipefish-820.jpg,0.08119159936904907
SINet-v2/S2C,COD10K-CAM-1-Aquatic-13-Pipefish-821.jpg,0.035617977380752563
SINet-v2/S2C,COD10K-CAM-1-Aquatic-13-Pipefish-822.jpg,0.06154089421033859
SINet-v2/S2C,COD10K-CAM-1-Aquatic-13-Pipefish-823.jpg,0.03976234793663025
SINet-v2/S2C,COD10K-CAM-1-Aquatic-13-Pipefish-824.jpg,0.11132609099149704
SINet-v2/S2C,COD10K-CAM-1-Aquatic-13-Pipefish-825.jpg,0.10912497341632843
SINet-v2/S2C,COD10K-CAM-1-Aquatic-13-Pipefish-827.jpg,0.016189265996217728
SINet-v2/S2C,COD10K-CAM-1-Aquatic-13-Pipefish-828.jpg,0.121039479970932
SINet-v2/S2C,COD10K-CAM-1-Aquatic-13-Pipefish-829.jpg,0.01847730204463005
SINet-v2/S2C,COD10K-CAM-1-Aquatic-13-Pipefish-831.jpg,0.058891549706459045
SINet-v2/S2C,COD10K-CAM-1-Aquatic-13-Pipefish-834.jpg,0.014949288219213486
SINet-v2/S2C,COD10K-CAM-1-Aquatic-13-Pipefish-838.jpg,0.06349600851535797
SINet-v2/S2C,COD10K-CAM-1-Aquatic-13-Pipefish-839.jpg,0.031843461096286774
SINet-v2/S2C,COD10K-CAM-1-Aquatic-13-Pipefish-840.jpg,0.029719531536102295
SINet-v2/S2C,COD10K-CAM-1-Aquatic-14-ScorpionFish-846.jpg,0.07288172841072083
SINet-v2/S2C,COD10K-CAM-1-Aquatic-14-ScorpionFish-847.jpg,0.04821699857711792
SINet-v2/S2C,COD10K-CAM-1-Aquatic-14-ScorpionFish-849.jpg,0.04133693128824234
SINet-v2/S2C,COD10K-CAM-1-Aquatic-14-ScorpionFish-851.jpg,0.02967330440878868
SINet-v2/S2C,COD10K-CAM-1-Aquatic-14-ScorpionFish-852.jpg,0.05463164299726486
SINet-v2/S2C,COD10K-CAM-1-Aquatic-14-ScorpionFish-856.jpg,0.05988360196352005
SINet-v2/S2C,COD10K-CAM-1-Aquatic-14-ScorpionFish-857.jpg,0.047214992344379425
SINet-v2/S2C,COD10K-CAM-1-Aquatic-14-ScorpionFish-859.jpg,0.041375432163476944
SINet-v2/S2C,COD10K-CAM-1-Aquatic-14-ScorpionFish-860.jpg,0.13105551898479462
SINet-v2/S2C,COD10K-CAM-1-Aquatic-14-ScorpionFish-861.jpg,0.08310258388519287
SINet-v2/S2C,COD10K-CAM-1-Aquatic-14-ScorpionFish-864.jpg,0.08112629503011703
SINet-v2/S2C,COD10K-CAM-1-Aquatic-14-ScorpionFish-866.jpg,0.04776512458920479
SINet-v2/S2C,COD10K-CAM-1-Aquatic-14-ScorpionFish-870.jpg,0.14568868279457092
SINet-v2/S2C,COD10K-CAM-1-Aquatic-14-ScorpionFish-871.jpg,0.03643965721130371
SINet-v2/S2C,COD10K-CAM-1-Aquatic-14-ScorpionFish-875.jpg,0.13376499712467194
SINet-v2/S2C,COD10K-CAM-1-Aquatic-14-ScorpionFish-876.jpg,0.03260616958141327
SINet-v2/S2C,COD10K-CAM-1-Aquatic-14-ScorpionFish-877.jpg,0.04977903887629509
SINet-v2/S2C,COD10K-CAM-1-Aquatic-14-ScorpionFish-878.jpg,0.043705374002456665
SINet-v2/S2C,COD10K-CAM-1-Aquatic-14-ScorpionFish-880.jpg,0.10168152302503586
SINet-v2/S2C,COD10K-CAM-1-Aquatic-14-ScorpionFish-882.jpg,0.03551742807030678
SINet-v2/S2C,COD10K-CAM-1-Aquatic-14-ScorpionFish-885.jpg,0.032431088387966156
SINet-v2/S2C,COD10K-CAM-1-Aquatic-14-ScorpionFish-886.jpg,0.059489402920007706
SINet-v2/S2C,COD10K-CAM-1-Aquatic-14-ScorpionFish-887.jpg,0.021584440022706985
SINet-v2/S2C,COD10K-CAM-1-Aquatic-14-ScorpionFish-888.jpg,0.09917198121547699
SINet-v2/S2C,COD10K-CAM-1-Aquatic-14-ScorpionFish-890.jpg,0.16017460823059082
SINet-v2/S2C,COD10K-CAM-1-Aquatic-14-ScorpionFish-893.jpg,0.07033313810825348
SINet-v2/S2C,COD10K-CAM-1-Aquatic-14-ScorpionFish-894.jpg,0.1689978390932083
SINet-v2/S2C,COD10K-CAM-1-Aquatic-14-ScorpionFish-895.jpg,0.03751964867115021
SINet-v2/S2C,COD10K-CAM-1-Aquatic-14-ScorpionFish-902.jpg,0.02175261080265045
SINet-v2/S2C,COD10K-CAM-1-Aquatic-14-ScorpionFish-903.jpg,0.07605580985546112
SINet-v2/S2C,COD10K-CAM-1-Aquatic-14-ScorpionFish-904.jpg,0.10765066742897034
SINet-v2/S2C,COD10K-CAM-1-Aquatic-14-ScorpionFish-905.jpg,0.06276480853557587
SINet-v2/S2C,COD10K-CAM-1-Aquatic-14-ScorpionFish-908.jpg,0.053208544850349426
SINet-v2/S2C,COD10K-CAM-1-Aquatic-14-ScorpionFish-909.jpg,0.07739003002643585
SINet-v2/S2C,COD10K-CAM-1-Aquatic-14-ScorpionFish-910.jpg,0.09388263523578644
SINet-v2/S2C,COD10K-CAM-1-Aquatic-14-ScorpionFish-912.jpg,0.06741637736558914
SINet-v2/S2C,COD10K-CAM-1-Aquatic-14-ScorpionFish-913.jpg,0.05235744267702103
SINet-v2/S2C,COD10K-CAM-1-Aquatic-14-ScorpionFish-914.jpg,0.03258104994893074
SINet-v2/S2C,COD10K-CAM-1-Aquatic-14-ScorpionFish-916.jpg,0.1055787056684494
SINet-v2/S2C,COD10K-CAM-1-Aquatic-14-ScorpionFish-917.jpg,0.0715978667140007
SINet-v2/S2C,COD10K-CAM-1-Aquatic-14-ScorpionFish-920.jpg,0.16429367661476135
SINet-v2/S2C,COD10K-CAM-1-Aquatic-14-ScorpionFish-921.jpg,0.04702416807413101
SINet-v2/S2C,COD10K-CAM-1-Aquatic-14-ScorpionFish-922.jpg,0.05641472339630127
SINet-v2/S2C,COD10K-CAM-1-Aquatic-14-ScorpionFish-923.jpg,0.2872537672519684
SINet-v2/S2C,COD10K-CAM-1-Aquatic-14-ScorpionFish-924.jpg,0.07151691615581512
SINet-v2/S2C,COD10K-CAM-1-Aquatic-14-ScorpionFish-925.jpg,0.06351670622825623
SINet-v2/S2C,COD10K-CAM-1-Aquatic-14-ScorpionFish-927.jpg,0.052533384412527084
SINet-v2/S2C,COD10K-CAM-1-Aquatic-14-ScorpionFish-929.jpg,0.011535776779055595
SINet-v2/S2C,COD10K-CAM-1-Aquatic-14-ScorpionFish-931.jpg,0.0261775441467762
SINet-v2/S2C,COD10K-CAM-1-Aquatic-14-ScorpionFish-932.jpg,0.05965306609869003
SINet-v2/S2C,COD10K-CAM-1-Aquatic-14-ScorpionFish-933.jpg,0.11860484629869461
SINet-v2/S2C,COD10K-CAM-1-Aquatic-14-ScorpionFish-937.jpg,0.0398329421877861
SINet-v2/S2C,COD10K-CAM-1-Aquatic-14-ScorpionFish-938.jpg,0.07192011922597885
SINet-v2/S2C,COD10K-CAM-1-Aquatic-14-ScorpionFish-941.jpg,0.05829581618309021
SINet-v2/S2C,COD10K-CAM-1-Aquatic-14-ScorpionFish-942.jpg,0.0863289088010788
SINet-v2/S2C,COD10K-CAM-1-Aquatic-14-ScorpionFish-944.jpg,0.08034072816371918
SINet-v2/S2C,COD10K-CAM-1-Aquatic-14-ScorpionFish-946.jpg,0.08598963171243668
SINet-v2/S2C,COD10K-CAM-1-Aquatic-14-ScorpionFish-947.jpg,0.06847409904003143
SINet-v2/S2C,COD10K-CAM-1-Aquatic-14-ScorpionFish-948.jpg,0.16183194518089294
SINet-v2/S2C,COD10K-CAM-1-Aquatic-14-ScorpionFish-949.jpg,0.010884879156947136
SINet-v2/S2C,COD10K-CAM-1-Aquatic-14-ScorpionFish-951.jpg,0.016439229249954224
SINet-v2/S2C,COD10K-CAM-1-Aquatic-14-ScorpionFish-952.jpg,0.17707890272140503
SINet-v2/S2C,COD10K-CAM-1-Aquatic-14-ScorpionFish-953.jpg,0.04893230274319649
SINet-v2/S2C,COD10K-CAM-1-Aquatic-14-ScorpionFish-955.jpg,0.033578623086214066
SINet-v2/S2C,COD10K-CAM-1-Aquatic-14-ScorpionFish-956.jpg,0.057561807334423065
SINet-v2/S2C,COD10K-CAM-1-Aquatic-14-ScorpionFish-957.jpg,0.030904371291399002
SINet-v2/S2C,COD10K-CAM-1-Aquatic-14-ScorpionFish-958.jpg,0.03625812381505966
SINet-v2/S2C,COD10K-CAM-1-Aquatic-15-SeaHorse-1000.jpg,0.0292004756629467
SINet-v2/S2C,COD10K-CAM-1-Aquatic-15-SeaHorse-1001.jpg,0.060944557189941406
SINet-v2/S2C,COD10K-CAM-1-Aquatic-15-SeaHorse-1005.jpg,0.12096630036830902
SINet-v2/S2C,COD10K-CAM-1-Aquatic-15-SeaHorse-1007.jpg,0.06642268598079681
SINet-v2/S2C,COD10K-CAM-1-Aquatic-15-SeaHorse-1008.jpg,0.061424653977155685
SINet-v2/S2C,COD10K-CAM-1-Aquatic-15-SeaHorse-1009.jpg,0.023787464946508408
SINet-v2/S2C,COD10K-CAM-1-Aquatic-15-SeaHorse-1011.jpg,0.009762989357113838
SINet-v2/S2C,COD10K-CAM-1-Aquatic-15-SeaHorse-1016.jpg,0.11157280206680298
SINet-v2/S2C,COD10K-CAM-1-Aquatic-15-SeaHorse-1017.jpg,0.03436506539583206
SINet-v2/S2C,COD10K-CAM-1-Aquatic-15-SeaHorse-1018.jpg,0.0807366818189621
SINet-v2/S2C,COD10K-CAM-1-Aquatic-15-SeaHorse-1019.jpg,0.024276690557599068
SINet-v2/S2C,COD10K-CAM-1-Aquatic-15-SeaHorse-1020.jpg,0.010265556164085865
SINet-v2/S2C,COD10K-CAM-1-Aquatic-15-SeaHorse-1021.jpg,0.03614913672208786
SINet-v2/S2C,COD10K-CAM-1-Aquatic-15-SeaHorse-1024.jpg,0.07215233892202377
SINet-v2/S2C,COD10K-CAM-1-Aquatic-15-SeaHorse-1025.jpg,0.010429706424474716
SINet-v2/S2C,COD10K-CAM-1-Aquatic-15-SeaHorse-1026.jpg,0.17724180221557617
SINet-v2/S2C,COD10K-CAM-1-Aquatic-15-SeaHorse-1027.jpg,0.04404032975435257
SINet-v2/S2C,COD10K-CAM-1-Aquatic-15-SeaHorse-1028.jpg,0.05457969009876251
SINet-v2/S2C,COD10K-CAM-1-Aquatic-15-SeaHorse-1029.jpg,0.17918355762958527
SINet-v2/S2C,COD10K-CAM-1-Aquatic-15-SeaHorse-1030.jpg,0.03277793899178505
SINet-v2/S2C,COD10K-CAM-1-Aquatic-15-SeaHorse-1031.jpg,0.024939781054854393
SINet-v2/S2C,COD10K-CAM-1-Aquatic-15-SeaHorse-1033.jpg,0.01815750077366829
SINet-v2/S2C,COD10K-CAM-1-Aquatic-15-SeaHorse-1034.jpg,0.029044821858406067
SINet-v2/S2C,COD10K-CAM-1-Aquatic-15-SeaHorse-1036.jpg,0.0075286864303052425
SINet-v2/S2C,COD10K-CAM-1-Aquatic-15-SeaHorse-1037.jpg,0.032811857759952545
SINet-v2/S2C,COD10K-CAM-1-Aquatic-15-SeaHorse-1038.jpg,0.0372055321931839
SINet-v2/S2C,COD10K-CAM-1-Aquatic-15-SeaHorse-1039.jpg,0.09123726934194565
SINet-v2/S2C,COD10K-CAM-1-Aquatic-15-SeaHorse-1040.jpg,0.09254621714353561
SINet-v2/S2C,COD10K-CAM-1-Aquatic-15-SeaHorse-1041.jpg,0.10620589554309845
SINet-v2/S2C,COD10K-CAM-1-Aquatic-15-SeaHorse-1042.jpg,0.025993315503001213
SINet-v2/S2C,COD10K-CAM-1-Aquatic-15-SeaHorse-1045.jpg,0.19108958542346954
SINet-v2/S2C,COD10K-CAM-1-Aquatic-15-SeaHorse-1046.jpg,0.14428824186325073
SINet-v2/S2C,COD10K-CAM-1-Aquatic-15-SeaHorse-1049.jpg,0.041261106729507446
SINet-v2/S2C,COD10K-CAM-1-Aquatic-15-SeaHorse-1050.jpg,0.06403610110282898
SINet-v2/S2C,COD10K-CAM-1-Aquatic-15-SeaHorse-1051.jpg,0.047675926238298416
SINet-v2/S2C,COD10K-CAM-1-Aquatic-15-SeaHorse-1053.jpg,0.3084802031517029
SINet-v2/S2C,COD10K-CAM-1-Aquatic-15-SeaHorse-1054.jpg,0.18796683847904205
SINet-v2/S2C,COD10K-CAM-1-Aquatic-15-SeaHorse-1055.jpg,0.2034182846546173
SINet-v2/S2C,COD10K-CAM-1-Aquatic-15-SeaHorse-1056.jpg,0.1590859293937683
SINet-v2/S2C,COD10K-CAM-1-Aquatic-15-SeaHorse-1058.jpg,0.022237146273255348
SINet-v2/S2C,COD10K-CAM-1-Aquatic-15-SeaHorse-1059.jpg,0.11134058982133865
SINet-v2/S2C,COD10K-CAM-1-Aquatic-15-SeaHorse-1060.jpg,0.07287178933620453
SINet-v2/S2C,COD10K-CAM-1-Aquatic-15-SeaHorse-1061.jpg,0.02192099764943123
SINet-v2/S2C,COD10K-CAM-1-Aquatic-15-SeaHorse-1062.jpg,0.09320050477981567
SINet-v2/S2C,COD10K-CAM-1-Aquatic-15-SeaHorse-1064.jpg,0.03496544063091278
SINet-v2/S2C,COD10K-CAM-1-Aquatic-15-SeaHorse-1065.jpg,0.05650431662797928
SINet-v2/S2C,COD10K-CAM-1-Aquatic-15-SeaHorse-1068.jpg,0.060499951243400574
SINet-v2/S2C,COD10K-CAM-1-Aquatic-15-SeaHorse-1072.jpg,0.19782042503356934
SINet-v2/S2C,COD10K-CAM-1-Aquatic-15-SeaHorse-1073.jpg,0.1188480406999588
SINet-v2/S2C,COD10K-CAM-1-Aquatic-15-SeaHorse-1075.jpg,0.030311772599816322
SINet-v2/S2C,COD10K-CAM-1-Aquatic-15-SeaHorse-1077.jpg,0.10164672881364822
SINet-v2/S2C,COD10K-CAM-1-Aquatic-15-SeaHorse-1079.jpg,0.10140120983123779
SINet-v2/S2C,COD10K-CAM-1-Aquatic-15-SeaHorse-1080.jpg,0.0438975989818573
SINet-v2/S2C,COD10K-CAM-1-Aquatic-15-SeaHorse-1081.jpg,0.15974856913089752
SINet-v2/S2C,COD10K-CAM-1-Aquatic-15-SeaHorse-1082.jpg,0.046167001128196716
SINet-v2/S2C,COD10K-CAM-1-Aquatic-15-SeaHorse-1084.jpg,0.16271546483039856
SINet-v2/S2C,COD10K-CAM-1-Aquatic-15-SeaHorse-1087.jpg,0.05465082824230194
SINet-v2/S2C,COD10K-CAM-1-Aquatic-15-SeaHorse-1089.jpg,0.05073797330260277
SINet-v2/S2C,COD10K-CAM-1-Aquatic-15-SeaHorse-1090.jpg,0.11498679220676422
SINet-v2/S2C,COD10K-CAM-1-Aquatic-15-SeaHorse-1091.jpg,0.04656841978430748
SINet-v2/S2C,COD10K-CAM-1-Aquatic-15-SeaHorse-1093.jpg,0.07147733867168427
SINet-v2/S2C,COD10K-CAM-1-Aquatic-15-SeaHorse-1094.jpg,0.050846852362155914
SINet-v2/S2C,COD10K-CAM-1-Aquatic-15-SeaHorse-1095.jpg,0.03208176791667938
SINet-v2/S2C,COD10K-CAM-1-Aquatic-15-SeaHorse-1097.jpg,0.0723753273487091
SINet-v2/S2C,COD10K-CAM-1-Aquatic-15-SeaHorse-1098.jpg,0.01147634070366621
SINet-v2/S2C,COD10K-CAM-1-Aquatic-15-SeaHorse-1100.jpg,0.07942230999469757
SINet-v2/S2C,COD10K-CAM-1-Aquatic-15-SeaHorse-1101.jpg,0.0684133917093277
SINet-v2/S2C,COD10K-CAM-1-Aquatic-15-SeaHorse-1102.jpg,0.047092631459236145
SINet-v2/S2C,COD10K-CAM-1-Aquatic-15-SeaHorse-1103.jpg,0.08940248191356659
SINet-v2/S2C,COD10K-CAM-1-Aquatic-15-SeaHorse-1104.jpg,0.049242764711380005
SINet-v2/S2C,COD10K-CAM-1-Aquatic-15-SeaHorse-1106.jpg,0.026911471039056778
SINet-v2/S2C,COD10K-CAM-1-Aquatic-15-SeaHorse-1107.jpg,0.02460164576768875
SINet-v2/S2C,COD10K-CAM-1-Aquatic-15-SeaHorse-1108.jpg,0.1373547911643982
SINet-v2/S2C,COD10K-CAM-1-Aquatic-15-SeaHorse-1111.jpg,0.1581493616104126
SINet-v2/S2C,COD10K-CAM-1-Aquatic-15-SeaHorse-1112.jpg,0.0795847624540329
SINet-v2/S2C,COD10K-CAM-1-Aquatic-15-SeaHorse-959.jpg,0.04235918074846268
SINet-v2/S2C,COD10K-CAM-1-Aquatic-15-SeaHorse-960.jpg,0.15063980221748352
SINet-v2/S2C,COD10K-CAM-1-Aquatic-15-SeaHorse-961.jpg,0.08290722221136093
SINet-v2/S2C,COD10K-CAM-1-Aquatic-15-SeaHorse-964.jpg,0.07594701647758484
SINet-v2/S2C,COD10K-CAM-1-Aquatic-15-SeaHorse-965.jpg,0.034694209694862366
SINet-v2/S2C,COD10K-CAM-1-Aquatic-15-SeaHorse-967.jpg,0.14947810769081116
SINet-v2/S2C,COD10K-CAM-1-Aquatic-15-SeaHorse-968.jpg,0.033455293625593185
SINet-v2/S2C,COD10K-CAM-1-Aquatic-15-SeaHorse-969.jpg,0.0993771180510521
SINet-v2/S2C,COD10K-CAM-1-Aquatic-15-SeaHorse-970.jpg,0.23456361889839172
SINet-v2/S2C,COD10K-CAM-1-Aquatic-15-SeaHorse-971.jpg,0.09963122010231018
SINet-v2/S2C,COD10K-CAM-1-Aquatic-15-SeaHorse-973.jpg,0.06685313582420349
SINet-v2/S2C,COD10K-CAM-1-Aquatic-15-SeaHorse-974.jpg,0.148397296667099
SINet-v2/S2C,COD10K-CAM-1-Aquatic-15-SeaHorse-975.jpg,0.03219253942370415
SINet-v2/S2C,COD10K-CAM-1-Aquatic-15-SeaHorse-976.jpg,0.05586140602827072
SINet-v2/S2C,COD10K-CAM-1-Aquatic-15-SeaHorse-979.jpg,0.03912489861249924
SINet-v2/S2C,COD10K-CAM-1-Aquatic-15-SeaHorse-982.jpg,0.031189478933811188
SINet-v2/S2C,COD10K-CAM-1-Aquatic-15-SeaHorse-985.jpg,0.12468493729829788
SINet-v2/S2C,COD10K-CAM-1-Aquatic-15-SeaHorse-987.jpg,0.046893566846847534
SINet-v2/S2C,COD10K-CAM-1-Aquatic-15-SeaHorse-988.jpg,0.05307122319936752
SINet-v2/S2C,COD10K-CAM-1-Aquatic-15-SeaHorse-991.jpg,0.049708008766174316
SINet-v2/S2C,COD10K-CAM-1-Aquatic-15-SeaHorse-993.jpg,0.11640824377536774
SINet-v2/S2C,COD10K-CAM-1-Aquatic-15-SeaHorse-994.jpg,0.1196114718914032
SINet-v2/S2C,COD10K-CAM-1-Aquatic-15-SeaHorse-995.jpg,0.06390679627656937
SINet-v2/S2C,COD10K-CAM-1-Aquatic-15-SeaHorse-998.jpg,0.05690024793148041
SINet-v2/S2C,COD10K-CAM-1-Aquatic-16-Shrimp-1113.jpg,0.14372128248214722
SINet-v2/S2C,COD10K-CAM-1-Aquatic-16-Shrimp-1114.jpg,0.032189227640628815
SINet-v2/S2C,COD10K-CAM-1-Aquatic-16-Shrimp-1118.jpg,0.2798340320587158
SINet-v2/S2C,COD10K-CAM-1-Aquatic-16-Shrimp-1122.jpg,0.021409060806035995
SINet-v2/S2C,COD10K-CAM-1-Aquatic-16-Shrimp-1124.jpg,0.14927630126476288
SINet-v2/S2C,COD10K-CAM-1-Aquatic-16-Shrimp-1125.jpg,0.018396371975541115
SINet-v2/S2C,COD10K-CAM-1-Aquatic-16-Shrimp-1126.jpg,0.22330407798290253
SINet-v2/S2C,COD10K-CAM-1-Aquatic-16-Shrimp-1127.jpg,0.2795819938182831
SINet-v2/S2C,COD10K-CAM-1-Aquatic-16-Shrimp-1129.jpg,0.012178771197795868
SINet-v2/S2C,COD10K-CAM-1-Aquatic-16-Shrimp-1131.jpg,0.08669271320104599
SINet-v2/S2C,COD10K-CAM-1-Aquatic-16-Shrimp-1132.jpg,0.009381890296936035
SINet-v2/S2C,COD10K-CAM-1-Aquatic-16-Shrimp-1133.jpg,0.08067554980516434
SINet-v2/S2C,COD10K-CAM-1-Aquatic-16-Shrimp-1134.jpg,0.1531224250793457
SINet-v2/S2C,COD10K-CAM-1-Aquatic-16-Shrimp-1135.jpg,0.01487075537443161
SINet-v2/S2C,COD10K-CAM-1-Aquatic-16-Shrimp-1136.jpg,0.030628418549895287
SINet-v2/S2C,COD10K-CAM-1-Aquatic-16-Shrimp-1137.jpg,0.07433554530143738
SINet-v2/S2C,COD10K-CAM-1-Aquatic-16-Shrimp-1138.jpg,0.06323343515396118
SINet-v2/S2C,COD10K-CAM-1-Aquatic-16-Shrimp-1139.jpg,0.0418768972158432
SINet-v2/S2C,COD10K-CAM-1-Aquatic-16-Shrimp-1141.jpg,0.028632931411266327
SINet-v2/S2C,COD10K-CAM-1-Aquatic-16-Shrimp-1143.jpg,0.01589018665254116
SINet-v2/S2C,COD10K-CAM-1-Aquatic-16-Shrimp-1144.jpg,0.10807158797979355
SINet-v2/S2C,COD10K-CAM-1-Aquatic-16-Shrimp-1146.jpg,0.13167011737823486
SINet-v2/S2C,COD10K-CAM-1-Aquatic-16-Shrimp-1147.jpg,0.06523986160755157
SINet-v2/S2C,COD10K-CAM-1-Aquatic-17-Slug-1148.jpg,0.07634978741407394
SINet-v2/S2C,COD10K-CAM-1-Aquatic-17-Slug-1150.jpg,0.07416623830795288
SINet-v2/S2C,COD10K-CAM-1-Aquatic-17-Slug-1152.jpg,0.09036325663328171
SINet-v2/S2C,COD10K-CAM-1-Aquatic-18-StarFish-1153.jpg,0.050916969776153564
SINet-v2/S2C,COD10K-CAM-1-Aquatic-18-StarFish-1154.jpg,0.009255649521946907
SINet-v2/S2C,COD10K-CAM-1-Aquatic-18-StarFish-1155.jpg,0.033175028860569
SINet-v2/S2C,COD10K-CAM-1-Aquatic-18-StarFish-1156.jpg,0.08521002531051636
SINet-v2/S2C,COD10K-CAM-1-Aquatic-18-StarFish-1157.jpg,0.03884090483188629
SINet-v2/S2C,COD10K-CAM-1-Aquatic-18-StarFish-1158.jpg,0.05348176136612892
SINet-v2/S2C,COD10K-CAM-1-Aquatic-18-StarFish-1159.jpg,0.03827909380197525
SINet-v2/S2C,COD10K-CAM-1-Aquatic-18-StarFish-1160.jpg,0.004992871545255184
SINet-v2/S2C,COD10K-CAM-1-Aquatic-18-StarFish-1163.jpg,0.03508579730987549
SINet-v2/S2C,COD10K-CAM-1-Aquatic-18-StarFish-1165.jpg,0.035232432186603546
SINet-v2/S2C,COD10K-CAM-1-Aquatic-18-StarFish-1166.jpg,0.08532703667879105
SINet-v2/S2C,COD10K-CAM-1-Aquatic-18-StarFish-1167.jpg,0.09506046772003174
SINet-v2/S2C,COD10K-CAM-1-Aquatic-18-StarFish-1168.jpg,0.05758008360862732
SINet-v2/S2C,COD10K-CAM-1-Aquatic-18-StarFish-1169.jpg,0.18850094079971313
SINet-v2/S2C,COD10K-CAM-1-Aquatic-18-StarFish-1170.jpg,0.017120471224188805
SINet-v2/S2C,COD10K-CAM-1-Aquatic-18-StarFish-1172.jpg,0.020466741174459457
SINet-v2/S2C,COD10K-CAM-1-Aquatic-18-StarFish-1174.jpg,0.04676185920834541
SINet-v2/S2C,COD10K-CAM-1-Aquatic-18-StarFish-1175.jpg,0.07413969933986664
SINet-v2/S2C,COD10K-CAM-1-Aquatic-18-StarFish-1176.jpg,0.043955247849226
SINet-v2/S2C,COD10K-CAM-1-Aquatic-18-StarFish-1179.jpg,0.04559752345085144
SINet-v2/S2C,COD10K-CAM-1-Aquatic-18-StarFish-1180.jpg,0.03894564509391785
SINet-v2/S2C,COD10K-CAM-1-Aquatic-18-StarFish-1182.jpg,0.1025160551071167
SINet-v2/S2C,COD10K-CAM-1-Aquatic-18-StarFish-1184.jpg,0.03146967664361
SINet-v2/S2C,COD10K-CAM-1-Aquatic-19-Stingaree-1185.jpg,0.07307782024145126
SINet-v2/S2C,COD10K-CAM-1-Aquatic-19-Stingaree-1187.jpg,0.012725665234029293
SINet-v2/S2C,COD10K-CAM-1-Aquatic-19-Stingaree-1188.jpg,0.027274176478385925
SINet-v2/S2C,COD10K-CAM-1-Aquatic-19-Stingaree-1189.jpg,0.07880483567714691
SINet-v2/S2C,COD10K-CAM-1-Aquatic-19-Stingaree-1193.jpg,0.019647754728794098
SINet-v2/S2C,COD10K-CAM-1-Aquatic-19-Stingaree-1194.jpg,0.1323680877685547
SINet-v2/S2C,COD10K-CAM-1-Aquatic-19-Stingaree-1195.jpg,0.039642542600631714
SINet-v2/S2C,COD10K-CAM-1-Aquatic-19-Stingaree-1196.jpg,0.06775470823049545
SINet-v2/S2C,COD10K-CAM-1-Aquatic-19-Stingaree-1199.jpg,0.018458537757396698
SINet-v2/S2C,COD10K-CAM-1-Aquatic-19-Stingaree-1200.jpg,0.05072665959596634
SINet-v2/S2C,COD10K-CAM-1-Aquatic-19-Stingaree-1201.jpg,0.01894042268395424
SINet-v2/S2C,COD10K-CAM-1-Aquatic-19-Stingaree-1202.jpg,0.0738750696182251
SINet-v2/S2C,COD10K-CAM-1-Aquatic-19-Stingaree-1205.jpg,0.02199864760041237
SINet-v2/S2C,COD10K-CAM-1-Aquatic-19-Stingaree-1206.jpg,0.05119246616959572
SINet-v2/S2C,COD10K-CAM-1-Aquatic-2-ClownFish-12.jpg,0.17005661129951477
SINet-v2/S2C,COD10K-CAM-1-Aquatic-2-ClownFish-14.jpg,0.17086386680603027
SINet-v2/S2C,COD10K-CAM-1-Aquatic-2-ClownFish-16.jpg,0.016292301937937737
SINet-v2/S2C,COD10K-CAM-1-Aquatic-2-ClownFish-17.jpg,0.32829055190086365
SINet-v2/S2C,COD10K-CAM-1-Aquatic-20-Turtle-1208.jpg,0.02583283931016922
SINet-v2/S2C,COD10K-CAM-1-Aquatic-20-Turtle-1209.jpg,0.028844183310866356
SINet-v2/S2C,COD10K-CAM-1-Aquatic-20-Turtle-1210.jpg,0.359081894159317
SINet-v2/S2C,COD10K-CAM-1-Aquatic-20-Turtle-1211.jpg,0.13231134414672852
SINet-v2/S2C,COD10K-CAM-1-Aquatic-20-Turtle-1212.jpg,0.012977861799299717
SINet-v2/S2C,COD10K-CAM-1-Aquatic-20-Turtle-1213.jpg,0.05028402432799339
SINet-v2/S2C,COD10K-CAM-1-Aquatic-20-Turtle-1214.jpg,0.06763459742069244
SINet-v2/S2C,COD10K-CAM-1-Aquatic-20-Turtle-1215.jpg,0.08439517021179199
SINet-v2/S2C,COD10K-CAM-1-Aquatic-20-Turtle-1216.jpg,0.08968808501958847
SINet-v2/S2C,COD10K-CAM-1-Aquatic-20-Turtle-1217.jpg,0.014192098751664162
SINet-v2/S2C,COD10K-CAM-1-Aquatic-20-Turtle-1218.jpg,0.03670152276754379
SINet-v2/S2C,COD10K-CAM-1-Aquatic-20-Turtle-1219.jpg,0.024837445467710495
SINet-v2/S2C,COD10K-CAM-1-Aquatic-20-Turtle-1220.jpg,0.10151670128107071
SINet-v2/S2C,COD10K-CAM-1-Aquatic-20-Turtle-1222.jpg,0.048682138323783875
SINet-v2/S2C,COD10K-CAM-1-Aquatic-20-Turtle-1223.jpg,0.04370472580194473
SINet-v2/S2C,COD10K-CAM-1-Aquatic-20-Turtle-1226.jpg,0.05360541492700577
SINet-v2/S2C,COD10K-CAM-1-Aquatic-20-Turtle-1227.jpg,0.04301413893699646
SINet-v2/S2C,COD10K-CAM-1-Aquatic-20-Turtle-1228.jpg,0.11609940975904465
SINet-v2/S2C,COD10K-CAM-1-Aquatic-20-Turtle-1229.jpg,0.1087639331817627
SINet-v2/S2C,COD10K-CAM-1-Aquatic-20-Turtle-1230.jpg,0.013563591055572033
SINet-v2/S2C,COD10K-CAM-1-Aquatic-20-Turtle-1232.jpg,0.0397658497095108
SINet-v2/S2C,COD10K-CAM-1-Aquatic-3-Crab-100.jpg,0.020120937377214432
SINet-v2/S2C,COD10K-CAM-1-Aquatic-3-Crab-19.jpg,0.04134775698184967
SINet-v2/S2C,COD10K-CAM-1-Aquatic-3-Crab-20.jpg,0.05505826324224472
SINet-v2/S2C,COD10K-CAM-1-Aquatic-3-Crab-21.jpg,0.056416407227516174
SINet-v2/S2C,COD10K-CAM-1-Aquatic-3-Crab-22.jpg,0.008960776962339878
SINet-v2/S2C,COD10K-CAM-1-Aquatic-3-Crab-25.jpg,0.1125069260597229
SINet-v2/S2C,COD10K-CAM-1-Aquatic-3-Crab-26.jpg,0.039483778178691864
SINet-v2/S2C,COD10K-CAM-1-Aquatic-3-Crab-27.jpg,0.0400785394012928
SINet-v2/S2C,COD10K-CAM-1-Aquatic-3-Crab-28.jpg,0.05442392826080322
SINet-v2/S2C,COD10K-CAM-1-Aquatic-3-Crab-29.jpg,0.01038673147559166
SINet-v2/S2C,COD10K-CAM-1-Aquatic-3-Crab-32.jpg,0.014892730861902237
SINet-v2/S2C,COD10K-CAM-1-Aquatic-3-Crab-36.jpg,0.022042442113161087
SINet-v2/S2C,COD10K-CAM-1-Aquatic-3-Crab-41.jpg,0.010191505774855614
SINet-v2/S2C,COD10K-CAM-1-Aquatic-3-Crab-42.jpg,0.02075973153114319
SINet-v2/S2C,COD10K-CAM-1-Aquatic-3-Crab-44.jpg,0.0593404546380043
SINet-v2/S2C,COD10K-CAM-1-Aquatic-3-Crab-47.jpg,0.09830088168382645
SINet-v2/S2C,COD10K-CAM-1-Aquatic-3-Crab-48.jpg,0.016886448487639427
SINet-v2/S2C,COD10K-CAM-1-Aquatic-3-Crab-49.jpg,0.03307972848415375
SINet-v2/S2C,COD10K-CAM-1-Aquatic-3-Crab-51.jpg,0.02128113992512226
SINet-v2/S2C,COD10K-CAM-1-Aquatic-3-Crab-52.jpg,0.03653521090745926
SINet-v2/S2C,COD10K-CAM-1-Aquatic-3-Crab-53.jpg,0.03870139643549919
SINet-v2/S2C,COD10K-CAM-1-Aquatic-3-Crab-55.jpg,0.042070139199495316
SINet-v2/S2C,COD10K-CAM-1-Aquatic-3-Crab-56.jpg,0.007083619944751263
SINet-v2/S2C,COD10K-CAM-1-Aquatic-3-Crab-57.jpg,0.026939578354358673
SINet-v2/S2C,COD10K-CAM-1-Aquatic-3-Crab-59.jpg,0.029283490031957626
SINet-v2/S2C,COD10K-CAM-1-Aquatic-3-Crab-60.jpg,0.017801931127905846
SINet-v2/S2C,COD10K-CAM-1-Aquatic-3-Crab-61.jpg,0.017883164808154106
SINet-v2/S2C,COD10K-CAM-1-Aquatic-3-Crab-63.jpg,0.008798775263130665
SINet-v2/S2C,COD10K-CAM-1-Aquatic-3-Crab-64.jpg,0.02006918005645275
SINet-v2/S2C,COD10K-CAM-1-Aquatic-3-Crab-66.jpg,0.020910421386361122
SINet-v2/S2C,COD10K-CAM-1-Aquatic-3-Crab-68.jpg,0.026662219315767288
SINet-v2/S2C,COD10K-CAM-1-Aquatic-3-Crab-69.jpg,0.01995547115802765
SINet-v2/S2C,COD10K-CAM-1-Aquatic-3-Crab-70.jpg,0.01884322427213192
SINet-v2/S2C,COD10K-CAM-1-Aquatic-3-Crab-72.jpg,0.08552846312522888
SINet-v2/S2C,COD10K-CAM-1-Aquatic-3-Crab-74.jpg,0.014685148373246193
SINet-v2/S2C,COD10K-CAM-1-Aquatic-3-Crab-75.jpg,0.006324067711830139
SINet-v2/S2C,COD10K-CAM-1-Aquatic-3-Crab-76.jpg,0.010974129661917686
SINet-v2/S2C,COD10K-CAM-1-Aquatic-3-Crab-77.jpg,0.028707290068268776
SINet-v2/S2C,COD10K-CAM-1-Aquatic-3-Crab-78.jpg,0.02311604470014572
SINet-v2/S2C,COD10K-CAM-1-Aquatic-3-Crab-79.jpg,0.01293935813009739
SINet-v2/S2C,COD10K-CAM-1-Aquatic-3-Crab-80.jpg,0.0632953941822052
SINet-v2/S2C,COD10K-CAM-1-Aquatic-3-Crab-81.jpg,0.021515322849154472
SINet-v2/S2C,COD10K-CAM-1-Aquatic-3-Crab-82.jpg,0.012104679830372334
SINet-v2/S2C,COD10K-CAM-1-Aquatic-3-Crab-83.jpg,0.14474011957645416
SINet-v2/S2C,COD10K-CAM-1-Aquatic-3-Crab-84.jpg,0.08313340693712234
SINet-v2/S2C,COD10K-CAM-1-Aquatic-3-Crab-85.jpg,0.03210436552762985
SINet-v2/S2C,COD10K-CAM-1-Aquatic-3-Crab-90.jpg,0.0423230417072773
SINet-v2/S2C,COD10K-CAM-1-Aquatic-3-Crab-91.jpg,0.07918784767389297
SINet-v2/S2C,COD10K-CAM-1-Aquatic-3-Crab-92.jpg,0.06038578599691391
SINet-v2/S2C,COD10K-CAM-1-Aquatic-3-Crab-94.jpg,0.030757727101445198
SINet-v2/S2C,COD10K-CAM-1-Aquatic-3-Crab-95.jpg,0.22539421916007996
SINet-v2/S2C,COD10K-CAM-1-Aquatic-3-Crab-97.jpg,0.2370319664478302
SINet-v2/S2C,COD10K-CAM-1-Aquatic-3-Crab-98.jpg,0.2058343142271042
SINet-v2/S2C,COD10K-CAM-1-Aquatic-4-Crocodile-101.jpg,0.13426561653614044
SINet-v2/S2C,COD10K-CAM-1-Aquatic-4-Crocodile-102.jpg,0.03244869038462639
SINet-v2/S2C,COD10K-CAM-1-Aquatic-4-Crocodile-103.jpg,0.015108633786439896
SINet-v2/S2C,COD10K-CAM-1-Aquatic-4-Crocodile-104.jpg,0.04283078387379646
SINet-v2/S2C,COD10K-CAM-1-Aquatic-4-Crocodile-106.jpg,0.016864515841007233
SINet-v2/S2C,COD10K-CAM-1-Aquatic-4-Crocodile-107.jpg,0.012793293222784996
SINet-v2/S2C,COD10K-CAM-1-Aquatic-4-Crocodile-108.jpg,0.03166453540325165
SINet-v2/S2C,COD10K-CAM-1-Aquatic-4-Crocodile-109.jpg,0.0060386331751942635
SINet-v2/S2C,COD10K-CAM-1-Aquatic-4-Crocodile-111.jpg,0.022825198248028755
SINet-v2/S2C,COD10K-CAM-1-Aquatic-4-Crocodile-112.jpg,0.12359534949064255
SINet-v2/S2C,COD10K-CAM-1-Aquatic-4-Crocodile-113.jpg,0.014282643795013428
SINet-v2/S2C,COD10K-CAM-1-Aquatic-4-Crocodile-116.jpg,0.00770595483481884
SINet-v2/S2C,COD10K-CAM-1-Aquatic-4-Crocodile-117.jpg,0.031692229211330414
SINet-v2/S2C,COD10K-CAM-1-Aquatic-4-Crocodile-120.jpg,0.012598428875207901
SINet-v2/S2C,COD10K-CAM-1-Aquatic-4-Crocodile-121.jpg,0.018003681674599648
SINet-v2/S2C,COD10K-CAM-1-Aquatic-4-Crocodile-122.jpg,0.045757897198200226
SINet-v2/S2C,COD10K-CAM-1-Aquatic-4-Crocodile-124.jpg,0.01525954995304346
SINet-v2/S2C,COD10K-CAM-1-Aquatic-5-CrocodileFish-127.jpg,0.010383284650743008
SINet-v2/S2C,COD10K-CAM-1-Aquatic-5-CrocodileFish-128.jpg,0.053352925926446915
SINet-v2/S2C,COD10K-CAM-1-Aquatic-5-CrocodileFish-129.jpg,0.05965925008058548
SINet-v2/S2C,COD10K-CAM-1-Aquatic-5-CrocodileFish-130.jpg,0.028726015239953995
SINet-v2/S2C,COD10K-CAM-1-Aquatic-6-Fish-132.jpg,0.15615780651569366
SINet-v2/S2C,COD10K-CAM-1-Aquatic-6-Fish-133.jpg,0.06535421311855316
SINet-v2/S2C,COD10K-CAM-1-Aquatic-6-Fish-137.jpg,0.03680418059229851
SINet-v2/S2C,COD10K-CAM-1-Aquatic-6-Fish-140.jpg,0.01658640243113041
SINet-v2/S2C,COD10K-CAM-1-Aquatic-6-Fish-141.jpg,0.13768380880355835
SINet-v2/S2C,COD10K-CAM-1-Aquatic-6-Fish-142.jpg,0.09508441388607025
SINet-v2/S2C,COD10K-CAM-1-Aquatic-6-Fish-144.jpg,0.052285514771938324
SINet-v2/S2C,COD10K-CAM-1-Aquatic-6-Fish-145.jpg,0.03145495057106018
SINet-v2/S2C,COD10K-CAM-1-Aquatic-6-Fish-146.jpg,0.02861330285668373
SINet-v2/S2C,COD10K-CAM-1-Aquatic-6-Fish-147.jpg,0.010310082696378231
SINet-v2/S2C,COD10K-CAM-1-Aquatic-6-Fish-148.jpg,0.016094647347927094
SINet-v2/S2C,COD10K-CAM-1-Aquatic-6-Fish-151.jpg,0.0010604464914649725
SINet-v2/S2C,COD10K-CAM-1-Aquatic-6-Fish-152.jpg,0.030864425003528595
SINet-v2/S2C,COD10K-CAM-1-Aquatic-6-Fish-153.jpg,0.12282080203294754
SINet-v2/S2C,COD10K-CAM-1-Aquatic-6-Fish-154.jpg,0.03077353909611702
SINet-v2/S2C,COD10K-CAM-1-Aquatic-6-Fish-156.jpg,0.1871759593486786
SINet-v2/S2C,COD10K-CAM-1-Aquatic-6-Fish-158.jpg,0.2371644675731659
SINet-v2/S2C,COD10K-CAM-1-Aquatic-6-Fish-161.jpg,0.02004964090883732
SINet-v2/S2C,COD10K-CAM-1-Aquatic-6-Fish-164.jpg,0.041269149631261826
SINet-v2/S2C,COD10K-CAM-1-Aquatic-6-Fish-165.jpg,0.04188654199242592
SINet-v2/S2C,COD10K-CAM-1-Aquatic-6-Fish-166.jpg,0.06918568909168243
SINet-v2/S2C,COD10K-CAM-1-Aquatic-6-Fish-167.jpg,0.0900612324476242
SINet-v2/S2C,COD10K-CAM-1-Aquatic-6-Fish-169.jpg,0.013700859621167183
SINet-v2/S2C,COD10K-CAM-1-Aquatic-6-Fish-170.jpg,0.029713233932852745
SINet-v2/S2C,COD10K-CAM-1-Aquatic-6-Fish-172.jpg,0.03872957453131676
SINet-v2/S2C,COD10K-CAM-1-Aquatic-6-Fish-173.jpg,0.03635067865252495
SINet-v2/S2C,COD10K-CAM-1-Aquatic-6-Fish-175.jpg,0.051268577575683594
SINet-v2/S2C,COD10K-CAM-1-Aquatic-6-Fish-176.jpg,0.26962894201278687
SINet-v2/S2C,COD10K-CAM-1-Aquatic-6-Fish-177.jpg,0.011712152510881424
SINet-v2/S2C,COD10K-CAM-1-Aquatic-6-Fish-178.jpg,0.027274619787931442
SINet-v2/S2C,COD10K-CAM-1-Aquatic-6-Fish-179.jpg,0.3364253342151642
SINet-v2/S2C,COD10K-CAM-1-Aquatic-6-Fish-180.jpg,0.03494257479906082
SINet-v2/S2C,COD10K-CAM-1-Aquatic-6-Fish-181.jpg,0.05133781582117081
SINet-v2/S2C,COD10K-CAM-1-Aquatic-6-Fish-182.jpg,0.15936638414859772
SINet-v2/S2C,COD10K-CAM-1-Aquatic-6-Fish-184.jpg,0.0332622230052948
SINet-v2/S2C,COD10K-CAM-1-Aquatic-6-Fish-185.jpg,0.05000928416848183
SINet-v2/S2C,COD10K-CAM-1-Aquatic-6-Fish-187.jpg,0.04372815787792206
SINet-v2/S2C,COD10K-CAM-1-Aquatic-6-Fish-188.jpg,0.05111885815858841
SINet-v2/S2C,COD10K-CAM-1-Aquatic-6-Fish-192.jpg,0.029875189065933228
SINet-v2/S2C,COD10K-CAM-1-Aquatic-6-Fish-194.jpg,0.08511252701282501
SINet-v2/S2C,COD10K-CAM-1-Aquatic-6-Fish-195.jpg,0.04992859065532684
SINet-v2/S2C,COD10K-CAM-1-Aquatic-6-Fish-198.jpg,0.06667442619800568
SINet-v2/S2C,COD10K-CAM-1-Aquatic-6-Fish-199.jpg,0.05262278765439987
SINet-v2/S2C,COD10K-CAM-1-Aquatic-6-Fish-200.jpg,0.029950596392154694
SINet-v2/S2C,COD10K-CAM-1-Aquatic-6-Fish-201.jpg,0.02734227478504181
SINet-v2/S2C,COD10K-CAM-1-Aquatic-6-Fish-202.jpg,0.08289217203855515
SINet-v2/S2C,COD10K-CAM-1-Aquatic-6-Fish-205.jpg,0.024224475026130676
SINet-v2/S2C,COD10K-CAM-1-Aquatic-6-Fish-206.jpg,0.023537468165159225
SINet-v2/S2C,COD10K-CAM-1-Aquatic-6-Fish-208.jpg,0.01931506022810936
SINet-v2/S2C,COD10K-CAM-1-Aquatic-6-Fish-209.jpg,0.04180697724223137
SINet-v2/S2C,COD10K-CAM-1-Aquatic-6-Fish-210.jpg,0.03653528913855553
SINet-v2/S2C,COD10K-CAM-1-Aquatic-6-Fish-211.jpg,0.010617665946483612
SINet-v2/S2C,COD10K-CAM-1-Aquatic-6-Fish-212.jpg,0.08415420353412628
SINet-v2/S2C,COD10K-CAM-1-Aquatic-6-Fish-213.jpg,0.08011917024850845
SINet-v2/S2C,COD10K-CAM-1-Aquatic-6-Fish-214.jpg,0.034854330122470856
SINet-v2/S2C,COD10K-CAM-1-Aquatic-6-Fish-216.jpg,0.022544680163264275
SINet-v2/S2C,COD10K-CAM-1-Aquatic-6-Fish-217.jpg,0.010523147881031036
SINet-v2/S2C,COD10K-CAM-1-Aquatic-6-Fish-223.jpg,0.07805737107992172
SINet-v2/S2C,COD10K-CAM-1-Aquatic-6-Fish-226.jpg,0.029618550091981888
SINet-v2/S2C,COD10K-CAM-1-Aquatic-6-Fish-229.jpg,0.045709408819675446
SINet-v2/S2C,COD10K-CAM-1-Aquatic-6-Fish-232.jpg,0.04976135492324829
SINet-v2/S2C,COD10K-CAM-1-Aquatic-6-Fish-233.jpg,0.025303561240434647
SINet-v2/S2C,COD10K-CAM-1-Aquatic-6-Fish-234.jpg,0.04785978049039841
SINet-v2/S2C,COD10K-CAM-1-Aquatic-6-Fish-236.jpg,0.018657125532627106
SINet-v2/S2C,COD10K-CAM-1-Aquatic-6-Fish-237.jpg,0.02814716100692749
SINet-v2/S2C,COD10K-CAM-1-Aquatic-6-Fish-238.jpg,0.02951434627175331
SINet-v2/S2C,COD10K-CAM-1-Aquatic-6-Fish-239.jpg,0.02345028705894947
SINet-v2/S2C,COD10K-CAM-1-Aquatic-6-Fish-240.jpg,0.029007062315940857
SINet-v2/S2C,COD10K-CAM-1-Aquatic-6-Fish-241.jpg,0.02972421981394291
SINet-v2/S2C,COD10K-CAM-1-Aquatic-6-Fish-244.jpg,0.22847574949264526
SINet-v2/S2C,COD10K-CAM-1-Aquatic-7-Flounder-251.jpg,0.03553321585059166
SINet-v2/S2C,COD10K-CAM-1-Aquatic-7-Flounder-252.jpg,0.03707440197467804
SINet-v2/S2C,COD10K-CAM-1-Aquatic-7-Flounder-255.jpg,0.0322938971221447
SINet-v2/S2C,COD10K-CAM-1-Aquatic-7-Flounder-256.jpg,0.03240848705172539
SINet-v2/S2C,COD10K-CAM-1-Aquatic-7-Flounder-257.jpg,0.18468667566776276
SINet-v2/S2C,COD10K-CAM-1-Aquatic-7-Flounder-260.jpg,0.07558269798755646
SINet-v2/S2C,COD10K-CAM-1-Aquatic-7-Flounder-261.jpg,0.03804376721382141
SINet-v2/S2C,COD10K-CAM-1-Aquatic-7-Flounder-263.jpg,0.06459793448448181
SINet-v2/S2C,COD10K-CAM-1-Aquatic-7-Flounder-265.jpg,0.08260752260684967
SINet-v2/S2C,COD10K-CAM-1-Aquatic-7-Flounder-267.jpg,0.20216187834739685
SINet-v2/S2C,COD10K-CAM-1-Aquatic-7-Flounder-268.jpg,0.08284536749124527
SINet-v2/S2C,COD10K-CAM-1-Aquatic-7-Flounder-269.jpg,0.03315945714712143
SINet-v2/S2C,COD10K-CAM-1-Aquatic-7-Flounder-271.jpg,0.021075714379549026
SINet-v2/S2C,COD10K-CAM-1-Aquatic-7-Flounder-273.jpg,0.02795095555484295
SINet-v2/S2C,COD10K-CAM-1-Aquatic-7-Flounder-274.jpg,0.04473745822906494
SINet-v2/S2C,COD10K-CAM-1-Aquatic-7-Flounder-275.jpg,0.0012470099609345198
SINet-v2/S2C,COD10K-CAM-1-Aquatic-7-Flounder-276.jpg,0.006796909496188164
SINet-v2/S2C,COD10K-CAM-1-Aquatic-7-Flounder-278.jpg,0.03676990792155266
SINet-v2/S2C,COD10K-CAM-1-Aquatic-7-Flounder-279.jpg,0.017642872408032417
SINet-v2/S2C,COD10K-CAM-1-Aquatic-7-Flounder-280.jpg,0.02385096065700054
SINet-v2/S2C,COD10K-CAM-1-Aquatic-7-Flounder-281.jpg,0.03716481477022171
SINet-v2/S2C,COD10K-CAM-1-Aquatic-7-Flounder-282.jpg,0.033350396901369095
SINet-v2/S2C,COD10K-CAM-1-Aquatic-7-Flounder-285.jpg,0.019955601543188095
SINet-v2/S2C,COD10K-CAM-1-Aquatic-7-Flounder-288.jpg,0.05837027728557587
SINet-v2/S2C,COD10K-CAM-1-Aquatic-8-FrogFish-293.jpg,0.008157674223184586
SINet-v2/S2C,COD10K-CAM-1-Aquatic-8-FrogFish-294.jpg,0.07693961262702942
SINet-v2/S2C,COD10K-CAM-1-Aquatic-8-FrogFish-298.jpg,0.05710645765066147
SINet-v2/S2C,COD10K-CAM-1-Aquatic-8-FrogFish-300.jpg,0.035138651728630066
SINet-v2/S2C,COD10K-CAM-1-Aquatic-8-FrogFish-301.jpg,0.16241887211799622
SINet-v2/S2C,COD10K-CAM-1-Aquatic-8-FrogFish-302.jpg,0.5446258187294006
SINet-v2/S2C,COD10K-CAM-1-Aquatic-8-FrogFish-304.jpg,0.05279848724603653
SINet-v2/S2C,COD10K-CAM-1-Aquatic-9-GhostPipefish-308.jpg,0.11704787611961365
SINet-v2/S2C,COD10K-CAM-1-Aquatic-9-GhostPipefish-310.jpg,0.17080992460250854
SINet-v2/S2C,COD10K-CAM-1-Aquatic-9-GhostPipefish-311.jpg,0.03592561185359955
SINet-v2/S2C,COD10K-CAM-1-Aquatic-9-GhostPipefish-313.jpg,0.07405635714530945
SINet-v2/S2C,COD10K-CAM-1-Aquatic-9-GhostPipefish-314.jpg,0.40711817145347595
SINet-v2/S2C,COD10K-CAM-1-Aquatic-9-GhostPipefish-316.jpg,0.06559361517429352
SINet-v2/S2C,COD10K-CAM-1-Aquatic-9-GhostPipefish-317.jpg,0.05814341455698013
SINet-v2/S2C,COD10K-CAM-1-Aquatic-9-GhostPipefish-319.jpg,0.08399354666471481
SINet-v2/S2C,COD10K-CAM-1-Aquatic-9-GhostPipefish-320.jpg,0.060296859592199326
SINet-v2/S2C,COD10K-CAM-1-Aquatic-9-GhostPipefish-321.jpg,0.03513776510953903
SINet-v2/S2C,COD10K-CAM-1-Aquatic-9-GhostPipefish-324.jpg,0.1868601143360138
SINet-v2/S2C,COD10K-CAM-1-Aquatic-9-GhostPipefish-325.jpg,0.03223584592342377
SINet-v2/S2C,COD10K-CAM-1-Aquatic-9-GhostPipefish-328.jpg,0.07491590827703476
SINet-v2/S2C,COD10K-CAM-1-Aquatic-9-GhostPipefish-329.jpg,0.046307411044836044
SINet-v2/S2C,COD10K-CAM-1-Aquatic-9-GhostPipefish-330.jpg,0.8992029428482056
SINet-v2/S2C,COD10K-CAM-1-Aquatic-9-GhostPipefish-331.jpg,0.0353630892932415
SINet-v2/S2C,COD10K-CAM-1-Aquatic-9-GhostPipefish-332.jpg,0.11385725438594818
SINet-v2/S2C,COD10K-CAM-1-Aquatic-9-GhostPipefish-335.jpg,0.05968760699033737
SINet-v2/S2C,COD10K-CAM-1-Aquatic-9-GhostPipefish-336.jpg,0.03866332024335861
SINet-v2/S2C,COD10K-CAM-1-Aquatic-9-GhostPipefish-337.jpg,0.12436369061470032
SINet-v2/S2C,COD10K-CAM-1-Aquatic-9-GhostPipefish-338.jpg,0.321450799703598
SINet-v2/S2C,COD10K-CAM-1-Aquatic-9-GhostPipefish-340.jpg,0.06927839666604996
SINet-v2/S2C,COD10K-CAM-1-Aquatic-9-GhostPipefish-341.jpg,0.0648072212934494
SINet-v2/S2C,COD10K-CAM-1-Aquatic-9-GhostPipefish-342.jpg,0.07652275264263153
SINet-v2/S2C,COD10K-CAM-1-Aquatic-9-GhostPipefish-343.jpg,0.0630565881729126
SINet-v2/S2C,COD10K-CAM-1-Aquatic-9-GhostPipefish-344.jpg,0.03921571746468544
SINet-v2/S2C,COD10K-CAM-1-Aquatic-9-GhostPipefish-345.jpg,0.09684216976165771
SINet-v2/S2C,COD10K-CAM-1-Aquatic-9-GhostPipefish-351.jpg,0.08294066041707993
SINet-v2/S2C,COD10K-CAM-1-Aquatic-9-GhostPipefish-352.jpg,0.048249997198581696
SINet-v2/S2C,COD10K-CAM-1-Aquatic-9-GhostPipefish-354.jpg,0.05200197920203209
SINet-v2/S2C,COD10K-CAM-1-Aquatic-9-GhostPipefish-355.jpg,0.06798069179058075
SINet-v2/S2C,COD10K-CAM-1-Aquatic-9-GhostPipefish-356.jpg,0.10298069566488266
SINet-v2/S2C,COD10K-CAM-1-Aquatic-9-GhostPipefish-357.jpg,0.05459314584732056
SINet-v2/S2C,COD10K-CAM-1-Aquatic-9-GhostPipefish-358.jpg,0.09658429771661758
SINet-v2/S2C,COD10K-CAM-1-Aquatic-9-GhostPipefish-360.jpg,0.1340881735086441
SINet-v2/S2C,COD10K-CAM-1-Aquatic-9-GhostPipefish-361.jpg,0.0787055641412735
SINet-v2/S2C,COD10K-CAM-1-Aquatic-9-GhostPipefish-362.jpg,0.03318637236952782
SINet-v2/S2C,COD10K-CAM-1-Aquatic-9-GhostPipefish-363.jpg,0.2684221565723419
SINet-v2/S2C,COD10K-CAM-1-Aquatic-9-GhostPipefish-364.jpg,0.025066280737519264
SINet-v2/S2C,COD10K-CAM-1-Aquatic-9-GhostPipefish-365.jpg,0.0650772899389267
SINet-v2/S2C,COD10K-CAM-1-Aquatic-9-GhostPipefish-366.jpg,0.027647459879517555
SINet-v2/S2C,COD10K-CAM-1-Aquatic-9-GhostPipefish-367.jpg,0.10445041954517365
SINet-v2/S2C,COD10K-CAM-1-Aquatic-9-GhostPipefish-368.jpg,0.19458569586277008
SINet-v2/S2C,COD10K-CAM-1-Aquatic-9-GhostPipefish-371.jpg,0.06273890286684036
SINet-v2/S2C,COD10K-CAM-1-Aquatic-9-GhostPipefish-373.jpg,0.059009261429309845
SINet-v2/S2C,COD10K-CAM-1-Aquatic-9-GhostPipefish-374.jpg,0.2257421612739563
SINet-v2/S2C,COD10K-CAM-1-Aquatic-9-GhostPipefish-375.jpg,0.049579937011003494
SINet-v2/S2C,COD10K-CAM-1-Aquatic-9-GhostPipefish-376.jpg,0.026097364723682404
SINet-v2/S2C,COD10K-CAM-1-Aquatic-9-GhostPipefish-378.jpg,0.0381612554192543
SINet-v2/S2C,COD10K-CAM-1-Aquatic-9-GhostPipefish-386.jpg,0.12116261571645737
SINet-v2/S2C,COD10K-CAM-1-Aquatic-9-GhostPipefish-387.jpg,0.03946119174361229
SINet-v2/S2C,COD10K-CAM-1-Aquatic-9-GhostPipefish-388.jpg,0.08643914014101028
SINet-v2/S2C,COD10K-CAM-1-Aquatic-9-GhostPipefish-389.jpg,0.051515791565179825
SINet-v2/S2C,COD10K-CAM-1-Aquatic-9-GhostPipefish-392.jpg,0.10114482790231705
SINet-v2/S2C,COD10K-CAM-1-Aquatic-9-GhostPipefish-393.jpg,0.08768048882484436
SINet-v2/S2C,COD10K-CAM-1-Aquatic-9-GhostPipefish-394.jpg,0.15746761858463287
SINet-v2/S2C,COD10K-CAM-1-Aquatic-9-GhostPipefish-396.jpg,0.17241188883781433
SINet-v2/S2C,COD10K-CAM-1-Aquatic-9-GhostPipefish-398.jpg,0.3473539352416992
SINet-v2/S2C,COD10K-CAM-1-Aquatic-9-GhostPipefish-400.jpg,0.07996882498264313
SINet-v2/S2C,COD10K-CAM-1-Aquatic-9-GhostPipefish-401.jpg,0.036398746073246
SINet-v2/S2C,COD10K-CAM-1-Aquatic-9-GhostPipefish-404.jpg,0.22563642263412476
SINet-v2/S2C,COD10K-CAM-1-Aquatic-9-GhostPipefish-405.jpg,0.2578604221343994
SINet-v2/S2C,COD10K-CAM-1-Aquatic-9-GhostPipefish-408.jpg,0.07671718299388885
SINet-v2/S2C,COD10K-CAM-1-Aquatic-9-GhostPipefish-410.jpg,0.1054520532488823
SINet-v2/S2C,COD10K-CAM-1-Aquatic-9-GhostPipefish-412.jpg,0.11168316006660461
SINet-v2/S2C,COD10K-CAM-1-Aquatic-9-GhostPipefish-413.jpg,0.03596979379653931
SINet-v2/S2C,COD10K-CAM-1-Aquatic-9-GhostPipefish-414.jpg,0.041063304990530014
SINet-v2/S2C,COD10K-CAM-2-Terrestrial-21-Ant-1234.jpg,0.02225366234779358
SINet-v2/S2C,COD10K-CAM-2-Terrestrial-21-Ant-1235.jpg,0.03292899206280708
SINet-v2/S2C,COD10K-CAM-2-Terrestrial-21-Ant-1236.jpg,0.1320827454328537
SINet-v2/S2C,COD10K-CAM-2-Terrestrial-21-Ant-1237.jpg,0.6490445137023926
SINet-v2/S2C,COD10K-CAM-2-Terrestrial-21-Ant-1239.jpg,0.014011330902576447
SINet-v2/S2C,COD10K-CAM-2-Terrestrial-21-Ant-1242.jpg,0.012892680242657661
SINet-v2/S2C,COD10K-CAM-2-Terrestrial-21-Ant-1244.jpg,0.010026423260569572
SINet-v2/S2C,COD10K-CAM-2-Terrestrial-21-Ant-1245.jpg,0.046161290258169174
SINet-v2/S2C,COD10K-CAM-2-Terrestrial-21-Ant-1248.jpg,0.027978168800473213
SINet-v2/S2C,COD10K-CAM-2-Terrestrial-21-Ant-1250.jpg,0.05314427241683006
SINet-v2/S2C,COD10K-CAM-2-Terrestrial-21-Ant-1252.jpg,0.07072067260742188
SINet-v2/S2C,COD10K-CAM-2-Terrestrial-21-Ant-1253.jpg,0.03565903380513191
SINet-v2/S2C,COD10K-CAM-2-Terrestrial-21-Ant-1254.jpg,0.3105013072490692
SINet-v2/S2C,COD10K-CAM-2-Terrestrial-21-Ant-1255.jpg,0.05762171745300293
SINet-v2/S2C,COD10K-CAM-2-Terrestrial-21-Ant-1256.jpg,0.07503312826156616
SINet-v2/S2C,COD10K-CAM-2-Terrestrial-21-Ant-1258.jpg,0.054427579045295715
SINet-v2/S2C,COD10K-CAM-2-Terrestrial-22-Bug-1259.jpg,0.08219906687736511
SINet-v2/S2C,COD10K-CAM-2-Terrestrial-22-Bug-1261.jpg,0.17371270060539246
SINet-v2/S2C,COD10K-CAM-2-Terrestrial-22-Bug-1264.jpg,0.029539812356233597
SINet-v2/S2C,COD10K-CAM-2-Terrestrial-22-Bug-1265.jpg,0.06547701358795166
SINet-v2/S2C,COD10K-CAM-2-Terrestrial-22-Bug-1266.jpg,0.025318440049886703
SINet-v2/S2C,COD10K-CAM-2-Terrestrial-22-Bug-1269.jpg,0.049108222126960754
SINet-v2/S2C,COD10K-CAM-2-Terrestrial-22-Bug-1275.jpg,0.0148976631462574
SINet-v2/S2C,COD10K-CAM-2-Terrestrial-22-Bug-1279.jpg,0.023041069507598877
SINet-v2/S2C,COD10K-CAM-2-Terrestrial-22-Bug-1280.jpg,0.01875433139503002
SINet-v2/S2C,COD10K-CAM-2-Terrestrial-22-Bug-1287.jpg,0.04700388014316559
SINet-v2/S2C,COD10K-CAM-2-Terrestrial-22-Bug-1288.jpg,0.013101963326334953
SINet-v2/S2C,COD10K-CAM-2-Terrestrial-22-Bug-1290.jpg,0.0668632835149765
SINet-v2/S2C,COD10K-CAM-2-Terrestrial-22-Bug-1292.jpg,0.07213199883699417
SINet-v2/S2C,COD10K-CAM-2-Terrestrial-22-Bug-1294.jpg,0.09893859177827835
SINet-v2/S2C,COD10K-CAM-2-Terrestrial-22-Bug-1295.jpg,0.0453009232878685
SINet-v2/S2C,COD10K-CAM-2-Terrestrial-22-Bug-1296.jpg,0.10023882985115051
SINet-v2/S2C,COD10K-CAM-2-Terrestrial-22-Bug-1297.jpg,0.10112330317497253
SINet-v2/S2C,COD10K-CAM-2-Terrestrial-23-Cat-1298.jpg,0.025796670466661453
SINet-v2/S2C,COD10K-CAM-2-Terrestrial-23-Cat-1302.jpg,0.04203329235315323
SINet-v2/S2C,COD10K-CAM-2-Terrestrial-23-Cat-1303.jpg,0.02160552516579628
SINet-v2/S2C,COD10K-CAM-2-Terrestrial-23-Cat-1305.jpg,0.23571562767028809
SINet-v2/S2C,COD10K-CAM-2-Terrestrial-23-Cat-1306.jpg,0.14800448715686798
SINet-v2/S2C,COD10K-CAM-2-Terrestrial-23-Cat-1307.jpg,0.025163155049085617
SINet-v2/S2C,COD10K-CAM-2-Terrestrial-23-Cat-1308.jpg,0.0023160406854003668
SINet-v2/S2C,COD10K-CAM-2-Terrestrial-23-Cat-1309.jpg,0.030226655304431915
SINet-v2/S2C,COD10K-CAM-2-Terrestrial-23-Cat-1311.jpg,0.016017677262425423
SINet-v2/S2C,COD10K-CAM-2-Terrestrial-23-Cat-1312.jpg,0.011275585740804672
SINet-v2/S2C,COD10K-CAM-2-Terrestrial-23-Cat-1313.jpg,0.0449824333190918
SINet-v2/S2C,COD10K-CAM-2-Terrestrial-23-Cat-1314.jpg,0.054917749017477036
SINet-v2/S2C,COD10K-CAM-2-Terrestrial-23-Cat-1315.jpg,0.1287469118833542
SINet-v2/S2C,COD10K-CAM-2-Terrestrial-23-Cat-1316.jpg,0.01924748905003071
SINet-v2/S2C,COD10K-CAM-2-Terrestrial-23-Cat-1317.jpg,0.012822184711694717
SINet-v2/S2C,COD10K-CAM-2-Terrestrial-23-Cat-1318.jpg,0.005906162317842245
SINet-v2/S2C,COD10K-CAM-2-Terrestrial-23-Cat-1319.jpg,0.5449299812316895
SINet-v2/S2C,COD10K-CAM-2-Terrestrial-23-Cat-1321.jpg,0.03157443925738335
SINet-v2/S2C,COD10K-CAM-2-Terrestrial-23-Cat-1322.jpg,0.08160504698753357
SINet-v2/S2C,COD10K-CAM-2-Terrestrial-23-Cat-1323.jpg,0.08386457711458206
SINet-v2/S2C,COD10K-CAM-2-Terrestrial-23-Cat-1324.jpg,0.1701865792274475
SINet-v2/S2C,COD10K-CAM-2-Terrestrial-23-Cat-1326.jpg,0.016107892617583275
SINet-v2/S2C,COD10K-CAM-2-Terrestrial-23-Cat-1332.jpg,0.02497103437781334
SINet-v2/S2C,COD10K-CAM-2-Terrestrial-23-Cat-1334.jpg,0.039794038981199265
SINet-v2/S2C,COD10K-CAM-2-Terrestrial-23-Cat-1335.jpg,0.053204648196697235
SINet-v2/S2C,COD10K-CAM-2-Terrestrial-23-Cat-1336.jpg,0.022661276161670685
SINet-v2/S2C,COD10K-CAM-2-Terrestrial-23-Cat-1338.jpg,0.02289651334285736
SINet-v2/S2C,COD10K-CAM-2-Terrestrial-23-Cat-1340.jpg,0.1972026228904724
SINet-v2/S2C,COD10K-CAM-2-Terrestrial-23-Cat-1341.jpg,0.15371036529541016
SINet-v2/S2C,COD10K-CAM-2-Terrestrial-23-Cat-1342.jpg,0.017656493932008743
SINet-v2/S2C,COD10K-CAM-2-Terrestrial-23-Cat-1343.jpg,0.0183364637196064
SINet-v2/S2C,COD10K-CAM-2-Terrestrial-23-Cat-1345.jpg,0.016502229496836662
SINet-v2/S2C,COD10K-CAM-2-Terrestrial-23-Cat-1346.jpg,0.02451770007610321
SINet-v2/S2C,COD10K-CAM-2-Terrestrial-23-Cat-1347.jpg,0.034699875861406326
SINet-v2/S2C,COD10K-CAM-2-Terrestrial-23-Cat-1348.jpg,0.06433682888746262
SINet-v2/S2C,COD10K-CAM-2-Terrestrial-23-Cat-1349.jpg,0.22572454810142517
SINet-v2/S2C,COD10K-CAM-2-Terrestrial-23-Cat-1351.jpg,0.18679064512252808
SINet-v2/S2C,COD10K-CAM-2-Terrestrial-23-Cat-1353.jpg,0.07475750148296356
SINet-v2/S2C,COD10K-CAM-2-Terrestrial-23-Cat-1354.jpg,0.006569217424839735
SINet-v2/S2C,COD10K-CAM-2-Terrestrial-23-Cat-1355.jpg,0.07554895430803299
SINet-v2/S2C,COD10K-CAM-2-Terrestrial-23-Cat-1356.jpg,0.1256902813911438
SINet-v2/S2C,COD10K-CAM-2-Terrestrial-23-Cat-1357.jpg,0.09965082257986069
SINet-v2/S2C,COD10K-CAM-2-Terrestrial-23-Cat-1361.jpg,0.07408119738101959
SINet-v2/S2C,COD10K-CAM-2-Terrestrial-23-Cat-1362.jpg,0.08488065004348755
SINet-v2/S2C,COD10K-CAM-2-Terrestrial-23-Cat-1366.jpg,0.0744737982749939
SINet-v2/S2C,COD10K-CAM-2-Terrestrial-23-Cat-1370.jpg,0.024915240705013275
SINet-v2/S2C,COD10K-CAM-2-Terrestrial-23-Cat-1373.jpg,0.005831894464790821
SINet-v2/S2C,COD10K-CAM-2-Terrestrial-23-Cat-1374.jpg,0.03382681682705879
SINet-v2/S2C,COD10K-CAM-2-Terrestrial-23-Cat-1375.jpg,0.040275175124406815
SINet-v2/S2C,COD10K-CAM-2-Terrestrial-23-Cat-1376.jpg,0.07606373727321625
SINet-v2/S2C,COD10K-CAM-2-Terrestrial-23-Cat-1379.jpg,0.02242969162762165
SINet-v2/S2C,COD10K-CAM-2-Terrestrial-23-Cat-1382.jpg,0.03338700160384178
SINet-v2/S2C,COD10K-CAM-2-Terrestrial-23-Cat-1384.jpg,0.03642808273434639
SINet-v2/S2C,COD10K-CAM-2-Terrestrial-23-Cat-1385.jpg,0.033882882446050644
SINet-v2/S2C,COD10K-CAM-2-Terrestrial-23-Cat-1389.jpg,0.06100090593099594
SINet-v2/S2C,COD10K-CAM-2-Terrestrial-23-Cat-1393.jpg,0.036578647792339325
SINet-v2/S2C,COD10K-CAM-2-Terrestrial-23-Cat-1395.jpg,0.22184893488883972
SINet-v2/S2C,COD10K-CAM-2-Terrestrial-23-Cat-1396.jpg,0.05849454551935196
SINet-v2/S2C,COD10K-CAM-2-Terrestrial-23-Cat-1397.jpg,0.20844513177871704
SINet-v2/S2C,COD10K-CAM-2-Terrestrial-23-Cat-1398.jpg,0.13082273304462433
SINet-v2/S2C,COD10K-CAM-2-Terrestrial-23-Cat-1399.jpg,0.09999382495880127
SINet-v2/S2C,COD10K-CAM-2-Terrestrial-23-Cat-1401.jpg,0.011005844920873642
SINet-v2/S2C,COD10K-CAM-2-Terrestrial-23-Cat-1402.jpg,0.03294968605041504
SINet-v2/S2C,COD10K-CAM-2-Terrestrial-23-Cat-1403.jpg,0.23496252298355103
SINet-v2/S2C,COD10K-CAM-2-Terrestrial-23-Cat-1404.jpg,0.0022008684463799
SINet-v2/S2C,COD10K-CAM-2-Terrestrial-23-Cat-1406.jpg,0.1619877964258194
SINet-v2/S2C,COD10K-CAM-2-Terrestrial-23-Cat-1407.jpg,0.06409110128879547
SINet-v2/S2C,COD10K-CAM-2-Terrestrial-23-Cat-1408.jpg,0.06286198645830154
SINet-v2/S2C,COD10K-CAM-2-Terrestrial-23-Cat-1409.jpg,0.15619948506355286
SINet-v2/S2C,COD10K-CAM-2-Terrestrial-23-Cat-1410.jpg,0.41491568088531494
SINet-v2/S2C,COD10K-CAM-2-Terrestrial-23-Cat-1414.jpg,0.11147557199001312
SINet-v2/S2C,COD10K-CAM-2-Terrestrial-23-Cat-1416.jpg,0.28920334577560425
SINet-v2/S2C,COD10K-CAM-2-Terrestrial-23-Cat-1417.jpg,0.012473663315176964
SINet-v2/S2C,COD10K-CAM-2-Terrestrial-23-Cat-1418.jpg,0.021844517439603806
SINet-v2/S2C,COD10K-CAM-2-Terrestrial-23-Cat-1422.jpg,0.14167337119579315
SINet-v2/S2C,COD10K-CAM-2-Terrestrial-23-Cat-1425.jpg,0.021522261202335358
SINet-v2/S2C,COD10K-CAM-2-Terrestrial-23-Cat-1426.jpg,0.15480203926563263
SINet-v2/S2C,COD10K-CAM-2-Terrestrial-23-Cat-1427.jpg,0.011471523903310299
SINet-v2/S2C,COD10K-CAM-2-Terrestrial-23-Cat-1430.jpg,0.10339320451021194
SINet-v2/S2C,COD10K-CAM-2-Terrestrial-23-Cat-1435.jpg,0.003420103807002306
SINet-v2/S2C,COD10K-CAM-2-Terrestrial-23-Cat-1436.jpg,0.023203445598483086
SINet-v2/S2C,COD10K-CAM-2-Terrestrial-23-Cat-1437.jpg,0.10727284848690033
SINet-v2/S2C,COD10K-CAM-2-Terrestrial-23-Cat-1439.jpg,0.011613143607974052
SINet-v2/S2C,COD10K-CAM-2-Terrestrial-23-Cat-1440.jpg,0.06106755509972572
SINet-v2/S2C,COD10K-CAM-2-Terrestrial-23-Cat-1441.jpg,0.23423251509666443
SINet-v2/S2C,COD10K-CAM-2-Terrestrial-23-Cat-1444.jpg,0.04721930995583534
SINet-v2/S2C,COD10K-CAM-2-Terrestrial-23-Cat-1445.jpg,0.228245347738266
SINet-v2/S2C,COD10K-CAM-2-Terrestrial-23-Cat-1447.jpg,0.1323280930519104
SINet-v2/S2C,COD10K-CAM-2-Terrestrial-23-Cat-1448.jpg,0.09017123281955719
SINet-v2/S2C,COD10K-CAM-2-Terrestrial-23-Cat-1450.jpg,0.08048689365386963
SINet-v2/S2C,COD10K-CAM-2-Terrestrial-23-Cat-1452.jpg,0.022111989557743073
SINet-v2/S2C,COD10K-CAM-2-Terrestrial-23-Cat-1454.jpg,0.48832619190216064
SINet-v2/S2C,COD10K-CAM-2-Terrestrial-23-Cat-1455.jpg,0.19808083772659302
SINet-v2/S2C,COD10K-CAM-2-Terrestrial-23-Cat-1456.jpg,0.17141786217689514
SINet-v2/S2C,COD10K-CAM-2-Terrestrial-23-Cat-1457.jpg,0.016429033130407333
SINet-v2/S2C,COD10K-CAM-2-Terrestrial-23-Cat-1460.jpg,0.05570980906486511
SINet-v2/S2C,COD10K-CAM-2-Terrestrial-23-Cat-1463.jpg,0.007473916746675968
SINet-v2/S2C,COD10K-CAM-2-Terrestrial-23-Cat-1464.jpg,0.04152769222855568
SINet-v2/S2C,COD10K-CAM-2-Terrestrial-23-Cat-1467.jpg,0.25029832124710083
SINet-v2/S2C,COD10K-CAM-2-Terrestrial-23-Cat-1468.jpg,0.026046322658658028
SINet-v2/S2C,COD10K-CAM-2-Terrestrial-23-Cat-1469.jpg,0.0712357833981514
SINet-v2/S2C,COD10K-CAM-2-Terrestrial-23-Cat-1470.jpg,0.032980598509311676
SINet-v2/S2C,COD10K-CAM-2-Terrestrial-23-Cat-1473.jpg,0.13123878836631775
SINet-v2/S2C,COD10K-CAM-2-Terrestrial-23-Cat-1477.jpg,0.09686310589313507
SINet-v2/S2C,COD10K-CAM-2-Terrestrial-23-Cat-1478.jpg,0.007121512666344643
SINet-v2/S2C,COD10K-CAM-2-Terrestrial-23-Cat-1480.jpg,0.0430368036031723
SINet-v2/S2C,COD10K-CAM-2-Terrestrial-23-Cat-1482.jpg,0.1269553303718567
SINet-v2/S2C,COD10K-CAM-2-Terrestrial-23-Cat-1484.jpg,0.028294704854488373
SINet-v2/S2C,COD10K-CAM-2-Terrestrial-23-Cat-1486.jpg,0.11802956461906433
SINet-v2/S2C,COD10K-CAM-2-Terrestrial-23-Cat-1487.jpg,0.17266644537448883
SINet-v2/S2C,COD10K-CAM-2-Terrestrial-23-Cat-1489.jpg,0.008017398416996002
SINet-v2/S2C,COD10K-CAM-2-Terrestrial-23-Cat-1493.jpg,0.005364532116800547
SINet-v2/S2C,COD10K-CAM-2-Terrestrial-23-Cat-1495.jpg,0.09159265458583832
SINet-v2/S2C,COD10K-CAM-2-Terrestrial-23-Cat-1497.jpg,0.024077609181404114
SINet-v2/S2C,COD10K-CAM-2-Terrestrial-23-Cat-1499.jpg,0.08013936132192612
SINet-v2/S2C,COD10K-CAM-2-Terrestrial-23-Cat-1501.jpg,0.006631317548453808
SINet-v2/S2C,COD10K-CAM-2-Terrestrial-23-Cat-1502.jpg,0.013111686334013939
SINet-v2/S2C,COD10K-CAM-2-Terrestrial-23-Cat-1503.jpg,0.043667297810316086
SINet-v2/S2C,COD10K-CAM-2-Terrestrial-23-Cat-1504.jpg,0.23892566561698914
SINet-v2/S2C,COD10K-CAM-2-Terrestrial-23-Cat-1506.jpg,0.016754938289523125
SINet-v2/S2C,COD10K-CAM-2-Terrestrial-23-Cat-1507.jpg,0.5476185083389282
SINet-v2/S2C,COD10K-CAM-2-Terrestrial-23-Cat-1509.jpg,0.051543354988098145
SINet-v2/S2C,COD10K-CAM-2-Terrestrial-23-Cat-1511.jpg,0.24119246006011963
SINet-v2/S2C,COD10K-CAM-2-Terrestrial-23-Cat-1513.jpg,0.0387452132999897
SINet-v2/S2C,COD10K-CAM-2-Terrestrial-23-Cat-1517.jpg,0.07886004447937012
SINet-v2/S2C,COD10K-CAM-2-Terrestrial-23-Cat-1518.jpg,0.06235704571008682
SINet-v2/S2C,COD10K-CAM-2-Terrestrial-23-Cat-1519.jpg,0.030685417354106903
SINet-v2/S2C,COD10K-CAM-2-Terrestrial-23-Cat-1521.jpg,0.07092155516147614
SINet-v2/S2C,COD10K-CAM-2-Terrestrial-23-Cat-1525.jpg,0.04105635732412338
SINet-v2/S2C,COD10K-CAM-2-Terrestrial-23-Cat-1528.jpg,0.02475331537425518
SINet-v2/S2C,COD10K-CAM-2-Terrestrial-23-Cat-1529.jpg,0.016525493934750557
SINet-v2/S2C,COD10K-CAM-2-Terrestrial-23-Cat-1533.jpg,0.005767987575381994
SINet-v2/S2C,COD10K-CAM-2-Terrestrial-23-Cat-1535.jpg,0.04617312550544739
SINet-v2/S2C,COD10K-CAM-2-Terrestrial-23-Cat-1536.jpg,0.4556351602077484
SINet-v2/S2C,COD10K-CAM-2-Terrestrial-23-Cat-1538.jpg,0.04090229049324989
SINet-v2/S2C,COD10K-CAM-2-Terrestrial-23-Cat-1539.jpg,0.0008384843822568655
SINet-v2/S2C,COD10K-CAM-2-Terrestrial-23-Cat-1540.jpg,0.02016426995396614
SINet-v2/S2C,COD10K-CAM-2-Terrestrial-24-Caterpillar-1542.jpg,0.16353175044059753
SINet-v2/S2C,COD10K-CAM-2-Terrestrial-24-Caterpillar-1544.jpg,0.020272821187973022
SINet-v2/S2C,COD10K-CAM-2-Terrestrial-24-Caterpillar-1547.jpg,0.05102528631687164
SINet-v2/S2C,COD10K-CAM-2-Terrestrial-24-Caterpillar-1549.jpg,0.0900799110531807
SINet-v2/S2C,COD10K-CAM-2-Terrestrial-24-Caterpillar-1550.jpg,0.012518116272985935
SINet-v2/S2C,COD10K-CAM-2-Terrestrial-24-Caterpillar-1551.jpg,0.10439638048410416
SINet-v2/S2C,COD10K-CAM-2-Terrestrial-24-Caterpillar-1553.jpg,0.10565473884344101
SINet-v2/S2C,COD10K-CAM-2-Terrestrial-24-Caterpillar-1554.jpg,0.16820988059043884
SINet-v2/S2C,COD10K-CAM-2-Terrestrial-24-Caterpillar-1555.jpg,0.02038835734128952
SINet-v2/S2C,COD10K-CAM-2-Terrestrial-24-Caterpillar-1556.jpg,0.10724794119596481
SINet-v2/S2C,COD10K-CAM-2-Terrestrial-24-Caterpillar-1558.jpg,0.05633987858891487
SINet-v2/S2C,COD10K-CAM-2-Terrestrial-24-Caterpillar-1559.jpg,0.21118643879890442
SINet-v2/S2C,COD10K-CAM-2-Terrestrial-24-Caterpillar-1561.jpg,0.045383550226688385
SINet-v2/S2C,COD10K-CAM-2-Terrestrial-24-Caterpillar-1562.jpg,0.11788105219602585
SINet-v2/S2C,COD10K-CAM-2-Terrestrial-24-Caterpillar-1563.jpg,0.025591708719730377
SINet-v2/S2C,COD10K-CAM-2-Terrestrial-24-Caterpillar-1566.jpg,0.15851014852523804
SINet-v2/S2C,COD10K-CAM-2-Terrestrial-24-Caterpillar-1569.jpg,0.038553833961486816
SINet-v2/S2C,COD10K-CAM-2-Terrestrial-24-Caterpillar-1571.jpg,0.20841440558433533
SINet-v2/S2C,COD10K-CAM-2-Terrestrial-24-Caterpillar-1573.jpg,0.03256167471408844
SINet-v2/S2C,COD10K-CAM-2-Terrestrial-24-Caterpillar-1575.jpg,0.04271925985813141
SINet-v2/S2C,COD10K-CAM-2-Terrestrial-24-Caterpillar-1576.jpg,0.12127135694026947
SINet-v2/S2C,COD10K-CAM-2-Terrestrial-24-Caterpillar-1577.jpg,0.04232905060052872
SINet-v2/S2C,COD10K-CAM-2-Terrestrial-24-Caterpillar-1578.jpg,0.06276436895132065
SINet-v2/S2C,COD10K-CAM-2-Terrestrial-24-Caterpillar-1579.jpg,0.021857965737581253
SINet-v2/S2C,COD10K-CAM-2-Terrestrial-24-Caterpillar-1580.jpg,0.021306531503796577
SINet-v2/S2C,COD10K-CAM-2-Terrestrial-24-Caterpillar-1583.jpg,0.1202697604894638
SINet-v2/S2C,COD10K-CAM-2-Terrestrial-24-Caterpillar-1584.jpg,0.09989476203918457
SINet-v2/S2C,COD10K-CAM-2-Terrestrial-24-Caterpillar-1585.jpg,0.06251005828380585
SINet-v2/S2C,COD10K-CAM-2-Terrestrial-24-Caterpillar-1586.jpg,0.058003827929496765
SINet-v2/S2C,COD10K-CAM-2-Terrestrial-24-Caterpillar-1588.jpg,0.11968404054641724
SINet-v2/S2C,COD10K-CAM-2-Terrestrial-24-Caterpillar-1589.jpg,0.11995191872119904
SINet-v2/S2C,COD10K-CAM-2-Terrestrial-24-Caterpillar-1590.jpg,0.03662612661719322
SINet-v2/S2C,COD10K-CAM-2-Terrestrial-24-Caterpillar-1592.jpg,0.09713762998580933
SINet-v2/S2C,COD10K-CAM-2-Terrestrial-24-Caterpillar-1593.jpg,0.058021239936351776
SINet-v2/S2C,COD10K-CAM-2-Terrestrial-24-Caterpillar-1595.jpg,0.04799678176641464
SINet-v2/S2C,COD10K-CAM-2-Terrestrial-24-Caterpillar-1598.jpg,0.04461835324764252
SINet-v2/S2C,COD10K-CAM-2-Terrestrial-24-Caterpillar-1599.jpg,0.05140215903520584
SINet-v2/S2C,COD10K-CAM-2-Terrestrial-24-Caterpillar-1600.jpg,0.0383785218000412
SINet-v2/S2C,COD10K-CAM-2-Terrestrial-24-Caterpillar-1601.jpg,0.14923083782196045
SINet-v2/S2C,COD10K-CAM-2-Terrestrial-24-Caterpillar-1603.jpg,0.04467938840389252
SINet-v2/S2C,COD10K-CAM-2-Terrestrial-24-Caterpillar-1604.jpg,0.008905583061277866
SINet-v2/S2C,COD10K-CAM-2-Terrestrial-24-Caterpillar-1605.jpg,0.1759195327758789
SINet-v2/S2C,COD10K-CAM-2-Terrestrial-24-Caterpillar-1606.jpg,0.021364983171224594
SINet-v2/S2C,COD10K-CAM-2-Terrestrial-24-Caterpillar-1609.jpg,0.0709211528301239
SINet-v2/S2C,COD10K-CAM-2-Terrestrial-24-Caterpillar-1610.jpg,0.0691956877708435
SINet-v2/S2C,COD10K-CAM-2-Terrestrial-24-Caterpillar-1611.jpg,0.03663765266537666
SINet-v2/S2C,COD10K-CAM-2-Terrestrial-24-Caterpillar-1612.jpg,0.0955214649438858
SINet-v2/S2C,COD10K-CAM-2-Terrestrial-24-Caterpillar-1613.jpg,0.07247056066989899
SINet-v2/S2C,COD10K-CAM-2-Terrestrial-24-Caterpillar-1614.jpg,0.028962168842554092
SINet-v2/S2C,COD10K-CAM-2-Terrestrial-24-Caterpillar-1615.jpg,0.006906180642545223
SINet-v2/S2C,COD10K-CAM-2-Terrestrial-24-Caterpillar-1617.jpg,0.054876700043678284
SINet-v2/S2C,COD10K-CAM-2-Terrestrial-24-Caterpillar-1618.jpg,0.02584843337535858
SINet-v2/S2C,COD10K-CAM-2-Terrestrial-24-Caterpillar-1619.jpg,0.2670435607433319
SINet-v2/S2C,COD10K-CAM-2-Terrestrial-24-Caterpillar-1620.jpg,0.05624040216207504
SINet-v2/S2C,COD10K-CAM-2-Terrestrial-24-Caterpillar-1624.jpg,0.01914217323064804
SINet-v2/S2C,COD10K-CAM-2-Terrestrial-24-Caterpillar-1625.jpg,0.2906799912452698
SINet-v2/S2C,COD10K-CAM-2-Terrestrial-24-Caterpillar-1627.jpg,0.06953495740890503
SINet-v2/S2C,COD10K-CAM-2-Terrestrial-24-Caterpillar-1628.jpg,0.03185081109404564
SINet-v2/S2C,COD10K-CAM-2-Terrestrial-24-Caterpillar-1629.jpg,0.06714913249015808
SINet-v2/S2C,COD10K-CAM-2-Terrestrial-24-Caterpillar-1630.jpg,0.628702700138092
SINet-v2/S2C,COD10K-CAM-2-Terrestrial-24-Caterpillar-1631.jpg,0.10153467208147049
SINet-v2/S2C,COD10K-CAM-2-Terrestrial-24-Caterpillar-1632.jpg,0.08770616352558136
SINet-v2/S2C,COD10K-CAM-2-Terrestrial-24-Caterpillar-1634.jpg,0.02599981613457203
SINet-v2/S2C,COD10K-CAM-2-Terrestrial-24-Caterpillar-1635.jpg,0.13664795458316803
SINet-v2/S2C,COD10K-CAM-2-Terrestrial-24-Caterpillar-1636.jpg,0.02850314974784851
SINet-v2/S2C,COD10K-CAM-2-Terrestrial-24-Caterpillar-1637.jpg,0.04708448052406311
SINet-v2/S2C,COD10K-CAM-2-Terrestrial-24-Caterpillar-1638.jpg,0.05573618412017822
SINet-v2/S2C,COD10K-CAM-2-Terrestrial-24-Caterpillar-1639.jpg,0.032861948013305664
SINet-v2/S2C,COD10K-CAM-2-Terrestrial-24-Caterpillar-1640.jpg,0.026734858751296997
SINet-v2/S2C,COD10K-CAM-2-Terrestrial-24-Caterpillar-1642.jpg,0.2834935486316681
SINet-v2/S2C,COD10K-CAM-2-Terrestrial-24-Caterpillar-1646.jpg,0.04474980756640434
SINet-v2/S2C,COD10K-CAM-2-Terrestrial-24-Caterpillar-1647.jpg,0.02240513451397419
SINet-v2/S2C,COD10K-CAM-2-Terrestrial-24-Caterpillar-1648.jpg,0.08010025322437286
SINet-v2/S2C,COD10K-CAM-2-Terrestrial-24-Caterpillar-1649.jpg,0.07234223186969757
SINet-v2/S2C,COD10K-CAM-2-Terrestrial-24-Caterpillar-1651.jpg,0.07397829741239548
SINet-v2/S2C,COD10K-CAM-2-Terrestrial-24-Caterpillar-1654.jpg,0.05513717979192734
SINet-v2/S2C,COD10K-CAM-2-Terrestrial-25-Centipede-1656.jpg,0.05834963917732239
SINet-v2/S2C,COD10K-CAM-2-Terrestrial-25-Centipede-1657.jpg,0.025090033188462257
SINet-v2/S2C,COD10K-CAM-2-Terrestrial-25-Centipede-1660.jpg,0.02375146374106407
SINet-v2/S2C,COD10K-CAM-2-Terrestrial-25-Centipede-1661.jpg,0.1974084973335266
SINet-v2/S2C,COD10K-CAM-2-Terrestrial-25-Centipede-1662.jpg,0.12490002065896988
SINet-v2/S2C,COD10K-CAM-2-Terrestrial-26-Chameleon-1664.jpg,0.004448260180652142
SINet-v2/S2C,COD10K-CAM-2-Terrestrial-26-Chameleon-1665.jpg,0.08268386125564575
SINet-v2/S2C,COD10K-CAM-2-Terrestrial-26-Chameleon-1666.jpg,0.01980733871459961
SINet-v2/S2C,COD10K-CAM-2-Terrestrial-26-Chameleon-1668.jpg,0.05881217122077942
SINet-v2/S2C,COD10K-CAM-2-Terrestrial-26-Chameleon-1669.jpg,0.08981673419475555
SINet-v2/S2C,COD10K-CAM-2-Terrestrial-26-Chameleon-1672.jpg,0.15728724002838135
SINet-v2/S2C,COD10K-CAM-2-Terrestrial-26-Chameleon-1673.jpg,0.1328314244747162
SINet-v2/S2C,COD10K-CAM-2-Terrestrial-26-Chameleon-1674.jpg,0.16745688021183014
SINet-v2/S2C,COD10K-CAM-2-Terrestrial-26-Chameleon-1675.jpg,0.023659823462367058
SINet-v2/S2C,COD10K-CAM-2-Terrestrial-26-Chameleon-1677.jpg,0.02673543617129326
SINet-v2/S2C,COD10K-CAM-2-Terrestrial-26-Chameleon-1678.jpg,0.017660070210695267
SINet-v2/S2C,COD10K-CAM-2-Terrestrial-26-Chameleon-1679.jpg,0.05369512364268303
SINet-v2/S2C,COD10K-CAM-2-Terrestrial-26-Chameleon-1680.jpg,0.11142848432064056
SINet-v2/S2C,COD10K-CAM-2-Terrestrial-26-Chameleon-1682.jpg,0.052958376705646515
SINet-v2/S2C,COD10K-CAM-2-Terrestrial-26-Chameleon-1683.jpg,0.02733384259045124
SINet-v2/S2C,COD10K-CAM-2-Terrestrial-26-Chameleon-1684.jpg,0.02437306009232998
SINet-v2/S2C,COD10K-CAM-2-Terrestrial-26-Chameleon-1685.jpg,0.11703992635011673
SINet-v2/S2C,COD10K-CAM-2-Terrestrial-26-Chameleon-1686.jpg,0.034052927047014236
SINet-v2/S2C,COD10K-CAM-2-Terrestrial-26-Chameleon-1687.jpg,0.0999479815363884
SINet-v2/S2C,COD10K-CAM-2-Terrestrial-26-Chameleon-1690.jpg,0.03039254993200302
SINet-v2/S2C,COD10K-CAM-2-Terrestrial-26-Chameleon-1691.jpg,0.07091215997934341
SINet-v2/S2C,COD10K-CAM-2-Terrestrial-26-Chameleon-1694.jpg,0.032818835228681564
SINet-v2/S2C,COD10K-CAM-2-Terrestrial-26-Chameleon-1695.jpg,0.08656927943229675
SINet-v2/S2C,COD10K-CAM-2-Terrestrial-26-Chameleon-1700.jpg,0.17039553821086884
SINet-v2/S2C,COD10K-CAM-2-Terrestrial-26-Chameleon-1702.jpg,0.018819257616996765
SINet-v2/S2C,COD10K-CAM-2-Terrestrial-26-Chameleon-1704.jpg,0.07404900342226028
SINet-v2/S2C,COD10K-CAM-2-Terrestrial-26-Chameleon-1708.jpg,0.030028756707906723
SINet-v2/S2C,COD10K-CAM-2-Terrestrial-26-Chameleon-1710.jpg,0.019932987168431282
SINet-v2/S2C,COD10K-CAM-2-Terrestrial-26-Chameleon-1712.jpg,0.047535110265016556
SINet-v2/S2C,COD10K-CAM-2-Terrestrial-26-Chameleon-1714.jpg,0.02023565024137497
SINet-v2/S2C,COD10K-CAM-2-Terrestrial-26-Chameleon-1715.jpg,0.020426128059625626
SINet-v2/S2C,COD10K-CAM-2-Terrestrial-26-Chameleon-1717.jpg,0.048332955688238144
SINet-v2/S2C,COD10K-CAM-2-Terrestrial-26-Chameleon-1718.jpg,0.08336016535758972
SINet-v2/S2C,COD10K-CAM-2-Terrestrial-26-Chameleon-1720.jpg,0.07664640247821808
SINet-v2/S2C,COD10K-CAM-2-Terrestrial-26-Chameleon-1721.jpg,0.023499615490436554
SINet-v2/S2C,COD10K-CAM-2-Terrestrial-26-Chameleon-1724.jpg,0.043831318616867065
SINet-v2/S2C,COD10K-CAM-2-Terrestrial-26-Chameleon-1725.jpg,0.06673882901668549
SINet-v2/S2C,COD10K-CAM-2-Terrestrial-26-Chameleon-1726.jpg,0.14358820021152496
SINet-v2/S2C,COD10K-CAM-2-Terrestrial-26-Chameleon-1728.jpg,0.050617046654224396
SINet-v2/S2C,COD10K-CAM-2-Terrestrial-26-Chameleon-1729.jpg,0.013327933847904205
SINet-v2/S2C,COD10K-CAM-2-Terrestrial-26-Chameleon-1731.jpg,0.05195651948451996
SINet-v2/S2C,COD10K-CAM-2-Terrestrial-26-Chameleon-1732.jpg,0.1313818395137787
SINet-v2/S2C,COD10K-CAM-2-Terrestrial-26-Chameleon-1733.jpg,0.08702131360769272
SINet-v2/S2C,COD10K-CAM-2-Terrestrial-26-Chameleon-1734.jpg,0.1503051221370697
SINet-v2/S2C,COD10K-CAM-2-Terrestrial-26-Chameleon-1735.jpg,0.13504131138324738
SINet-v2/S2C,COD10K-CAM-2-Terrestrial-26-Chameleon-1736.jpg,0.028490791097283363
SINet-v2/S2C,COD10K-CAM-2-Terrestrial-27-Cheetah-1738.jpg,0.0407305508852005
SINet-v2/S2C,COD10K-CAM-2-Terrestrial-27-Cheetah-1740.jpg,0.020824013277888298
SINet-v2/S2C,COD10K-CAM-2-Terrestrial-27-Cheetah-1741.jpg,0.049047499895095825
SINet-v2/S2C,COD10K-CAM-2-Terrestrial-27-Cheetah-1744.jpg,0.00838904082775116
SINet-v2/S2C,COD10K-CAM-2-Terrestrial-27-Cheetah-1746.jpg,0.006580854766070843
SINet-v2/S2C,COD10K-CAM-2-Terrestrial-27-Cheetah-1748.jpg,0.007667952217161655
SINet-v2/S2C,COD10K-CAM-2-Terrestrial-27-Cheetah-1749.jpg,0.03963889181613922
SINet-v2/S2C,COD10K-CAM-2-Terrestrial-27-Cheetah-1752.jpg,0.00993548147380352
SINet-v2/S2C,COD10K-CAM-2-Terrestrial-27-Cheetah-1754.jpg,0.0868813693523407
SINet-v2/S2C,COD10K-CAM-2-Terrestrial-27-Cheetah-1757.jpg,0.01915852166712284
SINet-v2/S2C,COD10K-CAM-2-Terrestrial-28-Deer-1759.jpg,0.00811889860779047
SINet-v2/S2C,COD10K-CAM-2-Terrestrial-28-Deer-1763.jpg,0.031906306743621826
SINet-v2/S2C,COD10K-CAM-2-Terrestrial-28-Deer-1765.jpg,0.046706218272447586
SINet-v2/S2C,COD10K-CAM-2-Terrestrial-28-Deer-1770.jpg,0.010045760311186314
SINet-v2/S2C,COD10K-CAM-2-Terrestrial-28-Deer-1771.jpg,0.022777581587433815
SINet-v2/S2C,COD10K-CAM-2-Terrestrial-28-Deer-1774.jpg,0.18979379534721375
SINet-v2/S2C,COD10K-CAM-2-Terrestrial-28-Deer-1776.jpg,0.02002154104411602
SINet-v2/S2C,COD10K-CAM-2-Terrestrial-28-Deer-1777.jpg,0.00019218603847548366
SINet-v2/S2C,COD10K-CAM-2-Terrestrial-28-Deer-1778.jpg,0.03686104342341423
SINet-v2/S2C,COD10K-CAM-2-Terrestrial-28-Deer-1780.jpg,0.059920474886894226
SINet-v2/S2C,COD10K-CAM-2-Terrestrial-28-Deer-1781.jpg,0.024026833474636078
SINet-v2/S2C,COD10K-CAM-2-Terrestrial-28-Deer-1782.jpg,0.12142609059810638
SINet-v2/S2C,COD10K-CAM-2-Terrestrial-28-Deer-1783.jpg,0.030515510588884354
SINet-v2/S2C,COD10K-CAM-2-Terrestrial-28-Deer-1786.jpg,0.01153499260544777
SINet-v2/S2C,COD10K-CAM-2-Terrestrial-28-Deer-1787.jpg,0.019097475335001945
SINet-v2/S2C,COD10K-CAM-2-Terrestrial-28-Deer-1789.jpg,0.06136066094040871
SINet-v2/S2C,COD10K-CAM-2-Terrestrial-28-Deer-1793.jpg,0.08497542142868042
SINet-v2/S2C,COD10K-CAM-2-Terrestrial-28-Deer-1796.jpg,0.053287431597709656
SINet-v2/S2C,COD10K-CAM-2-Terrestrial-28-Deer-1797.jpg,0.06682939827442169
SINet-v2/S2C,COD10K-CAM-2-Terrestrial-28-Deer-1798.jpg,0.016652841120958328
SINet-v2/S2C,COD10K-CAM-2-Terrestrial-28-Deer-1799.jpg,0.030145861208438873
SINet-v2/S2C,COD10K-CAM-2-Terrestrial-28-Deer-1800.jpg,0.008000027388334274
SINet-v2/S2C,COD10K-CAM-2-Terrestrial-28-Deer-1802.jpg,0.0026998925022780895
SINet-v2/S2C,COD10K-CAM-2-Terrestrial-28-Deer-1803.jpg,0.1014946848154068
SINet-v2/S2C,COD10K-CAM-2-Terrestrial-29-Dog-1806.jpg,0.03964195400476456
SINet-v2/S2C,COD10K-CAM-2-Terrestrial-29-Dog-1807.jpg,0.013026289641857147
SINet-v2/S2C,COD10K-CAM-2-Terrestrial-29-Dog-1808.jpg,0.08137457817792892
SINet-v2/S2C,COD10K-CAM-2-Terrestrial-29-Dog-1809.jpg,0.030691638588905334
SINet-v2/S2C,COD10K-CAM-2-Terrestrial-29-Dog-1810.jpg,0.011565305292606354
SINet-v2/S2C,COD10K-CAM-2-Terrestrial-29-Dog-1811.jpg,0.033545203506946564
SINet-v2/S2C,COD10K-CAM-2-Terrestrial-29-Dog-1812.jpg,0.007609425112605095
SINet-v2/S2C,COD10K-CAM-2-Terrestrial-29-Dog-1813.jpg,0.01924894191324711
SINet-v2/S2C,COD10K-CAM-2-Terrestrial-29-Dog-1818.jpg,0.02733951434493065
SINet-v2/S2C,COD10K-CAM-2-Terrestrial-29-Dog-1819.jpg,0.024463310837745667
SINet-v2/S2C,COD10K-CAM-2-Terrestrial-29-Dog-1821.jpg,0.0087890625
SINet-v2/S2C,COD10K-CAM-2-Terrestrial-29-Dog-1822.jpg,0.03839053958654404
SINet-v2/S2C,COD10K-CAM-2-Terrestrial-29-Dog-1823.jpg,0.04127862676978111
SINet-v2/S2C,COD10K-CAM-2-Terrestrial-29-Dog-1824.jpg,0.0626138374209404
SINet-v2/S2C,COD10K-CAM-2-Terrestrial-29-Dog-1826.jpg,0.032209113240242004
SINet-v2/S2C,COD10K-CAM-2-Terrestrial-29-Dog-1828.jpg,0.08544079214334488
SINet-v2/S2C,COD10K-CAM-2-Terrestrial-29-Dog-1833.jpg,0.006640119478106499
SINet-v2/S2C,COD10K-CAM-2-Terrestrial-29-Dog-1839.jpg,0.009217877872288227
SINet-v2/S2C,COD10K-CAM-2-Terrestrial-29-Dog-1841.jpg,0.26529571413993835
SINet-v2/S2C,COD10K-CAM-2-Terrestrial-29-Dog-1842.jpg,0.0072189862839877605
SINet-v2/S2C,COD10K-CAM-2-Terrestrial-29-Dog-1843.jpg,1.538693904876709
SINet-v2/S2C,COD10K-CAM-2-Terrestrial-29-Dog-1844.jpg,0.017199786379933357
SINet-v2/S2C,COD10K-CAM-2-Terrestrial-29-Dog-1845.jpg,0.005599467549473047
SINet-v2/S2C,COD10K-CAM-2-Terrestrial-29-Dog-1846.jpg,0.008024323731660843
SINet-v2/S2C,COD10K-CAM-2-Terrestrial-29-Dog-1847.jpg,0.22405681014060974
SINet-v2/S2C,COD10K-CAM-2-Terrestrial-29-Dog-1848.jpg,0.17201831936836243
SINet-v2/S2C,COD10K-CAM-2-Terrestrial-29-Dog-1849.jpg,0.03779972717165947
SINet-v2/S2C,COD10K-CAM-2-Terrestrial-29-Dog-1850.jpg,0.07886698842048645
SINet-v2/S2C,COD10K-CAM-2-Terrestrial-29-Dog-1852.jpg,0.20961806178092957
SINet-v2/S2C,COD10K-CAM-2-Terrestrial-29-Dog-1855.jpg,0.02292437106370926
SINet-v2/S2C,COD10K-CAM-2-Terrestrial-29-Dog-1857.jpg,0.038985081017017365
SINet-v2/S2C,COD10K-CAM-2-Terrestrial-29-Dog-1858.jpg,0.03669377416372299
SINet-v2/S2C,COD10K-CAM-2-Terrestrial-29-Dog-1859.jpg,0.1081538274884224
SINet-v2/S2C,COD10K-CAM-2-Terrestrial-29-Dog-1860.jpg,0.012034120038151741
SINet-v2/S2C,COD10K-CAM-2-Terrestrial-29-Dog-1861.jpg,0.014288467355072498
SINet-v2/S2C,COD10K-CAM-2-Terrestrial-30-Duck-1863.jpg,0.04629143700003624
SINet-v2/S2C,COD10K-CAM-2-Terrestrial-30-Duck-1864.jpg,0.04501703009009361
SINet-v2/S2C,COD10K-CAM-2-Terrestrial-30-Duck-1865.jpg,0.03117559850215912
SINet-v2/S2C,COD10K-CAM-2-Terrestrial-30-Duck-1867.jpg,0.029719704762101173
SINet-v2/S2C,COD10K-CAM-2-Terrestrial-30-Duck-1869.jpg,0.02575785294175148
SINet-v2/S2C,COD10K-CAM-2-Terrestrial-30-Duck-1872.jpg,0.013025082647800446
SINet-v2/S2C,COD10K-CAM-2-Terrestrial-30-Duck-1874.jpg,0.018931034952402115
SINet-v2/S2C,COD10K-CAM-2-Terrestrial-30-Duck-1875.jpg,0.008286605589091778
SINet-v2/S2C,COD10K-CAM-2-Terrestrial-30-Duck-1877.jpg,0.13930463790893555
SINet-v2/S2C,COD10K-CAM-2-Terrestrial-30-Duck-1878.jpg,0.04347902536392212
SINet-v2/S2C,COD10K-CAM-2-Terrestrial-31-Gecko-1879.jpg,0.05599074065685272
SINet-v2/S2C,COD10K-CAM-2-Terrestrial-31-Gecko-1881.jpg,0.010264181531965733
SINet-v2/S2C,COD10K-CAM-2-Terrestrial-31-Gecko-1883.jpg,0.025478433817625046
SINet-v2/S2C,COD10K-CAM-2-Terrestrial-31-Gecko-1884.jpg,0.019466981291770935
SINet-v2/S2C,COD10K-CAM-2-Terrestrial-31-Gecko-1885.jpg,0.03266686201095581
SINet-v2/S2C,COD10K-CAM-2-Terrestrial-31-Gecko-1886.jpg,0.03385511040687561
SINet-v2/S2C,COD10K-CAM-2-Terrestrial-31-Gecko-1887.jpg,0.4535561800003052
SINet-v2/S2C,COD10K-CAM-2-Terrestrial-31-Gecko-1891.jpg,0.04627957195043564
SINet-v2/S2C,COD10K-CAM-2-Terrestrial-31-Gecko-1894.jpg,0.03201901912689209
SINet-v2/S2C,COD10K-CAM-2-Terrestrial-31-Gecko-1896.jpg,0.0924396738409996
SINet-v2/S2C,COD10K-CAM-2-Terrestrial-31-Gecko-1897.jpg,0.04849933087825775
SINet-v2/S2C,COD10K-CAM-2-Terrestrial-31-Gecko-1898.jpg,0.08690822869539261
SINet-v2/S2C,COD10K-CAM-2-Terrestrial-31-Gecko-1899.jpg,0.022812671959400177
SINet-v2/S2C,COD10K-CAM-2-Terrestrial-31-Gecko-1900.jpg,0.038128480315208435
SINet-v2/S2C,COD10K-CAM-2-Terrestrial-31-Gecko-1902.jpg,0.03336705267429352
SINet-v2/S2C,COD10K-CAM-2-Terrestrial-31-Gecko-1904.jpg,0.03216390684247017
SINet-v2/S2C,COD10K-CAM-2-Terrestrial-31-Gecko-1905.jpg,0.028465721756219864
SINet-v2/S2C,COD10K-CAM-2-Terrestrial-31-Gecko-1906.jpg,0.09988932311534882
SINet-v2/S2C,COD10K-CAM-2-Terrestrial-31-Gecko-1909.jpg,0.0551837757229805
SINet-v2/S2C,COD10K-CAM-2-Terrestrial-31-Gecko-1910.jpg,0.08722212165594101
SINet-v2/S2C,COD10K-CAM-2-Terrestrial-31-Gecko-1911.jpg,0.011460882611572742
SINet-v2/S2C,COD10K-CAM-2-Terrestrial-31-Gecko-1912.jpg,0.09178701043128967
SINet-v2/S2C,COD10K-CAM-2-Terrestrial-31-Gecko-1914.jpg,0.01672881469130516
SINet-v2/S2C,COD10K-CAM-2-Terrestrial-31-Gecko-1915.jpg,0.030719710513949394
SINet-v2/S2C,COD10K-CAM-2-Terrestrial-31-Gecko-1916.jpg,0.008932225406169891
SINet-v2/S2C,COD10K-CAM-2-Terrestrial-31-Gecko-1918.jpg,0.008209136314690113
SINet-v2/S2C,COD10K-CAM-2-Terrestrial-31-Gecko-1919.jpg,0.08734913170337677
SINet-v2/S2C,COD10K-CAM-2-Terrestrial-31-Gecko-1921.jpg,0.11046242713928223
SINet-v2/S2C,COD10K-CAM-2-Terrestrial-31-Gecko-1924.jpg,0.09253756701946259
SINet-v2/S2C,COD10K-CAM-2-Terrestrial-31-Gecko-1925.jpg,0.09695884585380554
SINet-v2/S2C,COD10K-CAM-2-Terrestrial-31-Gecko-1926.jpg,0.11096221208572388
SINet-v2/S2C,COD10K-CAM-2-Terrestrial-31-Gecko-1928.jpg,0.08339011669158936
SINet-v2/S2C,COD10K-CAM-2-Terrestrial-32-Giraffe-1930.jpg,0.08497172594070435
SINet-v2/S2C,COD10K-CAM-2-Terrestrial-32-Giraffe-1931.jpg,0.03524411842226982
SINet-v2/S2C,COD10K-CAM-2-Terrestrial-32-Giraffe-1933.jpg,0.032366883009672165
SINet-v2/S2C,COD10K-CAM-2-Terrestrial-32-Giraffe-1936.jpg,0.06137800216674805
SINet-v2/S2C,COD10K-CAM-2-Terrestrial-32-Giraffe-1938.jpg,0.07359574735164642
SINet-v2/S2C,COD10K-CAM-2-Terrestrial-32-Giraffe-1939.jpg,0.0388311967253685
SINet-v2/S2C,COD10K-CAM-2-Terrestrial-32-Giraffe-1943.jpg,0.04270956665277481
SINet-v2/S2C,COD10K-CAM-2-Terrestrial-32-Giraffe-1944.jpg,0.11083565652370453
SINet-v2/S2C,COD10K-CAM-2-Terrestrial-32-Giraffe-1945.jpg,0.006422375328838825
SINet-v2/S2C,COD10K-CAM-2-Terrestrial-32-Giraffe-1946.jpg,0.006677729077637196
SINet-v2/S2C,COD10K-CAM-2-Terrestrial-32-Giraffe-1948.jpg,0.017347564920783043
SINet-v2/S2C,COD10K-CAM-2-Terrestrial-32-Giraffe-1949.jpg,0.22259710729122162
SINet-v2/S2C,COD10K-CAM-2-Terrestrial-33-Grouse-1951.jpg,0.011729172430932522
SINet-v2/S2C,COD10K-CAM-2-Terrestrial-33-Grouse-1953.jpg,0.028247565031051636
SINet-v2/S2C,COD10K-CAM-2-Terrestrial-33-Grouse-1955.jpg,0.017177123576402664
SINet-v2/S2C,COD10K-CAM-2-Terrestrial-33-Grouse-1956.jpg,0.030025793239474297
SINet-v2/S2C,COD10K-CAM-2-Terrestrial-33-Grouse-1957.jpg,0.04233238101005554
SINet-v2/S2C,COD10K-CAM-2-Terrestrial-33-Grouse-1960.jpg,0.12140954285860062
SINet-v2/S2C,COD10K-CAM-2-Terrestrial-33-Grouse-1963.jpg,0.22130626440048218
SINet-v2/S2C,COD10K-CAM-2-Terrestrial-33-Grouse-1964.jpg,0.020735232159495354
SINet-v2/S2C,COD10K-CAM-2-Terrestrial-33-Grouse-1965.jpg,0.016415633261203766
SINet-v2/S2C,COD10K-CAM-2-Terrestrial-33-Grouse-1967.jpg,0.016672464087605476
SINet-v2/S2C,COD10K-CAM-2-Terrestrial-34-Human-1968.jpg,0.07187669724225998
SINet-v2/S2C,COD10K-CAM-2-Terrestrial-34-Human-1969.jpg,0.02280055545270443
SINet-v2/S2C,COD10K-CAM-2-Terrestrial-34-Human-1971.jpg,0.04333283007144928
SINet-v2/S2C,COD10K-CAM-2-Terrestrial-34-Human-1972.jpg,0.003926877398043871
SINet-v2/S2C,COD10K-CAM-2-Terrestrial-34-Human-1974.jpg,0.0431688018143177
SINet-v2/S2C,COD10K-CAM-2-Terrestrial-34-Human-1976.jpg,0.03431466966867447
SINet-v2/S2C,COD10K-CAM-2-Terrestrial-34-Human-1977.jpg,0.014035305008292198
SINet-v2/S2C,COD10K-CAM-2-Terrestrial-34-Human-1979.jpg,0.10458741337060928
SINet-v2/S2C,COD10K-CAM-2-Terrestrial-34-Human-1981.jpg,0.3364320993423462
SINet-v2/S2C,COD10K-CAM-2-Terrestrial-34-Human-1982.jpg,0.06739667803049088
SINet-v2/S2C,COD10K-CAM-2-Terrestrial-34-Human-1984.jpg,0.00402843439951539
SINet-v2/S2C,COD10K-CAM-2-Terrestrial-34-Human-1986.jpg,0.016298435628414154
SINet-v2/S2C,COD10K-CAM-2-Terrestrial-34-Human-1988.jpg,0.055662963539361954
SINet-v2/S2C,COD10K-CAM-2-Terrestrial-34-Human-1989.jpg,0.03242086246609688
SINet-v2/S2C,COD10K-CAM-2-Terrestrial-34-Human-1994.jpg,0.06526003032922745
SINet-v2/S2C,COD10K-CAM-2-Terrestrial-34-Human-1995.jpg,0.22399377822875977
SINet-v2/S2C,COD10K-CAM-2-Terrestrial-34-Human-1999.jpg,0.16881099343299866
SINet-v2/S2C,COD10K-CAM-2-Terrestrial-34-Human-2001.jpg,0.011114032939076424
SINet-v2/S2C,COD10K-CAM-2-Terrestrial-34-Human-2002.jpg,0.01341246161609888
SINet-v2/S2C,COD10K-CAM-2-Terrestrial-34-Human-2003.jpg,0.07995645701885223
SINet-v2/S2C,COD10K-CAM-2-Terrestrial-34-Human-2004.jpg,0.07356114685535431
SINet-v2/S2C,COD10K-CAM-2-Terrestrial-34-Human-2005.jpg,0.020349476486444473
SINet-v2/S2C,COD10K-CAM-2-Terrestrial-34-Human-2006.jpg,0.18678051233291626
SINet-v2/S2C,COD10K-CAM-2-Terrestrial-34-Human-2008.jpg,0.005681161768734455
SINet-v2/S2C,COD10K-CAM-2-Terrestrial-34-Human-2009.jpg,0.04815073311328888
SINet-v2/S2C,COD10K-CAM-2-Terrestrial-34-Human-2011.jpg,0.02535318396985531
SINet-v2/S2C,COD10K-CAM-2-Terrestrial-34-Human-2015.jpg,0.05833693593740463
SINet-v2/S2C,COD10K-CAM-2-Terrestrial-34-Human-2016.jpg,0.04244483262300491
SINet-v2/S2C,COD10K-CAM-2-Terrestrial-34-Human-2019.jpg,0.017722096294164658
SINet-v2/S2C,COD10K-CAM-2-Terrestrial-34-Human-2020.jpg,0.03875304013490677
SINet-v2/S2C,COD10K-CAM-2-Terrestrial-34-Human-2021.jpg,0.36234188079833984
SINet-v2/S2C,COD10K-CAM-2-Terrestrial-34-Human-2022.jpg,0.08419330418109894
SINet-v2/S2C,COD10K-CAM-2-Terrestrial-34-Human-2023.jpg,0.0086322370916605
SINet-v2/S2C,COD10K-CAM-2-Terrestrial-34-Human-2024.jpg,0.10216431319713593
SINet-v2/S2C,COD10K-CAM-2-Terrestrial-34-Human-2025.jpg,0.073996901512146
SINet-v2/S2C,COD10K-CAM-2-Terrestrial-34-Human-2026.jpg,0.11956144869327545
SINet-v2/S2C,COD10K-CAM-2-Terrestrial-34-Human-2027.jpg,0.04827331751585007
SINet-v2/S2C,COD10K-CAM-2-Terrestrial-34-Human-2029.jpg,0.011082601733505726
SINet-v2/S2C,COD10K-CAM-2-Terrestrial-34-Human-2030.jpg,0.23410362005233765
SINet-v2/S2C,COD10K-CAM-2-Terrestrial-34-Human-2032.jpg,0.027211356908082962
SINet-v2/S2C,COD10K-CAM-2-Terrestrial-34-Human-2033.jpg,0.02432643063366413
SINet-v2/S2C,COD10K-CAM-2-Terrestrial-34-Human-2036.jpg,0.02301928773522377
SINet-v2/S2C,COD10K-CAM-2-Terrestrial-34-Human-2038.jpg,0.05596933141350746
SINet-v2/S2C,COD10K-CAM-2-Terrestrial-34-Human-2040.jpg,0.02953428588807583
SINet-v2/S2C,COD10K-CAM-2-Terrestrial-34-Human-2041.jpg,0.01995748281478882
SINet-v2/S2C,COD10K-CAM-2-Terrestrial-34-Human-2042.jpg,0.02638230100274086
SINet-v2/S2C,COD10K-CAM-2-Terrestrial-34-Human-2043.jpg,0.05702506750822067
SINet-v2/S2C,COD10K-CAM-2-Terrestrial-34-Human-2044.jpg,0.017378250136971474
SINet-v2/S2C,COD10K-CAM-2-Terrestrial-34-Human-2046.jpg,0.5587441325187683
SINet-v2/S2C,COD10K-CAM-2-Terrestrial-35-Kangaroo-2047.jpg,0.010781737975776196
SINet-v2/S2C,COD10K-CAM-2-Terrestrial-35-Kangaroo-2048.jpg,0.014968138188123703
SINet-v2/S2C,COD10K-CAM-2-Terrestrial-35-Kangaroo-2051.jpg,0.04964091256260872
SINet-v2/S2C,COD10K-CAM-2-Terrestrial-35-Kangaroo-2052.jpg,0.028979584574699402
SINet-v2/S2C,COD10K-CAM-2-Terrestrial-35-Kangaroo-2054.jpg,0.016392480581998825
SINet-v2/S2C,COD10K-CAM-2-Terrestrial-35-Kangaroo-2055.jpg,0.0077541423961520195
SINet-v2/S2C,COD10K-CAM-2-Terrestrial-36-Leopard-2056.jpg,0.07321511209011078
SINet-v2/S2C,COD10K-CAM-2-Terrestrial-36-Leopard-2057.jpg,0.22947844862937927
SINet-v2/S2C,COD10K-CAM-2-Terrestrial-36-Leopard-2058.jpg,0.038399588316679
SINet-v2/S2C,COD10K-CAM-2-Terrestrial-36-Leopard-2060.jpg,0.0729454830288887
SINet-v2/S2C,COD10K-CAM-2-Terrestrial-36-Leopard-2062.jpg,0.08861327171325684
SINet-v2/S2C,COD10K-CAM-2-Terrestrial-36-Leopard-2065.jpg,0.049366824328899384
SINet-v2/S2C,COD10K-CAM-2-Terrestrial-36-Leopard-2069.jpg,0.050116829574108124
SINet-v2/S2C,COD10K-CAM-2-Terrestrial-36-Leopard-2074.jpg,0.04098155349493027
SINet-v2/S2C,COD10K-CAM-2-Terrestrial-36-Leopard-2075.jpg,0.030974876135587692
SINet-v2/S2C,COD10K-CAM-2-Terrestrial-36-Leopard-2078.jpg,0.03540746867656708
SINet-v2/S2C,COD10K-CAM-2-Terrestrial-36-Leopard-2080.jpg,0.032525684684515
SINet-v2/S2C,COD10K-CAM-2-Terrestrial-36-Leopard-2081.jpg,0.051493797451257706
SINet-v2/S2C,COD10K-CAM-2-Terrestrial-36-Leopard-2083.jpg,0.028909167274832726
SINet-v2/S2C,COD10K-CAM-2-Terrestrial-36-Leopard-2084.jpg,0.03897586464881897
SINet-v2/S2C,COD10K-CAM-2-Terrestrial-36-Leopard-2085.jpg,0.03386643901467323
SINet-v2/S2C,COD10K-CAM-2-Terrestrial-36-Leopard-2086.jpg,0.007125758565962315
SINet-v2/S2C,COD10K-CAM-2-Terrestrial-36-Leopard-2087.jpg,0.06473841518163681
SINet-v2/S2C,COD10K-CAM-2-Terrestrial-36-Leopard-2091.jpg,0.043339118361473083
SINet-v2/S2C,COD10K-CAM-2-Terrestrial-36-Leopard-2093.jpg,0.06549355387687683
SINet-v2/S2C,COD10K-CAM-2-Terrestrial-36-Leopard-2094.jpg,0.03140587732195854
SINet-v2/S2C,COD10K-CAM-2-Terrestrial-36-Leopard-2095.jpg,0.0480087548494339
SINet-v2/S2C,COD10K-CAM-2-Terrestrial-36-Leopard-2096.jpg,0.059926047921180725
SINet-v2/S2C,COD10K-CAM-2-Terrestrial-36-Leopard-2097.jpg,0.08773861080408096
SINet-v2/S2C,COD10K-CAM-2-Terrestrial-36-Leopard-2098.jpg,0.09729807823896408
SINet-v2/S2C,COD10K-CAM-2-Terrestrial-36-Leopard-2099.jpg,0.09038777649402618
SINet-v2/S2C,COD10K-CAM-2-Terrestrial-36-Leopard-2100.jpg,0.03612792491912842
SINet-v2/S2C,COD10K-CAM-2-Terrestrial-36-Leopard-2102.jpg,0.09609197825193405
SINet-v2/S2C,COD10K-CAM-2-Terrestrial-37-Lion-2106.jpg,0.008786898106336594
SINet-v2/S2C,COD10K-CAM-2-Terrestrial-37-Lion-2108.jpg,0.055501699447631836
SINet-v2/S2C,COD10K-CAM-2-Terrestrial-37-Lion-2110.jpg,0.06931467354297638
SINet-v2/S2C,COD10K-CAM-2-Terrestrial-37-Lion-2111.jpg,0.034857869148254395
SINet-v2/S2C,COD10K-CAM-2-Terrestrial-37-Lion-2114.jpg,0.062302134931087494
SINet-v2/S2C,COD10K-CAM-2-Terrestrial-37-Lion-2115.jpg,0.03224197030067444
SINet-v2/S2C,COD10K-CAM-2-Terrestrial-37-Lion-2116.jpg,0.026466431096196175
SINet-v2/S2C,COD10K-CAM-2-Terrestrial-37-Lion-2117.jpg,0.037502847611904144
SINet-v2/S2C,COD10K-CAM-2-Terrestrial-37-Lion-2118.jpg,0.0008434922201558948
SINet-v2/S2C,COD10K-CAM-2-Terrestrial-38-Lizard-2120.jpg,0.12085805088281631
SINet-v2/S2C,COD10K-CAM-2-Terrestrial-38-Lizard-2121.jpg,0.058072566986083984
SINet-v2/S2C,COD10K-CAM-2-Terrestrial-38-Lizard-2122.jpg,0.15218809247016907
SINet-v2/S2C,COD10K-CAM-2-Terrestrial-38-Lizard-2123.jpg,0.07172352075576782
SINet-v2/S2C,COD10K-CAM-2-Terrestrial-38-Lizard-2124.jpg,0.03696129098534584
SINet-v2/S2C,COD10K-CAM-2-Terrestrial-38-Lizard-2127.jpg,0.012582611292600632
SINet-v2/S2C,COD10K-CAM-2-Terrestrial-38-Lizard-2128.jpg,0.04647144675254822
SINet-v2/S2C,COD10K-CAM-2-Terrestrial-38-Lizard-2129.jpg,0.05143533647060394
SINet-v2/S2C,COD10K-CAM-2-Terrestrial-38-Lizard-2130.jpg,0.013642295263707638
SINet-v2/S2C,COD10K-CAM-2-Terrestrial-38-Lizard-2131.jpg,0.01930273324251175
SINet-v2/S2C,COD10K-CAM-2-Terrestrial-38-Lizard-2133.jpg,0.016762040555477142
SINet-v2/S2C,COD10K-CAM-2-Terrestrial-38-Lizard-2134.jpg,0.019963938742876053
SINet-v2/S2C,COD10K-CAM-2-Terrestrial-38-Lizard-2136.jpg,0.04898330569267273
SINet-v2/S2C,COD10K-CAM-2-Terrestrial-38-Lizard-2137.jpg,0.016099100932478905
SINet-v2/S2C,COD10K-CAM-2-Terrestrial-38-Lizard-2139.jpg,0.04765719920396805
SINet-v2/S2C,COD10K-CAM-2-Terrestrial-38-Lizard-2140.jpg,0.012090369127690792
SINet-v2/S2C,COD10K-CAM-2-Terrestrial-38-Lizard-2143.jpg,0.057768821716308594
SINet-v2/S2C,COD10K-CAM-2-Terrestrial-38-Lizard-2144.jpg,0.24749648571014404
SINet-v2/S2C,COD10K-CAM-2-Terrestrial-38-Lizard-2145.jpg,0.07528573274612427
SINet-v2/S2C,COD10K-CAM-2-Terrestrial-38-Lizard-2146.jpg,0.02769087627530098
SINet-v2/S2C,COD10K-CAM-2-Terrestrial-38-Lizard-2147.jpg,0.06917519867420197
SINet-v2/S2C,COD10K-CAM-2-Terrestrial-38-Lizard-2148.jpg,0.016689585521817207
SINet-v2/S2C,COD10K-CAM-2-Terrestrial-38-Lizard-2152.jpg,0.046759430319070816
SINet-v2/S2C,COD10K-CAM-2-Terrestrial-38-Lizard-2154.jpg,0.1089545339345932
SINet-v2/S2C,COD10K-CAM-2-Terrestrial-38-Lizard-2156.jpg,0.022918496280908585
SINet-v2/S2C,COD10K-CAM-2-Terrestrial-38-Lizard-2157.jpg,0.02292824536561966
SINet-v2/S2C,COD10K-CAM-2-Terrestrial-38-Lizard-2158.jpg,0.023344572633504868
SINet-v2/S2C,COD10K-CAM-2-Terrestrial-38-Lizard-2159.jpg,0.030169401317834854
SINet-v2/S2C,COD10K-CAM-2-Terrestrial-38-Lizard-2160.jpg,0.02961321920156479
SINet-v2/S2C,COD10K-CAM-2-Terrestrial-38-Lizard-2162.jpg,0.02159041352570057
SINet-v2/S2C,COD10K-CAM-2-Terrestrial-38-Lizard-2163.jpg,0.024802736937999725
SINet-v2/S2C,COD10K-CAM-2-Terrestrial-38-Lizard-2164.jpg,0.12371371686458588
SINet-v2/S2C,COD10K-CAM-2-Terrestrial-38-Lizard-2168.jpg,0.11054739356040955
SINet-v2/S2C,COD10K-CAM-2-Terrestrial-38-Lizard-2169.jpg,0.04060134291648865
SINet-v2/S2C,COD10K-CAM-2-Terrestrial-38-Lizard-2170.jpg,0.01672881469130516
SINet-v2/S2C,COD10K-CAM-2-Terrestrial-38-Lizard-2171.jpg,0.026925353333353996
SINet-v2/S2C,COD10K-CAM-2-Terrestrial-38-Lizard-2174.jpg,0.0262934360653162
SINet-v2/S2C,COD10K-CAM-2-Terrestrial-38-Lizard-2175.jpg,0.011526034213602543
SINet-v2/S2C,COD10K-CAM-2-Terrestrial-38-Lizard-2177.jpg,0.07063798606395721
SINet-v2/S2C,COD10K-CAM-2-Terrestrial-38-Lizard-2181.jpg,0.07811100780963898
SINet-v2/S2C,COD10K-CAM-2-Terrestrial-38-Lizard-2182.jpg,0.05322965234518051
SINet-v2/S2C,COD10K-CAM-2-Terrestrial-38-Lizard-2184.jpg,0.0208656694740057
SINet-v2/S2C,COD10K-CAM-2-Terrestrial-38-Lizard-2186.jpg,0.010033427737653255
SINet-v2/S2C,COD10K-CAM-2-Terrestrial-38-Lizard-2187.jpg,0.000536216888576746
SINet-v2/S2C,COD10K-CAM-2-Terrestrial-38-Lizard-2188.jpg,0.027086520567536354
SINet-v2/S2C,COD10K-CAM-2-Terrestrial-38-Lizard-2189.jpg,0.018726952373981476
SINet-v2/S2C,COD10K-CAM-2-Terrestrial-38-Lizard-2191.jpg,0.013775434345006943
SINet-v2/S2C,COD10K-CAM-2-Terrestrial-38-Lizard-2192.jpg,0.04314354807138443
SINet-v2/S2C,COD10K-CAM-2-Terrestrial-38-Lizard-2193.jpg,0.02949490398168564
SINet-v2/S2C,COD10K-CAM-2-Terrestrial-38-Lizard-2196.jpg,0.019127584993839264
SINet-v2/S2C,COD10K-CAM-2-Terrestrial-38-Lizard-2198.jpg,0.07445028424263
SINet-v2/S2C,COD10K-CAM-2-Terrestrial-38-Lizard-2199.jpg,0.03502202779054642
SINet-v2/S2C,COD10K-CAM-2-Terrestrial-38-Lizard-2200.jpg,0.014820270240306854
SINet-v2/S2C,COD10K-CAM-2-Terrestrial-38-Lizard-2203.jpg,0.11161773651838303
SINet-v2/S2C,COD10K-CAM-2-Terrestrial-38-Lizard-2206.jpg,0.08063259720802307
SINet-v2/S2C,COD10K-CAM-2-Terrestrial-38-Lizard-2207.jpg,0.03963661938905716
SINet-v2/S2C,COD10K-CAM-2-Terrestrial-38-Lizard-2208.jpg,0.05621623992919922
SINet-v2/S2C,COD10K-CAM-2-Terrestrial-38-Lizard-2209.jpg,0.02811562269926071
SINet-v2/S2C,COD10K-CAM-2-Terrestrial-38-Lizard-2210.jpg,0.04101146012544632
SINet-v2/S2C,COD10K-CAM-2-Terrestrial-38-Lizard-2211.jpg,0.163638174533844
SINet-v2/S2C,COD10K-CAM-2-Terrestrial-38-Lizard-2214.jpg,0.01445089466869831
SINet-v2/S2C,COD10K-CAM-2-Terrestrial-38-Lizard-2215.jpg,0.034364085644483566
SINet-v2/S2C,COD10K-CAM-2-Terrestrial-38-Lizard-2219.jpg,0.03786611557006836
SINet-v2/S2C,COD10K-CAM-2-Terrestrial-38-Lizard-2221.jpg,0.09016629308462143
SINet-v2/S2C,COD10K-CAM-2-Terrestrial-38-Lizard-2222.jpg,0.04921577498316765
SINet-v2/S2C,COD10K-CAM-2-Terrestrial-38-Lizard-2223.jpg,0.04397634416818619
SINet-v2/S2C,COD10K-CAM-2-Terrestrial-38-Lizard-2226.jpg,0.008046139031648636
SINet-v2/S2C,COD10K-CAM-2-Terrestrial-38-Lizard-2227.jpg,0.046054817736148834
SINet-v2/S2C,COD10K-CAM-2-Terrestrial-38-Lizard-2228.jpg,0.025850752368569374
SINet-v2/S2C,COD10K-CAM-2-Terrestrial-38-Lizard-2230.jpg,0.030610736459493637
SINet-v2/S2C,COD10K-CAM-2-Terrestrial-38-Lizard-2234.jpg,0.05191507935523987
SINet-v2/S2C,COD10K-CAM-2-Terrestrial-38-Lizard-2236.jpg,0.0790114551782608
SINet-v2/S2C,COD10K-CAM-2-Terrestrial-38-Lizard-2237.jpg,0.03834487125277519
SINet-v2/S2C,COD10K-CAM-2-Terrestrial-38-Lizard-2238.jpg,0.1043066754937172
SINet-v2/S2C,COD10K-CAM-2-Terrestrial-38-Lizard-2239.jpg,0.07889033108949661
SINet-v2/S2C,COD10K-CAM-2-Terrestrial-38-Lizard-2242.jpg,0.03597173094749451
SINet-v2/S2C,COD10K-CAM-2-Terrestrial-38-Lizard-2246.jpg,0.014936218038201332
SINet-v2/S2C,COD10K-CAM-2-Terrestrial-38-Lizard-2247.jpg,0.18904685974121094
SINet-v2/S2C,COD10K-CAM-2-Terrestrial-38-Lizard-2249.jpg,0.030372316017746925
SINet-v2/S2C,COD10K-CAM-2-Terrestrial-38-Lizard-2250.jpg,0.014965525828301907
SINet-v2/S2C,COD10K-CAM-2-Terrestrial-38-Lizard-2252.jpg,0.04772257059812546
SINet-v2/S2C,COD10K-CAM-2-Terrestrial-38-Lizard-2253.jpg,0.03894779831171036
SINet-v2/S2C,COD10K-CAM-2-Terrestrial-38-Lizard-2254.jpg,0.01464715227484703
SINet-v2/S2C,COD10K-CAM-2-Terrestrial-38-Lizard-2255.jpg,0.011258689686655998
SINet-v2/S2C,COD10K-CAM-2-Terrestrial-38-Lizard-2257.jpg,0.022430816665291786
SINet-v2/S2C,COD10K-CAM-2-Terrestrial-38-Lizard-2258.jpg,0.07170671224594116
SINet-v2/S2C,COD10K-CAM-2-Terrestrial-38-Lizard-2259.jpg,0.05114380270242691
SINet-v2/S2C,COD10K-CAM-2-Terrestrial-38-Lizard-2260.jpg,0.03599633276462555
SINet-v2/S2C,COD10K-CAM-2-Terrestrial-38-Lizard-2262.jpg,0.035070814192295074
SINet-v2/S2C,COD10K-CAM-2-Terrestrial-38-Lizard-2263.jpg,0.14903102815151215
SINet-v2/S2C,COD10K-CAM-2-Terrestrial-38-Lizard-2265.jpg,0.07490473985671997
SINet-v2/S2C,COD10K-CAM-2-Terrestrial-38-Lizard-2267.jpg,0.008469567634165287
SINet-v2/S2C,COD10K-CAM-2-Terrestrial-38-Lizard-2268.jpg,0.041870780289173126
SINet-v2/S2C,COD10K-CAM-2-Terrestrial-38-Lizard-2269.jpg,0.035487983375787735
SINet-v2/S2C,COD10K-CAM-2-Terrestrial-38-Lizard-2270.jpg,0.10779403895139694
SINet-v2/S2C,COD10K-CAM-2-Terrestrial-38-Lizard-2271.jpg,0.025477491319179535
SINet-v2/S2C,COD10K-CAM-2-Terrestrial-38-Lizard-2272.jpg,0.04043922573328018
SINet-v2/S2C,COD10K-CAM-2-Terrestrial-38-Lizard-2274.jpg,0.027014566585421562
SINet-v2/S2C,COD10K-CAM-2-Terrestrial-38-Lizard-2275.jpg,0.024367082864046097
SINet-v2/S2C,COD10K-CAM-2-Terrestrial-38-Lizard-2277.jpg,0.013213278725743294
SINet-v2/S2C,COD10K-CAM-2-Terrestrial-38-Lizard-2280.jpg,0.024886328727006912
SINet-v2/S2C,COD10K-CAM-2-Terrestrial-38-Lizard-2281.jpg,0.15675249695777893
SINet-v2/S2C,COD10K-CAM-2-Terrestrial-38-Lizard-2283.jpg,0.06428490579128265
SINet-v2/S2C,COD10K-CAM-2-Terrestrial-38-Lizard-2284.jpg,0.0630347952246666
SINet-v2/S2C,COD10K-CAM-2-Terrestrial-38-Lizard-2287.jpg,0.0038282512687146664
SINet-v2/S2C,COD10K-CAM-2-Terrestrial-38-Lizard-2289.jpg,0.023233354091644287
SINet-v2/S2C,COD10K-CAM-2-Terrestrial-38-Lizard-2290.jpg,0.054261237382888794
SINet-v2/S2C,COD10K-CAM-2-Terrestrial-38-Lizard-2292.jpg,0.0700012743473053
SINet-v2/S2C,COD10K-CAM-2-Terrestrial-38-Lizard-2293.jpg,0.04176388680934906
SINet-v2/S2C,COD10K-CAM-2-Terrestrial-38-Lizard-2296.jpg,0.02689979039132595
SINet-v2/S2C,COD10K-CAM-2-Terrestrial-38-Lizard-2297.jpg,0.024348832666873932
SINet-v2/S2C,COD10K-CAM-2-Terrestrial-38-Lizard-2298.jpg,0.10258571803569794
SINet-v2/S2C,COD10K-CAM-2-Terrestrial-38-Lizard-2299.jpg,0.038881585001945496
SINet-v2/S2C,COD10K-CAM-2-Terrestrial-38-Lizard-2300.jpg,0.02347799763083458
SINet-v2/S2C,COD10K-CAM-2-Terrestrial-38-Lizard-2301.jpg,0.054316937923431396
SINet-v2/S2C,COD10K-CAM-2-Terrestrial-38-Lizard-2302.jpg,0.04037576913833618
SINet-v2/S2C,COD10K-CAM-2-Terrestrial-38-Lizard-2303.jpg,0.0076660579070448875
SINet-v2/S2C,COD10K-CAM-2-Terrestrial-38-Lizard-2305.jpg,0.0666331797838211
SINet-v2/S2C,COD10K-CAM-2-Terrestrial-38-Lizard-2306.jpg,0.009106272831559181
SINet-v2/S2C,COD10K-CAM-2-Terrestrial-38-Lizard-2310.jpg,0.11391034722328186
SINet-v2/S2C,COD10K-CAM-2-Terrestrial-38-Lizard-2311.jpg,0.016266830265522003
SINet-v2/S2C,COD10K-CAM-2-Terrestrial-38-Lizard-2312.jpg,0.014260975643992424
SINet-v2/S2C,COD10K-CAM-2-Terrestrial-38-Lizard-2313.jpg,0.029243987053632736
SINet-v2/S2C,COD10K-CAM-2-Terrestrial-38-Lizard-2314.jpg,0.010778231546282768
SINet-v2/S2C,COD10K-CAM-2-Terrestrial-38-Lizard-2317.jpg,0.028487704694271088
SINet-v2/S2C,COD10K-CAM-2-Terrestrial-38-Lizard-2318.jpg,0.022156503051519394
SINet-v2/S2C,COD10K-CAM-2-Terrestrial-38-Lizard-2320.jpg,0.017521515488624573
SINet-v2/S2C,COD10K-CAM-2-Terrestrial-38-Lizard-2321.jpg,0.014739474281668663
SINet-v2/S2C,COD10K-CAM-2-Terrestrial-38-Lizard-2322.jpg,0.0377022847533226
SINet-v2/S2C,COD10K-CAM-2-Terrestrial-38-Lizard-2323.jpg,0.12631411850452423
SINet-v2/S2C,COD10K-CAM-2-Terrestrial-38-Lizard-2325.jpg,0.04626466706395149
SINet-v2/S2C,COD10K-CAM-2-Terrestrial-38-Lizard-2327.jpg,0.0187578983604908
SINet-v2/S2C,COD10K-CAM-2-Terrestrial-38-Lizard-2328.jpg,0.029205627739429474
SINet-v2/S2C,COD10K-CAM-2-Terrestrial-38-Lizard-2329.jpg,0.02001696266233921
SINet-v2/S2C,COD10K-CAM-2-Terrestrial-38-Lizard-2330.jpg,0.03930436819791794
SINet-v2/S2C,COD10K-CAM-2-Terrestrial-38-Lizard-2331.jpg,0.033066149801015854
SINet-v2/S2C,COD10K-CAM-2-Terrestrial-38-Lizard-2332.jpg,0.03867454081773758
SINet-v2/S2C,COD10K-CAM-2-Terrestrial-39-Monkey-2334.jpg,0.5377774238586426
SINet-v2/S2C,COD10K-CAM-2-Terrestrial-39-Monkey-2335.jpg,0.036254119127988815
SINet-v2/S2C,COD10K-CAM-2-Terrestrial-39-Monkey-2336.jpg,0.01426045224070549
SINet-v2/S2C,COD10K-CAM-2-Terrestrial-39-Monkey-2337.jpg,0.006408813875168562
SINet-v2/S2C,COD10K-CAM-2-Terrestrial-40-Rabbit-2342.jpg,0.0028002560138702393
SINet-v2/S2C,COD10K-CAM-2-Terrestrial-40-Rabbit-2343.jpg,0.02947193756699562
SINet-v2/S2C,COD10K-CAM-2-Terrestrial-40-Rabbit-2345.jpg,0.004498103633522987
SINet-v2/S2C,COD10K-CAM-2-Terrestrial-40-Rabbit-2349.jpg,0.06243892014026642
SINet-v2/S2C,COD10K-CAM-2-Terrestrial-40-Rabbit-2350.jpg,0.012696053832769394
SINet-v2/S2C,COD10K-CAM-2-Terrestrial-40-Rabbit-2353.jpg,0.031938180327415466
SINet-v2/S2C,COD10K-CAM-2-Terrestrial-40-Rabbit-2354.jpg,0.008565384894609451
SINet-v2/S2C,COD10K-CAM-2-Terrestrial-40-Rabbit-2355.jpg,0.010745491832494736
SINet-v2/S2C,COD10K-CAM-2-Terrestrial-40-Rabbit-2357.jpg,0.004447463899850845
SINet-v2/S2C,COD10K-CAM-2-Terrestrial-40-Rabbit-2359.jpg,0.06938008964061737
SINet-v2/S2C,COD10K-CAM-2-Terrestrial-40-Rabbit-2361.jpg,0.03434382379055023
SINet-v2/S2C,COD10K-CAM-2-Terrestrial-40-Rabbit-2362.jpg,0.03271375223994255
SINet-v2/S2C,COD10K-CAM-2-Terrestrial-40-Rabbit-2363.jpg,0.00470376992598176
SINet-v2/S2C,COD10K-CAM-2-Terrestrial-40-Rabbit-2364.jpg,0.011696593835949898
SINet-v2/S2C,COD10K-CAM-2-Terrestrial-40-Rabbit-2365.jpg,0.017493486404418945
SINet-v2/S2C,COD10K-CAM-2-Terrestrial-40-Rabbit-2367.jpg,0.04002367705106735
SINet-v2/S2C,COD10K-CAM-2-Terrestrial-40-Rabbit-2370.jpg,0.019151829183101654
SINet-v2/S2C,COD10K-CAM-2-Terrestrial-40-Rabbit-2372.jpg,0.021681781858205795
SINet-v2/S2C,COD10K-CAM-2-Terrestrial-41-Reccoon-2376.jpg,0.02138531394302845
SINet-v2/S2C,COD10K-CAM-2-Terrestrial-41-Reccoon-2377.jpg,0.026337478309869766
SINet-v2/S2C,COD10K-CAM-2-Terrestrial-41-Reccoon-2378.jpg,0.062246911227703094
SINet-v2/S2C,COD10K-CAM-2-Terrestrial-42-Sciuridae-2381.jpg,0.05930963158607483
SINet-v2/S2C,COD10K-CAM-2-Terrestrial-42-Sciuridae-2385.jpg,0.034508105367422104
SINet-v2/S2C,COD10K-CAM-2-Terrestrial-42-Sciuridae-2387.jpg,0.00963542889803648
SINet-v2/S2C,COD10K-CAM-2-Terrestrial-42-Sciuridae-2388.jpg,0.060165390372276306
SINet-v2/S2C,COD10K-CAM-2-Terrestrial-42-Sciuridae-2389.jpg,0.0394691564142704
SINet-v2/S2C,COD10K-CAM-2-Terrestrial-42-Sciuridae-2390.jpg,0.06819076836109161
SINet-v2/S2C,COD10K-CAM-2-Terrestrial-42-Sciuridae-2391.jpg,0.027150092646479607
SINet-v2/S2C,COD10K-CAM-2-Terrestrial-42-Sciuridae-2392.jpg,0.02254335768520832
SINet-v2/S2C,COD10K-CAM-2-Terrestrial-42-Sciuridae-2393.jpg,0.027615340426564217
SINet-v2/S2C,COD10K-CAM-2-Terrestrial-42-Sciuridae-2394.jpg,0.03458874672651291
SINet-v2/S2C,COD10K-CAM-2-Terrestrial-42-Sciuridae-2396.jpg,0.04818056523799896
SINet-v2/S2C,COD10K-CAM-2-Terrestrial-42-Sciuridae-2398.jpg,0.062233954668045044
SINet-v2/S2C,COD10K-CAM-2-Terrestrial-42-Sciuridae-2399.jpg,0.011248504742980003
SINet-v2/S2C,COD10K-CAM-2-Terrestrial-42-Sciuridae-2403.jpg,0.14377455413341522
SINet-v2/S2C,COD10K-CAM-2-Terrestrial-42-Sciuridae-2404.jpg,0.03950294479727745
SINet-v2/S2C,COD10K-CAM-2-Terrestrial-42-Sciuridae-2405.jpg,0.09471689164638519
SINet-v2/S2C,COD10K-CAM-2-Terrestrial-42-Sciuridae-2406.jpg,0.023785104975104332
SINet-v2/S2C,COD10K-CAM-2-Terrestrial-42-Sciuridae-2409.jpg,0.017591366544365883
SINet-v2/S2C,COD10K-CAM-2-Terrestrial-42-Sciuridae-2411.jpg,0.01900481805205345
SINet-v2/S2C,COD10K-CAM-2-Terrestrial-42-Sciuridae-2412.jpg,0.0506775863468647
SINet-v2/S2C,COD10K-CAM-2-Terrestrial-42-Sciuridae-2414.jpg,0.026414502412080765
SINet-v2/S2C,COD10K-CAM-2-Terrestrial-42-Sciuridae-2415.jpg,0.02057826705276966
SINet-v2/S2C,COD10K-CAM-2-Terrestrial-42-Sciuridae-2416.jpg,0.03346749395132065
SINet-v2/S2C,COD10K-CAM-2-Terrestrial-42-Sciuridae-2417.jpg,0.0088939368724823
SINet-v2/S2C,COD10K-CAM-2-Terrestrial-43-Sheep-2419.jpg,0.011666733771562576
SINet-v2/S2C,COD10K-CAM-2-Terrestrial-43-Sheep-2420.jpg,0.03478622809052467
SINet-v2/S2C,COD10K-CAM-2-Terrestrial-43-Sheep-2421.jpg,0.06946671009063721
SINet-v2/S2C,COD10K-CAM-2-Terrestrial-43-Sheep-2423.jpg,0.0469931960105896
SINet-v2/S2C,COD10K-CAM-2-Terrestrial-44-Snake-2425.jpg,0.006224366370588541
SINet-v2/S2C,COD10K-CAM-2-Terrestrial-44-Snake-2426.jpg,0.11054110527038574
SINet-v2/S2C,COD10K-CAM-2-Terrestrial-44-Snake-2427.jpg,0.01137513481080532
SINet-v2/S2C,COD10K-CAM-2-Terrestrial-44-Snake-2428.jpg,0.1999611258506775
SINet-v2/S2C,COD10K-CAM-2-Terrestrial-44-Snake-2429.jpg,0.03629377484321594
SINet-v2/S2C,COD10K-CAM-2-Terrestrial-44-Snake-2430.jpg,0.05274399369955063
SINet-v2/S2C,COD10K-CAM-2-Terrestrial-44-Snake-2431.jpg,0.02200433239340782
SINet-v2/S2C,COD10K-CAM-2-Terrestrial-44-Snake-2432.jpg,0.06761109083890915
SINet-v2/S2C,COD10K-CAM-2-Terrestrial-44-Snake-2433.jpg,0.00998886302113533
SINet-v2/S2C,COD10K-CAM-2-Terrestrial-44-Snake-2435.jpg,0.005290563218295574
SINet-v2/S2C,COD10K-CAM-2-Terrestrial-44-Snake-2436.jpg,0.04297712817788124
SINet-v2/S2C,COD10K-CAM-2-Terrestrial-44-Snake-2438.jpg,0.0377938412129879
SINet-v2/S2C,COD10K-CAM-2-Terrestrial-44-Snake-2439.jpg,0.0553540475666523
SINet-v2/S2C,COD10K-CAM-2-Terrestrial-44-Snake-2441.jpg,0.07906189560890198
SINet-v2/S2C,COD10K-CAM-2-Terrestrial-44-Snake-2442.jpg,0.010895581915974617
SINet-v2/S2C,COD10K-CAM-2-Terrestrial-44-Snake-2443.jpg,0.028146561235189438
SINet-v2/S2C,COD10K-CAM-2-Terrestrial-44-Snake-2445.jpg,0.03191005438566208
SINet-v2/S2C,COD10K-CAM-2-Terrestrial-44-Snake-2446.jpg,0.01832479238510132
SINet-v2/S2C,COD10K-CAM-2-Terrestrial-44-Snake-2447.jpg,0.07644650340080261
SINet-v2/S2C,COD10K-CAM-2-Terrestrial-44-Snake-2450.jpg,0.06265377253293991
SINet-v2/S2C,COD10K-CAM-2-Terrestrial-44-Snake-2455.jpg,0.055020906031131744
SINet-v2/S2C,COD10K-CAM-2-Terrestrial-44-Snake-2457.jpg,0.03312855213880539
SINet-v2/S2C,COD10K-CAM-2-Terrestrial-44-Snake-2459.jpg,0.02070113644003868
SINet-v2/S2C,COD10K-CAM-2-Terrestrial-44-Snake-2460.jpg,0.0228047426789999
SINet-v2/S2C,COD10K-CAM-2-Terrestrial-44-Snake-2462.jpg,0.045047320425510406
SINet-v2/S2C,COD10K-CAM-2-Terrestrial-44-Snake-2463.jpg,0.041818417608737946
SINet-v2/S2C,COD10K-CAM-2-Terrestrial-44-Snake-2464.jpg,0.05763739347457886
SINet-v2/S2C,COD10K-CAM-2-Terrestrial-44-Snake-2468.jpg,0.05493184179067612
SINet-v2/S2C,COD10K-CAM-2-Terrestrial-44-Snake-2469.jpg,0.11255738139152527
SINet-v2/S2C,COD10K-CAM-2-Terrestrial-44-Snake-2470.jpg,0.27854210138320923
SINet-v2/S2C,COD10K-CAM-2-Terrestrial-44-Snake-2473.jpg,0.013733478263020515
SINet-v2/S2C,COD10K-CAM-2-Terrestrial-44-Snake-2475.jpg,0.04536613076925278
SINet-v2/S2C,COD10K-CAM-2-Terrestrial-44-Snake-2477.jpg,0.04764023423194885
SINet-v2/S2C,COD10K-CAM-2-Terrestrial-44-Snake-2478.jpg,0.11768899857997894
SINet-v2/S2C,COD10K-CAM-2-Terrestrial-44-Snake-2480.jpg,0.028806421905755997
SINet-v2/S2C,COD10K-CAM-2-Terrestrial-44-Snake-2483.jpg,0.027135636657476425
SINet-v2/S2C,COD10K-CAM-2-Terrestrial-44-Snake-2486.jpg,0.03573472797870636
SINet-v2/S2C,COD10K-CAM-2-Terrestrial-44-Snake-2487.jpg,0.0334809273481369
SINet-v2/S2C,COD10K-CAM-2-Terrestrial-44-Snake-2488.jpg,0.04558873176574707
SINet-v2/S2C,COD10K-CAM-2-Terrestrial-44-Snake-2489.jpg,0.04783521592617035
SINet-v2/S2C,COD10K-CAM-2-Terrestrial-44-Snake-2490.jpg,0.043494585901498795
SINet-v2/S2C,COD10K-CAM-2-Terrestrial-45-Spider-2493.jpg,0.02900947444140911
SINet-v2/S2C,COD10K-CAM-2-Terrestrial-45-Spider-2495.jpg,0.04180501401424408
SINet-v2/S2C,COD10K-CAM-2-Terrestrial-45-Spider-2496.jpg,0.1368160992860794
SINet-v2/S2C,COD10K-CAM-2-Terrestrial-45-Spider-2497.jpg,0.018255027011036873
SINet-v2/S2C,COD10K-CAM-2-Terrestrial-45-Spider-2499.jpg,0.023317307233810425
SINet-v2/S2C,COD10K-CAM-2-Terrestrial-45-Spider-2500.jpg,0.06028882786631584
SINet-v2/S2C,COD10K-CAM-2-Terrestrial-45-Spider-2502.jpg,0.06460242718458176
SINet-v2/S2C,COD10K-CAM-2-Terrestrial-45-Spider-2503.jpg,0.22358021140098572
SINet-v2/S2C,COD10K-CAM-2-Terrestrial-45-Spider-2504.jpg,0.2004225105047226
SINet-v2/S2C,COD10K-CAM-2-Terrestrial-45-Spider-2505.jpg,0.12221389263868332
SINet-v2/S2C,COD10K-CAM-2-Terrestrial-45-Spider-2507.jpg,0.01663251593708992
SINet-v2/S2C,COD10K-CAM-2-Terrestrial-45-Spider-2509.jpg,0.029212472960352898
SINet-v2/S2C,COD10K-CAM-2-Terrestrial-45-Spider-2512.jpg,0.016802426427602768
SINet-v2/S2C,COD10K-CAM-2-Terrestrial-45-Spider-2513.jpg,0.0006101387552917004
SINet-v2/S2C,COD10K-CAM-2-Terrestrial-45-Spider-2515.jpg,0.07163058966398239
SINet-v2/S2C,COD10K-CAM-2-Terrestrial-45-Spider-2516.jpg,0.019015159457921982
SINet-v2/S2C,COD10K-CAM-2-Terrestrial-45-Spider-2517.jpg,0.04609005153179169
SINet-v2/S2C,COD10K-CAM-2-Terrestrial-45-Spider-2518.jpg,0.02052508294582367
SINet-v2/S2C,COD10K-CAM-2-Terrestrial-45-Spider-2521.jpg,0.10169988870620728
SINet-v2/S2C,COD10K-CAM-2-Terrestrial-45-Spider-2522.jpg,0.029157010838389397
SINet-v2/S2C,COD10K-CAM-2-Terrestrial-45-Spider-2523.jpg,0.013432621955871582
SINet-v2/S2C,COD10K-CAM-2-Terrestrial-45-Spider-2525.jpg,0.08360502123832703
SINet-v2/S2C,COD10K-CAM-2-Terrestrial-45-Spider-2528.jpg,0.1436896026134491
SINet-v2/S2C,COD10K-CAM-2-Terrestrial-45-Spider-2530.jpg,0.011933698318898678
SINet-v2/S2C,COD10K-CAM-2-Terrestrial-45-Spider-2533.jpg,0.014867727644741535
SINet-v2/S2C,COD10K-CAM-2-Terrestrial-45-Spider-2536.jpg,0.08154993504285812
SINet-v2/S2C,COD10K-CAM-2-Terrestrial-45-Spider-2537.jpg,0.026070544496178627
SINet-v2/S2C,COD10K-CAM-2-Terrestrial-45-Spider-2539.jpg,0.020656874403357506
SINet-v2/S2C,COD10K-CAM-2-Terrestrial-45-Spider-2541.jpg,0.06632236391305923
SINet-v2/S2C,COD10K-CAM-2-Terrestrial-45-Spider-2542.jpg,0.05254417657852173
SINet-v2/S2C,COD10K-CAM-2-Terrestrial-45-Spider-2543.jpg,0.029897935688495636
SINet-v2/S2C,COD10K-CAM-2-Terrestrial-45-Spider-2545.jpg,0.0850573480129242
SINet-v2/S2C,COD10K-CAM-2-Terrestrial-45-Spider-2546.jpg,0.031911641359329224
SINet-v2/S2C,COD10K-CAM-2-Terrestrial-45-Spider-2547.jpg,0.05857135355472565
SINet-v2/S2C,COD10K-CAM-2-Terrestrial-45-Spider-2548.jpg,0.05015464872121811
SINet-v2/S2C,COD10K-CAM-2-Terrestrial-45-Spider-2549.jpg,0.10900089144706726
SINet-v2/S2C,COD10K-CAM-2-Terrestrial-45-Spider-2550.jpg,0.04843301326036453
SINet-v2/S2C,COD10K-CAM-2-Terrestrial-45-Spider-2555.jpg,0.003106519812718034
SINet-v2/S2C,COD10K-CAM-2-Terrestrial-45-Spider-2556.jpg,0.021953953430056572
SINet-v2/S2C,COD10K-CAM-2-Terrestrial-45-Spider-2557.jpg,0.07045384496450424
SINet-v2/S2C,COD10K-CAM-2-Terrestrial-45-Spider-2558.jpg,0.24978186190128326
SINet-v2/S2C,COD10K-CAM-2-Terrestrial-45-Spider-2559.jpg,0.03480717912316322
SINet-v2/S2C,COD10K-CAM-2-Terrestrial-45-Spider-2560.jpg,0.0029152464121580124
SINet-v2/S2C,COD10K-CAM-2-Terrestrial-45-Spider-2561.jpg,0.25162291526794434
SINet-v2/S2C,COD10K-CAM-2-Terrestrial-45-Spider-2562.jpg,0.02122710645198822
SINet-v2/S2C,COD10K-CAM-2-Terrestrial-45-Spider-2563.jpg,0.10602733492851257
SINet-v2/S2C,COD10K-CAM-2-Terrestrial-45-Spider-2564.jpg,0.06187640130519867
SINet-v2/S2C,COD10K-CAM-2-Terrestrial-45-Spider-2565.jpg,0.028703683987259865
SINet-v2/S2C,COD10K-CAM-2-Terrestrial-45-Spider-2568.jpg,0.037925370037555695
SINet-v2/S2C,COD10K-CAM-2-Terrestrial-45-Spider-2569.jpg,0.06641454249620438
SINet-v2/S2C,COD10K-CAM-2-Terrestrial-45-Spider-2570.jpg,0.019085463136434555
SINet-v2/S2C,COD10K-CAM-2-Terrestrial-45-Spider-2571.jpg,0.03929679095745087
SINet-v2/S2C,COD10K-CAM-2-Terrestrial-45-Spider-2572.jpg,0.0339510515332222
SINet-v2/S2C,COD10K-CAM-2-Terrestrial-45-Spider-2573.jpg,0.0620952770113945
SINet-v2/S2C,COD10K-CAM-2-Terrestrial-45-Spider-2574.jpg,0.14637134969234467
SINet-v2/S2C,COD10K-CAM-2-Terrestrial-45-Spider-2577.jpg,0.08722276240587234
SINet-v2/S2C,COD10K-CAM-2-Terrestrial-45-Spider-2578.jpg,0.27272307872772217
SINet-v2/S2C,COD10K-CAM-2-Terrestrial-45-Spider-2582.jpg,0.15198519825935364
SINet-v2/S2C,COD10K-CAM-2-Terrestrial-45-Spider-2583.jpg,0.1014007031917572
SINet-v2/S2C,COD10K-CAM-2-Terrestrial-45-Spider-2584.jpg,0.026083622127771378
SINet-v2/S2C,COD10K-CAM-2-Terrestrial-45-Spider-2585.jpg,0.016133330762386322
SINet-v2/S2C,COD10K-CAM-2-Terrestrial-45-Spider-2589.jpg,0.04722344130277634
SINet-v2/S2C,COD10K-CAM-2-Terrestrial-45-Spider-2590.jpg,0.04269580543041229
SINet-v2/S2C,COD10K-CAM-2-Terrestrial-45-Spider-2591.jpg,0.03319357708096504
SINet-v2/S2C,COD10K-CAM-2-Terrestrial-45-Spider-2594.jpg,0.0020332797430455685
SINet-v2/S2C,COD10K-CAM-2-Terrestrial-45-Spider-2596.jpg,0.0002876103390008211
SINet-v2/S2C,COD10K-CAM-2-Terrestrial-45-Spider-2597.jpg,0.10354875028133392
SINet-v2/S2C,COD10K-CAM-2-Terrestrial-45-Spider-2598.jpg,0.02921748347580433
SINet-v2/S2C,COD10K-CAM-2-Terrestrial-45-Spider-2599.jpg,0.0028734083753079176
SINet-v2/S2C,COD10K-CAM-2-Terrestrial-45-Spider-2600.jpg,0.018667355179786682
SINet-v2/S2C,COD10K-CAM-2-Terrestrial-45-Spider-2604.jpg,0.18461790680885315
SINet-v2/S2C,COD10K-CAM-2-Terrestrial-45-Spider-2607.jpg,0.007912316359579563
SINet-v2/S2C,COD10K-CAM-2-Terrestrial-45-Spider-2608.jpg,0.019653089344501495
SINet-v2/S2C,COD10K-CAM-2-Terrestrial-45-Spider-2610.jpg,0.02123267389833927
SINet-v2/S2C,COD10K-CAM-2-Terrestrial-45-Spider-2611.jpg,0.07528635859489441
SINet-v2/S2C,COD10K-CAM-2-Terrestrial-45-Spider-2612.jpg,0.0074155377224087715
SINet-v2/S2C,COD10K-CAM-2-Terrestrial-45-Spider-2613.jpg,0.01796739362180233
SINet-v2/S2C,COD10K-CAM-2-Terrestrial-45-Spider-2615.jpg,0.040699247270822525
SINet-v2/S2C,COD10K-CAM-2-Terrestrial-45-Spider-2618.jpg,0.014267941936850548
SINet-v2/S2C,COD10K-CAM-2-Terrestrial-45-Spider-2619.jpg,0.019264759495854378
SINet-v2/S2C,COD10K-CAM-2-Terrestrial-45-Spider-2622.jpg,0.11044356226921082
SINet-v2/S2C,COD10K-CAM-2-Terrestrial-45-Spider-2623.jpg,0.022657275199890137
SINet-v2/S2C,COD10K-CAM-2-Terrestrial-45-Spider-2624.jpg,0.011316337622702122
SINet-v2/S2C,COD10K-CAM-2-Terrestrial-45-Spider-2625.jpg,0.10844992846250534
SINet-v2/S2C,COD10K-CAM-2-Terrestrial-45-Spider-2628.jpg,0.02199922502040863
SINet-v2/S2C,COD10K-CAM-2-Terrestrial-45-Spider-2629.jpg,0.03350694105029106
SINet-v2/S2C,COD10K-CAM-2-Terrestrial-45-Spider-2633.jpg,0.03505914658308029
SINet-v2/S2C,COD10K-CAM-2-Terrestrial-45-Spider-2634.jpg,0.004249727353453636
SINet-v2/S2C,COD10K-CAM-2-Terrestrial-45-Spider-2635.jpg,0.076999232172966
SINet-v2/S2C,COD10K-CAM-2-Terrestrial-45-Spider-2636.jpg,0.003265474922955036
SINet-v2/S2C,COD10K-CAM-2-Terrestrial-45-Spider-2638.jpg,0.07538266479969025
SINet-v2/S2C,COD10K-CAM-2-Terrestrial-45-Spider-2639.jpg,0.0180728230625391
SINet-v2/S2C,COD10K-CAM-2-Terrestrial-45-Spider-2642.jpg,0.07577041536569595
SINet-v2/S2C,COD10K-CAM-2-Terrestrial-45-Spider-2643.jpg,0.034232936799526215
SINet-v2/S2C,COD10K-CAM-2-Terrestrial-45-Spider-2644.jpg,0.08293800055980682
SINet-v2/S2C,COD10K-CAM-2-Terrestrial-45-Spider-2647.jpg,0.14983677864074707
SINet-v2/S2C,COD10K-CAM-2-Terrestrial-45-Spider-2648.jpg,0.020780062302947044
SINet-v2/S2C,COD10K-CAM-2-Terrestrial-45-Spider-2651.jpg,0.12995187938213348
SINet-v2/S2C,COD10K-CAM-2-Terrestrial-45-Spider-2654.jpg,0.20407691597938538
SINet-v2/S2C,COD10K-CAM-2-Terrestrial-45-Spider-2655.jpg,0.06819209456443787
SINet-v2/S2C,COD10K-CAM-2-Terrestrial-45-Spider-2657.jpg,0.04876422882080078
SINet-v2/S2C,COD10K-CAM-2-Terrestrial-45-Spider-2660.jpg,0.17833130061626434
SINet-v2/S2C,COD10K-CAM-2-Terrestrial-45-Spider-2661.jpg,0.079012930393219
SINet-v2/S2C,COD10K-CAM-2-Terrestrial-45-Spider-2662.jpg,0.019764581695199013
SINet-v2/S2C,COD10K-CAM-2-Terrestrial-45-Spider-2663.jpg,0.013853663578629494
SINet-v2/S2C,COD10K-CAM-2-Terrestrial-45-Spider-2664.jpg,0.08038047701120377
SINet-v2/S2C,COD10K-CAM-2-Terrestrial-45-Spider-2666.jpg,0.02854391187429428
SINet-v2/S2C,COD10K-CAM-2-Terrestrial-45-Spider-2668.jpg,0.34470421075820923
SINet-v2/S2C,COD10K-CAM-2-Terrestrial-45-Spider-2669.jpg,0.0125645836815238
SINet-v2/S2C,COD10K-CAM-2-Terrestrial-45-Spider-2672.jpg,0.023624882102012634
SINet-v2/S2C,COD10K-CAM-2-Terrestrial-45-Spider-2674.jpg,0.1528887301683426
SINet-v2/S2C,COD10K-CAM-2-Terrestrial-45-Spider-2675.jpg,0.40939268469810486
SINet-v2/S2C,COD10K-CAM-2-Terrestrial-45-Spider-2676.jpg,0.06805165857076645
SINet-v2/S2C,COD10K-CAM-2-Terrestrial-45-Spider-2678.jpg,0.03489621728658676
SINet-v2/S2C,COD10K-CAM-2-Terrestrial-45-Spider-2679.jpg,0.026267673820257187
SINet-v2/S2C,COD10K-CAM-2-Terrestrial-45-Spider-2680.jpg,0.03252086043357849
SINet-v2/S2C,COD10K-CAM-2-Terrestrial-45-Spider-2681.jpg,0.026846107095479965
SINet-v2/S2C,COD10K-CAM-2-Terrestrial-45-Spider-2682.jpg,0.047080375254154205
SINet-v2/S2C,COD10K-CAM-2-Terrestrial-45-Spider-2684.jpg,0.01774788647890091
SINet-v2/S2C,COD10K-CAM-2-Terrestrial-45-Spider-2685.jpg,0.030580010265111923
SINet-v2/S2C,COD10K-CAM-2-Terrestrial-45-Spider-2686.jpg,0.147239089012146
SINet-v2/S2C,COD10K-CAM-2-Terrestrial-45-Spider-2687.jpg,0.020741263404488564
SINet-v2/S2C,COD10K-CAM-2-Terrestrial-45-Spider-2688.jpg,0.03267490863800049
SINet-v2/S2C,COD10K-CAM-2-Terrestrial-45-Spider-2689.jpg,0.15032845735549927
SINet-v2/S2C,COD10K-CAM-2-Terrestrial-45-Spider-2691.jpg,0.056076183915138245
SINet-v2/S2C,COD10K-CAM-2-Terrestrial-45-Spider-2692.jpg,0.02477080002427101
SINet-v2/S2C,COD10K-CAM-2-Terrestrial-45-Spider-2695.jpg,0.005180691834539175
SINet-v2/S2C,COD10K-CAM-2-Terrestrial-45-Spider-2696.jpg,0.0100637786090374
SINet-v2/S2C,COD10K-CAM-2-Terrestrial-45-Spider-2698.jpg,0.13351745903491974
SINet-v2/S2C,COD10K-CAM-2-Terrestrial-45-Spider-2699.jpg,0.0635175034403801
SINet-v2/S2C,COD10K-CAM-2-Terrestrial-45-Spider-2700.jpg,0.03339308500289917
SINet-v2/S2C,COD10K-CAM-2-Terrestrial-45-Spider-2705.jpg,0.040714673697948456
SINet-v2/S2C,COD10K-CAM-2-Terrestrial-45-Spider-2706.jpg,0.017143942415714264
SINet-v2/S2C,COD10K-CAM-2-Terrestrial-45-Spider-2708.jpg,0.054413653910160065
SINet-v2/S2C,COD10K-CAM-2-Terrestrial-45-Spider-2710.jpg,0.12650589644908905
SINet-v2/S2C,COD10K-CAM-2-Terrestrial-45-Spider-2711.jpg,0.025947077199816704
SINet-v2/S2C,COD10K-CAM-2-Terrestrial-45-Spider-2712.jpg,0.008368406444787979
SINet-v2/S2C,COD10K-CAM-2-Terrestrial-45-Spider-2713.jpg,0.15870460867881775
SINet-v2/S2C,COD10K-CAM-2-Terrestrial-45-Spider-2714.jpg,0.05535464361310005
SINet-v2/S2C,COD10K-CAM-2-Terrestrial-45-Spider-2716.jpg,0.05246458202600479
SINet-v2/S2C,COD10K-CAM-2-Terrestrial-45-Spider-2722.jpg,0.011389194056391716
SINet-v2/S2C,COD10K-CAM-2-Terrestrial-45-Spider-2724.jpg,0.026677031069993973
SINet-v2/S2C,COD10K-CAM-2-Terrestrial-45-Spider-2725.jpg,0.035661809146404266
SINet-v2/S2C,COD10K-CAM-2-Terrestrial-45-Spider-2726.jpg,0.07225227355957031
SINet-v2/S2C,COD10K-CAM-2-Terrestrial-45-Spider-2729.jpg,0.061696894466876984
SINet-v2/S2C,COD10K-CAM-2-Terrestrial-45-Spider-2733.jpg,0.044024188071489334
SINet-v2/S2C,COD10K-CAM-2-Terrestrial-45-Spider-2734.jpg,0.029019847512245178
SINet-v2/S2C,COD10K-CAM-2-Terrestrial-45-Spider-2738.jpg,0.07936868071556091
SINet-v2/S2C,COD10K-CAM-2-Terrestrial-45-Spider-2739.jpg,0.04098216071724892
SINet-v2/S2C,COD10K-CAM-2-Terrestrial-45-Spider-2740.jpg,0.022410424426198006
SINet-v2/S2C,COD10K-CAM-2-Terrestrial-45-Spider-2742.jpg,0.04572855681180954
SINet-v2/S2C,COD10K-CAM-2-Terrestrial-45-Spider-2743.jpg,0.15916496515274048
SINet-v2/S2C,COD10K-CAM-2-Terrestrial-45-Spider-2744.jpg,0.017478302121162415
SINet-v2/S2C,COD10K-CAM-2-Terrestrial-45-Spider-2746.jpg,0.09284722805023193
SINet-v2/S2C,COD10K-CAM-2-Terrestrial-45-Spider-2747.jpg,0.03836023434996605
SINet-v2/S2C,COD10K-CAM-2-Terrestrial-45-Spider-2748.jpg,0.10040648281574249
SINet-v2/S2C,COD10K-CAM-2-Terrestrial-45-Spider-2749.jpg,0.10824782401323318
SINet-v2/S2C,COD10K-CAM-2-Terrestrial-45-Spider-2750.jpg,0.006336101330816746
SINet-v2/S2C,COD10K-CAM-2-Terrestrial-45-Spider-2751.jpg,0.04388725012540817
SINet-v2/S2C,COD10K-CAM-2-Terrestrial-45-Spider-2752.jpg,0.014905041083693504
SINet-v2/S2C,COD10K-CAM-2-Terrestrial-45-Spider-2753.jpg,0.022917382419109344
SINet-v2/S2C,COD10K-CAM-2-Terrestrial-45-Spider-2755.jpg,0.04472406953573227
SINet-v2/S2C,COD10K-CAM-2-Terrestrial-45-Spider-2757.jpg,0.11121372133493423
SINet-v2/S2C,COD10K-CAM-2-Terrestrial-45-Spider-2758.jpg,0.06923982501029968
SINet-v2/S2C,COD10K-CAM-2-Terrestrial-45-Spider-2761.jpg,0.019361617043614388
SINet-v2/S2C,COD10K-CAM-2-Terrestrial-45-Spider-2764.jpg,0.03648420050740242
SINet-v2/S2C,COD10K-CAM-2-Terrestrial-45-Spider-2765.jpg,0.03746039792895317
SINet-v2/S2C,COD10K-CAM-2-Terrestrial-45-Spider-2766.jpg,0.011602976359426975
SINet-v2/S2C,COD10K-CAM-2-Terrestrial-45-Spider-2767.jpg,0.07217980921268463
SINet-v2/S2C,COD10K-CAM-2-Terrestrial-45-Spider-2768.jpg,0.01787060685455799
SINet-v2/S2C,COD10K-CAM-2-Terrestrial-45-Spider-2774.jpg,0.033826544880867004
SINet-v2/S2C,COD10K-CAM-2-Terrestrial-45-Spider-2775.jpg,0.10293029248714447
SINet-v2/S2C,COD10K-CAM-2-Terrestrial-45-Spider-2776.jpg,0.05846499651670456
SINet-v2/S2C,COD10K-CAM-2-Terrestrial-45-Spider-2777.jpg,0.09110765159130096
SINet-v2/S2C,COD10K-CAM-2-Terrestrial-45-Spider-2778.jpg,0.017336882650852203
SINet-v2/S2C,COD10K-CAM-2-Terrestrial-45-Spider-2780.jpg,0.018174972385168076
SINet-v2/S2C,COD10K-CAM-2-Terrestrial-45-Spider-2781.jpg,0.31320226192474365
SINet-v2/S2C,COD10K-CAM-2-Terrestrial-45-Spider-2784.jpg,0.031390346586704254
SINet-v2/S2C,COD10K-CAM-2-Terrestrial-45-Spider-2785.jpg,0.1522604525089264
SINet-v2/S2C,COD10K-CAM-2-Terrestrial-45-Spider-2786.jpg,0.0711757019162178
SINet-v2/S2C,COD10K-CAM-2-Terrestrial-45-Spider-2787.jpg,0.17641498148441315
SINet-v2/S2C,COD10K-CAM-2-Terrestrial-45-Spider-2788.jpg,0.16291725635528564
SINet-v2/S2C,COD10K-CAM-2-Terrestrial-45-Spider-2790.jpg,0.20841875672340393
SINet-v2/S2C,COD10K-CAM-2-Terrestrial-45-Spider-2793.jpg,0.04773452877998352
SINet-v2/S2C,COD10K-CAM-2-Terrestrial-45-Spider-2795.jpg,0.055225908756256104
SINet-v2/S2C,COD10K-CAM-2-Terrestrial-45-Spider-2797.jpg,0.019385114312171936
SINet-v2/S2C,COD10K-CAM-2-Terrestrial-46-StickInsect-2799.jpg,0.16302858293056488
SINet-v2/S2C,COD10K-CAM-2-Terrestrial-46-StickInsect-2800.jpg,0.13659286499023438
SINet-v2/S2C,COD10K-CAM-2-Terrestrial-46-StickInsect-2801.jpg,0.10481880605220795
SINet-v2/S2C,COD10K-CAM-2-Terrestrial-46-StickInsect-2802.jpg,0.424491286277771
SINet-v2/S2C,COD10K-CAM-2-Terrestrial-46-StickInsect-2803.jpg,0.04580916464328766
SINet-v2/S2C,COD10K-CAM-2-Terrestrial-46-StickInsect-2812.jpg,0.05570153146982193
SINet-v2/S2C,COD10K-CAM-2-Terrestrial-46-StickInsect-2814.jpg,0.07825641334056854
SINet-v2/S2C,COD10K-CAM-2-Terrestrial-46-StickInsect-2821.jpg,0.11413729190826416
SINet-v2/S2C,COD10K-CAM-2-Terrestrial-46-StickInsect-2822.jpg,0.08322452008724213
SINet-v2/S2C,COD10K-CAM-2-Terrestrial-46-StickInsect-2823.jpg,0.14547425508499146
SINet-v2/S2C,COD10K-CAM-2-Terrestrial-46-StickInsect-2824.jpg,0.05685952305793762
SINet-v2/S2C,COD10K-CAM-2-Terrestrial-46-StickInsect-2826.jpg,0.02254685014486313
SINet-v2/S2C,COD10K-CAM-2-Terrestrial-46-StickInsect-2828.jpg,0.025878777727484703
SINet-v2/S2C,COD10K-CAM-2-Terrestrial-46-StickInsect-2830.jpg,0.14127136766910553
SINet-v2/S2C,COD10K-CAM-2-Terrestrial-46-StickInsect-2834.jpg,0.028191478922963142
SINet-v2/S2C,COD10K-CAM-2-Terrestrial-46-StickInsect-2835.jpg,0.021795975044369698
SINet-v2/S2C,COD10K-CAM-2-Terrestrial-46-StickInsect-2837.jpg,0.10740052163600922
SINet-v2/S2C,COD10K-CAM-2-Terrestrial-46-StickInsect-2838.jpg,0.13822315633296967
SINet-v2/S2C,COD10K-CAM-2-Terrestrial-46-StickInsect-2840.jpg,0.15429562330245972
SINet-v2/S2C,COD10K-CAM-2-Terrestrial-46-StickInsect-2845.jpg,0.0834442675113678
SINet-v2/S2C,COD10K-CAM-2-Terrestrial-46-StickInsect-2846.jpg,0.0576779842376709
SINet-v2/S2C,COD10K-CAM-2-Terrestrial-46-StickInsect-2847.jpg,0.15595488250255585
SINet-v2/S2C,COD10K-CAM-2-Terrestrial-46-StickInsect-2848.jpg,0.024276383221149445
SINet-v2/S2C,COD10K-CAM-2-Terrestrial-46-StickInsect-2849.jpg,0.03512588143348694
SINet-v2/S2C,COD10K-CAM-2-Terrestrial-46-StickInsect-2851.jpg,0.0821453183889389
SINet-v2/S2C,COD10K-CAM-2-Terrestrial-46-StickInsect-2852.jpg,0.05555053427815437
SINet-v2/S2C,COD10K-CAM-2-Terrestrial-46-StickInsect-2853.jpg,0.006745718419551849
SINet-v2/S2C,COD10K-CAM-2-Terrestrial-46-StickInsect-2854.jpg,0.03555285930633545
SINet-v2/S2C,COD10K-CAM-2-Terrestrial-46-StickInsect-2855.jpg,0.054058223962783813
SINet-v2/S2C,COD10K-CAM-2-Terrestrial-46-StickInsect-2857.jpg,0.10558290034532547
SINet-v2/S2C,COD10K-CAM-2-Terrestrial-46-StickInsect-2860.jpg,0.014002060517668724
SINet-v2/S2C,COD10K-CAM-2-Terrestrial-46-StickInsect-2861.jpg,0.08512037247419357
SINet-v2/S2C,COD10K-CAM-2-Terrestrial-46-StickInsect-2862.jpg,0.16697010397911072
SINet-v2/S2C,COD10K-CAM-2-Terrestrial-46-StickInsect-2863.jpg,0.05254708603024483
SINet-v2/S2C,COD10K-CAM-2-Terrestrial-46-StickInsect-2866.jpg,0.03205779567360878
SINet-v2/S2C,COD10K-CAM-2-Terrestrial-46-StickInsect-2868.jpg,0.03935573250055313
SINet-v2/S2C,COD10K-CAM-2-Terrestrial-46-StickInsect-2871.jpg,0.20094263553619385
SINet-v2/S2C,COD10K-CAM-2-Terrestrial-46-StickInsect-2872.jpg,0.07212536782026291
SINet-v2/S2C,COD10K-CAM-2-Terrestrial-46-StickInsect-2874.jpg,0.0731983631849289
SINet-v2/S2C,COD10K-CAM-2-Terrestrial-47-Tiger-2875.jpg,0.09199840575456619
SINet-v2/S2C,COD10K-CAM-2-Terrestrial-47-Tiger-2878.jpg,0.02238212525844574
SINet-v2/S2C,COD10K-CAM-2-Terrestrial-47-Tiger-2879.jpg,0.055715180933475494
SINet-v2/S2C,COD10K-CAM-2-Terrestrial-47-Tiger-2880.jpg,0.09199840575456619
SINet-v2/S2C,COD10K-CAM-2-Terrestrial-47-Tiger-2881.jpg,0.017849935218691826
SINet-v2/S2C,COD10K-CAM-2-Terrestrial-47-Tiger-2882.jpg,0.03977498784661293
SINet-v2/S2C,COD10K-CAM-2-Terrestrial-47-Tiger-2885.jpg,0.19029322266578674
SINet-v2/S2C,COD10K-CAM-2-Terrestrial-47-Tiger-2888.jpg,0.012772670947015285
SINet-v2/S2C,COD10K-CAM-2-Terrestrial-47-Tiger-2891.jpg,0.016212940216064453
SINet-v2/S2C,COD10K-CAM-2-Terrestrial-47-Tiger-2892.jpg,0.014116027392446995
SINet-v2/S2C,COD10K-CAM-2-Terrestrial-47-Tiger-2894.jpg,0.03616226464509964
SINet-v2/S2C,COD10K-CAM-2-Terrestrial-47-Tiger-2895.jpg,0.09347368031740189
SINet-v2/S2C,COD10K-CAM-2-Terrestrial-47-Tiger-2896.jpg,0.01272235531359911
SINet-v2/S2C,COD10K-CAM-2-Terrestrial-47-Tiger-2897.jpg,0.05299045890569687
SINet-v2/S2C,COD10K-CAM-2-Terrestrial-47-Tiger-2898.jpg,0.016369285061955452
SINet-v2/S2C,COD10K-CAM-2-Terrestrial-47-Tiger-2900.jpg,0.026354482397437096
SINet-v2/S2C,COD10K-CAM-2-Terrestrial-47-Tiger-2904.jpg,0.0186472050845623
SINet-v2/S2C,COD10K-CAM-2-Terrestrial-47-Tiger-2905.jpg,0.07499963790178299
SINet-v2/S2C,COD10K-CAM-2-Terrestrial-47-Tiger-2908.jpg,0.007189140655100346
SINet-v2/S2C,COD10K-CAM-2-Terrestrial-47-Tiger-2909.jpg,0.010910586453974247
SINet-v2/S2C,COD10K-CAM-2-Terrestrial-47-Tiger-2911.jpg,0.04372668266296387
SINet-v2/S2C,COD10K-CAM-2-Terrestrial-47-Tiger-2912.jpg,0.08623369038105011
SINet-v2/S2C,COD10K-CAM-2-Terrestrial-48-Wolf-2913.jpg,0.028037089854478836
SINet-v2/S2C,COD10K-CAM-2-Terrestrial-48-Wolf-2915.jpg,0.020483285188674927
SINet-v2/S2C,COD10K-CAM-2-Terrestrial-48-Wolf-2919.jpg,0.10339786857366562
SINet-v2/S2C,COD10K-CAM-2-Terrestrial-48-Wolf-2920.jpg,0.07171973586082458
SINet-v2/S2C,COD10K-CAM-2-Terrestrial-48-Wolf-2923.jpg,0.023950399830937386
SINet-v2/S2C,COD10K-CAM-2-Terrestrial-49-Worm-2924.jpg,0.12277128547430038
SINet-v2/S2C,COD10K-CAM-2-Terrestrial-49-Worm-2925.jpg,0.05047395080327988
SINet-v2/S2C,COD10K-CAM-2-Terrestrial-49-Worm-2926.jpg,0.04361705854535103
SINet-v2/S2C,COD10K-CAM-2-Terrestrial-49-Worm-2927.jpg,0.04931000620126724
SINet-v2/S2C,COD10K-CAM-2-Terrestrial-49-Worm-2928.jpg,0.05065280944108963
SINet-v2/S2C,COD10K-CAM-2-Terrestrial-49-Worm-2931.jpg,0.062292635440826416
SINet-v2/S2C,COD10K-CAM-2-Terrestrial-49-Worm-2932.jpg,0.052006207406520844
SINet-v2/S2C,COD10K-CAM-2-Terrestrial-49-Worm-2933.jpg,0.13448499143123627
SINet-v2/S2C,COD10K-CAM-2-Terrestrial-49-Worm-2935.jpg,0.11486884206533432
SINet-v2/S2C,COD10K-CAM-2-Terrestrial-49-Worm-2936.jpg,0.14393596351146698
SINet-v2/S2C,COD10K-CAM-2-Terrestrial-49-Worm-2937.jpg,0.16470134258270264
SINet-v2/S2C,COD10K-CAM-2-Terrestrial-49-Worm-2938.jpg,0.12795858085155487
SINet-v2/S2C,COD10K-CAM-2-Terrestrial-49-Worm-2940.jpg,0.08717682957649231
SINet-v2/S2C,COD10K-CAM-2-Terrestrial-49-Worm-2942.jpg,0.0553562231361866
SINet-v2/S2C,COD10K-CAM-2-Terrestrial-49-Worm-2943.jpg,0.09590640664100647
SINet-v2/S2C,COD10K-CAM-2-Terrestrial-49-Worm-2945.jpg,0.07302652299404144
SINet-v2/S2C,COD10K-CAM-2-Terrestrial-49-Worm-2946.jpg,0.14274382591247559
SINet-v2/S2C,COD10K-CAM-2-Terrestrial-49-Worm-2947.jpg,0.0577249713242054
SINet-v2/S2C,COD10K-CAM-2-Terrestrial-49-Worm-2951.jpg,0.0830640122294426
SINet-v2/S2C,COD10K-CAM-3-Flying-50-Bat-2957.jpg,0.04207833483815193
SINet-v2/S2C,COD10K-CAM-3-Flying-50-Bat-2958.jpg,0.02217930555343628
SINet-v2/S2C,COD10K-CAM-3-Flying-50-Bat-2961.jpg,0.07086114585399628
SINet-v2/S2C,COD10K-CAM-3-Flying-50-Bat-2964.jpg,0.06979671120643616
SINet-v2/S2C,COD10K-CAM-3-Flying-50-Bat-2965.jpg,0.1982877254486084
SINet-v2/S2C,COD10K-CAM-3-Flying-50-Bat-2966.jpg,0.07221940159797668
SINet-v2/S2C,COD10K-CAM-3-Flying-50-Bat-2969.jpg,0.08583314716815948
SINet-v2/S2C,COD10K-CAM-3-Flying-50-Bat-2971.jpg,0.04646385833621025
SINet-v2/S2C,COD10K-CAM-3-Flying-50-Bat-2973.jpg,0.05697283893823624
SINet-v2/S2C,COD10K-CAM-3-Flying-50-Bat-2974.jpg,0.1873687505722046
SINet-v2/S2C,COD10K-CAM-3-Flying-51-Bee-2978.jpg,0.06888937205076218
SINet-v2/S2C,COD10K-CAM-3-Flying-51-Bee-2979.jpg,0.023646144196391106
SINet-v2/S2C,COD10K-CAM-3-Flying-51-Bee-2980.jpg,0.05226355418562889
SINet-v2/S2C,COD10K-CAM-3-Flying-51-Bee-2984.jpg,0.07556876540184021
SINet-v2/S2C,COD10K-CAM-3-Flying-51-Bee-2987.jpg,0.34623265266418457
SINet-v2/S2C,COD10K-CAM-3-Flying-51-Bee-2988.jpg,0.3494601845741272
SINet-v2/S2C,COD10K-CAM-3-Flying-51-Bee-2989.jpg,0.03298783302307129
SINet-v2/S2C,COD10K-CAM-3-Flying-51-Bee-2990.jpg,0.19262343645095825
SINet-v2/S2C,COD10K-CAM-3-Flying-51-Bee-2991.jpg,0.1108831986784935
SINet-v2/S2C,COD10K-CAM-3-Flying-51-Bee-2992.jpg,0.01874886453151703
SINet-v2/S2C,COD10K-CAM-3-Flying-51-Bee-2994.jpg,0.04177574813365936
SINet-v2/S2C,COD10K-CAM-3-Flying-51-Bee-2996.jpg,0.24389782547950745
SINet-v2/S2C,COD10K-CAM-3-Flying-51-Bee-2998.jpg,0.16225168108940125
SINet-v2/S2C,COD10K-CAM-3-Flying-51-Bee-3000.jpg,0.008916460908949375
SINet-v2/S2C,COD10K-CAM-3-Flying-51-Bee-3001.jpg,0.015434933826327324
SINet-v2/S2C,COD10K-CAM-3-Flying-51-Bee-3003.jpg,0.14910142123699188
SINet-v2/S2C,COD10K-CAM-3-Flying-51-Bee-3004.jpg,0.11289188265800476
SINet-v2/S2C,COD10K-CAM-3-Flying-51-Bee-3005.jpg,0.07658428698778152
SINet-v2/S2C,COD10K-CAM-3-Flying-52-Beetle-3006.jpg,0.05468859523534775
SINet-v2/S2C,COD10K-CAM-3-Flying-52-Beetle-3008.jpg,0.04593013599514961
SINet-v2/S2C,COD10K-CAM-3-Flying-52-Beetle-3010.jpg,0.05703930929303169
SINet-v2/S2C,COD10K-CAM-3-Flying-52-Beetle-3012.jpg,0.07978230714797974
SINet-v2/S2C,COD10K-CAM-3-Flying-52-Beetle-3013.jpg,0.0317356176674366
SINet-v2/S2C,COD10K-CAM-3-Flying-53-Bird-3014.jpg,0.04268350824713707
SINet-v2/S2C,COD10K-CAM-3-Flying-53-Bird-3016.jpg,0.14165076613426208
SINet-v2/S2C,COD10K-CAM-3-Flying-53-Bird-3017.jpg,0.010926171205937862
SINet-v2/S2C,COD10K-CAM-3-Flying-53-Bird-3018.jpg,0.08812350034713745
SINet-v2/S2C,COD10K-CAM-3-Flying-53-Bird-3019.jpg,0.013703254982829094
SINet-v2/S2C,COD10K-CAM-3-Flying-53-Bird-3020.jpg,0.040736228227615356
SINet-v2/S2C,COD10K-CAM-3-Flying-53-Bird-3025.jpg,0.03676113858819008
SINet-v2/S2C,COD10K-CAM-3-Flying-53-Bird-3027.jpg,0.01761041209101677
SINet-v2/S2C,COD10K-CAM-3-Flying-53-Bird-3029.jpg,0.010047153569757938
SINet-v2/S2C,COD10K-CAM-3-Flying-53-Bird-3033.jpg,0.023639876395463943
SINet-v2/S2C,COD10K-CAM-3-Flying-53-Bird-3034.jpg,0.04535113275051117
SINet-v2/S2C,COD10K-CAM-3-Flying-53-Bird-3035.jpg,0.027531355619430542
SINet-v2/S2C,COD10K-CAM-3-Flying-53-Bird-3039.jpg,0.0245760977268219
SINet-v2/S2C,COD10K-CAM-3-Flying-53-Bird-3042.jpg,0.007362318690866232
SINet-v2/S2C,COD10K-CAM-3-Flying-53-Bird-3043.jpg,0.010623815469443798
SINet-v2/S2C,COD10K-CAM-3-Flying-53-Bird-3044.jpg,0.22345760464668274
SINet-v2/S2C,COD10K-CAM-3-Flying-53-Bird-3045.jpg,0.005499051883816719
SINet-v2/S2C,COD10K-CAM-3-Flying-53-Bird-3047.jpg,0.09668271243572235
SINet-v2/S2C,COD10K-CAM-3-Flying-53-Bird-3048.jpg,0.017670631408691406
SINet-v2/S2C,COD10K-CAM-3-Flying-53-Bird-3050.jpg,0.013923443853855133
SINet-v2/S2C,COD10K-CAM-3-Flying-53-Bird-3055.jpg,0.03464794531464577
SINet-v2/S2C,COD10K-CAM-3-Flying-53-Bird-3058.jpg,0.01034532394260168
SINet-v2/S2C,COD10K-CAM-3-Flying-53-Bird-3060.jpg,0.03245978802442551
SINet-v2/S2C,COD10K-CAM-3-Flying-53-Bird-3061.jpg,0.043416738510131836
SINet-v2/S2C,COD10K-CAM-3-Flying-53-Bird-3063.jpg,0.015995284542441368
SINet-v2/S2C,COD10K-CAM-3-Flying-53-Bird-3065.jpg,0.01431325450539589
SINet-v2/S2C,COD10K-CAM-3-Flying-53-Bird-3066.jpg,0.015135493129491806
SINet-v2/S2C,COD10K-CAM-3-Flying-53-Bird-3067.jpg,0.021662410348653793
SINet-v2/S2C,COD10K-CAM-3-Flying-53-Bird-3070.jpg,0.013861622661352158
SINet-v2/S2C,COD10K-CAM-3-Flying-53-Bird-3071.jpg,0.1273079812526703
SINet-v2/S2C,COD10K-CAM-3-Flying-53-Bird-3072.jpg,0.01969333551824093
SINet-v2/S2C,COD10K-CAM-3-Flying-53-Bird-3073.jpg,0.006720690988004208
SINet-v2/S2C,COD10K-CAM-3-Flying-53-Bird-3074.jpg,0.012795185670256615
SINet-v2/S2C,COD10K-CAM-3-Flying-53-Bird-3076.jpg,0.013404667377471924
SINet-v2/S2C,COD10K-CAM-3-Flying-53-Bird-3079.jpg,0.043188344687223434
SINet-v2/S2C,COD10K-CAM-3-Flying-53-Bird-3081.jpg,0.06798006594181061
SINet-v2/S2C,COD10K-CAM-3-Flying-53-Bird-3085.jpg,0.03387085348367691
SINet-v2/S2C,COD10K-CAM-3-Flying-53-Bird-3086.jpg,0.01009280327707529
SINet-v2/S2C,COD10K-CAM-3-Flying-53-Bird-3088.jpg,0.030239367857575417
SINet-v2/S2C,COD10K-CAM-3-Flying-53-Bird-3090.jpg,0.04010425880551338
SINet-v2/S2C,COD10K-CAM-3-Flying-53-Bird-3091.jpg,0.011476014740765095
SINet-v2/S2C,COD10K-CAM-3-Flying-53-Bird-3092.jpg,0.04384591430425644
SINet-v2/S2C,COD10K-CAM-3-Flying-53-Bird-3094.jpg,0.06481074541807175
SINet-v2/S2C,COD10K-CAM-3-Flying-53-Bird-3095.jpg,0.03325897455215454
SINet-v2/S2C,COD10K-CAM-3-Flying-53-Bird-3097.jpg,0.029373155906796455
SINet-v2/S2C,COD10K-CAM-3-Flying-53-Bird-3098.jpg,0.02934267744421959
SINet-v2/S2C,COD10K-CAM-3-Flying-53-Bird-3099.jpg,0.016454443335533142
SINet-v2/S2C,COD10K-CAM-3-Flying-53-Bird-3100.jpg,0.024958936497569084
SINet-v2/S2C,COD10K-CAM-3-Flying-53-Bird-3101.jpg,0.040653958916664124
SINet-v2/S2C,COD10K-CAM-3-Flying-53-Bird-3102.jpg,0.01735212653875351
SINet-v2/S2C,COD10K-CAM-3-Flying-53-Bird-3103.jpg,0.07629786431789398
SINet-v2/S2C,COD10K-CAM-3-Flying-53-Bird-3106.jpg,0.0387490913271904
SINet-v2/S2C,COD10K-CAM-3-Flying-53-Bird-3107.jpg,0.019003134220838547
SINet-v2/S2C,COD10K-CAM-3-Flying-53-Bird-3108.jpg,0.08292887359857559
SINet-v2/S2C,COD10K-CAM-3-Flying-53-Bird-3109.jpg,0.016628779470920563
SINet-v2/S2C,COD10K-CAM-3-Flying-53-Bird-3110.jpg,0.011703144758939743
SINet-v2/S2C,COD10K-CAM-3-Flying-53-Bird-3111.jpg,0.03300054371356964
SINet-v2/S2C,COD10K-CAM-3-Flying-53-Bird-3113.jpg,0.02028382383286953
SINet-v2/S2C,COD10K-CAM-3-Flying-53-Bird-3114.jpg,0.00974530354142189
SINet-v2/S2C,COD10K-CAM-3-Flying-53-Bird-3115.jpg,0.01673872023820877
SINet-v2/S2C,COD10K-CAM-3-Flying-53-Bird-3116.jpg,0.05691918730735779
SINet-v2/S2C,COD10K-CAM-3-Flying-53-Bird-3117.jpg,0.017505913972854614
SINet-v2/S2C,COD10K-CAM-3-Flying-53-Bird-3118.jpg,0.039392292499542236
SINet-v2/S2C,COD10K-CAM-3-Flying-53-Bird-3120.jpg,0.10624030977487564
SINet-v2/S2C,COD10K-CAM-3-Flying-53-Bird-3122.jpg,0.03318050131201744
SINet-v2/S2C,COD10K-CAM-3-Flying-53-Bird-3124.jpg,0.1484311819076538
SINet-v2/S2C,COD10K-CAM-3-Flying-53-Bird-3126.jpg,0.01211005449295044
SINet-v2/S2C,COD10K-CAM-3-Flying-53-Bird-3127.jpg,0.03315794840455055
SINet-v2/S2C,COD10K-CAM-3-Flying-53-Bird-3129.jpg,0.018556717783212662
SINet-v2/S2C,COD10K-CAM-3-Flying-53-Bird-3130.jpg,0.01664755307137966
SINet-v2/S2C,COD10K-CAM-3-Flying-53-Bird-3131.jpg,0.06515119224786758
SINet-v2/S2C,COD10K-CAM-3-Flying-53-Bird-3134.jpg,0.013493366539478302
SINet-v2/S2C,COD10K-CAM-3-Flying-53-Bird-3135.jpg,0.017087258398532867
SINet-v2/S2C,COD10K-CAM-3-Flying-53-Bird-3136.jpg,0.014242623932659626
SINet-v2/S2C,COD10K-CAM-3-Flying-53-Bird-3137.jpg,0.12426140159368515
SINet-v2/S2C,COD10K-CAM-3-Flying-53-Bird-3138.jpg,0.019347669556736946
SINet-v2/S2C,COD10K-CAM-3-Flying-53-Bird-3139.jpg,0.048374176025390625
SINet-v2/S2C,COD10K-CAM-3-Flying-53-Bird-3140.jpg,0.006974566727876663
SINet-v2/S2C,COD10K-CAM-3-Flying-53-Bird-3143.jpg,0.03061617910861969
SINet-v2/S2C,COD10K-CAM-3-Flying-53-Bird-3144.jpg,0.06650860607624054
SINet-v2/S2C,COD10K-CAM-3-Flying-53-Bird-3146.jpg,0.007336015813052654
SINet-v2/S2C,COD10K-CAM-3-Flying-53-Bird-3147.jpg,0.01624996028840542
SINet-v2/S2C,COD10K-CAM-3-Flying-53-Bird-3148.jpg,0.030525274574756622
SINet-v2/S2C,COD10K-CAM-3-Flying-53-Bird-3149.jpg,0.015487780794501305
SINet-v2/S2C,COD10K-CAM-3-Flying-53-Bird-3152.jpg,0.15225684642791748
SINet-v2/S2C,COD10K-CAM-3-Flying-53-Bird-3153.jpg,0.0817219689488411
SINet-v2/S2C,COD10K-CAM-3-Flying-53-Bird-3154.jpg,0.04077870398759842
SINet-v2/S2C,COD10K-CAM-3-Flying-53-Bird-3156.jpg,0.022175267338752747
SINet-v2/S2C,COD10K-CAM-3-Flying-53-Bird-3160.jpg,0.039621029049158096
SINet-v2/S2C,COD10K-CAM-3-Flying-53-Bird-3161.jpg,0.02212797850370407
SINet-v2/S2C,COD10K-CAM-3-Flying-53-Bird-3163.jpg,0.012907052412629128
SINet-v2/S2C,COD10K-CAM-3-Flying-53-Bird-3164.jpg,0.029794713482260704
SINet-v2/S2C,COD10K-CAM-3-Flying-53-Bird-3165.jpg,0.021539442241191864
SINet-v2/S2C,COD10K-CAM-3-Flying-53-Bird-3166.jpg,0.037279535084962845
SINet-v2/S2C,COD10K-CAM-3-Flying-53-Bird-3168.jpg,0.12507817149162292
SINet-v2/S2C,COD10K-CAM-3-Flying-53-Bird-3169.jpg,0.01588798686861992
SINet-v2/S2C,COD10K-CAM-3-Flying-53-Bird-3172.jpg,0.006071936339139938
SINet-v2/S2C,COD10K-CAM-3-Flying-53-Bird-3173.jpg,0.2138139307498932
SINet-v2/S2C,COD10K-CAM-3-Flying-53-Bird-3174.jpg,0.05326376482844353
SINet-v2/S2C,COD10K-CAM-3-Flying-53-Bird-3177.jpg,0.122550368309021
SINet-v2/S2C,COD10K-CAM-3-Flying-53-Bird-3178.jpg,0.010898002423346043
SINet-v2/S2C,COD10K-CAM-3-Flying-53-Bird-3179.jpg,0.004797577857971191
SINet-v2/S2C,COD10K-CAM-3-Flying-53-Bird-3181.jpg,0.06771832704544067
SINet-v2/S2C,COD10K-CAM-3-Flying-53-Bird-3182.jpg,0.03364958614110947
SINet-v2/S2C,COD10K-CAM-3-Flying-53-Bird-3183.jpg,0.02048799768090248
SINet-v2/S2C,COD10K-CAM-3-Flying-53-Bird-3186.jpg,0.12175409495830536
SINet-v2/S2C,COD10K-CAM-3-Flying-53-Bird-3187.jpg,0.11301255226135254
SINet-v2/S2C,COD10K-CAM-3-Flying-53-Bird-3188.jpg,0.018794970586895943
SINet-v2/S2C,COD10K-CAM-3-Flying-53-Bird-3190.jpg,0.02029697224497795
SINet-v2/S2C,COD10K-CAM-3-Flying-53-Bird-3191.jpg,0.020953446626663208
SINet-v2/S2C,COD10K-CAM-3-Flying-53-Bird-3192.jpg,0.032617874443531036
SINet-v2/S2C,COD10K-CAM-3-Flying-53-Bird-3193.jpg,0.021758444607257843
SINet-v2/S2C,COD10K-CAM-3-Flying-53-Bird-3194.jpg,0.023444373160600662
SINet-v2/S2C,COD10K-CAM-3-Flying-53-Bird-3195.jpg,0.04166213423013687
SINet-v2/S2C,COD10K-CAM-3-Flying-53-Bird-3199.jpg,0.010523337870836258
SINet-v2/S2C,COD10K-CAM-3-Flying-53-Bird-3202.jpg,0.09572835266590118
SINet-v2/S2C,COD10K-CAM-3-Flying-53-Bird-3204.jpg,0.009876912459731102
SINet-v2/S2C,COD10K-CAM-3-Flying-53-Bird-3205.jpg,0.022737640887498856
SINet-v2/S2C,COD10K-CAM-3-Flying-53-Bird-3206.jpg,0.09964881837368011
SINet-v2/S2C,COD10K-CAM-3-Flying-53-Bird-3208.jpg,0.03296146169304848
SINet-v2/S2C,COD10K-CAM-3-Flying-53-Bird-3209.jpg,0.02173892967402935
SINet-v2/S2C,COD10K-CAM-3-Flying-53-Bird-3210.jpg,0.01856130361557007
SINet-v2/S2C,COD10K-CAM-3-Flying-53-Bird-3212.jpg,0.024370916187763214
SINet-v2/S2C,COD10K-CAM-3-Flying-53-Bird-3216.jpg,0.04769276827573776
SINet-v2/S2C,COD10K-CAM-3-Flying-53-Bird-3217.jpg,0.02017274685204029
SINet-v2/S2C,COD10K-CAM-3-Flying-53-Bird-3219.jpg,0.054572947323322296
SINet-v2/S2C,COD10K-CAM-3-Flying-53-Bird-3220.jpg,0.00610030721873045
SINet-v2/S2C,COD10K-CAM-3-Flying-53-Bird-3222.jpg,0.004572617821395397
SINet-v2/S2C,COD10K-CAM-3-Flying-53-Bird-3224.jpg,0.03255762159824371
SINet-v2/S2C,COD10K-CAM-3-Flying-53-Bird-3225.jpg,0.058371879160404205
SINet-v2/S2C,COD10K-CAM-3-Flying-53-Bird-3228.jpg,0.02320745587348938
SINet-v2/S2C,COD10K-CAM-3-Flying-53-Bird-3229.jpg,0.026678835973143578
SINet-v2/S2C,COD10K-CAM-3-Flying-53-Bird-3230.jpg,0.024001210927963257
SINet-v2/S2C,COD10K-CAM-3-Flying-53-Bird-3233.jpg,0.021350273862481117
SINet-v2/S2C,COD10K-CAM-3-Flying-53-Bird-3238.jpg,0.0038312762044370174
SINet-v2/S2C,COD10K-CAM-3-Flying-53-Bird-3242.jpg,0.03265420347452164
SINet-v2/S2C,COD10K-CAM-3-Flying-53-Bird-3243.jpg,0.06403964757919312
SINet-v2/S2C,COD10K-CAM-3-Flying-53-Bird-3244.jpg,0.04982641711831093
SINet-v2/S2C,COD10K-CAM-3-Flying-53-Bird-3247.jpg,0.04480607807636261
SINet-v2/S2C,COD10K-CAM-3-Flying-53-Bird-3248.jpg,0.06552581489086151
SINet-v2/S2C,COD10K-CAM-3-Flying-53-Bird-3249.jpg,0.0076104095205664635
SINet-v2/S2C,COD10K-CAM-3-Flying-53-Bird-3250.jpg,0.09717762470245361
SINet-v2/S2C,COD10K-CAM-3-Flying-54-Bittern-3251.jpg,0.017623523250222206
SINet-v2/S2C,COD10K-CAM-3-Flying-54-Bittern-3253.jpg,0.02115294151008129
SINet-v2/S2C,COD10K-CAM-3-Flying-54-Bittern-3256.jpg,0.02397243306040764
SINet-v2/S2C,COD10K-CAM-3-Flying-54-Bittern-3257.jpg,0.028726091608405113
SINet-v2/S2C,COD10K-CAM-3-Flying-54-Bittern-3258.jpg,0.018588876351714134
SINet-v2/S2C,COD10K-CAM-3-Flying-54-Bittern-3259.jpg,0.023060277104377747
SINet-v2/S2C,COD10K-CAM-3-Flying-54-Bittern-3261.jpg,0.046734005212783813
SINet-v2/S2C,COD10K-CAM-3-Flying-54-Bittern-3262.jpg,0.01645089127123356
SINet-v2/S2C,COD10K-CAM-3-Flying-54-Bittern-3263.jpg,0.0326412096619606
SINet-v2/S2C,COD10K-CAM-3-Flying-54-Bittern-3264.jpg,0.01493586041033268
SINet-v2/S2C,COD10K-CAM-3-Flying-54-Bittern-3265.jpg,0.026835814118385315
SINet-v2/S2C,COD10K-CAM-3-Flying-54-Bittern-3267.jpg,0.012425587512552738
SINet-v2/S2C,COD10K-CAM-3-Flying-54-Bittern-3269.jpg,0.018335634842514992
SINet-v2/S2C,COD10K-CAM-3-Flying-54-Bittern-3270.jpg,0.010596307925879955
SINet-v2/S2C,COD10K-CAM-3-Flying-54-Bittern-3272.jpg,0.011170683428645134
SINet-v2/S2C,COD10K-CAM-3-Flying-54-Bittern-3273.jpg,0.02267720177769661
SINet-v2/S2C,COD10K-CAM-3-Flying-54-Bittern-3274.jpg,0.028103509917855263
SINet-v2/S2C,COD10K-CAM-3-Flying-54-Bittern-3275.jpg,0.0596664696931839
SINet-v2/S2C,COD10K-CAM-3-Flying-54-Bittern-3276.jpg,0.06139925867319107
SINet-v2/S2C,COD10K-CAM-3-Flying-54-Bittern-3278.jpg,0.036289967596530914
SINet-v2/S2C,COD10K-CAM-3-Flying-54-Bittern-3279.jpg,0.023379098623991013
SINet-v2/S2C,COD10K-CAM-3-Flying-54-Bittern-3280.jpg,0.019914064556360245
SINet-v2/S2C,COD10K-CAM-3-Flying-54-Bittern-3281.jpg,0.024152560159564018
SINet-v2/S2C,COD10K-CAM-3-Flying-54-Bittern-3282.jpg,0.023042377084493637
SINet-v2/S2C,COD10K-CAM-3-Flying-54-Bittern-3285.jpg,0.014673566445708275
SINet-v2/S2C,COD10K-CAM-3-Flying-54-Bittern-3286.jpg,0.030092112720012665
SINet-v2/S2C,COD10K-CAM-3-Flying-54-Bittern-3287.jpg,0.030142927542328835
SINet-v2/S2C,COD10K-CAM-3-Flying-54-Bittern-3290.jpg,0.0048425826244056225
SINet-v2/S2C,COD10K-CAM-3-Flying-55-Butterfly-3291.jpg,0.0364941768348217
SINet-v2/S2C,COD10K-CAM-3-Flying-55-Butterfly-3292.jpg,0.07353033870458603
SINet-v2/S2C,COD10K-CAM-3-Flying-55-Butterfly-3293.jpg,0.017659053206443787
SINet-v2/S2C,COD10K-CAM-3-Flying-55-Butterfly-3294.jpg,0.037282876670360565
SINet-v2/S2C,COD10K-CAM-3-Flying-55-Butterfly-3296.jpg,0.08304361999034882
SINet-v2/S2C,COD10K-CAM-3-Flying-55-Butterfly-3297.jpg,0.02286253497004509
SINet-v2/S2C,COD10K-CAM-3-Flying-55-Butterfly-3298.jpg,0.0219158586114645
SINet-v2/S2C,COD10K-CAM-3-Flying-55-Butterfly-3299.jpg,0.018662896007299423
SINet-v2/S2C,COD10K-CAM-3-Flying-55-Butterfly-3300.jpg,0.034388549625873566
SINet-v2/S2C,COD10K-CAM-3-Flying-55-Butterfly-3301.jpg,0.051570773124694824
SINet-v2/S2C,COD10K-CAM-3-Flying-55-Butterfly-3302.jpg,0.08594225347042084
SINet-v2/S2C,COD10K-CAM-3-Flying-55-Butterfly-3305.jpg,0.12791292369365692
SINet-v2/S2C,COD10K-CAM-3-Flying-55-Butterfly-3307.jpg,0.07589253783226013
SINet-v2/S2C,COD10K-CAM-3-Flying-55-Butterfly-3308.jpg,0.12979327142238617
SINet-v2/S2C,COD10K-CAM-3-Flying-55-Butterfly-3309.jpg,0.029226578772068024
SINet-v2/S2C,COD10K-CAM-3-Flying-55-Butterfly-3310.jpg,0.27223867177963257
SINet-v2/S2C,COD10K-CAM-3-Flying-55-Butterfly-3311.jpg,0.023307550698518753
SINet-v2/S2C,COD10K-CAM-3-Flying-55-Butterfly-3313.jpg,0.12622153759002686
SINet-v2/S2C,COD10K-CAM-3-Flying-55-Butterfly-3314.jpg,0.012102275155484676
SINet-v2/S2C,COD10K-CAM-3-Flying-55-Butterfly-3316.jpg,0.0021402365528047085
SINet-v2/S2C,COD10K-CAM-3-Flying-55-Butterfly-3317.jpg,0.011623350903391838
SINet-v2/S2C,COD10K-CAM-3-Flying-55-Butterfly-3321.jpg,0.25801023840904236
SINet-v2/S2C,COD10K-CAM-3-Flying-55-Butterfly-3323.jpg,0.04546922445297241
SINet-v2/S2C,COD10K-CAM-3-Flying-55-Butterfly-3326.jpg,0.03134637698531151
SINet-v2/S2C,COD10K-CAM-3-Flying-55-Butterfly-3327.jpg,0.012596719898283482
SINet-v2/S2C,COD10K-CAM-3-Flying-55-Butterfly-3329.jpg,0.04603440314531326
SINet-v2/S2C,COD10K-CAM-3-Flying-55-Butterfly-3330.jpg,0.19294802844524384
SINet-v2/S2C,COD10K-CAM-3-Flying-55-Butterfly-3331.jpg,0.04034605249762535
SINet-v2/S2C,COD10K-CAM-3-Flying-55-Butterfly-3332.jpg,0.03537052124738693
SINet-v2/S2C,COD10K-CAM-3-Flying-55-Butterfly-3333.jpg,0.07829651981592178
SINet-v2/S2C,COD10K-CAM-3-Flying-55-Butterfly-3334.jpg,0.013576341792941093
SINet-v2/S2C,COD10K-CAM-3-Flying-55-Butterfly-3336.jpg,0.04079336300492287
SINet-v2/S2C,COD10K-CAM-3-Flying-55-Butterfly-3337.jpg,0.06349220871925354
SINet-v2/S2C,COD10K-CAM-3-Flying-55-Butterfly-3338.jpg,0.08453291654586792
SINet-v2/S2C,COD10K-CAM-3-Flying-55-Butterfly-3340.jpg,0.036545321345329285
SINet-v2/S2C,COD10K-CAM-3-Flying-55-Butterfly-3343.jpg,0.14628499746322632
SINet-v2/S2C,COD10K-CAM-3-Flying-55-Butterfly-3344.jpg,0.038605108857154846
SINet-v2/S2C,COD10K-CAM-3-Flying-55-Butterfly-3345.jpg,0.019931193441152573
SINet-v2/S2C,COD10K-CAM-3-Flying-55-Butterfly-3346.jpg,0.1164252758026123
SINet-v2/S2C,COD10K-CAM-3-Flying-55-Butterfly-3347.jpg,0.014136209152638912
SINet-v2/S2C,COD10K-CAM-3-Flying-55-Butterfly-3348.jpg,0.22154541313648224
SINet-v2/S2C,COD10K-CAM-3-Flying-55-Butterfly-3349.jpg,0.029983222484588623
SINet-v2/S2C,COD10K-CAM-3-Flying-55-Butterfly-3352.jpg,0.025277122855186462
SINet-v2/S2C,COD10K-CAM-3-Flying-55-Butterfly-3353.jpg,0.06487009674310684
SINet-v2/S2C,COD10K-CAM-3-Flying-55-Butterfly-3355.jpg,0.05378448963165283
SINet-v2/S2C,COD10K-CAM-3-Flying-55-Butterfly-3357.jpg,0.015530174598097801
SINet-v2/S2C,COD10K-CAM-3-Flying-55-Butterfly-3358.jpg,0.04292633384466171
SINet-v2/S2C,COD10K-CAM-3-Flying-55-Butterfly-3362.jpg,0.1767672598361969
SINet-v2/S2C,COD10K-CAM-3-Flying-55-Butterfly-3363.jpg,0.021875370293855667
SINet-v2/S2C,COD10K-CAM-3-Flying-55-Butterfly-3364.jpg,0.01979217492043972
SINet-v2/S2C,COD10K-CAM-3-Flying-55-Butterfly-3365.jpg,0.06492113322019577
SINet-v2/S2C,COD10K-CAM-3-Flying-55-Butterfly-3366.jpg,0.20101575553417206
SINet-v2/S2C,COD10K-CAM-3-Flying-55-Butterfly-3367.jpg,0.006186177488416433
SINet-v2/S2C,COD10K-CAM-3-Flying-55-Butterfly-3368.jpg,0.021312780678272247
SINet-v2/S2C,COD10K-CAM-3-Flying-55-Butterfly-3371.jpg,0.06750612705945969
SINet-v2/S2C,COD10K-CAM-3-Flying-55-Butterfly-3372.jpg,0.14492826163768768
SINet-v2/S2C,COD10K-CAM-3-Flying-55-Butterfly-3373.jpg,0.01790471561253071
SINet-v2/S2C,COD10K-CAM-3-Flying-55-Butterfly-3380.jpg,0.10832414031028748
SINet-v2/S2C,COD10K-CAM-3-Flying-55-Butterfly-3381.jpg,0.13921616971492767
SINet-v2/S2C,COD10K-CAM-3-Flying-55-Butterfly-3384.jpg,0.04999398812651634
SINet-v2/S2C,COD10K-CAM-3-Flying-55-Butterfly-3385.jpg,0.022787224501371384
SINet-v2/S2C,COD10K-CAM-3-Flying-55-Butterfly-3387.jpg,0.06525640934705734
SINet-v2/S2C,COD10K-CAM-3-Flying-55-Butterfly-3388.jpg,0.03788134455680847
SINet-v2/S2C,COD10K-CAM-3-Flying-55-Butterfly-3391.jpg,0.06400421261787415
SINet-v2/S2C,COD10K-CAM-3-Flying-55-Butterfly-3392.jpg,0.17444594204425812
SINet-v2/S2C,COD10K-CAM-3-Flying-55-Butterfly-3394.jpg,0.05615650489926338
SINet-v2/S2C,COD10K-CAM-3-Flying-55-Butterfly-3395.jpg,0.12900780141353607
SINet-v2/S2C,COD10K-CAM-3-Flying-55-Butterfly-3396.jpg,0.04809144139289856
SINet-v2/S2C,COD10K-CAM-3-Flying-55-Butterfly-3397.jpg,0.024411436170339584
SINet-v2/S2C,COD10K-CAM-3-Flying-55-Butterfly-3399.jpg,0.0148699302226305
SINet-v2/S2C,COD10K-CAM-3-Flying-55-Butterfly-3400.jpg,0.02920653112232685
SINet-v2/S2C,COD10K-CAM-3-Flying-55-Butterfly-3402.jpg,0.17741167545318604
SINet-v2/S2C,COD10K-CAM-3-Flying-55-Butterfly-3404.jpg,0.35582685470581055
SINet-v2/S2C,COD10K-CAM-3-Flying-55-Butterfly-3405.jpg,0.07409399747848511
SINet-v2/S2C,COD10K-CAM-3-Flying-55-Butterfly-3407.jpg,0.018019651994109154
SINet-v2/S2C,COD10K-CAM-3-Flying-55-Butterfly-3410.jpg,0.0347648523747921
SINet-v2/S2C,COD10K-CAM-3-Flying-55-Butterfly-3411.jpg,0.13464060425758362
SINet-v2/S2C,COD10K-CAM-3-Flying-55-Butterfly-3413.jpg,0.07536397129297256
SINet-v2/S2C,COD10K-CAM-3-Flying-55-Butterfly-3414.jpg,0.029101543128490448
SINet-v2/S2C,COD10K-CAM-3-Flying-55-Butterfly-3415.jpg,0.01564037799835205
SINet-v2/S2C,COD10K-CAM-3-Flying-55-Butterfly-3416.jpg,0.05412330850958824
SINet-v2/S2C,COD10K-CAM-3-Flying-55-Butterfly-3417.jpg,0.06495688855648041
SINet-v2/S2C,COD10K-CAM-3-Flying-55-Butterfly-3419.jpg,0.035850267857313156
SINet-v2/S2C,COD10K-CAM-3-Flying-55-Butterfly-3420.jpg,0.026851680129766464
SINet-v2/S2C,COD10K-CAM-3-Flying-55-Butterfly-3421.jpg,0.020018786191940308
SINet-v2/S2C,COD10K-CAM-3-Flying-55-Butterfly-3422.jpg,0.05438652262091637
SINet-v2/S2C,COD10K-CAM-3-Flying-55-Butterfly-3424.jpg,0.03941326215863228
SINet-v2/S2C,COD10K-CAM-3-Flying-55-Butterfly-3425.jpg,0.04091614484786987
SINet-v2/S2C,COD10K-CAM-3-Flying-55-Butterfly-3427.jpg,0.08251605927944183
SINet-v2/S2C,COD10K-CAM-3-Flying-55-Butterfly-3430.jpg,0.04774949327111244
SINet-v2/S2C,COD10K-CAM-3-Flying-55-Butterfly-3431.jpg,0.06983238458633423
SINet-v2/S2C,COD10K-CAM-3-Flying-55-Butterfly-3432.jpg,0.09913159906864166
SINet-v2/S2C,COD10K-CAM-3-Flying-55-Butterfly-3433.jpg,0.035941481590270996
SINet-v2/S2C,COD10K-CAM-3-Flying-55-Butterfly-3437.jpg,0.12994369864463806
SINet-v2/S2C,COD10K-CAM-3-Flying-55-Butterfly-3438.jpg,0.05112740024924278
SINet-v2/S2C,COD10K-CAM-3-Flying-56-Cicada-3442.jpg,0.02956341579556465
SINet-v2/S2C,COD10K-CAM-3-Flying-56-Cicada-3445.jpg,0.034593354910612106
SINet-v2/S2C,COD10K-CAM-3-Flying-56-Cicada-3446.jpg,0.03167836368083954
SINet-v2/S2C,COD10K-CAM-3-Flying-56-Cicada-3448.jpg,0.0186363086104393
SINet-v2/S2C,COD10K-CAM-3-Flying-56-Cicada-3449.jpg,0.019292596727609634
SINet-v2/S2C,COD10K-CAM-3-Flying-56-Cicada-3450.jpg,0.0006222872762009501
SINet-v2/S2C,COD10K-CAM-3-Flying-56-Cicada-3451.jpg,0.021856442093849182
SINet-v2/S2C,COD10K-CAM-3-Flying-56-Cicada-3452.jpg,0.03536967188119888
SINet-v2/S2C,COD10K-CAM-3-Flying-56-Cicada-3454.jpg,0.043477755039930344
SINet-v2/S2C,COD10K-CAM-3-Flying-56-Cicada-3455.jpg,0.036109086126089096
SINet-v2/S2C,COD10K-CAM-3-Flying-56-Cicada-3456.jpg,0.038256555795669556
SINet-v2/S2C,COD10K-CAM-3-Flying-56-Cicada-3457.jpg,0.028939180076122284
SINet-v2/S2C,COD10K-CAM-3-Flying-56-Cicada-3458.jpg,0.05479150265455246
SINet-v2/S2C,COD10K-CAM-3-Flying-56-Cicada-3459.jpg,0.029346654191613197
SINet-v2/S2C,COD10K-CAM-3-Flying-56-Cicada-3461.jpg,0.03737512230873108
SINet-v2/S2C,COD10K-CAM-3-Flying-56-Cicada-3464.jpg,0.07096294313669205
SINet-v2/S2C,COD10K-CAM-3-Flying-56-Cicada-3465.jpg,0.03128999471664429
SINet-v2/S2C,COD10K-CAM-3-Flying-56-Cicada-3466.jpg,0.016776569187641144
SINet-v2/S2C,COD10K-CAM-3-Flying-56-Cicada-3467.jpg,0.053519122302532196
SINet-v2/S2C,COD10K-CAM-3-Flying-56-Cicada-3468.jpg,0.03105529025197029
SINet-v2/S2C,COD10K-CAM-3-Flying-56-Cicada-3469.jpg,0.034900929778814316
SINet-v2/S2C,COD10K-CAM-3-Flying-56-Cicada-3471.jpg,0.08645110577344894
SINet-v2/S2C,COD10K-CAM-3-Flying-56-Cicada-3473.jpg,0.045269809663295746
SINet-v2/S2C,COD10K-CAM-3-Flying-56-Cicada-3474.jpg,0.011874616146087646
SINet-v2/S2C,COD10K-CAM-3-Flying-56-Cicada-3475.jpg,0.06495322287082672
SINet-v2/S2C,COD10K-CAM-3-Flying-56-Cicada-3476.jpg,0.15843462944030762
SINet-v2/S2C,COD10K-CAM-3-Flying-56-Cicada-3477.jpg,0.03283652663230896
SINet-v2/S2C,COD10K-CAM-3-Flying-56-Cicada-3479.jpg,0.06906715035438538
SINet-v2/S2C,COD10K-CAM-3-Flying-56-Cicada-3481.jpg,0.02703269198536873
SINet-v2/S2C,COD10K-CAM-3-Flying-56-Cicada-3484.jpg,0.017657790333032608
SINet-v2/S2C,COD10K-CAM-3-Flying-56-Cicada-3485.jpg,0.07859708368778229
SINet-v2/S2C,COD10K-CAM-3-Flying-56-Cicada-3487.jpg,0.1292009949684143
SINet-v2/S2C,COD10K-CAM-3-Flying-56-Cicada-3488.jpg,0.15777859091758728
SINet-v2/S2C,COD10K-CAM-3-Flying-56-Cicada-3489.jpg,0.07889914512634277
SINet-v2/S2C,COD10K-CAM-3-Flying-56-Cicada-3492.jpg,0.07436344772577286
SINet-v2/S2C,COD10K-CAM-3-Flying-56-Cicada-3493.jpg,0.021672626957297325
SINet-v2/S2C,COD10K-CAM-3-Flying-56-Cicada-3495.jpg,0.33540213108062744
SINet-v2/S2C,COD10K-CAM-3-Flying-56-Cicada-3497.jpg,0.1739862561225891
SINet-v2/S2C,COD10K-CAM-3-Flying-56-Cicada-3499.jpg,0.021699100732803345
SINet-v2/S2C,COD10K-CAM-3-Flying-56-Cicada-3500.jpg,0.09624005854129791
SINet-v2/S2C,COD10K-CAM-3-Flying-56-Cicada-3502.jpg,0.2050967961549759
SINet-v2/S2C,COD10K-CAM-3-Flying-56-Cicada-3503.jpg,0.031055301427841187
SINet-v2/S2C,COD10K-CAM-3-Flying-56-Cicada-3506.jpg,0.2811376452445984
SINet-v2/S2C,COD10K-CAM-3-Flying-56-Cicada-3507.jpg,0.023522624745965004
SINet-v2/S2C,COD10K-CAM-3-Flying-56-Cicada-3511.jpg,0.06817127019166946
SINet-v2/S2C,COD10K-CAM-3-Flying-56-Cicada-3512.jpg,0.06273549050092697
SINet-v2/S2C,COD10K-CAM-3-Flying-56-Cicada-3514.jpg,0.012280743569135666
SINet-v2/S2C,COD10K-CAM-3-Flying-56-Cicada-3516.jpg,0.14219582080841064
SINet-v2/S2C,COD10K-CAM-3-Flying-56-Cicada-3517.jpg,0.06538479775190353
SINet-v2/S2C,COD10K-CAM-3-Flying-56-Cicada-3518.jpg,0.02462630160152912
SINet-v2/S2C,COD10K-CAM-3-Flying-56-Cicada-3519.jpg,0.06602950394153595
SINet-v2/S2C,COD10K-CAM-3-Flying-56-Cicada-3520.jpg,0.12249994277954102
SINet-v2/S2C,COD10K-CAM-3-Flying-56-Cicada-3523.jpg,0.021404480561614037
SINet-v2/S2C,COD10K-CAM-3-Flying-56-Cicada-3524.jpg,0.015283739194273949
SINet-v2/S2C,COD10K-CAM-3-Flying-56-Cicada-3526.jpg,0.2705724835395813
SINet-v2/S2C,COD10K-CAM-3-Flying-56-Cicada-3528.jpg,0.04856732487678528
SINet-v2/S2C,COD10K-CAM-3-Flying-56-Cicada-3529.jpg,0.04411163926124573
SINet-v2/S2C,COD10K-CAM-3-Flying-56-Cicada-3531.jpg,0.06611915677785873
SINet-v2/S2C,COD10K-CAM-3-Flying-56-Cicada-3532.jpg,0.03764791041612625
SINet-v2/S2C,COD10K-CAM-3-Flying-56-Cicada-3534.jpg,0.02633969485759735
SINet-v2/S2C,COD10K-CAM-3-Flying-56-Cicada-3538.jpg,0.010692354291677475
SINet-v2/S2C,COD10K-CAM-3-Flying-56-Cicada-3540.jpg,0.07484135776758194
SINet-v2/S2C,COD10K-CAM-3-Flying-56-Cicada-3541.jpg,0.09365534037351608
SINet-v2/S2C,COD10K-CAM-3-Flying-56-Cicada-3544.jpg,0.03570818901062012
SINet-v2/S2C,COD10K-CAM-3-Flying-56-Cicada-3545.jpg,0.05125141143798828
SINet-v2/S2C,COD10K-CAM-3-Flying-56-Cicada-3546.jpg,0.011245313100516796
SINet-v2/S2C,COD10K-CAM-3-Flying-56-Cicada-3548.jpg,0.01850367709994316
SINet-v2/S2C,COD10K-CAM-3-Flying-56-Cicada-3550.jpg,0.05657314509153366
SINet-v2/S2C,COD10K-CAM-3-Flying-56-Cicada-3552.jpg,0.021224118769168854
SINet-v2/S2C,COD10K-CAM-3-Flying-57-Dragonfly-3554.jpg,0.006953886244446039
SINet-v2/S2C,COD10K-CAM-3-Flying-57-Dragonfly-3555.jpg,0.03289813920855522
SINet-v2/S2C,COD10K-CAM-3-Flying-57-Dragonfly-3556.jpg,0.1858009696006775
SINet-v2/S2C,COD10K-CAM-3-Flying-57-Dragonfly-3557.jpg,0.011316650547087193
SINet-v2/S2C,COD10K-CAM-3-Flying-57-Dragonfly-3558.jpg,0.04524281620979309
SINet-v2/S2C,COD10K-CAM-3-Flying-57-Dragonfly-3560.jpg,0.009897498413920403
SINet-v2/S2C,COD10K-CAM-3-Flying-57-Dragonfly-3561.jpg,0.03736449033021927
SINet-v2/S2C,COD10K-CAM-3-Flying-57-Dragonfly-3562.jpg,0.19988849759101868
SINet-v2/S2C,COD10K-CAM-3-Flying-57-Dragonfly-3563.jpg,0.03346366435289383
SINet-v2/S2C,COD10K-CAM-3-Flying-57-Dragonfly-3564.jpg,0.026324503123760223
SINet-v2/S2C,COD10K-CAM-3-Flying-57-Dragonfly-3565.jpg,0.042943015694618225
SINet-v2/S2C,COD10K-CAM-3-Flying-57-Dragonfly-3567.jpg,0.09657489508390427
SINet-v2/S2C,COD10K-CAM-3-Flying-57-Dragonfly-3568.jpg,0.05516665056347847
SINet-v2/S2C,COD10K-CAM-3-Flying-57-Dragonfly-3570.jpg,0.04854809492826462
SINet-v2/S2C,COD10K-CAM-3-Flying-57-Dragonfly-3572.jpg,0.05516665056347847
SINet-v2/S2C,COD10K-CAM-3-Flying-57-Dragonfly-3573.jpg,0.03079107217490673
SINet-v2/S2C,COD10K-CAM-3-Flying-57-Dragonfly-3574.jpg,0.055614981800317764
SINet-v2/S2C,COD10K-CAM-3-Flying-57-Dragonfly-3577.jpg,0.0916193500161171
SINet-v2/S2C,COD10K-CAM-3-Flying-57-Dragonfly-3578.jpg,0.03984050825238228
SINet-v2/S2C,COD10K-CAM-3-Flying-57-Dragonfly-3579.jpg,0.05208819359540939
SINet-v2/S2C,COD10K-CAM-3-Flying-57-Dragonfly-3583.jpg,0.032986752688884735
SINet-v2/S2C,COD10K-CAM-3-Flying-57-Dragonfly-3584.jpg,0.07647011429071426
SINet-v2/S2C,COD10K-CAM-3-Flying-57-Dragonfly-3587.jpg,0.04776575043797493
SINet-v2/S2C,COD10K-CAM-3-Flying-57-Dragonfly-3589.jpg,0.07433684170246124
SINet-v2/S2C,COD10K-CAM-3-Flying-57-Dragonfly-3591.jpg,0.06024019420146942
SINet-v2/S2C,COD10K-CAM-3-Flying-57-Dragonfly-3592.jpg,0.10137283056974411
SINet-v2/S2C,COD10K-CAM-3-Flying-58-Frogmouth-3594.jpg,0.13794073462486267
SINet-v2/S2C,COD10K-CAM-3-Flying-58-Frogmouth-3595.jpg,0.02638138458132744
SINet-v2/S2C,COD10K-CAM-3-Flying-58-Frogmouth-3597.jpg,0.04913049191236496
SINet-v2/S2C,COD10K-CAM-3-Flying-58-Frogmouth-3600.jpg,0.03058987855911255
SINet-v2/S2C,COD10K-CAM-3-Flying-58-Frogmouth-3601.jpg,0.04842802882194519
SINet-v2/S2C,COD10K-CAM-3-Flying-58-Frogmouth-3603.jpg,0.049620408564805984
SINet-v2/S2C,COD10K-CAM-3-Flying-58-Frogmouth-3605.jpg,0.020917190238833427
SINet-v2/S2C,COD10K-CAM-3-Flying-58-Frogmouth-3606.jpg,0.05022060498595238
SINet-v2/S2C,COD10K-CAM-3-Flying-58-Frogmouth-3607.jpg,0.19309982657432556
SINet-v2/S2C,COD10K-CAM-3-Flying-58-Frogmouth-3608.jpg,0.022951841354370117
SINet-v2/S2C,COD10K-CAM-3-Flying-58-Frogmouth-3609.jpg,0.10767613351345062
SINet-v2/S2C,COD10K-CAM-3-Flying-58-Frogmouth-3612.jpg,0.06180724874138832
SINet-v2/S2C,COD10K-CAM-3-Flying-58-Frogmouth-3613.jpg,0.020877378061413765
SINet-v2/S2C,COD10K-CAM-3-Flying-59-Grasshopper-3614.jpg,0.1721075177192688
SINet-v2/S2C,COD10K-CAM-3-Flying-59-Grasshopper-3616.jpg,0.08983458578586578
SINet-v2/S2C,COD10K-CAM-3-Flying-59-Grasshopper-3617.jpg,0.019857605919241905
SINet-v2/S2C,COD10K-CAM-3-Flying-59-Grasshopper-3620.jpg,0.030335504561662674
SINet-v2/S2C,COD10K-CAM-3-Flying-59-Grasshopper-3623.jpg,0.027097739279270172
SINet-v2/S2C,COD10K-CAM-3-Flying-59-Grasshopper-3624.jpg,0.032966163009405136
SINet-v2/S2C,COD10K-CAM-3-Flying-59-Grasshopper-3626.jpg,0.06647660583257675
SINet-v2/S2C,COD10K-CAM-3-Flying-59-Grasshopper-3628.jpg,0.03889970853924751
SINet-v2/S2C,COD10K-CAM-3-Flying-59-Grasshopper-3631.jpg,0.039010971784591675
SINet-v2/S2C,COD10K-CAM-3-Flying-59-Grasshopper-3633.jpg,0.1458192765712738
SINet-v2/S2C,COD10K-CAM-3-Flying-59-Grasshopper-3635.jpg,0.03021164797246456
SINet-v2/S2C,COD10K-CAM-3-Flying-59-Grasshopper-3639.jpg,0.0187141802161932
SINet-v2/S2C,COD10K-CAM-3-Flying-59-Grasshopper-3642.jpg,0.006177134346216917
SINet-v2/S2C,COD10K-CAM-3-Flying-59-Grasshopper-3643.jpg,0.049645714461803436
SINet-v2/S2C,COD10K-CAM-3-Flying-59-Grasshopper-3646.jpg,0.020872723311185837
SINet-v2/S2C,COD10K-CAM-3-Flying-59-Grasshopper-3647.jpg,0.035511262714862823
SINet-v2/S2C,COD10K-CAM-3-Flying-59-Grasshopper-3649.jpg,0.02725214697420597
SINet-v2/S2C,COD10K-CAM-3-Flying-59-Grasshopper-3651.jpg,0.023554285988211632
SINet-v2/S2C,COD10K-CAM-3-Flying-59-Grasshopper-3654.jpg,0.04037890210747719
SINet-v2/S2C,COD10K-CAM-3-Flying-59-Grasshopper-3656.jpg,0.1395849734544754
SINet-v2/S2C,COD10K-CAM-3-Flying-59-Grasshopper-3660.jpg,0.06102881580591202
SINet-v2/S2C,COD10K-CAM-3-Flying-59-Grasshopper-3662.jpg,0.03411681950092316
SINet-v2/S2C,COD10K-CAM-3-Flying-59-Grasshopper-3663.jpg,0.05985615402460098
SINet-v2/S2C,COD10K-CAM-3-Flying-59-Grasshopper-3664.jpg,0.07164342701435089
SINet-v2/S2C,COD10K-CAM-3-Flying-59-Grasshopper-3665.jpg,0.07987218350172043
SINet-v2/S2C,COD10K-CAM-3-Flying-59-Grasshopper-3666.jpg,0.019683945924043655
SINet-v2/S2C,COD10K-CAM-3-Flying-59-Grasshopper-3667.jpg,0.17266052961349487
SINet-v2/S2C,COD10K-CAM-3-Flying-59-Grasshopper-3668.jpg,0.025810696184635162
SINet-v2/S2C,COD10K-CAM-3-Flying-59-Grasshopper-3669.jpg,0.14095334708690643
SINet-v2/S2C,COD10K-CAM-3-Flying-59-Grasshopper-3670.jpg,0.017952091991901398
SINet-v2/S2C,COD10K-CAM-3-Flying-59-Grasshopper-3671.jpg,0.02394537255167961
SINet-v2/S2C,COD10K-CAM-3-Flying-59-Grasshopper-3674.jpg,0.03099660947918892
SINet-v2/S2C,COD10K-CAM-3-Flying-59-Grasshopper-3675.jpg,0.09319361299276352
SINet-v2/S2C,COD10K-CAM-3-Flying-59-Grasshopper-3677.jpg,0.13294370472431183
SINet-v2/S2C,COD10K-CAM-3-Flying-59-Grasshopper-3679.jpg,0.03157665207982063
SINet-v2/S2C,COD10K-CAM-3-Flying-59-Grasshopper-3682.jpg,0.03977295011281967
SINet-v2/S2C,COD10K-CAM-3-Flying-59-Grasshopper-3684.jpg,0.04701683670282364
SINet-v2/S2C,COD10K-CAM-3-Flying-59-Grasshopper-3685.jpg,0.10403650999069214
SINet-v2/S2C,COD10K-CAM-3-Flying-59-Grasshopper-3687.jpg,0.051907408982515335
SINet-v2/S2C,COD10K-CAM-3-Flying-59-Grasshopper-3690.jpg,0.04220462217926979
SINet-v2/S2C,COD10K-CAM-3-Flying-59-Grasshopper-3691.jpg,0.0506366528570652
SINet-v2/S2C,COD10K-CAM-3-Flying-59-Grasshopper-3693.jpg,0.011291611939668655
SINet-v2/S2C,COD10K-CAM-3-Flying-59-Grasshopper-3696.jpg,0.032496947795152664
SINet-v2/S2C,COD10K-CAM-3-Flying-59-Grasshopper-3698.jpg,0.029298756271600723
SINet-v2/S2C,COD10K-CAM-3-Flying-59-Grasshopper-3700.jpg,0.025556841865181923
SINet-v2/S2C,COD10K-CAM-3-Flying-59-Grasshopper-3703.jpg,0.07738219201564789
SINet-v2/S2C,COD10K-CAM-3-Flying-59-Grasshopper-3704.jpg,0.04848439618945122
SINet-v2/S2C,COD10K-CAM-3-Flying-59-Grasshopper-3705.jpg,0.05151031166315079
SINet-v2/S2C,COD10K-CAM-3-Flying-59-Grasshopper-3709.jpg,0.025189068168401718
SINet-v2/S2C,COD10K-CAM-3-Flying-59-Grasshopper-3713.jpg,0.015983954071998596
SINet-v2/S2C,COD10K-CAM-3-Flying-59-Grasshopper-3715.jpg,0.006525860633701086
SINet-v2/S2C,COD10K-CAM-3-Flying-59-Grasshopper-3716.jpg,0.035872187465429306
SINet-v2/S2C,COD10K-CAM-3-Flying-59-Grasshopper-3717.jpg,0.19140595197677612
SINet-v2/S2C,COD10K-CAM-3-Flying-59-Grasshopper-3718.jpg,0.2695882022380829
SINet-v2/S2C,COD10K-CAM-3-Flying-59-Grasshopper-3721.jpg,0.012190819717943668
SINet-v2/S2C,COD10K-CAM-3-Flying-59-Grasshopper-3722.jpg,0.039214782416820526
SINet-v2/S2C,COD10K-CAM-3-Flying-59-Grasshopper-3723.jpg,0.027209224179387093
SINet-v2/S2C,COD10K-CAM-3-Flying-59-Grasshopper-3724.jpg,0.03591909259557724
SINet-v2/S2C,COD10K-CAM-3-Flying-59-Grasshopper-3725.jpg,0.09319882094860077
SINet-v2/S2C,COD10K-CAM-3-Flying-59-Grasshopper-3728.jpg,0.03725505620241165
SINet-v2/S2C,COD10K-CAM-3-Flying-59-Grasshopper-3730.jpg,0.02894621528685093
SINet-v2/S2C,COD10K-CAM-3-Flying-59-Grasshopper-3731.jpg,0.03963503986597061
SINet-v2/S2C,COD10K-CAM-3-Flying-59-Grasshopper-3735.jpg,0.07122302800416946
SINet-v2/S2C,COD10K-CAM-3-Flying-59-Grasshopper-3738.jpg,0.1317191869020462
SINet-v2/S2C,COD10K-CAM-3-Flying-59-Grasshopper-3739.jpg,0.00018588383682072163
SINet-v2/S2C,COD10K-CAM-3-Flying-59-Grasshopper-3742.jpg,0.08874037861824036
SINet-v2/S2C,COD10K-CAM-3-Flying-59-Grasshopper-3743.jpg,0.016794519498944283
SINet-v2/S2C,COD10K-CAM-3-Flying-59-Grasshopper-3746.jpg,0.040416065603494644
SINet-v2/S2C,COD10K-CAM-3-Flying-59-Grasshopper-3748.jpg,0.12987923622131348
SINet-v2/S2C,COD10K-CAM-3-Flying-59-Grasshopper-3749.jpg,0.18473899364471436
SINet-v2/S2C,COD10K-CAM-3-Flying-59-Grasshopper-3750.jpg,0.01744297705590725
SINet-v2/S2C,COD10K-CAM-3-Flying-59-Grasshopper-3751.jpg,0.09714746475219727
SINet-v2/S2C,COD10K-CAM-3-Flying-59-Grasshopper-3752.jpg,0.015290100127458572
SINet-v2/S2C,COD10K-CAM-3-Flying-59-Grasshopper-3753.jpg,0.011259966529905796
SINet-v2/S2C,COD10K-CAM-3-Flying-59-Grasshopper-3754.jpg,0.050306595861911774
SINet-v2/S2C,COD10K-CAM-3-Flying-59-Grasshopper-3755.jpg,0.1323687583208084
SINet-v2/S2C,COD10K-CAM-3-Flying-59-Grasshopper-3757.jpg,0.031835611909627914
SINet-v2/S2C,COD10K-CAM-3-Flying-59-Grasshopper-3763.jpg,0.05269726738333702
SINet-v2/S2C,COD10K-CAM-3-Flying-59-Grasshopper-3765.jpg,0.04196834936738014
SINet-v2/S2C,COD10K-CAM-3-Flying-59-Grasshopper-3766.jpg,0.036425746977329254
SINet-v2/S2C,COD10K-CAM-3-Flying-59-Grasshopper-3767.jpg,0.02779826708137989
SINet-v2/S2C,COD10K-CAM-3-Flying-59-Grasshopper-3770.jpg,0.0059836143627762794
SINet-v2/S2C,COD10K-CAM-3-Flying-59-Grasshopper-3774.jpg,0.026006676256656647
SINet-v2/S2C,COD10K-CAM-3-Flying-59-Grasshopper-3779.jpg,0.16373908519744873
SINet-v2/S2C,COD10K-CAM-3-Flying-59-Grasshopper-3781.jpg,0.055570341646671295
SINet-v2/S2C,COD10K-CAM-3-Flying-59-Grasshopper-3782.jpg,0.03127681463956833
SINet-v2/S2C,COD10K-CAM-3-Flying-59-Grasshopper-3783.jpg,0.05355747789144516
SINet-v2/S2C,COD10K-CAM-3-Flying-59-Grasshopper-3785.jpg,0.03330802544951439
SINet-v2/S2C,COD10K-CAM-3-Flying-59-Grasshopper-3787.jpg,0.03426102176308632
SINet-v2/S2C,COD10K-CAM-3-Flying-59-Grasshopper-3789.jpg,0.06909739226102829
SINet-v2/S2C,COD10K-CAM-3-Flying-59-Grasshopper-3791.jpg,0.19209545850753784
SINet-v2/S2C,COD10K-CAM-3-Flying-59-Grasshopper-3793.jpg,0.25976234674453735
SINet-v2/S2C,COD10K-CAM-3-Flying-59-Grasshopper-3794.jpg,0.06501800566911697
SINet-v2/S2C,COD10K-CAM-3-Flying-59-Grasshopper-3797.jpg,0.09457963705062866
SINet-v2/S2C,COD10K-CAM-3-Flying-59-Grasshopper-3798.jpg,0.05340661108493805
SINet-v2/S2C,COD10K-CAM-3-Flying-59-Grasshopper-3800.jpg,0.11117851734161377
SINet-v2/S2C,COD10K-CAM-3-Flying-59-Grasshopper-3801.jpg,0.14553332328796387
SINet-v2/S2C,COD10K-CAM-3-Flying-59-Grasshopper-3803.jpg,0.015669425949454308
SINet-v2/S2C,COD10K-CAM-3-Flying-59-Grasshopper-3805.jpg,0.021312151104211807
SINet-v2/S2C,COD10K-CAM-3-Flying-59-Grasshopper-3806.jpg,0.04370089992880821
SINet-v2/S2C,COD10K-CAM-3-Flying-59-Grasshopper-3807.jpg,0.029574278742074966
SINet-v2/S2C,COD10K-CAM-3-Flying-59-Grasshopper-3809.jpg,0.042218904942274094
SINet-v2/S2C,COD10K-CAM-3-Flying-59-Grasshopper-3812.jpg,0.03508565202355385
SINet-v2/S2C,COD10K-CAM-3-Flying-59-Grasshopper-3816.jpg,0.060286372900009155
SINet-v2/S2C,COD10K-CAM-3-Flying-59-Grasshopper-3817.jpg,0.12512622773647308
SINet-v2/S2C,COD10K-CAM-3-Flying-59-Grasshopper-3819.jpg,0.015037023462355137
SINet-v2/S2C,COD10K-CAM-3-Flying-59-Grasshopper-3821.jpg,0.1839502453804016
SINet-v2/S2C,COD10K-CAM-3-Flying-59-Grasshopper-3822.jpg,0.027027089148759842
SINet-v2/S2C,COD10K-CAM-3-Flying-59-Grasshopper-3823.jpg,0.04269925504922867
SINet-v2/S2C,COD10K-CAM-3-Flying-59-Grasshopper-3826.jpg,0.11124961078166962
SINet-v2/S2C,COD10K-CAM-3-Flying-59-Grasshopper-3827.jpg,0.02095266617834568
SINet-v2/S2C,COD10K-CAM-3-Flying-59-Grasshopper-3829.jpg,0.027718111872673035
SINet-v2/S2C,COD10K-CAM-3-Flying-59-Grasshopper-3830.jpg,0.004594206344336271
SINet-v2/S2C,COD10K-CAM-3-Flying-59-Grasshopper-3832.jpg,0.037354737520217896
SINet-v2/S2C,COD10K-CAM-3-Flying-59-Grasshopper-3833.jpg,0.033645495772361755
SINet-v2/S2C,COD10K-CAM-3-Flying-59-Grasshopper-3835.jpg,0.04675643891096115
SINet-v2/S2C,COD10K-CAM-3-Flying-59-Grasshopper-3836.jpg,0.024236172437667847
SINet-v2/S2C,COD10K-CAM-3-Flying-59-Grasshopper-3837.jpg,0.028727997094392776
SINet-v2/S2C,COD10K-CAM-3-Flying-59-Grasshopper-3838.jpg,0.017030099406838417
SINet-v2/S2C,COD10K-CAM-3-Flying-59-Grasshopper-3839.jpg,0.04789671674370766
SINet-v2/S2C,COD10K-CAM-3-Flying-59-Grasshopper-3841.jpg,0.030731230974197388
SINet-v2/S2C,COD10K-CAM-3-Flying-59-Grasshopper-3842.jpg,0.04322008043527603
SINet-v2/S2C,COD10K-CAM-3-Flying-59-Grasshopper-3843.jpg,0.18548302352428436
SINet-v2/S2C,COD10K-CAM-3-Flying-59-Grasshopper-3844.jpg,0.03689033165574074
SINet-v2/S2C,COD10K-CAM-3-Flying-59-Grasshopper-3846.jpg,0.03215023875236511
SINet-v2/S2C,COD10K-CAM-3-Flying-59-Grasshopper-3848.jpg,0.023177802562713623
SINet-v2/S2C,COD10K-CAM-3-Flying-59-Grasshopper-3851.jpg,0.005135041661560535
SINet-v2/S2C,COD10K-CAM-3-Flying-59-Grasshopper-3852.jpg,0.016472749412059784
SINet-v2/S2C,COD10K-CAM-3-Flying-59-Grasshopper-3854.jpg,0.03910404071211815
SINet-v2/S2C,COD10K-CAM-3-Flying-59-Grasshopper-3855.jpg,0.02980564534664154
SINet-v2/S2C,COD10K-CAM-3-Flying-59-Grasshopper-3858.jpg,0.07573855668306351
SINet-v2/S2C,COD10K-CAM-3-Flying-59-Grasshopper-3860.jpg,0.022456053644418716
SINet-v2/S2C,COD10K-CAM-3-Flying-59-Grasshopper-3861.jpg,0.013902168720960617
SINet-v2/S2C,COD10K-CAM-3-Flying-59-Grasshopper-3862.jpg,0.02298300340771675
SINet-v2/S2C,COD10K-CAM-3-Flying-59-Grasshopper-3864.jpg,0.01776059903204441
SINet-v2/S2C,COD10K-CAM-3-Flying-59-Grasshopper-3865.jpg,0.07994143664836884
SINet-v2/S2C,COD10K-CAM-3-Flying-59-Grasshopper-3867.jpg,0.05372866243124008
SINet-v2/S2C,COD10K-CAM-3-Flying-59-Grasshopper-3868.jpg,0.05779051035642624
SINet-v2/S2C,COD10K-CAM-3-Flying-59-Grasshopper-3869.jpg,0.07184667885303497
SINet-v2/S2C,COD10K-CAM-3-Flying-59-Grasshopper-3871.jpg,0.0715479925274849
SINet-v2/S2C,COD10K-CAM-3-Flying-59-Grasshopper-3878.jpg,0.053067125380039215
SINet-v2/S2C,COD10K-CAM-3-Flying-59-Grasshopper-3879.jpg,0.024120327085256577
SINet-v2/S2C,COD10K-CAM-3-Flying-60-Heron-3882.jpg,0.06608069688081741
SINet-v2/S2C,COD10K-CAM-3-Flying-60-Heron-3883.jpg,0.08046121895313263
SINet-v2/S2C,COD10K-CAM-3-Flying-60-Heron-3887.jpg,0.042540207505226135
SINet-v2/S2C,COD10K-CAM-3-Flying-60-Heron-3890.jpg,0.08901730179786682
SINet-v2/S2C,COD10K-CAM-3-Flying-60-Heron-3894.jpg,0.020750876516103745
SINet-v2/S2C,COD10K-CAM-3-Flying-60-Heron-3896.jpg,0.014444850385189056
SINet-v2/S2C,COD10K-CAM-3-Flying-60-Heron-3897.jpg,0.04230072349309921
SINet-v2/S2C,COD10K-CAM-3-Flying-60-Heron-3899.jpg,0.032361630350351334
SINet-v2/S2C,COD10K-CAM-3-Flying-60-Heron-3902.jpg,0.015582459978759289
SINet-v2/S2C,COD10K-CAM-3-Flying-60-Heron-3903.jpg,0.020632611587643623
SINet-v2/S2C,COD10K-CAM-3-Flying-60-Heron-3904.jpg,0.06268254667520523
SINet-v2/S2C,COD10K-CAM-3-Flying-60-Heron-3905.jpg,0.02407129667699337
SINet-v2/S2C,COD10K-CAM-3-Flying-60-Heron-3907.jpg,0.04821208119392395
SINet-v2/S2C,COD10K-CAM-3-Flying-60-Heron-3908.jpg,0.0463319793343544
SINet-v2/S2C,COD10K-CAM-3-Flying-60-Heron-3910.jpg,0.00910064484924078
SINet-v2/S2C,COD10K-CAM-3-Flying-60-Heron-3913.jpg,0.04364980384707451
SINet-v2/S2C,COD10K-CAM-3-Flying-60-Heron-3914.jpg,0.014395061880350113
SINet-v2/S2C,COD10K-CAM-3-Flying-60-Heron-3915.jpg,0.004470671992748976
SINet-v2/S2C,COD10K-CAM-3-Flying-60-Heron-3916.jpg,0.010576745495200157
SINet-v2/S2C,COD10K-CAM-3-Flying-60-Heron-3917.jpg,0.014608725905418396
SINet-v2/S2C,COD10K-CAM-3-Flying-60-Heron-3919.jpg,0.024358663707971573
SINet-v2/S2C,COD10K-CAM-3-Flying-60-Heron-3920.jpg,0.01363308448344469
SINet-v2/S2C,COD10K-CAM-3-Flying-60-Heron-3923.jpg,0.0172814279794693
SINet-v2/S2C,COD10K-CAM-3-Flying-60-Heron-3924.jpg,0.012299533933401108
SINet-v2/S2C,COD10K-CAM-3-Flying-60-Heron-3926.jpg,0.032496094703674316
SINet-v2/S2C,COD10K-CAM-3-Flying-60-Heron-3929.jpg,0.014442676678299904
SINet-v2/S2C,COD10K-CAM-3-Flying-60-Heron-3930.jpg,0.0169307142496109
SINet-v2/S2C,COD10K-CAM-3-Flying-60-Heron-3931.jpg,0.04093145206570625
SINet-v2/S2C,COD10K-CAM-3-Flying-60-Heron-3932.jpg,0.005854609422385693
SINet-v2/S2C,COD10K-CAM-3-Flying-60-Heron-3933.jpg,0.016025561839342117
SINet-v2/S2C,COD10K-CAM-3-Flying-61-Katydid-3934.jpg,0.05701187252998352
SINet-v2/S2C,COD10K-CAM-3-Flying-61-Katydid-3935.jpg,0.05644817650318146
SINet-v2/S2C,COD10K-CAM-3-Flying-61-Katydid-3936.jpg,0.1025397777557373
SINet-v2/S2C,COD10K-CAM-3-Flying-61-Katydid-3937.jpg,0.03431180119514465
SINet-v2/S2C,COD10K-CAM-3-Flying-61-Katydid-3938.jpg,0.11705953627824783
SINet-v2/S2C,COD10K-CAM-3-Flying-61-Katydid-3940.jpg,0.05109306424856186
SINet-v2/S2C,COD10K-CAM-3-Flying-61-Katydid-3941.jpg,0.055208247154951096
SINet-v2/S2C,COD10K-CAM-3-Flying-61-Katydid-3943.jpg,0.07076305896043777
SINet-v2/S2C,COD10K-CAM-3-Flying-61-Katydid-3944.jpg,0.07854866981506348
SINet-v2/S2C,COD10K-CAM-3-Flying-61-Katydid-3945.jpg,0.16981683671474457
SINet-v2/S2C,COD10K-CAM-3-Flying-61-Katydid-3946.jpg,0.1765134185552597
SINet-v2/S2C,COD10K-CAM-3-Flying-61-Katydid-3947.jpg,0.1355465054512024
SINet-v2/S2C,COD10K-CAM-3-Flying-61-Katydid-3948.jpg,0.06581766158342361
SINet-v2/S2C,COD10K-CAM-3-Flying-61-Katydid-3953.jpg,0.017259716987609863
SINet-v2/S2C,COD10K-CAM-3-Flying-61-Katydid-3954.jpg,0.046822525560855865
SINet-v2/S2C,COD10K-CAM-3-Flying-61-Katydid-3955.jpg,0.1357366442680359
SINet-v2/S2C,COD10K-CAM-3-Flying-61-Katydid-3957.jpg,0.01774424873292446
SINet-v2/S2C,COD10K-CAM-3-Flying-61-Katydid-3959.jpg,0.08665195852518082
SINet-v2/S2C,COD10K-CAM-3-Flying-61-Katydid-3960.jpg,0.07023145258426666
SINet-v2/S2C,COD10K-CAM-3-Flying-61-Katydid-3961.jpg,0.17964351177215576
SINet-v2/S2C,COD10K-CAM-3-Flying-61-Katydid-3963.jpg,0.09205162525177002
SINet-v2/S2C,COD10K-CAM-3-Flying-61-Katydid-3966.jpg,0.12346397340297699
SINet-v2/S2C,COD10K-CAM-3-Flying-61-Katydid-3967.jpg,0.012447178363800049
SINet-v2/S2C,COD10K-CAM-3-Flying-61-Katydid-3969.jpg,0.10382863879203796
SINet-v2/S2C,COD10K-CAM-3-Flying-61-Katydid-3970.jpg,0.030953403562307358
SINet-v2/S2C,COD10K-CAM-3-Flying-61-Katydid-3972.jpg,0.13303139805793762
SINet-v2/S2C,COD10K-CAM-3-Flying-61-Katydid-3973.jpg,0.10785198211669922
SINet-v2/S2C,COD10K-CAM-3-Flying-61-Katydid-3974.jpg,0.051136698573827744
SINet-v2/S2C,COD10K-CAM-3-Flying-61-Katydid-3975.jpg,0.015364293940365314
SINet-v2/S2C,COD10K-CAM-3-Flying-61-Katydid-3977.jpg,0.05508717894554138
SINet-v2/S2C,COD10K-CAM-3-Flying-61-Katydid-3978.jpg,0.020138556137681007
SINet-v2/S2C,COD10K-CAM-3-Flying-61-Katydid-3981.jpg,0.1017446517944336
SINet-v2/S2C,COD10K-CAM-3-Flying-61-Katydid-3984.jpg,0.02395673841238022
SINet-v2/S2C,COD10K-CAM-3-Flying-61-Katydid-3985.jpg,0.039743270725011826
SINet-v2/S2C,COD10K-CAM-3-Flying-61-Katydid-3986.jpg,0.034672729671001434
SINet-v2/S2C,COD10K-CAM-3-Flying-61-Katydid-3989.jpg,0.11061586439609528
SINet-v2/S2C,COD10K-CAM-3-Flying-61-Katydid-3991.jpg,0.03070232644677162
SINet-v2/S2C,COD10K-CAM-3-Flying-61-Katydid-3992.jpg,0.0163008701056242
SINet-v2/S2C,COD10K-CAM-3-Flying-61-Katydid-3995.jpg,0.1052090972661972
SINet-v2/S2C,COD10K-CAM-3-Flying-61-Katydid-3996.jpg,0.04184086620807648
SINet-v2/S2C,COD10K-CAM-3-Flying-61-Katydid-3997.jpg,0.16504572331905365
SINet-v2/S2C,COD10K-CAM-3-Flying-61-Katydid-3998.jpg,0.07328377664089203
SINet-v2/S2C,COD10K-CAM-3-Flying-61-Katydid-3999.jpg,0.1281072497367859
SINet-v2/S2C,COD10K-CAM-3-Flying-61-Katydid-4000.jpg,0.058236122131347656
SINet-v2/S2C,COD10K-CAM-3-Flying-61-Katydid-4001.jpg,0.13265763223171234
SINet-v2/S2C,COD10K-CAM-3-Flying-61-Katydid-4002.jpg,0.21464824676513672
SINet-v2/S2C,COD10K-CAM-3-Flying-61-Katydid-4005.jpg,0.18368485569953918
SINet-v2/S2C,COD10K-CAM-3-Flying-61-Katydid-4007.jpg,0.14866818487644196
SINet-v2/S2C,COD10K-CAM-3-Flying-61-Katydid-4009.jpg,0.05038682371377945
SINet-v2/S2C,COD10K-CAM-3-Flying-61-Katydid-4010.jpg,0.03526456654071808
SINet-v2/S2C,COD10K-CAM-3-Flying-61-Katydid-4011.jpg,0.0676860511302948
SINet-v2/S2C,COD10K-CAM-3-Flying-61-Katydid-4012.jpg,0.03581782802939415
SINet-v2/S2C,COD10K-CAM-3-Flying-61-Katydid-4013.jpg,0.06680735945701599
SINet-v2/S2C,COD10K-CAM-3-Flying-61-Katydid-4015.jpg,0.13165009021759033
SINet-v2/S2C,COD10K-CAM-3-Flying-61-Katydid-4017.jpg,0.101536326110363
SINet-v2/S2C,COD10K-CAM-3-Flying-61-Katydid-4018.jpg,0.04045198857784271
SINet-v2/S2C,COD10K-CAM-3-Flying-61-Katydid-4019.jpg,0.040445681661367416
SINet-v2/S2C,COD10K-CAM-3-Flying-61-Katydid-4024.jpg,0.08801908791065216
SINet-v2/S2C,COD10K-CAM-3-Flying-61-Katydid-4026.jpg,0.0418272465467453
SINet-v2/S2C,COD10K-CAM-3-Flying-61-Katydid-4028.jpg,0.10646741092205048
SINet-v2/S2C,COD10K-CAM-3-Flying-61-Katydid-4029.jpg,0.10571938753128052
SINet-v2/S2C,COD10K-CAM-3-Flying-61-Katydid-4030.jpg,0.05997215583920479
SINet-v2/S2C,COD10K-CAM-3-Flying-61-Katydid-4031.jpg,0.09152038395404816
SINet-v2/S2C,COD10K-CAM-3-Flying-61-Katydid-4032.jpg,0.017332054674625397
SINet-v2/S2C,COD10K-CAM-3-Flying-61-Katydid-4033.jpg,0.10523645579814911
SINet-v2/S2C,COD10K-CAM-3-Flying-61-Katydid-4034.jpg,0.1742585301399231
SINet-v2/S2C,COD10K-CAM-3-Flying-61-Katydid-4036.jpg,0.06950202584266663
SINet-v2/S2C,COD10K-CAM-3-Flying-61-Katydid-4038.jpg,0.03568731248378754
SINet-v2/S2C,COD10K-CAM-3-Flying-61-Katydid-4039.jpg,0.1044236570596695
SINet-v2/S2C,COD10K-CAM-3-Flying-61-Katydid-4040.jpg,0.09295859932899475
SINet-v2/S2C,COD10K-CAM-3-Flying-61-Katydid-4041.jpg,0.024806300178170204
SINet-v2/S2C,COD10K-CAM-3-Flying-61-Katydid-4043.jpg,0.06740181148052216
SINet-v2/S2C,COD10K-CAM-3-Flying-61-Katydid-4044.jpg,0.03857054188847542
SINet-v2/S2C,COD10K-CAM-3-Flying-61-Katydid-4046.jpg,0.03030584380030632
SINet-v2/S2C,COD10K-CAM-3-Flying-61-Katydid-4048.jpg,0.1770196259021759
SINet-v2/S2C,COD10K-CAM-3-Flying-61-Katydid-4049.jpg,0.08986810594797134
SINet-v2/S2C,COD10K-CAM-3-Flying-61-Katydid-4050.jpg,0.03588605299592018
SINet-v2/S2C,COD10K-CAM-3-Flying-61-Katydid-4052.jpg,0.045801714062690735
SINet-v2/S2C,COD10K-CAM-3-Flying-61-Katydid-4053.jpg,0.08415789902210236
SINet-v2/S2C,COD10K-CAM-3-Flying-61-Katydid-4055.jpg,0.1330033242702484
SINet-v2/S2C,COD10K-CAM-3-Flying-61-Katydid-4056.jpg,0.05211926996707916
SINet-v2/S2C,COD10K-CAM-3-Flying-61-Katydid-4057.jpg,0.04993472993373871
SINet-v2/S2C,COD10K-CAM-3-Flying-61-Katydid-4058.jpg,0.048744119703769684
SINet-v2/S2C,COD10K-CAM-3-Flying-61-Katydid-4061.jpg,0.11688193678855896
SINet-v2/S2C,COD10K-CAM-3-Flying-61-Katydid-4065.jpg,0.04155499488115311
SINet-v2/S2C,COD10K-CAM-3-Flying-61-Katydid-4066.jpg,0.03265638276934624
SINet-v2/S2C,COD10K-CAM-3-Flying-61-Katydid-4067.jpg,0.04088548198342323
SINet-v2/S2C,COD10K-CAM-3-Flying-61-Katydid-4069.jpg,0.027020446956157684
SINet-v2/S2C,COD10K-CAM-3-Flying-61-Katydid-4070.jpg,0.014539170078933239
SINet-v2/S2C,COD10K-CAM-3-Flying-61-Katydid-4071.jpg,0.09455949068069458
SINet-v2/S2C,COD10K-CAM-3-Flying-61-Katydid-4072.jpg,0.14844176173210144
SINet-v2/S2C,COD10K-CAM-3-Flying-61-Katydid-4076.jpg,0.022620704025030136
SINet-v2/S2C,COD10K-CAM-3-Flying-61-Katydid-4078.jpg,0.06960657238960266
SINet-v2/S2C,COD10K-CAM-3-Flying-61-Katydid-4079.jpg,0.09893214702606201
SINet-v2/S2C,COD10K-CAM-3-Flying-61-Katydid-4081.jpg,0.01466081477701664
SINet-v2/S2C,COD10K-CAM-3-Flying-61-Katydid-4083.jpg,0.2323768436908722
SINet-v2/S2C,COD10K-CAM-3-Flying-61-Katydid-4084.jpg,0.016569465398788452
SINet-v2/S2C,COD10K-CAM-3-Flying-61-Katydid-4088.jpg,0.07163619250059128
SINet-v2/S2C,COD10K-CAM-3-Flying-61-Katydid-4089.jpg,0.06188490241765976
SINet-v2/S2C,COD10K-CAM-3-Flying-61-Katydid-4090.jpg,0.04441089928150177
SINet-v2/S2C,COD10K-CAM-3-Flying-61-Katydid-4092.jpg,0.09685124456882477
SINet-v2/S2C,COD10K-CAM-3-Flying-61-Katydid-4095.jpg,0.0969715341925621
SINet-v2/S2C,COD10K-CAM-3-Flying-61-Katydid-4096.jpg,0.0290373545140028
SINet-v2/S2C,COD10K-CAM-3-Flying-61-Katydid-4097.jpg,0.11786462366580963
SINet-v2/S2C,COD10K-CAM-3-Flying-61-Katydid-4098.jpg,0.0686073899269104
SINet-v2/S2C,COD10K-CAM-3-Flying-61-Katydid-4099.jpg,0.04248621687293053
SINet-v2/S2C,COD10K-CAM-3-Flying-61-Katydid-4100.jpg,0.1286279857158661
SINet-v2/S2C,COD10K-CAM-3-Flying-61-Katydid-4103.jpg,0.01502930372953415
SINet-v2/S2C,COD10K-CAM-3-Flying-61-Katydid-4104.jpg,0.021762555465102196
SINet-v2/S2C,COD10K-CAM-3-Flying-61-Katydid-4105.jpg,0.04334558546543121
SINet-v2/S2C,COD10K-CAM-3-Flying-61-Katydid-4106.jpg,0.4263055920600891
SINet-v2/S2C,COD10K-CAM-3-Flying-61-Katydid-4109.jpg,0.038502223789691925
SINet-v2/S2C,COD10K-CAM-3-Flying-61-Katydid-4113.jpg,0.1641058623790741
SINet-v2/S2C,COD10K-CAM-3-Flying-61-Katydid-4114.jpg,0.08369143307209015
SINet-v2/S2C,COD10K-CAM-3-Flying-61-Katydid-4116.jpg,0.055308304727077484
SINet-v2/S2C,COD10K-CAM-3-Flying-61-Katydid-4119.jpg,0.015793340280652046
SINet-v2/S2C,COD10K-CAM-3-Flying-61-Katydid-4120.jpg,0.20205162465572357
SINet-v2/S2C,COD10K-CAM-3-Flying-61-Katydid-4123.jpg,0.02955138497054577
SINet-v2/S2C,COD10K-CAM-3-Flying-61-Katydid-4124.jpg,0.009989829733967781
SINet-v2/S2C,COD10K-CAM-3-Flying-61-Katydid-4127.jpg,0.074393630027771
SINet-v2/S2C,COD10K-CAM-3-Flying-61-Katydid-4128.jpg,0.007519429549574852
SINet-v2/S2C,COD10K-CAM-3-Flying-61-Katydid-4129.jpg,0.11005106568336487
SINet-v2/S2C,COD10K-CAM-3-Flying-61-Katydid-4132.jpg,0.10047098249197006
SINet-v2/S2C,COD10K-CAM-3-Flying-61-Katydid-4134.jpg,0.03808906674385071
SINet-v2/S2C,COD10K-CAM-3-Flying-61-Katydid-4135.jpg,0.10528208315372467
SINet-v2/S2C,COD10K-CAM-3-Flying-61-Katydid-4136.jpg,0.01778346300125122
SINet-v2/S2C,COD10K-CAM-3-Flying-61-Katydid-4137.jpg,0.0351855494081974
SINet-v2/S2C,COD10K-CAM-3-Flying-61-Katydid-4138.jpg,0.016873937100172043
SINet-v2/S2C,COD10K-CAM-3-Flying-61-Katydid-4139.jpg,0.1309693306684494
SINet-v2/S2C,COD10K-CAM-3-Flying-61-Katydid-4140.jpg,0.09445299953222275
SINet-v2/S2C,COD10K-CAM-3-Flying-61-Katydid-4143.jpg,0.03747006133198738
SINet-v2/S2C,COD10K-CAM-3-Flying-61-Katydid-4146.jpg,0.06738189607858658
SINet-v2/S2C,COD10K-CAM-3-Flying-61-Katydid-4148.jpg,0.058480873703956604
SINet-v2/S2C,COD10K-CAM-3-Flying-61-Katydid-4149.jpg,0.029886851087212563
SINet-v2/S2C,COD10K-CAM-3-Flying-61-Katydid-4150.jpg,0.0316033810377121
SINet-v2/S2C,COD10K-CAM-3-Flying-61-Katydid-4151.jpg,0.03208300843834877
SINet-v2/S2C,COD10K-CAM-3-Flying-61-Katydid-4152.jpg,1.0132867097854614
SINet-v2/S2C,COD10K-CAM-3-Flying-61-Katydid-4157.jpg,0.04413015395402908
SINet-v2/S2C,COD10K-CAM-3-Flying-61-Katydid-4158.jpg,0.0913652703166008
SINet-v2/S2C,COD10K-CAM-3-Flying-61-Katydid-4163.jpg,0.0342487171292305
SINet-v2/S2C,COD10K-CAM-3-Flying-61-Katydid-4164.jpg,0.01518512237817049
SINet-v2/S2C,COD10K-CAM-3-Flying-61-Katydid-4165.jpg,0.03874470293521881
SINet-v2/S2C,COD10K-CAM-3-Flying-61-Katydid-4168.jpg,0.2311965674161911
SINet-v2/S2C,COD10K-CAM-3-Flying-61-Katydid-4169.jpg,0.04640758037567139
SINet-v2/S2C,COD10K-CAM-3-Flying-61-Katydid-4170.jpg,0.11479723453521729
SINet-v2/S2C,COD10K-CAM-3-Flying-61-Katydid-4171.jpg,0.12113833427429199
SINet-v2/S2C,COD10K-CAM-3-Flying-61-Katydid-4172.jpg,0.09871894866228104
SINet-v2/S2C,COD10K-CAM-3-Flying-61-Katydid-4175.jpg,0.09891385585069656
SINet-v2/S2C,COD10K-CAM-3-Flying-61-Katydid-4178.jpg,0.15535159409046173
SINet-v2/S2C,COD10K-CAM-3-Flying-61-Katydid-4179.jpg,0.07961796224117279
SINet-v2/S2C,COD10K-CAM-3-Flying-61-Katydid-4181.jpg,0.1447228491306305
SINet-v2/S2C,COD10K-CAM-3-Flying-61-Katydid-4182.jpg,0.06851308792829514
SINet-v2/S2C,COD10K-CAM-3-Flying-61-Katydid-4183.jpg,0.06819078326225281
SINet-v2/S2C,COD10K-CAM-3-Flying-61-Katydid-4184.jpg,0.09664952009916306
SINet-v2/S2C,COD10K-CAM-3-Flying-61-Katydid-4185.jpg,0.4535624384880066
SINet-v2/S2C,COD10K-CAM-3-Flying-61-Katydid-4186.jpg,0.12964244186878204
SINet-v2/S2C,COD10K-CAM-3-Flying-61-Katydid-4187.jpg,0.039747223258018494
SINet-v2/S2C,COD10K-CAM-3-Flying-61-Katydid-4188.jpg,0.1337348371744156
SINet-v2/S2C,COD10K-CAM-3-Flying-61-Katydid-4190.jpg,0.2090556025505066
SINet-v2/S2C,COD10K-CAM-3-Flying-61-Katydid-4192.jpg,0.03985821455717087
SINet-v2/S2C,COD10K-CAM-3-Flying-61-Katydid-4194.jpg,0.1381298452615738
SINet-v2/S2C,COD10K-CAM-3-Flying-61-Katydid-4195.jpg,0.04752044007182121
SINet-v2/S2C,COD10K-CAM-3-Flying-61-Katydid-4197.jpg,0.034233830869197845
SINet-v2/S2C,COD10K-CAM-3-Flying-61-Katydid-4199.jpg,0.018064789474010468
SINet-v2/S2C,COD10K-CAM-3-Flying-61-Katydid-4200.jpg,0.05388351157307625
SINet-v2/S2C,COD10K-CAM-3-Flying-61-Katydid-4202.jpg,0.06082721799612045
SINet-v2/S2C,COD10K-CAM-3-Flying-61-Katydid-4207.jpg,0.05286101996898651
SINet-v2/S2C,COD10K-CAM-3-Flying-61-Katydid-4208.jpg,0.08997415006160736
SINet-v2/S2C,COD10K-CAM-3-Flying-61-Katydid-4210.jpg,0.020235560834407806
SINet-v2/S2C,COD10K-CAM-3-Flying-61-Katydid-4211.jpg,0.0582917258143425
SINet-v2/S2C,COD10K-CAM-3-Flying-61-Katydid-4212.jpg,0.32762157917022705
SINet-v2/S2C,COD10K-CAM-3-Flying-61-Katydid-4213.jpg,0.03808804973959923
SINet-v2/S2C,COD10K-CAM-3-Flying-61-Katydid-4214.jpg,0.04962969198822975
SINet-v2/S2C,COD10K-CAM-3-Flying-61-Katydid-4217.jpg,0.0878690779209137
SINet-v2/S2C,COD10K-CAM-3-Flying-61-Katydid-4223.jpg,0.057308100163936615
SINet-v2/S2C,COD10K-CAM-3-Flying-61-Katydid-4226.jpg,0.013476361520588398
SINet-v2/S2C,COD10K-CAM-3-Flying-61-Katydid-4227.jpg,0.17212381958961487
SINet-v2/S2C,COD10K-CAM-3-Flying-61-Katydid-4233.jpg,0.04372389242053032
SINet-v2/S2C,COD10K-CAM-3-Flying-61-Katydid-4235.jpg,0.04231933876872063
SINet-v2/S2C,COD10K-CAM-3-Flying-61-Katydid-4236.jpg,0.024060141295194626
SINet-v2/S2C,COD10K-CAM-3-Flying-61-Katydid-4239.jpg,0.06212705001235008
SINet-v2/S2C,COD10K-CAM-3-Flying-61-Katydid-4243.jpg,0.010343730449676514
SINet-v2/S2C,COD10K-CAM-3-Flying-62-Mantis-4246.jpg,0.02286090888082981
SINet-v2/S2C,COD10K-CAM-3-Flying-62-Mantis-4249.jpg,0.09939385950565338
SINet-v2/S2C,COD10K-CAM-3-Flying-62-Mantis-4250.jpg,0.024542726576328278
SINet-v2/S2C,COD10K-CAM-3-Flying-62-Mantis-4251.jpg,0.09582510590553284
SINet-v2/S2C,COD10K-CAM-3-Flying-62-Mantis-4252.jpg,0.029015742242336273
SINet-v2/S2C,COD10K-CAM-3-Flying-62-Mantis-4254.jpg,0.17947682738304138
SINet-v2/S2C,COD10K-CAM-3-Flying-62-Mantis-4257.jpg,0.045638568699359894
SINet-v2/S2C,COD10K-CAM-3-Flying-62-Mantis-4259.jpg,0.03156536817550659
SINet-v2/S2C,COD10K-CAM-3-Flying-62-Mantis-4260.jpg,0.08846496045589447
SINet-v2/S2C,COD10K-CAM-3-Flying-62-Mantis-4261.jpg,0.026641104370355606
SINet-v2/S2C,COD10K-CAM-3-Flying-62-Mantis-4263.jpg,0.017723925411701202
SINet-v2/S2C,COD10K-CAM-3-Flying-62-Mantis-4264.jpg,0.016999218612909317
SINet-v2/S2C,COD10K-CAM-3-Flying-62-Mantis-4266.jpg,0.12062541395425797
SINet-v2/S2C,COD10K-CAM-3-Flying-62-Mantis-4267.jpg,0.04898764565587044
SINet-v2/S2C,COD10K-CAM-3-Flying-62-Mantis-4269.jpg,0.0350746251642704
SINet-v2/S2C,COD10K-CAM-3-Flying-62-Mantis-4271.jpg,0.020160231739282608
SINet-v2/S2C,COD10K-CAM-3-Flying-62-Mantis-4273.jpg,0.10195383429527283
SINet-v2/S2C,COD10K-CAM-3-Flying-62-Mantis-4275.jpg,0.07931924611330032
SINet-v2/S2C,COD10K-CAM-3-Flying-62-Mantis-4277.jpg,0.07549824565649033
SINet-v2/S2C,COD10K-CAM-3-Flying-62-Mantis-4280.jpg,0.04693897068500519
SINet-v2/S2C,COD10K-CAM-3-Flying-62-Mantis-4282.jpg,0.06086615473031998
SINet-v2/S2C,COD10K-CAM-3-Flying-62-Mantis-4284.jpg,0.10031136870384216
SINet-v2/S2C,COD10K-CAM-3-Flying-62-Mantis-4286.jpg,0.06451171636581421
SINet-v2/S2C,COD10K-CAM-3-Flying-62-Mantis-4289.jpg,0.02575724571943283
SINet-v2/S2C,COD10K-CAM-3-Flying-62-Mantis-4290.jpg,0.014954406768083572
SINet-v2/S2C,COD10K-CAM-3-Flying-62-Mantis-4291.jpg,0.03218957036733627
SINet-v2/S2C,COD10K-CAM-3-Flying-62-Mantis-4292.jpg,0.04955142363905907
SINet-v2/S2C,COD10K-CAM-3-Flying-62-Mantis-4293.jpg,0.022219158709049225
SINet-v2/S2C,COD10K-CAM-3-Flying-62-Mantis-4294.jpg,0.010033722035586834
SINet-v2/S2C,COD10K-CAM-3-Flying-62-Mantis-4295.jpg,0.0322144590318203
SINet-v2/S2C,COD10K-CAM-3-Flying-62-Mantis-4298.jpg,0.12783001363277435
SINet-v2/S2C,COD10K-CAM-3-Flying-62-Mantis-4299.jpg,0.020162418484687805
SINet-v2/S2C,COD10K-CAM-3-Flying-62-Mantis-4300.jpg,0.018381280824542046
SINet-v2/S2C,COD10K-CAM-3-Flying-62-Mantis-4303.jpg,0.02551543153822422
SINet-v2/S2C,COD10K-CAM-3-Flying-62-Mantis-4304.jpg,0.032381922006607056
SINet-v2/S2C,COD10K-CAM-3-Flying-62-Mantis-4305.jpg,0.0507739782333374
SINet-v2/S2C,COD10K-CAM-3-Flying-62-Mantis-4306.jpg,0.051007796078920364
SINet-v2/S2C,COD10K-CAM-3-Flying-62-Mantis-4309.jpg,0.03982870280742645
SINet-v2/S2C,COD10K-CAM-3-Flying-62-Mantis-4311.jpg,0.032921016216278076
SINet-v2/S2C,COD10K-CAM-3-Flying-62-Mantis-4312.jpg,0.03813501074910164
SINet-v2/S2C,COD10K-CAM-3-Flying-62-Mantis-4317.jpg,0.1608578860759735
SINet-v2/S2C,COD10K-CAM-3-Flying-62-Mantis-4318.jpg,0.012504400685429573
SINet-v2/S2C,COD10K-CAM-3-Flying-62-Mantis-4320.jpg,0.06480676680803299
SINet-v2/S2C,COD10K-CAM-3-Flying-62-Mantis-4322.jpg,0.10418665409088135
SINet-v2/S2C,COD10K-CAM-3-Flying-62-Mantis-4323.jpg,0.10461005568504333
SINet-v2/S2C,COD10K-CAM-3-Flying-62-Mantis-4324.jpg,0.04016517847776413
SINet-v2/S2C,COD10K-CAM-3-Flying-62-Mantis-4326.jpg,0.027260996401309967
SINet-v2/S2C,COD10K-CAM-3-Flying-62-Mantis-4327.jpg,0.09052056819200516
SINet-v2/S2C,COD10K-CAM-3-Flying-62-Mantis-4329.jpg,0.05440643057227135
SINet-v2/S2C,COD10K-CAM-3-Flying-62-Mantis-4331.jpg,0.04562034457921982
SINet-v2/S2C,COD10K-CAM-3-Flying-62-Mantis-4332.jpg,0.11677131056785583
SINet-v2/S2C,COD10K-CAM-3-Flying-62-Mantis-4333.jpg,0.06179645657539368
SINet-v2/S2C,COD10K-CAM-3-Flying-62-Mantis-4334.jpg,0.05906614288687706
SINet-v2/S2C,COD10K-CAM-3-Flying-62-Mantis-4335.jpg,0.06171490252017975
SINet-v2/S2C,COD10K-CAM-3-Flying-62-Mantis-4336.jpg,0.009740197099745274
SINet-v2/S2C,COD10K-CAM-3-Flying-62-Mantis-4337.jpg,0.00960991345345974
SINet-v2/S2C,COD10K-CAM-3-Flying-62-Mantis-4338.jpg,0.022276494652032852
SINet-v2/S2C,COD10K-CAM-3-Flying-62-Mantis-4340.jpg,0.4108841121196747
SINet-v2/S2C,COD10K-CAM-3-Flying-62-Mantis-4343.jpg,0.3474411964416504
SINet-v2/S2C,COD10K-CAM-3-Flying-62-Mantis-4345.jpg,0.02910175733268261
SINet-v2/S2C,COD10K-CAM-3-Flying-62-Mantis-4348.jpg,0.05829742178320885
SINet-v2/S2C,COD10K-CAM-3-Flying-62-Mantis-4351.jpg,0.013695785775780678
SINet-v2/S2C,COD10K-CAM-3-Flying-62-Mantis-4352.jpg,0.06994073837995529
SINet-v2/S2C,COD10K-CAM-3-Flying-62-Mantis-4353.jpg,0.01942409574985504
SINet-v2/S2C,COD10K-CAM-3-Flying-62-Mantis-4354.jpg,0.11602775752544403
SINet-v2/S2C,COD10K-CAM-3-Flying-62-Mantis-4356.jpg,0.09239667654037476
SINet-v2/S2C,COD10K-CAM-3-Flying-62-Mantis-4357.jpg,0.09062285721302032
SINet-v2/S2C,COD10K-CAM-3-Flying-62-Mantis-4365.jpg,0.06439696252346039
SINet-v2/S2C,COD10K-CAM-3-Flying-62-Mantis-4366.jpg,0.0496835857629776
SINet-v2/S2C,COD10K-CAM-3-Flying-62-Mantis-4367.jpg,0.15593957901000977
SINet-v2/S2C,COD10K-CAM-3-Flying-62-Mantis-4368.jpg,0.2227180302143097
SINet-v2/S2C,COD10K-CAM-3-Flying-62-Mantis-4369.jpg,0.04844335466623306
SINet-v2/S2C,COD10K-CAM-3-Flying-62-Mantis-4370.jpg,0.03670233115553856
SINet-v2/S2C,COD10K-CAM-3-Flying-62-Mantis-4371.jpg,0.1319381594657898
SINet-v2/S2C,COD10K-CAM-3-Flying-62-Mantis-4374.jpg,0.03998996317386627
SINet-v2/S2C,COD10K-CAM-3-Flying-62-Mantis-4377.jpg,0.13865059614181519
SINet-v2/S2C,COD10K-CAM-3-Flying-62-Mantis-4379.jpg,0.1299295425415039
SINet-v2/S2C,COD10K-CAM-3-Flying-62-Mantis-4381.jpg,0.03611169010400772
SINet-v2/S2C,COD10K-CAM-3-Flying-62-Mantis-4383.jpg,0.035127926617860794
SINet-v2/S2C,COD10K-CAM-3-Flying-62-Mantis-4385.jpg,0.08952924609184265
SINet-v2/S2C,COD10K-CAM-3-Flying-63-Mockingbird-4388.jpg,0.12965579330921173
SINet-v2/S2C,COD10K-CAM-3-Flying-63-Mockingbird-4390.jpg,0.03929435461759567
SINet-v2/S2C,COD10K-CAM-3-Flying-63-Mockingbird-4391.jpg,0.03485190123319626
SINet-v2/S2C,COD10K-CAM-3-Flying-63-Mockingbird-4393.jpg,0.04499603062868118
SINet-v2/S2C,COD10K-CAM-3-Flying-63-Mockingbird-4394.jpg,0.15062184631824493
SINet-v2/S2C,COD10K-CAM-3-Flying-63-Mockingbird-4395.jpg,0.015821369364857674
SINet-v2/S2C,COD10K-CAM-3-Flying-63-Mockingbird-4396.jpg,0.02938874065876007
SINet-v2/S2C,COD10K-CAM-3-Flying-63-Mockingbird-4397.jpg,0.0695812851190567
SINet-v2/S2C,COD10K-CAM-3-Flying-63-Mockingbird-4398.jpg,0.05686754360795021
SINet-v2/S2C,COD10K-CAM-3-Flying-63-Mockingbird-4399.jpg,0.1203778013586998
SINet-v2/S2C,COD10K-CAM-3-Flying-63-Mockingbird-4400.jpg,0.03978070244193077
SINet-v2/S2C,COD10K-CAM-3-Flying-63-Mockingbird-4401.jpg,0.0032799621112644672
SINet-v2/S2C,COD10K-CAM-3-Flying-63-Mockingbird-4402.jpg,0.004848260898143053
SINet-v2/S2C,COD10K-CAM-3-Flying-63-Mockingbird-4404.jpg,0.022376196458935738
SINet-v2/S2C,COD10K-CAM-3-Flying-63-Mockingbird-4411.jpg,0.039714474231004715
SINet-v2/S2C,COD10K-CAM-3-Flying-63-Mockingbird-4412.jpg,0.0985596776008606
SINet-v2/S2C,COD10K-CAM-3-Flying-63-Mockingbird-4413.jpg,0.12068847566843033
SINet-v2/S2C,COD10K-CAM-3-Flying-63-Mockingbird-4415.jpg,0.014438423328101635
SINet-v2/S2C,COD10K-CAM-3-Flying-63-Mockingbird-4416.jpg,0.0762995034456253
SINet-v2/S2C,COD10K-CAM-3-Flying-63-Mockingbird-4418.jpg,0.06556698679924011
SINet-v2/S2C,COD10K-CAM-3-Flying-63-Mockingbird-4419.jpg,0.06526090204715729
SINet-v2/S2C,COD10K-CAM-3-Flying-63-Mockingbird-4420.jpg,0.08594851195812225
SINet-v2/S2C,COD10K-CAM-3-Flying-63-Mockingbird-4421.jpg,0.13803645968437195
SINet-v2/S2C,COD10K-CAM-3-Flying-63-Mockingbird-4422.jpg,0.1266116052865982
SINet-v2/S2C,COD10K-CAM-3-Flying-63-Mockingbird-4423.jpg,0.026299312710762024
SINet-v2/S2C,COD10K-CAM-3-Flying-63-Mockingbird-4424.jpg,0.07932913303375244
SINet-v2/S2C,COD10K-CAM-3-Flying-63-Mockingbird-4425.jpg,0.040836311876773834
SINet-v2/S2C,COD10K-CAM-3-Flying-64-Moth-4428.jpg,0.19664449989795685
SINet-v2/S2C,COD10K-CAM-3-Flying-64-Moth-4429.jpg,0.044620513916015625
SINet-v2/S2C,COD10K-CAM-3-Flying-64-Moth-4434.jpg,0.030820030719041824
SINet-v2/S2C,COD10K-CAM-3-Flying-64-Moth-4435.jpg,0.03988517075777054
SINet-v2/S2C,COD10K-CAM-3-Flying-64-Moth-4436.jpg,0.02620754763484001
SINet-v2/S2C,COD10K-CAM-3-Flying-64-Moth-4437.jpg,0.030110687017440796
SINet-v2/S2C,COD10K-CAM-3-Flying-64-Moth-4438.jpg,0.012874036096036434
SINet-v2/S2C,COD10K-CAM-3-Flying-64-Moth-4439.jpg,0.01843620464205742
SINet-v2/S2C,COD10K-CAM-3-Flying-64-Moth-4440.jpg,0.007416415493935347
SINet-v2/S2C,COD10K-CAM-3-Flying-64-Moth-4441.jpg,0.044848859310150146
SINet-v2/S2C,COD10K-CAM-3-Flying-64-Moth-4442.jpg,0.06438137590885162
SINet-v2/S2C,COD10K-CAM-3-Flying-64-Moth-4445.jpg,0.16235826909542084
SINet-v2/S2C,COD10K-CAM-3-Flying-64-Moth-4449.jpg,0.05076362565159798
SINet-v2/S2C,COD10K-CAM-3-Flying-64-Moth-4451.jpg,0.025784611701965332
SINet-v2/S2C,COD10K-CAM-3-Flying-64-Moth-4456.jpg,0.06914375722408295
SINet-v2/S2C,COD10K-CAM-3-Flying-64-Moth-4458.jpg,0.13521678745746613
SINet-v2/S2C,COD10K-CAM-3-Flying-64-Moth-4459.jpg,0.037140704691410065
SINet-v2/S2C,COD10K-CAM-3-Flying-64-Moth-4462.jpg,0.013988860882818699
SINet-v2/S2C,COD10K-CAM-3-Flying-64-Moth-4463.jpg,0.018299030140042305
SINet-v2/S2C,COD10K-CAM-3-Flying-64-Moth-4464.jpg,0.024517837911844254
SINet-v2/S2C,COD10K-CAM-3-Flying-64-Moth-4465.jpg,0.050585728138685226
SINet-v2/S2C,COD10K-CAM-3-Flying-64-Moth-4466.jpg,0.05402284860610962
SINet-v2/S2C,COD10K-CAM-3-Flying-64-Moth-4468.jpg,0.027469061315059662
SINet-v2/S2C,COD10K-CAM-3-Flying-64-Moth-4470.jpg,0.03620685264468193
SINet-v2/S2C,COD10K-CAM-3-Flying-64-Moth-4472.jpg,0.038150250911712646
SINet-v2/S2C,COD10K-CAM-3-Flying-64-Moth-4474.jpg,0.038945458829402924
SINet-v2/S2C,COD10K-CAM-3-Flying-64-Moth-4475.jpg,0.06878259778022766
SINet-v2/S2C,COD10K-CAM-3-Flying-64-Moth-4477.jpg,0.041490256786346436
SINet-v2/S2C,COD10K-CAM-3-Flying-64-Moth-4478.jpg,0.01951083540916443
SINet-v2/S2C,COD10K-CAM-3-Flying-64-Moth-4484.jpg,0.010247614234685898
SINet-v2/S2C,COD10K-CAM-3-Flying-64-Moth-4485.jpg,0.0277132336050272
SINet-v2/S2C,COD10K-CAM-3-Flying-64-Moth-4486.jpg,0.025424886494874954
SINet-v2/S2C,COD10K-CAM-3-Flying-64-Moth-4487.jpg,0.13454143702983856
SINet-v2/S2C,COD10K-CAM-3-Flying-64-Moth-4488.jpg,0.017658434808254242
SINet-v2/S2C,COD10K-CAM-3-Flying-64-Moth-4490.jpg,0.03468046709895134
SINet-v2/S2C,COD10K-CAM-3-Flying-64-Moth-4492.jpg,0.01984817162156105
SINet-v2/S2C,COD10K-CAM-3-Flying-64-Moth-4493.jpg,0.019720274955034256
SINet-v2/S2C,COD10K-CAM-3-Flying-64-Moth-4494.jpg,0.05095617473125458
SINet-v2/S2C,COD10K-CAM-3-Flying-64-Moth-4495.jpg,0.04425332322716713
SINet-v2/S2C,COD10K-CAM-3-Flying-64-Moth-4496.jpg,0.03154505044221878
SINet-v2/S2C,COD10K-CAM-3-Flying-64-Moth-4497.jpg,0.02619124948978424
SINet-v2/S2C,COD10K-CAM-3-Flying-64-Moth-4498.jpg,0.037069350481033325
SINet-v2/S2C,COD10K-CAM-3-Flying-64-Moth-4500.jpg,0.06183360517024994
SINet-v2/S2C,COD10K-CAM-3-Flying-64-Moth-4501.jpg,0.008857262320816517
SINet-v2/S2C,COD10K-CAM-3-Flying-64-Moth-4502.jpg,0.0136217400431633
SINet-v2/S2C,COD10K-CAM-3-Flying-64-Moth-4504.jpg,0.010457661002874374
SINet-v2/S2C,COD10K-CAM-3-Flying-64-Moth-4505.jpg,0.06642991304397583
SINet-v2/S2C,COD10K-CAM-3-Flying-64-Moth-4506.jpg,0.012920452281832695
SINet-v2/S2C,COD10K-CAM-3-Flying-64-Moth-4507.jpg,0.038209568709135056
SINet-v2/S2C,COD10K-CAM-3-Flying-65-Owl-4508.jpg,0.052114903926849365
SINet-v2/S2C,COD10K-CAM-3-Flying-65-Owl-4509.jpg,0.050152163952589035
SINet-v2/S2C,COD10K-CAM-3-Flying-65-Owl-4512.jpg,0.0461064949631691
SINet-v2/S2C,COD10K-CAM-3-Flying-65-Owl-4513.jpg,0.07898779213428497
SINet-v2/S2C,COD10K-CAM-3-Flying-65-Owl-4516.jpg,0.040724389255046844
SINet-v2/S2C,COD10K-CAM-3-Flying-65-Owl-4518.jpg,0.0258464552462101
SINet-v2/S2C,COD10K-CAM-3-Flying-65-Owl-4521.jpg,0.046188440173864365
SINet-v2/S2C,COD10K-CAM-3-Flying-65-Owl-4523.jpg,0.030135564506053925
SINet-v2/S2C,COD10K-CAM-3-Flying-65-Owl-4524.jpg,0.15169689059257507
SINet-v2/S2C,COD10K-CAM-3-Flying-65-Owl-4525.jpg,0.02913319133222103
SINet-v2/S2C,COD10K-CAM-3-Flying-65-Owl-4526.jpg,0.012467540800571442
SINet-v2/S2C,COD10K-CAM-3-Flying-65-Owl-4532.jpg,0.08033031970262527
SINet-v2/S2C,COD10K-CAM-3-Flying-65-Owl-4538.jpg,0.09519455581903458
SINet-v2/S2C,COD10K-CAM-3-Flying-65-Owl-4539.jpg,0.037634510546922684
SINet-v2/S2C,COD10K-CAM-3-Flying-65-Owl-4541.jpg,0.05809421092271805
SINet-v2/S2C,COD10K-CAM-3-Flying-65-Owl-4542.jpg,0.07575541734695435
SINet-v2/S2C,COD10K-CAM-3-Flying-65-Owl-4544.jpg,0.0701199620962143
SINet-v2/S2C,COD10K-CAM-3-Flying-65-Owl-4545.jpg,0.039074741303920746
SINet-v2/S2C,COD10K-CAM-3-Flying-65-Owl-4546.jpg,0.06076842546463013
SINet-v2/S2C,COD10K-CAM-3-Flying-65-Owl-4547.jpg,0.022624995559453964
SINet-v2/S2C,COD10K-CAM-3-Flying-65-Owl-4548.jpg,0.0999908596277237
SINet-v2/S2C,COD10K-CAM-3-Flying-65-Owl-4549.jpg,0.06370332092046738
SINet-v2/S2C,COD10K-CAM-3-Flying-65-Owl-4551.jpg,0.03617481514811516
SINet-v2/S2C,COD10K-CAM-3-Flying-65-Owl-4552.jpg,0.06901609897613525
SINet-v2/S2C,COD10K-CAM-3-Flying-65-Owl-4554.jpg,0.026566961780190468
SINet-v2/S2C,COD10K-CAM-3-Flying-65-Owl-4557.jpg,0.192068949341774
SINet-v2/S2C,COD10K-CAM-3-Flying-65-Owl-4559.jpg,0.029073046520352364
SINet-v2/S2C,COD10K-CAM-3-Flying-65-Owl-4560.jpg,0.04882393777370453
SINet-v2/S2C,COD10K-CAM-3-Flying-65-Owl-4562.jpg,0.0267484150826931
SINet-v2/S2C,COD10K-CAM-3-Flying-65-Owl-4566.jpg,0.03883388638496399
SINet-v2/S2C,COD10K-CAM-3-Flying-65-Owl-4567.jpg,0.03642430901527405
SINet-v2/S2C,COD10K-CAM-3-Flying-65-Owl-4568.jpg,0.028394373133778572
SINet-v2/S2C,COD10K-CAM-3-Flying-65-Owl-4570.jpg,0.02863418497145176
SINet-v2/S2C,COD10K-CAM-3-Flying-65-Owl-4571.jpg,0.01860566809773445
SINet-v2/S2C,COD10K-CAM-3-Flying-65-Owl-4572.jpg,0.09424099326133728
SINet-v2/S2C,COD10K-CAM-3-Flying-65-Owl-4576.jpg,0.006057580467313528
SINet-v2/S2C,COD10K-CAM-3-Flying-65-Owl-4579.jpg,0.0295452568680048
SINet-v2/S2C,COD10K-CAM-3-Flying-65-Owl-4581.jpg,0.10397336632013321
SINet-v2/S2C,COD10K-CAM-3-Flying-65-Owl-4582.jpg,0.008702477440237999
SINet-v2/S2C,COD10K-CAM-3-Flying-65-Owl-4583.jpg,0.04550808668136597
SINet-v2/S2C,COD10K-CAM-3-Flying-65-Owl-4585.jpg,0.01497877947986126
SINet-v2/S2C,COD10K-CAM-3-Flying-65-Owl-4589.jpg,0.08012114465236664
SINet-v2/S2C,COD10K-CAM-3-Flying-65-Owl-4590.jpg,0.037484534084796906
SINet-v2/S2C,COD10K-CAM-3-Flying-65-Owl-4592.jpg,0.025183171033859253
SINet-v2/S2C,COD10K-CAM-3-Flying-65-Owl-4594.jpg,0.12133489549160004
SINet-v2/S2C,COD10K-CAM-3-Flying-65-Owl-4595.jpg,0.03230297937989235
SINet-v2/S2C,COD10K-CAM-3-Flying-65-Owl-4596.jpg,0.023978983983397484
SINet-v2/S2C,COD10K-CAM-3-Flying-65-Owl-4598.jpg,0.04928067326545715
SINet-v2/S2C,COD10K-CAM-3-Flying-65-Owl-4600.jpg,0.031836654990911484
SINet-v2/S2C,COD10K-CAM-3-Flying-65-Owl-4601.jpg,0.08448413759469986
SINet-v2/S2C,COD10K-CAM-3-Flying-65-Owl-4602.jpg,0.0372430682182312
SINet-v2/S2C,COD10K-CAM-3-Flying-65-Owl-4603.jpg,0.026200396940112114
SINet-v2/S2C,COD10K-CAM-3-Flying-65-Owl-4605.jpg,0.06245098263025284
SINet-v2/S2C,COD10K-CAM-3-Flying-65-Owl-4606.jpg,0.025179611518979073
SINet-v2/S2C,COD10K-CAM-3-Flying-65-Owl-4607.jpg,0.029217589646577835
SINet-v2/S2C,COD10K-CAM-3-Flying-65-Owl-4610.jpg,0.005061055533587933
SINet-v2/S2C,COD10K-CAM-3-Flying-65-Owl-4612.jpg,0.09300083667039871
SINet-v2/S2C,COD10K-CAM-3-Flying-65-Owl-4614.jpg,0.055325139313936234
SINet-v2/S2C,COD10K-CAM-3-Flying-65-Owl-4616.jpg,0.025025807321071625
SINet-v2/S2C,COD10K-CAM-3-Flying-65-Owl-4617.jpg,0.02962424047291279
SINet-v2/S2C,COD10K-CAM-3-Flying-65-Owl-4619.jpg,0.008691204711794853
SINet-v2/S2C,COD10K-CAM-3-Flying-65-Owl-4621.jpg,0.04819406569004059
SINet-v2/S2C,COD10K-CAM-3-Flying-65-Owl-4622.jpg,0.12527097761631012
SINet-v2/S2C,COD10K-CAM-3-Flying-65-Owl-4623.jpg,0.014526799321174622
SINet-v2/S2C,COD10K-CAM-3-Flying-65-Owl-4624.jpg,0.042933326214551926
SINet-v2/S2C,COD10K-CAM-3-Flying-65-Owl-4625.jpg,0.013233513571321964
SINet-v2/S2C,COD10K-CAM-3-Flying-65-Owl-4628.jpg,0.08108233660459518
SINet-v2/S2C,COD10K-CAM-3-Flying-65-Owl-4629.jpg,0.14048627018928528
SINet-v2/S2C,COD10K-CAM-3-Flying-65-Owl-4630.jpg,0.017885837703943253
SINet-v2/S2C,COD10K-CAM-3-Flying-65-Owl-4631.jpg,0.02002588100731373
SINet-v2/S2C,COD10K-CAM-3-Flying-65-Owl-4634.jpg,0.01667742244899273
SINet-v2/S2C,COD10K-CAM-3-Flying-65-Owl-4636.jpg,0.0187612883746624
SINet-v2/S2C,COD10K-CAM-3-Flying-65-Owl-4637.jpg,0.0979776382446289
SINet-v2/S2C,COD10K-CAM-3-Flying-65-Owl-4639.jpg,0.014200461097061634
SINet-v2/S2C,COD10K-CAM-3-Flying-65-Owl-4642.jpg,0.024766331538558006
SINet-v2/S2C,COD10K-CAM-3-Flying-65-Owl-4643.jpg,0.022102847695350647
SINet-v2/S2C,COD10K-CAM-3-Flying-65-Owl-4649.jpg,0.04490772634744644
SINet-v2/S2C,COD10K-CAM-3-Flying-65-Owl-4651.jpg,0.0980818122625351
SINet-v2/S2C,COD10K-CAM-3-Flying-65-Owl-4652.jpg,0.019743604585528374
SINet-v2/S2C,COD10K-CAM-3-Flying-65-Owl-4653.jpg,0.05383167415857315
SINet-v2/S2C,COD10K-CAM-3-Flying-65-Owl-4655.jpg,0.05152656137943268
SINet-v2/S2C,COD10K-CAM-3-Flying-65-Owl-4657.jpg,0.10275967419147491
SINet-v2/S2C,COD10K-CAM-3-Flying-65-Owl-4658.jpg,0.0075243697501719
SINet-v2/S2C,COD10K-CAM-3-Flying-65-Owl-4661.jpg,0.03110393136739731
SINet-v2/S2C,COD10K-CAM-3-Flying-65-Owl-4663.jpg,0.06585846841335297
SINet-v2/S2C,COD10K-CAM-3-Flying-65-Owl-4664.jpg,0.041476473212242126
SINet-v2/S2C,COD10K-CAM-3-Flying-65-Owl-4665.jpg,0.02370154671370983
SINet-v2/S2C,COD10K-CAM-3-Flying-66-Owlfly-4667.jpg,0.020075909793376923
SINet-v2/S2C,COD10K-CAM-3-Flying-66-Owlfly-4670.jpg,0.0075334589928388596
SINet-v2/S2C,COD10K-CAM-3-Flying-66-Owlfly-4671.jpg,0.0032795032020658255
SINet-v2/S2C,COD10K-CAM-3-Flying-66-Owlfly-4672.jpg,0.04154948890209198
SINet-v2/S2C,COD10K-CAM-3-Flying-66-Owlfly-4673.jpg,0.03879154473543167
SINet-v2/S2C,COD10K-CAM-3-Flying-66-Owlfly-4675.jpg,0.02041669189929962
SINet-v2/S2C,COD10K-CAM-3-Flying-66-Owlfly-4678.jpg,0.06646182388067245
SINet-v2/S2C,COD10K-CAM-4-Amphibian-67-Frog-4680.jpg,0.1101984828710556
SINet-v2/S2C,COD10K-CAM-4-Amphibian-67-Frog-4681.jpg,0.014267578721046448
SINet-v2/S2C,COD10K-CAM-4-Amphibian-67-Frog-4682.jpg,0.04869716614484787
SINet-v2/S2C,COD10K-CAM-4-Amphibian-67-Frog-4683.jpg,0.00833035260438919
SINet-v2/S2C,COD10K-CAM-4-Amphibian-67-Frog-4684.jpg,0.035242095589637756
SINet-v2/S2C,COD10K-CAM-4-Amphibian-67-Frog-4685.jpg,0.027325494214892387
SINet-v2/S2C,COD10K-CAM-4-Amphibian-67-Frog-4686.jpg,0.09312746673822403
SINet-v2/S2C,COD10K-CAM-4-Amphibian-67-Frog-4687.jpg,0.04984263703227043
SINet-v2/S2C,COD10K-CAM-4-Amphibian-67-Frog-4688.jpg,0.01667116768658161
SINet-v2/S2C,COD10K-CAM-4-Amphibian-67-Frog-4689.jpg,0.020702874287962914
SINet-v2/S2C,COD10K-CAM-4-Amphibian-67-Frog-4690.jpg,0.06631321460008621
SINet-v2/S2C,COD10K-CAM-4-Amphibian-67-Frog-4691.jpg,0.020775653421878815
SINet-v2/S2C,COD10K-CAM-4-Amphibian-67-Frog-4692.jpg,0.023833559826016426
SINet-v2/S2C,COD10K-CAM-4-Amphibian-67-Frog-4693.jpg,0.04918193072080612
SINet-v2/S2C,COD10K-CAM-4-Amphibian-67-Frog-4695.jpg,0.12809154391288757
SINet-v2/S2C,COD10K-CAM-4-Amphibian-67-Frog-4696.jpg,0.01733250543475151
SINet-v2/S2C,COD10K-CAM-4-Amphibian-67-Frog-4697.jpg,0.25135016441345215
SINet-v2/S2C,COD10K-CAM-4-Amphibian-67-Frog-4698.jpg,0.038089003413915634
SINet-v2/S2C,COD10K-CAM-4-Amphibian-67-Frog-4699.jpg,0.0427309051156044
SINet-v2/S2C,COD10K-CAM-4-Amphibian-67-Frog-4700.jpg,0.07858208566904068
SINet-v2/S2C,COD10K-CAM-4-Amphibian-67-Frog-4703.jpg,0.14753074944019318
SINet-v2/S2C,COD10K-CAM-4-Amphibian-67-Frog-4704.jpg,0.006527174264192581
SINet-v2/S2C,COD10K-CAM-4-Amphibian-67-Frog-4705.jpg,0.02797875739634037
SINet-v2/S2C,COD10K-CAM-4-Amphibian-67-Frog-4708.jpg,0.06277895718812943
SINet-v2/S2C,COD10K-CAM-4-Amphibian-67-Frog-4709.jpg,0.03355196863412857
SINet-v2/S2C,COD10K-CAM-4-Amphibian-67-Frog-4710.jpg,0.0224620271474123
SINet-v2/S2C,COD10K-CAM-4-Amphibian-67-Frog-4712.jpg,0.03458845615386963
SINet-v2/S2C,COD10K-CAM-4-Amphibian-67-Frog-4713.jpg,0.019427314400672913
SINet-v2/S2C,COD10K-CAM-4-Amphibian-67-Frog-4715.jpg,0.019241344183683395
SINet-v2/S2C,COD10K-CAM-4-Amphibian-67-Frog-4716.jpg,0.02321408875286579
SINet-v2/S2C,COD10K-CAM-4-Amphibian-67-Frog-4717.jpg,0.02749546989798546
SINet-v2/S2C,COD10K-CAM-4-Amphibian-67-Frog-4720.jpg,0.06309320032596588
SINet-v2/S2C,COD10K-CAM-4-Amphibian-67-Frog-4722.jpg,0.04007052630186081
SINet-v2/S2C,COD10K-CAM-4-Amphibian-67-Frog-4723.jpg,0.03620905056595802
SINet-v2/S2C,COD10K-CAM-4-Amphibian-67-Frog-4724.jpg,0.018486175686120987
SINet-v2/S2C,COD10K-CAM-4-Amphibian-67-Frog-4725.jpg,0.042846065014600754
SINet-v2/S2C,COD10K-CAM-4-Amphibian-67-Frog-4726.jpg,0.02147860825061798
SINet-v2/S2C,COD10K-CAM-4-Amphibian-67-Frog-4727.jpg,0.013907032087445259
SINet-v2/S2C,COD10K-CAM-4-Amphibian-67-Frog-4730.jpg,0.027848999947309494
SINet-v2/S2C,COD10K-CAM-4-Amphibian-67-Frog-4731.jpg,0.03410746529698372
SINet-v2/S2C,COD10K-CAM-4-Amphibian-67-Frog-4734.jpg,0.05663124471902847
SINet-v2/S2C,COD10K-CAM-4-Amphibian-67-Frog-4735.jpg,0.03965994343161583
SINet-v2/S2C,COD10K-CAM-4-Amphibian-67-Frog-4736.jpg,0.004873049445450306
SINet-v2/S2C,COD10K-CAM-4-Amphibian-67-Frog-4737.jpg,0.049295634031295776
SINet-v2/S2C,COD10K-CAM-4-Amphibian-67-Frog-4741.jpg,0.09864206612110138
SINet-v2/S2C,COD10K-CAM-4-Amphibian-67-Frog-4743.jpg,0.012841681018471718
SINet-v2/S2C,COD10K-CAM-4-Amphibian-67-Frog-4744.jpg,0.01849043183028698
SINet-v2/S2C,COD10K-CAM-4-Amphibian-67-Frog-4745.jpg,0.015947626903653145
SINet-v2/S2C,COD10K-CAM-4-Amphibian-67-Frog-4746.jpg,0.028175877407193184
SINet-v2/S2C,COD10K-CAM-4-Amphibian-67-Frog-4747.jpg,0.006414672359824181
SINet-v2/S2C,COD10K-CAM-4-Amphibian-67-Frog-4749.jpg,0.0140436552464962
SINet-v2/S2C,COD10K-CAM-4-Amphibian-67-Frog-4750.jpg,0.025877993553876877
SINet-v2/S2C,COD10K-CAM-4-Amphibian-67-Frog-4753.jpg,0.02493799850344658
SINet-v2/S2C,COD10K-CAM-4-Amphibian-67-Frog-4757.jpg,0.07644384354352951
SINet-v2/S2C,COD10K-CAM-4-Amphibian-67-Frog-4758.jpg,0.021404001861810684
SINet-v2/S2C,COD10K-CAM-4-Amphibian-67-Frog-4760.jpg,0.06209973990917206
SINet-v2/S2C,COD10K-CAM-4-Amphibian-67-Frog-4761.jpg,0.04966418817639351
SINet-v2/S2C,COD10K-CAM-4-Amphibian-67-Frog-4762.jpg,0.21389225125312805
SINet-v2/S2C,COD10K-CAM-4-Amphibian-67-Frog-4765.jpg,0.008698329329490662
SINet-v2/S2C,COD10K-CAM-4-Amphibian-67-Frog-4766.jpg,0.017116297036409378
SINet-v2/S2C,COD10K-CAM-4-Amphibian-67-Frog-4767.jpg,0.01458040438592434
SINet-v2/S2C,COD10K-CAM-4-Amphibian-67-Frog-4769.jpg,0.20532400906085968
SINet-v2/S2C,COD10K-CAM-4-Amphibian-67-Frog-4770.jpg,0.05945456773042679
SINet-v2/S2C,COD10K-CAM-4-Amphibian-67-Frog-4771.jpg,0.07335437834262848
SINet-v2/S2C,COD10K-CAM-4-Amphibian-67-Frog-4772.jpg,0.02139582298696041
SINet-v2/S2C,COD10K-CAM-4-Amphibian-67-Frog-4778.jpg,0.035565849393606186
SINet-v2/S2C,COD10K-CAM-4-Amphibian-67-Frog-4779.jpg,0.10410650819540024
SINet-v2/S2C,COD10K-CAM-4-Amphibian-67-Frog-4780.jpg,0.09481433033943176
SINet-v2/S2C,COD10K-CAM-4-Amphibian-67-Frog-4785.jpg,0.018454108387231827
SINet-v2/S2C,COD10K-CAM-4-Amphibian-67-Frog-4786.jpg,0.01689801923930645
SINet-v2/S2C,COD10K-CAM-4-Amphibian-67-Frog-4788.jpg,0.04512614756822586
SINet-v2/S2C,COD10K-CAM-4-Amphibian-67-Frog-4789.jpg,0.05499901622533798
SINet-v2/S2C,COD10K-CAM-4-Amphibian-67-Frog-4790.jpg,0.01304742880165577
SINet-v2/S2C,COD10K-CAM-4-Amphibian-67-Frog-4791.jpg,0.025959575548768044
SINet-v2/S2C,COD10K-CAM-4-Amphibian-67-Frog-4792.jpg,0.010428776033222675
SINet-v2/S2C,COD10K-CAM-4-Amphibian-67-Frog-4794.jpg,0.017858875915408134
SINet-v2/S2C,COD10K-CAM-4-Amphibian-67-Frog-4797.jpg,0.14490044116973877
SINet-v2/S2C,COD10K-CAM-4-Amphibian-67-Frog-4798.jpg,0.06665927171707153
SINet-v2/S2C,COD10K-CAM-4-Amphibian-67-Frog-4799.jpg,0.010089261457324028
SINet-v2/S2C,COD10K-CAM-4-Amphibian-67-Frog-4801.jpg,0.023440377786755562
SINet-v2/S2C,COD10K-CAM-4-Amphibian-67-Frog-4802.jpg,0.011109128594398499
SINet-v2/S2C,COD10K-CAM-4-Amphibian-67-Frog-4804.jpg,0.14974024891853333
SINet-v2/S2C,COD10K-CAM-4-Amphibian-68-Toad-4805.jpg,0.031277015805244446
SINet-v2/S2C,COD10K-CAM-4-Amphibian-68-Toad-4806.jpg,0.04935593158006668
SINet-v2/S2C,COD10K-CAM-4-Amphibian-68-Toad-4807.jpg,0.09981332719326019
SINet-v2/S2C,COD10K-CAM-4-Amphibian-68-Toad-4810.jpg,0.11712269484996796
SINet-v2/S2C,COD10K-CAM-4-Amphibian-68-Toad-4811.jpg,0.12216998636722565
SINet-v2/S2C,COD10K-CAM-4-Amphibian-68-Toad-4812.jpg,0.049759551882743835
SINet-v2/S2C,COD10K-CAM-4-Amphibian-68-Toad-4814.jpg,0.033275533467531204
SINet-v2/S2C,COD10K-CAM-4-Amphibian-68-Toad-4815.jpg,0.011786251328885555
SINet-v2/S2C,COD10K-CAM-4-Amphibian-68-Toad-4816.jpg,0.016349641606211662
SINet-v2/S2C,COD10K-CAM-4-Amphibian-68-Toad-4817.jpg,0.0631026178598404
SINet-v2/S2C,COD10K-CAM-4-Amphibian-68-Toad-4819.jpg,0.036750633269548416
SINet-v2/S2C,COD10K-CAM-4-Amphibian-68-Toad-4820.jpg,0.012396596372127533
SINet-v2/S2C,COD10K-CAM-4-Amphibian-68-Toad-4822.jpg,0.05944161117076874
SINet-v2/S2C,COD10K-CAM-4-Amphibian-68-Toad-4823.jpg,0.08148295432329178
SINet-v2/S2C,COD10K-CAM-4-Amphibian-68-Toad-4824.jpg,0.04288296774029732
SINet-v2/S2C,COD10K-CAM-4-Amphibian-68-Toad-4825.jpg,0.14653673768043518
SINet-v2/S2C,COD10K-CAM-4-Amphibian-68-Toad-4827.jpg,0.033991504460573196
SINet-v2/S2C,COD10K-CAM-4-Amphibian-68-Toad-4829.jpg,0.05849987268447876
SINet-v2/S2C,COD10K-CAM-4-Amphibian-68-Toad-4830.jpg,0.03239741921424866
SINet-v2/S2C,COD10K-CAM-4-Amphibian-68-Toad-4832.jpg,0.014252286404371262
SINet-v2/S2C,COD10K-CAM-4-Amphibian-68-Toad-4833.jpg,0.04726611077785492
SINet-v2/S2C,COD10K-CAM-4-Amphibian-68-Toad-4834.jpg,0.043472882360219955
SINet-v2/S2C,COD10K-CAM-4-Amphibian-68-Toad-4835.jpg,0.011664113961160183
SINet-v2/S2C,COD10K-CAM-4-Amphibian-68-Toad-4837.jpg,0.028194373473525047
SINet-v2/S2C,COD10K-CAM-4-Amphibian-68-Toad-4840.jpg,0.0947943925857544
SINet-v2/S2C,COD10K-CAM-4-Amphibian-68-Toad-4843.jpg,0.013985473662614822
SINet-v2/S2C,COD10K-CAM-4-Amphibian-68-Toad-4844.jpg,0.06195679306983948
SINet-v2/S2C,COD10K-CAM-4-Amphibian-68-Toad-4845.jpg,0.018658988177776337
SINet-v2/S2C,COD10K-CAM-4-Amphibian-68-Toad-4846.jpg,0.06330668926239014
SINet-v2/S2C,COD10K-CAM-4-Amphibian-68-Toad-4847.jpg,0.010689117014408112
SINet-v2/S2C,COD10K-CAM-4-Amphibian-68-Toad-4848.jpg,0.01114552840590477
SINet-v2/S2C,COD10K-CAM-4-Amphibian-68-Toad-4849.jpg,0.014006052166223526
SINet-v2/S2C,COD10K-CAM-4-Amphibian-68-Toad-4851.jpg,0.02633082866668701
SINet-v2/S2C,COD10K-CAM-4-Amphibian-68-Toad-4852.jpg,0.032735567539930344
SINet-v2/S2C,COD10K-CAM-4-Amphibian-68-Toad-4854.jpg,0.03470552712678909
SINet-v2/S2C,COD10K-CAM-4-Amphibian-68-Toad-4855.jpg,0.06124236434698105
SINet-v2/S2C,COD10K-CAM-4-Amphibian-68-Toad-4857.jpg,0.047147318720817566
SINet-v2/S2C,COD10K-CAM-4-Amphibian-68-Toad-4858.jpg,0.008360377512872219
SINet-v2/S2C,COD10K-CAM-4-Amphibian-68-Toad-4859.jpg,0.013675225898623466
SINet-v2/S2C,COD10K-CAM-4-Amphibian-68-Toad-4860.jpg,0.03567046672105789
SINet-v2/S2C,COD10K-CAM-4-Amphibian-68-Toad-4862.jpg,0.019028980284929276
SINet-v2/S2C,COD10K-CAM-4-Amphibian-68-Toad-4864.jpg,0.007069355342537165
SINet-v2/S2C,COD10K-CAM-4-Amphibian-68-Toad-4865.jpg,0.10205978900194168
SINet-v2/S2C,COD10K-CAM-4-Amphibian-68-Toad-4866.jpg,0.027986517176032066
SINet-v2/S2C,COD10K-CAM-4-Amphibian-68-Toad-4868.jpg,0.00708383321762085
SINet-v2/S2C,COD10K-CAM-4-Amphibian-68-Toad-4869.jpg,0.007027466781437397
SINet-v2/S2C,COD10K-CAM-4-Amphibian-68-Toad-4870.jpg,0.03729558363556862
SINet-v2/S2C,COD10K-CAM-4-Amphibian-68-Toad-4871.jpg,0.04980868101119995
SINet-v2/S2C,COD10K-CAM-4-Amphibian-68-Toad-4874.jpg,0.02677953988313675
SINet-v2/S2C,COD10K-CAM-4-Amphibian-68-Toad-4875.jpg,0.01648317649960518
SINet-v2/S2C,COD10K-CAM-4-Amphibian-68-Toad-4878.jpg,0.02471468597650528
SINet-v2/S2C,COD10K-CAM-4-Amphibian-68-Toad-4879.jpg,0.013108182698488235
SINet-v2/S2C,COD10K-CAM-4-Amphibian-68-Toad-4880.jpg,0.012748170644044876
SINet-v2/S2C,COD10K-CAM-4-Amphibian-68-Toad-4882.jpg,0.044082656502723694
SINet-v2/S2C,COD10K-CAM-4-Amphibian-68-Toad-4884.jpg,0.038006074726581573
SINet-v2/S2C,COD10K-CAM-4-Amphibian-68-Toad-4885.jpg,0.0602027028799057
SINet-v2/S2C,COD10K-CAM-4-Amphibian-68-Toad-4888.jpg,0.026361508294939995
SINet-v2/S2C,COD10K-CAM-4-Amphibian-68-Toad-4889.jpg,0.02104737050831318
SINet-v2/S2C,COD10K-CAM-4-Amphibian-68-Toad-4890.jpg,0.12018167972564697
SINet-v2/S2C,COD10K-CAM-4-Amphibian-68-Toad-4892.jpg,0.03917012736201286
SINet-v2/S2C,COD10K-CAM-4-Amphibian-68-Toad-4893.jpg,0.2314201444387436
SINet-v2/S2C,COD10K-CAM-4-Amphibian-68-Toad-4894.jpg,0.05692572891712189
SINet-v2/S2C,COD10K-CAM-4-Amphibian-68-Toad-4895.jpg,0.022899705916643143
SINet-v2/S2C,COD10K-CAM-4-Amphibian-68-Toad-4897.jpg,0.0305471271276474
SINet-v2/S2C,COD10K-CAM-4-Amphibian-68-Toad-4898.jpg,0.03068891540169716
SINet-v2/S2C,COD10K-CAM-4-Amphibian-68-Toad-4901.jpg,0.04788251966238022
SINet-v2/S2C,COD10K-CAM-4-Amphibian-68-Toad-4902.jpg,0.02702373079955578
SINet-v2/S2C,COD10K-CAM-4-Amphibian-68-Toad-4906.jpg,0.052009861916303635
SINet-v2/S2C,COD10K-CAM-4-Amphibian-68-Toad-4907.jpg,0.03692431002855301
SINet-v2/S2C,COD10K-CAM-4-Amphibian-68-Toad-4911.jpg,0.017027251422405243
SINet-v2/S2C,COD10K-CAM-4-Amphibian-68-Toad-4915.jpg,0.052130211144685745
SINet-v2/S2C,COD10K-CAM-4-Amphibian-68-Toad-4916.jpg,0.009319568984210491
SINet-v2/S2C,COD10K-CAM-4-Amphibian-68-Toad-4918.jpg,0.037980154156684875
SINet-v2/S2C,COD10K-CAM-4-Amphibian-68-Toad-4919.jpg,0.019914090633392334
SINet-v2/S2C,COD10K-CAM-4-Amphibian-68-Toad-4920.jpg,0.0448637492954731
SINet-v2/S2C,COD10K-CAM-4-Amphibian-68-Toad-4922.jpg,0.046260904520750046
SINet-v2/S2C,COD10K-CAM-4-Amphibian-68-Toad-4924.jpg,0.03994162380695343
SINet-v2/S2C,COD10K-CAM-4-Amphibian-68-Toad-4925.jpg,0.1342095285654068
SINet-v2/S2C,COD10K-CAM-4-Amphibian-68-Toad-4927.jpg,0.03975175693631172
SINet-v2/S2C,COD10K-CAM-4-Amphibian-68-Toad-4928.jpg,0.039988212287425995
SINet-v2/S2C,COD10K-CAM-4-Amphibian-68-Toad-4930.jpg,0.06406188011169434
SINet-v2/S2C,COD10K-CAM-4-Amphibian-68-Toad-4931.jpg,0.02584443800151348
SINet-v2/S2C,COD10K-CAM-4-Amphibian-68-Toad-4932.jpg,0.01322107668966055
SINet-v2/S2C,COD10K-CAM-4-Amphibian-68-Toad-4933.jpg,0.03417437523603439
SINet-v2/S2C,COD10K-CAM-4-Amphibian-68-Toad-4934.jpg,0.02100576087832451
SINet-v2/S2C,COD10K-CAM-4-Amphibian-68-Toad-4935.jpg,0.029180826619267464
SINet-v2/S2C,COD10K-CAM-4-Amphibian-68-Toad-4939.jpg,0.011899015866219997
SINet-v2/S2C,COD10K-CAM-4-Amphibian-68-Toad-4940.jpg,0.06719230860471725
SINet-v2/S2C,COD10K-CAM-4-Amphibian-68-Toad-4942.jpg,0.019791943952441216
SINet-v2/S2C,COD10K-CAM-4-Amphibian-68-Toad-4943.jpg,0.016505902633070946
SINet-v2/S2C,COD10K-CAM-4-Amphibian-68-Toad-4944.jpg,0.020665748044848442
SINet-v2/S2C,COD10K-CAM-4-Amphibian-68-Toad-4946.jpg,0.009729674085974693
SINet-v2/S2C,COD10K-CAM-4-Amphibian-68-Toad-4947.jpg,0.030410608276724815
SINet-v2/S2C,COD10K-CAM-4-Amphibian-68-Toad-4948.jpg,0.06216723471879959
SINet-v2/S2C,COD10K-CAM-4-Amphibian-68-Toad-4952.jpg,0.012031067162752151
SINet-v2/S2C,COD10K-CAM-4-Amphibian-68-Toad-4953.jpg,0.08146511763334274
SINet-v2/S2C,COD10K-CAM-4-Amphibian-68-Toad-4954.jpg,0.28281107544898987
SINet-v2/S2C,COD10K-CAM-4-Amphibian-68-Toad-4956.jpg,0.026155199855566025
SINet-v2/S2C,COD10K-CAM-4-Amphibian-68-Toad-4957.jpg,0.06080518290400505
SINet-v2/S2C,COD10K-CAM-4-Amphibian-68-Toad-4958.jpg,0.03706226497888565
SINet-v2/S2C,COD10K-CAM-4-Amphibian-68-Toad-4959.jpg,0.012627625837922096
SINet-v2/S2C,COD10K-CAM-4-Amphibian-68-Toad-4961.jpg,0.008849005214869976
SINet-v2/S2C,COD10K-CAM-4-Amphibian-68-Toad-4966.jpg,0.024655373767018318
SINet-v2/S2C,COD10K-CAM-4-Amphibian-68-Toad-4967.jpg,0.028642766177654266
SINet-v2/S2C,COD10K-CAM-4-Amphibian-68-Toad-4969.jpg,0.041727401316165924
SINet-v2/S2C,COD10K-CAM-4-Amphibian-68-Toad-4970.jpg,0.029807550832629204
SINet-v2/S2C,COD10K-CAM-4-Amphibian-68-Toad-4971.jpg,0.016330139711499214
SINet-v2/S2C,COD10K-CAM-4-Amphibian-68-Toad-4972.jpg,0.07759594172239304
SINet-v2/S2C,COD10K-CAM-4-Amphibian-68-Toad-4973.jpg,0.03632006794214249
SINet-v2/S2C,COD10K-CAM-4-Amphibian-68-Toad-4974.jpg,0.009781659580767155
SINet-v2/S2C,COD10K-CAM-4-Amphibian-68-Toad-4975.jpg,0.029982086271047592
SINet-v2/S2C,COD10K-CAM-4-Amphibian-68-Toad-4979.jpg,0.03353305160999298
SINet-v2/S2C,COD10K-CAM-4-Amphibian-68-Toad-4980.jpg,0.06396502256393433
SINet-v2/S2C,COD10K-CAM-4-Amphibian-68-Toad-4981.jpg,0.009884454309940338
SINet-v2/S2C,COD10K-CAM-4-Amphibian-68-Toad-4982.jpg,0.03281852975487709
SINet-v2/S2C,COD10K-CAM-4-Amphibian-68-Toad-4983.jpg,0.027714524418115616
SINet-v2/S2C,COD10K-CAM-4-Amphibian-68-Toad-4984.jpg,0.07504025846719742
SINet-v2/S2C,COD10K-CAM-4-Amphibian-68-Toad-4985.jpg,0.03869452327489853
SINet-v2/S2C,COD10K-CAM-4-Amphibian-68-Toad-4986.jpg,0.14855241775512695
SINet-v2/S2C,COD10K-CAM-4-Amphibian-68-Toad-4987.jpg,0.025594865903258324
SINet-v2/S2C,COD10K-CAM-4-Amphibian-68-Toad-4988.jpg,0.027584295719861984
SINet-v2/S2C,COD10K-CAM-4-Amphibian-68-Toad-4989.jpg,0.02488332986831665
SINet-v2/S2C,COD10K-CAM-4-Amphibian-68-Toad-4992.jpg,0.01920648291707039
SINet-v2/S2C,COD10K-CAM-4-Amphibian-68-Toad-4993.jpg,0.035706400871276855
SINet-v2/S2C,COD10K-CAM-4-Amphibian-68-Toad-4994.jpg,0.023517247289419174
SINet-v2/S2C,COD10K-CAM-4-Amphibian-68-Toad-4996.jpg,0.1032574251294136
SINet-v2/S2C,COD10K-CAM-4-Amphibian-68-Toad-5000.jpg,0.03198765963315964
SINet-v2/S2C,COD10K-CAM-4-Amphibian-68-Toad-5001.jpg,0.12044224143028259
SINet-v2/S2C,COD10K-CAM-4-Amphibian-68-Toad-5003.jpg,0.016997506842017174
SINet-v2/S2C,COD10K-CAM-4-Amphibian-68-Toad-5007.jpg,0.03709317371249199
SINet-v2/S2C,COD10K-CAM-4-Amphibian-68-Toad-5009.jpg,0.03246588259935379
SINet-v2/S2C,COD10K-CAM-4-Amphibian-68-Toad-5012.jpg,0.04845340549945831
SINet-v2/S2C,COD10K-CAM-4-Amphibian-68-Toad-5013.jpg,0.03839907795190811
SINet-v2/S2C,COD10K-CAM-4-Amphibian-68-Toad-5015.jpg,0.016430946066975594
SINet-v2/S2C,COD10K-CAM-4-Amphibian-68-Toad-5016.jpg,0.023105721920728683
SINet-v2/S2C,COD10K-CAM-4-Amphibian-68-Toad-5017.jpg,0.03431430086493492
SINet-v2/S2C,COD10K-CAM-4-Amphibian-68-Toad-5018.jpg,0.009536816738545895
SINet-v2/S2C,COD10K-CAM-4-Amphibian-68-Toad-5019.jpg,0.019143126904964447
SINet-v2/S2C,COD10K-CAM-5-Other-69-Other-5024.jpg,0.002802832517772913
SINet-v2/S2C,COD10K-CAM-5-Other-69-Other-5025.jpg,0.0379568412899971
SINet-v2/S2C,COD10K-CAM-5-Other-69-Other-5026.jpg,0.19300928711891174
SINet-v2/S2C,COD10K-CAM-5-Other-69-Other-5030.jpg,0.09569542109966278
SINet-v2/S2C,COD10K-CAM-5-Other-69-Other-5031.jpg,0.050865672528743744
SINet-v2/S2C,COD10K-CAM-5-Other-69-Other-5032.jpg,0.005090962629765272
SINet-v2/S2C,COD10K-CAM-5-Other-69-Other-5033.jpg,0.08305908739566803
SINet-v2/S2C,COD10K-CAM-5-Other-69-Other-5034.jpg,0.009201032109558582
SINet-v2/S2C,COD10K-CAM-5-Other-69-Other-5035.jpg,0.025349128991365433
SINet-v2/S2C,COD10K-CAM-5-Other-69-Other-5036.jpg,0.004409159999340773
SINet-v2/S2C,COD10K-CAM-5-Other-69-Other-5038.jpg,0.03789011389017105
SINet-v2/S2C,COD10K-CAM-5-Other-69-Other-5039.jpg,0.06173643469810486
SINet-v2/S2C,COD10K-CAM-5-Other-69-Other-5041.jpg,0.07820436358451843
SINet-v2/S2C,COD10K-CAM-5-Other-69-Other-5042.jpg,0.0394035205245018
SINet-v2/S2C,COD10K-CAM-5-Other-69-Other-5044.jpg,0.09341371804475784
SINet-v2/S2C,COD10K-CAM-5-Other-69-Other-5045.jpg,0.10663720965385437
SINet-v2/S2C,COD10K-CAM-5-Other-69-Other-5047.jpg,0.013775349594652653
SINet-v2/S2C,COD10K-CAM-5-Other-69-Other-5050.jpg,0.01288110762834549
SINet-v2/S2C,COD10K-CAM-5-Other-69-Other-5052.jpg,0.047063738107681274
SINet-v2/S2C,COD10K-CAM-5-Other-69-Other-5053.jpg,0.01673705317080021
SINet-v2/S2C,COD10K-CAM-5-Other-69-Other-5054.jpg,0.03789599612355232
SINet-v2/S2C,COD10K-CAM-5-Other-69-Other-5055.jpg,0.02309251017868519
SINet-v2/S2C,COD10K-CAM-5-Other-69-Other-5056.jpg,0.011465422809123993
SINet-v2/S2C,COD10K-CAM-5-Other-69-Other-5057.jpg,0.01335072610527277
SINet-v2/S2C,COD10K-CAM-5-Other-69-Other-5058.jpg,0.22611010074615479
SINet-v2/S2C,COD10K-CAM-5-Other-69-Other-5061.jpg,0.0483979694545269
SINet-v2/S2C,COD10K-CAM-5-Other-69-Other-5064.jpg,0.03964938223361969
SINet-v2/S2C,COD10K-CAM-5-Other-69-Other-5065.jpg,0.06529182940721512
SINet-v2/S2C,COD10K-CAM-5-Other-69-Other-5066.jpg,0.047304075211286545
SINet-v2/S2C,camourflage_00001.jpg,0.03132377192378044
SINet-v2/S2C,camourflage_00002.jpg,0.08635224401950836
SINet-v2/S2C,camourflage_00003.jpg,0.027447551488876343
SINet-v2/S2C,camourflage_00004.jpg,0.07191819697618484
SINet-v2/S2C,camourflage_00005.jpg,0.02362699992954731
SINet-v2/S2C,camourflage_00006.jpg,0.06463462859392166
SINet-v2/S2C,camourflage_00007.jpg,0.034558672457933426
SINet-v2/S2C,camourflage_00008.jpg,0.04382281377911568
SINet-v2/S2C,camourflage_00009.jpg,0.036736276000738144
SINet-v2/S2C,camourflage_00010.jpg,0.03461475670337677
SINet-v2/S2C,camourflage_00011.jpg,0.09284587949514389
SINet-v2/S2C,camourflage_00013.jpg,0.03793906047940254
SINet-v2/S2C,camourflage_00014.jpg,0.42827630043029785
SINet-v2/S2C,camourflage_00015.jpg,0.055861689150333405
SINet-v2/S2C,camourflage_00016.jpg,0.04077707976102829
SINet-v2/S2C,camourflage_00017.jpg,0.04403343424201012
SINet-v2/S2C,camourflage_00019.jpg,0.09756486117839813
SINet-v2/S2C,camourflage_00020.jpg,0.07575517147779465
SINet-v2/S2C,camourflage_00021.jpg,0.05698511004447937
SINet-v2/S2C,camourflage_00022.jpg,0.10297447443008423
SINet-v2/S2C,camourflage_00023.jpg,0.20151467621326447
SINet-v2/S2C,camourflage_00024.jpg,0.030537579208612442
SINet-v2/S2C,camourflage_00025.jpg,0.13205823302268982
SINet-v2/S2C,camourflage_00026.jpg,0.11634814739227295
SINet-v2/S2C,camourflage_00027.jpg,0.10285301506519318
SINet-v2/S2C,camourflage_00028.jpg,0.015145180746912956
SINet-v2/S2C,camourflage_00029.jpg,0.027366697788238525
SINet-v2/S2C,camourflage_00030.jpg,0.03023376315832138
SINet-v2/S2C,camourflage_00031.jpg,0.03607363998889923
SINet-v2/S2C,camourflage_00032.jpg,0.023775991052389145
SINet-v2/S2C,camourflage_00033.jpg,0.15033064782619476
SINet-v2/S2C,camourflage_00034.jpg,0.15104076266288757
SINet-v2/S2C,camourflage_00035.jpg,0.04287869110703468
SINet-v2/S2C,camourflage_00036.jpg,0.14846357703208923
SINet-v2/S2C,camourflage_00037.jpg,0.11237082630395889
SINet-v2/S2C,camourflage_00038.jpg,0.0895359069108963
SINet-v2/S2C,camourflage_00039.jpg,0.08223514258861542
SINet-v2/S2C,camourflage_00040.jpg,0.045658595860004425
SINet-v2/S2C,camourflage_00041.jpg,0.028521351516246796
SINet-v2/S2C,camourflage_00042.jpg,0.07680054008960724
SINet-v2/S2C,camourflage_00043.jpg,0.046982623636722565
SINet-v2/S2C,camourflage_00044.jpg,0.08317366987466812
SINet-v2/S2C,camourflage_00045.jpg,0.037094395607709885
SINet-v2/S2C,camourflage_00046.jpg,0.01671968586742878
SINet-v2/S2C,camourflage_00047.jpg,0.0986841470003128
SINet-v2/S2C,camourflage_00048.jpg,0.03814443200826645
SINet-v2/S2C,camourflage_00049.jpg,0.03007405251264572
SINet-v2/S2C,camourflage_00050.jpg,0.10001147538423538
SINet-v2/S2C,camourflage_00051.jpg,0.12433943152427673
SINet-v2/S2C,camourflage_00052.jpg,0.08338841795921326
SINet-v2/S2C,camourflage_00053.jpg,0.04093468189239502
SINet-v2/S2C,camourflage_00054.jpg,0.15787142515182495
SINet-v2/S2C,camourflage_00055.jpg,0.0480097271502018
SINet-v2/S2C,camourflage_00056.jpg,0.05893866345286369
SINet-v2/S2C,camourflage_00057.jpg,0.03682021424174309
SINet-v2/S2C,camourflage_00058.jpg,0.386320024728775
SINet-v2/S2C,camourflage_00059.jpg,0.21320463716983795
SINet-v2/S2C,camourflage_00060.jpg,0.07163558900356293
SINet-v2/S2C,camourflage_00062.jpg,0.039983198046684265
SINet-v2/S2C,camourflage_00063.jpg,0.07614641636610031
SINet-v2/S2C,camourflage_00065.jpg,0.011955267749726772
SINet-v2/S2C,camourflage_00066.jpg,0.01890571229159832
SINet-v2/S2C,camourflage_00067.jpg,0.0635850578546524
SINet-v2/S2C,camourflage_00068.jpg,0.027384594082832336
SINet-v2/S2C,camourflage_00069.jpg,0.16154932975769043
SINet-v2/S2C,camourflage_00070.jpg,0.08956921100616455
SINet-v2/S2C,camourflage_00072.jpg,0.042176295071840286
SINet-v2/S2C,camourflage_00073.jpg,0.025297824293375015
SINet-v2/S2C,camourflage_00074.jpg,0.05767332762479782
SINet-v2/S2C,camourflage_00075.jpg,0.07856409251689911
SINet-v2/S2C,camourflage_00076.jpg,0.028043147176504135
SINet-v2/S2C,camourflage_00077.jpg,0.03135215863585472
SINet-v2/S2C,camourflage_00078.jpg,0.1362435668706894
SINet-v2/S2C,camourflage_00080.jpg,0.0678669661283493
SINet-v2/S2C,camourflage_00081.jpg,0.12057577073574066
SINet-v2/S2C,camourflage_00082.jpg,0.026900751516222954
SINet-v2/S2C,camourflage_00083.jpg,0.1837417185306549
SINet-v2/S2C,camourflage_00084.jpg,0.039925768971443176
SINet-v2/S2C,camourflage_00085.jpg,0.03977956995368004
SINet-v2/S2C,camourflage_00086.jpg,0.04764118418097496
SINet-v2/S2C,camourflage_00089.jpg,0.1273777186870575
SINet-v2/S2C,camourflage_00091.jpg,0.09014549106359482
SINet-v2/S2C,camourflage_00092.jpg,0.02271067537367344
SINet-v2/S2C,camourflage_00093.jpg,0.05530313402414322
SINet-v2/S2C,camourflage_00094.jpg,0.07817163318395615
SINet-v2/S2C,camourflage_00095.jpg,0.043557219207286835
SINet-v2/S2C,camourflage_00096.jpg,0.20781773328781128
SINet-v2/S2C,camourflage_00099.jpg,0.023080311715602875
SINet-v2/S2C,camourflage_00101.jpg,0.731378436088562
SINet-v2/S2C,camourflage_00103.jpg,0.040017303079366684
SINet-v2/S2C,camourflage_00104.jpg,0.07152958959341049
SINet-v2/S2C,camourflage_00105.jpg,0.2301001250743866
SINet-v2/S2C,camourflage_00106.jpg,0.014895017258822918
SINet-v2/S2C,camourflage_00107.jpg,0.06278623640537262
SINet-v2/S2C,camourflage_00108.jpg,0.06312715262174606
SINet-v2/S2C,camourflage_00109.jpg,0.04295365884900093
SINet-v2/S2C,camourflage_00110.jpg,0.18829137086868286
SINet-v2/S2C,camourflage_00111.jpg,0.08508513122797012
SINet-v2/S2C,camourflage_00113.jpg,0.0248112753033638
SINet-v2/S2C,camourflage_00115.jpg,0.039493121206760406
SINet-v2/S2C,camourflage_00116.jpg,0.04883577674627304
SINet-v2/S2C,camourflage_00117.jpg,0.08314746618270874
SINet-v2/S2C,camourflage_00118.jpg,0.10596810281276703
SINet-v2/S2C,camourflage_00119.jpg,0.0452800989151001
SINet-v2/S2C,camourflage_00121.jpg,0.01658652350306511
SINet-v2/S2C,camourflage_00123.jpg,0.11520177125930786
SINet-v2/S2C,camourflage_00125.jpg,0.08475548028945923
SINet-v2/S2C,camourflage_00126.jpg,0.06682541221380234
SINet-v2/S2C,camourflage_00127.jpg,0.2961966395378113
SINet-v2/S2C,camourflage_00128.jpg,0.04901105910539627
SINet-v2/S2C,camourflage_00130.jpg,0.15730315446853638
SINet-v2/S2C,camourflage_00131.jpg,0.031457141041755676
SINet-v2/S2C,camourflage_00132.jpg,0.1890808641910553
SINet-v2/S2C,camourflage_00133.jpg,0.06903091818094254
SINet-v2/S2C,camourflage_00134.jpg,0.022156724706292152
SINet-v2/S2C,camourflage_00136.jpg,0.14718399941921234
SINet-v2/S2C,camourflage_00137.jpg,0.02766561135649681
SINet-v2/S2C,camourflage_00139.jpg,0.05744054913520813
SINet-v2/S2C,camourflage_00140.jpg,0.15792253613471985
SINet-v2/S2C,camourflage_00142.jpg,0.035365693271160126
SINet-v2/S2C,camourflage_00143.jpg,0.057986192405223846
SINet-v2/S2C,camourflage_00144.jpg,0.09815417230129242
SINet-v2/S2C,camourflage_00146.jpg,0.1450589895248413
SINet-v2/S2C,camourflage_00148.jpg,0.1349625289440155
SINet-v2/S2C,camourflage_00149.jpg,0.02673562616109848
SINet-v2/S2C,camourflage_00150.jpg,0.1758044958114624
SINet-v2/S2C,camourflage_00151.jpg,0.2127389758825302
SINet-v2/S2C,camourflage_00152.jpg,0.041248466819524765
SINet-v2/S2C,camourflage_00154.jpg,0.1405145227909088
SINet-v2/S2C,camourflage_00155.jpg,0.018093090504407883
SINet-v2/S2C,camourflage_00157.jpg,0.04183938726782799
SINet-v2/S2C,camourflage_00158.jpg,0.02957005985081196
SINet-v2/S2C,camourflage_00159.jpg,0.06208450347185135
SINet-v2/S2C,camourflage_00161.jpg,0.08174116909503937
SINet-v2/S2C,camourflage_00162.jpg,0.016201764345169067
SINet-v2/S2C,camourflage_00163.jpg,0.029470540583133698
SINet-v2/S2C,camourflage_00164.jpg,0.03425377234816551
SINet-v2/S2C,camourflage_00165.jpg,0.0282849483191967
SINet-v2/S2C,camourflage_00167.jpg,0.0542420968413353
SINet-v2/S2C,camourflage_00168.jpg,0.04200192540884018
SINet-v2/S2C,camourflage_00170.jpg,0.19473610818386078
SINet-v2/S2C,camourflage_00172.jpg,0.05360151827335358
SINet-v2/S2C,camourflage_00173.jpg,0.05726081132888794
SINet-v2/S2C,camourflage_00174.jpg,0.0988939106464386
SINet-v2/S2C,camourflage_00176.jpg,0.03724251314997673
SINet-v2/S2C,camourflage_00177.jpg,0.03881964087486267
SINet-v2/S2C,camourflage_00178.jpg,0.13532514870166779
SINet-v2/S2C,camourflage_00179.jpg,0.16054151952266693
SINet-v2/S2C,camourflage_00180.jpg,0.08909212052822113
SINet-v2/S2C,camourflage_00181.jpg,0.08985200524330139
SINet-v2/S2C,camourflage_00182.jpg,0.04216083511710167
SINet-v2/S2C,camourflage_00184.jpg,0.039991237223148346
SINet-v2/S2C,camourflage_00185.jpg,0.0359472930431366
SINet-v2/S2C,camourflage_00186.jpg,0.021002698689699173
SINet-v2/S2C,camourflage_00187.jpg,0.017781026661396027
SINet-v2/S2C,camourflage_00188.jpg,0.030550546944141388
SINet-v2/S2C,camourflage_00189.jpg,0.0367562435567379
SINet-v2/S2C,camourflage_00190.jpg,0.09800243377685547
SINet-v2/S2C,camourflage_00191.jpg,0.10577467083930969
SINet-v2/S2C,camourflage_00192.jpg,0.12227578461170197
SINet-v2/S2C,camourflage_00193.jpg,0.07476258277893066
SINet-v2/S2C,camourflage_00194.jpg,0.09870781004428864
SINet-v2/S2C,camourflage_00195.jpg,0.027066046372056007
SINet-v2/S2C,camourflage_00198.jpg,0.06119205057621002
SINet-v2/S2C,camourflage_00199.jpg,0.05417899787425995
SINet-v2/S2C,camourflage_00200.jpg,0.11805422604084015
SINet-v2/S2C,camourflage_00201.jpg,0.03236803412437439
SINet-v2/S2C,camourflage_00202.jpg,0.04205284267663956
SINet-v2/S2C,camourflage_00203.jpg,0.15645039081573486
SINet-v2/S2C,camourflage_00204.jpg,0.16240429878234863
SINet-v2/S2C,camourflage_00206.jpg,0.016892146319150925
SINet-v2/S2C,camourflage_00210.jpg,0.01952710561454296
SINet-v2/S2C,camourflage_00211.jpg,0.08924753963947296
SINet-v2/S2C,camourflage_00212.jpg,0.04807364195585251
SINet-v2/S2C,camourflage_00213.jpg,0.20354372262954712
SINet-v2/S2C,camourflage_00214.jpg,0.04638626426458359
SINet-v2/S2C,camourflage_00215.jpg,0.0598248690366745
SINet-v2/S2C,camourflage_00216.jpg,0.016342489048838615
SINet-v2/S2C,camourflage_00217.jpg,0.1704426258802414
SINet-v2/S2C,camourflage_00218.jpg,0.03467373922467232
SINet-v2/S2C,camourflage_00219.jpg,0.021517369896173477
SINet-v2/S2C,camourflage_00220.jpg,0.07398423552513123
SINet-v2/S2C,camourflage_00221.jpg,0.05092938616871834
SINet-v2/S2C,camourflage_00222.jpg,0.029490027576684952
SINet-v2/S2C,camourflage_00223.jpg,0.01467702817171812
SINet-v2/S2C,camourflage_00225.jpg,0.0329723134636879
SINet-v2/S2C,camourflage_00226.jpg,0.02740618586540222
SINet-v2/S2C,camourflage_00227.jpg,0.06290730834007263
SINet-v2/S2C,camourflage_00228.jpg,0.0630563497543335
SINet-v2/S2C,camourflage_00229.jpg,0.6908897161483765
SINet-v2/S2C,camourflage_00230.jpg,0.024772722274065018
SINet-v2/S2C,camourflage_00231.jpg,0.02491912618279457
SINet-v2/S2C,camourflage_00233.jpg,0.1148749440908432
SINet-v2/S2C,camourflage_00234.jpg,0.060934241861104965
SINet-v2/S2C,camourflage_00236.jpg,0.04390779137611389
SINet-v2/S2C,camourflage_00237.jpg,0.038324352353811264
SINet-v2/S2C,camourflage_00238.jpg,0.10945473611354828
SINet-v2/S2C,camourflage_00239.jpg,0.030142055824398994
SINet-v2/S2C,camourflage_00240.jpg,0.036371126770973206
SINet-v2/S2C,camourflage_00241.jpg,0.07134228199720383
SINet-v2/S2C,camourflage_00242.jpg,0.022391686215996742
SINet-v2/S2C,camourflage_00243.jpg,0.07671381533145905
SINet-v2/S2C,camourflage_00244.jpg,0.0546746626496315
SINet-v2/S2C,camourflage_00245.jpg,0.0428328774869442
SINet-v2/S2C,camourflage_00246.jpg,0.06563861668109894
SINet-v2/S2C,camourflage_00247.jpg,0.11530469357967377
SINet-v2/S2C,camourflage_00248.jpg,0.022906485944986343
SINet-v2/S2C,camourflage_00249.jpg,0.05724926292896271
SINet-v2/S2C,camourflage_00250.jpg,0.04039573296904564
SINet-v2/S2C,camourflage_00251.jpg,0.04690121114253998
SINet-v2/S2C,camourflage_00252.jpg,0.11864946782588959
SINet-v2/S2C,camourflage_00253.jpg,0.08172246068716049
SINet-v2/S2C,camourflage_00254.jpg,0.04339452460408211
SINet-v2/S2C,camourflage_00255.jpg,0.08139585703611374
SINet-v2/S2C,camourflage_00256.jpg,0.044991061091423035
SINet-v2/S2C,camourflage_00258.jpg,0.022971032187342644
SINet-v2/S2C,camourflage_00260.jpg,0.09279493987560272
SINet-v2/S2C,camourflage_00261.jpg,0.024397587403655052
SINet-v2/S2C,camourflage_00262.jpg,0.011808482930064201
SINet-v2/S2C,camourflage_00263.jpg,0.03389793634414673
SINet-v2/S2C,camourflage_00264.jpg,0.05185956135392189
SINet-v2/S2C,camourflage_00265.jpg,0.04590628668665886
SINet-v2/S2C,camourflage_00267.jpg,0.10744347423315048
SINet-v2/S2C,camourflage_00268.jpg,0.053150471299886703
SINet-v2/S2C,camourflage_00271.jpg,0.01776074804365635
SINet-v2/S2C,camourflage_00272.jpg,0.03569112718105316
SINet-v2/S2C,camourflage_00274.jpg,0.2624964714050293
SINet-v2/S2C,camourflage_00276.jpg,0.08193075656890869
SINet-v2/S2C,camourflage_00277.jpg,0.041148580610752106
SINet-v2/S2C,camourflage_00278.jpg,0.13184142112731934
SINet-v2/S2C,camourflage_00279.jpg,0.03680501505732536
SINet-v2/S2C,camourflage_00280.jpg,0.155635803937912
SINet-v2/S2C,camourflage_00281.jpg,0.05786507949233055
SINet-v2/S2C,camourflage_00282.jpg,0.049479756504297256
SINet-v2/S2C,camourflage_00283.jpg,0.0547628179192543
SINet-v2/S2C,camourflage_00284.jpg,0.042923085391521454
SINet-v2/S2C,camourflage_00286.jpg,0.015532627701759338
SINet-v2/S2C,camourflage_00287.jpg,0.0482812374830246
SINet-v2/S2C,camourflage_00288.jpg,0.042791347950696945
SINet-v2/S2C,camourflage_00289.jpg,0.014937616884708405
SINet-v2/S2C,camourflage_00290.jpg,0.23764556646347046
SINet-v2/S2C,camourflage_00291.jpg,0.14092138409614563
SINet-v2/S2C,camourflage_00292.jpg,0.03626633062958717
SINet-v2/S2C,camourflage_00293.jpg,0.09282134473323822
SINet-v2/S2C,camourflage_00294.jpg,0.04368683323264122
SINet-v2/S2C,camourflage_00295.jpg,0.2013685405254364
SINet-v2/S2C,camourflage_00296.jpg,0.04017520323395729
SINet-v2/S2C,camourflage_00297.jpg,0.07604871690273285
SINet-v2/S2C,camourflage_00298.jpg,0.02077147178351879
SINet-v2/S2C,camourflage_00299.jpg,0.05875410884618759
SINet-v2/S2C,camourflage_00300.jpg,0.01798301190137863
SINet-v2/S2C,camourflage_00301.jpg,0.06038914993405342
SINet-v2/S2C,camourflage_00302.jpg,0.08934648334980011
SINet-v2/S2C,camourflage_00303.jpg,0.07433620095252991
SINet-v2/S2C,camourflage_00304.jpg,0.06965873390436172
SINet-v2/S2C,camourflage_00305.jpg,0.02191196009516716
SINet-v2/S2C,camourflage_00306.jpg,0.07020916789770126
SINet-v2/S2C,camourflage_00307.jpg,0.04966571182012558
SINet-v2/S2C,camourflage_00308.jpg,0.1660275161266327
SINet-v2/S2C,camourflage_00309.jpg,0.02541309781372547
SINet-v2/S2C,camourflage_00311.jpg,0.078011654317379
SINet-v2/S2C,camourflage_00312.jpg,0.02569858729839325
SINet-v2/S2C,camourflage_00313.jpg,0.033667001873254776
SINet-v2/S2C,camourflage_00314.jpg,0.12931780517101288
SINet-v2/S2C,camourflage_00315.jpg,0.06841535866260529
SINet-v2/S2C,camourflage_00316.jpg,0.16781987249851227
SINet-v2/S2C,camourflage_00317.jpg,0.06436652690172195
SINet-v2/S2C,camourflage_00318.jpg,0.022828303277492523
SINet-v2/S2C,camourflage_00319.jpg,0.03931272029876709
SINet-v2/S2C,camourflage_00320.jpg,0.02460784837603569
SINet-v2/S2C,camourflage_00321.jpg,0.056407421827316284
SINet-v2/S2C,camourflage_00322.jpg,0.04714790731668472
SINet-v2/S2C,camourflage_00323.jpg,0.0652095377445221
SINet-v2/S2C,camourflage_00324.jpg,0.01520487479865551
SINet-v2/S2C,camourflage_00325.jpg,0.29135221242904663
SINet-v2/S2C,camourflage_00326.jpg,0.0632559210062027
SINet-v2/S2C,camourflage_00327.jpg,0.045559607446193695
SINet-v2/S2C,camourflage_00328.jpg,0.03044935129582882
SINet-v2/S2C,camourflage_00329.jpg,0.12189668416976929
SINet-v2/S2C,camourflage_00330.jpg,0.07158461958169937
SINet-v2/S2C,camourflage_00331.jpg,0.10108374059200287
SINet-v2/S2C,camourflage_00334.jpg,0.1551591455936432
SINet-v2/S2C,camourflage_00335.jpg,0.12185759842395782
SINet-v2/S2C,camourflage_00336.jpg,0.5750466585159302
SINet-v2/S2C,camourflage_00338.jpg,0.0332428403198719
SINet-v2/S2C,camourflage_00339.jpg,0.0459299311041832
SINet-v2/S2C,camourflage_00340.jpg,0.01727844960987568
SINet-v2/S2C,camourflage_00341.jpg,0.18726970255374908
SINet-v2/S2C,camourflage_00342.jpg,0.06197699159383774
SINet-v2/S2C,camourflage_00343.jpg,0.03683015704154968
SINet-v2/S2C,camourflage_00344.jpg,0.05601216480135918
SINet-v2/S2C,camourflage_00345.jpg,0.027740435674786568
SINet-v2/S2C,camourflage_00346.jpg,0.015513360500335693
SINet-v2/S2C,camourflage_00347.jpg,0.0938558354973793
SINet-v2/S2C,camourflage_00349.jpg,0.36276984214782715
SINet-v2/S2C,camourflage_00350.jpg,0.03732188045978546
SINet-v2/S2C,camourflage_00352.jpg,0.015835771337151527
SINet-v2/S2C,camourflage_00353.jpg,0.049248673021793365
SINet-v2/S2C,camourflage_00354.jpg,0.041303202509880066
SINet-v2/S2C,camourflage_00355.jpg,0.017216969281435013
SINet-v2/S2C,camourflage_00356.jpg,0.05908087268471718
SINet-v2/S2C,camourflage_00357.jpg,0.026717862114310265
SINet-v2/S2C,camourflage_00358.jpg,0.023148810490965843
SINet-v2/S2C,camourflage_00359.jpg,0.10336807370185852
SINet-v2/S2C,camourflage_00360.jpg,0.03760835528373718
SINet-v2/S2C,camourflage_00362.jpg,0.025175094604492188
SINet-v2/S2C,camourflage_00363.jpg,0.06016726791858673
SINet-v2/S2C,camourflage_00366.jpg,0.04000679403543472
SINet-v2/S2C,camourflage_00367.jpg,0.03759671002626419
SINet-v2/S2C,camourflage_00368.jpg,0.04418788477778435
SINet-v2/S2C,camourflage_00369.jpg,0.03179963678121567
SINet-v2/S2C,camourflage_00370.jpg,0.18562442064285278
SINet-v2/S2C,camourflage_00371.jpg,0.03489815071225166
SINet-v2/S2C,camourflage_00372.jpg,0.042696405202150345
SINet-v2/S2C,camourflage_00373.jpg,0.10733915865421295
SINet-v2/S2C,camourflage_00374.jpg,0.0655159205198288
SINet-v2/S2C,camourflage_00375.jpg,0.0318308100104332
SINet-v2/S2C,camourflage_00376.jpg,0.0883377268910408
SINet-v2/S2C,camourflage_00377.jpg,0.02604999765753746
SINet-v2/S2C,camourflage_00378.jpg,0.12374305725097656
SINet-v2/S2C,camourflage_00379.jpg,0.07648754864931107
SINet-v2/S2C,camourflage_00380.jpg,0.07974234223365784
SINet-v2/S2C,camourflage_00382.jpg,0.04076476767659187
SINet-v2/S2C,camourflage_00383.jpg,0.051435403525829315
SINet-v2/S2C,camourflage_00384.jpg,0.059523310512304306
SINet-v2/S2C,camourflage_00385.jpg,0.03125794231891632
SINet-v2/S2C,camourflage_00386.jpg,0.02591833285987377
SINet-v2/S2C,camourflage_00387.jpg,0.13566921651363373
SINet-v2/S2C,camourflage_00388.jpg,0.39991238713264465
SINet-v2/S2C,camourflage_00389.jpg,0.05880420655012131
SINet-v2/S2C,camourflage_00390.jpg,0.044453807175159454
SINet-v2/S2C,camourflage_00391.jpg,0.07321075350046158
SINet-v2/S2C,camourflage_00392.jpg,0.06712374091148376
SINet-v2/S2C,camourflage_00393.jpg,0.0358610600233078
SINet-v2/S2C,camourflage_00394.jpg,0.08911393582820892
SINet-v2/S2C,camourflage_00395.jpg,0.033263567835092545
SINet-v2/S2C,camourflage_00396.jpg,0.042724572122097015
SINet-v2/S2C,camourflage_00397.jpg,0.07871910184621811
SINet-v2/S2C,camourflage_00399.jpg,0.20262306928634644
SINet-v2/S2C,camourflage_00400.jpg,0.024648845195770264
SINet-v2/S2C,camourflage_00401.jpg,0.02551489695906639
SINet-v2/S2C,camourflage_00402.jpg,0.04299398511648178
SINet-v2/S2C,camourflage_00403.jpg,0.04568568617105484
SINet-v2/S2C,camourflage_00404.jpg,0.027654461562633514
SINet-v2/S2C,camourflage_00405.jpg,0.03312970697879791
SINet-v2/S2C,camourflage_00407.jpg,0.0437149815261364
SINet-v2/S2C,camourflage_00409.jpg,0.04135110601782799
SINet-v2/S2C,camourflage_00410.jpg,0.03639035299420357
SINet-v2/S2C,camourflage_00411.jpg,0.1274058073759079
SINet-v2/S2C,camourflage_00412.jpg,0.051199011504650116
SINet-v2/S2C,camourflage_00413.jpg,0.04814552888274193
SINet-v2/S2C,camourflage_00414.jpg,0.028773337602615356
SINet-v2/S2C,camourflage_00415.jpg,0.09175491333007812
SINet-v2/S2C,camourflage_00416.jpg,0.025916820392012596
SINet-v2/S2C,camourflage_00417.jpg,0.08365675806999207
SINet-v2/S2C,camourflage_00418.jpg,0.009566904976963997
SINet-v2/S2C,camourflage_00419.jpg,0.11472365260124207
SINet-v2/S2C,camourflage_00423.jpg,0.032346151769161224
SINet-v2/S2C,camourflage_00424.jpg,0.12419212609529495
SINet-v2/S2C,camourflage_00425.jpg,0.036633193492889404
SINet-v2/S2C,camourflage_00426.jpg,0.08946768939495087
SINet-v2/S2C,camourflage_00427.jpg,0.1144382506608963
SINet-v2/S2C,camourflage_00428.jpg,0.24785128235816956
SINet-v2/S2C,camourflage_00429.jpg,0.07768624275922775
SINet-v2/S2C,camourflage_00431.jpg,0.033892128616571426
SINet-v2/S2C,camourflage_00432.jpg,0.01791599579155445
SINet-v2/S2C,camourflage_00433.jpg,0.0601106658577919
SINet-v2/S2C,camourflage_00434.jpg,0.06036681681871414
SINet-v2/S2C,camourflage_00437.jpg,0.01531362347304821
SINet-v2/S2C,camourflage_00438.jpg,0.11587861180305481
SINet-v2/S2C,camourflage_00439.jpg,0.1481803059577942
SINet-v2/S2C,camourflage_00440.jpg,0.03724682331085205
SINet-v2/S2C,camourflage_00441.jpg,0.028379332274198532
SINet-v2/S2C,camourflage_00442.jpg,0.017966486513614655
SINet-v2/S2C,camourflage_00445.jpg,0.08708887547254562
SINet-v2/S2C,camourflage_00446.jpg,0.0374283492565155
SINet-v2/S2C,camourflage_00447.jpg,0.045709848403930664
SINet-v2/S2C,camourflage_00448.jpg,0.0415731817483902
SINet-v2/S2C,camourflage_00450.jpg,0.04199142009019852
SINet-v2/S2C,camourflage_00451.jpg,0.021432390436530113
SINet-v2/S2C,camourflage_00452.jpg,0.04360206797719002
SINet-v2/S2C,camourflage_00453.jpg,0.5383879542350769
SINet-v2/S2C,camourflage_00454.jpg,0.05075406655669212
SINet-v2/S2C,camourflage_00455.jpg,0.01832999475300312
SINet-v2/S2C,camourflage_00456.jpg,0.02123013325035572
SINet-v2/S2C,camourflage_00457.jpg,0.021209847182035446
SINet-v2/S2C,camourflage_00458.jpg,0.14951935410499573
SINet-v2/S2C,camourflage_00459.jpg,0.0468968003988266
SINet-v2/S2C,camourflage_00460.jpg,0.03326874226331711
SINet-v2/S2C,camourflage_00461.jpg,0.04910098761320114
SINet-v2/S2C,camourflage_00462.jpg,0.043974801898002625
SINet-v2/S2C,camourflage_00464.jpg,0.05641494691371918
SINet-v2/S2C,camourflage_00465.jpg,0.023507460951805115
SINet-v2/S2C,camourflage_00466.jpg,0.07632037997245789
SINet-v2/S2C,camourflage_00467.jpg,0.08014801144599915
SINet-v2/S2C,camourflage_00468.jpg,0.03502730280160904
SINet-v2/S2C,camourflage_00469.jpg,0.12142159044742584
SINet-v2/S2C,camourflage_00472.jpg,0.04864070937037468
SINet-v2/S2C,camourflage_00474.jpg,0.05876836180686951
SINet-v2/S2C,camourflage_00475.jpg,0.05525059998035431
SINet-v2/S2C,camourflage_00476.jpg,0.0485725998878479
SINet-v2/S2C,camourflage_00477.jpg,0.05482307821512222
SINet-v2/S2C,camourflage_00479.jpg,0.023676961660385132
SINet-v2/S2C,camourflage_00480.jpg,0.027084358036518097
SINet-v2/S2C,camourflage_00481.jpg,0.07261982560157776
SINet-v2/S2C,camourflage_00482.jpg,0.008891393430531025
SINet-v2/S2C,camourflage_00483.jpg,0.026600603014230728
SINet-v2/S2C,camourflage_00484.jpg,0.02420748956501484
SINet-v2/S2C,camourflage_00485.jpg,0.041593730449676514
SINet-v2/S2C,camourflage_00486.jpg,0.01901724934577942
SINet-v2/S2C,camourflage_00487.jpg,0.11808159947395325
SINet-v2/S2C,camourflage_00488.jpg,0.049910128116607666
SINet-v2/S2C,camourflage_00489.jpg,0.05063571035861969
SINet-v2/S2C,camourflage_00490.jpg,0.05407689884305
SINet-v2/S2C,camourflage_00491.jpg,0.17142215371131897
SINet-v2/S2C,camourflage_00492.jpg,0.027918290346860886
SINet-v2/S2C,camourflage_00493.jpg,0.06648248434066772
SINet-v2/S2C,camourflage_00494.jpg,0.04905026778578758
SINet-v2/S2C,camourflage_00495.jpg,0.03215128183364868
SINet-v2/S2C,camourflage_00497.jpg,0.019369173794984818
SINet-v2/S2C,camourflage_00499.jpg,0.04397670552134514
SINet-v2/S2C,camourflage_00501.jpg,0.02543940767645836
SINet-v2/S2C,camourflage_00503.jpg,0.029331209138035774
SINet-v2/S2C,camourflage_00504.jpg,0.028247404843568802
SINet-v2/S2C,camourflage_00505.jpg,0.016845671460032463
SINet-v2/S2C,camourflage_00506.jpg,0.05366091430187225
SINet-v2/S2C,camourflage_00507.jpg,0.04811355471611023
SINet-v2/S2C,camourflage_00508.jpg,0.024936635047197342
SINet-v2/S2C,camourflage_00509.jpg,0.02648119442164898
SINet-v2/S2C,camourflage_00511.jpg,0.07432316243648529
SINet-v2/S2C,camourflage_00512.jpg,0.040420930832624435
SINet-v2/S2C,camourflage_00513.jpg,0.039979882538318634
SINet-v2/S2C,camourflage_00514.jpg,0.010217497125267982
SINet-v2/S2C,camourflage_00516.jpg,0.006205730140209198
SINet-v2/S2C,camourflage_00517.jpg,0.40117499232292175
SINet-v2/S2C,camourflage_00518.jpg,0.21736371517181396
SINet-v2/S2C,camourflage_00520.jpg,0.03922262787818909
SINet-v2/S2C,camourflage_00521.jpg,0.015627581626176834
SINet-v2/S2C,camourflage_00523.jpg,0.037488292902708054
SINet-v2/S2C,camourflage_00524.jpg,0.25983935594558716
SINet-v2/S2C,camourflage_00525.jpg,0.02247690036892891
SINet-v2/S2C,camourflage_00526.jpg,0.19596387445926666
SINet-v2/S2C,camourflage_00527.jpg,0.04890620335936546
SINet-v2/S2C,camourflage_00529.jpg,0.2113397717475891
SINet-v2/S2C,camourflage_00530.jpg,0.09899115562438965
SINet-v2/S2C,camourflage_00531.jpg,0.06095403432846069
SINet-v2/S2C,camourflage_00532.jpg,0.14412051439285278
SINet-v2/S2C,camourflage_00533.jpg,0.0677865743637085
SINet-v2/S2C,camourflage_00534.jpg,0.06609272956848145
SINet-v2/S2C,camourflage_00535.jpg,0.04181761294603348
SINet-v2/S2C,camourflage_00536.jpg,0.2251484990119934
SINet-v2/S2C,camourflage_00537.jpg,0.029162893071770668
SINet-v2/S2C,camourflage_00538.jpg,0.008109278045594692
SINet-v2/S2C,camourflage_00540.jpg,0.017708543688058853
SINet-v2/S2C,camourflage_00541.jpg,0.021742362529039383
SINet-v2/S2C,camourflage_00542.jpg,0.04243553429841995
SINet-v2/S2C,camourflage_00543.jpg,0.04000474512577057
SINet-v2/S2C,camourflage_00544.jpg,0.08547370135784149
SINet-v2/S2C,camourflage_00545.jpg,0.009561663493514061
SINet-v2/S2C,camourflage_00546.jpg,0.03156116232275963
SINet-v2/S2C,camourflage_00547.jpg,0.011387593112885952
SINet-v2/S2C,camourflage_00548.jpg,0.07865279167890549
SINet-v2/S2C,camourflage_00549.jpg,0.07881605625152588
SINet-v2/S2C,camourflage_00551.jpg,0.05433696508407593
SINet-v2/S2C,camourflage_00552.jpg,0.049029648303985596
SINet-v2/S2C,camourflage_00553.jpg,0.11143119633197784
SINet-v2/S2C,camourflage_00554.jpg,0.09920952469110489
SINet-v2/S2C,camourflage_00555.jpg,0.052220411598682404
SINet-v2/S2C,camourflage_00556.jpg,0.10426373779773712
SINet-v2/S2C,camourflage_00557.jpg,0.03960820659995079
SINet-v2/S2C,camourflage_00558.jpg,0.016350047662854195
SINet-v2/S2C,camourflage_00559.jpg,0.035846661776304245
SINet-v2/S2C,camourflage_00560.jpg,0.10532772541046143
SINet-v2/S2C,camourflage_00561.jpg,0.02619226835668087
SINet-v2/S2C,camourflage_00562.jpg,0.23588910698890686
SINet-v2/S2C,camourflage_00564.jpg,0.10065755248069763
SINet-v2/S2C,camourflage_00565.jpg,0.04280836135149002
SINet-v2/S2C,camourflage_00566.jpg,0.3121687173843384
SINet-v2/S2C,camourflage_00567.jpg,0.01286622229963541
SINet-v2/S2C,camourflage_00568.jpg,0.02138666622340679
SINet-v2/S2C,camourflage_00569.jpg,0.041045643389225006
SINet-v2/S2C,camourflage_00570.jpg,0.03294980525970459
SINet-v2/S2C,camourflage_00571.jpg,0.02593427337706089
SINet-v2/S2C,camourflage_00572.jpg,0.02492145448923111
SINet-v2/S2C,camourflage_00573.jpg,0.12182147055864334
SINet-v2/S2C,camourflage_00574.jpg,0.07545691728591919
SINet-v2/S2C,camourflage_00575.jpg,0.05122976750135422
SINet-v2/S2C,camourflage_00576.jpg,0.08012060075998306
SINet-v2/S2C,camourflage_00577.jpg,0.4411449730396271
SINet-v2/S2C,camourflage_00578.jpg,0.06537629663944244
SINet-v2/S2C,camourflage_00579.jpg,0.07465469837188721
SINet-v2/S2C,camourflage_00580.jpg,0.06676440685987473
SINet-v2/S2C,camourflage_00581.jpg,0.053952157497406006
SINet-v2/S2C,camourflage_00582.jpg,0.038196198642253876
SINet-v2/S2C,camourflage_00583.jpg,0.05829896777868271
SINet-v2/S2C,camourflage_00584.jpg,0.030438238754868507
SINet-v2/S2C,camourflage_00585.jpg,0.018053896725177765
SINet-v2/S2C,camourflage_00586.jpg,0.10136663913726807
SINet-v2/S2C,camourflage_00587.jpg,0.19980433583259583
SINet-v2/S2C,camourflage_00588.jpg,0.0317695327103138
SINet-v2/S2C,camourflage_00589.jpg,0.033357128500938416
SINet-v2/S2C,camourflage_00590.jpg,0.03152139484882355
SINet-v2/S2C,camourflage_00591.jpg,0.06275500357151031
SINet-v2/S2C,camourflage_00592.jpg,0.031079355627298355
SINet-v2/S2C,camourflage_00593.jpg,0.05296863242983818
SINet-v2/S2C,camourflage_00595.jpg,0.06037939339876175
SINet-v2/S2C,camourflage_00596.jpg,0.040745217353105545
SINet-v2/S2C,camourflage_00598.jpg,0.030106183141469955
SINet-v2/S2C,camourflage_00599.jpg,0.04873641952872276
SINet-v2/S2C,camourflage_00601.jpg,0.05596167594194412
SINet-v2/S2C,camourflage_00603.jpg,0.1957312822341919
SINet-v2/S2C,camourflage_00604.jpg,0.026920583099126816
SINet-v2/S2C,camourflage_00605.jpg,0.007194157689809799
SINet-v2/S2C,camourflage_00606.jpg,0.031939469277858734
SINet-v2/S2C,camourflage_00607.jpg,0.014756265096366405
SINet-v2/S2C,camourflage_00608.jpg,0.25113222002983093
SINet-v2/S2C,camourflage_00609.jpg,0.12195035815238953
SINet-v2/S2C,camourflage_00610.jpg,0.12809927761554718
SINet-v2/S2C,camourflage_00611.jpg,0.023663852363824844
SINet-v2/S2C,camourflage_00612.jpg,0.07414805144071579
SINet-v2/S2C,camourflage_00613.jpg,0.23148611187934875
SINet-v2/S2C,camourflage_00614.jpg,0.0812738835811615
SINet-v2/S2C,camourflage_00615.jpg,0.1357947140932083
SINet-v2/S2C,camourflage_00616.jpg,0.021880917251110077
SINet-v2/S2C,camourflage_00617.jpg,0.06899628043174744
SINet-v2/S2C,camourflage_00618.jpg,0.1099567711353302
SINet-v2/S2C,camourflage_00619.jpg,0.03244675695896149
SINet-v2/S2C,camourflage_00620.jpg,0.023220166563987732
SINet-v2/S2C,camourflage_00621.jpg,0.18982505798339844
SINet-v2/S2C,camourflage_00622.jpg,0.09886552393436432
SINet-v2/S2C,camourflage_00624.jpg,0.021316304802894592
SINet-v2/S2C,camourflage_00625.jpg,0.040997862815856934
SINet-v2/S2C,camourflage_00626.jpg,0.03084646724164486
SINet-v2/S2C,camourflage_00627.jpg,0.04622267186641693
SINet-v2/S2C,camourflage_00628.jpg,0.04750875383615494
SINet-v2/S2C,camourflage_00629.jpg,0.028501838445663452
SINet-v2/S2C,camourflage_00630.jpg,0.08262705057859421
SINet-v2/S2C,camourflage_00632.jpg,0.02326446771621704
SINet-v2/S2C,camourflage_00633.jpg,0.03987543657422066
SINet-v2/S2C,camourflage_00634.jpg,0.17296777665615082
SINet-v2/S2C,camourflage_00635.jpg,0.02876470983028412
SINet-v2/S2C,camourflage_00636.jpg,0.039809055626392365
SINet-v2/S2C,camourflage_00637.jpg,0.046651940792798996
SINet-v2/S2C,camourflage_00638.jpg,0.06547297537326813
SINet-v2/S2C,camourflage_00639.jpg,0.06487080454826355
SINet-v2/S2C,camourflage_00640.jpg,0.012582411989569664
SINet-v2/S2C,camourflage_00642.jpg,0.031532999128103256
SINet-v2/S2C,camourflage_00643.jpg,0.04848857223987579
SINet-v2/S2C,camourflage_00644.jpg,0.04038358852267265
SINet-v2/S2C,camourflage_00645.jpg,0.07637310773134232
SINet-v2/S2C,camourflage_00646.jpg,0.1428551822900772
SINet-v2/S2C,camourflage_00648.jpg,0.0440380796790123
SINet-v2/S2C,camourflage_00649.jpg,0.02787328138947487
SINet-v2/S2C,camourflage_00650.jpg,0.028544556349515915
SINet-v2/S2C,camourflage_00651.jpg,0.03262006491422653
SINet-v2/S2C,camourflage_00652.jpg,0.054911382496356964
SINet-v2/S2C,camourflage_00653.jpg,0.04255544766783714
SINet-v2/S2C,camourflage_00654.jpg,0.027287987992167473
SINet-v2/S2C,camourflage_00655.jpg,0.26625385880470276
SINet-v2/S2C,camourflage_00656.jpg,0.016206804662942886
SINet-v2/S2C,camourflage_00657.jpg,0.05544419586658478
SINet-v2/S2C,camourflage_00658.jpg,0.04226214066147804
SINet-v2/S2C,camourflage_00659.jpg,0.04476120322942734
SINet-v2/S2C,camourflage_00660.jpg,0.08742251992225647
SINet-v2/S2C,camourflage_00661.jpg,0.08610992133617401
SINet-v2/S2C,camourflage_00662.jpg,0.07279546558856964
SINet-v2/S2C,camourflage_00663.jpg,0.13724902272224426
SINet-v2/S2C,camourflage_00664.jpg,0.051459260284900665
SINet-v2/S2C,camourflage_00665.jpg,0.13918492197990417
SINet-v2/S2C,camourflage_00666.jpg,0.7282153367996216
SINet-v2/S2C,camourflage_00667.jpg,0.23300959169864655
SINet-v2/S2C,camourflage_00668.jpg,0.04015400633215904
SINet-v2/S2C,camourflage_00669.jpg,0.16198310256004333
SINet-v2/S2C,camourflage_00670.jpg,0.03233586996793747
SINet-v2/S2C,camourflage_00671.jpg,0.06016233563423157
SINet-v2/S2C,camourflage_00672.jpg,0.13198065757751465
SINet-v2/S2C,camourflage_00673.jpg,0.02474677935242653
SINet-v2/S2C,camourflage_00674.jpg,0.08751509338617325
SINet-v2/S2C,camourflage_00675.jpg,0.03723544627428055
SINet-v2/S2C,camourflage_00676.jpg,0.051437705755233765
SINet-v2/S2C,camourflage_00678.jpg,0.03944545239210129
SINet-v2/S2C,camourflage_00679.jpg,0.07903970777988434
SINet-v2/S2C,camourflage_00680.jpg,0.034827034920454025
SINet-v2/S2C,camourflage_00681.jpg,0.10801072418689728
SINet-v2/S2C,camourflage_00682.jpg,0.14502136409282684
SINet-v2/S2C,camourflage_00683.jpg,0.1019129604101181
SINet-v2/S2C,camourflage_00684.jpg,0.17968977987766266
SINet-v2/S2C,camourflage_00685.jpg,0.10693831741809845
SINet-v2/S2C,camourflage_00686.jpg,0.06680618226528168
SINet-v2/S2C,camourflage_00687.jpg,0.1366371512413025
SINet-v2/S2C,camourflage_00689.jpg,0.0724569708108902
SINet-v2/S2C,camourflage_00690.jpg,0.02955804392695427
SINet-v2/S2C,camourflage_00691.jpg,0.05310274660587311
SINet-v2/S2C,camourflage_00692.jpg,0.033808574080467224
SINet-v2/S2C,camourflage_00693.jpg,0.03611300140619278
SINet-v2/S2C,camourflage_00695.jpg,0.13547934591770172
SINet-v2/S2C,camourflage_00696.jpg,0.054708510637283325
SINet-v2/S2C,camourflage_00697.jpg,0.07370258122682571
SINet-v2/S2C,camourflage_00698.jpg,0.04701046645641327
SINet-v2/S2C,camourflage_00700.jpg,0.0504990890622139
SINet-v2/S2C,camourflage_00701.jpg,0.03995071351528168
SINet-v2/S2C,camourflage_00702.jpg,0.06171031668782234
SINet-v2/S2C,camourflage_00703.jpg,0.02630455046892166
SINet-v2/S2C,camourflage_00704.jpg,0.07259759306907654
SINet-v2/S2C,camourflage_00705.jpg,0.02636260725557804
SINet-v2/S2C,camourflage_00707.jpg,0.04353891313076019
SINet-v2/S2C,camourflage_00708.jpg,0.11403030157089233
SINet-v2/S2C,camourflage_00709.jpg,0.02391664683818817
SINet-v2/S2C,camourflage_00710.jpg,0.09810696542263031
SINet-v2/S2C,camourflage_00711.jpg,0.09010246396064758
SINet-v2/S2C,camourflage_00712.jpg,0.023042690008878708
SINet-v2/S2C,camourflage_00714.jpg,0.07554593682289124
SINet-v2/S2C,camourflage_00715.jpg,0.03143775463104248
SINet-v2/S2C,camourflage_00716.jpg,0.051711294800043106
SINet-v2/S2C,camourflage_00717.jpg,0.02579161524772644
SINet-v2/S2C,camourflage_00718.jpg,0.061666034162044525
SINet-v2/S2C,camourflage_00719.jpg,0.16161559522151947
SINet-v2/S2C,camourflage_00720.jpg,0.04571199417114258
SINet-v2/S2C,camourflage_00721.jpg,0.23828169703483582
SINet-v2/S2C,camourflage_00722.jpg,0.04861941561102867
SINet-v2/S2C,camourflage_00724.jpg,0.03500101715326309
SINet-v2/S2C,camourflage_00725.jpg,0.06535952538251877
SINet-v2/S2C,camourflage_00726.jpg,0.10302254557609558
SINet-v2/S2C,camourflage_00727.jpg,0.0337827205657959
SINet-v2/S2C,camourflage_00728.jpg,0.06243480369448662
SINet-v2/S2C,camourflage_00729.jpg,0.04469198361039162
SINet-v2/S2C,camourflage_00730.jpg,0.0306856706738472
SINet-v2/S2C,camourflage_00731.jpg,0.08203011751174927
SINet-v2/S2C,camourflage_00732.jpg,0.08433638513088226
SINet-v2/S2C,camourflage_00733.jpg,0.04041041433811188
SINet-v2/S2C,camourflage_00734.jpg,0.04030212014913559
SINet-v2/S2C,camourflage_00735.jpg,0.07558133453130722
SINet-v2/S2C,camourflage_00736.jpg,0.07840573042631149
SINet-v2/S2C,camourflage_00737.jpg,0.07316843420267105
SINet-v2/S2C,camourflage_00738.jpg,0.3043288588523865
SINet-v2/S2C,camourflage_00739.jpg,0.04704171046614647
SINet-v2/S2C,camourflage_00740.jpg,0.11242926120758057
SINet-v2/S2C,camourflage_00741.jpg,0.139333575963974
SINet-v2/S2C,camourflage_00742.jpg,0.06396403163671494
SINet-v2/S2C,camourflage_00743.jpg,0.0383017361164093
SINet-v2/S2C,camourflage_00744.jpg,0.12136711180210114
SINet-v2/S2C,camourflage_00745.jpg,0.037835072726011276
SINet-v2/S2C,camourflage_00746.jpg,0.11451879888772964
SINet-v2/S2C,camourflage_00747.jpg,0.08026014268398285
SINet-v2/S2C,camourflage_00748.jpg,0.10785060375928879
SINet-v2/S2C,camourflage_00749.jpg,0.0938023179769516
SINet-v2/S2C,camourflage_00751.jpg,0.10221295058727264
SINet-v2/S2C,camourflage_00752.jpg,0.12010864913463593
SINet-v2/S2C,camourflage_00753.jpg,0.044795554131269455
SINet-v2/S2C,camourflage_00754.jpg,0.04875006899237633
SINet-v2/S2C,camourflage_00755.jpg,0.40792641043663025
SINet-v2/S2C,camourflage_00756.jpg,0.030145134776830673
SINet-v2/S2C,camourflage_00757.jpg,0.04828091338276863
SINet-v2/S2C,camourflage_00759.jpg,0.02619984559714794
SINet-v2/S2C,camourflage_00760.jpg,0.16593149304389954
SINet-v2/S2C,camourflage_00761.jpg,0.03572053089737892
SINet-v2/S2C,camourflage_00762.jpg,0.03531210124492645
SINet-v2/S2C,camourflage_00763.jpg,0.11971487104892731
SINet-v2/S2C,camourflage_00764.jpg,0.017514070495963097
SINet-v2/S2C,camourflage_00765.jpg,0.0521298348903656
SINet-v2/S2C,camourflage_00766.jpg,0.05722472816705704
SINet-v2/S2C,camourflage_00767.jpg,0.4391697347164154
SINet-v2/S2C,camourflage_00769.jpg,0.039292700588703156
SINet-v2/S2C,camourflage_00770.jpg,0.019218526780605316
SINet-v2/S2C,camourflage_00771.jpg,0.04273632913827896
SINet-v2/S2C,camourflage_00772.jpg,0.053223125636577606
SINet-v2/S2C,camourflage_00773.jpg,0.06690158694982529
SINet-v2/S2C,camourflage_00774.jpg,0.08975659310817719
SINet-v2/S2C,camourflage_00775.jpg,0.1407926082611084
SINet-v2/S2C,camourflage_00776.jpg,0.02693098969757557
SINet-v2/S2C,camourflage_00777.jpg,0.01764424331486225
SINet-v2/S2C,camourflage_00778.jpg,0.03360038995742798
SINet-v2/S2C,camourflage_00780.jpg,0.06864319741725922
SINet-v2/S2C,camourflage_00781.jpg,0.02965601347386837
SINet-v2/S2C,camourflage_00784.jpg,0.038452986627817154
SINet-v2/S2C,camourflage_00785.jpg,0.04862331598997116
SINet-v2/S2C,camourflage_00786.jpg,0.03509724512696266
SINet-v2/S2C,camourflage_00787.jpg,0.05050419643521309
SINet-v2/S2C,camourflage_00788.jpg,0.06630037724971771
SINet-v2/S2C,camourflage_00789.jpg,0.06330150365829468
SINet-v2/S2C,camourflage_00790.jpg,0.036708004772663116
SINet-v2/S2C,camourflage_00791.jpg,0.04285971075296402
SINet-v2/S2C,camourflage_00792.jpg,0.10926272720098495
SINet-v2/S2C,camourflage_00793.jpg,0.035003066062927246
SINet-v2/S2C,camourflage_00795.jpg,0.03641454875469208
SINet-v2/S2C,camourflage_00796.jpg,0.020865553990006447
SINet-v2/S2C,camourflage_00797.jpg,0.015273632481694221
SINet-v2/S2C,camourflage_00798.jpg,0.014012977480888367
SINet-v2/S2C,camourflage_00799.jpg,0.02706865966320038
SINet-v2/S2C,camourflage_00802.jpg,0.01609998382627964
SINet-v2/S2C,camourflage_00803.jpg,0.02454199269413948
SINet-v2/S2C,camourflage_00804.jpg,0.08583027869462967
SINet-v2/S2C,camourflage_00805.jpg,0.043903276324272156
SINet-v2/S2C,camourflage_00806.jpg,0.08768319338560104
SINet-v2/S2C,camourflage_00808.jpg,0.03288517892360687
SINet-v2/S2C,camourflage_00809.jpg,0.020195992663502693
SINet-v2/S2C,camourflage_00810.jpg,0.038901135325431824
SINet-v2/S2C,camourflage_00811.jpg,0.0442812442779541
SINet-v2/S2C,camourflage_00812.jpg,0.05323324725031853
SINet-v2/S2C,camourflage_00813.jpg,0.057744190096855164
SINet-v2/S2C,camourflage_00814.jpg,0.2537080645561218
SINet-v2/S2C,camourflage_00815.jpg,0.23696847259998322
SINet-v2/S2C,camourflage_00816.jpg,0.06211546063423157
SINet-v2/S2C,camourflage_00817.jpg,0.051717329770326614
SINet-v2/S2C,camourflage_00818.jpg,0.019927723333239555
SINet-v2/S2C,camourflage_00819.jpg,0.024702182039618492
SINet-v2/S2C,camourflage_00820.jpg,0.03635096177458763
SINet-v2/S2C,camourflage_00821.jpg,0.05810020491480827
SINet-v2/S2C,camourflage_00822.jpg,0.03301504999399185
SINet-v2/S2C,camourflage_00823.jpg,0.2430230677127838
SINet-v2/S2C,camourflage_00824.jpg,0.025994665920734406
SINet-v2/S2C,camourflage_00825.jpg,0.14689186215400696
SINet-v2/S2C,camourflage_00826.jpg,0.02354477345943451
SINet-v2/S2C,camourflage_00827.jpg,0.04041720926761627
SINet-v2/S2C,camourflage_00828.jpg,0.05299638211727142
SINet-v2/S2C,camourflage_00830.jpg,0.08466196060180664
SINet-v2/S2C,camourflage_00831.jpg,0.05986848473548889
SINet-v2/S2C,camourflage_00832.jpg,0.01902829110622406
SINet-v2/S2C,camourflage_00833.jpg,0.15033476054668427
SINet-v2/S2C,camourflage_00834.jpg,0.05432288721203804
SINet-v2/S2C,camourflage_00835.jpg,0.004162480589002371
SINet-v2/S2C,camourflage_00836.jpg,0.02536332607269287
SINet-v2/S2C,camourflage_00837.jpg,0.03336324542760849
SINet-v2/S2C,camourflage_00838.jpg,0.054930880665779114
SINet-v2/S2C,camourflage_00839.jpg,0.042107850313186646
SINet-v2/S2C,camourflage_00840.jpg,0.03938727825880051
SINet-v2/S2C,camourflage_00841.jpg,0.09769138693809509
SINet-v2/S2C,camourflage_00842.jpg,0.051116764545440674
SINet-v2/S2C,camourflage_00843.jpg,0.045047029852867126
SINet-v2/S2C,camourflage_00844.jpg,0.11977832019329071
SINet-v2/S2C,camourflage_00845.jpg,0.026542235165834427
SINet-v2/S2C,camourflage_00848.jpg,0.05829079449176788
SINet-v2/S2C,camourflage_00849.jpg,0.03856320679187775
SINet-v2/S2C,camourflage_00850.jpg,0.09132619202136993
SINet-v2/S2C,camourflage_00851.jpg,0.23578408360481262
SINet-v2/S2C,camourflage_00852.jpg,0.12589693069458008
SINet-v2/S2C,camourflage_00853.jpg,0.03097352758049965
SINet-v2/S2C,camourflage_00854.jpg,0.038360465317964554
SINet-v2/S2C,camourflage_00855.jpg,0.014879036694765091
SINet-v2/S2C,camourflage_00856.jpg,0.11045669764280319
SINet-v2/S2C,camourflage_00858.jpg,0.039266400039196014
SINet-v2/S2C,camourflage_00859.jpg,0.07120394706726074
SINet-v2/S2C,camourflage_00861.jpg,0.034016113728284836
SINet-v2/S2C,camourflage_00862.jpg,0.025174181908369064
SINet-v2/S2C,camourflage_00864.jpg,0.05515202879905701
SINet-v2/S2C,camourflage_00865.jpg,0.11033830046653748
SINet-v2/S2C,camourflage_00866.jpg,0.1009925827383995
SINet-v2/S2C,camourflage_00867.jpg,0.048157453536987305
SINet-v2/S2C,camourflage_00868.jpg,0.1430003046989441
SINet-v2/S2C,camourflage_00870.jpg,0.03733302652835846
SINet-v2/S2C,camourflage_00871.jpg,0.040604040026664734
SINet-v2/S2C,camourflage_00872.jpg,0.033318839967250824
SINet-v2/S2C,camourflage_00873.jpg,0.06779693812131882
SINet-v2/S2C,camourflage_00874.jpg,0.07644447684288025
SINet-v2/S2C,camourflage_00875.jpg,0.017300046980381012
SINet-v2/S2C,camourflage_00876.jpg,0.08510942757129669
SINet-v2/S2C,camourflage_00877.jpg,0.04757390916347504
SINet-v2/S2C,camourflage_00878.jpg,0.02969590201973915
SINet-v2/S2C,camourflage_00879.jpg,0.01498899981379509
SINet-v2/S2C,camourflage_00880.jpg,0.04738195613026619
SINet-v2/S2C,camourflage_00881.jpg,0.08032266795635223
SINet-v2/S2C,camourflage_00882.jpg,0.03959895670413971
SINet-v2/S2C,camourflage_00883.jpg,0.010760670527815819
SINet-v2/S2C,camourflage_00884.jpg,0.02199791744351387
SINet-v2/S2C,camourflage_00885.jpg,0.1808774173259735
SINet-v2/S2C,camourflage_00886.jpg,0.023716947063803673
SINet-v2/S2C,camourflage_00887.jpg,0.007476438768208027
SINet-v2/S2C,camourflage_00888.jpg,0.07832462340593338
SINet-v2/S2C,camourflage_00889.jpg,0.040821123868227005
SINet-v2/S2C,camourflage_00891.jpg,0.018990948796272278
SINet-v2/S2C,camourflage_00892.jpg,0.04501235857605934
SINet-v2/S2C,camourflage_00893.jpg,0.05332290753722191
SINet-v2/S2C,camourflage_00894.jpg,0.023380544036626816
SINet-v2/S2C,camourflage_00895.jpg,0.0197654590010643
SINet-v2/S2C,camourflage_00896.jpg,0.03878363221883774
SINet-v2/S2C,camourflage_00897.jpg,0.7869850397109985
SINet-v2/S2C,camourflage_00898.jpg,0.08791519701480865
SINet-v2/S2C,camourflage_00899.jpg,0.04589912295341492
SINet-v2/S2C,camourflage_00900.jpg,0.10159927606582642
SINet-v2/S2C,camourflage_00901.jpg,0.06176837906241417
SINet-v2/S2C,camourflage_00902.jpg,0.49237698316574097
SINet-v2/S2C,camourflage_00904.jpg,0.11887646466493607
SINet-v2/S2C,camourflage_00905.jpg,0.02230299822986126
SINet-v2/S2C,camourflage_00906.jpg,0.04350569099187851
SINet-v2/S2C,camourflage_00907.jpg,0.04322342202067375
SINet-v2/S2C,camourflage_00908.jpg,0.14468781650066376
SINet-v2/S2C,camourflage_00909.jpg,0.21792364120483398
SINet-v2/S2C,camourflage_00910.jpg,0.00784433912485838
SINet-v2/S2C,camourflage_00911.jpg,0.39280617237091064
SINet-v2/S2C,camourflage_00912.jpg,0.021924393251538277
SINet-v2/S2C,camourflage_00913.jpg,0.06731707602739334
SINet-v2/S2C,camourflage_00914.jpg,0.2279157191514969
SINet-v2/S2C,camourflage_00915.jpg,0.043656088411808014
SINet-v2/S2C,camourflage_00916.jpg,0.05392509326338768
SINet-v2/S2C,camourflage_00917.jpg,0.036686647683382034
SINet-v2/S2C,camourflage_00918.jpg,0.021644439548254013
SINet-v2/S2C,camourflage_00919.jpg,0.041356079280376434
SINet-v2/S2C,camourflage_00920.jpg,0.03320208936929703
SINet-v2/S2C,camourflage_00921.jpg,0.05641233175992966
SINet-v2/S2C,camourflage_00922.jpg,0.03367370739579201
SINet-v2/S2C,camourflage_00923.jpg,0.03538016229867935
SINet-v2/S2C,camourflage_00925.jpg,0.09150083363056183
SINet-v2/S2C,camourflage_00926.jpg,0.11345143616199493
SINet-v2/S2C,camourflage_00927.jpg,0.042169973254203796
SINet-v2/S2C,camourflage_00929.jpg,0.09063754975795746
SINet-v2/S2C,camourflage_00930.jpg,0.08014550805091858
SINet-v2/S2C,camourflage_00932.jpg,0.07461018115282059
SINet-v2/S2C,camourflage_00933.jpg,0.06720142811536789
SINet-v2/S2C,camourflage_00934.jpg,0.14615237712860107
SINet-v2/S2C,camourflage_00935.jpg,0.02030102163553238
SINet-v2/S2C,camourflage_00936.jpg,0.01720629446208477
SINet-v2/S2C,camourflage_00937.jpg,0.12680965662002563
SINet-v2/S2C,camourflage_00938.jpg,0.013299092650413513
SINet-v2/S2C,camourflage_00940.jpg,0.08419349789619446
SINet-v2/S2C,camourflage_00941.jpg,0.3885069787502289
SINet-v2/S2C,camourflage_00942.jpg,0.10365146398544312
SINet-v2/S2C,camourflage_00943.jpg,0.029488282278180122
SINet-v2/S2C,camourflage_00945.jpg,0.04338385537266731
SINet-v2/S2C,camourflage_00946.jpg,0.20394431054592133
SINet-v2/S2C,camourflage_00947.jpg,0.021834388375282288
SINet-v2/S2C,camourflage_00948.jpg,0.07589618861675262
SINet-v2/S2C,camourflage_00949.jpg,0.0321267768740654
SINet-v2/S2C,camourflage_00950.jpg,0.01704900898039341
SINet-v2/S2C,camourflage_00951.jpg,0.43667519092559814
SINet-v2/S2C,camourflage_00952.jpg,0.02910918928682804
SINet-v2/S2C,camourflage_00953.jpg,0.17809170484542847
SINet-v2/S2C,camourflage_00954.jpg,0.04868192970752716
SINet-v2/S2C,camourflage_00955.jpg,0.04562219977378845
SINet-v2/S2C,camourflage_00956.jpg,0.07255610823631287
SINet-v2/S2C,camourflage_00957.jpg,0.16302518546581268
SINet-v2/S2C,camourflage_00958.jpg,0.019326739013195038
SINet-v2/S2C,camourflage_00960.jpg,0.012721085920929909
SINet-v2/S2C,camourflage_00961.jpg,0.04252566024661064
SINet-v2/S2C,camourflage_00962.jpg,0.07485677301883698
SINet-v2/S2C,camourflage_00963.jpg,0.27938222885131836
SINet-v2/S2C,camourflage_00964.jpg,0.05981054529547691
SINet-v2/S2C,camourflage_00965.jpg,0.04320134222507477
SINet-v2/S2C,camourflage_00966.jpg,0.03742062300443649
SINet-v2/S2C,camourflage_00967.jpg,0.05776427686214447
SINet-v2/S2C,camourflage_00968.jpg,0.022657183930277824
SINet-v2/S2C,camourflage_00969.jpg,0.01979791931807995
SINet-v2/S2C,camourflage_00970.jpg,0.10279425978660583
SINet-v2/S2C,camourflage_00971.jpg,0.13193610310554504
SINet-v2/S2C,camourflage_00972.jpg,0.017364898696541786
SINet-v2/S2C,camourflage_00973.jpg,0.005479823797941208
SINet-v2/S2C,camourflage_00974.jpg,0.026558764278888702
SINet-v2/S2C,camourflage_00975.jpg,0.05410167574882507
SINet-v2/S2C,camourflage_00976.jpg,0.10381919145584106
SINet-v2/S2C,camourflage_00978.jpg,0.038580358028411865
SINet-v2/S2C,camourflage_00979.jpg,0.04454319179058075
SINet-v2/S2C,camourflage_00980.jpg,0.015139339491724968
SINet-v2/S2C,camourflage_00981.jpg,0.027438238263130188
SINet-v2/S2C,camourflage_00982.jpg,0.08164855092763901
SINet-v2/S2C,camourflage_00983.jpg,0.06418044865131378
SINet-v2/S2C,camourflage_00984.jpg,0.22511842846870422
SINet-v2/S2C,camourflage_00986.jpg,0.05281168967485428
SINet-v2/S2C,camourflage_00987.jpg,0.11397555470466614
SINet-v2/S2C,camourflage_00988.jpg,0.11392384767532349
SINet-v2/S2C,camourflage_00989.jpg,0.013393612578511238
SINet-v2/S2C,camourflage_00990.jpg,0.07847330719232559
SINet-v2/S2C,camourflage_00992.jpg,0.07328008860349655
SINet-v2/S2C,camourflage_00993.jpg,0.13439954817295074
SINet-v2/S2C,camourflage_00994.jpg,0.0415906086564064
SINet-v2/S2C,camourflage_00995.jpg,0.013097913935780525
SINet-v2/S2C,camourflage_00996.jpg,0.024435512721538544
SINet-v2/S2C,camourflage_00999.jpg,0.02580929920077324
SINet-v2/S2C,camourflage_01000.jpg,0.08916927129030228
SINet-v2/S2C,camourflage_01002.jpg,0.0574931800365448
SINet-v2/S2C,camourflage_01005.jpg,0.2748013734817505
SINet-v2/S2C,camourflage_01007.jpg,0.07625643908977509
SINet-v2/S2C,camourflage_01010.jpg,0.07715310156345367
SINet-v2/S2C,camourflage_01011.jpg,0.2808401584625244
SINet-v2/S2C,camourflage_01012.jpg,0.028255755081772804
SINet-v2/S2C,camourflage_01013.jpg,0.019322147592902184
SINet-v2/S2C,camourflage_01015.jpg,0.14381220936775208
SINet-v2/S2C,camourflage_01017.jpg,0.3972536325454712
SINet-v2/S2C,camourflage_01019.jpg,0.14157012104988098
SINet-v2/S2C,camourflage_01022.jpg,0.20734113454818726
SINet-v2/S2C,camourflage_01024.jpg,0.132463276386261
SINet-v2/S2C,camourflage_01026.jpg,0.058209240436553955
SINet-v2/S2C,camourflage_01028.jpg,0.05178224295377731
SINet-v2/S2C,camourflage_01029.jpg,0.013813730329275131
SINet-v2/S2C,camourflage_01031.jpg,0.165663480758667
SINet-v2/S2C,camourflage_01033.jpg,0.09914043545722961
SINet-v2/S2C,camourflage_01035.jpg,0.041816212236881256
SINet-v2/S2C,camourflage_01036.jpg,0.19608265161514282
SINet-v2/S2C,camourflage_01037.jpg,0.055981483310461044
SINet-v2/S2C,camourflage_01038.jpg,0.0010318020358681679
SINet-v2/S2C,camourflage_01039.jpg,0.08374883979558945
SINet-v2/S2C,camourflage_01040.jpg,0.052463971078395844
SINet-v2/S2C,camourflage_01042.jpg,0.09360338002443314
SINet-v2/S2C,camourflage_01043.jpg,0.09199729561805725
SINet-v2/S2C,camourflage_01045.jpg,0.3810783624649048
SINet-v2/S2C,camourflage_01047.jpg,0.04856543242931366
SINet-v2/S2C,camourflage_01049.jpg,0.0038155685178935528
SINet-v2/S2C,camourflage_01051.jpg,0.015939638018608093
SINet-v2/S2C,camourflage_01054.jpg,0.12936078011989594
SINet-v2/S2C,camourflage_01055.jpg,0.11091834306716919
SINet-v2/S2C,camourflage_01057.jpg,0.11957980692386627
SINet-v2/S2C,camourflage_01059.jpg,0.020680954679846764
SINet-v2/S2C,camourflage_01060.jpg,0.09883008152246475
SINet-v2/S2C,camourflage_01061.jpg,0.2579041123390198
SINet-v2/S2C,camourflage_01062.jpg,0.05644962936639786
SINet-v2/S2C,camourflage_01063.jpg,0.06346476078033447
SINet-v2/S2C,camourflage_01065.jpg,0.10811115056276321
SINet-v2/S2C,camourflage_01069.jpg,0.0788404792547226
SINet-v2/S2C,camourflage_01071.jpg,0.08600376546382904
SINet-v2/S2C,camourflage_01073.jpg,0.10288551449775696
SINet-v2/S2C,camourflage_01076.jpg,0.34490472078323364
SINet-v2/S2C,camourflage_01077.jpg,0.06540708988904953
SINet-v2/S2C,camourflage_01079.jpg,0.03088330663740635
SINet-v2/S2C,camourflage_01080.jpg,0.09935037046670914
SINet-v2/S2C,camourflage_01083.jpg,0.1451643854379654
SINet-v2/S2C,camourflage_01084.jpg,0.11153583973646164
SINet-v2/S2C,camourflage_01085.jpg,0.03788893669843674
SINet-v2/S2C,camourflage_01086.jpg,0.024628300219774246
SINet-v2/S2C,camourflage_01088.jpg,0.08696527779102325
SINet-v2/S2C,camourflage_01089.jpg,0.04480833560228348
SINet-v2/S2C,camourflage_01092.jpg,0.06566382944583893
SINet-v2/S2C,camourflage_01093.jpg,0.040586087852716446
SINet-v2/S2C,camourflage_01097.jpg,0.037484072148799896
SINet-v2/S2C,camourflage_01099.jpg,0.042967215180397034
SINet-v2/S2C,camourflage_01102.jpg,0.35802799463272095
SINet-v2/S2C,camourflage_01108.jpg,0.08379195630550385
SINet-v2/S2C,camourflage_01109.jpg,0.029917657375335693
SINet-v2/S2C,camourflage_01111.jpg,0.03629134222865105
SINet-v2/S2C,camourflage_01114.jpg,0.040446098893880844
SINet-v2/S2C,camourflage_01119.jpg,0.033027563244104385
SINet-v2/S2C,camourflage_01120.jpg,0.02054983749985695
SINet-v2/S2C,camourflage_01121.jpg,0.12059690803289413
SINet-v2/S2C,camourflage_01123.jpg,0.18854117393493652
SINet-v2/S2C,camourflage_01124.jpg,0.12001058459281921
SINet-v2/S2C,camourflage_01125.jpg,0.1936410367488861
SINet-v2/S2C,camourflage_01127.jpg,0.21403297781944275
SINet-v2/S2C,camourflage_01129.jpg,0.31388404965400696
SINet-v2/S2C,camourflage_01130.jpg,0.07088670134544373
SINet-v2/S2C,camourflage_01134.jpg,0.16689454019069672
SINet-v2/S2C,camourflage_01136.jpg,0.09184818714857101
SINet-v2/S2C,camourflage_01138.jpg,0.11107237637042999
SINet-v2/S2C,camourflage_01142.jpg,0.04948387295007706
SINet-v2/S2C,camourflage_01146.jpg,0.14932425320148468
SINet-v2/S2C,camourflage_01147.jpg,0.30613213777542114
SINet-v2/S2C,camourflage_01149.jpg,0.11710730940103531
SINet-v2/S2C,camourflage_01152.jpg,0.14049680531024933
SINet-v2/S2C,camourflage_01153.jpg,0.1470184028148651
SINet-v2/S2C,camourflage_01155.jpg,0.0826924592256546
SINet-v2/S2C,camourflage_01157.jpg,0.053217340260744095
SINet-v2/S2C,camourflage_01160.jpg,0.4732170104980469
SINet-v2/S2C,camourflage_01162.jpg,0.09007971733808517
SINet-v2/S2C,camourflage_01166.jpg,0.060065850615501404
SINet-v2/S2C,camourflage_01167.jpg,0.0934489518404007
SINet-v2/S2C,camourflage_01169.jpg,0.033521149307489395
SINet-v2/S2C,camourflage_01171.jpg,0.21080893278121948
SINet-v2/S2C,camourflage_01173.jpg,0.017585065215826035
SINet-v2/S2C,camourflage_01174.jpg,0.2744704782962799
SINet-v2/S2C,camourflage_01176.jpg,0.13629087805747986
SINet-v2/S2C,camourflage_01178.jpg,0.12869426608085632
SINet-v2/S2C,camourflage_01184.jpg,0.025737950578331947
SINet-v2/S2C,camourflage_01186.jpg,0.23496384918689728
SINet-v2/S2C,camourflage_01187.jpg,0.2803707718849182
SINet-v2/S2C,camourflage_01191.jpg,0.3800176978111267
SINet-v2/S2C,camourflage_01197.jpg,0.11543060839176178
SINet-v2/S2C,camourflage_01198.jpg,0.1324864625930786
SINet-v2/S2C,camourflage_01201.jpg,0.02914494276046753
SINet-v2/S2C,camourflage_01202.jpg,0.10301247984170914
SINet-v2/S2C,camourflage_01203.jpg,0.05808871239423752
SINet-v2/S2C,camourflage_01204.jpg,0.040130551904439926
SINet-v2/S2C,camourflage_01206.jpg,0.13756021857261658
SINet-v2/S2C,camourflage_01207.jpg,0.10980688035488129
SINet-v2/S2C,camourflage_01209.jpg,0.04648210480809212
SINet-v2/S2C,camourflage_01212.jpg,0.06928351521492004
SINet-v2/S2C,camourflage_01213.jpg,0.16677582263946533
SINet-v2/S2C,camourflage_01214.jpg,0.024963242933154106
SINet-v2/S2C,camourflage_01215.jpg,0.08459363877773285
SINet-v2/S2C,camourflage_01216.jpg,0.0005053248605690897
SINet-v2/S2C,camourflage_01218.jpg,0.04120805114507675
SINet-v2/S2C,camourflage_01219.jpg,0.07004138082265854
SINet-v2/S2C,camourflage_01220.jpg,0.12504364550113678
SINet-v2/S2C,camourflage_01221.jpg,0.07017652690410614
SINet-v2/S2C,camourflage_01222.jpg,1.3973585367202759
SINet-v2/S2C,camourflage_01223.jpg,0.18163937330245972
SINet-v2/S2C,camourflage_01224.jpg,0.15452617406845093
SINet-v2/S2C,camourflage_01225.jpg,0.03658806532621384
SINet-v2/S2C,camourflage_01226.jpg,0.13721027970314026
SINet-v2/S2C,camourflage_01227.jpg,0.03608624264597893
SINet-v2/S2C,camourflage_01228.jpg,0.020227545872330666
SINet-v2/S2C,camourflage_01229.jpg,0.0814959853887558
SINet-v2/S2C,camourflage_01230.jpg,0.05316286161541939
SINet-v2/S2C,camourflage_01231.jpg,0.1622554361820221
SINet-v2/S2C,camourflage_01232.jpg,0.11086515337228775
SINet-v2/S2C,camourflage_01233.jpg,0.1266605257987976
SINet-v2/S2C,camourflage_01234.jpg,0.11588326096534729
SINet-v2/S2C,camourflage_01236.jpg,0.04454739764332771
SINet-v2/S2C,camourflage_01237.jpg,0.07002091407775879
SINet-v2/S2C,camourflage_01238.jpg,0.02231958508491516
SINet-v2/S2C,camourflage_01239.jpg,0.14713618159294128
SINet-v2/S2C,camourflage_01241.jpg,0.03286755457520485
SINet-v2/S2C,camourflage_01246.jpg,0.04345840960741043
SINet-v2/S2C,camourflage_01248.jpg,0.07949408888816833
SINet-v2/S2C,camourflage_01249.jpg,0.18087580800056458
