name,shape_mismatch,mean_abs,max_abs,identical
SOD_0004.jpg,0,0.0,0,1
SOD_0005.jpg,0,0.0,0,1
SOD_0006.jpg,0,0.0,0,1
SOD_0007.jpg,0,0.0,0,1
SOD_0008.jpg,0,0.0,0,1
SOD_0009.jpg,0,0.0,0,1
SOD_0010.jpg,0,0.0,0,1
SOD_0011.jpg,0,0.0,0,1
SOD_0012.jpg,0,0.0,0,1
SOD_0014.jpg,0,0.0,0,1
SOD_0015.jpg,0,0.0,0,1
SOD_0016.jpg,0,0.0,0,1
SOD_0020.jpg,0,0.0,0,1
SOD_0021.jpg,0,0.0,0,1
SOD_0024.jpg,0,0.0,0,1
SOD_0027.jpg,0,0.0,0,1
SOD_0029.jpg,0,0.0,0,1
SOD_0030.jpg,0,0.0,0,1
SOD_0031.jpg,0,0.0,0,1
SOD_0032.jpg,0,0.0,0,1
SOD_0035.jpg,0,0.0,0,1
SOD_0038.jpg,0,0.0,0,1
SOD_0040.jpg,0,0.0,0,1
SOD_0041.jpg,0,0.0,0,1
SOD_0042.jpg,0,0.0,0,1
SOD_0044.jpg,0,0.0,0,1
SOD_0045.jpg,0,0.0,0,1
SOD_0047.jpg,0,0.0,0,1
SOD_0048.jpg,0,0.0,0,1
SOD_0050.jpg,0,0.0,0,1
SOD_0051.jpg,0,0.0,0,1
SOD_0053.jpg,0,0.0,0,1
SOD_0054.jpg,0,0.0,0,1
SOD_0056.jpg,0,0.0,0,1
SOD_0057.jpg,0,0.0,0,1
SOD_0058.jpg,0,0.0,0,1
SOD_0059.jpg,0,0.0,0,1
SOD_0060.jpg,0,0.0,0,1
SOD_0061.jpg,0,0.0,0,1
SOD_0062.jpg,0,0.0,0,1
SOD_0063.jpg,0,0.0,0,1
SOD_0064.jpg,0,0.0,0,1
SOD_0068.jpg,0,0.0,0,1
SOD_0070.jpg,0,0.0,0,1
SOD_0072.jpg,0,0.0,0,1
SOD_0073.jpg,0,0.0,0,1
SOD_0074.jpg,0,0.0,0,1
SOD_0076.jpg,0,0.0,0,1
SOD_0080.jpg,0,0.0,0,1
SOD_0081.jpg,0,0.0,0,1
SOD_0083.jpg,0,0.0,0,1
SOD_0084.jpg,0,0.0,0,1
SOD_0085.jpg,0,0.0,0,1
SOD_0086.jpg,0,0.0,0,1
SOD_0087.jpg,0,0.0,0,1
SOD_0088.jpg,0,0.0,0,1
SOD_0089.jpg,0,0.0,0,1
SOD_0090.jpg,0,0.0,0,1
SOD_0091.jpg,0,0.0,0,1
SOD_0094.jpg,0,0.0,0,1
SOD_0095.jpg,0,0.0,0,1
SOD_0096.jpg,0,0.0,0,1
SOD_0097.jpg,0,0.0,0,1
SOD_0098.jpg,0,0.0,0,1
SOD_0099.jpg,0,0.0,0,1
SOD_0100.jpg,0,0.0,0,1
SOD_0101.jpg,0,0.0,0,1
SOD_0102.jpg,0,0.0,0,1
SOD_0103.jpg,0,0.0,0,1
SOD_0104.jpg,0,0.0,0,1
SOD_0105.jpg,0,0.0,0,1
SOD_0107.jpg,0,0.0,0,1
SOD_0108.jpg,0,0.0,0,1
SOD_0109.jpg,0,0.0,0,1
SOD_0110.jpg,0,0.0,0,1
SOD_0111.jpg,0,0.0,0,1
SOD_0112.jpg,0,0.0,0,1
SOD_0113.jpg,0,0.0,0,1
SOD_0114.jpg,0,0.0,0,1
SOD_0115.jpg,0,0.0,0,1
SOD_0116.jpg,0,0.0,0,1
SOD_0117.jpg,0,0.0,0,1
SOD_0118.jpg,0,0.0,0,1
SOD_0121.jpg,0,0.0,0,1
SOD_0126.jpg,0,0.0,0,1
SOD_0127.jpg,0,0.0,0,1
SOD_0129.jpg,0,0.0,0,1
SOD_0132.jpg,0,0.0,0,1
SOD_0133.jpg,0,0.0,0,1
SOD_0134.jpg,0,0.0,0,1
SOD_0137.jpg,0,0.0,0,1
SOD_0138.jpg,0,0.0,0,1
SOD_0140.jpg,0,0.0,0,1
SOD_0142.jpg,0,0.0,0,1
SOD_0143.jpg,0,0.0,0,1
SOD_0144.jpg,0,0.0,0,1
SOD_0145.jpg,0,0.0,0,1
SOD_0146.jpg,0,0.0,0,1
SOD_0147.jpg,0,0.0,0,1
SOD_0148.jpg,0,0.0,0,1
SOD_0150.jpg,0,0.0,0,1
SOD_0151.jpg,0,0.0,0,1
SOD_0153.jpg,0,0.0,0,1
SOD_0157.jpg,0,0.0,0,1
SOD_0159.jpg,0,0.0,0,1
SOD_0160.jpg,0,0.0,0,1
SOD_0161.jpg,0,0.0,0,1
SOD_0162.jpg,0,0.0,0,1
SOD_0163.jpg,0,0.0,0,1
SOD_0164.jpg,0,0.0,0,1
SOD_0168.jpg,0,0.0,0,1
SOD_0170.jpg,0,0.0,0,1
SOD_0172.jpg,0,0.0,0,1
SOD_0173.jpg,0,0.0,0,1
SOD_0176.jpg,0,0.0,0,1
SOD_0177.jpg,0,0.0,0,1
SOD_0178.jpg,0,0.0,0,1
SOD_0179.jpg,0,0.0,0,1
SOD_0187.jpg,0,0.0,0,1
SOD_0192.jpg,0,0.0,0,1
SOD_0193.jpg,0,0.0,0,1
SOD_0194.jpg,0,0.0,0,1
SOD_0195.jpg,0,0.0,0,1
SOD_0196.jpg,0,0.0,0,1
SOD_0199.jpg,0,0.0,0,1
SOD_0201.jpg,0,0.0,0,1
SOD_0202.jpg,0,0.0,0,1
SOD_0204.jpg,0,0.0,0,1
SOD_0205.jpg,0,0.0,0,1
SOD_0206.jpg,0,0.0,0,1
SOD_0207.jpg,0,0.0,0,1
SOD_0208.jpg,0,0.0,0,1
SOD_0209.jpg,0,0.0,0,1
SOD_0210.jpg,0,0.0,0,1
SOD_0211.jpg,0,0.0,0,1
SOD_0212.jpg,0,0.0,0,1
SOD_0213.jpg,0,0.0,0,1
SOD_0216.jpg,0,0.0,0,1
SOD_0217.jpg,0,0.0,0,1
SOD_0221.jpg,0,0.0,0,1
SOD_0222.jpg,0,0.0,0,1
SOD_0223.jpg,0,0.0,0,1
SOD_0224.jpg,0,0.0,0,1
SOD_0225.jpg,0,0.0,0,1
SOD_0226.jpg,0,0.0,0,1
SOD_0227.jpg,0,0.0,0,1
SOD_0228.jpg,0,0.0,0,1
SOD_0229.jpg,0,0.0,0,1
SOD_0233.jpg,0,0.0,0,1
SOD_0234.jpg,0,0.0,0,1
SOD_0235.jpg,0,0.0,0,1
SOD_0237.jpg,0,0.0,0,1
SOD_0239.jpg,0,0.0,0,1
SOD_0240.jpg,0,0.0,0,1
SOD_0243.jpg,0,0.0,0,1
SOD_0244.jpg,0,0.0,0,1
SOD_0247.jpg,0,0.0,0,1
SOD_0248.jpg,0,0.0,0,1
SOD_0250.jpg,0,0.0,0,1
SOD_0251.jpg,0,0.0,0,1
SOD_0253.jpg,0,0.0,0,1
SOD_0254.jpg,0,0.0,0,1
SOD_0255.jpg,0,0.0,0,1
SOD_0258.jpg,0,0.0,0,1
SOD_0259.jpg,0,0.0,0,1
SOD_0260.jpg,0,0.0,0,1
SOD_0261.jpg,0,0.0,0,1
SOD_0264.jpg,0,0.0,0,1
SOD_0265.jpg,0,0.0,0,1
SOD_0267.jpg,0,0.0,0,1
SOD_0269.jpg,0,0.0,0,1
SOD_0270.jpg,0,0.0,0,1
SOD_0271.jpg,0,0.0,0,1
SOD_0274.jpg,0,0.0,0,1
SOD_0275.jpg,0,0.0,0,1
SOD_0276.jpg,0,0.0,0,1
SOD_0277.jpg,0,0.0,0,1
SOD_0279.jpg,0,0.0,0,1
SOD_0280.jpg,0,0.0,0,1
SOD_0282.jpg,0,0.0,0,1
SOD_0283.jpg,0,0.0,0,1
SOD_0284.jpg,0,0.0,0,1
SOD_0286.jpg,0,0.0,0,1
SOD_0290.jpg,0,0.0,0,1
SOD_0291.jpg,0,0.0,0,1
SOD_0293.jpg,0,0.0,0,1
SOD_0297.jpg,0,0.0,0,1
SOD_0298.jpg,0,0.0,0,1
SOD_0299.jpg,0,0.0,0,1
SOD_0300.jpg,0,0.0,0,1
SOD_0302.jpg,0,0.0,0,1
SOD_0304.jpg,0,0.0,0,1
SOD_0305.jpg,0,0.0,0,1
SOD_0307.jpg,0,0.0,0,1
SOD_0310.jpg,0,0.0,0,1
SOD_0311.jpg,0,0.0,0,1
SOD_0312.jpg,0,0.0,0,1
SOD_0313.jpg,0,0.0,0,1
SOD_0315.jpg,0,0.0,0,1
SOD_0316.jpg,0,0.0,0,1
SOD_0317.jpg,0,0.0,0,1
SOD_0320.jpg,0,0.0,0,1
SOD_0324.jpg,0,0.0,0,1
SOD_0325.jpg,0,0.0,0,1
SOD_0326.jpg,0,0.0,0,1
SOD_0327.jpg,0,0.0,0,1
SOD_0328.jpg,0,0.0,0,1
SOD_0329.jpg,0,0.0,0,1
SOD_0330.jpg,0,0.0,0,1
SOD_0331.jpg,0,0.0,0,1
SOD_0332.jpg,0,0.0,0,1
SOD_0333.jpg,0,0.0,0,1
SOD_0335.jpg,0,0.0,0,1
SOD_0336.jpg,0,0.0,0,1
SOD_0337.jpg,0,0.0,0,1
SOD_0338.jpg,0,0.0,0,1
SOD_0339.jpg,0,0.0,0,1
SOD_0340.jpg,0,0.0,0,1
SOD_0343.jpg,0,0.0,0,1
SOD_0345.jpg,0,0.0,0,1
SOD_0346.jpg,0,0.0,0,1
SOD_0348.jpg,0,0.0,0,1
SOD_0349.jpg,0,0.0,0,1
SOD_0350.jpg,0,0.0,0,1
SOD_0352.jpg,0,0.0,0,1
SOD_0353.jpg,0,0.0,0,1
SOD_0354.jpg,0,0.0,0,1
SOD_0357.jpg,0,0.0,0,1
SOD_0358.jpg,0,0.0,0,1
SOD_0359.jpg,0,0.0,0,1
SOD_0360.jpg,0,0.0,0,1
SOD_0361.jpg,0,0.0,0,1
SOD_0362.jpg,0,0.0,0,1
SOD_0363.jpg,0,0.0,0,1
SOD_0364.jpg,0,0.0,0,1
SOD_0365.jpg,0,0.0,0,1
SOD_0366.jpg,0,0.0,0,1
SOD_0369.jpg,0,0.0,0,1
SOD_0371.jpg,0,0.0,0,1
SOD_0372.jpg,0,0.0,0,1
SOD_0373.jpg,0,0.0,0,1
SOD_0374.jpg,0,0.0,0,1
SOD_0376.jpg,0,0.0,0,1
SOD_0378.jpg,0,0.0,0,1
SOD_0379.jpg,0,0.0,0,1
SOD_0380.jpg,0,0.0,0,1
SOD_0381.jpg,0,0.0,0,1
SOD_0382.jpg,0,0.0,0,1
SOD_0383.jpg,0,0.0,0,1
SOD_0384.jpg,0,0.0,0,1
SOD_0385.jpg,0,0.0,0,1
SOD_0386.jpg,0,0.0,0,1
SOD_0387.jpg,0,0.0,0,1
SOD_0389.jpg,0,0.0,0,1
SOD_0390.jpg,0,0.0,0,1
SOD_0391.jpg,0,0.0,0,1
SOD_0392.jpg,0,0.0,0,1
SOD_0393.jpg,0,0.0,0,1
SOD_0395.jpg,0,0.0,0,1
SOD_0396.jpg,0,0.0,0,1
SOD_0397.jpg,0,0.0,0,1
SOD_0398.jpg,0,0.0,0,1
SOD_0399.jpg,0,0.0,0,1
SOD_0400.jpg,0,0.0,0,1
SOD_0401.jpg,0,0.0,0,1
SOD_0402.jpg,0,0.0,0,1
SOD_0403.jpg,0,0.0,0,1
SOD_0405.jpg,0,0.0,0,1
SOD_0406.jpg,0,0.0,0,1
SOD_0407.jpg,0,0.0,0,1
SOD_0408.jpg,0,0.0,0,1
SOD_0412.jpg,0,0.0,0,1
SOD_0413.jpg,0,0.0,0,1
SOD_0414.jpg,0,0.0,0,1
SOD_0417.jpg,0,0.0,0,1
SOD_0418.jpg,0,0.0,0,1
SOD_0419.jpg,0,0.0,0,1
SOD_0420.jpg,0,0.0,0,1
SOD_0422.jpg,0,0.0,0,1
SOD_0423.jpg,0,0.0,0,1
SOD_0424.jpg,0,0.0,0,1
SOD_0425.jpg,0,0.0,0,1
SOD_0426.jpg,0,0.0,0,1
SOD_0428.jpg,0,0.0,0,1
SOD_0429.jpg,0,0.0,0,1
SOD_0431.jpg,0,0.0,0,1
SOD_0432.jpg,0,0.0,0,1
SOD_0434.jpg,0,0.0,0,1
SOD_0436.jpg,0,0.0,0,1
SOD_0439.jpg,0,0.0,0,1
SOD_0440.jpg,0,0.0,0,1
SOD_0441.jpg,0,0.0,0,1
SOD_0442.jpg,0,0.0,0,1
SOD_0443.jpg,0,0.0,0,1
SOD_0444.jpg,0,0.0,0,1
SOD_0445.jpg,0,0.0,0,1
SOD_0446.jpg,0,0.0,0,1
SOD_0448.jpg,0,0.0,0,1
SOD_0450.jpg,0,0.0,0,1
SOD_0451.jpg,0,0.0,0,1
SOD_0452.jpg,0,0.0,0,1
SOD_0453.jpg,0,0.0,0,1
SOD_0454.jpg,0,0.0,0,1
SOD_0455.jpg,0,0.0,0,1
SOD_0456.jpg,0,0.0,0,1
SOD_0457.jpg,0,0.0,0,1
SOD_0458.jpg,0,0.0,0,1
SOD_0459.jpg,0,0.0,0,1
SOD_0460.jpg,0,0.0,0,1
SOD_0461.jpg,0,0.0,0,1
SOD_0462.jpg,0,0.0,0,1
SOD_0463.jpg,0,0.0,0,1
SOD_0464.jpg,0,0.0,0,1
SOD_0465.jpg,0,0.0,0,1
SOD_0466.jpg,0,0.0,0,1
SOD_0467.jpg,0,0.0,0,1
SOD_0471.jpg,0,0.0,0,1
SOD_0472.jpg,0,0.0,0,1
SOD_0473.jpg,0,0.0,0,1
SOD_0474.jpg,0,0.0,0,1
SOD_0475.jpg,0,0.0,0,1
SOD_0476.jpg,0,0.0,0,1
SOD_0477.jpg,0,0.0,0,1
SOD_0478.jpg,0,0.0,0,1
SOD_0479.jpg,0,0.0,0,1
SOD_0487.jpg,0,0.0,0,1
SOD_0488.jpg,0,0.0,0,1
SOD_0489.jpg,0,0.0,0,1
SOD_0490.jpg,0,0.0,0,1
SOD_0491.jpg,0,0.0,0,1
SOD_0492.jpg,0,0.0,0,1
SOD_0493.jpg,0,0.0,0,1
SOD_0496.jpg,0,0.0,0,1
SOD_0497.jpg,0,0.0,0,1
SOD_0498.jpg,0,0.0,0,1
SOD_0499.jpg,0,0.0,0,1
SOD_0500.jpg,0,0.0,0,1
SOD_0501.jpg,0,0.0,0,1
SOD_0502.jpg,0,0.0,0,1
SOD_0504.jpg,0,0.0,0,1
SOD_0505.jpg,0,0.0,0,1
SOD_0507.jpg,0,0.0,0,1
SOD_0508.jpg,0,0.0,0,1
SOD_0510.jpg,0,0.0,0,1
SOD_0511.jpg,0,0.0,0,1
SOD_0512.jpg,0,0.0,0,1
SOD_0513.jpg,0,0.0,0,1
SOD_0514.jpg,0,0.0,0,1
SOD_0515.jpg,0,0.0,0,1
SOD_0517.jpg,0,0.0,0,1
SOD_0518.jpg,0,0.0,0,1
SOD_0520.jpg,0,0.0,0,1
SOD_0521.jpg,0,0.0,0,1
SOD_0522.jpg,0,0.0,0,1
SOD_0525.jpg,0,0.0,0,1
SOD_0526.jpg,0,0.0,0,1
SOD_0528.jpg,0,0.0,0,1
SOD_0529.jpg,0,0.0,0,1
SOD_0532.jpg,0,0.0,0,1
SOD_0534.jpg,0,0.0,0,1
SOD_0535.jpg,0,0.0,0,1
SOD_0537.jpg,0,0.0,0,1
SOD_0538.jpg,0,0.0,0,1
SOD_0540.jpg,0,0.0,0,1
SOD_0542.jpg,0,0.0,0,1
SOD_0543.jpg,0,0.0,0,1
SOD_0545.jpg,0,0.0,0,1
SOD_0546.jpg,0,0.0,0,1
SOD_0551.jpg,0,0.0,0,1
SOD_0552.jpg,0,0.0,0,1
SOD_0553.jpg,0,0.0,0,1
SOD_0554.jpg,0,0.0,0,1
SOD_0555.jpg,0,0.0,0,1
SOD_0557.jpg,0,0.0,0,1
SOD_0559.jpg,0,0.0,0,1
SOD_0560.jpg,0,0.0,0,1
SOD_0561.jpg,0,0.0,0,1
SOD_0562.jpg,0,0.0,0,1
SOD_0563.jpg,0,0.0,0,1
SOD_0564.jpg,0,0.0,0,1
SOD_0565.jpg,0,0.0,0,1
SOD_0567.jpg,0,0.0,0,1
SOD_0568.jpg,0,0.0,0,1
SOD_0570.jpg,0,0.0,0,1
SOD_0571.jpg,0,0.0,0,1
SOD_0572.jpg,0,0.0,0,1
SOD_0573.jpg,0,0.0,0,1
SOD_0574.jpg,0,0.0,0,1
SOD_0577.jpg,0,0.0,0,1
SOD_0578.jpg,0,0.0,0,1
SOD_0579.jpg,0,0.0,0,1
SOD_0580.jpg,0,0.0,0,1
SOD_0585.jpg,0,0.0,0,1
SOD_0588.jpg,0,0.0,0,1
SOD_0590.jpg,0,0.0,0,1
SOD_0591.jpg,0,0.0,0,1
SOD_0592.jpg,0,0.0,0,1
SOD_0594.jpg,0,0.0,0,1
SOD_0595.jpg,0,0.0,0,1
SOD_0597.jpg,0,0.0,0,1
SOD_0599.jpg,0,0.0,0,1
SOD_0600.jpg,0,0.0,0,1
SOD_0601.jpg,0,0.0,0,1
SOD_0602.jpg,0,0.0,0,1
SOD_0604.jpg,0,0.0,0,1
SOD_0605.jpg,0,0.0,0,1
SOD_0607.jpg,0,0.0,0,1
SOD_0610.jpg,0,0.0,0,1
SOD_0611.jpg,0,0.0,0,1
SOD_0612.jpg,0,0.0,0,1
SOD_0613.jpg,0,0.0,0,1
SOD_0614.jpg,0,0.0,0,1
SOD_0616.jpg,0,0.0,0,1
SOD_0618.jpg,0,0.0,0,1
SOD_0621.jpg,0,0.0,0,1
SOD_0628.jpg,0,0.0,0,1
SOD_0629.jpg,0,0.0,0,1
SOD_0630.jpg,0,0.0,0,1
SOD_0631.jpg,0,0.0,0,1
SOD_0632.jpg,0,0.0,0,1
SOD_0633.jpg,0,0.0,0,1
SOD_0634.jpg,0,0.0,0,1
SOD_0638.jpg,0,0.0,0,1
SOD_0640.jpg,0,0.0,0,1
SOD_0641.jpg,0,0.0,0,1
SOD_0642.jpg,0,0.0,0,1
SOD_0646.jpg,0,0.0,0,1
SOD_0647.jpg,0,0.0,0,1
SOD_0650.jpg,0,0.0,0,1
SOD_0651.jpg,0,0.0,0,1
SOD_0652.jpg,0,0.0,0,1
SOD_0653.jpg,0,0.0,0,1
SOD_0662.jpg,0,0.0,0,1
SOD_0663.jpg,0,0.0,0,1
SOD_0665.jpg,0,0.0,0,1
SOD_0666.jpg,0,0.0,0,1
SOD_0667.jpg,0,0.0,0,1
SOD_0668.jpg,0,0.0,0,1
SOD_0669.jpg,0,0.0,0,1
SOD_0670.jpg,0,0.0,0,1
SOD_0671.jpg,0,0.0,0,1
SOD_0672.jpg,0,0.0,0,1
SOD_0674.jpg,0,0.0,0,1
SOD_0675.jpg,0,0.0,0,1
SOD_0679.jpg,0,0.0,0,1
SOD_0682.jpg,0,0.0,0,1
SOD_0685.jpg,0,0.0,0,1
SOD_0687.jpg,0,0.0,0,1
SOD_0690.jpg,0,0.0,0,1
SOD_0691.jpg,0,0.0,0,1
SOD_0692.jpg,0,0.0,0,1
SOD_0697.jpg,0,0.0,0,1
SOD_0698.jpg,0,0.0,0,1
SOD_0700.jpg,0,0.0,0,1
SOD_0702.jpg,0,0.0,0,1
SOD_0706.jpg,0,0.0,0,1
SOD_0707.jpg,0,0.0,0,1
SOD_0709.jpg,0,0.0,0,1
SOD_0712.jpg,0,0.0,0,1
SOD_0714.jpg,0,0.0,0,1
SOD_0716.jpg,0,0.0,0,1
SOD_0718.jpg,0,0.0,0,1
SOD_0722.jpg,0,0.0,0,1
SOD_0723.jpg,0,0.0,0,1
SOD_0725.jpg,0,0.0,0,1
SOD_0730.jpg,0,0.0,0,1
SOD_0731.jpg,0,0.0,0,1
SOD_0734.jpg,0,0.0,0,1
SOD_0735.jpg,0,0.0,0,1
SOD_0737.jpg,0,0.0,0,1
SOD_0743.jpg,0,0.0,0,1
SOD_0746.jpg,0,0.0,0,1
SOD_0748.jpg,0,0.0,0,1
SOD_0750.jpg,0,0.0,0,1
SOD_0752.jpg,0,0.0,0,1
SOD_0757.jpg,0,0.0,0,1
SOD_0758.jpg,0,0.0,0,1
SOD_0759.jpg,0,0.0,0,1
SOD_0762.jpg,0,0.0,0,1
SOD_0765.jpg,0,0.0,0,1
SOD_0766.jpg,0,0.0,0,1
SOD_0767.jpg,0,0.0,0,1
SOD_0769.jpg,0,0.0,0,1
SOD_0774.jpg,0,0.0,0,1
SOD_0778.jpg,0,0.0,0,1
SOD_0779.jpg,0,0.0,0,1
SOD_0782.jpg,0,0.0,0,1
SOD_0784.jpg,0,0.0,0,1
SOD_0786.jpg,0,0.0,0,1
SOD_0792.jpg,0,0.0,0,1
SOD_0795.jpg,0,0.0,0,1
SOD_0797.jpg,0,0.0,0,1
SOD_0798.jpg,0,0.0,0,1
SOD_0801.jpg,0,0.0,0,1
SOD_0803.jpg,0,0.0,0,1
SOD_0804.jpg,0,0.0,0,1
SOD_0805.jpg,0,0.0,0,1
SOD_0806.jpg,0,0.0,0,1
SOD_0807.jpg,0,0.0,0,1
SOD_0809.jpg,0,0.0,0,1
SOD_0810.jpg,0,0.0,0,1
SOD_0811.jpg,0,0.0,0,1
SOD_0812.jpg,0,0.0,0,1
SOD_0815.jpg,0,0.0,0,1
SOD_0817.jpg,0,0.0,0,1
SOD_0819.jpg,0,0.0,0,1
SOD_0821.jpg,0,0.0,0,1
SOD_0822.jpg,0,0.0,0,1
SOD_0824.jpg,0,0.0,0,1
SOD_0828.jpg,0,0.0,0,1
SOD_0829.jpg,0,0.0,0,1
SOD_0830.jpg,0,0.0,0,1
SOD_0831.jpg,0,0.0,0,1
SOD_0832.jpg,0,0.0,0,1
SOD_0833.jpg,0,0.0,0,1
SOD_0834.jpg,0,0.0,0,1
SOD_0835.jpg,0,0.0,0,1
SOD_0836.jpg,0,0.0,0,1
SOD_0837.jpg,0,0.0,0,1
SOD_0839.jpg,0,0.0,0,1
SOD_0843.jpg,0,0.0,0,1
SOD_0844.jpg,0,0.0,0,1
SOD_0845.jpg,0,0.0,0,1
SOD_0848.jpg,0,0.0,0,1
SOD_0857.jpg,0,0.0,0,1
SOD_0863.jpg,0,0.0,0,1
SOD_0868.jpg,0,0.0,0,1
SOD_0870.jpg,0,0.0,0,1
SOD_0874.jpg,0,0.0,0,1
SOD_0878.jpg,0,0.0,0,1
SOD_0882.jpg,0,0.0,0,1
SOD_0883.jpg,0,0.0,0,1
SOD_0884.jpg,0,0.0,0,1
SOD_0887.jpg,0,0.0,0,1
SOD_0888.jpg,0,0.0,0,1
SOD_0890.jpg,0,0.0,0,1
SOD_0891.jpg,0,0.0,0,1
SOD_0895.jpg,0,0.0,0,1
SOD_0896.jpg,0,0.0,0,1
SOD_0897.jpg,0,0.0,0,1
SOD_0898.jpg,0,0.0,0,1
SOD_0899.jpg,0,0.0,0,1
SOD_0906.jpg,0,0.0,0,1
SOD_0907.jpg,0,0.0,0,1
SOD_0908.jpg,0,0.0,0,1
SOD_0909.jpg,0,0.0,0,1
SOD_0910.jpg,0,0.0,0,1
SOD_0911.jpg,0,0.0,0,1
SOD_0912.jpg,0,0.0,0,1
SOD_0916.jpg,0,0.0,0,1
SOD_0920.jpg,0,0.0,0,1
SOD_0921.jpg,0,0.0,0,1
SOD_0922.jpg,0,0.0,0,1
SOD_0923.jpg,0,0.0,0,1
SOD_0927.jpg,0,0.0,0,1
SOD_0930.jpg,0,0.0,0,1
SOD_0931.jpg,0,0.0,0,1
SOD_0932.jpg,0,0.0,0,1
SOD_0933.jpg,0,0.0,0,1
SOD_0935.jpg,0,0.0,0,1
SOD_0936.jpg,0,0.0,0,1
SOD_0937.jpg,0,0.0,0,1
SOD_0938.jpg,0,0.0,0,1
SOD_0939.jpg,0,0.0,0,1
SOD_0940.jpg,0,0.0,0,1
SOD_0941.jpg,0,0.0,0,1
SOD_0942.jpg,0,0.0,0,1
SOD_0943.jpg,0,0.0,0,1
SOD_0944.jpg,0,0.0,0,1
SOD_0946.jpg,0,0.0,0,1
SOD_0948.jpg,0,0.0,0,1
SOD_0949.jpg,0,0.0,0,1
SOD_0950.jpg,0,0.0,0,1
SOD_0951.jpg,0,0.0,0,1
SOD_0952.jpg,0,0.0,0,1
SOD_0953.jpg,0,0.0,0,1
SOD_0955.jpg,0,0.0,0,1
SOD_0957.jpg,0,0.0,0,1
SOD_0959.jpg,0,0.0,0,1
SOD_0960.jpg,0,0.0,0,1
SOD_0961.jpg,0,0.0,0,1
SOD_0962.jpg,0,0.0,0,1
SOD_0965.jpg,0,0.0,0,1
SOD_0966.jpg,0,0.0,0,1
SOD_0967.jpg,0,0.0,0,1
SOD_0970.jpg,0,0.0,0,1
SOD_0971.jpg,0,0.0,0,1
SOD_0974.jpg,0,0.0,0,1
SOD_0976.jpg,0,0.0,0,1
SOD_0977.jpg,0,0.0,0,1
SOD_0978.jpg,0,0.0,0,1
SOD_0981.jpg,0,0.0,0,1
SOD_0982.jpg,0,0.0,0,1
SOD_0983.jpg,0,0.0,0,1
SOD_0984.jpg,0,0.0,0,1
SOD_0985.jpg,0,0.0,0,1
SOD_0986.jpg,0,0.0,0,1
SOD_0988.jpg,0,0.0,0,1
SOD_0990.jpg,0,0.0,0,1
SOD_0991.jpg,0,0.0,0,1
SOD_0992.jpg,0,0.0,0,1
SOD_0993.jpg,0,0.0,0,1
SOD_0994.jpg,0,0.0,0,1
SOD_0998.jpg,0,0.0,0,1
SOD_1000.jpg,0,0.0,0,1
SOD_1001.jpg,0,0.0,0,1
SOD_1002.jpg,0,0.0,0,1
SOD_1003.jpg,0,0.0,0,1
SOD_1004.jpg,0,0.0,0,1
SOD_1006.jpg,0,0.0,0,1
SOD_1008.jpg,0,0.0,0,1
SOD_1009.jpg,0,0.0,0,1
SOD_1010.jpg,0,0.0,0,1
SOD_1011.jpg,0,0.0,0,1
SOD_1012.jpg,0,0.0,0,1
SOD_1013.jpg,0,0.0,0,1
SOD_1014.jpg,0,0.0,0,1
SOD_1015.jpg,0,0.0,0,1
SOD_1016.jpg,0,0.0,0,1
SOD_1018.jpg,0,0.0,0,1
SOD_1019.jpg,0,0.0,0,1
SOD_1020.jpg,0,0.0,0,1
SOD_1021.jpg,0,0.0,0,1
SOD_1022.jpg,0,0.0,0,1
SOD_1023.jpg,0,0.0,0,1
SOD_1024.jpg,0,0.0,0,1
SOD_1025.jpg,0,0.0,0,1
SOD_1026.jpg,0,0.0,0,1
SOD_1028.jpg,0,0.0,0,1
SOD_1030.jpg,0,0.0,0,1
SOD_1031.jpg,0,0.0,0,1
SOD_1033.jpg,0,0.0,0,1
SOD_1034.jpg,0,0.0,0,1
SOD_1035.jpg,0,0.0,0,1
SOD_1036.jpg,0,0.0,0,1
SOD_1038.jpg,0,0.0,0,1
SOD_1040.jpg,0,0.0,0,1
SOD_1041.jpg,0,0.0,0,1
SOD_1043.jpg,0,0.0,0,1
SOD_1046.jpg,0,0.0,0,1
SOD_1049.jpg,0,0.0,0,1
SOD_1050.jpg,0,0.0,0,1
SOD_1052.jpg,0,0.0,0,1
SOD_1053.jpg,0,0.0,0,1
SOD_1054.jpg,0,0.0,0,1
SOD_1055.jpg,0,0.0,0,1
SOD_1057.jpg,0,0.0,0,1
SOD_1058.jpg,0,0.0,0,1
SOD_1059.jpg,0,0.0,0,1
SOD_1060.jpg,0,0.0,0,1
SOD_1061.jpg,0,0.0,0,1
SOD_1062.jpg,0,0.0,0,1
SOD_1064.jpg,0,0.0,0,1
SOD_1065.jpg,0,0.0,0,1
SOD_1066.jpg,0,0.0,0,1
SOD_1067.jpg,0,0.0,0,1
SOD_1068.jpg,0,0.0,0,1
SOD_1070.jpg,0,0.0,0,1
SOD_1073.jpg,0,0.0,0,1
SOD_1075.jpg,0,0.0,0,1
SOD_1077.jpg,0,0.0,0,1
SOD_1079.jpg,0,0.0,0,1
SOD_1080.jpg,0,0.0,0,1
SOD_1081.jpg,0,0.0,0,1
SOD_1083.jpg,0,0.0,0,1
SOD_1085.jpg,0,0.0,0,1
SOD_1086.jpg,0,0.0,0,1
SOD_1087.jpg,0,0.0,0,1
SOD_1088.jpg,0,0.0,0,1
SOD_1089.jpg,0,0.0,0,1
SOD_1092.jpg,0,0.0,0,1
SOD_1093.jpg,0,0.0,0,1
SOD_1095.jpg,0,0.0,0,1
SOD_1097.jpg,0,0.0,0,1
SOD_1098.jpg,0,0.0,0,1
SOD_1099.jpg,0,0.0,0,1
SOD_1100.jpg,0,0.0,0,1
SOD_1105.jpg,0,0.0,0,1
SOD_1106.jpg,0,0.0,0,1
SOD_1108.jpg,0,0.0,0,1
SOD_1109.jpg,0,0.0,0,1
SOD_1111.jpg,0,0.0,0,1
SOD_1113.jpg,0,0.0,0,1
SOD_1114.jpg,0,0.0,0,1
SOD_1115.jpg,0,0.0,0,1
SOD_1120.jpg,0,0.0,0,1
SOD_1121.jpg,0,0.0,0,1
SOD_1122.jpg,0,0.0,0,1
SOD_1123.jpg,0,0.0,0,1
SOD_1125.jpg,0,0.0,0,1
SOD_1126.jpg,0,0.0,0,1
SOD_1128.jpg,0,0.0,0,1
SOD_1129.jpg,0,0.0,0,1
SOD_1130.jpg,0,0.0,0,1
SOD_1132.jpg,0,0.0,0,1
SOD_1133.jpg,0,0.0,0,1
SOD_1134.jpg,0,0.0,0,1
SOD_1136.jpg,0,0.0,0,1
SOD_1137.jpg,0,0.0,0,1
SOD_1138.jpg,0,0.0,0,1
SOD_1139.jpg,0,0.0,0,1
SOD_1140.jpg,0,0.0,0,1
SOD_1141.jpg,0,0.0,0,1
SOD_1142.jpg,0,0.0,0,1
SOD_1143.jpg,0,0.0,0,1
SOD_1144.jpg,0,0.0,0,1
SOD_1146.jpg,0,0.0,0,1
SOD_1147.jpg,0,0.0,0,1
SOD_1148.jpg,0,0.0,0,1
SOD_1150.jpg,0,0.0,0,1
SOD_1151.jpg,0,0.0,0,1
SOD_1152.jpg,0,0.0,0,1
SOD_1153.jpg,0,0.0,0,1
SOD_1154.jpg,0,0.0,0,1
SOD_1155.jpg,0,0.0,0,1
SOD_1156.jpg,0,0.0,0,1
SOD_1157.jpg,0,0.0,0,1
SOD_1158.jpg,0,0.0,0,1
SOD_1159.jpg,0,0.0,0,1
SOD_1160.jpg,0,0.0,0,1
SOD_1161.jpg,0,0.0,0,1
SOD_1164.jpg,0,0.0,0,1
SOD_1165.jpg,0,0.0,0,1
SOD_1166.jpg,0,0.0,0,1
SOD_1167.jpg,0,0.0,0,1
SOD_1168.jpg,0,0.0,0,1
SOD_1169.jpg,0,0.0,0,1
SOD_1170.jpg,0,0.0,0,1
SOD_1171.jpg,0,0.0,0,1
SOD_1172.jpg,0,0.0,0,1
SOD_1173.jpg,0,0.0,0,1
SOD_1174.jpg,0,0.0,0,1
SOD_1175.jpg,0,0.0,0,1
SOD_1176.jpg,0,0.0,0,1
SOD_1177.jpg,0,0.0,0,1
SOD_1178.jpg,0,0.0,0,1
SOD_1179.jpg,0,0.0,0,1
SOD_1180.jpg,0,0.0,0,1
SOD_1181.jpg,0,0.0,0,1
SOD_1182.jpg,0,0.0,0,1
SOD_1183.jpg,0,0.0,0,1
SOD_1184.jpg,0,0.0,0,1
SOD_1185.jpg,0,0.0,0,1
SOD_1186.jpg,0,0.0,0,1
SOD_1188.jpg,0,0.0,0,1
SOD_1190.jpg,0,0.0,0,1
SOD_1191.jpg,0,0.0,0,1
SOD_1194.jpg,0,0.0,0,1
SOD_1195.jpg,0,0.0,0,1
SOD_1196.jpg,0,0.0,0,1
SOD_1199.jpg,0,0.0,0,1
SOD_1200.jpg,0,0.0,0,1
SOD_1203.jpg,0,0.0,0,1
SOD_1204.jpg,0,0.0,0,1
SOD_1206.jpg,0,0.0,0,1
SOD_1207.jpg,0,0.0,0,1
SOD_1208.jpg,0,0.0,0,1
SOD_1209.jpg,0,0.0,0,1
SOD_1211.jpg,0,0.0,0,1
SOD_1213.jpg,0,0.0,0,1
SOD_1217.jpg,0,0.0,0,1
SOD_1218.jpg,0,0.0,0,1
SOD_1219.jpg,0,0.0,0,1
SOD_1220.jpg,0,0.0,0,1
SOD_1221.jpg,0,0.0,0,1
SOD_1222.jpg,0,0.0,0,1
SOD_1223.jpg,0,0.0,0,1
SOD_1224.jpg,0,0.0,0,1
SOD_1225.jpg,0,0.0,0,1
SOD_1228.jpg,0,0.0,0,1
SOD_1229.jpg,0,0.0,0,1
SOD_1230.jpg,0,0.0,0,1
SOD_1231.jpg,0,0.0,0,1
SOD_1232.jpg,0,0.0,0,1
SOD_1233.jpg,0,0.0,0,1
SOD_1236.jpg,0,0.0,0,1
SOD_1237.jpg,0,0.0,0,1
SOD_1238.jpg,0,0.0,0,1
SOD_1239.jpg,0,0.0,0,1
SOD_1240.jpg,0,0.0,0,1
SOD_1245.jpg,0,0.0,0,1
SOD_1246.jpg,0,0.0,0,1
SOD_1247.jpg,0,0.0,0,1
SOD_1248.jpg,0,0.0,0,1
SOD_1250.jpg,0,0.0,0,1
SOD_1251.jpg,0,0.0,0,1
SOD_1252.jpg,0,0.0,0,1
SOD_1253.jpg,0,0.0,0,1
SOD_1254.jpg,0,0.0,0,1
SOD_1255.jpg,0,0.0,0,1
SOD_1258.jpg,0,0.0,0,1
SOD_1259.jpg,0,0.0,0,1
SOD_1262.jpg,0,0.0,0,1
SOD_1263.jpg,0,0.0,0,1
SOD_1264.jpg,0,0.0,0,1
SOD_1266.jpg,0,0.0,0,1
SOD_1267.jpg,0,0.0,0,1
SOD_1272.jpg,0,0.0,0,1
SOD_1275.jpg,0,0.0,0,1
SOD_1276.jpg,0,0.0,0,1
SOD_1277.jpg,0,0.0,0,1
SOD_1278.jpg,0,0.0,0,1
SOD_1279.jpg,0,0.0,0,1
SOD_1280.jpg,0,0.0,0,1
SOD_1281.jpg,0,0.0,0,1
SOD_1285.jpg,0,0.0,0,1
SOD_1288.jpg,0,0.0,0,1
SOD_1291.jpg,0,0.0,0,1
SOD_1292.jpg,0,0.0,0,1
SOD_1293.jpg,0,0.0,0,1
SOD_1294.jpg,0,0.0,0,1
SOD_1295.jpg,0,0.0,0,1
SOD_1296.jpg,0,0.0,0,1
SOD_1298.jpg,0,0.0,0,1
SOD_1299.jpg,0,0.0,0,1
SOD_1300.jpg,0,0.0,0,1
SOD_1301.jpg,0,0.0,0,1
SOD_1302.jpg,0,0.0,0,1
SOD_1303.jpg,0,0.0,0,1
SOD_1304.jpg,0,0.0,0,1
SOD_1306.jpg,0,0.0,0,1
SOD_1307.jpg,0,0.0,0,1
SOD_1308.jpg,0,0.0,0,1
SOD_1309.jpg,0,0.0,0,1
SOD_1311.jpg,0,0.0,0,1
SOD_1313.jpg,0,0.0,0,1
SOD_1314.jpg,0,0.0,0,1
SOD_1315.jpg,0,0.0,0,1
SOD_1316.jpg,0,0.0,0,1
SOD_1317.jpg,0,0.0,0,1
SOD_1319.jpg,0,0.0,0,1
SOD_1320.jpg,0,0.0,0,1
SOD_1321.jpg,0,0.0,0,1
SOD_1322.jpg,0,0.0,0,1
SOD_1324.jpg,0,0.0,0,1
SOD_1325.jpg,0,0.0,0,1
SOD_1326.jpg,0,0.0,0,1
SOD_1327.jpg,0,0.0,0,1
SOD_1328.jpg,0,0.0,0,1
SOD_1330.jpg,0,0.0,0,1
SOD_1334.jpg,0,0.0,0,1
SOD_1335.jpg,0,0.0,0,1
SOD_1336.jpg,0,0.0,0,1
SOD_1337.jpg,0,0.0,0,1
SOD_1338.jpg,0,0.0,0,1
SOD_1339.jpg,0,0.0,0,1
SOD_1340.jpg,0,0.0,0,1
SOD_1341.jpg,0,0.0,0,1
SOD_1342.jpg,0,0.0,0,1
SOD_1344.jpg,0,0.0,0,1
SOD_1345.jpg,0,0.0,0,1
SOD_1346.jpg,0,0.0,0,1
SOD_1347.jpg,0,0.0,0,1
SOD_1348.jpg,0,0.0,0,1
SOD_1349.jpg,0,0.0,0,1
SOD_1350.jpg,0,0.0,0,1
SOD_1351.jpg,0,0.0,0,1
SOD_1352.jpg,0,0.0,0,1
SOD_1356.jpg,0,0.0,0,1
SOD_1358.jpg,0,0.0,0,1
SOD_1366.jpg,0,0.0,0,1
SOD_1368.jpg,0,0.0,0,1
SOD_1369.jpg,0,0.0,0,1
SOD_1370.jpg,0,0.0,0,1
SOD_1371.jpg,0,0.0,0,1
SOD_1372.jpg,0,0.0,0,1
SOD_1373.jpg,0,0.0,0,1
SOD_1379.jpg,0,0.0,0,1
SOD_1380.jpg,0,0.0,0,1
SOD_1381.jpg,0,0.0,0,1
SOD_1382.jpg,0,0.0,0,1
SOD_1383.jpg,0,0.0,0,1
SOD_1386.jpg,0,0.0,0,1
SOD_1388.jpg,0,0.0,0,1
SOD_1389.jpg,0,0.0,0,1
SOD_1390.jpg,0,0.0,0,1
SOD_1392.jpg,0,0.0,0,1
SOD_1393.jpg,0,0.0,0,1
SOD_1394.jpg,0,0.0,0,1
SOD_1395.jpg,0,0.0,0,1
SOD_1396.jpg,0,0.0,0,1
SOD_1397.jpg,0,0.0,0,1
SOD_1398.jpg,0,0.0,0,1
SOD_1400.jpg,0,0.0,0,1
SOD_1401.jpg,0,0.0,0,1
SOD_1402.jpg,0,0.0,0,1
SOD_1403.jpg,0,0.0,0,1
SOD_1404.jpg,0,0.0,0,1
SOD_1408.jpg,0,0.0,0,1
SOD_1409.jpg,0,0.0,0,1
SOD_1410.jpg,0,0.0,0,1
SOD_1411.jpg,0,0.0,0,1
SOD_1412.jpg,0,0.0,0,1
SOD_1413.jpg,0,0.0,0,1
SOD_1414.jpg,0,0.0,0,1
SOD_1415.jpg,0,0.0,0,1
SOD_1416.jpg,0,0.0,0,1
SOD_1417.jpg,0,0.0,0,1
SOD_1420.jpg,0,0.0,0,1
SOD_1421.jpg,0,0.0,0,1
SOD_1422.jpg,0,0.0,0,1
SOD_1423.jpg,0,0.0,0,1
SOD_1424.jpg,0,0.0,0,1
SOD_1425.jpg,0,0.0,0,1
SOD_1426.jpg,0,0.0,0,1
SOD_1427.jpg,0,0.0,0,1
SOD_1428.jpg,0,0.0,0,1
SOD_1429.jpg,0,0.0,0,1
SOD_1430.jpg,0,0.0,0,1
SOD_1432.jpg,0,0.0,0,1
SOD_1433.jpg,0,0.0,0,1
SOD_1434.jpg,0,0.0,0,1
SOD_1436.jpg,0,0.0,0,1
SOD_1438.jpg,0,0.0,0,1
SOD_1439.jpg,0,0.0,0,1
SOD_1440.jpg,0,0.0,0,1
SOD_1441.jpg,0,0.0,0,1
SOD_1442.jpg,0,0.0,0,1
SOD_1444.jpg,0,0.0,0,1
SOD_1446.jpg,0,0.0,0,1
SOD_1447.jpg,0,0.0,0,1
SOD_1449.jpg,0,0.0,0,1
SOD_1451.jpg,0,0.0,0,1
SOD_1452.jpg,0,0.0,0,1
SOD_1453.jpg,0,0.0,0,1
SOD_1454.jpg,0,0.0,0,1
SOD_1455.jpg,0,0.0,0,1
SOD_1457.jpg,0,0.0,0,1
SOD_1458.jpg,0,0.0,0,1
SOD_1459.jpg,0,0.0,0,1
SOD_1460.jpg,0,0.0,0,1
SOD_1463.jpg,0,0.0,0,1
SOD_1465.jpg,0,0.0,0,1
SOD_1466.jpg,0,0.0,0,1
SOD_1468.jpg,0,0.0,0,1
SOD_1469.jpg,0,0.0,0,1
SOD_1470.jpg,0,0.0,0,1
SOD_1474.jpg,0,0.0,0,1
SOD_1475.jpg,0,0.0,0,1
SOD_1476.jpg,0,0.0,0,1
SOD_1477.jpg,0,0.0,0,1
SOD_1478.jpg,0,0.0,0,1
SOD_1479.jpg,0,0.0,0,1
SOD_1480.jpg,0,0.0,0,1
SOD_1481.jpg,0,0.0,0,1
SOD_1484.jpg,0,0.0,0,1
SOD_1485.jpg,0,0.0,0,1
SOD_1486.jpg,0,0.0,0,1
SOD_1487.jpg,0,0.0,0,1
SOD_1490.jpg,0,0.0,0,1
SOD_1493.jpg,0,0.0,0,1
SOD_1495.jpg,0,0.0,0,1
SOD_1496.jpg,0,0.0,0,1
SOD_1498.jpg,0,0.0,0,1
SOD_1499.jpg,0,0.0,0,1
SOD_1501.jpg,0,0.0,0,1
SOD_1502.jpg,0,0.0,0,1
SOD_1503.jpg,0,0.0,0,1
SOD_1504.jpg,0,0.0,0,1
SOD_1505.jpg,0,0.0,0,1
SOD_1506.jpg,0,0.0,0,1
SOD_1507.jpg,0,0.0,0,1
SOD_1509.jpg,0,0.0,0,1
SOD_1510.jpg,0,0.0,0,1
SOD_1511.jpg,0,0.0,0,1
SOD_1512.jpg,0,0.0,0,1
SOD_1513.jpg,0,0.0,0,1
SOD_1514.jpg,0,0.0,0,1
SOD_1515.jpg,0,0.0,0,1
SOD_1517.jpg,0,0.0,0,1
SOD_1519.jpg,0,0.0,0,1
SOD_1520.jpg,0,0.0,0,1
SOD_1521.jpg,0,0.0,0,1
SOD_1522.jpg,0,0.0,0,1
SOD_1523.jpg,0,0.0,0,1
SOD_1524.jpg,0,0.0,0,1
SOD_1525.jpg,0,0.0,0,1
SOD_1526.jpg,0,0.0,0,1
SOD_1527.jpg,0,0.0,0,1
SOD_1528.jpg,0,0.0,0,1
SOD_1529.jpg,0,0.0,0,1
SOD_1530.jpg,0,0.0,0,1
SOD_1531.jpg,0,0.0,0,1
SOD_1532.jpg,0,0.0,0,1
SOD_1533.jpg,0,0.0,0,1
SOD_1534.jpg,0,0.0,0,1
SOD_1535.jpg,0,0.0,0,1
SOD_1536.jpg,0,0.0,0,1
SOD_1537.jpg,0,0.0,0,1
SOD_1538.jpg,0,0.0,0,1
SOD_1541.jpg,0,0.0,0,1
SOD_1548.jpg,0,0.0,0,1
SOD_1551.jpg,0,0.0,0,1
SOD_1552.jpg,0,0.0,0,1
SOD_1553.jpg,0,0.0,0,1
SOD_1554.jpg,0,0.0,0,1
SOD_1555.jpg,0,0.0,0,1
SOD_1556.jpg,0,0.0,0,1
SOD_1557.jpg,0,0.0,0,1
SOD_1558.jpg,0,0.0,0,1
SOD_1559.jpg,0,0.0,0,1
SOD_1560.jpg,0,0.0,0,1
SOD_1562.jpg,0,0.0,0,1
SOD_1563.jpg,0,0.0,0,1
SOD_1565.jpg,0,0.0,0,1
SOD_1566.jpg,0,0.0,0,1
SOD_1567.jpg,0,0.0,0,1
SOD_1568.jpg,0,0.0,0,1
SOD_1569.jpg,0,0.0,0,1
SOD_1570.jpg,0,0.0,0,1
SOD_1573.jpg,0,0.0,0,1
SOD_1574.jpg,0,0.0,0,1
SOD_1575.jpg,0,0.0,0,1
SOD_1576.jpg,0,0.0,0,1
SOD_1578.jpg,0,0.0,0,1
SOD_1579.jpg,0,0.0,0,1
SOD_1581.jpg,0,0.0,0,1
SOD_1582.jpg,0,0.0,0,1
SOD_1583.jpg,0,0.0,0,1
SOD_1584.jpg,0,0.0,0,1
SOD_1586.jpg,0,0.0,0,1
SOD_1588.jpg,0,0.0,0,1
SOD_1589.jpg,0,0.0,0,1
SOD_1590.jpg,0,0.0,0,1
SOD_1591.jpg,0,0.0,0,1
SOD_1592.jpg,0,0.0,0,1
SOD_1593.jpg,0,0.0,0,1
SOD_1595.jpg,0,0.0,0,1
SOD_1596.jpg,0,0.0,0,1
SOD_1597.jpg,0,0.0,0,1
SOD_1598.jpg,0,0.0,0,1
SOD_1600.jpg,0,0.0,0,1
SOD_1604.jpg,0,0.0,0,1
SOD_1605.jpg,0,0.0,0,1
SOD_1607.jpg,0,0.0,0,1
SOD_1609.jpg,0,0.0,0,1
SOD_1610.jpg,0,0.0,0,1
SOD_1612.jpg,0,0.0,0,1
SOD_1614.jpg,0,0.0,0,1
SOD_1615.jpg,0,0.0,0,1
SOD_1616.jpg,0,0.0,0,1
SOD_1618.jpg,0,0.0,0,1
SOD_1619.jpg,0,0.0,0,1
SOD_1620.jpg,0,0.0,0,1
SOD_1621.jpg,0,0.0,0,1
SOD_1623.jpg,0,0.0,0,1
SOD_1624.jpg,0,0.0,0,1
SOD_1627.jpg,0,0.0,0,1
SOD_1628.jpg,0,0.0,0,1
SOD_1631.jpg,0,0.0,0,1
SOD_1633.jpg,0,0.0,0,1
SOD_1641.jpg,0,0.0,0,1
SOD_1642.jpg,0,0.0,0,1
SOD_1644.jpg,0,0.0,0,1
SOD_1645.jpg,0,0.0,0,1
SOD_1646.jpg,0,0.0,0,1
SOD_1647.jpg,0,0.0,0,1
SOD_1649.jpg,0,0.0,0,1
SOD_1650.jpg,0,0.0,0,1
SOD_1651.jpg,0,0.0,0,1
SOD_1652.jpg,0,0.0,0,1
SOD_1654.jpg,0,0.0,0,1
SOD_1655.jpg,0,0.0,0,1
SOD_1656.jpg,0,0.0,0,1
SOD_1657.jpg,0,0.0,0,1
SOD_1658.jpg,0,0.0,0,1
SOD_1659.jpg,0,0.0,0,1
SOD_1660.jpg,0,0.0,0,1
SOD_1661.jpg,0,0.0,0,1
SOD_1662.jpg,0,0.0,0,1
SOD_1663.jpg,0,0.0,0,1
SOD_1665.jpg,0,0.0,0,1
SOD_1666.jpg,0,0.0,0,1
SOD_1667.jpg,0,0.0,0,1
SOD_1668.jpg,0,0.0,0,1
SOD_1669.jpg,0,0.0,0,1
SOD_1671.jpg,0,0.0,0,1
SOD_1672.jpg,0,0.0,0,1
SOD_1674.jpg,0,0.0,0,1
SOD_1675.jpg,0,0.0,0,1
SOD_1676.jpg,0,0.0,0,1
SOD_1677.jpg,0,0.0,0,1
SOD_1680.jpg,0,0.0,0,1
SOD_1681.jpg,0,0.0,0,1
SOD_1682.jpg,0,0.0,0,1
SOD_1683.jpg,0,0.0,0,1
SOD_1684.jpg,0,0.0,0,1
SOD_1690.jpg,0,0.0,0,1
SOD_1691.jpg,0,0.0,0,1
SOD_1693.jpg,0,0.0,0,1
SOD_1694.jpg,0,0.0,0,1
SOD_1696.jpg,0,0.0,0,1
SOD_1697.jpg,0,0.0,0,1
SOD_1698.jpg,0,0.0,0,1
SOD_1699.jpg,0,0.0,0,1
SOD_1700.jpg,0,0.0,0,1
SOD_1701.jpg,0,0.0,0,1
SOD_1703.jpg,0,0.0,0,1
SOD_1704.jpg,0,0.0,0,1
SOD_1705.jpg,0,0.0,0,1
SOD_1707.jpg,0,0.0,0,1
SOD_1708.jpg,0,0.0,0,1
SOD_1709.jpg,0,0.0,0,1
SOD_1711.jpg,0,0.0,0,1
SOD_1712.jpg,0,0.0,0,1
SOD_1713.jpg,0,0.0,0,1
SOD_1714.jpg,0,0.0,0,1
SOD_1716.jpg,0,0.0,0,1
SOD_1717.jpg,0,0.0,0,1
SOD_1718.jpg,0,0.0,0,1
SOD_1720.jpg,0,0.0,0,1
SOD_1721.jpg,0,0.0,0,1
SOD_1722.jpg,0,0.0,0,1
SOD_1723.jpg,0,0.0,0,1
SOD_1724.jpg,0,0.0,0,1
SOD_1725.jpg,0,0.0,0,1
SOD_1726.jpg,0,0.0,0,1
SOD_1727.jpg,0,0.0,0,1
SOD_1731.jpg,0,0.0,0,1
SOD_1732.jpg,0,0.0,0,1
SOD_1733.jpg,0,0.0,0,1
SOD_1734.jpg,0,0.0,0,1
SOD_1735.jpg,0,0.0,0,1
SOD_1736.jpg,0,0.0,0,1
SOD_1738.jpg,0,0.0,0,1
SOD_1741.jpg,0,0.0,0,1
SOD_1742.jpg,0,0.0,0,1
SOD_1745.jpg,0,0.0,0,1
SOD_1746.jpg,0,0.0,0,1
SOD_1747.jpg,0,0.0,0,1
SOD_1748.jpg,0,0.0,0,1
SOD_1749.jpg,0,0.0,0,1
SOD_1750.jpg,0,0.0,0,1
SOD_1752.jpg,0,0.0,0,1
SOD_1753.jpg,0,0.0,0,1
SOD_1754.jpg,0,0.0,0,1
SOD_1756.jpg,0,0.0,0,1
SOD_1757.jpg,0,0.0,0,1
SOD_1758.jpg,0,0.0,0,1
SOD_1759.jpg,0,0.0,0,1
SOD_1760.jpg,0,0.0,0,1
SOD_1761.jpg,0,0.0,0,1
SOD_1762.jpg,0,0.0,0,1
SOD_1763.jpg,0,0.0,0,1
SOD_1765.jpg,0,0.0,0,1
SOD_1766.jpg,0,0.0,0,1
SOD_1767.jpg,0,0.0,0,1
SOD_1768.jpg,0,0.0,0,1
SOD_1770.jpg,0,0.0,0,1
SOD_1772.jpg,0,0.0,0,1
SOD_1773.jpg,0,0.0,0,1
SOD_1775.jpg,0,0.0,0,1
SOD_1777.jpg,0,0.0,0,1
SOD_1781.jpg,0,0.0,0,1
SOD_1782.jpg,0,0.0,0,1
SOD_1784.jpg,0,0.0,0,1
SOD_1785.jpg,0,0.0,0,1
SOD_1786.jpg,0,0.0,0,1
SOD_1788.jpg,0,0.0,0,1
SOD_1789.jpg,0,0.0,0,1
SOD_1790.jpg,0,0.0,0,1
SOD_1793.jpg,0,0.0,0,1
SOD_1795.jpg,0,0.0,0,1
SOD_1796.jpg,0,0.0,0,1
SOD_1797.jpg,0,0.0,0,1
SOD_1799.jpg,0,0.0,0,1
SOD_1800.jpg,0,0.0,0,1
SOD_1801.jpg,0,0.0,0,1
SOD_1802.jpg,0,0.0,0,1
SOD_1803.jpg,0,0.0,0,1
SOD_1804.jpg,0,0.0,0,1
SOD_1805.jpg,0,0.0,0,1
SOD_1806.jpg,0,0.0,0,1
SOD_1808.jpg,0,0.0,0,1
SOD_1809.jpg,0,0.0,0,1
SOD_1811.jpg,0,0.0,0,1
SOD_1813.jpg,0,0.0,0,1
SOD_1814.jpg,0,0.0,0,1
SOD_1815.jpg,0,0.0,0,1
SOD_1818.jpg,0,0.0,0,1
SOD_1819.jpg,0,0.0,0,1
SOD_1821.jpg,0,0.0,0,1
SOD_1823.jpg,0,0.0,0,1
SOD_1824.jpg,0,0.0,0,1
SOD_1826.jpg,0,0.0,0,1
SOD_1830.jpg,0,0.0,0,1
SOD_1832.jpg,0,0.0,0,1
SOD_1833.jpg,0,0.0,0,1
SOD_1834.jpg,0,0.0,0,1
SOD_1835.jpg,0,0.0,0,1
SOD_1836.jpg,0,0.0,0,1
SOD_1837.jpg,0,0.0,0,1
SOD_1838.jpg,0,0.0,0,1
SOD_1840.jpg,0,0.0,0,1
SOD_1841.jpg,0,0.0,0,1
SOD_1842.jpg,0,0.0,0,1
SOD_1843.jpg,0,0.0,0,1
SOD_1844.jpg,0,0.0,0,1
SOD_1845.jpg,0,0.0,0,1
SOD_1848.jpg,0,0.0,0,1
SOD_1849.jpg,0,0.0,0,1
SOD_1850.jpg,0,0.0,0,1
SOD_1852.jpg,0,0.0,0,1
SOD_1854.jpg,0,0.0,0,1
SOD_1855.jpg,0,0.0,0,1
SOD_1859.jpg,0,0.0,0,1
SOD_1860.jpg,0,0.0,0,1
SOD_1861.jpg,0,0.0,0,1
SOD_1862.jpg,0,0.0,0,1
SOD_1863.jpg,0,0.0,0,1
SOD_1865.jpg,0,0.0,0,1
SOD_1866.jpg,0,0.0,0,1
SOD_1867.jpg,0,0.0,0,1
SOD_1868.jpg,0,0.0,0,1
SOD_1869.jpg,0,0.0,0,1
SOD_1870.jpg,0,0.0,0,1
SOD_1871.jpg,0,0.0,0,1
SOD_1873.jpg,0,0.0,0,1
SOD_1876.jpg,0,0.0,0,1
SOD_1878.jpg,0,0.0,0,1
SOD_1879.jpg,0,0.0,0,1
SOD_1880.jpg,0,0.0,0,1
SOD_1881.jpg,0,0.0,0,1
SOD_1882.jpg,0,0.0,0,1
SOD_1884.jpg,0,0.0,0,1
SOD_1885.jpg,0,0.0,0,1
SOD_1887.jpg,0,0.0,0,1
SOD_1888.jpg,0,0.0,0,1
SOD_1889.jpg,0,0.0,0,1
SOD_1891.jpg,0,0.0,0,1
SOD_1892.jpg,0,0.0,0,1
SOD_1893.jpg,0,0.0,0,1
SOD_1894.jpg,0,0.0,0,1
SOD_1895.jpg,0,0.0,0,1
SOD_1896.jpg,0,0.0,0,1
SOD_1897.jpg,0,0.0,0,1
SOD_1898.jpg,0,0.0,0,1
SOD_1899.jpg,0,0.0,0,1
SOD_1900.jpg,0,0.0,0,1
SOD_1901.jpg,0,0.0,0,1
SOD_1903.jpg,0,0.0,0,1
SOD_1904.jpg,0,0.0,0,1
SOD_1906.jpg,0,0.0,0,1
SOD_1908.jpg,0,0.0,0,1
SOD_1909.jpg,0,0.0,0,1
SOD_1910.jpg,0,0.0,0,1
SOD_1913.jpg,0,0.0,0,1
SOD_1916.jpg,0,0.0,0,1
SOD_1917.jpg,0,0.0,0,1
SOD_1918.jpg,0,0.0,0,1
SOD_1920.jpg,0,0.0,0,1
SOD_1921.jpg,0,0.0,0,1
SOD_1925.jpg,0,0.0,0,1
SOD_1926.jpg,0,0.0,0,1
SOD_1927.jpg,0,0.0,0,1
SOD_1928.jpg,0,0.0,0,1
SOD_1929.jpg,0,0.0,0,1
SOD_1930.jpg,0,0.0,0,1
SOD_1931.jpg,0,0.0,0,1
SOD_1934.jpg,0,0.0,0,1
SOD_1935.jpg,0,0.0,0,1
SOD_1937.jpg,0,0.0,0,1
SOD_1941.jpg,0,0.0,0,1
SOD_1942.jpg,0,0.0,0,1
SOD_1944.jpg,0,0.0,0,1
SOD_1945.jpg,0,0.0,0,1
SOD_1946.jpg,0,0.0,0,1
SOD_1947.jpg,0,0.0,0,1
SOD_1948.jpg,0,0.0,0,1
SOD_1951.jpg,0,0.0,0,1
SOD_1952.jpg,0,0.0,0,1
SOD_1953.jpg,0,0.0,0,1
SOD_1954.jpg,0,0.0,0,1
SOD_1955.jpg,0,0.0,0,1
SOD_1956.jpg,0,0.0,0,1
SOD_1957.jpg,0,0.0,0,1
SOD_1958.jpg,0,0.0,0,1
SOD_1959.jpg,0,0.0,0,1
SOD_1960.jpg,0,0.0,0,1
SOD_1961.jpg,0,0.0,0,1
SOD_1962.jpg,0,0.0,0,1
SOD_1963.jpg,0,0.0,0,1
SOD_1965.jpg,0,0.0,0,1
SOD_1966.jpg,0,0.0,0,1
SOD_1967.jpg,0,0.0,0,1
SOD_1969.jpg,0,0.0,0,1
SOD_1970.jpg,0,0.0,0,1
SOD_1971.jpg,0,0.0,0,1
SOD_1972.jpg,0,0.0,0,1
SOD_1974.jpg,0,0.0,0,1
SOD_1976.jpg,0,0.0,0,1
SOD_1977.jpg,0,0.0,0,1
SOD_1979.jpg,0,0.0,0,1
SOD_1980.jpg,0,0.0,0,1
SOD_1982.jpg,0,0.0,0,1
SOD_1983.jpg,0,0.0,0,1
SOD_1984.jpg,0,0.0,0,1
SOD_1985.jpg,0,0.0,0,1
SOD_1986.jpg,0,0.0,0,1
SOD_1987.jpg,0,0.0,0,1
SOD_1988.jpg,0,0.0,0,1
SOD_1989.jpg,0,0.0,0,1
SOD_1991.jpg,0,0.0,0,1
SOD_1992.jpg,0,0.0,0,1
SOD_1994.jpg,0,0.0,0,1
SOD_1995.jpg,0,0.0,0,1
SOD_1996.jpg,0,0.0,0,1
SOD_1997.jpg,0,0.0,0,1
SOD_1998.jpg,0,0.0,0,1
SOD_1999.jpg,0,0.0,0,1
SOD_2000.jpg,0,0.0,0,1
SOD_2001.jpg,0,0.0,0,1
SOD_2004.jpg,0,0.0,0,1
SOD_2006.jpg,0,0.0,0,1
SOD_2007.jpg,0,0.0,0,1
SOD_2008.jpg,0,0.0,0,1
SOD_2009.jpg,0,0.0,0,1
SOD_2010.jpg,0,0.0,0,1
SOD_2011.jpg,0,0.0,0,1
SOD_2012.jpg,0,0.0,0,1
SOD_2013.jpg,0,0.0,0,1
SOD_2015.jpg,0,0.0,0,1
SOD_2016.jpg,0,0.0,0,1
SOD_2018.jpg,0,0.0,0,1
SOD_2020.jpg,0,0.0,0,1
SOD_2021.jpg,0,0.0,0,1
SOD_2022.jpg,0,0.0,0,1
SOD_2024.jpg,0,0.0,0,1
SOD_2025.jpg,0,0.0,0,1
SOD_2026.jpg,0,0.0,0,1
SOD_2027.jpg,0,0.0,0,1
SOD_2028.jpg,0,0.0,0,1
SOD_2029.jpg,0,0.0,0,1
SOD_2030.jpg,0,0.0,0,1
SOD_2031.jpg,0,0.0,0,1
SOD_2032.jpg,0,0.0,0,1
SOD_2034.jpg,0,0.0,0,1
SOD_2038.jpg,0,0.0,0,1
SOD_2041.jpg,0,0.0,0,1
SOD_2042.jpg,0,0.0,0,1
SOD_2045.jpg,0,0.0,0,1
SOD_2046.jpg,0,0.0,0,1
SOD_2047.jpg,0,0.0,0,1
SOD_2048.jpg,0,0.0,0,1
SOD_2049.jpg,0,0.0,0,1
SOD_2051.jpg,0,0.0,0,1
SOD_2053.jpg,0,0.0,0,1
SOD_2054.jpg,0,0.0,0,1
SOD_2055.jpg,0,0.0,0,1
SOD_2057.jpg,0,0.0,0,1
SOD_2058.jpg,0,0.0,0,1
SOD_2059.jpg,0,0.0,0,1
SOD_2060.jpg,0,0.0,0,1
SOD_2061.jpg,0,0.0,0,1
SOD_2063.jpg,0,0.0,0,1
SOD_2064.jpg,0,0.0,0,1
SOD_2065.jpg,0,0.0,0,1
SOD_2068.jpg,0,0.0,0,1
SOD_2069.jpg,0,0.0,0,1
SOD_2071.jpg,0,0.0,0,1
SOD_2074.jpg,0,0.0,0,1
SOD_2076.jpg,0,0.0,0,1
SOD_2077.jpg,0,0.0,0,1
SOD_2078.jpg,0,0.0,0,1
SOD_2079.jpg,0,0.0,0,1
SOD_2081.jpg,0,0.0,0,1
SOD_2084.jpg,0,0.0,0,1
SOD_2085.jpg,0,0.0,0,1
SOD_2086.jpg,0,0.0,0,1
SOD_2087.jpg,0,0.0,0,1
SOD_2088.jpg,0,0.0,0,1
SOD_2090.jpg,0,0.0,0,1
SOD_2091.jpg,0,0.0,0,1
SOD_2092.jpg,0,0.0,0,1
SOD_2093.jpg,0,0.0,0,1
SOD_2094.jpg,0,0.0,0,1
SOD_2096.jpg,0,0.0,0,1
SOD_2097.jpg,0,0.0,0,1
SOD_2098.jpg,0,0.0,0,1
SOD_2100.jpg,0,0.0,0,1
SOD_2101.jpg,0,0.0,0,1
SOD_2105.jpg,0,0.0,0,1
SOD_2106.jpg,0,0.0,0,1
SOD_2108.jpg,0,0.0,0,1
SOD_2109.jpg,0,0.0,0,1
SOD_2111.jpg,0,0.0,0,1
SOD_2117.jpg,0,0.0,0,1
SOD_2118.jpg,0,0.0,0,1
SOD_2120.jpg,0,0.0,0,1
SOD_2122.jpg,0,0.0,0,1
SOD_2123.jpg,0,0.0,0,1
SOD_2124.jpg,0,0.0,0,1
SOD_2125.jpg,0,0.0,0,1
SOD_2127.jpg,0,0.0,0,1
SOD_2129.jpg,0,0.0,0,1
SOD_2131.jpg,0,0.0,0,1
SOD_2133.jpg,0,0.0,0,1
SOD_2134.jpg,0,0.0,0,1
SOD_2135.jpg,0,0.0,0,1
SOD_2136.jpg,0,0.0,0,1
SOD_2139.jpg,0,0.0,0,1
SOD_2141.jpg,0,0.0,0,1
SOD_2144.jpg,0,0.0,0,1
SOD_2147.jpg,0,0.0,0,1
SOD_2148.jpg,0,0.0,0,1
SOD_2149.jpg,0,0.0,0,1
SOD_2151.jpg,0,0.0,0,1
SOD_2156.jpg,0,0.0,0,1
SOD_2158.jpg,0,0.0,0,1
SOD_2160.jpg,0,0.0,0,1
SOD_2161.jpg,0,0.0,0,1
SOD_2163.jpg,0,0.0,0,1
SOD_2166.jpg,0,0.0,0,1
SOD_2169.jpg,0,0.0,0,1
SOD_2170.jpg,0,0.0,0,1
SOD_2172.jpg,0,0.0,0,1
SOD_2173.jpg,0,0.0,0,1
SOD_2176.jpg,0,0.0,0,1
SOD_2177.jpg,0,0.0,0,1
SOD_2187.jpg,0,0.0,0,1
SOD_2189.jpg,0,0.0,0,1
SOD_2191.jpg,0,0.0,0,1
SOD_2194.jpg,0,0.0,0,1
SOD_2196.jpg,0,0.0,0,1
SOD_2202.jpg,0,0.0,0,1
SOD_2203.jpg,0,0.0,0,1
SOD_2204.jpg,0,0.0,0,1
SOD_2205.jpg,0,0.0,0,1
SOD_2207.jpg,0,0.0,0,1
SOD_2209.jpg,0,0.0,0,1
SOD_2211.jpg,0,0.0,0,1
SOD_2216.jpg,0,0.0,0,1
SOD_2224.jpg,0,0.0,0,1
SOD_2225.jpg,0,0.0,0,1
SOD_2226.jpg,0,0.0,0,1
SOD_2233.jpg,0,0.0,0,1
SOD_2234.jpg,0,0.0,0,1
SOD_2237.jpg,0,0.0,0,1
SOD_2238.jpg,0,0.0,0,1
SOD_2240.jpg,0,0.0,0,1
SOD_2244.jpg,0,0.0,0,1
SOD_2247.jpg,0,0.0,0,1
SOD_2249.jpg,0,0.0,0,1
SOD_2250.jpg,0,0.0,0,1
SOD_2251.jpg,0,0.0,0,1
SOD_2252.jpg,0,0.0,0,1
SOD_2254.jpg,0,0.0,0,1
SOD_2255.jpg,0,0.0,0,1
SOD_2256.jpg,0,0.0,0,1
SOD_2257.jpg,0,0.0,0,1
SOD_2258.jpg,0,0.0,0,1
SOD_2259.jpg,0,0.0,0,1
SOD_2260.jpg,0,0.0,0,1
SOD_2261.jpg,0,0.0,0,1
SOD_2262.jpg,0,0.0,0,1
SOD_2263.jpg,0,0.0,0,1
SOD_2264.jpg,0,0.0,0,1
SOD_2265.jpg,0,0.0,0,1
SOD_2266.jpg,0,0.0,0,1
SOD_2267.jpg,0,0.0,0,1
SOD_2269.jpg,0,0.0,0,1
SOD_2270.jpg,0,0.0,0,1
SOD_2271.jpg,0,0.0,0,1
SOD_2272.jpg,0,0.0,0,1
SOD_2273.jpg,0,0.0,0,1
SOD_2277.jpg,0,0.0,0,1
SOD_2280.jpg,0,0.0,0,1
SOD_2281.jpg,0,0.0,0,1
SOD_2282.jpg,0,0.0,0,1
SOD_2284.jpg,0,0.0,0,1
SOD_2285.jpg,0,0.0,0,1
SOD_2287.jpg,0,0.0,0,1
SOD_2288.jpg,0,0.0,0,1
SOD_2289.jpg,0,0.0,0,1
SOD_2291.jpg,0,0.0,0,1
SOD_2294.jpg,0,0.0,0,1
SOD_2296.jpg,0,0.0,0,1
SOD_2298.jpg,0,0.0,0,1
SOD_2299.jpg,0,0.0,0,1
SOD_2300.jpg,0,0.0,0,1
SOD_2301.jpg,0,0.0,0,1
SOD_2302.jpg,0,0.0,0,1
SOD_2303.jpg,0,0.0,0,1
SOD_2304.jpg,0,0.0,0,1
SOD_2305.jpg,0,0.0,0,1
SOD_2306.jpg,0,0.0,0,1
SOD_2307.jpg,0,0.0,0,1
SOD_2308.jpg,0,0.0,0,1
SOD_2309.jpg,0,0.0,0,1
SOD_2311.jpg,0,0.0,0,1
SOD_2312.jpg,0,0.0,0,1
SOD_2313.jpg,0,0.0,0,1
SOD_2314.jpg,0,0.0,0,1
SOD_2316.jpg,0,0.0,0,1
SOD_2317.jpg,0,0.0,0,1
SOD_2318.jpg,0,0.0,0,1
SOD_2320.jpg,0,0.0,0,1
SOD_2321.jpg,0,0.0,0,1
SOD_2322.jpg,0,0.0,0,1
SOD_2323.jpg,0,0.0,0,1
SOD_2325.jpg,0,0.0,0,1
SOD_2326.jpg,0,0.0,0,1
SOD_2327.jpg,0,0.0,0,1
SOD_2330.jpg,0,0.0,0,1
SOD_2332.jpg,0,0.0,0,1
SOD_2333.jpg,0,0.0,0,1
SOD_2334.jpg,0,0.0,0,1
SOD_2336.jpg,0,0.0,0,1
SOD_2337.jpg,0,0.0,0,1
SOD_2338.jpg,0,0.0,0,1
SOD_2339.jpg,0,0.0,0,1
SOD_2345.jpg,0,0.0,0,1
SOD_2348.jpg,0,0.0,0,1
SOD_2354.jpg,0,0.0,0,1
SOD_2355.jpg,0,0.0,0,1
SOD_2356.jpg,0,0.0,0,1
SOD_2357.jpg,0,0.0,0,1
SOD_2358.jpg,0,0.0,0,1
SOD_2359.jpg,0,0.0,0,1
SOD_2360.jpg,0,0.0,0,1
SOD_2362.jpg,0,0.0,0,1
SOD_2363.jpg,0,0.0,0,1
SOD_2364.jpg,0,0.0,0,1
SOD_2365.jpg,0,0.0,0,1
SOD_2366.jpg,0,0.0,0,1
SOD_2367.jpg,0,0.0,0,1
SOD_2369.jpg,0,0.0,0,1
SOD_2370.jpg,0,0.0,0,1
SOD_2371.jpg,0,0.0,0,1
SOD_2372.jpg,0,0.0,0,1
SOD_2375.jpg,0,0.0,0,1
SOD_2376.jpg,0,0.0,0,1
SOD_2378.jpg,0,0.0,0,1
SOD_2379.jpg,0,0.0,0,1
SOD_2380.jpg,0,0.0,0,1
SOD_2381.jpg,0,0.0,0,1
SOD_2384.jpg,0,0.0,0,1
SOD_2385.jpg,0,0.0,0,1
SOD_2386.jpg,0,0.0,0,1
SOD_2388.jpg,0,0.0,0,1
SOD_2389.jpg,0,0.0,0,1
SOD_2396.jpg,0,0.0,0,1
SOD_2398.jpg,0,0.0,0,1
SOD_2399.jpg,0,0.0,0,1
SOD_2404.jpg,0,0.0,0,1
SOD_2405.jpg,0,0.0,0,1
SOD_2407.jpg,0,0.0,0,1
SOD_2412.jpg,0,0.0,0,1
SOD_2413.jpg,0,0.0,0,1
SOD_2414.jpg,0,0.0,0,1
SOD_2415.jpg,0,0.0,0,1
SOD_2416.jpg,0,0.0,0,1
SOD_2418.jpg,0,0.0,0,1
SOD_2419.jpg,0,0.0,0,1
SOD_2421.jpg,0,0.0,0,1
SOD_2422.jpg,0,0.0,0,1
SOD_2423.jpg,0,0.0,0,1
SOD_2424.jpg,0,0.0,0,1
SOD_2425.jpg,0,0.0,0,1
SOD_2426.jpg,0,0.0,0,1
SOD_2428.jpg,0,0.0,0,1
SOD_2429.jpg,0,0.0,0,1
SOD_2431.jpg,0,0.0,0,1
SOD_2432.jpg,0,0.0,0,1
SOD_2433.jpg,0,0.0,0,1
SOD_2434.jpg,0,0.0,0,1
SOD_2435.jpg,0,0.0,0,1
SOD_2436.jpg,0,0.0,0,1
SOD_2437.jpg,0,0.0,0,1
SOD_2438.jpg,0,0.0,0,1
SOD_2440.jpg,0,0.0,0,1
SOD_2441.jpg,0,0.0,0,1
SOD_2442.jpg,0,0.0,0,1
SOD_2443.jpg,0,0.0,0,1
SOD_2444.jpg,0,0.0,0,1
SOD_2447.jpg,0,0.0,0,1
SOD_2448.jpg,0,0.0,0,1
SOD_2449.jpg,0,0.0,0,1
SOD_2450.jpg,0,0.0,0,1
SOD_2451.jpg,0,0.0,0,1
SOD_2452.jpg,0,0.0,0,1
SOD_2454.jpg,0,0.0,0,1
SOD_2455.jpg,0,0.0,0,1
SOD_2456.jpg,0,0.0,0,1
SOD_2457.jpg,0,0.0,0,1
SOD_2458.jpg,0,0.0,0,1
SOD_2460.jpg,0,0.0,0,1
SOD_2461.jpg,0,0.0,0,1
SOD_2462.jpg,0,0.0,0,1
SOD_2467.jpg,0,0.0,0,1
SOD_2468.jpg,0,0.0,0,1
SOD_2469.jpg,0,0.0,0,1
SOD_2470.jpg,0,0.0,0,1
SOD_2472.jpg,0,0.0,0,1
SOD_2473.jpg,0,0.0,0,1
SOD_2474.jpg,0,0.0,0,1
SOD_2477.jpg,0,0.0,0,1
SOD_2478.jpg,0,0.0,0,1
SOD_2479.jpg,0,0.0,0,1
SOD_2480.jpg,0,0.0,0,1
SOD_2481.jpg,0,0.0,0,1
SOD_2485.jpg,0,0.0,0,1
SOD_2486.jpg,0,0.0,0,1
SOD_2487.jpg,0,0.0,0,1
SOD_2489.jpg,0,0.0,0,1
SOD_2490.jpg,0,0.0,0,1
SOD_2491.jpg,0,0.0,0,1
SOD_2492.jpg,0,0.0,0,1
SOD_2493.jpg,0,0.0,0,1
SOD_2495.jpg,0,0.0,0,1
SOD_2497.jpg,0,0.0,0,1
SOD_2498.jpg,0,0.0,0,1
SOD_2499.jpg,0,0.0,0,1
SOD_2500.jpg,0,0.0,0,1
SOD_2502.jpg,0,0.0,0,1
SOD_2503.jpg,0,0.0,0,1
SOD_2504.jpg,0,0.0,0,1
SOD_2509.jpg,0,0.0,0,1
SOD_2510.jpg,0,0.0,0,1
SOD_2513.jpg,0,0.0,0,1
SOD_2514.jpg,0,0.0,0,1
SOD_2515.jpg,0,0.0,0,1
SOD_2516.jpg,0,0.0,0,1
SOD_2517.jpg,0,0.0,0,1
SOD_2518.jpg,0,0.0,0,1
SOD_2519.jpg,0,0.0,0,1
SOD_2520.jpg,0,0.0,0,1
SOD_2521.jpg,0,0.0,0,1
SOD_2522.jpg,0,0.0,0,1
SOD_2523.jpg,0,0.0,0,1
SOD_2524.jpg,0,0.0,0,1
SOD_2526.jpg,0,0.0,0,1
SOD_2527.jpg,0,0.0,0,1
SOD_2528.jpg,0,0.0,0,1
SOD_2529.jpg,0,0.0,0,1
SOD_2530.jpg,0,0.0,0,1
SOD_2531.jpg,0,0.0,0,1
SOD_2533.jpg,0,0.0,0,1
SOD_2534.jpg,0,0.0,0,1
SOD_2535.jpg,0,0.0,0,1
SOD_2536.jpg,0,0.0,0,1
SOD_2537.jpg,0,0.0,0,1
SOD_2538.jpg,0,0.0,0,1
SOD_2539.jpg,0,0.0,0,1
SOD_2540.jpg,0,0.0,0,1
SOD_2541.jpg,0,0.0,0,1
SOD_2542.jpg,0,0.0,0,1
SOD_2543.jpg,0,0.0,0,1
SOD_2544.jpg,0,0.0,0,1
SOD_2545.jpg,0,0.0,0,1
SOD_2547.jpg,0,0.0,0,1
SOD_2549.jpg,0,0.0,0,1
SOD_2551.jpg,0,0.0,0,1
SOD_2552.jpg,0,0.0,0,1
SOD_2553.jpg,0,0.0,0,1
SOD_2554.jpg,0,0.0,0,1
SOD_2555.jpg,0,0.0,0,1
SOD_2556.jpg,0,0.0,0,1
SOD_2557.jpg,0,0.0,0,1
SOD_2558.jpg,0,0.0,0,1
SOD_2559.jpg,0,0.0,0,1
SOD_2560.jpg,0,0.0,0,1
SOD_2561.jpg,0,0.0,0,1
SOD_2562.jpg,0,0.0,0,1
SOD_2563.jpg,0,0.0,0,1
SOD_2565.jpg,0,0.0,0,1
SOD_2567.jpg,0,0.0,0,1
SOD_2568.jpg,0,0.0,0,1
SOD_2569.jpg,0,0.0,0,1
SOD_2570.jpg,0,0.0,0,1
SOD_2573.jpg,0,0.0,0,1
SOD_2574.jpg,0,0.0,0,1
SOD_2575.jpg,0,0.0,0,1
SOD_2577.jpg,0,0.0,0,1
SOD_2578.jpg,0,0.0,0,1
SOD_2579.jpg,0,0.0,0,1
SOD_2580.jpg,0,0.0,0,1
SOD_2581.jpg,0,0.0,0,1
SOD_2584.jpg,0,0.0,0,1
SOD_2585.jpg,0,0.0,0,1
SOD_2586.jpg,0,0.0,0,1
SOD_2587.jpg,0,0.0,0,1
SOD_2593.jpg,0,0.0,0,1
SOD_2596.jpg,0,0.0,0,1
SOD_2599.jpg,0,0.0,0,1
SOD_2600.jpg,0,0.0,0,1
SOD_2603.jpg,0,0.0,0,1
SOD_2604.jpg,0,0.0,0,1
SOD_2605.jpg,0,0.0,0,1
SOD_2612.jpg,0,0.0,0,1
SOD_2613.jpg,0,0.0,0,1
SOD_2614.jpg,0,0.0,0,1
SOD_2617.jpg,0,0.0,0,1
SOD_2619.jpg,0,0.0,0,1
SOD_2620.jpg,0,0.0,0,1
SOD_2621.jpg,0,0.0,0,1
SOD_2622.jpg,0,0.0,0,1
SOD_2624.jpg,0,0.0,0,1
SOD_2625.jpg,0,0.0,0,1
SOD_2626.jpg,0,0.0,0,1
SOD_2627.jpg,0,0.0,0,1
SOD_2628.jpg,0,0.0,0,1
SOD_2630.jpg,0,0.0,0,1
SOD_2631.jpg,0,0.0,0,1
SOD_2632.jpg,0,0.0,0,1
SOD_2635.jpg,0,0.0,0,1
SOD_2636.jpg,0,0.0,0,1
SOD_2637.jpg,0,0.0,0,1
SOD_2639.jpg,0,0.0,0,1
SOD_2640.jpg,0,0.0,0,1
SOD_2642.jpg,0,0.0,0,1
SOD_2644.jpg,0,0.0,0,1
SOD_2647.jpg,0,0.0,0,1
SOD_2648.jpg,0,0.0,0,1
SOD_2649.jpg,0,0.0,0,1
SOD_2651.jpg,0,0.0,0,1
SOD_2652.jpg,0,0.0,0,1
SOD_2653.jpg,0,0.0,0,1
SOD_2654.jpg,0,0.0,0,1
SOD_2655.jpg,0,0.0,0,1
SOD_2658.jpg,0,0.0,0,1
SOD_2660.jpg,0,0.0,0,1
SOD_2661.jpg,0,0.0,0,1
SOD_2662.jpg,0,0.0,0,1
SOD_2663.jpg,0,0.0,0,1
SOD_2664.jpg,0,0.0,0,1
SOD_2665.jpg,0,0.0,0,1
SOD_2666.jpg,0,0.0,0,1
SOD_2669.jpg,0,0.0,0,1
SOD_2671.jpg,0,0.0,0,1
SOD_2672.jpg,0,0.0,0,1
SOD_2673.jpg,0,0.0,0,1
SOD_2675.jpg,0,0.0,0,1
SOD_2677.jpg,0,0.0,0,1
SOD_2678.jpg,0,0.0,0,1
SOD_2681.jpg,0,0.0,0,1
SOD_2682.jpg,0,0.0,0,1
SOD_2683.jpg,0,0.0,0,1
SOD_2685.jpg,0,0.0,0,1
SOD_2686.jpg,0,0.0,0,1
SOD_2688.jpg,0,0.0,0,1
SOD_2690.jpg,0,0.0,0,1
SOD_2691.jpg,0,0.0,0,1
SOD_2692.jpg,0,0.0,0,1
SOD_2693.jpg,0,0.0,0,1
SOD_2694.jpg,0,0.0,0,1
SOD_2698.jpg,0,0.0,0,1
SOD_2700.jpg,0,0.0,0,1
SOD_2701.jpg,0,0.0,0,1
SOD_2702.jpg,0,0.0,0,1
SOD_2703.jpg,0,0.0,0,1
SOD_2704.jpg,0,0.0,0,1
SOD_2706.jpg,0,0.0,0,1
SOD_2707.jpg,0,0.0,0,1
SOD_2708.jpg,0,0.0,0,1
SOD_2709.jpg,0,0.0,0,1
SOD_2711.jpg,0,0.0,0,1
SOD_2713.jpg,0,0.0,0,1
SOD_2714.jpg,0,0.0,0,1
SOD_2715.jpg,0,0.0,0,1
SOD_2716.jpg,0,0.0,0,1
SOD_2717.jpg,0,0.0,0,1
SOD_2718.jpg,0,0.0,0,1
SOD_2719.jpg,0,0.0,0,1
SOD_2729.jpg,0,0.0,0,1
SOD_2733.jpg,0,0.0,0,1
SOD_2734.jpg,0,0.0,0,1
SOD_2735.jpg,0,0.0,0,1
SOD_2736.jpg,0,0.0,0,1
SOD_2738.jpg,0,0.0,0,1
SOD_2740.jpg,0,0.0,0,1
SOD_2742.jpg,0,0.0,0,1
SOD_2744.jpg,0,0.0,0,1
SOD_2745.jpg,0,0.0,0,1
SOD_2747.jpg,0,0.0,0,1
SOD_2750.jpg,0,0.0,0,1
SOD_2753.jpg,0,0.0,0,1
SOD_2754.jpg,0,0.0,0,1
SOD_2755.jpg,0,0.0,0,1
SOD_2756.jpg,0,0.0,0,1
SOD_2757.jpg,0,0.0,0,1
SOD_2758.jpg,0,0.0,0,1
SOD_2760.jpg,0,0.0,0,1
SOD_2761.jpg,0,0.0,0,1
SOD_2768.jpg,0,0.0,0,1
SOD_2770.jpg,0,0.0,0,1
SOD_2772.jpg,0,0.0,0,1
SOD_2773.jpg,0,0.0,0,1
SOD_2774.jpg,0,0.0,0,1
SOD_2776.jpg,0,0.0,0,1
SOD_2777.jpg,0,0.0,0,1
SOD_2779.jpg,0,0.0,0,1
SOD_2780.jpg,0,0.0,0,1
SOD_2781.jpg,0,0.0,0,1
SOD_2785.jpg,0,0.0,0,1
SOD_2791.jpg,0,0.0,0,1
SOD_2792.jpg,0,0.0,0,1
SOD_2794.jpg,0,0.0,0,1
SOD_2795.jpg,0,0.0,0,1
SOD_2798.jpg,0,0.0,0,1
SOD_2799.jpg,0,0.0,0,1
SOD_2802.jpg,0,0.0,0,1
SOD_2811.jpg,0,0.0,0,1
SOD_2812.jpg,0,0.0,0,1
SOD_2820.jpg,0,0.0,0,1
SOD_2821.jpg,0,0.0,0,1
SOD_2824.jpg,0,0.0,0,1
SOD_2825.jpg,0,0.0,0,1
SOD_2826.jpg,0,0.0,0,1
SOD_2828.jpg,0,0.0,0,1
SOD_2834.jpg,0,0.0,0,1
SOD_2836.jpg,0,0.0,0,1
SOD_2837.jpg,0,0.0,0,1
SOD_2845.jpg,0,0.0,0,1
SOD_2847.jpg,0,0.0,0,1
SOD_2848.jpg,0,0.0,0,1
SOD_2850.jpg,0,0.0,0,1
SOD_2851.jpg,0,0.0,0,1
SOD_2854.jpg,0,0.0,0,1
SOD_2855.jpg,0,0.0,0,1
SOD_2857.jpg,0,0.0,0,1
SOD_2859.jpg,0,0.0,0,1
SOD_2863.jpg,0,0.0,0,1
SOD_2866.jpg,0,0.0,0,1
SOD_2867.jpg,0,0.0,0,1
SOD_2871.jpg,0,0.0,0,1
SOD_2872.jpg,0,0.0,0,1
SOD_2876.jpg,0,0.0,0,1
SOD_2878.jpg,0,0.0,0,1
SOD_2879.jpg,0,0.0,0,1
SOD_2880.jpg,0,0.0,0,1
SOD_2881.jpg,0,0.0,0,1
SOD_2884.jpg,0,0.0,0,1
SOD_2885.jpg,0,0.0,0,1
SOD_2892.jpg,0,0.0,0,1
SOD_2894.jpg,0,0.0,0,1
SOD_2898.jpg,0,0.0,0,1
SOD_2899.jpg,0,0.0,0,1
SOD_2904.jpg,0,0.0,0,1
SOD_2905.jpg,0,0.0,0,1
SOD_2907.jpg,0,0.0,0,1
SOD_2908.jpg,0,0.0,0,1
SOD_2912.jpg,0,0.0,0,1
SOD_2913.jpg,0,0.0,0,1
SOD_2914.jpg,0,0.0,0,1
SOD_2916.jpg,0,0.0,0,1
SOD_2917.jpg,0,0.0,0,1
SOD_2918.jpg,0,0.0,0,1
SOD_2919.jpg,0,0.0,0,1
SOD_2923.jpg,0,0.0,0,1
SOD_2926.jpg,0,0.0,0,1
SOD_2927.jpg,0,0.0,0,1
SOD_2928.jpg,0,0.0,0,1
SOD_2933.jpg,0,0.0,0,1
SOD_2935.jpg,0,0.0,0,1
SOD_2936.jpg,0,0.0,0,1
SOD_2937.jpg,0,0.0,0,1
SOD_2938.jpg,0,0.0,0,1
SOD_2939.jpg,0,0.0,0,1
SOD_2940.jpg,0,0.0,0,1
SOD_2941.jpg,0,0.0,0,1
SOD_2942.jpg,0,0.0,0,1
SOD_2943.jpg,0,0.0,0,1
SOD_2945.jpg,0,0.0,0,1
SOD_2946.jpg,0,0.0,0,1
SOD_2947.jpg,0,0.0,0,1
SOD_2948.jpg,0,0.0,0,1
SOD_2952.jpg,0,0.0,0,1
SOD_2956.jpg,0,0.0,0,1
SOD_2957.jpg,0,0.0,0,1
SOD_2959.jpg,0,0.0,0,1
SOD_2960.jpg,0,0.0,0,1
SOD_2961.jpg,0,0.0,0,1
SOD_2962.jpg,0,0.0,0,1
SOD_2963.jpg,0,0.0,0,1
SOD_2965.jpg,0,0.0,0,1
SOD_2968.jpg,0,0.0,0,1
SOD_2969.jpg,0,0.0,0,1
SOD_2973.jpg,0,0.0,0,1
SOD_2976.jpg,0,0.0,0,1
SOD_2981.jpg,0,0.0,0,1
SOD_2984.jpg,0,0.0,0,1
SOD_2985.jpg,0,0.0,0,1
SOD_2986.jpg,0,0.0,0,1
SOD_2989.jpg,0,0.0,0,1
SOD_2991.jpg,0,0.0,0,1
SOD_2995.jpg,0,0.0,0,1
SOD_2996.jpg,0,0.0,0,1
SOD_2997.jpg,0,0.0,0,1
SOD_2998.jpg,0,0.0,0,1
SOD_2999.jpg,0,0.0,0,1
SOD_3001.jpg,0,0.0,0,1
SOD_3006.jpg,0,0.0,0,1
SOD_3007.jpg,0,0.0,0,1
SOD_3008.jpg,0,0.0,0,1
SOD_3013.jpg,0,0.0,0,1
SOD_3015.jpg,0,0.0,0,1
SOD_3017.jpg,0,0.0,0,1
SOD_3020.jpg,0,0.0,0,1
SOD_3022.jpg,0,0.0,0,1
SOD_3026.jpg,0,0.0,0,1
SOD_3029.jpg,0,0.0,0,1
SOD_3030.jpg,0,0.0,0,1
SOD_3031.jpg,0,0.0,0,1
SOD_3032.jpg,0,0.0,0,1
SOD_3035.jpg,0,0.0,0,1
SOD_3036.jpg,0,0.0,0,1
SOD_3039.jpg,0,0.0,0,1
SOD_3042.jpg,0,0.0,0,1
SOD_3044.jpg,0,0.0,0,1
SOD_3047.jpg,0,0.0,0,1
SOD_3050.jpg,0,0.0,0,1
SOD_3051.jpg,0,0.0,0,1
SOD_3052.jpg,0,0.0,0,1
SOD_3053.jpg,0,0.0,0,1
SOD_3054.jpg,0,0.0,0,1
SOD_3055.jpg,0,0.0,0,1
SOD_3056.jpg,0,0.0,0,1
SOD_3057.jpg,0,0.0,0,1
SOD_3059.jpg,0,0.0,0,1
SOD_3061.jpg,0,0.0,0,1
SOD_3062.jpg,0,0.0,0,1
SOD_3063.jpg,0,0.0,0,1
SOD_3066.jpg,0,0.0,0,1
SOD_3067.jpg,0,0.0,0,1
SOD_3069.jpg,0,0.0,0,1
SOD_3072.jpg,0,0.0,0,1
SOD_3073.jpg,0,0.0,0,1
SOD_3074.jpg,0,0.0,0,1
SOD_3076.jpg,0,0.0,0,1
SOD_3077.jpg,0,0.0,0,1
SOD_3079.jpg,0,0.0,0,1
SOD_3082.jpg,0,0.0,0,1
SOD_3085.jpg,0,0.0,0,1
SOD_3087.jpg,0,0.0,0,1
SOD_3090.jpg,0,0.0,0,1
SOD_3095.jpg,0,0.0,0,1
SOD_3096.jpg,0,0.0,0,1
SOD_3098.jpg,0,0.0,0,1
SOD_3099.jpg,0,0.0,0,1
SOD_3100.jpg,0,0.0,0,1
SOD_3101.jpg,0,0.0,0,1
SOD_3102.jpg,0,0.0,0,1
SOD_3103.jpg,0,0.0,0,1
SOD_3108.jpg,0,0.0,0,1
SOD_3110.jpg,0,0.0,0,1
SOD_3111.jpg,0,0.0,0,1
SOD_3112.jpg,0,0.0,0,1
SOD_3113.jpg,0,0.0,0,1
SOD_3117.jpg,0,0.0,0,1
SOD_3118.jpg,0,0.0,0,1
SOD_3119.jpg,0,0.0,0,1
SOD_3120.jpg,0,0.0,0,1
SOD_3121.jpg,0,0.0,0,1
SOD_3122.jpg,0,0.0,0,1
SOD_3123.jpg,0,0.0,0,1
SOD_3124.jpg,0,0.0,0,1
SOD_3125.jpg,0,0.0,0,1
SOD_3126.jpg,0,0.0,0,1
SOD_3127.jpg,0,0.0,0,1
SOD_3128.jpg,0,0.0,0,1
SOD_3134.jpg,0,0.0,0,1
SOD_3135.jpg,0,0.0,0,1
SOD_3136.jpg,0,0.0,0,1
SOD_3137.jpg,0,0.0,0,1
SOD_3139.jpg,0,0.0,0,1
SOD_3143.jpg,0,0.0,0,1
SOD_3146.jpg,0,0.0,0,1
SOD_3147.jpg,0,0.0,0,1
SOD_3149.jpg,0,0.0,0,1
SOD_3150.jpg,0,0.0,0,1
SOD_3151.jpg,0,0.0,0,1
SOD_3152.jpg,0,0.0,0,1
SOD_3153.jpg,0,0.0,0,1
SOD_3154.jpg,0,0.0,0,1
SOD_3155.jpg,0,0.0,0,1
SOD_3158.jpg,0,0.0,0,1
SOD_3160.jpg,0,0.0,0,1
SOD_3161.jpg,0,0.0,0,1
SOD_3162.jpg,0,0.0,0,1
SOD_3164.jpg,0,0.0,0,1
SOD_3165.jpg,0,0.0,0,1
SOD_3169.jpg,0,0.0,0,1
SOD_3171.jpg,0,0.0,0,1
SOD_3172.jpg,0,0.0,0,1
SOD_3173.jpg,0,0.0,0,1
SOD_3176.jpg,0,0.0,0,1
SOD_3179.jpg,0,0.0,0,1
SOD_3180.jpg,0,0.0,0,1
SOD_3182.jpg,0,0.0,0,1
SOD_3185.jpg,0,0.0,0,1
SOD_3186.jpg,0,0.0,0,1
SOD_3188.jpg,0,0.0,0,1
SOD_3192.jpg,0,0.0,0,1
SOD_3193.jpg,0,0.0,0,1
SOD_3195.jpg,0,0.0,0,1
SOD_3196.jpg,0,0.0,0,1
SOD_3197.jpg,0,0.0,0,1
SOD_3200.jpg,0,0.0,0,1
SOD_3201.jpg,0,0.0,0,1
SOD_3203.jpg,0,0.0,0,1
SOD_3210.jpg,0,0.0,0,1
SOD_3212.jpg,0,0.0,0,1
SOD_3215.jpg,0,0.0,0,1
SOD_3216.jpg,0,0.0,0,1
SOD_3217.jpg,0,0.0,0,1
SOD_3220.jpg,0,0.0,0,1
SOD_3221.jpg,0,0.0,0,1
SOD_3222.jpg,0,0.0,0,1
SOD_3223.jpg,0,0.0,0,1
SOD_3230.jpg,0,0.0,0,1
SOD_3231.jpg,0,0.0,0,1
SOD_3232.jpg,0,0.0,0,1
SOD_3239.jpg,0,0.0,0,1
SOD_3241.jpg,0,0.0,0,1
SOD_3244.jpg,0,0.0,0,1
SOD_3246.jpg,0,0.0,0,1
SOD_3247.jpg,0,0.0,0,1
SOD_3248.jpg,0,0.0,0,1
SOD_3249.jpg,0,0.0,0,1
SOD_3250.jpg,0,0.0,0,1
SOD_3251.jpg,0,0.0,0,1
SOD_3253.jpg,0,0.0,0,1
SOD_3254.jpg,0,0.0,0,1
SOD_3256.jpg,0,0.0,0,1
SOD_3264.jpg,0,0.0,0,1
SOD_3265.jpg,0,0.0,0,1
SOD_3266.jpg,0,0.0,0,1
SOD_3268.jpg,0,0.0,0,1
SOD_3270.jpg,0,0.0,0,1
SOD_3271.jpg,0,0.0,0,1
SOD_3272.jpg,0,0.0,0,1
SOD_3275.jpg,0,0.0,0,1
SOD_3276.jpg,0,0.0,0,1
SOD_3277.jpg,0,0.0,0,1
SOD_3278.jpg,0,0.0,0,1
SOD_3279.jpg,0,0.0,0,1
SOD_3280.jpg,0,0.0,0,1
SOD_3281.jpg,0,0.0,0,1
SOD_3287.jpg,0,0.0,0,1
SOD_3288.jpg,0,0.0,0,1
SOD_3290.jpg,0,0.0,0,1
SOD_3291.jpg,0,0.0,0,1
SOD_3292.jpg,0,0.0,0,1
SOD_3294.jpg,0,0.0,0,1
SOD_3299.jpg,0,0.0,0,1
SOD_3300.jpg,0,0.0,0,1
SOD_3302.jpg,0,0.0,0,1
SOD_3303.jpg,0,0.0,0,1
SOD_3304.jpg,0,0.0,0,1
SOD_3305.jpg,0,0.0,0,1
SOD_3306.jpg,0,0.0,0,1
SOD_3309.jpg,0,0.0,0,1
SOD_3310.jpg,0,0.0,0,1
SOD_3312.jpg,0,0.0,0,1
SOD_3313.jpg,0,0.0,0,1
SOD_3314.jpg,0,0.0,0,1
SOD_3315.jpg,0,0.0,0,1
SOD_3316.jpg,0,0.0,0,1
SOD_3317.jpg,0,0.0,0,1
SOD_3318.jpg,0,0.0,0,1
SOD_3319.jpg,0,0.0,0,1
SOD_3321.jpg,0,0.0,0,1
SOD_3322.jpg,0,0.0,0,1
SOD_3325.jpg,0,0.0,0,1
SOD_3326.jpg,0,0.0,0,1
SOD_3327.jpg,0,0.0,0,1
SOD_3330.jpg,0,0.0,0,1
SOD_3331.jpg,0,0.0,0,1
SOD_3332.jpg,0,0.0,0,1
SOD_3334.jpg,0,0.0,0,1
SOD_3335.jpg,0,0.0,0,1
SOD_3336.jpg,0,0.0,0,1
SOD_3337.jpg,0,0.0,0,1
SOD_3338.jpg,0,0.0,0,1
SOD_3339.jpg,0,0.0,0,1
SOD_3341.jpg,0,0.0,0,1
SOD_3344.jpg,0,0.0,0,1
SOD_3345.jpg,0,0.0,0,1
SOD_3346.jpg,0,0.0,0,1
SOD_3348.jpg,0,0.0,0,1
SOD_3350.jpg,0,0.0,0,1
SOD_3351.jpg,0,0.0,0,1
SOD_3352.jpg,0,0.0,0,1
SOD_3354.jpg,0,0.0,0,1
SOD_3355.jpg,0,0.0,0,1
SOD_3357.jpg,0,0.0,0,1
SOD_3359.jpg,0,0.0,0,1
SOD_3360.jpg,0,0.0,0,1
SOD_3362.jpg,0,0.0,0,1
SOD_3363.jpg,0,0.0,0,1
SOD_3364.jpg,0,0.0,0,1
SOD_3368.jpg,0,0.0,0,1
SOD_3369.jpg,0,0.0,0,1
SOD_3370.jpg,0,0.0,0,1
SOD_3375.jpg,0,0.0,0,1
SOD_3376.jpg,0,0.0,0,1
SOD_3377.jpg,0,0.0,0,1
SOD_3379.jpg,0,0.0,0,1
SOD_3380.jpg,0,0.0,0,1
SOD_3381.jpg,0,0.0,0,1
SOD_3382.jpg,0,0.0,0,1
SOD_3384.jpg,0,0.0,0,1
SOD_3388.jpg,0,0.0,0,1
SOD_3389.jpg,0,0.0,0,1
SOD_3390.jpg,0,0.0,0,1
SOD_3391.jpg,0,0.0,0,1
SOD_3392.jpg,0,0.0,0,1
SOD_3394.jpg,0,0.0,0,1
SOD_3396.jpg,0,0.0,0,1
SOD_3398.jpg,0,0.0,0,1
SOD_3400.jpg,0,0.0,0,1
SOD_3401.jpg,0,0.0,0,1
SOD_3403.jpg,0,0.0,0,1
SOD_3404.jpg,0,0.0,0,1
SOD_3407.jpg,0,0.0,0,1
SOD_3410.jpg,0,0.0,0,1
SOD_3413.jpg,0,0.0,0,1
SOD_3414.jpg,0,0.0,0,1
SOD_3418.jpg,0,0.0,0,1
SOD_3420.jpg,0,0.0,0,1
SOD_3422.jpg,0,0.0,0,1
SOD_3423.jpg,0,0.0,0,1
SOD_3424.jpg,0,0.0,0,1
SOD_3425.jpg,0,0.0,0,1
SOD_3427.jpg,0,0.0,0,1
SOD_3428.jpg,0,0.0,0,1
SOD_3429.jpg,0,0.0,0,1
SOD_3430.jpg,0,0.0,0,1
SOD_3431.jpg,0,0.0,0,1
SOD_3432.jpg,0,0.0,0,1
SOD_3433.jpg,0,0.0,0,1
SOD_3434.jpg,0,0.0,0,1
SOD_3436.jpg,0,0.0,0,1
SOD_3438.jpg,0,0.0,0,1
SOD_3439.jpg,0,0.0,0,1
SOD_3440.jpg,0,0.0,0,1
SOD_3442.jpg,0,0.0,0,1
SOD_3443.jpg,0,0.0,0,1
SOD_3444.jpg,0,0.0,0,1
SOD_3445.jpg,0,0.0,0,1
SOD_3446.jpg,0,0.0,0,1
SOD_3447.jpg,0,0.0,0,1
SOD_3448.jpg,0,0.0,0,1
SOD_3449.jpg,0,0.0,0,1
SOD_3452.jpg,0,0.0,0,1
SOD_3453.jpg,0,0.0,0,1
SOD_3454.jpg,0,0.0,0,1
SOD_3455.jpg,0,0.0,0,1
SOD_3456.jpg,0,0.0,0,1
SOD_3457.jpg,0,0.0,0,1
SOD_3459.jpg,0,0.0,0,1
SOD_3460.jpg,0,0.0,0,1
SOD_3461.jpg,0,0.0,0,1
SOD_3463.jpg,0,0.0,0,1
SOD_3464.jpg,0,0.0,0,1
SOD_3465.jpg,0,0.0,0,1
SOD_3467.jpg,0,0.0,0,1
SOD_3469.jpg,0,0.0,0,1
SOD_3471.jpg,0,0.0,0,1
SOD_3472.jpg,0,0.0,0,1
SOD_3474.jpg,0,0.0,0,1
SOD_3476.jpg,0,0.0,0,1
SOD_3477.jpg,0,0.0,0,1
SOD_3478.jpg,0,0.0,0,1
SOD_3479.jpg,0,0.0,0,1
SOD_3482.jpg,0,0.0,0,1
SOD_3483.jpg,0,0.0,0,1
SOD_3484.jpg,0,0.0,0,1
SOD_3485.jpg,0,0.0,0,1
SOD_3487.jpg,0,0.0,0,1
SOD_3488.jpg,0,0.0,0,1
SOD_3489.jpg,0,0.0,0,1
SOD_3490.jpg,0,0.0,0,1
SOD_3492.jpg,0,0.0,0,1
SOD_3493.jpg,0,0.0,0,1
SOD_3495.jpg,0,0.0,0,1
SOD_3496.jpg,0,0.0,0,1
SOD_3497.jpg,0,0.0,0,1
SOD_3498.jpg,0,0.0,0,1
SOD_3501.jpg,0,0.0,0,1
SOD_3502.jpg,0,0.0,0,1
SOD_3503.jpg,0,0.0,0,1
SOD_3516.jpg,0,0.0,0,1
SOD_3519.jpg,0,0.0,0,1
SOD_3521.jpg,0,0.0,0,1
SOD_3522.jpg,0,0.0,0,1
SOD_3523.jpg,0,0.0,0,1
SOD_3524.jpg,0,0.0,0,1
SOD_3525.jpg,0,0.0,0,1
SOD_3526.jpg,0,0.0,0,1
SOD_3527.jpg,0,0.0,0,1
SOD_3528.jpg,0,0.0,0,1
SOD_3529.jpg,0,0.0,0,1
SOD_3530.jpg,0,0.0,0,1
SOD_3531.jpg,0,0.0,0,1
SOD_3532.jpg,0,0.0,0,1
SOD_3533.jpg,0,0.0,0,1
SOD_3534.jpg,0,0.0,0,1
SOD_3535.jpg,0,0.0,0,1
SOD_3536.jpg,0,0.0,0,1
SOD_3537.jpg,0,0.0,0,1
SOD_3538.jpg,0,0.0,0,1
SOD_3540.jpg,0,0.0,0,1
SOD_3541.jpg,0,0.0,0,1
SOD_3543.jpg,0,0.0,0,1
SOD_3545.jpg,0,0.0,0,1
SOD_3546.jpg,0,0.0,0,1
SOD_3547.jpg,0,0.0,0,1
SOD_3548.jpg,0,0.0,0,1
SOD_3551.jpg,0,0.0,0,1
SOD_3552.jpg,0,0.0,0,1
SOD_3553.jpg,0,0.0,0,1
SOD_3554.jpg,0,0.0,0,1
SOD_3555.jpg,0,0.0,0,1
SOD_3556.jpg,0,0.0,0,1
SOD_3557.jpg,0,0.0,0,1
SOD_3558.jpg,0,0.0,0,1
SOD_3560.jpg,0,0.0,0,1
SOD_3562.jpg,0,0.0,0,1
SOD_3563.jpg,0,0.0,0,1
SOD_3565.jpg,0,0.0,0,1
SOD_3566.jpg,0,0.0,0,1
SOD_3568.jpg,0,0.0,0,1
SOD_3570.jpg,0,0.0,0,1
SOD_3571.jpg,0,0.0,0,1
SOD_3572.jpg,0,0.0,0,1
SOD_3573.jpg,0,0.0,0,1
SOD_3576.jpg,0,0.0,0,1
SOD_3577.jpg,0,0.0,0,1
SOD_3579.jpg,0,0.0,0,1
SOD_3580.jpg,0,0.0,0,1
SOD_3582.jpg,0,0.0,0,1
SOD_3583.jpg,0,0.0,0,1
SOD_3585.jpg,0,0.0,0,1
SOD_3586.jpg,0,0.0,0,1
SOD_3590.jpg,0,0.0,0,1
SOD_3591.jpg,0,0.0,0,1
SOD_3592.jpg,0,0.0,0,1
SOD_3594.jpg,0,0.0,0,1
SOD_3595.jpg,0,0.0,0,1
SOD_3596.jpg,0,0.0,0,1
SOD_3597.jpg,0,0.0,0,1
SOD_3598.jpg,0,0.0,0,1
SOD_3600.jpg,0,0.0,0,1
SOD_3601.jpg,0,0.0,0,1
SOD_3603.jpg,0,0.0,0,1
SOD_3604.jpg,0,0.0,0,1
SOD_3607.jpg,0,0.0,0,1
SOD_3608.jpg,0,0.0,0,1
SOD_3610.jpg,0,0.0,0,1
SOD_3612.jpg,0,0.0,0,1
SOD_3614.jpg,0,0.0,0,1
SOD_3615.jpg,0,0.0,0,1
SOD_3616.jpg,0,0.0,0,1
SOD_3617.jpg,0,0.0,0,1
SOD_3618.jpg,0,0.0,0,1
SOD_3619.jpg,0,0.0,0,1
SOD_3620.jpg,0,0.0,0,1
SOD_3621.jpg,0,0.0,0,1
SOD_3622.jpg,0,0.0,0,1
SOD_3623.jpg,0,0.0,0,1
SOD_3625.jpg,0,0.0,0,1
SOD_3626.jpg,0,0.0,0,1
SOD_3627.jpg,0,0.0,0,1
SOD_3628.jpg,0,0.0,0,1
SOD_3629.jpg,0,0.0,0,1
SOD_3630.jpg,0,0.0,0,1
SOD_3631.jpg,0,0.0,0,1
SOD_3632.jpg,0,0.0,0,1
SOD_3635.jpg,0,0.0,0,1
SOD_3638.jpg,0,0.0,0,1
SOD_3639.jpg,0,0.0,0,1
SOD_3647.jpg,0,0.0,0,1
SOD_3651.jpg,0,0.0,0,1
SOD_3652.jpg,0,0.0,0,1
SOD_3655.jpg,0,0.0,0,1
SOD_3659.jpg,0,0.0,0,1
SOD_3660.jpg,0,0.0,0,1
SOD_3661.jpg,0,0.0,0,1
SOD_3669.jpg,0,0.0,0,1
SOD_3670.jpg,0,0.0,0,1
SOD_3671.jpg,0,0.0,0,1
SOD_3673.jpg,0,0.0,0,1
SOD_3675.jpg,0,0.0,0,1
SOD_3676.jpg,0,0.0,0,1
SOD_3685.jpg,0,0.0,0,1
SOD_3686.jpg,0,0.0,0,1
SOD_3689.jpg,0,0.0,0,1
SOD_3691.jpg,0,0.0,0,1
SOD_3693.jpg,0,0.0,0,1
SOD_3694.jpg,0,0.0,0,1
SOD_3696.jpg,0,0.0,0,1
SOD_3697.jpg,0,0.0,0,1
SOD_3698.jpg,0,0.0,0,1
SOD_3701.jpg,0,0.0,0,1
SOD_3702.jpg,0,0.0,0,1
SOD_3703.jpg,0,0.0,0,1
SOD_3706.jpg,0,0.0,0,1
SOD_3707.jpg,0,0.0,0,1
SOD_3711.jpg,0,0.0,0,1
SOD_3713.jpg,0,0.0,0,1
SOD_3715.jpg,0,0.0,0,1
SOD_3716.jpg,0,0.0,0,1
SOD_3719.jpg,0,0.0,0,1
SOD_3721.jpg,0,0.0,0,1
SOD_3722.jpg,0,0.0,0,1
SOD_3723.jpg,0,0.0,0,1
SOD_3724.jpg,0,0.0,0,1
SOD_3725.jpg,0,0.0,0,1
SOD_3726.jpg,0,0.0,0,1
SOD_3727.jpg,0,0.0,0,1
SOD_3728.jpg,0,0.0,0,1
SOD_3729.jpg,0,0.0,0,1
SOD_3730.jpg,0,0.0,0,1
SOD_3733.jpg,0,0.0,0,1
SOD_3734.jpg,0,0.0,0,1
SOD_3736.jpg,0,0.0,0,1
SOD_3737.jpg,0,0.0,0,1
SOD_3742.jpg,0,0.0,0,1
SOD_3743.jpg,0,0.0,0,1
SOD_3744.jpg,0,0.0,0,1
SOD_3745.jpg,0,0.0,0,1
SOD_3747.jpg,0,0.0,0,1
SOD_3748.jpg,0,0.0,0,1
SOD_3749.jpg,0,0.0,0,1
SOD_3750.jpg,0,0.0,0,1
SOD_3752.jpg,0,0.0,0,1
SOD_3755.jpg,0,0.0,0,1
SOD_3756.jpg,0,0.0,0,1
SOD_3762.jpg,0,0.0,0,1
SOD_3763.jpg,0,0.0,0,1
SOD_3768.jpg,0,0.0,0,1
SOD_3769.jpg,0,0.0,0,1
SOD_3770.jpg,0,0.0,0,1
SOD_3772.jpg,0,0.0,0,1
SOD_3775.jpg,0,0.0,0,1
SOD_3776.jpg,0,0.0,0,1
SOD_3784.jpg,0,0.0,0,1
SOD_3786.jpg,0,0.0,0,1
SOD_3788.jpg,0,0.0,0,1
SOD_3789.jpg,0,0.0,0,1
SOD_3790.jpg,0,0.0,0,1
SOD_3791.jpg,0,0.0,0,1
SOD_3792.jpg,0,0.0,0,1
SOD_3795.jpg,0,0.0,0,1
SOD_3796.jpg,0,0.0,0,1
SOD_3797.jpg,0,0.0,0,1
SOD_3801.jpg,0,0.0,0,1
SOD_3803.jpg,0,0.0,0,1
SOD_3806.jpg,0,0.0,0,1
SOD_3809.jpg,0,0.0,0,1
SOD_3810.jpg,0,0.0,0,1
SOD_3811.jpg,0,0.0,0,1
SOD_3812.jpg,0,0.0,0,1
SOD_3815.jpg,0,0.0,0,1
SOD_3817.jpg,0,0.0,0,1
SOD_3819.jpg,0,0.0,0,1
SOD_3820.jpg,0,0.0,0,1
SOD_3821.jpg,0,0.0,0,1
SOD_3822.jpg,0,0.0,0,1
SOD_3823.jpg,0,0.0,0,1
SOD_3825.jpg,0,0.0,0,1
SOD_3829.jpg,0,0.0,0,1
SOD_3830.jpg,0,0.0,0,1
SOD_3832.jpg,0,0.0,0,1
SOD_3833.jpg,0,0.0,0,1
SOD_3834.jpg,0,0.0,0,1
SOD_3836.jpg,0,0.0,0,1
SOD_3838.jpg,0,0.0,0,1
SOD_3840.jpg,0,0.0,0,1
SOD_3841.jpg,0,0.0,0,1
SOD_3842.jpg,0,0.0,0,1
SOD_3843.jpg,0,0.0,0,1
SOD_3845.jpg,0,0.0,0,1
SOD_3846.jpg,0,0.0,0,1
SOD_3848.jpg,0,0.0,0,1
SOD_3849.jpg,0,0.0,0,1
SOD_3853.jpg,0,0.0,0,1
SOD_3855.jpg,0,0.0,0,1
SOD_3856.jpg,0,0.0,0,1
SOD_3858.jpg,0,0.0,0,1
SOD_3859.jpg,0,0.0,0,1
SOD_3861.jpg,0,0.0,0,1
SOD_3862.jpg,0,0.0,0,1
SOD_3863.jpg,0,0.0,0,1
SOD_3864.jpg,0,0.0,0,1
SOD_3865.jpg,0,0.0,0,1
SOD_3866.jpg,0,0.0,0,1
SOD_3872.jpg,0,0.0,0,1
SOD_3873.jpg,0,0.0,0,1
SOD_3874.jpg,0,0.0,0,1
SOD_3875.jpg,0,0.0,0,1
SOD_3878.jpg,0,0.0,0,1
SOD_3880.jpg,0,0.0,0,1
SOD_3882.jpg,0,0.0,0,1
SOD_3883.jpg,0,0.0,0,1
SOD_3885.jpg,0,0.0,0,1
SOD_3891.jpg,0,0.0,0,1
SOD_3894.jpg,0,0.0,0,1
SOD_3895.jpg,0,0.0,0,1
SOD_3896.jpg,0,0.0,0,1
SOD_3898.jpg,0,0.0,0,1
SOD_3901.jpg,0,0.0,0,1
SOD_3903.jpg,0,0.0,0,1
SOD_3905.jpg,0,0.0,0,1
SOD_3906.jpg,0,0.0,0,1
SOD_3909.jpg,0,0.0,0,1
SOD_3910.jpg,0,0.0,0,1
SOD_3913.jpg,0,0.0,0,1
SOD_3916.jpg,0,0.0,0,1
SOD_3918.jpg,0,0.0,0,1
SOD_3919.jpg,0,0.0,0,1
SOD_3921.jpg,0,0.0,0,1
SOD_3923.jpg,0,0.0,0,1
SOD_3924.jpg,0,0.0,0,1
SOD_3925.jpg,0,0.0,0,1
SOD_3928.jpg,0,0.0,0,1
SOD_3929.jpg,0,0.0,0,1
SOD_3930.jpg,0,0.0,0,1
SOD_3931.jpg,0,0.0,0,1
SOD_3932.jpg,0,0.0,0,1
SOD_3937.jpg,0,0.0,0,1
SOD_3939.jpg,0,0.0,0,1
SOD_3942.jpg,0,0.0,0,1
SOD_3944.jpg,0,0.0,0,1
SOD_3946.jpg,0,0.0,0,1
SOD_3948.jpg,0,0.0,0,1
SOD_3949.jpg,0,0.0,0,1
SOD_3951.jpg,0,0.0,0,1
SOD_3952.jpg,0,0.0,0,1
SOD_3953.jpg,0,0.0,0,1
SOD_3954.jpg,0,0.0,0,1
SOD_3956.jpg,0,0.0,0,1
SOD_3957.jpg,0,0.0,0,1
SOD_3958.jpg,0,0.0,0,1
SOD_3959.jpg,0,0.0,0,1
SOD_3961.jpg,0,0.0,0,1
SOD_3964.jpg,0,0.0,0,1
SOD_3965.jpg,0,0.0,0,1
SOD_3967.jpg,0,0.0,0,1
SOD_3968.jpg,0,0.0,0,1
SOD_3970.jpg,0,0.0,0,1
SOD_3973.jpg,0,0.0,0,1
SOD_3974.jpg,0,0.0,0,1
SOD_3976.jpg,0,0.0,0,1
SOD_3977.jpg,0,0.0,0,1
SOD_3981.jpg,0,0.0,0,1
SOD_3982.jpg,0,0.0,0,1
SOD_3983.jpg,0,0.0,0,1
SOD_3984.jpg,0,0.0,0,1
SOD_3985.jpg,0,0.0,0,1
SOD_3986.jpg,0,0.0,0,1
SOD_3989.jpg,0,0.0,0,1
SOD_3990.jpg,0,0.0,0,1
SOD_3991.jpg,0,0.0,0,1
SOD_3992.jpg,0,0.0,0,1
SOD_3993.jpg,0,0.0,0,1
SOD_3994.jpg,0,0.0,0,1
SOD_3995.jpg,0,0.0,0,1
SOD_3996.jpg,0,0.0,0,1
SOD_3997.jpg,0,0.0,0,1
SOD_3998.jpg,0,0.0,0,1
SOD_3999.jpg,0,0.0,0,1
SOD_4000.jpg,0,0.0,0,1
SOD_4001.jpg,0,0.0,0,1
SOD_4003.jpg,0,0.0,0,1
SOD_4004.jpg,0,0.0,0,1
SOD_4005.jpg,0,0.0,0,1
SOD_4006.jpg,0,0.0,0,1
SOD_4007.jpg,0,0.0,0,1
SOD_4008.jpg,0,0.0,0,1
SOD_4010.jpg,0,0.0,0,1
SOD_4011.jpg,0,0.0,0,1
SOD_4015.jpg,0,0.0,0,1
SOD_4017.jpg,0,0.0,0,1
SOD_4020.jpg,0,0.0,0,1
SOD_4023.jpg,0,0.0,0,1
SOD_4024.jpg,0,0.0,0,1
SOD_4025.jpg,0,0.0,0,1
SOD_4026.jpg,0,0.0,0,1
SOD_4027.jpg,0,0.0,0,1
SOD_4028.jpg,0,0.0,0,1
SOD_4029.jpg,0,0.0,0,1
SOD_4030.jpg,0,0.0,0,1
SOD_4031.jpg,0,0.0,0,1
SOD_4032.jpg,0,0.0,0,1
SOD_4034.jpg,0,0.0,0,1
SOD_4035.jpg,0,0.0,0,1
SOD_4036.jpg,0,0.0,0,1
SOD_4037.jpg,0,0.0,0,1
SOD_4038.jpg,0,0.0,0,1
SOD_4039.jpg,0,0.0,0,1
SOD_4040.jpg,0,0.0,0,1
SOD_4041.jpg,0,0.0,0,1
SOD_4043.jpg,0,0.0,0,1
SOD_4044.jpg,0,0.0,0,1
SOD_4045.jpg,0,0.0,0,1
SOD_4046.jpg,0,0.0,0,1
SOD_4047.jpg,0,0.0,0,1
SOD_4048.jpg,0,0.0,0,1
SOD_4055.jpg,0,0.0,0,1
SOD_4056.jpg,0,0.0,0,1
SOD_4058.jpg,0,0.0,0,1
SOD_4062.jpg,0,0.0,0,1
SOD_4064.jpg,0,0.0,0,1
SOD_4065.jpg,0,0.0,0,1
SOD_4066.jpg,0,0.0,0,1
SOD_4067.jpg,0,0.0,0,1
SOD_4068.jpg,0,0.0,0,1
SOD_4069.jpg,0,0.0,0,1
SOD_4070.jpg,0,0.0,0,1
SOD_4071.jpg,0,0.0,0,1
SOD_4074.jpg,0,0.0,0,1
SOD_4078.jpg,0,0.0,0,1
SOD_4079.jpg,0,0.0,0,1
SOD_4081.jpg,0,0.0,0,1
SOD_4082.jpg,0,0.0,0,1
SOD_4083.jpg,0,0.0,0,1
SOD_4085.jpg,0,0.0,0,1
SOD_4091.jpg,0,0.0,0,1
SOD_4094.jpg,0,0.0,0,1
SOD_4095.jpg,0,0.0,0,1
SOD_4098.jpg,0,0.0,0,1
SOD_4099.jpg,0,0.0,0,1
SOD_4100.jpg,0,0.0,0,1
SOD_4101.jpg,0,0.0,0,1
SOD_4102.jpg,0,0.0,0,1
SOD_4103.jpg,0,0.0,0,1
SOD_4105.jpg,0,0.0,0,1
SOD_4106.jpg,0,0.0,0,1
SOD_4107.jpg,0,0.0,0,1
SOD_4111.jpg,0,0.0,0,1
SOD_4114.jpg,0,0.0,0,1
SOD_4115.jpg,0,0.0,0,1
SOD_4117.jpg,0,0.0,0,1
SOD_4122.jpg,0,0.0,0,1
SOD_4123.jpg,0,0.0,0,1
SOD_4124.jpg,0,0.0,0,1
SOD_4126.jpg,0,0.0,0,1
SOD_4128.jpg,0,0.0,0,1
SOD_4130.jpg,0,0.0,0,1
SOD_4131.jpg,0,0.0,0,1
SOD_4133.jpg,0,0.0,0,1
SOD_4134.jpg,0,0.0,0,1
SOD_4135.jpg,0,0.0,0,1
SOD_4136.jpg,0,0.0,0,1
SOD_4137.jpg,0,0.0,0,1
SOD_4138.jpg,0,0.0,0,1
SOD_4139.jpg,0,0.0,0,1
SOD_4142.jpg,0,0.0,0,1
SOD_4143.jpg,0,0.0,0,1
SOD_4145.jpg,0,0.0,0,1
SOD_4146.jpg,0,0.0,0,1
SOD_4147.jpg,0,0.0,0,1
SOD_4148.jpg,0,0.0,0,1
SOD_4149.jpg,0,0.0,0,1
SOD_4150.jpg,0,0.0,0,1
SOD_4151.jpg,0,0.0,0,1
SOD_4154.jpg,0,0.0,0,1
SOD_4156.jpg,0,0.0,0,1
SOD_4159.jpg,0,0.0,0,1
SOD_4164.jpg,0,0.0,0,1
SOD_4167.jpg,0,0.0,0,1
SOD_4168.jpg,0,0.0,0,1
SOD_4169.jpg,0,0.0,0,1
SOD_4170.jpg,0,0.0,0,1
SOD_4172.jpg,0,0.0,0,1
SOD_4176.jpg,0,0.0,0,1
SOD_4177.jpg,0,0.0,0,1
SOD_4178.jpg,0,0.0,0,1
SOD_4179.jpg,0,0.0,0,1
SOD_4180.jpg,0,0.0,0,1
SOD_4181.jpg,0,0.0,0,1
SOD_4182.jpg,0,0.0,0,1
SOD_4183.jpg,0,0.0,0,1
SOD_4185.jpg,0,0.0,0,1
SOD_4186.jpg,0,0.0,0,1
SOD_4187.jpg,0,0.0,0,1
SOD_4189.jpg,0,0.0,0,1
SOD_4192.jpg,0,0.0,0,1
SOD_4193.jpg,0,0.0,0,1
SOD_4195.jpg,0,0.0,0,1
SOD_4199.jpg,0,0.0,0,1
SOD_4200.jpg,0,0.0,0,1
SOD_4204.jpg,0,0.0,0,1
SOD_4205.jpg,0,0.0,0,1
SOD_4206.jpg,0,0.0,0,1
SOD_4208.jpg,0,0.0,0,1
SOD_4211.jpg,0,0.0,0,1
SOD_4214.jpg,0,0.0,0,1
SOD_4215.jpg,0,0.0,0,1
SOD_4216.jpg,0,0.0,0,1
SOD_4218.jpg,0,0.0,0,1
SOD_4219.jpg,0,0.0,0,1
SOD_4220.jpg,0,0.0,0,1
SOD_4224.jpg,0,0.0,0,1
SOD_4227.jpg,0,0.0,0,1
SOD_4228.jpg,0,0.0,0,1
SOD_4231.jpg,0,0.0,0,1
SOD_4232.jpg,0,0.0,0,1
SOD_4233.jpg,0,0.0,0,1
SOD_4234.jpg,0,0.0,0,1
SOD_4237.jpg,0,0.0,0,1
SOD_4239.jpg,0,0.0,0,1
SOD_4242.jpg,0,0.0,0,1
SOD_4243.jpg,0,0.0,0,1
SOD_4244.jpg,0,0.0,0,1
SOD_4245.jpg,0,0.0,0,1
SOD_4246.jpg,0,0.0,0,1
SOD_4247.jpg,0,0.0,0,1
SOD_4250.jpg,0,0.0,0,1
SOD_4251.jpg,0,0.0,0,1
SOD_4253.jpg,0,0.0,0,1
SOD_4254.jpg,0,0.0,0,1
SOD_4255.jpg,0,0.0,0,1
SOD_4256.jpg,0,0.0,0,1
SOD_4258.jpg,0,0.0,0,1
SOD_4259.jpg,0,0.0,0,1
SOD_4260.jpg,0,0.0,0,1
SOD_4261.jpg,0,0.0,0,1
SOD_4262.jpg,0,0.0,0,1
SOD_4263.jpg,0,0.0,0,1
SOD_4267.jpg,0,0.0,0,1
SOD_4268.jpg,0,0.0,0,1
SOD_4269.jpg,0,0.0,0,1
SOD_4271.jpg,0,0.0,0,1
SOD_4274.jpg,0,0.0,0,1
SOD_4277.jpg,0,0.0,0,1
SOD_4279.jpg,0,0.0,0,1
SOD_4281.jpg,0,0.0,0,1
SOD_4282.jpg,0,0.0,0,1
SOD_4283.jpg,0,0.0,0,1
SOD_4284.jpg,0,0.0,0,1
SOD_4285.jpg,0,0.0,0,1
SOD_4287.jpg,0,0.0,0,1
SOD_4289.jpg,0,0.0,0,1
SOD_4290.jpg,0,0.0,0,1
SOD_4291.jpg,0,0.0,0,1
SOD_4293.jpg,0,0.0,0,1
SOD_4294.jpg,0,0.0,0,1
SOD_4295.jpg,0,0.0,0,1
SOD_4296.jpg,0,0.0,0,1
SOD_4297.jpg,0,0.0,0,1
SOD_4299.jpg,0,0.0,0,1
SOD_4301.jpg,0,0.0,0,1
SOD_4302.jpg,0,0.0,0,1
SOD_4303.jpg,0,0.0,0,1
SOD_4305.jpg,0,0.0,0,1
SOD_4306.jpg,0,0.0,0,1
SOD_4310.jpg,0,0.0,0,1
SOD_4313.jpg,0,0.0,0,1
SOD_4317.jpg,0,0.0,0,1
SOD_4321.jpg,0,0.0,0,1
SOD_4322.jpg,0,0.0,0,1
SOD_4323.jpg,0,0.0,0,1
SOD_4324.jpg,0,0.0,0,1
SOD_4325.jpg,0,0.0,0,1
SOD_4326.jpg,0,0.0,0,1
SOD_4327.jpg,0,0.0,0,1
SOD_4328.jpg,0,0.0,0,1
SOD_4329.jpg,0,0.0,0,1
SOD_4331.jpg,0,0.0,0,1
SOD_4332.jpg,0,0.0,0,1
SOD_4335.jpg,0,0.0,0,1
SOD_4336.jpg,0,0.0,0,1
SOD_4337.jpg,0,0.0,0,1
SOD_4338.jpg,0,0.0,0,1
SOD_4342.jpg,0,0.0,0,1
SOD_4344.jpg,0,0.0,0,1
SOD_4345.jpg,0,0.0,0,1
SOD_4346.jpg,0,0.0,0,1
SOD_4347.jpg,0,0.0,0,1
SOD_4348.jpg,0,0.0,0,1
SOD_4350.jpg,0,0.0,0,1
SOD_4353.jpg,0,0.0,0,1
SOD_4356.jpg,0,0.0,0,1
SOD_4358.jpg,0,0.0,0,1
SOD_4360.jpg,0,0.0,0,1
SOD_4361.jpg,0,0.0,0,1
SOD_4362.jpg,0,0.0,0,1
SOD_4364.jpg,0,0.0,0,1
SOD_4368.jpg,0,0.0,0,1
SOD_4369.jpg,0,0.0,0,1
SOD_4370.jpg,0,0.0,0,1
SOD_4375.jpg,0,0.0,0,1
SOD_4376.jpg,0,0.0,0,1
SOD_4377.jpg,0,0.0,0,1
SOD_4378.jpg,0,0.0,0,1
SOD_4379.jpg,0,0.0,0,1
SOD_4380.jpg,0,0.0,0,1
SOD_4382.jpg,0,0.0,0,1
SOD_4384.jpg,0,0.0,0,1
SOD_4385.jpg,0,0.0,0,1
SOD_4386.jpg,0,0.0,0,1
SOD_4390.jpg,0,0.0,0,1
SOD_4392.jpg,0,0.0,0,1
SOD_4394.jpg,0,0.0,0,1
SOD_4395.jpg,0,0.0,0,1
SOD_4399.jpg,0,0.0,0,1
SOD_4400.jpg,0,0.0,0,1
SOD_4401.jpg,0,0.0,0,1
SOD_4402.jpg,0,0.0,0,1
SOD_4405.jpg,0,0.0,0,1
SOD_4406.jpg,0,0.0,0,1
SOD_4407.jpg,0,0.0,0,1
SOD_4408.jpg,0,0.0,0,1
SOD_4409.jpg,0,0.0,0,1
SOD_4411.jpg,0,0.0,0,1
SOD_4413.jpg,0,0.0,0,1
SOD_4414.jpg,0,0.0,0,1
SOD_4417.jpg,0,0.0,0,1
SOD_4418.jpg,0,0.0,0,1
SOD_4419.jpg,0,0.0,0,1
SOD_4421.jpg,0,0.0,0,1
SOD_4422.jpg,0,0.0,0,1
SOD_4423.jpg,0,0.0,0,1
SOD_4430.jpg,0,0.0,0,1
SOD_4432.jpg,0,0.0,0,1
SOD_4434.jpg,0,0.0,0,1
SOD_4436.jpg,0,0.0,0,1
SOD_4438.jpg,0,0.0,0,1
SOD_4442.jpg,0,0.0,0,1
SOD_4443.jpg,0,0.0,0,1
SOD_4444.jpg,0,0.0,0,1
SOD_4445.jpg,0,0.0,0,1
SOD_4446.jpg,0,0.0,0,1
SOD_4447.jpg,0,0.0,0,1
SOD_4449.jpg,0,0.0,0,1
SOD_4451.jpg,0,0.0,0,1
SOD_4455.jpg,0,0.0,0,1
SOD_4461.jpg,0,0.0,0,1
SOD_4463.jpg,0,0.0,0,1
SOD_4464.jpg,0,0.0,0,1
SOD_4466.jpg,0,0.0,0,1
SOD_4468.jpg,0,0.0,0,1
SOD_4470.jpg,0,0.0,0,1
SOD_4471.jpg,0,0.0,0,1
SOD_4472.jpg,0,0.0,0,1
SOD_4473.jpg,0,0.0,0,1
SOD_4474.jpg,0,0.0,0,1
SOD_4481.jpg,0,0.0,0,1
SOD_4483.jpg,0,0.0,0,1
SOD_4484.jpg,0,0.0,0,1
SOD_4485.jpg,0,0.0,0,1
SOD_4486.jpg,0,0.0,0,1
SOD_4489.jpg,0,0.0,0,1
SOD_4490.jpg,0,0.0,0,1
SOD_4492.jpg,0,0.0,0,1
SOD_4494.jpg,0,0.0,0,1
SOD_4495.jpg,0,0.0,0,1
SOD_4498.jpg,0,0.0,0,1
SOD_4500.jpg,0,0.0,0,1
SOD_4501.jpg,0,0.0,0,1
SOD_4503.jpg,0,0.0,0,1
SOD_4505.jpg,0,0.0,0,1
SOD_4506.jpg,0,0.0,0,1
SOD_4507.jpg,0,0.0,0,1
SOD_4508.jpg,0,0.0,0,1
SOD_4509.jpg,0,0.0,0,1
SOD_4511.jpg,0,0.0,0,1
SOD_4513.jpg,0,0.0,0,1
SOD_4514.jpg,0,0.0,0,1
SOD_4515.jpg,0,0.0,0,1
SOD_4518.jpg,0,0.0,0,1
SOD_4519.jpg,0,0.0,0,1
SOD_4520.jpg,0,0.0,0,1
SOD_4522.jpg,0,0.0,0,1
SOD_4523.jpg,0,0.0,0,1
SOD_4525.jpg,0,0.0,0,1
SOD_4526.jpg,0,0.0,0,1
SOD_4527.jpg,0,0.0,0,1
SOD_4528.jpg,0,0.0,0,1
SOD_4529.jpg,0,0.0,0,1
SOD_4530.jpg,0,0.0,0,1
SOD_4531.jpg,0,0.0,0,1
SOD_4532.jpg,0,0.0,0,1
SOD_4533.jpg,0,0.0,0,1
SOD_4534.jpg,0,0.0,0,1
SOD_4536.jpg,0,0.0,0,1
SOD_4537.jpg,0,0.0,0,1
SOD_4539.jpg,0,0.0,0,1
SOD_4540.jpg,0,0.0,0,1
SOD_4541.jpg,0,0.0,0,1
SOD_4544.jpg,0,0.0,0,1
SOD_4546.jpg,0,0.0,0,1
SOD_4547.jpg,0,0.0,0,1
SOD_4550.jpg,0,0.0,0,1
SOD_4552.jpg,0,0.0,0,1
SOD_4554.jpg,0,0.0,0,1
SOD_4557.jpg,0,0.0,0,1
SOD_4558.jpg,0,0.0,0,1
SOD_4560.jpg,0,0.0,0,1
SOD_4562.jpg,0,0.0,0,1
SOD_4563.jpg,0,0.0,0,1
SOD_4564.jpg,0,0.0,0,1
SOD_4565.jpg,0,0.0,0,1
SOD_4566.jpg,0,0.0,0,1
SOD_4567.jpg,0,0.0,0,1
SOD_4573.jpg,0,0.0,0,1
SOD_4574.jpg,0,0.0,0,1
SOD_4576.jpg,0,0.0,0,1
SOD_4577.jpg,0,0.0,0,1
SOD_4578.jpg,0,0.0,0,1
SOD_4579.jpg,0,0.0,0,1
SOD_4580.jpg,0,0.0,0,1
SOD_4581.jpg,0,0.0,0,1
SOD_4582.jpg,0,0.0,0,1
SOD_4583.jpg,0,0.0,0,1
SOD_4584.jpg,0,0.0,0,1
SOD_4585.jpg,0,0.0,0,1
SOD_4587.jpg,0,0.0,0,1
SOD_4588.jpg,0,0.0,0,1
SOD_4589.jpg,0,0.0,0,1
SOD_4590.jpg,0,0.0,0,1
SOD_4592.jpg,0,0.0,0,1
SOD_4593.jpg,0,0.0,0,1
SOD_4594.jpg,0,0.0,0,1
SOD_4595.jpg,0,0.0,0,1
SOD_4597.jpg,0,0.0,0,1
SOD_4598.jpg,0,0.0,0,1
SOD_4599.jpg,0,0.0,0,1
SOD_4601.jpg,0,0.0,0,1
SOD_4602.jpg,0,0.0,0,1
SOD_4603.jpg,0,0.0,0,1
SOD_4604.jpg,0,0.0,0,1
SOD_4606.jpg,0,0.0,0,1
SOD_4608.jpg,0,0.0,0,1
SOD_4610.jpg,0,0.0,0,1
SOD_4615.jpg,0,0.0,0,1
SOD_4616.jpg,0,0.0,0,1
SOD_4621.jpg,0,0.0,0,1
SOD_4622.jpg,0,0.0,0,1
SOD_4625.jpg,0,0.0,0,1
SOD_4627.jpg,0,0.0,0,1
SOD_4630.jpg,0,0.0,0,1
SOD_4631.jpg,0,0.0,0,1
SOD_4632.jpg,0,0.0,0,1
SOD_4634.jpg,0,0.0,0,1
SOD_4635.jpg,0,0.0,0,1
SOD_4638.jpg,0,0.0,0,1
SOD_4640.jpg,0,0.0,0,1
SOD_4647.jpg,0,0.0,0,1
SOD_4651.jpg,0,0.0,0,1
SOD_4652.jpg,0,0.0,0,1
SOD_4654.jpg,0,0.0,0,1
SOD_4656.jpg,0,0.0,0,1
SOD_4664.jpg,0,0.0,0,1
SOD_4668.jpg,0,0.0,0,1
SOD_4669.jpg,0,0.0,0,1
SOD_4671.jpg,0,0.0,0,1
SOD_4672.jpg,0,0.0,0,1
SOD_4673.jpg,0,0.0,0,1
SOD_4674.jpg,0,0.0,0,1
SOD_4676.jpg,0,0.0,0,1
SOD_4679.jpg,0,0.0,0,1
SOD_4681.jpg,0,0.0,0,1
SOD_4682.jpg,0,0.0,0,1
SOD_4689.jpg,0,0.0,0,1
SOD_4690.jpg,0,0.0,0,1
SOD_4691.jpg,0,0.0,0,1
SOD_4692.jpg,0,0.0,0,1
SOD_4694.jpg,0,0.0,0,1
SOD_4697.jpg,0,0.0,0,1
SOD_4698.jpg,0,0.0,0,1
SOD_4700.jpg,0,0.0,0,1
SOD_4701.jpg,0,0.0,0,1
SOD_4703.jpg,0,0.0,0,1
SOD_4706.jpg,0,0.0,0,1
SOD_4708.jpg,0,0.0,0,1
SOD_4709.jpg,0,0.0,0,1
SOD_4710.jpg,0,0.0,0,1
SOD_4712.jpg,0,0.0,0,1
SOD_4716.jpg,0,0.0,0,1
SOD_4718.jpg,0,0.0,0,1
SOD_4721.jpg,0,0.0,0,1
SOD_4722.jpg,0,0.0,0,1
SOD_4726.jpg,0,0.0,0,1
SOD_4727.jpg,0,0.0,0,1
SOD_4730.jpg,0,0.0,0,1
SOD_4731.jpg,0,0.0,0,1
SOD_4733.jpg,0,0.0,0,1
SOD_4734.jpg,0,0.0,0,1
SOD_4736.jpg,0,0.0,0,1
SOD_4737.jpg,0,0.0,0,1
SOD_4738.jpg,0,0.0,0,1
SOD_4744.jpg,0,0.0,0,1
SOD_4750.jpg,0,0.0,0,1
SOD_4751.jpg,0,0.0,0,1
SOD_4756.jpg,0,0.0,0,1
SOD_4758.jpg,0,0.0,0,1
SOD_4759.jpg,0,0.0,0,1
SOD_4761.jpg,0,0.0,0,1
SOD_4762.jpg,0,0.0,0,1
SOD_4766.jpg,0,0.0,0,1
SOD_4767.jpg,0,0.0,0,1
SOD_4769.jpg,0,0.0,0,1
SOD_4772.jpg,0,0.0,0,1
SOD_4774.jpg,0,0.0,0,1
SOD_4777.jpg,0,0.0,0,1
SOD_4778.jpg,0,0.0,0,1
SOD_4781.jpg,0,0.0,0,1
SOD_4788.jpg,0,0.0,0,1
SOD_4789.jpg,0,0.0,0,1
SOD_4790.jpg,0,0.0,0,1
SOD_4791.jpg,0,0.0,0,1
SOD_4792.jpg,0,0.0,0,1
SOD_4793.jpg,0,0.0,0,1
SOD_4794.jpg,0,0.0,0,1
SOD_4795.jpg,0,0.0,0,1
SOD_4796.jpg,0,0.0,0,1
SOD_4797.jpg,0,0.0,0,1
SOD_4798.jpg,0,0.0,0,1
SOD_4799.jpg,0,0.0,0,1
SOD_4801.jpg,0,0.0,0,1
SOD_4803.jpg,0,0.0,0,1
SOD_4805.jpg,0,0.0,0,1
SOD_4808.jpg,0,0.0,0,1
SOD_4810.jpg,0,0.0,0,1
SOD_4811.jpg,0,0.0,0,1
SOD_4812.jpg,0,0.0,0,1
SOD_4813.jpg,0,0.0,0,1
SOD_4817.jpg,0,0.0,0,1
SOD_4818.jpg,0,0.0,0,1
SOD_4820.jpg,0,0.0,0,1
SOD_4825.jpg,0,0.0,0,1
SOD_4826.jpg,0,0.0,0,1
SOD_4830.jpg,0,0.0,0,1
SOD_4833.jpg,0,0.0,0,1
SOD_4843.jpg,0,0.0,0,1
SOD_4844.jpg,0,0.0,0,1
SOD_4848.jpg,0,0.0,0,1
SOD_4850.jpg,0,0.0,0,1
SOD_4853.jpg,0,0.0,0,1
SOD_4854.jpg,0,0.0,0,1
SOD_4855.jpg,0,0.0,0,1
SOD_4856.jpg,0,0.0,0,1
SOD_4859.jpg,0,0.0,0,1
SOD_4861.jpg,0,0.0,0,1
SOD_4862.jpg,0,0.0,0,1
SOD_4863.jpg,0,0.0,0,1
SOD_4864.jpg,0,0.0,0,1
SOD_4866.jpg,0,0.0,0,1
SOD_4869.jpg,0,0.0,0,1
SOD_4870.jpg,0,0.0,0,1
SOD_4873.jpg,0,0.0,0,1
SOD_4874.jpg,0,0.0,0,1
SOD_4875.jpg,0,0.0,0,1
SOD_4880.jpg,0,0.0,0,1
SOD_4881.jpg,0,0.0,0,1
SOD_4882.jpg,0,0.0,0,1
SOD_4883.jpg,0,0.0,0,1
SOD_4884.jpg,0,0.0,0,1
SOD_4885.jpg,0,0.0,0,1
SOD_4886.jpg,0,0.0,0,1
SOD_4887.jpg,0,0.0,0,1
SOD_4888.jpg,0,0.0,0,1
SOD_4889.jpg,0,0.0,0,1
SOD_4890.jpg,0,0.0,0,1
SOD_4891.jpg,0,0.0,0,1
SOD_4892.jpg,0,0.0,0,1
SOD_4893.jpg,0,0.0,0,1
SOD_4896.jpg,0,0.0,0,1
SOD_4898.jpg,0,0.0,0,1
SOD_4899.jpg,0,0.0,0,1
SOD_4900.jpg,0,0.0,0,1
SOD_4901.jpg,0,0.0,0,1
SOD_4902.jpg,0,0.0,0,1
SOD_4903.jpg,0,0.0,0,1
SOD_4905.jpg,0,0.0,0,1
SOD_4906.jpg,0,0.0,0,1
SOD_4907.jpg,0,0.0,0,1
SOD_4909.jpg,0,0.0,0,1
SOD_4910.jpg,0,0.0,0,1
SOD_4911.jpg,0,0.0,0,1
SOD_4912.jpg,0,0.0,0,1
SOD_4913.jpg,0,0.0,0,1
SOD_4914.jpg,0,0.0,0,1
SOD_4915.jpg,0,0.0,0,1
SOD_4917.jpg,0,0.0,0,1
SOD_4920.jpg,0,0.0,0,1
SOD_5001.jpg,0,0.0,0,1
SOD_5002.jpg,0,0.0,0,1
SOD_5003.jpg,0,0.0,0,1
SOD_5004.jpg,0,0.0,0,1
SOD_5005.jpg,0,0.0,0,1
SOD_5006.jpg,0,0.0,0,1
SOD_5007.jpg,0,0.0,0,1
SOD_5008.jpg,0,0.0,0,1
SOD_5009.jpg,0,0.0,0,1
SOD_5010.jpg,0,0.0,0,1
SOD_5012.jpg,0,0.0,0,1
SOD_5013.jpg,0,0.0,0,1
SOD_5014.jpg,0,0.0,0,1
SOD_5015.jpg,0,0.0,0,1
SOD_5016.jpg,0,0.0,0,1
SOD_5017.jpg,0,0.0,0,1
SOD_5018.jpg,0,0.0,0,1
SOD_5019.jpg,0,0.0,0,1
SOD_5020.jpg,0,0.0,0,1
SOD_5021.jpg,0,0.0,0,1
SOD_5022.jpg,0,0.0,0,1
SOD_5023.jpg,0,0.0,0,1
SOD_5024.jpg,0,0.0,0,1
SOD_5028.jpg,0,0.0,0,1
SOD_5029.jpg,0,0.0,0,1
SOD_5030.jpg,0,0.0,0,1
SOD_5031.jpg,0,0.0,0,1
SOD_5033.jpg,0,0.0,0,1
SOD_5036.jpg,0,0.0,0,1
SOD_5041.jpg,0,0.0,0,1
SOD_5042.jpg,0,0.0,0,1
SOD_5068.jpg,0,0.0,0,1
SOD_5075.jpg,0,0.0,0,1
SOD_5079.jpg,0,0.0,0,1
SOD_5080.jpg,0,0.0,0,1
SOD_5081.jpg,0,0.0,0,1
SOD_5082.jpg,0,0.0,0,1
SOD_5085.jpg,0,0.0,0,1
SOD_5086.jpg,0,0.0,0,1
SOD_5087.jpg,0,0.0,0,1
SOD_5088.jpg,0,0.0,0,1
SOD_5089.jpg,0,0.0,0,1
SOD_5090.jpg,0,0.0,0,1
SOD_5091.jpg,0,0.0,0,1
SOD_5092.jpg,0,0.0,0,1
SOD_5093.jpg,0,0.0,0,1
SOD_5094.jpg,0,0.0,0,1
SOD_5095.jpg,0,0.0,0,1
SOD_5096.jpg,0,0.0,0,1
SOD_5097.jpg,0,0.0,0,1
SOD_5099.jpg,0,0.0,0,1
SOD_5100.jpg,0,0.0,0,1
SOD_5102.jpg,0,0.0,0,1
SOD_5103.jpg,0,0.0,0,1
SOD_5105.jpg,0,0.0,0,1
SOD_5106.jpg,0,0.0,0,1
SOD_5107.jpg,0,0.0,0,1
SOD_5108.jpg,0,0.0,0,1
SOD_5109.jpg,0,0.0,0,1
SOD_5110.jpg,0,0.0,0,1
SOD_5111.jpg,0,0.0,0,1
SOD_5112.jpg,0,0.0,0,1
SOD_5115.jpg,0,0.0,0,1
SOD_5116.jpg,0,0.0,0,1
SOD_5117.jpg,0,0.0,0,1
SOD_5118.jpg,0,0.0,0,1
SOD_5119.jpg,0,0.0,0,1
SOD_5121.jpg,0,0.0,0,1
SOD_5122.jpg,0,0.0,0,1
SOD_5123.jpg,0,0.0,0,1
SOD_5124.jpg,0,0.0,0,1
SOD_5125.jpg,0,0.0,0,1
SOD_5126.jpg,0,0.0,0,1
SOD_5127.jpg,0,0.0,0,1
SOD_5128.jpg,0,0.0,0,1
SOD_5129.jpg,0,0.0,0,1
SOD_5130.jpg,0,0.0,0,1
SOD_5131.jpg,0,0.0,0,1
SOD_5132.jpg,0,0.0,0,1
SOD_5136.jpg,0,0.0,0,1
SOD_5137.jpg,0,0.0,0,1
SOD_5138.jpg,0,0.0,0,1
SOD_5139.jpg,0,0.0,0,1
SOD_5140.jpg,0,0.0,0,1
SOD_5141.jpg,0,0.0,0,1
SOD_5142.jpg,0,0.0,0,1
SOD_5143.jpg,0,0.0,0,1
SOD_5145.jpg,0,0.0,0,1
SOD_5148.jpg,0,0.0,0,1
SOD_5149.jpg,0,0.0,0,1
SOD_5150.jpg,0,0.0,0,1
SOD_5151.jpg,0,0.0,0,1
SOD_5153.jpg,0,0.0,0,1
SOD_5155.jpg,0,0.0,0,1
SOD_5156.jpg,0,0.0,0,1
SOD_5157.jpg,0,0.0,0,1
SOD_5159.jpg,0,0.0,0,1
SOD_5161.jpg,0,0.0,0,1
SOD_5164.jpg,0,0.0,0,1
SOD_5165.jpg,0,0.0,0,1
SOD_5167.jpg,0,0.0,0,1
SOD_5168.jpg,0,0.0,0,1
SOD_5169.jpg,0,0.0,0,1
SOD_5170.jpg,0,0.0,0,1
SOD_5171.jpg,0,0.0,0,1
SOD_5173.jpg,0,0.0,0,1
SOD_5174.jpg,0,0.0,0,1
SOD_5175.jpg,0,0.0,0,1
SOD_5176.jpg,0,0.0,0,1
SOD_5177.jpg,0,0.0,0,1
SOD_5178.jpg,0,0.0,0,1
SOD_5179.jpg,0,0.0,0,1
SOD_5181.jpg,0,0.0,0,1
SOD_5182.jpg,0,0.0,0,1
SOD_5186.jpg,0,0.0,0,1
SOD_5187.jpg,0,0.0,0,1
SOD_5188.jpg,0,0.0,0,1
SOD_5189.jpg,0,0.0,0,1
SOD_5191.jpg,0,0.0,0,1
SOD_5192.jpg,0,0.0,0,1
SOD_5194.jpg,0,0.0,0,1
SOD_5197.jpg,0,0.0,0,1
SOD_5198.jpg,0,0.0,0,1
SOD_5200.jpg,0,0.0,0,1
SOD_5204.jpg,0,0.0,0,1
SOD_5206.jpg,0,0.0,0,1
SOD_5207.jpg,0,0.0,0,1
SOD_5208.jpg,0,0.0,0,1
SOD_5209.jpg,0,0.0,0,1
SOD_5210.jpg,0,0.0,0,1
SOD_5212.jpg,0,0.0,0,1
SOD_5213.jpg,0,0.0,0,1
SOD_5214.jpg,0,0.0,0,1
SOD_5215.jpg,0,0.0,0,1
SOD_5216.jpg,0,0.0,0,1
SOD_5217.jpg,0,0.0,0,1
SOD_5218.jpg,0,0.0,0,1
SOD_5219.jpg,0,0.0,0,1
SOD_5221.jpg,0,0.0,0,1
SOD_5222.jpg,0,0.0,0,1
SOD_5223.jpg,0,0.0,0,1
SOD_5224.jpg,0,0.0,0,1
SOD_5227.jpg,0,0.0,0,1
SOD_5228.jpg,0,0.0,0,1
SOD_5229.jpg,0,0.0,0,1
SOD_5231.jpg,0,0.0,0,1
SOD_5232.jpg,0,0.0,0,1
SOD_5233.jpg,0,0.0,0,1
SOD_5236.jpg,0,0.0,0,1
SOD_5237.jpg,0,0.0,0,1
SOD_5238.jpg,0,0.0,0,1
SOD_5240.jpg,0,0.0,0,1
SOD_5241.jpg,0,0.0,0,1
SOD_5242.jpg,0,0.0,0,1
SOD_5243.jpg,0,0.0,0,1
SOD_5244.jpg,0,0.0,0,1
SOD_5245.jpg,0,0.0,0,1
SOD_5246.jpg,0,0.0,0,1
SOD_5247.jpg,0,0.0,0,1
SOD_5248.jpg,0,0.0,0,1
SOD_5249.jpg,0,0.0,0,1
SOD_5250.jpg,0,0.0,0,1
SOD_5251.jpg,0,0.0,0,1
SOD_5252.jpg,0,0.0,0,1
SOD_5253.jpg,0,0.0,0,1
SOD_5255.jpg,0,0.0,0,1
SOD_5256.jpg,0,0.0,0,1
SOD_5257.jpg,0,0.0,0,1
SOD_5258.jpg,0,0.0,0,1
SOD_5259.jpg,0,0.0,0,1
SOD_5260.jpg,0,0.0,0,1
SOD_5261.jpg,0,0.0,0,1
SOD_5262.jpg,0,0.0,0,1
SOD_5264.jpg,0,0.0,0,1
SOD_5265.jpg,0,0.0,0,1
SOD_5268.jpg,0,0.0,0,1
SOD_5269.jpg,0,0.0,0,1
SOD_5270.jpg,0,0.0,0,1
SOD_5271.jpg,0,0.0,0,1
SOD_5272.jpg,0,0.0,0,1
SOD_5273.jpg,0,0.0,0,1
SOD_5275.jpg,0,0.0,0,1
SOD_5277.jpg,0,0.0,0,1
SOD_5278.jpg,0,0.0,0,1
SOD_5279.jpg,0,0.0,0,1
SOD_5280.jpg,0,0.0,0,1
SOD_5281.jpg,0,0.0,0,1
SOD_5282.jpg,0,0.0,0,1
SOD_5283.jpg,0,0.0,0,1
SOD_5286.jpg,0,0.0,0,1
SOD_5287.jpg,0,0.0,0,1
SOD_5288.jpg,0,0.0,0,1
SOD_5289.jpg,0,0.0,0,1
SOD_5291.jpg,0,0.0,0,1
SOD_5292.jpg,0,0.0,0,1
SOD_5293.jpg,0,0.0,0,1
SOD_5294.jpg,0,0.0,0,1
SOD_5295.jpg,0,0.0,0,1
SOD_5296.jpg,0,0.0,0,1
SOD_5297.jpg,0,0.0,0,1
SOD_5298.jpg,0,0.0,0,1
SOD_5299.jpg,0,0.0,0,1
SOD_5300.jpg,0,0.0,0,1
SOD_5302.jpg,0,0.0,0,1
SOD_5303.jpg,0,0.0,0,1
SOD_5304.jpg,0,0.0,0,1
SOD_5305.jpg,0,0.0,0,1
SOD_5306.jpg,0,0.0,0,1
SOD_5307.jpg,0,0.0,0,1
SOD_5312.jpg,0,0.0,0,1
SOD_5314.jpg,0,0.0,0,1
SOD_5315.jpg,0,0.0,0,1
SOD_5316.jpg,0,0.0,0,1
SOD_5317.jpg,0,0.0,0,1
SOD_5321.jpg,0,0.0,0,1
SOD_5322.jpg,0,0.0,0,1
SOD_5324.jpg,0,0.0,0,1
SOD_5325.jpg,0,0.0,0,1
SOD_5326.jpg,0,0.0,0,1
SOD_5327.jpg,0,0.0,0,1
SOD_5328.jpg,0,0.0,0,1
SOD_5330.jpg,0,0.0,0,1
SOD_5332.jpg,0,0.0,0,1
SOD_5333.jpg,0,0.0,0,1
SOD_5334.jpg,0,0.0,0,1
SOD_5335.jpg,0,0.0,0,1
SOD_5336.jpg,0,0.0,0,1
SOD_5337.jpg,0,0.0,0,1
SOD_5338.jpg,0,0.0,0,1
SOD_5339.jpg,0,0.0,0,1
SOD_5341.jpg,0,0.0,0,1
SOD_5360.jpg,0,0.0,0,1
SOD_5361.jpg,0,0.0,0,1
SOD_5362.jpg,0,0.0,0,1
SOD_5363.jpg,0,0.0,0,1
SOD_5364.jpg,0,0.0,0,1
SOD_5365.jpg,0,0.0,0,1
SOD_5366.jpg,0,0.0,0,1
SOD_5368.jpg,0,0.0,0,1
SOD_5370.jpg,0,0.0,0,1
SOD_5371.jpg,0,0.0,0,1
SOD_5372.jpg,0,0.0,0,1
SOD_5374.jpg,0,0.0,0,1
SOD_5375.jpg,0,0.0,0,1
SOD_5378.jpg,0,0.0,0,1
SOD_5379.jpg,0,0.0,0,1
SOD_5381.jpg,0,0.0,0,1
SOD_5383.jpg,0,0.0,0,1
SOD_5384.jpg,0,0.0,0,1
SOD_5385.jpg,0,0.0,0,1
SOD_5388.jpg,0,0.0,0,1
SOD_5389.jpg,0,0.0,0,1
SOD_5390.jpg,0,0.0,0,1
SOD_5391.jpg,0,0.0,0,1
SOD_5392.jpg,0,0.0,0,1
SOD_5395.jpg,0,0.0,0,1
SOD_5397.jpg,0,0.0,0,1
SOD_5398.jpg,0,0.0,0,1
SOD_5399.jpg,0,0.0,0,1
SOD_5400.jpg,0,0.0,0,1
SOD_5401.jpg,0,0.0,0,1
SOD_5402.jpg,0,0.0,0,1
SOD_5403.jpg,0,0.0,0,1
SOD_5404.jpg,0,0.0,0,1
SOD_5405.jpg,0,0.0,0,1
SOD_5406.jpg,0,0.0,0,1
SOD_5407.jpg,0,0.0,0,1
SOD_5408.jpg,0,0.0,0,1
SOD_5409.jpg,0,0.0,0,1
SOD_5410.jpg,0,0.0,0,1
SOD_5412.jpg,0,0.0,0,1
SOD_5413.jpg,0,0.0,0,1
SOD_5414.jpg,0,0.0,0,1
SOD_5415.jpg,0,0.0,0,1
SOD_5416.jpg,0,0.0,0,1
SOD_5417.jpg,0,0.0,0,1
SOD_5419.jpg,0,0.0,0,1
SOD_5420.jpg,0,0.0,0,1
SOD_5422.jpg,0,0.0,0,1
SOD_5423.jpg,0,0.0,0,1
SOD_5424.jpg,0,0.0,0,1
SOD_5425.jpg,0,0.0,0,1
SOD_5426.jpg,0,0.0,0,1
SOD_5427.jpg,0,0.0,0,1
SOD_5428.jpg,0,0.0,0,1
SOD_5429.jpg,0,0.0,0,1
SOD_5430.jpg,0,0.0,0,1
SOD_5431.jpg,0,0.0,0,1
SOD_5432.jpg,0,0.0,0,1
SOD_5434.jpg,0,0.0,0,1
SOD_5435.jpg,0,0.0,0,1
SOD_5436.jpg,0,0.0,0,1
SOD_5438.jpg,0,0.0,0,1
SOD_5439.jpg,0,0.0,0,1
SOD_5441.jpg,0,0.0,0,1
SOD_5442.jpg,0,0.0,0,1
SOD_5444.jpg,0,0.0,0,1
SOD_5447.jpg,0,0.0,0,1
SOD_5448.jpg,0,0.0,0,1
SOD_5450.jpg,0,0.0,0,1
SOD_5451.jpg,0,0.0,0,1
SOD_5453.jpg,0,0.0,0,1
SOD_5454.jpg,0,0.0,0,1
SOD_5455.jpg,0,0.0,0,1
SOD_5457.jpg,0,0.0,0,1
SOD_5458.jpg,0,0.0,0,1
SOD_5461.jpg,0,0.0,0,1
SOD_5462.jpg,0,0.0,0,1
SOD_5463.jpg,0,0.0,0,1
SOD_5465.jpg,0,0.0,0,1
SOD_5467.jpg,0,0.0,0,1
SOD_5468.jpg,0,0.0,0,1
SOD_5469.jpg,0,0.0,0,1
SOD_5470.jpg,0,0.0,0,1
SOD_5471.jpg,0,0.0,0,1
SOD_5472.jpg,0,0.0,0,1
SOD_5473.jpg,0,0.0,0,1
SOD_5474.jpg,0,0.0,0,1
SOD_5475.jpg,0,0.0,0,1
SOD_5477.jpg,0,0.0,0,1
SOD_5480.jpg,0,0.0,0,1
SOD_5481.jpg,0,0.0,0,1
SOD_5482.jpg,0,0.0,0,1
SOD_5483.jpg,0,0.0,0,1
SOD_5484.jpg,0,0.0,0,1
SOD_5486.jpg,0,0.0,0,1
SOD_5487.jpg,0,0.0,0,1
SOD_5488.jpg,0,0.0,0,1
SOD_5489.jpg,0,0.0,0,1
SOD_5490.jpg,0,0.0,0,1
SOD_5491.jpg,0,0.0,0,1
SOD_5492.jpg,0,0.0,0,1
SOD_5493.jpg,0,0.0,0,1
SOD_5494.jpg,0,0.0,0,1
SOD_5495.jpg,0,0.0,0,1
SOD_5496.jpg,0,0.0,0,1
SOD_5498.jpg,0,0.0,0,1
SOD_5499.jpg,0,0.0,0,1
SOD_5500.jpg,0,0.0,0,1
SOD_5501.jpg,0,0.0,0,1
SOD_5502.jpg,0,0.0,0,1
SOD_5503.jpg,0,0.0,0,1
SOD_5504.jpg,0,0.0,0,1
SOD_5505.jpg,0,0.0,0,1
SOD_5506.jpg,0,0.0,0,1
SOD_5507.jpg,0,0.0,0,1
SOD_5509.jpg,0,0.0,0,1
SOD_5510.jpg,0,0.0,0,1
SOD_5511.jpg,0,0.0,0,1
SOD_5512.jpg,0,0.0,0,1
SOD_5513.jpg,0,0.0,0,1
SOD_5514.jpg,0,0.0,0,1
SOD_5515.jpg,0,0.0,0,1
SOD_5516.jpg,0,0.0,0,1
SOD_5518.jpg,0,0.0,0,1
SOD_5519.jpg,0,0.0,0,1
SOD_5520.jpg,0,0.0,0,1
SOD_5521.jpg,0,0.0,0,1
SOD_5523.jpg,0,0.0,0,1
SOD_5524.jpg,0,0.0,0,1
SOD_5525.jpg,0,0.0,0,1
SOD_5526.jpg,0,0.0,0,1
SOD_5527.jpg,0,0.0,0,1
SOD_5528.jpg,0,0.0,0,1
SOD_5530.jpg,0,0.0,0,1
SOD_5531.jpg,0,0.0,0,1
SOD_5533.jpg,0,0.0,0,1
SOD_5534.jpg,0,0.0,0,1
SOD_5535.jpg,0,0.0,0,1
SOD_5536.jpg,0,0.0,0,1
SOD_5537.jpg,0,0.0,0,1
SOD_5538.jpg,0,0.0,0,1
SOD_5540.jpg,0,0.0,0,1
SOD_5541.jpg,0,0.0,0,1
SOD_5542.jpg,0,0.0,0,1
SOD_5543.jpg,0,0.0,0,1
SOD_5546.jpg,0,0.0,0,1
SOD_5547.jpg,0,0.0,0,1
SOD_5549.jpg,0,0.0,0,1
SOD_5550.jpg,0,0.0,0,1
SOD_5551.jpg,0,0.0,0,1
SOD_5553.jpg,0,0.0,0,1
SOD_5555.jpg,0,0.0,0,1
SOD_5556.jpg,0,0.0,0,1
SOD_5557.jpg,0,0.0,0,1
SOD_5558.jpg,0,0.0,0,1
SOD_5559.jpg,0,0.0,0,1
SOD_5560.jpg,0,0.0,0,1
SOD_5561.jpg,0,0.0,0,1
SOD_5562.jpg,0,0.0,0,1
SOD_5563.jpg,0,0.0,0,1
SOD_5564.jpg,0,0.0,0,1
SOD_5565.jpg,0,0.0,0,1
SOD_5566.jpg,0,0.0,0,1
SOD_5567.jpg,0,0.0,0,1
SOD_5568.jpg,0,0.0,0,1
SOD_5569.jpg,0,0.0,0,1
SOD_5570.jpg,0,0.0,0,1
SOD_5571.jpg,0,0.0,0,1
SOD_5573.jpg,0,0.0,0,1
SOD_5574.jpg,0,0.0,0,1
SOD_5575.jpg,0,0.0,0,1
SOD_5576.jpg,0,0.0,0,1
SOD_5577.jpg,0,0.0,0,1
SOD_5578.jpg,0,0.0,0,1
SOD_5579.jpg,0,0.0,0,1
SOD_5580.jpg,0,0.0,0,1
SOD_5581.jpg,0,0.0,0,1
SOD_5582.jpg,0,0.0,0,1
SOD_5584.jpg,0,0.0,0,1
SOD_5585.jpg,0,0.0,0,1
SOD_5586.jpg,0,0.0,0,1
SOD_5588.jpg,0,0.0,0,1
SOD_5589.jpg,0,0.0,0,1
SOD_5591.jpg,0,0.0,0,1
SOD_5592.jpg,0,0.0,0,1
SOD_5593.jpg,0,0.0,0,1
SOD_5595.jpg,0,0.0,0,1
SOD_5596.jpg,0,0.0,0,1
SOD_5597.jpg,0,0.0,0,1
SOD_5598.jpg,0,0.0,0,1
SOD_5599.jpg,0,0.0,0,1
SOD_5600.jpg,0,0.0,0,1
SOD_5601.jpg,0,0.0,0,1
SOD_5602.jpg,0,0.0,0,1
SOD_5603.jpg,0,0.0,0,1
SOD_5604.jpg,0,0.0,0,1
SOD_5605.jpg,0,0.0,0,1
SOD_5606.jpg,0,0.0,0,1
SOD_5608.jpg,0,0.0,0,1
SOD_5609.jpg,0,0.0,0,1
SOD_5610.jpg,0,0.0,0,1
SOD_5611.jpg,0,0.0,0,1
SOD_5612.jpg,0,0.0,0,1
SOD_5613.jpg,0,0.0,0,1
SOD_5614.jpg,0,0.0,0,1
SOD_5615.jpg,0,0.0,0,1
SOD_5616.jpg,0,0.0,0,1
SOD_5617.jpg,0,0.0,0,1
SOD_5618.jpg,0,0.0,0,1
SOD_5619.jpg,0,0.0,0,1
SOD_5621.jpg,0,0.0,0,1
SOD_5622.jpg,0,0.0,0,1
SOD_5623.jpg,0,0.0,0,1
SOD_5625.jpg,0,0.0,0,1
SOD_5626.jpg,0,0.0,0,1
SOD_5629.jpg,0,0.0,0,1
SOD_5630.jpg,0,0.0,0,1
SOD_5631.jpg,0,0.0,0,1
SOD_5632.jpg,0,0.0,0,1
SOD_5633.jpg,0,0.0,0,1
SOD_5636.jpg,0,0.0,0,1
SOD_5637.jpg,0,0.0,0,1
SOD_5638.jpg,0,0.0,0,1
SOD_5640.jpg,0,0.0,0,1
SOD_5642.jpg,0,0.0,0,1
SOD_5645.jpg,0,0.0,0,1
SOD_5647.jpg,0,0.0,0,1
SOD_5648.jpg,0,0.0,0,1
SOD_5651.jpg,0,0.0,0,1
SOD_5652.jpg,0,0.0,0,1
SOD_5653.jpg,0,0.0,0,1
SOD_5654.jpg,0,0.0,0,1
SOD_5655.jpg,0,0.0,0,1
SOD_5656.jpg,0,0.0,0,1
SOD_5658.jpg,0,0.0,0,1
SOD_5660.jpg,0,0.0,0,1
SOD_5661.jpg,0,0.0,0,1
SOD_5662.jpg,0,0.0,0,1
SOD_5663.jpg,0,0.0,0,1
SOD_5664.jpg,0,0.0,0,1
SOD_5666.jpg,0,0.0,0,1
SOD_5667.jpg,0,0.0,0,1
SOD_5671.jpg,0,0.0,0,1
SOD_5675.jpg,0,0.0,0,1
SOD_5676.jpg,0,0.0,0,1
SOD_5677.jpg,0,0.0,0,1
SOD_5679.jpg,0,0.0,0,1
SOD_5680.jpg,0,0.0,0,1
SOD_5681.jpg,0,0.0,0,1
SOD_5683.jpg,0,0.0,0,1
SOD_5684.jpg,0,0.0,0,1
SOD_5685.jpg,0,0.0,0,1
SOD_5686.jpg,0,0.0,0,1
SOD_5688.jpg,0,0.0,0,1
SOD_5689.jpg,0,0.0,0,1
SOD_5690.jpg,0,0.0,0,1
SOD_5691.jpg,0,0.0,0,1
SOD_5692.jpg,0,0.0,0,1
SOD_5693.jpg,0,0.0,0,1
SOD_5695.jpg,0,0.0,0,1
SOD_5696.jpg,0,0.0,0,1
SOD_5698.jpg,0,0.0,0,1
SOD_5699.jpg,0,0.0,0,1
SOD_5701.jpg,0,0.0,0,1
SOD_5702.jpg,0,0.0,0,1
SOD_5703.jpg,0,0.0,0,1
SOD_5704.jpg,0,0.0,0,1
SOD_5707.jpg,0,0.0,0,1
SOD_5708.jpg,0,0.0,0,1
SOD_5709.jpg,0,0.0,0,1
SOD_5710.jpg,0,0.0,0,1
SOD_5711.jpg,0,0.0,0,1
SOD_5712.jpg,0,0.0,0,1
SOD_5713.jpg,0,0.0,0,1
SOD_5716.jpg,0,0.0,0,1
SOD_5717.jpg,0,0.0,0,1
SOD_5718.jpg,0,0.0,0,1
SOD_5719.jpg,0,0.0,0,1
SOD_5723.jpg,0,0.0,0,1
SOD_5725.jpg,0,0.0,0,1
SOD_5727.jpg,0,0.0,0,1
SOD_5728.jpg,0,0.0,0,1
SOD_5729.jpg,0,0.0,0,1
SOD_5732.jpg,0,0.0,0,1
SOD_5735.jpg,0,0.0,0,1
SOD_5736.jpg,0,0.0,0,1
SOD_5737.jpg,0,0.0,0,1
SOD_5738.jpg,0,0.0,0,1
SOD_5739.jpg,0,0.0,0,1
SOD_5740.jpg,0,0.0,0,1
SOD_5744.jpg,0,0.0,0,1
SOD_5745.jpg,0,0.0,0,1
SOD_5746.jpg,0,0.0,0,1
SOD_5747.jpg,0,0.0,0,1
SOD_5748.jpg,0,0.0,0,1
SOD_5749.jpg,0,0.0,0,1
SOD_5751.jpg,0,0.0,0,1
SOD_5752.jpg,0,0.0,0,1
SOD_5753.jpg,0,0.0,0,1
SOD_5757.jpg,0,0.0,0,1
SOD_5759.jpg,0,0.0,0,1
SOD_5762.jpg,0,0.0,0,1
SOD_5763.jpg,0,0.0,0,1
SOD_5764.jpg,0,0.0,0,1
SOD_5765.jpg,0,0.0,0,1
SOD_5766.jpg,0,0.0,0,1
SOD_5767.jpg,0,0.0,0,1
SOD_5768.jpg,0,0.0,0,1
SOD_5769.jpg,0,0.0,0,1
SOD_5770.jpg,0,0.0,0,1
SOD_5771.jpg,0,0.0,0,1
SOD_5772.jpg,0,0.0,0,1
SOD_5773.jpg,0,0.0,0,1
SOD_5775.jpg,0,0.0,0,1
SOD_5776.jpg,0,0.0,0,1
SOD_5777.jpg,0,0.0,0,1
SOD_5778.jpg,0,0.0,0,1
SOD_5780.jpg,0,0.0,0,1
SOD_5781.jpg,0,0.0,0,1
SOD_5782.jpg,0,0.0,0,1
SOD_5783.jpg,0,0.0,0,1
SOD_5784.jpg,0,0.0,0,1
SOD_5788.jpg,0,0.0,0,1
SOD_5789.jpg,0,0.0,0,1
SOD_5790.jpg,0,0.0,0,1
SOD_5791.jpg,0,0.0,0,1
SOD_5792.jpg,0,0.0,0,1
SOD_5793.jpg,0,0.0,0,1
SOD_5794.jpg,0,0.0,0,1
SOD_5795.jpg,0,0.0,0,1
SOD_5796.jpg,0,0.0,0,1
SOD_5797.jpg,0,0.0,0,1
SOD_5798.jpg,0,0.0,0,1
SOD_5799.jpg,0,0.0,0,1
SOD_5800.jpg,0,0.0,0,1
SOD_5801.jpg,0,0.0,0,1
SOD_5803.jpg,0,0.0,0,1
SOD_5804.jpg,0,0.0,0,1
SOD_5805.jpg,0,0.0,0,1
SOD_5806.jpg,0,0.0,0,1
SOD_5807.jpg,0,0.0,0,1
SOD_5808.jpg,0,0.0,0,1
SOD_5809.jpg,0,0.0,0,1
SOD_5811.jpg,0,0.0,0,1
SOD_5812.jpg,0,0.0,0,1
SOD_5814.jpg,0,0.0,0,1
SOD_5815.jpg,0,0.0,0,1
SOD_5816.jpg,0,0.0,0,1
SOD_5817.jpg,0,0.0,0,1
SOD_5818.jpg,0,0.0,0,1
SOD_5820.jpg,0,0.0,0,1
SOD_5821.jpg,0,0.0,0,1
SOD_5822.jpg,0,0.0,0,1
SOD_5823.jpg,0,0.0,0,1
SOD_5824.jpg,0,0.0,0,1
SOD_5825.jpg,0,0.0,0,1
SOD_5826.jpg,0,0.0,0,1
SOD_5829.jpg,0,0.0,0,1
SOD_5831.jpg,0,0.0,0,1
SOD_5832.jpg,0,0.0,0,1
SOD_5833.jpg,0,0.0,0,1
SOD_5834.jpg,0,0.0,0,1
SOD_5835.jpg,0,0.0,0,1
SOD_5837.jpg,0,0.0,0,1
SOD_5839.jpg,0,0.0,0,1
SOD_5840.jpg,0,0.0,0,1
SOD_5843.jpg,0,0.0,0,1
SOD_5846.jpg,0,0.0,0,1
SOD_5848.jpg,0,0.0,0,1
SOD_5850.jpg,0,0.0,0,1
SOD_5851.jpg,0,0.0,0,1
SOD_5854.jpg,0,0.0,0,1
SOD_5855.jpg,0,0.0,0,1
SOD_5856.jpg,0,0.0,0,1
SOD_5857.jpg,0,0.0,0,1
SOD_5859.jpg,0,0.0,0,1
SOD_5863.jpg,0,0.0,0,1
SOD_5864.jpg,0,0.0,0,1
SOD_5865.jpg,0,0.0,0,1
SOD_5866.jpg,0,0.0,0,1
SOD_5868.jpg,0,0.0,0,1
SOD_5870.jpg,0,0.0,0,1
SOD_5873.jpg,0,0.0,0,1
SOD_5875.jpg,0,0.0,0,1
SOD_5878.jpg,0,0.0,0,1
SOD_5880.jpg,0,0.0,0,1
SOD_5882.jpg,0,0.0,0,1
SOD_5883.jpg,0,0.0,0,1
SOD_5884.jpg,0,0.0,0,1
SOD_5885.jpg,0,0.0,0,1
SOD_5886.jpg,0,0.0,0,1
SOD_5887.jpg,0,0.0,0,1
SOD_5889.jpg,0,0.0,0,1
SOD_5890.jpg,0,0.0,0,1
SOD_5891.jpg,0,0.0,0,1
SOD_5892.jpg,0,0.0,0,1
SOD_5896.jpg,0,0.0,0,1
SOD_5897.jpg,0,0.0,0,1
SOD_5898.jpg,0,0.0,0,1
SOD_5899.jpg,0,0.0,0,1
SOD_5900.jpg,0,0.0,0,1
SOD_5901.jpg,0,0.0,0,1
SOD_5902.jpg,0,0.0,0,1
SOD_5903.jpg,0,0.0,0,1
SOD_5904.jpg,0,0.0,0,1
SOD_5907.jpg,0,0.0,0,1
SOD_5909.jpg,0,0.0,0,1
SOD_5910.jpg,0,0.0,0,1
SOD_5913.jpg,0,0.0,0,1
SOD_5916.jpg,0,0.0,0,1
SOD_5917.jpg,0,0.0,0,1
SOD_5919.jpg,0,0.0,0,1
SOD_5921.jpg,0,0.0,0,1
SOD_5922.jpg,0,0.0,0,1
SOD_5924.jpg,0,0.0,0,1
SOD_5927.jpg,0,0.0,0,1
SOD_5928.jpg,0,0.0,0,1
SOD_5932.jpg,0,0.0,0,1
SOD_5933.jpg,0,0.0,0,1
SOD_5935.jpg,0,0.0,0,1
SOD_5936.jpg,0,0.0,0,1
SOD_5937.jpg,0,0.0,0,1
SOD_5938.jpg,0,0.0,0,1
SOD_5939.jpg,0,0.0,0,1
SOD_5941.jpg,0,0.0,0,1
SOD_5943.jpg,0,0.0,0,1
SOD_5944.jpg,0,0.0,0,1
SOD_5945.jpg,0,0.0,0,1
SOD_5946.jpg,0,0.0,0,1
SOD_5947.jpg,0,0.0,0,1
SOD_5949.jpg,0,0.0,0,1
SOD_5950.jpg,0,0.0,0,1
SOD_5954.jpg,0,0.0,0,1
SOD_5955.jpg,0,0.0,0,1
SOD_5956.jpg,0,0.0,0,1
SOD_5957.jpg,0,0.0,0,1
SOD_5958.jpg,0,0.0,0,1
SOD_5959.jpg,0,0.0,0,1
SOD_5960.jpg,0,0.0,0,1
SOD_5962.jpg,0,0.0,0,1
SOD_5964.jpg,0,0.0,0,1
SOD_5965.jpg,0,0.0,0,1
SOD_5966.jpg,0,0.0,0,1
SOD_5967.jpg,0,0.0,0,1
SOD_5968.jpg,0,0.0,0,1
SOD_5969.jpg,0,0.0,0,1
SOD_5970.jpg,0,0.0,0,1
SOD_5972.jpg,0,0.0,0,1
SOD_5974.jpg,0,0.0,0,1
SOD_5975.jpg,0,0.0,0,1
SOD_5976.jpg,0,0.0,0,1
SOD_5977.jpg,0,0.0,0,1
SOD_5979.jpg,0,0.0,0,1
SOD_5980.jpg,0,0.0,0,1
SOD_5985.jpg,0,0.0,0,1
SOD_5986.jpg,0,0.0,0,1
SOD_5989.jpg,0,0.0,0,1
SOD_5990.jpg,0,0.0,0,1
SOD_5991.jpg,0,0.0,0,1
SOD_5992.jpg,0,0.0,0,1
SOD_5993.jpg,0,0.0,0,1
SOD_5995.jpg,0,0.0,0,1
SOD_5996.jpg,0,0.0,0,1
SOD_5997.jpg,0,0.0,0,1
SOD_5998.jpg,0,0.0,0,1
SOD_5999.jpg,0,0.0,0,1
SOD_6000.jpg,0,0.0,0,1
SOD_6001.jpg,0,0.0,0,1
SOD_6002.jpg,0,0.0,0,1
SOD_6003.jpg,0,0.0,0,1
SOD_6006.jpg,0,0.0,0,1
SOD_6007.jpg,0,0.0,0,1
SOD_6008.jpg,0,0.0,0,1
SOD_6009.jpg,0,0.0,0,1
SOD_6010.jpg,0,0.0,0,1
SOD_6011.jpg,0,0.0,0,1
SOD_6012.jpg,0,0.0,0,1
SOD_6013.jpg,0,0.0,0,1
SOD_6014.jpg,0,0.0,0,1
SOD_6016.jpg,0,0.0,0,1
SOD_6017.jpg,0,0.0,0,1
SOD_6019.jpg,0,0.0,0,1
SOD_6020.jpg,0,0.0,0,1
SOD_6021.jpg,0,0.0,0,1
SOD_6022.jpg,0,0.0,0,1
SOD_6023.jpg,0,0.0,0,1
SOD_6024.jpg,0,0.0,0,1
SOD_6027.jpg,0,0.0,0,1
SOD_6028.jpg,0,0.0,0,1
SOD_6030.jpg,0,0.0,0,1
SOD_6031.jpg,0,0.0,0,1
SOD_6033.jpg,0,0.0,0,1
SOD_6035.jpg,0,0.0,0,1
SOD_6036.jpg,0,0.0,0,1
SOD_6037.jpg,0,0.0,0,1
SOD_6038.jpg,0,0.0,0,1
SOD_6039.jpg,0,0.0,0,1
SOD_6040.jpg,0,0.0,0,1
SOD_6041.jpg,0,0.0,0,1
SOD_6043.jpg,0,0.0,0,1
SOD_6044.jpg,0,0.0,0,1
SOD_6045.jpg,0,0.0,0,1
SOD_6047.jpg,0,0.0,0,1
SOD_6049.jpg,0,0.0,0,1
SOD_6050.jpg,0,0.0,0,1
SOD_6051.jpg,0,0.0,0,1
SOD_6053.jpg,0,0.0,0,1
SOD_6055.jpg,0,0.0,0,1
SOD_6056.jpg,0,0.0,0,1
SOD_6057.jpg,0,0.0,0,1
SOD_6058.jpg,0,0.0,0,1
SOD_6059.jpg,0,0.0,0,1
SOD_6060.jpg,0,0.0,0,1
SOD_6061.jpg,0,0.0,0,1
SOD_6062.jpg,0,0.0,0,1
SOD_6063.jpg,0,0.0,0,1
SOD_6064.jpg,0,0.0,0,1
SOD_6065.jpg,0,0.0,0,1
SOD_6067.jpg,0,0.0,0,1
SOD_6069.jpg,0,0.0,0,1
SOD_6070.jpg,0,0.0,0,1
SOD_6072.jpg,0,0.0,0,1
SOD_6073.jpg,0,0.0,0,1
SOD_6074.jpg,0,0.0,0,1
SOD_6075.jpg,0,0.0,0,1
SOD_6077.jpg,0,0.0,0,1
SOD_6078.jpg,0,0.0,0,1
SOD_6079.jpg,0,0.0,0,1
SOD_6081.jpg,0,0.0,0,1
SOD_6083.jpg,0,0.0,0,1
SOD_6084.jpg,0,0.0,0,1
SOD_6085.jpg,0,0.0,0,1
SOD_6088.jpg,0,0.0,0,1
SOD_6089.jpg,0,0.0,0,1
SOD_6090.jpg,0,0.0,0,1
SOD_6091.jpg,0,0.0,0,1
SOD_6095.jpg,0,0.0,0,1
SOD_6098.jpg,0,0.0,0,1
SOD_6100.jpg,0,0.0,0,1
SOD_6101.jpg,0,0.0,0,1
SOD_6103.jpg,0,0.0,0,1
SOD_6104.jpg,0,0.0,0,1
SOD_6105.jpg,0,0.0,0,1
SOD_6106.jpg,0,0.0,0,1
SOD_6107.jpg,0,0.0,0,1
SOD_6108.jpg,0,0.0,0,1
SOD_6109.jpg,0,0.0,0,1
SOD_6110.jpg,0,0.0,0,1
SOD_6111.jpg,0,0.0,0,1
SOD_6113.jpg,0,0.0,0,1
SOD_6114.jpg,0,0.0,0,1
SOD_6116.jpg,0,0.0,0,1
SOD_6117.jpg,0,0.0,0,1
SOD_6118.jpg,0,0.0,0,1
SOD_6119.jpg,0,0.0,0,1
SOD_6120.jpg,0,0.0,0,1
SOD_6121.jpg,0,0.0,0,1
SOD_6122.jpg,0,0.0,0,1
SOD_6123.jpg,0,0.0,0,1
SOD_6124.jpg,0,0.0,0,1
SOD_6125.jpg,0,0.0,0,1
SOD_6126.jpg,0,0.0,0,1
SOD_6127.jpg,0,0.0,0,1
SOD_6128.jpg,0,0.0,0,1
SOD_6130.jpg,0,0.0,0,1
SOD_6131.jpg,0,0.0,0,1
SOD_6132.jpg,0,0.0,0,1
SOD_6133.jpg,0,0.0,0,1
SOD_6134.jpg,0,0.0,0,1
SOD_6135.jpg,0,0.0,0,1
SOD_6136.jpg,0,0.0,0,1
SOD_6137.jpg,0,0.0,0,1
SOD_6138.jpg,0,0.0,0,1
SOD_6139.jpg,0,0.0,0,1
SOD_6140.jpg,0,0.0,0,1
SOD_6143.jpg,0,0.0,0,1
SOD_6144.jpg,0,0.0,0,1
SOD_6146.jpg,0,0.0,0,1
SOD_6147.jpg,0,0.0,0,1
SOD_6148.jpg,0,0.0,0,1
SOD_6149.jpg,0,0.0,0,1
SOD_6150.jpg,0,0.0,0,1
SOD_6151.jpg,0,0.0,0,1
SOD_6152.jpg,0,0.0,0,1
SOD_6153.jpg,0,0.0,0,1
SOD_6154.jpg,0,0.0,0,1
SOD_6155.jpg,0,0.0,0,1
SOD_6156.jpg,0,0.0,0,1
SOD_6157.jpg,0,0.0,0,1
SOD_6158.jpg,0,0.0,0,1
SOD_6159.jpg,0,0.0,0,1
SOD_6160.jpg,0,0.0,0,1
SOD_6161.jpg,0,0.0,0,1
SOD_6162.jpg,0,0.0,0,1
SOD_6163.jpg,0,0.0,0,1
SOD_6164.jpg,0,0.0,0,1
SOD_6165.jpg,0,0.0,0,1
SOD_6168.jpg,0,0.0,0,1
SOD_6169.jpg,0,0.0,0,1
SOD_6173.jpg,0,0.0,0,1
SOD_6176.jpg,0,0.0,0,1
SOD_6179.jpg,0,0.0,0,1
SOD_6180.jpg,0,0.0,0,1
SOD_6182.jpg,0,0.0,0,1
SOD_6183.jpg,0,0.0,0,1
SOD_6184.jpg,0,0.0,0,1
SOD_6185.jpg,0,0.0,0,1
SOD_6189.jpg,0,0.0,0,1
SOD_6192.jpg,0,0.0,0,1
SOD_6194.jpg,0,0.0,0,1
SOD_6195.jpg,0,0.0,0,1
SOD_6196.jpg,0,0.0,0,1
SOD_6199.jpg,0,0.0,0,1
SOD_6201.jpg,0,0.0,0,1
SOD_6202.jpg,0,0.0,0,1
SOD_6203.jpg,0,0.0,0,1
SOD_6204.jpg,0,0.0,0,1
SOD_6205.jpg,0,0.0,0,1
SOD_6206.jpg,0,0.0,0,1
SOD_6208.jpg,0,0.0,0,1
SOD_6209.jpg,0,0.0,0,1
SOD_6210.jpg,0,0.0,0,1
SOD_6211.jpg,0,0.0,0,1
SOD_6212.jpg,0,0.0,0,1
SOD_6213.jpg,0,0.0,0,1
SOD_6214.jpg,0,0.0,0,1
SOD_6215.jpg,0,0.0,0,1
SOD_6216.jpg,0,0.0,0,1
SOD_6217.jpg,0,0.0,0,1
SOD_6218.jpg,0,0.0,0,1
SOD_6219.jpg,0,0.0,0,1
SOD_6220.jpg,0,0.0,0,1
SOD_6221.jpg,0,0.0,0,1
SOD_6222.jpg,0,0.0,0,1
SOD_6223.jpg,0,0.0,0,1
SOD_6224.jpg,0,0.0,0,1
SOD_6225.jpg,0,0.0,0,1
SOD_6226.jpg,0,0.0,0,1
SOD_6228.jpg,0,0.0,0,1
SOD_6230.jpg,0,0.0,0,1
SOD_6231.jpg,0,0.0,0,1
SOD_6232.jpg,0,0.0,0,1
SOD_6233.jpg,0,0.0,0,1
SOD_6234.jpg,0,0.0,0,1
SOD_6235.jpg,0,0.0,0,1
SOD_6238.jpg,0,0.0,0,1
SOD_6241.jpg,0,0.0,0,1
SOD_6242.jpg,0,0.0,0,1
SOD_6243.jpg,0,0.0,0,1
SOD_6245.jpg,0,0.0,0,1
SOD_6254.jpg,0,0.0,0,1
SOD_6255.jpg,0,0.0,0,1
SOD_6256.jpg,0,0.0,0,1
SOD_6259.jpg,0,0.0,0,1
SOD_6260.jpg,0,0.0,0,1
SOD_6261.jpg,0,0.0,0,1
SOD_6262.jpg,0,0.0,0,1
SOD_6263.jpg,0,0.0,0,1
SOD_6264.jpg,0,0.0,0,1
SOD_6265.jpg,0,0.0,0,1
SOD_6266.jpg,0,0.0,0,1
SOD_6267.jpg,0,0.0,0,1
SOD_6268.jpg,0,0.0,0,1
SOD_6269.jpg,0,0.0,0,1
SOD_6270.jpg,0,0.0,0,1
SOD_6271.jpg,0,0.0,0,1
SOD_6272.jpg,0,0.0,0,1
SOD_6274.jpg,0,0.0,0,1
SOD_6275.jpg,0,0.0,0,1
SOD_6276.jpg,0,0.0,0,1
SOD_6278.jpg,0,0.0,0,1
SOD_6279.jpg,0,0.0,0,1
SOD_6283.jpg,0,0.0,0,1
SOD_6285.jpg,0,0.0,0,1
SOD_6286.jpg,0,0.0,0,1
SOD_6288.jpg,0,0.0,0,1
SOD_6289.jpg,0,0.0,0,1
SOD_6291.jpg,0,0.0,0,1
SOD_6292.jpg,0,0.0,0,1
SOD_6293.jpg,0,0.0,0,1
SOD_6295.jpg,0,0.0,0,1
SOD_6296.jpg,0,0.0,0,1
SOD_6298.jpg,0,0.0,0,1
SOD_6300.jpg,0,0.0,0,1
SOD_6301.jpg,0,0.0,0,1
SOD_6302.jpg,0,0.0,0,1
SOD_6303.jpg,0,0.0,0,1
SOD_6304.jpg,0,0.0,0,1
SOD_6305.jpg,0,0.0,0,1
SOD_6306.jpg,0,0.0,0,1
SOD_6307.jpg,0,0.0,0,1
SOD_6310.jpg,0,0.0,0,1
SOD_6312.jpg,0,0.0,0,1
SOD_6313.jpg,0,0.0,0,1
SOD_6314.jpg,0,0.0,0,1
SOD_6315.jpg,0,0.0,0,1
SOD_6316.jpg,0,0.0,0,1
SOD_6317.jpg,0,0.0,0,1
SOD_6318.jpg,0,0.0,0,1
SOD_6319.jpg,0,0.0,0,1
SOD_6321.jpg,0,0.0,0,1
SOD_6322.jpg,0,0.0,0,1
SOD_6323.jpg,0,0.0,0,1
SOD_6324.jpg,0,0.0,0,1
SOD_6325.jpg,0,0.0,0,1
SOD_6326.jpg,0,0.0,0,1
SOD_6327.jpg,0,0.0,0,1
SOD_6328.jpg,0,0.0,0,1
SOD_6330.jpg,0,0.0,0,1
SOD_6331.jpg,0,0.0,0,1
SOD_6333.jpg,0,0.0,0,1
SOD_6334.jpg,0,0.0,0,1
SOD_6335.jpg,0,0.0,0,1
SOD_6337.jpg,0,0.0,0,1
SOD_6338.jpg,0,0.0,0,1
SOD_6339.jpg,0,0.0,0,1
SOD_6343.jpg,0,0.0,0,1
SOD_6344.jpg,0,0.0,0,1
SOD_6345.jpg,0,0.0,0,1
SOD_6346.jpg,0,0.0,0,1
SOD_6347.jpg,0,0.0,0,1
SOD_6348.jpg,0,0.0,0,1
SOD_6349.jpg,0,0.0,0,1
SOD_6351.jpg,0,0.0,0,1
SOD_6352.jpg,0,0.0,0,1
SOD_6353.jpg,0,0.0,0,1
SOD_6354.jpg,0,0.0,0,1
SOD_6355.jpg,0,0.0,0,1
SOD_6357.jpg,0,0.0,0,1
SOD_6358.jpg,0,0.0,0,1
SOD_6359.jpg,0,0.0,0,1
SOD_6360.jpg,0,0.0,0,1
SOD_6361.jpg,0,0.0,0,1
SOD_6362.jpg,0,0.0,0,1
SOD_6363.jpg,0,0.0,0,1
SOD_6364.jpg,0,0.0,0,1
SOD_6365.jpg,0,0.0,0,1
SOD_6366.jpg,0,0.0,0,1
SOD_6367.jpg,0,0.0,0,1
SOD_6370.jpg,0,0.0,0,1
SOD_6371.jpg,0,0.0,0,1
SOD_6372.jpg,0,0.0,0,1
SOD_6373.jpg,0,0.0,0,1
SOD_6375.jpg,0,0.0,0,1
SOD_6376.jpg,0,0.0,0,1
SOD_6377.jpg,0,0.0,0,1
SOD_6378.jpg,0,0.0,0,1
SOD_6379.jpg,0,0.0,0,1
SOD_6382.jpg,0,0.0,0,1
SOD_6383.jpg,0,0.0,0,1
SOD_6384.jpg,0,0.0,0,1
SOD_6385.jpg,0,0.0,0,1
SOD_6386.jpg,0,0.0,0,1
SOD_6387.jpg,0,0.0,0,1
SOD_6389.jpg,0,0.0,0,1
SOD_6390.jpg,0,0.0,0,1
SOD_6391.jpg,0,0.0,0,1
SOD_6392.jpg,0,0.0,0,1
SOD_6393.jpg,0,0.0,0,1
SOD_6395.jpg,0,0.0,0,1
SOD_6396.jpg,0,0.0,0,1
SOD_6397.jpg,0,0.0,0,1
SOD_6398.jpg,0,0.0,0,1
SOD_6399.jpg,0,0.0,0,1
SOD_6400.jpg,0,0.0,0,1
SOD_6401.jpg,0,0.0,0,1
SOD_6402.jpg,0,0.0,0,1
SOD_6403.jpg,0,0.0,0,1
SOD_6405.jpg,0,0.0,0,1
SOD_6406.jpg,0,0.0,0,1
SOD_6407.jpg,0,0.0,0,1
SOD_6408.jpg,0,0.0,0,1
SOD_6410.jpg,0,0.0,0,1
SOD_6412.jpg,0,0.0,0,1
SOD_6413.jpg,0,0.0,0,1
SOD_6415.jpg,0,0.0,0,1
SOD_6416.jpg,0,0.0,0,1
SOD_6417.jpg,0,0.0,0,1
SOD_6419.jpg,0,0.0,0,1
SOD_6421.jpg,0,0.0,0,1
SOD_6422.jpg,0,0.0,0,1
SOD_6423.jpg,0,0.0,0,1
SOD_6424.jpg,0,0.0,0,1
SOD_6426.jpg,0,0.0,0,1
SOD_6427.jpg,0,0.0,0,1
SOD_6428.jpg,0,0.0,0,1
SOD_6431.jpg,0,0.0,0,1
SOD_6432.jpg,0,0.0,0,1
SOD_6433.jpg,0,0.0,0,1
SOD_6434.jpg,0,0.0,0,1
SOD_6435.jpg,0,0.0,0,1
SOD_6436.jpg,0,0.0,0,1
SOD_6437.jpg,0,0.0,0,1
SOD_6440.jpg,0,0.0,0,1
SOD_6441.jpg,0,0.0,0,1
SOD_6443.jpg,0,0.0,0,1
SOD_6444.jpg,0,0.0,0,1
SOD_6446.jpg,0,0.0,0,1
SOD_6447.jpg,0,0.0,0,1
SOD_6449.jpg,0,0.0,0,1
SOD_6450.jpg,0,0.0,0,1
SOD_6451.jpg,0,0.0,0,1
SOD_6453.jpg,0,0.0,0,1
SOD_6454.jpg,0,0.0,0,1
SOD_6455.jpg,0,0.0,0,1
SOD_6456.jpg,0,0.0,0,1
SOD_6457.jpg,0,0.0,0,1
SOD_6458.jpg,0,0.0,0,1
SOD_6460.jpg,0,0.0,0,1
SOD_6461.jpg,0,0.0,0,1
SOD_6462.jpg,0,0.0,0,1
SOD_6463.jpg,0,0.0,0,1
SOD_6464.jpg,0,0.0,0,1
SOD_6465.jpg,0,0.0,0,1
SOD_6466.jpg,0,0.0,0,1
SOD_6469.jpg,0,0.0,0,1
SOD_6470.jpg,0,0.0,0,1
SOD_6471.jpg,0,0.0,0,1
SOD_6472.jpg,0,0.0,0,1
SOD_6473.jpg,0,0.0,0,1
SOD_6474.jpg,0,0.0,0,1
SOD_6475.jpg,0,0.0,0,1
SOD_6477.jpg,0,0.0,0,1
SOD_6478.jpg,0,0.0,0,1
SOD_6481.jpg,0,0.0,0,1
SOD_6482.jpg,0,0.0,0,1
SOD_6483.jpg,0,0.0,0,1
SOD_6484.jpg,0,0.0,0,1
SOD_6485.jpg,0,0.0,0,1
SOD_6486.jpg,0,0.0,0,1
SOD_6487.jpg,0,0.0,0,1
SOD_6488.jpg,0,0.0,0,1
SOD_6489.jpg,0,0.0,0,1
SOD_6490.jpg,0,0.0,0,1
SOD_6491.jpg,0,0.0,0,1
SOD_6492.jpg,0,0.0,0,1
SOD_6493.jpg,0,0.0,0,1
SOD_6495.jpg,0,0.0,0,1
SOD_6496.jpg,0,0.0,0,1
SOD_6497.jpg,0,0.0,0,1
SOD_6498.jpg,0,0.0,0,1
SOD_6501.jpg,0,0.0,0,1
SOD_6503.jpg,0,0.0,0,1
SOD_6504.jpg,0,0.0,0,1
SOD_6505.jpg,0,0.0,0,1
SOD_6509.jpg,0,0.0,0,1
SOD_6510.jpg,0,0.0,0,1
SOD_6511.jpg,0,0.0,0,1
SOD_6512.jpg,0,0.0,0,1
SOD_6513.jpg,0,0.0,0,1
SOD_6514.jpg,0,0.0,0,1
SOD_6515.jpg,0,0.0,0,1
SOD_6516.jpg,0,0.0,0,1
SOD_6518.jpg,0,0.0,0,1
SOD_6519.jpg,0,0.0,0,1
SOD_6520.jpg,0,0.0,0,1
SOD_6521.jpg,0,0.0,0,1
SOD_6523.jpg,0,0.0,0,1
SOD_6524.jpg,0,0.0,0,1
SOD_6525.jpg,0,0.0,0,1
SOD_6528.jpg,0,0.0,0,1
SOD_6529.jpg,0,0.0,0,1
SOD_6530.jpg,0,0.0,0,1
SOD_6538.jpg,0,0.0,0,1
SOD_6540.jpg,0,0.0,0,1
SOD_6543.jpg,0,0.0,0,1
SOD_6544.jpg,0,0.0,0,1
SOD_6545.jpg,0,0.0,0,1
SOD_6546.jpg,0,0.0,0,1
SOD_6547.jpg,0,0.0,0,1
SOD_6548.jpg,0,0.0,0,1
SOD_6552.jpg,0,0.0,0,1
SOD_6554.jpg,0,0.0,0,1
SOD_6556.jpg,0,0.0,0,1
SOD_6558.jpg,0,0.0,0,1
SOD_6559.jpg,0,0.0,0,1
SOD_6562.jpg,0,0.0,0,1
SOD_6563.jpg,0,0.0,0,1
SOD_6564.jpg,0,0.0,0,1
SOD_6565.jpg,0,0.0,0,1
SOD_6566.jpg,0,0.0,0,1
SOD_6567.jpg,0,0.0,0,1
SOD_6568.jpg,0,0.0,0,1
SOD_6569.jpg,0,0.0,0,1
SOD_6571.jpg,0,0.0,0,1
SOD_6572.jpg,0,0.0,0,1
SOD_6573.jpg,0,0.0,0,1
SOD_6574.jpg,0,0.0,0,1
SOD_6575.jpg,0,0.0,0,1
SOD_6577.jpg,0,0.0,0,1
SOD_6578.jpg,0,0.0,0,1
SOD_6579.jpg,0,0.0,0,1
SOD_6581.jpg,0,0.0,0,1
SOD_6582.jpg,0,0.0,0,1
SOD_6583.jpg,0,0.0,0,1
SOD_6585.jpg,0,0.0,0,1
SOD_6586.jpg,0,0.0,0,1
SOD_6587.jpg,0,0.0,0,1
SOD_6588.jpg,0,0.0,0,1
SOD_6589.jpg,0,0.0,0,1
SOD_6590.jpg,0,0.0,0,1
SOD_6591.jpg,0,0.0,0,1
SOD_6592.jpg,0,0.0,0,1
SOD_6594.jpg,0,0.0,0,1
SOD_6595.jpg,0,0.0,0,1
SOD_6596.jpg,0,0.0,0,1
SOD_6597.jpg,0,0.0,0,1
SOD_6599.jpg,0,0.0,0,1
SOD_6600.jpg,0,0.0,0,1
SOD_6601.jpg,0,0.0,0,1
SOD_6602.jpg,0,0.0,0,1
SOD_6605.jpg,0,0.0,0,1
SOD_6606.jpg,0,0.0,0,1
SOD_6607.jpg,0,0.0,0,1
SOD_6608.jpg,0,0.0,0,1
SOD_6609.jpg,0,0.0,0,1
SOD_6610.jpg,0,0.0,0,1
SOD_6611.jpg,0,0.0,0,1
SOD_6612.jpg,0,0.0,0,1
SOD_6613.jpg,0,0.0,0,1
SOD_6615.jpg,0,0.0,0,1
SOD_6616.jpg,0,0.0,0,1
SOD_6617.jpg,0,0.0,0,1
SOD_6621.jpg,0,0.0,0,1
SOD_6622.jpg,0,0.0,0,1
SOD_6623.jpg,0,0.0,0,1
SOD_6624.jpg,0,0.0,0,1
SOD_6625.jpg,0,0.0,0,1
SOD_6626.jpg,0,0.0,0,1
SOD_6627.jpg,0,0.0,0,1
SOD_6628.jpg,0,0.0,0,1
SOD_6629.jpg,0,0.0,0,1
SOD_6630.jpg,0,0.0,0,1
SOD_6633.jpg,0,0.0,0,1
SOD_6634.jpg,0,0.0,0,1
SOD_6635.jpg,0,0.0,0,1
SOD_6636.jpg,0,0.0,0,1
SOD_6637.jpg,0,0.0,0,1
SOD_6638.jpg,0,0.0,0,1
SOD_6640.jpg,0,0.0,0,1
SOD_6641.jpg,0,0.0,0,1
SOD_6642.jpg,0,0.0,0,1
SOD_6644.jpg,0,0.0,0,1
SOD_6645.jpg,0,0.0,0,1
SOD_6647.jpg,0,0.0,0,1
SOD_6648.jpg,0,0.0,0,1
SOD_6650.jpg,0,0.0,0,1
SOD_6651.jpg,0,0.0,0,1
SOD_6652.jpg,0,0.0,0,1
SOD_6653.jpg,0,0.0,0,1
SOD_6654.jpg,0,0.0,0,1
SOD_6655.jpg,0,0.0,0,1
SOD_6656.jpg,0,0.0,0,1
SOD_6657.jpg,0,0.0,0,1
SOD_6659.jpg,0,0.0,0,1
SOD_6660.jpg,0,0.0,0,1
SOD_6661.jpg,0,0.0,0,1
SOD_6662.jpg,0,0.0,0,1
SOD_6663.jpg,0,0.0,0,1
SOD_6666.jpg,0,0.0,0,1
SOD_6667.jpg,0,0.0,0,1
SOD_6668.jpg,0,0.0,0,1
SOD_6669.jpg,0,0.0,0,1
SOD_6670.jpg,0,0.0,0,1
SOD_6671.jpg,0,0.0,0,1
SOD_6672.jpg,0,0.0,0,1
SOD_6673.jpg,0,0.0,0,1
SOD_6674.jpg,0,0.0,0,1
SOD_6675.jpg,0,0.0,0,1
SOD_6676.jpg,0,0.0,0,1
SOD_6677.jpg,0,0.0,0,1
SOD_6678.jpg,0,0.0,0,1
SOD_6679.jpg,0,0.0,0,1
SOD_6681.jpg,0,0.0,0,1
SOD_6682.jpg,0,0.0,0,1
SOD_6683.jpg,0,0.0,0,1
SOD_6685.jpg,0,0.0,0,1
SOD_6686.jpg,0,0.0,0,1
SOD_6688.jpg,0,0.0,0,1
SOD_6694.jpg,0,0.0,0,1
SOD_6695.jpg,0,0.0,0,1
SOD_6696.jpg,0,0.0,0,1
SOD_6698.jpg,0,0.0,0,1
SOD_6699.jpg,0,0.0,0,1
SOD_6701.jpg,0,0.0,0,1
SOD_6702.jpg,0,0.0,0,1
SOD_6703.jpg,0,0.0,0,1
SOD_6704.jpg,0,0.0,0,1
SOD_6705.jpg,0,0.0,0,1
SOD_6706.jpg,0,0.0,0,1
SOD_6707.jpg,0,0.0,0,1
SOD_6708.jpg,0,0.0,0,1
SOD_6709.jpg,0,0.0,0,1
SOD_7001.jpg,0,0.0,0,1
SOD_7002.jpg,0,0.0,0,1
SOD_7003.jpg,0,0.0,0,1
SOD_7004.jpg,0,0.0,0,1
SOD_7005.jpg,0,0.0,0,1
SOD_7006.jpg,0,0.0,0,1
SOD_7007.jpg,0,0.0,0,1
SOD_7008.jpg,0,0.0,0,1
SOD_7009.jpg,0,0.0,0,1
SOD_7010.jpg,0,0.0,0,1
SOD_7011.jpg,0,0.0,0,1
SOD_7012.jpg,0,0.0,0,1
SOD_7013.jpg,0,0.0,0,1
SOD_7014.jpg,0,0.0,0,1
SOD_7015.jpg,0,0.0,0,1
SOD_7016.jpg,0,0.0,0,1
SOD_7017.jpg,0,0.0,0,1
SOD_7018.jpg,0,0.0,0,1
SOD_7019.jpg,0,0.0,0,1
SOD_7020.jpg,0,0.0,0,1
SOD_7021.jpg,0,0.0,0,1
SOD_7022.jpg,0,0.0,0,1
SOD_7023.jpg,0,0.0,0,1
SOD_7024.jpg,0,0.0,0,1
SOD_7025.jpg,0,0.0,0,1
SOD_7026.jpg,0,0.0,0,1
SOD_7027.jpg,0,0.0,0,1
SOD_7028.jpg,0,0.0,0,1
SOD_7029.jpg,0,0.0,0,1
SOD_7030.jpg,0,0.0,0,1
SOD_7031.jpg,0,0.0,0,1
SOD_7032.jpg,0,0.0,0,1
SOD_7033.jpg,0,0.0,0,1
SOD_7034.jpg,0,0.0,0,1
SOD_7035.jpg,0,0.0,0,1
SOD_7036.jpg,0,0.0,0,1
SOD_7037.jpg,0,0.0,0,1
SOD_7038.jpg,0,0.0,0,1
SOD_7039.jpg,0,0.0,0,1
SOD_8003.jpg,0,0.0,0,1
SOD_8004.jpg,0,0.0,0,1
SOD_8006.jpg,0,0.0,0,1
SOD_8007.jpg,0,0.0,0,1
SOD_8008.jpg,0,0.0,0,1
SOD_8009.jpg,0,0.0,0,1
SOD_8010.jpg,0,0.0,0,1
SOD_8012.jpg,0,0.0,0,1
SOD_8013.jpg,0,0.0,0,1
SOD_8015.jpg,0,0.0,0,1
SOD_8016.jpg,0,0.0,0,1
SOD_8017.jpg,0,0.0,0,1
SOD_8018.jpg,0,0.0,0,1
SOD_8020.jpg,0,0.0,0,1
SOD_8022.jpg,0,0.0,0,1
SOD_8023.jpg,0,0.0,0,1
SOD_8025.jpg,0,0.0,0,1
SOD_8026.jpg,0,0.0,0,1
SOD_8027.jpg,0,0.0,0,1
SOD_8028.jpg,0,0.0,0,1
SOD_8029.jpg,0,0.0,0,1
SOD_8030.jpg,0,0.0,0,1
SOD_8031.jpg,0,0.0,0,1
SOD_8033.jpg,0,0.0,0,1
SOD_8034.jpg,0,0.0,0,1
SOD_8035.jpg,0,0.0,0,1
SOD_8036.jpg,0,0.0,0,1
SOD_8037.jpg,0,0.0,0,1
SOD_8038.jpg,0,0.0,0,1
SOD_8039.jpg,0,0.0,0,1
SOD_8040.jpg,0,0.0,0,1
SOD_8043.jpg,0,0.0,0,1
SOD_8045.jpg,0,0.0,0,1
SOD_8046.jpg,0,0.0,0,1
SOD_8047.jpg,0,0.0,0,1
SOD_8048.jpg,0,0.0,0,1
SOD_8049.jpg,0,0.0,0,1
SOD_8050.jpg,0,0.0,0,1
SOD_8051.jpg,0,0.0,0,1
SOD_8053.jpg,0,0.0,0,1
SOD_8054.jpg,0,0.0,0,1
SOD_8055.jpg,0,0.0,0,1
SOD_8057.jpg,0,0.0,0,1
SOD_8060.jpg,0,0.0,0,1
SOD_8061.jpg,0,0.0,0,1
SOD_8062.jpg,0,0.0,0,1
SOD_8064.jpg,0,0.0,0,1
SOD_8067.jpg,0,0.0,0,1
SOD_8069.jpg,0,0.0,0,1
SOD_8074.jpg,0,0.0,0,1
SOD_8076.jpg,0,0.0,0,1
SOD_8077.jpg,0,0.0,0,1
SOD_8078.jpg,0,0.0,0,1
SOD_8079.jpg,0,0.0,0,1
SOD_8081.jpg,0,0.0,0,1
SOD_8085.jpg,0,0.0,0,1
SOD_8090.jpg,0,0.0,0,1
SOD_8091.jpg,0,0.0,0,1
SOD_8092.jpg,0,0.0,0,1
SOD_8093.jpg,0,0.0,0,1
SOD_8094.jpg,0,0.0,0,1
SOD_8097.jpg,0,0.0,0,1
SOD_8102.jpg,0,0.0,0,1
SOD_8103.jpg,0,0.0,0,1
SOD_8107.jpg,0,0.0,0,1
SOD_8108.jpg,0,0.0,0,1
SOD_8109.jpg,0,0.0,0,1
SOD_8110.jpg,0,0.0,0,1
SOD_8111.jpg,0,0.0,0,1
SOD_8112.jpg,0,0.0,0,1
SOD_8113.jpg,0,0.0,0,1
SOD_8115.jpg,0,0.0,0,1
SOD_8116.jpg,0,0.0,0,1
SOD_8117.jpg,0,0.0,0,1
SOD_8118.jpg,0,0.0,0,1
SOD_8119.jpg,0,0.0,0,1
SOD_8120.jpg,0,0.0,0,1
SOD_8121.jpg,0,0.0,0,1
SOD_8122.jpg,0,0.0,0,1
SOD_8123.jpg,0,0.0,0,1
SOD_8125.jpg,0,0.0,0,1
SOD_8126.jpg,0,0.0,0,1
SOD_8127.jpg,0,0.0,0,1
SOD_8130.jpg,0,0.0,0,1
SOD_8131.jpg,0,0.0,0,1
SOD_8132.jpg,0,0.0,0,1
SOD_8133.jpg,0,0.0,0,1
SOD_8134.jpg,0,0.0,0,1
SOD_8138.jpg,0,0.0,0,1
SOD_8139.jpg,0,0.0,0,1
SOD_8141.jpg,0,0.0,0,1
SOD_8142.jpg,0,0.0,0,1
SOD_8143.jpg,0,0.0,0,1
SOD_8144.jpg,0,0.0,0,1
SOD_8145.jpg,0,0.0,0,1
SOD_8147.jpg,0,0.0,0,1
SOD_8148.jpg,0,0.0,0,1
SOD_8153.jpg,0,0.0,0,1
SOD_8155.jpg,0,0.0,0,1
SOD_8157.jpg,0,0.0,0,1
SOD_8159.jpg,0,0.0,0,1
SOD_8160.jpg,0,0.0,0,1
SOD_8162.jpg,0,0.0,0,1
SOD_8164.jpg,0,0.0,0,1
SOD_8165.jpg,0,0.0,0,1
SOD_8168.jpg,0,0.0,0,1
SOD_8170.jpg,0,0.0,0,1
SOD_8171.jpg,0,0.0,0,1
SOD_8173.jpg,0,0.0,0,1
SOD_8174.jpg,0,0.0,0,1
SOD_8175.jpg,0,0.0,0,1
SOD_8176.jpg,0,0.0,0,1
SOD_8177.jpg,0,0.0,0,1
SOD_8182.jpg,0,0.0,0,1
SOD_8183.jpg,0,0.0,0,1
SOD_8188.jpg,0,0.0,0,1
SOD_8190.jpg,0,0.0,0,1
SOD_8193.jpg,0,0.0,0,1
SOD_8198.jpg,0,0.0,0,1
SOD_8199.jpg,0,0.0,0,1
SOD_8201.jpg,0,0.0,0,1
SOD_8202.jpg,0,0.0,0,1
SOD_8203.jpg,0,0.0,0,1
SOD_8204.jpg,0,0.0,0,1
SOD_8205.jpg,0,0.0,0,1
SOD_8207.jpg,0,0.0,0,1
SOD_8208.jpg,0,0.0,0,1
SOD_8210.jpg,0,0.0,0,1
SOD_8211.jpg,0,0.0,0,1
SOD_8212.jpg,0,0.0,0,1
SOD_8214.jpg,0,0.0,0,1
SOD_8215.jpg,0,0.0,0,1
SOD_8216.jpg,0,0.0,0,1
SOD_8218.jpg,0,0.0,0,1
SOD_8219.jpg,0,0.0,0,1
SOD_8220.jpg,0,0.0,0,1
SOD_8221.jpg,0,0.0,0,1
SOD_8223.jpg,0,0.0,0,1
SOD_8224.jpg,0,0.0,0,1
SOD_8225.jpg,0,0.0,0,1
SOD_8226.jpg,0,0.0,0,1
SOD_8227.jpg,0,0.0,0,1
SOD_8229.jpg,0,0.0,0,1
SOD_8231.jpg,0,0.0,0,1
SOD_8234.jpg,0,0.0,0,1
SOD_8235.jpg,0,0.0,0,1
SOD_8236.jpg,0,0.0,0,1
SOD_8237.jpg,0,0.0,0,1
SOD_8238.jpg,0,0.0,0,1
SOD_8239.jpg,0,0.0,0,1
SOD_8240.jpg,0,0.0,0,1
SOD_8245.jpg,0,0.0,0,1
SOD_8246.jpg,0,0.0,0,1
SOD_8248.jpg,0,0.0,0,1
SOD_8250.jpg,0,0.0,0,1
SOD_8255.jpg,0,0.0,0,1
SOD_8256.jpg,0,0.0,0,1
SOD_8257.jpg,0,0.0,0,1
SOD_8259.jpg,0,0.0,0,1
SOD_8260.jpg,0,0.0,0,1
SOD_8261.jpg,0,0.0,0,1
SOD_8262.jpg,0,0.0,0,1
SOD_8265.jpg,0,0.0,0,1
SOD_9001.jpg,0,0.0,0,1
SOD_9004.jpg,0,0.0,0,1
SOD_9005.jpg,0,0.0,0,1
SOD_9008.jpg,0,0.0,0,1
SOD_9009.jpg,0,0.0,0,1
SOD_9010.jpg,0,0.0,0,1
SOD_9012.jpg,0,0.0,0,1
SOD_9015.jpg,0,0.0,0,1
SOD_9016.jpg,0,0.0,0,1
SOD_9017.jpg,0,0.0,0,1
SOD_9018.jpg,0,0.0,0,1
SOD_9019.jpg,0,0.0,0,1
SOD_9020.jpg,0,0.0,0,1
SOD_9021.jpg,0,0.0,0,1
SOD_9022.jpg,0,0.0,0,1
SOD_9024.jpg,0,0.0,0,1
SOD_9025.jpg,0,0.0,0,1
SOD_9026.jpg,0,0.0,0,1
SOD_9027.jpg,0,0.0,0,1
SOD_9028.jpg,0,0.0,0,1
SOD_9029.jpg,0,0.0,0,1
SOD_9030.jpg,0,0.0,0,1
SOD_9031.jpg,0,0.0,0,1
SOD_9035.jpg,0,0.0,0,1
SOD_9036.jpg,0,0.0,0,1
SOD_9037.jpg,0,0.0,0,1
SOD_9038.jpg,0,0.0,0,1
SOD_9042.jpg,0,0.0,0,1
SOD_9043.jpg,0,0.0,0,1
SOD_9045.jpg,0,0.0,0,1
SOD_9046.jpg,0,0.0,0,1
SOD_9047.jpg,0,0.0,0,1
SOD_9049.jpg,0,0.0,0,1
SOD_9050.jpg,0,0.0,0,1
SOD_9052.jpg,0,0.0,0,1
SOD_9053.jpg,0,0.0,0,1
SOD_9054.jpg,0,0.0,0,1
SOD_9055.jpg,0,0.0,0,1
SOD_9056.jpg,0,0.0,0,1
SOD_9057.jpg,0,0.0,0,1
