tag,B,alpha,repr,draw,norm_dmean,d_insample,d_heldout
dinoL518,250,0.02,R2_cut,0,0.234816,1.348327,1.031637
dinoL518,250,0.02,R2_cut,1,0.23311,1.356916,1.212763
dinoL518,250,0.02,R2_cut,2,0.229897,1.330411,1.189043
dinoL518,250,0.02,R2_cut,3,0.230305,1.281698,1.303611
dinoL518,250,0.02,R2_cut,4,0.237207,1.391618,1.343261
dinoL518,250,0.02,R2_cut,5,0.232806,1.313027,1.313786
dinoL518,250,0.02,R2_cut,6,0.226385,1.289287,1.092034
dinoL518,250,0.02,R2_cut,7,0.234926,1.336589,1.135924
dinoL518,250,0.02,R2_cut,8,0.235646,1.381147,1.238603
dinoL518,250,0.02,R2_cut,9,0.235966,1.372826,1.254468
dinoL518,250,0.02,R2_cut,10,0.233727,1.328418,1.182158
dinoL518,250,0.02,R2_cut,11,0.222495,1.234581,0.974867
dinoL518,250,0.02,R2_cut,12,0.232286,1.327243,1.0168
dinoL518,250,0.02,R2_cut,13,0.230725,1.341478,1.278175
dinoL518,250,0.02,R2_cut,14,0.236373,1.389791,1.011186
dinoL518,250,0.02,R2_cut,15,0.235758,1.364883,1.203254
dinoL518,250,0.02,R2_cut,16,0.237227,1.379469,1.126852
dinoL518,250,0.02,R2_cut,17,0.225405,1.253511,0.993138
dinoL518,250,0.02,R2_cut,18,0.226816,1.308631,1.055095
dinoL518,250,0.02,R2_cut,19,0.238626,1.382132,1.486021
dinoL518,250,0.02,R3_render,0,0.22595,1.260226,0.936551
dinoL518,250,0.02,R3_render,1,0.219625,1.252485,1.11007
dinoL518,250,0.02,R3_render,2,0.220581,1.231041,1.016333
dinoL518,250,0.02,R3_render,3,0.219371,1.165085,1.159182
dinoL518,250,0.02,R3_render,4,0.226805,1.286077,1.257082
dinoL518,250,0.02,R3_render,5,0.220882,1.197714,1.168964
dinoL518,250,0.02,R3_render,6,0.215755,1.191054,1.025664
dinoL518,250,0.02,R3_render,7,0.227754,1.235359,1.034918
dinoL518,250,0.02,R3_render,8,0.225723,1.272561,1.101825
dinoL518,250,0.02,R3_render,9,0.222165,1.238439,1.162007
dinoL518,250,0.02,R3_render,10,0.224751,1.258125,1.152209
dinoL518,250,0.02,R3_render,11,0.213124,1.137861,0.91648
dinoL518,250,0.02,R3_render,12,0.220336,1.230632,0.917195
dinoL518,250,0.02,R3_render,13,0.219304,1.215234,1.147515
dinoL518,250,0.02,R3_render,14,0.230321,1.284628,0.940381
dinoL518,250,0.02,R3_render,15,0.227189,1.261916,1.055231
dinoL518,250,0.02,R3_render,16,0.222973,1.250318,0.951478
dinoL518,250,0.02,R3_render,17,0.214484,1.154683,0.939801
dinoL518,250,0.02,R3_render,18,0.216604,1.193519,0.956373
dinoL518,250,0.02,R3_render,19,0.228712,1.267181,1.318389
dinoL518,250,0.05,R2_cut,0,0.234816,1.348327,1.031637
dinoL518,250,0.05,R2_cut,1,0.23311,1.356916,1.212763
dinoL518,250,0.05,R2_cut,2,0.229897,1.330411,1.189043
dinoL518,250,0.05,R2_cut,3,0.230305,1.281698,1.303611
dinoL518,250,0.05,R2_cut,4,0.237207,1.391618,1.343261
dinoL518,250,0.05,R2_cut,5,0.232806,1.313027,1.313786
dinoL518,250,0.05,R2_cut,6,0.226385,1.289287,1.092034
dinoL518,250,0.05,R2_cut,7,0.234926,1.336589,1.135924
dinoL518,250,0.05,R2_cut,8,0.235646,1.381147,1.238603
dinoL518,250,0.05,R2_cut,9,0.235966,1.372826,1.254468
dinoL518,250,0.05,R2_cut,10,0.233727,1.328418,1.182158
dinoL518,250,0.05,R2_cut,11,0.222495,1.234581,0.974867
dinoL518,250,0.05,R2_cut,12,0.232286,1.327243,1.0168
dinoL518,250,0.05,R2_cut,13,0.230725,1.341478,1.278175
dinoL518,250,0.05,R2_cut,14,0.236373,1.389791,1.011186
dinoL518,250,0.05,R2_cut,15,0.235758,1.364883,1.203254
dinoL518,250,0.05,R2_cut,16,0.237227,1.379469,1.126852
dinoL518,250,0.05,R2_cut,17,0.225405,1.253511,0.993138
dinoL518,250,0.05,R2_cut,18,0.226816,1.308631,1.055095
dinoL518,250,0.05,R2_cut,19,0.238626,1.382132,1.486021
dinoL518,250,0.05,R3_render,0,0.22595,1.260226,0.936551
dinoL518,250,0.05,R3_render,1,0.219625,1.252485,1.11007
dinoL518,250,0.05,R3_render,2,0.220581,1.231041,1.016333
dinoL518,250,0.05,R3_render,3,0.219371,1.165085,1.159182
dinoL518,250,0.05,R3_render,4,0.226805,1.286077,1.257082
dinoL518,250,0.05,R3_render,5,0.220882,1.197714,1.168964
dinoL518,250,0.05,R3_render,6,0.215755,1.191054,1.025664
dinoL518,250,0.05,R3_render,7,0.227754,1.235359,1.034918
dinoL518,250,0.05,R3_render,8,0.225723,1.272561,1.101825
dinoL518,250,0.05,R3_render,9,0.222165,1.238439,1.162007
dinoL518,250,0.05,R3_render,10,0.224751,1.258125,1.152209
dinoL518,250,0.05,R3_render,11,0.213124,1.137861,0.91648
dinoL518,250,0.05,R3_render,12,0.220336,1.230632,0.917195
dinoL518,250,0.05,R3_render,13,0.219304,1.215234,1.147515
dinoL518,250,0.05,R3_render,14,0.230321,1.284628,0.940381
dinoL518,250,0.05,R3_render,15,0.227189,1.261916,1.055231
dinoL518,250,0.05,R3_render,16,0.222973,1.250318,0.951478
dinoL518,250,0.05,R3_render,17,0.214484,1.154683,0.939801
dinoL518,250,0.05,R3_render,18,0.216604,1.193519,0.956373
dinoL518,250,0.05,R3_render,19,0.228712,1.267181,1.318389
dinoL518,250,0.1,R2_cut,0,0.232475,1.32064,0.926663
dinoL518,250,0.1,R2_cut,1,0.230879,1.330522,0.915053
dinoL518,250,0.1,R2_cut,2,0.228281,1.313823,1.047756
dinoL518,250,0.1,R2_cut,3,0.227666,1.251849,1.126406
dinoL518,250,0.1,R2_cut,4,0.234451,1.356669,1.233172
dinoL518,250,0.1,R2_cut,5,0.229998,1.28104,1.327257
dinoL518,250,0.1,R2_cut,6,0.224867,1.27209,0.978553
dinoL518,250,0.1,R2_cut,7,0.233238,1.317853,1.284679
dinoL518,250,0.1,R2_cut,8,0.233244,1.35143,1.177882
dinoL518,250,0.1,R2_cut,9,0.233288,1.340739,1.231704
dinoL518,250,0.1,R2_cut,10,0.232181,1.311571,1.133494
dinoL518,250,0.1,R2_cut,11,0.220508,1.213312,1.027214
dinoL518,250,0.1,R2_cut,12,0.230139,1.303206,1.110512
dinoL518,250,0.1,R2_cut,13,0.228599,1.316389,1.293329
dinoL518,250,0.1,R2_cut,14,0.233577,1.35323,1.078656
dinoL518,250,0.1,R2_cut,15,0.233167,1.332275,1.028975
dinoL518,250,0.1,R2_cut,16,0.234266,1.341804,1.161653
dinoL518,250,0.1,R2_cut,17,0.223139,1.227938,0.971532
dinoL518,250,0.1,R2_cut,18,0.22471,1.284205,0.966877
dinoL518,250,0.1,R2_cut,19,0.236163,1.350885,1.406002
dinoL518,250,0.1,R3_render,0,0.223023,1.234676,0.870676
dinoL518,250,0.1,R3_render,1,0.218061,1.242661,0.833443
dinoL518,250,0.1,R3_render,2,0.21798,1.211326,0.916147
dinoL518,250,0.1,R3_render,3,0.216168,1.139526,1.014635
dinoL518,250,0.1,R3_render,4,0.223875,1.260624,1.131166
dinoL518,250,0.1,R3_render,5,0.217881,1.17331,1.168304
dinoL518,250,0.1,R3_render,6,0.213383,1.173023,0.922273
dinoL518,250,0.1,R3_render,7,0.224846,1.212003,1.185948
dinoL518,250,0.1,R3_render,8,0.223261,1.253304,1.023554
dinoL518,250,0.1,R3_render,9,0.219756,1.221497,1.151526
dinoL518,250,0.1,R3_render,10,0.222699,1.242127,1.077862
dinoL518,250,0.1,R3_render,11,0.210289,1.114476,0.960549
dinoL518,250,0.1,R3_render,12,0.217309,1.204965,1.049481
dinoL518,250,0.1,R3_render,13,0.216565,1.19193,1.208412
dinoL518,250,0.1,R3_render,14,0.226737,1.25033,1.020777
dinoL518,250,0.1,R3_render,15,0.224294,1.236635,0.96282
dinoL518,250,0.1,R3_render,16,0.220323,1.229568,0.979382
dinoL518,250,0.1,R3_render,17,0.211809,1.133154,0.90207
dinoL518,250,0.1,R3_render,18,0.214008,1.173432,0.86213
dinoL518,250,0.1,R3_render,19,0.225052,1.232055,1.277703
dinoL518,250,0.2,R2_cut,0,0.227119,1.309713,1.021362
dinoL518,250,0.2,R2_cut,1,0.227395,1.347602,1.125477
dinoL518,250,0.2,R2_cut,2,0.224814,1.333449,1.281098
dinoL518,250,0.2,R2_cut,3,0.221269,1.23271,1.08855
dinoL518,250,0.2,R2_cut,4,0.229841,1.359927,1.400774
dinoL518,250,0.2,R2_cut,5,0.224353,1.268927,1.067082
dinoL518,250,0.2,R2_cut,6,0.222494,1.300745,0.837186
dinoL518,250,0.2,R2_cut,7,0.229983,1.338114,1.371572
dinoL518,250,0.2,R2_cut,8,0.22838,1.351418,1.139401
dinoL518,250,0.2,R2_cut,9,0.227837,1.334582,1.225802
dinoL518,250,0.2,R2_cut,10,0.229915,1.341434,1.1766
dinoL518,250,0.2,R2_cut,11,0.217824,1.237993,0.867314
dinoL518,250,0.2,R2_cut,12,0.226056,1.311848,1.070193
dinoL518,250,0.2,R2_cut,13,0.223858,1.314847,1.275595
dinoL518,250,0.2,R2_cut,14,0.228471,1.343861,0.952274
dinoL518,250,0.2,R2_cut,15,0.228789,1.336308,0.994895
dinoL518,250,0.2,R2_cut,16,0.228269,1.325254,1.044126
dinoL518,250,0.2,R2_cut,17,0.21975,1.240747,0.952866
dinoL518,250,0.2,R2_cut,18,0.221168,1.301243,1.144147
dinoL518,250,0.2,R2_cut,19,0.231018,1.34392,1.232858
dinoL518,250,0.2,R3_render,0,0.2165,1.220816,0.953217
dinoL518,250,0.2,R3_render,1,0.214552,1.261888,1.054312
dinoL518,250,0.2,R3_render,2,0.211164,1.199028,1.116106
dinoL518,250,0.2,R3_render,3,0.208322,1.115125,0.926369
dinoL518,250,0.2,R3_render,4,0.217725,1.253997,1.323044
dinoL518,250,0.2,R3_render,5,0.210622,1.151403,0.993663
dinoL518,250,0.2,R3_render,6,0.207119,1.16042,0.764951
dinoL518,250,0.2,R3_render,7,0.217649,1.195614,1.187676
dinoL518,250,0.2,R3_render,8,0.215992,1.230315,0.984558
dinoL518,250,0.2,R3_render,9,0.213003,1.207336,1.123245
dinoL518,250,0.2,R3_render,10,0.218696,1.255841,1.129998
dinoL518,250,0.2,R3_render,11,0.205092,1.114994,0.771503
dinoL518,250,0.2,R3_render,12,0.210842,1.192537,0.935326
dinoL518,250,0.2,R3_render,13,0.210823,1.188614,1.188689
dinoL518,250,0.2,R3_render,14,0.218537,1.215548,0.812312
dinoL518,250,0.2,R3_render,15,0.217482,1.221971,0.872582
dinoL518,250,0.2,R3_render,16,0.212742,1.20203,0.926133
dinoL518,250,0.2,R3_render,17,0.206697,1.134461,0.862048
dinoL518,250,0.2,R3_render,18,0.208342,1.173678,0.948491
dinoL518,250,0.2,R3_render,19,0.217014,1.203529,1.111032
dinoL518,250,0.5,R2_cut,0,0.203073,1.314731,0.887882
dinoL518,250,0.5,R2_cut,1,0.202831,1.340532,1.082964
dinoL518,250,0.5,R2_cut,2,0.201268,1.347739,1.081495
dinoL518,250,0.5,R2_cut,3,0.193095,1.174987,1.078037
dinoL518,250,0.5,R2_cut,4,0.202557,1.319058,1.049415
dinoL518,250,0.5,R2_cut,5,0.19808,1.23685,1.285266
dinoL518,250,0.5,R2_cut,6,0.199207,1.310515,1.042167
dinoL518,250,0.5,R2_cut,7,0.205879,1.342418,1.187736
dinoL518,250,0.5,R2_cut,8,0.201508,1.319824,1.11923
dinoL518,250,0.5,R2_cut,9,0.202345,1.31773,1.122029
dinoL518,250,0.5,R2_cut,10,0.206966,1.35865,1.019208
dinoL518,250,0.5,R2_cut,11,0.19542,1.254072,0.975304
dinoL518,250,0.5,R2_cut,12,0.200258,1.281555,0.84686
dinoL518,250,0.5,R2_cut,13,0.198803,1.300929,1.211834
dinoL518,250,0.5,R2_cut,14,0.20304,1.319226,1.044353
dinoL518,250,0.5,R2_cut,15,0.203832,1.319272,1.086596
dinoL518,250,0.5,R2_cut,16,0.201719,1.298569,0.974398
dinoL518,250,0.5,R2_cut,17,0.197995,1.260919,0.839512
dinoL518,250,0.5,R2_cut,18,0.197111,1.30089,0.782043
dinoL518,250,0.5,R2_cut,19,0.204351,1.311683,1.230492
dinoL518,250,0.5,R3_render,0,0.196955,1.329692,0.882588
dinoL518,250,0.5,R3_render,1,0.196661,1.357921,1.056095
dinoL518,250,0.5,R3_render,2,0.188786,1.271144,0.981381
dinoL518,250,0.5,R3_render,3,0.183665,1.144086,1.057329
dinoL518,250,0.5,R3_render,4,0.194398,1.3151,1.005707
dinoL518,250,0.5,R3_render,5,0.190173,1.229998,1.265585
dinoL518,250,0.5,R3_render,6,0.186945,1.238114,0.985206
dinoL518,250,0.5,R3_render,7,0.192935,1.241105,1.053873
dinoL518,250,0.5,R3_render,8,0.19257,1.288591,1.113179
dinoL518,250,0.5,R3_render,9,0.192509,1.287076,1.069792
dinoL518,250,0.5,R3_render,10,0.199668,1.351933,1.102047
dinoL518,250,0.5,R3_render,11,0.186688,1.210403,0.923999
dinoL518,250,0.5,R3_render,12,0.188799,1.252606,0.784878
dinoL518,250,0.5,R3_render,13,0.190244,1.268903,1.154723
dinoL518,250,0.5,R3_render,14,0.193379,1.245019,1.000117
dinoL518,250,0.5,R3_render,15,0.194581,1.282047,1.045918
dinoL518,250,0.5,R3_render,16,0.190933,1.267259,0.872694
dinoL518,250,0.5,R3_render,17,0.188467,1.236034,0.800236
dinoL518,250,0.5,R3_render,18,0.188374,1.268821,0.74326
dinoL518,250,0.5,R3_render,19,0.191721,1.237184,1.157293
dinoL518,250,1.0,R2_cut,0,0.153159,1.315102,0.721391
dinoL518,250,1.0,R2_cut,1,0.148236,1.282888,0.761149
dinoL518,250,1.0,R2_cut,2,0.149204,1.345968,0.967583
dinoL518,250,1.0,R2_cut,3,0.14431,1.184289,0.869737
dinoL518,250,1.0,R2_cut,4,0.150038,1.292931,0.920353
dinoL518,250,1.0,R2_cut,5,0.149028,1.243541,0.956176
dinoL518,250,1.0,R2_cut,6,0.144986,1.249888,0.606293
dinoL518,250,1.0,R2_cut,7,0.151265,1.283306,0.97869
dinoL518,250,1.0,R2_cut,8,0.147891,1.280925,0.801593
dinoL518,250,1.0,R2_cut,9,0.152262,1.328469,0.915868
dinoL518,250,1.0,R2_cut,10,0.153977,1.322294,0.779888
dinoL518,250,1.0,R2_cut,11,0.145373,1.242571,0.782699
dinoL518,250,1.0,R2_cut,12,0.151622,1.306902,0.795588
dinoL518,250,1.0,R2_cut,13,0.146655,1.27766,0.753376
dinoL518,250,1.0,R2_cut,14,0.150641,1.277928,0.77159
dinoL518,250,1.0,R2_cut,15,0.150089,1.25779,0.917898
dinoL518,250,1.0,R2_cut,16,0.149765,1.293935,0.751204
dinoL518,250,1.0,R2_cut,17,0.147577,1.254,0.719877
dinoL518,250,1.0,R2_cut,18,0.147357,1.319852,0.756128
dinoL518,250,1.0,R2_cut,19,0.152835,1.30222,1.051908
dinoL518,250,1.0,R3_render,0,0.150361,1.322877,0.742716
dinoL518,250,1.0,R3_render,1,0.145854,1.288053,0.686988
dinoL518,250,1.0,R3_render,2,0.139299,1.233302,0.719564
dinoL518,250,1.0,R3_render,3,0.138976,1.151753,0.875927
dinoL518,250,1.0,R3_render,4,0.145415,1.279017,0.825932
dinoL518,250,1.0,R3_render,5,0.1443,1.22807,0.863021
dinoL518,250,1.0,R3_render,6,0.138931,1.210496,0.568034
dinoL518,250,1.0,R3_render,7,0.143351,1.181537,0.895999
dinoL518,250,1.0,R3_render,8,0.144263,1.270567,0.867434
dinoL518,250,1.0,R3_render,9,0.147126,1.298512,0.942796
dinoL518,250,1.0,R3_render,10,0.150756,1.341305,0.882131
dinoL518,250,1.0,R3_render,11,0.140778,1.210648,0.631842
dinoL518,250,1.0,R3_render,12,0.14376,1.282849,0.728289
dinoL518,250,1.0,R3_render,13,0.141727,1.236984,0.689841
dinoL518,250,1.0,R3_render,14,0.146967,1.229537,0.76458
dinoL518,250,1.0,R3_render,15,0.144857,1.212617,0.742773
dinoL518,250,1.0,R3_render,16,0.143456,1.266304,0.698239
dinoL518,250,1.0,R3_render,17,0.141432,1.213906,0.6641
dinoL518,250,1.0,R3_render,18,0.143724,1.291027,0.721679
dinoL518,250,1.0,R3_render,19,0.143118,1.195628,0.907389
dinoL518,250,2.0,R2_cut,0,0.124006,1.905495,0.742658
dinoL518,250,2.0,R2_cut,1,0.117246,1.858585,0.434991
dinoL518,250,2.0,R2_cut,2,0.121843,2.020106,0.857422
dinoL518,250,2.0,R2_cut,3,0.117006,1.894967,0.781101
dinoL518,250,2.0,R2_cut,4,0.119357,1.913489,0.63316
dinoL518,250,2.0,R2_cut,5,0.117476,1.832449,0.667144
dinoL518,250,2.0,R2_cut,6,0.116648,1.928775,0.545452
dinoL518,250,2.0,R2_cut,7,0.119392,1.82982,0.667922
dinoL518,250,2.0,R2_cut,8,0.119271,1.950122,0.853605
dinoL518,250,2.0,R2_cut,9,0.124654,1.961773,0.752426
dinoL518,250,2.0,R2_cut,10,0.123503,1.911577,0.735703
dinoL518,250,2.0,R2_cut,11,0.116139,1.861345,0.826228
dinoL518,250,2.0,R2_cut,12,0.1241,1.893825,0.992696
dinoL518,250,2.0,R2_cut,13,0.118595,1.864317,0.554965
dinoL518,250,2.0,R2_cut,14,0.119273,1.796511,0.725873
dinoL518,250,2.0,R2_cut,15,0.119252,1.947223,0.825841
dinoL518,250,2.0,R2_cut,16,0.122075,2.015365,0.765609
dinoL518,250,2.0,R2_cut,17,0.115398,1.768977,0.673131
dinoL518,250,2.0,R2_cut,18,0.119555,1.859749,0.700249
dinoL518,250,2.0,R2_cut,19,0.123897,2.013712,0.901059
dinoL518,250,2.0,R3_render,0,0.125399,1.833158,0.720546
dinoL518,250,2.0,R3_render,1,0.121332,1.573593,0.451302
dinoL518,250,2.0,R3_render,2,0.114529,1.886125,0.627542
dinoL518,250,2.0,R3_render,3,0.11509,1.73926,0.772442
dinoL518,250,2.0,R3_render,4,0.118605,1.829847,0.548983
dinoL518,250,2.0,R3_render,5,0.117673,1.760628,0.735446
dinoL518,250,2.0,R3_render,6,0.1167,1.73026,0.50946
dinoL518,250,2.0,R3_render,7,0.113484,1.674426,0.645949
dinoL518,250,2.0,R3_render,8,0.120707,1.864516,0.895731
dinoL518,250,2.0,R3_render,9,0.123241,1.796557,0.790574
dinoL518,250,2.0,R3_render,10,0.125185,1.812543,0.851799
dinoL518,250,2.0,R3_render,11,0.11661,1.70289,0.718934
dinoL518,250,2.0,R3_render,12,0.121851,1.785538,0.831742
dinoL518,250,2.0,R3_render,13,0.116383,1.672763,0.464305
dinoL518,250,2.0,R3_render,14,0.119887,1.706806,0.748276
dinoL518,250,2.0,R3_render,15,0.117034,1.718896,0.735216
dinoL518,250,2.0,R3_render,16,0.1211,1.869321,0.811576
dinoL518,250,2.0,R3_render,17,0.112714,1.583969,0.438729
dinoL518,250,2.0,R3_render,18,0.119443,1.72178,0.640132
dinoL518,250,2.0,R3_render,19,0.116784,1.817236,0.908082
dinoL518,250,5.0,R2_cut,0,0.120056,1.929067,0.659168
dinoL518,250,5.0,R2_cut,1,0.113779,1.834149,0.628264
dinoL518,250,5.0,R2_cut,2,0.118622,1.941926,0.822013
dinoL518,250,5.0,R2_cut,3,0.112977,1.927398,0.68057
dinoL518,250,5.0,R2_cut,4,0.11686,1.899925,0.480799
dinoL518,250,5.0,R2_cut,5,0.113397,1.878783,0.624204
dinoL518,250,5.0,R2_cut,6,0.113289,1.929622,0.543785
dinoL518,250,5.0,R2_cut,7,0.114706,1.80669,0.511977
dinoL518,250,5.0,R2_cut,8,0.115556,1.886278,0.783696
dinoL518,250,5.0,R2_cut,9,0.120881,1.923944,0.845168
dinoL518,250,5.0,R2_cut,10,0.117532,1.850553,0.730375
dinoL518,250,5.0,R2_cut,11,0.113624,1.947694,0.62336
dinoL518,250,5.0,R2_cut,12,0.119887,1.842592,0.858191
dinoL518,250,5.0,R2_cut,13,0.116438,1.827714,0.545978
dinoL518,250,5.0,R2_cut,14,0.114735,1.758789,0.693805
dinoL518,250,5.0,R2_cut,15,0.114798,1.969823,0.739843
dinoL518,250,5.0,R2_cut,16,0.118405,1.959166,0.839642
dinoL518,250,5.0,R2_cut,17,0.10972,1.717312,0.498823
dinoL518,250,5.0,R2_cut,18,0.117047,1.791436,0.599824
dinoL518,250,5.0,R2_cut,19,0.116847,1.929743,0.770142
dinoL518,250,5.0,R3_render,0,0.120412,1.754387,0.621905
dinoL518,250,5.0,R3_render,1,0.117433,1.438445,0.440726
dinoL518,250,5.0,R3_render,2,0.109772,1.769822,0.556041
dinoL518,250,5.0,R3_render,3,0.111065,1.705434,0.730816
dinoL518,250,5.0,R3_render,4,0.114685,1.733087,0.291235
dinoL518,250,5.0,R3_render,5,0.113058,1.724644,0.569771
dinoL518,250,5.0,R3_render,6,0.113547,1.636665,0.584236
dinoL518,250,5.0,R3_render,7,0.107224,1.671875,0.324187
dinoL518,250,5.0,R3_render,8,0.116542,1.756622,0.870788
dinoL518,250,5.0,R3_render,9,0.118078,1.676688,0.704284
dinoL518,250,5.0,R3_render,10,0.119612,1.65531,0.848345
dinoL518,250,5.0,R3_render,11,0.114459,1.651869,0.555946
dinoL518,250,5.0,R3_render,12,0.119207,1.66077,0.664028
dinoL518,250,5.0,R3_render,13,0.114173,1.5903,0.50239
dinoL518,250,5.0,R3_render,14,0.113432,1.614002,0.669883
dinoL518,250,5.0,R3_render,15,0.111171,1.691001,0.493745
dinoL518,250,5.0,R3_render,16,0.11629,1.697611,0.710949
dinoL518,250,5.0,R3_render,17,0.107122,1.469153,0.310985
dinoL518,250,5.0,R3_render,18,0.115062,1.596967,0.547397
dinoL518,250,5.0,R3_render,19,0.109463,1.695189,0.60647
dinoL518,250,10.0,R2_cut,0,0.119614,1.945868,0.639703
dinoL518,250,10.0,R2_cut,1,0.113928,1.855649,0.518194
dinoL518,250,10.0,R2_cut,2,0.118216,1.951134,0.973601
dinoL518,250,10.0,R2_cut,3,0.112912,1.953857,0.784709
dinoL518,250,10.0,R2_cut,4,0.116743,1.910712,0.489454
dinoL518,250,10.0,R2_cut,5,0.113006,1.892625,0.636197
dinoL518,250,10.0,R2_cut,6,0.113193,1.93069,0.39937
dinoL518,250,10.0,R2_cut,7,0.114075,1.816484,0.523002
dinoL518,250,10.0,R2_cut,8,0.115891,1.90486,0.763449
dinoL518,250,10.0,R2_cut,9,0.120483,1.934436,0.872104
dinoL518,250,10.0,R2_cut,10,0.116898,1.85811,0.772371
dinoL518,250,10.0,R2_cut,11,0.113337,1.965346,0.722639
dinoL518,250,10.0,R2_cut,12,0.119765,1.845972,0.61233
dinoL518,250,10.0,R2_cut,13,0.116222,1.841613,0.518753
dinoL518,250,10.0,R2_cut,14,0.114784,1.772465,0.605784
dinoL518,250,10.0,R2_cut,15,0.114571,1.995105,0.792131
dinoL518,250,10.0,R2_cut,16,0.118067,1.96852,0.831025
dinoL518,250,10.0,R2_cut,17,0.109089,1.72836,0.458894
dinoL518,250,10.0,R2_cut,18,0.117117,1.810825,0.743239
dinoL518,250,10.0,R2_cut,19,0.11653,1.949555,0.753433
dinoL518,250,10.0,R3_render,0,0.11969,1.746356,0.619275
dinoL518,250,10.0,R3_render,1,0.117794,1.430812,0.406183
dinoL518,250,10.0,R3_render,2,0.109172,1.752581,0.71409
dinoL518,250,10.0,R3_render,3,0.110538,1.712168,0.514163
dinoL518,250,10.0,R3_render,4,0.114125,1.727897,0.439313
dinoL518,250,10.0,R3_render,5,0.11259,1.720706,0.568935
dinoL518,250,10.0,R3_render,6,0.113207,1.620543,0.512481
dinoL518,250,10.0,R3_render,7,0.106262,1.680361,0.385949
dinoL518,250,10.0,R3_render,8,0.116385,1.759604,0.913523
dinoL518,250,10.0,R3_render,9,0.117665,1.674702,0.720436
dinoL518,250,10.0,R3_render,10,0.119101,1.632915,0.759293
dinoL518,250,10.0,R3_render,11,0.114037,1.646495,0.548862
dinoL518,250,10.0,R3_render,12,0.118739,1.649443,0.379903
dinoL518,250,10.0,R3_render,13,0.113617,1.580353,0.422348
dinoL518,250,10.0,R3_render,14,0.112622,1.621197,0.503627
dinoL518,250,10.0,R3_render,15,0.110695,1.6981,0.493602
dinoL518,250,10.0,R3_render,16,0.115835,1.680323,0.783151
dinoL518,250,10.0,R3_render,17,0.106428,1.45297,0.305434
dinoL518,250,10.0,R3_render,18,0.114584,1.591192,0.648778
dinoL518,250,10.0,R3_render,19,0.108889,1.712023,0.544733
dinoL518,250,20.0,R2_cut,0,0.119299,1.903115,0.679956
dinoL518,250,20.0,R2_cut,1,0.113895,1.82348,0.637316
dinoL518,250,20.0,R2_cut,2,0.118137,1.939956,0.873474
dinoL518,250,20.0,R2_cut,3,0.112585,1.932237,0.723714
dinoL518,250,20.0,R2_cut,4,0.116458,1.890808,0.526069
dinoL518,250,20.0,R2_cut,5,0.112033,1.903904,0.6532
dinoL518,250,20.0,R2_cut,6,0.113714,1.859551,0.45934
dinoL518,250,20.0,R2_cut,7,0.114701,1.773931,0.540623
dinoL518,250,20.0,R2_cut,8,0.115396,1.853675,0.672314
dinoL518,250,20.0,R2_cut,9,0.12032,1.909154,0.810958
dinoL518,250,20.0,R2_cut,10,0.116055,1.790454,0.79779
dinoL518,250,20.0,R2_cut,11,0.112751,1.905001,0.653158
dinoL518,250,20.0,R2_cut,12,0.118785,1.832714,0.868673
dinoL518,250,20.0,R2_cut,13,0.115196,1.810435,0.413365
dinoL518,250,20.0,R2_cut,14,0.113956,1.75428,0.464364
dinoL518,250,20.0,R2_cut,15,0.113637,1.972703,0.663799
dinoL518,250,20.0,R2_cut,16,0.118001,1.905269,0.697255
dinoL518,250,20.0,R2_cut,17,0.108154,1.697709,0.324245
dinoL518,250,20.0,R2_cut,18,0.117233,1.766909,0.701485
dinoL518,250,20.0,R2_cut,19,0.116219,1.913948,0.766287
dinoL518,250,20.0,R3_render,0,0.120014,1.708585,0.667804
dinoL518,250,20.0,R3_render,1,0.11881,1.404525,0.438936
dinoL518,250,20.0,R3_render,2,0.109504,1.73536,0.59233
dinoL518,250,20.0,R3_render,3,0.11107,1.705695,0.655258
dinoL518,250,20.0,R3_render,4,0.114612,1.712528,0.54451
dinoL518,250,20.0,R3_render,5,0.112722,1.703072,0.526716
dinoL518,250,20.0,R3_render,6,0.114582,1.583271,0.45573
dinoL518,250,20.0,R3_render,7,0.107334,1.679748,0.340962
dinoL518,250,20.0,R3_render,8,0.116595,1.7163,0.807086
dinoL518,250,20.0,R3_render,9,0.118288,1.652238,0.703216
dinoL518,250,20.0,R3_render,10,0.119447,1.580567,0.915713
dinoL518,250,20.0,R3_render,11,0.114576,1.605691,0.596662
dinoL518,250,20.0,R3_render,12,0.11895,1.634898,0.633899
dinoL518,250,20.0,R3_render,13,0.11339,1.549904,0.388598
dinoL518,250,20.0,R3_render,14,0.112346,1.616321,0.216959
dinoL518,250,20.0,R3_render,15,0.110462,1.690647,0.498551
dinoL518,250,20.0,R3_render,16,0.116558,1.643559,0.68561
dinoL518,250,20.0,R3_render,17,0.106552,1.418374,0.247856
dinoL518,250,20.0,R3_render,18,0.115095,1.549268,0.599404
dinoL518,250,20.0,R3_render,19,0.109456,1.691608,0.640054
dinoL518,250,40.0,R2_cut,0,0.119299,1.903115,0.679956
dinoL518,250,40.0,R2_cut,1,0.113895,1.82348,0.637316
dinoL518,250,40.0,R2_cut,2,0.118137,1.939956,0.873474
dinoL518,250,40.0,R2_cut,3,0.112585,1.932237,0.723714
dinoL518,250,40.0,R2_cut,4,0.116458,1.890808,0.526069
dinoL518,250,40.0,R2_cut,5,0.112033,1.903904,0.6532
dinoL518,250,40.0,R2_cut,6,0.113714,1.859551,0.45934
dinoL518,250,40.0,R2_cut,7,0.114701,1.773931,0.540623
dinoL518,250,40.0,R2_cut,8,0.115396,1.853675,0.672314
dinoL518,250,40.0,R2_cut,9,0.12032,1.909154,0.810958
dinoL518,250,40.0,R2_cut,10,0.116055,1.790454,0.79779
dinoL518,250,40.0,R2_cut,11,0.112751,1.905001,0.653158
dinoL518,250,40.0,R2_cut,12,0.118785,1.832714,0.868673
dinoL518,250,40.0,R2_cut,13,0.115196,1.810435,0.413365
dinoL518,250,40.0,R2_cut,14,0.113956,1.75428,0.464364
dinoL518,250,40.0,R2_cut,15,0.113637,1.972703,0.663799
dinoL518,250,40.0,R2_cut,16,0.118001,1.905269,0.697255
dinoL518,250,40.0,R2_cut,17,0.108154,1.697709,0.324245
dinoL518,250,40.0,R2_cut,18,0.117233,1.766909,0.701485
dinoL518,250,40.0,R2_cut,19,0.116219,1.913948,0.766287
dinoL518,250,40.0,R3_render,0,0.120014,1.708585,0.667804
dinoL518,250,40.0,R3_render,1,0.11881,1.404525,0.438936
dinoL518,250,40.0,R3_render,2,0.109504,1.73536,0.59233
dinoL518,250,40.0,R3_render,3,0.11107,1.705695,0.655258
dinoL518,250,40.0,R3_render,4,0.114612,1.712528,0.54451
dinoL518,250,40.0,R3_render,5,0.112722,1.703072,0.526716
dinoL518,250,40.0,R3_render,6,0.114582,1.583271,0.45573
dinoL518,250,40.0,R3_render,7,0.107334,1.679748,0.340962
dinoL518,250,40.0,R3_render,8,0.116595,1.7163,0.807086
dinoL518,250,40.0,R3_render,9,0.118288,1.652238,0.703216
dinoL518,250,40.0,R3_render,10,0.119447,1.580567,0.915713
dinoL518,250,40.0,R3_render,11,0.114576,1.605691,0.596662
dinoL518,250,40.0,R3_render,12,0.11895,1.634898,0.633899
dinoL518,250,40.0,R3_render,13,0.11339,1.549904,0.388598
dinoL518,250,40.0,R3_render,14,0.112346,1.616321,0.216959
dinoL518,250,40.0,R3_render,15,0.110462,1.690647,0.498551
dinoL518,250,40.0,R3_render,16,0.116558,1.643559,0.68561
dinoL518,250,40.0,R3_render,17,0.106552,1.418374,0.247856
dinoL518,250,40.0,R3_render,18,0.115095,1.549268,0.599404
dinoL518,250,40.0,R3_render,19,0.109456,1.691608,0.640054
dinoL518,500,0.02,R2_cut,0,0.151424,1.133605,0.877963
dinoL518,500,0.02,R2_cut,1,0.159498,1.235155,0.975499
dinoL518,500,0.02,R2_cut,2,0.152497,1.142857,0.934578
dinoL518,500,0.02,R2_cut,3,0.152259,1.134203,0.882423
dinoL518,500,0.02,R2_cut,4,0.156659,1.180235,1.026775
dinoL518,500,0.02,R2_cut,5,0.153685,1.175263,0.926001
dinoL518,500,0.02,R2_cut,6,0.1526,1.107216,0.877182
dinoL518,500,0.02,R2_cut,7,0.14822,1.080774,0.781293
dinoL518,500,0.02,R2_cut,8,0.154036,1.136495,1.038471
dinoL518,500,0.02,R2_cut,9,0.152813,1.149276,0.894076
dinoL518,500,0.02,R2_cut,10,0.154876,1.171811,0.910755
dinoL518,500,0.02,R2_cut,11,0.14596,1.104142,0.797146
dinoL518,500,0.02,R2_cut,12,0.154608,1.181613,0.919365
dinoL518,500,0.02,R2_cut,13,0.151463,1.139323,0.865153
dinoL518,500,0.02,R2_cut,14,0.152185,1.134223,0.901426
dinoL518,500,0.02,R2_cut,15,0.152383,1.133885,0.970626
dinoL518,500,0.02,R2_cut,16,0.155201,1.159882,0.862174
dinoL518,500,0.02,R2_cut,17,0.157099,1.164275,0.860704
dinoL518,500,0.02,R2_cut,18,0.15141,1.151845,1.132701
dinoL518,500,0.02,R2_cut,19,0.148788,1.088984,0.756203
dinoL518,500,0.02,R3_render,0,0.142526,0.998261,0.736004
dinoL518,500,0.02,R3_render,1,0.150346,1.08566,0.830933
dinoL518,500,0.02,R3_render,2,0.144035,0.996389,0.830457
dinoL518,500,0.02,R3_render,3,0.145952,1.002599,0.787568
dinoL518,500,0.02,R3_render,4,0.150147,1.021443,0.765306
dinoL518,500,0.02,R3_render,5,0.142132,1.017263,0.760452
dinoL518,500,0.02,R3_render,6,0.145779,0.958054,0.733235
dinoL518,500,0.02,R3_render,7,0.14405,0.970482,0.690179
dinoL518,500,0.02,R3_render,8,0.148442,1.00733,0.898706
dinoL518,500,0.02,R3_render,9,0.145928,0.995707,0.82438
dinoL518,500,0.02,R3_render,10,0.147778,0.992718,0.758374
dinoL518,500,0.02,R3_render,11,0.137553,0.978794,0.700158
dinoL518,500,0.02,R3_render,12,0.148026,1.027446,0.805794
dinoL518,500,0.02,R3_render,13,0.145388,0.998055,0.800458
dinoL518,500,0.02,R3_render,14,0.145337,0.985685,0.793275
dinoL518,500,0.02,R3_render,15,0.144082,0.9936,0.810889
dinoL518,500,0.02,R3_render,16,0.148382,0.997435,0.745955
dinoL518,500,0.02,R3_render,17,0.149287,1.023032,0.76137
dinoL518,500,0.02,R3_render,18,0.142506,1.001067,1.008343
dinoL518,500,0.02,R3_render,19,0.144368,0.966062,0.688817
dinoL518,500,0.05,R2_cut,0,0.151115,1.12949,0.798253
dinoL518,500,0.05,R2_cut,1,0.15923,1.231649,0.943489
dinoL518,500,0.05,R2_cut,2,0.152133,1.138054,0.967609
dinoL518,500,0.05,R2_cut,3,0.15192,1.129861,0.87798
dinoL518,500,0.05,R2_cut,4,0.156359,1.176175,0.953931
dinoL518,500,0.05,R2_cut,5,0.153352,1.170635,0.890003
dinoL518,500,0.05,R2_cut,6,0.152262,1.103046,0.892718
dinoL518,500,0.05,R2_cut,7,0.147922,1.076906,0.813043
dinoL518,500,0.05,R2_cut,8,0.153789,1.133226,1.034966
dinoL518,500,0.05,R2_cut,9,0.152507,1.145054,1.035269
dinoL518,500,0.05,R2_cut,10,0.154521,1.167317,0.919823
dinoL518,500,0.05,R2_cut,11,0.145666,1.100326,0.8752
dinoL518,500,0.05,R2_cut,12,0.154321,1.1777,0.931919
dinoL518,500,0.05,R2_cut,13,0.151207,1.135934,0.881701
dinoL518,500,0.05,R2_cut,14,0.151927,1.130969,0.910898
dinoL518,500,0.05,R2_cut,15,0.152131,1.130653,0.911803
dinoL518,500,0.05,R2_cut,16,0.154885,1.155529,0.938491
dinoL518,500,0.05,R2_cut,17,0.156897,1.161582,0.893958
dinoL518,500,0.05,R2_cut,18,0.15108,1.147438,1.117629
dinoL518,500,0.05,R2_cut,19,0.148474,1.084879,0.834401
dinoL518,500,0.05,R3_render,0,0.142053,0.99472,0.684293
dinoL518,500,0.05,R3_render,1,0.14992,1.082547,0.796319
dinoL518,500,0.05,R3_render,2,0.143589,0.993513,0.868124
dinoL518,500,0.05,R3_render,3,0.145545,1.000168,0.74802
dinoL518,500,0.05,R3_render,4,0.149667,1.017971,0.741029
dinoL518,500,0.05,R3_render,5,0.141722,1.014465,0.742556
dinoL518,500,0.05,R3_render,6,0.145243,0.954146,0.778281
dinoL518,500,0.05,R3_render,7,0.143561,0.966699,0.724255
dinoL518,500,0.05,R3_render,8,0.14809,1.005531,0.924717
dinoL518,500,0.05,R3_render,9,0.145488,0.992846,0.883867
dinoL518,500,0.05,R3_render,10,0.147231,0.988749,0.789845
dinoL518,500,0.05,R3_render,11,0.137127,0.975693,0.773001
dinoL518,500,0.05,R3_render,12,0.147577,1.024284,0.790042
dinoL518,500,0.05,R3_render,13,0.144939,0.995161,0.841193
dinoL518,500,0.05,R3_render,14,0.144896,0.982605,0.842631
dinoL518,500,0.05,R3_render,15,0.143699,0.991277,0.780864
dinoL518,500,0.05,R3_render,16,0.147807,0.992524,0.779326
dinoL518,500,0.05,R3_render,17,0.148957,1.021456,0.752532
dinoL518,500,0.05,R3_render,18,0.142034,0.997709,0.983041
dinoL518,500,0.05,R3_render,19,0.143878,0.962578,0.70898
dinoL518,500,0.1,R2_cut,0,0.147783,1.116375,0.845146
dinoL518,500,0.1,R2_cut,1,0.156167,1.223438,0.973463
dinoL518,500,0.1,R2_cut,2,0.148458,1.121394,0.952317
dinoL518,500,0.1,R2_cut,3,0.149019,1.126168,0.776423
dinoL518,500,0.1,R2_cut,4,0.152517,1.154982,0.998866
dinoL518,500,0.1,R2_cut,5,0.150074,1.161328,0.890596
dinoL518,500,0.1,R2_cut,6,0.148461,1.084401,0.840614
dinoL518,500,0.1,R2_cut,7,0.144084,1.057214,0.756838
dinoL518,500,0.1,R2_cut,8,0.150722,1.123677,1.044565
dinoL518,500,0.1,R2_cut,9,0.148797,1.129274,1.059359
dinoL518,500,0.1,R2_cut,10,0.151226,1.155863,0.921739
dinoL518,500,0.1,R2_cut,11,0.142253,1.088735,0.785167
dinoL518,500,0.1,R2_cut,12,0.151064,1.16717,0.906284
dinoL518,500,0.1,R2_cut,13,0.147251,1.115324,0.995411
dinoL518,500,0.1,R2_cut,14,0.14858,1.118348,0.863748
dinoL518,500,0.1,R2_cut,15,0.148408,1.114279,1.114454
dinoL518,500,0.1,R2_cut,16,0.151269,1.14019,0.891731
dinoL518,500,0.1,R2_cut,17,0.153675,1.151109,0.922172
dinoL518,500,0.1,R2_cut,18,0.147536,1.133302,0.942073
dinoL518,500,0.1,R2_cut,19,0.145295,1.075239,0.771098
dinoL518,500,0.1,R3_render,0,0.137739,0.983052,0.714117
dinoL518,500,0.1,R3_render,1,0.146084,1.075298,0.793236
dinoL518,500,0.1,R3_render,2,0.138699,0.973741,0.875986
dinoL518,500,0.1,R3_render,3,0.141464,0.99067,0.668276
dinoL518,500,0.1,R3_render,4,0.144994,0.999465,0.817889
dinoL518,500,0.1,R3_render,5,0.13787,1.006848,0.718039
dinoL518,500,0.1,R3_render,6,0.140091,0.930359,0.706521
dinoL518,500,0.1,R3_render,7,0.138632,0.944704,0.620208
dinoL518,500,0.1,R3_render,8,0.144016,0.994671,0.898598
dinoL518,500,0.1,R3_render,9,0.140847,0.975242,0.925868
dinoL518,500,0.1,R3_render,10,0.142345,0.970277,0.739603
dinoL518,500,0.1,R3_render,11,0.132853,0.960226,0.710307
dinoL518,500,0.1,R3_render,12,0.143152,1.010302,0.75243
dinoL518,500,0.1,R3_render,13,0.139658,0.969611,0.857412
dinoL518,500,0.1,R3_render,14,0.140588,0.968657,0.802614
dinoL518,500,0.1,R3_render,15,0.13908,0.974223,0.897731
dinoL518,500,0.1,R3_render,16,0.142858,0.970094,0.767361
dinoL518,500,0.1,R3_render,17,0.144877,1.011737,0.80492
dinoL518,500,0.1,R3_render,18,0.137696,0.985835,0.842665
dinoL518,500,0.1,R3_render,19,0.139474,0.949717,0.683754
dinoL518,500,0.2,R2_cut,0,0.138832,1.123212,0.674151
dinoL518,500,0.2,R2_cut,1,0.148523,1.261257,1.036658
dinoL518,500,0.2,R2_cut,2,0.139286,1.14002,0.939294
dinoL518,500,0.2,R2_cut,3,0.141345,1.165273,0.820877
dinoL518,500,0.2,R2_cut,4,0.141933,1.151897,0.921245
dinoL518,500,0.2,R2_cut,5,0.142531,1.200659,0.910003
dinoL518,500,0.2,R2_cut,6,0.137266,1.07472,0.819684
dinoL518,500,0.2,R2_cut,7,0.133727,1.05428,0.771245
dinoL518,500,0.2,R2_cut,8,0.14269,1.14587,0.969996
dinoL518,500,0.2,R2_cut,9,0.139118,1.138086,0.849958
dinoL518,500,0.2,R2_cut,10,0.14164,1.167594,0.90145
dinoL518,500,0.2,R2_cut,11,0.13498,1.135364,0.733343
dinoL518,500,0.2,R2_cut,12,0.142669,1.1882,0.826737
dinoL518,500,0.2,R2_cut,13,0.136734,1.114852,0.912499
dinoL518,500,0.2,R2_cut,14,0.139876,1.131478,0.851692
dinoL518,500,0.2,R2_cut,15,0.138972,1.131095,0.827466
dinoL518,500,0.2,R2_cut,16,0.141737,1.153137,0.844257
dinoL518,500,0.2,R2_cut,17,0.145111,1.173724,0.828933
dinoL518,500,0.2,R2_cut,18,0.138093,1.149441,0.909235
dinoL518,500,0.2,R2_cut,19,0.136603,1.096903,0.815579
dinoL518,500,0.2,R3_render,0,0.12645,1.033854,0.54164
dinoL518,500,0.2,R3_render,1,0.136217,1.15092,0.883012
dinoL518,500,0.2,R3_render,2,0.125523,1.012294,0.748423
dinoL518,500,0.2,R3_render,3,0.130432,1.052251,0.718464
dinoL518,500,0.2,R3_render,4,0.131066,1.030011,0.722927
dinoL518,500,0.2,R3_render,5,0.129344,1.094318,0.785621
dinoL518,500,0.2,R3_render,6,0.124718,0.941678,0.676202
dinoL518,500,0.2,R3_render,7,0.124536,0.963226,0.683252
dinoL518,500,0.2,R3_render,8,0.132522,1.043849,0.797242
dinoL518,500,0.2,R3_render,9,0.127336,1.005287,0.671942
dinoL518,500,0.2,R3_render,10,0.127517,0.994581,0.726221
dinoL518,500,0.2,R3_render,11,0.124461,1.046784,0.651528
dinoL518,500,0.2,R3_render,12,0.13053,1.05411,0.712167
dinoL518,500,0.2,R3_render,13,0.125513,0.998204,0.839719
dinoL518,500,0.2,R3_render,14,0.128065,1.004704,0.80851
dinoL518,500,0.2,R3_render,15,0.127329,1.033896,0.732801
dinoL518,500,0.2,R3_render,16,0.128024,0.989519,0.68262
dinoL518,500,0.2,R3_render,17,0.133507,1.068723,0.737203
dinoL518,500,0.2,R3_render,18,0.12573,1.042343,0.810953
dinoL518,500,0.2,R3_render,19,0.126727,0.994049,0.727587
dinoL518,500,0.5,R2_cut,0,0.132724,1.18835,0.860744
dinoL518,500,0.5,R2_cut,1,0.142466,1.344462,1.1284
dinoL518,500,0.5,R2_cut,2,0.13394,1.250871,1.112765
dinoL518,500,0.5,R2_cut,3,0.136458,1.265574,0.908513
dinoL518,500,0.5,R2_cut,4,0.133984,1.227487,0.961522
dinoL518,500,0.5,R2_cut,5,0.137662,1.301531,0.992289
dinoL518,500,0.5,R2_cut,6,0.129555,1.157304,0.774101
dinoL518,500,0.5,R2_cut,7,0.126109,1.125003,0.605231
dinoL518,500,0.5,R2_cut,8,0.138313,1.247386,1.106996
dinoL518,500,0.5,R2_cut,9,0.132797,1.2294,0.918458
dinoL518,500,0.5,R2_cut,10,0.135014,1.255531,0.947956
dinoL518,500,0.5,R2_cut,11,0.131325,1.246373,0.840428
dinoL518,500,0.5,R2_cut,12,0.137087,1.270534,0.995023
dinoL518,500,0.5,R2_cut,13,0.130654,1.212673,0.911715
dinoL518,500,0.5,R2_cut,14,0.134073,1.213665,0.80368
dinoL518,500,0.5,R2_cut,15,0.131502,1.20803,0.89596
dinoL518,500,0.5,R2_cut,16,0.133297,1.21959,0.883414
dinoL518,500,0.5,R2_cut,17,0.137321,1.225937,0.982603
dinoL518,500,0.5,R2_cut,18,0.131658,1.243349,1.148973
dinoL518,500,0.5,R2_cut,19,0.131703,1.200835,0.815727
dinoL518,500,0.5,R3_render,0,0.126476,1.093061,0.775062
dinoL518,500,0.5,R3_render,1,0.134452,1.202658,1.084875
dinoL518,500,0.5,R3_render,2,0.12505,1.118603,0.83992
dinoL518,500,0.5,R3_render,3,0.13007,1.150902,0.844885
dinoL518,500,0.5,R3_render,4,0.126793,1.12178,0.902611
dinoL518,500,0.5,R3_render,5,0.132069,1.181792,0.862229
dinoL518,500,0.5,R3_render,6,0.120557,1.051125,0.69233
dinoL518,500,0.5,R3_render,7,0.121615,1.050719,0.539796
dinoL518,500,0.5,R3_render,8,0.13282,1.173577,0.953927
dinoL518,500,0.5,R3_render,9,0.125579,1.109545,0.792306
dinoL518,500,0.5,R3_render,10,0.123756,1.106491,0.834159
dinoL518,500,0.5,R3_render,11,0.128128,1.131613,0.762013
dinoL518,500,0.5,R3_render,12,0.128202,1.136278,0.859323
dinoL518,500,0.5,R3_render,13,0.124031,1.111083,0.814286
dinoL518,500,0.5,R3_render,14,0.12707,1.106394,0.783109
dinoL518,500,0.5,R3_render,15,0.125805,1.124099,0.793727
dinoL518,500,0.5,R3_render,16,0.122896,1.075739,0.741165
dinoL518,500,0.5,R3_render,17,0.132032,1.159819,0.853563
dinoL518,500,0.5,R3_render,18,0.12562,1.134455,0.955708
dinoL518,500,0.5,R3_render,19,0.125537,1.105389,0.745366
dinoL518,500,1.0,R2_cut,0,0.106153,1.045112,0.640878
dinoL518,500,1.0,R2_cut,1,0.114192,1.176878,0.660462
dinoL518,500,1.0,R2_cut,2,0.108796,1.137042,0.755262
dinoL518,500,1.0,R2_cut,3,0.112883,1.165476,0.719242
dinoL518,500,1.0,R2_cut,4,0.108124,1.098899,0.691867
dinoL518,500,1.0,R2_cut,5,0.113457,1.215977,0.726296
dinoL518,500,1.0,R2_cut,6,0.107511,1.095696,0.632839
dinoL518,500,1.0,R2_cut,7,0.102617,1.032784,0.523548
dinoL518,500,1.0,R2_cut,8,0.112137,1.122476,0.908742
dinoL518,500,1.0,R2_cut,9,0.107302,1.106917,0.695333
dinoL518,500,1.0,R2_cut,10,0.111327,1.16083,0.677322
dinoL518,500,1.0,R2_cut,11,0.10521,1.115981,0.60047
dinoL518,500,1.0,R2_cut,12,0.111047,1.158837,0.742743
dinoL518,500,1.0,R2_cut,13,0.105422,1.098183,0.632758
dinoL518,500,1.0,R2_cut,14,0.110832,1.126324,0.642639
dinoL518,500,1.0,R2_cut,15,0.104969,1.075587,0.65868
dinoL518,500,1.0,R2_cut,16,0.108206,1.104488,0.615255
dinoL518,500,1.0,R2_cut,17,0.112471,1.119505,0.665889
dinoL518,500,1.0,R2_cut,18,0.106816,1.138942,0.848295
dinoL518,500,1.0,R2_cut,19,0.108414,1.115015,0.657041
dinoL518,500,1.0,R3_render,0,0.104361,0.997036,0.550869
dinoL518,500,1.0,R3_render,1,0.109906,1.066019,0.62374
dinoL518,500,1.0,R3_render,2,0.104261,1.040002,0.61749
dinoL518,500,1.0,R3_render,3,0.110416,1.089505,0.70502
dinoL518,500,1.0,R3_render,4,0.105494,1.03096,0.639148
dinoL518,500,1.0,R3_render,5,0.111768,1.111288,0.607525
dinoL518,500,1.0,R3_render,6,0.10268,1.016167,0.555427
dinoL518,500,1.0,R3_render,7,0.102028,0.987348,0.510586
dinoL518,500,1.0,R3_render,8,0.110941,1.082366,0.868843
dinoL518,500,1.0,R3_render,9,0.104771,1.032378,0.689732
dinoL518,500,1.0,R3_render,10,0.104226,1.049472,0.644517
dinoL518,500,1.0,R3_render,11,0.105491,1.019121,0.502702
dinoL518,500,1.0,R3_render,12,0.106662,1.058452,0.71936
dinoL518,500,1.0,R3_render,13,0.104828,1.056346,0.642469
dinoL518,500,1.0,R3_render,14,0.108074,1.054845,0.642863
dinoL518,500,1.0,R3_render,15,0.103499,1.032783,0.614907
dinoL518,500,1.0,R3_render,16,0.102904,1.007897,0.554991
dinoL518,500,1.0,R3_render,17,0.111351,1.097255,0.694972
dinoL518,500,1.0,R3_render,18,0.105333,1.060496,0.702548
dinoL518,500,1.0,R3_render,19,0.105471,1.039233,0.663752
dinoL518,500,2.0,R2_cut,0,0.091208,1.259668,0.518101
dinoL518,500,2.0,R2_cut,1,0.098,1.347028,0.790204
dinoL518,500,2.0,R2_cut,2,0.094533,1.36554,0.687408
dinoL518,500,2.0,R2_cut,3,0.096958,1.340488,0.747258
dinoL518,500,2.0,R2_cut,4,0.094563,1.326913,0.731081
dinoL518,500,2.0,R2_cut,5,0.099756,1.404019,0.721331
dinoL518,500,2.0,R2_cut,6,0.095781,1.41248,0.493848
dinoL518,500,2.0,R2_cut,7,0.088509,1.288808,0.335187
dinoL518,500,2.0,R2_cut,8,0.095713,1.334871,0.620306
dinoL518,500,2.0,R2_cut,9,0.093829,1.34603,0.576743
dinoL518,500,2.0,R2_cut,10,0.096007,1.409606,0.624295
dinoL518,500,2.0,R2_cut,11,0.090167,1.28754,0.559889
dinoL518,500,2.0,R2_cut,12,0.095336,1.381552,0.692106
dinoL518,500,2.0,R2_cut,13,0.092442,1.34412,0.470801
dinoL518,500,2.0,R2_cut,14,0.09718,1.346987,0.721483
dinoL518,500,2.0,R2_cut,15,0.092425,1.332625,0.645026
dinoL518,500,2.0,R2_cut,16,0.095009,1.299664,0.669135
dinoL518,500,2.0,R2_cut,17,0.096555,1.334596,0.60777
dinoL518,500,2.0,R2_cut,18,0.094155,1.441587,0.7315
dinoL518,500,2.0,R2_cut,19,0.094163,1.367593,0.617824
dinoL518,500,2.0,R3_render,0,0.089825,1.147235,0.409307
dinoL518,500,2.0,R3_render,1,0.093426,1.175865,0.748491
dinoL518,500,2.0,R3_render,2,0.090577,1.19032,0.556459
dinoL518,500,2.0,R3_render,3,0.09527,1.210061,0.72561
dinoL518,500,2.0,R3_render,4,0.092263,1.192049,0.626799
dinoL518,500,2.0,R3_render,5,0.09739,1.215272,0.518604
dinoL518,500,2.0,R3_render,6,0.091712,1.221181,0.432209
dinoL518,500,2.0,R3_render,7,0.088211,1.126077,0.263295
dinoL518,500,2.0,R3_render,8,0.095533,1.239509,0.635026
dinoL518,500,2.0,R3_render,9,0.09149,1.195983,0.57625
dinoL518,500,2.0,R3_render,10,0.08988,1.205302,0.587316
dinoL518,500,2.0,R3_render,11,0.089507,1.079839,0.435598
dinoL518,500,2.0,R3_render,12,0.092258,1.24234,0.674458
dinoL518,500,2.0,R3_render,13,0.092646,1.198467,0.508308
dinoL518,500,2.0,R3_render,14,0.094944,1.20594,0.633954
dinoL518,500,2.0,R3_render,15,0.091325,1.23637,0.638271
dinoL518,500,2.0,R3_render,16,0.092746,1.15273,0.56964
dinoL518,500,2.0,R3_render,17,0.095308,1.259042,0.56291
dinoL518,500,2.0,R3_render,18,0.093169,1.234713,0.652369
dinoL518,500,2.0,R3_render,19,0.091488,1.220403,0.60355
dinoL518,500,5.0,R2_cut,0,0.087929,1.306807,0.629711
dinoL518,500,5.0,R2_cut,1,0.093558,1.360961,0.79801
dinoL518,500,5.0,R2_cut,2,0.090801,1.388134,0.645586
dinoL518,500,5.0,R2_cut,3,0.092807,1.358828,0.697648
dinoL518,500,5.0,R2_cut,4,0.092372,1.373314,0.593801
dinoL518,500,5.0,R2_cut,5,0.097363,1.411026,0.797935
dinoL518,500,5.0,R2_cut,6,0.094453,1.506132,0.66938
dinoL518,500,5.0,R2_cut,7,0.08482,1.318933,0.427777
dinoL518,500,5.0,R2_cut,8,0.09195,1.430552,0.714007
dinoL518,500,5.0,R2_cut,9,0.091391,1.380169,0.56999
dinoL518,500,5.0,R2_cut,10,0.091711,1.455282,0.693601
dinoL518,500,5.0,R2_cut,11,0.086439,1.270062,0.490405
dinoL518,500,5.0,R2_cut,12,0.092396,1.430745,0.564876
dinoL518,500,5.0,R2_cut,13,0.089822,1.372738,0.514125
dinoL518,500,5.0,R2_cut,14,0.093833,1.397168,0.705952
dinoL518,500,5.0,R2_cut,15,0.089983,1.355442,0.516623
dinoL518,500,5.0,R2_cut,16,0.092444,1.314983,0.614229
dinoL518,500,5.0,R2_cut,17,0.092728,1.419961,0.599212
dinoL518,500,5.0,R2_cut,18,0.090741,1.448289,0.638715
dinoL518,500,5.0,R2_cut,19,0.091094,1.409497,0.712218
dinoL518,500,5.0,R3_render,0,0.087159,1.208149,0.577262
dinoL518,500,5.0,R3_render,1,0.089549,1.208471,0.713811
dinoL518,500,5.0,R3_render,2,0.087952,1.230154,0.453768
dinoL518,500,5.0,R3_render,3,0.091209,1.233073,0.712665
dinoL518,500,5.0,R3_render,4,0.089833,1.243075,0.493749
dinoL518,500,5.0,R3_render,5,0.094482,1.238043,0.657182
dinoL518,500,5.0,R3_render,6,0.090978,1.301906,0.562067
dinoL518,500,5.0,R3_render,7,0.084487,1.142322,0.410046
dinoL518,500,5.0,R3_render,8,0.092366,1.340531,0.750552
dinoL518,500,5.0,R3_render,9,0.089285,1.25051,0.606604
dinoL518,500,5.0,R3_render,10,0.086647,1.233748,0.685559
dinoL518,500,5.0,R3_render,11,0.086303,1.099851,0.389684
dinoL518,500,5.0,R3_render,12,0.089713,1.31131,0.599225
dinoL518,500,5.0,R3_render,13,0.089935,1.21402,0.453284
dinoL518,500,5.0,R3_render,14,0.091763,1.253179,0.704264
dinoL518,500,5.0,R3_render,15,0.088824,1.264108,0.493072
dinoL518,500,5.0,R3_render,16,0.091431,1.181559,0.616974
dinoL518,500,5.0,R3_render,17,0.090972,1.33798,0.606365
dinoL518,500,5.0,R3_render,18,0.089634,1.250386,0.560414
dinoL518,500,5.0,R3_render,19,0.088757,1.28231,0.64537
dinoL518,500,10.0,R2_cut,0,0.088736,1.300537,0.635763
dinoL518,500,10.0,R2_cut,1,0.094325,1.350868,0.63424
dinoL518,500,10.0,R2_cut,2,0.091015,1.364955,0.689223
dinoL518,500,10.0,R2_cut,3,0.092513,1.339723,0.732662
dinoL518,500,10.0,R2_cut,4,0.092862,1.345733,0.668739
dinoL518,500,10.0,R2_cut,5,0.097593,1.384351,0.74389
dinoL518,500,10.0,R2_cut,6,0.094484,1.486834,0.58293
dinoL518,500,10.0,R2_cut,7,0.08559,1.30262,0.462431
dinoL518,500,10.0,R2_cut,8,0.092597,1.421063,0.703383
dinoL518,500,10.0,R2_cut,9,0.091781,1.360975,0.531277
dinoL518,500,10.0,R2_cut,10,0.092105,1.448685,0.594257
dinoL518,500,10.0,R2_cut,11,0.087096,1.254729,0.606989
dinoL518,500,10.0,R2_cut,12,0.093041,1.413754,0.654728
dinoL518,500,10.0,R2_cut,13,0.090614,1.355155,0.417048
dinoL518,500,10.0,R2_cut,14,0.093957,1.374495,0.624115
dinoL518,500,10.0,R2_cut,15,0.091413,1.351658,0.576425
dinoL518,500,10.0,R2_cut,16,0.093147,1.295371,0.655262
dinoL518,500,10.0,R2_cut,17,0.09266,1.393294,0.522948
dinoL518,500,10.0,R2_cut,18,0.091174,1.423774,0.694927
dinoL518,500,10.0,R2_cut,19,0.091865,1.400888,0.555512
dinoL518,500,10.0,R3_render,0,0.088045,1.203522,0.595623
dinoL518,500,10.0,R3_render,1,0.090634,1.211161,0.596597
dinoL518,500,10.0,R3_render,2,0.088223,1.202915,0.462277
dinoL518,500,10.0,R3_render,3,0.091186,1.218598,0.766501
dinoL518,500,10.0,R3_render,4,0.090255,1.225707,0.517255
dinoL518,500,10.0,R3_render,5,0.095056,1.231791,0.652073
dinoL518,500,10.0,R3_render,6,0.091122,1.279004,0.501018
dinoL518,500,10.0,R3_render,7,0.085204,1.126121,0.316993
dinoL518,500,10.0,R3_render,8,0.092462,1.324191,0.724302
dinoL518,500,10.0,R3_render,9,0.089712,1.234109,0.574464
dinoL518,500,10.0,R3_render,10,0.087217,1.214616,0.530152
dinoL518,500,10.0,R3_render,11,0.087134,1.101969,0.48595
dinoL518,500,10.0,R3_render,12,0.090589,1.302182,0.646149
dinoL518,500,10.0,R3_render,13,0.090846,1.205915,0.398658
dinoL518,500,10.0,R3_render,14,0.091913,1.235818,0.5363
dinoL518,500,10.0,R3_render,15,0.090125,1.251868,0.478364
dinoL518,500,10.0,R3_render,16,0.092663,1.17546,0.656466
dinoL518,500,10.0,R3_render,17,0.091108,1.315677,0.439345
dinoL518,500,10.0,R3_render,18,0.090308,1.238939,0.596815
dinoL518,500,10.0,R3_render,19,0.089575,1.275479,0.475872
dinoL518,500,20.0,R2_cut,0,0.088297,1.28741,0.54762
dinoL518,500,20.0,R2_cut,1,0.094364,1.337177,0.788133
dinoL518,500,20.0,R2_cut,2,0.091046,1.34631,0.738476
dinoL518,500,20.0,R2_cut,3,0.092343,1.32891,0.670731
dinoL518,500,20.0,R2_cut,4,0.092959,1.331633,0.632048
dinoL518,500,20.0,R2_cut,5,0.097635,1.370402,0.780438
dinoL518,500,20.0,R2_cut,6,0.094392,1.466371,0.60447
dinoL518,500,20.0,R2_cut,7,0.085562,1.282767,0.43858
dinoL518,500,20.0,R2_cut,8,0.092238,1.406529,0.689067
dinoL518,500,20.0,R2_cut,9,0.091858,1.338215,0.545188
dinoL518,500,20.0,R2_cut,10,0.09176,1.437803,0.589517
dinoL518,500,20.0,R2_cut,11,0.086916,1.242968,0.529524
dinoL518,500,20.0,R2_cut,12,0.092847,1.393358,0.684035
dinoL518,500,20.0,R2_cut,13,0.090548,1.335252,0.437846
dinoL518,500,20.0,R2_cut,14,0.093739,1.357608,0.715218
dinoL518,500,20.0,R2_cut,15,0.0915,1.33234,0.692884
dinoL518,500,20.0,R2_cut,16,0.093168,1.27857,0.574406
dinoL518,500,20.0,R2_cut,17,0.092736,1.385016,0.522325
dinoL518,500,20.0,R2_cut,18,0.091087,1.401752,0.621229
dinoL518,500,20.0,R2_cut,19,0.091759,1.381232,0.562993
dinoL518,500,20.0,R3_render,0,0.08791,1.198431,0.4995
dinoL518,500,20.0,R3_render,1,0.090569,1.200819,0.654002
dinoL518,500,20.0,R3_render,2,0.088418,1.195573,0.575478
dinoL518,500,20.0,R3_render,3,0.091008,1.210385,0.614185
dinoL518,500,20.0,R3_render,4,0.090201,1.217623,0.578278
dinoL518,500,20.0,R3_render,5,0.094735,1.219389,0.663379
dinoL518,500,20.0,R3_render,6,0.091229,1.27247,0.581133
dinoL518,500,20.0,R3_render,7,0.084959,1.112874,0.220958
dinoL518,500,20.0,R3_render,8,0.092094,1.314977,0.696308
dinoL518,500,20.0,R3_render,9,0.089648,1.224264,0.587118
dinoL518,500,20.0,R3_render,10,0.086765,1.20461,0.493453
dinoL518,500,20.0,R3_render,11,0.086985,1.09663,0.40263
dinoL518,500,20.0,R3_render,12,0.090361,1.286884,0.73366
dinoL518,500,20.0,R3_render,13,0.090812,1.196119,0.399604
dinoL518,500,20.0,R3_render,14,0.09159,1.225685,0.603104
dinoL518,500,20.0,R3_render,15,0.090092,1.239881,0.654141
dinoL518,500,20.0,R3_render,16,0.092524,1.167473,0.567233
dinoL518,500,20.0,R3_render,17,0.091028,1.310235,0.513186
dinoL518,500,20.0,R3_render,18,0.090138,1.226271,0.555266
dinoL518,500,20.0,R3_render,19,0.089438,1.267478,0.488416
dinoL518,500,40.0,R2_cut,0,0.087845,1.266778,0.505015
dinoL518,500,40.0,R2_cut,1,0.093556,1.318694,0.659619
dinoL518,500,40.0,R2_cut,2,0.090869,1.335991,0.676428
dinoL518,500,40.0,R2_cut,3,0.091554,1.3105,0.651804
dinoL518,500,40.0,R2_cut,4,0.093021,1.322448,0.613574
dinoL518,500,40.0,R2_cut,5,0.097242,1.358389,0.710976
dinoL518,500,40.0,R2_cut,6,0.094228,1.445823,0.567855
dinoL518,500,40.0,R2_cut,7,0.085442,1.267737,0.481325
dinoL518,500,40.0,R2_cut,8,0.091624,1.39147,0.725372
dinoL518,500,40.0,R2_cut,9,0.091362,1.324081,0.647424
dinoL518,500,40.0,R2_cut,10,0.091737,1.421815,0.677804
dinoL518,500,40.0,R2_cut,11,0.086209,1.224417,0.437432
dinoL518,500,40.0,R2_cut,12,0.092607,1.386508,0.603303
dinoL518,500,40.0,R2_cut,13,0.09037,1.322732,0.462199
dinoL518,500,40.0,R2_cut,14,0.093422,1.34322,0.615197
dinoL518,500,40.0,R2_cut,15,0.090878,1.311064,0.525142
dinoL518,500,40.0,R2_cut,16,0.093237,1.268513,0.529965
dinoL518,500,40.0,R2_cut,17,0.091961,1.361684,0.643323
dinoL518,500,40.0,R2_cut,18,0.090951,1.388432,0.661649
dinoL518,500,40.0,R2_cut,19,0.09116,1.354399,0.625504
dinoL518,500,40.0,R3_render,0,0.087104,1.185383,0.504966
dinoL518,500,40.0,R3_render,1,0.089622,1.190807,0.570406
dinoL518,500,40.0,R3_render,2,0.088029,1.19255,0.470513
dinoL518,500,40.0,R3_render,3,0.09024,1.199608,0.664086
dinoL518,500,40.0,R3_render,4,0.090173,1.211505,0.487871
dinoL518,500,40.0,R3_render,5,0.09407,1.213396,0.647733
dinoL518,500,40.0,R3_render,6,0.091137,1.25699,0.543383
dinoL518,500,40.0,R3_render,7,0.084741,1.105335,0.2991
dinoL518,500,40.0,R3_render,8,0.091714,1.307158,0.684875
dinoL518,500,40.0,R3_render,9,0.089212,1.211567,0.619176
dinoL518,500,40.0,R3_render,10,0.086777,1.195677,0.596285
dinoL518,500,40.0,R3_render,11,0.086304,1.090668,0.3677
dinoL518,500,40.0,R3_render,12,0.090072,1.281345,0.566817
dinoL518,500,40.0,R3_render,13,0.090491,1.1883,0.40299
dinoL518,500,40.0,R3_render,14,0.091483,1.22042,0.576058
dinoL518,500,40.0,R3_render,15,0.089431,1.227302,0.462716
dinoL518,500,40.0,R3_render,16,0.092681,1.158195,0.544237
dinoL518,500,40.0,R3_render,17,0.0901,1.291649,0.620818
dinoL518,500,40.0,R3_render,18,0.089955,1.224284,0.595798
dinoL518,500,40.0,R3_render,19,0.088996,1.249597,0.635176
dinoL518,1000,0.02,R2_cut,0,0.099092,0.925063,0.62427
dinoL518,1000,0.02,R2_cut,1,0.098757,0.942758,0.831551
dinoL518,1000,0.02,R2_cut,2,0.104555,0.998841,0.841345
dinoL518,1000,0.02,R2_cut,3,0.097478,0.919405,0.749759
dinoL518,1000,0.02,R2_cut,4,0.10564,0.996225,0.922991
dinoL518,1000,0.02,R2_cut,5,0.104347,0.984248,0.785818
dinoL518,1000,0.02,R2_cut,6,0.101327,0.953031,0.745864
dinoL518,1000,0.02,R2_cut,7,0.105349,1.01599,0.749449
dinoL518,1000,0.02,R2_cut,8,0.102853,0.986177,0.89162
dinoL518,1000,0.02,R2_cut,9,0.09867,0.94039,0.710807
dinoL518,1000,0.02,R2_cut,10,0.103152,0.965089,0.788752
dinoL518,1000,0.02,R2_cut,11,0.096878,0.915019,0.697293
dinoL518,1000,0.02,R2_cut,12,0.102166,0.954436,0.730066
dinoL518,1000,0.02,R2_cut,13,0.103152,0.981121,0.783835
dinoL518,1000,0.02,R2_cut,14,0.102168,0.991506,0.815028
dinoL518,1000,0.02,R2_cut,15,0.101391,0.957731,0.725784
dinoL518,1000,0.02,R2_cut,16,0.100687,0.960652,0.703293
dinoL518,1000,0.02,R2_cut,17,0.096647,0.926282,0.591456
dinoL518,1000,0.02,R2_cut,18,0.104565,0.998192,0.742831
dinoL518,1000,0.02,R2_cut,19,0.09818,0.943349,0.746099
dinoL518,1000,0.02,R3_render,0,0.095068,0.785835,0.556468
dinoL518,1000,0.02,R3_render,1,0.0927,0.775033,0.700672
dinoL518,1000,0.02,R3_render,2,0.099691,0.816805,0.684904
dinoL518,1000,0.02,R3_render,3,0.092877,0.739264,0.567017
dinoL518,1000,0.02,R3_render,4,0.101973,0.82278,0.783798
dinoL518,1000,0.02,R3_render,5,0.098172,0.822955,0.64706
dinoL518,1000,0.02,R3_render,6,0.097753,0.799914,0.662444
dinoL518,1000,0.02,R3_render,7,0.101804,0.850991,0.596631
dinoL518,1000,0.02,R3_render,8,0.097893,0.79567,0.674326
dinoL518,1000,0.02,R3_render,9,0.093727,0.763101,0.561654
dinoL518,1000,0.02,R3_render,10,0.099463,0.791647,0.623163
dinoL518,1000,0.02,R3_render,11,0.092083,0.750022,0.610345
dinoL518,1000,0.02,R3_render,12,0.097406,0.789748,0.590528
dinoL518,1000,0.02,R3_render,13,0.095889,0.799236,0.620472
dinoL518,1000,0.02,R3_render,14,0.096385,0.820438,0.673924
dinoL518,1000,0.02,R3_render,15,0.096469,0.780322,0.625324
dinoL518,1000,0.02,R3_render,16,0.095508,0.786736,0.612326
dinoL518,1000,0.02,R3_render,17,0.091364,0.742613,0.452288
dinoL518,1000,0.02,R3_render,18,0.0995,0.829922,0.598867
dinoL518,1000,0.02,R3_render,19,0.093351,0.774343,0.593587
dinoL518,1000,0.05,R2_cut,0,0.099003,0.923211,0.599808
dinoL518,1000,0.05,R2_cut,1,0.098654,0.940498,0.796894
dinoL518,1000,0.05,R2_cut,2,0.104422,0.995987,0.864894
dinoL518,1000,0.05,R2_cut,3,0.097376,0.917201,0.736502
dinoL518,1000,0.05,R2_cut,4,0.105485,0.992875,0.934478
dinoL518,1000,0.05,R2_cut,5,0.104233,0.981975,0.809593
dinoL518,1000,0.05,R2_cut,6,0.101253,0.951519,0.799767
dinoL518,1000,0.05,R2_cut,7,0.105276,1.014387,0.82482
dinoL518,1000,0.05,R2_cut,8,0.102772,0.984498,0.819901
dinoL518,1000,0.05,R2_cut,9,0.098539,0.937559,0.748344
dinoL518,1000,0.05,R2_cut,10,0.103019,0.962204,0.790012
dinoL518,1000,0.05,R2_cut,11,0.096771,0.912827,0.678079
dinoL518,1000,0.05,R2_cut,12,0.102057,0.952203,0.781111
dinoL518,1000,0.05,R2_cut,13,0.102984,0.977525,0.778963
dinoL518,1000,0.05,R2_cut,14,0.102111,0.990257,0.736027
dinoL518,1000,0.05,R2_cut,15,0.101278,0.95541,0.72449
dinoL518,1000,0.05,R2_cut,16,0.100582,0.958413,0.750648
dinoL518,1000,0.05,R2_cut,17,0.096556,0.9243,0.639981
dinoL518,1000,0.05,R2_cut,18,0.104484,0.996409,0.799906
dinoL518,1000,0.05,R2_cut,19,0.098074,0.940986,0.749928
dinoL518,1000,0.05,R3_render,0,0.094933,0.785743,0.519657
dinoL518,1000,0.05,R3_render,1,0.092536,0.774367,0.67834
dinoL518,1000,0.05,R3_render,2,0.099462,0.8153,0.668725
dinoL518,1000,0.05,R3_render,3,0.092717,0.739022,0.565042
dinoL518,1000,0.05,R3_render,4,0.101761,0.821368,0.849147
dinoL518,1000,0.05,R3_render,5,0.09797,0.821588,0.694794
dinoL518,1000,0.05,R3_render,6,0.097571,0.79909,0.729399
dinoL518,1000,0.05,R3_render,7,0.101658,0.850867,0.704056
dinoL518,1000,0.05,R3_render,8,0.097697,0.794997,0.620128
dinoL518,1000,0.05,R3_render,9,0.093518,0.761857,0.571065
dinoL518,1000,0.05,R3_render,10,0.09922,0.789908,0.600757
dinoL518,1000,0.05,R3_render,11,0.091892,0.749347,0.559065
dinoL518,1000,0.05,R3_render,12,0.097246,0.789498,0.648042
dinoL518,1000,0.05,R3_render,13,0.095664,0.797654,0.609603
dinoL518,1000,0.05,R3_render,14,0.096262,0.820672,0.580198
dinoL518,1000,0.05,R3_render,15,0.096305,0.779954,0.609123
dinoL518,1000,0.05,R3_render,16,0.095309,0.785627,0.620941
dinoL518,1000,0.05,R3_render,17,0.09117,0.741841,0.515243
dinoL518,1000,0.05,R3_render,18,0.09935,0.829551,0.673599
dinoL518,1000,0.05,R3_render,19,0.093177,0.773636,0.608829
dinoL518,1000,0.1,R2_cut,0,0.0953,0.906388,0.578569
dinoL518,1000,0.1,R2_cut,1,0.095025,0.925258,0.72926
dinoL518,1000,0.1,R2_cut,2,0.100063,0.968241,0.796718
dinoL518,1000,0.1,R2_cut,3,0.093648,0.90064,0.675857
dinoL518,1000,0.1,R2_cut,4,0.101164,0.962706,0.880602
dinoL518,1000,0.1,R2_cut,5,0.100702,0.964447,0.767845
dinoL518,1000,0.1,R2_cut,6,0.097762,0.934931,0.821165
dinoL518,1000,0.1,R2_cut,7,0.101648,0.999909,0.808165
dinoL518,1000,0.1,R2_cut,8,0.098946,0.965453,0.82455
dinoL518,1000,0.1,R2_cut,9,0.095038,0.924527,0.710441
dinoL518,1000,0.1,R2_cut,10,0.098926,0.939073,0.749547
dinoL518,1000,0.1,R2_cut,11,0.09289,0.893962,0.69936
dinoL518,1000,0.1,R2_cut,12,0.097969,0.929445,0.721317
dinoL518,1000,0.1,R2_cut,13,0.098722,0.949455,0.705003
dinoL518,1000,0.1,R2_cut,14,0.098862,0.98007,0.810173
dinoL518,1000,0.1,R2_cut,15,0.097315,0.933018,0.7523
dinoL518,1000,0.1,R2_cut,16,0.097029,0.942803,0.794152
dinoL518,1000,0.1,R2_cut,17,0.093082,0.911551,0.650938
dinoL518,1000,0.1,R2_cut,18,0.10093,0.978755,0.773701
dinoL518,1000,0.1,R2_cut,19,0.094541,0.926704,0.678239
dinoL518,1000,0.1,R3_render,0,0.090384,0.78317,0.52207
dinoL518,1000,0.1,R3_render,1,0.08793,0.772558,0.649842
dinoL518,1000,0.1,R3_render,2,0.09393,0.799676,0.633962
dinoL518,1000,0.1,R3_render,3,0.087698,0.731214,0.547799
dinoL518,1000,0.1,R3_render,4,0.096135,0.800552,0.766061
dinoL518,1000,0.1,R3_render,5,0.093247,0.815073,0.671184
dinoL518,1000,0.1,R3_render,6,0.09249,0.787519,0.669942
dinoL518,1000,0.1,R3_render,7,0.096633,0.843935,0.654183
dinoL518,1000,0.1,R3_render,8,0.092244,0.783291,0.645807
dinoL518,1000,0.1,R3_render,9,0.088689,0.756401,0.556879
dinoL518,1000,0.1,R3_render,10,0.093731,0.774632,0.605064
dinoL518,1000,0.1,R3_render,11,0.086823,0.741907,0.629306
dinoL518,1000,0.1,R3_render,12,0.091906,0.778053,0.59742
dinoL518,1000,0.1,R3_render,13,0.090721,0.790086,0.561468
dinoL518,1000,0.1,R3_render,14,0.091847,0.823252,0.666523
dinoL518,1000,0.1,R3_render,15,0.090926,0.764437,0.613428
dinoL518,1000,0.1,R3_render,16,0.090236,0.776384,0.687411
dinoL518,1000,0.1,R3_render,17,0.0863,0.737609,0.495572
dinoL518,1000,0.1,R3_render,18,0.094651,0.824765,0.647756
dinoL518,1000,0.1,R3_render,19,0.088352,0.768229,0.539538
dinoL518,1000,0.2,R2_cut,0,0.091289,0.972577,0.628043
dinoL518,1000,0.2,R2_cut,1,0.090748,0.993989,0.805781
dinoL518,1000,0.2,R2_cut,2,0.094257,1.013523,0.887513
dinoL518,1000,0.2,R2_cut,3,0.090379,0.986292,0.706495
dinoL518,1000,0.2,R2_cut,4,0.09531,1.006676,0.920074
dinoL518,1000,0.2,R2_cut,5,0.096976,1.023394,0.873379
dinoL518,1000,0.2,R2_cut,6,0.093854,0.993444,0.842808
dinoL518,1000,0.2,R2_cut,7,0.097138,1.070182,0.777458
dinoL518,1000,0.2,R2_cut,8,0.093939,1.025511,0.844578
dinoL518,1000,0.2,R2_cut,9,0.090733,0.989707,0.746129
dinoL518,1000,0.2,R2_cut,10,0.09375,0.993188,0.797249
dinoL518,1000,0.2,R2_cut,11,0.088348,0.961795,0.729897
dinoL518,1000,0.2,R2_cut,12,0.092543,0.980811,0.787632
dinoL518,1000,0.2,R2_cut,13,0.093961,1.005634,0.716859
dinoL518,1000,0.2,R2_cut,14,0.095728,1.061551,0.790816
dinoL518,1000,0.2,R2_cut,15,0.092518,0.987836,0.823302
dinoL518,1000,0.2,R2_cut,16,0.093056,1.010052,0.778758
dinoL518,1000,0.2,R2_cut,17,0.089612,0.991158,0.613208
dinoL518,1000,0.2,R2_cut,18,0.097169,1.049366,0.716939
dinoL518,1000,0.2,R2_cut,19,0.090651,0.99813,0.756361
dinoL518,1000,0.2,R3_render,0,0.084828,0.888302,0.573404
dinoL518,1000,0.2,R3_render,1,0.082599,0.890825,0.688356
dinoL518,1000,0.2,R3_render,2,0.08509,0.885553,0.747941
dinoL518,1000,0.2,R3_render,3,0.08186,0.858273,0.598518
dinoL518,1000,0.2,R3_render,4,0.087697,0.887824,0.785499
dinoL518,1000,0.2,R3_render,5,0.087679,0.920313,0.728476
dinoL518,1000,0.2,R3_render,6,0.08582,0.88711,0.742684
dinoL518,1000,0.2,R3_render,7,0.089465,0.959221,0.679533
dinoL518,1000,0.2,R3_render,8,0.083689,0.889632,0.624984
dinoL518,1000,0.2,R3_render,9,0.08239,0.864383,0.581527
dinoL518,1000,0.2,R3_render,10,0.08558,0.873556,0.694015
dinoL518,1000,0.2,R3_render,11,0.080051,0.852851,0.611132
dinoL518,1000,0.2,R3_render,12,0.084944,0.895972,0.709083
dinoL518,1000,0.2,R3_render,13,0.084686,0.906043,0.602221
dinoL518,1000,0.2,R3_render,14,0.086862,0.952196,0.672068
dinoL518,1000,0.2,R3_render,15,0.083827,0.857746,0.657099
dinoL518,1000,0.2,R3_render,16,0.083614,0.88883,0.676835
dinoL518,1000,0.2,R3_render,17,0.080009,0.856499,0.488063
dinoL518,1000,0.2,R3_render,18,0.089131,0.945131,0.560961
dinoL518,1000,0.2,R3_render,19,0.082535,0.884695,0.671837
dinoL518,1000,0.5,R2_cut,0,0.089183,1.037488,0.658463
dinoL518,1000,0.5,R2_cut,1,0.089136,1.056476,0.774277
dinoL518,1000,0.5,R2_cut,2,0.090074,1.05677,0.826866
dinoL518,1000,0.5,R2_cut,3,0.089282,1.062637,0.748363
dinoL518,1000,0.5,R2_cut,4,0.092059,1.075824,0.888545
dinoL518,1000,0.5,R2_cut,5,0.096207,1.090987,0.847545
dinoL518,1000,0.5,R2_cut,6,0.092661,1.056068,0.857354
dinoL518,1000,0.5,R2_cut,7,0.094677,1.145958,0.796075
dinoL518,1000,0.5,R2_cut,8,0.091786,1.092099,0.904541
dinoL518,1000,0.5,R2_cut,9,0.089589,1.047656,0.835902
dinoL518,1000,0.5,R2_cut,10,0.091301,1.064276,0.842853
dinoL518,1000,0.5,R2_cut,11,0.086838,1.026671,0.750727
dinoL518,1000,0.5,R2_cut,12,0.088284,1.020825,0.767424
dinoL518,1000,0.5,R2_cut,13,0.092188,1.065178,0.843174
dinoL518,1000,0.5,R2_cut,14,0.09437,1.117351,0.817828
dinoL518,1000,0.5,R2_cut,15,0.091404,1.059584,0.766724
dinoL518,1000,0.5,R2_cut,16,0.091441,1.075352,0.792153
dinoL518,1000,0.5,R2_cut,17,0.08901,1.067801,0.682939
dinoL518,1000,0.5,R2_cut,18,0.09482,1.112949,0.847519
dinoL518,1000,0.5,R2_cut,19,0.090138,1.070017,0.69584
dinoL518,1000,0.5,R3_render,0,0.086458,0.872268,0.552935
dinoL518,1000,0.5,R3_render,1,0.085472,0.870039,0.653182
dinoL518,1000,0.5,R3_render,2,0.083693,0.896266,0.688013
dinoL518,1000,0.5,R3_render,3,0.083526,0.881788,0.639041
dinoL518,1000,0.5,R3_render,4,0.087105,0.938957,0.757894
dinoL518,1000,0.5,R3_render,5,0.08959,0.912327,0.666503
dinoL518,1000,0.5,R3_render,6,0.087018,0.899213,0.66028
dinoL518,1000,0.5,R3_render,7,0.089445,0.972479,0.642521
dinoL518,1000,0.5,R3_render,8,0.083874,0.913597,0.712164
dinoL518,1000,0.5,R3_render,9,0.084797,0.86747,0.551354
dinoL518,1000,0.5,R3_render,10,0.085292,0.927349,0.726501
dinoL518,1000,0.5,R3_render,11,0.081866,0.836043,0.553984
dinoL518,1000,0.5,R3_render,12,0.083892,0.891126,0.688577
dinoL518,1000,0.5,R3_render,13,0.0862,0.895998,0.710216
dinoL518,1000,0.5,R3_render,14,0.089053,0.921479,0.644764
dinoL518,1000,0.5,R3_render,15,0.085907,0.878466,0.658036
dinoL518,1000,0.5,R3_render,16,0.085342,0.906169,0.71747
dinoL518,1000,0.5,R3_render,17,0.081706,0.847346,0.531972
dinoL518,1000,0.5,R3_render,18,0.089701,0.939199,0.75513
dinoL518,1000,0.5,R3_render,19,0.0853,0.876318,0.559862
dinoL518,1000,1.0,R2_cut,0,0.078495,0.955764,0.593463
dinoL518,1000,1.0,R2_cut,1,0.076599,0.936263,0.558
dinoL518,1000,1.0,R2_cut,2,0.076777,0.920478,0.608333
dinoL518,1000,1.0,R2_cut,3,0.077753,0.953303,0.622429
dinoL518,1000,1.0,R2_cut,4,0.081988,0.976064,0.61856
dinoL518,1000,1.0,R2_cut,5,0.083564,0.970489,0.747644
dinoL518,1000,1.0,R2_cut,6,0.082436,0.970819,0.696011
dinoL518,1000,1.0,R2_cut,7,0.083198,1.031332,0.574216
dinoL518,1000,1.0,R2_cut,8,0.078485,0.941074,0.620162
dinoL518,1000,1.0,R2_cut,9,0.077801,0.955042,0.745375
dinoL518,1000,1.0,R2_cut,10,0.079559,0.964595,0.666658
dinoL518,1000,1.0,R2_cut,11,0.075656,0.929543,0.607123
dinoL518,1000,1.0,R2_cut,12,0.075359,0.893503,0.578931
dinoL518,1000,1.0,R2_cut,13,0.080302,0.955519,0.636233
dinoL518,1000,1.0,R2_cut,14,0.082496,0.992229,0.754653
dinoL518,1000,1.0,R2_cut,15,0.081085,0.993066,0.640165
dinoL518,1000,1.0,R2_cut,16,0.080062,0.971881,0.625121
dinoL518,1000,1.0,R2_cut,17,0.077688,0.978081,0.602761
dinoL518,1000,1.0,R2_cut,18,0.083379,1.010902,0.66606
dinoL518,1000,1.0,R2_cut,19,0.078759,0.972841,0.674387
dinoL518,1000,1.0,R3_render,0,0.077921,0.823989,0.571106
dinoL518,1000,1.0,R3_render,1,0.07626,0.808979,0.545808
dinoL518,1000,1.0,R3_render,2,0.072894,0.803359,0.52406
dinoL518,1000,1.0,R3_render,3,0.07437,0.817861,0.537714
dinoL518,1000,1.0,R3_render,4,0.079931,0.890423,0.542292
dinoL518,1000,1.0,R3_render,5,0.078999,0.836331,0.58827
dinoL518,1000,1.0,R3_render,6,0.078897,0.851488,0.54866
dinoL518,1000,1.0,R3_render,7,0.080783,0.905542,0.510725
dinoL518,1000,1.0,R3_render,8,0.0742,0.831464,0.522761
dinoL518,1000,1.0,R3_render,9,0.07479,0.812156,0.466716
dinoL518,1000,1.0,R3_render,10,0.075757,0.861896,0.572184
dinoL518,1000,1.0,R3_render,11,0.073381,0.783718,0.434363
dinoL518,1000,1.0,R3_render,12,0.073627,0.812169,0.514197
dinoL518,1000,1.0,R3_render,13,0.076741,0.829927,0.599209
dinoL518,1000,1.0,R3_render,14,0.080424,0.861905,0.569231
dinoL518,1000,1.0,R3_render,15,0.078181,0.848116,0.492458
dinoL518,1000,1.0,R3_render,16,0.076446,0.853036,0.539515
dinoL518,1000,1.0,R3_render,17,0.072745,0.794155,0.447295
dinoL518,1000,1.0,R3_render,18,0.080997,0.88405,0.634121
dinoL518,1000,1.0,R3_render,19,0.076741,0.825083,0.60294
dinoL518,1000,2.0,R2_cut,0,0.071868,1.017787,0.488465
dinoL518,1000,2.0,R2_cut,1,0.068052,0.970479,0.486318
dinoL518,1000,2.0,R2_cut,2,0.069624,0.939454,0.452441
dinoL518,1000,2.0,R2_cut,3,0.069959,1.003239,0.523138
dinoL518,1000,2.0,R2_cut,4,0.074492,0.987369,0.643422
dinoL518,1000,2.0,R2_cut,5,0.076083,1.008298,0.672737
dinoL518,1000,2.0,R2_cut,6,0.075657,1.027074,0.708922
dinoL518,1000,2.0,R2_cut,7,0.076806,1.074345,0.506637
dinoL518,1000,2.0,R2_cut,8,0.070231,0.957752,0.574392
dinoL518,1000,2.0,R2_cut,9,0.069414,1.005139,0.495297
dinoL518,1000,2.0,R2_cut,10,0.071796,1.005112,0.550785
dinoL518,1000,2.0,R2_cut,11,0.069767,0.990554,0.497819
dinoL518,1000,2.0,R2_cut,12,0.06925,0.93833,0.489599
dinoL518,1000,2.0,R2_cut,13,0.073479,0.993348,0.545607
dinoL518,1000,2.0,R2_cut,14,0.074333,1.004286,0.629772
dinoL518,1000,2.0,R2_cut,15,0.072859,1.022027,0.580984
dinoL518,1000,2.0,R2_cut,16,0.072899,0.999924,0.534339
dinoL518,1000,2.0,R2_cut,17,0.071619,1.042929,0.403767
dinoL518,1000,2.0,R2_cut,18,0.075852,1.040697,0.636844
dinoL518,1000,2.0,R2_cut,19,0.070952,1.026859,0.576728
dinoL518,1000,2.0,R3_render,0,0.070911,0.881234,0.515444
dinoL518,1000,2.0,R3_render,1,0.068477,0.850157,0.404193
dinoL518,1000,2.0,R3_render,2,0.066958,0.83549,0.398851
dinoL518,1000,2.0,R3_render,3,0.067581,0.864379,0.431602
dinoL518,1000,2.0,R3_render,4,0.073781,0.908574,0.606487
dinoL518,1000,2.0,R3_render,5,0.072348,0.903015,0.5776
dinoL518,1000,2.0,R3_render,6,0.073178,0.916128,0.649943
dinoL518,1000,2.0,R3_render,7,0.075499,0.951774,0.479543
dinoL518,1000,2.0,R3_render,8,0.068421,0.875562,0.498633
dinoL518,1000,2.0,R3_render,9,0.066624,0.87291,0.390695
dinoL518,1000,2.0,R3_render,10,0.069194,0.893522,0.478183
dinoL518,1000,2.0,R3_render,11,0.068228,0.856103,0.401305
dinoL518,1000,2.0,R3_render,12,0.068285,0.867547,0.51125
dinoL518,1000,2.0,R3_render,13,0.070882,0.895077,0.48051
dinoL518,1000,2.0,R3_render,14,0.073088,0.898166,0.582869
dinoL518,1000,2.0,R3_render,15,0.071095,0.893294,0.511979
dinoL518,1000,2.0,R3_render,16,0.070646,0.905177,0.485139
dinoL518,1000,2.0,R3_render,17,0.06803,0.877413,0.346679
dinoL518,1000,2.0,R3_render,18,0.074166,0.920833,0.616323
dinoL518,1000,2.0,R3_render,19,0.06935,0.873116,0.525198
dinoL518,1000,5.0,R2_cut,0,0.070448,1.024438,0.511645
dinoL518,1000,5.0,R2_cut,1,0.066827,0.977288,0.502894
dinoL518,1000,5.0,R2_cut,2,0.069372,0.943436,0.473609
dinoL518,1000,5.0,R2_cut,3,0.068846,1.009992,0.452223
dinoL518,1000,5.0,R2_cut,4,0.072813,0.98655,0.64032
dinoL518,1000,5.0,R2_cut,5,0.074315,1.018085,0.604624
dinoL518,1000,5.0,R2_cut,6,0.073884,1.034197,0.647837
dinoL518,1000,5.0,R2_cut,7,0.076205,1.069279,0.678991
dinoL518,1000,5.0,R2_cut,8,0.069372,0.962411,0.450537
dinoL518,1000,5.0,R2_cut,9,0.068317,1.022681,0.512738
dinoL518,1000,5.0,R2_cut,10,0.070101,1.009644,0.49118
dinoL518,1000,5.0,R2_cut,11,0.069334,0.976274,0.464038
dinoL518,1000,5.0,R2_cut,12,0.068491,0.929532,0.367202
dinoL518,1000,5.0,R2_cut,13,0.073022,1.002666,0.560885
dinoL518,1000,5.0,R2_cut,14,0.073914,1.008663,0.653549
dinoL518,1000,5.0,R2_cut,15,0.071856,1.037294,0.599569
dinoL518,1000,5.0,R2_cut,16,0.072627,1.007326,0.537363
dinoL518,1000,5.0,R2_cut,17,0.07126,1.048304,0.544164
dinoL518,1000,5.0,R2_cut,18,0.074677,1.041146,0.603148
dinoL518,1000,5.0,R2_cut,19,0.069774,1.037439,0.542542
dinoL518,1000,5.0,R3_render,0,0.069973,0.909074,0.448007
dinoL518,1000,5.0,R3_render,1,0.067843,0.880995,0.494471
dinoL518,1000,5.0,R3_render,2,0.067346,0.855857,0.452584
dinoL518,1000,5.0,R3_render,3,0.067423,0.88968,0.448646
dinoL518,1000,5.0,R3_render,4,0.073205,0.916899,0.652408
dinoL518,1000,5.0,R3_render,5,0.071655,0.934374,0.496168
dinoL518,1000,5.0,R3_render,6,0.072524,0.944658,0.618961
dinoL518,1000,5.0,R3_render,7,0.075937,0.969032,0.62399
dinoL518,1000,5.0,R3_render,8,0.068982,0.89695,0.47154
dinoL518,1000,5.0,R3_render,9,0.06628,0.922906,0.385952
dinoL518,1000,5.0,R3_render,10,0.068853,0.90204,0.497785
dinoL518,1000,5.0,R3_render,11,0.068238,0.8741,0.350357
dinoL518,1000,5.0,R3_render,12,0.068656,0.885021,0.447261
dinoL518,1000,5.0,R3_render,13,0.071308,0.929444,0.525094
dinoL518,1000,5.0,R3_render,14,0.073531,0.935184,0.559053
dinoL518,1000,5.0,R3_render,15,0.070759,0.922517,0.486963
dinoL518,1000,5.0,R3_render,16,0.071218,0.935518,0.543873
dinoL518,1000,5.0,R3_render,17,0.068613,0.908011,0.444116
dinoL518,1000,5.0,R3_render,18,0.073659,0.943771,0.623395
dinoL518,1000,5.0,R3_render,19,0.068831,0.900445,0.509476
dinoL518,1000,10.0,R2_cut,0,0.070707,1.004889,0.495844
dinoL518,1000,10.0,R2_cut,1,0.066875,0.955559,0.479521
dinoL518,1000,10.0,R2_cut,2,0.069979,0.935446,0.446341
dinoL518,1000,10.0,R2_cut,3,0.069306,0.988792,0.418712
dinoL518,1000,10.0,R2_cut,4,0.073475,0.975858,0.519895
dinoL518,1000,10.0,R2_cut,5,0.074152,1.006365,0.578572
dinoL518,1000,10.0,R2_cut,6,0.074299,1.020523,0.665722
dinoL518,1000,10.0,R2_cut,7,0.076529,1.045468,0.665493
dinoL518,1000,10.0,R2_cut,8,0.069762,0.941809,0.430604
dinoL518,1000,10.0,R2_cut,9,0.068436,0.998019,0.485795
dinoL518,1000,10.0,R2_cut,10,0.070144,0.988595,0.395387
dinoL518,1000,10.0,R2_cut,11,0.07038,0.965431,0.498068
dinoL518,1000,10.0,R2_cut,12,0.068936,0.918995,0.458874
dinoL518,1000,10.0,R2_cut,13,0.073286,0.988105,0.458824
dinoL518,1000,10.0,R2_cut,14,0.074262,0.988496,0.637434
dinoL518,1000,10.0,R2_cut,15,0.071911,1.015055,0.592546
dinoL518,1000,10.0,R2_cut,16,0.072929,0.987657,0.473326
dinoL518,1000,10.0,R2_cut,17,0.071817,1.03075,0.396313
dinoL518,1000,10.0,R2_cut,18,0.074718,1.024039,0.499158
dinoL518,1000,10.0,R2_cut,19,0.069906,1.011289,0.559432
dinoL518,1000,10.0,R3_render,0,0.070426,0.90244,0.484199
dinoL518,1000,10.0,R3_render,1,0.068199,0.875637,0.467926
dinoL518,1000,10.0,R3_render,2,0.068384,0.840964,0.428713
dinoL518,1000,10.0,R3_render,3,0.068076,0.872999,0.435273
dinoL518,1000,10.0,R3_render,4,0.074556,0.902332,0.434324
dinoL518,1000,10.0,R3_render,5,0.072103,0.93422,0.535704
dinoL518,1000,10.0,R3_render,6,0.073305,0.935099,0.643068
dinoL518,1000,10.0,R3_render,7,0.076739,0.951162,0.614714
dinoL518,1000,10.0,R3_render,8,0.070277,0.877444,0.481761
dinoL518,1000,10.0,R3_render,9,0.066618,0.910882,0.416179
dinoL518,1000,10.0,R3_render,10,0.069847,0.882529,0.374079
dinoL518,1000,10.0,R3_render,11,0.069555,0.874552,0.473439
dinoL518,1000,10.0,R3_render,12,0.069462,0.874095,0.502257
dinoL518,1000,10.0,R3_render,13,0.071826,0.921523,0.437307
dinoL518,1000,10.0,R3_render,14,0.074094,0.932062,0.573186
dinoL518,1000,10.0,R3_render,15,0.07138,0.911046,0.505802
dinoL518,1000,10.0,R3_render,16,0.072048,0.926883,0.468429
dinoL518,1000,10.0,R3_render,17,0.069511,0.895949,0.383691
dinoL518,1000,10.0,R3_render,18,0.074158,0.936478,0.589901
dinoL518,1000,10.0,R3_render,19,0.069182,0.890606,0.516662
dinoL518,1000,20.0,R2_cut,0,0.069321,1.009974,0.488242
dinoL518,1000,20.0,R2_cut,1,0.065633,0.96224,0.402459
dinoL518,1000,20.0,R2_cut,2,0.068832,0.935166,0.476144
dinoL518,1000,20.0,R2_cut,3,0.067988,0.995053,0.456526
dinoL518,1000,20.0,R2_cut,4,0.071826,0.974066,0.519443
dinoL518,1000,20.0,R2_cut,5,0.072847,1.005654,0.659414
dinoL518,1000,20.0,R2_cut,6,0.072639,1.021662,0.58497
dinoL518,1000,20.0,R2_cut,7,0.075366,1.05181,0.569335
dinoL518,1000,20.0,R2_cut,8,0.068599,0.946419,0.401642
dinoL518,1000,20.0,R2_cut,9,0.067607,1.004967,0.476493
dinoL518,1000,20.0,R2_cut,10,0.068975,0.992207,0.454764
dinoL518,1000,20.0,R2_cut,11,0.069006,0.966031,0.453022
dinoL518,1000,20.0,R2_cut,12,0.06772,0.919653,0.474355
dinoL518,1000,20.0,R2_cut,13,0.072118,0.989351,0.436085
dinoL518,1000,20.0,R2_cut,14,0.07289,0.985683,0.563056
dinoL518,1000,20.0,R2_cut,15,0.070864,1.020136,0.534563
dinoL518,1000,20.0,R2_cut,16,0.071384,0.984548,0.47211
dinoL518,1000,20.0,R2_cut,17,0.070838,1.038137,0.461134
dinoL518,1000,20.0,R2_cut,18,0.073348,1.022026,0.512621
dinoL518,1000,20.0,R2_cut,19,0.06898,1.02137,0.518739
dinoL518,1000,20.0,R3_render,0,0.068677,0.899491,0.424443
dinoL518,1000,20.0,R3_render,1,0.066574,0.875078,0.412098
dinoL518,1000,20.0,R3_render,2,0.06695,0.832283,0.467527
dinoL518,1000,20.0,R3_render,3,0.06662,0.871031,0.395439
dinoL518,1000,20.0,R3_render,4,0.072731,0.892503,0.51111
dinoL518,1000,20.0,R3_render,5,0.070664,0.930869,0.600336
dinoL518,1000,20.0,R3_render,6,0.071417,0.926453,0.584188
dinoL518,1000,20.0,R3_render,7,0.075295,0.946064,0.516723
dinoL518,1000,20.0,R3_render,8,0.068782,0.874939,0.412017
dinoL518,1000,20.0,R3_render,9,0.065428,0.913833,0.428193
dinoL518,1000,20.0,R3_render,10,0.068507,0.875965,0.483252
dinoL518,1000,20.0,R3_render,11,0.067771,0.866914,0.400334
dinoL518,1000,20.0,R3_render,12,0.068101,0.86725,0.535704
dinoL518,1000,20.0,R3_render,13,0.070457,0.918448,0.432481
dinoL518,1000,20.0,R3_render,14,0.072401,0.926513,0.539849
dinoL518,1000,20.0,R3_render,15,0.069834,0.907712,0.436969
dinoL518,1000,20.0,R3_render,16,0.070291,0.915086,0.454658
dinoL518,1000,20.0,R3_render,17,0.06814,0.895119,0.39285
dinoL518,1000,20.0,R3_render,18,0.072412,0.924767,0.517617
dinoL518,1000,20.0,R3_render,19,0.067838,0.892782,0.444778
dinoL518,1000,40.0,R2_cut,0,0.070017,1.000594,0.479769
dinoL518,1000,40.0,R2_cut,1,0.066677,0.960347,0.446502
dinoL518,1000,40.0,R2_cut,2,0.070015,0.941488,0.538743
dinoL518,1000,40.0,R2_cut,3,0.069002,0.993899,0.449223
dinoL518,1000,40.0,R2_cut,4,0.07262,0.969355,0.601486
dinoL518,1000,40.0,R2_cut,5,0.073887,1.006102,0.548045
dinoL518,1000,40.0,R2_cut,6,0.073469,1.014256,0.62039
dinoL518,1000,40.0,R2_cut,7,0.07636,1.048437,0.598993
dinoL518,1000,40.0,R2_cut,8,0.069558,0.943013,0.425302
dinoL518,1000,40.0,R2_cut,9,0.068429,0.99941,0.582732
dinoL518,1000,40.0,R2_cut,10,0.069752,0.98707,0.515197
dinoL518,1000,40.0,R2_cut,11,0.070193,0.967386,0.466193
dinoL518,1000,40.0,R2_cut,12,0.068617,0.91909,0.417647
dinoL518,1000,40.0,R2_cut,13,0.073222,0.990406,0.49317
dinoL518,1000,40.0,R2_cut,14,0.073785,0.981493,0.587841
dinoL518,1000,40.0,R2_cut,15,0.071959,1.023977,0.534165
dinoL518,1000,40.0,R2_cut,16,0.072444,0.982591,0.529767
dinoL518,1000,40.0,R2_cut,17,0.071791,1.037138,0.483036
dinoL518,1000,40.0,R2_cut,18,0.07423,1.018381,0.542692
dinoL518,1000,40.0,R2_cut,19,0.069685,1.013785,0.577309
dinoL518,1000,40.0,R3_render,0,0.06964,0.896404,0.427685
dinoL518,1000,40.0,R3_render,1,0.067868,0.87857,0.457086
dinoL518,1000,40.0,R3_render,2,0.068187,0.846184,0.479901
dinoL518,1000,40.0,R3_render,3,0.067609,0.875856,0.405812
dinoL518,1000,40.0,R3_render,4,0.073539,0.897384,0.62388
dinoL518,1000,40.0,R3_render,5,0.071715,0.933545,0.51911
dinoL518,1000,40.0,R3_render,6,0.072324,0.927992,0.625622
dinoL518,1000,40.0,R3_render,7,0.07651,0.954688,0.570255
dinoL518,1000,40.0,R3_render,8,0.06986,0.882044,0.397946
dinoL518,1000,40.0,R3_render,9,0.066368,0.91183,0.551207
dinoL518,1000,40.0,R3_render,10,0.06943,0.883056,0.518036
dinoL518,1000,40.0,R3_render,11,0.069124,0.875891,0.461383
dinoL518,1000,40.0,R3_render,12,0.069158,0.87517,0.482788
dinoL518,1000,40.0,R3_render,13,0.071751,0.925895,0.463405
dinoL518,1000,40.0,R3_render,14,0.073576,0.927564,0.605976
dinoL518,1000,40.0,R3_render,15,0.071092,0.915376,0.442348
dinoL518,1000,40.0,R3_render,16,0.071301,0.918076,0.479888
dinoL518,1000,40.0,R3_render,17,0.069149,0.899258,0.394004
dinoL518,1000,40.0,R3_render,18,0.073437,0.929142,0.548391
dinoL518,1000,40.0,R3_render,19,0.068701,0.888266,0.493002
dinoL518,2000,0.02,R2_cut,0,0.059994,0.664869,0.456412
dinoL518,2000,0.02,R2_cut,1,0.061125,0.681603,0.456809
dinoL518,2000,0.02,R2_cut,2,0.061488,0.655907,0.461062
dinoL518,2000,0.02,R2_cut,3,0.060102,0.668666,0.497869
dinoL518,2000,0.02,R2_cut,4,0.06138,0.680655,0.504016
dinoL518,2000,0.02,R2_cut,5,0.06289,0.67726,0.432029
dinoL518,2000,0.02,R2_cut,6,0.060066,0.669035,0.481372
dinoL518,2000,0.02,R2_cut,7,0.061356,0.668476,0.443995
dinoL518,2000,0.02,R2_cut,8,0.063707,0.683865,0.509147
dinoL518,2000,0.02,R2_cut,9,0.061978,0.684225,0.455676
dinoL518,2000,0.02,R2_cut,10,0.058201,0.638859,0.383523
dinoL518,2000,0.02,R2_cut,11,0.061461,0.667945,0.462411
dinoL518,2000,0.02,R2_cut,12,0.058879,0.650496,0.471744
dinoL518,2000,0.02,R2_cut,13,0.060788,0.667536,0.542099
dinoL518,2000,0.02,R2_cut,14,0.059849,0.645185,0.382471
dinoL518,2000,0.02,R2_cut,15,0.05952,0.655166,0.497113
dinoL518,2000,0.02,R2_cut,16,0.057935,0.639453,0.43907
dinoL518,2000,0.02,R2_cut,17,0.059758,0.665789,0.450316
dinoL518,2000,0.02,R2_cut,18,0.057849,0.6524,0.463851
dinoL518,2000,0.02,R2_cut,19,0.060011,0.675221,0.388864
dinoL518,2000,0.02,R3_render,0,0.055208,0.522491,0.359619
dinoL518,2000,0.02,R3_render,1,0.056143,0.562841,0.343059
dinoL518,2000,0.02,R3_render,2,0.058695,0.512951,0.366125
dinoL518,2000,0.02,R3_render,3,0.055668,0.531746,0.388246
dinoL518,2000,0.02,R3_render,4,0.056868,0.542671,0.416095
dinoL518,2000,0.02,R3_render,5,0.059041,0.516912,0.309923
dinoL518,2000,0.02,R3_render,6,0.05468,0.553935,0.389958
dinoL518,2000,0.02,R3_render,7,0.056003,0.521644,0.313713
dinoL518,2000,0.02,R3_render,8,0.060041,0.536257,0.388734
dinoL518,2000,0.02,R3_render,9,0.057452,0.544033,0.347315
dinoL518,2000,0.02,R3_render,10,0.053694,0.515028,0.285955
dinoL518,2000,0.02,R3_render,11,0.057313,0.552536,0.362124
dinoL518,2000,0.02,R3_render,12,0.054205,0.506564,0.401901
dinoL518,2000,0.02,R3_render,13,0.056334,0.524738,0.415462
dinoL518,2000,0.02,R3_render,14,0.056905,0.504016,0.284925
dinoL518,2000,0.02,R3_render,15,0.056545,0.514917,0.436678
dinoL518,2000,0.02,R3_render,16,0.054687,0.495025,0.293252
dinoL518,2000,0.02,R3_render,17,0.055715,0.557792,0.36207
dinoL518,2000,0.02,R3_render,18,0.053933,0.520191,0.323663
dinoL518,2000,0.02,R3_render,19,0.055065,0.521988,0.299091
dinoL518,2000,0.05,R2_cut,0,0.059991,0.666544,0.48933
dinoL518,2000,0.05,R2_cut,1,0.061081,0.682184,0.433787
dinoL518,2000,0.05,R2_cut,2,0.061432,0.656487,0.436524
dinoL518,2000,0.05,R2_cut,3,0.060034,0.668902,0.492323
dinoL518,2000,0.05,R2_cut,4,0.061339,0.681464,0.584257
dinoL518,2000,0.05,R2_cut,5,0.062862,0.678402,0.424759
dinoL518,2000,0.05,R2_cut,6,0.059994,0.669313,0.482597
dinoL518,2000,0.05,R2_cut,7,0.061328,0.669563,0.517161
dinoL518,2000,0.05,R2_cut,8,0.063638,0.684319,0.506023
dinoL518,2000,0.05,R2_cut,9,0.061925,0.684651,0.436985
dinoL518,2000,0.05,R2_cut,10,0.058167,0.639851,0.396165
dinoL518,2000,0.05,R2_cut,11,0.061398,0.668221,0.465799
dinoL518,2000,0.05,R2_cut,12,0.058862,0.65177,0.437441
dinoL518,2000,0.05,R2_cut,13,0.060761,0.668737,0.476395
dinoL518,2000,0.05,R2_cut,14,0.059811,0.646185,0.338558
dinoL518,2000,0.05,R2_cut,15,0.059477,0.656148,0.519863
dinoL518,2000,0.05,R2_cut,16,0.057861,0.639756,0.426728
dinoL518,2000,0.05,R2_cut,17,0.059715,0.666618,0.439227
dinoL518,2000,0.05,R2_cut,18,0.057862,0.654375,0.479372
dinoL518,2000,0.05,R2_cut,19,0.059982,0.676244,0.46074
dinoL518,2000,0.05,R3_render,0,0.055047,0.52387,0.387883
dinoL518,2000,0.05,R3_render,1,0.055984,0.564181,0.320868
dinoL518,2000,0.05,R3_render,2,0.058491,0.513425,0.349883
dinoL518,2000,0.05,R3_render,3,0.055485,0.532813,0.419821
dinoL518,2000,0.05,R3_render,4,0.056696,0.543986,0.472076
dinoL518,2000,0.05,R3_render,5,0.058835,0.517488,0.292951
dinoL518,2000,0.05,R3_render,6,0.054488,0.554865,0.369184
dinoL518,2000,0.05,R3_render,7,0.055838,0.522825,0.323088
dinoL518,2000,0.05,R3_render,8,0.059814,0.536461,0.406967
dinoL518,2000,0.05,R3_render,9,0.057269,0.544851,0.342449
dinoL518,2000,0.05,R3_render,10,0.053514,0.516056,0.332219
dinoL518,2000,0.05,R3_render,11,0.057132,0.553475,0.337747
dinoL518,2000,0.05,R3_render,12,0.05402,0.507608,0.354646
dinoL518,2000,0.05,R3_render,13,0.056173,0.526011,0.354202
dinoL518,2000,0.05,R3_render,14,0.056688,0.504347,0.22245
dinoL518,2000,0.05,R3_render,15,0.056331,0.515519,0.461819
dinoL518,2000,0.05,R3_render,16,0.054484,0.49571,0.311794
dinoL518,2000,0.05,R3_render,17,0.055558,0.559203,0.353783
dinoL518,2000,0.05,R3_render,18,0.053805,0.522308,0.382549
dinoL518,2000,0.05,R3_render,19,0.054892,0.523292,0.360351
dinoL518,2000,0.1,R2_cut,0,0.058665,0.687009,0.447331
dinoL518,2000,0.1,R2_cut,1,0.059793,0.696281,0.464909
dinoL518,2000,0.1,R2_cut,2,0.059535,0.667932,0.469063
dinoL518,2000,0.1,R2_cut,3,0.058563,0.684444,0.467508
dinoL518,2000,0.1,R2_cut,4,0.059753,0.69571,0.587517
dinoL518,2000,0.1,R2_cut,5,0.061206,0.694728,0.436196
dinoL518,2000,0.1,R2_cut,6,0.058224,0.679568,0.466499
dinoL518,2000,0.1,R2_cut,7,0.059606,0.681745,0.483716
dinoL518,2000,0.1,R2_cut,8,0.061268,0.689767,0.49556
dinoL518,2000,0.1,R2_cut,9,0.060286,0.695868,0.451849
dinoL518,2000,0.1,R2_cut,10,0.056644,0.655305,0.40877
dinoL518,2000,0.1,R2_cut,11,0.059654,0.677982,0.47762
dinoL518,2000,0.1,R2_cut,12,0.057594,0.67165,0.443004
dinoL518,2000,0.1,R2_cut,13,0.059255,0.687397,0.500823
dinoL518,2000,0.1,R2_cut,14,0.058032,0.65923,0.351407
dinoL518,2000,0.1,R2_cut,15,0.057734,0.667749,0.478367
dinoL518,2000,0.1,R2_cut,16,0.055886,0.651783,0.428032
dinoL518,2000,0.1,R2_cut,17,0.05816,0.679246,0.432376
dinoL518,2000,0.1,R2_cut,18,0.056885,0.679106,0.440181
dinoL518,2000,0.1,R2_cut,19,0.058507,0.695307,0.37873
dinoL518,2000,0.1,R3_render,0,0.052558,0.567809,0.367769
dinoL518,2000,0.1,R3_render,1,0.053973,0.612976,0.372129
dinoL518,2000,0.1,R3_render,2,0.055208,0.539657,0.371825
dinoL518,2000,0.1,R3_render,3,0.052936,0.576442,0.370869
dinoL518,2000,0.1,R3_render,4,0.05404,0.585089,0.478576
dinoL518,2000,0.1,R3_render,5,0.055778,0.550595,0.283192
dinoL518,2000,0.1,R3_render,6,0.052248,0.603092,0.370831
dinoL518,2000,0.1,R3_render,7,0.053272,0.563942,0.36195
dinoL518,2000,0.1,R3_render,8,0.05621,0.56239,0.422218
dinoL518,2000,0.1,R3_render,9,0.054532,0.580733,0.363582
dinoL518,2000,0.1,R3_render,10,0.051162,0.56008,0.346402
dinoL518,2000,0.1,R3_render,11,0.054702,0.59421,0.427728
dinoL518,2000,0.1,R3_render,12,0.051488,0.551489,0.381479
dinoL518,2000,0.1,R3_render,13,0.053654,0.569394,0.374376
dinoL518,2000,0.1,R3_render,14,0.05344,0.534273,0.242209
dinoL518,2000,0.1,R3_render,15,0.05296,0.545749,0.411466
dinoL518,2000,0.1,R3_render,16,0.051486,0.533222,0.315343
dinoL518,2000,0.1,R3_render,17,0.053458,0.605358,0.35203
dinoL518,2000,0.1,R3_render,18,0.051689,0.574927,0.343941
dinoL518,2000,0.1,R3_render,19,0.052139,0.566562,0.269523
dinoL518,2000,0.2,R2_cut,0,0.058583,0.753327,0.495768
dinoL518,2000,0.2,R2_cut,1,0.060825,0.756485,0.517883
dinoL518,2000,0.2,R2_cut,2,0.058625,0.731749,0.433519
dinoL518,2000,0.2,R2_cut,3,0.058644,0.7358,0.504032
dinoL518,2000,0.2,R2_cut,4,0.059526,0.753527,0.53699
dinoL518,2000,0.2,R2_cut,5,0.060603,0.767566,0.459881
dinoL518,2000,0.2,R2_cut,6,0.058159,0.735958,0.512462
dinoL518,2000,0.2,R2_cut,7,0.05968,0.745454,0.507345
dinoL518,2000,0.2,R2_cut,8,0.059131,0.751374,0.502179
dinoL518,2000,0.2,R2_cut,9,0.06104,0.755939,0.566038
dinoL518,2000,0.2,R2_cut,10,0.057198,0.726091,0.410844
dinoL518,2000,0.2,R2_cut,11,0.059518,0.73428,0.468776
dinoL518,2000,0.2,R2_cut,12,0.058806,0.743509,0.499728
dinoL518,2000,0.2,R2_cut,13,0.059599,0.761204,0.50541
dinoL518,2000,0.2,R2_cut,14,0.057938,0.728381,0.360186
dinoL518,2000,0.2,R2_cut,15,0.057466,0.723977,0.503408
dinoL518,2000,0.2,R2_cut,16,0.055142,0.718242,0.399992
dinoL518,2000,0.2,R2_cut,17,0.059041,0.745662,0.444035
dinoL518,2000,0.2,R2_cut,18,0.058357,0.754916,0.472311
dinoL518,2000,0.2,R2_cut,19,0.058554,0.754696,0.420327
dinoL518,2000,0.2,R3_render,0,0.052503,0.64363,0.394171
dinoL518,2000,0.2,R3_render,1,0.05555,0.662844,0.46868
dinoL518,2000,0.2,R3_render,2,0.05315,0.640268,0.336872
dinoL518,2000,0.2,R3_render,3,0.05301,0.641805,0.39337
dinoL518,2000,0.2,R3_render,4,0.054184,0.662619,0.438695
dinoL518,2000,0.2,R3_render,5,0.054093,0.676927,0.356752
dinoL518,2000,0.2,R3_render,6,0.053875,0.635752,0.415755
dinoL518,2000,0.2,R3_render,7,0.05364,0.645843,0.427881
dinoL518,2000,0.2,R3_render,8,0.053647,0.678135,0.427974
dinoL518,2000,0.2,R3_render,9,0.055278,0.653701,0.451031
dinoL518,2000,0.2,R3_render,10,0.05223,0.615906,0.304281
dinoL518,2000,0.2,R3_render,11,0.055171,0.648956,0.426842
dinoL518,2000,0.2,R3_render,12,0.052394,0.641199,0.39183
dinoL518,2000,0.2,R3_render,13,0.053835,0.655634,0.424871
dinoL518,2000,0.2,R3_render,14,0.052197,0.647861,0.296888
dinoL518,2000,0.2,R3_render,15,0.051212,0.64315,0.325096
dinoL518,2000,0.2,R3_render,16,0.050225,0.627112,0.321068
dinoL518,2000,0.2,R3_render,17,0.055268,0.648901,0.403313
dinoL518,2000,0.2,R3_render,18,0.052923,0.650731,0.413626
dinoL518,2000,0.2,R3_render,19,0.052202,0.643705,0.339551
dinoL518,2000,0.5,R2_cut,0,0.05762,0.724284,0.442871
dinoL518,2000,0.5,R2_cut,1,0.059795,0.720619,0.479968
dinoL518,2000,0.5,R2_cut,2,0.057275,0.71664,0.413325
dinoL518,2000,0.5,R2_cut,3,0.057819,0.697488,0.432102
dinoL518,2000,0.5,R2_cut,4,0.058341,0.724182,0.474134
dinoL518,2000,0.5,R2_cut,5,0.058553,0.739603,0.498649
dinoL518,2000,0.5,R2_cut,6,0.056678,0.690104,0.498551
dinoL518,2000,0.5,R2_cut,7,0.058426,0.718456,0.523012
dinoL518,2000,0.5,R2_cut,8,0.056555,0.725535,0.476028
dinoL518,2000,0.5,R2_cut,9,0.060149,0.719785,0.50603
dinoL518,2000,0.5,R2_cut,10,0.05631,0.700871,0.419773
dinoL518,2000,0.5,R2_cut,11,0.057983,0.69731,0.50706
dinoL518,2000,0.5,R2_cut,12,0.057989,0.710436,0.455111
dinoL518,2000,0.5,R2_cut,13,0.059312,0.743704,0.511282
dinoL518,2000,0.5,R2_cut,14,0.057224,0.70987,0.425374
dinoL518,2000,0.5,R2_cut,15,0.056629,0.693269,0.467164
dinoL518,2000,0.5,R2_cut,16,0.054558,0.693101,0.429614
dinoL518,2000,0.5,R2_cut,17,0.058167,0.707954,0.464793
dinoL518,2000,0.5,R2_cut,18,0.058092,0.719858,0.465293
dinoL518,2000,0.5,R2_cut,19,0.057911,0.723988,0.445947
dinoL518,2000,0.5,R3_render,0,0.053886,0.548232,0.346613
dinoL518,2000,0.5,R3_render,1,0.056726,0.557885,0.433159
dinoL518,2000,0.5,R3_render,2,0.053268,0.569819,0.263262
dinoL518,2000,0.5,R3_render,3,0.054467,0.543574,0.322871
dinoL518,2000,0.5,R3_render,4,0.055056,0.561821,0.404738
dinoL518,2000,0.5,R3_render,5,0.053614,0.593296,0.389813
dinoL518,2000,0.5,R3_render,6,0.055519,0.530398,0.349297
dinoL518,2000,0.5,R3_render,7,0.054929,0.55539,0.44137
dinoL518,2000,0.5,R3_render,8,0.053558,0.589558,0.373826
dinoL518,2000,0.5,R3_render,9,0.05687,0.566081,0.433337
dinoL518,2000,0.5,R3_render,10,0.053804,0.522282,0.286351
dinoL518,2000,0.5,R3_render,11,0.056282,0.551931,0.410469
dinoL518,2000,0.5,R3_render,12,0.053837,0.545377,0.301741
dinoL518,2000,0.5,R3_render,13,0.05619,0.574435,0.419629
dinoL518,2000,0.5,R3_render,14,0.053109,0.570518,0.307237
dinoL518,2000,0.5,R3_render,15,0.052096,0.549218,0.261176
dinoL518,2000,0.5,R3_render,16,0.051476,0.532113,0.392713
dinoL518,2000,0.5,R3_render,17,0.056603,0.544381,0.389558
dinoL518,2000,0.5,R3_render,18,0.054966,0.554182,0.38207
dinoL518,2000,0.5,R3_render,19,0.05368,0.542091,0.317298
dinoL518,2000,1.0,R2_cut,0,0.050955,0.67462,0.36769
dinoL518,2000,1.0,R2_cut,1,0.053652,0.676715,0.423405
dinoL518,2000,1.0,R2_cut,2,0.052295,0.684273,0.416005
dinoL518,2000,1.0,R2_cut,3,0.052448,0.672719,0.430103
dinoL518,2000,1.0,R2_cut,4,0.0516,0.67133,0.395032
dinoL518,2000,1.0,R2_cut,5,0.052947,0.693148,0.389347
dinoL518,2000,1.0,R2_cut,6,0.050844,0.638209,0.330351
dinoL518,2000,1.0,R2_cut,7,0.052028,0.675028,0.483345
dinoL518,2000,1.0,R2_cut,8,0.052789,0.690484,0.398413
dinoL518,2000,1.0,R2_cut,9,0.053831,0.689713,0.424782
dinoL518,2000,1.0,R2_cut,10,0.049987,0.678106,0.274698
dinoL518,2000,1.0,R2_cut,11,0.052564,0.665912,0.390912
dinoL518,2000,1.0,R2_cut,12,0.052042,0.68446,0.374703
dinoL518,2000,1.0,R2_cut,13,0.053267,0.695252,0.403032
dinoL518,2000,1.0,R2_cut,14,0.052178,0.677975,0.321787
dinoL518,2000,1.0,R2_cut,15,0.05109,0.667365,0.426543
dinoL518,2000,1.0,R2_cut,16,0.049792,0.666334,0.384065
dinoL518,2000,1.0,R2_cut,17,0.051073,0.661123,0.401215
dinoL518,2000,1.0,R2_cut,18,0.051637,0.694259,0.39561
dinoL518,2000,1.0,R2_cut,19,0.052814,0.69938,0.415346
dinoL518,2000,1.0,R3_render,0,0.048114,0.582062,0.319768
dinoL518,2000,1.0,R3_render,1,0.051037,0.592223,0.368254
dinoL518,2000,1.0,R3_render,2,0.049353,0.617166,0.336769
dinoL518,2000,1.0,R3_render,3,0.049783,0.588157,0.36083
dinoL518,2000,1.0,R3_render,4,0.048328,0.59378,0.356074
dinoL518,2000,1.0,R3_render,5,0.049094,0.622443,0.302751
dinoL518,2000,1.0,R3_render,6,0.049035,0.552499,0.224075
dinoL518,2000,1.0,R3_render,7,0.049265,0.582327,0.411268
dinoL518,2000,1.0,R3_render,8,0.050663,0.61765,0.329954
dinoL518,2000,1.0,R3_render,9,0.051544,0.606713,0.358105
dinoL518,2000,1.0,R3_render,10,0.047689,0.566183,0.18388
dinoL518,2000,1.0,R3_render,11,0.051008,0.593313,0.357836
dinoL518,2000,1.0,R3_render,12,0.04884,0.592501,0.24446
dinoL518,2000,1.0,R3_render,13,0.051887,0.609522,0.361574
dinoL518,2000,1.0,R3_render,14,0.048926,0.612386,0.29279
dinoL518,2000,1.0,R3_render,15,0.048216,0.592008,0.337808
dinoL518,2000,1.0,R3_render,16,0.047784,0.594078,0.34701
dinoL518,2000,1.0,R3_render,17,0.050228,0.569952,0.374357
dinoL518,2000,1.0,R3_render,18,0.049852,0.602775,0.326354
dinoL518,2000,1.0,R3_render,19,0.049061,0.601366,0.303249
dinoL518,2000,2.0,R2_cut,0,0.051383,0.637788,0.34331
dinoL518,2000,2.0,R2_cut,1,0.053721,0.649404,0.445409
dinoL518,2000,2.0,R2_cut,2,0.053919,0.659967,0.456384
dinoL518,2000,2.0,R2_cut,3,0.053075,0.658407,0.386936
dinoL518,2000,2.0,R2_cut,4,0.051463,0.634956,0.376068
dinoL518,2000,2.0,R2_cut,5,0.053789,0.659478,0.452639
dinoL518,2000,2.0,R2_cut,6,0.050936,0.602663,0.374891
dinoL518,2000,2.0,R2_cut,7,0.052312,0.643451,0.44224
dinoL518,2000,2.0,R2_cut,8,0.054468,0.659075,0.385553
dinoL518,2000,2.0,R2_cut,9,0.053489,0.663311,0.378333
dinoL518,2000,2.0,R2_cut,10,0.050384,0.64491,0.34187
dinoL518,2000,2.0,R2_cut,11,0.053394,0.648566,0.374517
dinoL518,2000,2.0,R2_cut,12,0.052241,0.656704,0.39402
dinoL518,2000,2.0,R2_cut,13,0.053167,0.659023,0.430504
dinoL518,2000,2.0,R2_cut,14,0.052417,0.637382,0.273525
dinoL518,2000,2.0,R2_cut,15,0.051552,0.648955,0.382957
dinoL518,2000,2.0,R2_cut,16,0.050897,0.634765,0.298047
dinoL518,2000,2.0,R2_cut,17,0.051132,0.635939,0.379695
dinoL518,2000,2.0,R2_cut,18,0.051148,0.658081,0.389737
dinoL518,2000,2.0,R2_cut,19,0.053209,0.668042,0.39086
dinoL518,2000,2.0,R3_render,0,0.049418,0.593906,0.336329
dinoL518,2000,2.0,R3_render,1,0.051747,0.61605,0.399972
dinoL518,2000,2.0,R3_render,2,0.051952,0.610996,0.434615
dinoL518,2000,2.0,R3_render,3,0.051116,0.612681,0.346524
dinoL518,2000,2.0,R3_render,4,0.048709,0.596236,0.324942
dinoL518,2000,2.0,R3_render,5,0.050947,0.598112,0.375638
dinoL518,2000,2.0,R3_render,6,0.049326,0.574788,0.348951
dinoL518,2000,2.0,R3_render,7,0.050437,0.592083,0.402425
dinoL518,2000,2.0,R3_render,8,0.053401,0.608103,0.311456
dinoL518,2000,2.0,R3_render,9,0.052256,0.624088,0.360617
dinoL518,2000,2.0,R3_render,10,0.048491,0.594258,0.300877
dinoL518,2000,2.0,R3_render,11,0.052023,0.620745,0.375395
dinoL518,2000,2.0,R3_render,12,0.049811,0.600707,0.310773
dinoL518,2000,2.0,R3_render,13,0.053008,0.619595,0.422063
dinoL518,2000,2.0,R3_render,14,0.050249,0.590621,0.228763
dinoL518,2000,2.0,R3_render,15,0.050137,0.596884,0.320563
dinoL518,2000,2.0,R3_render,16,0.049125,0.59064,0.303597
dinoL518,2000,2.0,R3_render,17,0.05067,0.598765,0.374894
dinoL518,2000,2.0,R3_render,18,0.050547,0.617098,0.376713
dinoL518,2000,2.0,R3_render,19,0.05046,0.618994,0.324411
dinoL518,2000,5.0,R2_cut,0,0.051919,0.620592,0.424827
dinoL518,2000,5.0,R2_cut,1,0.054345,0.642203,0.429886
dinoL518,2000,5.0,R2_cut,2,0.054645,0.645417,0.441391
dinoL518,2000,5.0,R2_cut,3,0.052983,0.640891,0.406401
dinoL518,2000,5.0,R2_cut,4,0.051883,0.621837,0.357978
dinoL518,2000,5.0,R2_cut,5,0.054121,0.641644,0.385137
dinoL518,2000,5.0,R2_cut,6,0.05162,0.595502,0.33719
dinoL518,2000,5.0,R2_cut,7,0.052749,0.628734,0.44626
dinoL518,2000,5.0,R2_cut,8,0.055442,0.64746,0.435625
dinoL518,2000,5.0,R2_cut,9,0.053654,0.651045,0.400273
dinoL518,2000,5.0,R2_cut,10,0.050775,0.627549,0.310206
dinoL518,2000,5.0,R2_cut,11,0.054021,0.642032,0.365134
dinoL518,2000,5.0,R2_cut,12,0.05244,0.641895,0.362513
dinoL518,2000,5.0,R2_cut,13,0.053395,0.643394,0.448075
dinoL518,2000,5.0,R2_cut,14,0.05297,0.624507,0.297311
dinoL518,2000,5.0,R2_cut,15,0.051591,0.638897,0.333414
dinoL518,2000,5.0,R2_cut,16,0.051688,0.622543,0.297635
dinoL518,2000,5.0,R2_cut,17,0.050948,0.616902,0.324799
dinoL518,2000,5.0,R2_cut,18,0.05105,0.636998,0.376192
dinoL518,2000,5.0,R2_cut,19,0.053675,0.655436,0.388714
dinoL518,2000,5.0,R3_render,0,0.050487,0.582177,0.403518
dinoL518,2000,5.0,R3_render,1,0.052526,0.612531,0.393882
dinoL518,2000,5.0,R3_render,2,0.053225,0.591979,0.39176
dinoL518,2000,5.0,R3_render,3,0.051296,0.59558,0.356429
dinoL518,2000,5.0,R3_render,4,0.049476,0.582728,0.325185
dinoL518,2000,5.0,R3_render,5,0.051827,0.574224,0.324059
dinoL518,2000,5.0,R3_render,6,0.050071,0.574835,0.3348
dinoL518,2000,5.0,R3_render,7,0.051022,0.576202,0.409294
dinoL518,2000,5.0,R3_render,8,0.054667,0.591364,0.378352
dinoL518,2000,5.0,R3_render,9,0.052464,0.608691,0.350216
dinoL518,2000,5.0,R3_render,10,0.049015,0.584008,0.287094
dinoL518,2000,5.0,R3_render,11,0.052273,0.609277,0.349982
dinoL518,2000,5.0,R3_render,12,0.050397,0.586449,0.328411
dinoL518,2000,5.0,R3_render,13,0.05358,0.607701,0.447307
dinoL518,2000,5.0,R3_render,14,0.051255,0.571046,0.239792
dinoL518,2000,5.0,R3_render,15,0.050617,0.579424,0.325687
dinoL518,2000,5.0,R3_render,16,0.050158,0.574477,0.251115
dinoL518,2000,5.0,R3_render,17,0.05046,0.586094,0.258509
dinoL518,2000,5.0,R3_render,18,0.05078,0.599899,0.394244
dinoL518,2000,5.0,R3_render,19,0.051286,0.607733,0.354704
dinoL518,2000,10.0,R2_cut,0,0.051694,0.617313,0.36674
dinoL518,2000,10.0,R2_cut,1,0.054052,0.638601,0.422232
dinoL518,2000,10.0,R2_cut,2,0.054628,0.644461,0.41651
dinoL518,2000,10.0,R2_cut,3,0.052492,0.635821,0.350479
dinoL518,2000,10.0,R2_cut,4,0.051752,0.620933,0.354877
dinoL518,2000,10.0,R2_cut,5,0.053841,0.638766,0.387463
dinoL518,2000,10.0,R2_cut,6,0.051266,0.592889,0.357465
dinoL518,2000,10.0,R2_cut,7,0.052433,0.624985,0.402038
dinoL518,2000,10.0,R2_cut,8,0.055016,0.641505,0.380691
dinoL518,2000,10.0,R2_cut,9,0.05344,0.646989,0.429625
dinoL518,2000,10.0,R2_cut,10,0.050418,0.623346,0.28183
dinoL518,2000,10.0,R2_cut,11,0.053904,0.64275,0.37594
dinoL518,2000,10.0,R2_cut,12,0.052078,0.637013,0.350201
dinoL518,2000,10.0,R2_cut,13,0.053089,0.639273,0.356067
dinoL518,2000,10.0,R2_cut,14,0.052728,0.621672,0.308617
dinoL518,2000,10.0,R2_cut,15,0.05109,0.636215,0.375257
dinoL518,2000,10.0,R2_cut,16,0.051628,0.622685,0.365696
dinoL518,2000,10.0,R2_cut,17,0.050388,0.612748,0.353976
dinoL518,2000,10.0,R2_cut,18,0.05066,0.632083,0.383203
dinoL518,2000,10.0,R2_cut,19,0.053661,0.656972,0.360739
dinoL518,2000,10.0,R3_render,0,0.050059,0.573159,0.35057
dinoL518,2000,10.0,R3_render,1,0.052067,0.60711,0.385385
dinoL518,2000,10.0,R3_render,2,0.053145,0.585083,0.359426
dinoL518,2000,10.0,R3_render,3,0.050616,0.586812,0.33792
dinoL518,2000,10.0,R3_render,4,0.049185,0.576624,0.313425
dinoL518,2000,10.0,R3_render,5,0.05151,0.565301,0.355283
dinoL518,2000,10.0,R3_render,6,0.049535,0.570074,0.328863
dinoL518,2000,10.0,R3_render,7,0.050622,0.568717,0.351882
dinoL518,2000,10.0,R3_render,8,0.054134,0.579921,0.3303
dinoL518,2000,10.0,R3_render,9,0.052024,0.600992,0.390991
dinoL518,2000,10.0,R3_render,10,0.048418,0.576087,0.273164
dinoL518,2000,10.0,R3_render,11,0.051967,0.606291,0.344066
dinoL518,2000,10.0,R3_render,12,0.049906,0.57819,0.303752
dinoL518,2000,10.0,R3_render,13,0.053163,0.600414,0.325542
dinoL518,2000,10.0,R3_render,14,0.051076,0.565278,0.313112
dinoL518,2000,10.0,R3_render,15,0.049978,0.570312,0.375511
dinoL518,2000,10.0,R3_render,16,0.049961,0.568722,0.341215
dinoL518,2000,10.0,R3_render,17,0.049663,0.578467,0.36188
dinoL518,2000,10.0,R3_render,18,0.050182,0.592005,0.355818
dinoL518,2000,10.0,R3_render,19,0.050968,0.602233,0.321264
dinoL518,2000,20.0,R2_cut,0,0.05226,0.614619,0.400894
dinoL518,2000,20.0,R2_cut,1,0.054781,0.64087,0.456193
dinoL518,2000,20.0,R2_cut,2,0.055242,0.642624,0.442643
dinoL518,2000,20.0,R2_cut,3,0.053037,0.634048,0.432854
dinoL518,2000,20.0,R2_cut,4,0.052472,0.620922,0.398691
dinoL518,2000,20.0,R2_cut,5,0.054449,0.636356,0.371382
dinoL518,2000,20.0,R2_cut,6,0.051951,0.592444,0.376787
dinoL518,2000,20.0,R2_cut,7,0.053029,0.622713,0.368314
dinoL518,2000,20.0,R2_cut,8,0.055838,0.641102,0.407798
dinoL518,2000,20.0,R2_cut,9,0.053826,0.644249,0.455412
dinoL518,2000,20.0,R2_cut,10,0.051002,0.619846,0.321151
dinoL518,2000,20.0,R2_cut,11,0.054501,0.640777,0.389717
dinoL518,2000,20.0,R2_cut,12,0.052564,0.633397,0.380925
dinoL518,2000,20.0,R2_cut,13,0.053668,0.636424,0.386588
dinoL518,2000,20.0,R2_cut,14,0.053154,0.617128,0.316383
dinoL518,2000,20.0,R2_cut,15,0.051746,0.634408,0.344712
dinoL518,2000,20.0,R2_cut,16,0.052255,0.620602,0.346519
dinoL518,2000,20.0,R2_cut,17,0.050938,0.610183,0.326844
dinoL518,2000,20.0,R2_cut,18,0.051139,0.628443,0.383247
dinoL518,2000,20.0,R2_cut,19,0.054128,0.654033,0.333908
dinoL518,2000,20.0,R3_render,0,0.050841,0.573172,0.379914
dinoL518,2000,20.0,R3_render,1,0.052828,0.609179,0.425882
dinoL518,2000,20.0,R3_render,2,0.053907,0.583206,0.408576
dinoL518,2000,20.0,R3_render,3,0.051311,0.585442,0.387653
dinoL518,2000,20.0,R3_render,4,0.050017,0.576855,0.355347
dinoL518,2000,20.0,R3_render,5,0.052248,0.561457,0.321605
dinoL518,2000,20.0,R3_render,6,0.050197,0.57042,0.357639
dinoL518,2000,20.0,R3_render,7,0.051287,0.566902,0.29919
dinoL518,2000,20.0,R3_render,8,0.055005,0.579822,0.382776
dinoL518,2000,20.0,R3_render,9,0.052495,0.597527,0.398939
dinoL518,2000,20.0,R3_render,10,0.048983,0.572975,0.31046
dinoL518,2000,20.0,R3_render,11,0.052627,0.605258,0.378077
dinoL518,2000,20.0,R3_render,12,0.050534,0.575386,0.332736
dinoL518,2000,20.0,R3_render,13,0.053839,0.599459,0.381738
dinoL518,2000,20.0,R3_render,14,0.051647,0.559963,0.311467
dinoL518,2000,20.0,R3_render,15,0.050736,0.567436,0.330096
dinoL518,2000,20.0,R3_render,16,0.050736,0.56701,0.288395
dinoL518,2000,20.0,R3_render,17,0.0502,0.577182,0.293221
dinoL518,2000,20.0,R3_render,18,0.050744,0.588624,0.36146
dinoL518,2000,20.0,R3_render,19,0.051551,0.599033,0.326673
dinoL518,2000,40.0,R2_cut,0,0.051093,0.61407,0.374295
dinoL518,2000,40.0,R2_cut,1,0.053044,0.631876,0.401796
dinoL518,2000,40.0,R2_cut,2,0.05385,0.635152,0.442546
dinoL518,2000,40.0,R2_cut,3,0.051401,0.628347,0.347936
dinoL518,2000,40.0,R2_cut,4,0.050858,0.614265,0.32974
dinoL518,2000,40.0,R2_cut,5,0.052845,0.628231,0.342362
dinoL518,2000,40.0,R2_cut,6,0.05031,0.588971,0.364355
dinoL518,2000,40.0,R2_cut,7,0.051509,0.617687,0.384433
dinoL518,2000,40.0,R2_cut,8,0.054312,0.635242,0.409719
dinoL518,2000,40.0,R2_cut,9,0.05247,0.64041,0.378901
dinoL518,2000,40.0,R2_cut,10,0.049594,0.616714,0.337809
dinoL518,2000,40.0,R2_cut,11,0.053102,0.637498,0.360985
dinoL518,2000,40.0,R2_cut,12,0.051118,0.630045,0.316689
dinoL518,2000,40.0,R2_cut,13,0.052033,0.632912,0.365473
dinoL518,2000,40.0,R2_cut,14,0.051776,0.61331,0.251763
dinoL518,2000,40.0,R2_cut,15,0.050544,0.640326,0.423916
dinoL518,2000,40.0,R2_cut,16,0.050547,0.615131,0.364844
dinoL518,2000,40.0,R2_cut,17,0.049349,0.606959,0.283511
dinoL518,2000,40.0,R2_cut,18,0.049801,0.62583,0.347752
dinoL518,2000,40.0,R2_cut,19,0.052503,0.648786,0.381787
dinoL518,2000,40.0,R3_render,0,0.04993,0.575459,0.365131
dinoL518,2000,40.0,R3_render,1,0.051566,0.605092,0.373497
dinoL518,2000,40.0,R3_render,2,0.052687,0.579884,0.39729
dinoL518,2000,40.0,R3_render,3,0.050034,0.585128,0.316723
dinoL518,2000,40.0,R3_render,4,0.048753,0.574168,0.298759
dinoL518,2000,40.0,R3_render,5,0.050856,0.558999,0.306011
dinoL518,2000,40.0,R3_render,6,0.049033,0.568024,0.357047
dinoL518,2000,40.0,R3_render,7,0.050114,0.566871,0.331567
dinoL518,2000,40.0,R3_render,8,0.053779,0.579872,0.330384
dinoL518,2000,40.0,R3_render,9,0.051564,0.599806,0.337388
dinoL518,2000,40.0,R3_render,10,0.048007,0.575204,0.337515
dinoL518,2000,40.0,R3_render,11,0.051508,0.603971,0.333305
dinoL518,2000,40.0,R3_render,12,0.049348,0.575783,0.282431
dinoL518,2000,40.0,R3_render,13,0.052652,0.599405,0.36727
dinoL518,2000,40.0,R3_render,14,0.050497,0.561425,0.232922
dinoL518,2000,40.0,R3_render,15,0.049643,0.573727,0.399853
dinoL518,2000,40.0,R3_render,16,0.049362,0.565022,0.325489
dinoL518,2000,40.0,R3_render,17,0.049152,0.576691,0.27888
dinoL518,2000,40.0,R3_render,18,0.049864,0.593441,0.340007
dinoL518,2000,40.0,R3_render,19,0.050381,0.599928,0.319784
dinoL518,3000,0.02,R2_cut,0,0.039243,0.456994,0.236856
dinoL518,3000,0.02,R2_cut,1,0.040303,0.4575,0.190817
dinoL518,3000,0.02,R2_cut,2,0.038644,0.4551,0.289085
dinoL518,3000,0.02,R2_cut,3,0.037289,0.442705,0.218765
dinoL518,3000,0.02,R2_cut,4,0.039128,0.459483,0.211544
dinoL518,3000,0.02,R2_cut,5,0.038875,0.456384,0.207672
dinoL518,3000,0.02,R2_cut,6,0.038033,0.456612,0.252307
dinoL518,3000,0.02,R2_cut,7,0.038508,0.454101,0.256578
dinoL518,3000,0.02,R2_cut,8,0.03792,0.437819,0.210169
dinoL518,3000,0.02,R2_cut,9,0.040447,0.473902,0.219259
dinoL518,3000,0.02,R2_cut,10,0.038646,0.450665,0.270068
dinoL518,3000,0.02,R2_cut,11,0.039793,0.463368,0.241444
dinoL518,3000,0.02,R2_cut,12,0.038684,0.461347,0.260554
dinoL518,3000,0.02,R2_cut,13,0.039126,0.462927,0.247425
dinoL518,3000,0.02,R2_cut,14,0.039079,0.466119,0.237786
dinoL518,3000,0.02,R2_cut,15,0.037984,0.455473,0.253693
dinoL518,3000,0.02,R2_cut,16,0.038643,0.450323,0.2085
dinoL518,3000,0.02,R2_cut,17,0.039216,0.472205,0.281181
dinoL518,3000,0.02,R2_cut,18,0.040246,0.468017,0.206839
dinoL518,3000,0.02,R2_cut,19,0.039024,0.453298,0.237434
dinoL518,3000,0.02,R3_render,0,0.036338,0.379435,0.180492
dinoL518,3000,0.02,R3_render,1,0.037985,0.371383,0.138048
dinoL518,3000,0.02,R3_render,2,0.036071,0.373562,0.24523
dinoL518,3000,0.02,R3_render,3,0.033756,0.371552,0.181913
dinoL518,3000,0.02,R3_render,4,0.035541,0.385564,0.140523
dinoL518,3000,0.02,R3_render,5,0.035025,0.401023,0.11322
dinoL518,3000,0.02,R3_render,6,0.034238,0.387298,0.139499
dinoL518,3000,0.02,R3_render,7,0.035115,0.368688,0.195146
dinoL518,3000,0.02,R3_render,8,0.034403,0.348202,0.136216
dinoL518,3000,0.02,R3_render,9,0.03651,0.395297,0.168545
dinoL518,3000,0.02,R3_render,10,0.035072,0.360725,0.200356
dinoL518,3000,0.02,R3_render,11,0.036224,0.380229,0.146231
dinoL518,3000,0.02,R3_render,12,0.033937,0.386258,0.153089
dinoL518,3000,0.02,R3_render,13,0.035157,0.403157,0.169956
dinoL518,3000,0.02,R3_render,14,0.035409,0.384618,0.173091
dinoL518,3000,0.02,R3_render,15,0.035084,0.375119,0.187008
dinoL518,3000,0.02,R3_render,16,0.03585,0.365672,0.157937
dinoL518,3000,0.02,R3_render,17,0.036315,0.393183,0.194957
dinoL518,3000,0.02,R3_render,18,0.036253,0.398958,0.159502
dinoL518,3000,0.02,R3_render,19,0.035833,0.355525,0.161074
dinoL518,3000,0.05,R2_cut,0,0.039113,0.457117,0.266405
dinoL518,3000,0.05,R2_cut,1,0.040158,0.457412,0.244408
dinoL518,3000,0.05,R2_cut,2,0.038539,0.455766,0.271774
dinoL518,3000,0.05,R2_cut,3,0.037153,0.442853,0.230426
dinoL518,3000,0.05,R2_cut,4,0.039002,0.459403,0.229789
dinoL518,3000,0.05,R2_cut,5,0.038777,0.456446,0.224132
dinoL518,3000,0.05,R2_cut,6,0.037939,0.457355,0.260185
dinoL518,3000,0.05,R2_cut,7,0.038389,0.454346,0.261808
dinoL518,3000,0.05,R2_cut,8,0.037777,0.438016,0.189821
dinoL518,3000,0.05,R2_cut,9,0.040344,0.474082,0.242309
dinoL518,3000,0.05,R2_cut,10,0.038508,0.450425,0.24391
dinoL518,3000,0.05,R2_cut,11,0.039696,0.463922,0.236708
dinoL518,3000,0.05,R2_cut,12,0.038604,0.462027,0.268201
dinoL518,3000,0.05,R2_cut,13,0.039041,0.463467,0.252866
dinoL518,3000,0.05,R2_cut,14,0.038965,0.466501,0.260733
dinoL518,3000,0.05,R2_cut,15,0.037894,0.45616,0.239851
dinoL518,3000,0.05,R2_cut,16,0.038526,0.450682,0.211228
dinoL518,3000,0.05,R2_cut,17,0.039147,0.473302,0.298791
dinoL518,3000,0.05,R2_cut,18,0.040138,0.468133,0.212804
dinoL518,3000,0.05,R2_cut,19,0.038915,0.453952,0.239157
dinoL518,3000,0.05,R3_render,0,0.036164,0.381028,0.194493
dinoL518,3000,0.05,R3_render,1,0.037745,0.371641,0.183852
dinoL518,3000,0.05,R3_render,2,0.035879,0.374851,0.231392
dinoL518,3000,0.05,R3_render,3,0.033556,0.372825,0.169835
dinoL518,3000,0.05,R3_render,4,0.03539,0.387277,0.152821
dinoL518,3000,0.05,R3_render,5,0.034872,0.402596,0.126911
dinoL518,3000,0.05,R3_render,6,0.034074,0.389177,0.15469
dinoL518,3000,0.05,R3_render,7,0.034943,0.370409,0.216018
dinoL518,3000,0.05,R3_render,8,0.034194,0.349282,0.141473
dinoL518,3000,0.05,R3_render,9,0.036339,0.396725,0.178081
dinoL518,3000,0.05,R3_render,10,0.034891,0.362048,0.171234
dinoL518,3000,0.05,R3_render,11,0.036054,0.381848,0.133802
dinoL518,3000,0.05,R3_render,12,0.033811,0.388675,0.173201
dinoL518,3000,0.05,R3_render,13,0.035023,0.405161,0.190175
dinoL518,3000,0.05,R3_render,14,0.03524,0.38637,0.185956
dinoL518,3000,0.05,R3_render,15,0.034912,0.376752,0.182186
dinoL518,3000,0.05,R3_render,16,0.035678,0.367307,0.157558
dinoL518,3000,0.05,R3_render,17,0.036202,0.395847,0.195823
dinoL518,3000,0.05,R3_render,18,0.036087,0.400464,0.169592
dinoL518,3000,0.05,R3_render,19,0.035651,0.356926,0.158084
dinoL518,3000,0.1,R2_cut,0,0.038324,0.473929,0.223009
dinoL518,3000,0.1,R2_cut,1,0.039257,0.472865,0.237419
dinoL518,3000,0.1,R2_cut,2,0.03804,0.478641,0.234979
dinoL518,3000,0.1,R2_cut,3,0.036565,0.465102,0.219603
dinoL518,3000,0.1,R2_cut,4,0.038581,0.478201,0.239768
dinoL518,3000,0.1,R2_cut,5,0.038525,0.471934,0.21954
dinoL518,3000,0.1,R2_cut,6,0.037571,0.478967,0.21321
dinoL518,3000,0.1,R2_cut,7,0.037848,0.473377,0.241857
dinoL518,3000,0.1,R2_cut,8,0.036658,0.453765,0.218301
dinoL518,3000,0.1,R2_cut,9,0.039909,0.491385,0.223326
dinoL518,3000,0.1,R2_cut,10,0.037832,0.468901,0.206313
dinoL518,3000,0.1,R2_cut,11,0.039131,0.484574,0.264913
dinoL518,3000,0.1,R2_cut,12,0.038181,0.4767,0.254452
dinoL518,3000,0.1,R2_cut,13,0.039156,0.486966,0.27154
dinoL518,3000,0.1,R2_cut,14,0.038564,0.487011,0.275869
dinoL518,3000,0.1,R2_cut,15,0.037703,0.47965,0.239068
dinoL518,3000,0.1,R2_cut,16,0.037852,0.471766,0.201546
dinoL518,3000,0.1,R2_cut,17,0.038973,0.496684,0.273996
dinoL518,3000,0.1,R2_cut,18,0.039661,0.486763,0.248143
dinoL518,3000,0.1,R2_cut,19,0.03835,0.475629,0.238787
dinoL518,3000,0.1,R3_render,0,0.034789,0.428899,0.166484
dinoL518,3000,0.1,R3_render,1,0.035857,0.411819,0.150776
dinoL518,3000,0.1,R3_render,2,0.034793,0.429211,0.191018
dinoL518,3000,0.1,R3_render,3,0.033044,0.423793,0.161858
dinoL518,3000,0.1,R3_render,4,0.034564,0.43162,0.179643
dinoL518,3000,0.1,R3_render,5,0.034483,0.433846,0.140902
dinoL518,3000,0.1,R3_render,6,0.033407,0.438113,0.135491
dinoL518,3000,0.1,R3_render,7,0.033493,0.4166,0.139612
dinoL518,3000,0.1,R3_render,8,0.032226,0.395378,0.1548
dinoL518,3000,0.1,R3_render,9,0.035369,0.441781,0.181929
dinoL518,3000,0.1,R3_render,10,0.033319,0.408788,0.130318
dinoL518,3000,0.1,R3_render,11,0.03485,0.430561,0.125368
dinoL518,3000,0.1,R3_render,12,0.033164,0.425793,0.169697
dinoL518,3000,0.1,R3_render,13,0.034849,0.439077,0.211967
dinoL518,3000,0.1,R3_render,14,0.034371,0.435622,0.193666
dinoL518,3000,0.1,R3_render,15,0.033974,0.429806,0.17025
dinoL518,3000,0.1,R3_render,16,0.034236,0.419308,0.158198
dinoL518,3000,0.1,R3_render,17,0.035231,0.449213,0.204826
dinoL518,3000,0.1,R3_render,18,0.035381,0.446309,0.187957
dinoL518,3000,0.1,R3_render,19,0.034171,0.408389,0.152611
dinoL518,3000,0.2,R2_cut,0,0.037702,0.474567,0.19001
dinoL518,3000,0.2,R2_cut,1,0.038295,0.474843,0.271472
dinoL518,3000,0.2,R2_cut,2,0.037678,0.482356,0.229096
dinoL518,3000,0.2,R2_cut,3,0.036497,0.473933,0.243475
dinoL518,3000,0.2,R2_cut,4,0.038977,0.480215,0.242438
dinoL518,3000,0.2,R2_cut,5,0.039383,0.473505,0.237999
dinoL518,3000,0.2,R2_cut,6,0.037998,0.483387,0.234753
dinoL518,3000,0.2,R2_cut,7,0.037969,0.477438,0.248064
dinoL518,3000,0.2,R2_cut,8,0.035968,0.463738,0.169212
dinoL518,3000,0.2,R2_cut,9,0.039657,0.487295,0.233822
dinoL518,3000,0.2,R2_cut,10,0.038268,0.484261,0.231843
dinoL518,3000,0.2,R2_cut,11,0.038738,0.486986,0.227814
dinoL518,3000,0.2,R2_cut,12,0.039191,0.480147,0.293467
dinoL518,3000,0.2,R2_cut,13,0.040085,0.490877,0.315182
dinoL518,3000,0.2,R2_cut,14,0.038625,0.489468,0.260758
dinoL518,3000,0.2,R2_cut,15,0.038208,0.478217,0.268841
dinoL518,3000,0.2,R2_cut,16,0.037247,0.480846,0.217394
dinoL518,3000,0.2,R2_cut,17,0.039508,0.496948,0.274124
dinoL518,3000,0.2,R2_cut,18,0.039526,0.491026,0.220476
dinoL518,3000,0.2,R2_cut,19,0.037868,0.479095,0.232094
dinoL518,3000,0.2,R3_render,0,0.034785,0.402639,0.127965
dinoL518,3000,0.2,R3_render,1,0.034748,0.41299,0.197686
dinoL518,3000,0.2,R3_render,2,0.034936,0.407452,0.19307
dinoL518,3000,0.2,R3_render,3,0.03437,0.372714,0.185413
dinoL518,3000,0.2,R3_render,4,0.036221,0.39359,0.196433
dinoL518,3000,0.2,R3_render,5,0.0369,0.376457,0.209033
dinoL518,3000,0.2,R3_render,6,0.035223,0.385207,0.1816
dinoL518,3000,0.2,R3_render,7,0.033998,0.386826,0.156247
dinoL518,3000,0.2,R3_render,8,0.03207,0.378591,0.107552
dinoL518,3000,0.2,R3_render,9,0.036023,0.399542,0.192179
dinoL518,3000,0.2,R3_render,10,0.034133,0.395583,0.121468
dinoL518,3000,0.2,R3_render,11,0.035118,0.399316,0.187847
dinoL518,3000,0.2,R3_render,12,0.035549,0.368935,0.212575
dinoL518,3000,0.2,R3_render,13,0.037357,0.382173,0.222445
dinoL518,3000,0.2,R3_render,14,0.035483,0.396634,0.183218
dinoL518,3000,0.2,R3_render,15,0.034773,0.391748,0.1962
dinoL518,3000,0.2,R3_render,16,0.03393,0.406431,0.170116
dinoL518,3000,0.2,R3_render,17,0.036352,0.420245,0.203198
dinoL518,3000,0.2,R3_render,18,0.036114,0.396083,0.187611
dinoL518,3000,0.2,R3_render,19,0.033775,0.408879,0.166195
dinoL518,3000,0.5,R2_cut,0,0.035592,0.427481,0.21789
dinoL518,3000,0.5,R2_cut,1,0.036695,0.435841,0.219895
dinoL518,3000,0.5,R2_cut,2,0.034996,0.424112,0.150846
dinoL518,3000,0.5,R2_cut,3,0.034913,0.43248,0.204879
dinoL518,3000,0.5,R2_cut,4,0.036782,0.431577,0.191473
dinoL518,3000,0.5,R2_cut,5,0.037619,0.431708,0.203847
dinoL518,3000,0.5,R2_cut,6,0.036206,0.433659,0.20458
dinoL518,3000,0.5,R2_cut,7,0.036168,0.434779,0.211181
dinoL518,3000,0.5,R2_cut,8,0.034499,0.423911,0.159569
dinoL518,3000,0.5,R2_cut,9,0.037331,0.441573,0.221794
dinoL518,3000,0.5,R2_cut,10,0.036084,0.439209,0.165471
dinoL518,3000,0.5,R2_cut,11,0.035973,0.435561,0.214189
dinoL518,3000,0.5,R2_cut,12,0.037321,0.432177,0.250499
dinoL518,3000,0.5,R2_cut,13,0.03789,0.443514,0.265263
dinoL518,3000,0.5,R2_cut,14,0.036812,0.440978,0.211281
dinoL518,3000,0.5,R2_cut,15,0.03677,0.43995,0.250172
dinoL518,3000,0.5,R2_cut,16,0.034828,0.43167,0.182528
dinoL518,3000,0.5,R2_cut,17,0.037672,0.445008,0.226551
dinoL518,3000,0.5,R2_cut,18,0.03695,0.441993,0.199558
dinoL518,3000,0.5,R2_cut,19,0.036216,0.433536,0.185447
dinoL518,3000,0.5,R3_render,0,0.033853,0.34389,0.153042
dinoL518,3000,0.5,R3_render,1,0.034371,0.363588,0.173603
dinoL518,3000,0.5,R3_render,2,0.033867,0.342189,0.123283
dinoL518,3000,0.5,R3_render,3,0.034272,0.324802,0.154148
dinoL518,3000,0.5,R3_render,4,0.035876,0.347089,0.158437
dinoL518,3000,0.5,R3_render,5,0.036794,0.334966,0.179911
dinoL518,3000,0.5,R3_render,6,0.034796,0.331545,0.188551
dinoL518,3000,0.5,R3_render,7,0.033565,0.333395,0.142614
dinoL518,3000,0.5,R3_render,8,0.03201,0.328159,0.1114
dinoL518,3000,0.5,R3_render,9,0.035452,0.347967,0.174159
dinoL518,3000,0.5,R3_render,10,0.033383,0.339134,0.110628
dinoL518,3000,0.5,R3_render,11,0.03409,0.338388,0.168876
dinoL518,3000,0.5,R3_render,12,0.035371,0.323858,0.202065
dinoL518,3000,0.5,R3_render,13,0.037119,0.339425,0.224606
dinoL518,3000,0.5,R3_render,14,0.035078,0.343193,0.12626
dinoL518,3000,0.5,R3_render,15,0.034596,0.344398,0.188727
dinoL518,3000,0.5,R3_render,16,0.032932,0.343493,0.143666
dinoL518,3000,0.5,R3_render,17,0.035412,0.35729,0.177163
dinoL518,3000,0.5,R3_render,18,0.035336,0.342976,0.151178
dinoL518,3000,0.5,R3_render,19,0.033142,0.348648,0.115229
dinoL518,3000,1.0,R2_cut,0,0.032813,0.413812,0.145865
dinoL518,3000,1.0,R2_cut,1,0.033527,0.413549,0.164144
dinoL518,3000,1.0,R2_cut,2,0.031618,0.403508,0.158303
dinoL518,3000,1.0,R2_cut,3,0.031793,0.416643,0.181617
dinoL518,3000,1.0,R2_cut,4,0.033299,0.413793,0.149787
dinoL518,3000,1.0,R2_cut,5,0.0338,0.413665,0.118981
dinoL518,3000,1.0,R2_cut,6,0.03261,0.417203,0.153029
dinoL518,3000,1.0,R2_cut,7,0.032611,0.41289,0.157376
dinoL518,3000,1.0,R2_cut,8,0.032746,0.420524,0.103065
dinoL518,3000,1.0,R2_cut,9,0.033579,0.422406,0.161259
dinoL518,3000,1.0,R2_cut,10,0.032611,0.417717,0.102477
dinoL518,3000,1.0,R2_cut,11,0.032197,0.413436,0.135313
dinoL518,3000,1.0,R2_cut,12,0.033908,0.418584,0.181747
dinoL518,3000,1.0,R2_cut,13,0.033733,0.425428,0.195375
dinoL518,3000,1.0,R2_cut,14,0.033754,0.429959,0.141396
dinoL518,3000,1.0,R2_cut,15,0.032889,0.429916,0.163341
dinoL518,3000,1.0,R2_cut,16,0.031178,0.410883,0.082295
dinoL518,3000,1.0,R2_cut,17,0.033618,0.417458,0.194355
dinoL518,3000,1.0,R2_cut,18,0.033799,0.421769,0.175234
dinoL518,3000,1.0,R2_cut,19,0.033439,0.422481,0.169019
dinoL518,3000,1.0,R3_render,0,0.0306,0.381492,0.120882
dinoL518,3000,1.0,R3_render,1,0.031643,0.384235,0.149629
dinoL518,3000,1.0,R3_render,2,0.030401,0.369952,0.13472
dinoL518,3000,1.0,R3_render,3,0.030683,0.359476,0.158713
dinoL518,3000,1.0,R3_render,4,0.031946,0.371107,0.135177
dinoL518,3000,1.0,R3_render,5,0.032719,0.361257,0.11738
dinoL518,3000,1.0,R3_render,6,0.030689,0.358812,0.110279
dinoL518,3000,1.0,R3_render,7,0.030282,0.365902,0.10679
dinoL518,3000,1.0,R3_render,8,0.030122,0.382443,0.056752
dinoL518,3000,1.0,R3_render,9,0.031154,0.371651,0.101617
dinoL518,3000,1.0,R3_render,10,0.030211,0.371891,0.065762
dinoL518,3000,1.0,R3_render,11,0.030333,0.368382,0.111351
dinoL518,3000,1.0,R3_render,12,0.031666,0.356265,0.136359
dinoL518,3000,1.0,R3_render,13,0.032513,0.359324,0.159214
dinoL518,3000,1.0,R3_render,14,0.031941,0.385365,0.110116
dinoL518,3000,1.0,R3_render,15,0.031093,0.380135,0.105742
dinoL518,3000,1.0,R3_render,16,0.029306,0.371243,0.0161
dinoL518,3000,1.0,R3_render,17,0.031236,0.376557,0.148008
dinoL518,3000,1.0,R3_render,18,0.03261,0.382712,0.14747
dinoL518,3000,1.0,R3_render,19,0.0308,0.387774,0.12182
dinoL518,3000,2.0,R2_cut,0,0.032066,0.393841,0.126575
dinoL518,3000,2.0,R2_cut,1,0.032811,0.391138,0.159002
dinoL518,3000,2.0,R2_cut,2,0.030841,0.383852,0.136848
dinoL518,3000,2.0,R2_cut,3,0.031178,0.395444,0.121011
dinoL518,3000,2.0,R2_cut,4,0.031878,0.389184,0.107269
dinoL518,3000,2.0,R2_cut,5,0.032637,0.399245,0.146597
dinoL518,3000,2.0,R2_cut,6,0.031448,0.391367,0.104076
dinoL518,3000,2.0,R2_cut,7,0.031938,0.395923,0.140909
dinoL518,3000,2.0,R2_cut,8,0.032348,0.399668,0.10218
dinoL518,3000,2.0,R2_cut,9,0.032201,0.398191,0.100423
dinoL518,3000,2.0,R2_cut,10,0.032157,0.398741,0.144711
dinoL518,3000,2.0,R2_cut,11,0.031789,0.393489,0.120122
dinoL518,3000,2.0,R2_cut,12,0.033144,0.408283,0.153458
dinoL518,3000,2.0,R2_cut,13,0.032205,0.404384,0.138404
dinoL518,3000,2.0,R2_cut,14,0.032796,0.410225,0.160947
dinoL518,3000,2.0,R2_cut,15,0.031509,0.406801,0.138387
dinoL518,3000,2.0,R2_cut,16,0.030161,0.381263,0.099311
dinoL518,3000,2.0,R2_cut,17,0.031762,0.392018,0.148494
dinoL518,3000,2.0,R2_cut,18,0.03287,0.401581,0.105059
dinoL518,3000,2.0,R2_cut,19,0.0323,0.394568,0.139892
dinoL518,3000,2.0,R3_render,0,0.030369,0.375903,0.102492
dinoL518,3000,2.0,R3_render,1,0.031886,0.364539,0.158709
dinoL518,3000,2.0,R3_render,2,0.030308,0.364784,0.136715
dinoL518,3000,2.0,R3_render,3,0.030465,0.372915,0.108936
dinoL518,3000,2.0,R3_render,4,0.031247,0.376016,0.09695
dinoL518,3000,2.0,R3_render,5,0.032018,0.380854,0.131882
dinoL518,3000,2.0,R3_render,6,0.030203,0.369967,0.062766
dinoL518,3000,2.0,R3_render,7,0.03054,0.369375,0.10762
dinoL518,3000,2.0,R3_render,8,0.030393,0.371829,0.052821
dinoL518,3000,2.0,R3_render,9,0.030522,0.376452,0.075764
dinoL518,3000,2.0,R3_render,10,0.030593,0.372403,0.080278
dinoL518,3000,2.0,R3_render,11,0.030739,0.373274,0.093069
dinoL518,3000,2.0,R3_render,12,0.031617,0.382804,0.097643
dinoL518,3000,2.0,R3_render,13,0.031443,0.375192,0.11331
dinoL518,3000,2.0,R3_render,14,0.031723,0.393871,0.155275
dinoL518,3000,2.0,R3_render,15,0.030713,0.381766,0.135766
dinoL518,3000,2.0,R3_render,16,0.029186,0.356174,0.063932
dinoL518,3000,2.0,R3_render,17,0.030089,0.367066,0.101446
dinoL518,3000,2.0,R3_render,18,0.032352,0.392001,0.127129
dinoL518,3000,2.0,R3_render,19,0.030801,0.366327,0.092645
dinoL518,3000,5.0,R2_cut,0,0.032441,0.395062,0.149942
dinoL518,3000,5.0,R2_cut,1,0.033038,0.390554,0.15297
dinoL518,3000,5.0,R2_cut,2,0.031096,0.382919,0.098601
dinoL518,3000,5.0,R2_cut,3,0.031546,0.395713,0.110304
dinoL518,3000,5.0,R2_cut,4,0.032089,0.390807,0.091163
dinoL518,3000,5.0,R2_cut,5,0.032869,0.403464,0.153116
dinoL518,3000,5.0,R2_cut,6,0.031592,0.389713,0.112916
dinoL518,3000,5.0,R2_cut,7,0.032369,0.399714,0.1504
dinoL518,3000,5.0,R2_cut,8,0.03272,0.399644,0.093071
dinoL518,3000,5.0,R2_cut,9,0.03205,0.392179,0.108748
dinoL518,3000,5.0,R2_cut,10,0.032708,0.402654,0.178466
dinoL518,3000,5.0,R2_cut,11,0.031999,0.391082,0.135014
dinoL518,3000,5.0,R2_cut,12,0.033466,0.41354,0.146943
dinoL518,3000,5.0,R2_cut,13,0.032089,0.402095,0.120898
dinoL518,3000,5.0,R2_cut,14,0.03274,0.406349,0.148147
dinoL518,3000,5.0,R2_cut,15,0.031365,0.401662,0.1071
dinoL518,3000,5.0,R2_cut,16,0.030706,0.383823,0.080212
dinoL518,3000,5.0,R2_cut,17,0.031692,0.389777,0.137455
dinoL518,3000,5.0,R2_cut,18,0.033109,0.401882,0.124828
dinoL518,3000,5.0,R2_cut,19,0.032536,0.394355,0.127142
dinoL518,3000,5.0,R3_render,0,0.030578,0.368775,0.10316
dinoL518,3000,5.0,R3_render,1,0.032022,0.352125,0.12727
dinoL518,3000,5.0,R3_render,2,0.030212,0.35298,0.103377
dinoL518,3000,5.0,R3_render,3,0.030353,0.372238,0.116775
dinoL518,3000,5.0,R3_render,4,0.031079,0.372971,0.085417
dinoL518,3000,5.0,R3_render,5,0.031797,0.387545,0.146402
dinoL518,3000,5.0,R3_render,6,0.029995,0.366892,0.057262
dinoL518,3000,5.0,R3_render,7,0.03082,0.366277,0.150494
dinoL518,3000,5.0,R3_render,8,0.030597,0.360104,0.057474
dinoL518,3000,5.0,R3_render,9,0.030065,0.364887,0.08206
dinoL518,3000,5.0,R3_render,10,0.030884,0.365967,0.102406
dinoL518,3000,5.0,R3_render,11,0.030563,0.361892,0.078772
dinoL518,3000,5.0,R3_render,12,0.031579,0.389225,0.11537
dinoL518,3000,5.0,R3_render,13,0.030904,0.378081,0.09934
dinoL518,3000,5.0,R3_render,14,0.031319,0.384171,0.118852
dinoL518,3000,5.0,R3_render,15,0.030442,0.371197,0.060582
dinoL518,3000,5.0,R3_render,16,0.029456,0.346342,0.061249
dinoL518,3000,5.0,R3_render,17,0.029713,0.354493,0.093184
dinoL518,3000,5.0,R3_render,18,0.032185,0.387659,0.130958
dinoL518,3000,5.0,R3_render,19,0.03094,0.353274,0.100098
dinoL518,3000,10.0,R2_cut,0,0.032815,0.398101,0.168191
dinoL518,3000,10.0,R2_cut,1,0.033369,0.392156,0.14065
dinoL518,3000,10.0,R2_cut,2,0.031315,0.382817,0.106186
dinoL518,3000,10.0,R2_cut,3,0.031708,0.395393,0.118879
dinoL518,3000,10.0,R2_cut,4,0.032357,0.392775,0.105612
dinoL518,3000,10.0,R2_cut,5,0.033035,0.404958,0.11733
dinoL518,3000,10.0,R2_cut,6,0.031898,0.391521,0.118329
dinoL518,3000,10.0,R2_cut,7,0.032701,0.403554,0.123832
dinoL518,3000,10.0,R2_cut,8,0.032989,0.39986,0.095988
dinoL518,3000,10.0,R2_cut,9,0.03227,0.394151,0.118695
dinoL518,3000,10.0,R2_cut,10,0.032849,0.402723,0.113158
dinoL518,3000,10.0,R2_cut,11,0.032249,0.393021,0.104711
dinoL518,3000,10.0,R2_cut,12,0.033611,0.413937,0.175728
dinoL518,3000,10.0,R2_cut,13,0.032198,0.403197,0.145469
dinoL518,3000,10.0,R2_cut,14,0.033034,0.408726,0.15696
dinoL518,3000,10.0,R2_cut,15,0.03155,0.401845,0.129219
dinoL518,3000,10.0,R2_cut,16,0.030954,0.384862,0.04409
dinoL518,3000,10.0,R2_cut,17,0.031973,0.390888,0.16225
dinoL518,3000,10.0,R2_cut,18,0.033273,0.403833,0.15326
dinoL518,3000,10.0,R2_cut,19,0.032916,0.396989,0.127481
dinoL518,3000,10.0,R3_render,0,0.031024,0.369594,0.1238
dinoL518,3000,10.0,R3_render,1,0.032395,0.350654,0.11638
dinoL518,3000,10.0,R3_render,2,0.030523,0.350827,0.103734
dinoL518,3000,10.0,R3_render,3,0.030528,0.372566,0.125632
dinoL518,3000,10.0,R3_render,4,0.031368,0.374857,0.103715
dinoL518,3000,10.0,R3_render,5,0.031995,0.391192,0.095559
dinoL518,3000,10.0,R3_render,6,0.030212,0.367092,0.07445
dinoL518,3000,10.0,R3_render,7,0.031304,0.36889,0.112978
dinoL518,3000,10.0,R3_render,8,0.030906,0.357139,0.054978
dinoL518,3000,10.0,R3_render,9,0.030376,0.36565,0.093426
dinoL518,3000,10.0,R3_render,10,0.031167,0.363974,0.071002
dinoL518,3000,10.0,R3_render,11,0.030974,0.363124,0.100874
dinoL518,3000,10.0,R3_render,12,0.031813,0.392486,0.143783
dinoL518,3000,10.0,R3_render,13,0.031078,0.382049,0.135451
dinoL518,3000,10.0,R3_render,14,0.031578,0.383741,0.138602
dinoL518,3000,10.0,R3_render,15,0.030654,0.369514,0.109668
dinoL518,3000,10.0,R3_render,16,0.029868,0.345781,0.037068
dinoL518,3000,10.0,R3_render,17,0.029971,0.352727,0.117881
dinoL518,3000,10.0,R3_render,18,0.032341,0.387734,0.149327
dinoL518,3000,10.0,R3_render,19,0.031403,0.353136,0.097615
dinoL518,3000,20.0,R2_cut,0,0.03306,0.399228,0.133021
dinoL518,3000,20.0,R2_cut,1,0.033502,0.391687,0.153282
dinoL518,3000,20.0,R2_cut,2,0.031598,0.382344,0.106186
dinoL518,3000,20.0,R2_cut,3,0.031972,0.393365,0.122173
dinoL518,3000,20.0,R2_cut,4,0.032381,0.392582,0.120871
dinoL518,3000,20.0,R2_cut,5,0.032934,0.404818,0.117792
dinoL518,3000,20.0,R2_cut,6,0.032111,0.392062,0.095256
dinoL518,3000,20.0,R2_cut,7,0.032733,0.402945,0.094043
dinoL518,3000,20.0,R2_cut,8,0.033247,0.400272,0.112301
dinoL518,3000,20.0,R2_cut,9,0.0323,0.394527,0.124136
dinoL518,3000,20.0,R2_cut,10,0.032877,0.399588,0.139945
dinoL518,3000,20.0,R2_cut,11,0.03224,0.392049,0.113944
dinoL518,3000,20.0,R2_cut,12,0.033399,0.413969,0.174535
dinoL518,3000,20.0,R2_cut,13,0.032196,0.403946,0.144799
dinoL518,3000,20.0,R2_cut,14,0.033033,0.407116,0.171271
dinoL518,3000,20.0,R2_cut,15,0.031665,0.402278,0.103654
dinoL518,3000,20.0,R2_cut,16,0.031369,0.387124,0.094157
dinoL518,3000,20.0,R2_cut,17,0.03191,0.389155,0.099946
dinoL518,3000,20.0,R2_cut,18,0.033378,0.404389,0.156534
dinoL518,3000,20.0,R2_cut,19,0.032999,0.394937,0.122916
dinoL518,3000,20.0,R3_render,0,0.031449,0.36555,0.125819
dinoL518,3000,20.0,R3_render,1,0.032794,0.346161,0.141885
dinoL518,3000,20.0,R3_render,2,0.030966,0.34658,0.094721
dinoL518,3000,20.0,R3_render,3,0.030852,0.37071,0.080742
dinoL518,3000,20.0,R3_render,4,0.031506,0.372081,0.112207
dinoL518,3000,20.0,R3_render,5,0.031985,0.392773,0.080569
dinoL518,3000,20.0,R3_render,6,0.030578,0.367205,0.041142
dinoL518,3000,20.0,R3_render,7,0.031555,0.363503,0.038218
dinoL518,3000,20.0,R3_render,8,0.031431,0.353057,0.081833
dinoL518,3000,20.0,R3_render,9,0.030614,0.362361,0.102085
dinoL518,3000,20.0,R3_render,10,0.031457,0.357097,0.097274
dinoL518,3000,20.0,R3_render,11,0.031086,0.357127,0.123
dinoL518,3000,20.0,R3_render,12,0.03168,0.39132,0.094334
dinoL518,3000,20.0,R3_render,13,0.031081,0.384967,0.121108
dinoL518,3000,20.0,R3_render,14,0.031696,0.379429,0.155566
dinoL518,3000,20.0,R3_render,15,0.030885,0.364472,0.087372
dinoL518,3000,20.0,R3_render,16,0.030466,0.342124,0.08204
dinoL518,3000,20.0,R3_render,17,0.03017,0.347435,0.077875
dinoL518,3000,20.0,R3_render,18,0.032714,0.388775,0.160391
dinoL518,3000,20.0,R3_render,19,0.031752,0.346605,0.083601
dinoL518,3000,40.0,R2_cut,0,0.032633,0.393754,0.151081
dinoL518,3000,40.0,R2_cut,1,0.033197,0.386559,0.121794
dinoL518,3000,40.0,R2_cut,2,0.031429,0.381572,0.137498
dinoL518,3000,40.0,R2_cut,3,0.031689,0.390633,0.142859
dinoL518,3000,40.0,R2_cut,4,0.032299,0.391772,0.11877
dinoL518,3000,40.0,R2_cut,5,0.032753,0.400802,0.11382
dinoL518,3000,40.0,R2_cut,6,0.031926,0.390367,0.14387
dinoL518,3000,40.0,R2_cut,7,0.032536,0.399668,0.118126
dinoL518,3000,40.0,R2_cut,8,0.033132,0.398725,0.098839
dinoL518,3000,40.0,R2_cut,9,0.032037,0.390574,0.111424
dinoL518,3000,40.0,R2_cut,10,0.032569,0.3969,0.143203
dinoL518,3000,40.0,R2_cut,11,0.031889,0.387499,0.127957
dinoL518,3000,40.0,R2_cut,12,0.033422,0.412147,0.192769
dinoL518,3000,40.0,R2_cut,13,0.03189,0.398396,0.129057
dinoL518,3000,40.0,R2_cut,14,0.033007,0.405124,0.126765
dinoL518,3000,40.0,R2_cut,15,0.031312,0.396901,0.106486
dinoL518,3000,40.0,R2_cut,16,0.030934,0.381495,0.054655
dinoL518,3000,40.0,R2_cut,17,0.031922,0.386974,0.133563
dinoL518,3000,40.0,R2_cut,18,0.032982,0.39786,0.155105
dinoL518,3000,40.0,R2_cut,19,0.032779,0.390948,0.13032
dinoL518,3000,40.0,R3_render,0,0.030676,0.357457,0.107558
dinoL518,3000,40.0,R3_render,1,0.032174,0.340051,0.09003
dinoL518,3000,40.0,R3_render,2,0.03051,0.343758,0.133778
dinoL518,3000,40.0,R3_render,3,0.030227,0.363031,0.120416
dinoL518,3000,40.0,R3_render,4,0.031029,0.367911,0.118212
dinoL518,3000,40.0,R3_render,5,0.031513,0.384786,0.118625
dinoL518,3000,40.0,R3_render,6,0.029978,0.360376,0.062975
dinoL518,3000,40.0,R3_render,7,0.031035,0.35921,0.115059
dinoL518,3000,40.0,R3_render,8,0.03094,0.350291,0.071073
dinoL518,3000,40.0,R3_render,9,0.030065,0.356582,0.079777
dinoL518,3000,40.0,R3_render,10,0.030818,0.351979,0.1009
dinoL518,3000,40.0,R3_render,11,0.030524,0.350952,0.086443
dinoL518,3000,40.0,R3_render,12,0.031335,0.386301,0.15477
dinoL518,3000,40.0,R3_render,13,0.03065,0.376973,0.113128
dinoL518,3000,40.0,R3_render,14,0.031352,0.37511,0.093283
dinoL518,3000,40.0,R3_render,15,0.030222,0.357742,0.05384
dinoL518,3000,40.0,R3_render,16,0.029681,0.334297,0.049712
dinoL518,3000,40.0,R3_render,17,0.029799,0.344098,0.08877
dinoL518,3000,40.0,R3_render,18,0.031982,0.379991,0.144928
dinoL518,3000,40.0,R3_render,19,0.031127,0.34038,0.076141
dinoL518,4447,0.02,R2_cut,0,0.0,0.0,-0.31845
dinoL518,4447,0.02,R2_cut,1,0.0,-0.0,-0.346447
dinoL518,4447,0.02,R2_cut,2,0.0,0.0,-0.345912
dinoL518,4447,0.02,R2_cut,3,0.0,0.0,-0.344863
dinoL518,4447,0.02,R2_cut,4,0.0,0.0,-0.366076
dinoL518,4447,0.02,R2_cut,5,0.0,-0.0,-0.348524
dinoL518,4447,0.02,R2_cut,6,0.0,0.0,-0.365818
dinoL518,4447,0.02,R2_cut,7,0.0,0.0,-0.333909
dinoL518,4447,0.02,R2_cut,8,0.0,0.0,-0.3717
dinoL518,4447,0.02,R2_cut,9,0.0,0.0,-0.321176
dinoL518,4447,0.02,R2_cut,10,0.0,0.0,-0.343972
dinoL518,4447,0.02,R2_cut,11,0.0,0.0,-0.338056
dinoL518,4447,0.02,R2_cut,12,0.0,0.0,-0.352225
dinoL518,4447,0.02,R2_cut,13,0.0,0.0,-0.354301
dinoL518,4447,0.02,R2_cut,14,0.0,0.0,-0.350735
dinoL518,4447,0.02,R2_cut,15,0.0,0.0,-0.35852
dinoL518,4447,0.02,R2_cut,16,0.0,0.0,-0.320963
dinoL518,4447,0.02,R2_cut,17,0.0,0.0,-0.338342
dinoL518,4447,0.02,R2_cut,18,0.0,0.0,-0.384187
dinoL518,4447,0.02,R2_cut,19,0.0,0.0,-0.341484
dinoL518,4447,0.02,R3_render,0,0.0,0.0,-0.329708
dinoL518,4447,0.02,R3_render,1,0.0,0.0,-0.306917
dinoL518,4447,0.02,R3_render,2,0.0,-0.0,-0.300805
dinoL518,4447,0.02,R3_render,3,0.0,0.0,-0.30528
dinoL518,4447,0.02,R3_render,4,0.0,0.0,-0.357972
dinoL518,4447,0.02,R3_render,5,0.0,0.0,-0.339311
dinoL518,4447,0.02,R3_render,6,0.0,0.0,-0.350524
dinoL518,4447,0.02,R3_render,7,0.0,0.0,-0.340445
dinoL518,4447,0.02,R3_render,8,0.0,0.0,-0.357148
dinoL518,4447,0.02,R3_render,9,0.0,0.0,-0.319888
dinoL518,4447,0.02,R3_render,10,0.0,0.0,-0.315382
dinoL518,4447,0.02,R3_render,11,0.0,0.0,-0.332891
dinoL518,4447,0.02,R3_render,12,0.0,0.0,-0.370905
dinoL518,4447,0.02,R3_render,13,0.0,0.0,-0.360698
dinoL518,4447,0.02,R3_render,14,0.0,-0.0,-0.275048
dinoL518,4447,0.02,R3_render,15,0.0,0.0,-0.347007
dinoL518,4447,0.02,R3_render,16,0.0,0.0,-0.26188
dinoL518,4447,0.02,R3_render,17,0.0,0.0,-0.358119
dinoL518,4447,0.02,R3_render,18,0.0,0.0,-0.381257
dinoL518,4447,0.02,R3_render,19,0.0,0.0,-0.337344
dinoL518,4447,0.05,R2_cut,0,0.0,0.0,-0.31845
dinoL518,4447,0.05,R2_cut,1,0.0,-0.0,-0.346447
dinoL518,4447,0.05,R2_cut,2,0.0,0.0,-0.345912
dinoL518,4447,0.05,R2_cut,3,0.0,0.0,-0.344863
dinoL518,4447,0.05,R2_cut,4,0.0,0.0,-0.366076
dinoL518,4447,0.05,R2_cut,5,0.0,-0.0,-0.348524
dinoL518,4447,0.05,R2_cut,6,0.0,0.0,-0.365818
dinoL518,4447,0.05,R2_cut,7,0.0,0.0,-0.333909
dinoL518,4447,0.05,R2_cut,8,0.0,0.0,-0.3717
dinoL518,4447,0.05,R2_cut,9,0.0,0.0,-0.321176
dinoL518,4447,0.05,R2_cut,10,0.0,0.0,-0.343972
dinoL518,4447,0.05,R2_cut,11,0.0,0.0,-0.338056
dinoL518,4447,0.05,R2_cut,12,0.0,0.0,-0.352225
dinoL518,4447,0.05,R2_cut,13,0.0,0.0,-0.354301
dinoL518,4447,0.05,R2_cut,14,0.0,0.0,-0.350735
dinoL518,4447,0.05,R2_cut,15,0.0,0.0,-0.35852
dinoL518,4447,0.05,R2_cut,16,0.0,0.0,-0.320963
dinoL518,4447,0.05,R2_cut,17,0.0,0.0,-0.338342
dinoL518,4447,0.05,R2_cut,18,0.0,0.0,-0.384187
dinoL518,4447,0.05,R2_cut,19,0.0,0.0,-0.341484
dinoL518,4447,0.05,R3_render,0,0.0,0.0,-0.329708
dinoL518,4447,0.05,R3_render,1,0.0,0.0,-0.306917
dinoL518,4447,0.05,R3_render,2,0.0,-0.0,-0.300805
dinoL518,4447,0.05,R3_render,3,0.0,0.0,-0.30528
dinoL518,4447,0.05,R3_render,4,0.0,0.0,-0.357972
dinoL518,4447,0.05,R3_render,5,0.0,0.0,-0.339311
dinoL518,4447,0.05,R3_render,6,0.0,0.0,-0.350524
dinoL518,4447,0.05,R3_render,7,0.0,0.0,-0.340445
dinoL518,4447,0.05,R3_render,8,0.0,0.0,-0.357148
dinoL518,4447,0.05,R3_render,9,0.0,0.0,-0.319888
dinoL518,4447,0.05,R3_render,10,0.0,0.0,-0.315382
dinoL518,4447,0.05,R3_render,11,0.0,0.0,-0.332891
dinoL518,4447,0.05,R3_render,12,0.0,0.0,-0.370905
dinoL518,4447,0.05,R3_render,13,0.0,0.0,-0.360698
dinoL518,4447,0.05,R3_render,14,0.0,-0.0,-0.275048
dinoL518,4447,0.05,R3_render,15,0.0,0.0,-0.347007
dinoL518,4447,0.05,R3_render,16,0.0,0.0,-0.26188
dinoL518,4447,0.05,R3_render,17,0.0,0.0,-0.358119
dinoL518,4447,0.05,R3_render,18,0.0,0.0,-0.381257
dinoL518,4447,0.05,R3_render,19,0.0,0.0,-0.337344
dinoL518,4447,0.1,R2_cut,0,0.0,0.0,-0.31845
dinoL518,4447,0.1,R2_cut,1,0.0,-0.0,-0.346447
dinoL518,4447,0.1,R2_cut,2,0.0,0.0,-0.345912
dinoL518,4447,0.1,R2_cut,3,0.0,0.0,-0.344863
dinoL518,4447,0.1,R2_cut,4,0.0,0.0,-0.366076
dinoL518,4447,0.1,R2_cut,5,0.0,-0.0,-0.348524
dinoL518,4447,0.1,R2_cut,6,0.0,0.0,-0.365818
dinoL518,4447,0.1,R2_cut,7,0.0,0.0,-0.333909
dinoL518,4447,0.1,R2_cut,8,0.0,0.0,-0.3717
dinoL518,4447,0.1,R2_cut,9,0.0,0.0,-0.321176
dinoL518,4447,0.1,R2_cut,10,0.0,0.0,-0.343972
dinoL518,4447,0.1,R2_cut,11,0.0,0.0,-0.338056
dinoL518,4447,0.1,R2_cut,12,0.0,0.0,-0.352225
dinoL518,4447,0.1,R2_cut,13,0.0,0.0,-0.354301
dinoL518,4447,0.1,R2_cut,14,0.0,0.0,-0.350735
dinoL518,4447,0.1,R2_cut,15,0.0,0.0,-0.35852
dinoL518,4447,0.1,R2_cut,16,0.0,0.0,-0.320963
dinoL518,4447,0.1,R2_cut,17,0.0,0.0,-0.338342
dinoL518,4447,0.1,R2_cut,18,0.0,0.0,-0.384187
dinoL518,4447,0.1,R2_cut,19,0.0,0.0,-0.341484
dinoL518,4447,0.1,R3_render,0,0.0,0.0,-0.329708
dinoL518,4447,0.1,R3_render,1,0.0,0.0,-0.306917
dinoL518,4447,0.1,R3_render,2,0.0,-0.0,-0.300805
dinoL518,4447,0.1,R3_render,3,0.0,0.0,-0.30528
dinoL518,4447,0.1,R3_render,4,0.0,0.0,-0.357972
dinoL518,4447,0.1,R3_render,5,0.0,0.0,-0.339311
dinoL518,4447,0.1,R3_render,6,0.0,0.0,-0.350524
dinoL518,4447,0.1,R3_render,7,0.0,0.0,-0.340445
dinoL518,4447,0.1,R3_render,8,0.0,0.0,-0.357148
dinoL518,4447,0.1,R3_render,9,0.0,0.0,-0.319888
dinoL518,4447,0.1,R3_render,10,0.0,0.0,-0.315382
dinoL518,4447,0.1,R3_render,11,0.0,0.0,-0.332891
dinoL518,4447,0.1,R3_render,12,0.0,0.0,-0.370905
dinoL518,4447,0.1,R3_render,13,0.0,0.0,-0.360698
dinoL518,4447,0.1,R3_render,14,0.0,-0.0,-0.275048
dinoL518,4447,0.1,R3_render,15,0.0,0.0,-0.347007
dinoL518,4447,0.1,R3_render,16,0.0,0.0,-0.26188
dinoL518,4447,0.1,R3_render,17,0.0,0.0,-0.358119
dinoL518,4447,0.1,R3_render,18,0.0,0.0,-0.381257
dinoL518,4447,0.1,R3_render,19,0.0,0.0,-0.337344
dinoL518,4447,0.2,R2_cut,0,0.0,0.0,-0.31845
dinoL518,4447,0.2,R2_cut,1,0.0,-0.0,-0.346447
dinoL518,4447,0.2,R2_cut,2,0.0,0.0,-0.345912
dinoL518,4447,0.2,R2_cut,3,0.0,0.0,-0.344863
dinoL518,4447,0.2,R2_cut,4,0.0,0.0,-0.366076
dinoL518,4447,0.2,R2_cut,5,0.0,-0.0,-0.348524
dinoL518,4447,0.2,R2_cut,6,0.0,0.0,-0.365818
dinoL518,4447,0.2,R2_cut,7,0.0,0.0,-0.333909
dinoL518,4447,0.2,R2_cut,8,0.0,0.0,-0.3717
dinoL518,4447,0.2,R2_cut,9,0.0,0.0,-0.321176
dinoL518,4447,0.2,R2_cut,10,0.0,0.0,-0.343972
dinoL518,4447,0.2,R2_cut,11,0.0,0.0,-0.338056
dinoL518,4447,0.2,R2_cut,12,0.0,0.0,-0.352225
dinoL518,4447,0.2,R2_cut,13,0.0,0.0,-0.354301
dinoL518,4447,0.2,R2_cut,14,0.0,0.0,-0.350735
dinoL518,4447,0.2,R2_cut,15,0.0,0.0,-0.35852
dinoL518,4447,0.2,R2_cut,16,0.0,0.0,-0.320963
dinoL518,4447,0.2,R2_cut,17,0.0,0.0,-0.338342
dinoL518,4447,0.2,R2_cut,18,0.0,0.0,-0.384187
dinoL518,4447,0.2,R2_cut,19,0.0,0.0,-0.341484
dinoL518,4447,0.2,R3_render,0,0.0,0.0,-0.329708
dinoL518,4447,0.2,R3_render,1,0.0,0.0,-0.306917
dinoL518,4447,0.2,R3_render,2,0.0,-0.0,-0.300805
dinoL518,4447,0.2,R3_render,3,0.0,0.0,-0.30528
dinoL518,4447,0.2,R3_render,4,0.0,0.0,-0.357972
dinoL518,4447,0.2,R3_render,5,0.0,0.0,-0.339311
dinoL518,4447,0.2,R3_render,6,0.0,0.0,-0.350524
dinoL518,4447,0.2,R3_render,7,0.0,0.0,-0.340445
dinoL518,4447,0.2,R3_render,8,0.0,0.0,-0.357148
dinoL518,4447,0.2,R3_render,9,0.0,0.0,-0.319888
dinoL518,4447,0.2,R3_render,10,0.0,0.0,-0.315382
dinoL518,4447,0.2,R3_render,11,0.0,0.0,-0.332891
dinoL518,4447,0.2,R3_render,12,0.0,0.0,-0.370905
dinoL518,4447,0.2,R3_render,13,0.0,0.0,-0.360698
dinoL518,4447,0.2,R3_render,14,0.0,-0.0,-0.275048
dinoL518,4447,0.2,R3_render,15,0.0,0.0,-0.347007
dinoL518,4447,0.2,R3_render,16,0.0,0.0,-0.26188
dinoL518,4447,0.2,R3_render,17,0.0,0.0,-0.358119
dinoL518,4447,0.2,R3_render,18,0.0,0.0,-0.381257
dinoL518,4447,0.2,R3_render,19,0.0,0.0,-0.337344
dinoL518,4447,0.5,R2_cut,0,0.0,0.0,-0.31845
dinoL518,4447,0.5,R2_cut,1,0.0,-0.0,-0.346447
dinoL518,4447,0.5,R2_cut,2,0.0,0.0,-0.345912
dinoL518,4447,0.5,R2_cut,3,0.0,0.0,-0.344863
dinoL518,4447,0.5,R2_cut,4,0.0,0.0,-0.366076
dinoL518,4447,0.5,R2_cut,5,0.0,-0.0,-0.348524
dinoL518,4447,0.5,R2_cut,6,0.0,0.0,-0.365818
dinoL518,4447,0.5,R2_cut,7,0.0,0.0,-0.333909
dinoL518,4447,0.5,R2_cut,8,0.0,0.0,-0.3717
dinoL518,4447,0.5,R2_cut,9,0.0,0.0,-0.321176
dinoL518,4447,0.5,R2_cut,10,0.0,0.0,-0.343972
dinoL518,4447,0.5,R2_cut,11,0.0,0.0,-0.338056
dinoL518,4447,0.5,R2_cut,12,0.0,0.0,-0.352225
dinoL518,4447,0.5,R2_cut,13,0.0,0.0,-0.354301
dinoL518,4447,0.5,R2_cut,14,0.0,0.0,-0.350735
dinoL518,4447,0.5,R2_cut,15,0.0,0.0,-0.35852
dinoL518,4447,0.5,R2_cut,16,0.0,0.0,-0.320963
dinoL518,4447,0.5,R2_cut,17,0.0,0.0,-0.338342
dinoL518,4447,0.5,R2_cut,18,0.0,0.0,-0.384187
dinoL518,4447,0.5,R2_cut,19,0.0,0.0,-0.341484
dinoL518,4447,0.5,R3_render,0,0.0,0.0,-0.329708
dinoL518,4447,0.5,R3_render,1,0.0,0.0,-0.306917
dinoL518,4447,0.5,R3_render,2,0.0,-0.0,-0.300805
dinoL518,4447,0.5,R3_render,3,0.0,0.0,-0.30528
dinoL518,4447,0.5,R3_render,4,0.0,0.0,-0.357972
dinoL518,4447,0.5,R3_render,5,0.0,0.0,-0.339311
dinoL518,4447,0.5,R3_render,6,0.0,0.0,-0.350524
dinoL518,4447,0.5,R3_render,7,0.0,0.0,-0.340445
dinoL518,4447,0.5,R3_render,8,0.0,0.0,-0.357148
dinoL518,4447,0.5,R3_render,9,0.0,0.0,-0.319888
dinoL518,4447,0.5,R3_render,10,0.0,0.0,-0.315382
dinoL518,4447,0.5,R3_render,11,0.0,0.0,-0.332891
dinoL518,4447,0.5,R3_render,12,0.0,0.0,-0.370905
dinoL518,4447,0.5,R3_render,13,0.0,0.0,-0.360698
dinoL518,4447,0.5,R3_render,14,0.0,-0.0,-0.275048
dinoL518,4447,0.5,R3_render,15,0.0,0.0,-0.347007
dinoL518,4447,0.5,R3_render,16,0.0,0.0,-0.26188
dinoL518,4447,0.5,R3_render,17,0.0,0.0,-0.358119
dinoL518,4447,0.5,R3_render,18,0.0,0.0,-0.381257
dinoL518,4447,0.5,R3_render,19,0.0,0.0,-0.337344
dinoL518,4447,1.0,R2_cut,0,0.0,0.0,-0.31845
dinoL518,4447,1.0,R2_cut,1,0.0,-0.0,-0.346447
dinoL518,4447,1.0,R2_cut,2,0.0,0.0,-0.345912
dinoL518,4447,1.0,R2_cut,3,0.0,0.0,-0.344863
dinoL518,4447,1.0,R2_cut,4,0.0,0.0,-0.366076
dinoL518,4447,1.0,R2_cut,5,0.0,-0.0,-0.348524
dinoL518,4447,1.0,R2_cut,6,0.0,0.0,-0.365818
dinoL518,4447,1.0,R2_cut,7,0.0,0.0,-0.333909
dinoL518,4447,1.0,R2_cut,8,0.0,0.0,-0.3717
dinoL518,4447,1.0,R2_cut,9,0.0,0.0,-0.321176
dinoL518,4447,1.0,R2_cut,10,0.0,0.0,-0.343972
dinoL518,4447,1.0,R2_cut,11,0.0,0.0,-0.338056
dinoL518,4447,1.0,R2_cut,12,0.0,0.0,-0.352225
dinoL518,4447,1.0,R2_cut,13,0.0,0.0,-0.354301
dinoL518,4447,1.0,R2_cut,14,0.0,0.0,-0.350735
dinoL518,4447,1.0,R2_cut,15,0.0,0.0,-0.35852
dinoL518,4447,1.0,R2_cut,16,0.0,0.0,-0.320963
dinoL518,4447,1.0,R2_cut,17,0.0,0.0,-0.338342
dinoL518,4447,1.0,R2_cut,18,0.0,0.0,-0.384187
dinoL518,4447,1.0,R2_cut,19,0.0,0.0,-0.341484
dinoL518,4447,1.0,R3_render,0,0.0,0.0,-0.329708
dinoL518,4447,1.0,R3_render,1,0.0,0.0,-0.306917
dinoL518,4447,1.0,R3_render,2,0.0,-0.0,-0.300805
dinoL518,4447,1.0,R3_render,3,0.0,0.0,-0.30528
dinoL518,4447,1.0,R3_render,4,0.0,0.0,-0.357972
dinoL518,4447,1.0,R3_render,5,0.0,0.0,-0.339311
dinoL518,4447,1.0,R3_render,6,0.0,0.0,-0.350524
dinoL518,4447,1.0,R3_render,7,0.0,0.0,-0.340445
dinoL518,4447,1.0,R3_render,8,0.0,0.0,-0.357148
dinoL518,4447,1.0,R3_render,9,0.0,0.0,-0.319888
dinoL518,4447,1.0,R3_render,10,0.0,0.0,-0.315382
dinoL518,4447,1.0,R3_render,11,0.0,0.0,-0.332891
dinoL518,4447,1.0,R3_render,12,0.0,0.0,-0.370905
dinoL518,4447,1.0,R3_render,13,0.0,0.0,-0.360698
dinoL518,4447,1.0,R3_render,14,0.0,-0.0,-0.275048
dinoL518,4447,1.0,R3_render,15,0.0,0.0,-0.347007
dinoL518,4447,1.0,R3_render,16,0.0,0.0,-0.26188
dinoL518,4447,1.0,R3_render,17,0.0,0.0,-0.358119
dinoL518,4447,1.0,R3_render,18,0.0,0.0,-0.381257
dinoL518,4447,1.0,R3_render,19,0.0,0.0,-0.337344
dinoL518,4447,2.0,R2_cut,0,0.0,0.0,-0.31845
dinoL518,4447,2.0,R2_cut,1,0.0,-0.0,-0.346447
dinoL518,4447,2.0,R2_cut,2,0.0,0.0,-0.345912
dinoL518,4447,2.0,R2_cut,3,0.0,0.0,-0.344863
dinoL518,4447,2.0,R2_cut,4,0.0,0.0,-0.366076
dinoL518,4447,2.0,R2_cut,5,0.0,-0.0,-0.348524
dinoL518,4447,2.0,R2_cut,6,0.0,0.0,-0.365818
dinoL518,4447,2.0,R2_cut,7,0.0,0.0,-0.333909
dinoL518,4447,2.0,R2_cut,8,0.0,0.0,-0.3717
dinoL518,4447,2.0,R2_cut,9,0.0,0.0,-0.321176
dinoL518,4447,2.0,R2_cut,10,0.0,0.0,-0.343972
dinoL518,4447,2.0,R2_cut,11,0.0,0.0,-0.338056
dinoL518,4447,2.0,R2_cut,12,0.0,0.0,-0.352225
dinoL518,4447,2.0,R2_cut,13,0.0,0.0,-0.354301
dinoL518,4447,2.0,R2_cut,14,0.0,0.0,-0.350735
dinoL518,4447,2.0,R2_cut,15,0.0,0.0,-0.35852
dinoL518,4447,2.0,R2_cut,16,0.0,0.0,-0.320963
dinoL518,4447,2.0,R2_cut,17,0.0,0.0,-0.338342
dinoL518,4447,2.0,R2_cut,18,0.0,0.0,-0.384187
dinoL518,4447,2.0,R2_cut,19,0.0,0.0,-0.341484
dinoL518,4447,2.0,R3_render,0,0.0,0.0,-0.329708
dinoL518,4447,2.0,R3_render,1,0.0,0.0,-0.306917
dinoL518,4447,2.0,R3_render,2,0.0,-0.0,-0.300805
dinoL518,4447,2.0,R3_render,3,0.0,0.0,-0.30528
dinoL518,4447,2.0,R3_render,4,0.0,0.0,-0.357972
dinoL518,4447,2.0,R3_render,5,0.0,0.0,-0.339311
dinoL518,4447,2.0,R3_render,6,0.0,0.0,-0.350524
dinoL518,4447,2.0,R3_render,7,0.0,0.0,-0.340445
dinoL518,4447,2.0,R3_render,8,0.0,0.0,-0.357148
dinoL518,4447,2.0,R3_render,9,0.0,0.0,-0.319888
dinoL518,4447,2.0,R3_render,10,0.0,0.0,-0.315382
dinoL518,4447,2.0,R3_render,11,0.0,0.0,-0.332891
dinoL518,4447,2.0,R3_render,12,0.0,0.0,-0.370905
dinoL518,4447,2.0,R3_render,13,0.0,0.0,-0.360698
dinoL518,4447,2.0,R3_render,14,0.0,-0.0,-0.275048
dinoL518,4447,2.0,R3_render,15,0.0,0.0,-0.347007
dinoL518,4447,2.0,R3_render,16,0.0,0.0,-0.26188
dinoL518,4447,2.0,R3_render,17,0.0,0.0,-0.358119
dinoL518,4447,2.0,R3_render,18,0.0,0.0,-0.381257
dinoL518,4447,2.0,R3_render,19,0.0,0.0,-0.337344
dinoL518,4447,5.0,R2_cut,0,0.0,0.0,-0.31845
dinoL518,4447,5.0,R2_cut,1,0.0,-0.0,-0.346447
dinoL518,4447,5.0,R2_cut,2,0.0,0.0,-0.345912
dinoL518,4447,5.0,R2_cut,3,0.0,0.0,-0.344863
dinoL518,4447,5.0,R2_cut,4,0.0,0.0,-0.366076
dinoL518,4447,5.0,R2_cut,5,0.0,-0.0,-0.348524
dinoL518,4447,5.0,R2_cut,6,0.0,0.0,-0.365818
dinoL518,4447,5.0,R2_cut,7,0.0,0.0,-0.333909
dinoL518,4447,5.0,R2_cut,8,0.0,0.0,-0.3717
dinoL518,4447,5.0,R2_cut,9,0.0,0.0,-0.321176
dinoL518,4447,5.0,R2_cut,10,0.0,0.0,-0.343972
dinoL518,4447,5.0,R2_cut,11,0.0,0.0,-0.338056
dinoL518,4447,5.0,R2_cut,12,0.0,0.0,-0.352225
dinoL518,4447,5.0,R2_cut,13,0.0,0.0,-0.354301
dinoL518,4447,5.0,R2_cut,14,0.0,0.0,-0.350735
dinoL518,4447,5.0,R2_cut,15,0.0,0.0,-0.35852
dinoL518,4447,5.0,R2_cut,16,0.0,0.0,-0.320963
dinoL518,4447,5.0,R2_cut,17,0.0,0.0,-0.338342
dinoL518,4447,5.0,R2_cut,18,0.0,0.0,-0.384187
dinoL518,4447,5.0,R2_cut,19,0.0,0.0,-0.341484
dinoL518,4447,5.0,R3_render,0,0.0,0.0,-0.329708
dinoL518,4447,5.0,R3_render,1,0.0,0.0,-0.306917
dinoL518,4447,5.0,R3_render,2,0.0,-0.0,-0.300805
dinoL518,4447,5.0,R3_render,3,0.0,0.0,-0.30528
dinoL518,4447,5.0,R3_render,4,0.0,0.0,-0.357972
dinoL518,4447,5.0,R3_render,5,0.0,0.0,-0.339311
dinoL518,4447,5.0,R3_render,6,0.0,0.0,-0.350524
dinoL518,4447,5.0,R3_render,7,0.0,0.0,-0.340445
dinoL518,4447,5.0,R3_render,8,0.0,0.0,-0.357148
dinoL518,4447,5.0,R3_render,9,0.0,0.0,-0.319888
dinoL518,4447,5.0,R3_render,10,0.0,0.0,-0.315382
dinoL518,4447,5.0,R3_render,11,0.0,0.0,-0.332891
dinoL518,4447,5.0,R3_render,12,0.0,0.0,-0.370905
dinoL518,4447,5.0,R3_render,13,0.0,0.0,-0.360698
dinoL518,4447,5.0,R3_render,14,0.0,-0.0,-0.275048
dinoL518,4447,5.0,R3_render,15,0.0,0.0,-0.347007
dinoL518,4447,5.0,R3_render,16,0.0,0.0,-0.26188
dinoL518,4447,5.0,R3_render,17,0.0,0.0,-0.358119
dinoL518,4447,5.0,R3_render,18,0.0,0.0,-0.381257
dinoL518,4447,5.0,R3_render,19,0.0,0.0,-0.337344
dinoL518,4447,10.0,R2_cut,0,0.0,0.0,-0.31845
dinoL518,4447,10.0,R2_cut,1,0.0,-0.0,-0.346447
dinoL518,4447,10.0,R2_cut,2,0.0,0.0,-0.345912
dinoL518,4447,10.0,R2_cut,3,0.0,0.0,-0.344863
dinoL518,4447,10.0,R2_cut,4,0.0,0.0,-0.366076
dinoL518,4447,10.0,R2_cut,5,0.0,-0.0,-0.348524
dinoL518,4447,10.0,R2_cut,6,0.0,0.0,-0.365818
dinoL518,4447,10.0,R2_cut,7,0.0,0.0,-0.333909
dinoL518,4447,10.0,R2_cut,8,0.0,0.0,-0.3717
dinoL518,4447,10.0,R2_cut,9,0.0,0.0,-0.321176
dinoL518,4447,10.0,R2_cut,10,0.0,0.0,-0.343972
dinoL518,4447,10.0,R2_cut,11,0.0,0.0,-0.338056
dinoL518,4447,10.0,R2_cut,12,0.0,0.0,-0.352225
dinoL518,4447,10.0,R2_cut,13,0.0,0.0,-0.354301
dinoL518,4447,10.0,R2_cut,14,0.0,0.0,-0.350735
dinoL518,4447,10.0,R2_cut,15,0.0,0.0,-0.35852
dinoL518,4447,10.0,R2_cut,16,0.0,0.0,-0.320963
dinoL518,4447,10.0,R2_cut,17,0.0,0.0,-0.338342
dinoL518,4447,10.0,R2_cut,18,0.0,0.0,-0.384187
dinoL518,4447,10.0,R2_cut,19,0.0,0.0,-0.341484
dinoL518,4447,10.0,R3_render,0,0.0,0.0,-0.329708
dinoL518,4447,10.0,R3_render,1,0.0,0.0,-0.306917
dinoL518,4447,10.0,R3_render,2,0.0,-0.0,-0.300805
dinoL518,4447,10.0,R3_render,3,0.0,0.0,-0.30528
dinoL518,4447,10.0,R3_render,4,0.0,0.0,-0.357972
dinoL518,4447,10.0,R3_render,5,0.0,0.0,-0.339311
dinoL518,4447,10.0,R3_render,6,0.0,0.0,-0.350524
dinoL518,4447,10.0,R3_render,7,0.0,0.0,-0.340445
dinoL518,4447,10.0,R3_render,8,0.0,0.0,-0.357148
dinoL518,4447,10.0,R3_render,9,0.0,0.0,-0.319888
dinoL518,4447,10.0,R3_render,10,0.0,0.0,-0.315382
dinoL518,4447,10.0,R3_render,11,0.0,0.0,-0.332891
dinoL518,4447,10.0,R3_render,12,0.0,0.0,-0.370905
dinoL518,4447,10.0,R3_render,13,0.0,0.0,-0.360698
dinoL518,4447,10.0,R3_render,14,0.0,-0.0,-0.275048
dinoL518,4447,10.0,R3_render,15,0.0,0.0,-0.347007
dinoL518,4447,10.0,R3_render,16,0.0,0.0,-0.26188
dinoL518,4447,10.0,R3_render,17,0.0,0.0,-0.358119
dinoL518,4447,10.0,R3_render,18,0.0,0.0,-0.381257
dinoL518,4447,10.0,R3_render,19,0.0,0.0,-0.337344
dinoL518,4447,20.0,R2_cut,0,0.0,0.0,-0.31845
dinoL518,4447,20.0,R2_cut,1,0.0,-0.0,-0.346447
dinoL518,4447,20.0,R2_cut,2,0.0,0.0,-0.345912
dinoL518,4447,20.0,R2_cut,3,0.0,0.0,-0.344863
dinoL518,4447,20.0,R2_cut,4,0.0,0.0,-0.366076
dinoL518,4447,20.0,R2_cut,5,0.0,-0.0,-0.348524
dinoL518,4447,20.0,R2_cut,6,0.0,0.0,-0.365818
dinoL518,4447,20.0,R2_cut,7,0.0,0.0,-0.333909
dinoL518,4447,20.0,R2_cut,8,0.0,0.0,-0.3717
dinoL518,4447,20.0,R2_cut,9,0.0,0.0,-0.321176
dinoL518,4447,20.0,R2_cut,10,0.0,0.0,-0.343972
dinoL518,4447,20.0,R2_cut,11,0.0,0.0,-0.338056
dinoL518,4447,20.0,R2_cut,12,0.0,0.0,-0.352225
dinoL518,4447,20.0,R2_cut,13,0.0,0.0,-0.354301
dinoL518,4447,20.0,R2_cut,14,0.0,0.0,-0.350735
dinoL518,4447,20.0,R2_cut,15,0.0,0.0,-0.35852
dinoL518,4447,20.0,R2_cut,16,0.0,0.0,-0.320963
dinoL518,4447,20.0,R2_cut,17,0.0,0.0,-0.338342
dinoL518,4447,20.0,R2_cut,18,0.0,0.0,-0.384187
dinoL518,4447,20.0,R2_cut,19,0.0,0.0,-0.341484
dinoL518,4447,20.0,R3_render,0,0.0,0.0,-0.329708
dinoL518,4447,20.0,R3_render,1,0.0,0.0,-0.306917
dinoL518,4447,20.0,R3_render,2,0.0,-0.0,-0.300805
dinoL518,4447,20.0,R3_render,3,0.0,0.0,-0.30528
dinoL518,4447,20.0,R3_render,4,0.0,0.0,-0.357972
dinoL518,4447,20.0,R3_render,5,0.0,0.0,-0.339311
dinoL518,4447,20.0,R3_render,6,0.0,0.0,-0.350524
dinoL518,4447,20.0,R3_render,7,0.0,0.0,-0.340445
dinoL518,4447,20.0,R3_render,8,0.0,0.0,-0.357148
dinoL518,4447,20.0,R3_render,9,0.0,0.0,-0.319888
dinoL518,4447,20.0,R3_render,10,0.0,0.0,-0.315382
dinoL518,4447,20.0,R3_render,11,0.0,0.0,-0.332891
dinoL518,4447,20.0,R3_render,12,0.0,0.0,-0.370905
dinoL518,4447,20.0,R3_render,13,0.0,0.0,-0.360698
dinoL518,4447,20.0,R3_render,14,0.0,-0.0,-0.275048
dinoL518,4447,20.0,R3_render,15,0.0,0.0,-0.347007
dinoL518,4447,20.0,R3_render,16,0.0,0.0,-0.26188
dinoL518,4447,20.0,R3_render,17,0.0,0.0,-0.358119
dinoL518,4447,20.0,R3_render,18,0.0,0.0,-0.381257
dinoL518,4447,20.0,R3_render,19,0.0,0.0,-0.337344
dinoL518,4447,40.0,R2_cut,0,0.0,0.0,-0.31845
dinoL518,4447,40.0,R2_cut,1,0.0,-0.0,-0.346447
dinoL518,4447,40.0,R2_cut,2,0.0,0.0,-0.345912
dinoL518,4447,40.0,R2_cut,3,0.0,0.0,-0.344863
dinoL518,4447,40.0,R2_cut,4,0.0,0.0,-0.366076
dinoL518,4447,40.0,R2_cut,5,0.0,-0.0,-0.348524
dinoL518,4447,40.0,R2_cut,6,0.0,0.0,-0.365818
dinoL518,4447,40.0,R2_cut,7,0.0,0.0,-0.333909
dinoL518,4447,40.0,R2_cut,8,0.0,0.0,-0.3717
dinoL518,4447,40.0,R2_cut,9,0.0,0.0,-0.321176
dinoL518,4447,40.0,R2_cut,10,0.0,0.0,-0.343972
dinoL518,4447,40.0,R2_cut,11,0.0,0.0,-0.338056
dinoL518,4447,40.0,R2_cut,12,0.0,0.0,-0.352225
dinoL518,4447,40.0,R2_cut,13,0.0,0.0,-0.354301
dinoL518,4447,40.0,R2_cut,14,0.0,0.0,-0.350735
dinoL518,4447,40.0,R2_cut,15,0.0,0.0,-0.35852
dinoL518,4447,40.0,R2_cut,16,0.0,0.0,-0.320963
dinoL518,4447,40.0,R2_cut,17,0.0,0.0,-0.338342
dinoL518,4447,40.0,R2_cut,18,0.0,0.0,-0.384187
dinoL518,4447,40.0,R2_cut,19,0.0,0.0,-0.341484
dinoL518,4447,40.0,R3_render,0,0.0,0.0,-0.329708
dinoL518,4447,40.0,R3_render,1,0.0,0.0,-0.306917
dinoL518,4447,40.0,R3_render,2,0.0,-0.0,-0.300805
dinoL518,4447,40.0,R3_render,3,0.0,0.0,-0.30528
dinoL518,4447,40.0,R3_render,4,0.0,0.0,-0.357972
dinoL518,4447,40.0,R3_render,5,0.0,0.0,-0.339311
dinoL518,4447,40.0,R3_render,6,0.0,0.0,-0.350524
dinoL518,4447,40.0,R3_render,7,0.0,0.0,-0.340445
dinoL518,4447,40.0,R3_render,8,0.0,0.0,-0.357148
dinoL518,4447,40.0,R3_render,9,0.0,0.0,-0.319888
dinoL518,4447,40.0,R3_render,10,0.0,0.0,-0.315382
dinoL518,4447,40.0,R3_render,11,0.0,0.0,-0.332891
dinoL518,4447,40.0,R3_render,12,0.0,0.0,-0.370905
dinoL518,4447,40.0,R3_render,13,0.0,0.0,-0.360698
dinoL518,4447,40.0,R3_render,14,0.0,-0.0,-0.275048
dinoL518,4447,40.0,R3_render,15,0.0,0.0,-0.347007
dinoL518,4447,40.0,R3_render,16,0.0,0.0,-0.26188
dinoL518,4447,40.0,R3_render,17,0.0,0.0,-0.358119
dinoL518,4447,40.0,R3_render,18,0.0,0.0,-0.381257
dinoL518,4447,40.0,R3_render,19,0.0,0.0,-0.337344
dinoL224,250,0.02,R2_cut,0,0.306219,1.591531,1.331268
dinoL224,250,0.02,R2_cut,1,0.301932,1.581522,1.444231
dinoL224,250,0.02,R2_cut,2,0.30117,1.527189,1.279775
dinoL224,250,0.02,R2_cut,3,0.305359,1.53315,1.486134
dinoL224,250,0.02,R2_cut,4,0.30534,1.560073,1.459214
dinoL224,250,0.02,R2_cut,5,0.314026,1.621019,1.610675
dinoL224,250,0.02,R2_cut,6,0.296635,1.501144,1.311356
dinoL224,250,0.02,R2_cut,7,0.308999,1.599922,1.469871
dinoL224,250,0.02,R2_cut,8,0.308964,1.616364,1.446927
dinoL224,250,0.02,R2_cut,9,0.306954,1.587673,1.327033
dinoL224,250,0.02,R2_cut,10,0.308438,1.646511,1.650048
dinoL224,250,0.02,R2_cut,11,0.299415,1.513817,1.313223
dinoL224,250,0.02,R2_cut,12,0.298662,1.517147,1.395451
dinoL224,250,0.02,R2_cut,13,0.307843,1.624833,1.828122
dinoL224,250,0.02,R2_cut,14,0.315181,1.686924,1.448331
dinoL224,250,0.02,R2_cut,15,0.311809,1.649113,1.57769
dinoL224,250,0.02,R2_cut,16,0.303912,1.586777,1.35954
dinoL224,250,0.02,R2_cut,17,0.30243,1.546356,1.457554
dinoL224,250,0.02,R2_cut,18,0.299918,1.538293,1.410687
dinoL224,250,0.02,R2_cut,19,0.309886,1.581289,1.556134
dinoL224,250,0.02,R3_render,0,0.292272,1.480396,1.270709
dinoL224,250,0.02,R3_render,1,0.284838,1.463277,1.365516
dinoL224,250,0.02,R3_render,2,0.282101,1.388018,1.161328
dinoL224,250,0.02,R3_render,3,0.290084,1.401793,1.357309
dinoL224,250,0.02,R3_render,4,0.286014,1.41661,1.378453
dinoL224,250,0.02,R3_render,5,0.294931,1.465848,1.42897
dinoL224,250,0.02,R3_render,6,0.28391,1.404197,1.2035
dinoL224,250,0.02,R3_render,7,0.292083,1.455303,1.315781
dinoL224,250,0.02,R3_render,8,0.288778,1.442999,1.305663
dinoL224,250,0.02,R3_render,9,0.289564,1.429829,1.192768
dinoL224,250,0.02,R3_render,10,0.291316,1.49633,1.469965
dinoL224,250,0.02,R3_render,11,0.282895,1.372,1.17807
dinoL224,250,0.02,R3_render,12,0.277742,1.36814,1.223373
dinoL224,250,0.02,R3_render,13,0.289278,1.483422,1.585399
dinoL224,250,0.02,R3_render,14,0.303944,1.544299,1.325198
dinoL224,250,0.02,R3_render,15,0.297312,1.49651,1.358483
dinoL224,250,0.02,R3_render,16,0.281844,1.41298,1.120068
dinoL224,250,0.02,R3_render,17,0.284204,1.405431,1.291032
dinoL224,250,0.02,R3_render,18,0.281669,1.374722,1.233176
dinoL224,250,0.02,R3_render,19,0.290711,1.419473,1.33895
dinoL224,250,0.05,R2_cut,0,0.306219,1.591531,1.331268
dinoL224,250,0.05,R2_cut,1,0.301932,1.581522,1.444231
dinoL224,250,0.05,R2_cut,2,0.30117,1.527189,1.279775
dinoL224,250,0.05,R2_cut,3,0.305359,1.53315,1.486134
dinoL224,250,0.05,R2_cut,4,0.30534,1.560073,1.459214
dinoL224,250,0.05,R2_cut,5,0.314026,1.621019,1.610675
dinoL224,250,0.05,R2_cut,6,0.296635,1.501144,1.311356
dinoL224,250,0.05,R2_cut,7,0.308999,1.599922,1.469871
dinoL224,250,0.05,R2_cut,8,0.308964,1.616364,1.446927
dinoL224,250,0.05,R2_cut,9,0.306954,1.587673,1.327033
dinoL224,250,0.05,R2_cut,10,0.308438,1.646511,1.650048
dinoL224,250,0.05,R2_cut,11,0.299415,1.513817,1.313223
dinoL224,250,0.05,R2_cut,12,0.298662,1.517147,1.395451
dinoL224,250,0.05,R2_cut,13,0.307843,1.624833,1.828122
dinoL224,250,0.05,R2_cut,14,0.315181,1.686924,1.448331
dinoL224,250,0.05,R2_cut,15,0.311809,1.649113,1.57769
dinoL224,250,0.05,R2_cut,16,0.303912,1.586777,1.35954
dinoL224,250,0.05,R2_cut,17,0.30243,1.546356,1.457554
dinoL224,250,0.05,R2_cut,18,0.299918,1.538293,1.410687
dinoL224,250,0.05,R2_cut,19,0.309886,1.581289,1.556134
dinoL224,250,0.05,R3_render,0,0.292272,1.480396,1.270709
dinoL224,250,0.05,R3_render,1,0.284838,1.463277,1.365516
dinoL224,250,0.05,R3_render,2,0.282101,1.388018,1.161328
dinoL224,250,0.05,R3_render,3,0.290084,1.401793,1.357309
dinoL224,250,0.05,R3_render,4,0.286014,1.41661,1.378453
dinoL224,250,0.05,R3_render,5,0.294931,1.465848,1.42897
dinoL224,250,0.05,R3_render,6,0.28391,1.404197,1.2035
dinoL224,250,0.05,R3_render,7,0.292083,1.455303,1.315781
dinoL224,250,0.05,R3_render,8,0.288778,1.442999,1.305663
dinoL224,250,0.05,R3_render,9,0.289564,1.429829,1.192768
dinoL224,250,0.05,R3_render,10,0.291316,1.49633,1.469965
dinoL224,250,0.05,R3_render,11,0.282895,1.372,1.17807
dinoL224,250,0.05,R3_render,12,0.277742,1.36814,1.223373
dinoL224,250,0.05,R3_render,13,0.289278,1.483422,1.585399
dinoL224,250,0.05,R3_render,14,0.303944,1.544299,1.325198
dinoL224,250,0.05,R3_render,15,0.297312,1.49651,1.358483
dinoL224,250,0.05,R3_render,16,0.281844,1.41298,1.120068
dinoL224,250,0.05,R3_render,17,0.284204,1.405431,1.291032
dinoL224,250,0.05,R3_render,18,0.281669,1.374722,1.233176
dinoL224,250,0.05,R3_render,19,0.290711,1.419473,1.33895
dinoL224,250,0.1,R2_cut,0,0.306219,1.591531,1.331268
dinoL224,250,0.1,R2_cut,1,0.301932,1.581522,1.444231
dinoL224,250,0.1,R2_cut,2,0.30117,1.527189,1.279775
dinoL224,250,0.1,R2_cut,3,0.305359,1.53315,1.486134
dinoL224,250,0.1,R2_cut,4,0.30534,1.560073,1.459214
dinoL224,250,0.1,R2_cut,5,0.314026,1.621019,1.610675
dinoL224,250,0.1,R2_cut,6,0.296635,1.501144,1.311356
dinoL224,250,0.1,R2_cut,7,0.308999,1.599922,1.469871
dinoL224,250,0.1,R2_cut,8,0.308964,1.616364,1.446927
dinoL224,250,0.1,R2_cut,9,0.306954,1.587673,1.327033
dinoL224,250,0.1,R2_cut,10,0.308438,1.646511,1.650048
dinoL224,250,0.1,R2_cut,11,0.299415,1.513817,1.313223
dinoL224,250,0.1,R2_cut,12,0.298662,1.517147,1.395451
dinoL224,250,0.1,R2_cut,13,0.307843,1.624833,1.828122
dinoL224,250,0.1,R2_cut,14,0.315181,1.686924,1.448331
dinoL224,250,0.1,R2_cut,15,0.311809,1.649113,1.57769
dinoL224,250,0.1,R2_cut,16,0.303912,1.586777,1.35954
dinoL224,250,0.1,R2_cut,17,0.30243,1.546356,1.457554
dinoL224,250,0.1,R2_cut,18,0.299918,1.538293,1.410687
dinoL224,250,0.1,R2_cut,19,0.309886,1.581289,1.556134
dinoL224,250,0.1,R3_render,0,0.292272,1.480396,1.270709
dinoL224,250,0.1,R3_render,1,0.284838,1.463277,1.365516
dinoL224,250,0.1,R3_render,2,0.282101,1.388018,1.161328
dinoL224,250,0.1,R3_render,3,0.290084,1.401793,1.357309
dinoL224,250,0.1,R3_render,4,0.286014,1.41661,1.378453
dinoL224,250,0.1,R3_render,5,0.294931,1.465848,1.42897
dinoL224,250,0.1,R3_render,6,0.28391,1.404197,1.2035
dinoL224,250,0.1,R3_render,7,0.292083,1.455303,1.315781
dinoL224,250,0.1,R3_render,8,0.288778,1.442999,1.305663
dinoL224,250,0.1,R3_render,9,0.289564,1.429829,1.192768
dinoL224,250,0.1,R3_render,10,0.291316,1.49633,1.469965
dinoL224,250,0.1,R3_render,11,0.282895,1.372,1.17807
dinoL224,250,0.1,R3_render,12,0.277742,1.36814,1.223373
dinoL224,250,0.1,R3_render,13,0.289278,1.483422,1.585399
dinoL224,250,0.1,R3_render,14,0.303944,1.544299,1.325198
dinoL224,250,0.1,R3_render,15,0.297312,1.49651,1.358483
dinoL224,250,0.1,R3_render,16,0.281844,1.41298,1.120068
dinoL224,250,0.1,R3_render,17,0.284204,1.405431,1.291032
dinoL224,250,0.1,R3_render,18,0.281669,1.374722,1.233176
dinoL224,250,0.1,R3_render,19,0.290711,1.419473,1.33895
dinoL224,250,0.2,R2_cut,0,0.305104,1.579717,1.279736
dinoL224,250,0.2,R2_cut,1,0.300918,1.570819,1.329793
dinoL224,250,0.2,R2_cut,2,0.300066,1.516017,1.288855
dinoL224,250,0.2,R2_cut,3,0.304078,1.519363,1.526938
dinoL224,250,0.2,R2_cut,4,0.304244,1.548577,1.313639
dinoL224,250,0.2,R2_cut,5,0.31267,1.605254,1.560012
dinoL224,250,0.2,R2_cut,6,0.295501,1.489093,1.374871
dinoL224,250,0.2,R2_cut,7,0.307826,1.586833,1.588805
dinoL224,250,0.2,R2_cut,8,0.30781,1.603525,1.433581
dinoL224,250,0.2,R2_cut,9,0.305883,1.57653,1.424498
dinoL224,250,0.2,R2_cut,10,0.307381,1.634445,1.571141
dinoL224,250,0.2,R2_cut,11,0.298401,1.50365,1.215241
dinoL224,250,0.2,R2_cut,12,0.297253,1.501599,1.49667
dinoL224,250,0.2,R2_cut,13,0.306668,1.611558,1.716407
dinoL224,250,0.2,R2_cut,14,0.313834,1.669587,1.478673
dinoL224,250,0.2,R2_cut,15,0.310726,1.636792,1.417816
dinoL224,250,0.2,R2_cut,16,0.30284,1.574984,1.399526
dinoL224,250,0.2,R2_cut,17,0.301379,1.535675,1.417621
dinoL224,250,0.2,R2_cut,18,0.298629,1.524293,1.341699
dinoL224,250,0.2,R2_cut,19,0.308707,1.568704,1.698805
dinoL224,250,0.2,R3_render,0,0.291631,1.475539,1.255228
dinoL224,250,0.2,R3_render,1,0.284154,1.45745,1.234882
dinoL224,250,0.2,R3_render,2,0.281426,1.382909,1.145292
dinoL224,250,0.2,R3_render,3,0.289312,1.39576,1.464202
dinoL224,250,0.2,R3_render,4,0.285304,1.411131,1.222044
dinoL224,250,0.2,R3_render,5,0.294161,1.459615,1.441166
dinoL224,250,0.2,R3_render,6,0.283189,1.398384,1.265599
dinoL224,250,0.2,R3_render,7,0.291259,1.447856,1.451318
dinoL224,250,0.2,R3_render,8,0.288038,1.436919,1.320995
dinoL224,250,0.2,R3_render,9,0.28887,1.424612,1.288338
dinoL224,250,0.2,R3_render,10,0.290652,1.49094,1.364045
dinoL224,250,0.2,R3_render,11,0.282307,1.368224,1.087435
dinoL224,250,0.2,R3_render,12,0.276736,1.359004,1.221719
dinoL224,250,0.2,R3_render,13,0.288548,1.477191,1.502366
dinoL224,250,0.2,R3_render,14,0.303026,1.535181,1.368788
dinoL224,250,0.2,R3_render,15,0.296503,1.489215,1.29378
dinoL224,250,0.2,R3_render,16,0.281167,1.407716,1.2203
dinoL224,250,0.2,R3_render,17,0.283587,1.401096,1.28879
dinoL224,250,0.2,R3_render,18,0.280768,1.367031,1.192011
dinoL224,250,0.2,R3_render,19,0.289872,1.412358,1.450936
dinoL224,250,0.5,R2_cut,0,0.269095,1.26626,1.155077
dinoL224,250,0.5,R2_cut,1,0.263479,1.238388,0.979566
dinoL224,250,0.5,R2_cut,2,0.263784,1.221961,1.024253
dinoL224,250,0.5,R2_cut,3,0.266371,1.210378,1.313355
dinoL224,250,0.5,R2_cut,4,0.268014,1.243748,1.225952
dinoL224,250,0.5,R2_cut,5,0.272874,1.255395,1.331524
dinoL224,250,0.5,R2_cut,6,0.263176,1.228366,0.959318
dinoL224,250,0.5,R2_cut,7,0.273576,1.299868,1.25544
dinoL224,250,0.5,R2_cut,8,0.2685,1.252931,1.021303
dinoL224,250,0.5,R2_cut,9,0.270732,1.280467,1.260159
dinoL224,250,0.5,R2_cut,10,0.27364,1.332925,1.261341
dinoL224,250,0.5,R2_cut,11,0.263165,1.218676,1.035255
dinoL224,250,0.5,R2_cut,12,0.261777,1.211884,1.041649
dinoL224,250,0.5,R2_cut,13,0.267168,1.256905,1.334096
dinoL224,250,0.5,R2_cut,14,0.273879,1.289933,1.059752
dinoL224,250,0.5,R2_cut,15,0.272445,1.288257,1.168606
dinoL224,250,0.5,R2_cut,16,0.267115,1.267202,0.993974
dinoL224,250,0.5,R2_cut,17,0.266415,1.245816,1.194977
dinoL224,250,0.5,R2_cut,18,0.26195,1.219328,0.995339
dinoL224,250,0.5,R2_cut,19,0.272336,1.261998,1.094983
dinoL224,250,0.5,R3_render,0,0.259929,1.252233,1.136846
dinoL224,250,0.5,R3_render,1,0.252539,1.225714,0.967793
dinoL224,250,0.5,R3_render,2,0.249874,1.178709,0.951261
dinoL224,250,0.5,R3_render,3,0.256017,1.177145,1.2483
dinoL224,250,0.5,R3_render,4,0.253448,1.196737,1.171656
dinoL224,250,0.5,R3_render,5,0.262058,1.238696,1.262691
dinoL224,250,0.5,R3_render,6,0.253386,1.206289,0.964536
dinoL224,250,0.5,R3_render,7,0.258922,1.229036,1.185968
dinoL224,250,0.5,R3_render,8,0.255064,1.205034,1.004258
dinoL224,250,0.5,R3_render,9,0.257705,1.221862,1.192178
dinoL224,250,0.5,R3_render,10,0.260583,1.279,1.241634
dinoL224,250,0.5,R3_render,11,0.25215,1.174973,0.963954
dinoL224,250,0.5,R3_render,12,0.246445,1.165166,0.951684
dinoL224,250,0.5,R3_render,13,0.252975,1.210558,1.235609
dinoL224,250,0.5,R3_render,14,0.26739,1.264812,0.996493
dinoL224,250,0.5,R3_render,15,0.261495,1.235773,1.112207
dinoL224,250,0.5,R3_render,16,0.251366,1.209934,0.913219
dinoL224,250,0.5,R3_render,17,0.252071,1.190897,1.114764
dinoL224,250,0.5,R3_render,18,0.249415,1.165535,0.978503
dinoL224,250,0.5,R3_render,19,0.257256,1.193823,0.997249
dinoL224,250,1.0,R2_cut,0,0.182977,1.44514,1.024573
dinoL224,250,1.0,R2_cut,1,0.172879,1.350335,0.839678
dinoL224,250,1.0,R2_cut,2,0.177505,1.395057,1.159335
dinoL224,250,1.0,R2_cut,3,0.177418,1.325324,1.256437
dinoL224,250,1.0,R2_cut,4,0.182681,1.422365,1.189951
dinoL224,250,1.0,R2_cut,5,0.181815,1.339135,1.218663
dinoL224,250,1.0,R2_cut,6,0.180311,1.448249,0.986956
dinoL224,250,1.0,R2_cut,7,0.185254,1.458213,1.204279
dinoL224,250,1.0,R2_cut,8,0.178066,1.350852,0.937942
dinoL224,250,1.0,R2_cut,9,0.185423,1.486248,1.210229
dinoL224,250,1.0,R2_cut,10,0.185804,1.516341,1.028247
dinoL224,250,1.0,R2_cut,11,0.176683,1.381459,0.903538
dinoL224,250,1.0,R2_cut,12,0.177867,1.408065,1.108912
dinoL224,250,1.0,R2_cut,13,0.178708,1.39719,1.261887
dinoL224,250,1.0,R2_cut,14,0.181003,1.35838,0.951445
dinoL224,250,1.0,R2_cut,15,0.180801,1.386262,1.116157
dinoL224,250,1.0,R2_cut,16,0.183291,1.496621,1.200848
dinoL224,250,1.0,R2_cut,17,0.176865,1.369182,0.850935
dinoL224,250,1.0,R2_cut,18,0.177932,1.423886,0.993193
dinoL224,250,1.0,R2_cut,19,0.185185,1.428504,1.038024
dinoL224,250,1.0,R3_render,0,0.180458,1.384797,1.030844
dinoL224,250,1.0,R3_render,1,0.16816,1.294267,0.820229
dinoL224,250,1.0,R3_render,2,0.171069,1.320713,1.068582
dinoL224,250,1.0,R3_render,3,0.174466,1.231216,1.150762
dinoL224,250,1.0,R3_render,4,0.173823,1.298706,1.059958
dinoL224,250,1.0,R3_render,5,0.180461,1.320961,1.184627
dinoL224,250,1.0,R3_render,6,0.17541,1.33648,0.9755
dinoL224,250,1.0,R3_render,7,0.175665,1.296127,0.96648
dinoL224,250,1.0,R3_render,8,0.170898,1.255667,0.890548
dinoL224,250,1.0,R3_render,9,0.176953,1.333085,1.045421
dinoL224,250,1.0,R3_render,10,0.178491,1.394074,1.022646
dinoL224,250,1.0,R3_render,11,0.173448,1.293347,0.865471
dinoL224,250,1.0,R3_render,12,0.170528,1.326466,0.826809
dinoL224,250,1.0,R3_render,13,0.172023,1.308528,1.197014
dinoL224,250,1.0,R3_render,14,0.181353,1.271253,0.974917
dinoL224,250,1.0,R3_render,15,0.17544,1.262273,0.990997
dinoL224,250,1.0,R3_render,16,0.17434,1.396335,1.001688
dinoL224,250,1.0,R3_render,17,0.169334,1.254125,0.77689
dinoL224,250,1.0,R3_render,18,0.171918,1.29445,0.894715
dinoL224,250,1.0,R3_render,19,0.176256,1.272574,0.868221
dinoL224,250,2.0,R2_cut,0,0.153991,2.042754,1.494332
dinoL224,250,2.0,R2_cut,1,0.14388,1.868587,1.065349
dinoL224,250,2.0,R2_cut,2,0.149941,2.01584,1.408254
dinoL224,250,2.0,R2_cut,3,0.14686,1.928893,1.29318
dinoL224,250,2.0,R2_cut,4,0.152463,1.993937,1.231873
dinoL224,250,2.0,R2_cut,5,0.1502,1.918187,1.253637
dinoL224,250,2.0,R2_cut,6,0.150221,2.003352,1.188346
dinoL224,250,2.0,R2_cut,7,0.154248,2.010504,1.155733
dinoL224,250,2.0,R2_cut,8,0.147789,1.92694,1.308165
dinoL224,250,2.0,R2_cut,9,0.153968,2.027331,1.337738
dinoL224,250,2.0,R2_cut,10,0.155466,2.027127,1.265012
dinoL224,250,2.0,R2_cut,11,0.148461,1.98472,0.775841
dinoL224,250,2.0,R2_cut,12,0.150247,1.946242,1.235539
dinoL224,250,2.0,R2_cut,13,0.150035,1.938067,1.171295
dinoL224,250,2.0,R2_cut,14,0.148033,1.862137,1.228434
dinoL224,250,2.0,R2_cut,15,0.148275,1.991549,1.228743
dinoL224,250,2.0,R2_cut,16,0.153792,2.054757,1.251815
dinoL224,250,2.0,R2_cut,17,0.144208,1.865682,1.124826
dinoL224,250,2.0,R2_cut,18,0.153365,2.032482,1.144522
dinoL224,250,2.0,R2_cut,19,0.154553,2.082226,1.488348
dinoL224,250,2.0,R3_render,0,0.150386,1.828379,1.301368
dinoL224,250,2.0,R3_render,1,0.139259,1.708149,1.040417
dinoL224,250,2.0,R3_render,2,0.141641,1.821433,1.256025
dinoL224,250,2.0,R3_render,3,0.144712,1.6093,1.062264
dinoL224,250,2.0,R3_render,4,0.143475,1.659362,0.832559
dinoL224,250,2.0,R3_render,5,0.14903,1.721561,1.056214
dinoL224,250,2.0,R3_render,6,0.145832,1.718006,0.908495
dinoL224,250,2.0,R3_render,7,0.143355,1.676669,0.995597
dinoL224,250,2.0,R3_render,8,0.141119,1.717563,1.121823
dinoL224,250,2.0,R3_render,9,0.145659,1.759287,1.15971
dinoL224,250,2.0,R3_render,10,0.148449,1.842683,1.210138
dinoL224,250,2.0,R3_render,11,0.146997,1.787779,0.787138
dinoL224,250,2.0,R3_render,12,0.14484,1.719608,0.826404
dinoL224,250,2.0,R3_render,13,0.144358,1.688832,1.192506
dinoL224,250,2.0,R3_render,14,0.147861,1.584714,0.890945
dinoL224,250,2.0,R3_render,15,0.141688,1.667102,1.022138
dinoL224,250,2.0,R3_render,16,0.146731,1.91865,1.171167
dinoL224,250,2.0,R3_render,17,0.137087,1.638076,0.907759
dinoL224,250,2.0,R3_render,18,0.145875,1.778056,0.97085
dinoL224,250,2.0,R3_render,19,0.144811,1.677477,1.06254
dinoL224,250,5.0,R2_cut,0,0.150918,2.018979,1.194419
dinoL224,250,5.0,R2_cut,1,0.140194,1.829902,1.055276
dinoL224,250,5.0,R2_cut,2,0.146592,1.998972,1.404866
dinoL224,250,5.0,R2_cut,3,0.144386,1.940435,1.403155
dinoL224,250,5.0,R2_cut,4,0.148892,1.945471,1.229121
dinoL224,250,5.0,R2_cut,5,0.146965,1.933813,1.332023
dinoL224,250,5.0,R2_cut,6,0.145223,1.95478,1.061065
dinoL224,250,5.0,R2_cut,7,0.14867,1.947184,1.002807
dinoL224,250,5.0,R2_cut,8,0.145681,1.937674,1.110937
dinoL224,250,5.0,R2_cut,9,0.149305,1.93989,1.477368
dinoL224,250,5.0,R2_cut,10,0.151931,2.021075,1.234436
dinoL224,250,5.0,R2_cut,11,0.145992,1.98851,1.126056
dinoL224,250,5.0,R2_cut,12,0.147431,1.913988,1.225591
dinoL224,250,5.0,R2_cut,13,0.146433,1.891772,0.830959
dinoL224,250,5.0,R2_cut,14,0.145334,1.866802,1.154663
dinoL224,250,5.0,R2_cut,15,0.143731,1.968947,1.068122
dinoL224,250,5.0,R2_cut,16,0.150459,2.023852,1.204261
dinoL224,250,5.0,R2_cut,17,0.139503,1.816332,0.978804
dinoL224,250,5.0,R2_cut,18,0.150564,2.02574,1.328017
dinoL224,250,5.0,R2_cut,19,0.150882,2.042049,1.346797
dinoL224,250,5.0,R3_render,0,0.150383,1.866186,1.237812
dinoL224,250,5.0,R3_render,1,0.138376,1.690555,0.929184
dinoL224,250,5.0,R3_render,2,0.140438,1.839431,1.196048
dinoL224,250,5.0,R3_render,3,0.144014,1.652576,1.227294
dinoL224,250,5.0,R3_render,4,0.142184,1.659587,0.938874
dinoL224,250,5.0,R3_render,5,0.147261,1.757024,1.124713
dinoL224,250,5.0,R3_render,6,0.144301,1.739305,1.025947
dinoL224,250,5.0,R3_render,7,0.140353,1.668329,0.809779
dinoL224,250,5.0,R3_render,8,0.140756,1.756619,1.072935
dinoL224,250,5.0,R3_render,9,0.143113,1.732529,1.25807
dinoL224,250,5.0,R3_render,10,0.147348,1.846675,1.16197
dinoL224,250,5.0,R3_render,11,0.14761,1.836734,0.934396
dinoL224,250,5.0,R3_render,12,0.144356,1.712374,0.742203
dinoL224,250,5.0,R3_render,13,0.14381,1.706145,0.904663
dinoL224,250,5.0,R3_render,14,0.145896,1.611961,0.876883
dinoL224,250,5.0,R3_render,15,0.139679,1.695373,0.908165
dinoL224,250,5.0,R3_render,16,0.145417,1.902232,0.994864
dinoL224,250,5.0,R3_render,17,0.135423,1.646919,0.887991
dinoL224,250,5.0,R3_render,18,0.144597,1.796357,1.203717
dinoL224,250,5.0,R3_render,19,0.143009,1.696828,0.848801
dinoL224,250,10.0,R2_cut,0,0.152298,2.014395,1.233265
dinoL224,250,10.0,R2_cut,1,0.141805,1.832067,1.082726
dinoL224,250,10.0,R2_cut,2,0.148796,2.003512,1.344165
dinoL224,250,10.0,R2_cut,3,0.144672,1.881553,1.317809
dinoL224,250,10.0,R2_cut,4,0.14962,1.908358,0.896923
dinoL224,250,10.0,R2_cut,5,0.147211,1.903083,1.014096
dinoL224,250,10.0,R2_cut,6,0.14558,1.914158,0.915545
dinoL224,250,10.0,R2_cut,7,0.149979,1.929419,1.222371
dinoL224,250,10.0,R2_cut,8,0.147502,1.922682,1.275054
dinoL224,250,10.0,R2_cut,9,0.150074,1.889553,1.257324
dinoL224,250,10.0,R2_cut,10,0.15191,1.984072,1.353545
dinoL224,250,10.0,R2_cut,11,0.14695,1.975687,1.155129
dinoL224,250,10.0,R2_cut,12,0.148121,1.896638,1.421039
dinoL224,250,10.0,R2_cut,13,0.14759,1.874832,0.934201
dinoL224,250,10.0,R2_cut,14,0.14553,1.842678,1.1002
dinoL224,250,10.0,R2_cut,15,0.144149,1.925565,1.017886
dinoL224,250,10.0,R2_cut,16,0.151148,1.989448,1.232131
dinoL224,250,10.0,R2_cut,17,0.140598,1.800507,1.034665
dinoL224,250,10.0,R2_cut,18,0.150879,1.974576,1.384969
dinoL224,250,10.0,R2_cut,19,0.151727,2.000453,1.297963
dinoL224,250,10.0,R3_render,0,0.150327,1.842747,1.122713
dinoL224,250,10.0,R3_render,1,0.138343,1.684823,0.894984
dinoL224,250,10.0,R3_render,2,0.141036,1.820073,1.224053
dinoL224,250,10.0,R3_render,3,0.144366,1.626264,1.189671
dinoL224,250,10.0,R3_render,4,0.142108,1.634212,0.767509
dinoL224,250,10.0,R3_render,5,0.146025,1.702244,0.960394
dinoL224,250,10.0,R3_render,6,0.143917,1.697193,0.961905
dinoL224,250,10.0,R3_render,7,0.14131,1.661148,1.043579
dinoL224,250,10.0,R3_render,8,0.141411,1.739662,1.012949
dinoL224,250,10.0,R3_render,9,0.144336,1.714231,1.093418
dinoL224,250,10.0,R3_render,10,0.146644,1.802261,1.151495
dinoL224,250,10.0,R3_render,11,0.148122,1.829267,1.339212
dinoL224,250,10.0,R3_render,12,0.143815,1.687115,0.902909
dinoL224,250,10.0,R3_render,13,0.144459,1.692477,0.9087
dinoL224,250,10.0,R3_render,14,0.145775,1.585553,0.929024
dinoL224,250,10.0,R3_render,15,0.139621,1.661541,0.832271
dinoL224,250,10.0,R3_render,16,0.14538,1.883542,1.040927
dinoL224,250,10.0,R3_render,17,0.136287,1.631225,0.858675
dinoL224,250,10.0,R3_render,18,0.144256,1.75595,1.154667
dinoL224,250,10.0,R3_render,19,0.143666,1.674029,0.981
dinoL224,250,20.0,R2_cut,0,0.152653,1.971849,1.165854
dinoL224,250,20.0,R2_cut,1,0.141173,1.787829,1.08955
dinoL224,250,20.0,R2_cut,2,0.149512,1.974174,1.40595
dinoL224,250,20.0,R2_cut,3,0.146067,1.842476,1.248169
dinoL224,250,20.0,R2_cut,4,0.150875,1.878623,1.051008
dinoL224,250,20.0,R2_cut,5,0.148193,1.867667,1.24644
dinoL224,250,20.0,R2_cut,6,0.146531,1.889658,1.090679
dinoL224,250,20.0,R2_cut,7,0.152841,1.94717,1.21344
dinoL224,250,20.0,R2_cut,8,0.148465,1.874871,1.339408
dinoL224,250,20.0,R2_cut,9,0.151466,1.86002,1.474904
dinoL224,250,20.0,R2_cut,10,0.151715,1.950341,1.26826
dinoL224,250,20.0,R2_cut,11,0.145881,1.904284,0.981334
dinoL224,250,20.0,R2_cut,12,0.148082,1.847801,1.322189
dinoL224,250,20.0,R2_cut,13,0.148604,1.84974,1.00541
dinoL224,250,20.0,R2_cut,14,0.14521,1.793774,1.145233
dinoL224,250,20.0,R2_cut,15,0.145024,1.895895,1.076122
dinoL224,250,20.0,R2_cut,16,0.151389,1.941247,1.093525
dinoL224,250,20.0,R2_cut,17,0.140694,1.762166,0.879725
dinoL224,250,20.0,R2_cut,18,0.152345,1.971521,1.257001
dinoL224,250,20.0,R2_cut,19,0.153219,1.969787,1.111403
dinoL224,250,20.0,R3_render,0,0.149061,1.759995,1.023871
dinoL224,250,20.0,R3_render,1,0.137052,1.649825,0.972655
dinoL224,250,20.0,R3_render,2,0.139997,1.759706,1.236575
dinoL224,250,20.0,R3_render,3,0.144036,1.560416,1.080286
dinoL224,250,20.0,R3_render,4,0.141548,1.584306,0.863584
dinoL224,250,20.0,R3_render,5,0.144682,1.62964,1.05949
dinoL224,250,20.0,R3_render,6,0.143129,1.645299,0.970562
dinoL224,250,20.0,R3_render,7,0.141737,1.620071,0.88385
dinoL224,250,20.0,R3_render,8,0.14105,1.69316,1.173437
dinoL224,250,20.0,R3_render,9,0.143777,1.655825,1.159401
dinoL224,250,20.0,R3_render,10,0.145274,1.734859,1.098122
dinoL224,250,20.0,R3_render,11,0.145367,1.740137,0.850192
dinoL224,250,20.0,R3_render,12,0.142165,1.631317,1.011853
dinoL224,250,20.0,R3_render,13,0.143808,1.64521,0.943666
dinoL224,250,20.0,R3_render,14,0.144689,1.51268,0.83805
dinoL224,250,20.0,R3_render,15,0.138964,1.590451,0.843007
dinoL224,250,20.0,R3_render,16,0.144402,1.838991,1.038558
dinoL224,250,20.0,R3_render,17,0.134618,1.554214,0.776087
dinoL224,250,20.0,R3_render,18,0.143499,1.695591,1.051135
dinoL224,250,20.0,R3_render,19,0.143499,1.61905,0.774331
dinoL224,250,40.0,R2_cut,0,0.153505,1.982652,1.25672
dinoL224,250,40.0,R2_cut,1,0.141822,1.79558,0.988638
dinoL224,250,40.0,R2_cut,2,0.150439,1.995846,1.375041
dinoL224,250,40.0,R2_cut,3,0.146928,1.860841,1.323042
dinoL224,250,40.0,R2_cut,4,0.151848,1.890184,1.094997
dinoL224,250,40.0,R2_cut,5,0.148892,1.877327,1.18417
dinoL224,250,40.0,R2_cut,6,0.147486,1.904008,1.085791
dinoL224,250,40.0,R2_cut,7,0.153409,1.956513,1.118614
dinoL224,250,40.0,R2_cut,8,0.149176,1.886533,1.306018
dinoL224,250,40.0,R2_cut,9,0.15206,1.861402,1.263206
dinoL224,250,40.0,R2_cut,10,0.152388,1.963423,1.344781
dinoL224,250,40.0,R2_cut,11,0.146725,1.913697,1.028678
dinoL224,250,40.0,R2_cut,12,0.149063,1.859886,1.27733
dinoL224,250,40.0,R2_cut,13,0.149427,1.857858,0.997556
dinoL224,250,40.0,R2_cut,14,0.145835,1.802564,1.140105
dinoL224,250,40.0,R2_cut,15,0.145774,1.907409,1.090062
dinoL224,250,40.0,R2_cut,16,0.152387,1.958975,1.094108
dinoL224,250,40.0,R2_cut,17,0.141411,1.766788,0.929908
dinoL224,250,40.0,R2_cut,18,0.153397,1.988576,1.236763
dinoL224,250,40.0,R2_cut,19,0.154086,1.976399,1.196777
dinoL224,250,40.0,R3_render,0,0.150255,1.767941,1.145891
dinoL224,250,40.0,R3_render,1,0.137643,1.649845,0.8784
dinoL224,250,40.0,R3_render,2,0.141051,1.767704,1.171457
dinoL224,250,40.0,R3_render,3,0.145234,1.568795,1.25786
dinoL224,250,40.0,R3_render,4,0.142648,1.586655,0.931606
dinoL224,250,40.0,R3_render,5,0.145626,1.632477,1.003642
dinoL224,250,40.0,R3_render,6,0.144282,1.650349,0.910755
dinoL224,250,40.0,R3_render,7,0.142603,1.617251,0.845473
dinoL224,250,40.0,R3_render,8,0.141772,1.695582,1.201799
dinoL224,250,40.0,R3_render,9,0.144501,1.652517,1.021963
dinoL224,250,40.0,R3_render,10,0.146226,1.738217,1.151252
dinoL224,250,40.0,R3_render,11,0.146421,1.748741,0.982786
dinoL224,250,40.0,R3_render,12,0.143293,1.637427,0.925743
dinoL224,250,40.0,R3_render,13,0.144974,1.652024,1.073204
dinoL224,250,40.0,R3_render,14,0.145544,1.51283,0.886458
dinoL224,250,40.0,R3_render,15,0.139953,1.593136,0.819555
dinoL224,250,40.0,R3_render,16,0.145656,1.851419,1.047838
dinoL224,250,40.0,R3_render,17,0.135435,1.548781,0.7951
dinoL224,250,40.0,R3_render,18,0.14464,1.702299,1.041933
dinoL224,250,40.0,R3_render,19,0.144666,1.618374,0.854841
dinoL224,500,0.02,R2_cut,0,0.200476,1.399518,1.192069
dinoL224,500,0.02,R2_cut,1,0.204949,1.464025,1.225649
dinoL224,500,0.02,R2_cut,2,0.202015,1.40842,1.336011
dinoL224,500,0.02,R2_cut,3,0.203144,1.393187,1.194398
dinoL224,500,0.02,R2_cut,4,0.210507,1.477639,1.351241
dinoL224,500,0.02,R2_cut,5,0.203196,1.448685,1.316129
dinoL224,500,0.02,R2_cut,6,0.211133,1.455913,1.330129
dinoL224,500,0.02,R2_cut,7,0.203853,1.412549,1.077765
dinoL224,500,0.02,R2_cut,8,0.203791,1.420465,1.436465
dinoL224,500,0.02,R2_cut,9,0.205482,1.458345,1.448039
dinoL224,500,0.02,R2_cut,10,0.208214,1.446006,1.266887
dinoL224,500,0.02,R2_cut,11,0.200885,1.42426,1.151626
dinoL224,500,0.02,R2_cut,12,0.202334,1.43202,1.230638
dinoL224,500,0.02,R2_cut,13,0.205089,1.437833,1.2608
dinoL224,500,0.02,R2_cut,14,0.20644,1.446226,1.240216
dinoL224,500,0.02,R2_cut,15,0.207957,1.460097,1.42381
dinoL224,500,0.02,R2_cut,16,0.209313,1.474306,1.348116
dinoL224,500,0.02,R2_cut,17,0.212445,1.511024,1.402024
dinoL224,500,0.02,R2_cut,18,0.203477,1.43795,1.429597
dinoL224,500,0.02,R2_cut,19,0.202586,1.377196,1.157522
dinoL224,500,0.02,R3_render,0,0.185777,1.13812,0.966843
dinoL224,500,0.02,R3_render,1,0.189266,1.208833,0.996143
dinoL224,500,0.02,R3_render,2,0.188763,1.161772,1.135192
dinoL224,500,0.02,R3_render,3,0.191319,1.163339,0.934351
dinoL224,500,0.02,R3_render,4,0.196563,1.20906,1.012937
dinoL224,500,0.02,R3_render,5,0.186961,1.173942,1.003188
dinoL224,500,0.02,R3_render,6,0.198626,1.191795,1.066885
dinoL224,500,0.02,R3_render,7,0.192321,1.183285,0.898388
dinoL224,500,0.02,R3_render,8,0.192268,1.172689,1.205451
dinoL224,500,0.02,R3_render,9,0.194321,1.199155,1.286983
dinoL224,500,0.02,R3_render,10,0.190219,1.155531,1.019735
dinoL224,500,0.02,R3_render,11,0.184358,1.164795,0.945762
dinoL224,500,0.02,R3_render,12,0.193001,1.187716,1.015149
dinoL224,500,0.02,R3_render,13,0.19073,1.166905,1.075958
dinoL224,500,0.02,R3_render,14,0.194115,1.183165,1.007253
dinoL224,500,0.02,R3_render,15,0.193586,1.185354,1.185756
dinoL224,500,0.02,R3_render,16,0.19787,1.213423,1.196477
dinoL224,500,0.02,R3_render,17,0.194346,1.212633,1.065942
dinoL224,500,0.02,R3_render,18,0.186287,1.159265,1.075218
dinoL224,500,0.02,R3_render,19,0.189377,1.139158,0.984924
dinoL224,500,0.05,R2_cut,0,0.200476,1.399518,1.192069
dinoL224,500,0.05,R2_cut,1,0.204949,1.464025,1.225649
dinoL224,500,0.05,R2_cut,2,0.202015,1.40842,1.336011
dinoL224,500,0.05,R2_cut,3,0.203144,1.393187,1.194398
dinoL224,500,0.05,R2_cut,4,0.210507,1.477639,1.351241
dinoL224,500,0.05,R2_cut,5,0.203196,1.448685,1.316129
dinoL224,500,0.05,R2_cut,6,0.211133,1.455913,1.330129
dinoL224,500,0.05,R2_cut,7,0.203853,1.412549,1.077765
dinoL224,500,0.05,R2_cut,8,0.203791,1.420465,1.436465
dinoL224,500,0.05,R2_cut,9,0.205482,1.458345,1.448039
dinoL224,500,0.05,R2_cut,10,0.208214,1.446006,1.266887
dinoL224,500,0.05,R2_cut,11,0.200885,1.42426,1.151626
dinoL224,500,0.05,R2_cut,12,0.202334,1.43202,1.230638
dinoL224,500,0.05,R2_cut,13,0.205089,1.437833,1.2608
dinoL224,500,0.05,R2_cut,14,0.20644,1.446226,1.240216
dinoL224,500,0.05,R2_cut,15,0.207957,1.460097,1.42381
dinoL224,500,0.05,R2_cut,16,0.209313,1.474306,1.348116
dinoL224,500,0.05,R2_cut,17,0.212445,1.511024,1.402024
dinoL224,500,0.05,R2_cut,18,0.203477,1.43795,1.429597
dinoL224,500,0.05,R2_cut,19,0.202586,1.377196,1.157522
dinoL224,500,0.05,R3_render,0,0.185777,1.13812,0.966843
dinoL224,500,0.05,R3_render,1,0.189266,1.208833,0.996143
dinoL224,500,0.05,R3_render,2,0.188763,1.161772,1.135192
dinoL224,500,0.05,R3_render,3,0.191319,1.163339,0.934351
dinoL224,500,0.05,R3_render,4,0.196563,1.20906,1.012937
dinoL224,500,0.05,R3_render,5,0.186961,1.173942,1.003188
dinoL224,500,0.05,R3_render,6,0.198626,1.191795,1.066885
dinoL224,500,0.05,R3_render,7,0.192321,1.183285,0.898388
dinoL224,500,0.05,R3_render,8,0.192268,1.172689,1.205451
dinoL224,500,0.05,R3_render,9,0.194321,1.199155,1.286983
dinoL224,500,0.05,R3_render,10,0.190219,1.155531,1.019735
dinoL224,500,0.05,R3_render,11,0.184358,1.164795,0.945762
dinoL224,500,0.05,R3_render,12,0.193001,1.187716,1.015149
dinoL224,500,0.05,R3_render,13,0.19073,1.166905,1.075958
dinoL224,500,0.05,R3_render,14,0.194115,1.183165,1.007253
dinoL224,500,0.05,R3_render,15,0.193586,1.185354,1.185756
dinoL224,500,0.05,R3_render,16,0.19787,1.213423,1.196477
dinoL224,500,0.05,R3_render,17,0.194346,1.212633,1.065942
dinoL224,500,0.05,R3_render,18,0.186287,1.159265,1.075218
dinoL224,500,0.05,R3_render,19,0.189377,1.139158,0.984924
dinoL224,500,0.1,R2_cut,0,0.200476,1.399518,1.192069
dinoL224,500,0.1,R2_cut,1,0.204949,1.464025,1.225649
dinoL224,500,0.1,R2_cut,2,0.202015,1.40842,1.336011
dinoL224,500,0.1,R2_cut,3,0.203144,1.393187,1.194398
dinoL224,500,0.1,R2_cut,4,0.210507,1.477639,1.351241
dinoL224,500,0.1,R2_cut,5,0.203196,1.448685,1.316129
dinoL224,500,0.1,R2_cut,6,0.211133,1.455913,1.330129
dinoL224,500,0.1,R2_cut,7,0.203853,1.412549,1.077765
dinoL224,500,0.1,R2_cut,8,0.203791,1.420465,1.436465
dinoL224,500,0.1,R2_cut,9,0.205482,1.458345,1.448039
dinoL224,500,0.1,R2_cut,10,0.208214,1.446006,1.266887
dinoL224,500,0.1,R2_cut,11,0.200885,1.42426,1.151626
dinoL224,500,0.1,R2_cut,12,0.202334,1.43202,1.230638
dinoL224,500,0.1,R2_cut,13,0.205089,1.437833,1.2608
dinoL224,500,0.1,R2_cut,14,0.20644,1.446226,1.240216
dinoL224,500,0.1,R2_cut,15,0.207957,1.460097,1.42381
dinoL224,500,0.1,R2_cut,16,0.209313,1.474306,1.348116
dinoL224,500,0.1,R2_cut,17,0.212445,1.511024,1.402024
dinoL224,500,0.1,R2_cut,18,0.203477,1.43795,1.429597
dinoL224,500,0.1,R2_cut,19,0.202586,1.377196,1.157522
dinoL224,500,0.1,R3_render,0,0.185777,1.13812,0.966843
dinoL224,500,0.1,R3_render,1,0.189266,1.208833,0.996143
dinoL224,500,0.1,R3_render,2,0.188763,1.161772,1.135192
dinoL224,500,0.1,R3_render,3,0.191319,1.163339,0.934351
dinoL224,500,0.1,R3_render,4,0.196563,1.20906,1.012937
dinoL224,500,0.1,R3_render,5,0.186961,1.173942,1.003188
dinoL224,500,0.1,R3_render,6,0.198626,1.191795,1.066885
dinoL224,500,0.1,R3_render,7,0.192321,1.183285,0.898388
dinoL224,500,0.1,R3_render,8,0.192268,1.172689,1.205451
dinoL224,500,0.1,R3_render,9,0.194321,1.199155,1.286983
dinoL224,500,0.1,R3_render,10,0.190219,1.155531,1.019735
dinoL224,500,0.1,R3_render,11,0.184358,1.164795,0.945762
dinoL224,500,0.1,R3_render,12,0.193001,1.187716,1.015149
dinoL224,500,0.1,R3_render,13,0.19073,1.166905,1.075958
dinoL224,500,0.1,R3_render,14,0.194115,1.183165,1.007253
dinoL224,500,0.1,R3_render,15,0.193586,1.185354,1.185756
dinoL224,500,0.1,R3_render,16,0.19787,1.213423,1.196477
dinoL224,500,0.1,R3_render,17,0.194346,1.212633,1.065942
dinoL224,500,0.1,R3_render,18,0.186287,1.159265,1.075218
dinoL224,500,0.1,R3_render,19,0.189377,1.139158,0.984924
dinoL224,500,0.2,R2_cut,0,0.198987,1.379464,1.182233
dinoL224,500,0.2,R2_cut,1,0.203199,1.439244,1.237406
dinoL224,500,0.2,R2_cut,2,0.200556,1.389308,1.313897
dinoL224,500,0.2,R2_cut,3,0.201619,1.372679,1.127964
dinoL224,500,0.2,R2_cut,4,0.208908,1.455978,1.370509
dinoL224,500,0.2,R2_cut,5,0.201613,1.427153,1.299726
dinoL224,500,0.2,R2_cut,6,0.209499,1.433585,1.380665
dinoL224,500,0.2,R2_cut,7,0.202277,1.391291,1.090461
dinoL224,500,0.2,R2_cut,8,0.202115,1.397907,1.263963
dinoL224,500,0.2,R2_cut,9,0.20397,1.437838,1.220794
dinoL224,500,0.2,R2_cut,10,0.206681,1.424797,1.345552
dinoL224,500,0.2,R2_cut,11,0.199235,1.400457,1.110695
dinoL224,500,0.2,R2_cut,12,0.200626,1.407678,1.282564
dinoL224,500,0.2,R2_cut,13,0.203566,1.416986,1.244308
dinoL224,500,0.2,R2_cut,14,0.204964,1.425236,1.352113
dinoL224,500,0.2,R2_cut,15,0.206452,1.439517,1.38357
dinoL224,500,0.2,R2_cut,16,0.207819,1.45359,1.272744
dinoL224,500,0.2,R2_cut,17,0.210715,1.48468,1.386149
dinoL224,500,0.2,R2_cut,18,0.201795,1.414407,1.430846
dinoL224,500,0.2,R2_cut,19,0.201153,1.358309,1.17607
dinoL224,500,0.2,R3_render,0,0.184771,1.133246,0.952321
dinoL224,500,0.2,R3_render,1,0.188034,1.200555,1.080876
dinoL224,500,0.2,R3_render,2,0.187726,1.157092,1.173603
dinoL224,500,0.2,R3_render,3,0.190181,1.156117,0.914793
dinoL224,500,0.2,R3_render,4,0.195412,1.202614,1.066376
dinoL224,500,0.2,R3_render,5,0.185855,1.167644,1.031396
dinoL224,500,0.2,R3_render,6,0.197505,1.185619,1.093453
dinoL224,500,0.2,R3_render,7,0.191165,1.176199,0.893197
dinoL224,500,0.2,R3_render,8,0.191236,1.167666,1.046138
dinoL224,500,0.2,R3_render,9,0.193252,1.194249,1.083386
dinoL224,500,0.2,R3_render,10,0.189013,1.148104,1.117722
dinoL224,500,0.2,R3_render,11,0.183282,1.158656,0.890235
dinoL224,500,0.2,R3_render,12,0.191822,1.180815,1.046022
dinoL224,500,0.2,R3_render,13,0.189663,1.16127,1.044157
dinoL224,500,0.2,R3_render,14,0.193061,1.177319,1.132245
dinoL224,500,0.2,R3_render,15,0.192564,1.180853,1.108442
dinoL224,500,0.2,R3_render,16,0.196688,1.206472,1.086314
dinoL224,500,0.2,R3_render,17,0.193181,1.205139,1.049377
dinoL224,500,0.2,R3_render,18,0.185084,1.151659,1.154505
dinoL224,500,0.2,R3_render,19,0.18828,1.13327,1.003727
dinoL224,500,0.5,R2_cut,0,0.16325,1.068206,0.867467
dinoL224,500,0.5,R2_cut,1,0.167405,1.12617,1.022561
dinoL224,500,0.5,R2_cut,2,0.163612,1.078669,0.906928
dinoL224,500,0.5,R2_cut,3,0.163614,1.059026,0.895207
dinoL224,500,0.5,R2_cut,4,0.169447,1.102806,0.964754
dinoL224,500,0.5,R2_cut,5,0.163782,1.098677,0.904133
dinoL224,500,0.5,R2_cut,6,0.170756,1.105744,0.910269
dinoL224,500,0.5,R2_cut,7,0.165958,1.076547,0.694612
dinoL224,500,0.5,R2_cut,8,0.166442,1.085998,0.938657
dinoL224,500,0.5,R2_cut,9,0.166809,1.114327,0.944352
dinoL224,500,0.5,R2_cut,10,0.168174,1.090915,0.926342
dinoL224,500,0.5,R2_cut,11,0.160255,1.061644,0.796513
dinoL224,500,0.5,R2_cut,12,0.16299,1.072091,0.836509
dinoL224,500,0.5,R2_cut,13,0.164285,1.080346,0.814798
dinoL224,500,0.5,R2_cut,14,0.169083,1.120286,0.981541
dinoL224,500,0.5,R2_cut,15,0.166109,1.082302,1.038672
dinoL224,500,0.5,R2_cut,16,0.17263,1.149052,0.860112
dinoL224,500,0.5,R2_cut,17,0.171659,1.126009,0.809518
dinoL224,500,0.5,R2_cut,18,0.166485,1.114609,1.057699
dinoL224,500,0.5,R2_cut,19,0.164988,1.062368,0.795747
dinoL224,500,0.5,R3_render,0,0.152752,0.950753,0.73709
dinoL224,500,0.5,R3_render,1,0.15606,1.018169,0.935375
dinoL224,500,0.5,R3_render,2,0.154853,0.974539,0.856441
dinoL224,500,0.5,R3_render,3,0.156709,0.961467,0.748396
dinoL224,500,0.5,R3_render,4,0.160377,0.989052,0.844131
dinoL224,500,0.5,R3_render,5,0.153662,0.987813,0.837749
dinoL224,500,0.5,R3_render,6,0.164304,1.001851,0.817052
dinoL224,500,0.5,R3_render,7,0.159045,0.989682,0.611136
dinoL224,500,0.5,R3_render,8,0.161808,1.013342,0.913392
dinoL224,500,0.5,R3_render,9,0.160015,1.003631,0.856073
dinoL224,500,0.5,R3_render,10,0.156522,0.967616,0.84507
dinoL224,500,0.5,R3_render,11,0.1505,0.961559,0.735933
dinoL224,500,0.5,R3_render,12,0.157611,0.973563,0.749265
dinoL224,500,0.5,R3_render,13,0.15536,0.965086,0.764777
dinoL224,500,0.5,R3_render,14,0.160573,0.997958,0.912076
dinoL224,500,0.5,R3_render,15,0.157411,0.969992,0.958944
dinoL224,500,0.5,R3_render,16,0.165144,1.032849,0.807576
dinoL224,500,0.5,R3_render,17,0.160841,1.018395,0.745092
dinoL224,500,0.5,R3_render,18,0.154185,0.981718,0.909512
dinoL224,500,0.5,R3_render,19,0.156022,0.955503,0.742167
dinoL224,500,1.0,R2_cut,0,0.143396,1.010532,0.73609
dinoL224,500,1.0,R2_cut,1,0.147416,1.071428,0.966937
dinoL224,500,1.0,R2_cut,2,0.145264,1.047413,0.958481
dinoL224,500,1.0,R2_cut,3,0.147321,1.054886,0.851895
dinoL224,500,1.0,R2_cut,4,0.148325,1.045166,0.919956
dinoL224,500,1.0,R2_cut,5,0.148262,1.107165,0.882714
dinoL224,500,1.0,R2_cut,6,0.148823,1.036067,0.715574
dinoL224,500,1.0,R2_cut,7,0.149857,1.070124,0.613071
dinoL224,500,1.0,R2_cut,8,0.151136,1.078898,1.064365
dinoL224,500,1.0,R2_cut,9,0.14912,1.094263,0.762788
dinoL224,500,1.0,R2_cut,10,0.149029,1.055201,0.715952
dinoL224,500,1.0,R2_cut,11,0.14142,1.025613,0.626033
dinoL224,500,1.0,R2_cut,12,0.146218,1.053641,0.84315
dinoL224,500,1.0,R2_cut,13,0.144411,1.033956,0.767756
dinoL224,500,1.0,R2_cut,14,0.15369,1.11939,0.988462
dinoL224,500,1.0,R2_cut,15,0.145204,1.028392,0.830027
dinoL224,500,1.0,R2_cut,16,0.154419,1.123299,0.938489
dinoL224,500,1.0,R2_cut,17,0.152084,1.074123,0.870033
dinoL224,500,1.0,R2_cut,18,0.147498,1.08196,0.920632
dinoL224,500,1.0,R2_cut,19,0.147574,1.04144,0.776315
dinoL224,500,1.0,R3_render,0,0.134298,0.91504,0.635136
dinoL224,500,1.0,R3_render,1,0.137763,0.982433,0.833768
dinoL224,500,1.0,R3_render,2,0.135719,0.944923,0.882183
dinoL224,500,1.0,R3_render,3,0.140988,0.960141,0.707496
dinoL224,500,1.0,R3_render,4,0.139451,0.934649,0.748112
dinoL224,500,1.0,R3_render,5,0.141054,1.024279,0.824767
dinoL224,500,1.0,R3_render,6,0.143117,0.947569,0.600884
dinoL224,500,1.0,R3_render,7,0.142636,0.977731,0.567112
dinoL224,500,1.0,R3_render,8,0.147298,1.026855,1.00698
dinoL224,500,1.0,R3_render,9,0.142059,0.987819,0.745368
dinoL224,500,1.0,R3_render,10,0.138554,0.949224,0.646917
dinoL224,500,1.0,R3_render,11,0.134662,0.951432,0.572968
dinoL224,500,1.0,R3_render,12,0.139845,0.944363,0.76687
dinoL224,500,1.0,R3_render,13,0.137642,0.947625,0.71245
dinoL224,500,1.0,R3_render,14,0.144279,0.994649,0.873718
dinoL224,500,1.0,R3_render,15,0.137109,0.929899,0.753097
dinoL224,500,1.0,R3_render,16,0.148305,1.025881,0.919726
dinoL224,500,1.0,R3_render,17,0.14266,0.993014,0.806111
dinoL224,500,1.0,R3_render,18,0.137403,0.966754,0.793427
dinoL224,500,1.0,R3_render,19,0.137379,0.924109,0.685128
dinoL224,500,2.0,R2_cut,0,0.114983,1.340819,0.97629
dinoL224,500,2.0,R2_cut,1,0.121034,1.475659,1.209213
dinoL224,500,2.0,R2_cut,2,0.119637,1.426104,0.937388
dinoL224,500,2.0,R2_cut,3,0.122179,1.460151,0.957952
dinoL224,500,2.0,R2_cut,4,0.123534,1.421047,1.055767
dinoL224,500,2.0,R2_cut,5,0.12614,1.518933,0.894566
dinoL224,500,2.0,R2_cut,6,0.123449,1.44301,0.868933
dinoL224,500,2.0,R2_cut,7,0.12254,1.421625,0.797441
dinoL224,500,2.0,R2_cut,8,0.12358,1.502184,1.113405
dinoL224,500,2.0,R2_cut,9,0.125868,1.476602,0.873651
dinoL224,500,2.0,R2_cut,10,0.121073,1.468115,1.006195
dinoL224,500,2.0,R2_cut,11,0.117314,1.387723,0.871763
dinoL224,500,2.0,R2_cut,12,0.12027,1.442867,0.890162
dinoL224,500,2.0,R2_cut,13,0.120993,1.437382,0.944354
dinoL224,500,2.0,R2_cut,14,0.127578,1.492832,1.134958
dinoL224,500,2.0,R2_cut,15,0.121346,1.470068,1.034691
dinoL224,500,2.0,R2_cut,16,0.131387,1.467566,1.015588
dinoL224,500,2.0,R2_cut,17,0.123106,1.443494,0.875383
dinoL224,500,2.0,R2_cut,18,0.122991,1.471438,1.053696
dinoL224,500,2.0,R2_cut,19,0.121063,1.416734,1.043928
dinoL224,500,2.0,R3_render,0,0.107776,1.202703,0.805119
dinoL224,500,2.0,R3_render,1,0.112115,1.355418,1.008565
dinoL224,500,2.0,R3_render,2,0.11022,1.29599,0.948983
dinoL224,500,2.0,R3_render,3,0.115658,1.258559,0.652099
dinoL224,500,2.0,R3_render,4,0.114473,1.216998,0.755436
dinoL224,500,2.0,R3_render,5,0.118827,1.392961,0.804371
dinoL224,500,2.0,R3_render,6,0.118695,1.214878,0.775084
dinoL224,500,2.0,R3_render,7,0.115587,1.251016,0.641713
dinoL224,500,2.0,R3_render,8,0.121497,1.347708,1.11727
dinoL224,500,2.0,R3_render,9,0.118584,1.293035,0.867897
dinoL224,500,2.0,R3_render,10,0.111192,1.245562,0.852504
dinoL224,500,2.0,R3_render,11,0.110984,1.26067,0.791706
dinoL224,500,2.0,R3_render,12,0.113644,1.232228,0.75075
dinoL224,500,2.0,R3_render,13,0.11522,1.24805,0.852578
dinoL224,500,2.0,R3_render,14,0.118915,1.280383,0.930151
dinoL224,500,2.0,R3_render,15,0.112551,1.271322,0.833857
dinoL224,500,2.0,R3_render,16,0.125165,1.28962,1.004688
dinoL224,500,2.0,R3_render,17,0.114287,1.302856,0.80885
dinoL224,500,2.0,R3_render,18,0.113454,1.265742,0.883846
dinoL224,500,2.0,R3_render,19,0.110071,1.197386,0.898387
dinoL224,500,5.0,R2_cut,0,0.112047,1.3249,0.953615
dinoL224,500,5.0,R2_cut,1,0.118831,1.449419,1.18398
dinoL224,500,5.0,R2_cut,2,0.117927,1.409914,0.980515
dinoL224,500,5.0,R2_cut,3,0.120239,1.444722,1.076149
dinoL224,500,5.0,R2_cut,4,0.122357,1.426069,1.076549
dinoL224,500,5.0,R2_cut,5,0.124363,1.487872,0.926247
dinoL224,500,5.0,R2_cut,6,0.122803,1.459806,0.999673
dinoL224,500,5.0,R2_cut,7,0.119875,1.401076,0.839313
dinoL224,500,5.0,R2_cut,8,0.120489,1.507182,1.030097
dinoL224,500,5.0,R2_cut,9,0.124937,1.459873,0.900639
dinoL224,500,5.0,R2_cut,10,0.117951,1.462032,0.895362
dinoL224,500,5.0,R2_cut,11,0.115521,1.357521,0.952624
dinoL224,500,5.0,R2_cut,12,0.118165,1.423886,0.874202
dinoL224,500,5.0,R2_cut,13,0.12041,1.434106,1.042248
dinoL224,500,5.0,R2_cut,14,0.125128,1.485971,1.125064
dinoL224,500,5.0,R2_cut,15,0.120358,1.46882,0.829196
dinoL224,500,5.0,R2_cut,16,0.129207,1.442864,1.082337
dinoL224,500,5.0,R2_cut,17,0.120133,1.441891,0.847399
dinoL224,500,5.0,R2_cut,18,0.121169,1.453286,1.000587
dinoL224,500,5.0,R2_cut,19,0.118848,1.401329,0.989634
dinoL224,500,5.0,R3_render,0,0.105105,1.195439,0.737165
dinoL224,500,5.0,R3_render,1,0.110305,1.357131,1.014235
dinoL224,500,5.0,R3_render,2,0.108711,1.311006,0.994087
dinoL224,500,5.0,R3_render,3,0.113717,1.260514,0.926536
dinoL224,500,5.0,R3_render,4,0.113657,1.243445,0.878257
dinoL224,500,5.0,R3_render,5,0.117234,1.413115,0.921726
dinoL224,500,5.0,R3_render,6,0.118618,1.246589,0.761841
dinoL224,500,5.0,R3_render,7,0.113073,1.257606,0.74116
dinoL224,500,5.0,R3_render,8,0.118773,1.357538,1.026718
dinoL224,500,5.0,R3_render,9,0.117421,1.302637,0.937095
dinoL224,500,5.0,R3_render,10,0.108619,1.248484,0.765614
dinoL224,500,5.0,R3_render,11,0.10881,1.267366,0.891833
dinoL224,500,5.0,R3_render,12,0.11145,1.245403,0.703936
dinoL224,500,5.0,R3_render,13,0.114795,1.26955,0.918132
dinoL224,500,5.0,R3_render,14,0.11694,1.29718,0.896724
dinoL224,500,5.0,R3_render,15,0.111945,1.303571,0.774686
dinoL224,500,5.0,R3_render,16,0.123213,1.293034,1.003114
dinoL224,500,5.0,R3_render,17,0.111525,1.305924,0.838838
dinoL224,500,5.0,R3_render,18,0.111747,1.276716,0.934345
dinoL224,500,5.0,R3_render,19,0.107933,1.207103,0.901439
dinoL224,500,10.0,R2_cut,0,0.110863,1.335515,0.781469
dinoL224,500,10.0,R2_cut,1,0.117481,1.454634,1.157234
dinoL224,500,10.0,R2_cut,2,0.116498,1.41484,1.027387
dinoL224,500,10.0,R2_cut,3,0.118605,1.452768,1.111084
dinoL224,500,10.0,R2_cut,4,0.121075,1.431498,1.021089
dinoL224,500,10.0,R2_cut,5,0.123224,1.494653,0.972049
dinoL224,500,10.0,R2_cut,6,0.121281,1.463373,1.010311
dinoL224,500,10.0,R2_cut,7,0.117939,1.402469,0.952234
dinoL224,500,10.0,R2_cut,8,0.118808,1.510349,1.006933
dinoL224,500,10.0,R2_cut,9,0.123836,1.473804,0.962838
dinoL224,500,10.0,R2_cut,10,0.116358,1.471746,0.938361
dinoL224,500,10.0,R2_cut,11,0.114494,1.367057,0.92427
dinoL224,500,10.0,R2_cut,12,0.116856,1.43437,1.016267
dinoL224,500,10.0,R2_cut,13,0.119367,1.451829,0.947511
dinoL224,500,10.0,R2_cut,14,0.123409,1.488995,1.004687
dinoL224,500,10.0,R2_cut,15,0.119292,1.489314,1.010889
dinoL224,500,10.0,R2_cut,16,0.127875,1.449648,1.007086
dinoL224,500,10.0,R2_cut,17,0.118469,1.451979,0.894442
dinoL224,500,10.0,R2_cut,18,0.120155,1.468413,1.027654
dinoL224,500,10.0,R2_cut,19,0.117687,1.416506,0.879205
dinoL224,500,10.0,R3_render,0,0.103307,1.190131,0.651234
dinoL224,500,10.0,R3_render,1,0.108924,1.356845,0.923802
dinoL224,500,10.0,R3_render,2,0.106999,1.313736,0.894266
dinoL224,500,10.0,R3_render,3,0.11219,1.259102,0.815674
dinoL224,500,10.0,R3_render,4,0.111962,1.235571,0.758028
dinoL224,500,10.0,R3_render,5,0.115623,1.397155,0.900778
dinoL224,500,10.0,R3_render,6,0.116656,1.236186,0.778489
dinoL224,500,10.0,R3_render,7,0.110823,1.245133,0.758319
dinoL224,500,10.0,R3_render,8,0.116539,1.343357,1.085423
dinoL224,500,10.0,R3_render,9,0.115729,1.294581,0.941776
dinoL224,500,10.0,R3_render,10,0.10639,1.238695,0.833276
dinoL224,500,10.0,R3_render,11,0.10749,1.261889,0.829058
dinoL224,500,10.0,R3_render,12,0.109604,1.232458,0.782096
dinoL224,500,10.0,R3_render,13,0.113079,1.259427,0.875993
dinoL224,500,10.0,R3_render,14,0.11489,1.284241,0.702701
dinoL224,500,10.0,R3_render,15,0.11012,1.294072,0.917801
dinoL224,500,10.0,R3_render,16,0.121211,1.279987,0.99728
dinoL224,500,10.0,R3_render,17,0.109533,1.298972,0.811117
dinoL224,500,10.0,R3_render,18,0.110546,1.283418,0.844299
dinoL224,500,10.0,R3_render,19,0.106196,1.205412,0.761669
dinoL224,500,20.0,R2_cut,0,0.113179,1.345697,0.899023
dinoL224,500,20.0,R2_cut,1,0.11977,1.457936,1.188699
dinoL224,500,20.0,R2_cut,2,0.119171,1.422374,1.038135
dinoL224,500,20.0,R2_cut,3,0.120006,1.432303,1.004734
dinoL224,500,20.0,R2_cut,4,0.123706,1.432959,1.028635
dinoL224,500,20.0,R2_cut,5,0.124838,1.49057,0.975189
dinoL224,500,20.0,R2_cut,6,0.124166,1.464037,1.002976
dinoL224,500,20.0,R2_cut,7,0.120126,1.400675,0.933856
dinoL224,500,20.0,R2_cut,8,0.120226,1.502522,0.995318
dinoL224,500,20.0,R2_cut,9,0.125837,1.464147,0.902352
dinoL224,500,20.0,R2_cut,10,0.118619,1.474189,1.005016
dinoL224,500,20.0,R2_cut,11,0.116332,1.370408,0.947638
dinoL224,500,20.0,R2_cut,12,0.118993,1.433423,1.049739
dinoL224,500,20.0,R2_cut,13,0.121562,1.444893,0.870681
dinoL224,500,20.0,R2_cut,14,0.125644,1.493919,1.110519
dinoL224,500,20.0,R2_cut,15,0.121956,1.486508,1.094158
dinoL224,500,20.0,R2_cut,16,0.129918,1.448458,1.115223
dinoL224,500,20.0,R2_cut,17,0.120841,1.445245,0.849788
dinoL224,500,20.0,R2_cut,18,0.12253,1.476236,1.096214
dinoL224,500,20.0,R2_cut,19,0.119351,1.397229,0.824138
dinoL224,500,20.0,R3_render,0,0.105298,1.203996,0.744951
dinoL224,500,20.0,R3_render,1,0.110449,1.350675,0.886993
dinoL224,500,20.0,R3_render,2,0.10871,1.308181,0.974614
dinoL224,500,20.0,R3_render,3,0.112915,1.249519,0.686978
dinoL224,500,20.0,R3_render,4,0.113669,1.235741,0.74536
dinoL224,500,20.0,R3_render,5,0.116489,1.39008,0.964697
dinoL224,500,20.0,R3_render,6,0.118574,1.244424,0.767463
dinoL224,500,20.0,R3_render,7,0.112377,1.244968,0.75914
dinoL224,500,20.0,R3_render,8,0.117748,1.343394,1.102248
dinoL224,500,20.0,R3_render,9,0.116927,1.288327,0.798275
dinoL224,500,20.0,R3_render,10,0.107544,1.235799,0.810702
dinoL224,500,20.0,R3_render,11,0.108518,1.269697,0.881105
dinoL224,500,20.0,R3_render,12,0.110899,1.226735,0.707181
dinoL224,500,20.0,R3_render,13,0.114309,1.254201,0.821357
dinoL224,500,20.0,R3_render,14,0.11642,1.28863,0.899168
dinoL224,500,20.0,R3_render,15,0.111983,1.296002,0.915535
dinoL224,500,20.0,R3_render,16,0.12254,1.275093,1.041891
dinoL224,500,20.0,R3_render,17,0.111149,1.297265,0.776831
dinoL224,500,20.0,R3_render,18,0.111979,1.286062,0.787533
dinoL224,500,20.0,R3_render,19,0.107019,1.190484,0.705314
dinoL224,500,40.0,R2_cut,0,0.114414,1.329078,0.843861
dinoL224,500,40.0,R2_cut,1,0.120467,1.435813,1.199686
dinoL224,500,40.0,R2_cut,2,0.120095,1.404556,1.061663
dinoL224,500,40.0,R2_cut,3,0.120758,1.415187,1.032929
dinoL224,500,40.0,R2_cut,4,0.124509,1.413132,0.963062
dinoL224,500,40.0,R2_cut,5,0.12585,1.475725,1.042983
dinoL224,500,40.0,R2_cut,6,0.125029,1.452592,1.003627
dinoL224,500,40.0,R2_cut,7,0.120825,1.371805,0.958053
dinoL224,500,40.0,R2_cut,8,0.121369,1.486086,0.859882
dinoL224,500,40.0,R2_cut,9,0.126783,1.441094,0.847285
dinoL224,500,40.0,R2_cut,10,0.118606,1.446744,1.012802
dinoL224,500,40.0,R2_cut,11,0.116987,1.343201,0.825336
dinoL224,500,40.0,R2_cut,12,0.119696,1.407865,1.03339
dinoL224,500,40.0,R2_cut,13,0.122603,1.433826,0.83896
dinoL224,500,40.0,R2_cut,14,0.12694,1.482668,1.1701
dinoL224,500,40.0,R2_cut,15,0.122213,1.453447,1.014748
dinoL224,500,40.0,R2_cut,16,0.131426,1.439011,1.042192
dinoL224,500,40.0,R2_cut,17,0.121716,1.4273,0.84739
dinoL224,500,40.0,R2_cut,18,0.122914,1.437697,1.034042
dinoL224,500,40.0,R2_cut,19,0.120662,1.390969,0.962555
dinoL224,500,40.0,R3_render,0,0.10633,1.208051,0.672623
dinoL224,500,40.0,R3_render,1,0.11123,1.348747,0.983021
dinoL224,500,40.0,R3_render,2,0.109797,1.311789,0.949888
dinoL224,500,40.0,R3_render,3,0.113461,1.245846,0.76804
dinoL224,500,40.0,R3_render,4,0.114325,1.234472,0.736248
dinoL224,500,40.0,R3_render,5,0.117062,1.393716,1.002654
dinoL224,500,40.0,R3_render,6,0.11986,1.252028,0.765798
dinoL224,500,40.0,R3_render,7,0.113177,1.246196,0.764115
dinoL224,500,40.0,R3_render,8,0.118975,1.350897,1.052506
dinoL224,500,40.0,R3_render,9,0.117921,1.294766,0.891605
dinoL224,500,40.0,R3_render,10,0.107846,1.22526,0.901381
dinoL224,500,40.0,R3_render,11,0.108669,1.259356,0.758496
dinoL224,500,40.0,R3_render,12,0.111709,1.237039,0.830914
dinoL224,500,40.0,R3_render,13,0.115318,1.260088,0.799284
dinoL224,500,40.0,R3_render,14,0.117478,1.303107,0.883353
dinoL224,500,40.0,R3_render,15,0.112393,1.290846,0.867955
dinoL224,500,40.0,R3_render,16,0.123549,1.288913,1.068827
dinoL224,500,40.0,R3_render,17,0.112064,1.2993,0.732907
dinoL224,500,40.0,R3_render,18,0.112425,1.277302,0.945157
dinoL224,500,40.0,R3_render,19,0.10843,1.203934,0.878058
dinoL224,1000,0.02,R2_cut,0,0.139862,1.087244,0.932799
dinoL224,1000,0.02,R2_cut,1,0.139042,1.079069,1.031571
dinoL224,1000,0.02,R2_cut,2,0.144584,1.125014,1.049346
dinoL224,1000,0.02,R2_cut,3,0.139679,1.081155,1.094442
dinoL224,1000,0.02,R2_cut,4,0.146347,1.160593,1.110574
dinoL224,1000,0.02,R2_cut,5,0.142671,1.136712,0.970396
dinoL224,1000,0.02,R2_cut,6,0.141365,1.122375,1.093704
dinoL224,1000,0.02,R2_cut,7,0.146856,1.16956,1.048557
dinoL224,1000,0.02,R2_cut,8,0.142448,1.123751,1.054248
dinoL224,1000,0.02,R2_cut,9,0.138911,1.07639,0.933622
dinoL224,1000,0.02,R2_cut,10,0.144942,1.127924,0.977044
dinoL224,1000,0.02,R2_cut,11,0.139608,1.094645,1.050197
dinoL224,1000,0.02,R2_cut,12,0.143091,1.122019,1.025545
dinoL224,1000,0.02,R2_cut,13,0.143762,1.15311,1.013968
dinoL224,1000,0.02,R2_cut,14,0.141684,1.131371,1.018317
dinoL224,1000,0.02,R2_cut,15,0.141143,1.097882,1.081911
dinoL224,1000,0.02,R2_cut,16,0.140664,1.119438,1.009902
dinoL224,1000,0.02,R2_cut,17,0.137207,1.074628,0.976438
dinoL224,1000,0.02,R2_cut,18,0.144583,1.138221,1.0215
dinoL224,1000,0.02,R2_cut,19,0.139598,1.081484,0.990937
dinoL224,1000,0.02,R3_render,0,0.131007,0.869774,0.787989
dinoL224,1000,0.02,R3_render,1,0.128468,0.847093,0.78999
dinoL224,1000,0.02,R3_render,2,0.134268,0.882605,0.813823
dinoL224,1000,0.02,R3_render,3,0.130577,0.845714,0.854755
dinoL224,1000,0.02,R3_render,4,0.140662,0.916629,0.910635
dinoL224,1000,0.02,R3_render,5,0.133698,0.903168,0.772263
dinoL224,1000,0.02,R3_render,6,0.13331,0.892186,0.888252
dinoL224,1000,0.02,R3_render,7,0.139538,0.933937,0.850518
dinoL224,1000,0.02,R3_render,8,0.131283,0.866879,0.766025
dinoL224,1000,0.02,R3_render,9,0.129891,0.844843,0.768076
dinoL224,1000,0.02,R3_render,10,0.138066,0.913495,0.80765
dinoL224,1000,0.02,R3_render,11,0.130986,0.867847,0.845974
dinoL224,1000,0.02,R3_render,12,0.134493,0.890292,0.815172
dinoL224,1000,0.02,R3_render,13,0.133711,0.901747,0.796739
dinoL224,1000,0.02,R3_render,14,0.132011,0.888804,0.827554
dinoL224,1000,0.02,R3_render,15,0.132483,0.867905,0.871843
dinoL224,1000,0.02,R3_render,16,0.132602,0.886643,0.8237
dinoL224,1000,0.02,R3_render,17,0.127906,0.833394,0.740192
dinoL224,1000,0.02,R3_render,18,0.134508,0.894933,0.756901
dinoL224,1000,0.02,R3_render,19,0.12821,0.847662,0.755423
dinoL224,1000,0.05,R2_cut,0,0.139862,1.087244,0.932799
dinoL224,1000,0.05,R2_cut,1,0.139042,1.079069,1.031571
dinoL224,1000,0.05,R2_cut,2,0.144584,1.125014,1.049346
dinoL224,1000,0.05,R2_cut,3,0.139679,1.081155,1.094442
dinoL224,1000,0.05,R2_cut,4,0.146347,1.160593,1.110574
dinoL224,1000,0.05,R2_cut,5,0.142671,1.136712,0.970396
dinoL224,1000,0.05,R2_cut,6,0.141365,1.122375,1.093704
dinoL224,1000,0.05,R2_cut,7,0.146856,1.16956,1.048557
dinoL224,1000,0.05,R2_cut,8,0.142448,1.123751,1.054248
dinoL224,1000,0.05,R2_cut,9,0.138911,1.07639,0.933622
dinoL224,1000,0.05,R2_cut,10,0.144942,1.127924,0.977044
dinoL224,1000,0.05,R2_cut,11,0.139608,1.094645,1.050197
dinoL224,1000,0.05,R2_cut,12,0.143091,1.122019,1.025545
dinoL224,1000,0.05,R2_cut,13,0.143762,1.15311,1.013968
dinoL224,1000,0.05,R2_cut,14,0.141684,1.131371,1.018317
dinoL224,1000,0.05,R2_cut,15,0.141143,1.097882,1.081911
dinoL224,1000,0.05,R2_cut,16,0.140664,1.119438,1.009902
dinoL224,1000,0.05,R2_cut,17,0.137207,1.074628,0.976438
dinoL224,1000,0.05,R2_cut,18,0.144583,1.138221,1.0215
dinoL224,1000,0.05,R2_cut,19,0.139598,1.081484,0.990937
dinoL224,1000,0.05,R3_render,0,0.131007,0.869774,0.787989
dinoL224,1000,0.05,R3_render,1,0.128468,0.847093,0.78999
dinoL224,1000,0.05,R3_render,2,0.134268,0.882605,0.813823
dinoL224,1000,0.05,R3_render,3,0.130577,0.845714,0.854755
dinoL224,1000,0.05,R3_render,4,0.140662,0.916629,0.910635
dinoL224,1000,0.05,R3_render,5,0.133698,0.903168,0.772263
dinoL224,1000,0.05,R3_render,6,0.13331,0.892186,0.888252
dinoL224,1000,0.05,R3_render,7,0.139538,0.933937,0.850518
dinoL224,1000,0.05,R3_render,8,0.131283,0.866879,0.766025
dinoL224,1000,0.05,R3_render,9,0.129891,0.844843,0.768076
dinoL224,1000,0.05,R3_render,10,0.138066,0.913495,0.80765
dinoL224,1000,0.05,R3_render,11,0.130986,0.867847,0.845974
dinoL224,1000,0.05,R3_render,12,0.134493,0.890292,0.815172
dinoL224,1000,0.05,R3_render,13,0.133711,0.901747,0.796739
dinoL224,1000,0.05,R3_render,14,0.132011,0.888804,0.827554
dinoL224,1000,0.05,R3_render,15,0.132483,0.867905,0.871843
dinoL224,1000,0.05,R3_render,16,0.132602,0.886643,0.8237
dinoL224,1000,0.05,R3_render,17,0.127906,0.833394,0.740192
dinoL224,1000,0.05,R3_render,18,0.134508,0.894933,0.756901
dinoL224,1000,0.05,R3_render,19,0.12821,0.847662,0.755423
dinoL224,1000,0.1,R2_cut,0,0.139862,1.087244,0.932799
dinoL224,1000,0.1,R2_cut,1,0.139042,1.079069,1.031571
dinoL224,1000,0.1,R2_cut,2,0.144584,1.125014,1.049346
dinoL224,1000,0.1,R2_cut,3,0.139679,1.081155,1.094442
dinoL224,1000,0.1,R2_cut,4,0.146347,1.160593,1.110574
dinoL224,1000,0.1,R2_cut,5,0.142671,1.136712,0.970396
dinoL224,1000,0.1,R2_cut,6,0.141365,1.122375,1.093704
dinoL224,1000,0.1,R2_cut,7,0.146856,1.16956,1.048557
dinoL224,1000,0.1,R2_cut,8,0.142448,1.123751,1.054248
dinoL224,1000,0.1,R2_cut,9,0.138911,1.07639,0.933622
dinoL224,1000,0.1,R2_cut,10,0.144942,1.127924,0.977044
dinoL224,1000,0.1,R2_cut,11,0.139608,1.094645,1.050197
dinoL224,1000,0.1,R2_cut,12,0.143091,1.122019,1.025545
dinoL224,1000,0.1,R2_cut,13,0.143762,1.15311,1.013968
dinoL224,1000,0.1,R2_cut,14,0.141684,1.131371,1.018317
dinoL224,1000,0.1,R2_cut,15,0.141143,1.097882,1.081911
dinoL224,1000,0.1,R2_cut,16,0.140664,1.119438,1.009902
dinoL224,1000,0.1,R2_cut,17,0.137207,1.074628,0.976438
dinoL224,1000,0.1,R2_cut,18,0.144583,1.138221,1.0215
dinoL224,1000,0.1,R2_cut,19,0.139598,1.081484,0.990937
dinoL224,1000,0.1,R3_render,0,0.131007,0.869774,0.787989
dinoL224,1000,0.1,R3_render,1,0.128468,0.847093,0.78999
dinoL224,1000,0.1,R3_render,2,0.134268,0.882605,0.813823
dinoL224,1000,0.1,R3_render,3,0.130577,0.845714,0.854755
dinoL224,1000,0.1,R3_render,4,0.140662,0.916629,0.910635
dinoL224,1000,0.1,R3_render,5,0.133698,0.903168,0.772263
dinoL224,1000,0.1,R3_render,6,0.13331,0.892186,0.888252
dinoL224,1000,0.1,R3_render,7,0.139538,0.933937,0.850518
dinoL224,1000,0.1,R3_render,8,0.131283,0.866879,0.766025
dinoL224,1000,0.1,R3_render,9,0.129891,0.844843,0.768076
dinoL224,1000,0.1,R3_render,10,0.138066,0.913495,0.80765
dinoL224,1000,0.1,R3_render,11,0.130986,0.867847,0.845974
dinoL224,1000,0.1,R3_render,12,0.134493,0.890292,0.815172
dinoL224,1000,0.1,R3_render,13,0.133711,0.901747,0.796739
dinoL224,1000,0.1,R3_render,14,0.132011,0.888804,0.827554
dinoL224,1000,0.1,R3_render,15,0.132483,0.867905,0.871843
dinoL224,1000,0.1,R3_render,16,0.132602,0.886643,0.8237
dinoL224,1000,0.1,R3_render,17,0.127906,0.833394,0.740192
dinoL224,1000,0.1,R3_render,18,0.134508,0.894933,0.756901
dinoL224,1000,0.1,R3_render,19,0.12821,0.847662,0.755423
dinoL224,1000,0.2,R2_cut,0,0.138358,1.072584,0.928233
dinoL224,1000,0.2,R2_cut,1,0.137464,1.063837,0.998868
dinoL224,1000,0.2,R2_cut,2,0.142945,1.108451,1.077555
dinoL224,1000,0.2,R2_cut,3,0.138102,1.065945,1.103714
dinoL224,1000,0.2,R2_cut,4,0.144965,1.147606,1.126706
dinoL224,1000,0.2,R2_cut,5,0.141107,1.12102,1.016544
dinoL224,1000,0.2,R2_cut,6,0.139868,1.107614,1.039255
dinoL224,1000,0.2,R2_cut,7,0.145395,1.155524,1.058938
dinoL224,1000,0.2,R2_cut,8,0.140876,1.107623,1.121577
dinoL224,1000,0.2,R2_cut,9,0.137312,1.060986,0.983811
dinoL224,1000,0.2,R2_cut,10,0.143333,1.111952,1.005726
dinoL224,1000,0.2,R2_cut,11,0.138192,1.081054,1.034611
dinoL224,1000,0.2,R2_cut,12,0.141533,1.106371,1.006944
dinoL224,1000,0.2,R2_cut,13,0.142186,1.137218,0.982438
dinoL224,1000,0.2,R2_cut,14,0.140158,1.116054,1.091664
dinoL224,1000,0.2,R2_cut,15,0.139648,1.083769,1.026957
dinoL224,1000,0.2,R2_cut,16,0.139225,1.105416,0.935113
dinoL224,1000,0.2,R2_cut,17,0.135697,1.06098,0.910823
dinoL224,1000,0.2,R2_cut,18,0.143151,1.124729,0.93083
dinoL224,1000,0.2,R2_cut,19,0.138055,1.067327,0.958865
dinoL224,1000,0.2,R3_render,0,0.130193,0.867058,0.789125
dinoL224,1000,0.2,R3_render,1,0.127589,0.843547,0.779799
dinoL224,1000,0.2,R3_render,2,0.133356,0.87863,0.840891
dinoL224,1000,0.2,R3_render,3,0.129785,0.843373,0.87143
dinoL224,1000,0.2,R3_render,4,0.139905,0.914738,0.891788
dinoL224,1000,0.2,R3_render,5,0.132873,0.900353,0.832889
dinoL224,1000,0.2,R3_render,6,0.132532,0.890178,0.875515
dinoL224,1000,0.2,R3_render,7,0.138674,0.930684,0.849097
dinoL224,1000,0.2,R3_render,8,0.130402,0.863011,0.82379
dinoL224,1000,0.2,R3_render,9,0.129067,0.842248,0.808818
dinoL224,1000,0.2,R3_render,10,0.137186,0.90996,0.851857
dinoL224,1000,0.2,R3_render,11,0.130246,0.866042,0.875352
dinoL224,1000,0.2,R3_render,12,0.133631,0.886633,0.793578
dinoL224,1000,0.2,R3_render,13,0.132817,0.89803,0.746985
dinoL224,1000,0.2,R3_render,14,0.131231,0.88684,0.865244
dinoL224,1000,0.2,R3_render,15,0.131721,0.865807,0.816927
dinoL224,1000,0.2,R3_render,16,0.131767,0.883489,0.786313
dinoL224,1000,0.2,R3_render,17,0.127131,0.831432,0.719361
dinoL224,1000,0.2,R3_render,18,0.133647,0.8917,0.74522
dinoL224,1000,0.2,R3_render,19,0.127422,0.845224,0.726639
dinoL224,1000,0.5,R2_cut,0,0.116086,0.98764,0.755841
dinoL224,1000,0.5,R2_cut,1,0.112727,0.956779,0.796023
dinoL224,1000,0.5,R2_cut,2,0.115666,0.96343,0.895413
dinoL224,1000,0.5,R2_cut,3,0.114463,0.971764,0.892635
dinoL224,1000,0.5,R2_cut,4,0.121645,1.046794,0.972144
dinoL224,1000,0.5,R2_cut,5,0.115749,0.997989,0.781913
dinoL224,1000,0.5,R2_cut,6,0.115604,0.990817,0.766293
dinoL224,1000,0.5,R2_cut,7,0.121863,1.066937,0.797984
dinoL224,1000,0.5,R2_cut,8,0.116469,0.992254,0.891721
dinoL224,1000,0.5,R2_cut,9,0.112092,0.955429,0.845542
dinoL224,1000,0.5,R2_cut,10,0.116609,0.983321,0.816987
dinoL224,1000,0.5,R2_cut,11,0.115024,0.988492,0.799798
dinoL224,1000,0.5,R2_cut,12,0.116595,0.986463,0.83823
dinoL224,1000,0.5,R2_cut,13,0.117335,1.025019,0.743563
dinoL224,1000,0.5,R2_cut,14,0.117228,1.031707,0.852039
dinoL224,1000,0.5,R2_cut,15,0.114371,0.981726,0.876139
dinoL224,1000,0.5,R2_cut,16,0.116589,1.02186,0.907414
dinoL224,1000,0.5,R2_cut,17,0.111842,0.969323,0.736064
dinoL224,1000,0.5,R2_cut,18,0.118138,1.008803,0.842308
dinoL224,1000,0.5,R2_cut,19,0.114814,0.986487,0.788073
dinoL224,1000,0.5,R3_render,0,0.109237,0.842793,0.642907
dinoL224,1000,0.5,R3_render,1,0.106554,0.82063,0.652539
dinoL224,1000,0.5,R3_render,2,0.108937,0.807965,0.744426
dinoL224,1000,0.5,R3_render,3,0.108612,0.816239,0.693503
dinoL224,1000,0.5,R3_render,4,0.118119,0.875801,0.829106
dinoL224,1000,0.5,R3_render,5,0.110121,0.854217,0.689219
dinoL224,1000,0.5,R3_render,6,0.110344,0.846609,0.648166
dinoL224,1000,0.5,R3_render,7,0.116518,0.899026,0.680345
dinoL224,1000,0.5,R3_render,8,0.109123,0.835819,0.736891
dinoL224,1000,0.5,R3_render,9,0.107281,0.815652,0.730859
dinoL224,1000,0.5,R3_render,10,0.112786,0.843312,0.704899
dinoL224,1000,0.5,R3_render,11,0.109022,0.835973,0.665287
dinoL224,1000,0.5,R3_render,12,0.111856,0.850627,0.709585
dinoL224,1000,0.5,R3_render,13,0.110351,0.860028,0.582815
dinoL224,1000,0.5,R3_render,14,0.111068,0.880191,0.764737
dinoL224,1000,0.5,R3_render,15,0.110065,0.83647,0.803892
dinoL224,1000,0.5,R3_render,16,0.11058,0.856526,0.781424
dinoL224,1000,0.5,R3_render,17,0.106458,0.807467,0.562768
dinoL224,1000,0.5,R3_render,18,0.111917,0.857503,0.637765
dinoL224,1000,0.5,R3_render,19,0.107889,0.83998,0.633797
dinoL224,1000,1.0,R2_cut,0,0.10607,0.982904,0.775616
dinoL224,1000,1.0,R2_cut,1,0.099674,0.920598,0.727428
dinoL224,1000,1.0,R2_cut,2,0.101573,0.914937,0.748097
dinoL224,1000,1.0,R2_cut,3,0.10196,0.935935,0.836074
dinoL224,1000,1.0,R2_cut,4,0.109599,1.016197,0.976457
dinoL224,1000,1.0,R2_cut,5,0.103201,0.960792,0.823401
dinoL224,1000,1.0,R2_cut,6,0.103863,0.952834,0.861591
dinoL224,1000,1.0,R2_cut,7,0.108403,1.028789,0.699473
dinoL224,1000,1.0,R2_cut,8,0.103629,0.948584,0.855749
dinoL224,1000,1.0,R2_cut,9,0.099488,0.936083,0.821042
dinoL224,1000,1.0,R2_cut,10,0.103378,0.948036,0.711145
dinoL224,1000,1.0,R2_cut,11,0.10256,0.957123,0.779153
dinoL224,1000,1.0,R2_cut,12,0.103871,0.950735,0.70432
dinoL224,1000,1.0,R2_cut,13,0.10357,0.976191,0.833558
dinoL224,1000,1.0,R2_cut,14,0.104843,0.995537,0.805085
dinoL224,1000,1.0,R2_cut,15,0.101896,0.959845,0.624564
dinoL224,1000,1.0,R2_cut,16,0.104109,0.989014,0.823108
dinoL224,1000,1.0,R2_cut,17,0.099891,0.946764,0.640036
dinoL224,1000,1.0,R2_cut,18,0.104424,0.969946,0.793956
dinoL224,1000,1.0,R2_cut,19,0.103299,0.969563,0.759725
dinoL224,1000,1.0,R3_render,0,0.098863,0.889061,0.681428
dinoL224,1000,1.0,R3_render,1,0.095389,0.863912,0.705265
dinoL224,1000,1.0,R3_render,2,0.094719,0.806132,0.555638
dinoL224,1000,1.0,R3_render,3,0.095991,0.836193,0.750654
dinoL224,1000,1.0,R3_render,4,0.105388,0.894002,0.85029
dinoL224,1000,1.0,R3_render,5,0.097956,0.877185,0.70906
dinoL224,1000,1.0,R3_render,6,0.098478,0.863851,0.833667
dinoL224,1000,1.0,R3_render,7,0.102301,0.90909,0.596315
dinoL224,1000,1.0,R3_render,8,0.097312,0.862892,0.704559
dinoL224,1000,1.0,R3_render,9,0.094609,0.843921,0.736201
dinoL224,1000,1.0,R3_render,10,0.098973,0.848286,0.619182
dinoL224,1000,1.0,R3_render,11,0.096177,0.851816,0.732906
dinoL224,1000,1.0,R3_render,12,0.099082,0.87519,0.687747
dinoL224,1000,1.0,R3_render,13,0.097169,0.878573,0.672094
dinoL224,1000,1.0,R3_render,14,0.09942,0.914227,0.738763
dinoL224,1000,1.0,R3_render,15,0.098095,0.866471,0.599608
dinoL224,1000,1.0,R3_render,16,0.098267,0.886444,0.729406
dinoL224,1000,1.0,R3_render,17,0.095211,0.840782,0.579873
dinoL224,1000,1.0,R3_render,18,0.099263,0.878647,0.672168
dinoL224,1000,1.0,R3_render,19,0.097557,0.887888,0.704491
dinoL224,1000,2.0,R2_cut,0,0.099342,1.038787,0.685304
dinoL224,1000,2.0,R2_cut,1,0.092274,0.982345,0.691212
dinoL224,1000,2.0,R2_cut,2,0.094883,0.971624,0.789326
dinoL224,1000,2.0,R2_cut,3,0.095299,0.999202,0.824266
dinoL224,1000,2.0,R2_cut,4,0.102985,1.072211,0.872365
dinoL224,1000,2.0,R2_cut,5,0.097009,1.032574,0.825994
dinoL224,1000,2.0,R2_cut,6,0.097614,1.017616,0.831163
dinoL224,1000,2.0,R2_cut,7,0.101424,1.077229,0.812242
dinoL224,1000,2.0,R2_cut,8,0.097546,1.016313,0.809157
dinoL224,1000,2.0,R2_cut,9,0.093052,1.010347,0.789329
dinoL224,1000,2.0,R2_cut,10,0.097278,1.001463,0.683886
dinoL224,1000,2.0,R2_cut,11,0.096109,1.018313,0.801941
dinoL224,1000,2.0,R2_cut,12,0.097752,1.014305,0.793777
dinoL224,1000,2.0,R2_cut,13,0.09844,1.056395,0.889226
dinoL224,1000,2.0,R2_cut,14,0.098118,1.054673,0.896372
dinoL224,1000,2.0,R2_cut,15,0.096743,1.038768,0.827997
dinoL224,1000,2.0,R2_cut,16,0.097273,1.052968,0.837292
dinoL224,1000,2.0,R2_cut,17,0.094011,1.035373,0.61612
dinoL224,1000,2.0,R2_cut,18,0.097875,1.031312,0.885706
dinoL224,1000,2.0,R2_cut,19,0.096169,1.03168,0.766515
dinoL224,1000,2.0,R3_render,0,0.091981,0.908062,0.613959
dinoL224,1000,2.0,R3_render,1,0.088163,0.885918,0.625694
dinoL224,1000,2.0,R3_render,2,0.087565,0.817155,0.691782
dinoL224,1000,2.0,R3_render,3,0.088358,0.85149,0.695034
dinoL224,1000,2.0,R3_render,4,0.098706,0.904867,0.787242
dinoL224,1000,2.0,R3_render,5,0.091383,0.909299,0.734226
dinoL224,1000,2.0,R3_render,6,0.091811,0.88673,0.751207
dinoL224,1000,2.0,R3_render,7,0.094516,0.90797,0.691179
dinoL224,1000,2.0,R3_render,8,0.090287,0.884468,0.662323
dinoL224,1000,2.0,R3_render,9,0.086956,0.862133,0.687502
dinoL224,1000,2.0,R3_render,10,0.092139,0.862005,0.576567
dinoL224,1000,2.0,R3_render,11,0.088405,0.861969,0.701251
dinoL224,1000,2.0,R3_render,12,0.09213,0.898096,0.669009
dinoL224,1000,2.0,R3_render,13,0.09033,0.903105,0.734877
dinoL224,1000,2.0,R3_render,14,0.092032,0.929293,0.756807
dinoL224,1000,2.0,R3_render,15,0.091885,0.893736,0.753227
dinoL224,1000,2.0,R3_render,16,0.090783,0.899414,0.708021
dinoL224,1000,2.0,R3_render,17,0.088676,0.869853,0.526568
dinoL224,1000,2.0,R3_render,18,0.091946,0.892995,0.778174
dinoL224,1000,2.0,R3_render,19,0.089982,0.907382,0.664248
dinoL224,1000,5.0,R2_cut,0,0.097813,1.060028,0.7604
dinoL224,1000,5.0,R2_cut,1,0.090784,1.012802,0.684112
dinoL224,1000,5.0,R2_cut,2,0.09442,1.01011,0.630608
dinoL224,1000,5.0,R2_cut,3,0.093148,1.014441,0.782394
dinoL224,1000,5.0,R2_cut,4,0.101472,1.092948,0.85649
dinoL224,1000,5.0,R2_cut,5,0.095657,1.061614,0.887951
dinoL224,1000,5.0,R2_cut,6,0.096043,1.046434,0.830633
dinoL224,1000,5.0,R2_cut,7,0.101094,1.092919,0.782857
dinoL224,1000,5.0,R2_cut,8,0.096874,1.047326,0.813927
dinoL224,1000,5.0,R2_cut,9,0.091851,1.039187,0.756779
dinoL224,1000,5.0,R2_cut,10,0.096269,1.033903,0.749297
dinoL224,1000,5.0,R2_cut,11,0.095421,1.038171,0.734249
dinoL224,1000,5.0,R2_cut,12,0.097333,1.037538,0.696692
dinoL224,1000,5.0,R2_cut,13,0.098267,1.085625,0.847398
dinoL224,1000,5.0,R2_cut,14,0.097233,1.081059,0.943465
dinoL224,1000,5.0,R2_cut,15,0.09594,1.064393,0.77933
dinoL224,1000,5.0,R2_cut,16,0.096959,1.083116,0.757138
dinoL224,1000,5.0,R2_cut,17,0.093174,1.068548,0.704182
dinoL224,1000,5.0,R2_cut,18,0.096725,1.053458,0.813082
dinoL224,1000,5.0,R2_cut,19,0.094039,1.055794,0.856344
dinoL224,1000,5.0,R3_render,0,0.089014,0.914271,0.649179
dinoL224,1000,5.0,R3_render,1,0.084923,0.893956,0.640893
dinoL224,1000,5.0,R3_render,2,0.085782,0.82798,0.595037
dinoL224,1000,5.0,R3_render,3,0.084636,0.846208,0.681181
dinoL224,1000,5.0,R3_render,4,0.09603,0.902651,0.746728
dinoL224,1000,5.0,R3_render,5,0.08876,0.921251,0.780895
dinoL224,1000,5.0,R3_render,6,0.088752,0.892628,0.74172
dinoL224,1000,5.0,R3_render,7,0.092655,0.913776,0.582197
dinoL224,1000,5.0,R3_render,8,0.08768,0.89066,0.692847
dinoL224,1000,5.0,R3_render,9,0.083824,0.869314,0.669031
dinoL224,1000,5.0,R3_render,10,0.089939,0.874119,0.662882
dinoL224,1000,5.0,R3_render,11,0.085825,0.868842,0.615688
dinoL224,1000,5.0,R3_render,12,0.090331,0.905623,0.687158
dinoL224,1000,5.0,R3_render,13,0.088254,0.912802,0.685299
dinoL224,1000,5.0,R3_render,14,0.089301,0.93968,0.762737
dinoL224,1000,5.0,R3_render,15,0.089163,0.896924,0.698907
dinoL224,1000,5.0,R3_render,16,0.089224,0.912879,0.696187
dinoL224,1000,5.0,R3_render,17,0.086472,0.884886,0.570119
dinoL224,1000,5.0,R3_render,18,0.089242,0.897961,0.712782
dinoL224,1000,5.0,R3_render,19,0.086453,0.910834,0.710993
dinoL224,1000,10.0,R2_cut,0,0.099624,1.070814,0.70307
dinoL224,1000,10.0,R2_cut,1,0.092677,1.022752,0.640416
dinoL224,1000,10.0,R2_cut,2,0.096683,1.028479,0.716539
dinoL224,1000,10.0,R2_cut,3,0.094832,1.021584,0.713098
dinoL224,1000,10.0,R2_cut,4,0.103067,1.100932,0.863011
dinoL224,1000,10.0,R2_cut,5,0.097032,1.066875,0.770755
dinoL224,1000,10.0,R2_cut,6,0.097499,1.055137,0.821767
dinoL224,1000,10.0,R2_cut,7,0.103089,1.099687,0.873601
dinoL224,1000,10.0,R2_cut,8,0.098605,1.056919,0.841275
dinoL224,1000,10.0,R2_cut,9,0.093647,1.044398,0.792479
dinoL224,1000,10.0,R2_cut,10,0.098208,1.043201,0.764236
dinoL224,1000,10.0,R2_cut,11,0.097528,1.049267,0.835082
dinoL224,1000,10.0,R2_cut,12,0.099499,1.049303,0.705249
dinoL224,1000,10.0,R2_cut,13,0.100364,1.094303,0.889378
dinoL224,1000,10.0,R2_cut,14,0.099108,1.087345,0.938613
dinoL224,1000,10.0,R2_cut,15,0.097713,1.067757,0.777556
dinoL224,1000,10.0,R2_cut,16,0.098965,1.091958,0.804155
dinoL224,1000,10.0,R2_cut,17,0.094894,1.072672,0.774973
dinoL224,1000,10.0,R2_cut,18,0.098932,1.066524,0.818621
dinoL224,1000,10.0,R2_cut,19,0.095781,1.063502,0.717102
dinoL224,1000,10.0,R3_render,0,0.089995,0.931665,0.617321
dinoL224,1000,10.0,R3_render,1,0.085744,0.911234,0.589298
dinoL224,1000,10.0,R3_render,2,0.086652,0.844664,0.648553
dinoL224,1000,10.0,R3_render,3,0.085209,0.858766,0.631161
dinoL224,1000,10.0,R3_render,4,0.096602,0.916605,0.787874
dinoL224,1000,10.0,R3_render,5,0.089215,0.93399,0.733552
dinoL224,1000,10.0,R3_render,6,0.089408,0.906518,0.689898
dinoL224,1000,10.0,R3_render,7,0.093672,0.926182,0.639893
dinoL224,1000,10.0,R3_render,8,0.088527,0.909126,0.722141
dinoL224,1000,10.0,R3_render,9,0.084846,0.88534,0.671287
dinoL224,1000,10.0,R3_render,10,0.090887,0.891399,0.623644
dinoL224,1000,10.0,R3_render,11,0.086797,0.886674,0.719143
dinoL224,1000,10.0,R3_render,12,0.091363,0.923084,0.644019
dinoL224,1000,10.0,R3_render,13,0.089512,0.931974,0.766936
dinoL224,1000,10.0,R3_render,14,0.090393,0.955441,0.768946
dinoL224,1000,10.0,R3_render,15,0.089991,0.9118,0.69404
dinoL224,1000,10.0,R3_render,16,0.090287,0.927934,0.734029
dinoL224,1000,10.0,R3_render,17,0.087464,0.90171,0.603825
dinoL224,1000,10.0,R3_render,18,0.090238,0.915363,0.649034
dinoL224,1000,10.0,R3_render,19,0.087329,0.925459,0.595873
dinoL224,1000,20.0,R2_cut,0,0.100253,1.072767,0.718751
dinoL224,1000,20.0,R2_cut,1,0.093476,1.02304,0.718795
dinoL224,1000,20.0,R2_cut,2,0.097705,1.03604,0.681978
dinoL224,1000,20.0,R2_cut,3,0.095629,1.024444,0.748977
dinoL224,1000,20.0,R2_cut,4,0.103781,1.103726,0.939386
dinoL224,1000,20.0,R2_cut,5,0.098074,1.072129,0.855019
dinoL224,1000,20.0,R2_cut,6,0.098355,1.058976,0.811462
dinoL224,1000,20.0,R2_cut,7,0.103982,1.103127,0.800681
dinoL224,1000,20.0,R2_cut,8,0.099748,1.063887,0.836991
dinoL224,1000,20.0,R2_cut,9,0.094593,1.049458,0.776063
dinoL224,1000,20.0,R2_cut,10,0.098914,1.046302,0.788785
dinoL224,1000,20.0,R2_cut,11,0.098605,1.055947,0.726205
dinoL224,1000,20.0,R2_cut,12,0.100275,1.053569,0.759534
dinoL224,1000,20.0,R2_cut,13,0.101573,1.103571,0.810671
dinoL224,1000,20.0,R2_cut,14,0.099824,1.087739,0.915816
dinoL224,1000,20.0,R2_cut,15,0.098555,1.073142,0.757617
dinoL224,1000,20.0,R2_cut,16,0.09996,1.098572,0.783266
dinoL224,1000,20.0,R2_cut,17,0.095797,1.075517,0.787624
dinoL224,1000,20.0,R2_cut,18,0.099849,1.069402,0.877053
dinoL224,1000,20.0,R2_cut,19,0.096404,1.063779,0.777817
dinoL224,1000,20.0,R3_render,0,0.090563,0.930251,0.577601
dinoL224,1000,20.0,R3_render,1,0.086222,0.905082,0.635201
dinoL224,1000,20.0,R3_render,2,0.087584,0.847587,0.559794
dinoL224,1000,20.0,R3_render,3,0.085604,0.854284,0.628893
dinoL224,1000,20.0,R3_render,4,0.097177,0.915425,0.846663
dinoL224,1000,20.0,R3_render,5,0.089952,0.933782,0.717859
dinoL224,1000,20.0,R3_render,6,0.089987,0.904498,0.695929
dinoL224,1000,20.0,R3_render,7,0.094456,0.927164,0.64143
dinoL224,1000,20.0,R3_render,8,0.089385,0.90984,0.676953
dinoL224,1000,20.0,R3_render,9,0.085318,0.881917,0.67837
dinoL224,1000,20.0,R3_render,10,0.091519,0.890952,0.742343
dinoL224,1000,20.0,R3_render,11,0.087502,0.885756,0.615723
dinoL224,1000,20.0,R3_render,12,0.092037,0.92411,0.713968
dinoL224,1000,20.0,R3_render,13,0.090365,0.934521,0.613279
dinoL224,1000,20.0,R3_render,14,0.090813,0.951226,0.774183
dinoL224,1000,20.0,R3_render,15,0.090489,0.908888,0.671446
dinoL224,1000,20.0,R3_render,16,0.091056,0.929398,0.670201
dinoL224,1000,20.0,R3_render,17,0.087953,0.8984,0.631421
dinoL224,1000,20.0,R3_render,18,0.090791,0.912507,0.78269
dinoL224,1000,20.0,R3_render,19,0.087708,0.920157,0.606268
dinoL224,1000,40.0,R2_cut,0,0.101483,1.062395,0.680305
dinoL224,1000,40.0,R2_cut,1,0.094506,1.008597,0.655825
dinoL224,1000,40.0,R2_cut,2,0.099173,1.022367,0.725516
dinoL224,1000,40.0,R2_cut,3,0.096808,1.010309,0.76241
dinoL224,1000,40.0,R2_cut,4,0.105051,1.092077,0.907599
dinoL224,1000,40.0,R2_cut,5,0.09906,1.058716,0.80436
dinoL224,1000,40.0,R2_cut,6,0.099131,1.041242,0.815109
dinoL224,1000,40.0,R2_cut,7,0.10531,1.096637,0.830012
dinoL224,1000,40.0,R2_cut,8,0.101182,1.056495,0.859719
dinoL224,1000,40.0,R2_cut,9,0.095594,1.031562,0.772082
dinoL224,1000,40.0,R2_cut,10,0.099884,1.033301,0.729049
dinoL224,1000,40.0,R2_cut,11,0.099601,1.044004,0.806225
dinoL224,1000,40.0,R2_cut,12,0.101963,1.047016,0.724821
dinoL224,1000,40.0,R2_cut,13,0.10236,1.088634,0.889054
dinoL224,1000,40.0,R2_cut,14,0.100762,1.079153,0.890564
dinoL224,1000,40.0,R2_cut,15,0.099094,1.052122,0.732942
dinoL224,1000,40.0,R2_cut,16,0.101283,1.09071,0.8029
dinoL224,1000,40.0,R2_cut,17,0.096657,1.056718,0.763302
dinoL224,1000,40.0,R2_cut,18,0.100988,1.055684,0.856259
dinoL224,1000,40.0,R2_cut,19,0.09738,1.048048,0.808598
dinoL224,1000,40.0,R3_render,0,0.093031,0.922859,0.524729
dinoL224,1000,40.0,R3_render,1,0.088534,0.895265,0.560635
dinoL224,1000,40.0,R3_render,2,0.090396,0.844276,0.568997
dinoL224,1000,40.0,R3_render,3,0.088209,0.850172,0.689823
dinoL224,1000,40.0,R3_render,4,0.099891,0.9124,0.815104
dinoL224,1000,40.0,R3_render,5,0.091983,0.919131,0.731927
dinoL224,1000,40.0,R3_render,6,0.09215,0.893452,0.706995
dinoL224,1000,40.0,R3_render,7,0.09715,0.924736,0.663956
dinoL224,1000,40.0,R3_render,8,0.092116,0.906484,0.763673
dinoL224,1000,40.0,R3_render,9,0.087926,0.875306,0.681779
dinoL224,1000,40.0,R3_render,10,0.093821,0.88098,0.657411
dinoL224,1000,40.0,R3_render,11,0.089978,0.877819,0.679513
dinoL224,1000,40.0,R3_render,12,0.094658,0.918736,0.714371
dinoL224,1000,40.0,R3_render,13,0.092746,0.925021,0.648785
dinoL224,1000,40.0,R3_render,14,0.093265,0.945394,0.754309
dinoL224,1000,40.0,R3_render,15,0.092461,0.894047,0.665159
dinoL224,1000,40.0,R3_render,16,0.093638,0.925448,0.734022
dinoL224,1000,40.0,R3_render,17,0.090248,0.888772,0.596101
dinoL224,1000,40.0,R3_render,18,0.093198,0.904603,0.614122
dinoL224,1000,40.0,R3_render,19,0.090003,0.911555,0.639298
dinoL224,2000,0.02,R2_cut,0,0.083255,0.703387,0.585728
dinoL224,2000,0.02,R2_cut,1,0.082431,0.720131,0.557797
dinoL224,2000,0.02,R2_cut,2,0.084392,0.70242,0.564748
dinoL224,2000,0.02,R2_cut,3,0.08194,0.70295,0.620525
dinoL224,2000,0.02,R2_cut,4,0.083579,0.718924,0.603693
dinoL224,2000,0.02,R2_cut,5,0.08575,0.714635,0.557396
dinoL224,2000,0.02,R2_cut,6,0.081707,0.709461,0.620469
dinoL224,2000,0.02,R2_cut,7,0.083407,0.697655,0.522886
dinoL224,2000,0.02,R2_cut,8,0.087119,0.721513,0.643553
dinoL224,2000,0.02,R2_cut,9,0.082319,0.695031,0.618857
dinoL224,2000,0.02,R2_cut,10,0.081404,0.695111,0.520872
dinoL224,2000,0.02,R2_cut,11,0.084739,0.721478,0.630847
dinoL224,2000,0.02,R2_cut,12,0.080188,0.674933,0.548865
dinoL224,2000,0.02,R2_cut,13,0.082587,0.689776,0.579095
dinoL224,2000,0.02,R2_cut,14,0.082189,0.673178,0.47573
dinoL224,2000,0.02,R2_cut,15,0.083867,0.724211,0.701038
dinoL224,2000,0.02,R2_cut,16,0.081736,0.680125,0.597515
dinoL224,2000,0.02,R2_cut,17,0.08048,0.701223,0.52536
dinoL224,2000,0.02,R2_cut,18,0.079222,0.678699,0.595053
dinoL224,2000,0.02,R2_cut,19,0.081344,0.692721,0.55573
dinoL224,2000,0.02,R3_render,0,0.07806,0.542614,0.464784
dinoL224,2000,0.02,R3_render,1,0.076086,0.547115,0.444715
dinoL224,2000,0.02,R3_render,2,0.080765,0.547935,0.443495
dinoL224,2000,0.02,R3_render,3,0.07576,0.534018,0.483095
dinoL224,2000,0.02,R3_render,4,0.077709,0.547388,0.457276
dinoL224,2000,0.02,R3_render,5,0.081257,0.548543,0.394456
dinoL224,2000,0.02,R3_render,6,0.074925,0.538199,0.453054
dinoL224,2000,0.02,R3_render,7,0.078339,0.53871,0.38872
dinoL224,2000,0.02,R3_render,8,0.082238,0.558575,0.494666
dinoL224,2000,0.02,R3_render,9,0.077306,0.538895,0.466313
dinoL224,2000,0.02,R3_render,10,0.076875,0.538666,0.400037
dinoL224,2000,0.02,R3_render,11,0.077834,0.557216,0.456158
dinoL224,2000,0.02,R3_render,12,0.074696,0.512658,0.440435
dinoL224,2000,0.02,R3_render,13,0.078547,0.543465,0.418082
dinoL224,2000,0.02,R3_render,14,0.077871,0.518803,0.371123
dinoL224,2000,0.02,R3_render,15,0.079761,0.559142,0.569454
dinoL224,2000,0.02,R3_render,16,0.077807,0.530435,0.44503
dinoL224,2000,0.02,R3_render,17,0.074017,0.53679,0.36632
dinoL224,2000,0.02,R3_render,18,0.075736,0.525778,0.422704
dinoL224,2000,0.02,R3_render,19,0.074412,0.517292,0.405899
dinoL224,2000,0.05,R2_cut,0,0.083255,0.703387,0.585728
dinoL224,2000,0.05,R2_cut,1,0.082431,0.720131,0.557797
dinoL224,2000,0.05,R2_cut,2,0.084392,0.70242,0.564748
dinoL224,2000,0.05,R2_cut,3,0.08194,0.70295,0.620525
dinoL224,2000,0.05,R2_cut,4,0.083579,0.718924,0.603693
dinoL224,2000,0.05,R2_cut,5,0.08575,0.714635,0.557396
dinoL224,2000,0.05,R2_cut,6,0.081707,0.709461,0.620469
dinoL224,2000,0.05,R2_cut,7,0.083407,0.697655,0.522886
dinoL224,2000,0.05,R2_cut,8,0.087119,0.721513,0.643553
dinoL224,2000,0.05,R2_cut,9,0.082319,0.695031,0.618857
dinoL224,2000,0.05,R2_cut,10,0.081404,0.695111,0.520872
dinoL224,2000,0.05,R2_cut,11,0.084739,0.721478,0.630847
dinoL224,2000,0.05,R2_cut,12,0.080188,0.674933,0.548865
dinoL224,2000,0.05,R2_cut,13,0.082587,0.689776,0.579095
dinoL224,2000,0.05,R2_cut,14,0.082189,0.673178,0.47573
dinoL224,2000,0.05,R2_cut,15,0.083867,0.724211,0.701038
dinoL224,2000,0.05,R2_cut,16,0.081736,0.680125,0.597515
dinoL224,2000,0.05,R2_cut,17,0.08048,0.701223,0.52536
dinoL224,2000,0.05,R2_cut,18,0.079222,0.678699,0.595053
dinoL224,2000,0.05,R2_cut,19,0.081344,0.692721,0.55573
dinoL224,2000,0.05,R3_render,0,0.07806,0.542614,0.464784
dinoL224,2000,0.05,R3_render,1,0.076086,0.547115,0.444715
dinoL224,2000,0.05,R3_render,2,0.080765,0.547935,0.443495
dinoL224,2000,0.05,R3_render,3,0.07576,0.534018,0.483095
dinoL224,2000,0.05,R3_render,4,0.077709,0.547388,0.457276
dinoL224,2000,0.05,R3_render,5,0.081257,0.548543,0.394456
dinoL224,2000,0.05,R3_render,6,0.074925,0.538199,0.453054
dinoL224,2000,0.05,R3_render,7,0.078339,0.53871,0.38872
dinoL224,2000,0.05,R3_render,8,0.082238,0.558575,0.494666
dinoL224,2000,0.05,R3_render,9,0.077306,0.538895,0.466313
dinoL224,2000,0.05,R3_render,10,0.076875,0.538666,0.400037
dinoL224,2000,0.05,R3_render,11,0.077834,0.557216,0.456158
dinoL224,2000,0.05,R3_render,12,0.074696,0.512658,0.440435
dinoL224,2000,0.05,R3_render,13,0.078547,0.543465,0.418082
dinoL224,2000,0.05,R3_render,14,0.077871,0.518803,0.371123
dinoL224,2000,0.05,R3_render,15,0.079761,0.559142,0.569454
dinoL224,2000,0.05,R3_render,16,0.077807,0.530435,0.44503
dinoL224,2000,0.05,R3_render,17,0.074017,0.53679,0.36632
dinoL224,2000,0.05,R3_render,18,0.075736,0.525778,0.422704
dinoL224,2000,0.05,R3_render,19,0.074412,0.517292,0.405899
dinoL224,2000,0.1,R2_cut,0,0.083255,0.703387,0.585728
dinoL224,2000,0.1,R2_cut,1,0.082431,0.720131,0.557797
dinoL224,2000,0.1,R2_cut,2,0.084392,0.70242,0.564748
dinoL224,2000,0.1,R2_cut,3,0.08194,0.70295,0.620525
dinoL224,2000,0.1,R2_cut,4,0.083579,0.718924,0.603693
dinoL224,2000,0.1,R2_cut,5,0.08575,0.714635,0.557396
dinoL224,2000,0.1,R2_cut,6,0.081707,0.709461,0.620469
dinoL224,2000,0.1,R2_cut,7,0.083407,0.697655,0.522886
dinoL224,2000,0.1,R2_cut,8,0.087119,0.721513,0.643553
dinoL224,2000,0.1,R2_cut,9,0.082319,0.695031,0.618857
dinoL224,2000,0.1,R2_cut,10,0.081404,0.695111,0.520872
dinoL224,2000,0.1,R2_cut,11,0.084739,0.721478,0.630847
dinoL224,2000,0.1,R2_cut,12,0.080188,0.674933,0.548865
dinoL224,2000,0.1,R2_cut,13,0.082587,0.689776,0.579095
dinoL224,2000,0.1,R2_cut,14,0.082189,0.673178,0.47573
dinoL224,2000,0.1,R2_cut,15,0.083867,0.724211,0.701038
dinoL224,2000,0.1,R2_cut,16,0.081736,0.680125,0.597515
dinoL224,2000,0.1,R2_cut,17,0.08048,0.701223,0.52536
dinoL224,2000,0.1,R2_cut,18,0.079222,0.678699,0.595053
dinoL224,2000,0.1,R2_cut,19,0.081344,0.692721,0.55573
dinoL224,2000,0.1,R3_render,0,0.07806,0.542614,0.464784
dinoL224,2000,0.1,R3_render,1,0.076086,0.547115,0.444715
dinoL224,2000,0.1,R3_render,2,0.080765,0.547935,0.443495
dinoL224,2000,0.1,R3_render,3,0.07576,0.534018,0.483095
dinoL224,2000,0.1,R3_render,4,0.077709,0.547388,0.457276
dinoL224,2000,0.1,R3_render,5,0.081257,0.548543,0.394456
dinoL224,2000,0.1,R3_render,6,0.074925,0.538199,0.453054
dinoL224,2000,0.1,R3_render,7,0.078339,0.53871,0.38872
dinoL224,2000,0.1,R3_render,8,0.082238,0.558575,0.494666
dinoL224,2000,0.1,R3_render,9,0.077306,0.538895,0.466313
dinoL224,2000,0.1,R3_render,10,0.076875,0.538666,0.400037
dinoL224,2000,0.1,R3_render,11,0.077834,0.557216,0.456158
dinoL224,2000,0.1,R3_render,12,0.074696,0.512658,0.440435
dinoL224,2000,0.1,R3_render,13,0.078547,0.543465,0.418082
dinoL224,2000,0.1,R3_render,14,0.077871,0.518803,0.371123
dinoL224,2000,0.1,R3_render,15,0.079761,0.559142,0.569454
dinoL224,2000,0.1,R3_render,16,0.077807,0.530435,0.44503
dinoL224,2000,0.1,R3_render,17,0.074017,0.53679,0.36632
dinoL224,2000,0.1,R3_render,18,0.075736,0.525778,0.422704
dinoL224,2000,0.1,R3_render,19,0.074412,0.517292,0.405899
dinoL224,2000,0.2,R2_cut,0,0.082479,0.701599,0.593285
dinoL224,2000,0.2,R2_cut,1,0.081719,0.718794,0.596431
dinoL224,2000,0.2,R2_cut,2,0.083568,0.699913,0.607841
dinoL224,2000,0.2,R2_cut,3,0.08119,0.700651,0.577653
dinoL224,2000,0.2,R2_cut,4,0.082871,0.717482,0.623728
dinoL224,2000,0.2,R2_cut,5,0.084965,0.712911,0.553757
dinoL224,2000,0.2,R2_cut,6,0.080952,0.706741,0.581299
dinoL224,2000,0.2,R2_cut,7,0.082588,0.695155,0.548763
dinoL224,2000,0.2,R2_cut,8,0.086369,0.719661,0.572241
dinoL224,2000,0.2,R2_cut,9,0.081577,0.693886,0.643966
dinoL224,2000,0.2,R2_cut,10,0.080643,0.693206,0.503094
dinoL224,2000,0.2,R2_cut,11,0.084047,0.720344,0.671024
dinoL224,2000,0.2,R2_cut,12,0.07948,0.674416,0.550095
dinoL224,2000,0.2,R2_cut,13,0.081979,0.689866,0.583611
dinoL224,2000,0.2,R2_cut,14,0.081392,0.671093,0.554219
dinoL224,2000,0.2,R2_cut,15,0.08327,0.724094,0.670884
dinoL224,2000,0.2,R2_cut,16,0.080968,0.678525,0.584965
dinoL224,2000,0.2,R2_cut,17,0.079747,0.699261,0.549924
dinoL224,2000,0.2,R2_cut,18,0.078607,0.679461,0.547198
dinoL224,2000,0.2,R2_cut,19,0.080593,0.691401,0.547593
dinoL224,2000,0.2,R3_render,0,0.0773,0.544424,0.454253
dinoL224,2000,0.2,R3_render,1,0.075301,0.548916,0.472637
dinoL224,2000,0.2,R3_render,2,0.079819,0.547389,0.508162
dinoL224,2000,0.2,R3_render,3,0.07499,0.535348,0.453355
dinoL224,2000,0.2,R3_render,4,0.076865,0.548399,0.47251
dinoL224,2000,0.2,R3_render,5,0.080381,0.548627,0.432848
dinoL224,2000,0.2,R3_render,6,0.074178,0.540075,0.443611
dinoL224,2000,0.2,R3_render,7,0.077493,0.538971,0.411992
dinoL224,2000,0.2,R3_render,8,0.081571,0.560918,0.452398
dinoL224,2000,0.2,R3_render,9,0.076541,0.540452,0.499909
dinoL224,2000,0.2,R3_render,10,0.076044,0.539551,0.414589
dinoL224,2000,0.2,R3_render,11,0.077139,0.560027,0.521818
dinoL224,2000,0.2,R3_render,12,0.073913,0.513946,0.456954
dinoL224,2000,0.2,R3_render,13,0.07791,0.546123,0.467675
dinoL224,2000,0.2,R3_render,14,0.077021,0.519029,0.414548
dinoL224,2000,0.2,R3_render,15,0.079081,0.561559,0.532754
dinoL224,2000,0.2,R3_render,16,0.077054,0.532021,0.454277
dinoL224,2000,0.2,R3_render,17,0.073373,0.539911,0.399488
dinoL224,2000,0.2,R3_render,18,0.075036,0.528068,0.397598
dinoL224,2000,0.2,R3_render,19,0.073644,0.518937,0.442773
dinoL224,2000,0.5,R2_cut,0,0.073677,0.680805,0.527878
dinoL224,2000,0.5,R2_cut,1,0.074026,0.704276,0.542366
dinoL224,2000,0.5,R2_cut,2,0.073825,0.670686,0.513667
dinoL224,2000,0.5,R2_cut,3,0.073672,0.685573,0.568372
dinoL224,2000,0.5,R2_cut,4,0.074468,0.694804,0.594444
dinoL224,2000,0.5,R2_cut,5,0.076065,0.69189,0.493154
dinoL224,2000,0.5,R2_cut,6,0.073306,0.676237,0.589387
dinoL224,2000,0.5,R2_cut,7,0.073823,0.671999,0.500491
dinoL224,2000,0.5,R2_cut,8,0.078014,0.695711,0.619452
dinoL224,2000,0.5,R2_cut,9,0.072667,0.684309,0.588121
dinoL224,2000,0.5,R2_cut,10,0.072203,0.674102,0.499858
dinoL224,2000,0.5,R2_cut,11,0.075791,0.699831,0.576878
dinoL224,2000,0.5,R2_cut,12,0.071694,0.668097,0.565089
dinoL224,2000,0.5,R2_cut,13,0.074467,0.678705,0.580343
dinoL224,2000,0.5,R2_cut,14,0.073262,0.66151,0.491491
dinoL224,2000,0.5,R2_cut,15,0.0761,0.70701,0.620276
dinoL224,2000,0.5,R2_cut,16,0.072004,0.652522,0.53038
dinoL224,2000,0.5,R2_cut,17,0.071985,0.680622,0.551344
dinoL224,2000,0.5,R2_cut,18,0.071295,0.676978,0.579497
dinoL224,2000,0.5,R2_cut,19,0.073322,0.693201,0.490072
dinoL224,2000,0.5,R3_render,0,0.069948,0.564243,0.44363
dinoL224,2000,0.5,R3_render,1,0.068335,0.575012,0.449313
dinoL224,2000,0.5,R3_render,2,0.070549,0.546831,0.431223
dinoL224,2000,0.5,R3_render,3,0.06868,0.56386,0.466927
dinoL224,2000,0.5,R3_render,4,0.068791,0.562982,0.52015
dinoL224,2000,0.5,R3_render,5,0.072255,0.557217,0.361113
dinoL224,2000,0.5,R3_render,6,0.067917,0.568705,0.474618
dinoL224,2000,0.5,R3_render,7,0.069655,0.54939,0.367594
dinoL224,2000,0.5,R3_render,8,0.074888,0.579893,0.552577
dinoL224,2000,0.5,R3_render,9,0.069312,0.564212,0.478933
dinoL224,2000,0.5,R3_render,10,0.068451,0.557453,0.417844
dinoL224,2000,0.5,R3_render,11,0.07037,0.590862,0.48589
dinoL224,2000,0.5,R3_render,12,0.067231,0.539089,0.497128
dinoL224,2000,0.5,R3_render,13,0.071293,0.569844,0.505777
dinoL224,2000,0.5,R3_render,14,0.0697,0.535109,0.383208
dinoL224,2000,0.5,R3_render,15,0.072588,0.581262,0.522403
dinoL224,2000,0.5,R3_render,16,0.06947,0.545362,0.444909
dinoL224,2000,0.5,R3_render,17,0.067456,0.576861,0.445755
dinoL224,2000,0.5,R3_render,18,0.068671,0.556054,0.45305
dinoL224,2000,0.5,R3_render,19,0.067345,0.553792,0.374986
dinoL224,2000,1.0,R2_cut,0,0.066436,0.640006,0.470251
dinoL224,2000,1.0,R2_cut,1,0.068117,0.671338,0.46924
dinoL224,2000,1.0,R2_cut,2,0.068009,0.651222,0.5505
dinoL224,2000,1.0,R2_cut,3,0.068456,0.664902,0.516591
dinoL224,2000,1.0,R2_cut,4,0.067447,0.651409,0.46429
dinoL224,2000,1.0,R2_cut,5,0.069773,0.669023,0.487546
dinoL224,2000,1.0,R2_cut,6,0.067673,0.637569,0.496915
dinoL224,2000,1.0,R2_cut,7,0.067464,0.64167,0.484621
dinoL224,2000,1.0,R2_cut,8,0.071652,0.666708,0.518121
dinoL224,2000,1.0,R2_cut,9,0.065293,0.649848,0.500935
dinoL224,2000,1.0,R2_cut,10,0.066004,0.643275,0.499139
dinoL224,2000,1.0,R2_cut,11,0.06881,0.660737,0.501173
dinoL224,2000,1.0,R2_cut,12,0.065569,0.639622,0.465994
dinoL224,2000,1.0,R2_cut,13,0.069136,0.661007,0.572476
dinoL224,2000,1.0,R2_cut,14,0.066717,0.634653,0.430179
dinoL224,2000,1.0,R2_cut,15,0.07012,0.669602,0.52201
dinoL224,2000,1.0,R2_cut,16,0.066802,0.638813,0.53258
dinoL224,2000,1.0,R2_cut,17,0.066746,0.650223,0.488201
dinoL224,2000,1.0,R2_cut,18,0.065405,0.647714,0.463557
dinoL224,2000,1.0,R2_cut,19,0.06716,0.663551,0.53923
dinoL224,2000,1.0,R3_render,0,0.061676,0.549874,0.403424
dinoL224,2000,1.0,R3_render,1,0.061965,0.583824,0.405458
dinoL224,2000,1.0,R3_render,2,0.063273,0.550822,0.442148
dinoL224,2000,1.0,R3_render,3,0.062357,0.571523,0.435269
dinoL224,2000,1.0,R3_render,4,0.060544,0.550916,0.376553
dinoL224,2000,1.0,R3_render,5,0.064695,0.554353,0.34895
dinoL224,2000,1.0,R3_render,6,0.061255,0.567861,0.44812
dinoL224,2000,1.0,R3_render,7,0.062247,0.544158,0.36679
dinoL224,2000,1.0,R3_render,8,0.067465,0.569319,0.38673
dinoL224,2000,1.0,R3_render,9,0.062187,0.565661,0.437137
dinoL224,2000,1.0,R3_render,10,0.060959,0.556043,0.41617
dinoL224,2000,1.0,R3_render,11,0.062535,0.583566,0.432817
dinoL224,2000,1.0,R3_render,12,0.060786,0.54496,0.392423
dinoL224,2000,1.0,R3_render,13,0.064618,0.575477,0.432686
dinoL224,2000,1.0,R3_render,14,0.062081,0.529202,0.328299
dinoL224,2000,1.0,R3_render,15,0.065426,0.575048,0.500972
dinoL224,2000,1.0,R3_render,16,0.06283,0.553034,0.422636
dinoL224,2000,1.0,R3_render,17,0.061372,0.583788,0.401844
dinoL224,2000,1.0,R3_render,18,0.062115,0.559414,0.354607
dinoL224,2000,1.0,R3_render,19,0.060838,0.562697,0.481345
dinoL224,2000,2.0,R2_cut,0,0.06792,0.664478,0.499822
dinoL224,2000,2.0,R2_cut,1,0.069694,0.707419,0.518239
dinoL224,2000,2.0,R2_cut,2,0.070149,0.675934,0.599022
dinoL224,2000,2.0,R2_cut,3,0.06953,0.695389,0.558166
dinoL224,2000,2.0,R2_cut,4,0.068593,0.675169,0.494956
dinoL224,2000,2.0,R2_cut,5,0.071677,0.699314,0.515628
dinoL224,2000,2.0,R2_cut,6,0.069788,0.681813,0.528081
dinoL224,2000,2.0,R2_cut,7,0.068838,0.666725,0.490797
dinoL224,2000,2.0,R2_cut,8,0.072753,0.685461,0.526264
dinoL224,2000,2.0,R2_cut,9,0.066487,0.664283,0.556254
dinoL224,2000,2.0,R2_cut,10,0.067502,0.669872,0.531982
dinoL224,2000,2.0,R2_cut,11,0.070455,0.693049,0.497358
dinoL224,2000,2.0,R2_cut,12,0.067394,0.672108,0.526543
dinoL224,2000,2.0,R2_cut,13,0.070341,0.686097,0.549307
dinoL224,2000,2.0,R2_cut,14,0.068891,0.66948,0.518625
dinoL224,2000,2.0,R2_cut,15,0.070983,0.700606,0.53186
dinoL224,2000,2.0,R2_cut,16,0.06857,0.670352,0.516895
dinoL224,2000,2.0,R2_cut,17,0.067915,0.677128,0.474247
dinoL224,2000,2.0,R2_cut,18,0.066689,0.677097,0.512822
dinoL224,2000,2.0,R2_cut,19,0.068313,0.686035,0.49072
dinoL224,2000,2.0,R3_render,0,0.06272,0.566701,0.439891
dinoL224,2000,2.0,R3_render,1,0.063437,0.613173,0.422547
dinoL224,2000,2.0,R3_render,2,0.064996,0.570949,0.476838
dinoL224,2000,2.0,R3_render,3,0.063019,0.594112,0.441392
dinoL224,2000,2.0,R3_render,4,0.061293,0.565939,0.424175
dinoL224,2000,2.0,R3_render,5,0.065877,0.57455,0.362467
dinoL224,2000,2.0,R3_render,6,0.062772,0.600701,0.448261
dinoL224,2000,2.0,R3_render,7,0.063598,0.566741,0.38867
dinoL224,2000,2.0,R3_render,8,0.06833,0.585662,0.424573
dinoL224,2000,2.0,R3_render,9,0.063026,0.579809,0.463977
dinoL224,2000,2.0,R3_render,10,0.062092,0.576837,0.465208
dinoL224,2000,2.0,R3_render,11,0.063706,0.607087,0.430555
dinoL224,2000,2.0,R3_render,12,0.0621,0.570148,0.48771
dinoL224,2000,2.0,R3_render,13,0.065413,0.592765,0.429384
dinoL224,2000,2.0,R3_render,14,0.063422,0.552116,0.414981
dinoL224,2000,2.0,R3_render,15,0.065252,0.586184,0.468261
dinoL224,2000,2.0,R3_render,16,0.064094,0.57577,0.455406
dinoL224,2000,2.0,R3_render,17,0.062079,0.604292,0.365882
dinoL224,2000,2.0,R3_render,18,0.062998,0.579781,0.39096
dinoL224,2000,2.0,R3_render,19,0.062005,0.5847,0.444824
dinoL224,2000,5.0,R2_cut,0,0.069714,0.676868,0.564286
dinoL224,2000,5.0,R2_cut,1,0.071427,0.721329,0.535503
dinoL224,2000,5.0,R2_cut,2,0.071976,0.685553,0.625335
dinoL224,2000,5.0,R2_cut,3,0.07041,0.701802,0.582494
dinoL224,2000,5.0,R2_cut,4,0.069832,0.680918,0.572054
dinoL224,2000,5.0,R2_cut,5,0.073021,0.707727,0.547153
dinoL224,2000,5.0,R2_cut,6,0.071226,0.697684,0.605568
dinoL224,2000,5.0,R2_cut,7,0.070154,0.673445,0.505618
dinoL224,2000,5.0,R2_cut,8,0.074025,0.694451,0.589498
dinoL224,2000,5.0,R2_cut,9,0.068297,0.671196,0.541871
dinoL224,2000,5.0,R2_cut,10,0.068868,0.678962,0.568475
dinoL224,2000,5.0,R2_cut,11,0.071915,0.703139,0.532781
dinoL224,2000,5.0,R2_cut,12,0.068665,0.67897,0.538946
dinoL224,2000,5.0,R2_cut,13,0.071893,0.697279,0.56811
dinoL224,2000,5.0,R2_cut,14,0.070371,0.678308,0.560647
dinoL224,2000,5.0,R2_cut,15,0.071505,0.706866,0.555787
dinoL224,2000,5.0,R2_cut,16,0.070345,0.683997,0.526056
dinoL224,2000,5.0,R2_cut,17,0.068399,0.67863,0.51355
dinoL224,2000,5.0,R2_cut,18,0.067919,0.68525,0.552593
dinoL224,2000,5.0,R2_cut,19,0.069208,0.687049,0.539082
dinoL224,2000,5.0,R3_render,0,0.063946,0.564054,0.49311
dinoL224,2000,5.0,R3_render,1,0.064929,0.615518,0.488828
dinoL224,2000,5.0,R3_render,2,0.066507,0.569873,0.517969
dinoL224,2000,5.0,R3_render,3,0.063304,0.583423,0.464501
dinoL224,2000,5.0,R3_render,4,0.062262,0.559329,0.470274
dinoL224,2000,5.0,R3_render,5,0.066749,0.568455,0.419783
dinoL224,2000,5.0,R3_render,6,0.063536,0.594532,0.500155
dinoL224,2000,5.0,R3_render,7,0.064699,0.563811,0.413946
dinoL224,2000,5.0,R3_render,8,0.069271,0.582521,0.468064
dinoL224,2000,5.0,R3_render,9,0.06416,0.575576,0.46541
dinoL224,2000,5.0,R3_render,10,0.0629,0.570241,0.493578
dinoL224,2000,5.0,R3_render,11,0.064393,0.597875,0.459942
dinoL224,2000,5.0,R3_render,12,0.062796,0.561551,0.472462
dinoL224,2000,5.0,R3_render,13,0.066607,0.59131,0.463202
dinoL224,2000,5.0,R3_render,14,0.064392,0.547788,0.461977
dinoL224,2000,5.0,R3_render,15,0.065482,0.577325,0.456185
dinoL224,2000,5.0,R3_render,16,0.06542,0.575896,0.437278
dinoL224,2000,5.0,R3_render,17,0.061883,0.586201,0.409455
dinoL224,2000,5.0,R3_render,18,0.063577,0.572143,0.407611
dinoL224,2000,5.0,R3_render,19,0.062641,0.574425,0.466801
dinoL224,2000,10.0,R2_cut,0,0.070769,0.679202,0.53749
dinoL224,2000,10.0,R2_cut,1,0.072223,0.722422,0.630042
dinoL224,2000,10.0,R2_cut,2,0.072967,0.687789,0.599074
dinoL224,2000,10.0,R2_cut,3,0.071195,0.70363,0.561992
dinoL224,2000,10.0,R2_cut,4,0.070784,0.683973,0.522551
dinoL224,2000,10.0,R2_cut,5,0.073977,0.709304,0.567092
dinoL224,2000,10.0,R2_cut,6,0.072113,0.702147,0.580853
dinoL224,2000,10.0,R2_cut,7,0.071128,0.675797,0.470727
dinoL224,2000,10.0,R2_cut,8,0.075078,0.697947,0.607228
dinoL224,2000,10.0,R2_cut,9,0.069279,0.672462,0.542859
dinoL224,2000,10.0,R2_cut,10,0.069818,0.681684,0.525524
dinoL224,2000,10.0,R2_cut,11,0.072944,0.707484,0.556854
dinoL224,2000,10.0,R2_cut,12,0.069554,0.680381,0.472811
dinoL224,2000,10.0,R2_cut,13,0.072646,0.697191,0.560597
dinoL224,2000,10.0,R2_cut,14,0.071556,0.681837,0.505503
dinoL224,2000,10.0,R2_cut,15,0.072046,0.706411,0.575101
dinoL224,2000,10.0,R2_cut,16,0.071613,0.688666,0.548979
dinoL224,2000,10.0,R2_cut,17,0.068953,0.678268,0.537557
dinoL224,2000,10.0,R2_cut,18,0.068654,0.684141,0.514557
dinoL224,2000,10.0,R2_cut,19,0.070167,0.688435,0.489676
dinoL224,2000,10.0,R3_render,0,0.065032,0.559731,0.466628
dinoL224,2000,10.0,R3_render,1,0.065733,0.607717,0.506971
dinoL224,2000,10.0,R3_render,2,0.067722,0.567303,0.458914
dinoL224,2000,10.0,R3_render,3,0.06413,0.577373,0.461191
dinoL224,2000,10.0,R3_render,4,0.063228,0.553183,0.416333
dinoL224,2000,10.0,R3_render,5,0.067768,0.5638,0.41513
dinoL224,2000,10.0,R3_render,6,0.064514,0.590444,0.429501
dinoL224,2000,10.0,R3_render,7,0.065711,0.559666,0.384469
dinoL224,2000,10.0,R3_render,8,0.070309,0.579737,0.494937
dinoL224,2000,10.0,R3_render,9,0.065101,0.56977,0.437622
dinoL224,2000,10.0,R3_render,10,0.063932,0.565715,0.415766
dinoL224,2000,10.0,R3_render,11,0.065218,0.590717,0.447386
dinoL224,2000,10.0,R3_render,12,0.063768,0.556735,0.401557
dinoL224,2000,10.0,R3_render,13,0.067552,0.586069,0.419551
dinoL224,2000,10.0,R3_render,14,0.065578,0.545699,0.384668
dinoL224,2000,10.0,R3_render,15,0.066191,0.570072,0.464591
dinoL224,2000,10.0,R3_render,16,0.066772,0.575353,0.439428
dinoL224,2000,10.0,R3_render,17,0.062413,0.577003,0.403587
dinoL224,2000,10.0,R3_render,18,0.064345,0.564433,0.401917
dinoL224,2000,10.0,R3_render,19,0.063556,0.568002,0.373315
dinoL224,2000,20.0,R2_cut,0,0.070337,0.682564,0.579119
dinoL224,2000,20.0,R2_cut,1,0.071765,0.725158,0.525272
dinoL224,2000,20.0,R2_cut,2,0.072478,0.690823,0.595225
dinoL224,2000,20.0,R2_cut,3,0.07056,0.701478,0.531453
dinoL224,2000,20.0,R2_cut,4,0.070521,0.688288,0.541371
dinoL224,2000,20.0,R2_cut,5,0.073488,0.711667,0.57151
dinoL224,2000,20.0,R2_cut,6,0.071682,0.703875,0.538341
dinoL224,2000,20.0,R2_cut,7,0.070877,0.681943,0.491859
dinoL224,2000,20.0,R2_cut,8,0.07477,0.702177,0.600704
dinoL224,2000,20.0,R2_cut,9,0.068891,0.676784,0.57372
dinoL224,2000,20.0,R2_cut,10,0.06951,0.686067,0.536986
dinoL224,2000,20.0,R2_cut,11,0.072533,0.709684,0.52264
dinoL224,2000,20.0,R2_cut,12,0.069103,0.683934,0.564816
dinoL224,2000,20.0,R2_cut,13,0.072448,0.701453,0.584461
dinoL224,2000,20.0,R2_cut,14,0.071063,0.684925,0.469166
dinoL224,2000,20.0,R2_cut,15,0.071755,0.707966,0.545141
dinoL224,2000,20.0,R2_cut,16,0.07148,0.695716,0.592852
dinoL224,2000,20.0,R2_cut,17,0.068456,0.679786,0.45209
dinoL224,2000,20.0,R2_cut,18,0.068267,0.68799,0.536612
dinoL224,2000,20.0,R2_cut,19,0.069798,0.692649,0.566889
dinoL224,2000,20.0,R3_render,0,0.064359,0.564303,0.505716
dinoL224,2000,20.0,R3_render,1,0.065138,0.614257,0.419648
dinoL224,2000,20.0,R3_render,2,0.066945,0.570286,0.442345
dinoL224,2000,20.0,R3_render,3,0.063345,0.579094,0.429546
dinoL224,2000,20.0,R3_render,4,0.06267,0.559435,0.452764
dinoL224,2000,20.0,R3_render,5,0.06702,0.566419,0.422685
dinoL224,2000,20.0,R3_render,6,0.06374,0.593533,0.42395
dinoL224,2000,20.0,R3_render,7,0.065119,0.564902,0.386917
dinoL224,2000,20.0,R3_render,8,0.069594,0.58178,0.477365
dinoL224,2000,20.0,R3_render,9,0.064513,0.574453,0.478081
dinoL224,2000,20.0,R3_render,10,0.06336,0.571535,0.433874
dinoL224,2000,20.0,R3_render,11,0.064622,0.59626,0.357768
dinoL224,2000,20.0,R3_render,12,0.063192,0.562264,0.502413
dinoL224,2000,20.0,R3_render,13,0.067045,0.591254,0.458687
dinoL224,2000,20.0,R3_render,14,0.064884,0.549389,0.371074
dinoL224,2000,20.0,R3_render,15,0.065715,0.574523,0.474504
dinoL224,2000,20.0,R3_render,16,0.066398,0.583835,0.47924
dinoL224,2000,20.0,R3_render,17,0.06183,0.582837,0.328554
dinoL224,2000,20.0,R3_render,18,0.063788,0.570089,0.414196
dinoL224,2000,20.0,R3_render,19,0.062908,0.573234,0.478843
dinoL224,2000,40.0,R2_cut,0,0.071125,0.681605,0.582089
dinoL224,2000,40.0,R2_cut,1,0.07262,0.725612,0.556045
dinoL224,2000,40.0,R2_cut,2,0.073235,0.689281,0.557546
dinoL224,2000,40.0,R2_cut,3,0.071379,0.70368,0.650059
dinoL224,2000,40.0,R2_cut,4,0.071145,0.686462,0.545984
dinoL224,2000,40.0,R2_cut,5,0.074314,0.7121,0.55157
dinoL224,2000,40.0,R2_cut,6,0.072598,0.706723,0.598241
dinoL224,2000,40.0,R2_cut,7,0.071502,0.679232,0.488356
dinoL224,2000,40.0,R2_cut,8,0.075507,0.702864,0.53477
dinoL224,2000,40.0,R2_cut,9,0.069477,0.673069,0.547411
dinoL224,2000,40.0,R2_cut,10,0.070257,0.685013,0.511253
dinoL224,2000,40.0,R2_cut,11,0.073167,0.707977,0.55231
dinoL224,2000,40.0,R2_cut,12,0.069846,0.682589,0.538113
dinoL224,2000,40.0,R2_cut,13,0.072868,0.697373,0.609331
dinoL224,2000,40.0,R2_cut,14,0.071701,0.682065,0.504521
dinoL224,2000,40.0,R2_cut,15,0.072326,0.707842,0.575064
dinoL224,2000,40.0,R2_cut,16,0.072142,0.693605,0.497369
dinoL224,2000,40.0,R2_cut,17,0.069306,0.681396,0.532096
dinoL224,2000,40.0,R2_cut,18,0.06895,0.685884,0.543958
dinoL224,2000,40.0,R2_cut,19,0.070366,0.689291,0.533642
dinoL224,2000,40.0,R3_render,0,0.065212,0.563215,0.508322
dinoL224,2000,40.0,R3_render,1,0.065948,0.611758,0.453982
dinoL224,2000,40.0,R3_render,2,0.067811,0.569399,0.458863
dinoL224,2000,40.0,R3_render,3,0.064124,0.578467,0.535436
dinoL224,2000,40.0,R3_render,4,0.063348,0.555937,0.436356
dinoL224,2000,40.0,R3_render,5,0.067898,0.566908,0.381202
dinoL224,2000,40.0,R3_render,6,0.064706,0.594217,0.434493
dinoL224,2000,40.0,R3_render,7,0.065893,0.563538,0.357922
dinoL224,2000,40.0,R3_render,8,0.070385,0.582472,0.449453
dinoL224,2000,40.0,R3_render,9,0.065146,0.570814,0.463754
dinoL224,2000,40.0,R3_render,10,0.064167,0.569469,0.402996
dinoL224,2000,40.0,R3_render,11,0.0653,0.592812,0.432006
dinoL224,2000,40.0,R3_render,12,0.063933,0.560155,0.484436
dinoL224,2000,40.0,R3_render,13,0.067554,0.58704,0.49595
dinoL224,2000,40.0,R3_render,14,0.0656,0.547652,0.360167
dinoL224,2000,40.0,R3_render,15,0.066201,0.571448,0.503569
dinoL224,2000,40.0,R3_render,16,0.067003,0.579802,0.403132
dinoL224,2000,40.0,R3_render,17,0.062626,0.581879,0.430483
dinoL224,2000,40.0,R3_render,18,0.064375,0.565979,0.368952
dinoL224,2000,40.0,R3_render,19,0.06357,0.56907,0.438711
dinoL224,3000,0.02,R2_cut,0,0.04509,0.422619,0.299903
dinoL224,3000,0.02,R2_cut,1,0.046469,0.426769,0.285147
dinoL224,3000,0.02,R2_cut,2,0.043821,0.404383,0.268735
dinoL224,3000,0.02,R2_cut,3,0.042576,0.398157,0.273333
dinoL224,3000,0.02,R2_cut,4,0.043721,0.41415,0.2397
dinoL224,3000,0.02,R2_cut,5,0.043568,0.425214,0.263863
dinoL224,3000,0.02,R2_cut,6,0.043393,0.414765,0.259043
dinoL224,3000,0.02,R2_cut,7,0.044371,0.424019,0.276135
dinoL224,3000,0.02,R2_cut,8,0.044694,0.410252,0.294566
dinoL224,3000,0.02,R2_cut,9,0.045106,0.43039,0.310408
dinoL224,3000,0.02,R2_cut,10,0.04462,0.416345,0.332692
dinoL224,3000,0.02,R2_cut,11,0.045847,0.43739,0.3021
dinoL224,3000,0.02,R2_cut,12,0.043486,0.42318,0.241169
dinoL224,3000,0.02,R2_cut,13,0.043706,0.42054,0.230945
dinoL224,3000,0.02,R2_cut,14,0.043992,0.422603,0.273146
dinoL224,3000,0.02,R2_cut,15,0.042676,0.409094,0.171747
dinoL224,3000,0.02,R2_cut,16,0.045503,0.419925,0.245882
dinoL224,3000,0.02,R2_cut,17,0.044354,0.427124,0.271258
dinoL224,3000,0.02,R2_cut,18,0.046107,0.439933,0.259105
dinoL224,3000,0.02,R2_cut,19,0.04412,0.401548,0.263263
dinoL224,3000,0.02,R3_render,0,0.040537,0.319178,0.213949
dinoL224,3000,0.02,R3_render,1,0.043517,0.327339,0.197286
dinoL224,3000,0.02,R3_render,2,0.041054,0.310906,0.186128
dinoL224,3000,0.02,R3_render,3,0.038067,0.298794,0.207405
dinoL224,3000,0.02,R3_render,4,0.038663,0.317541,0.173091
dinoL224,3000,0.02,R3_render,5,0.039694,0.330955,0.181055
dinoL224,3000,0.02,R3_render,6,0.039111,0.312676,0.158831
dinoL224,3000,0.02,R3_render,7,0.040013,0.310229,0.189561
dinoL224,3000,0.02,R3_render,8,0.040057,0.304556,0.202649
dinoL224,3000,0.02,R3_render,9,0.040784,0.327574,0.209316
dinoL224,3000,0.02,R3_render,10,0.040267,0.309586,0.231807
dinoL224,3000,0.02,R3_render,11,0.041425,0.329268,0.24188
dinoL224,3000,0.02,R3_render,12,0.037841,0.316677,0.14168
dinoL224,3000,0.02,R3_render,13,0.038815,0.317738,0.161814
dinoL224,3000,0.02,R3_render,14,0.039345,0.313074,0.200148
dinoL224,3000,0.02,R3_render,15,0.040414,0.309285,0.136055
dinoL224,3000,0.02,R3_render,16,0.040889,0.311731,0.145636
dinoL224,3000,0.02,R3_render,17,0.040574,0.318007,0.186328
dinoL224,3000,0.02,R3_render,18,0.041417,0.334096,0.215805
dinoL224,3000,0.02,R3_render,19,0.04122,0.305157,0.201919
dinoL224,3000,0.05,R2_cut,0,0.04509,0.422619,0.299903
dinoL224,3000,0.05,R2_cut,1,0.046469,0.426769,0.285147
dinoL224,3000,0.05,R2_cut,2,0.043821,0.404383,0.268735
dinoL224,3000,0.05,R2_cut,3,0.042576,0.398157,0.273333
dinoL224,3000,0.05,R2_cut,4,0.043721,0.41415,0.2397
dinoL224,3000,0.05,R2_cut,5,0.043568,0.425214,0.263863
dinoL224,3000,0.05,R2_cut,6,0.043393,0.414765,0.259043
dinoL224,3000,0.05,R2_cut,7,0.044371,0.424019,0.276135
dinoL224,3000,0.05,R2_cut,8,0.044694,0.410252,0.294566
dinoL224,3000,0.05,R2_cut,9,0.045106,0.43039,0.310408
dinoL224,3000,0.05,R2_cut,10,0.04462,0.416345,0.332692
dinoL224,3000,0.05,R2_cut,11,0.045847,0.43739,0.3021
dinoL224,3000,0.05,R2_cut,12,0.043486,0.42318,0.241169
dinoL224,3000,0.05,R2_cut,13,0.043706,0.42054,0.230945
dinoL224,3000,0.05,R2_cut,14,0.043992,0.422603,0.273146
dinoL224,3000,0.05,R2_cut,15,0.042676,0.409094,0.171747
dinoL224,3000,0.05,R2_cut,16,0.045503,0.419925,0.245882
dinoL224,3000,0.05,R2_cut,17,0.044354,0.427124,0.271258
dinoL224,3000,0.05,R2_cut,18,0.046107,0.439933,0.259105
dinoL224,3000,0.05,R2_cut,19,0.04412,0.401548,0.263263
dinoL224,3000,0.05,R3_render,0,0.040537,0.319178,0.213949
dinoL224,3000,0.05,R3_render,1,0.043517,0.327339,0.197286
dinoL224,3000,0.05,R3_render,2,0.041054,0.310906,0.186128
dinoL224,3000,0.05,R3_render,3,0.038067,0.298794,0.207405
dinoL224,3000,0.05,R3_render,4,0.038663,0.317541,0.173091
dinoL224,3000,0.05,R3_render,5,0.039694,0.330955,0.181055
dinoL224,3000,0.05,R3_render,6,0.039111,0.312676,0.158831
dinoL224,3000,0.05,R3_render,7,0.040013,0.310229,0.189561
dinoL224,3000,0.05,R3_render,8,0.040057,0.304556,0.202649
dinoL224,3000,0.05,R3_render,9,0.040784,0.327574,0.209316
dinoL224,3000,0.05,R3_render,10,0.040267,0.309586,0.231807
dinoL224,3000,0.05,R3_render,11,0.041425,0.329268,0.24188
dinoL224,3000,0.05,R3_render,12,0.037841,0.316677,0.14168
dinoL224,3000,0.05,R3_render,13,0.038815,0.317738,0.161814
dinoL224,3000,0.05,R3_render,14,0.039345,0.313074,0.200148
dinoL224,3000,0.05,R3_render,15,0.040414,0.309285,0.136055
dinoL224,3000,0.05,R3_render,16,0.040889,0.311731,0.145636
dinoL224,3000,0.05,R3_render,17,0.040574,0.318007,0.186328
dinoL224,3000,0.05,R3_render,18,0.041417,0.334096,0.215805
dinoL224,3000,0.05,R3_render,19,0.04122,0.305157,0.201919
dinoL224,3000,0.1,R2_cut,0,0.04509,0.422619,0.299903
dinoL224,3000,0.1,R2_cut,1,0.046469,0.426769,0.285147
dinoL224,3000,0.1,R2_cut,2,0.043821,0.404383,0.268735
dinoL224,3000,0.1,R2_cut,3,0.042576,0.398157,0.273333
dinoL224,3000,0.1,R2_cut,4,0.043721,0.41415,0.2397
dinoL224,3000,0.1,R2_cut,5,0.043568,0.425214,0.263863
dinoL224,3000,0.1,R2_cut,6,0.043393,0.414765,0.259043
dinoL224,3000,0.1,R2_cut,7,0.044371,0.424019,0.276135
dinoL224,3000,0.1,R2_cut,8,0.044694,0.410252,0.294566
dinoL224,3000,0.1,R2_cut,9,0.045106,0.43039,0.310408
dinoL224,3000,0.1,R2_cut,10,0.04462,0.416345,0.332692
dinoL224,3000,0.1,R2_cut,11,0.045847,0.43739,0.3021
dinoL224,3000,0.1,R2_cut,12,0.043486,0.42318,0.241169
dinoL224,3000,0.1,R2_cut,13,0.043706,0.42054,0.230945
dinoL224,3000,0.1,R2_cut,14,0.043992,0.422603,0.273146
dinoL224,3000,0.1,R2_cut,15,0.042676,0.409094,0.171747
dinoL224,3000,0.1,R2_cut,16,0.045503,0.419925,0.245882
dinoL224,3000,0.1,R2_cut,17,0.044354,0.427124,0.271258
dinoL224,3000,0.1,R2_cut,18,0.046107,0.439933,0.259105
dinoL224,3000,0.1,R2_cut,19,0.04412,0.401548,0.263263
dinoL224,3000,0.1,R3_render,0,0.040537,0.319178,0.213949
dinoL224,3000,0.1,R3_render,1,0.043517,0.327339,0.197286
dinoL224,3000,0.1,R3_render,2,0.041054,0.310906,0.186128
dinoL224,3000,0.1,R3_render,3,0.038067,0.298794,0.207405
dinoL224,3000,0.1,R3_render,4,0.038663,0.317541,0.173091
dinoL224,3000,0.1,R3_render,5,0.039694,0.330955,0.181055
dinoL224,3000,0.1,R3_render,6,0.039111,0.312676,0.158831
dinoL224,3000,0.1,R3_render,7,0.040013,0.310229,0.189561
dinoL224,3000,0.1,R3_render,8,0.040057,0.304556,0.202649
dinoL224,3000,0.1,R3_render,9,0.040784,0.327574,0.209316
dinoL224,3000,0.1,R3_render,10,0.040267,0.309586,0.231807
dinoL224,3000,0.1,R3_render,11,0.041425,0.329268,0.24188
dinoL224,3000,0.1,R3_render,12,0.037841,0.316677,0.14168
dinoL224,3000,0.1,R3_render,13,0.038815,0.317738,0.161814
dinoL224,3000,0.1,R3_render,14,0.039345,0.313074,0.200148
dinoL224,3000,0.1,R3_render,15,0.040414,0.309285,0.136055
dinoL224,3000,0.1,R3_render,16,0.040889,0.311731,0.145636
dinoL224,3000,0.1,R3_render,17,0.040574,0.318007,0.186328
dinoL224,3000,0.1,R3_render,18,0.041417,0.334096,0.215805
dinoL224,3000,0.1,R3_render,19,0.04122,0.305157,0.201919
dinoL224,3000,0.2,R2_cut,0,0.045284,0.425583,0.267941
dinoL224,3000,0.2,R2_cut,1,0.046658,0.430299,0.252289
dinoL224,3000,0.2,R2_cut,2,0.044121,0.408592,0.263008
dinoL224,3000,0.2,R2_cut,3,0.042898,0.402583,0.300151
dinoL224,3000,0.2,R2_cut,4,0.043959,0.417554,0.266799
dinoL224,3000,0.2,R2_cut,5,0.04388,0.429349,0.284687
dinoL224,3000,0.2,R2_cut,6,0.043592,0.417592,0.233457
dinoL224,3000,0.2,R2_cut,7,0.044555,0.427002,0.299343
dinoL224,3000,0.2,R2_cut,8,0.044896,0.413894,0.225634
dinoL224,3000,0.2,R2_cut,9,0.0454,0.434381,0.297139
dinoL224,3000,0.2,R2_cut,10,0.044945,0.420777,0.309693
dinoL224,3000,0.2,R2_cut,11,0.045967,0.439135,0.288247
dinoL224,3000,0.2,R2_cut,12,0.043775,0.427455,0.261289
dinoL224,3000,0.2,R2_cut,13,0.044079,0.425547,0.248107
dinoL224,3000,0.2,R2_cut,14,0.044337,0.428001,0.283033
dinoL224,3000,0.2,R2_cut,15,0.042963,0.413401,0.242828
dinoL224,3000,0.2,R2_cut,16,0.045752,0.4238,0.240698
dinoL224,3000,0.2,R2_cut,17,0.044573,0.431172,0.284061
dinoL224,3000,0.2,R2_cut,18,0.046421,0.44429,0.240443
dinoL224,3000,0.2,R2_cut,19,0.044268,0.404512,0.231196
dinoL224,3000,0.2,R3_render,0,0.040786,0.324275,0.195439
dinoL224,3000,0.2,R3_render,1,0.04379,0.332533,0.189597
dinoL224,3000,0.2,R3_render,2,0.041405,0.317018,0.173879
dinoL224,3000,0.2,R3_render,3,0.038427,0.305149,0.191814
dinoL224,3000,0.2,R3_render,4,0.039036,0.324248,0.195855
dinoL224,3000,0.2,R3_render,5,0.040056,0.337412,0.204203
dinoL224,3000,0.2,R3_render,6,0.039372,0.317729,0.143593
dinoL224,3000,0.2,R3_render,7,0.040243,0.314966,0.201007
dinoL224,3000,0.2,R3_render,8,0.04031,0.309728,0.15422
dinoL224,3000,0.2,R3_render,9,0.041123,0.333572,0.199186
dinoL224,3000,0.2,R3_render,10,0.040629,0.315722,0.212564
dinoL224,3000,0.2,R3_render,11,0.041679,0.334198,0.198782
dinoL224,3000,0.2,R3_render,12,0.038202,0.323175,0.160185
dinoL224,3000,0.2,R3_render,13,0.039232,0.324755,0.176489
dinoL224,3000,0.2,R3_render,14,0.03968,0.319378,0.213846
dinoL224,3000,0.2,R3_render,15,0.040698,0.314484,0.190177
dinoL224,3000,0.2,R3_render,16,0.041136,0.316732,0.166215
dinoL224,3000,0.2,R3_render,17,0.040809,0.323024,0.162471
dinoL224,3000,0.2,R3_render,18,0.041788,0.340693,0.165191
dinoL224,3000,0.2,R3_render,19,0.04144,0.309758,0.167495
dinoL224,3000,0.5,R2_cut,0,0.042847,0.416316,0.271388
dinoL224,3000,0.5,R2_cut,1,0.043385,0.41203,0.233651
dinoL224,3000,0.5,R2_cut,2,0.042173,0.402904,0.258895
dinoL224,3000,0.5,R2_cut,3,0.041585,0.404411,0.273709
dinoL224,3000,0.5,R2_cut,4,0.041953,0.413261,0.249697
dinoL224,3000,0.5,R2_cut,5,0.041736,0.41763,0.220527
dinoL224,3000,0.5,R2_cut,6,0.041404,0.4103,0.242138
dinoL224,3000,0.5,R2_cut,7,0.041496,0.408495,0.226396
dinoL224,3000,0.5,R2_cut,8,0.042927,0.412623,0.311101
dinoL224,3000,0.5,R2_cut,9,0.042565,0.415306,0.257921
dinoL224,3000,0.5,R2_cut,10,0.042871,0.41394,0.295781
dinoL224,3000,0.5,R2_cut,11,0.042238,0.410966,0.29113
dinoL224,3000,0.5,R2_cut,12,0.041417,0.416565,0.248937
dinoL224,3000,0.5,R2_cut,13,0.042005,0.417518,0.238057
dinoL224,3000,0.5,R2_cut,14,0.041702,0.414696,0.239067
dinoL224,3000,0.5,R2_cut,15,0.040884,0.410612,0.2333
dinoL224,3000,0.5,R2_cut,16,0.042934,0.410721,0.210512
dinoL224,3000,0.5,R2_cut,17,0.041498,0.414146,0.244811
dinoL224,3000,0.5,R2_cut,18,0.04399,0.432382,0.256077
dinoL224,3000,0.5,R2_cut,19,0.04104,0.387957,0.236765
dinoL224,3000,0.5,R3_render,0,0.038762,0.32875,0.216073
dinoL224,3000,0.5,R3_render,1,0.041196,0.327471,0.167268
dinoL224,3000,0.5,R3_render,2,0.039754,0.323137,0.203044
dinoL224,3000,0.5,R3_render,3,0.037531,0.322,0.203123
dinoL224,3000,0.5,R3_render,4,0.037821,0.33667,0.211421
dinoL224,3000,0.5,R3_render,5,0.038398,0.344433,0.137451
dinoL224,3000,0.5,R3_render,6,0.037821,0.32494,0.173273
dinoL224,3000,0.5,R3_render,7,0.037901,0.313065,0.182781
dinoL224,3000,0.5,R3_render,8,0.038761,0.318888,0.225441
dinoL224,3000,0.5,R3_render,9,0.039027,0.332273,0.197882
dinoL224,3000,0.5,R3_render,10,0.039162,0.324147,0.188507
dinoL224,3000,0.5,R3_render,11,0.038749,0.325346,0.212999
dinoL224,3000,0.5,R3_render,12,0.036579,0.331301,0.145451
dinoL224,3000,0.5,R3_render,13,0.037707,0.334017,0.182144
dinoL224,3000,0.5,R3_render,14,0.037853,0.326349,0.163396
dinoL224,3000,0.5,R3_render,15,0.039275,0.323748,0.186278
dinoL224,3000,0.5,R3_render,16,0.038659,0.313957,0.154052
dinoL224,3000,0.5,R3_render,17,0.038498,0.321053,0.165591
dinoL224,3000,0.5,R3_render,18,0.040298,0.348651,0.206788
dinoL224,3000,0.5,R3_render,19,0.038785,0.305079,0.16812
dinoL224,3000,1.0,R2_cut,0,0.043394,0.420174,0.227646
dinoL224,3000,1.0,R2_cut,1,0.044005,0.416711,0.273513
dinoL224,3000,1.0,R2_cut,2,0.042924,0.40711,0.302148
dinoL224,3000,1.0,R2_cut,3,0.042861,0.413444,0.276216
dinoL224,3000,1.0,R2_cut,4,0.041844,0.407706,0.238471
dinoL224,3000,1.0,R2_cut,5,0.042654,0.420564,0.214436
dinoL224,3000,1.0,R2_cut,6,0.042076,0.410927,0.202307
dinoL224,3000,1.0,R2_cut,7,0.042431,0.414271,0.233519
dinoL224,3000,1.0,R2_cut,8,0.044273,0.424455,0.291077
dinoL224,3000,1.0,R2_cut,9,0.042712,0.412989,0.282164
dinoL224,3000,1.0,R2_cut,10,0.043544,0.416701,0.253037
dinoL224,3000,1.0,R2_cut,11,0.043204,0.41543,0.290032
dinoL224,3000,1.0,R2_cut,12,0.042746,0.425221,0.251264
dinoL224,3000,1.0,R2_cut,13,0.042471,0.418188,0.231146
dinoL224,3000,1.0,R2_cut,14,0.042634,0.420913,0.242639
dinoL224,3000,1.0,R2_cut,15,0.041752,0.417502,0.247913
dinoL224,3000,1.0,R2_cut,16,0.043067,0.407919,0.209859
dinoL224,3000,1.0,R2_cut,17,0.041597,0.410794,0.266527
dinoL224,3000,1.0,R2_cut,18,0.044862,0.439223,0.264167
dinoL224,3000,1.0,R2_cut,19,0.041862,0.396581,0.253678
dinoL224,3000,1.0,R3_render,0,0.039067,0.3427,0.152645
dinoL224,3000,1.0,R3_render,1,0.041677,0.342071,0.22327
dinoL224,3000,1.0,R3_render,2,0.040208,0.336457,0.248536
dinoL224,3000,1.0,R3_render,3,0.038935,0.348373,0.201021
dinoL224,3000,1.0,R3_render,4,0.038186,0.349689,0.213227
dinoL224,3000,1.0,R3_render,5,0.039247,0.362478,0.187923
dinoL224,3000,1.0,R3_render,6,0.038505,0.340544,0.159238
dinoL224,3000,1.0,R3_render,7,0.039041,0.335621,0.195947
dinoL224,3000,1.0,R3_render,8,0.039737,0.339162,0.220351
dinoL224,3000,1.0,R3_render,9,0.039158,0.342542,0.208396
dinoL224,3000,1.0,R3_render,10,0.040001,0.343278,0.218925
dinoL224,3000,1.0,R3_render,11,0.039614,0.343594,0.208104
dinoL224,3000,1.0,R3_render,12,0.038118,0.358883,0.173836
dinoL224,3000,1.0,R3_render,13,0.038605,0.353086,0.174361
dinoL224,3000,1.0,R3_render,14,0.038756,0.346631,0.198422
dinoL224,3000,1.0,R3_render,15,0.039844,0.338439,0.206948
dinoL224,3000,1.0,R3_render,16,0.038658,0.321977,0.149095
dinoL224,3000,1.0,R3_render,17,0.03853,0.329579,0.184169
dinoL224,3000,1.0,R3_render,18,0.041314,0.370297,0.196015
dinoL224,3000,1.0,R3_render,19,0.039452,0.321824,0.196918
dinoL224,3000,2.0,R2_cut,0,0.043926,0.428694,0.268958
dinoL224,3000,2.0,R2_cut,1,0.044294,0.423599,0.322348
dinoL224,3000,2.0,R2_cut,2,0.04319,0.413038,0.272715
dinoL224,3000,2.0,R2_cut,3,0.043105,0.417696,0.280789
dinoL224,3000,2.0,R2_cut,4,0.041883,0.408779,0.247024
dinoL224,3000,2.0,R2_cut,5,0.043364,0.432102,0.252414
dinoL224,3000,2.0,R2_cut,6,0.042671,0.420205,0.245661
dinoL224,3000,2.0,R2_cut,7,0.043235,0.426067,0.259063
dinoL224,3000,2.0,R2_cut,8,0.044778,0.431858,0.281674
dinoL224,3000,2.0,R2_cut,9,0.0431,0.418743,0.268178
dinoL224,3000,2.0,R2_cut,10,0.043899,0.422799,0.332303
dinoL224,3000,2.0,R2_cut,11,0.044005,0.426847,0.315248
dinoL224,3000,2.0,R2_cut,12,0.043778,0.439379,0.308381
dinoL224,3000,2.0,R2_cut,13,0.042981,0.426333,0.273299
dinoL224,3000,2.0,R2_cut,14,0.042982,0.426497,0.265114
dinoL224,3000,2.0,R2_cut,15,0.042011,0.421642,0.257152
dinoL224,3000,2.0,R2_cut,16,0.043791,0.419095,0.260242
dinoL224,3000,2.0,R2_cut,17,0.042081,0.419385,0.298121
dinoL224,3000,2.0,R2_cut,18,0.045632,0.450497,0.298252
dinoL224,3000,2.0,R2_cut,19,0.042457,0.40659,0.233188
dinoL224,3000,2.0,R3_render,0,0.038877,0.360445,0.205188
dinoL224,3000,2.0,R3_render,1,0.040992,0.352089,0.230822
dinoL224,3000,2.0,R3_render,2,0.039691,0.349073,0.227267
dinoL224,3000,2.0,R3_render,3,0.038652,0.363303,0.238303
dinoL224,3000,2.0,R3_render,4,0.037538,0.360501,0.221566
dinoL224,3000,2.0,R3_render,5,0.039347,0.383378,0.166124
dinoL224,3000,2.0,R3_render,6,0.038552,0.361348,0.194989
dinoL224,3000,2.0,R3_render,7,0.038749,0.352119,0.196412
dinoL224,3000,2.0,R3_render,8,0.039396,0.354681,0.230086
dinoL224,3000,2.0,R3_render,9,0.038757,0.357169,0.196615
dinoL224,3000,2.0,R3_render,10,0.03961,0.358684,0.271973
dinoL224,3000,2.0,R3_render,11,0.03947,0.36134,0.233613
dinoL224,3000,2.0,R3_render,12,0.038477,0.383666,0.241516
dinoL224,3000,2.0,R3_render,13,0.038501,0.370742,0.224866
dinoL224,3000,2.0,R3_render,14,0.038468,0.362738,0.222486
dinoL224,3000,2.0,R3_render,15,0.039589,0.354959,0.224797
dinoL224,3000,2.0,R3_render,16,0.038427,0.339016,0.179838
dinoL224,3000,2.0,R3_render,17,0.037902,0.342158,0.241713
dinoL224,3000,2.0,R3_render,18,0.04139,0.390403,0.242622
dinoL224,3000,2.0,R3_render,19,0.039178,0.336885,0.153887
dinoL224,3000,5.0,R2_cut,0,0.043852,0.431226,0.269962
dinoL224,3000,5.0,R2_cut,1,0.044231,0.424424,0.299804
dinoL224,3000,5.0,R2_cut,2,0.043009,0.414927,0.301795
dinoL224,3000,5.0,R2_cut,3,0.0429,0.419149,0.268597
dinoL224,3000,5.0,R2_cut,4,0.041663,0.410232,0.21867
dinoL224,3000,5.0,R2_cut,5,0.043218,0.435805,0.250902
dinoL224,3000,5.0,R2_cut,6,0.042493,0.422293,0.280942
dinoL224,3000,5.0,R2_cut,7,0.04322,0.429532,0.280772
dinoL224,3000,5.0,R2_cut,8,0.044595,0.431491,0.29934
dinoL224,3000,5.0,R2_cut,9,0.042764,0.419723,0.250557
dinoL224,3000,5.0,R2_cut,10,0.043542,0.423213,0.296899
dinoL224,3000,5.0,R2_cut,11,0.043824,0.429817,0.295746
dinoL224,3000,5.0,R2_cut,12,0.043708,0.444767,0.298498
dinoL224,3000,5.0,R2_cut,13,0.042709,0.427906,0.272359
dinoL224,3000,5.0,R2_cut,14,0.042758,0.427176,0.255768
dinoL224,3000,5.0,R2_cut,15,0.041823,0.424418,0.221753
dinoL224,3000,5.0,R2_cut,16,0.04377,0.422482,0.275342
dinoL224,3000,5.0,R2_cut,17,0.042194,0.423666,0.267938
dinoL224,3000,5.0,R2_cut,18,0.045454,0.453535,0.234806
dinoL224,3000,5.0,R2_cut,19,0.042579,0.410757,0.259004
dinoL224,3000,5.0,R3_render,0,0.038887,0.359549,0.192745
dinoL224,3000,5.0,R3_render,1,0.040991,0.351026,0.212022
dinoL224,3000,5.0,R3_render,2,0.039732,0.349016,0.2341
dinoL224,3000,5.0,R3_render,3,0.038719,0.363996,0.230324
dinoL224,3000,5.0,R3_render,4,0.037332,0.358746,0.186714
dinoL224,3000,5.0,R3_render,5,0.039212,0.382412,0.175302
dinoL224,3000,5.0,R3_render,6,0.038336,0.358457,0.202743
dinoL224,3000,5.0,R3_render,7,0.038836,0.352718,0.238861
dinoL224,3000,5.0,R3_render,8,0.039325,0.352729,0.227205
dinoL224,3000,5.0,R3_render,9,0.038588,0.355646,0.197024
dinoL224,3000,5.0,R3_render,10,0.039551,0.358052,0.23473
dinoL224,3000,5.0,R3_render,11,0.039346,0.359354,0.204321
dinoL224,3000,5.0,R3_render,12,0.03848,0.385764,0.20121
dinoL224,3000,5.0,R3_render,13,0.038397,0.370105,0.226979
dinoL224,3000,5.0,R3_render,14,0.038351,0.359919,0.218098
dinoL224,3000,5.0,R3_render,15,0.039517,0.354197,0.205527
dinoL224,3000,5.0,R3_render,16,0.038535,0.340067,0.187947
dinoL224,3000,5.0,R3_render,17,0.037944,0.341992,0.165277
dinoL224,3000,5.0,R3_render,18,0.041225,0.388585,0.162691
dinoL224,3000,5.0,R3_render,19,0.039371,0.338104,0.17261
dinoL224,3000,10.0,R2_cut,0,0.044265,0.434131,0.315738
dinoL224,3000,10.0,R2_cut,1,0.044574,0.425917,0.262899
dinoL224,3000,10.0,R2_cut,2,0.043296,0.416015,0.3103
dinoL224,3000,10.0,R2_cut,3,0.043289,0.421447,0.288523
dinoL224,3000,10.0,R2_cut,4,0.041848,0.410553,0.239045
dinoL224,3000,10.0,R2_cut,5,0.043544,0.438205,0.268051
dinoL224,3000,10.0,R2_cut,6,0.042784,0.423531,0.241394
dinoL224,3000,10.0,R2_cut,7,0.043577,0.431705,0.290807
dinoL224,3000,10.0,R2_cut,8,0.044971,0.433638,0.249954
dinoL224,3000,10.0,R2_cut,9,0.042897,0.419781,0.27774
dinoL224,3000,10.0,R2_cut,10,0.043815,0.424902,0.27516
dinoL224,3000,10.0,R2_cut,11,0.044118,0.43178,0.284159
dinoL224,3000,10.0,R2_cut,12,0.04387,0.445204,0.303082
dinoL224,3000,10.0,R2_cut,13,0.043039,0.429832,0.265957
dinoL224,3000,10.0,R2_cut,14,0.043019,0.427861,0.279303
dinoL224,3000,10.0,R2_cut,15,0.042079,0.425096,0.263656
dinoL224,3000,10.0,R2_cut,16,0.044125,0.424624,0.251513
dinoL224,3000,10.0,R2_cut,17,0.042553,0.425944,0.257603
dinoL224,3000,10.0,R2_cut,18,0.045676,0.454868,0.273062
dinoL224,3000,10.0,R2_cut,19,0.042952,0.41307,0.239828
dinoL224,3000,10.0,R3_render,0,0.039221,0.359566,0.25315
dinoL224,3000,10.0,R3_render,1,0.041245,0.349939,0.210322
dinoL224,3000,10.0,R3_render,2,0.039947,0.347043,0.227136
dinoL224,3000,10.0,R3_render,3,0.038991,0.363052,0.244444
dinoL224,3000,10.0,R3_render,4,0.03741,0.355953,0.20519
dinoL224,3000,10.0,R3_render,5,0.039305,0.379246,0.195091
dinoL224,3000,10.0,R3_render,6,0.038485,0.356251,0.154468
dinoL224,3000,10.0,R3_render,7,0.039132,0.351784,0.205463
dinoL224,3000,10.0,R3_render,8,0.039623,0.352047,0.177659
dinoL224,3000,10.0,R3_render,9,0.038658,0.352465,0.219771
dinoL224,3000,10.0,R3_render,10,0.039734,0.356084,0.213273
dinoL224,3000,10.0,R3_render,11,0.03951,0.35712,0.209383
dinoL224,3000,10.0,R3_render,12,0.03858,0.38307,0.222711
dinoL224,3000,10.0,R3_render,13,0.038598,0.368384,0.205586
dinoL224,3000,10.0,R3_render,14,0.038498,0.356797,0.246287
dinoL224,3000,10.0,R3_render,15,0.039666,0.351821,0.210357
dinoL224,3000,10.0,R3_render,16,0.038818,0.33917,0.141808
dinoL224,3000,10.0,R3_render,17,0.038124,0.33982,0.182427
dinoL224,3000,10.0,R3_render,18,0.041326,0.386237,0.175949
dinoL224,3000,10.0,R3_render,19,0.0397,0.3379,0.183275
dinoL224,3000,20.0,R2_cut,0,0.044612,0.434578,0.291786
dinoL224,3000,20.0,R2_cut,1,0.044959,0.426198,0.278178
dinoL224,3000,20.0,R2_cut,2,0.043604,0.41647,0.263031
dinoL224,3000,20.0,R2_cut,3,0.043645,0.422154,0.280226
dinoL224,3000,20.0,R2_cut,4,0.041988,0.409021,0.248021
dinoL224,3000,20.0,R2_cut,5,0.04379,0.43768,0.257611
dinoL224,3000,20.0,R2_cut,6,0.04302,0.42316,0.260276
dinoL224,3000,20.0,R2_cut,7,0.043825,0.430865,0.309493
dinoL224,3000,20.0,R2_cut,8,0.045237,0.433018,0.289064
dinoL224,3000,20.0,R2_cut,9,0.043086,0.418566,0.273847
dinoL224,3000,20.0,R2_cut,10,0.044021,0.424245,0.309355
dinoL224,3000,20.0,R2_cut,11,0.044367,0.431553,0.3036
dinoL224,3000,20.0,R2_cut,12,0.04415,0.445813,0.286711
dinoL224,3000,20.0,R2_cut,13,0.04334,0.429596,0.260628
dinoL224,3000,20.0,R2_cut,14,0.043226,0.426122,0.25813
dinoL224,3000,20.0,R2_cut,15,0.042324,0.424377,0.23629
dinoL224,3000,20.0,R2_cut,16,0.044585,0.427003,0.21741
dinoL224,3000,20.0,R2_cut,17,0.042889,0.426142,0.291575
dinoL224,3000,20.0,R2_cut,18,0.045866,0.453795,0.322701
dinoL224,3000,20.0,R2_cut,19,0.043263,0.412622,0.219199
dinoL224,3000,20.0,R3_render,0,0.039538,0.360926,0.249838
dinoL224,3000,20.0,R3_render,1,0.041609,0.352175,0.229852
dinoL224,3000,20.0,R3_render,2,0.040281,0.348953,0.201862
dinoL224,3000,20.0,R3_render,3,0.039324,0.364337,0.241859
dinoL224,3000,20.0,R3_render,4,0.037523,0.355081,0.202814
dinoL224,3000,20.0,R3_render,5,0.03951,0.378943,0.212997
dinoL224,3000,20.0,R3_render,6,0.038649,0.355886,0.180412
dinoL224,3000,20.0,R3_render,7,0.039373,0.352358,0.231395
dinoL224,3000,20.0,R3_render,8,0.03984,0.35263,0.229169
dinoL224,3000,20.0,R3_render,9,0.038892,0.35308,0.200208
dinoL224,3000,20.0,R3_render,10,0.039921,0.356001,0.247539
dinoL224,3000,20.0,R3_render,11,0.039786,0.358001,0.233126
dinoL224,3000,20.0,R3_render,12,0.038809,0.383445,0.199889
dinoL224,3000,20.0,R3_render,13,0.038818,0.368009,0.205926
dinoL224,3000,20.0,R3_render,14,0.038734,0.356817,0.214205
dinoL224,3000,20.0,R3_render,15,0.039892,0.352715,0.189182
dinoL224,3000,20.0,R3_render,16,0.039221,0.342194,0.152751
dinoL224,3000,20.0,R3_render,17,0.038517,0.342825,0.187691
dinoL224,3000,20.0,R3_render,18,0.041454,0.385499,0.253964
dinoL224,3000,20.0,R3_render,19,0.039966,0.339058,0.176297
dinoL224,3000,40.0,R2_cut,0,0.044806,0.430031,0.299471
dinoL224,3000,40.0,R2_cut,1,0.045296,0.423982,0.243319
dinoL224,3000,40.0,R2_cut,2,0.0439,0.412882,0.301432
dinoL224,3000,40.0,R2_cut,3,0.043962,0.418628,0.278913
dinoL224,3000,40.0,R2_cut,4,0.042038,0.403007,0.257334
dinoL224,3000,40.0,R2_cut,5,0.043952,0.434071,0.284048
dinoL224,3000,40.0,R2_cut,6,0.043356,0.420367,0.269304
dinoL224,3000,40.0,R2_cut,7,0.044001,0.426358,0.281112
dinoL224,3000,40.0,R2_cut,8,0.045534,0.429558,0.305835
dinoL224,3000,40.0,R2_cut,9,0.043271,0.414089,0.263177
dinoL224,3000,40.0,R2_cut,10,0.044184,0.419482,0.288841
dinoL224,3000,40.0,R2_cut,11,0.044605,0.427329,0.317079
dinoL224,3000,40.0,R2_cut,12,0.044109,0.438873,0.28845
dinoL224,3000,40.0,R2_cut,13,0.043394,0.424313,0.253983
dinoL224,3000,40.0,R2_cut,14,0.043522,0.422979,0.26253
dinoL224,3000,40.0,R2_cut,15,0.042526,0.419539,0.22994
dinoL224,3000,40.0,R2_cut,16,0.044915,0.423454,0.25922
dinoL224,3000,40.0,R2_cut,17,0.042864,0.418488,0.255954
dinoL224,3000,40.0,R2_cut,18,0.046037,0.449441,0.286426
dinoL224,3000,40.0,R2_cut,19,0.043535,0.408711,0.262318
dinoL224,3000,40.0,R3_render,0,0.040007,0.35607,0.233073
dinoL224,3000,40.0,R3_render,1,0.042223,0.350049,0.183192
dinoL224,3000,40.0,R3_render,2,0.040837,0.34555,0.24263
dinoL224,3000,40.0,R3_render,3,0.039845,0.359842,0.245043
dinoL224,3000,40.0,R3_render,4,0.037814,0.347675,0.215764
dinoL224,3000,40.0,R3_render,5,0.040004,0.374611,0.239129
dinoL224,3000,40.0,R3_render,6,0.039305,0.353846,0.213068
dinoL224,3000,40.0,R3_render,7,0.039904,0.348493,0.205381
dinoL224,3000,40.0,R3_render,8,0.040382,0.348689,0.235272
dinoL224,3000,40.0,R3_render,9,0.039323,0.347947,0.186665
dinoL224,3000,40.0,R3_render,10,0.040339,0.350685,0.225223
dinoL224,3000,40.0,R3_render,11,0.040319,0.354332,0.236738
dinoL224,3000,40.0,R3_render,12,0.039048,0.37524,0.182931
dinoL224,3000,40.0,R3_render,13,0.039143,0.361399,0.184246
dinoL224,3000,40.0,R3_render,14,0.039349,0.353984,0.204882
dinoL224,3000,40.0,R3_render,15,0.040482,0.350045,0.19162
dinoL224,3000,40.0,R3_render,16,0.039865,0.339715,0.186237
dinoL224,3000,40.0,R3_render,17,0.038929,0.337287,0.155772
dinoL224,3000,40.0,R3_render,18,0.041928,0.381036,0.227842
dinoL224,3000,40.0,R3_render,19,0.04051,0.335714,0.180986
dinoL224,4447,0.02,R2_cut,0,0.0,0.0,-0.273842
dinoL224,4447,0.02,R2_cut,1,0.0,0.0,-0.296106
dinoL224,4447,0.02,R2_cut,2,0.0,-0.0,-0.29976
dinoL224,4447,0.02,R2_cut,3,0.0,0.0,-0.297356
dinoL224,4447,0.02,R2_cut,4,0.0,0.0,-0.313302
dinoL224,4447,0.02,R2_cut,5,0.0,0.0,-0.314641
dinoL224,4447,0.02,R2_cut,6,0.0,0.0,-0.341757
dinoL224,4447,0.02,R2_cut,7,0.0,0.0,-0.303612
dinoL224,4447,0.02,R2_cut,8,0.0,0.0,-0.343072
dinoL224,4447,0.02,R2_cut,9,0.0,0.0,-0.287549
dinoL224,4447,0.02,R2_cut,10,0.0,0.0,-0.301156
dinoL224,4447,0.02,R2_cut,11,0.0,-0.0,-0.294426
dinoL224,4447,0.02,R2_cut,12,0.0,0.0,-0.315654
dinoL224,4447,0.02,R2_cut,13,0.0,0.0,-0.312617
dinoL224,4447,0.02,R2_cut,14,0.0,0.0,-0.301068
dinoL224,4447,0.02,R2_cut,15,0.0,0.0,-0.311391
dinoL224,4447,0.02,R2_cut,16,0.0,0.0,-0.255926
dinoL224,4447,0.02,R2_cut,17,0.0,0.0,-0.315552
dinoL224,4447,0.02,R2_cut,18,0.0,0.0,-0.348398
dinoL224,4447,0.02,R2_cut,19,0.0,0.0,-0.308658
dinoL224,4447,0.02,R3_render,0,0.0,0.0,-0.292587
dinoL224,4447,0.02,R3_render,1,0.0,0.0,-0.325748
dinoL224,4447,0.02,R3_render,2,0.0,0.0,-0.274695
dinoL224,4447,0.02,R3_render,3,0.0,0.0,-0.271523
dinoL224,4447,0.02,R3_render,4,0.0,0.0,-0.355842
dinoL224,4447,0.02,R3_render,5,0.0,0.0,-0.321011
dinoL224,4447,0.02,R3_render,6,0.0,0.0,-0.320408
dinoL224,4447,0.02,R3_render,7,0.0,0.0,-0.292703
dinoL224,4447,0.02,R3_render,8,0.0,0.0,-0.333853
dinoL224,4447,0.02,R3_render,9,0.0,0.0,-0.30226
dinoL224,4447,0.02,R3_render,10,0.0,0.0,-0.296277
dinoL224,4447,0.02,R3_render,11,0.0,-0.0,-0.306922
dinoL224,4447,0.02,R3_render,12,0.0,0.0,-0.355575
dinoL224,4447,0.02,R3_render,13,0.0,0.0,-0.327788
dinoL224,4447,0.02,R3_render,14,0.0,0.0,-0.247585
dinoL224,4447,0.02,R3_render,15,0.0,0.0,-0.31766
dinoL224,4447,0.02,R3_render,16,0.0,0.0,-0.231185
dinoL224,4447,0.02,R3_render,17,0.0,0.0,-0.317687
dinoL224,4447,0.02,R3_render,18,0.0,-0.0,-0.385571
dinoL224,4447,0.02,R3_render,19,0.0,0.0,-0.321141
dinoL224,4447,0.05,R2_cut,0,0.0,0.0,-0.273842
dinoL224,4447,0.05,R2_cut,1,0.0,0.0,-0.296106
dinoL224,4447,0.05,R2_cut,2,0.0,-0.0,-0.29976
dinoL224,4447,0.05,R2_cut,3,0.0,0.0,-0.297356
dinoL224,4447,0.05,R2_cut,4,0.0,0.0,-0.313302
dinoL224,4447,0.05,R2_cut,5,0.0,0.0,-0.314641
dinoL224,4447,0.05,R2_cut,6,0.0,0.0,-0.341757
dinoL224,4447,0.05,R2_cut,7,0.0,0.0,-0.303612
dinoL224,4447,0.05,R2_cut,8,0.0,0.0,-0.343072
dinoL224,4447,0.05,R2_cut,9,0.0,0.0,-0.287549
dinoL224,4447,0.05,R2_cut,10,0.0,0.0,-0.301156
dinoL224,4447,0.05,R2_cut,11,0.0,-0.0,-0.294426
dinoL224,4447,0.05,R2_cut,12,0.0,0.0,-0.315654
dinoL224,4447,0.05,R2_cut,13,0.0,0.0,-0.312617
dinoL224,4447,0.05,R2_cut,14,0.0,0.0,-0.301068
dinoL224,4447,0.05,R2_cut,15,0.0,0.0,-0.311391
dinoL224,4447,0.05,R2_cut,16,0.0,0.0,-0.255926
dinoL224,4447,0.05,R2_cut,17,0.0,0.0,-0.315552
dinoL224,4447,0.05,R2_cut,18,0.0,0.0,-0.348398
dinoL224,4447,0.05,R2_cut,19,0.0,0.0,-0.308658
dinoL224,4447,0.05,R3_render,0,0.0,0.0,-0.292587
dinoL224,4447,0.05,R3_render,1,0.0,0.0,-0.325748
dinoL224,4447,0.05,R3_render,2,0.0,0.0,-0.274695
dinoL224,4447,0.05,R3_render,3,0.0,0.0,-0.271523
dinoL224,4447,0.05,R3_render,4,0.0,0.0,-0.355842
dinoL224,4447,0.05,R3_render,5,0.0,0.0,-0.321011
dinoL224,4447,0.05,R3_render,6,0.0,0.0,-0.320408
dinoL224,4447,0.05,R3_render,7,0.0,0.0,-0.292703
dinoL224,4447,0.05,R3_render,8,0.0,0.0,-0.333853
dinoL224,4447,0.05,R3_render,9,0.0,0.0,-0.30226
dinoL224,4447,0.05,R3_render,10,0.0,0.0,-0.296277
dinoL224,4447,0.05,R3_render,11,0.0,-0.0,-0.306922
dinoL224,4447,0.05,R3_render,12,0.0,0.0,-0.355575
dinoL224,4447,0.05,R3_render,13,0.0,0.0,-0.327788
dinoL224,4447,0.05,R3_render,14,0.0,0.0,-0.247585
dinoL224,4447,0.05,R3_render,15,0.0,0.0,-0.31766
dinoL224,4447,0.05,R3_render,16,0.0,0.0,-0.231185
dinoL224,4447,0.05,R3_render,17,0.0,0.0,-0.317687
dinoL224,4447,0.05,R3_render,18,0.0,-0.0,-0.385571
dinoL224,4447,0.05,R3_render,19,0.0,0.0,-0.321141
dinoL224,4447,0.1,R2_cut,0,0.0,0.0,-0.273842
dinoL224,4447,0.1,R2_cut,1,0.0,0.0,-0.296106
dinoL224,4447,0.1,R2_cut,2,0.0,-0.0,-0.29976
dinoL224,4447,0.1,R2_cut,3,0.0,0.0,-0.297356
dinoL224,4447,0.1,R2_cut,4,0.0,0.0,-0.313302
dinoL224,4447,0.1,R2_cut,5,0.0,0.0,-0.314641
dinoL224,4447,0.1,R2_cut,6,0.0,0.0,-0.341757
dinoL224,4447,0.1,R2_cut,7,0.0,0.0,-0.303612
dinoL224,4447,0.1,R2_cut,8,0.0,0.0,-0.343072
dinoL224,4447,0.1,R2_cut,9,0.0,0.0,-0.287549
dinoL224,4447,0.1,R2_cut,10,0.0,0.0,-0.301156
dinoL224,4447,0.1,R2_cut,11,0.0,-0.0,-0.294426
dinoL224,4447,0.1,R2_cut,12,0.0,0.0,-0.315654
dinoL224,4447,0.1,R2_cut,13,0.0,0.0,-0.312617
dinoL224,4447,0.1,R2_cut,14,0.0,0.0,-0.301068
dinoL224,4447,0.1,R2_cut,15,0.0,0.0,-0.311391
dinoL224,4447,0.1,R2_cut,16,0.0,0.0,-0.255926
dinoL224,4447,0.1,R2_cut,17,0.0,0.0,-0.315552
dinoL224,4447,0.1,R2_cut,18,0.0,0.0,-0.348398
dinoL224,4447,0.1,R2_cut,19,0.0,0.0,-0.308658
dinoL224,4447,0.1,R3_render,0,0.0,0.0,-0.292587
dinoL224,4447,0.1,R3_render,1,0.0,0.0,-0.325748
dinoL224,4447,0.1,R3_render,2,0.0,0.0,-0.274695
dinoL224,4447,0.1,R3_render,3,0.0,0.0,-0.271523
dinoL224,4447,0.1,R3_render,4,0.0,0.0,-0.355842
dinoL224,4447,0.1,R3_render,5,0.0,0.0,-0.321011
dinoL224,4447,0.1,R3_render,6,0.0,0.0,-0.320408
dinoL224,4447,0.1,R3_render,7,0.0,0.0,-0.292703
dinoL224,4447,0.1,R3_render,8,0.0,0.0,-0.333853
dinoL224,4447,0.1,R3_render,9,0.0,0.0,-0.30226
dinoL224,4447,0.1,R3_render,10,0.0,0.0,-0.296277
dinoL224,4447,0.1,R3_render,11,0.0,-0.0,-0.306922
dinoL224,4447,0.1,R3_render,12,0.0,0.0,-0.355575
dinoL224,4447,0.1,R3_render,13,0.0,0.0,-0.327788
dinoL224,4447,0.1,R3_render,14,0.0,0.0,-0.247585
dinoL224,4447,0.1,R3_render,15,0.0,0.0,-0.31766
dinoL224,4447,0.1,R3_render,16,0.0,0.0,-0.231185
dinoL224,4447,0.1,R3_render,17,0.0,0.0,-0.317687
dinoL224,4447,0.1,R3_render,18,0.0,-0.0,-0.385571
dinoL224,4447,0.1,R3_render,19,0.0,0.0,-0.321141
dinoL224,4447,0.2,R2_cut,0,0.0,0.0,-0.273842
dinoL224,4447,0.2,R2_cut,1,0.0,0.0,-0.296106
dinoL224,4447,0.2,R2_cut,2,0.0,-0.0,-0.29976
dinoL224,4447,0.2,R2_cut,3,0.0,0.0,-0.297356
dinoL224,4447,0.2,R2_cut,4,0.0,0.0,-0.313302
dinoL224,4447,0.2,R2_cut,5,0.0,0.0,-0.314641
dinoL224,4447,0.2,R2_cut,6,0.0,0.0,-0.341757
dinoL224,4447,0.2,R2_cut,7,0.0,0.0,-0.303612
dinoL224,4447,0.2,R2_cut,8,0.0,0.0,-0.343072
dinoL224,4447,0.2,R2_cut,9,0.0,0.0,-0.287549
dinoL224,4447,0.2,R2_cut,10,0.0,0.0,-0.301156
dinoL224,4447,0.2,R2_cut,11,0.0,-0.0,-0.294426
dinoL224,4447,0.2,R2_cut,12,0.0,0.0,-0.315654
dinoL224,4447,0.2,R2_cut,13,0.0,0.0,-0.312617
dinoL224,4447,0.2,R2_cut,14,0.0,0.0,-0.301068
dinoL224,4447,0.2,R2_cut,15,0.0,0.0,-0.311391
dinoL224,4447,0.2,R2_cut,16,0.0,0.0,-0.255926
dinoL224,4447,0.2,R2_cut,17,0.0,0.0,-0.315552
dinoL224,4447,0.2,R2_cut,18,0.0,0.0,-0.348398
dinoL224,4447,0.2,R2_cut,19,0.0,0.0,-0.308658
dinoL224,4447,0.2,R3_render,0,0.0,0.0,-0.292587
dinoL224,4447,0.2,R3_render,1,0.0,0.0,-0.325748
dinoL224,4447,0.2,R3_render,2,0.0,0.0,-0.274695
dinoL224,4447,0.2,R3_render,3,0.0,0.0,-0.271523
dinoL224,4447,0.2,R3_render,4,0.0,0.0,-0.355842
dinoL224,4447,0.2,R3_render,5,0.0,0.0,-0.321011
dinoL224,4447,0.2,R3_render,6,0.0,0.0,-0.320408
dinoL224,4447,0.2,R3_render,7,0.0,0.0,-0.292703
dinoL224,4447,0.2,R3_render,8,0.0,0.0,-0.333853
dinoL224,4447,0.2,R3_render,9,0.0,0.0,-0.30226
dinoL224,4447,0.2,R3_render,10,0.0,0.0,-0.296277
dinoL224,4447,0.2,R3_render,11,0.0,-0.0,-0.306922
dinoL224,4447,0.2,R3_render,12,0.0,0.0,-0.355575
dinoL224,4447,0.2,R3_render,13,0.0,0.0,-0.327788
dinoL224,4447,0.2,R3_render,14,0.0,0.0,-0.247585
dinoL224,4447,0.2,R3_render,15,0.0,0.0,-0.31766
dinoL224,4447,0.2,R3_render,16,0.0,0.0,-0.231185
dinoL224,4447,0.2,R3_render,17,0.0,0.0,-0.317687
dinoL224,4447,0.2,R3_render,18,0.0,-0.0,-0.385571
dinoL224,4447,0.2,R3_render,19,0.0,0.0,-0.321141
dinoL224,4447,0.5,R2_cut,0,0.0,0.0,-0.273842
dinoL224,4447,0.5,R2_cut,1,0.0,0.0,-0.296106
dinoL224,4447,0.5,R2_cut,2,0.0,-0.0,-0.29976
dinoL224,4447,0.5,R2_cut,3,0.0,0.0,-0.297356
dinoL224,4447,0.5,R2_cut,4,0.0,0.0,-0.313302
dinoL224,4447,0.5,R2_cut,5,0.0,0.0,-0.314641
dinoL224,4447,0.5,R2_cut,6,0.0,0.0,-0.341757
dinoL224,4447,0.5,R2_cut,7,0.0,0.0,-0.303612
dinoL224,4447,0.5,R2_cut,8,0.0,0.0,-0.343072
dinoL224,4447,0.5,R2_cut,9,0.0,0.0,-0.287549
dinoL224,4447,0.5,R2_cut,10,0.0,0.0,-0.301156
dinoL224,4447,0.5,R2_cut,11,0.0,-0.0,-0.294426
dinoL224,4447,0.5,R2_cut,12,0.0,0.0,-0.315654
dinoL224,4447,0.5,R2_cut,13,0.0,0.0,-0.312617
dinoL224,4447,0.5,R2_cut,14,0.0,0.0,-0.301068
dinoL224,4447,0.5,R2_cut,15,0.0,0.0,-0.311391
dinoL224,4447,0.5,R2_cut,16,0.0,0.0,-0.255926
dinoL224,4447,0.5,R2_cut,17,0.0,0.0,-0.315552
dinoL224,4447,0.5,R2_cut,18,0.0,0.0,-0.348398
dinoL224,4447,0.5,R2_cut,19,0.0,0.0,-0.308658
dinoL224,4447,0.5,R3_render,0,0.0,0.0,-0.292587
dinoL224,4447,0.5,R3_render,1,0.0,0.0,-0.325748
dinoL224,4447,0.5,R3_render,2,0.0,0.0,-0.274695
dinoL224,4447,0.5,R3_render,3,0.0,0.0,-0.271523
dinoL224,4447,0.5,R3_render,4,0.0,0.0,-0.355842
dinoL224,4447,0.5,R3_render,5,0.0,0.0,-0.321011
dinoL224,4447,0.5,R3_render,6,0.0,0.0,-0.320408
dinoL224,4447,0.5,R3_render,7,0.0,0.0,-0.292703
dinoL224,4447,0.5,R3_render,8,0.0,0.0,-0.333853
dinoL224,4447,0.5,R3_render,9,0.0,0.0,-0.30226
dinoL224,4447,0.5,R3_render,10,0.0,0.0,-0.296277
dinoL224,4447,0.5,R3_render,11,0.0,-0.0,-0.306922
dinoL224,4447,0.5,R3_render,12,0.0,0.0,-0.355575
dinoL224,4447,0.5,R3_render,13,0.0,0.0,-0.327788
dinoL224,4447,0.5,R3_render,14,0.0,0.0,-0.247585
dinoL224,4447,0.5,R3_render,15,0.0,0.0,-0.31766
dinoL224,4447,0.5,R3_render,16,0.0,0.0,-0.231185
dinoL224,4447,0.5,R3_render,17,0.0,0.0,-0.317687
dinoL224,4447,0.5,R3_render,18,0.0,-0.0,-0.385571
dinoL224,4447,0.5,R3_render,19,0.0,0.0,-0.321141
dinoL224,4447,1.0,R2_cut,0,0.0,0.0,-0.273842
dinoL224,4447,1.0,R2_cut,1,0.0,0.0,-0.296106
dinoL224,4447,1.0,R2_cut,2,0.0,-0.0,-0.29976
dinoL224,4447,1.0,R2_cut,3,0.0,0.0,-0.297356
dinoL224,4447,1.0,R2_cut,4,0.0,0.0,-0.313302
dinoL224,4447,1.0,R2_cut,5,0.0,0.0,-0.314641
dinoL224,4447,1.0,R2_cut,6,0.0,0.0,-0.341757
dinoL224,4447,1.0,R2_cut,7,0.0,0.0,-0.303612
dinoL224,4447,1.0,R2_cut,8,0.0,0.0,-0.343072
dinoL224,4447,1.0,R2_cut,9,0.0,0.0,-0.287549
dinoL224,4447,1.0,R2_cut,10,0.0,0.0,-0.301156
dinoL224,4447,1.0,R2_cut,11,0.0,-0.0,-0.294426
dinoL224,4447,1.0,R2_cut,12,0.0,0.0,-0.315654
dinoL224,4447,1.0,R2_cut,13,0.0,0.0,-0.312617
dinoL224,4447,1.0,R2_cut,14,0.0,0.0,-0.301068
dinoL224,4447,1.0,R2_cut,15,0.0,0.0,-0.311391
dinoL224,4447,1.0,R2_cut,16,0.0,0.0,-0.255926
dinoL224,4447,1.0,R2_cut,17,0.0,0.0,-0.315552
dinoL224,4447,1.0,R2_cut,18,0.0,0.0,-0.348398
dinoL224,4447,1.0,R2_cut,19,0.0,0.0,-0.308658
dinoL224,4447,1.0,R3_render,0,0.0,0.0,-0.292587
dinoL224,4447,1.0,R3_render,1,0.0,0.0,-0.325748
dinoL224,4447,1.0,R3_render,2,0.0,0.0,-0.274695
dinoL224,4447,1.0,R3_render,3,0.0,0.0,-0.271523
dinoL224,4447,1.0,R3_render,4,0.0,0.0,-0.355842
dinoL224,4447,1.0,R3_render,5,0.0,0.0,-0.321011
dinoL224,4447,1.0,R3_render,6,0.0,0.0,-0.320408
dinoL224,4447,1.0,R3_render,7,0.0,0.0,-0.292703
dinoL224,4447,1.0,R3_render,8,0.0,0.0,-0.333853
dinoL224,4447,1.0,R3_render,9,0.0,0.0,-0.30226
dinoL224,4447,1.0,R3_render,10,0.0,0.0,-0.296277
dinoL224,4447,1.0,R3_render,11,0.0,-0.0,-0.306922
dinoL224,4447,1.0,R3_render,12,0.0,0.0,-0.355575
dinoL224,4447,1.0,R3_render,13,0.0,0.0,-0.327788
dinoL224,4447,1.0,R3_render,14,0.0,0.0,-0.247585
dinoL224,4447,1.0,R3_render,15,0.0,0.0,-0.31766
dinoL224,4447,1.0,R3_render,16,0.0,0.0,-0.231185
dinoL224,4447,1.0,R3_render,17,0.0,0.0,-0.317687
dinoL224,4447,1.0,R3_render,18,0.0,-0.0,-0.385571
dinoL224,4447,1.0,R3_render,19,0.0,0.0,-0.321141
dinoL224,4447,2.0,R2_cut,0,0.0,0.0,-0.273842
dinoL224,4447,2.0,R2_cut,1,0.0,0.0,-0.296106
dinoL224,4447,2.0,R2_cut,2,0.0,-0.0,-0.29976
dinoL224,4447,2.0,R2_cut,3,0.0,0.0,-0.297356
dinoL224,4447,2.0,R2_cut,4,0.0,0.0,-0.313302
dinoL224,4447,2.0,R2_cut,5,0.0,0.0,-0.314641
dinoL224,4447,2.0,R2_cut,6,0.0,0.0,-0.341757
dinoL224,4447,2.0,R2_cut,7,0.0,0.0,-0.303612
dinoL224,4447,2.0,R2_cut,8,0.0,0.0,-0.343072
dinoL224,4447,2.0,R2_cut,9,0.0,0.0,-0.287549
dinoL224,4447,2.0,R2_cut,10,0.0,0.0,-0.301156
dinoL224,4447,2.0,R2_cut,11,0.0,-0.0,-0.294426
dinoL224,4447,2.0,R2_cut,12,0.0,0.0,-0.315654
dinoL224,4447,2.0,R2_cut,13,0.0,0.0,-0.312617
dinoL224,4447,2.0,R2_cut,14,0.0,0.0,-0.301068
dinoL224,4447,2.0,R2_cut,15,0.0,0.0,-0.311391
dinoL224,4447,2.0,R2_cut,16,0.0,0.0,-0.255926
dinoL224,4447,2.0,R2_cut,17,0.0,0.0,-0.315552
dinoL224,4447,2.0,R2_cut,18,0.0,0.0,-0.348398
dinoL224,4447,2.0,R2_cut,19,0.0,0.0,-0.308658
dinoL224,4447,2.0,R3_render,0,0.0,0.0,-0.292587
dinoL224,4447,2.0,R3_render,1,0.0,0.0,-0.325748
dinoL224,4447,2.0,R3_render,2,0.0,0.0,-0.274695
dinoL224,4447,2.0,R3_render,3,0.0,0.0,-0.271523
dinoL224,4447,2.0,R3_render,4,0.0,0.0,-0.355842
dinoL224,4447,2.0,R3_render,5,0.0,0.0,-0.321011
dinoL224,4447,2.0,R3_render,6,0.0,0.0,-0.320408
dinoL224,4447,2.0,R3_render,7,0.0,0.0,-0.292703
dinoL224,4447,2.0,R3_render,8,0.0,0.0,-0.333853
dinoL224,4447,2.0,R3_render,9,0.0,0.0,-0.30226
dinoL224,4447,2.0,R3_render,10,0.0,0.0,-0.296277
dinoL224,4447,2.0,R3_render,11,0.0,-0.0,-0.306922
dinoL224,4447,2.0,R3_render,12,0.0,0.0,-0.355575
dinoL224,4447,2.0,R3_render,13,0.0,0.0,-0.327788
dinoL224,4447,2.0,R3_render,14,0.0,0.0,-0.247585
dinoL224,4447,2.0,R3_render,15,0.0,0.0,-0.31766
dinoL224,4447,2.0,R3_render,16,0.0,0.0,-0.231185
dinoL224,4447,2.0,R3_render,17,0.0,0.0,-0.317687
dinoL224,4447,2.0,R3_render,18,0.0,-0.0,-0.385571
dinoL224,4447,2.0,R3_render,19,0.0,0.0,-0.321141
dinoL224,4447,5.0,R2_cut,0,0.0,0.0,-0.273842
dinoL224,4447,5.0,R2_cut,1,0.0,0.0,-0.296106
dinoL224,4447,5.0,R2_cut,2,0.0,-0.0,-0.29976
dinoL224,4447,5.0,R2_cut,3,0.0,0.0,-0.297356
dinoL224,4447,5.0,R2_cut,4,0.0,0.0,-0.313302
dinoL224,4447,5.0,R2_cut,5,0.0,0.0,-0.314641
dinoL224,4447,5.0,R2_cut,6,0.0,0.0,-0.341757
dinoL224,4447,5.0,R2_cut,7,0.0,0.0,-0.303612
dinoL224,4447,5.0,R2_cut,8,0.0,0.0,-0.343072
dinoL224,4447,5.0,R2_cut,9,0.0,0.0,-0.287549
dinoL224,4447,5.0,R2_cut,10,0.0,0.0,-0.301156
dinoL224,4447,5.0,R2_cut,11,0.0,-0.0,-0.294426
dinoL224,4447,5.0,R2_cut,12,0.0,0.0,-0.315654
dinoL224,4447,5.0,R2_cut,13,0.0,0.0,-0.312617
dinoL224,4447,5.0,R2_cut,14,0.0,0.0,-0.301068
dinoL224,4447,5.0,R2_cut,15,0.0,0.0,-0.311391
dinoL224,4447,5.0,R2_cut,16,0.0,0.0,-0.255926
dinoL224,4447,5.0,R2_cut,17,0.0,0.0,-0.315552
dinoL224,4447,5.0,R2_cut,18,0.0,0.0,-0.348398
dinoL224,4447,5.0,R2_cut,19,0.0,0.0,-0.308658
dinoL224,4447,5.0,R3_render,0,0.0,0.0,-0.292587
dinoL224,4447,5.0,R3_render,1,0.0,0.0,-0.325748
dinoL224,4447,5.0,R3_render,2,0.0,0.0,-0.274695
dinoL224,4447,5.0,R3_render,3,0.0,0.0,-0.271523
dinoL224,4447,5.0,R3_render,4,0.0,0.0,-0.355842
dinoL224,4447,5.0,R3_render,5,0.0,0.0,-0.321011
dinoL224,4447,5.0,R3_render,6,0.0,0.0,-0.320408
dinoL224,4447,5.0,R3_render,7,0.0,0.0,-0.292703
dinoL224,4447,5.0,R3_render,8,0.0,0.0,-0.333853
dinoL224,4447,5.0,R3_render,9,0.0,0.0,-0.30226
dinoL224,4447,5.0,R3_render,10,0.0,0.0,-0.296277
dinoL224,4447,5.0,R3_render,11,0.0,-0.0,-0.306922
dinoL224,4447,5.0,R3_render,12,0.0,0.0,-0.355575
dinoL224,4447,5.0,R3_render,13,0.0,0.0,-0.327788
dinoL224,4447,5.0,R3_render,14,0.0,0.0,-0.247585
dinoL224,4447,5.0,R3_render,15,0.0,0.0,-0.31766
dinoL224,4447,5.0,R3_render,16,0.0,0.0,-0.231185
dinoL224,4447,5.0,R3_render,17,0.0,0.0,-0.317687
dinoL224,4447,5.0,R3_render,18,0.0,-0.0,-0.385571
dinoL224,4447,5.0,R3_render,19,0.0,0.0,-0.321141
dinoL224,4447,10.0,R2_cut,0,0.0,0.0,-0.273842
dinoL224,4447,10.0,R2_cut,1,0.0,0.0,-0.296106
dinoL224,4447,10.0,R2_cut,2,0.0,-0.0,-0.29976
dinoL224,4447,10.0,R2_cut,3,0.0,0.0,-0.297356
dinoL224,4447,10.0,R2_cut,4,0.0,0.0,-0.313302
dinoL224,4447,10.0,R2_cut,5,0.0,0.0,-0.314641
dinoL224,4447,10.0,R2_cut,6,0.0,0.0,-0.341757
dinoL224,4447,10.0,R2_cut,7,0.0,0.0,-0.303612
dinoL224,4447,10.0,R2_cut,8,0.0,0.0,-0.343072
dinoL224,4447,10.0,R2_cut,9,0.0,0.0,-0.287549
dinoL224,4447,10.0,R2_cut,10,0.0,0.0,-0.301156
dinoL224,4447,10.0,R2_cut,11,0.0,-0.0,-0.294426
dinoL224,4447,10.0,R2_cut,12,0.0,0.0,-0.315654
dinoL224,4447,10.0,R2_cut,13,0.0,0.0,-0.312617
dinoL224,4447,10.0,R2_cut,14,0.0,0.0,-0.301068
dinoL224,4447,10.0,R2_cut,15,0.0,0.0,-0.311391
dinoL224,4447,10.0,R2_cut,16,0.0,0.0,-0.255926
dinoL224,4447,10.0,R2_cut,17,0.0,0.0,-0.315552
dinoL224,4447,10.0,R2_cut,18,0.0,0.0,-0.348398
dinoL224,4447,10.0,R2_cut,19,0.0,0.0,-0.308658
dinoL224,4447,10.0,R3_render,0,0.0,0.0,-0.292587
dinoL224,4447,10.0,R3_render,1,0.0,0.0,-0.325748
dinoL224,4447,10.0,R3_render,2,0.0,0.0,-0.274695
dinoL224,4447,10.0,R3_render,3,0.0,0.0,-0.271523
dinoL224,4447,10.0,R3_render,4,0.0,0.0,-0.355842
dinoL224,4447,10.0,R3_render,5,0.0,0.0,-0.321011
dinoL224,4447,10.0,R3_render,6,0.0,0.0,-0.320408
dinoL224,4447,10.0,R3_render,7,0.0,0.0,-0.292703
dinoL224,4447,10.0,R3_render,8,0.0,0.0,-0.333853
dinoL224,4447,10.0,R3_render,9,0.0,0.0,-0.30226
dinoL224,4447,10.0,R3_render,10,0.0,0.0,-0.296277
dinoL224,4447,10.0,R3_render,11,0.0,-0.0,-0.306922
dinoL224,4447,10.0,R3_render,12,0.0,0.0,-0.355575
dinoL224,4447,10.0,R3_render,13,0.0,0.0,-0.327788
dinoL224,4447,10.0,R3_render,14,0.0,0.0,-0.247585
dinoL224,4447,10.0,R3_render,15,0.0,0.0,-0.31766
dinoL224,4447,10.0,R3_render,16,0.0,0.0,-0.231185
dinoL224,4447,10.0,R3_render,17,0.0,0.0,-0.317687
dinoL224,4447,10.0,R3_render,18,0.0,-0.0,-0.385571
dinoL224,4447,10.0,R3_render,19,0.0,0.0,-0.321141
dinoL224,4447,20.0,R2_cut,0,0.0,0.0,-0.273842
dinoL224,4447,20.0,R2_cut,1,0.0,0.0,-0.296106
dinoL224,4447,20.0,R2_cut,2,0.0,-0.0,-0.29976
dinoL224,4447,20.0,R2_cut,3,0.0,0.0,-0.297356
dinoL224,4447,20.0,R2_cut,4,0.0,0.0,-0.313302
dinoL224,4447,20.0,R2_cut,5,0.0,0.0,-0.314641
dinoL224,4447,20.0,R2_cut,6,0.0,0.0,-0.341757
dinoL224,4447,20.0,R2_cut,7,0.0,0.0,-0.303612
dinoL224,4447,20.0,R2_cut,8,0.0,0.0,-0.343072
dinoL224,4447,20.0,R2_cut,9,0.0,0.0,-0.287549
dinoL224,4447,20.0,R2_cut,10,0.0,0.0,-0.301156
dinoL224,4447,20.0,R2_cut,11,0.0,-0.0,-0.294426
dinoL224,4447,20.0,R2_cut,12,0.0,0.0,-0.315654
dinoL224,4447,20.0,R2_cut,13,0.0,0.0,-0.312617
dinoL224,4447,20.0,R2_cut,14,0.0,0.0,-0.301068
dinoL224,4447,20.0,R2_cut,15,0.0,0.0,-0.311391
dinoL224,4447,20.0,R2_cut,16,0.0,0.0,-0.255926
dinoL224,4447,20.0,R2_cut,17,0.0,0.0,-0.315552
dinoL224,4447,20.0,R2_cut,18,0.0,0.0,-0.348398
dinoL224,4447,20.0,R2_cut,19,0.0,0.0,-0.308658
dinoL224,4447,20.0,R3_render,0,0.0,0.0,-0.292587
dinoL224,4447,20.0,R3_render,1,0.0,0.0,-0.325748
dinoL224,4447,20.0,R3_render,2,0.0,0.0,-0.274695
dinoL224,4447,20.0,R3_render,3,0.0,0.0,-0.271523
dinoL224,4447,20.0,R3_render,4,0.0,0.0,-0.355842
dinoL224,4447,20.0,R3_render,5,0.0,0.0,-0.321011
dinoL224,4447,20.0,R3_render,6,0.0,0.0,-0.320408
dinoL224,4447,20.0,R3_render,7,0.0,0.0,-0.292703
dinoL224,4447,20.0,R3_render,8,0.0,0.0,-0.333853
dinoL224,4447,20.0,R3_render,9,0.0,0.0,-0.30226
dinoL224,4447,20.0,R3_render,10,0.0,0.0,-0.296277
dinoL224,4447,20.0,R3_render,11,0.0,-0.0,-0.306922
dinoL224,4447,20.0,R3_render,12,0.0,0.0,-0.355575
dinoL224,4447,20.0,R3_render,13,0.0,0.0,-0.327788
dinoL224,4447,20.0,R3_render,14,0.0,0.0,-0.247585
dinoL224,4447,20.0,R3_render,15,0.0,0.0,-0.31766
dinoL224,4447,20.0,R3_render,16,0.0,0.0,-0.231185
dinoL224,4447,20.0,R3_render,17,0.0,0.0,-0.317687
dinoL224,4447,20.0,R3_render,18,0.0,-0.0,-0.385571
dinoL224,4447,20.0,R3_render,19,0.0,0.0,-0.321141
dinoL224,4447,40.0,R2_cut,0,0.0,0.0,-0.273842
dinoL224,4447,40.0,R2_cut,1,0.0,0.0,-0.296106
dinoL224,4447,40.0,R2_cut,2,0.0,-0.0,-0.29976
dinoL224,4447,40.0,R2_cut,3,0.0,0.0,-0.297356
dinoL224,4447,40.0,R2_cut,4,0.0,0.0,-0.313302
dinoL224,4447,40.0,R2_cut,5,0.0,0.0,-0.314641
dinoL224,4447,40.0,R2_cut,6,0.0,0.0,-0.341757
dinoL224,4447,40.0,R2_cut,7,0.0,0.0,-0.303612
dinoL224,4447,40.0,R2_cut,8,0.0,0.0,-0.343072
dinoL224,4447,40.0,R2_cut,9,0.0,0.0,-0.287549
dinoL224,4447,40.0,R2_cut,10,0.0,0.0,-0.301156
dinoL224,4447,40.0,R2_cut,11,0.0,-0.0,-0.294426
dinoL224,4447,40.0,R2_cut,12,0.0,0.0,-0.315654
dinoL224,4447,40.0,R2_cut,13,0.0,0.0,-0.312617
dinoL224,4447,40.0,R2_cut,14,0.0,0.0,-0.301068
dinoL224,4447,40.0,R2_cut,15,0.0,0.0,-0.311391
dinoL224,4447,40.0,R2_cut,16,0.0,0.0,-0.255926
dinoL224,4447,40.0,R2_cut,17,0.0,0.0,-0.315552
dinoL224,4447,40.0,R2_cut,18,0.0,0.0,-0.348398
dinoL224,4447,40.0,R2_cut,19,0.0,0.0,-0.308658
dinoL224,4447,40.0,R3_render,0,0.0,0.0,-0.292587
dinoL224,4447,40.0,R3_render,1,0.0,0.0,-0.325748
dinoL224,4447,40.0,R3_render,2,0.0,0.0,-0.274695
dinoL224,4447,40.0,R3_render,3,0.0,0.0,-0.271523
dinoL224,4447,40.0,R3_render,4,0.0,0.0,-0.355842
dinoL224,4447,40.0,R3_render,5,0.0,0.0,-0.321011
dinoL224,4447,40.0,R3_render,6,0.0,0.0,-0.320408
dinoL224,4447,40.0,R3_render,7,0.0,0.0,-0.292703
dinoL224,4447,40.0,R3_render,8,0.0,0.0,-0.333853
dinoL224,4447,40.0,R3_render,9,0.0,0.0,-0.30226
dinoL224,4447,40.0,R3_render,10,0.0,0.0,-0.296277
dinoL224,4447,40.0,R3_render,11,0.0,-0.0,-0.306922
dinoL224,4447,40.0,R3_render,12,0.0,0.0,-0.355575
dinoL224,4447,40.0,R3_render,13,0.0,0.0,-0.327788
dinoL224,4447,40.0,R3_render,14,0.0,0.0,-0.247585
dinoL224,4447,40.0,R3_render,15,0.0,0.0,-0.31766
dinoL224,4447,40.0,R3_render,16,0.0,0.0,-0.231185
dinoL224,4447,40.0,R3_render,17,0.0,0.0,-0.317687
dinoL224,4447,40.0,R3_render,18,0.0,-0.0,-0.385571
dinoL224,4447,40.0,R3_render,19,0.0,0.0,-0.321141
