tag,B,alpha,repr,order,n_draws_paired,d_heldout,jaccard_vs_primary,d_order_spread,ORDER_SENSITIVE
dinoL518,250,0.02,R2_cut,asc_index,5,1.216063,1.0,0.0,0
dinoL518,250,0.02,R2_cut,asc_nc,5,1.216063,1.0,0.0,0
dinoL518,250,0.02,R2_cut,desc_es,5,1.216063,1.0,0.0,0
dinoL518,250,0.02,R2_cut,desc_nc,5,1.216063,1.0,0.0,0
dinoL518,250,0.02,R2_cut,shuffled_0,5,1.216063,1.0,0.0,0
dinoL518,250,0.02,R2_cut,shuffled_1,5,1.216063,1.0,0.0,0
dinoL518,250,0.02,R2_cut,shuffled_2,5,1.216063,1.0,0.0,0
dinoL518,250,0.02,R2_cut,shuffled_3,5,1.216063,1.0,0.0,0
dinoL518,250,0.02,R2_cut,shuffled_4,5,1.216063,1.0,0.0,0
dinoL518,250,0.02,R2_cut,shuffled_5,5,1.216063,1.0,0.0,0
dinoL518,250,0.02,R2_cut,shuffled_6,5,1.216063,1.0,0.0,0
dinoL518,250,0.02,R2_cut,shuffled_7,5,1.216063,1.0,0.0,0
dinoL518,250,0.02,R2_cut,shuffled_8,5,1.216063,1.0,0.0,0
dinoL518,250,0.02,R2_cut,shuffled_9,5,1.216063,1.0,0.0,0
dinoL518,250,0.02,R3_render,asc_index,5,1.095844,1.0,0.0,0
dinoL518,250,0.02,R3_render,asc_nc,5,1.095844,1.0,0.0,0
dinoL518,250,0.02,R3_render,desc_es,5,1.095844,1.0,0.0,0
dinoL518,250,0.02,R3_render,desc_nc,5,1.095844,1.0,0.0,0
dinoL518,250,0.02,R3_render,shuffled_0,5,1.095844,1.0,0.0,0
dinoL518,250,0.02,R3_render,shuffled_1,5,1.095844,1.0,0.0,0
dinoL518,250,0.02,R3_render,shuffled_2,5,1.095844,1.0,0.0,0
dinoL518,250,0.02,R3_render,shuffled_3,5,1.095844,1.0,0.0,0
dinoL518,250,0.02,R3_render,shuffled_4,5,1.095844,1.0,0.0,0
dinoL518,250,0.02,R3_render,shuffled_5,5,1.095844,1.0,0.0,0
dinoL518,250,0.02,R3_render,shuffled_6,5,1.095844,1.0,0.0,0
dinoL518,250,0.02,R3_render,shuffled_7,5,1.095844,1.0,0.0,0
dinoL518,250,0.02,R3_render,shuffled_8,5,1.095844,1.0,0.0,0
dinoL518,250,0.02,R3_render,shuffled_9,5,1.095844,1.0,0.0,0
dinoL518,250,0.05,R2_cut,asc_index,5,1.216063,1.0,0.0,0
dinoL518,250,0.05,R2_cut,asc_nc,5,1.216063,1.0,0.0,0
dinoL518,250,0.05,R2_cut,desc_es,5,1.216063,1.0,0.0,0
dinoL518,250,0.05,R2_cut,desc_nc,5,1.216063,1.0,0.0,0
dinoL518,250,0.05,R2_cut,shuffled_0,5,1.216063,1.0,0.0,0
dinoL518,250,0.05,R2_cut,shuffled_1,5,1.216063,1.0,0.0,0
dinoL518,250,0.05,R2_cut,shuffled_2,5,1.216063,1.0,0.0,0
dinoL518,250,0.05,R2_cut,shuffled_3,5,1.216063,1.0,0.0,0
dinoL518,250,0.05,R2_cut,shuffled_4,5,1.216063,1.0,0.0,0
dinoL518,250,0.05,R2_cut,shuffled_5,5,1.216063,1.0,0.0,0
dinoL518,250,0.05,R2_cut,shuffled_6,5,1.216063,1.0,0.0,0
dinoL518,250,0.05,R2_cut,shuffled_7,5,1.216063,1.0,0.0,0
dinoL518,250,0.05,R2_cut,shuffled_8,5,1.216063,1.0,0.0,0
dinoL518,250,0.05,R2_cut,shuffled_9,5,1.216063,1.0,0.0,0
dinoL518,250,0.05,R3_render,asc_index,5,1.095844,1.0,0.0,0
dinoL518,250,0.05,R3_render,asc_nc,5,1.095844,1.0,0.0,0
dinoL518,250,0.05,R3_render,desc_es,5,1.095844,1.0,0.0,0
dinoL518,250,0.05,R3_render,desc_nc,5,1.095844,1.0,0.0,0
dinoL518,250,0.05,R3_render,shuffled_0,5,1.095844,1.0,0.0,0
dinoL518,250,0.05,R3_render,shuffled_1,5,1.095844,1.0,0.0,0
dinoL518,250,0.05,R3_render,shuffled_2,5,1.095844,1.0,0.0,0
dinoL518,250,0.05,R3_render,shuffled_3,5,1.095844,1.0,0.0,0
dinoL518,250,0.05,R3_render,shuffled_4,5,1.095844,1.0,0.0,0
dinoL518,250,0.05,R3_render,shuffled_5,5,1.095844,1.0,0.0,0
dinoL518,250,0.05,R3_render,shuffled_6,5,1.095844,1.0,0.0,0
dinoL518,250,0.05,R3_render,shuffled_7,5,1.095844,1.0,0.0,0
dinoL518,250,0.05,R3_render,shuffled_8,5,1.095844,1.0,0.0,0
dinoL518,250,0.05,R3_render,shuffled_9,5,1.095844,1.0,0.0,0
dinoL518,250,0.1,R2_cut,asc_index,5,1.04981,1.0,0.0,0
dinoL518,250,0.1,R2_cut,asc_nc,5,1.04981,1.0,0.0,0
dinoL518,250,0.1,R2_cut,desc_es,5,1.04981,1.0,0.0,0
dinoL518,250,0.1,R2_cut,desc_nc,5,1.04981,1.0,0.0,0
dinoL518,250,0.1,R2_cut,shuffled_0,5,1.04981,1.0,0.0,0
dinoL518,250,0.1,R2_cut,shuffled_1,5,1.04981,1.0,0.0,0
dinoL518,250,0.1,R2_cut,shuffled_2,5,1.04981,1.0,0.0,0
dinoL518,250,0.1,R2_cut,shuffled_3,5,1.04981,1.0,0.0,0
dinoL518,250,0.1,R2_cut,shuffled_4,5,1.04981,1.0,0.0,0
dinoL518,250,0.1,R2_cut,shuffled_5,5,1.04981,1.0,0.0,0
dinoL518,250,0.1,R2_cut,shuffled_6,5,1.04981,1.0,0.0,0
dinoL518,250,0.1,R2_cut,shuffled_7,5,1.04981,1.0,0.0,0
dinoL518,250,0.1,R2_cut,shuffled_8,5,1.04981,1.0,0.0,0
dinoL518,250,0.1,R2_cut,shuffled_9,5,1.04981,1.0,0.0,0
dinoL518,250,0.1,R3_render,asc_index,5,0.953213,1.0,0.0,0
dinoL518,250,0.1,R3_render,asc_nc,5,0.953213,1.0,0.0,0
dinoL518,250,0.1,R3_render,desc_es,5,0.953213,1.0,0.0,0
dinoL518,250,0.1,R3_render,desc_nc,5,0.953213,1.0,0.0,0
dinoL518,250,0.1,R3_render,shuffled_0,5,0.953213,1.0,0.0,0
dinoL518,250,0.1,R3_render,shuffled_1,5,0.953213,1.0,0.0,0
dinoL518,250,0.1,R3_render,shuffled_2,5,0.953213,1.0,0.0,0
dinoL518,250,0.1,R3_render,shuffled_3,5,0.953213,1.0,0.0,0
dinoL518,250,0.1,R3_render,shuffled_4,5,0.953213,1.0,0.0,0
dinoL518,250,0.1,R3_render,shuffled_5,5,0.953213,1.0,0.0,0
dinoL518,250,0.1,R3_render,shuffled_6,5,0.953213,1.0,0.0,0
dinoL518,250,0.1,R3_render,shuffled_7,5,0.953213,1.0,0.0,0
dinoL518,250,0.1,R3_render,shuffled_8,5,0.953213,1.0,0.0,0
dinoL518,250,0.1,R3_render,shuffled_9,5,0.953213,1.0,0.0,0
dinoL518,250,0.2,R2_cut,asc_index,5,1.183452,1.0,0.0,0
dinoL518,250,0.2,R2_cut,asc_nc,5,1.183452,1.0,0.0,0
dinoL518,250,0.2,R2_cut,desc_es,5,1.183452,1.0,0.0,0
dinoL518,250,0.2,R2_cut,desc_nc,5,1.183452,1.0,0.0,0
dinoL518,250,0.2,R2_cut,shuffled_0,5,1.183452,1.0,0.0,0
dinoL518,250,0.2,R2_cut,shuffled_1,5,1.183452,1.0,0.0,0
dinoL518,250,0.2,R2_cut,shuffled_2,5,1.183452,1.0,0.0,0
dinoL518,250,0.2,R2_cut,shuffled_3,5,1.183452,1.0,0.0,0
dinoL518,250,0.2,R2_cut,shuffled_4,5,1.183452,1.0,0.0,0
dinoL518,250,0.2,R2_cut,shuffled_5,5,1.183452,1.0,0.0,0
dinoL518,250,0.2,R2_cut,shuffled_6,5,1.183452,1.0,0.0,0
dinoL518,250,0.2,R2_cut,shuffled_7,5,1.183452,1.0,0.0,0
dinoL518,250,0.2,R2_cut,shuffled_8,5,1.183452,1.0,0.0,0
dinoL518,250,0.2,R2_cut,shuffled_9,5,1.183452,1.0,0.0,0
dinoL518,250,0.2,R3_render,asc_index,5,1.074609,1.0,0.0,0
dinoL518,250,0.2,R3_render,asc_nc,5,1.074609,1.0,0.0,0
dinoL518,250,0.2,R3_render,desc_es,5,1.074609,1.0,0.0,0
dinoL518,250,0.2,R3_render,desc_nc,5,1.074609,1.0,0.0,0
dinoL518,250,0.2,R3_render,shuffled_0,5,1.074609,1.0,0.0,0
dinoL518,250,0.2,R3_render,shuffled_1,5,1.074609,1.0,0.0,0
dinoL518,250,0.2,R3_render,shuffled_2,5,1.074609,1.0,0.0,0
dinoL518,250,0.2,R3_render,shuffled_3,5,1.074609,1.0,0.0,0
dinoL518,250,0.2,R3_render,shuffled_4,5,1.074609,1.0,0.0,0
dinoL518,250,0.2,R3_render,shuffled_5,5,1.074609,1.0,0.0,0
dinoL518,250,0.2,R3_render,shuffled_6,5,1.074609,1.0,0.0,0
dinoL518,250,0.2,R3_render,shuffled_7,5,1.074609,1.0,0.0,0
dinoL518,250,0.2,R3_render,shuffled_8,5,1.074609,1.0,0.0,0
dinoL518,250,0.2,R3_render,shuffled_9,5,1.074609,1.0,0.0,0
dinoL518,250,0.5,R2_cut,asc_index,5,1.042103,0.992032,0.032891,0
dinoL518,250,0.5,R2_cut,asc_nc,5,1.032228,0.945525,0.032891,0
dinoL518,250,0.5,R2_cut,desc_es,5,1.035959,1.0,0.032891,0
dinoL518,250,0.5,R2_cut,desc_nc,5,1.035959,1.0,0.032891,0
dinoL518,250,0.5,R2_cut,shuffled_0,5,1.030706,0.976285,0.032891,0
dinoL518,250,0.5,R2_cut,shuffled_1,5,1.032748,0.976285,0.032891,0
dinoL518,250,0.5,R2_cut,shuffled_2,5,1.046157,0.976285,0.032891,0
dinoL518,250,0.5,R2_cut,shuffled_3,5,1.058932,0.960784,0.032891,0
dinoL518,250,0.5,R2_cut,shuffled_4,5,1.060265,0.960784,0.032891,0
dinoL518,250,0.5,R2_cut,shuffled_5,5,1.032442,0.968504,0.032891,0
dinoL518,250,0.5,R2_cut,shuffled_6,5,1.042129,0.953125,0.032891,0
dinoL518,250,0.5,R2_cut,shuffled_7,5,1.039572,0.992032,0.032891,0
dinoL518,250,0.5,R2_cut,shuffled_8,5,1.040288,0.968504,0.032891,0
dinoL518,250,0.5,R2_cut,shuffled_9,5,1.003067,0.976285,0.032891,0
dinoL518,250,0.5,R3_render,asc_index,5,1.003282,0.992032,0.024014,0
dinoL518,250,0.5,R3_render,asc_nc,5,0.987883,0.945525,0.024014,0
dinoL518,250,0.5,R3_render,desc_es,5,0.99662,1.0,0.024014,0
dinoL518,250,0.5,R3_render,desc_nc,5,0.99662,1.0,0.024014,0
dinoL518,250,0.5,R3_render,shuffled_0,5,0.987013,0.976285,0.024014,0
dinoL518,250,0.5,R3_render,shuffled_1,5,1.001333,0.976285,0.024014,0
dinoL518,250,0.5,R3_render,shuffled_2,5,0.995235,0.976285,0.024014,0
dinoL518,250,0.5,R3_render,shuffled_3,5,1.020634,0.960784,0.024014,0
dinoL518,250,0.5,R3_render,shuffled_4,5,1.011129,0.960784,0.024014,0
dinoL518,250,0.5,R3_render,shuffled_5,5,0.974476,0.968504,0.024014,0
dinoL518,250,0.5,R3_render,shuffled_6,5,1.004648,0.953125,0.024014,0
dinoL518,250,0.5,R3_render,shuffled_7,5,0.984832,0.992032,0.024014,0
dinoL518,250,0.5,R3_render,shuffled_8,5,1.006387,0.968504,0.024014,0
dinoL518,250,0.5,R3_render,shuffled_9,5,0.97657,0.976285,0.024014,0
dinoL518,250,1.0,R2_cut,asc_index,5,0.788172,0.930502,0.113767,1
dinoL518,250,1.0,R2_cut,asc_nc,5,0.782075,0.865672,0.113767,1
dinoL518,250,1.0,R2_cut,desc_es,5,0.775189,0.976285,0.113767,1
dinoL518,250,1.0,R2_cut,desc_nc,5,0.848043,1.0,0.113767,1
dinoL518,250,1.0,R2_cut,shuffled_0,5,0.770379,0.901141,0.113767,1
dinoL518,250,1.0,R2_cut,shuffled_1,5,0.780468,0.923077,0.113767,1
dinoL518,250,1.0,R2_cut,shuffled_2,5,0.775359,0.886792,0.113767,1
dinoL518,250,1.0,R2_cut,shuffled_3,5,0.734276,0.901141,0.113767,1
dinoL518,250,1.0,R2_cut,shuffled_4,5,0.796034,0.886792,0.113767,1
dinoL518,250,1.0,R2_cut,shuffled_5,5,0.80946,0.908397,0.113767,1
dinoL518,250,1.0,R2_cut,shuffled_6,5,0.803889,0.901141,0.113767,1
dinoL518,250,1.0,R2_cut,shuffled_7,5,0.848381,0.953125,0.113767,1
dinoL518,250,1.0,R2_cut,shuffled_8,5,0.80488,0.915709,0.113767,1
dinoL518,250,1.0,R2_cut,shuffled_9,5,0.887292,0.908397,0.113767,1
dinoL518,250,1.0,R3_render,asc_index,5,0.748331,0.930502,0.064451,1
dinoL518,250,1.0,R3_render,asc_nc,5,0.726543,0.865672,0.064451,1
dinoL518,250,1.0,R3_render,desc_es,5,0.722666,0.976285,0.064451,1
dinoL518,250,1.0,R3_render,desc_nc,5,0.770225,1.0,0.064451,1
dinoL518,250,1.0,R3_render,shuffled_0,5,0.723737,0.901141,0.064451,1
dinoL518,250,1.0,R3_render,shuffled_1,5,0.75227,0.923077,0.064451,1
dinoL518,250,1.0,R3_render,shuffled_2,5,0.733257,0.886792,0.064451,1
dinoL518,250,1.0,R3_render,shuffled_3,5,0.705775,0.901141,0.064451,1
dinoL518,250,1.0,R3_render,shuffled_4,5,0.739743,0.886792,0.064451,1
dinoL518,250,1.0,R3_render,shuffled_5,5,0.730864,0.908397,0.064451,1
dinoL518,250,1.0,R3_render,shuffled_6,5,0.761885,0.901141,0.064451,1
dinoL518,250,1.0,R3_render,shuffled_7,5,0.791937,0.953125,0.064451,1
dinoL518,250,1.0,R3_render,shuffled_8,5,0.723552,0.915709,0.064451,1
dinoL518,250,1.0,R3_render,shuffled_9,5,0.80825,0.908397,0.064451,1
dinoL518,250,2.0,R2_cut,asc_index,5,0.780873,0.893939,0.161213,1
dinoL518,250,2.0,R2_cut,asc_nc,5,0.749073,0.838235,0.161213,1
dinoL518,250,2.0,R2_cut,desc_es,5,0.770795,0.908397,0.161213,1
dinoL518,250,2.0,R2_cut,desc_nc,5,0.689867,1.0,0.161213,1
dinoL518,250,2.0,R2_cut,shuffled_0,5,0.786641,0.845018,0.161213,1
dinoL518,250,2.0,R2_cut,shuffled_1,5,0.763453,0.851852,0.161213,1
dinoL518,250,2.0,R2_cut,shuffled_2,5,0.788177,0.858736,0.161213,1
dinoL518,250,2.0,R2_cut,shuffled_3,5,0.767861,0.879699,0.161213,1
dinoL518,250,2.0,R2_cut,shuffled_4,5,0.773282,0.831502,0.161213,1
dinoL518,250,2.0,R2_cut,shuffled_5,5,0.687263,0.858736,0.161213,1
dinoL518,250,2.0,R2_cut,shuffled_6,5,0.710883,0.886792,0.161213,1
dinoL518,250,2.0,R2_cut,shuffled_7,5,0.79625,0.851852,0.161213,1
dinoL518,250,2.0,R2_cut,shuffled_8,5,0.85108,0.851852,0.161213,1
dinoL518,250,2.0,R2_cut,shuffled_9,5,0.838206,0.865672,0.161213,1
dinoL518,250,2.0,R3_render,asc_index,5,0.680085,0.893939,0.159676,1
dinoL518,250,2.0,R3_render,asc_nc,5,0.693218,0.838235,0.159676,1
dinoL518,250,2.0,R3_render,desc_es,5,0.719646,0.908397,0.159676,1
dinoL518,250,2.0,R3_render,desc_nc,5,0.624163,1.0,0.159676,1
dinoL518,250,2.0,R3_render,shuffled_0,5,0.675209,0.845018,0.159676,1
dinoL518,250,2.0,R3_render,shuffled_1,5,0.643908,0.851852,0.159676,1
dinoL518,250,2.0,R3_render,shuffled_2,5,0.733992,0.858736,0.159676,1
dinoL518,250,2.0,R3_render,shuffled_3,5,0.699565,0.879699,0.159676,1
dinoL518,250,2.0,R3_render,shuffled_4,5,0.677103,0.831502,0.159676,1
dinoL518,250,2.0,R3_render,shuffled_5,5,0.677654,0.858736,0.159676,1
dinoL518,250,2.0,R3_render,shuffled_6,5,0.651758,0.886792,0.159676,1
dinoL518,250,2.0,R3_render,shuffled_7,5,0.744395,0.851852,0.159676,1
dinoL518,250,2.0,R3_render,shuffled_8,5,0.730693,0.851852,0.159676,1
dinoL518,250,2.0,R3_render,shuffled_9,5,0.783839,0.865672,0.159676,1
dinoL518,250,5.0,R2_cut,asc_index,5,0.768977,0.908397,0.126354,1
dinoL518,250,5.0,R2_cut,asc_nc,5,0.697401,0.865672,0.126354,1
dinoL518,250,5.0,R2_cut,desc_es,5,0.747007,0.872659,0.126354,1
dinoL518,250,5.0,R2_cut,desc_nc,5,0.654163,1.0,0.126354,1
dinoL518,250,5.0,R2_cut,shuffled_0,5,0.754783,0.838235,0.126354,1
dinoL518,250,5.0,R2_cut,shuffled_1,5,0.633024,0.845018,0.126354,1
dinoL518,250,5.0,R2_cut,shuffled_2,5,0.711366,0.845018,0.126354,1
dinoL518,250,5.0,R2_cut,shuffled_3,5,0.733515,0.845018,0.126354,1
dinoL518,250,5.0,R2_cut,shuffled_4,5,0.645824,0.811594,0.126354,1
dinoL518,250,5.0,R2_cut,shuffled_5,5,0.625688,0.838235,0.126354,1
dinoL518,250,5.0,R2_cut,shuffled_6,5,0.661113,0.879699,0.126354,1
dinoL518,250,5.0,R2_cut,shuffled_7,5,0.780517,0.865672,0.126354,1
dinoL518,250,5.0,R2_cut,shuffled_8,5,0.728464,0.831502,0.126354,1
dinoL518,250,5.0,R2_cut,shuffled_9,5,0.74446,0.858736,0.126354,1
dinoL518,250,5.0,R3_render,asc_index,5,0.681832,0.908397,0.175498,1
dinoL518,250,5.0,R3_render,asc_nc,5,0.604901,0.865672,0.175498,1
dinoL518,250,5.0,R3_render,desc_es,5,0.623897,0.872659,0.175498,1
dinoL518,250,5.0,R3_render,desc_nc,5,0.528145,1.0,0.175498,1
dinoL518,250,5.0,R3_render,shuffled_0,5,0.651789,0.838235,0.175498,1
dinoL518,250,5.0,R3_render,shuffled_1,5,0.55244,0.845018,0.175498,1
dinoL518,250,5.0,R3_render,shuffled_2,5,0.605852,0.845018,0.175498,1
dinoL518,250,5.0,R3_render,shuffled_3,5,0.628559,0.845018,0.175498,1
dinoL518,250,5.0,R3_render,shuffled_4,5,0.567167,0.811594,0.175498,1
dinoL518,250,5.0,R3_render,shuffled_5,5,0.529904,0.838235,0.175498,1
dinoL518,250,5.0,R3_render,shuffled_6,5,0.608583,0.879699,0.175498,1
dinoL518,250,5.0,R3_render,shuffled_7,5,0.703643,0.865672,0.175498,1
dinoL518,250,5.0,R3_render,shuffled_8,5,0.565624,0.831502,0.175498,1
dinoL518,250,5.0,R3_render,shuffled_9,5,0.623091,0.858736,0.175498,1
dinoL518,250,10.0,R2_cut,asc_index,5,0.730107,0.915709,0.080211,1
dinoL518,250,10.0,R2_cut,asc_nc,5,0.761343,0.886792,0.080211,1
dinoL518,250,10.0,R2_cut,desc_es,5,0.698893,0.865672,0.080211,1
dinoL518,250,10.0,R2_cut,desc_nc,5,0.681132,1.0,0.080211,1
dinoL518,250,10.0,R2_cut,shuffled_0,5,0.673462,0.851852,0.080211,1
dinoL518,250,10.0,R2_cut,shuffled_1,5,0.659774,0.845018,0.080211,1
dinoL518,250,10.0,R2_cut,shuffled_2,5,0.679845,0.851852,0.080211,1
dinoL518,250,10.0,R2_cut,shuffled_3,5,0.75773,0.845018,0.080211,1
dinoL518,250,10.0,R2_cut,shuffled_4,5,0.642563,0.818182,0.080211,1
dinoL518,250,10.0,R2_cut,shuffled_5,5,0.670196,0.838235,0.080211,1
dinoL518,250,10.0,R2_cut,shuffled_6,5,0.706837,0.865672,0.080211,1
dinoL518,250,10.0,R2_cut,shuffled_7,5,0.740814,0.865672,0.080211,1
dinoL518,250,10.0,R2_cut,shuffled_8,5,0.723154,0.831502,0.080211,1
dinoL518,250,10.0,R2_cut,shuffled_9,5,0.69879,0.865672,0.080211,1
dinoL518,250,10.0,R3_render,asc_index,5,0.65331,0.915709,0.160901,1
dinoL518,250,10.0,R3_render,asc_nc,5,0.699506,0.886792,0.160901,1
dinoL518,250,10.0,R3_render,desc_es,5,0.608194,0.865672,0.160901,1
dinoL518,250,10.0,R3_render,desc_nc,5,0.538605,1.0,0.160901,1
dinoL518,250,10.0,R3_render,shuffled_0,5,0.566392,0.851852,0.160901,1
dinoL518,250,10.0,R3_render,shuffled_1,5,0.573154,0.845018,0.160901,1
dinoL518,250,10.0,R3_render,shuffled_2,5,0.601478,0.851852,0.160901,1
dinoL518,250,10.0,R3_render,shuffled_3,5,0.62582,0.845018,0.160901,1
dinoL518,250,10.0,R3_render,shuffled_4,5,0.57973,0.818182,0.160901,1
dinoL518,250,10.0,R3_render,shuffled_5,5,0.50139,0.838235,0.160901,1
dinoL518,250,10.0,R3_render,shuffled_6,5,0.631888,0.865672,0.160901,1
dinoL518,250,10.0,R3_render,shuffled_7,5,0.62691,0.865672,0.160901,1
dinoL518,250,10.0,R3_render,shuffled_8,5,0.597244,0.831502,0.160901,1
dinoL518,250,10.0,R3_render,shuffled_9,5,0.523457,0.865672,0.160901,1
dinoL518,250,20.0,R2_cut,asc_index,5,0.720526,0.930502,0.100171,1
dinoL518,250,20.0,R2_cut,asc_nc,5,0.742935,0.893939,0.100171,1
dinoL518,250,20.0,R2_cut,desc_es,5,0.655602,0.872659,0.100171,1
dinoL518,250,20.0,R2_cut,desc_nc,5,0.688106,1.0,0.100171,1
dinoL518,250,20.0,R2_cut,shuffled_0,5,0.664305,0.858736,0.100171,1
dinoL518,250,20.0,R2_cut,shuffled_1,5,0.587935,0.845018,0.100171,1
dinoL518,250,20.0,R2_cut,shuffled_2,5,0.653787,0.845018,0.100171,1
dinoL518,250,20.0,R2_cut,shuffled_3,5,0.739384,0.831502,0.100171,1
dinoL518,250,20.0,R2_cut,shuffled_4,5,0.640272,0.845018,0.100171,1
dinoL518,250,20.0,R2_cut,shuffled_5,5,0.663142,0.838235,0.100171,1
dinoL518,250,20.0,R2_cut,shuffled_6,5,0.674001,0.879699,0.100171,1
dinoL518,250,20.0,R2_cut,shuffled_7,5,0.74194,0.872659,0.100171,1
dinoL518,250,20.0,R2_cut,shuffled_8,5,0.712755,0.824818,0.100171,1
dinoL518,250,20.0,R2_cut,shuffled_9,5,0.646636,0.851852,0.100171,1
dinoL518,250,20.0,R3_render,asc_index,5,0.63809,0.930502,0.110725,1
dinoL518,250,20.0,R3_render,asc_nc,5,0.690492,0.893939,0.110725,1
dinoL518,250,20.0,R3_render,desc_es,5,0.577223,0.872659,0.110725,1
dinoL518,250,20.0,R3_render,desc_nc,5,0.579767,1.0,0.110725,1
dinoL518,250,20.0,R3_render,shuffled_0,5,0.567696,0.858736,0.110725,1
dinoL518,250,20.0,R3_render,shuffled_1,5,0.537809,0.845018,0.110725,1
dinoL518,250,20.0,R3_render,shuffled_2,5,0.578012,0.845018,0.110725,1
dinoL518,250,20.0,R3_render,shuffled_3,5,0.609641,0.831502,0.110725,1
dinoL518,250,20.0,R3_render,shuffled_4,5,0.583054,0.845018,0.110725,1
dinoL518,250,20.0,R3_render,shuffled_5,5,0.493772,0.838235,0.110725,1
dinoL518,250,20.0,R3_render,shuffled_6,5,0.599234,0.879699,0.110725,1
dinoL518,250,20.0,R3_render,shuffled_7,5,0.665336,0.872659,0.110725,1
dinoL518,250,20.0,R3_render,shuffled_8,5,0.552381,0.824818,0.110725,1
dinoL518,250,20.0,R3_render,shuffled_9,5,0.494821,0.851852,0.110725,1
dinoL518,250,40.0,R2_cut,asc_index,5,0.720526,0.930502,0.100171,1
dinoL518,250,40.0,R2_cut,asc_nc,5,0.742935,0.893939,0.100171,1
dinoL518,250,40.0,R2_cut,desc_es,5,0.655602,0.872659,0.100171,1
dinoL518,250,40.0,R2_cut,desc_nc,5,0.688106,1.0,0.100171,1
dinoL518,250,40.0,R2_cut,shuffled_0,5,0.664305,0.858736,0.100171,1
dinoL518,250,40.0,R2_cut,shuffled_1,5,0.587935,0.845018,0.100171,1
dinoL518,250,40.0,R2_cut,shuffled_2,5,0.653787,0.845018,0.100171,1
dinoL518,250,40.0,R2_cut,shuffled_3,5,0.739384,0.831502,0.100171,1
dinoL518,250,40.0,R2_cut,shuffled_4,5,0.640272,0.845018,0.100171,1
dinoL518,250,40.0,R2_cut,shuffled_5,5,0.663142,0.838235,0.100171,1
dinoL518,250,40.0,R2_cut,shuffled_6,5,0.674001,0.879699,0.100171,1
dinoL518,250,40.0,R2_cut,shuffled_7,5,0.74194,0.872659,0.100171,1
dinoL518,250,40.0,R2_cut,shuffled_8,5,0.712755,0.824818,0.100171,1
dinoL518,250,40.0,R2_cut,shuffled_9,5,0.646636,0.851852,0.100171,1
dinoL518,250,40.0,R3_render,asc_index,5,0.63809,0.930502,0.110725,1
dinoL518,250,40.0,R3_render,asc_nc,5,0.690492,0.893939,0.110725,1
dinoL518,250,40.0,R3_render,desc_es,5,0.577223,0.872659,0.110725,1
dinoL518,250,40.0,R3_render,desc_nc,5,0.579767,1.0,0.110725,1
dinoL518,250,40.0,R3_render,shuffled_0,5,0.567696,0.858736,0.110725,1
dinoL518,250,40.0,R3_render,shuffled_1,5,0.537809,0.845018,0.110725,1
dinoL518,250,40.0,R3_render,shuffled_2,5,0.578012,0.845018,0.110725,1
dinoL518,250,40.0,R3_render,shuffled_3,5,0.609641,0.831502,0.110725,1
dinoL518,250,40.0,R3_render,shuffled_4,5,0.583054,0.845018,0.110725,1
dinoL518,250,40.0,R3_render,shuffled_5,5,0.493772,0.838235,0.110725,1
dinoL518,250,40.0,R3_render,shuffled_6,5,0.599234,0.879699,0.110725,1
dinoL518,250,40.0,R3_render,shuffled_7,5,0.665336,0.872659,0.110725,1
dinoL518,250,40.0,R3_render,shuffled_8,5,0.552381,0.824818,0.110725,1
dinoL518,250,40.0,R3_render,shuffled_9,5,0.494821,0.851852,0.110725,1
dinoL518,500,0.02,R2_cut,asc_index,5,0.939448,1.0,0.0,0
dinoL518,500,0.02,R2_cut,asc_nc,5,0.939448,1.0,0.0,0
dinoL518,500,0.02,R2_cut,desc_es,5,0.939448,1.0,0.0,0
dinoL518,500,0.02,R2_cut,desc_nc,5,0.939448,1.0,0.0,0
dinoL518,500,0.02,R2_cut,shuffled_0,5,0.939448,1.0,0.0,0
dinoL518,500,0.02,R2_cut,shuffled_1,5,0.939448,1.0,0.0,0
dinoL518,500,0.02,R2_cut,shuffled_2,5,0.939448,1.0,0.0,0
dinoL518,500,0.02,R2_cut,shuffled_3,5,0.939448,1.0,0.0,0
dinoL518,500,0.02,R2_cut,shuffled_4,5,0.939448,1.0,0.0,0
dinoL518,500,0.02,R2_cut,shuffled_5,5,0.939448,1.0,0.0,0
dinoL518,500,0.02,R2_cut,shuffled_6,5,0.939448,1.0,0.0,0
dinoL518,500,0.02,R2_cut,shuffled_7,5,0.939448,1.0,0.0,0
dinoL518,500,0.02,R2_cut,shuffled_8,5,0.939448,1.0,0.0,0
dinoL518,500,0.02,R2_cut,shuffled_9,5,0.939448,1.0,0.0,0
dinoL518,500,0.02,R3_render,asc_index,5,0.790053,1.0,0.0,0
dinoL518,500,0.02,R3_render,asc_nc,5,0.790053,1.0,0.0,0
dinoL518,500,0.02,R3_render,desc_es,5,0.790053,1.0,0.0,0
dinoL518,500,0.02,R3_render,desc_nc,5,0.790053,1.0,0.0,0
dinoL518,500,0.02,R3_render,shuffled_0,5,0.790053,1.0,0.0,0
dinoL518,500,0.02,R3_render,shuffled_1,5,0.790053,1.0,0.0,0
dinoL518,500,0.02,R3_render,shuffled_2,5,0.790053,1.0,0.0,0
dinoL518,500,0.02,R3_render,shuffled_3,5,0.790053,1.0,0.0,0
dinoL518,500,0.02,R3_render,shuffled_4,5,0.790053,1.0,0.0,0
dinoL518,500,0.02,R3_render,shuffled_5,5,0.790053,1.0,0.0,0
dinoL518,500,0.02,R3_render,shuffled_6,5,0.790053,1.0,0.0,0
dinoL518,500,0.02,R3_render,shuffled_7,5,0.790053,1.0,0.0,0
dinoL518,500,0.02,R3_render,shuffled_8,5,0.790053,1.0,0.0,0
dinoL518,500,0.02,R3_render,shuffled_9,5,0.790053,1.0,0.0,0
dinoL518,500,0.05,R2_cut,asc_index,5,0.908252,1.0,0.0,0
dinoL518,500,0.05,R2_cut,asc_nc,5,0.908252,1.0,0.0,0
dinoL518,500,0.05,R2_cut,desc_es,5,0.908252,1.0,0.0,0
dinoL518,500,0.05,R2_cut,desc_nc,5,0.908252,1.0,0.0,0
dinoL518,500,0.05,R2_cut,shuffled_0,5,0.908252,1.0,0.0,0
dinoL518,500,0.05,R2_cut,shuffled_1,5,0.908252,1.0,0.0,0
dinoL518,500,0.05,R2_cut,shuffled_2,5,0.908252,1.0,0.0,0
dinoL518,500,0.05,R2_cut,shuffled_3,5,0.908252,1.0,0.0,0
dinoL518,500,0.05,R2_cut,shuffled_4,5,0.908252,1.0,0.0,0
dinoL518,500,0.05,R2_cut,shuffled_5,5,0.908252,1.0,0.0,0
dinoL518,500,0.05,R2_cut,shuffled_6,5,0.908252,1.0,0.0,0
dinoL518,500,0.05,R2_cut,shuffled_7,5,0.908252,1.0,0.0,0
dinoL518,500,0.05,R2_cut,shuffled_8,5,0.908252,1.0,0.0,0
dinoL518,500,0.05,R2_cut,shuffled_9,5,0.908252,1.0,0.0,0
dinoL518,500,0.05,R3_render,asc_index,5,0.767557,1.0,0.0,0
dinoL518,500,0.05,R3_render,asc_nc,5,0.767557,1.0,0.0,0
dinoL518,500,0.05,R3_render,desc_es,5,0.767557,1.0,0.0,0
dinoL518,500,0.05,R3_render,desc_nc,5,0.767557,1.0,0.0,0
dinoL518,500,0.05,R3_render,shuffled_0,5,0.767557,1.0,0.0,0
dinoL518,500,0.05,R3_render,shuffled_1,5,0.767557,1.0,0.0,0
dinoL518,500,0.05,R3_render,shuffled_2,5,0.767557,1.0,0.0,0
dinoL518,500,0.05,R3_render,shuffled_3,5,0.767557,1.0,0.0,0
dinoL518,500,0.05,R3_render,shuffled_4,5,0.767557,1.0,0.0,0
dinoL518,500,0.05,R3_render,shuffled_5,5,0.767557,1.0,0.0,0
dinoL518,500,0.05,R3_render,shuffled_6,5,0.767557,1.0,0.0,0
dinoL518,500,0.05,R3_render,shuffled_7,5,0.767557,1.0,0.0,0
dinoL518,500,0.05,R3_render,shuffled_8,5,0.767557,1.0,0.0,0
dinoL518,500,0.05,R3_render,shuffled_9,5,0.767557,1.0,0.0,0
dinoL518,500,0.1,R2_cut,asc_index,5,0.909243,1.0,0.000243,0
dinoL518,500,0.1,R2_cut,asc_nc,5,0.909,0.992032,0.000243,0
dinoL518,500,0.1,R2_cut,desc_es,5,0.909243,1.0,0.000243,0
dinoL518,500,0.1,R2_cut,desc_nc,5,0.909243,1.0,0.000243,0
dinoL518,500,0.1,R2_cut,shuffled_0,5,0.909243,1.0,0.000243,0
dinoL518,500,0.1,R2_cut,shuffled_1,5,0.909243,1.0,0.000243,0
dinoL518,500,0.1,R2_cut,shuffled_2,5,0.909243,1.0,0.000243,0
dinoL518,500,0.1,R2_cut,shuffled_3,5,0.909,0.992032,0.000243,0
dinoL518,500,0.1,R2_cut,shuffled_4,5,0.909,0.992032,0.000243,0
dinoL518,500,0.1,R2_cut,shuffled_5,5,0.909,0.992032,0.000243,0
dinoL518,500,0.1,R2_cut,shuffled_6,5,0.909,0.992032,0.000243,0
dinoL518,500,0.1,R2_cut,shuffled_7,5,0.909243,1.0,0.000243,0
dinoL518,500,0.1,R2_cut,shuffled_8,5,0.909,0.992032,0.000243,0
dinoL518,500,0.1,R2_cut,shuffled_9,5,0.909243,1.0,0.000243,0
dinoL518,500,0.1,R3_render,asc_index,5,0.773901,1.0,0.005535,0
dinoL518,500,0.1,R3_render,asc_nc,5,0.768366,0.992032,0.005535,0
dinoL518,500,0.1,R3_render,desc_es,5,0.773901,1.0,0.005535,0
dinoL518,500,0.1,R3_render,desc_nc,5,0.773901,1.0,0.005535,0
dinoL518,500,0.1,R3_render,shuffled_0,5,0.773901,1.0,0.005535,0
dinoL518,500,0.1,R3_render,shuffled_1,5,0.773901,1.0,0.005535,0
dinoL518,500,0.1,R3_render,shuffled_2,5,0.773901,1.0,0.005535,0
dinoL518,500,0.1,R3_render,shuffled_3,5,0.768366,0.992032,0.005535,0
dinoL518,500,0.1,R3_render,shuffled_4,5,0.768366,0.992032,0.005535,0
dinoL518,500,0.1,R3_render,shuffled_5,5,0.768366,0.992032,0.005535,0
dinoL518,500,0.1,R3_render,shuffled_6,5,0.768366,0.992032,0.005535,0
dinoL518,500,0.1,R3_render,shuffled_7,5,0.773901,1.0,0.005535,0
dinoL518,500,0.1,R3_render,shuffled_8,5,0.768366,0.992032,0.005535,0
dinoL518,500,0.1,R3_render,shuffled_9,5,0.773901,1.0,0.005535,0
dinoL518,500,0.2,R2_cut,asc_index,5,0.878445,1.0,0.054042,1
dinoL518,500,0.2,R2_cut,asc_nc,5,0.932487,0.988072,0.054042,1
dinoL518,500,0.2,R2_cut,desc_es,5,0.878445,1.0,0.054042,1
dinoL518,500,0.2,R2_cut,desc_nc,5,0.878445,1.0,0.054042,1
dinoL518,500,0.2,R2_cut,shuffled_0,5,0.878445,1.0,0.054042,1
dinoL518,500,0.2,R2_cut,shuffled_1,5,0.878445,1.0,0.054042,1
dinoL518,500,0.2,R2_cut,shuffled_2,5,0.878445,1.0,0.054042,1
dinoL518,500,0.2,R2_cut,shuffled_3,5,0.932487,0.988072,0.054042,1
dinoL518,500,0.2,R2_cut,shuffled_4,5,0.932487,0.988072,0.054042,1
dinoL518,500,0.2,R2_cut,shuffled_5,5,0.87818,0.992032,0.054042,1
dinoL518,500,0.2,R2_cut,shuffled_6,5,0.932487,0.988072,0.054042,1
dinoL518,500,0.2,R2_cut,shuffled_7,5,0.878445,1.0,0.054042,1
dinoL518,500,0.2,R2_cut,shuffled_8,5,0.932487,0.988072,0.054042,1
dinoL518,500,0.2,R2_cut,shuffled_9,5,0.878445,1.0,0.054042,1
dinoL518,500,0.2,R3_render,asc_index,5,0.722893,1.0,0.069629,1
dinoL518,500,0.2,R3_render,asc_nc,5,0.792522,0.988072,0.069629,1
dinoL518,500,0.2,R3_render,desc_es,5,0.722893,1.0,0.069629,1
dinoL518,500,0.2,R3_render,desc_nc,5,0.722893,1.0,0.069629,1
dinoL518,500,0.2,R3_render,shuffled_0,5,0.722893,1.0,0.069629,1
dinoL518,500,0.2,R3_render,shuffled_1,5,0.722893,1.0,0.069629,1
dinoL518,500,0.2,R3_render,shuffled_2,5,0.722893,1.0,0.069629,1
dinoL518,500,0.2,R3_render,shuffled_3,5,0.792522,0.988072,0.069629,1
dinoL518,500,0.2,R3_render,shuffled_4,5,0.792522,0.988072,0.069629,1
dinoL518,500,0.2,R3_render,shuffled_5,5,0.736939,0.992032,0.069629,1
dinoL518,500,0.2,R3_render,shuffled_6,5,0.792522,0.988072,0.069629,1
dinoL518,500,0.2,R3_render,shuffled_7,5,0.722893,1.0,0.069629,1
dinoL518,500,0.2,R3_render,shuffled_8,5,0.792522,0.988072,0.069629,1
dinoL518,500,0.2,R3_render,shuffled_9,5,0.722893,1.0,0.069629,1
dinoL518,500,0.5,R2_cut,asc_index,5,1.002464,0.980198,0.068354,1
dinoL518,500,0.5,R2_cut,asc_nc,5,0.979921,0.930502,0.068354,1
dinoL518,500,0.5,R2_cut,desc_es,5,0.994389,1.0,0.068354,1
dinoL518,500,0.5,R2_cut,desc_nc,5,0.994389,1.0,0.068354,1
dinoL518,500,0.5,R2_cut,shuffled_0,5,0.990576,0.988072,0.068354,1
dinoL518,500,0.5,R2_cut,shuffled_1,5,0.983824,0.976285,0.068354,1
dinoL518,500,0.5,R2_cut,shuffled_2,5,0.991044,0.984127,0.068354,1
dinoL518,500,0.5,R2_cut,shuffled_3,5,1.000809,0.949318,0.068354,1
dinoL518,500,0.5,R2_cut,shuffled_4,5,0.97609,0.937984,0.068354,1
dinoL518,500,0.5,R2_cut,shuffled_5,5,0.969061,0.976285,0.068354,1
dinoL518,500,0.5,R2_cut,shuffled_6,5,1.007863,0.930502,0.068354,1
dinoL518,500,0.5,R2_cut,shuffled_7,5,0.989186,0.992032,0.068354,1
dinoL518,500,0.5,R2_cut,shuffled_8,5,0.951064,0.945525,0.068354,1
dinoL518,500,0.5,R2_cut,shuffled_9,5,0.926035,0.980198,0.068354,1
dinoL518,500,0.5,R3_render,asc_index,5,0.88785,0.980198,0.064258,1
dinoL518,500,0.5,R3_render,asc_nc,5,0.882351,0.930502,0.064258,1
dinoL518,500,0.5,R3_render,desc_es,5,0.88947,1.0,0.064258,1
dinoL518,500,0.5,R3_render,desc_nc,5,0.88947,1.0,0.064258,1
dinoL518,500,0.5,R3_render,shuffled_0,5,0.874576,0.988072,0.064258,1
dinoL518,500,0.5,R3_render,shuffled_1,5,0.888944,0.976285,0.064258,1
dinoL518,500,0.5,R3_render,shuffled_2,5,0.873002,0.984127,0.064258,1
dinoL518,500,0.5,R3_render,shuffled_3,5,0.902142,0.949318,0.064258,1
dinoL518,500,0.5,R3_render,shuffled_4,5,0.868103,0.937984,0.064258,1
dinoL518,500,0.5,R3_render,shuffled_5,5,0.856839,0.976285,0.064258,1
dinoL518,500,0.5,R3_render,shuffled_6,5,0.918095,0.930502,0.064258,1
dinoL518,500,0.5,R3_render,shuffled_7,5,0.866145,0.992032,0.064258,1
dinoL518,500,0.5,R3_render,shuffled_8,5,0.857718,0.945525,0.064258,1
dinoL518,500,0.5,R3_render,shuffled_9,5,0.825212,0.980198,0.064258,1
dinoL518,500,1.0,R2_cut,asc_index,5,0.705994,0.901141,0.082431,1
dinoL518,500,1.0,R2_cut,asc_nc,5,0.740046,0.841621,0.082431,1
dinoL518,500,1.0,R2_cut,desc_es,5,0.752933,0.988072,0.082431,1
dinoL518,500,1.0,R2_cut,desc_nc,5,0.693542,1.0,0.082431,1
dinoL518,500,1.0,R2_cut,shuffled_0,5,0.700271,0.915709,0.082431,1
dinoL518,500,1.0,R2_cut,shuffled_1,5,0.718229,0.901141,0.082431,1
dinoL518,500,1.0,R2_cut,shuffled_2,5,0.721922,0.901141,0.082431,1
dinoL518,500,1.0,R2_cut,shuffled_3,5,0.687806,0.908397,0.082431,1
dinoL518,500,1.0,R2_cut,shuffled_4,5,0.740777,0.855288,0.082431,1
dinoL518,500,1.0,R2_cut,shuffled_5,5,0.702902,0.919386,0.082431,1
dinoL518,500,1.0,R2_cut,shuffled_6,5,0.751554,0.883239,0.082431,1
dinoL518,500,1.0,R2_cut,shuffled_7,5,0.711451,0.897533,0.082431,1
dinoL518,500,1.0,R2_cut,shuffled_8,5,0.775973,0.897533,0.082431,1
dinoL518,500,1.0,R2_cut,shuffled_9,5,0.743849,0.908397,0.082431,1
dinoL518,500,1.0,R3_render,asc_index,5,0.64494,0.901141,0.065534,1
dinoL518,500,1.0,R3_render,asc_nc,5,0.670336,0.841621,0.065534,1
dinoL518,500,1.0,R3_render,desc_es,5,0.692788,0.988072,0.065534,1
dinoL518,500,1.0,R3_render,desc_nc,5,0.627254,1.0,0.065534,1
dinoL518,500,1.0,R3_render,shuffled_0,5,0.646836,0.915709,0.065534,1
dinoL518,500,1.0,R3_render,shuffled_1,5,0.642853,0.901141,0.065534,1
dinoL518,500,1.0,R3_render,shuffled_2,5,0.664621,0.901141,0.065534,1
dinoL518,500,1.0,R3_render,shuffled_3,5,0.625822,0.908397,0.065534,1
dinoL518,500,1.0,R3_render,shuffled_4,5,0.656018,0.855288,0.065534,1
dinoL518,500,1.0,R3_render,shuffled_5,5,0.663859,0.919386,0.065534,1
dinoL518,500,1.0,R3_render,shuffled_6,5,0.653869,0.883239,0.065534,1
dinoL518,500,1.0,R3_render,shuffled_7,5,0.620343,0.897533,0.065534,1
dinoL518,500,1.0,R3_render,shuffled_8,5,0.689056,0.897533,0.065534,1
dinoL518,500,1.0,R3_render,shuffled_9,5,0.677386,0.908397,0.065534,1
dinoL518,500,2.0,R2_cut,asc_index,5,0.673157,0.858736,0.075317,1
dinoL518,500,2.0,R2_cut,asc_nc,5,0.669481,0.818182,0.075317,1
dinoL518,500,2.0,R2_cut,desc_es,5,0.702109,0.976285,0.075317,1
dinoL518,500,2.0,R2_cut,desc_nc,5,0.69481,1.0,0.075317,1
dinoL518,500,2.0,R2_cut,shuffled_0,5,0.689081,0.845018,0.075317,1
dinoL518,500,2.0,R2_cut,shuffled_1,5,0.642216,0.855288,0.075317,1
dinoL518,500,2.0,R2_cut,shuffled_2,5,0.668542,0.858736,0.075317,1
dinoL518,500,2.0,R2_cut,shuffled_3,5,0.680904,0.855288,0.075317,1
dinoL518,500,2.0,R2_cut,shuffled_4,5,0.683397,0.838235,0.075317,1
dinoL518,500,2.0,R2_cut,shuffled_5,5,0.681127,0.858736,0.075317,1
dinoL518,500,2.0,R2_cut,shuffled_6,5,0.619494,0.883239,0.075317,1
dinoL518,500,2.0,R2_cut,shuffled_7,5,0.67925,0.848429,0.075317,1
dinoL518,500,2.0,R2_cut,shuffled_8,5,0.695165,0.879699,0.075317,1
dinoL518,500,2.0,R2_cut,shuffled_9,5,0.700229,0.876173,0.075317,1
dinoL518,500,2.0,R3_render,asc_index,5,0.602293,0.858736,0.097709,1
dinoL518,500,2.0,R3_render,asc_nc,5,0.560284,0.818182,0.097709,1
dinoL518,500,2.0,R3_render,desc_es,5,0.617679,0.976285,0.097709,1
dinoL518,500,2.0,R3_render,desc_nc,5,0.613333,1.0,0.097709,1
dinoL518,500,2.0,R3_render,shuffled_0,5,0.60546,0.845018,0.097709,1
dinoL518,500,2.0,R3_render,shuffled_1,5,0.585134,0.855288,0.097709,1
dinoL518,500,2.0,R3_render,shuffled_2,5,0.522622,0.858736,0.097709,1
dinoL518,500,2.0,R3_render,shuffled_3,5,0.592517,0.855288,0.097709,1
dinoL518,500,2.0,R3_render,shuffled_4,5,0.594002,0.838235,0.097709,1
dinoL518,500,2.0,R3_render,shuffled_5,5,0.610869,0.858736,0.097709,1
dinoL518,500,2.0,R3_render,shuffled_6,5,0.515624,0.883239,0.097709,1
dinoL518,500,2.0,R3_render,shuffled_7,5,0.599508,0.848429,0.097709,1
dinoL518,500,2.0,R3_render,shuffled_8,5,0.573962,0.879699,0.097709,1
dinoL518,500,2.0,R3_render,shuffled_9,5,0.617501,0.876173,0.097709,1
dinoL518,500,5.0,R2_cut,asc_index,5,0.680822,0.876173,0.043122,0
dinoL518,500,5.0,R2_cut,asc_nc,5,0.638086,0.818182,0.043122,0
dinoL518,500,5.0,R2_cut,desc_es,5,0.688387,0.941748,0.043122,0
dinoL518,500,5.0,R2_cut,desc_nc,5,0.672951,1.0,0.043122,0
dinoL518,500,5.0,R2_cut,shuffled_0,5,0.689466,0.845018,0.043122,0
dinoL518,500,5.0,R2_cut,shuffled_1,5,0.716073,0.879699,0.043122,0
dinoL518,500,5.0,R2_cut,shuffled_2,5,0.655996,0.855288,0.043122,0
dinoL518,500,5.0,R2_cut,shuffled_3,5,0.633867,0.865672,0.043122,0
dinoL518,500,5.0,R2_cut,shuffled_4,5,0.687191,0.845018,0.043122,0
dinoL518,500,5.0,R2_cut,shuffled_5,5,0.707166,0.862197,0.043122,0
dinoL518,500,5.0,R2_cut,shuffled_6,5,0.690508,0.865672,0.043122,0
dinoL518,500,5.0,R2_cut,shuffled_7,5,0.712393,0.865672,0.043122,0
dinoL518,500,5.0,R2_cut,shuffled_8,5,0.70613,0.876173,0.043122,0
dinoL518,500,5.0,R2_cut,shuffled_9,5,0.641135,0.862197,0.043122,0
dinoL518,500,5.0,R3_render,asc_index,5,0.604696,0.876173,0.058052,1
dinoL518,500,5.0,R3_render,asc_nc,5,0.575256,0.818182,0.058052,1
dinoL518,500,5.0,R3_render,desc_es,5,0.605659,0.941748,0.058052,1
dinoL518,500,5.0,R3_render,desc_nc,5,0.590251,1.0,0.058052,1
dinoL518,500,5.0,R3_render,shuffled_0,5,0.610907,0.845018,0.058052,1
dinoL518,500,5.0,R3_render,shuffled_1,5,0.590374,0.879699,0.058052,1
dinoL518,500,5.0,R3_render,shuffled_2,5,0.532198,0.855288,0.058052,1
dinoL518,500,5.0,R3_render,shuffled_3,5,0.575502,0.865672,0.058052,1
dinoL518,500,5.0,R3_render,shuffled_4,5,0.582993,0.845018,0.058052,1
dinoL518,500,5.0,R3_render,shuffled_5,5,0.635308,0.862197,0.058052,1
dinoL518,500,5.0,R3_render,shuffled_6,5,0.596217,0.865672,0.058052,1
dinoL518,500,5.0,R3_render,shuffled_7,5,0.616857,0.865672,0.058052,1
dinoL518,500,5.0,R3_render,shuffled_8,5,0.593922,0.876173,0.058052,1
dinoL518,500,5.0,R3_render,shuffled_9,5,0.546296,0.862197,0.058052,1
dinoL518,500,10.0,R2_cut,asc_index,5,0.714045,0.883239,0.068565,1
dinoL518,500,10.0,R2_cut,asc_nc,5,0.688236,0.834862,0.068565,1
dinoL518,500,10.0,R2_cut,desc_es,5,0.673007,0.919386,0.068565,1
dinoL518,500,10.0,R2_cut,desc_nc,5,0.672125,1.0,0.068565,1
dinoL518,500,10.0,R2_cut,shuffled_0,5,0.660039,0.824818,0.068565,1
dinoL518,500,10.0,R2_cut,shuffled_1,5,0.70305,0.848429,0.068565,1
dinoL518,500,10.0,R2_cut,shuffled_2,5,0.652586,0.838235,0.068565,1
dinoL518,500,10.0,R2_cut,shuffled_3,5,0.676901,0.862197,0.068565,1
dinoL518,500,10.0,R2_cut,shuffled_4,5,0.667169,0.845018,0.068565,1
dinoL518,500,10.0,R2_cut,shuffled_5,5,0.678966,0.824818,0.068565,1
dinoL518,500,10.0,R2_cut,shuffled_6,5,0.675578,0.841621,0.068565,1
dinoL518,500,10.0,R2_cut,shuffled_7,5,0.74069,0.831502,0.068565,1
dinoL518,500,10.0,R2_cut,shuffled_8,5,0.648123,0.876173,0.068565,1
dinoL518,500,10.0,R2_cut,shuffled_9,5,0.686774,0.838235,0.068565,1
dinoL518,500,10.0,R3_render,asc_index,5,0.623319,0.883239,0.053069,1
dinoL518,500,10.0,R3_render,asc_nc,5,0.613762,0.834862,0.053069,1
dinoL518,500,10.0,R3_render,desc_es,5,0.534582,0.919386,0.053069,1
dinoL518,500,10.0,R3_render,desc_nc,5,0.587651,1.0,0.053069,1
dinoL518,500,10.0,R3_render,shuffled_0,5,0.554498,0.824818,0.053069,1
dinoL518,500,10.0,R3_render,shuffled_1,5,0.587719,0.848429,0.053069,1
dinoL518,500,10.0,R3_render,shuffled_2,5,0.564646,0.838235,0.053069,1
dinoL518,500,10.0,R3_render,shuffled_3,5,0.595799,0.862197,0.053069,1
dinoL518,500,10.0,R3_render,shuffled_4,5,0.537196,0.845018,0.053069,1
dinoL518,500,10.0,R3_render,shuffled_5,5,0.574641,0.824818,0.053069,1
dinoL518,500,10.0,R3_render,shuffled_6,5,0.577843,0.841621,0.053069,1
dinoL518,500,10.0,R3_render,shuffled_7,5,0.629031,0.831502,0.053069,1
dinoL518,500,10.0,R3_render,shuffled_8,5,0.55651,0.876173,0.053069,1
dinoL518,500,10.0,R3_render,shuffled_9,5,0.584416,0.838235,0.053069,1
dinoL518,500,20.0,R2_cut,asc_index,5,0.671242,0.893939,0.055949,1
dinoL518,500,20.0,R2_cut,asc_nc,5,0.679602,0.855288,0.055949,1
dinoL518,500,20.0,R2_cut,desc_es,5,0.69897,0.904762,0.055949,1
dinoL518,500,20.0,R2_cut,desc_nc,5,0.675402,1.0,0.055949,1
dinoL518,500,20.0,R2_cut,shuffled_0,5,0.68227,0.838235,0.055949,1
dinoL518,500,20.0,R2_cut,shuffled_1,5,0.72324,0.848429,0.055949,1
dinoL518,500,20.0,R2_cut,shuffled_2,5,0.632366,0.828154,0.055949,1
dinoL518,500,20.0,R2_cut,shuffled_3,5,0.662158,0.851852,0.055949,1
dinoL518,500,20.0,R2_cut,shuffled_4,5,0.731351,0.838235,0.055949,1
dinoL518,500,20.0,R2_cut,shuffled_5,5,0.690633,0.828154,0.055949,1
dinoL518,500,20.0,R2_cut,shuffled_6,5,0.689253,0.838235,0.055949,1
dinoL518,500,20.0,R2_cut,shuffled_7,5,0.717486,0.834862,0.055949,1
dinoL518,500,20.0,R2_cut,shuffled_8,5,0.693105,0.869159,0.055949,1
dinoL518,500,20.0,R2_cut,shuffled_9,5,0.652272,0.838235,0.055949,1
dinoL518,500,20.0,R3_render,asc_index,5,0.612261,0.893939,0.050191,1
dinoL518,500,20.0,R3_render,asc_nc,5,0.624168,0.855288,0.050191,1
dinoL518,500,20.0,R3_render,desc_es,5,0.582625,0.904762,0.050191,1
dinoL518,500,20.0,R3_render,desc_nc,5,0.584289,1.0,0.050191,1
dinoL518,500,20.0,R3_render,shuffled_0,5,0.561782,0.838235,0.050191,1
dinoL518,500,20.0,R3_render,shuffled_1,5,0.62519,0.848429,0.050191,1
dinoL518,500,20.0,R3_render,shuffled_2,5,0.552069,0.828154,0.050191,1
dinoL518,500,20.0,R3_render,shuffled_3,5,0.612448,0.851852,0.050191,1
dinoL518,500,20.0,R3_render,shuffled_4,5,0.617483,0.838235,0.050191,1
dinoL518,500,20.0,R3_render,shuffled_5,5,0.618408,0.828154,0.050191,1
dinoL518,500,20.0,R3_render,shuffled_6,5,0.63448,0.838235,0.050191,1
dinoL518,500,20.0,R3_render,shuffled_7,5,0.608855,0.834862,0.050191,1
dinoL518,500,20.0,R3_render,shuffled_8,5,0.567162,0.869159,0.050191,1
dinoL518,500,20.0,R3_render,shuffled_9,5,0.575355,0.838235,0.050191,1
dinoL518,500,40.0,R2_cut,asc_index,5,0.703881,0.915709,0.118698,1
dinoL518,500,40.0,R2_cut,asc_nc,5,0.647869,0.865672,0.118698,1
dinoL518,500,40.0,R2_cut,desc_es,5,0.692221,0.886792,0.118698,1
dinoL518,500,40.0,R2_cut,desc_nc,5,0.621288,1.0,0.118698,1
dinoL518,500,40.0,R2_cut,shuffled_0,5,0.677516,0.845018,0.118698,1
dinoL518,500,40.0,R2_cut,shuffled_1,5,0.717747,0.848429,0.118698,1
dinoL518,500,40.0,R2_cut,shuffled_2,5,0.653958,0.821494,0.118698,1
dinoL518,500,40.0,R2_cut,shuffled_3,5,0.693766,0.848429,0.118698,1
dinoL518,500,40.0,R2_cut,shuffled_4,5,0.739986,0.818182,0.118698,1
dinoL518,500,40.0,R2_cut,shuffled_5,5,0.7176,0.828154,0.118698,1
dinoL518,500,40.0,R2_cut,shuffled_6,5,0.714181,0.841621,0.118698,1
dinoL518,500,40.0,R2_cut,shuffled_7,5,0.732344,0.838235,0.118698,1
dinoL518,500,40.0,R2_cut,shuffled_8,5,0.679024,0.858736,0.118698,1
dinoL518,500,40.0,R2_cut,shuffled_9,5,0.686403,0.851852,0.118698,1
dinoL518,500,40.0,R3_render,asc_index,5,0.593829,0.915709,0.095846,1
dinoL518,500,40.0,R3_render,asc_nc,5,0.565156,0.865672,0.095846,1
dinoL518,500,40.0,R3_render,desc_es,5,0.622314,0.886792,0.095846,1
dinoL518,500,40.0,R3_render,desc_nc,5,0.539568,1.0,0.095846,1
dinoL518,500,40.0,R3_render,shuffled_0,5,0.570893,0.845018,0.095846,1
dinoL518,500,40.0,R3_render,shuffled_1,5,0.608698,0.848429,0.095846,1
dinoL518,500,40.0,R3_render,shuffled_2,5,0.550723,0.821494,0.095846,1
dinoL518,500,40.0,R3_render,shuffled_3,5,0.635415,0.848429,0.095846,1
dinoL518,500,40.0,R3_render,shuffled_4,5,0.631047,0.818182,0.095846,1
dinoL518,500,40.0,R3_render,shuffled_5,5,0.630321,0.828154,0.095846,1
dinoL518,500,40.0,R3_render,shuffled_6,5,0.635349,0.841621,0.095846,1
dinoL518,500,40.0,R3_render,shuffled_7,5,0.628541,0.838235,0.095846,1
dinoL518,500,40.0,R3_render,shuffled_8,5,0.573375,0.858736,0.095846,1
dinoL518,500,40.0,R3_render,shuffled_9,5,0.605485,0.851852,0.095846,1
dinoL518,1000,0.02,R2_cut,asc_index,5,0.793983,1.0,0.0,0
dinoL518,1000,0.02,R2_cut,asc_nc,5,0.793983,1.0,0.0,0
dinoL518,1000,0.02,R2_cut,desc_es,5,0.793983,1.0,0.0,0
dinoL518,1000,0.02,R2_cut,desc_nc,5,0.793983,1.0,0.0,0
dinoL518,1000,0.02,R2_cut,shuffled_0,5,0.793983,1.0,0.0,0
dinoL518,1000,0.02,R2_cut,shuffled_1,5,0.793983,1.0,0.0,0
dinoL518,1000,0.02,R2_cut,shuffled_2,5,0.793983,1.0,0.0,0
dinoL518,1000,0.02,R2_cut,shuffled_3,5,0.793983,1.0,0.0,0
dinoL518,1000,0.02,R2_cut,shuffled_4,5,0.793983,1.0,0.0,0
dinoL518,1000,0.02,R2_cut,shuffled_5,5,0.793983,1.0,0.0,0
dinoL518,1000,0.02,R2_cut,shuffled_6,5,0.793983,1.0,0.0,0
dinoL518,1000,0.02,R2_cut,shuffled_7,5,0.793983,1.0,0.0,0
dinoL518,1000,0.02,R2_cut,shuffled_8,5,0.793983,1.0,0.0,0
dinoL518,1000,0.02,R2_cut,shuffled_9,5,0.793983,1.0,0.0,0
dinoL518,1000,0.02,R3_render,asc_index,5,0.658572,1.0,0.0,0
dinoL518,1000,0.02,R3_render,asc_nc,5,0.658572,1.0,0.0,0
dinoL518,1000,0.02,R3_render,desc_es,5,0.658572,1.0,0.0,0
dinoL518,1000,0.02,R3_render,desc_nc,5,0.658572,1.0,0.0,0
dinoL518,1000,0.02,R3_render,shuffled_0,5,0.658572,1.0,0.0,0
dinoL518,1000,0.02,R3_render,shuffled_1,5,0.658572,1.0,0.0,0
dinoL518,1000,0.02,R3_render,shuffled_2,5,0.658572,1.0,0.0,0
dinoL518,1000,0.02,R3_render,shuffled_3,5,0.658572,1.0,0.0,0
dinoL518,1000,0.02,R3_render,shuffled_4,5,0.658572,1.0,0.0,0
dinoL518,1000,0.02,R3_render,shuffled_5,5,0.658572,1.0,0.0,0
dinoL518,1000,0.02,R3_render,shuffled_6,5,0.658572,1.0,0.0,0
dinoL518,1000,0.02,R3_render,shuffled_7,5,0.658572,1.0,0.0,0
dinoL518,1000,0.02,R3_render,shuffled_8,5,0.658572,1.0,0.0,0
dinoL518,1000,0.02,R3_render,shuffled_9,5,0.658572,1.0,0.0,0
dinoL518,1000,0.05,R2_cut,asc_index,5,0.786515,1.0,0.0,0
dinoL518,1000,0.05,R2_cut,asc_nc,5,0.786515,1.0,0.0,0
dinoL518,1000,0.05,R2_cut,desc_es,5,0.786515,1.0,0.0,0
dinoL518,1000,0.05,R2_cut,desc_nc,5,0.786515,1.0,0.0,0
dinoL518,1000,0.05,R2_cut,shuffled_0,5,0.786515,1.0,0.0,0
dinoL518,1000,0.05,R2_cut,shuffled_1,5,0.786515,1.0,0.0,0
dinoL518,1000,0.05,R2_cut,shuffled_2,5,0.786515,1.0,0.0,0
dinoL518,1000,0.05,R2_cut,shuffled_3,5,0.786515,1.0,0.0,0
dinoL518,1000,0.05,R2_cut,shuffled_4,5,0.786515,1.0,0.0,0
dinoL518,1000,0.05,R2_cut,shuffled_5,5,0.786515,1.0,0.0,0
dinoL518,1000,0.05,R2_cut,shuffled_6,5,0.786515,1.0,0.0,0
dinoL518,1000,0.05,R2_cut,shuffled_7,5,0.786515,1.0,0.0,0
dinoL518,1000,0.05,R2_cut,shuffled_8,5,0.786515,1.0,0.0,0
dinoL518,1000,0.05,R2_cut,shuffled_9,5,0.786515,1.0,0.0,0
dinoL518,1000,0.05,R3_render,asc_index,5,0.656182,1.0,0.0,0
dinoL518,1000,0.05,R3_render,asc_nc,5,0.656182,1.0,0.0,0
dinoL518,1000,0.05,R3_render,desc_es,5,0.656182,1.0,0.0,0
dinoL518,1000,0.05,R3_render,desc_nc,5,0.656182,1.0,0.0,0
dinoL518,1000,0.05,R3_render,shuffled_0,5,0.656182,1.0,0.0,0
dinoL518,1000,0.05,R3_render,shuffled_1,5,0.656182,1.0,0.0,0
dinoL518,1000,0.05,R3_render,shuffled_2,5,0.656182,1.0,0.0,0
dinoL518,1000,0.05,R3_render,shuffled_3,5,0.656182,1.0,0.0,0
dinoL518,1000,0.05,R3_render,shuffled_4,5,0.656182,1.0,0.0,0
dinoL518,1000,0.05,R3_render,shuffled_5,5,0.656182,1.0,0.0,0
dinoL518,1000,0.05,R3_render,shuffled_6,5,0.656182,1.0,0.0,0
dinoL518,1000,0.05,R3_render,shuffled_7,5,0.656182,1.0,0.0,0
dinoL518,1000,0.05,R3_render,shuffled_8,5,0.656182,1.0,0.0,0
dinoL518,1000,0.05,R3_render,shuffled_9,5,0.656182,1.0,0.0,0
dinoL518,1000,0.1,R2_cut,asc_index,5,0.732202,1.0,0.014912,0
dinoL518,1000,0.1,R2_cut,asc_nc,5,0.747113,0.99005,0.014912,0
dinoL518,1000,0.1,R2_cut,desc_es,5,0.732202,1.0,0.014912,0
dinoL518,1000,0.1,R2_cut,desc_nc,5,0.732202,1.0,0.014912,0
dinoL518,1000,0.1,R2_cut,shuffled_0,5,0.732202,1.0,0.014912,0
dinoL518,1000,0.1,R2_cut,shuffled_1,5,0.732202,1.0,0.014912,0
dinoL518,1000,0.1,R2_cut,shuffled_2,5,0.732202,1.0,0.014912,0
dinoL518,1000,0.1,R2_cut,shuffled_3,5,0.747113,0.99005,0.014912,0
dinoL518,1000,0.1,R2_cut,shuffled_4,5,0.747113,0.99005,0.014912,0
dinoL518,1000,0.1,R2_cut,shuffled_5,5,0.747113,0.99005,0.014912,0
dinoL518,1000,0.1,R2_cut,shuffled_6,5,0.747113,0.99005,0.014912,0
dinoL518,1000,0.1,R2_cut,shuffled_7,5,0.732202,1.0,0.014912,0
dinoL518,1000,0.1,R2_cut,shuffled_8,5,0.747113,0.99005,0.014912,0
dinoL518,1000,0.1,R2_cut,shuffled_9,5,0.732202,1.0,0.014912,0
dinoL518,1000,0.1,R3_render,asc_index,5,0.623947,1.0,0.000267,0
dinoL518,1000,0.1,R3_render,asc_nc,5,0.62368,0.99005,0.000267,0
dinoL518,1000,0.1,R3_render,desc_es,5,0.623947,1.0,0.000267,0
dinoL518,1000,0.1,R3_render,desc_nc,5,0.623947,1.0,0.000267,0
dinoL518,1000,0.1,R3_render,shuffled_0,5,0.623947,1.0,0.000267,0
dinoL518,1000,0.1,R3_render,shuffled_1,5,0.623947,1.0,0.000267,0
dinoL518,1000,0.1,R3_render,shuffled_2,5,0.623947,1.0,0.000267,0
dinoL518,1000,0.1,R3_render,shuffled_3,5,0.62368,0.99005,0.000267,0
dinoL518,1000,0.1,R3_render,shuffled_4,5,0.62368,0.99005,0.000267,0
dinoL518,1000,0.1,R3_render,shuffled_5,5,0.62368,0.99005,0.000267,0
dinoL518,1000,0.1,R3_render,shuffled_6,5,0.62368,0.99005,0.000267,0
dinoL518,1000,0.1,R3_render,shuffled_7,5,0.623947,1.0,0.000267,0
dinoL518,1000,0.1,R3_render,shuffled_8,5,0.62368,0.99005,0.000267,0
dinoL518,1000,0.1,R3_render,shuffled_9,5,0.623947,1.0,0.000267,0
dinoL518,1000,0.2,R2_cut,asc_index,5,0.789581,1.0,0.025957,0
dinoL518,1000,0.2,R2_cut,asc_nc,5,0.77924,0.964637,0.025957,0
dinoL518,1000,0.2,R2_cut,desc_es,5,0.789581,1.0,0.025957,0
dinoL518,1000,0.2,R2_cut,desc_nc,5,0.789581,1.0,0.025957,0
dinoL518,1000,0.2,R2_cut,shuffled_0,5,0.789581,1.0,0.025957,0
dinoL518,1000,0.2,R2_cut,shuffled_1,5,0.789581,1.0,0.025957,0
dinoL518,1000,0.2,R2_cut,shuffled_2,5,0.789581,1.0,0.025957,0
dinoL518,1000,0.2,R2_cut,shuffled_3,5,0.77924,0.964637,0.025957,0
dinoL518,1000,0.2,R2_cut,shuffled_4,5,0.77924,0.964637,0.025957,0
dinoL518,1000,0.2,R2_cut,shuffled_5,5,0.763624,0.968504,0.025957,0
dinoL518,1000,0.2,R2_cut,shuffled_6,5,0.77924,0.964637,0.025957,0
dinoL518,1000,0.2,R2_cut,shuffled_7,5,0.789581,1.0,0.025957,0
dinoL518,1000,0.2,R2_cut,shuffled_8,5,0.77924,0.964637,0.025957,0
dinoL518,1000,0.2,R2_cut,shuffled_9,5,0.789581,1.0,0.025957,0
dinoL518,1000,0.2,R3_render,asc_index,5,0.678744,1.0,0.022121,0
dinoL518,1000,0.2,R3_render,asc_nc,5,0.675792,0.964637,0.022121,0
dinoL518,1000,0.2,R3_render,desc_es,5,0.678744,1.0,0.022121,0
dinoL518,1000,0.2,R3_render,desc_nc,5,0.678744,1.0,0.022121,0
dinoL518,1000,0.2,R3_render,shuffled_0,5,0.678744,1.0,0.022121,0
dinoL518,1000,0.2,R3_render,shuffled_1,5,0.678744,1.0,0.022121,0
dinoL518,1000,0.2,R3_render,shuffled_2,5,0.678744,1.0,0.022121,0
dinoL518,1000,0.2,R3_render,shuffled_3,5,0.675792,0.964637,0.022121,0
dinoL518,1000,0.2,R3_render,shuffled_4,5,0.675792,0.964637,0.022121,0
dinoL518,1000,0.2,R3_render,shuffled_5,5,0.656623,0.968504,0.022121,0
dinoL518,1000,0.2,R3_render,shuffled_6,5,0.675792,0.964637,0.022121,0
dinoL518,1000,0.2,R3_render,shuffled_7,5,0.678744,1.0,0.022121,0
dinoL518,1000,0.2,R3_render,shuffled_8,5,0.675792,0.964637,0.022121,0
dinoL518,1000,0.2,R3_render,shuffled_9,5,0.678744,1.0,0.022121,0
dinoL518,1000,0.5,R2_cut,asc_index,5,0.817658,0.960784,0.059129,1
dinoL518,1000,0.5,R2_cut,asc_nc,5,0.796742,0.908397,0.059129,1
dinoL518,1000,0.5,R2_cut,desc_es,5,0.765614,0.998002,0.059129,1
dinoL518,1000,0.5,R2_cut,desc_nc,5,0.779303,1.0,0.059129,1
dinoL518,1000,0.5,R2_cut,shuffled_0,5,0.809247,0.95122,0.059129,1
dinoL518,1000,0.5,R2_cut,shuffled_1,5,0.753541,0.962709,0.059129,1
dinoL518,1000,0.5,R2_cut,shuffled_2,5,0.784316,0.962709,0.059129,1
dinoL518,1000,0.5,R2_cut,shuffled_3,5,0.807449,0.913876,0.059129,1
dinoL518,1000,0.5,R2_cut,shuffled_4,5,0.774219,0.908397,0.059129,1
dinoL518,1000,0.5,R2_cut,shuffled_5,5,0.784719,0.949318,0.059129,1
dinoL518,1000,0.5,R2_cut,shuffled_6,5,0.78609,0.913876,0.059129,1
dinoL518,1000,0.5,R2_cut,shuffled_7,5,0.798295,0.953125,0.059129,1
dinoL518,1000,0.5,R2_cut,shuffled_8,5,0.838432,0.917546,0.059129,1
dinoL518,1000,0.5,R2_cut,shuffled_9,5,0.78773,0.972387,0.059129,1
dinoL518,1000,0.5,R3_render,asc_index,5,0.643536,0.960784,0.03821,0
dinoL518,1000,0.5,R3_render,asc_nc,5,0.647635,0.908397,0.03821,0
dinoL518,1000,0.5,R3_render,desc_es,5,0.651599,0.998002,0.03821,0
dinoL518,1000,0.5,R3_render,desc_nc,5,0.658213,1.0,0.03821,0
dinoL518,1000,0.5,R3_render,shuffled_0,5,0.688251,0.95122,0.03821,0
dinoL518,1000,0.5,R3_render,shuffled_1,5,0.620003,0.962709,0.03821,0
dinoL518,1000,0.5,R3_render,shuffled_2,5,0.641759,0.962709,0.03821,0
dinoL518,1000,0.5,R3_render,shuffled_3,5,0.669395,0.913876,0.03821,0
dinoL518,1000,0.5,R3_render,shuffled_4,5,0.621125,0.908397,0.03821,0
dinoL518,1000,0.5,R3_render,shuffled_5,5,0.644225,0.949318,0.03821,0
dinoL518,1000,0.5,R3_render,shuffled_6,5,0.649237,0.913876,0.03821,0
dinoL518,1000,0.5,R3_render,shuffled_7,5,0.665432,0.953125,0.03821,0
dinoL518,1000,0.5,R3_render,shuffled_8,5,0.677441,0.917546,0.03821,0
dinoL518,1000,0.5,R3_render,shuffled_9,5,0.645561,0.972387,0.03821,0
dinoL518,1000,1.0,R2_cut,asc_index,5,0.656298,0.874414,0.056141,1
dinoL518,1000,1.0,R2_cut,asc_nc,5,0.654214,0.819836,0.056141,1
dinoL518,1000,1.0,R2_cut,desc_es,5,0.621817,0.994018,0.056141,1
dinoL518,1000,1.0,R2_cut,desc_nc,5,0.600157,1.0,0.056141,1
dinoL518,1000,1.0,R2_cut,shuffled_0,5,0.635605,0.885014,0.056141,1
dinoL518,1000,1.0,R2_cut,shuffled_1,5,0.641852,0.867414,0.056141,1
dinoL518,1000,1.0,R2_cut,shuffled_2,5,0.625241,0.879699,0.056141,1
dinoL518,1000,1.0,R2_cut,shuffled_3,5,0.62274,0.877934,0.056141,1
dinoL518,1000,1.0,R2_cut,shuffled_4,5,0.592653,0.834862,0.056141,1
dinoL518,1000,1.0,R2_cut,shuffled_5,5,0.634645,0.870907,0.056141,1
dinoL518,1000,1.0,R2_cut,shuffled_6,5,0.62511,0.834862,0.056141,1
dinoL518,1000,1.0,R2_cut,shuffled_7,5,0.637984,0.881468,0.056141,1
dinoL518,1000,1.0,R2_cut,shuffled_8,5,0.627975,0.862197,0.056141,1
dinoL518,1000,1.0,R2_cut,shuffled_9,5,0.596958,0.886792,0.056141,1
dinoL518,1000,1.0,R3_render,asc_index,5,0.58261,0.874414,0.038414,0
dinoL518,1000,1.0,R3_render,asc_nc,5,0.575894,0.819836,0.038414,0
dinoL518,1000,1.0,R3_render,desc_es,5,0.544346,0.994018,0.038414,0
dinoL518,1000,1.0,R3_render,desc_nc,5,0.544196,1.0,0.038414,0
dinoL518,1000,1.0,R3_render,shuffled_0,5,0.537096,0.885014,0.038414,0
dinoL518,1000,1.0,R3_render,shuffled_1,5,0.564256,0.867414,0.038414,0
dinoL518,1000,1.0,R3_render,shuffled_2,5,0.520938,0.879699,0.038414,0
dinoL518,1000,1.0,R3_render,shuffled_3,5,0.5481,0.877934,0.038414,0
dinoL518,1000,1.0,R3_render,shuffled_4,5,0.523262,0.834862,0.038414,0
dinoL518,1000,1.0,R3_render,shuffled_5,5,0.540997,0.870907,0.038414,0
dinoL518,1000,1.0,R3_render,shuffled_6,5,0.510303,0.834862,0.038414,0
dinoL518,1000,1.0,R3_render,shuffled_7,5,0.567863,0.881468,0.038414,0
dinoL518,1000,1.0,R3_render,shuffled_8,5,0.55288,0.862197,0.038414,0
dinoL518,1000,1.0,R3_render,shuffled_9,5,0.530088,0.886792,0.038414,0
dinoL518,1000,2.0,R2_cut,asc_index,5,0.491607,0.843318,0.057061,1
dinoL518,1000,2.0,R2_cut,asc_nc,5,0.552417,0.793722,0.057061,1
dinoL518,1000,2.0,R2_cut,desc_es,5,0.540496,0.984127,0.057061,1
dinoL518,1000,2.0,R2_cut,desc_nc,5,0.518757,1.0,0.057061,1
dinoL518,1000,2.0,R2_cut,shuffled_0,5,0.529307,0.833181,0.057061,1
dinoL518,1000,2.0,R2_cut,shuffled_1,5,0.554391,0.846722,0.057061,1
dinoL518,1000,2.0,R2_cut,shuffled_2,5,0.519079,0.848429,0.057061,1
dinoL518,1000,2.0,R2_cut,shuffled_3,5,0.575818,0.851852,0.057061,1
dinoL518,1000,2.0,R2_cut,shuffled_4,5,0.538658,0.824818,0.057061,1
dinoL518,1000,2.0,R2_cut,shuffled_5,5,0.558277,0.862197,0.057061,1
dinoL518,1000,2.0,R2_cut,shuffled_6,5,0.562486,0.855288,0.057061,1
dinoL518,1000,2.0,R2_cut,shuffled_7,5,0.53771,0.846722,0.057061,1
dinoL518,1000,2.0,R2_cut,shuffled_8,5,0.555969,0.855288,0.057061,1
dinoL518,1000,2.0,R2_cut,shuffled_9,5,0.550451,0.858736,0.057061,1
dinoL518,1000,2.0,R3_render,asc_index,5,0.457288,0.843318,0.055381,1
dinoL518,1000,2.0,R3_render,asc_nc,5,0.507711,0.793722,0.055381,1
dinoL518,1000,2.0,R3_render,desc_es,5,0.481563,0.984127,0.055381,1
dinoL518,1000,2.0,R3_render,desc_nc,5,0.471315,1.0,0.055381,1
dinoL518,1000,2.0,R3_render,shuffled_0,5,0.46505,0.833181,0.055381,1
dinoL518,1000,2.0,R3_render,shuffled_1,5,0.514886,0.846722,0.055381,1
dinoL518,1000,2.0,R3_render,shuffled_2,5,0.477283,0.848429,0.055381,1
dinoL518,1000,2.0,R3_render,shuffled_3,5,0.507452,0.851852,0.055381,1
dinoL518,1000,2.0,R3_render,shuffled_4,5,0.49832,0.824818,0.055381,1
dinoL518,1000,2.0,R3_render,shuffled_5,5,0.490276,0.862197,0.055381,1
dinoL518,1000,2.0,R3_render,shuffled_6,5,0.518946,0.855288,0.055381,1
dinoL518,1000,2.0,R3_render,shuffled_7,5,0.495514,0.846722,0.055381,1
dinoL518,1000,2.0,R3_render,shuffled_8,5,0.526697,0.855288,0.055381,1
dinoL518,1000,2.0,R3_render,shuffled_9,5,0.498624,0.858736,0.055381,1
dinoL518,1000,5.0,R2_cut,asc_index,5,0.513902,0.858736,0.052915,1
dinoL518,1000,5.0,R2_cut,asc_nc,5,0.497444,0.798561,0.052915,1
dinoL518,1000,5.0,R2_cut,desc_es,5,0.507037,0.962709,0.052915,1
dinoL518,1000,5.0,R2_cut,desc_nc,5,0.516138,1.0,0.052915,1
dinoL518,1000,5.0,R2_cut,shuffled_0,5,0.492439,0.845018,0.052915,1
dinoL518,1000,5.0,R2_cut,shuffled_1,5,0.515149,0.855288,0.052915,1
dinoL518,1000,5.0,R2_cut,shuffled_2,5,0.499482,0.818182,0.052915,1
dinoL518,1000,5.0,R2_cut,shuffled_3,5,0.55117,0.841621,0.052915,1
dinoL518,1000,5.0,R2_cut,shuffled_4,5,0.541824,0.839926,0.052915,1
dinoL518,1000,5.0,R2_cut,shuffled_5,5,0.569053,0.851852,0.052915,1
dinoL518,1000,5.0,R2_cut,shuffled_6,5,0.528636,0.865672,0.052915,1
dinoL518,1000,5.0,R2_cut,shuffled_7,5,0.516329,0.834862,0.052915,1
dinoL518,1000,5.0,R2_cut,shuffled_8,5,0.516393,0.85701,0.052915,1
dinoL518,1000,5.0,R2_cut,shuffled_9,5,0.479849,0.850139,0.052915,1
dinoL518,1000,5.0,R3_render,asc_index,5,0.492336,0.858736,0.045738,0
dinoL518,1000,5.0,R3_render,asc_nc,5,0.453485,0.798561,0.045738,0
dinoL518,1000,5.0,R3_render,desc_es,5,0.477628,0.962709,0.045738,0
dinoL518,1000,5.0,R3_render,desc_nc,5,0.499223,1.0,0.045738,0
dinoL518,1000,5.0,R3_render,shuffled_0,5,0.47514,0.845018,0.045738,0
dinoL518,1000,5.0,R3_render,shuffled_1,5,0.484252,0.855288,0.045738,0
dinoL518,1000,5.0,R3_render,shuffled_2,5,0.455362,0.818182,0.045738,0
dinoL518,1000,5.0,R3_render,shuffled_3,5,0.526359,0.841621,0.045738,0
dinoL518,1000,5.0,R3_render,shuffled_4,5,0.515183,0.839926,0.045738,0
dinoL518,1000,5.0,R3_render,shuffled_5,5,0.538685,0.851852,0.045738,0
dinoL518,1000,5.0,R3_render,shuffled_6,5,0.499147,0.865672,0.045738,0
dinoL518,1000,5.0,R3_render,shuffled_7,5,0.487687,0.834862,0.045738,0
dinoL518,1000,5.0,R3_render,shuffled_8,5,0.498246,0.85701,0.045738,0
dinoL518,1000,5.0,R3_render,shuffled_9,5,0.455929,0.850139,0.045738,0
dinoL518,1000,10.0,R2_cut,asc_index,5,0.532259,0.897533,0.099566,1
dinoL518,1000,10.0,R2_cut,asc_nc,5,0.50963,0.818182,0.099566,1
dinoL518,1000,10.0,R2_cut,desc_es,5,0.473792,0.904762,0.099566,1
dinoL518,1000,10.0,R2_cut,desc_nc,5,0.472063,1.0,0.099566,1
dinoL518,1000,10.0,R2_cut,shuffled_0,5,0.520655,0.855288,0.099566,1
dinoL518,1000,10.0,R2_cut,shuffled_1,5,0.503604,0.851852,0.099566,1
dinoL518,1000,10.0,R2_cut,shuffled_2,5,0.494397,0.838235,0.099566,1
dinoL518,1000,10.0,R2_cut,shuffled_3,5,0.571628,0.851852,0.099566,1
dinoL518,1000,10.0,R2_cut,shuffled_4,5,0.522997,0.828154,0.099566,1
dinoL518,1000,10.0,R2_cut,shuffled_5,5,0.501656,0.836547,0.099566,1
dinoL518,1000,10.0,R2_cut,shuffled_6,5,0.517082,0.850139,0.099566,1
dinoL518,1000,10.0,R2_cut,shuffled_7,5,0.52275,0.841621,0.099566,1
dinoL518,1000,10.0,R2_cut,shuffled_8,5,0.489138,0.843318,0.099566,1
dinoL518,1000,10.0,R2_cut,shuffled_9,5,0.494515,0.867414,0.099566,1
dinoL518,1000,10.0,R3_render,asc_index,5,0.498101,0.897533,0.090044,1
dinoL518,1000,10.0,R3_render,asc_nc,5,0.488263,0.818182,0.090044,1
dinoL518,1000,10.0,R3_render,desc_es,5,0.460941,0.904762,0.090044,1
dinoL518,1000,10.0,R3_render,desc_nc,5,0.450087,1.0,0.090044,1
dinoL518,1000,10.0,R3_render,shuffled_0,5,0.491622,0.855288,0.090044,1
dinoL518,1000,10.0,R3_render,shuffled_1,5,0.493678,0.851852,0.090044,1
dinoL518,1000,10.0,R3_render,shuffled_2,5,0.465746,0.838235,0.090044,1
dinoL518,1000,10.0,R3_render,shuffled_3,5,0.54013,0.851852,0.090044,1
dinoL518,1000,10.0,R3_render,shuffled_4,5,0.506324,0.828154,0.090044,1
dinoL518,1000,10.0,R3_render,shuffled_5,5,0.470586,0.836547,0.090044,1
dinoL518,1000,10.0,R3_render,shuffled_6,5,0.4855,0.850139,0.090044,1
dinoL518,1000,10.0,R3_render,shuffled_7,5,0.506536,0.841621,0.090044,1
dinoL518,1000,10.0,R3_render,shuffled_8,5,0.456389,0.843318,0.090044,1
dinoL518,1000,10.0,R3_render,shuffled_9,5,0.484112,0.867414,0.090044,1
dinoL518,1000,20.0,R2_cut,asc_index,5,0.508123,0.908397,0.071662,1
dinoL518,1000,20.0,R2_cut,asc_nc,5,0.506294,0.833181,0.071662,1
dinoL518,1000,20.0,R2_cut,desc_es,5,0.492073,0.886792,0.071662,1
dinoL518,1000,20.0,R2_cut,desc_nc,5,0.468563,1.0,0.071662,1
dinoL518,1000,20.0,R2_cut,shuffled_0,5,0.540225,0.853568,0.071662,1
dinoL518,1000,20.0,R2_cut,shuffled_1,5,0.499175,0.841621,0.071662,1
dinoL518,1000,20.0,R2_cut,shuffled_2,5,0.51068,0.829826,0.071662,1
dinoL518,1000,20.0,R2_cut,shuffled_3,5,0.515193,0.843318,0.071662,1
dinoL518,1000,20.0,R2_cut,shuffled_4,5,0.527253,0.814882,0.071662,1
dinoL518,1000,20.0,R2_cut,shuffled_5,5,0.508759,0.838235,0.071662,1
dinoL518,1000,20.0,R2_cut,shuffled_6,5,0.509206,0.850139,0.071662,1
dinoL518,1000,20.0,R2_cut,shuffled_7,5,0.490868,0.845018,0.071662,1
dinoL518,1000,20.0,R2_cut,shuffled_8,5,0.521808,0.851852,0.071662,1
dinoL518,1000,20.0,R2_cut,shuffled_9,5,0.497869,0.851852,0.071662,1
dinoL518,1000,20.0,R3_render,asc_index,5,0.504315,0.908397,0.087177,1
dinoL518,1000,20.0,R3_render,asc_nc,5,0.494496,0.833181,0.087177,1
dinoL518,1000,20.0,R3_render,desc_es,5,0.469794,0.886792,0.087177,1
dinoL518,1000,20.0,R3_render,desc_nc,5,0.442124,1.0,0.087177,1
dinoL518,1000,20.0,R3_render,shuffled_0,5,0.5293,0.853568,0.087177,1
dinoL518,1000,20.0,R3_render,shuffled_1,5,0.489306,0.841621,0.087177,1
dinoL518,1000,20.0,R3_render,shuffled_2,5,0.466695,0.829826,0.087177,1
dinoL518,1000,20.0,R3_render,shuffled_3,5,0.49466,0.843318,0.087177,1
dinoL518,1000,20.0,R3_render,shuffled_4,5,0.508779,0.814882,0.087177,1
dinoL518,1000,20.0,R3_render,shuffled_5,5,0.502226,0.838235,0.087177,1
dinoL518,1000,20.0,R3_render,shuffled_6,5,0.484975,0.850139,0.087177,1
dinoL518,1000,20.0,R3_render,shuffled_7,5,0.479028,0.845018,0.087177,1
dinoL518,1000,20.0,R3_render,shuffled_8,5,0.490756,0.851852,0.087177,1
dinoL518,1000,20.0,R3_render,shuffled_9,5,0.457885,0.851852,0.087177,1
dinoL518,1000,40.0,R2_cut,asc_index,5,0.521251,0.908397,0.031939,0
dinoL518,1000,40.0,R2_cut,asc_nc,5,0.524619,0.843318,0.031939,0
dinoL518,1000,40.0,R2_cut,desc_es,5,0.484511,0.870907,0.031939,0
dinoL518,1000,40.0,R2_cut,desc_nc,5,0.503144,1.0,0.031939,0
dinoL518,1000,40.0,R2_cut,shuffled_0,5,0.530759,0.85701,0.031939,0
dinoL518,1000,40.0,R2_cut,shuffled_1,5,0.496778,0.843318,0.031939,0
dinoL518,1000,40.0,R2_cut,shuffled_2,5,0.52583,0.831502,0.031939,0
dinoL518,1000,40.0,R2_cut,shuffled_3,5,0.524536,0.845018,0.031939,0
dinoL518,1000,40.0,R2_cut,shuffled_4,5,0.535083,0.824818,0.031939,0
dinoL518,1000,40.0,R2_cut,shuffled_5,5,0.509634,0.850139,0.031939,0
dinoL518,1000,40.0,R2_cut,shuffled_6,5,0.494625,0.838235,0.031939,0
dinoL518,1000,40.0,R2_cut,shuffled_7,5,0.487218,0.860465,0.031939,0
dinoL518,1000,40.0,R2_cut,shuffled_8,5,0.52328,0.828154,0.031939,0
dinoL518,1000,40.0,R2_cut,shuffled_9,5,0.488437,0.851852,0.031939,0
dinoL518,1000,40.0,R3_render,asc_index,5,0.496891,0.908397,0.035088,0
dinoL518,1000,40.0,R3_render,asc_nc,5,0.498471,0.843318,0.035088,0
dinoL518,1000,40.0,R3_render,desc_es,5,0.467256,0.870907,0.035088,0
dinoL518,1000,40.0,R3_render,desc_nc,5,0.478873,1.0,0.035088,0
dinoL518,1000,40.0,R3_render,shuffled_0,5,0.513961,0.85701,0.035088,0
dinoL518,1000,40.0,R3_render,shuffled_1,5,0.467684,0.843318,0.035088,0
dinoL518,1000,40.0,R3_render,shuffled_2,5,0.508873,0.831502,0.035088,0
dinoL518,1000,40.0,R3_render,shuffled_3,5,0.507712,0.845018,0.035088,0
dinoL518,1000,40.0,R3_render,shuffled_4,5,0.513453,0.824818,0.035088,0
dinoL518,1000,40.0,R3_render,shuffled_5,5,0.485225,0.850139,0.035088,0
dinoL518,1000,40.0,R3_render,shuffled_6,5,0.475644,0.838235,0.035088,0
dinoL518,1000,40.0,R3_render,shuffled_7,5,0.457141,0.860465,0.035088,0
dinoL518,1000,40.0,R3_render,shuffled_8,5,0.487957,0.828154,0.035088,0
dinoL518,1000,40.0,R3_render,shuffled_9,5,0.472683,0.851852,0.035088,0
dinoL518,2000,0.02,R2_cut,asc_index,5,0.475234,1.0,0.0,0
dinoL518,2000,0.02,R2_cut,asc_nc,5,0.475234,1.0,0.0,0
dinoL518,2000,0.02,R2_cut,desc_es,5,0.475234,1.0,0.0,0
dinoL518,2000,0.02,R2_cut,desc_nc,5,0.475234,1.0,0.0,0
dinoL518,2000,0.02,R2_cut,shuffled_0,5,0.475234,1.0,0.0,0
dinoL518,2000,0.02,R2_cut,shuffled_1,5,0.475234,1.0,0.0,0
dinoL518,2000,0.02,R2_cut,shuffled_2,5,0.475234,1.0,0.0,0
dinoL518,2000,0.02,R2_cut,shuffled_3,5,0.475234,1.0,0.0,0
dinoL518,2000,0.02,R2_cut,shuffled_4,5,0.475234,1.0,0.0,0
dinoL518,2000,0.02,R2_cut,shuffled_5,5,0.475234,1.0,0.0,0
dinoL518,2000,0.02,R2_cut,shuffled_6,5,0.475234,1.0,0.0,0
dinoL518,2000,0.02,R2_cut,shuffled_7,5,0.475234,1.0,0.0,0
dinoL518,2000,0.02,R2_cut,shuffled_8,5,0.475234,1.0,0.0,0
dinoL518,2000,0.02,R2_cut,shuffled_9,5,0.475234,1.0,0.0,0
dinoL518,2000,0.02,R3_render,asc_index,5,0.374629,1.0,0.0,0
dinoL518,2000,0.02,R3_render,asc_nc,5,0.374629,1.0,0.0,0
dinoL518,2000,0.02,R3_render,desc_es,5,0.374629,1.0,0.0,0
dinoL518,2000,0.02,R3_render,desc_nc,5,0.374629,1.0,0.0,0
dinoL518,2000,0.02,R3_render,shuffled_0,5,0.374629,1.0,0.0,0
dinoL518,2000,0.02,R3_render,shuffled_1,5,0.374629,1.0,0.0,0
dinoL518,2000,0.02,R3_render,shuffled_2,5,0.374629,1.0,0.0,0
dinoL518,2000,0.02,R3_render,shuffled_3,5,0.374629,1.0,0.0,0
dinoL518,2000,0.02,R3_render,shuffled_4,5,0.374629,1.0,0.0,0
dinoL518,2000,0.02,R3_render,shuffled_5,5,0.374629,1.0,0.0,0
dinoL518,2000,0.02,R3_render,shuffled_6,5,0.374629,1.0,0.0,0
dinoL518,2000,0.02,R3_render,shuffled_7,5,0.374629,1.0,0.0,0
dinoL518,2000,0.02,R3_render,shuffled_8,5,0.374629,1.0,0.0,0
dinoL518,2000,0.02,R3_render,shuffled_9,5,0.374629,1.0,0.0,0
dinoL518,2000,0.05,R2_cut,asc_index,5,0.487244,1.0,0.031958,0
dinoL518,2000,0.05,R2_cut,asc_nc,5,0.455286,0.999,0.031958,0
dinoL518,2000,0.05,R2_cut,desc_es,5,0.487244,1.0,0.031958,0
dinoL518,2000,0.05,R2_cut,desc_nc,5,0.487244,1.0,0.031958,0
dinoL518,2000,0.05,R2_cut,shuffled_0,5,0.487244,1.0,0.031958,0
dinoL518,2000,0.05,R2_cut,shuffled_1,5,0.487244,1.0,0.031958,0
dinoL518,2000,0.05,R2_cut,shuffled_2,5,0.487244,1.0,0.031958,0
dinoL518,2000,0.05,R2_cut,shuffled_3,5,0.455286,0.999,0.031958,0
dinoL518,2000,0.05,R2_cut,shuffled_4,5,0.455286,0.999,0.031958,0
dinoL518,2000,0.05,R2_cut,shuffled_5,5,0.455286,0.999,0.031958,0
dinoL518,2000,0.05,R2_cut,shuffled_6,5,0.455286,0.999,0.031958,0
dinoL518,2000,0.05,R2_cut,shuffled_7,5,0.487244,1.0,0.031958,0
dinoL518,2000,0.05,R2_cut,shuffled_8,5,0.455286,0.999,0.031958,0
dinoL518,2000,0.05,R2_cut,shuffled_9,5,0.487244,1.0,0.031958,0
dinoL518,2000,0.05,R3_render,asc_index,5,0.390106,1.0,0.033052,0
dinoL518,2000,0.05,R3_render,asc_nc,5,0.357054,0.999,0.033052,0
dinoL518,2000,0.05,R3_render,desc_es,5,0.390106,1.0,0.033052,0
dinoL518,2000,0.05,R3_render,desc_nc,5,0.390106,1.0,0.033052,0
dinoL518,2000,0.05,R3_render,shuffled_0,5,0.390106,1.0,0.033052,0
dinoL518,2000,0.05,R3_render,shuffled_1,5,0.390106,1.0,0.033052,0
dinoL518,2000,0.05,R3_render,shuffled_2,5,0.390106,1.0,0.033052,0
dinoL518,2000,0.05,R3_render,shuffled_3,5,0.357054,0.999,0.033052,0
dinoL518,2000,0.05,R3_render,shuffled_4,5,0.357054,0.999,0.033052,0
dinoL518,2000,0.05,R3_render,shuffled_5,5,0.357054,0.999,0.033052,0
dinoL518,2000,0.05,R3_render,shuffled_6,5,0.357054,0.999,0.033052,0
dinoL518,2000,0.05,R3_render,shuffled_7,5,0.390106,1.0,0.033052,0
dinoL518,2000,0.05,R3_render,shuffled_8,5,0.357054,0.999,0.033052,0
dinoL518,2000,0.05,R3_render,shuffled_9,5,0.390106,1.0,0.033052,0
dinoL518,2000,0.1,R2_cut,asc_index,5,0.487265,1.0,0.015393,0
dinoL518,2000,0.1,R2_cut,asc_nc,5,0.471872,0.976285,0.015393,0
dinoL518,2000,0.1,R2_cut,desc_es,5,0.487265,1.0,0.015393,0
dinoL518,2000,0.1,R2_cut,desc_nc,5,0.487265,1.0,0.015393,0
dinoL518,2000,0.1,R2_cut,shuffled_0,5,0.487265,1.0,0.015393,0
dinoL518,2000,0.1,R2_cut,shuffled_1,5,0.487265,1.0,0.015393,0
dinoL518,2000,0.1,R2_cut,shuffled_2,5,0.487265,1.0,0.015393,0
dinoL518,2000,0.1,R2_cut,shuffled_3,5,0.471872,0.976285,0.015393,0
dinoL518,2000,0.1,R2_cut,shuffled_4,5,0.471872,0.976285,0.015393,0
dinoL518,2000,0.1,R2_cut,shuffled_5,5,0.471872,0.976285,0.015393,0
dinoL518,2000,0.1,R2_cut,shuffled_6,5,0.471872,0.976285,0.015393,0
dinoL518,2000,0.1,R2_cut,shuffled_7,5,0.487265,1.0,0.015393,0
dinoL518,2000,0.1,R2_cut,shuffled_8,5,0.471872,0.976285,0.015393,0
dinoL518,2000,0.1,R2_cut,shuffled_9,5,0.487265,1.0,0.015393,0
dinoL518,2000,0.1,R3_render,asc_index,5,0.392234,1.0,0.030911,0
dinoL518,2000,0.1,R3_render,asc_nc,5,0.361323,0.976285,0.030911,0
dinoL518,2000,0.1,R3_render,desc_es,5,0.392234,1.0,0.030911,0
dinoL518,2000,0.1,R3_render,desc_nc,5,0.392234,1.0,0.030911,0
dinoL518,2000,0.1,R3_render,shuffled_0,5,0.392234,1.0,0.030911,0
dinoL518,2000,0.1,R3_render,shuffled_1,5,0.392234,1.0,0.030911,0
dinoL518,2000,0.1,R3_render,shuffled_2,5,0.392234,1.0,0.030911,0
dinoL518,2000,0.1,R3_render,shuffled_3,5,0.361323,0.976285,0.030911,0
dinoL518,2000,0.1,R3_render,shuffled_4,5,0.361323,0.976285,0.030911,0
dinoL518,2000,0.1,R3_render,shuffled_5,5,0.361323,0.976285,0.030911,0
dinoL518,2000,0.1,R3_render,shuffled_6,5,0.361323,0.976285,0.030911,0
dinoL518,2000,0.1,R3_render,shuffled_7,5,0.392234,1.0,0.030911,0
dinoL518,2000,0.1,R3_render,shuffled_8,5,0.361323,0.976285,0.030911,0
dinoL518,2000,0.1,R3_render,shuffled_9,5,0.392234,1.0,0.030911,0
dinoL518,2000,0.2,R2_cut,asc_index,5,0.491811,0.998002,0.024998,0
dinoL518,2000,0.2,R2_cut,asc_nc,5,0.47264,0.907487,0.024998,0
dinoL518,2000,0.2,R2_cut,desc_es,5,0.497638,1.0,0.024998,0
dinoL518,2000,0.2,R2_cut,desc_nc,5,0.497638,1.0,0.024998,0
dinoL518,2000,0.2,R2_cut,shuffled_0,5,0.498585,0.997004,0.024998,0
dinoL518,2000,0.2,R2_cut,shuffled_1,5,0.492564,0.999,0.024998,0
dinoL518,2000,0.2,R2_cut,shuffled_2,5,0.49683,0.999,0.024998,0
dinoL518,2000,0.2,R2_cut,shuffled_3,5,0.47264,0.907487,0.024998,0
dinoL518,2000,0.2,R2_cut,shuffled_4,5,0.47264,0.907487,0.024998,0
dinoL518,2000,0.2,R2_cut,shuffled_5,5,0.474291,0.913876,0.024998,0
dinoL518,2000,0.2,R2_cut,shuffled_6,5,0.47264,0.907487,0.024998,0
dinoL518,2000,0.2,R2_cut,shuffled_7,5,0.498585,0.997004,0.024998,0
dinoL518,2000,0.2,R2_cut,shuffled_8,5,0.47264,0.907487,0.024998,0
dinoL518,2000,0.2,R2_cut,shuffled_9,5,0.497638,1.0,0.024998,0
dinoL518,2000,0.2,R3_render,asc_index,5,0.401433,0.998002,0.023032,0
dinoL518,2000,0.2,R3_render,asc_nc,5,0.388026,0.907487,0.023032,0
dinoL518,2000,0.2,R3_render,desc_es,5,0.406358,1.0,0.023032,0
dinoL518,2000,0.2,R3_render,desc_nc,5,0.406358,1.0,0.023032,0
dinoL518,2000,0.2,R3_render,shuffled_0,5,0.405929,0.997004,0.023032,0
dinoL518,2000,0.2,R3_render,shuffled_1,5,0.397991,0.999,0.023032,0
dinoL518,2000,0.2,R3_render,shuffled_2,5,0.409236,0.999,0.023032,0
dinoL518,2000,0.2,R3_render,shuffled_3,5,0.388026,0.907487,0.023032,0
dinoL518,2000,0.2,R3_render,shuffled_4,5,0.388026,0.907487,0.023032,0
dinoL518,2000,0.2,R3_render,shuffled_5,5,0.383326,0.913876,0.023032,0
dinoL518,2000,0.2,R3_render,shuffled_6,5,0.388026,0.907487,0.023032,0
dinoL518,2000,0.2,R3_render,shuffled_7,5,0.405929,0.997004,0.023032,0
dinoL518,2000,0.2,R3_render,shuffled_8,5,0.388026,0.907487,0.023032,0
dinoL518,2000,0.2,R3_render,shuffled_9,5,0.406358,1.0,0.023032,0
dinoL518,2000,0.5,R2_cut,asc_index,5,0.462504,0.922153,0.060254,1
dinoL518,2000,0.5,R2_cut,asc_nc,5,0.483716,0.828154,0.060254,1
dinoL518,2000,0.5,R2_cut,desc_es,5,0.438172,0.999,0.060254,1
dinoL518,2000,0.5,R2_cut,desc_nc,5,0.44848,1.0,0.060254,1
dinoL518,2000,0.5,R2_cut,shuffled_0,5,0.481246,0.91296,0.060254,1
dinoL518,2000,0.5,R2_cut,shuffled_1,5,0.481712,0.940805,0.060254,1
dinoL518,2000,0.5,R2_cut,shuffled_2,5,0.496538,0.940805,0.060254,1
dinoL518,2000,0.5,R2_cut,shuffled_3,5,0.475375,0.830664,0.060254,1
dinoL518,2000,0.5,R2_cut,shuffled_4,5,0.490757,0.829826,0.060254,1
dinoL518,2000,0.5,R2_cut,shuffled_5,5,0.464805,0.871783,0.060254,1
dinoL518,2000,0.5,R2_cut,shuffled_6,5,0.471291,0.836547,0.060254,1
dinoL518,2000,0.5,R2_cut,shuffled_7,5,0.508735,0.911132,0.060254,1
dinoL518,2000,0.5,R2_cut,shuffled_8,5,0.485556,0.837391,0.060254,1
dinoL518,2000,0.5,R2_cut,shuffled_9,5,0.464828,0.959824,0.060254,1
dinoL518,2000,0.5,R3_render,asc_index,5,0.361779,0.922153,0.036774,0
dinoL518,2000,0.5,R3_render,asc_nc,5,0.366861,0.828154,0.036774,0
dinoL518,2000,0.5,R3_render,desc_es,5,0.339281,0.999,0.036774,0
dinoL518,2000,0.5,R3_render,desc_nc,5,0.354128,1.0,0.036774,0
dinoL518,2000,0.5,R3_render,shuffled_0,5,0.38648,0.91296,0.036774,0
dinoL518,2000,0.5,R3_render,shuffled_1,5,0.367893,0.940805,0.036774,0
dinoL518,2000,0.5,R3_render,shuffled_2,5,0.390903,0.940805,0.036774,0
dinoL518,2000,0.5,R3_render,shuffled_3,5,0.374112,0.830664,0.036774,0
dinoL518,2000,0.5,R3_render,shuffled_4,5,0.369356,0.829826,0.036774,0
dinoL518,2000,0.5,R3_render,shuffled_5,5,0.357488,0.871783,0.036774,0
dinoL518,2000,0.5,R3_render,shuffled_6,5,0.369727,0.836547,0.036774,0
dinoL518,2000,0.5,R3_render,shuffled_7,5,0.384824,0.911132,0.036774,0
dinoL518,2000,0.5,R3_render,shuffled_8,5,0.370466,0.837391,0.036774,0
dinoL518,2000,0.5,R3_render,shuffled_9,5,0.37093,0.959824,0.036774,0
dinoL518,2000,1.0,R2_cut,asc_index,5,0.422127,0.835704,0.036217,0
dinoL518,2000,1.0,R2_cut,asc_nc,5,0.411504,0.770695,0.036217,0
dinoL518,2000,1.0,R2_cut,desc_es,5,0.397699,0.999,0.036217,0
dinoL518,2000,1.0,R2_cut,desc_nc,5,0.406447,1.0,0.036217,0
dinoL518,2000,1.0,R2_cut,shuffled_0,5,0.41036,0.83908,0.036217,0
dinoL518,2000,1.0,R2_cut,shuffled_1,5,0.4109,0.828154,0.036217,0
dinoL518,2000,1.0,R2_cut,shuffled_2,5,0.412547,0.845018,0.036217,0
dinoL518,2000,1.0,R2_cut,shuffled_3,5,0.407879,0.842469,0.036217,0
dinoL518,2000,1.0,R2_cut,shuffled_4,5,0.37023,0.794527,0.036217,0
dinoL518,2000,1.0,R2_cut,shuffled_5,5,0.408159,0.844168,0.036217,0
dinoL518,2000,1.0,R2_cut,shuffled_6,5,0.386601,0.792115,0.036217,0
dinoL518,2000,1.0,R2_cut,shuffled_7,5,0.413406,0.828154,0.036217,0
dinoL518,2000,1.0,R2_cut,shuffled_8,5,0.391725,0.814882,0.036217,0
dinoL518,2000,1.0,R2_cut,shuffled_9,5,0.388447,0.854427,0.036217,0
dinoL518,2000,1.0,R3_render,asc_index,5,0.332145,0.835704,0.061505,1
dinoL518,2000,1.0,R3_render,asc_nc,5,0.346867,0.770695,0.061505,1
dinoL518,2000,1.0,R3_render,desc_es,5,0.339256,0.999,0.061505,1
dinoL518,2000,1.0,R3_render,desc_nc,5,0.348339,1.0,0.061505,1
dinoL518,2000,1.0,R3_render,shuffled_0,5,0.314636,0.83908,0.061505,1
dinoL518,2000,1.0,R3_render,shuffled_1,5,0.319485,0.828154,0.061505,1
dinoL518,2000,1.0,R3_render,shuffled_2,5,0.325899,0.845018,0.061505,1
dinoL518,2000,1.0,R3_render,shuffled_3,5,0.336747,0.842469,0.061505,1
dinoL518,2000,1.0,R3_render,shuffled_4,5,0.286834,0.794527,0.061505,1
dinoL518,2000,1.0,R3_render,shuffled_5,5,0.333034,0.844168,0.061505,1
dinoL518,2000,1.0,R3_render,shuffled_6,5,0.302651,0.792115,0.061505,1
dinoL518,2000,1.0,R3_render,shuffled_7,5,0.334565,0.828154,0.061505,1
dinoL518,2000,1.0,R3_render,shuffled_8,5,0.296363,0.814882,0.061505,1
dinoL518,2000,1.0,R3_render,shuffled_9,5,0.327084,0.854427,0.061505,1
dinoL518,2000,2.0,R2_cut,asc_index,5,0.411704,0.814059,0.017683,0
dinoL518,2000,2.0,R2_cut,asc_nc,5,0.386865,0.762115,0.017683,0
dinoL518,2000,2.0,R2_cut,desc_es,5,0.41528,0.994018,0.017683,0
dinoL518,2000,2.0,R2_cut,desc_nc,5,0.401621,1.0,0.017683,0
dinoL518,2000,2.0,R2_cut,shuffled_0,5,0.3874,0.82565,0.017683,0
dinoL518,2000,2.0,R2_cut,shuffled_1,5,0.406274,0.814059,0.017683,0
dinoL518,2000,2.0,R2_cut,shuffled_2,5,0.406898,0.824818,0.017683,0
dinoL518,2000,2.0,R2_cut,shuffled_3,5,0.403209,0.838235,0.017683,0
dinoL518,2000,2.0,R2_cut,shuffled_4,5,0.398197,0.811594,0.017683,0
dinoL518,2000,2.0,R2_cut,shuffled_5,5,0.386341,0.840773,0.017683,0
dinoL518,2000,2.0,R2_cut,shuffled_6,5,0.416219,0.822323,0.017683,0
dinoL518,2000,2.0,R2_cut,shuffled_7,5,0.392136,0.821494,0.017683,0
dinoL518,2000,2.0,R2_cut,shuffled_8,5,0.384307,0.827318,0.017683,0
dinoL518,2000,2.0,R2_cut,shuffled_9,5,0.383938,0.83908,0.017683,0
dinoL518,2000,2.0,R3_render,asc_index,5,0.34983,0.814059,0.031176,0
dinoL518,2000,2.0,R3_render,asc_nc,5,0.34082,0.762115,0.031176,0
dinoL518,2000,2.0,R3_render,desc_es,5,0.374539,0.994018,0.031176,0
dinoL518,2000,2.0,R3_render,desc_nc,5,0.368477,1.0,0.031176,0
dinoL518,2000,2.0,R3_render,shuffled_0,5,0.347084,0.82565,0.031176,0
dinoL518,2000,2.0,R3_render,shuffled_1,5,0.358351,0.814059,0.031176,0
dinoL518,2000,2.0,R3_render,shuffled_2,5,0.375365,0.824818,0.031176,0
dinoL518,2000,2.0,R3_render,shuffled_3,5,0.359196,0.838235,0.031176,0
dinoL518,2000,2.0,R3_render,shuffled_4,5,0.351897,0.811594,0.031176,0
dinoL518,2000,2.0,R3_render,shuffled_5,5,0.356703,0.840773,0.031176,0
dinoL518,2000,2.0,R3_render,shuffled_6,5,0.368361,0.822323,0.031176,0
dinoL518,2000,2.0,R3_render,shuffled_7,5,0.346792,0.821494,0.031176,0
dinoL518,2000,2.0,R3_render,shuffled_8,5,0.338402,0.827318,0.031176,0
dinoL518,2000,2.0,R3_render,shuffled_9,5,0.337301,0.83908,0.031176,0
dinoL518,2000,5.0,R2_cut,asc_index,5,0.395472,0.814882,0.05586,1
dinoL518,2000,5.0,R2_cut,asc_nc,5,0.404789,0.759015,0.05586,1
dinoL518,2000,5.0,R2_cut,desc_es,5,0.431524,0.965602,0.05586,1
dinoL518,2000,5.0,R2_cut,desc_nc,5,0.412097,1.0,0.05586,1
dinoL518,2000,5.0,R2_cut,shuffled_0,5,0.356236,0.822323,0.05586,1
dinoL518,2000,5.0,R2_cut,shuffled_1,5,0.412504,0.830664,0.05586,1
dinoL518,2000,5.0,R2_cut,shuffled_2,5,0.385824,0.819009,0.05586,1
dinoL518,2000,5.0,R2_cut,shuffled_3,5,0.406108,0.827318,0.05586,1
dinoL518,2000,5.0,R2_cut,shuffled_4,5,0.421605,0.819009,0.05586,1
dinoL518,2000,5.0,R2_cut,shuffled_5,5,0.426233,0.828154,0.05586,1
dinoL518,2000,5.0,R2_cut,shuffled_6,5,0.382928,0.83908,0.05586,1
dinoL518,2000,5.0,R2_cut,shuffled_7,5,0.369124,0.800991,0.05586,1
dinoL518,2000,5.0,R2_cut,shuffled_8,5,0.377601,0.838235,0.05586,1
dinoL518,2000,5.0,R2_cut,shuffled_9,5,0.389062,0.821494,0.05586,1
dinoL518,2000,5.0,R3_render,asc_index,5,0.365041,0.814882,0.068201,1
dinoL518,2000,5.0,R3_render,asc_nc,5,0.360052,0.759015,0.068201,1
dinoL518,2000,5.0,R3_render,desc_es,5,0.39166,0.965602,0.068201,1
dinoL518,2000,5.0,R3_render,desc_nc,5,0.374155,1.0,0.068201,1
dinoL518,2000,5.0,R3_render,shuffled_0,5,0.305954,0.822323,0.068201,1
dinoL518,2000,5.0,R3_render,shuffled_1,5,0.372905,0.830664,0.068201,1
dinoL518,2000,5.0,R3_render,shuffled_2,5,0.354733,0.819009,0.068201,1
dinoL518,2000,5.0,R3_render,shuffled_3,5,0.35413,0.827318,0.068201,1
dinoL518,2000,5.0,R3_render,shuffled_4,5,0.383568,0.819009,0.068201,1
dinoL518,2000,5.0,R3_render,shuffled_5,5,0.391856,0.828154,0.068201,1
dinoL518,2000,5.0,R3_render,shuffled_6,5,0.342502,0.83908,0.068201,1
dinoL518,2000,5.0,R3_render,shuffled_7,5,0.335792,0.800991,0.068201,1
dinoL518,2000,5.0,R3_render,shuffled_8,5,0.342139,0.838235,0.068201,1
dinoL518,2000,5.0,R3_render,shuffled_9,5,0.338092,0.821494,0.068201,1
dinoL518,2000,10.0,R2_cut,asc_index,5,0.383967,0.811594,0.063858,1
dinoL518,2000,10.0,R2_cut,asc_nc,5,0.413861,0.763668,0.063858,1
dinoL518,2000,10.0,R2_cut,desc_es,5,0.399163,0.960784,0.063858,1
dinoL518,2000,10.0,R2_cut,desc_nc,5,0.382167,1.0,0.063858,1
dinoL518,2000,10.0,R2_cut,shuffled_0,5,0.388429,0.811594,0.063858,1
dinoL518,2000,10.0,R2_cut,shuffled_1,5,0.395377,0.833181,0.063858,1
dinoL518,2000,10.0,R2_cut,shuffled_2,5,0.39653,0.82565,0.063858,1
dinoL518,2000,10.0,R2_cut,shuffled_3,5,0.391548,0.815706,0.063858,1
dinoL518,2000,10.0,R2_cut,shuffled_4,5,0.446026,0.808318,0.063858,1
dinoL518,2000,10.0,R2_cut,shuffled_5,5,0.40591,0.835704,0.063858,1
dinoL518,2000,10.0,R2_cut,shuffled_6,5,0.415238,0.838235,0.063858,1
dinoL518,2000,10.0,R2_cut,shuffled_7,5,0.376125,0.796138,0.063858,1
dinoL518,2000,10.0,R2_cut,shuffled_8,5,0.379611,0.819836,0.063858,1
dinoL518,2000,10.0,R2_cut,shuffled_9,5,0.401126,0.824818,0.063858,1
dinoL518,2000,10.0,R3_render,asc_index,5,0.34471,0.811594,0.053518,1
dinoL518,2000,10.0,R3_render,asc_nc,5,0.37553,0.763668,0.053518,1
dinoL518,2000,10.0,R3_render,desc_es,5,0.359892,0.960784,0.053518,1
dinoL518,2000,10.0,R3_render,desc_nc,5,0.349345,1.0,0.053518,1
dinoL518,2000,10.0,R3_render,shuffled_0,5,0.353671,0.811594,0.053518,1
dinoL518,2000,10.0,R3_render,shuffled_1,5,0.358263,0.833181,0.053518,1
dinoL518,2000,10.0,R3_render,shuffled_2,5,0.367903,0.82565,0.053518,1
dinoL518,2000,10.0,R3_render,shuffled_3,5,0.340844,0.815706,0.053518,1
dinoL518,2000,10.0,R3_render,shuffled_4,5,0.402863,0.808318,0.053518,1
dinoL518,2000,10.0,R3_render,shuffled_5,5,0.379748,0.835704,0.053518,1
dinoL518,2000,10.0,R3_render,shuffled_6,5,0.364353,0.838235,0.053518,1
dinoL518,2000,10.0,R3_render,shuffled_7,5,0.338231,0.796138,0.053518,1
dinoL518,2000,10.0,R3_render,shuffled_8,5,0.356416,0.819836,0.053518,1
dinoL518,2000,10.0,R3_render,shuffled_9,5,0.358428,0.824818,0.053518,1
dinoL518,2000,20.0,R2_cut,asc_index,5,0.357716,0.828989,0.068539,1
dinoL518,2000,20.0,R2_cut,asc_nc,5,0.392103,0.763668,0.068539,1
dinoL518,2000,20.0,R2_cut,desc_es,5,0.394995,0.941748,0.068539,1
dinoL518,2000,20.0,R2_cut,desc_nc,5,0.426255,1.0,0.068539,1
dinoL518,2000,20.0,R2_cut,shuffled_0,5,0.380139,0.808318,0.068539,1
dinoL518,2000,20.0,R2_cut,shuffled_1,5,0.382539,0.828154,0.068539,1
dinoL518,2000,20.0,R2_cut,shuffled_2,5,0.398163,0.807501,0.068539,1
dinoL518,2000,20.0,R2_cut,shuffled_3,5,0.397486,0.815706,0.068539,1
dinoL518,2000,20.0,R2_cut,shuffled_4,5,0.395059,0.801802,0.068539,1
dinoL518,2000,20.0,R2_cut,shuffled_5,5,0.42971,0.826484,0.068539,1
dinoL518,2000,20.0,R2_cut,shuffled_6,5,0.432861,0.82565,0.068539,1
dinoL518,2000,20.0,R2_cut,shuffled_7,5,0.383049,0.79937,0.068539,1
dinoL518,2000,20.0,R2_cut,shuffled_8,5,0.381424,0.82565,0.068539,1
dinoL518,2000,20.0,R2_cut,shuffled_9,5,0.399723,0.821494,0.068539,1
dinoL518,2000,20.0,R3_render,asc_index,5,0.324654,0.828989,0.066821,1
dinoL518,2000,20.0,R3_render,asc_nc,5,0.363747,0.763668,0.066821,1
dinoL518,2000,20.0,R3_render,desc_es,5,0.366271,0.941748,0.066821,1
dinoL518,2000,20.0,R3_render,desc_nc,5,0.391474,1.0,0.066821,1
dinoL518,2000,20.0,R3_render,shuffled_0,5,0.348797,0.808318,0.066821,1
dinoL518,2000,20.0,R3_render,shuffled_1,5,0.356272,0.828154,0.066821,1
dinoL518,2000,20.0,R3_render,shuffled_2,5,0.361377,0.807501,0.066821,1
dinoL518,2000,20.0,R3_render,shuffled_3,5,0.351532,0.815706,0.066821,1
dinoL518,2000,20.0,R3_render,shuffled_4,5,0.358425,0.801802,0.066821,1
dinoL518,2000,20.0,R3_render,shuffled_5,5,0.399876,0.826484,0.066821,1
dinoL518,2000,20.0,R3_render,shuffled_6,5,0.382866,0.82565,0.066821,1
dinoL518,2000,20.0,R3_render,shuffled_7,5,0.346793,0.79937,0.066821,1
dinoL518,2000,20.0,R3_render,shuffled_8,5,0.35607,0.82565,0.066821,1
dinoL518,2000,20.0,R3_render,shuffled_9,5,0.35501,0.821494,0.066821,1
dinoL518,2000,40.0,R2_cut,asc_index,5,0.380772,0.844168,0.047051,0
dinoL518,2000,40.0,R2_cut,asc_nc,5,0.370532,0.777778,0.047051,0
dinoL518,2000,40.0,R2_cut,desc_es,5,0.401574,0.895735,0.047051,0
dinoL518,2000,40.0,R2_cut,desc_nc,5,0.379263,1.0,0.047051,0
dinoL518,2000,40.0,R2_cut,shuffled_0,5,0.359582,0.815706,0.047051,0
dinoL518,2000,40.0,R2_cut,shuffled_1,5,0.41552,0.819009,0.047051,0
dinoL518,2000,40.0,R2_cut,shuffled_2,5,0.402577,0.80018,0.047051,0
dinoL518,2000,40.0,R2_cut,shuffled_3,5,0.390431,0.818182,0.047051,0
dinoL518,2000,40.0,R2_cut,shuffled_4,5,0.422925,0.805869,0.047051,0
dinoL518,2000,40.0,R2_cut,shuffled_5,5,0.426313,0.817356,0.047051,0
dinoL518,2000,40.0,R2_cut,shuffled_6,5,0.422881,0.806685,0.047051,0
dinoL518,2000,40.0,R2_cut,shuffled_7,5,0.388484,0.798561,0.047051,0
dinoL518,2000,40.0,R2_cut,shuffled_8,5,0.368351,0.831502,0.047051,0
dinoL518,2000,40.0,R2_cut,shuffled_9,5,0.392877,0.815706,0.047051,0
dinoL518,2000,40.0,R3_render,asc_index,5,0.332005,0.844168,0.038692,0
dinoL518,2000,40.0,R3_render,asc_nc,5,0.342582,0.777778,0.038692,0
dinoL518,2000,40.0,R3_render,desc_es,5,0.375727,0.895735,0.038692,0
dinoL518,2000,40.0,R3_render,desc_nc,5,0.35028,1.0,0.038692,0
dinoL518,2000,40.0,R3_render,shuffled_0,5,0.338323,0.815706,0.038692,0
dinoL518,2000,40.0,R3_render,shuffled_1,5,0.383081,0.819009,0.038692,0
dinoL518,2000,40.0,R3_render,shuffled_2,5,0.372015,0.80018,0.038692,0
dinoL518,2000,40.0,R3_render,shuffled_3,5,0.345325,0.818182,0.038692,0
dinoL518,2000,40.0,R3_render,shuffled_4,5,0.384795,0.805869,0.038692,0
dinoL518,2000,40.0,R3_render,shuffled_5,5,0.388972,0.817356,0.038692,0
dinoL518,2000,40.0,R3_render,shuffled_6,5,0.376892,0.806685,0.038692,0
dinoL518,2000,40.0,R3_render,shuffled_7,5,0.351322,0.798561,0.038692,0
dinoL518,2000,40.0,R3_render,shuffled_8,5,0.346141,0.831502,0.038692,0
dinoL518,2000,40.0,R3_render,shuffled_9,5,0.356187,0.815706,0.038692,0
dinoL518,3000,0.02,R2_cut,asc_index,5,0.229413,1.0,0.0,0
dinoL518,3000,0.02,R2_cut,asc_nc,5,0.229413,1.0,0.0,0
dinoL518,3000,0.02,R2_cut,desc_es,5,0.229413,1.0,0.0,0
dinoL518,3000,0.02,R2_cut,desc_nc,5,0.229413,1.0,0.0,0
dinoL518,3000,0.02,R2_cut,shuffled_0,5,0.229413,1.0,0.0,0
dinoL518,3000,0.02,R2_cut,shuffled_1,5,0.229413,1.0,0.0,0
dinoL518,3000,0.02,R2_cut,shuffled_2,5,0.229413,1.0,0.0,0
dinoL518,3000,0.02,R2_cut,shuffled_3,5,0.229413,1.0,0.0,0
dinoL518,3000,0.02,R2_cut,shuffled_4,5,0.229413,1.0,0.0,0
dinoL518,3000,0.02,R2_cut,shuffled_5,5,0.229413,1.0,0.0,0
dinoL518,3000,0.02,R2_cut,shuffled_6,5,0.229413,1.0,0.0,0
dinoL518,3000,0.02,R2_cut,shuffled_7,5,0.229413,1.0,0.0,0
dinoL518,3000,0.02,R2_cut,shuffled_8,5,0.229413,1.0,0.0,0
dinoL518,3000,0.02,R2_cut,shuffled_9,5,0.229413,1.0,0.0,0
dinoL518,3000,0.02,R3_render,asc_index,5,0.177241,1.0,0.0,0
dinoL518,3000,0.02,R3_render,asc_nc,5,0.177241,1.0,0.0,0
dinoL518,3000,0.02,R3_render,desc_es,5,0.177241,1.0,0.0,0
dinoL518,3000,0.02,R3_render,desc_nc,5,0.177241,1.0,0.0,0
dinoL518,3000,0.02,R3_render,shuffled_0,5,0.177241,1.0,0.0,0
dinoL518,3000,0.02,R3_render,shuffled_1,5,0.177241,1.0,0.0,0
dinoL518,3000,0.02,R3_render,shuffled_2,5,0.177241,1.0,0.0,0
dinoL518,3000,0.02,R3_render,shuffled_3,5,0.177241,1.0,0.0,0
dinoL518,3000,0.02,R3_render,shuffled_4,5,0.177241,1.0,0.0,0
dinoL518,3000,0.02,R3_render,shuffled_5,5,0.177241,1.0,0.0,0
dinoL518,3000,0.02,R3_render,shuffled_6,5,0.177241,1.0,0.0,0
dinoL518,3000,0.02,R3_render,shuffled_7,5,0.177241,1.0,0.0,0
dinoL518,3000,0.02,R3_render,shuffled_8,5,0.177241,1.0,0.0,0
dinoL518,3000,0.02,R3_render,shuffled_9,5,0.177241,1.0,0.0,0
dinoL518,3000,0.05,R2_cut,asc_index,5,0.24856,1.0,0.019147,0
dinoL518,3000,0.05,R2_cut,asc_nc,5,0.229413,0.996672,0.019147,0
dinoL518,3000,0.05,R2_cut,desc_es,5,0.24856,1.0,0.019147,0
dinoL518,3000,0.05,R2_cut,desc_nc,5,0.24856,1.0,0.019147,0
dinoL518,3000,0.05,R2_cut,shuffled_0,5,0.24856,1.0,0.019147,0
dinoL518,3000,0.05,R2_cut,shuffled_1,5,0.24856,1.0,0.019147,0
dinoL518,3000,0.05,R2_cut,shuffled_2,5,0.24856,1.0,0.019147,0
dinoL518,3000,0.05,R2_cut,shuffled_3,5,0.229413,0.996672,0.019147,0
dinoL518,3000,0.05,R2_cut,shuffled_4,5,0.229413,0.996672,0.019147,0
dinoL518,3000,0.05,R2_cut,shuffled_5,5,0.229413,0.996672,0.019147,0
dinoL518,3000,0.05,R2_cut,shuffled_6,5,0.229413,0.996672,0.019147,0
dinoL518,3000,0.05,R2_cut,shuffled_7,5,0.24856,1.0,0.019147,0
dinoL518,3000,0.05,R2_cut,shuffled_8,5,0.229413,0.996672,0.019147,0
dinoL518,3000,0.05,R2_cut,shuffled_9,5,0.24856,1.0,0.019147,0
dinoL518,3000,0.05,R3_render,asc_index,5,0.186479,1.0,0.009238,0
dinoL518,3000,0.05,R3_render,asc_nc,5,0.177241,0.996672,0.009238,0
dinoL518,3000,0.05,R3_render,desc_es,5,0.186479,1.0,0.009238,0
dinoL518,3000,0.05,R3_render,desc_nc,5,0.186479,1.0,0.009238,0
dinoL518,3000,0.05,R3_render,shuffled_0,5,0.186479,1.0,0.009238,0
dinoL518,3000,0.05,R3_render,shuffled_1,5,0.186479,1.0,0.009238,0
dinoL518,3000,0.05,R3_render,shuffled_2,5,0.186479,1.0,0.009238,0
dinoL518,3000,0.05,R3_render,shuffled_3,5,0.177241,0.996672,0.009238,0
dinoL518,3000,0.05,R3_render,shuffled_4,5,0.177241,0.996672,0.009238,0
dinoL518,3000,0.05,R3_render,shuffled_5,5,0.177241,0.996672,0.009238,0
dinoL518,3000,0.05,R3_render,shuffled_6,5,0.177241,0.996672,0.009238,0
dinoL518,3000,0.05,R3_render,shuffled_7,5,0.186479,1.0,0.009238,0
dinoL518,3000,0.05,R3_render,shuffled_8,5,0.177241,0.996672,0.009238,0
dinoL518,3000,0.05,R3_render,shuffled_9,5,0.186479,1.0,0.009238,0
dinoL518,3000,0.1,R2_cut,asc_index,5,0.230955,1.0,0.005624,0
dinoL518,3000,0.1,R2_cut,asc_nc,5,0.23658,0.956309,0.005624,0
dinoL518,3000,0.1,R2_cut,desc_es,5,0.230955,1.0,0.005624,0
dinoL518,3000,0.1,R2_cut,desc_nc,5,0.230955,1.0,0.005624,0
dinoL518,3000,0.1,R2_cut,shuffled_0,5,0.230955,1.0,0.005624,0
dinoL518,3000,0.1,R2_cut,shuffled_1,5,0.230955,1.0,0.005624,0
dinoL518,3000,0.1,R2_cut,shuffled_2,5,0.230955,1.0,0.005624,0
dinoL518,3000,0.1,R2_cut,shuffled_3,5,0.23658,0.956309,0.005624,0
dinoL518,3000,0.1,R2_cut,shuffled_4,5,0.23658,0.956309,0.005624,0
dinoL518,3000,0.1,R2_cut,shuffled_5,5,0.23658,0.956309,0.005624,0
dinoL518,3000,0.1,R2_cut,shuffled_6,5,0.23658,0.956309,0.005624,0
dinoL518,3000,0.1,R2_cut,shuffled_7,5,0.230955,1.0,0.005624,0
dinoL518,3000,0.1,R2_cut,shuffled_8,5,0.23658,0.956309,0.005624,0
dinoL518,3000,0.1,R2_cut,shuffled_9,5,0.230955,1.0,0.005624,0
dinoL518,3000,0.1,R3_render,asc_index,5,0.169956,1.0,0.011988,0
dinoL518,3000,0.1,R3_render,asc_nc,5,0.181944,0.956309,0.011988,0
dinoL518,3000,0.1,R3_render,desc_es,5,0.169956,1.0,0.011988,0
dinoL518,3000,0.1,R3_render,desc_nc,5,0.169956,1.0,0.011988,0
dinoL518,3000,0.1,R3_render,shuffled_0,5,0.169956,1.0,0.011988,0
dinoL518,3000,0.1,R3_render,shuffled_1,5,0.169956,1.0,0.011988,0
dinoL518,3000,0.1,R3_render,shuffled_2,5,0.169956,1.0,0.011988,0
dinoL518,3000,0.1,R3_render,shuffled_3,5,0.181944,0.956309,0.011988,0
dinoL518,3000,0.1,R3_render,shuffled_4,5,0.181944,0.956309,0.011988,0
dinoL518,3000,0.1,R3_render,shuffled_5,5,0.181944,0.956309,0.011988,0
dinoL518,3000,0.1,R3_render,shuffled_6,5,0.181944,0.956309,0.011988,0
dinoL518,3000,0.1,R3_render,shuffled_7,5,0.169956,1.0,0.011988,0
dinoL518,3000,0.1,R3_render,shuffled_8,5,0.181944,0.956309,0.011988,0
dinoL518,3000,0.1,R3_render,shuffled_9,5,0.169956,1.0,0.011988,0
dinoL518,3000,0.2,R2_cut,asc_index,5,0.233326,0.996008,0.015255,0
dinoL518,3000,0.2,R2_cut,asc_nc,5,0.220043,0.858736,0.015255,0
dinoL518,3000,0.2,R2_cut,desc_es,5,0.235298,1.0,0.015255,0
dinoL518,3000,0.2,R2_cut,desc_nc,5,0.235298,1.0,0.015255,0
dinoL518,3000,0.2,R2_cut,shuffled_0,5,0.244865,0.994681,0.015255,0
dinoL518,3000,0.2,R2_cut,shuffled_1,5,0.237292,0.998668,0.015255,0
dinoL518,3000,0.2,R2_cut,shuffled_2,5,0.226871,0.996672,0.015255,0
dinoL518,3000,0.2,R2_cut,shuffled_3,5,0.220043,0.858736,0.015255,0
dinoL518,3000,0.2,R2_cut,shuffled_4,5,0.220043,0.858736,0.015255,0
dinoL518,3000,0.2,R2_cut,shuffled_5,5,0.233067,0.864512,0.015255,0
dinoL518,3000,0.2,R2_cut,shuffled_6,5,0.220043,0.858736,0.015255,0
dinoL518,3000,0.2,R2_cut,shuffled_7,5,0.244865,0.994681,0.015255,0
dinoL518,3000,0.2,R2_cut,shuffled_8,5,0.220043,0.858736,0.015255,0
dinoL518,3000,0.2,R2_cut,shuffled_9,5,0.235298,1.0,0.015255,0
dinoL518,3000,0.2,R3_render,asc_index,5,0.177419,0.996008,0.013993,0
dinoL518,3000,0.2,R3_render,asc_nc,5,0.16612,0.858736,0.013993,0
dinoL518,3000,0.2,R3_render,desc_es,5,0.180114,1.0,0.013993,0
dinoL518,3000,0.2,R3_render,desc_nc,5,0.180114,1.0,0.013993,0
dinoL518,3000,0.2,R3_render,shuffled_0,5,0.192977,0.994681,0.013993,0
dinoL518,3000,0.2,R3_render,shuffled_1,5,0.178113,0.998668,0.013993,0
dinoL518,3000,0.2,R3_render,shuffled_2,5,0.181728,0.996672,0.013993,0
dinoL518,3000,0.2,R3_render,shuffled_3,5,0.16612,0.858736,0.013993,0
dinoL518,3000,0.2,R3_render,shuffled_4,5,0.16612,0.858736,0.013993,0
dinoL518,3000,0.2,R3_render,shuffled_5,5,0.178255,0.864512,0.013993,0
dinoL518,3000,0.2,R3_render,shuffled_6,5,0.16612,0.858736,0.013993,0
dinoL518,3000,0.2,R3_render,shuffled_7,5,0.192977,0.994681,0.013993,0
dinoL518,3000,0.2,R3_render,shuffled_8,5,0.16612,0.858736,0.013993,0
dinoL518,3000,0.2,R3_render,shuffled_9,5,0.180114,1.0,0.013993,0
dinoL518,3000,0.5,R2_cut,asc_index,5,0.197725,0.88798,0.019465,0
dinoL518,3000,0.5,R2_cut,asc_nc,5,0.209434,0.782002,0.019465,0
dinoL518,3000,0.5,R2_cut,desc_es,5,0.185946,0.998668,0.019465,0
dinoL518,3000,0.5,R2_cut,desc_nc,5,0.196997,1.0,0.019465,0
dinoL518,3000,0.5,R2_cut,shuffled_0,5,0.205197,0.865092,0.019465,0
dinoL518,3000,0.5,R2_cut,shuffled_1,5,0.189535,0.920615,0.019465,0
dinoL518,3000,0.5,R2_cut,shuffled_2,5,0.194657,0.913265,0.019465,0
dinoL518,3000,0.5,R2_cut,shuffled_3,5,0.205465,0.780944,0.019465,0
dinoL518,3000,0.5,R2_cut,shuffled_4,5,0.216462,0.780415,0.019465,0
dinoL518,3000,0.5,R2_cut,shuffled_5,5,0.211924,0.824263,0.019465,0
dinoL518,3000,0.5,R2_cut,shuffled_6,5,0.204416,0.785183,0.019465,0
dinoL518,3000,0.5,R2_cut,shuffled_7,5,0.192925,0.870324,0.019465,0
dinoL518,3000,0.5,R2_cut,shuffled_8,5,0.205916,0.794258,0.019465,0
dinoL518,3000,0.5,R2_cut,shuffled_9,5,0.186024,0.952489,0.019465,0
dinoL518,3000,0.5,R3_render,asc_index,5,0.164578,0.88798,0.015832,0
dinoL518,3000,0.5,R3_render,asc_nc,5,0.153107,0.782002,0.015832,0
dinoL518,3000,0.5,R3_render,desc_es,5,0.148928,0.998668,0.015832,0
dinoL518,3000,0.5,R3_render,desc_nc,5,0.152503,1.0,0.015832,0
dinoL518,3000,0.5,R3_render,shuffled_0,5,0.168334,0.865092,0.015832,0
dinoL518,3000,0.5,R3_render,shuffled_1,5,0.157427,0.920615,0.015832,0
dinoL518,3000,0.5,R3_render,shuffled_2,5,0.139709,0.913265,0.015832,0
dinoL518,3000,0.5,R3_render,shuffled_3,5,0.162836,0.780944,0.015832,0
dinoL518,3000,0.5,R3_render,shuffled_4,5,0.162828,0.780415,0.015832,0
dinoL518,3000,0.5,R3_render,shuffled_5,5,0.168176,0.824263,0.015832,0
dinoL518,3000,0.5,R3_render,shuffled_6,5,0.153344,0.785183,0.015832,0
dinoL518,3000,0.5,R3_render,shuffled_7,5,0.150228,0.870324,0.015832,0
dinoL518,3000,0.5,R3_render,shuffled_8,5,0.151515,0.794258,0.015832,0
dinoL518,3000,0.5,R3_render,shuffled_9,5,0.156294,0.952489,0.015832,0
dinoL518,3000,1.0,R2_cut,asc_index,5,0.168116,0.829268,0.024253,0
dinoL518,3000,1.0,R2_cut,asc_nc,5,0.139231,0.772526,0.024253,0
dinoL518,3000,1.0,R2_cut,desc_es,5,0.162047,0.996672,0.024253,0
dinoL518,3000,1.0,R2_cut,desc_nc,5,0.159943,1.0,0.024253,0
dinoL518,3000,1.0,R2_cut,shuffled_0,5,0.141641,0.833181,0.024253,0
dinoL518,3000,1.0,R2_cut,shuffled_1,5,0.156706,0.841621,0.024253,0
dinoL518,3000,1.0,R2_cut,shuffled_2,5,0.150993,0.845018,0.024253,0
dinoL518,3000,1.0,R2_cut,shuffled_3,5,0.141625,0.834862,0.024253,0
dinoL518,3000,1.0,R2_cut,shuffled_4,5,0.163553,0.7991,0.024253,0
dinoL518,3000,1.0,R2_cut,shuffled_5,5,0.147,0.845018,0.024253,0
dinoL518,3000,1.0,R2_cut,shuffled_6,5,0.149728,0.79587,0.024253,0
dinoL518,3000,1.0,R2_cut,shuffled_7,5,0.135691,0.819836,0.024253,0
dinoL518,3000,1.0,R2_cut,shuffled_8,5,0.142915,0.805054,0.024253,0
dinoL518,3000,1.0,R2_cut,shuffled_9,5,0.146581,0.850139,0.024253,0
dinoL518,3000,1.0,R3_render,asc_index,5,0.138069,0.829268,0.031653,0
dinoL518,3000,1.0,R3_render,asc_nc,5,0.114574,0.772526,0.031653,0
dinoL518,3000,1.0,R3_render,desc_es,5,0.132425,0.996672,0.031653,0
dinoL518,3000,1.0,R3_render,desc_nc,5,0.139824,1.0,0.031653,0
dinoL518,3000,1.0,R3_render,shuffled_0,5,0.112008,0.833181,0.031653,0
dinoL518,3000,1.0,R3_render,shuffled_1,5,0.135908,0.841621,0.031653,0
dinoL518,3000,1.0,R3_render,shuffled_2,5,0.126661,0.845018,0.031653,0
dinoL518,3000,1.0,R3_render,shuffled_3,5,0.10907,0.834862,0.031653,0
dinoL518,3000,1.0,R3_render,shuffled_4,5,0.139018,0.7991,0.031653,0
dinoL518,3000,1.0,R3_render,shuffled_5,5,0.124126,0.845018,0.031653,0
dinoL518,3000,1.0,R3_render,shuffled_6,5,0.121114,0.79587,0.031653,0
dinoL518,3000,1.0,R3_render,shuffled_7,5,0.108171,0.819836,0.031653,0
dinoL518,3000,1.0,R3_render,shuffled_8,5,0.116305,0.805054,0.031653,0
dinoL518,3000,1.0,R3_render,shuffled_9,5,0.123595,0.850139,0.031653,0
dinoL518,3000,2.0,R2_cut,asc_index,5,0.157037,0.829268,0.030932,0
dinoL518,3000,2.0,R2_cut,asc_nc,5,0.134381,0.766784,0.030932,0
dinoL518,3000,2.0,R2_cut,desc_es,5,0.125263,0.988731,0.030932,0
dinoL518,3000,2.0,R2_cut,desc_nc,5,0.130141,1.0,0.030932,0
dinoL518,3000,2.0,R2_cut,shuffled_0,5,0.115118,0.825928,0.030932,0
dinoL518,3000,2.0,R2_cut,shuffled_1,5,0.152609,0.825928,0.030932,0
dinoL518,3000,2.0,R2_cut,shuffled_2,5,0.119003,0.833741,0.030932,0
dinoL518,3000,2.0,R2_cut,shuffled_3,5,0.108709,0.838799,0.030932,0
dinoL518,3000,2.0,R2_cut,shuffled_4,5,0.130707,0.819836,0.030932,0
dinoL518,3000,2.0,R2_cut,shuffled_5,5,0.145941,0.839926,0.030932,0
dinoL518,3000,2.0,R2_cut,shuffled_6,5,0.156262,0.814882,0.030932,0
dinoL518,3000,2.0,R2_cut,shuffled_7,5,0.136332,0.813785,0.030932,0
dinoL518,3000,2.0,R2_cut,shuffled_8,5,0.099209,0.823154,0.030932,0
dinoL518,3000,2.0,R2_cut,shuffled_9,5,0.157418,0.828711,0.030932,0
dinoL518,3000,2.0,R3_render,asc_index,5,0.142796,0.829268,0.0398,0
dinoL518,3000,2.0,R3_render,asc_nc,5,0.107575,0.766784,0.0398,0
dinoL518,3000,2.0,R3_render,desc_es,5,0.122682,0.988731,0.0398,0
dinoL518,3000,2.0,R3_render,desc_nc,5,0.12076,1.0,0.0398,0
dinoL518,3000,2.0,R3_render,shuffled_0,5,0.097588,0.825928,0.0398,0
dinoL518,3000,2.0,R3_render,shuffled_1,5,0.121613,0.825928,0.0398,0
dinoL518,3000,2.0,R3_render,shuffled_2,5,0.095793,0.833741,0.0398,0
dinoL518,3000,2.0,R3_render,shuffled_3,5,0.087162,0.838799,0.0398,0
dinoL518,3000,2.0,R3_render,shuffled_4,5,0.108368,0.819836,0.0398,0
dinoL518,3000,2.0,R3_render,shuffled_5,5,0.135166,0.839926,0.0398,0
dinoL518,3000,2.0,R3_render,shuffled_6,5,0.134998,0.814882,0.0398,0
dinoL518,3000,2.0,R3_render,shuffled_7,5,0.099471,0.813785,0.0398,0
dinoL518,3000,2.0,R3_render,shuffled_8,5,0.08096,0.823154,0.0398,0
dinoL518,3000,2.0,R3_render,shuffled_9,5,0.134545,0.828711,0.0398,0
dinoL518,3000,5.0,R2_cut,asc_index,5,0.142428,0.815981,0.029317,0
dinoL518,3000,5.0,R2_cut,asc_nc,5,0.139805,0.767305,0.029317,0
dinoL518,3000,5.0,R2_cut,desc_es,5,0.120407,0.984783,0.029317,0
dinoL518,3000,5.0,R2_cut,desc_nc,5,0.120596,1.0,0.029317,0
dinoL518,3000,5.0,R2_cut,shuffled_0,5,0.099163,0.811047,0.029317,0
dinoL518,3000,5.0,R2_cut,shuffled_1,5,0.145779,0.818182,0.029317,0
dinoL518,3000,5.0,R2_cut,shuffled_2,5,0.130366,0.825373,0.029317,0
dinoL518,3000,5.0,R2_cut,shuffled_3,5,0.098517,0.828711,0.029317,0
dinoL518,3000,5.0,R2_cut,shuffled_4,5,0.117204,0.812689,0.029317,0
dinoL518,3000,5.0,R2_cut,shuffled_5,5,0.139281,0.833741,0.029317,0
dinoL518,3000,5.0,R2_cut,shuffled_6,5,0.144365,0.827597,0.029317,0
dinoL518,3000,5.0,R2_cut,shuffled_7,5,0.131625,0.798561,0.029317,0
dinoL518,3000,5.0,R2_cut,shuffled_8,5,0.126612,0.821494,0.029317,0
dinoL518,3000,5.0,R2_cut,shuffled_9,5,0.149913,0.822047,0.029317,0
dinoL518,3000,5.0,R3_render,asc_index,5,0.131558,0.815981,0.034554,0
dinoL518,3000,5.0,R3_render,asc_nc,5,0.118685,0.767305,0.034554,0
dinoL518,3000,5.0,R3_render,desc_es,5,0.104177,0.984783,0.034554,0
dinoL518,3000,5.0,R3_render,desc_nc,5,0.1072,1.0,0.034554,0
dinoL518,3000,5.0,R3_render,shuffled_0,5,0.074099,0.811047,0.034554,0
dinoL518,3000,5.0,R3_render,shuffled_1,5,0.116907,0.818182,0.034554,0
dinoL518,3000,5.0,R3_render,shuffled_2,5,0.121416,0.825373,0.034554,0
dinoL518,3000,5.0,R3_render,shuffled_3,5,0.102825,0.828711,0.034554,0
dinoL518,3000,5.0,R3_render,shuffled_4,5,0.108927,0.812689,0.034554,0
dinoL518,3000,5.0,R3_render,shuffled_5,5,0.132077,0.833741,0.034554,0
dinoL518,3000,5.0,R3_render,shuffled_6,5,0.131266,0.827597,0.034554,0
dinoL518,3000,5.0,R3_render,shuffled_7,5,0.104426,0.798561,0.034554,0
dinoL518,3000,5.0,R3_render,shuffled_8,5,0.108091,0.821494,0.034554,0
dinoL518,3000,5.0,R3_render,shuffled_9,5,0.141754,0.822047,0.034554,0
dinoL518,3000,10.0,R2_cut,asc_index,5,0.149367,0.827597,0.049845,0
dinoL518,3000,10.0,R2_cut,asc_nc,5,0.136763,0.765745,0.049845,0
dinoL518,3000,10.0,R2_cut,desc_es,5,0.117356,0.961425,0.049845,0
dinoL518,3000,10.0,R2_cut,desc_nc,5,0.127903,1.0,0.049845,0
dinoL518,3000,10.0,R2_cut,shuffled_0,5,0.078058,0.813237,0.049845,0
dinoL518,3000,10.0,R2_cut,shuffled_1,5,0.133849,0.822047,0.049845,0
dinoL518,3000,10.0,R2_cut,shuffled_2,5,0.11546,0.814333,0.049845,0
dinoL518,3000,10.0,R2_cut,shuffled_3,5,0.127331,0.828711,0.049845,0
dinoL518,3000,10.0,R2_cut,shuffled_4,5,0.125179,0.809409,0.049845,0
dinoL518,3000,10.0,R2_cut,shuffled_5,5,0.128201,0.831502,0.049845,0
dinoL518,3000,10.0,R2_cut,shuffled_6,5,0.139857,0.825928,0.049845,0
dinoL518,3000,10.0,R2_cut,shuffled_7,5,0.119051,0.798022,0.049845,0
dinoL518,3000,10.0,R2_cut,shuffled_8,5,0.116449,0.825373,0.049845,0
dinoL518,3000,10.0,R2_cut,shuffled_9,5,0.133663,0.820941,0.049845,0
dinoL518,3000,10.0,R3_render,asc_index,5,0.13771,0.827597,0.031433,0
dinoL518,3000,10.0,R3_render,asc_nc,5,0.120731,0.765745,0.031433,0
dinoL518,3000,10.0,R3_render,desc_es,5,0.10876,0.961425,0.031433,0
dinoL518,3000,10.0,R3_render,desc_nc,5,0.114652,1.0,0.031433,0
dinoL518,3000,10.0,R3_render,shuffled_0,5,0.083219,0.813237,0.031433,0
dinoL518,3000,10.0,R3_render,shuffled_1,5,0.106822,0.822047,0.031433,0
dinoL518,3000,10.0,R3_render,shuffled_2,5,0.118943,0.814333,0.031433,0
dinoL518,3000,10.0,R3_render,shuffled_3,5,0.126666,0.828711,0.031433,0
dinoL518,3000,10.0,R3_render,shuffled_4,5,0.103945,0.809409,0.031433,0
dinoL518,3000,10.0,R3_render,shuffled_5,5,0.11809,0.831502,0.031433,0
dinoL518,3000,10.0,R3_render,shuffled_6,5,0.133297,0.825928,0.031433,0
dinoL518,3000,10.0,R3_render,shuffled_7,5,0.105506,0.798022,0.031433,0
dinoL518,3000,10.0,R3_render,shuffled_8,5,0.08785,0.825373,0.031433,0
dinoL518,3000,10.0,R3_render,shuffled_9,5,0.127976,0.820941,0.031433,0
dinoL518,3000,20.0,R2_cut,asc_index,5,0.14803,0.823154,0.034865,0
dinoL518,3000,20.0,R2_cut,asc_nc,5,0.152933,0.768868,0.034865,0
dinoL518,3000,20.0,R2_cut,desc_es,5,0.121356,0.949318,0.034865,0
dinoL518,3000,20.0,R2_cut,desc_nc,5,0.127107,1.0,0.034865,0
dinoL518,3000,20.0,R2_cut,shuffled_0,5,0.092241,0.817081,0.034865,0
dinoL518,3000,20.0,R2_cut,shuffled_1,5,0.146248,0.817631,0.034865,0
dinoL518,3000,20.0,R2_cut,shuffled_2,5,0.116424,0.813785,0.034865,0
dinoL518,3000,20.0,R2_cut,shuffled_3,5,0.120633,0.826484,0.034865,0
dinoL518,3000,20.0,R2_cut,shuffled_4,5,0.125271,0.804511,0.034865,0
dinoL518,3000,20.0,R2_cut,shuffled_5,5,0.11006,0.8226,0.034865,0
dinoL518,3000,20.0,R2_cut,shuffled_6,5,0.141612,0.823154,0.034865,0
dinoL518,3000,20.0,R2_cut,shuffled_7,5,0.124576,0.798022,0.034865,0
dinoL518,3000,20.0,R2_cut,shuffled_8,5,0.116382,0.823708,0.034865,0
dinoL518,3000,20.0,R2_cut,shuffled_9,5,0.144815,0.820388,0.034865,0
dinoL518,3000,20.0,R3_render,asc_index,5,0.139624,0.823154,0.032612,0
dinoL518,3000,20.0,R3_render,asc_nc,5,0.143687,0.768868,0.032612,0
dinoL518,3000,20.0,R3_render,desc_es,5,0.10498,0.949318,0.032612,0
dinoL518,3000,20.0,R3_render,desc_nc,5,0.111075,1.0,0.032612,0
dinoL518,3000,20.0,R3_render,shuffled_0,5,0.089004,0.817081,0.032612,0
dinoL518,3000,20.0,R3_render,shuffled_1,5,0.116046,0.817631,0.032612,0
dinoL518,3000,20.0,R3_render,shuffled_2,5,0.097877,0.813785,0.032612,0
dinoL518,3000,20.0,R3_render,shuffled_3,5,0.114091,0.826484,0.032612,0
dinoL518,3000,20.0,R3_render,shuffled_4,5,0.111206,0.804511,0.032612,0
dinoL518,3000,20.0,R3_render,shuffled_5,5,0.109741,0.8226,0.032612,0
dinoL518,3000,20.0,R3_render,shuffled_6,5,0.120377,0.823154,0.032612,0
dinoL518,3000,20.0,R3_render,shuffled_7,5,0.0928,0.798022,0.032612,0
dinoL518,3000,20.0,R3_render,shuffled_8,5,0.095809,0.823708,0.032612,0
dinoL518,3000,20.0,R3_render,shuffled_9,5,0.135234,0.820388,0.032612,0
dinoL518,3000,40.0,R2_cut,asc_index,5,0.151715,0.842752,0.048425,0
dinoL518,3000,40.0,R2_cut,asc_nc,5,0.148849,0.794795,0.048425,0
dinoL518,3000,40.0,R2_cut,desc_es,5,0.114356,0.91022,0.048425,0
dinoL518,3000,40.0,R2_cut,desc_nc,5,0.1344,1.0,0.048425,0
dinoL518,3000,40.0,R2_cut,shuffled_0,5,0.085975,0.814882,0.048425,0
dinoL518,3000,40.0,R2_cut,shuffled_1,5,0.137063,0.8226,0.048425,0
dinoL518,3000,40.0,R2_cut,shuffled_2,5,0.104033,0.809409,0.048425,0
dinoL518,3000,40.0,R2_cut,shuffled_3,5,0.118837,0.833741,0.048425,0
dinoL518,3000,40.0,R2_cut,shuffled_4,5,0.125565,0.80018,0.048425,0
dinoL518,3000,40.0,R2_cut,shuffled_5,5,0.131763,0.820388,0.048425,0
dinoL518,3000,40.0,R2_cut,shuffled_6,5,0.140049,0.803969,0.048425,0
dinoL518,3000,40.0,R2_cut,shuffled_7,5,0.116033,0.814333,0.048425,0
dinoL518,3000,40.0,R2_cut,shuffled_8,5,0.106827,0.810501,0.048425,0
dinoL518,3000,40.0,R2_cut,shuffled_9,5,0.137586,0.833741,0.048425,0
dinoL518,3000,40.0,R3_render,asc_index,5,0.135047,0.842752,0.037732,0
dinoL518,3000,40.0,R3_render,asc_nc,5,0.134192,0.794795,0.037732,0
dinoL518,3000,40.0,R3_render,desc_es,5,0.111911,0.91022,0.037732,0
dinoL518,3000,40.0,R3_render,desc_nc,5,0.113999,1.0,0.037732,0
dinoL518,3000,40.0,R3_render,shuffled_0,5,0.076266,0.814882,0.037732,0
dinoL518,3000,40.0,R3_render,shuffled_1,5,0.111945,0.8226,0.037732,0
dinoL518,3000,40.0,R3_render,shuffled_2,5,0.079671,0.809409,0.037732,0
dinoL518,3000,40.0,R3_render,shuffled_3,5,0.100198,0.833741,0.037732,0
dinoL518,3000,40.0,R3_render,shuffled_4,5,0.113048,0.80018,0.037732,0
dinoL518,3000,40.0,R3_render,shuffled_5,5,0.12793,0.820388,0.037732,0
dinoL518,3000,40.0,R3_render,shuffled_6,5,0.121697,0.803969,0.037732,0
dinoL518,3000,40.0,R3_render,shuffled_7,5,0.096044,0.814333,0.037732,0
dinoL518,3000,40.0,R3_render,shuffled_8,5,0.083461,0.810501,0.037732,0
dinoL518,3000,40.0,R3_render,shuffled_9,5,0.125558,0.833741,0.037732,0
dinoL518,4447,0.02,R2_cut,asc_index,5,-0.34435,1.0,0.0,0
dinoL518,4447,0.02,R2_cut,asc_nc,5,-0.34435,1.0,0.0,0
dinoL518,4447,0.02,R2_cut,desc_es,5,-0.34435,1.0,0.0,0
dinoL518,4447,0.02,R2_cut,desc_nc,5,-0.34435,1.0,0.0,0
dinoL518,4447,0.02,R2_cut,shuffled_0,5,-0.34435,1.0,0.0,0
dinoL518,4447,0.02,R2_cut,shuffled_1,5,-0.34435,1.0,0.0,0
dinoL518,4447,0.02,R2_cut,shuffled_2,5,-0.34435,1.0,0.0,0
dinoL518,4447,0.02,R2_cut,shuffled_3,5,-0.34435,1.0,0.0,0
dinoL518,4447,0.02,R2_cut,shuffled_4,5,-0.34435,1.0,0.0,0
dinoL518,4447,0.02,R2_cut,shuffled_5,5,-0.34435,1.0,0.0,0
dinoL518,4447,0.02,R2_cut,shuffled_6,5,-0.34435,1.0,0.0,0
dinoL518,4447,0.02,R2_cut,shuffled_7,5,-0.34435,1.0,0.0,0
dinoL518,4447,0.02,R2_cut,shuffled_8,5,-0.34435,1.0,0.0,0
dinoL518,4447,0.02,R2_cut,shuffled_9,5,-0.34435,1.0,0.0,0
dinoL518,4447,0.02,R3_render,asc_index,5,-0.320136,1.0,0.0,0
dinoL518,4447,0.02,R3_render,asc_nc,5,-0.320136,1.0,0.0,0
dinoL518,4447,0.02,R3_render,desc_es,5,-0.320136,1.0,0.0,0
dinoL518,4447,0.02,R3_render,desc_nc,5,-0.320136,1.0,0.0,0
dinoL518,4447,0.02,R3_render,shuffled_0,5,-0.320136,1.0,0.0,0
dinoL518,4447,0.02,R3_render,shuffled_1,5,-0.320136,1.0,0.0,0
dinoL518,4447,0.02,R3_render,shuffled_2,5,-0.320136,1.0,0.0,0
dinoL518,4447,0.02,R3_render,shuffled_3,5,-0.320136,1.0,0.0,0
dinoL518,4447,0.02,R3_render,shuffled_4,5,-0.320136,1.0,0.0,0
dinoL518,4447,0.02,R3_render,shuffled_5,5,-0.320136,1.0,0.0,0
dinoL518,4447,0.02,R3_render,shuffled_6,5,-0.320136,1.0,0.0,0
dinoL518,4447,0.02,R3_render,shuffled_7,5,-0.320136,1.0,0.0,0
dinoL518,4447,0.02,R3_render,shuffled_8,5,-0.320136,1.0,0.0,0
dinoL518,4447,0.02,R3_render,shuffled_9,5,-0.320136,1.0,0.0,0
dinoL518,4447,0.05,R2_cut,asc_index,5,-0.34435,1.0,0.0,0
dinoL518,4447,0.05,R2_cut,asc_nc,5,-0.34435,1.0,0.0,0
dinoL518,4447,0.05,R2_cut,desc_es,5,-0.34435,1.0,0.0,0
dinoL518,4447,0.05,R2_cut,desc_nc,5,-0.34435,1.0,0.0,0
dinoL518,4447,0.05,R2_cut,shuffled_0,5,-0.34435,1.0,0.0,0
dinoL518,4447,0.05,R2_cut,shuffled_1,5,-0.34435,1.0,0.0,0
dinoL518,4447,0.05,R2_cut,shuffled_2,5,-0.34435,1.0,0.0,0
dinoL518,4447,0.05,R2_cut,shuffled_3,5,-0.34435,1.0,0.0,0
dinoL518,4447,0.05,R2_cut,shuffled_4,5,-0.34435,1.0,0.0,0
dinoL518,4447,0.05,R2_cut,shuffled_5,5,-0.34435,1.0,0.0,0
dinoL518,4447,0.05,R2_cut,shuffled_6,5,-0.34435,1.0,0.0,0
dinoL518,4447,0.05,R2_cut,shuffled_7,5,-0.34435,1.0,0.0,0
dinoL518,4447,0.05,R2_cut,shuffled_8,5,-0.34435,1.0,0.0,0
dinoL518,4447,0.05,R2_cut,shuffled_9,5,-0.34435,1.0,0.0,0
dinoL518,4447,0.05,R3_render,asc_index,5,-0.320136,1.0,0.0,0
dinoL518,4447,0.05,R3_render,asc_nc,5,-0.320136,1.0,0.0,0
dinoL518,4447,0.05,R3_render,desc_es,5,-0.320136,1.0,0.0,0
dinoL518,4447,0.05,R3_render,desc_nc,5,-0.320136,1.0,0.0,0
dinoL518,4447,0.05,R3_render,shuffled_0,5,-0.320136,1.0,0.0,0
dinoL518,4447,0.05,R3_render,shuffled_1,5,-0.320136,1.0,0.0,0
dinoL518,4447,0.05,R3_render,shuffled_2,5,-0.320136,1.0,0.0,0
dinoL518,4447,0.05,R3_render,shuffled_3,5,-0.320136,1.0,0.0,0
dinoL518,4447,0.05,R3_render,shuffled_4,5,-0.320136,1.0,0.0,0
dinoL518,4447,0.05,R3_render,shuffled_5,5,-0.320136,1.0,0.0,0
dinoL518,4447,0.05,R3_render,shuffled_6,5,-0.320136,1.0,0.0,0
dinoL518,4447,0.05,R3_render,shuffled_7,5,-0.320136,1.0,0.0,0
dinoL518,4447,0.05,R3_render,shuffled_8,5,-0.320136,1.0,0.0,0
dinoL518,4447,0.05,R3_render,shuffled_9,5,-0.320136,1.0,0.0,0
dinoL518,4447,0.1,R2_cut,asc_index,5,-0.34435,1.0,0.0,0
dinoL518,4447,0.1,R2_cut,asc_nc,5,-0.34435,1.0,0.0,0
dinoL518,4447,0.1,R2_cut,desc_es,5,-0.34435,1.0,0.0,0
dinoL518,4447,0.1,R2_cut,desc_nc,5,-0.34435,1.0,0.0,0
dinoL518,4447,0.1,R2_cut,shuffled_0,5,-0.34435,1.0,0.0,0
dinoL518,4447,0.1,R2_cut,shuffled_1,5,-0.34435,1.0,0.0,0
dinoL518,4447,0.1,R2_cut,shuffled_2,5,-0.34435,1.0,0.0,0
dinoL518,4447,0.1,R2_cut,shuffled_3,5,-0.34435,1.0,0.0,0
dinoL518,4447,0.1,R2_cut,shuffled_4,5,-0.34435,1.0,0.0,0
dinoL518,4447,0.1,R2_cut,shuffled_5,5,-0.34435,1.0,0.0,0
dinoL518,4447,0.1,R2_cut,shuffled_6,5,-0.34435,1.0,0.0,0
dinoL518,4447,0.1,R2_cut,shuffled_7,5,-0.34435,1.0,0.0,0
dinoL518,4447,0.1,R2_cut,shuffled_8,5,-0.34435,1.0,0.0,0
dinoL518,4447,0.1,R2_cut,shuffled_9,5,-0.34435,1.0,0.0,0
dinoL518,4447,0.1,R3_render,asc_index,5,-0.320136,1.0,0.0,0
dinoL518,4447,0.1,R3_render,asc_nc,5,-0.320136,1.0,0.0,0
dinoL518,4447,0.1,R3_render,desc_es,5,-0.320136,1.0,0.0,0
dinoL518,4447,0.1,R3_render,desc_nc,5,-0.320136,1.0,0.0,0
dinoL518,4447,0.1,R3_render,shuffled_0,5,-0.320136,1.0,0.0,0
dinoL518,4447,0.1,R3_render,shuffled_1,5,-0.320136,1.0,0.0,0
dinoL518,4447,0.1,R3_render,shuffled_2,5,-0.320136,1.0,0.0,0
dinoL518,4447,0.1,R3_render,shuffled_3,5,-0.320136,1.0,0.0,0
dinoL518,4447,0.1,R3_render,shuffled_4,5,-0.320136,1.0,0.0,0
dinoL518,4447,0.1,R3_render,shuffled_5,5,-0.320136,1.0,0.0,0
dinoL518,4447,0.1,R3_render,shuffled_6,5,-0.320136,1.0,0.0,0
dinoL518,4447,0.1,R3_render,shuffled_7,5,-0.320136,1.0,0.0,0
dinoL518,4447,0.1,R3_render,shuffled_8,5,-0.320136,1.0,0.0,0
dinoL518,4447,0.1,R3_render,shuffled_9,5,-0.320136,1.0,0.0,0
dinoL518,4447,0.2,R2_cut,asc_index,5,-0.34435,1.0,0.0,0
dinoL518,4447,0.2,R2_cut,asc_nc,5,-0.34435,1.0,0.0,0
dinoL518,4447,0.2,R2_cut,desc_es,5,-0.34435,1.0,0.0,0
dinoL518,4447,0.2,R2_cut,desc_nc,5,-0.34435,1.0,0.0,0
dinoL518,4447,0.2,R2_cut,shuffled_0,5,-0.34435,1.0,0.0,0
dinoL518,4447,0.2,R2_cut,shuffled_1,5,-0.34435,1.0,0.0,0
dinoL518,4447,0.2,R2_cut,shuffled_2,5,-0.34435,1.0,0.0,0
dinoL518,4447,0.2,R2_cut,shuffled_3,5,-0.34435,1.0,0.0,0
dinoL518,4447,0.2,R2_cut,shuffled_4,5,-0.34435,1.0,0.0,0
dinoL518,4447,0.2,R2_cut,shuffled_5,5,-0.34435,1.0,0.0,0
dinoL518,4447,0.2,R2_cut,shuffled_6,5,-0.34435,1.0,0.0,0
dinoL518,4447,0.2,R2_cut,shuffled_7,5,-0.34435,1.0,0.0,0
dinoL518,4447,0.2,R2_cut,shuffled_8,5,-0.34435,1.0,0.0,0
dinoL518,4447,0.2,R2_cut,shuffled_9,5,-0.34435,1.0,0.0,0
dinoL518,4447,0.2,R3_render,asc_index,5,-0.320136,1.0,0.0,0
dinoL518,4447,0.2,R3_render,asc_nc,5,-0.320136,1.0,0.0,0
dinoL518,4447,0.2,R3_render,desc_es,5,-0.320136,1.0,0.0,0
dinoL518,4447,0.2,R3_render,desc_nc,5,-0.320136,1.0,0.0,0
dinoL518,4447,0.2,R3_render,shuffled_0,5,-0.320136,1.0,0.0,0
dinoL518,4447,0.2,R3_render,shuffled_1,5,-0.320136,1.0,0.0,0
dinoL518,4447,0.2,R3_render,shuffled_2,5,-0.320136,1.0,0.0,0
dinoL518,4447,0.2,R3_render,shuffled_3,5,-0.320136,1.0,0.0,0
dinoL518,4447,0.2,R3_render,shuffled_4,5,-0.320136,1.0,0.0,0
dinoL518,4447,0.2,R3_render,shuffled_5,5,-0.320136,1.0,0.0,0
dinoL518,4447,0.2,R3_render,shuffled_6,5,-0.320136,1.0,0.0,0
dinoL518,4447,0.2,R3_render,shuffled_7,5,-0.320136,1.0,0.0,0
dinoL518,4447,0.2,R3_render,shuffled_8,5,-0.320136,1.0,0.0,0
dinoL518,4447,0.2,R3_render,shuffled_9,5,-0.320136,1.0,0.0,0
dinoL518,4447,0.5,R2_cut,asc_index,5,-0.34435,1.0,0.0,0
dinoL518,4447,0.5,R2_cut,asc_nc,5,-0.34435,1.0,0.0,0
dinoL518,4447,0.5,R2_cut,desc_es,5,-0.34435,1.0,0.0,0
dinoL518,4447,0.5,R2_cut,desc_nc,5,-0.34435,1.0,0.0,0
dinoL518,4447,0.5,R2_cut,shuffled_0,5,-0.34435,1.0,0.0,0
dinoL518,4447,0.5,R2_cut,shuffled_1,5,-0.34435,1.0,0.0,0
dinoL518,4447,0.5,R2_cut,shuffled_2,5,-0.34435,1.0,0.0,0
dinoL518,4447,0.5,R2_cut,shuffled_3,5,-0.34435,1.0,0.0,0
dinoL518,4447,0.5,R2_cut,shuffled_4,5,-0.34435,1.0,0.0,0
dinoL518,4447,0.5,R2_cut,shuffled_5,5,-0.34435,1.0,0.0,0
dinoL518,4447,0.5,R2_cut,shuffled_6,5,-0.34435,1.0,0.0,0
dinoL518,4447,0.5,R2_cut,shuffled_7,5,-0.34435,1.0,0.0,0
dinoL518,4447,0.5,R2_cut,shuffled_8,5,-0.34435,1.0,0.0,0
dinoL518,4447,0.5,R2_cut,shuffled_9,5,-0.34435,1.0,0.0,0
dinoL518,4447,0.5,R3_render,asc_index,5,-0.320136,1.0,0.0,0
dinoL518,4447,0.5,R3_render,asc_nc,5,-0.320136,1.0,0.0,0
dinoL518,4447,0.5,R3_render,desc_es,5,-0.320136,1.0,0.0,0
dinoL518,4447,0.5,R3_render,desc_nc,5,-0.320136,1.0,0.0,0
dinoL518,4447,0.5,R3_render,shuffled_0,5,-0.320136,1.0,0.0,0
dinoL518,4447,0.5,R3_render,shuffled_1,5,-0.320136,1.0,0.0,0
dinoL518,4447,0.5,R3_render,shuffled_2,5,-0.320136,1.0,0.0,0
dinoL518,4447,0.5,R3_render,shuffled_3,5,-0.320136,1.0,0.0,0
dinoL518,4447,0.5,R3_render,shuffled_4,5,-0.320136,1.0,0.0,0
dinoL518,4447,0.5,R3_render,shuffled_5,5,-0.320136,1.0,0.0,0
dinoL518,4447,0.5,R3_render,shuffled_6,5,-0.320136,1.0,0.0,0
dinoL518,4447,0.5,R3_render,shuffled_7,5,-0.320136,1.0,0.0,0
dinoL518,4447,0.5,R3_render,shuffled_8,5,-0.320136,1.0,0.0,0
dinoL518,4447,0.5,R3_render,shuffled_9,5,-0.320136,1.0,0.0,0
dinoL518,4447,1.0,R2_cut,asc_index,5,-0.34435,1.0,0.0,0
dinoL518,4447,1.0,R2_cut,asc_nc,5,-0.34435,1.0,0.0,0
dinoL518,4447,1.0,R2_cut,desc_es,5,-0.34435,1.0,0.0,0
dinoL518,4447,1.0,R2_cut,desc_nc,5,-0.34435,1.0,0.0,0
dinoL518,4447,1.0,R2_cut,shuffled_0,5,-0.34435,1.0,0.0,0
dinoL518,4447,1.0,R2_cut,shuffled_1,5,-0.34435,1.0,0.0,0
dinoL518,4447,1.0,R2_cut,shuffled_2,5,-0.34435,1.0,0.0,0
dinoL518,4447,1.0,R2_cut,shuffled_3,5,-0.34435,1.0,0.0,0
dinoL518,4447,1.0,R2_cut,shuffled_4,5,-0.34435,1.0,0.0,0
dinoL518,4447,1.0,R2_cut,shuffled_5,5,-0.34435,1.0,0.0,0
dinoL518,4447,1.0,R2_cut,shuffled_6,5,-0.34435,1.0,0.0,0
dinoL518,4447,1.0,R2_cut,shuffled_7,5,-0.34435,1.0,0.0,0
dinoL518,4447,1.0,R2_cut,shuffled_8,5,-0.34435,1.0,0.0,0
dinoL518,4447,1.0,R2_cut,shuffled_9,5,-0.34435,1.0,0.0,0
dinoL518,4447,1.0,R3_render,asc_index,5,-0.320136,1.0,0.0,0
dinoL518,4447,1.0,R3_render,asc_nc,5,-0.320136,1.0,0.0,0
dinoL518,4447,1.0,R3_render,desc_es,5,-0.320136,1.0,0.0,0
dinoL518,4447,1.0,R3_render,desc_nc,5,-0.320136,1.0,0.0,0
dinoL518,4447,1.0,R3_render,shuffled_0,5,-0.320136,1.0,0.0,0
dinoL518,4447,1.0,R3_render,shuffled_1,5,-0.320136,1.0,0.0,0
dinoL518,4447,1.0,R3_render,shuffled_2,5,-0.320136,1.0,0.0,0
dinoL518,4447,1.0,R3_render,shuffled_3,5,-0.320136,1.0,0.0,0
dinoL518,4447,1.0,R3_render,shuffled_4,5,-0.320136,1.0,0.0,0
dinoL518,4447,1.0,R3_render,shuffled_5,5,-0.320136,1.0,0.0,0
dinoL518,4447,1.0,R3_render,shuffled_6,5,-0.320136,1.0,0.0,0
dinoL518,4447,1.0,R3_render,shuffled_7,5,-0.320136,1.0,0.0,0
dinoL518,4447,1.0,R3_render,shuffled_8,5,-0.320136,1.0,0.0,0
dinoL518,4447,1.0,R3_render,shuffled_9,5,-0.320136,1.0,0.0,0
dinoL518,4447,2.0,R2_cut,asc_index,5,-0.34435,1.0,0.0,0
dinoL518,4447,2.0,R2_cut,asc_nc,5,-0.34435,1.0,0.0,0
dinoL518,4447,2.0,R2_cut,desc_es,5,-0.34435,1.0,0.0,0
dinoL518,4447,2.0,R2_cut,desc_nc,5,-0.34435,1.0,0.0,0
dinoL518,4447,2.0,R2_cut,shuffled_0,5,-0.34435,1.0,0.0,0
dinoL518,4447,2.0,R2_cut,shuffled_1,5,-0.34435,1.0,0.0,0
dinoL518,4447,2.0,R2_cut,shuffled_2,5,-0.34435,1.0,0.0,0
dinoL518,4447,2.0,R2_cut,shuffled_3,5,-0.34435,1.0,0.0,0
dinoL518,4447,2.0,R2_cut,shuffled_4,5,-0.34435,1.0,0.0,0
dinoL518,4447,2.0,R2_cut,shuffled_5,5,-0.34435,1.0,0.0,0
dinoL518,4447,2.0,R2_cut,shuffled_6,5,-0.34435,1.0,0.0,0
dinoL518,4447,2.0,R2_cut,shuffled_7,5,-0.34435,1.0,0.0,0
dinoL518,4447,2.0,R2_cut,shuffled_8,5,-0.34435,1.0,0.0,0
dinoL518,4447,2.0,R2_cut,shuffled_9,5,-0.34435,1.0,0.0,0
dinoL518,4447,2.0,R3_render,asc_index,5,-0.320136,1.0,0.0,0
dinoL518,4447,2.0,R3_render,asc_nc,5,-0.320136,1.0,0.0,0
dinoL518,4447,2.0,R3_render,desc_es,5,-0.320136,1.0,0.0,0
dinoL518,4447,2.0,R3_render,desc_nc,5,-0.320136,1.0,0.0,0
dinoL518,4447,2.0,R3_render,shuffled_0,5,-0.320136,1.0,0.0,0
dinoL518,4447,2.0,R3_render,shuffled_1,5,-0.320136,1.0,0.0,0
dinoL518,4447,2.0,R3_render,shuffled_2,5,-0.320136,1.0,0.0,0
dinoL518,4447,2.0,R3_render,shuffled_3,5,-0.320136,1.0,0.0,0
dinoL518,4447,2.0,R3_render,shuffled_4,5,-0.320136,1.0,0.0,0
dinoL518,4447,2.0,R3_render,shuffled_5,5,-0.320136,1.0,0.0,0
dinoL518,4447,2.0,R3_render,shuffled_6,5,-0.320136,1.0,0.0,0
dinoL518,4447,2.0,R3_render,shuffled_7,5,-0.320136,1.0,0.0,0
dinoL518,4447,2.0,R3_render,shuffled_8,5,-0.320136,1.0,0.0,0
dinoL518,4447,2.0,R3_render,shuffled_9,5,-0.320136,1.0,0.0,0
dinoL518,4447,5.0,R2_cut,asc_index,5,-0.34435,1.0,0.0,0
dinoL518,4447,5.0,R2_cut,asc_nc,5,-0.34435,1.0,0.0,0
dinoL518,4447,5.0,R2_cut,desc_es,5,-0.34435,1.0,0.0,0
dinoL518,4447,5.0,R2_cut,desc_nc,5,-0.34435,1.0,0.0,0
dinoL518,4447,5.0,R2_cut,shuffled_0,5,-0.34435,1.0,0.0,0
dinoL518,4447,5.0,R2_cut,shuffled_1,5,-0.34435,1.0,0.0,0
dinoL518,4447,5.0,R2_cut,shuffled_2,5,-0.34435,1.0,0.0,0
dinoL518,4447,5.0,R2_cut,shuffled_3,5,-0.34435,1.0,0.0,0
dinoL518,4447,5.0,R2_cut,shuffled_4,5,-0.34435,1.0,0.0,0
dinoL518,4447,5.0,R2_cut,shuffled_5,5,-0.34435,1.0,0.0,0
dinoL518,4447,5.0,R2_cut,shuffled_6,5,-0.34435,1.0,0.0,0
dinoL518,4447,5.0,R2_cut,shuffled_7,5,-0.34435,1.0,0.0,0
dinoL518,4447,5.0,R2_cut,shuffled_8,5,-0.34435,1.0,0.0,0
dinoL518,4447,5.0,R2_cut,shuffled_9,5,-0.34435,1.0,0.0,0
dinoL518,4447,5.0,R3_render,asc_index,5,-0.320136,1.0,0.0,0
dinoL518,4447,5.0,R3_render,asc_nc,5,-0.320136,1.0,0.0,0
dinoL518,4447,5.0,R3_render,desc_es,5,-0.320136,1.0,0.0,0
dinoL518,4447,5.0,R3_render,desc_nc,5,-0.320136,1.0,0.0,0
dinoL518,4447,5.0,R3_render,shuffled_0,5,-0.320136,1.0,0.0,0
dinoL518,4447,5.0,R3_render,shuffled_1,5,-0.320136,1.0,0.0,0
dinoL518,4447,5.0,R3_render,shuffled_2,5,-0.320136,1.0,0.0,0
dinoL518,4447,5.0,R3_render,shuffled_3,5,-0.320136,1.0,0.0,0
dinoL518,4447,5.0,R3_render,shuffled_4,5,-0.320136,1.0,0.0,0
dinoL518,4447,5.0,R3_render,shuffled_5,5,-0.320136,1.0,0.0,0
dinoL518,4447,5.0,R3_render,shuffled_6,5,-0.320136,1.0,0.0,0
dinoL518,4447,5.0,R3_render,shuffled_7,5,-0.320136,1.0,0.0,0
dinoL518,4447,5.0,R3_render,shuffled_8,5,-0.320136,1.0,0.0,0
dinoL518,4447,5.0,R3_render,shuffled_9,5,-0.320136,1.0,0.0,0
dinoL518,4447,10.0,R2_cut,asc_index,5,-0.34435,1.0,0.0,0
dinoL518,4447,10.0,R2_cut,asc_nc,5,-0.34435,1.0,0.0,0
dinoL518,4447,10.0,R2_cut,desc_es,5,-0.34435,1.0,0.0,0
dinoL518,4447,10.0,R2_cut,desc_nc,5,-0.34435,1.0,0.0,0
dinoL518,4447,10.0,R2_cut,shuffled_0,5,-0.34435,1.0,0.0,0
dinoL518,4447,10.0,R2_cut,shuffled_1,5,-0.34435,1.0,0.0,0
dinoL518,4447,10.0,R2_cut,shuffled_2,5,-0.34435,1.0,0.0,0
dinoL518,4447,10.0,R2_cut,shuffled_3,5,-0.34435,1.0,0.0,0
dinoL518,4447,10.0,R2_cut,shuffled_4,5,-0.34435,1.0,0.0,0
dinoL518,4447,10.0,R2_cut,shuffled_5,5,-0.34435,1.0,0.0,0
dinoL518,4447,10.0,R2_cut,shuffled_6,5,-0.34435,1.0,0.0,0
dinoL518,4447,10.0,R2_cut,shuffled_7,5,-0.34435,1.0,0.0,0
dinoL518,4447,10.0,R2_cut,shuffled_8,5,-0.34435,1.0,0.0,0
dinoL518,4447,10.0,R2_cut,shuffled_9,5,-0.34435,1.0,0.0,0
dinoL518,4447,10.0,R3_render,asc_index,5,-0.320136,1.0,0.0,0
dinoL518,4447,10.0,R3_render,asc_nc,5,-0.320136,1.0,0.0,0
dinoL518,4447,10.0,R3_render,desc_es,5,-0.320136,1.0,0.0,0
dinoL518,4447,10.0,R3_render,desc_nc,5,-0.320136,1.0,0.0,0
dinoL518,4447,10.0,R3_render,shuffled_0,5,-0.320136,1.0,0.0,0
dinoL518,4447,10.0,R3_render,shuffled_1,5,-0.320136,1.0,0.0,0
dinoL518,4447,10.0,R3_render,shuffled_2,5,-0.320136,1.0,0.0,0
dinoL518,4447,10.0,R3_render,shuffled_3,5,-0.320136,1.0,0.0,0
dinoL518,4447,10.0,R3_render,shuffled_4,5,-0.320136,1.0,0.0,0
dinoL518,4447,10.0,R3_render,shuffled_5,5,-0.320136,1.0,0.0,0
dinoL518,4447,10.0,R3_render,shuffled_6,5,-0.320136,1.0,0.0,0
dinoL518,4447,10.0,R3_render,shuffled_7,5,-0.320136,1.0,0.0,0
dinoL518,4447,10.0,R3_render,shuffled_8,5,-0.320136,1.0,0.0,0
dinoL518,4447,10.0,R3_render,shuffled_9,5,-0.320136,1.0,0.0,0
dinoL518,4447,20.0,R2_cut,asc_index,5,-0.34435,1.0,0.0,0
dinoL518,4447,20.0,R2_cut,asc_nc,5,-0.34435,1.0,0.0,0
dinoL518,4447,20.0,R2_cut,desc_es,5,-0.34435,1.0,0.0,0
dinoL518,4447,20.0,R2_cut,desc_nc,5,-0.34435,1.0,0.0,0
dinoL518,4447,20.0,R2_cut,shuffled_0,5,-0.34435,1.0,0.0,0
dinoL518,4447,20.0,R2_cut,shuffled_1,5,-0.34435,1.0,0.0,0
dinoL518,4447,20.0,R2_cut,shuffled_2,5,-0.34435,1.0,0.0,0
dinoL518,4447,20.0,R2_cut,shuffled_3,5,-0.34435,1.0,0.0,0
dinoL518,4447,20.0,R2_cut,shuffled_4,5,-0.34435,1.0,0.0,0
dinoL518,4447,20.0,R2_cut,shuffled_5,5,-0.34435,1.0,0.0,0
dinoL518,4447,20.0,R2_cut,shuffled_6,5,-0.34435,1.0,0.0,0
dinoL518,4447,20.0,R2_cut,shuffled_7,5,-0.34435,1.0,0.0,0
dinoL518,4447,20.0,R2_cut,shuffled_8,5,-0.34435,1.0,0.0,0
dinoL518,4447,20.0,R2_cut,shuffled_9,5,-0.34435,1.0,0.0,0
dinoL518,4447,20.0,R3_render,asc_index,5,-0.320136,1.0,0.0,0
dinoL518,4447,20.0,R3_render,asc_nc,5,-0.320136,1.0,0.0,0
dinoL518,4447,20.0,R3_render,desc_es,5,-0.320136,1.0,0.0,0
dinoL518,4447,20.0,R3_render,desc_nc,5,-0.320136,1.0,0.0,0
dinoL518,4447,20.0,R3_render,shuffled_0,5,-0.320136,1.0,0.0,0
dinoL518,4447,20.0,R3_render,shuffled_1,5,-0.320136,1.0,0.0,0
dinoL518,4447,20.0,R3_render,shuffled_2,5,-0.320136,1.0,0.0,0
dinoL518,4447,20.0,R3_render,shuffled_3,5,-0.320136,1.0,0.0,0
dinoL518,4447,20.0,R3_render,shuffled_4,5,-0.320136,1.0,0.0,0
dinoL518,4447,20.0,R3_render,shuffled_5,5,-0.320136,1.0,0.0,0
dinoL518,4447,20.0,R3_render,shuffled_6,5,-0.320136,1.0,0.0,0
dinoL518,4447,20.0,R3_render,shuffled_7,5,-0.320136,1.0,0.0,0
dinoL518,4447,20.0,R3_render,shuffled_8,5,-0.320136,1.0,0.0,0
dinoL518,4447,20.0,R3_render,shuffled_9,5,-0.320136,1.0,0.0,0
dinoL518,4447,40.0,R2_cut,asc_index,5,-0.34435,1.0,0.0,0
dinoL518,4447,40.0,R2_cut,asc_nc,5,-0.34435,1.0,0.0,0
dinoL518,4447,40.0,R2_cut,desc_es,5,-0.34435,1.0,0.0,0
dinoL518,4447,40.0,R2_cut,desc_nc,5,-0.34435,1.0,0.0,0
dinoL518,4447,40.0,R2_cut,shuffled_0,5,-0.34435,1.0,0.0,0
dinoL518,4447,40.0,R2_cut,shuffled_1,5,-0.34435,1.0,0.0,0
dinoL518,4447,40.0,R2_cut,shuffled_2,5,-0.34435,1.0,0.0,0
dinoL518,4447,40.0,R2_cut,shuffled_3,5,-0.34435,1.0,0.0,0
dinoL518,4447,40.0,R2_cut,shuffled_4,5,-0.34435,1.0,0.0,0
dinoL518,4447,40.0,R2_cut,shuffled_5,5,-0.34435,1.0,0.0,0
dinoL518,4447,40.0,R2_cut,shuffled_6,5,-0.34435,1.0,0.0,0
dinoL518,4447,40.0,R2_cut,shuffled_7,5,-0.34435,1.0,0.0,0
dinoL518,4447,40.0,R2_cut,shuffled_8,5,-0.34435,1.0,0.0,0
dinoL518,4447,40.0,R2_cut,shuffled_9,5,-0.34435,1.0,0.0,0
dinoL518,4447,40.0,R3_render,asc_index,5,-0.320136,1.0,0.0,0
dinoL518,4447,40.0,R3_render,asc_nc,5,-0.320136,1.0,0.0,0
dinoL518,4447,40.0,R3_render,desc_es,5,-0.320136,1.0,0.0,0
dinoL518,4447,40.0,R3_render,desc_nc,5,-0.320136,1.0,0.0,0
dinoL518,4447,40.0,R3_render,shuffled_0,5,-0.320136,1.0,0.0,0
dinoL518,4447,40.0,R3_render,shuffled_1,5,-0.320136,1.0,0.0,0
dinoL518,4447,40.0,R3_render,shuffled_2,5,-0.320136,1.0,0.0,0
dinoL518,4447,40.0,R3_render,shuffled_3,5,-0.320136,1.0,0.0,0
dinoL518,4447,40.0,R3_render,shuffled_4,5,-0.320136,1.0,0.0,0
dinoL518,4447,40.0,R3_render,shuffled_5,5,-0.320136,1.0,0.0,0
dinoL518,4447,40.0,R3_render,shuffled_6,5,-0.320136,1.0,0.0,0
dinoL518,4447,40.0,R3_render,shuffled_7,5,-0.320136,1.0,0.0,0
dinoL518,4447,40.0,R3_render,shuffled_8,5,-0.320136,1.0,0.0,0
dinoL518,4447,40.0,R3_render,shuffled_9,5,-0.320136,1.0,0.0,0
dinoL224,250,0.02,R2_cut,asc_index,5,1.400124,1.0,0.0,0
dinoL224,250,0.02,R2_cut,asc_nc,5,1.400124,1.0,0.0,0
dinoL224,250,0.02,R2_cut,desc_es,5,1.400124,1.0,0.0,0
dinoL224,250,0.02,R2_cut,desc_nc,5,1.400124,1.0,0.0,0
dinoL224,250,0.02,R2_cut,shuffled_0,5,1.400124,1.0,0.0,0
dinoL224,250,0.02,R2_cut,shuffled_1,5,1.400124,1.0,0.0,0
dinoL224,250,0.02,R2_cut,shuffled_2,5,1.400124,1.0,0.0,0
dinoL224,250,0.02,R2_cut,shuffled_3,5,1.400124,1.0,0.0,0
dinoL224,250,0.02,R2_cut,shuffled_4,5,1.400124,1.0,0.0,0
dinoL224,250,0.02,R2_cut,shuffled_5,5,1.400124,1.0,0.0,0
dinoL224,250,0.02,R2_cut,shuffled_6,5,1.400124,1.0,0.0,0
dinoL224,250,0.02,R2_cut,shuffled_7,5,1.400124,1.0,0.0,0
dinoL224,250,0.02,R2_cut,shuffled_8,5,1.400124,1.0,0.0,0
dinoL224,250,0.02,R2_cut,shuffled_9,5,1.400124,1.0,0.0,0
dinoL224,250,0.02,R3_render,asc_index,5,1.306663,1.0,0.0,0
dinoL224,250,0.02,R3_render,asc_nc,5,1.306663,1.0,0.0,0
dinoL224,250,0.02,R3_render,desc_es,5,1.306663,1.0,0.0,0
dinoL224,250,0.02,R3_render,desc_nc,5,1.306663,1.0,0.0,0
dinoL224,250,0.02,R3_render,shuffled_0,5,1.306663,1.0,0.0,0
dinoL224,250,0.02,R3_render,shuffled_1,5,1.306663,1.0,0.0,0
dinoL224,250,0.02,R3_render,shuffled_2,5,1.306663,1.0,0.0,0
dinoL224,250,0.02,R3_render,shuffled_3,5,1.306663,1.0,0.0,0
dinoL224,250,0.02,R3_render,shuffled_4,5,1.306663,1.0,0.0,0
dinoL224,250,0.02,R3_render,shuffled_5,5,1.306663,1.0,0.0,0
dinoL224,250,0.02,R3_render,shuffled_6,5,1.306663,1.0,0.0,0
dinoL224,250,0.02,R3_render,shuffled_7,5,1.306663,1.0,0.0,0
dinoL224,250,0.02,R3_render,shuffled_8,5,1.306663,1.0,0.0,0
dinoL224,250,0.02,R3_render,shuffled_9,5,1.306663,1.0,0.0,0
dinoL224,250,0.05,R2_cut,asc_index,5,1.400124,1.0,0.0,0
dinoL224,250,0.05,R2_cut,asc_nc,5,1.400124,1.0,0.0,0
dinoL224,250,0.05,R2_cut,desc_es,5,1.400124,1.0,0.0,0
dinoL224,250,0.05,R2_cut,desc_nc,5,1.400124,1.0,0.0,0
dinoL224,250,0.05,R2_cut,shuffled_0,5,1.400124,1.0,0.0,0
dinoL224,250,0.05,R2_cut,shuffled_1,5,1.400124,1.0,0.0,0
dinoL224,250,0.05,R2_cut,shuffled_2,5,1.400124,1.0,0.0,0
dinoL224,250,0.05,R2_cut,shuffled_3,5,1.400124,1.0,0.0,0
dinoL224,250,0.05,R2_cut,shuffled_4,5,1.400124,1.0,0.0,0
dinoL224,250,0.05,R2_cut,shuffled_5,5,1.400124,1.0,0.0,0
dinoL224,250,0.05,R2_cut,shuffled_6,5,1.400124,1.0,0.0,0
dinoL224,250,0.05,R2_cut,shuffled_7,5,1.400124,1.0,0.0,0
dinoL224,250,0.05,R2_cut,shuffled_8,5,1.400124,1.0,0.0,0
dinoL224,250,0.05,R2_cut,shuffled_9,5,1.400124,1.0,0.0,0
dinoL224,250,0.05,R3_render,asc_index,5,1.306663,1.0,0.0,0
dinoL224,250,0.05,R3_render,asc_nc,5,1.306663,1.0,0.0,0
dinoL224,250,0.05,R3_render,desc_es,5,1.306663,1.0,0.0,0
dinoL224,250,0.05,R3_render,desc_nc,5,1.306663,1.0,0.0,0
dinoL224,250,0.05,R3_render,shuffled_0,5,1.306663,1.0,0.0,0
dinoL224,250,0.05,R3_render,shuffled_1,5,1.306663,1.0,0.0,0
dinoL224,250,0.05,R3_render,shuffled_2,5,1.306663,1.0,0.0,0
dinoL224,250,0.05,R3_render,shuffled_3,5,1.306663,1.0,0.0,0
dinoL224,250,0.05,R3_render,shuffled_4,5,1.306663,1.0,0.0,0
dinoL224,250,0.05,R3_render,shuffled_5,5,1.306663,1.0,0.0,0
dinoL224,250,0.05,R3_render,shuffled_6,5,1.306663,1.0,0.0,0
dinoL224,250,0.05,R3_render,shuffled_7,5,1.306663,1.0,0.0,0
dinoL224,250,0.05,R3_render,shuffled_8,5,1.306663,1.0,0.0,0
dinoL224,250,0.05,R3_render,shuffled_9,5,1.306663,1.0,0.0,0
dinoL224,250,0.1,R2_cut,asc_index,5,1.400124,1.0,0.0,0
dinoL224,250,0.1,R2_cut,asc_nc,5,1.400124,1.0,0.0,0
dinoL224,250,0.1,R2_cut,desc_es,5,1.400124,1.0,0.0,0
dinoL224,250,0.1,R2_cut,desc_nc,5,1.400124,1.0,0.0,0
dinoL224,250,0.1,R2_cut,shuffled_0,5,1.400124,1.0,0.0,0
dinoL224,250,0.1,R2_cut,shuffled_1,5,1.400124,1.0,0.0,0
dinoL224,250,0.1,R2_cut,shuffled_2,5,1.400124,1.0,0.0,0
dinoL224,250,0.1,R2_cut,shuffled_3,5,1.400124,1.0,0.0,0
dinoL224,250,0.1,R2_cut,shuffled_4,5,1.400124,1.0,0.0,0
dinoL224,250,0.1,R2_cut,shuffled_5,5,1.400124,1.0,0.0,0
dinoL224,250,0.1,R2_cut,shuffled_6,5,1.400124,1.0,0.0,0
dinoL224,250,0.1,R2_cut,shuffled_7,5,1.400124,1.0,0.0,0
dinoL224,250,0.1,R2_cut,shuffled_8,5,1.400124,1.0,0.0,0
dinoL224,250,0.1,R2_cut,shuffled_9,5,1.400124,1.0,0.0,0
dinoL224,250,0.1,R3_render,asc_index,5,1.306663,1.0,0.0,0
dinoL224,250,0.1,R3_render,asc_nc,5,1.306663,1.0,0.0,0
dinoL224,250,0.1,R3_render,desc_es,5,1.306663,1.0,0.0,0
dinoL224,250,0.1,R3_render,desc_nc,5,1.306663,1.0,0.0,0
dinoL224,250,0.1,R3_render,shuffled_0,5,1.306663,1.0,0.0,0
dinoL224,250,0.1,R3_render,shuffled_1,5,1.306663,1.0,0.0,0
dinoL224,250,0.1,R3_render,shuffled_2,5,1.306663,1.0,0.0,0
dinoL224,250,0.1,R3_render,shuffled_3,5,1.306663,1.0,0.0,0
dinoL224,250,0.1,R3_render,shuffled_4,5,1.306663,1.0,0.0,0
dinoL224,250,0.1,R3_render,shuffled_5,5,1.306663,1.0,0.0,0
dinoL224,250,0.1,R3_render,shuffled_6,5,1.306663,1.0,0.0,0
dinoL224,250,0.1,R3_render,shuffled_7,5,1.306663,1.0,0.0,0
dinoL224,250,0.1,R3_render,shuffled_8,5,1.306663,1.0,0.0,0
dinoL224,250,0.1,R3_render,shuffled_9,5,1.306663,1.0,0.0,0
dinoL224,250,0.2,R2_cut,asc_index,5,1.347792,1.0,0.0,0
dinoL224,250,0.2,R2_cut,asc_nc,5,1.347792,1.0,0.0,0
dinoL224,250,0.2,R2_cut,desc_es,5,1.347792,1.0,0.0,0
dinoL224,250,0.2,R2_cut,desc_nc,5,1.347792,1.0,0.0,0
dinoL224,250,0.2,R2_cut,shuffled_0,5,1.347792,1.0,0.0,0
dinoL224,250,0.2,R2_cut,shuffled_1,5,1.347792,1.0,0.0,0
dinoL224,250,0.2,R2_cut,shuffled_2,5,1.347792,1.0,0.0,0
dinoL224,250,0.2,R2_cut,shuffled_3,5,1.347792,1.0,0.0,0
dinoL224,250,0.2,R2_cut,shuffled_4,5,1.347792,1.0,0.0,0
dinoL224,250,0.2,R2_cut,shuffled_5,5,1.347792,1.0,0.0,0
dinoL224,250,0.2,R2_cut,shuffled_6,5,1.347792,1.0,0.0,0
dinoL224,250,0.2,R2_cut,shuffled_7,5,1.347792,1.0,0.0,0
dinoL224,250,0.2,R2_cut,shuffled_8,5,1.347792,1.0,0.0,0
dinoL224,250,0.2,R2_cut,shuffled_9,5,1.347792,1.0,0.0,0
dinoL224,250,0.2,R3_render,asc_index,5,1.264329,1.0,0.0,0
dinoL224,250,0.2,R3_render,asc_nc,5,1.264329,1.0,0.0,0
dinoL224,250,0.2,R3_render,desc_es,5,1.264329,1.0,0.0,0
dinoL224,250,0.2,R3_render,desc_nc,5,1.264329,1.0,0.0,0
dinoL224,250,0.2,R3_render,shuffled_0,5,1.264329,1.0,0.0,0
dinoL224,250,0.2,R3_render,shuffled_1,5,1.264329,1.0,0.0,0
dinoL224,250,0.2,R3_render,shuffled_2,5,1.264329,1.0,0.0,0
dinoL224,250,0.2,R3_render,shuffled_3,5,1.264329,1.0,0.0,0
dinoL224,250,0.2,R3_render,shuffled_4,5,1.264329,1.0,0.0,0
dinoL224,250,0.2,R3_render,shuffled_5,5,1.264329,1.0,0.0,0
dinoL224,250,0.2,R3_render,shuffled_6,5,1.264329,1.0,0.0,0
dinoL224,250,0.2,R3_render,shuffled_7,5,1.264329,1.0,0.0,0
dinoL224,250,0.2,R3_render,shuffled_8,5,1.264329,1.0,0.0,0
dinoL224,250,0.2,R3_render,shuffled_9,5,1.264329,1.0,0.0,0
dinoL224,250,0.5,R2_cut,asc_index,5,1.157022,0.937984,0.066994,1
dinoL224,250,0.5,R2_cut,asc_nc,5,1.118755,0.937984,0.066994,1
dinoL224,250,0.5,R2_cut,desc_es,5,1.13964,1.0,0.066994,1
dinoL224,250,0.5,R2_cut,desc_nc,5,1.13964,1.0,0.066994,1
dinoL224,250,0.5,R2_cut,shuffled_0,5,1.152927,0.937984,0.066994,1
dinoL224,250,0.5,R2_cut,shuffled_1,5,1.072646,0.968504,0.066994,1
dinoL224,250,0.5,R2_cut,shuffled_2,5,1.143679,0.968504,0.066994,1
dinoL224,250,0.5,R2_cut,shuffled_3,5,1.100161,0.937984,0.066994,1
dinoL224,250,0.5,R2_cut,shuffled_4,5,1.1455,0.945525,0.066994,1
dinoL224,250,0.5,R2_cut,shuffled_5,5,1.151336,0.937984,0.066994,1
dinoL224,250,0.5,R2_cut,shuffled_6,5,1.174679,0.930502,0.066994,1
dinoL224,250,0.5,R2_cut,shuffled_7,5,1.101023,0.945525,0.066994,1
dinoL224,250,0.5,R2_cut,shuffled_8,5,1.162047,0.953125,0.066994,1
dinoL224,250,0.5,R2_cut,shuffled_9,5,1.099265,0.945525,0.066994,1
dinoL224,250,0.5,R3_render,asc_index,5,1.120852,0.937984,0.060327,1
dinoL224,250,0.5,R3_render,asc_nc,5,1.101279,0.937984,0.060327,1
dinoL224,250,0.5,R3_render,desc_es,5,1.095171,1.0,0.060327,1
dinoL224,250,0.5,R3_render,desc_nc,5,1.095171,1.0,0.060327,1
dinoL224,250,0.5,R3_render,shuffled_0,5,1.141546,0.937984,0.060327,1
dinoL224,250,0.5,R3_render,shuffled_1,5,1.053377,0.968504,0.060327,1
dinoL224,250,0.5,R3_render,shuffled_2,5,1.125082,0.968504,0.060327,1
dinoL224,250,0.5,R3_render,shuffled_3,5,1.065395,0.937984,0.060327,1
dinoL224,250,0.5,R3_render,shuffled_4,5,1.099877,0.945525,0.060327,1
dinoL224,250,0.5,R3_render,shuffled_5,5,1.11955,0.937984,0.060327,1
dinoL224,250,0.5,R3_render,shuffled_6,5,1.155498,0.930502,0.060327,1
dinoL224,250,0.5,R3_render,shuffled_7,5,1.076707,0.945525,0.060327,1
dinoL224,250,0.5,R3_render,shuffled_8,5,1.113402,0.953125,0.060327,1
dinoL224,250,0.5,R3_render,shuffled_9,5,1.077572,0.945525,0.060327,1
dinoL224,250,1.0,R2_cut,asc_index,5,1.067947,0.818182,0.095824,1
dinoL224,250,1.0,R2_cut,asc_nc,5,1.064352,0.798561,0.095824,1
dinoL224,250,1.0,R2_cut,desc_es,5,1.046098,0.984127,0.095824,1
dinoL224,250,1.0,R2_cut,desc_nc,5,1.093995,1.0,0.095824,1
dinoL224,250,1.0,R2_cut,shuffled_0,5,1.038646,0.851852,0.095824,1
dinoL224,250,1.0,R2_cut,shuffled_1,5,1.041089,0.851852,0.095824,1
dinoL224,250,1.0,R2_cut,shuffled_2,5,0.998171,0.865672,0.095824,1
dinoL224,250,1.0,R2_cut,shuffled_3,5,1.079776,0.818182,0.095824,1
dinoL224,250,1.0,R2_cut,shuffled_4,5,1.00672,0.811594,0.095824,1
dinoL224,250,1.0,R2_cut,shuffled_5,5,1.160107,0.811594,0.095824,1
dinoL224,250,1.0,R2_cut,shuffled_6,5,1.04975,0.798561,0.095824,1
dinoL224,250,1.0,R2_cut,shuffled_7,5,1.111707,0.858736,0.095824,1
dinoL224,250,1.0,R2_cut,shuffled_8,5,1.15549,0.824818,0.095824,1
dinoL224,250,1.0,R2_cut,shuffled_9,5,1.093483,0.818182,0.095824,1
dinoL224,250,1.0,R3_render,asc_index,5,1.00298,0.818182,0.067963,1
dinoL224,250,1.0,R3_render,asc_nc,5,1.021974,0.798561,0.067963,1
dinoL224,250,1.0,R3_render,desc_es,5,1.014459,0.984127,0.067963,1
dinoL224,250,1.0,R3_render,desc_nc,5,1.026075,1.0,0.067963,1
dinoL224,250,1.0,R3_render,shuffled_0,5,0.995288,0.851852,0.067963,1
dinoL224,250,1.0,R3_render,shuffled_1,5,1.005157,0.851852,0.067963,1
dinoL224,250,1.0,R3_render,shuffled_2,5,0.958112,0.865672,0.067963,1
dinoL224,250,1.0,R3_render,shuffled_3,5,1.02468,0.818182,0.067963,1
dinoL224,250,1.0,R3_render,shuffled_4,5,0.989168,0.811594,0.067963,1
dinoL224,250,1.0,R3_render,shuffled_5,5,1.071476,0.811594,0.067963,1
dinoL224,250,1.0,R3_render,shuffled_6,5,1.042944,0.798561,0.067963,1
dinoL224,250,1.0,R3_render,shuffled_7,5,1.039127,0.858736,0.067963,1
dinoL224,250,1.0,R3_render,shuffled_8,5,1.072793,0.824818,0.067963,1
dinoL224,250,1.0,R3_render,shuffled_9,5,1.040441,0.818182,0.067963,1
dinoL224,250,2.0,R2_cut,asc_index,5,1.118574,0.824818,0.180023,1
dinoL224,250,2.0,R2_cut,asc_nc,5,1.192608,0.748252,0.180023,1
dinoL224,250,2.0,R2_cut,desc_es,5,1.304218,0.992032,0.180023,1
dinoL224,250,2.0,R2_cut,desc_nc,5,1.298598,1.0,0.180023,1
dinoL224,250,2.0,R2_cut,shuffled_0,5,1.257674,0.845018,0.180023,1
dinoL224,250,2.0,R2_cut,shuffled_1,5,1.297444,0.811594,0.180023,1
dinoL224,250,2.0,R2_cut,shuffled_2,5,1.21772,0.858736,0.180023,1
dinoL224,250,2.0,R2_cut,shuffled_3,5,1.184189,0.798561,0.180023,1
dinoL224,250,2.0,R2_cut,shuffled_4,5,1.234658,0.77305,0.180023,1
dinoL224,250,2.0,R2_cut,shuffled_5,5,1.266863,0.811594,0.180023,1
dinoL224,250,2.0,R2_cut,shuffled_6,5,1.276903,0.798561,0.180023,1
dinoL224,250,2.0,R2_cut,shuffled_7,5,1.193715,0.838235,0.180023,1
dinoL224,250,2.0,R2_cut,shuffled_8,5,1.225413,0.824818,0.180023,1
dinoL224,250,2.0,R2_cut,shuffled_9,5,1.290425,0.785714,0.180023,1
dinoL224,250,2.0,R3_render,asc_index,5,0.997534,0.824818,0.109189,1
dinoL224,250,2.0,R3_render,asc_nc,5,1.053566,0.748252,0.109189,1
dinoL224,250,2.0,R3_render,desc_es,5,1.112249,0.992032,0.109189,1
dinoL224,250,2.0,R3_render,desc_nc,5,1.098527,1.0,0.109189,1
dinoL224,250,2.0,R3_render,shuffled_0,5,1.154385,0.845018,0.109189,1
dinoL224,250,2.0,R3_render,shuffled_1,5,1.123251,0.811594,0.109189,1
dinoL224,250,2.0,R3_render,shuffled_2,5,0.989338,0.858736,0.109189,1
dinoL224,250,2.0,R3_render,shuffled_3,5,1.09205,0.798561,0.109189,1
dinoL224,250,2.0,R3_render,shuffled_4,5,1.156055,0.77305,0.109189,1
dinoL224,250,2.0,R3_render,shuffled_5,5,1.059637,0.811594,0.109189,1
dinoL224,250,2.0,R3_render,shuffled_6,5,1.105678,0.798561,0.109189,1
dinoL224,250,2.0,R3_render,shuffled_7,5,1.116612,0.838235,0.109189,1
dinoL224,250,2.0,R3_render,shuffled_8,5,1.082561,0.824818,0.109189,1
dinoL224,250,2.0,R3_render,shuffled_9,5,1.125709,0.785714,0.109189,1
dinoL224,250,5.0,R2_cut,asc_index,5,1.129096,0.838235,0.128272,1
dinoL224,250,5.0,R2_cut,asc_nc,5,1.21063,0.74216,0.128272,1
dinoL224,250,5.0,R2_cut,desc_es,5,1.163209,0.937984,0.128272,1
dinoL224,250,5.0,R2_cut,desc_nc,5,1.257368,1.0,0.128272,1
dinoL224,250,5.0,R2_cut,shuffled_0,5,1.205397,0.811594,0.128272,1
dinoL224,250,5.0,R2_cut,shuffled_1,5,1.256832,0.779359,0.128272,1
dinoL224,250,5.0,R2_cut,shuffled_2,5,1.211082,0.805054,0.128272,1
dinoL224,250,5.0,R2_cut,shuffled_3,5,1.203232,0.785714,0.128272,1
dinoL224,250,5.0,R2_cut,shuffled_4,5,1.25879,0.77305,0.128272,1
dinoL224,250,5.0,R2_cut,shuffled_5,5,1.224447,0.754386,0.128272,1
dinoL224,250,5.0,R2_cut,shuffled_6,5,1.191647,0.766784,0.128272,1
dinoL224,250,5.0,R2_cut,shuffled_7,5,1.234562,0.818182,0.128272,1
dinoL224,250,5.0,R2_cut,shuffled_8,5,1.23995,0.77305,0.128272,1
dinoL224,250,5.0,R2_cut,shuffled_9,5,1.137286,0.766784,0.128272,1
dinoL224,250,5.0,R3_render,asc_index,5,1.046486,0.838235,0.104115,1
dinoL224,250,5.0,R3_render,asc_nc,5,1.104852,0.74216,0.104115,1
dinoL224,250,5.0,R3_render,desc_es,5,1.081441,0.937984,0.104115,1
dinoL224,250,5.0,R3_render,desc_nc,5,1.105842,1.0,0.104115,1
dinoL224,250,5.0,R3_render,shuffled_0,5,1.131185,0.811594,0.104115,1
dinoL224,250,5.0,R3_render,shuffled_1,5,1.122923,0.779359,0.104115,1
dinoL224,250,5.0,R3_render,shuffled_2,5,1.001727,0.805054,0.104115,1
dinoL224,250,5.0,R3_render,shuffled_3,5,1.10114,0.785714,0.104115,1
dinoL224,250,5.0,R3_render,shuffled_4,5,1.117066,0.77305,0.104115,1
dinoL224,250,5.0,R3_render,shuffled_5,5,1.005276,0.754386,0.104115,1
dinoL224,250,5.0,R3_render,shuffled_6,5,1.082488,0.766784,0.104115,1
dinoL224,250,5.0,R3_render,shuffled_7,5,1.103811,0.818182,0.104115,1
dinoL224,250,5.0,R3_render,shuffled_8,5,1.122403,0.77305,0.104115,1
dinoL224,250,5.0,R3_render,shuffled_9,5,1.02677,0.766784,0.104115,1
dinoL224,250,10.0,R2_cut,asc_index,5,1.180432,0.908397,0.174921,1
dinoL224,250,10.0,R2_cut,asc_nc,5,1.223237,0.798561,0.174921,1
dinoL224,250,10.0,R2_cut,desc_es,5,1.225943,0.893939,0.174921,1
dinoL224,250,10.0,R2_cut,desc_nc,5,1.174978,1.0,0.174921,1
dinoL224,250,10.0,R2_cut,shuffled_0,5,1.172791,0.818182,0.174921,1
dinoL224,250,10.0,R2_cut,shuffled_1,5,1.214118,0.805054,0.174921,1
dinoL224,250,10.0,R2_cut,shuffled_2,5,1.198262,0.798561,0.174921,1
dinoL224,250,10.0,R2_cut,shuffled_3,5,1.24347,0.818182,0.174921,1
dinoL224,250,10.0,R2_cut,shuffled_4,5,1.349899,0.779359,0.174921,1
dinoL224,250,10.0,R2_cut,shuffled_5,5,1.211241,0.785714,0.174921,1
dinoL224,250,10.0,R2_cut,shuffled_6,5,1.298233,0.811594,0.174921,1
dinoL224,250,10.0,R2_cut,shuffled_7,5,1.215997,0.858736,0.174921,1
dinoL224,250,10.0,R2_cut,shuffled_8,5,1.19862,0.805054,0.174921,1
dinoL224,250,10.0,R2_cut,shuffled_9,5,1.183333,0.760563,0.174921,1
dinoL224,250,10.0,R3_render,asc_index,5,1.036884,0.908397,0.148594,1
dinoL224,250,10.0,R3_render,asc_nc,5,1.042146,0.798561,0.148594,1
dinoL224,250,10.0,R3_render,desc_es,5,1.126282,0.893939,0.148594,1
dinoL224,250,10.0,R3_render,desc_nc,5,1.039786,1.0,0.148594,1
dinoL224,250,10.0,R3_render,shuffled_0,5,1.100094,0.818182,0.148594,1
dinoL224,250,10.0,R3_render,shuffled_1,5,1.049322,0.805054,0.148594,1
dinoL224,250,10.0,R3_render,shuffled_2,5,1.037888,0.798561,0.148594,1
dinoL224,250,10.0,R3_render,shuffled_3,5,1.074524,0.818182,0.148594,1
dinoL224,250,10.0,R3_render,shuffled_4,5,1.18838,0.779359,0.148594,1
dinoL224,250,10.0,R3_render,shuffled_5,5,1.051373,0.785714,0.148594,1
dinoL224,250,10.0,R3_render,shuffled_6,5,1.121386,0.811594,0.148594,1
dinoL224,250,10.0,R3_render,shuffled_7,5,1.084077,0.858736,0.148594,1
dinoL224,250,10.0,R3_render,shuffled_8,5,1.060898,0.805054,0.148594,1
dinoL224,250,10.0,R3_render,shuffled_9,5,1.004707,0.760563,0.148594,1
dinoL224,250,20.0,R2_cut,asc_index,5,1.193797,0.992032,0.13664,1
dinoL224,250,20.0,R2_cut,asc_nc,5,1.16959,0.984127,0.13664,1
dinoL224,250,20.0,R2_cut,desc_es,5,1.210817,0.851852,0.13664,1
dinoL224,250,20.0,R2_cut,desc_nc,5,1.192106,1.0,0.13664,1
dinoL224,250,20.0,R2_cut,shuffled_0,5,1.288294,0.824818,0.13664,1
dinoL224,250,20.0,R2_cut,shuffled_1,5,1.215968,0.805054,0.13664,1
dinoL224,250,20.0,R2_cut,shuffled_2,5,1.248205,0.779359,0.13664,1
dinoL224,250,20.0,R2_cut,shuffled_3,5,1.222548,0.818182,0.13664,1
dinoL224,250,20.0,R2_cut,shuffled_4,5,1.328747,0.818182,0.13664,1
dinoL224,250,20.0,R2_cut,shuffled_5,5,1.236945,0.831502,0.13664,1
dinoL224,250,20.0,R2_cut,shuffled_6,5,1.247141,0.824818,0.13664,1
dinoL224,250,20.0,R2_cut,shuffled_7,5,1.251606,0.872659,0.13664,1
dinoL224,250,20.0,R2_cut,shuffled_8,5,1.191927,0.831502,0.13664,1
dinoL224,250,20.0,R2_cut,shuffled_9,5,1.184026,0.792115,0.13664,1
dinoL224,250,20.0,R3_render,asc_index,5,1.048126,0.992032,0.121726,1
dinoL224,250,20.0,R3_render,asc_nc,5,1.055139,0.984127,0.121726,1
dinoL224,250,20.0,R3_render,desc_es,5,1.050345,0.851852,0.121726,1
dinoL224,250,20.0,R3_render,desc_nc,5,1.035394,1.0,0.121726,1
dinoL224,250,20.0,R3_render,shuffled_0,5,1.15712,0.824818,0.121726,1
dinoL224,250,20.0,R3_render,shuffled_1,5,1.045897,0.805054,0.121726,1
dinoL224,250,20.0,R3_render,shuffled_2,5,1.043468,0.779359,0.121726,1
dinoL224,250,20.0,R3_render,shuffled_3,5,1.041797,0.818182,0.121726,1
dinoL224,250,20.0,R3_render,shuffled_4,5,1.146855,0.818182,0.121726,1
dinoL224,250,20.0,R3_render,shuffled_5,5,1.033415,0.831502,0.121726,1
dinoL224,250,20.0,R3_render,shuffled_6,5,1.058481,0.824818,0.121726,1
dinoL224,250,20.0,R3_render,shuffled_7,5,1.105264,0.872659,0.121726,1
dinoL224,250,20.0,R3_render,shuffled_8,5,1.007814,0.831502,0.121726,1
dinoL224,250,20.0,R3_render,shuffled_9,5,1.01169,0.792115,0.121726,1
dinoL224,250,40.0,R2_cut,asc_index,5,1.207688,1.0,0.110586,1
dinoL224,250,40.0,R2_cut,asc_nc,5,1.207688,1.0,0.110586,1
dinoL224,250,40.0,R2_cut,desc_es,5,1.318274,0.838235,0.110586,1
dinoL224,250,40.0,R2_cut,desc_nc,5,1.207688,1.0,0.110586,1
dinoL224,250,40.0,R2_cut,shuffled_0,5,1.289413,0.811594,0.110586,1
dinoL224,250,40.0,R2_cut,shuffled_1,5,1.238449,0.792115,0.110586,1
dinoL224,250,40.0,R2_cut,shuffled_2,5,1.205021,0.785714,0.110586,1
dinoL224,250,40.0,R2_cut,shuffled_3,5,1.225885,0.805054,0.110586,1
dinoL224,250,40.0,R2_cut,shuffled_4,5,1.285389,0.805054,0.110586,1
dinoL224,250,40.0,R2_cut,shuffled_5,5,1.219553,0.824818,0.110586,1
dinoL224,250,40.0,R2_cut,shuffled_6,5,1.273567,0.831502,0.110586,1
dinoL224,250,40.0,R2_cut,shuffled_7,5,1.296028,0.858736,0.110586,1
dinoL224,250,40.0,R2_cut,shuffled_8,5,1.196865,0.838235,0.110586,1
dinoL224,250,40.0,R2_cut,shuffled_9,5,1.237536,0.779359,0.110586,1
dinoL224,250,40.0,R3_render,asc_index,5,1.077042,1.0,0.112101,1
dinoL224,250,40.0,R3_render,asc_nc,5,1.077042,1.0,0.112101,1
dinoL224,250,40.0,R3_render,desc_es,5,1.189144,0.838235,0.112101,1
dinoL224,250,40.0,R3_render,desc_nc,5,1.077042,1.0,0.112101,1
dinoL224,250,40.0,R3_render,shuffled_0,5,1.187612,0.811594,0.112101,1
dinoL224,250,40.0,R3_render,shuffled_1,5,1.039977,0.792115,0.112101,1
dinoL224,250,40.0,R3_render,shuffled_2,5,1.023698,0.785714,0.112101,1
dinoL224,250,40.0,R3_render,shuffled_3,5,0.990736,0.805054,0.112101,1
dinoL224,250,40.0,R3_render,shuffled_4,5,1.163944,0.805054,0.112101,1
dinoL224,250,40.0,R3_render,shuffled_5,5,1.001769,0.824818,0.112101,1
dinoL224,250,40.0,R3_render,shuffled_6,5,1.027299,0.831502,0.112101,1
dinoL224,250,40.0,R3_render,shuffled_7,5,1.144125,0.858736,0.112101,1
dinoL224,250,40.0,R3_render,shuffled_8,5,1.01592,0.838235,0.112101,1
dinoL224,250,40.0,R3_render,shuffled_9,5,1.037254,0.779359,0.112101,1
dinoL224,500,0.02,R2_cut,asc_index,5,1.259874,1.0,0.0,0
dinoL224,500,0.02,R2_cut,asc_nc,5,1.259874,1.0,0.0,0
dinoL224,500,0.02,R2_cut,desc_es,5,1.259874,1.0,0.0,0
dinoL224,500,0.02,R2_cut,desc_nc,5,1.259874,1.0,0.0,0
dinoL224,500,0.02,R2_cut,shuffled_0,5,1.259874,1.0,0.0,0
dinoL224,500,0.02,R2_cut,shuffled_1,5,1.259874,1.0,0.0,0
dinoL224,500,0.02,R2_cut,shuffled_2,5,1.259874,1.0,0.0,0
dinoL224,500,0.02,R2_cut,shuffled_3,5,1.259874,1.0,0.0,0
dinoL224,500,0.02,R2_cut,shuffled_4,5,1.259874,1.0,0.0,0
dinoL224,500,0.02,R2_cut,shuffled_5,5,1.259874,1.0,0.0,0
dinoL224,500,0.02,R2_cut,shuffled_6,5,1.259874,1.0,0.0,0
dinoL224,500,0.02,R2_cut,shuffled_7,5,1.259874,1.0,0.0,0
dinoL224,500,0.02,R2_cut,shuffled_8,5,1.259874,1.0,0.0,0
dinoL224,500,0.02,R2_cut,shuffled_9,5,1.259874,1.0,0.0,0
dinoL224,500,0.02,R3_render,asc_index,5,1.009093,1.0,0.0,0
dinoL224,500,0.02,R3_render,asc_nc,5,1.009093,1.0,0.0,0
dinoL224,500,0.02,R3_render,desc_es,5,1.009093,1.0,0.0,0
dinoL224,500,0.02,R3_render,desc_nc,5,1.009093,1.0,0.0,0
dinoL224,500,0.02,R3_render,shuffled_0,5,1.009093,1.0,0.0,0
dinoL224,500,0.02,R3_render,shuffled_1,5,1.009093,1.0,0.0,0
dinoL224,500,0.02,R3_render,shuffled_2,5,1.009093,1.0,0.0,0
dinoL224,500,0.02,R3_render,shuffled_3,5,1.009093,1.0,0.0,0
dinoL224,500,0.02,R3_render,shuffled_4,5,1.009093,1.0,0.0,0
dinoL224,500,0.02,R3_render,shuffled_5,5,1.009093,1.0,0.0,0
dinoL224,500,0.02,R3_render,shuffled_6,5,1.009093,1.0,0.0,0
dinoL224,500,0.02,R3_render,shuffled_7,5,1.009093,1.0,0.0,0
dinoL224,500,0.02,R3_render,shuffled_8,5,1.009093,1.0,0.0,0
dinoL224,500,0.02,R3_render,shuffled_9,5,1.009093,1.0,0.0,0
dinoL224,500,0.05,R2_cut,asc_index,5,1.259874,1.0,0.0,0
dinoL224,500,0.05,R2_cut,asc_nc,5,1.259874,1.0,0.0,0
dinoL224,500,0.05,R2_cut,desc_es,5,1.259874,1.0,0.0,0
dinoL224,500,0.05,R2_cut,desc_nc,5,1.259874,1.0,0.0,0
dinoL224,500,0.05,R2_cut,shuffled_0,5,1.259874,1.0,0.0,0
dinoL224,500,0.05,R2_cut,shuffled_1,5,1.259874,1.0,0.0,0
dinoL224,500,0.05,R2_cut,shuffled_2,5,1.259874,1.0,0.0,0
dinoL224,500,0.05,R2_cut,shuffled_3,5,1.259874,1.0,0.0,0
dinoL224,500,0.05,R2_cut,shuffled_4,5,1.259874,1.0,0.0,0
dinoL224,500,0.05,R2_cut,shuffled_5,5,1.259874,1.0,0.0,0
dinoL224,500,0.05,R2_cut,shuffled_6,5,1.259874,1.0,0.0,0
dinoL224,500,0.05,R2_cut,shuffled_7,5,1.259874,1.0,0.0,0
dinoL224,500,0.05,R2_cut,shuffled_8,5,1.259874,1.0,0.0,0
dinoL224,500,0.05,R2_cut,shuffled_9,5,1.259874,1.0,0.0,0
dinoL224,500,0.05,R3_render,asc_index,5,1.009093,1.0,0.0,0
dinoL224,500,0.05,R3_render,asc_nc,5,1.009093,1.0,0.0,0
dinoL224,500,0.05,R3_render,desc_es,5,1.009093,1.0,0.0,0
dinoL224,500,0.05,R3_render,desc_nc,5,1.009093,1.0,0.0,0
dinoL224,500,0.05,R3_render,shuffled_0,5,1.009093,1.0,0.0,0
dinoL224,500,0.05,R3_render,shuffled_1,5,1.009093,1.0,0.0,0
dinoL224,500,0.05,R3_render,shuffled_2,5,1.009093,1.0,0.0,0
dinoL224,500,0.05,R3_render,shuffled_3,5,1.009093,1.0,0.0,0
dinoL224,500,0.05,R3_render,shuffled_4,5,1.009093,1.0,0.0,0
dinoL224,500,0.05,R3_render,shuffled_5,5,1.009093,1.0,0.0,0
dinoL224,500,0.05,R3_render,shuffled_6,5,1.009093,1.0,0.0,0
dinoL224,500,0.05,R3_render,shuffled_7,5,1.009093,1.0,0.0,0
dinoL224,500,0.05,R3_render,shuffled_8,5,1.009093,1.0,0.0,0
dinoL224,500,0.05,R3_render,shuffled_9,5,1.009093,1.0,0.0,0
dinoL224,500,0.1,R2_cut,asc_index,5,1.259874,1.0,0.0,0
dinoL224,500,0.1,R2_cut,asc_nc,5,1.259874,1.0,0.0,0
dinoL224,500,0.1,R2_cut,desc_es,5,1.259874,1.0,0.0,0
dinoL224,500,0.1,R2_cut,desc_nc,5,1.259874,1.0,0.0,0
dinoL224,500,0.1,R2_cut,shuffled_0,5,1.259874,1.0,0.0,0
dinoL224,500,0.1,R2_cut,shuffled_1,5,1.259874,1.0,0.0,0
dinoL224,500,0.1,R2_cut,shuffled_2,5,1.259874,1.0,0.0,0
dinoL224,500,0.1,R2_cut,shuffled_3,5,1.259874,1.0,0.0,0
dinoL224,500,0.1,R2_cut,shuffled_4,5,1.259874,1.0,0.0,0
dinoL224,500,0.1,R2_cut,shuffled_5,5,1.259874,1.0,0.0,0
dinoL224,500,0.1,R2_cut,shuffled_6,5,1.259874,1.0,0.0,0
dinoL224,500,0.1,R2_cut,shuffled_7,5,1.259874,1.0,0.0,0
dinoL224,500,0.1,R2_cut,shuffled_8,5,1.259874,1.0,0.0,0
dinoL224,500,0.1,R2_cut,shuffled_9,5,1.259874,1.0,0.0,0
dinoL224,500,0.1,R3_render,asc_index,5,1.009093,1.0,0.0,0
dinoL224,500,0.1,R3_render,asc_nc,5,1.009093,1.0,0.0,0
dinoL224,500,0.1,R3_render,desc_es,5,1.009093,1.0,0.0,0
dinoL224,500,0.1,R3_render,desc_nc,5,1.009093,1.0,0.0,0
dinoL224,500,0.1,R3_render,shuffled_0,5,1.009093,1.0,0.0,0
dinoL224,500,0.1,R3_render,shuffled_1,5,1.009093,1.0,0.0,0
dinoL224,500,0.1,R3_render,shuffled_2,5,1.009093,1.0,0.0,0
dinoL224,500,0.1,R3_render,shuffled_3,5,1.009093,1.0,0.0,0
dinoL224,500,0.1,R3_render,shuffled_4,5,1.009093,1.0,0.0,0
dinoL224,500,0.1,R3_render,shuffled_5,5,1.009093,1.0,0.0,0
dinoL224,500,0.1,R3_render,shuffled_6,5,1.009093,1.0,0.0,0
dinoL224,500,0.1,R3_render,shuffled_7,5,1.009093,1.0,0.0,0
dinoL224,500,0.1,R3_render,shuffled_8,5,1.009093,1.0,0.0,0
dinoL224,500,0.1,R3_render,shuffled_9,5,1.009093,1.0,0.0,0
dinoL224,500,0.2,R2_cut,asc_index,5,1.246402,1.0,0.000538,0
dinoL224,500,0.2,R2_cut,asc_nc,5,1.245864,0.996008,0.000538,0
dinoL224,500,0.2,R2_cut,desc_es,5,1.246402,1.0,0.000538,0
dinoL224,500,0.2,R2_cut,desc_nc,5,1.246402,1.0,0.000538,0
dinoL224,500,0.2,R2_cut,shuffled_0,5,1.246402,1.0,0.000538,0
dinoL224,500,0.2,R2_cut,shuffled_1,5,1.246402,1.0,0.000538,0
dinoL224,500,0.2,R2_cut,shuffled_2,5,1.246402,1.0,0.000538,0
dinoL224,500,0.2,R2_cut,shuffled_3,5,1.245864,0.996008,0.000538,0
dinoL224,500,0.2,R2_cut,shuffled_4,5,1.246402,1.0,0.000538,0
dinoL224,500,0.2,R2_cut,shuffled_5,5,1.246402,1.0,0.000538,0
dinoL224,500,0.2,R2_cut,shuffled_6,5,1.245864,0.996008,0.000538,0
dinoL224,500,0.2,R2_cut,shuffled_7,5,1.245864,0.996008,0.000538,0
dinoL224,500,0.2,R2_cut,shuffled_8,5,1.245864,0.996008,0.000538,0
dinoL224,500,0.2,R2_cut,shuffled_9,5,1.245864,0.996008,0.000538,0
dinoL224,500,0.2,R3_render,asc_index,5,1.037594,1.0,0.00355,0
dinoL224,500,0.2,R3_render,asc_nc,5,1.034043,0.996008,0.00355,0
dinoL224,500,0.2,R3_render,desc_es,5,1.037594,1.0,0.00355,0
dinoL224,500,0.2,R3_render,desc_nc,5,1.037594,1.0,0.00355,0
dinoL224,500,0.2,R3_render,shuffled_0,5,1.037594,1.0,0.00355,0
dinoL224,500,0.2,R3_render,shuffled_1,5,1.037594,1.0,0.00355,0
dinoL224,500,0.2,R3_render,shuffled_2,5,1.037594,1.0,0.00355,0
dinoL224,500,0.2,R3_render,shuffled_3,5,1.034043,0.996008,0.00355,0
dinoL224,500,0.2,R3_render,shuffled_4,5,1.037594,1.0,0.00355,0
dinoL224,500,0.2,R3_render,shuffled_5,5,1.037594,1.0,0.00355,0
dinoL224,500,0.2,R3_render,shuffled_6,5,1.034043,0.996008,0.00355,0
dinoL224,500,0.2,R3_render,shuffled_7,5,1.034043,0.996008,0.00355,0
dinoL224,500,0.2,R3_render,shuffled_8,5,1.034043,0.996008,0.00355,0
dinoL224,500,0.2,R3_render,shuffled_9,5,1.034043,0.996008,0.00355,0
dinoL224,500,0.5,R2_cut,asc_index,5,0.944021,0.923077,0.057056,1
dinoL224,500,0.5,R2_cut,asc_nc,5,0.943979,0.886792,0.057056,1
dinoL224,500,0.5,R2_cut,desc_es,5,0.931383,1.0,0.057056,1
dinoL224,500,0.5,R2_cut,desc_nc,5,0.931383,1.0,0.057056,1
dinoL224,500,0.5,R2_cut,shuffled_0,5,0.943941,0.926782,0.057056,1
dinoL224,500,0.5,R2_cut,shuffled_1,5,0.92262,0.956947,0.057056,1
dinoL224,500,0.5,R2_cut,shuffled_2,5,0.937024,0.930502,0.057056,1
dinoL224,500,0.5,R2_cut,shuffled_3,5,0.958633,0.915709,0.057056,1
dinoL224,500,0.5,R2_cut,shuffled_4,5,0.941695,0.919386,0.057056,1
dinoL224,500,0.5,R2_cut,shuffled_5,5,0.91084,0.919386,0.057056,1
dinoL224,500,0.5,R2_cut,shuffled_6,5,0.984147,0.879699,0.057056,1
dinoL224,500,0.5,R2_cut,shuffled_7,5,0.874327,0.923077,0.057056,1
dinoL224,500,0.5,R2_cut,shuffled_8,5,0.907787,0.915709,0.057056,1
dinoL224,500,0.5,R2_cut,shuffled_9,5,0.907266,0.897533,0.057056,1
dinoL224,500,0.5,R3_render,asc_index,5,0.82362,0.923077,0.057912,1
dinoL224,500,0.5,R3_render,asc_nc,5,0.81443,0.886792,0.057912,1
dinoL224,500,0.5,R3_render,desc_es,5,0.824287,1.0,0.057912,1
dinoL224,500,0.5,R3_render,desc_nc,5,0.824287,1.0,0.057912,1
dinoL224,500,0.5,R3_render,shuffled_0,5,0.831503,0.926782,0.057912,1
dinoL224,500,0.5,R3_render,shuffled_1,5,0.790274,0.956947,0.057912,1
dinoL224,500,0.5,R3_render,shuffled_2,5,0.811203,0.930502,0.057912,1
dinoL224,500,0.5,R3_render,shuffled_3,5,0.833078,0.915709,0.057912,1
dinoL224,500,0.5,R3_render,shuffled_4,5,0.804681,0.919386,0.057912,1
dinoL224,500,0.5,R3_render,shuffled_5,5,0.785369,0.919386,0.057912,1
dinoL224,500,0.5,R3_render,shuffled_6,5,0.833383,0.879699,0.057912,1
dinoL224,500,0.5,R3_render,shuffled_7,5,0.766375,0.923077,0.057912,1
dinoL224,500,0.5,R3_render,shuffled_8,5,0.773901,0.915709,0.057912,1
dinoL224,500,0.5,R3_render,shuffled_9,5,0.790866,0.897533,0.057912,1
dinoL224,500,1.0,R2_cut,asc_index,5,0.914716,0.834862,0.075283,1
dinoL224,500,1.0,R2_cut,asc_nc,5,0.923139,0.782531,0.075283,1
dinoL224,500,1.0,R2_cut,desc_es,5,0.886672,1.0,0.075283,1
dinoL224,500,1.0,R2_cut,desc_nc,5,0.886672,1.0,0.075283,1
dinoL224,500,1.0,R2_cut,shuffled_0,5,0.873795,0.862197,0.075283,1
dinoL224,500,1.0,R2_cut,shuffled_1,5,0.906708,0.841621,0.075283,1
dinoL224,500,1.0,R2_cut,shuffled_2,5,0.900891,0.872659,0.075283,1
dinoL224,500,1.0,R2_cut,shuffled_3,5,0.961955,0.855288,0.075283,1
dinoL224,500,1.0,R2_cut,shuffled_4,5,0.949459,0.834862,0.075283,1
dinoL224,500,1.0,R2_cut,shuffled_5,5,0.95168,0.845018,0.075283,1
dinoL224,500,1.0,R2_cut,shuffled_6,5,0.891447,0.821494,0.075283,1
dinoL224,500,1.0,R2_cut,shuffled_7,5,0.913287,0.862197,0.075283,1
dinoL224,500,1.0,R2_cut,shuffled_8,5,0.929108,0.831502,0.075283,1
dinoL224,500,1.0,R2_cut,shuffled_9,5,0.922071,0.811594,0.075283,1
dinoL224,500,1.0,R3_render,asc_index,5,0.787309,0.834862,0.076845,1
dinoL224,500,1.0,R3_render,asc_nc,5,0.791957,0.782531,0.076845,1
dinoL224,500,1.0,R3_render,desc_es,5,0.761339,1.0,0.076845,1
dinoL224,500,1.0,R3_render,desc_nc,5,0.761339,1.0,0.076845,1
dinoL224,500,1.0,R3_render,shuffled_0,5,0.759783,0.862197,0.076845,1
dinoL224,500,1.0,R3_render,shuffled_1,5,0.791006,0.841621,0.076845,1
dinoL224,500,1.0,R3_render,shuffled_2,5,0.783391,0.872659,0.076845,1
dinoL224,500,1.0,R3_render,shuffled_3,5,0.838184,0.855288,0.076845,1
dinoL224,500,1.0,R3_render,shuffled_4,5,0.810455,0.834862,0.076845,1
dinoL224,500,1.0,R3_render,shuffled_5,5,0.806886,0.845018,0.076845,1
dinoL224,500,1.0,R3_render,shuffled_6,5,0.785557,0.821494,0.076845,1
dinoL224,500,1.0,R3_render,shuffled_7,5,0.797695,0.862197,0.076845,1
dinoL224,500,1.0,R3_render,shuffled_8,5,0.797909,0.831502,0.076845,1
dinoL224,500,1.0,R3_render,shuffled_9,5,0.781219,0.811594,0.076845,1
dinoL224,500,2.0,R2_cut,asc_index,5,1.086224,0.821494,0.110263,1
dinoL224,500,2.0,R2_cut,asc_nc,5,1.01846,0.745201,0.110263,1
dinoL224,500,2.0,R2_cut,desc_es,5,1.042748,0.992032,0.110263,1
dinoL224,500,2.0,R2_cut,desc_nc,5,1.027322,1.0,0.110263,1
dinoL224,500,2.0,R2_cut,shuffled_0,5,1.061083,0.851852,0.110263,1
dinoL224,500,2.0,R2_cut,shuffled_1,5,1.019856,0.821494,0.110263,1
dinoL224,500,2.0,R2_cut,shuffled_2,5,1.007265,0.831502,0.110263,1
dinoL224,500,2.0,R2_cut,shuffled_3,5,1.081852,0.834862,0.110263,1
dinoL224,500,2.0,R2_cut,shuffled_4,5,1.055711,0.814882,0.110263,1
dinoL224,500,2.0,R2_cut,shuffled_5,5,1.100059,0.814882,0.110263,1
dinoL224,500,2.0,R2_cut,shuffled_6,5,0.992849,0.808318,0.110263,1
dinoL224,500,2.0,R2_cut,shuffled_7,5,1.053786,0.858736,0.110263,1
dinoL224,500,2.0,R2_cut,shuffled_8,5,1.094327,0.818182,0.110263,1
dinoL224,500,2.0,R2_cut,shuffled_9,5,1.137585,0.811594,0.110263,1
dinoL224,500,2.0,R3_render,asc_index,5,0.910899,0.821494,0.098701,1
dinoL224,500,2.0,R3_render,asc_nc,5,0.795341,0.745201,0.098701,1
dinoL224,500,2.0,R3_render,desc_es,5,0.864055,0.992032,0.098701,1
dinoL224,500,2.0,R3_render,desc_nc,5,0.83404,1.0,0.098701,1
dinoL224,500,2.0,R3_render,shuffled_0,5,0.837927,0.851852,0.098701,1
dinoL224,500,2.0,R3_render,shuffled_1,5,0.848224,0.821494,0.098701,1
dinoL224,500,2.0,R3_render,shuffled_2,5,0.844214,0.831502,0.098701,1
dinoL224,500,2.0,R3_render,shuffled_3,5,0.878403,0.834862,0.098701,1
dinoL224,500,2.0,R3_render,shuffled_4,5,0.860535,0.814882,0.098701,1
dinoL224,500,2.0,R3_render,shuffled_5,5,0.919745,0.814882,0.098701,1
dinoL224,500,2.0,R3_render,shuffled_6,5,0.792864,0.808318,0.098701,1
dinoL224,500,2.0,R3_render,shuffled_7,5,0.852822,0.858736,0.098701,1
dinoL224,500,2.0,R3_render,shuffled_8,5,0.912396,0.818182,0.098701,1
dinoL224,500,2.0,R3_render,shuffled_9,5,0.932741,0.811594,0.098701,1
dinoL224,500,5.0,R2_cut,asc_index,5,1.036347,0.841621,0.045294,0
dinoL224,500,5.0,R2_cut,asc_nc,5,1.068251,0.754386,0.045294,0
dinoL224,500,5.0,R2_cut,desc_es,5,1.043562,0.949318,0.045294,0
dinoL224,500,5.0,R2_cut,desc_nc,5,1.054162,1.0,0.045294,0
dinoL224,500,5.0,R2_cut,shuffled_0,5,1.008868,0.841621,0.045294,0
dinoL224,500,5.0,R2_cut,shuffled_1,5,1.037282,0.818182,0.045294,0
dinoL224,500,5.0,R2_cut,shuffled_2,5,1.0246,0.818182,0.045294,0
dinoL224,500,5.0,R2_cut,shuffled_3,5,1.055653,0.821494,0.045294,0
dinoL224,500,5.0,R2_cut,shuffled_4,5,1.020867,0.811594,0.045294,0
dinoL224,500,5.0,R2_cut,shuffled_5,5,1.026308,0.798561,0.045294,0
dinoL224,500,5.0,R2_cut,shuffled_6,5,1.037315,0.814882,0.045294,0
dinoL224,500,5.0,R2_cut,shuffled_7,5,1.013193,0.851852,0.045294,0
dinoL224,500,5.0,R2_cut,shuffled_8,5,1.019998,0.821494,0.045294,0
dinoL224,500,5.0,R2_cut,shuffled_9,5,1.090554,0.798561,0.045294,0
dinoL224,500,5.0,R3_render,asc_index,5,0.829647,0.841621,0.086723,1
dinoL224,500,5.0,R3_render,asc_nc,5,0.901202,0.754386,0.086723,1
dinoL224,500,5.0,R3_render,desc_es,5,0.857424,0.949318,0.086723,1
dinoL224,500,5.0,R3_render,desc_nc,5,0.910056,1.0,0.086723,1
dinoL224,500,5.0,R3_render,shuffled_0,5,0.845663,0.841621,0.086723,1
dinoL224,500,5.0,R3_render,shuffled_1,5,0.844607,0.818182,0.086723,1
dinoL224,500,5.0,R3_render,shuffled_2,5,0.836583,0.818182,0.086723,1
dinoL224,500,5.0,R3_render,shuffled_3,5,0.851186,0.821494,0.086723,1
dinoL224,500,5.0,R3_render,shuffled_4,5,0.823333,0.811594,0.086723,1
dinoL224,500,5.0,R3_render,shuffled_5,5,0.847554,0.798561,0.086723,1
dinoL224,500,5.0,R3_render,shuffled_6,5,0.861545,0.814882,0.086723,1
dinoL224,500,5.0,R3_render,shuffled_7,5,0.850908,0.851852,0.086723,1
dinoL224,500,5.0,R3_render,shuffled_8,5,0.872155,0.821494,0.086723,1
dinoL224,500,5.0,R3_render,shuffled_9,5,0.873226,0.798561,0.086723,1
dinoL224,500,10.0,R2_cut,asc_index,5,1.052459,0.821494,0.08108,1
dinoL224,500,10.0,R2_cut,asc_nc,5,0.99731,0.760563,0.08108,1
dinoL224,500,10.0,R2_cut,desc_es,5,0.963779,0.956947,0.08108,1
dinoL224,500,10.0,R2_cut,desc_nc,5,1.019653,1.0,0.08108,1
dinoL224,500,10.0,R2_cut,shuffled_0,5,1.100732,0.821494,0.08108,1
dinoL224,500,10.0,R2_cut,shuffled_1,5,1.019491,0.795332,0.08108,1
dinoL224,500,10.0,R2_cut,shuffled_2,5,0.974413,0.821494,0.08108,1
dinoL224,500,10.0,R2_cut,shuffled_3,5,1.079716,0.818182,0.08108,1
dinoL224,500,10.0,R2_cut,shuffled_4,5,1.049939,0.801802,0.08108,1
dinoL224,500,10.0,R2_cut,shuffled_5,5,1.075822,0.808318,0.08108,1
dinoL224,500,10.0,R2_cut,shuffled_6,5,0.973853,0.785714,0.08108,1
dinoL224,500,10.0,R2_cut,shuffled_7,5,1.045057,0.828154,0.08108,1
dinoL224,500,10.0,R2_cut,shuffled_8,5,1.038956,0.795332,0.08108,1
dinoL224,500,10.0,R2_cut,shuffled_9,5,1.071323,0.779359,0.08108,1
dinoL224,500,10.0,R3_render,asc_index,5,0.846409,0.821494,0.102335,1
dinoL224,500,10.0,R3_render,asc_nc,5,0.824028,0.760563,0.102335,1
dinoL224,500,10.0,R3_render,desc_es,5,0.820703,0.956947,0.102335,1
dinoL224,500,10.0,R3_render,desc_nc,5,0.808601,1.0,0.102335,1
dinoL224,500,10.0,R3_render,shuffled_0,5,0.886691,0.821494,0.102335,1
dinoL224,500,10.0,R3_render,shuffled_1,5,0.860085,0.795332,0.102335,1
dinoL224,500,10.0,R3_render,shuffled_2,5,0.811635,0.821494,0.102335,1
dinoL224,500,10.0,R3_render,shuffled_3,5,0.854393,0.818182,0.102335,1
dinoL224,500,10.0,R3_render,shuffled_4,5,0.827993,0.801802,0.102335,1
dinoL224,500,10.0,R3_render,shuffled_5,5,0.836312,0.808318,0.102335,1
dinoL224,500,10.0,R3_render,shuffled_6,5,0.814264,0.785714,0.102335,1
dinoL224,500,10.0,R3_render,shuffled_7,5,0.860869,0.828154,0.102335,1
dinoL224,500,10.0,R3_render,shuffled_8,5,0.876385,0.795332,0.102335,1
dinoL224,500,10.0,R3_render,shuffled_9,5,0.910935,0.779359,0.102335,1
dinoL224,500,20.0,R2_cut,asc_index,5,1.066961,0.893939,0.05581,1
dinoL224,500,20.0,R2_cut,asc_nc,5,1.052591,0.821494,0.05581,1
dinoL224,500,20.0,R2_cut,desc_es,5,1.052093,0.886792,0.05581,1
dinoL224,500,20.0,R2_cut,desc_nc,5,1.031845,1.0,0.05581,1
dinoL224,500,20.0,R2_cut,shuffled_0,5,1.048286,0.831502,0.05581,1
dinoL224,500,20.0,R2_cut,shuffled_1,5,1.045508,0.821494,0.05581,1
dinoL224,500,20.0,R2_cut,shuffled_2,5,1.024814,0.811594,0.05581,1
dinoL224,500,20.0,R2_cut,shuffled_3,5,1.079062,0.834862,0.05581,1
dinoL224,500,20.0,R2_cut,shuffled_4,5,0.994255,0.795332,0.05581,1
dinoL224,500,20.0,R2_cut,shuffled_5,5,1.065873,0.821494,0.05581,1
dinoL224,500,20.0,R2_cut,shuffled_6,5,1.032416,0.821494,0.05581,1
dinoL224,500,20.0,R2_cut,shuffled_7,5,1.054706,0.838235,0.05581,1
dinoL224,500,20.0,R2_cut,shuffled_8,5,1.005676,0.805054,0.05581,1
dinoL224,500,20.0,R2_cut,shuffled_9,5,1.087656,0.795332,0.05581,1
dinoL224,500,20.0,R3_render,asc_index,5,0.864445,0.893939,0.115678,1
dinoL224,500,20.0,R3_render,asc_nc,5,0.862029,0.821494,0.115678,1
dinoL224,500,20.0,R3_render,desc_es,5,0.81907,0.886792,0.115678,1
dinoL224,500,20.0,R3_render,desc_nc,5,0.807779,1.0,0.115678,1
dinoL224,500,20.0,R3_render,shuffled_0,5,0.888498,0.831502,0.115678,1
dinoL224,500,20.0,R3_render,shuffled_1,5,0.899284,0.821494,0.115678,1
dinoL224,500,20.0,R3_render,shuffled_2,5,0.861802,0.811594,0.115678,1
dinoL224,500,20.0,R3_render,shuffled_3,5,0.923456,0.834862,0.115678,1
dinoL224,500,20.0,R3_render,shuffled_4,5,0.838156,0.795332,0.115678,1
dinoL224,500,20.0,R3_render,shuffled_5,5,0.836134,0.821494,0.115678,1
dinoL224,500,20.0,R3_render,shuffled_6,5,0.87493,0.821494,0.115678,1
dinoL224,500,20.0,R3_render,shuffled_7,5,0.896704,0.838235,0.115678,1
dinoL224,500,20.0,R3_render,shuffled_8,5,0.85872,0.805054,0.115678,1
dinoL224,500,20.0,R3_render,shuffled_9,5,0.910938,0.795332,0.115678,1
dinoL224,500,40.0,R2_cut,asc_index,5,1.056234,0.980198,0.05829,1
dinoL224,500,40.0,R2_cut,asc_nc,5,1.036528,0.968504,0.05829,1
dinoL224,500,40.0,R2_cut,desc_es,5,0.984352,0.824818,0.05829,1
dinoL224,500,40.0,R2_cut,desc_nc,5,1.02024,1.0,0.05829,1
dinoL224,500,40.0,R2_cut,shuffled_0,5,1.052883,0.821494,0.05829,1
dinoL224,500,40.0,R2_cut,shuffled_1,5,1.023776,0.821494,0.05829,1
dinoL224,500,40.0,R2_cut,shuffled_2,5,1.047651,0.782531,0.05829,1
dinoL224,500,40.0,R2_cut,shuffled_3,5,1.057741,0.838235,0.05829,1
dinoL224,500,40.0,R2_cut,shuffled_4,5,0.997802,0.805054,0.05829,1
dinoL224,500,40.0,R2_cut,shuffled_5,5,1.04434,0.838235,0.05829,1
dinoL224,500,40.0,R2_cut,shuffled_6,5,1.048527,0.834862,0.05829,1
dinoL224,500,40.0,R2_cut,shuffled_7,5,1.018296,0.858736,0.05829,1
dinoL224,500,40.0,R2_cut,shuffled_8,5,1.010639,0.821494,0.05829,1
dinoL224,500,40.0,R2_cut,shuffled_9,5,1.07853,0.801802,0.05829,1
dinoL224,500,40.0,R3_render,asc_index,5,0.905039,0.980198,0.094867,1
dinoL224,500,40.0,R3_render,asc_nc,5,0.849856,0.968504,0.094867,1
dinoL224,500,40.0,R3_render,desc_es,5,0.828524,0.824818,0.094867,1
dinoL224,500,40.0,R3_render,desc_nc,5,0.821964,1.0,0.094867,1
dinoL224,500,40.0,R3_render,shuffled_0,5,0.871795,0.821494,0.094867,1
dinoL224,500,40.0,R3_render,shuffled_1,5,0.850131,0.821494,0.094867,1
dinoL224,500,40.0,R3_render,shuffled_2,5,0.83545,0.782531,0.094867,1
dinoL224,500,40.0,R3_render,shuffled_3,5,0.840716,0.838235,0.094867,1
dinoL224,500,40.0,R3_render,shuffled_4,5,0.831768,0.805054,0.094867,1
dinoL224,500,40.0,R3_render,shuffled_5,5,0.853692,0.838235,0.094867,1
dinoL224,500,40.0,R3_render,shuffled_6,5,0.880948,0.834862,0.094867,1
dinoL224,500,40.0,R3_render,shuffled_7,5,0.886403,0.858736,0.094867,1
dinoL224,500,40.0,R3_render,shuffled_8,5,0.853266,0.821494,0.094867,1
dinoL224,500,40.0,R3_render,shuffled_9,5,0.916831,0.801802,0.094867,1
dinoL224,1000,0.02,R2_cut,asc_index,5,1.043746,1.0,0.0,0
dinoL224,1000,0.02,R2_cut,asc_nc,5,1.043746,1.0,0.0,0
dinoL224,1000,0.02,R2_cut,desc_es,5,1.043746,1.0,0.0,0
dinoL224,1000,0.02,R2_cut,desc_nc,5,1.043746,1.0,0.0,0
dinoL224,1000,0.02,R2_cut,shuffled_0,5,1.043746,1.0,0.0,0
dinoL224,1000,0.02,R2_cut,shuffled_1,5,1.043746,1.0,0.0,0
dinoL224,1000,0.02,R2_cut,shuffled_2,5,1.043746,1.0,0.0,0
dinoL224,1000,0.02,R2_cut,shuffled_3,5,1.043746,1.0,0.0,0
dinoL224,1000,0.02,R2_cut,shuffled_4,5,1.043746,1.0,0.0,0
dinoL224,1000,0.02,R2_cut,shuffled_5,5,1.043746,1.0,0.0,0
dinoL224,1000,0.02,R2_cut,shuffled_6,5,1.043746,1.0,0.0,0
dinoL224,1000,0.02,R2_cut,shuffled_7,5,1.043746,1.0,0.0,0
dinoL224,1000,0.02,R2_cut,shuffled_8,5,1.043746,1.0,0.0,0
dinoL224,1000,0.02,R2_cut,shuffled_9,5,1.043746,1.0,0.0,0
dinoL224,1000,0.02,R3_render,asc_index,5,0.831439,1.0,0.0,0
dinoL224,1000,0.02,R3_render,asc_nc,5,0.831439,1.0,0.0,0
dinoL224,1000,0.02,R3_render,desc_es,5,0.831439,1.0,0.0,0
dinoL224,1000,0.02,R3_render,desc_nc,5,0.831439,1.0,0.0,0
dinoL224,1000,0.02,R3_render,shuffled_0,5,0.831439,1.0,0.0,0
dinoL224,1000,0.02,R3_render,shuffled_1,5,0.831439,1.0,0.0,0
dinoL224,1000,0.02,R3_render,shuffled_2,5,0.831439,1.0,0.0,0
dinoL224,1000,0.02,R3_render,shuffled_3,5,0.831439,1.0,0.0,0
dinoL224,1000,0.02,R3_render,shuffled_4,5,0.831439,1.0,0.0,0
dinoL224,1000,0.02,R3_render,shuffled_5,5,0.831439,1.0,0.0,0
dinoL224,1000,0.02,R3_render,shuffled_6,5,0.831439,1.0,0.0,0
dinoL224,1000,0.02,R3_render,shuffled_7,5,0.831439,1.0,0.0,0
dinoL224,1000,0.02,R3_render,shuffled_8,5,0.831439,1.0,0.0,0
dinoL224,1000,0.02,R3_render,shuffled_9,5,0.831439,1.0,0.0,0
dinoL224,1000,0.05,R2_cut,asc_index,5,1.043746,1.0,0.0,0
dinoL224,1000,0.05,R2_cut,asc_nc,5,1.043746,1.0,0.0,0
dinoL224,1000,0.05,R2_cut,desc_es,5,1.043746,1.0,0.0,0
dinoL224,1000,0.05,R2_cut,desc_nc,5,1.043746,1.0,0.0,0
dinoL224,1000,0.05,R2_cut,shuffled_0,5,1.043746,1.0,0.0,0
dinoL224,1000,0.05,R2_cut,shuffled_1,5,1.043746,1.0,0.0,0
dinoL224,1000,0.05,R2_cut,shuffled_2,5,1.043746,1.0,0.0,0
dinoL224,1000,0.05,R2_cut,shuffled_3,5,1.043746,1.0,0.0,0
dinoL224,1000,0.05,R2_cut,shuffled_4,5,1.043746,1.0,0.0,0
dinoL224,1000,0.05,R2_cut,shuffled_5,5,1.043746,1.0,0.0,0
dinoL224,1000,0.05,R2_cut,shuffled_6,5,1.043746,1.0,0.0,0
dinoL224,1000,0.05,R2_cut,shuffled_7,5,1.043746,1.0,0.0,0
dinoL224,1000,0.05,R2_cut,shuffled_8,5,1.043746,1.0,0.0,0
dinoL224,1000,0.05,R2_cut,shuffled_9,5,1.043746,1.0,0.0,0
dinoL224,1000,0.05,R3_render,asc_index,5,0.831439,1.0,0.0,0
dinoL224,1000,0.05,R3_render,asc_nc,5,0.831439,1.0,0.0,0
dinoL224,1000,0.05,R3_render,desc_es,5,0.831439,1.0,0.0,0
dinoL224,1000,0.05,R3_render,desc_nc,5,0.831439,1.0,0.0,0
dinoL224,1000,0.05,R3_render,shuffled_0,5,0.831439,1.0,0.0,0
dinoL224,1000,0.05,R3_render,shuffled_1,5,0.831439,1.0,0.0,0
dinoL224,1000,0.05,R3_render,shuffled_2,5,0.831439,1.0,0.0,0
dinoL224,1000,0.05,R3_render,shuffled_3,5,0.831439,1.0,0.0,0
dinoL224,1000,0.05,R3_render,shuffled_4,5,0.831439,1.0,0.0,0
dinoL224,1000,0.05,R3_render,shuffled_5,5,0.831439,1.0,0.0,0
dinoL224,1000,0.05,R3_render,shuffled_6,5,0.831439,1.0,0.0,0
dinoL224,1000,0.05,R3_render,shuffled_7,5,0.831439,1.0,0.0,0
dinoL224,1000,0.05,R3_render,shuffled_8,5,0.831439,1.0,0.0,0
dinoL224,1000,0.05,R3_render,shuffled_9,5,0.831439,1.0,0.0,0
dinoL224,1000,0.1,R2_cut,asc_index,5,1.043746,1.0,0.0,0
dinoL224,1000,0.1,R2_cut,asc_nc,5,1.043746,1.0,0.0,0
dinoL224,1000,0.1,R2_cut,desc_es,5,1.043746,1.0,0.0,0
dinoL224,1000,0.1,R2_cut,desc_nc,5,1.043746,1.0,0.0,0
dinoL224,1000,0.1,R2_cut,shuffled_0,5,1.043746,1.0,0.0,0
dinoL224,1000,0.1,R2_cut,shuffled_1,5,1.043746,1.0,0.0,0
dinoL224,1000,0.1,R2_cut,shuffled_2,5,1.043746,1.0,0.0,0
dinoL224,1000,0.1,R2_cut,shuffled_3,5,1.043746,1.0,0.0,0
dinoL224,1000,0.1,R2_cut,shuffled_4,5,1.043746,1.0,0.0,0
dinoL224,1000,0.1,R2_cut,shuffled_5,5,1.043746,1.0,0.0,0
dinoL224,1000,0.1,R2_cut,shuffled_6,5,1.043746,1.0,0.0,0
dinoL224,1000,0.1,R2_cut,shuffled_7,5,1.043746,1.0,0.0,0
dinoL224,1000,0.1,R2_cut,shuffled_8,5,1.043746,1.0,0.0,0
dinoL224,1000,0.1,R2_cut,shuffled_9,5,1.043746,1.0,0.0,0
dinoL224,1000,0.1,R3_render,asc_index,5,0.831439,1.0,0.0,0
dinoL224,1000,0.1,R3_render,asc_nc,5,0.831439,1.0,0.0,0
dinoL224,1000,0.1,R3_render,desc_es,5,0.831439,1.0,0.0,0
dinoL224,1000,0.1,R3_render,desc_nc,5,0.831439,1.0,0.0,0
dinoL224,1000,0.1,R3_render,shuffled_0,5,0.831439,1.0,0.0,0
dinoL224,1000,0.1,R3_render,shuffled_1,5,0.831439,1.0,0.0,0
dinoL224,1000,0.1,R3_render,shuffled_2,5,0.831439,1.0,0.0,0
dinoL224,1000,0.1,R3_render,shuffled_3,5,0.831439,1.0,0.0,0
dinoL224,1000,0.1,R3_render,shuffled_4,5,0.831439,1.0,0.0,0
dinoL224,1000,0.1,R3_render,shuffled_5,5,0.831439,1.0,0.0,0
dinoL224,1000,0.1,R3_render,shuffled_6,5,0.831439,1.0,0.0,0
dinoL224,1000,0.1,R3_render,shuffled_7,5,0.831439,1.0,0.0,0
dinoL224,1000,0.1,R3_render,shuffled_8,5,0.831439,1.0,0.0,0
dinoL224,1000,0.1,R3_render,shuffled_9,5,0.831439,1.0,0.0,0
dinoL224,1000,0.2,R2_cut,asc_index,5,1.047015,1.0,0.029549,0
dinoL224,1000,0.2,R2_cut,asc_nc,5,1.032421,0.99005,0.029549,0
dinoL224,1000,0.2,R2_cut,desc_es,5,1.047015,1.0,0.029549,0
dinoL224,1000,0.2,R2_cut,desc_nc,5,1.047015,1.0,0.029549,0
dinoL224,1000,0.2,R2_cut,shuffled_0,5,1.035018,0.994018,0.029549,0
dinoL224,1000,0.2,R2_cut,shuffled_1,5,1.047015,1.0,0.029549,0
dinoL224,1000,0.2,R2_cut,shuffled_2,5,1.032066,0.992032,0.029549,0
dinoL224,1000,0.2,R2_cut,shuffled_3,5,1.020629,0.996008,0.029549,0
dinoL224,1000,0.2,R2_cut,shuffled_4,5,1.038421,0.998002,0.029549,0
dinoL224,1000,0.2,R2_cut,shuffled_5,5,1.047015,1.0,0.029549,0
dinoL224,1000,0.2,R2_cut,shuffled_6,5,1.032421,0.99005,0.029549,0
dinoL224,1000,0.2,R2_cut,shuffled_7,5,1.032421,0.99005,0.029549,0
dinoL224,1000,0.2,R2_cut,shuffled_8,5,1.017466,0.996008,0.029549,0
dinoL224,1000,0.2,R2_cut,shuffled_9,5,1.021898,0.992032,0.029549,0
dinoL224,1000,0.2,R3_render,asc_index,5,0.834607,1.0,0.039002,0
dinoL224,1000,0.2,R3_render,asc_nc,5,0.808808,0.99005,0.039002,0
dinoL224,1000,0.2,R3_render,desc_es,5,0.834607,1.0,0.039002,0
dinoL224,1000,0.2,R3_render,desc_nc,5,0.834607,1.0,0.039002,0
dinoL224,1000,0.2,R3_render,shuffled_0,5,0.820097,0.994018,0.039002,0
dinoL224,1000,0.2,R3_render,shuffled_1,5,0.834607,1.0,0.039002,0
dinoL224,1000,0.2,R3_render,shuffled_2,5,0.806376,0.992032,0.039002,0
dinoL224,1000,0.2,R3_render,shuffled_3,5,0.80817,0.996008,0.039002,0
dinoL224,1000,0.2,R3_render,shuffled_4,5,0.829345,0.998002,0.039002,0
dinoL224,1000,0.2,R3_render,shuffled_5,5,0.834607,1.0,0.039002,0
dinoL224,1000,0.2,R3_render,shuffled_6,5,0.808808,0.99005,0.039002,0
dinoL224,1000,0.2,R3_render,shuffled_7,5,0.808808,0.99005,0.039002,0
dinoL224,1000,0.2,R3_render,shuffled_8,5,0.797016,0.996008,0.039002,0
dinoL224,1000,0.2,R3_render,shuffled_9,5,0.795604,0.992032,0.039002,0
dinoL224,1000,0.5,R2_cut,asc_index,5,0.830419,0.91022,0.035053,0
dinoL224,1000,0.5,R2_cut,asc_nc,5,0.868228,0.862197,0.035053,0
dinoL224,1000,0.5,R2_cut,desc_es,5,0.862411,1.0,0.035053,0
dinoL224,1000,0.5,R2_cut,desc_nc,5,0.862411,1.0,0.035053,0
dinoL224,1000,0.5,R2_cut,shuffled_0,5,0.858316,0.912046,0.035053,0
dinoL224,1000,0.5,R2_cut,shuffled_1,5,0.895788,0.936108,0.035053,0
dinoL224,1000,0.5,R2_cut,shuffled_2,5,0.87126,0.881468,0.035053,0
dinoL224,1000,0.5,R2_cut,shuffled_3,5,0.884706,0.92864,0.035053,0
dinoL224,1000,0.5,R2_cut,shuffled_4,5,0.827358,0.893939,0.035053,0
dinoL224,1000,0.5,R2_cut,shuffled_5,5,0.889565,0.92864,0.035053,0
dinoL224,1000,0.5,R2_cut,shuffled_6,5,0.857277,0.865672,0.035053,0
dinoL224,1000,0.5,R2_cut,shuffled_7,5,0.864455,0.879699,0.035053,0
dinoL224,1000,0.5,R2_cut,shuffled_8,5,0.8441,0.901141,0.035053,0
dinoL224,1000,0.5,R2_cut,shuffled_9,5,0.884645,0.874414,0.035053,0
dinoL224,1000,0.5,R3_render,asc_index,5,0.686737,0.91022,0.034647,0
dinoL224,1000,0.5,R3_render,asc_nc,5,0.715564,0.862197,0.034647,0
dinoL224,1000,0.5,R3_render,desc_es,5,0.712496,1.0,0.034647,0
dinoL224,1000,0.5,R3_render,desc_nc,5,0.712496,1.0,0.034647,0
dinoL224,1000,0.5,R3_render,shuffled_0,5,0.737828,0.912046,0.034647,0
dinoL224,1000,0.5,R3_render,shuffled_1,5,0.732465,0.936108,0.034647,0
dinoL224,1000,0.5,R3_render,shuffled_2,5,0.73164,0.881468,0.034647,0
dinoL224,1000,0.5,R3_render,shuffled_3,5,0.737581,0.92864,0.034647,0
dinoL224,1000,0.5,R3_render,shuffled_4,5,0.713892,0.893939,0.034647,0
dinoL224,1000,0.5,R3_render,shuffled_5,5,0.743793,0.92864,0.034647,0
dinoL224,1000,0.5,R3_render,shuffled_6,5,0.714418,0.865672,0.034647,0
dinoL224,1000,0.5,R3_render,shuffled_7,5,0.719216,0.879699,0.034647,0
dinoL224,1000,0.5,R3_render,shuffled_8,5,0.707598,0.901141,0.034647,0
dinoL224,1000,0.5,R3_render,shuffled_9,5,0.747143,0.874414,0.034647,0
dinoL224,1000,1.0,R2_cut,asc_index,5,0.804087,0.80018,0.082156,1
dinoL224,1000,1.0,R2_cut,asc_nc,5,0.793005,0.743679,0.082156,1
dinoL224,1000,1.0,R2_cut,desc_es,5,0.819604,0.998002,0.082156,1
dinoL224,1000,1.0,R2_cut,desc_nc,5,0.812734,1.0,0.082156,1
dinoL224,1000,1.0,R2_cut,shuffled_0,5,0.803614,0.828154,0.082156,1
dinoL224,1000,1.0,R2_cut,shuffled_1,5,0.806682,0.823154,0.082156,1
dinoL224,1000,1.0,R2_cut,shuffled_2,5,0.730578,0.819836,0.082156,1
dinoL224,1000,1.0,R2_cut,shuffled_3,5,0.800152,0.811594,0.082156,1
dinoL224,1000,1.0,R2_cut,shuffled_4,5,0.803915,0.806685,0.082156,1
dinoL224,1000,1.0,R2_cut,shuffled_5,5,0.794869,0.795332,0.082156,1
dinoL224,1000,1.0,R2_cut,shuffled_6,5,0.833238,0.793722,0.082156,1
dinoL224,1000,1.0,R2_cut,shuffled_7,5,0.785636,0.818182,0.082156,1
dinoL224,1000,1.0,R2_cut,shuffled_8,5,0.827948,0.819836,0.082156,1
dinoL224,1000,1.0,R2_cut,shuffled_9,5,0.810535,0.774623,0.082156,1
dinoL224,1000,1.0,R3_render,asc_index,5,0.709039,0.80018,0.054497,1
dinoL224,1000,1.0,R3_render,asc_nc,5,0.721609,0.743679,0.054497,1
dinoL224,1000,1.0,R3_render,desc_es,5,0.714174,0.998002,0.054497,1
dinoL224,1000,1.0,R3_render,desc_nc,5,0.708655,1.0,0.054497,1
dinoL224,1000,1.0,R3_render,shuffled_0,5,0.712253,0.828154,0.054497,1
dinoL224,1000,1.0,R3_render,shuffled_1,5,0.726538,0.823154,0.054497,1
dinoL224,1000,1.0,R3_render,shuffled_2,5,0.654158,0.819836,0.054497,1
dinoL224,1000,1.0,R3_render,shuffled_3,5,0.740973,0.811594,0.054497,1
dinoL224,1000,1.0,R3_render,shuffled_4,5,0.710303,0.806685,0.054497,1
dinoL224,1000,1.0,R3_render,shuffled_5,5,0.705498,0.795332,0.054497,1
dinoL224,1000,1.0,R3_render,shuffled_6,5,0.74679,0.793722,0.054497,1
dinoL224,1000,1.0,R3_render,shuffled_7,5,0.709357,0.818182,0.054497,1
dinoL224,1000,1.0,R3_render,shuffled_8,5,0.72407,0.819836,0.054497,1
dinoL224,1000,1.0,R3_render,shuffled_9,5,0.713124,0.774623,0.054497,1
dinoL224,1000,2.0,R2_cut,asc_index,5,0.805474,0.779359,0.059237,1
dinoL224,1000,2.0,R2_cut,asc_nc,5,0.789986,0.722653,0.059237,1
dinoL224,1000,2.0,R2_cut,desc_es,5,0.724037,0.986097,0.059237,1
dinoL224,1000,2.0,R2_cut,desc_nc,5,0.772494,1.0,0.059237,1
dinoL224,1000,2.0,R2_cut,shuffled_0,5,0.772337,0.814882,0.059237,1
dinoL224,1000,2.0,R2_cut,shuffled_1,5,0.758965,0.782531,0.059237,1
dinoL224,1000,2.0,R2_cut,shuffled_2,5,0.77265,0.831502,0.059237,1
dinoL224,1000,2.0,R2_cut,shuffled_3,5,0.750419,0.821494,0.059237,1
dinoL224,1000,2.0,R2_cut,shuffled_4,5,0.790452,0.793722,0.059237,1
dinoL224,1000,2.0,R2_cut,shuffled_5,5,0.770701,0.793722,0.059237,1
dinoL224,1000,2.0,R2_cut,shuffled_6,5,0.811008,0.801802,0.059237,1
dinoL224,1000,2.0,R2_cut,shuffled_7,5,0.808798,0.818182,0.059237,1
dinoL224,1000,2.0,R2_cut,shuffled_8,5,0.831732,0.819836,0.059237,1
dinoL224,1000,2.0,R2_cut,shuffled_9,5,0.830433,0.782531,0.059237,1
dinoL224,1000,2.0,R3_render,asc_index,5,0.750015,0.779359,0.067273,1
dinoL224,1000,2.0,R3_render,asc_nc,5,0.736417,0.722653,0.067273,1
dinoL224,1000,2.0,R3_render,desc_es,5,0.64854,0.986097,0.067273,1
dinoL224,1000,2.0,R3_render,desc_nc,5,0.682742,1.0,0.067273,1
dinoL224,1000,2.0,R3_render,shuffled_0,5,0.691877,0.814882,0.067273,1
dinoL224,1000,2.0,R3_render,shuffled_1,5,0.689994,0.782531,0.067273,1
dinoL224,1000,2.0,R3_render,shuffled_2,5,0.697087,0.831502,0.067273,1
dinoL224,1000,2.0,R3_render,shuffled_3,5,0.6896,0.821494,0.067273,1
dinoL224,1000,2.0,R3_render,shuffled_4,5,0.711135,0.793722,0.067273,1
dinoL224,1000,2.0,R3_render,shuffled_5,5,0.717695,0.793722,0.067273,1
dinoL224,1000,2.0,R3_render,shuffled_6,5,0.742167,0.801802,0.067273,1
dinoL224,1000,2.0,R3_render,shuffled_7,5,0.714601,0.818182,0.067273,1
dinoL224,1000,2.0,R3_render,shuffled_8,5,0.745202,0.819836,0.067273,1
dinoL224,1000,2.0,R3_render,shuffled_9,5,0.733022,0.782531,0.067273,1
dinoL224,1000,5.0,R2_cut,asc_index,5,0.746731,0.805054,0.075504,1
dinoL224,1000,5.0,R2_cut,asc_nc,5,0.764044,0.716738,0.075504,1
dinoL224,1000,5.0,R2_cut,desc_es,5,0.756681,0.976285,0.075504,1
dinoL224,1000,5.0,R2_cut,desc_nc,5,0.742801,1.0,0.075504,1
dinoL224,1000,5.0,R2_cut,shuffled_0,5,0.779816,0.819836,0.075504,1
dinoL224,1000,5.0,R2_cut,shuffled_1,5,0.742212,0.79051,0.075504,1
dinoL224,1000,5.0,R2_cut,shuffled_2,5,0.766977,0.836547,0.075504,1
dinoL224,1000,5.0,R2_cut,shuffled_3,5,0.777848,0.805054,0.075504,1
dinoL224,1000,5.0,R2_cut,shuffled_4,5,0.79684,0.792115,0.075504,1
dinoL224,1000,5.0,R2_cut,shuffled_5,5,0.783789,0.785714,0.075504,1
dinoL224,1000,5.0,R2_cut,shuffled_6,5,0.794619,0.801802,0.075504,1
dinoL224,1000,5.0,R2_cut,shuffled_7,5,0.747349,0.818182,0.075504,1
dinoL224,1000,5.0,R2_cut,shuffled_8,5,0.784921,0.814882,0.075504,1
dinoL224,1000,5.0,R2_cut,shuffled_9,5,0.818304,0.78731,0.075504,1
dinoL224,1000,5.0,R3_render,asc_index,5,0.664987,0.805054,0.036444,0
dinoL224,1000,5.0,R3_render,asc_nc,5,0.638849,0.716738,0.036444,0
dinoL224,1000,5.0,R3_render,desc_es,5,0.647482,0.976285,0.036444,0
dinoL224,1000,5.0,R3_render,desc_nc,5,0.662603,1.0,0.036444,0
dinoL224,1000,5.0,R3_render,shuffled_0,5,0.661858,0.819836,0.036444,0
dinoL224,1000,5.0,R3_render,shuffled_1,5,0.689573,0.79051,0.036444,0
dinoL224,1000,5.0,R3_render,shuffled_2,5,0.632129,0.836547,0.036444,0
dinoL224,1000,5.0,R3_render,shuffled_3,5,0.661023,0.805054,0.036444,0
dinoL224,1000,5.0,R3_render,shuffled_4,5,0.673028,0.792115,0.036444,0
dinoL224,1000,5.0,R3_render,shuffled_5,5,0.673827,0.785714,0.036444,0
dinoL224,1000,5.0,R3_render,shuffled_6,5,0.675751,0.801802,0.036444,0
dinoL224,1000,5.0,R3_render,shuffled_7,5,0.642125,0.818182,0.036444,0
dinoL224,1000,5.0,R3_render,shuffled_8,5,0.685019,0.814882,0.036444,0
dinoL224,1000,5.0,R3_render,shuffled_9,5,0.699048,0.78731,0.036444,0
dinoL224,1000,10.0,R2_cut,asc_index,5,0.76207,0.824818,0.105423,1
dinoL224,1000,10.0,R2_cut,asc_nc,5,0.736905,0.733102,0.105423,1
dinoL224,1000,10.0,R2_cut,desc_es,5,0.755176,0.934236,0.105423,1
dinoL224,1000,10.0,R2_cut,desc_nc,5,0.727227,1.0,0.105423,1
dinoL224,1000,10.0,R2_cut,shuffled_0,5,0.75278,0.805054,0.105423,1
dinoL224,1000,10.0,R2_cut,shuffled_1,5,0.753049,0.805054,0.105423,1
dinoL224,1000,10.0,R2_cut,shuffled_2,5,0.766524,0.818182,0.105423,1
dinoL224,1000,10.0,R2_cut,shuffled_3,5,0.796524,0.809955,0.105423,1
dinoL224,1000,10.0,R2_cut,shuffled_4,5,0.771218,0.803427,0.105423,1
dinoL224,1000,10.0,R2_cut,shuffled_5,5,0.771844,0.782531,0.105423,1
dinoL224,1000,10.0,R2_cut,shuffled_6,5,0.83265,0.801802,0.105423,1
dinoL224,1000,10.0,R2_cut,shuffled_7,5,0.755781,0.81653,0.105423,1
dinoL224,1000,10.0,R2_cut,shuffled_8,5,0.795918,0.801802,0.105423,1
dinoL224,1000,10.0,R2_cut,shuffled_9,5,0.746968,0.79051,0.105423,1
dinoL224,1000,10.0,R3_render,asc_index,5,0.662736,0.824818,0.036494,0
dinoL224,1000,10.0,R3_render,asc_nc,5,0.638701,0.733102,0.036494,0
dinoL224,1000,10.0,R3_render,desc_es,5,0.653749,0.934236,0.036494,0
dinoL224,1000,10.0,R3_render,desc_nc,5,0.654841,1.0,0.036494,0
dinoL224,1000,10.0,R3_render,shuffled_0,5,0.638898,0.805054,0.036494,0
dinoL224,1000,10.0,R3_render,shuffled_1,5,0.677013,0.805054,0.036494,0
dinoL224,1000,10.0,R3_render,shuffled_2,5,0.672945,0.818182,0.036494,0
dinoL224,1000,10.0,R3_render,shuffled_3,5,0.684209,0.809955,0.036494,0
dinoL224,1000,10.0,R3_render,shuffled_4,5,0.646248,0.803427,0.036494,0
dinoL224,1000,10.0,R3_render,shuffled_5,5,0.691335,0.782531,0.036494,0
dinoL224,1000,10.0,R3_render,shuffled_6,5,0.670553,0.801802,0.036494,0
dinoL224,1000,10.0,R3_render,shuffled_7,5,0.656746,0.81653,0.036494,0
dinoL224,1000,10.0,R3_render,shuffled_8,5,0.671891,0.801802,0.036494,0
dinoL224,1000,10.0,R3_render,shuffled_9,5,0.655835,0.79051,0.036494,0
dinoL224,1000,20.0,R2_cut,asc_index,5,0.799771,0.824818,0.053569,1
dinoL224,1000,20.0,R2_cut,asc_nc,5,0.76675,0.736111,0.053569,1
dinoL224,1000,20.0,R2_cut,desc_es,5,0.796357,0.932367,0.053569,1
dinoL224,1000,20.0,R2_cut,desc_nc,5,0.761577,1.0,0.053569,1
dinoL224,1000,20.0,R2_cut,shuffled_0,5,0.777237,0.80018,0.053569,1
dinoL224,1000,20.0,R2_cut,shuffled_1,5,0.776871,0.79051,0.053569,1
dinoL224,1000,20.0,R2_cut,shuffled_2,5,0.815147,0.821494,0.053569,1
dinoL224,1000,20.0,R2_cut,shuffled_3,5,0.789929,0.819836,0.053569,1
dinoL224,1000,20.0,R2_cut,shuffled_4,5,0.768172,0.795332,0.053569,1
dinoL224,1000,20.0,R2_cut,shuffled_5,5,0.747583,0.792115,0.053569,1
dinoL224,1000,20.0,R2_cut,shuffled_6,5,0.813988,0.801802,0.053569,1
dinoL224,1000,20.0,R2_cut,shuffled_7,5,0.763323,0.798561,0.053569,1
dinoL224,1000,20.0,R2_cut,shuffled_8,5,0.773827,0.80018,0.053569,1
dinoL224,1000,20.0,R2_cut,shuffled_9,5,0.78125,0.777778,0.053569,1
dinoL224,1000,20.0,R3_render,asc_index,5,0.701437,0.824818,0.058382,1
dinoL224,1000,20.0,R3_render,asc_nc,5,0.708012,0.736111,0.058382,1
dinoL224,1000,20.0,R3_render,desc_es,5,0.671903,0.932367,0.058382,1
dinoL224,1000,20.0,R3_render,desc_nc,5,0.64963,1.0,0.058382,1
dinoL224,1000,20.0,R3_render,shuffled_0,5,0.65193,0.80018,0.058382,1
dinoL224,1000,20.0,R3_render,shuffled_1,5,0.685916,0.79051,0.058382,1
dinoL224,1000,20.0,R3_render,shuffled_2,5,0.70523,0.821494,0.058382,1
dinoL224,1000,20.0,R3_render,shuffled_3,5,0.677702,0.819836,0.058382,1
dinoL224,1000,20.0,R3_render,shuffled_4,5,0.616655,0.795332,0.058382,1
dinoL224,1000,20.0,R3_render,shuffled_5,5,0.650613,0.792115,0.058382,1
dinoL224,1000,20.0,R3_render,shuffled_6,5,0.680215,0.801802,0.058382,1
dinoL224,1000,20.0,R3_render,shuffled_7,5,0.690988,0.798561,0.058382,1
dinoL224,1000,20.0,R3_render,shuffled_8,5,0.665365,0.80018,0.058382,1
dinoL224,1000,20.0,R3_render,shuffled_9,5,0.686118,0.777778,0.058382,1
dinoL224,1000,40.0,R2_cut,asc_index,5,0.794271,0.892148,0.065568,1
dinoL224,1000,40.0,R2_cut,asc_nc,5,0.736893,0.795332,0.065568,1
dinoL224,1000,40.0,R2_cut,desc_es,5,0.77564,0.863933,0.065568,1
dinoL224,1000,40.0,R2_cut,desc_nc,5,0.746331,1.0,0.065568,1
dinoL224,1000,40.0,R2_cut,shuffled_0,5,0.749826,0.798561,0.065568,1
dinoL224,1000,40.0,R2_cut,shuffled_1,5,0.769908,0.798561,0.065568,1
dinoL224,1000,40.0,R2_cut,shuffled_2,5,0.778262,0.776199,0.065568,1
dinoL224,1000,40.0,R2_cut,shuffled_3,5,0.777956,0.836547,0.065568,1
dinoL224,1000,40.0,R2_cut,shuffled_4,5,0.78875,0.819836,0.065568,1
dinoL224,1000,40.0,R2_cut,shuffled_5,5,0.765903,0.79051,0.065568,1
dinoL224,1000,40.0,R2_cut,shuffled_6,5,0.811899,0.798561,0.065568,1
dinoL224,1000,40.0,R2_cut,shuffled_7,5,0.756771,0.823154,0.065568,1
dinoL224,1000,40.0,R2_cut,shuffled_8,5,0.768139,0.805054,0.065568,1
dinoL224,1000,40.0,R2_cut,shuffled_9,5,0.796331,0.796945,0.065568,1
dinoL224,1000,40.0,R3_render,asc_index,5,0.683952,0.892148,0.060669,1
dinoL224,1000,40.0,R3_render,asc_nc,5,0.654003,0.795332,0.060669,1
dinoL224,1000,40.0,R3_render,desc_es,5,0.664057,0.863933,0.060669,1
dinoL224,1000,40.0,R3_render,desc_nc,5,0.631858,1.0,0.060669,1
dinoL224,1000,40.0,R3_render,shuffled_0,5,0.651297,0.798561,0.060669,1
dinoL224,1000,40.0,R3_render,shuffled_1,5,0.661921,0.798561,0.060669,1
dinoL224,1000,40.0,R3_render,shuffled_2,5,0.645619,0.776199,0.060669,1
dinoL224,1000,40.0,R3_render,shuffled_3,5,0.669393,0.836547,0.060669,1
dinoL224,1000,40.0,R3_render,shuffled_4,5,0.641152,0.819836,0.060669,1
dinoL224,1000,40.0,R3_render,shuffled_5,5,0.692526,0.79051,0.060669,1
dinoL224,1000,40.0,R3_render,shuffled_6,5,0.689293,0.798561,0.060669,1
dinoL224,1000,40.0,R3_render,shuffled_7,5,0.657573,0.823154,0.060669,1
dinoL224,1000,40.0,R3_render,shuffled_8,5,0.656502,0.805054,0.060669,1
dinoL224,1000,40.0,R3_render,shuffled_9,5,0.684905,0.796945,0.060669,1
dinoL224,2000,0.02,R2_cut,asc_index,5,0.586498,1.0,0.0,0
dinoL224,2000,0.02,R2_cut,asc_nc,5,0.586498,1.0,0.0,0
dinoL224,2000,0.02,R2_cut,desc_es,5,0.586498,1.0,0.0,0
dinoL224,2000,0.02,R2_cut,desc_nc,5,0.586498,1.0,0.0,0
dinoL224,2000,0.02,R2_cut,shuffled_0,5,0.586498,1.0,0.0,0
dinoL224,2000,0.02,R2_cut,shuffled_1,5,0.586498,1.0,0.0,0
dinoL224,2000,0.02,R2_cut,shuffled_2,5,0.586498,1.0,0.0,0
dinoL224,2000,0.02,R2_cut,shuffled_3,5,0.586498,1.0,0.0,0
dinoL224,2000,0.02,R2_cut,shuffled_4,5,0.586498,1.0,0.0,0
dinoL224,2000,0.02,R2_cut,shuffled_5,5,0.586498,1.0,0.0,0
dinoL224,2000,0.02,R2_cut,shuffled_6,5,0.586498,1.0,0.0,0
dinoL224,2000,0.02,R2_cut,shuffled_7,5,0.586498,1.0,0.0,0
dinoL224,2000,0.02,R2_cut,shuffled_8,5,0.586498,1.0,0.0,0
dinoL224,2000,0.02,R2_cut,shuffled_9,5,0.586498,1.0,0.0,0
dinoL224,2000,0.02,R3_render,asc_index,5,0.458673,1.0,0.0,0
dinoL224,2000,0.02,R3_render,asc_nc,5,0.458673,1.0,0.0,0
dinoL224,2000,0.02,R3_render,desc_es,5,0.458673,1.0,0.0,0
dinoL224,2000,0.02,R3_render,desc_nc,5,0.458673,1.0,0.0,0
dinoL224,2000,0.02,R3_render,shuffled_0,5,0.458673,1.0,0.0,0
dinoL224,2000,0.02,R3_render,shuffled_1,5,0.458673,1.0,0.0,0
dinoL224,2000,0.02,R3_render,shuffled_2,5,0.458673,1.0,0.0,0
dinoL224,2000,0.02,R3_render,shuffled_3,5,0.458673,1.0,0.0,0
dinoL224,2000,0.02,R3_render,shuffled_4,5,0.458673,1.0,0.0,0
dinoL224,2000,0.02,R3_render,shuffled_5,5,0.458673,1.0,0.0,0
dinoL224,2000,0.02,R3_render,shuffled_6,5,0.458673,1.0,0.0,0
dinoL224,2000,0.02,R3_render,shuffled_7,5,0.458673,1.0,0.0,0
dinoL224,2000,0.02,R3_render,shuffled_8,5,0.458673,1.0,0.0,0
dinoL224,2000,0.02,R3_render,shuffled_9,5,0.458673,1.0,0.0,0
dinoL224,2000,0.05,R2_cut,asc_index,5,0.586498,1.0,0.0,0
dinoL224,2000,0.05,R2_cut,asc_nc,5,0.586498,1.0,0.0,0
dinoL224,2000,0.05,R2_cut,desc_es,5,0.586498,1.0,0.0,0
dinoL224,2000,0.05,R2_cut,desc_nc,5,0.586498,1.0,0.0,0
dinoL224,2000,0.05,R2_cut,shuffled_0,5,0.586498,1.0,0.0,0
dinoL224,2000,0.05,R2_cut,shuffled_1,5,0.586498,1.0,0.0,0
dinoL224,2000,0.05,R2_cut,shuffled_2,5,0.586498,1.0,0.0,0
dinoL224,2000,0.05,R2_cut,shuffled_3,5,0.586498,1.0,0.0,0
dinoL224,2000,0.05,R2_cut,shuffled_4,5,0.586498,1.0,0.0,0
dinoL224,2000,0.05,R2_cut,shuffled_5,5,0.586498,1.0,0.0,0
dinoL224,2000,0.05,R2_cut,shuffled_6,5,0.586498,1.0,0.0,0
dinoL224,2000,0.05,R2_cut,shuffled_7,5,0.586498,1.0,0.0,0
dinoL224,2000,0.05,R2_cut,shuffled_8,5,0.586498,1.0,0.0,0
dinoL224,2000,0.05,R2_cut,shuffled_9,5,0.586498,1.0,0.0,0
dinoL224,2000,0.05,R3_render,asc_index,5,0.458673,1.0,0.0,0
dinoL224,2000,0.05,R3_render,asc_nc,5,0.458673,1.0,0.0,0
dinoL224,2000,0.05,R3_render,desc_es,5,0.458673,1.0,0.0,0
dinoL224,2000,0.05,R3_render,desc_nc,5,0.458673,1.0,0.0,0
dinoL224,2000,0.05,R3_render,shuffled_0,5,0.458673,1.0,0.0,0
dinoL224,2000,0.05,R3_render,shuffled_1,5,0.458673,1.0,0.0,0
dinoL224,2000,0.05,R3_render,shuffled_2,5,0.458673,1.0,0.0,0
dinoL224,2000,0.05,R3_render,shuffled_3,5,0.458673,1.0,0.0,0
dinoL224,2000,0.05,R3_render,shuffled_4,5,0.458673,1.0,0.0,0
dinoL224,2000,0.05,R3_render,shuffled_5,5,0.458673,1.0,0.0,0
dinoL224,2000,0.05,R3_render,shuffled_6,5,0.458673,1.0,0.0,0
dinoL224,2000,0.05,R3_render,shuffled_7,5,0.458673,1.0,0.0,0
dinoL224,2000,0.05,R3_render,shuffled_8,5,0.458673,1.0,0.0,0
dinoL224,2000,0.05,R3_render,shuffled_9,5,0.458673,1.0,0.0,0
dinoL224,2000,0.1,R2_cut,asc_index,5,0.586498,1.0,0.0,0
dinoL224,2000,0.1,R2_cut,asc_nc,5,0.586498,1.0,0.0,0
dinoL224,2000,0.1,R2_cut,desc_es,5,0.586498,1.0,0.0,0
dinoL224,2000,0.1,R2_cut,desc_nc,5,0.586498,1.0,0.0,0
dinoL224,2000,0.1,R2_cut,shuffled_0,5,0.586498,1.0,0.0,0
dinoL224,2000,0.1,R2_cut,shuffled_1,5,0.586498,1.0,0.0,0
dinoL224,2000,0.1,R2_cut,shuffled_2,5,0.586498,1.0,0.0,0
dinoL224,2000,0.1,R2_cut,shuffled_3,5,0.586498,1.0,0.0,0
dinoL224,2000,0.1,R2_cut,shuffled_4,5,0.586498,1.0,0.0,0
dinoL224,2000,0.1,R2_cut,shuffled_5,5,0.586498,1.0,0.0,0
dinoL224,2000,0.1,R2_cut,shuffled_6,5,0.586498,1.0,0.0,0
dinoL224,2000,0.1,R2_cut,shuffled_7,5,0.586498,1.0,0.0,0
dinoL224,2000,0.1,R2_cut,shuffled_8,5,0.586498,1.0,0.0,0
dinoL224,2000,0.1,R2_cut,shuffled_9,5,0.586498,1.0,0.0,0
dinoL224,2000,0.1,R3_render,asc_index,5,0.458673,1.0,0.0,0
dinoL224,2000,0.1,R3_render,asc_nc,5,0.458673,1.0,0.0,0
dinoL224,2000,0.1,R3_render,desc_es,5,0.458673,1.0,0.0,0
dinoL224,2000,0.1,R3_render,desc_nc,5,0.458673,1.0,0.0,0
dinoL224,2000,0.1,R3_render,shuffled_0,5,0.458673,1.0,0.0,0
dinoL224,2000,0.1,R3_render,shuffled_1,5,0.458673,1.0,0.0,0
dinoL224,2000,0.1,R3_render,shuffled_2,5,0.458673,1.0,0.0,0
dinoL224,2000,0.1,R3_render,shuffled_3,5,0.458673,1.0,0.0,0
dinoL224,2000,0.1,R3_render,shuffled_4,5,0.458673,1.0,0.0,0
dinoL224,2000,0.1,R3_render,shuffled_5,5,0.458673,1.0,0.0,0
dinoL224,2000,0.1,R3_render,shuffled_6,5,0.458673,1.0,0.0,0
dinoL224,2000,0.1,R3_render,shuffled_7,5,0.458673,1.0,0.0,0
dinoL224,2000,0.1,R3_render,shuffled_8,5,0.458673,1.0,0.0,0
dinoL224,2000,0.1,R3_render,shuffled_9,5,0.458673,1.0,0.0,0
dinoL224,2000,0.2,R2_cut,asc_index,5,0.616127,0.998002,0.01773,0
dinoL224,2000,0.2,R2_cut,asc_nc,5,0.592964,0.985112,0.01773,0
dinoL224,2000,0.2,R2_cut,desc_es,5,0.599788,1.0,0.01773,0
dinoL224,2000,0.2,R2_cut,desc_nc,5,0.599788,1.0,0.01773,0
dinoL224,2000,0.2,R2_cut,shuffled_0,5,0.599777,0.993024,0.01773,0
dinoL224,2000,0.2,R2_cut,shuffled_1,5,0.600724,0.998002,0.01773,0
dinoL224,2000,0.2,R2_cut,shuffled_2,5,0.607759,0.98906,0.01773,0
dinoL224,2000,0.2,R2_cut,shuffled_3,5,0.599561,0.997004,0.01773,0
dinoL224,2000,0.2,R2_cut,shuffled_4,5,0.606537,0.997004,0.01773,0
dinoL224,2000,0.2,R2_cut,shuffled_5,5,0.599788,1.0,0.01773,0
dinoL224,2000,0.2,R2_cut,shuffled_6,5,0.582058,0.987084,0.01773,0
dinoL224,2000,0.2,R2_cut,shuffled_7,5,0.592964,0.985112,0.01773,0
dinoL224,2000,0.2,R2_cut,shuffled_8,5,0.597355,0.994018,0.01773,0
dinoL224,2000,0.2,R2_cut,shuffled_9,5,0.608234,0.988072,0.01773,0
dinoL224,2000,0.2,R3_render,asc_index,5,0.480738,0.998002,0.017496,0
dinoL224,2000,0.2,R3_render,asc_nc,5,0.462763,0.985112,0.017496,0
dinoL224,2000,0.2,R3_render,desc_es,5,0.472183,1.0,0.017496,0
dinoL224,2000,0.2,R3_render,desc_nc,5,0.472183,1.0,0.017496,0
dinoL224,2000,0.2,R3_render,shuffled_0,5,0.467599,0.993024,0.017496,0
dinoL224,2000,0.2,R3_render,shuffled_1,5,0.474376,0.998002,0.017496,0
dinoL224,2000,0.2,R3_render,shuffled_2,5,0.484423,0.98906,0.017496,0
dinoL224,2000,0.2,R3_render,shuffled_3,5,0.476705,0.997004,0.017496,0
dinoL224,2000,0.2,R3_render,shuffled_4,5,0.481678,0.997004,0.017496,0
dinoL224,2000,0.2,R3_render,shuffled_5,5,0.472183,1.0,0.017496,0
dinoL224,2000,0.2,R3_render,shuffled_6,5,0.454687,0.987084,0.017496,0
dinoL224,2000,0.2,R3_render,shuffled_7,5,0.462763,0.985112,0.017496,0
dinoL224,2000,0.2,R3_render,shuffled_8,5,0.466724,0.994018,0.017496,0
dinoL224,2000,0.2,R3_render,shuffled_9,5,0.474851,0.988072,0.017496,0
dinoL224,2000,0.5,R2_cut,asc_index,5,0.575902,0.886792,0.026556,0
dinoL224,2000,0.5,R2_cut,asc_nc,5,0.555108,0.797753,0.026556,0
dinoL224,2000,0.5,R2_cut,desc_es,5,0.549345,1.0,0.026556,0
dinoL224,2000,0.5,R2_cut,desc_nc,5,0.549345,1.0,0.026556,0
dinoL224,2000,0.5,R2_cut,shuffled_0,5,0.53038,0.880583,0.026556,0
dinoL224,2000,0.5,R2_cut,shuffled_1,5,0.552029,0.905669,0.026556,0
dinoL224,2000,0.5,R2_cut,shuffled_2,5,0.539371,0.81653,0.026556,0
dinoL224,2000,0.5,R2_cut,shuffled_3,5,0.562065,0.885014,0.026556,0
dinoL224,2000,0.5,R2_cut,shuffled_4,5,0.556539,0.880583,0.026556,0
dinoL224,2000,0.5,R2_cut,shuffled_5,5,0.562767,0.893939,0.026556,0
dinoL224,2000,0.5,R2_cut,shuffled_6,5,0.528891,0.803427,0.026556,0
dinoL224,2000,0.5,R2_cut,shuffled_7,5,0.536102,0.809136,0.026556,0
dinoL224,2000,0.5,R2_cut,shuffled_8,5,0.547797,0.866542,0.026556,0
dinoL224,2000,0.5,R2_cut,shuffled_9,5,0.562847,0.814882,0.026556,0
dinoL224,2000,0.5,R3_render,asc_index,5,0.471384,0.886792,0.039746,0
dinoL224,2000,0.5,R3_render,asc_nc,5,0.455611,0.797753,0.039746,0
dinoL224,2000,0.5,R3_render,desc_es,5,0.462249,1.0,0.039746,0
dinoL224,2000,0.5,R3_render,desc_nc,5,0.462249,1.0,0.039746,0
dinoL224,2000,0.5,R3_render,shuffled_0,5,0.42675,0.880583,0.039746,0
dinoL224,2000,0.5,R3_render,shuffled_1,5,0.444627,0.905669,0.039746,0
dinoL224,2000,0.5,R3_render,shuffled_2,5,0.44111,0.81653,0.039746,0
dinoL224,2000,0.5,R3_render,shuffled_3,5,0.468469,0.885014,0.039746,0
dinoL224,2000,0.5,R3_render,shuffled_4,5,0.460082,0.880583,0.039746,0
dinoL224,2000,0.5,R3_render,shuffled_5,5,0.4552,0.893939,0.039746,0
dinoL224,2000,0.5,R3_render,shuffled_6,5,0.422503,0.803427,0.039746,0
dinoL224,2000,0.5,R3_render,shuffled_7,5,0.435055,0.809136,0.039746,0
dinoL224,2000,0.5,R3_render,shuffled_8,5,0.460354,0.866542,0.039746,0
dinoL224,2000,0.5,R3_render,shuffled_9,5,0.447927,0.814882,0.039746,0
dinoL224,2000,1.0,R2_cut,asc_index,5,0.506585,0.791312,0.066475,1
dinoL224,2000,1.0,R2_cut,asc_nc,5,0.486338,0.727862,0.066475,1
dinoL224,2000,1.0,R2_cut,desc_es,5,0.494174,1.0,0.066475,1
dinoL224,2000,1.0,R2_cut,desc_nc,5,0.494174,1.0,0.066475,1
dinoL224,2000,1.0,R2_cut,shuffled_0,5,0.499774,0.818182,0.066475,1
dinoL224,2000,1.0,R2_cut,shuffled_1,5,0.496489,0.819009,0.066475,1
dinoL224,2000,1.0,R2_cut,shuffled_2,5,0.520181,0.803427,0.066475,1
dinoL224,2000,1.0,R2_cut,shuffled_3,5,0.505806,0.817356,0.066475,1
dinoL224,2000,1.0,R2_cut,shuffled_4,5,0.517622,0.803427,0.066475,1
dinoL224,2000,1.0,R2_cut,shuffled_5,5,0.486129,0.805869,0.066475,1
dinoL224,2000,1.0,R2_cut,shuffled_6,5,0.518775,0.768347,0.066475,1
dinoL224,2000,1.0,R2_cut,shuffled_7,5,0.513573,0.784121,0.066475,1
dinoL224,2000,1.0,R2_cut,shuffled_8,5,0.56065,0.81653,0.066475,1
dinoL224,2000,1.0,R2_cut,shuffled_9,5,0.505202,0.768347,0.066475,1
dinoL224,2000,1.0,R3_render,asc_index,5,0.416613,0.791312,0.073762,1
dinoL224,2000,1.0,R3_render,asc_nc,5,0.422418,0.727862,0.073762,1
dinoL224,2000,1.0,R3_render,desc_es,5,0.41257,1.0,0.073762,1
dinoL224,2000,1.0,R3_render,desc_nc,5,0.41257,1.0,0.073762,1
dinoL224,2000,1.0,R3_render,shuffled_0,5,0.426806,0.818182,0.073762,1
dinoL224,2000,1.0,R3_render,shuffled_1,5,0.423118,0.819009,0.073762,1
dinoL224,2000,1.0,R3_render,shuffled_2,5,0.424949,0.803427,0.073762,1
dinoL224,2000,1.0,R3_render,shuffled_3,5,0.410185,0.817356,0.073762,1
dinoL224,2000,1.0,R3_render,shuffled_4,5,0.439505,0.803427,0.073762,1
dinoL224,2000,1.0,R3_render,shuffled_5,5,0.400762,0.805869,0.073762,1
dinoL224,2000,1.0,R3_render,shuffled_6,5,0.427795,0.768347,0.073762,1
dinoL224,2000,1.0,R3_render,shuffled_7,5,0.420637,0.784121,0.073762,1
dinoL224,2000,1.0,R3_render,shuffled_8,5,0.486333,0.81653,0.073762,1
dinoL224,2000,1.0,R3_render,shuffled_9,5,0.407633,0.768347,0.073762,1
dinoL224,2000,2.0,R2_cut,asc_index,5,0.50117,0.781737,0.044338,0
dinoL224,2000,2.0,R2_cut,asc_nc,5,0.489703,0.71969,0.044338,0
dinoL224,2000,2.0,R2_cut,desc_es,5,0.534041,1.0,0.044338,0
dinoL224,2000,2.0,R2_cut,desc_nc,5,0.534041,1.0,0.044338,0
dinoL224,2000,2.0,R2_cut,shuffled_0,5,0.516202,0.803427,0.044338,0
dinoL224,2000,2.0,R2_cut,shuffled_1,5,0.514386,0.778568,0.044338,0
dinoL224,2000,2.0,R2_cut,shuffled_2,5,0.520206,0.811594,0.044338,0
dinoL224,2000,2.0,R2_cut,shuffled_3,5,0.537855,0.797753,0.044338,0
dinoL224,2000,2.0,R2_cut,shuffled_4,5,0.523815,0.78731,0.044338,0
dinoL224,2000,2.0,R2_cut,shuffled_5,5,0.500863,0.785714,0.044338,0
dinoL224,2000,2.0,R2_cut,shuffled_6,5,0.538575,0.780151,0.044338,0
dinoL224,2000,2.0,R2_cut,shuffled_7,5,0.510415,0.791312,0.044338,0
dinoL224,2000,2.0,R2_cut,shuffled_8,5,0.548816,0.809955,0.044338,0
dinoL224,2000,2.0,R2_cut,shuffled_9,5,0.53402,0.769129,0.044338,0
dinoL224,2000,2.0,R3_render,asc_index,5,0.440317,0.781737,0.032306,0
dinoL224,2000,2.0,R3_render,asc_nc,5,0.408663,0.71969,0.032306,0
dinoL224,2000,2.0,R3_render,desc_es,5,0.440968,1.0,0.032306,0
dinoL224,2000,2.0,R3_render,desc_nc,5,0.440968,1.0,0.032306,0
dinoL224,2000,2.0,R3_render,shuffled_0,5,0.428004,0.803427,0.032306,0
dinoL224,2000,2.0,R3_render,shuffled_1,5,0.441713,0.778568,0.032306,0
dinoL224,2000,2.0,R3_render,shuffled_2,5,0.435799,0.811594,0.032306,0
dinoL224,2000,2.0,R3_render,shuffled_3,5,0.451443,0.797753,0.032306,0
dinoL224,2000,2.0,R3_render,shuffled_4,5,0.447008,0.78731,0.032306,0
dinoL224,2000,2.0,R3_render,shuffled_5,5,0.424806,0.785714,0.032306,0
dinoL224,2000,2.0,R3_render,shuffled_6,5,0.460398,0.780151,0.032306,0
dinoL224,2000,2.0,R3_render,shuffled_7,5,0.431671,0.791312,0.032306,0
dinoL224,2000,2.0,R3_render,shuffled_8,5,0.469612,0.809955,0.032306,0
dinoL224,2000,2.0,R3_render,shuffled_9,5,0.427516,0.769129,0.032306,0
dinoL224,2000,5.0,R2_cut,asc_index,5,0.532612,0.784917,0.055613,1
dinoL224,2000,5.0,R2_cut,asc_nc,5,0.520321,0.712329,0.055613,1
dinoL224,2000,5.0,R2_cut,desc_es,5,0.554374,0.98906,0.055613,1
dinoL224,2000,5.0,R2_cut,desc_nc,5,0.575934,1.0,0.055613,1
dinoL224,2000,5.0,R2_cut,shuffled_0,5,0.522449,0.792918,0.055613,1
dinoL224,2000,5.0,R2_cut,shuffled_1,5,0.527719,0.765225,0.055613,1
dinoL224,2000,5.0,R2_cut,shuffled_2,5,0.557012,0.802614,0.055613,1
dinoL224,2000,5.0,R2_cut,shuffled_3,5,0.546347,0.778568,0.055613,1
dinoL224,2000,5.0,R2_cut,shuffled_4,5,0.527673,0.766784,0.055613,1
dinoL224,2000,5.0,R2_cut,shuffled_5,5,0.524885,0.788909,0.055613,1
dinoL224,2000,5.0,R2_cut,shuffled_6,5,0.560804,0.77305,0.055613,1
dinoL224,2000,5.0,R2_cut,shuffled_7,5,0.529452,0.77305,0.055613,1
dinoL224,2000,5.0,R2_cut,shuffled_8,5,0.556272,0.810774,0.055613,1
dinoL224,2000,5.0,R2_cut,shuffled_9,5,0.546781,0.763668,0.055613,1
dinoL224,2000,5.0,R3_render,asc_index,5,0.476612,0.784917,0.056097,1
dinoL224,2000,5.0,R3_render,asc_nc,5,0.458678,0.712329,0.056097,1
dinoL224,2000,5.0,R3_render,desc_es,5,0.462386,0.98906,0.056097,1
dinoL224,2000,5.0,R3_render,desc_nc,5,0.486937,1.0,0.056097,1
dinoL224,2000,5.0,R3_render,shuffled_0,5,0.440317,0.792918,0.056097,1
dinoL224,2000,5.0,R3_render,shuffled_1,5,0.476021,0.765225,0.056097,1
dinoL224,2000,5.0,R3_render,shuffled_2,5,0.483138,0.802614,0.056097,1
dinoL224,2000,5.0,R3_render,shuffled_3,5,0.430839,0.778568,0.056097,1
dinoL224,2000,5.0,R3_render,shuffled_4,5,0.432476,0.766784,0.056097,1
dinoL224,2000,5.0,R3_render,shuffled_5,5,0.450873,0.788909,0.056097,1
dinoL224,2000,5.0,R3_render,shuffled_6,5,0.468633,0.77305,0.056097,1
dinoL224,2000,5.0,R3_render,shuffled_7,5,0.439818,0.77305,0.056097,1
dinoL224,2000,5.0,R3_render,shuffled_8,5,0.464972,0.810774,0.056097,1
dinoL224,2000,5.0,R3_render,shuffled_9,5,0.443323,0.763668,0.056097,1
dinoL224,2000,10.0,R2_cut,asc_index,5,0.539369,0.79937,0.050899,1
dinoL224,2000,10.0,R2_cut,asc_nc,5,0.51933,0.711596,0.050899,1
dinoL224,2000,10.0,R2_cut,desc_es,5,0.583872,0.982161,0.050899,1
dinoL224,2000,10.0,R2_cut,desc_nc,5,0.57023,1.0,0.050899,1
dinoL224,2000,10.0,R2_cut,shuffled_0,5,0.52642,0.779359,0.050899,1
dinoL224,2000,10.0,R2_cut,shuffled_1,5,0.521578,0.765225,0.050899,1
dinoL224,2000,10.0,R2_cut,shuffled_2,5,0.530368,0.797753,0.050899,1
dinoL224,2000,10.0,R2_cut,shuffled_3,5,0.554303,0.769912,0.050899,1
dinoL224,2000,10.0,R2_cut,shuffled_4,5,0.534074,0.762891,0.050899,1
dinoL224,2000,10.0,R2_cut,shuffled_5,5,0.553775,0.783326,0.050899,1
dinoL224,2000,10.0,R2_cut,shuffled_6,5,0.561407,0.781737,0.050899,1
dinoL224,2000,10.0,R2_cut,shuffled_7,5,0.542075,0.775411,0.050899,1
dinoL224,2000,10.0,R2_cut,shuffled_8,5,0.562364,0.81653,0.050899,1
dinoL224,2000,10.0,R2_cut,shuffled_9,5,0.564314,0.757469,0.050899,1
dinoL224,2000,10.0,R3_render,asc_index,5,0.471782,0.79937,0.025178,0
dinoL224,2000,10.0,R3_render,asc_nc,5,0.451756,0.711596,0.025178,0
dinoL224,2000,10.0,R3_render,desc_es,5,0.481503,0.982161,0.025178,0
dinoL224,2000,10.0,R3_render,desc_nc,5,0.462007,1.0,0.025178,0
dinoL224,2000,10.0,R3_render,shuffled_0,5,0.43683,0.779359,0.025178,0
dinoL224,2000,10.0,R3_render,shuffled_1,5,0.454134,0.765225,0.025178,0
dinoL224,2000,10.0,R3_render,shuffled_2,5,0.437696,0.797753,0.025178,0
dinoL224,2000,10.0,R3_render,shuffled_3,5,0.457162,0.769912,0.025178,0
dinoL224,2000,10.0,R3_render,shuffled_4,5,0.442549,0.762891,0.025178,0
dinoL224,2000,10.0,R3_render,shuffled_5,5,0.455554,0.783326,0.025178,0
dinoL224,2000,10.0,R3_render,shuffled_6,5,0.458726,0.781737,0.025178,0
dinoL224,2000,10.0,R3_render,shuffled_7,5,0.447345,0.775411,0.025178,0
dinoL224,2000,10.0,R3_render,shuffled_8,5,0.468655,0.81653,0.025178,0
dinoL224,2000,10.0,R3_render,shuffled_9,5,0.463027,0.757469,0.025178,0
dinoL224,2000,20.0,R2_cut,asc_index,5,0.537501,0.820665,0.036262,0
dinoL224,2000,20.0,R2_cut,asc_nc,5,0.525053,0.736111,0.036262,0
dinoL224,2000,20.0,R2_cut,desc_es,5,0.563572,0.936108,0.036262,0
dinoL224,2000,20.0,R2_cut,desc_nc,5,0.554488,1.0,0.036262,0
dinoL224,2000,20.0,R2_cut,shuffled_0,5,0.524704,0.779359,0.036262,0
dinoL224,2000,20.0,R2_cut,shuffled_1,5,0.532376,0.776199,0.036262,0
dinoL224,2000,20.0,R2_cut,shuffled_2,5,0.552096,0.781737,0.036262,0
dinoL224,2000,20.0,R2_cut,shuffled_3,5,0.555766,0.766784,0.036262,0
dinoL224,2000,20.0,R2_cut,shuffled_4,5,0.533527,0.780151,0.036262,0
dinoL224,2000,20.0,R2_cut,shuffled_5,5,0.562223,0.783326,0.036262,0
dinoL224,2000,20.0,R2_cut,shuffled_6,5,0.558553,0.781737,0.036262,0
dinoL224,2000,20.0,R2_cut,shuffled_7,5,0.518226,0.785714,0.036262,0
dinoL224,2000,20.0,R2_cut,shuffled_8,5,0.583125,0.801802,0.036262,0
dinoL224,2000,20.0,R2_cut,shuffled_9,5,0.540395,0.778568,0.036262,0
dinoL224,2000,20.0,R3_render,asc_index,5,0.466866,0.820665,0.031641,0
dinoL224,2000,20.0,R3_render,asc_nc,5,0.446097,0.736111,0.031641,0
dinoL224,2000,20.0,R3_render,desc_es,5,0.465367,0.936108,0.031641,0
dinoL224,2000,20.0,R3_render,desc_nc,5,0.450004,1.0,0.031641,0
dinoL224,2000,20.0,R3_render,shuffled_0,5,0.442808,0.779359,0.031641,0
dinoL224,2000,20.0,R3_render,shuffled_1,5,0.469778,0.776199,0.031641,0
dinoL224,2000,20.0,R3_render,shuffled_2,5,0.452352,0.781737,0.031641,0
dinoL224,2000,20.0,R3_render,shuffled_3,5,0.443295,0.766784,0.031641,0
dinoL224,2000,20.0,R3_render,shuffled_4,5,0.439188,0.780151,0.031641,0
dinoL224,2000,20.0,R3_render,shuffled_5,5,0.468349,0.783326,0.031641,0
dinoL224,2000,20.0,R3_render,shuffled_6,5,0.461644,0.781737,0.031641,0
dinoL224,2000,20.0,R3_render,shuffled_7,5,0.424045,0.785714,0.031641,0
dinoL224,2000,20.0,R3_render,shuffled_8,5,0.481645,0.801802,0.031641,0
dinoL224,2000,20.0,R3_render,shuffled_9,5,0.44517,0.778568,0.031641,0
dinoL224,2000,40.0,R2_cut,asc_index,5,0.541402,0.814059,0.049741,0
dinoL224,2000,40.0,R2_cut,asc_nc,5,0.528603,0.724138,0.049741,0
dinoL224,2000,40.0,R2_cut,desc_es,5,0.582232,0.937046,0.049741,0
dinoL224,2000,40.0,R2_cut,desc_nc,5,0.578345,1.0,0.049741,0
dinoL224,2000,40.0,R2_cut,shuffled_0,5,0.543852,0.767565,0.049741,0
dinoL224,2000,40.0,R2_cut,shuffled_1,5,0.541767,0.759789,0.049741,0
dinoL224,2000,40.0,R2_cut,shuffled_2,5,0.550466,0.789709,0.049741,0
dinoL224,2000,40.0,R2_cut,shuffled_3,5,0.568513,0.762891,0.049741,0
dinoL224,2000,40.0,R2_cut,shuffled_4,5,0.565952,0.766784,0.049741,0
dinoL224,2000,40.0,R2_cut,shuffled_5,5,0.550547,0.775411,0.049741,0
dinoL224,2000,40.0,R2_cut,shuffled_6,5,0.580635,0.77305,0.049741,0
dinoL224,2000,40.0,R2_cut,shuffled_7,5,0.548748,0.769912,0.049741,0
dinoL224,2000,40.0,R2_cut,shuffled_8,5,0.59958,0.797753,0.049741,0
dinoL224,2000,40.0,R2_cut,shuffled_9,5,0.57303,0.759015,0.049741,0
dinoL224,2000,40.0,R3_render,asc_index,5,0.473824,0.814059,0.033078,0
dinoL224,2000,40.0,R3_render,asc_nc,5,0.445514,0.724138,0.033078,0
dinoL224,2000,40.0,R3_render,desc_es,5,0.482912,0.937046,0.033078,0
dinoL224,2000,40.0,R3_render,desc_nc,5,0.478592,1.0,0.033078,0
dinoL224,2000,40.0,R3_render,shuffled_0,5,0.463003,0.767565,0.033078,0
dinoL224,2000,40.0,R3_render,shuffled_1,5,0.482049,0.759789,0.033078,0
dinoL224,2000,40.0,R3_render,shuffled_2,5,0.465195,0.789709,0.033078,0
dinoL224,2000,40.0,R3_render,shuffled_3,5,0.451034,0.762891,0.033078,0
dinoL224,2000,40.0,R3_render,shuffled_4,5,0.469037,0.766784,0.033078,0
dinoL224,2000,40.0,R3_render,shuffled_5,5,0.452656,0.775411,0.033078,0
dinoL224,2000,40.0,R3_render,shuffled_6,5,0.48848,0.77305,0.033078,0
dinoL224,2000,40.0,R3_render,shuffled_7,5,0.461032,0.769912,0.033078,0
dinoL224,2000,40.0,R3_render,shuffled_8,5,0.500064,0.797753,0.033078,0
dinoL224,2000,40.0,R3_render,shuffled_9,5,0.481938,0.759015,0.033078,0
dinoL224,3000,0.02,R2_cut,asc_index,5,0.273364,1.0,0.0,0
dinoL224,3000,0.02,R2_cut,asc_nc,5,0.273364,1.0,0.0,0
dinoL224,3000,0.02,R2_cut,desc_es,5,0.273364,1.0,0.0,0
dinoL224,3000,0.02,R2_cut,desc_nc,5,0.273364,1.0,0.0,0
dinoL224,3000,0.02,R2_cut,shuffled_0,5,0.273364,1.0,0.0,0
dinoL224,3000,0.02,R2_cut,shuffled_1,5,0.273364,1.0,0.0,0
dinoL224,3000,0.02,R2_cut,shuffled_2,5,0.273364,1.0,0.0,0
dinoL224,3000,0.02,R2_cut,shuffled_3,5,0.273364,1.0,0.0,0
dinoL224,3000,0.02,R2_cut,shuffled_4,5,0.273364,1.0,0.0,0
dinoL224,3000,0.02,R2_cut,shuffled_5,5,0.273364,1.0,0.0,0
dinoL224,3000,0.02,R2_cut,shuffled_6,5,0.273364,1.0,0.0,0
dinoL224,3000,0.02,R2_cut,shuffled_7,5,0.273364,1.0,0.0,0
dinoL224,3000,0.02,R2_cut,shuffled_8,5,0.273364,1.0,0.0,0
dinoL224,3000,0.02,R2_cut,shuffled_9,5,0.273364,1.0,0.0,0
dinoL224,3000,0.02,R3_render,asc_index,5,0.195572,1.0,0.0,0
dinoL224,3000,0.02,R3_render,asc_nc,5,0.195572,1.0,0.0,0
dinoL224,3000,0.02,R3_render,desc_es,5,0.195572,1.0,0.0,0
dinoL224,3000,0.02,R3_render,desc_nc,5,0.195572,1.0,0.0,0
dinoL224,3000,0.02,R3_render,shuffled_0,5,0.195572,1.0,0.0,0
dinoL224,3000,0.02,R3_render,shuffled_1,5,0.195572,1.0,0.0,0
dinoL224,3000,0.02,R3_render,shuffled_2,5,0.195572,1.0,0.0,0
dinoL224,3000,0.02,R3_render,shuffled_3,5,0.195572,1.0,0.0,0
dinoL224,3000,0.02,R3_render,shuffled_4,5,0.195572,1.0,0.0,0
dinoL224,3000,0.02,R3_render,shuffled_5,5,0.195572,1.0,0.0,0
dinoL224,3000,0.02,R3_render,shuffled_6,5,0.195572,1.0,0.0,0
dinoL224,3000,0.02,R3_render,shuffled_7,5,0.195572,1.0,0.0,0
dinoL224,3000,0.02,R3_render,shuffled_8,5,0.195572,1.0,0.0,0
dinoL224,3000,0.02,R3_render,shuffled_9,5,0.195572,1.0,0.0,0
dinoL224,3000,0.05,R2_cut,asc_index,5,0.273364,1.0,0.0,0
dinoL224,3000,0.05,R2_cut,asc_nc,5,0.273364,1.0,0.0,0
dinoL224,3000,0.05,R2_cut,desc_es,5,0.273364,1.0,0.0,0
dinoL224,3000,0.05,R2_cut,desc_nc,5,0.273364,1.0,0.0,0
dinoL224,3000,0.05,R2_cut,shuffled_0,5,0.273364,1.0,0.0,0
dinoL224,3000,0.05,R2_cut,shuffled_1,5,0.273364,1.0,0.0,0
dinoL224,3000,0.05,R2_cut,shuffled_2,5,0.273364,1.0,0.0,0
dinoL224,3000,0.05,R2_cut,shuffled_3,5,0.273364,1.0,0.0,0
dinoL224,3000,0.05,R2_cut,shuffled_4,5,0.273364,1.0,0.0,0
dinoL224,3000,0.05,R2_cut,shuffled_5,5,0.273364,1.0,0.0,0
dinoL224,3000,0.05,R2_cut,shuffled_6,5,0.273364,1.0,0.0,0
dinoL224,3000,0.05,R2_cut,shuffled_7,5,0.273364,1.0,0.0,0
dinoL224,3000,0.05,R2_cut,shuffled_8,5,0.273364,1.0,0.0,0
dinoL224,3000,0.05,R2_cut,shuffled_9,5,0.273364,1.0,0.0,0
dinoL224,3000,0.05,R3_render,asc_index,5,0.195572,1.0,0.0,0
dinoL224,3000,0.05,R3_render,asc_nc,5,0.195572,1.0,0.0,0
dinoL224,3000,0.05,R3_render,desc_es,5,0.195572,1.0,0.0,0
dinoL224,3000,0.05,R3_render,desc_nc,5,0.195572,1.0,0.0,0
dinoL224,3000,0.05,R3_render,shuffled_0,5,0.195572,1.0,0.0,0
dinoL224,3000,0.05,R3_render,shuffled_1,5,0.195572,1.0,0.0,0
dinoL224,3000,0.05,R3_render,shuffled_2,5,0.195572,1.0,0.0,0
dinoL224,3000,0.05,R3_render,shuffled_3,5,0.195572,1.0,0.0,0
dinoL224,3000,0.05,R3_render,shuffled_4,5,0.195572,1.0,0.0,0
dinoL224,3000,0.05,R3_render,shuffled_5,5,0.195572,1.0,0.0,0
dinoL224,3000,0.05,R3_render,shuffled_6,5,0.195572,1.0,0.0,0
dinoL224,3000,0.05,R3_render,shuffled_7,5,0.195572,1.0,0.0,0
dinoL224,3000,0.05,R3_render,shuffled_8,5,0.195572,1.0,0.0,0
dinoL224,3000,0.05,R3_render,shuffled_9,5,0.195572,1.0,0.0,0
dinoL224,3000,0.1,R2_cut,asc_index,5,0.273364,1.0,0.0,0
dinoL224,3000,0.1,R2_cut,asc_nc,5,0.273364,1.0,0.0,0
dinoL224,3000,0.1,R2_cut,desc_es,5,0.273364,1.0,0.0,0
dinoL224,3000,0.1,R2_cut,desc_nc,5,0.273364,1.0,0.0,0
dinoL224,3000,0.1,R2_cut,shuffled_0,5,0.273364,1.0,0.0,0
dinoL224,3000,0.1,R2_cut,shuffled_1,5,0.273364,1.0,0.0,0
dinoL224,3000,0.1,R2_cut,shuffled_2,5,0.273364,1.0,0.0,0
dinoL224,3000,0.1,R2_cut,shuffled_3,5,0.273364,1.0,0.0,0
dinoL224,3000,0.1,R2_cut,shuffled_4,5,0.273364,1.0,0.0,0
dinoL224,3000,0.1,R2_cut,shuffled_5,5,0.273364,1.0,0.0,0
dinoL224,3000,0.1,R2_cut,shuffled_6,5,0.273364,1.0,0.0,0
dinoL224,3000,0.1,R2_cut,shuffled_7,5,0.273364,1.0,0.0,0
dinoL224,3000,0.1,R2_cut,shuffled_8,5,0.273364,1.0,0.0,0
dinoL224,3000,0.1,R2_cut,shuffled_9,5,0.273364,1.0,0.0,0
dinoL224,3000,0.1,R3_render,asc_index,5,0.195572,1.0,0.0,0
dinoL224,3000,0.1,R3_render,asc_nc,5,0.195572,1.0,0.0,0
dinoL224,3000,0.1,R3_render,desc_es,5,0.195572,1.0,0.0,0
dinoL224,3000,0.1,R3_render,desc_nc,5,0.195572,1.0,0.0,0
dinoL224,3000,0.1,R3_render,shuffled_0,5,0.195572,1.0,0.0,0
dinoL224,3000,0.1,R3_render,shuffled_1,5,0.195572,1.0,0.0,0
dinoL224,3000,0.1,R3_render,shuffled_2,5,0.195572,1.0,0.0,0
dinoL224,3000,0.1,R3_render,shuffled_3,5,0.195572,1.0,0.0,0
dinoL224,3000,0.1,R3_render,shuffled_4,5,0.195572,1.0,0.0,0
dinoL224,3000,0.1,R3_render,shuffled_5,5,0.195572,1.0,0.0,0
dinoL224,3000,0.1,R3_render,shuffled_6,5,0.195572,1.0,0.0,0
dinoL224,3000,0.1,R3_render,shuffled_7,5,0.195572,1.0,0.0,0
dinoL224,3000,0.1,R3_render,shuffled_8,5,0.195572,1.0,0.0,0
dinoL224,3000,0.1,R3_render,shuffled_9,5,0.195572,1.0,0.0,0
dinoL224,3000,0.2,R2_cut,asc_index,5,0.268431,0.996672,0.015504,0
dinoL224,3000,0.2,R2_cut,asc_nc,5,0.27137,0.980852,0.015504,0
dinoL224,3000,0.2,R2_cut,desc_es,5,0.270038,1.0,0.015504,0
dinoL224,3000,0.2,R2_cut,desc_nc,5,0.270038,1.0,0.015504,0
dinoL224,3000,0.2,R2_cut,shuffled_0,5,0.275184,0.98939,0.015504,0
dinoL224,3000,0.2,R2_cut,shuffled_1,5,0.258819,0.998002,0.015504,0
dinoL224,3000,0.2,R2_cut,shuffled_2,5,0.27337,0.986097,0.015504,0
dinoL224,3000,0.2,R2_cut,shuffled_3,5,0.257666,0.997337,0.015504,0
dinoL224,3000,0.2,R2_cut,shuffled_4,5,0.256087,0.995344,0.015504,0
dinoL224,3000,0.2,R2_cut,shuffled_5,5,0.270038,1.0,0.015504,0
dinoL224,3000,0.2,R2_cut,shuffled_6,5,0.275435,0.982816,0.015504,0
dinoL224,3000,0.2,R2_cut,shuffled_7,5,0.27137,0.980852,0.015504,0
dinoL224,3000,0.2,R2_cut,shuffled_8,5,0.254534,0.993355,0.015504,0
dinoL224,3000,0.2,R2_cut,shuffled_9,5,0.269404,0.983471,0.015504,0
dinoL224,3000,0.2,R3_render,asc_index,5,0.195298,0.996672,0.020584,0
dinoL224,3000,0.2,R3_render,asc_nc,5,0.20378,0.980852,0.020584,0
dinoL224,3000,0.2,R3_render,desc_es,5,0.189317,1.0,0.020584,0
dinoL224,3000,0.2,R3_render,desc_nc,5,0.189317,1.0,0.020584,0
dinoL224,3000,0.2,R3_render,shuffled_0,5,0.19813,0.98939,0.020584,0
dinoL224,3000,0.2,R3_render,shuffled_1,5,0.18952,0.998002,0.020584,0
dinoL224,3000,0.2,R3_render,shuffled_2,5,0.201888,0.986097,0.020584,0
dinoL224,3000,0.2,R3_render,shuffled_3,5,0.183884,0.997337,0.020584,0
dinoL224,3000,0.2,R3_render,shuffled_4,5,0.187203,0.995344,0.020584,0
dinoL224,3000,0.2,R3_render,shuffled_5,5,0.189317,1.0,0.020584,0
dinoL224,3000,0.2,R3_render,shuffled_6,5,0.209901,0.982816,0.020584,0
dinoL224,3000,0.2,R3_render,shuffled_7,5,0.20378,0.980852,0.020584,0
dinoL224,3000,0.2,R3_render,shuffled_8,5,0.191928,0.993355,0.020584,0
dinoL224,3000,0.2,R3_render,shuffled_9,5,0.195248,0.983471,0.020584,0
dinoL224,3000,0.5,R2_cut,asc_index,5,0.266078,0.877934,0.023251,0
dinoL224,3000,0.5,R2_cut,asc_nc,5,0.258138,0.779887,0.023251,0
dinoL224,3000,0.5,R2_cut,desc_es,5,0.257468,1.0,0.023251,0
dinoL224,3000,0.5,R2_cut,desc_nc,5,0.257468,1.0,0.023251,0
dinoL224,3000,0.5,R2_cut,shuffled_0,5,0.248587,0.863354,0.023251,0
dinoL224,3000,0.5,R2_cut,shuffled_1,5,0.261558,0.899335,0.023251,0
dinoL224,3000,0.5,R2_cut,shuffled_2,5,0.254877,0.811047,0.023251,0
dinoL224,3000,0.5,R2_cut,shuffled_3,5,0.263093,0.888574,0.023251,0
dinoL224,3000,0.5,R2_cut,shuffled_4,5,0.258498,0.866252,0.023251,0
dinoL224,3000,0.5,R2_cut,shuffled_5,5,0.238862,0.880878,0.023251,0
dinoL224,3000,0.5,R2_cut,shuffled_6,5,0.274556,0.783591,0.023251,0
dinoL224,3000,0.5,R2_cut,shuffled_7,5,0.261849,0.794258,0.023251,0
dinoL224,3000,0.5,R2_cut,shuffled_8,5,0.256997,0.854141,0.023251,0
dinoL224,3000,0.5,R2_cut,shuffled_9,5,0.280719,0.795332,0.023251,0
dinoL224,3000,0.5,R3_render,asc_index,5,0.209006,0.877934,0.023249,0
dinoL224,3000,0.5,R3_render,asc_nc,5,0.204101,0.779887,0.023249,0
dinoL224,3000,0.5,R3_render,desc_es,5,0.200186,1.0,0.023249,0
dinoL224,3000,0.5,R3_render,desc_nc,5,0.200186,1.0,0.023249,0
dinoL224,3000,0.5,R3_render,shuffled_0,5,0.195237,0.863354,0.023249,0
dinoL224,3000,0.5,R3_render,shuffled_1,5,0.198682,0.899335,0.023249,0
dinoL224,3000,0.5,R3_render,shuffled_2,5,0.206654,0.811047,0.023249,0
dinoL224,3000,0.5,R3_render,shuffled_3,5,0.20865,0.888574,0.023249,0
dinoL224,3000,0.5,R3_render,shuffled_4,5,0.20373,0.866252,0.023249,0
dinoL224,3000,0.5,R3_render,shuffled_5,5,0.187128,0.880878,0.023249,0
dinoL224,3000,0.5,R3_render,shuffled_6,5,0.216959,0.783591,0.023249,0
dinoL224,3000,0.5,R3_render,shuffled_7,5,0.219461,0.794258,0.023249,0
dinoL224,3000,0.5,R3_render,shuffled_8,5,0.201295,0.854141,0.023249,0
dinoL224,3000,0.5,R3_render,shuffled_9,5,0.223435,0.795332,0.023249,0
dinoL224,3000,1.0,R2_cut,asc_index,5,0.236141,0.803427,0.039373,0
dinoL224,3000,1.0,R2_cut,asc_nc,5,0.245277,0.746725,0.039373,0
dinoL224,3000,1.0,R2_cut,desc_es,5,0.267568,0.998668,0.039373,0
dinoL224,3000,1.0,R2_cut,desc_nc,5,0.263599,1.0,0.039373,0
dinoL224,3000,1.0,R2_cut,shuffled_0,5,0.24023,0.835985,0.039373,0
dinoL224,3000,1.0,R2_cut,shuffled_1,5,0.237015,0.813237,0.039373,0
dinoL224,3000,1.0,R2_cut,shuffled_2,5,0.227561,0.809955,0.039373,0
dinoL224,3000,1.0,R2_cut,shuffled_3,5,0.262832,0.812689,0.039373,0
dinoL224,3000,1.0,R2_cut,shuffled_4,5,0.239777,0.805054,0.039373,0
dinoL224,3000,1.0,R2_cut,shuffled_5,5,0.225963,0.814882,0.039373,0
dinoL224,3000,1.0,R2_cut,shuffled_6,5,0.250035,0.774623,0.039373,0
dinoL224,3000,1.0,R2_cut,shuffled_7,5,0.253937,0.7991,0.039373,0
dinoL224,3000,1.0,R2_cut,shuffled_8,5,0.224226,0.825373,0.039373,0
dinoL224,3000,1.0,R2_cut,shuffled_9,5,0.245487,0.785714,0.039373,0
dinoL224,3000,1.0,R3_render,asc_index,5,0.174685,0.803427,0.034417,0
dinoL224,3000,1.0,R3_render,asc_nc,5,0.177348,0.746725,0.034417,0
dinoL224,3000,1.0,R3_render,desc_es,5,0.205922,0.998668,0.034417,0
dinoL224,3000,1.0,R3_render,desc_nc,5,0.20774,1.0,0.034417,0
dinoL224,3000,1.0,R3_render,shuffled_0,5,0.195268,0.835985,0.034417,0
dinoL224,3000,1.0,R3_render,shuffled_1,5,0.184282,0.813237,0.034417,0
dinoL224,3000,1.0,R3_render,shuffled_2,5,0.173323,0.809955,0.034417,0
dinoL224,3000,1.0,R3_render,shuffled_3,5,0.203822,0.812689,0.034417,0
dinoL224,3000,1.0,R3_render,shuffled_4,5,0.186109,0.805054,0.034417,0
dinoL224,3000,1.0,R3_render,shuffled_5,5,0.175152,0.814882,0.034417,0
dinoL224,3000,1.0,R3_render,shuffled_6,5,0.189577,0.774623,0.034417,0
dinoL224,3000,1.0,R3_render,shuffled_7,5,0.204302,0.7991,0.034417,0
dinoL224,3000,1.0,R3_render,shuffled_8,5,0.186621,0.825373,0.034417,0
dinoL224,3000,1.0,R3_render,shuffled_9,5,0.198807,0.785714,0.034417,0
dinoL224,3000,2.0,R2_cut,asc_index,5,0.261353,0.807773,0.052044,1
dinoL224,3000,2.0,R2_cut,asc_nc,5,0.226323,0.744693,0.052044,1
dinoL224,3000,2.0,R2_cut,desc_es,5,0.266028,0.996672,0.052044,1
dinoL224,3000,2.0,R2_cut,desc_nc,5,0.278367,1.0,0.052044,1
dinoL224,3000,2.0,R2_cut,shuffled_0,5,0.239633,0.819836,0.052044,1
dinoL224,3000,2.0,R2_cut,shuffled_1,5,0.238889,0.808318,0.052044,1
dinoL224,3000,2.0,R2_cut,shuffled_2,5,0.240344,0.808863,0.052044,1
dinoL224,3000,2.0,R2_cut,shuffled_3,5,0.254776,0.801802,0.052044,1
dinoL224,3000,2.0,R2_cut,shuffled_4,5,0.260074,0.786778,0.052044,1
dinoL224,3000,2.0,R2_cut,shuffled_5,5,0.231379,0.810501,0.052044,1
dinoL224,3000,2.0,R2_cut,shuffled_6,5,0.273201,0.811594,0.052044,1
dinoL224,3000,2.0,R2_cut,shuffled_7,5,0.245817,0.795332,0.052044,1
dinoL224,3000,2.0,R2_cut,shuffled_8,5,0.264811,0.820388,0.052044,1
dinoL224,3000,2.0,R2_cut,shuffled_9,5,0.255723,0.793722,0.052044,1
dinoL224,3000,2.0,R3_render,asc_index,5,0.202833,0.807773,0.04237,0
dinoL224,3000,2.0,R3_render,asc_nc,5,0.182259,0.744693,0.04237,0
dinoL224,3000,2.0,R3_render,desc_es,5,0.225507,0.996672,0.04237,0
dinoL224,3000,2.0,R3_render,desc_nc,5,0.224629,1.0,0.04237,0
dinoL224,3000,2.0,R3_render,shuffled_0,5,0.184505,0.819836,0.04237,0
dinoL224,3000,2.0,R3_render,shuffled_1,5,0.187746,0.808318,0.04237,0
dinoL224,3000,2.0,R3_render,shuffled_2,5,0.19077,0.808863,0.04237,0
dinoL224,3000,2.0,R3_render,shuffled_3,5,0.203733,0.801802,0.04237,0
dinoL224,3000,2.0,R3_render,shuffled_4,5,0.210163,0.786778,0.04237,0
dinoL224,3000,2.0,R3_render,shuffled_5,5,0.18912,0.810501,0.04237,0
dinoL224,3000,2.0,R3_render,shuffled_6,5,0.217707,0.811594,0.04237,0
dinoL224,3000,2.0,R3_render,shuffled_7,5,0.214495,0.795332,0.04237,0
dinoL224,3000,2.0,R3_render,shuffled_8,5,0.202652,0.820388,0.04237,0
dinoL224,3000,2.0,R3_render,shuffled_9,5,0.2096,0.793722,0.04237,0
dinoL224,3000,5.0,R2_cut,asc_index,5,0.269566,0.817081,0.029304,0
dinoL224,3000,5.0,R2_cut,asc_nc,5,0.254913,0.741655,0.029304,0
dinoL224,3000,5.0,R2_cut,desc_es,5,0.260615,0.99005,0.029304,0
dinoL224,3000,5.0,R2_cut,desc_nc,5,0.271766,1.0,0.029304,0
dinoL224,3000,5.0,R2_cut,shuffled_0,5,0.242461,0.812689,0.029304,0
dinoL224,3000,5.0,R2_cut,shuffled_1,5,0.254514,0.801802,0.029304,0
dinoL224,3000,5.0,R2_cut,shuffled_2,5,0.248792,0.814882,0.029304,0
dinoL224,3000,5.0,R2_cut,shuffled_3,5,0.255026,0.802885,0.029304,0
dinoL224,3000,5.0,R2_cut,shuffled_4,5,0.253311,0.792115,0.029304,0
dinoL224,3000,5.0,R2_cut,shuffled_5,5,0.252639,0.819284,0.029304,0
dinoL224,3000,5.0,R2_cut,shuffled_6,5,0.276552,0.815431,0.029304,0
dinoL224,3000,5.0,R2_cut,shuffled_7,5,0.244642,0.804511,0.029304,0
dinoL224,3000,5.0,R2_cut,shuffled_8,5,0.279524,0.830384,0.029304,0
dinoL224,3000,5.0,R2_cut,shuffled_9,5,0.252577,0.79051,0.029304,0
dinoL224,3000,5.0,R3_render,asc_index,5,0.215548,0.817081,0.027073,0
dinoL224,3000,5.0,R3_render,asc_nc,5,0.199784,0.741655,0.027073,0
dinoL224,3000,5.0,R3_render,desc_es,5,0.217631,0.99005,0.027073,0
dinoL224,3000,5.0,R3_render,desc_nc,5,0.211181,1.0,0.027073,0
dinoL224,3000,5.0,R3_render,shuffled_0,5,0.195735,0.812689,0.027073,0
dinoL224,3000,5.0,R3_render,shuffled_1,5,0.213513,0.801802,0.027073,0
dinoL224,3000,5.0,R3_render,shuffled_2,5,0.200609,0.814882,0.027073,0
dinoL224,3000,5.0,R3_render,shuffled_3,5,0.199512,0.802885,0.027073,0
dinoL224,3000,5.0,R3_render,shuffled_4,5,0.213451,0.792115,0.027073,0
dinoL224,3000,5.0,R3_render,shuffled_5,5,0.212222,0.819284,0.027073,0
dinoL224,3000,5.0,R3_render,shuffled_6,5,0.238255,0.815431,0.027073,0
dinoL224,3000,5.0,R3_render,shuffled_7,5,0.192279,0.804511,0.027073,0
dinoL224,3000,5.0,R3_render,shuffled_8,5,0.223464,0.830384,0.027073,0
dinoL224,3000,5.0,R3_render,shuffled_9,5,0.209859,0.79051,0.027073,0
dinoL224,3000,10.0,R2_cut,asc_index,5,0.259406,0.818182,0.036398,0
dinoL224,3000,10.0,R2_cut,asc_nc,5,0.259432,0.741655,0.036398,0
dinoL224,3000,10.0,R2_cut,desc_es,5,0.275543,0.98544,0.036398,0
dinoL224,3000,10.0,R2_cut,desc_nc,5,0.283301,1.0,0.036398,0
dinoL224,3000,10.0,R2_cut,shuffled_0,5,0.253532,0.809409,0.036398,0
dinoL224,3000,10.0,R2_cut,shuffled_1,5,0.248473,0.794795,0.036398,0
dinoL224,3000,10.0,R2_cut,shuffled_2,5,0.246903,0.808318,0.036398,0
dinoL224,3000,10.0,R2_cut,shuffled_3,5,0.262561,0.805054,0.036398,0
dinoL224,3000,10.0,R2_cut,shuffled_4,5,0.256107,0.791045,0.036398,0
dinoL224,3000,10.0,R2_cut,shuffled_5,5,0.248715,0.814333,0.036398,0
dinoL224,3000,10.0,R2_cut,shuffled_6,5,0.279343,0.817081,0.036398,0
dinoL224,3000,10.0,R2_cut,shuffled_7,5,0.249028,0.798561,0.036398,0
dinoL224,3000,10.0,R2_cut,shuffled_8,5,0.287019,0.827597,0.036398,0
dinoL224,3000,10.0,R2_cut,shuffled_9,5,0.256565,0.782531,0.036398,0
dinoL224,3000,10.0,R3_render,asc_index,5,0.213344,0.818182,0.032813,0
dinoL224,3000,10.0,R3_render,asc_nc,5,0.209454,0.741655,0.032813,0
dinoL224,3000,10.0,R3_render,desc_es,5,0.222254,0.98544,0.032813,0
dinoL224,3000,10.0,R3_render,desc_nc,5,0.228049,1.0,0.032813,0
dinoL224,3000,10.0,R3_render,shuffled_0,5,0.198951,0.809409,0.032813,0
dinoL224,3000,10.0,R3_render,shuffled_1,5,0.1965,0.794795,0.032813,0
dinoL224,3000,10.0,R3_render,shuffled_2,5,0.204847,0.808318,0.032813,0
dinoL224,3000,10.0,R3_render,shuffled_3,5,0.211504,0.805054,0.032813,0
dinoL224,3000,10.0,R3_render,shuffled_4,5,0.211348,0.791045,0.032813,0
dinoL224,3000,10.0,R3_render,shuffled_5,5,0.203083,0.814333,0.032813,0
dinoL224,3000,10.0,R3_render,shuffled_6,5,0.237282,0.817081,0.032813,0
dinoL224,3000,10.0,R3_render,shuffled_7,5,0.195236,0.798561,0.032813,0
dinoL224,3000,10.0,R3_render,shuffled_8,5,0.223531,0.827597,0.032813,0
dinoL224,3000,10.0,R3_render,shuffled_9,5,0.21279,0.782531,0.032813,0
dinoL224,3000,20.0,R2_cut,asc_index,5,0.254568,0.825373,0.037118,0
dinoL224,3000,20.0,R2_cut,asc_nc,5,0.262561,0.749781,0.037118,0
dinoL224,3000,20.0,R2_cut,desc_es,5,0.269789,0.967858,0.037118,0
dinoL224,3000,20.0,R2_cut,desc_nc,5,0.272248,1.0,0.037118,0
dinoL224,3000,20.0,R2_cut,shuffled_0,5,0.269851,0.809409,0.037118,0
dinoL224,3000,20.0,R2_cut,shuffled_1,5,0.248412,0.80072,0.037118,0
dinoL224,3000,20.0,R2_cut,shuffled_2,5,0.235131,0.806685,0.037118,0
dinoL224,3000,20.0,R2_cut,shuffled_3,5,0.261642,0.80072,0.037118,0
dinoL224,3000,20.0,R2_cut,shuffled_4,5,0.272394,0.797484,0.037118,0
dinoL224,3000,20.0,R2_cut,shuffled_5,5,0.242707,0.811594,0.037118,0
dinoL224,3000,20.0,R2_cut,shuffled_6,5,0.286473,0.823708,0.037118,0
dinoL224,3000,20.0,R2_cut,shuffled_7,5,0.268202,0.80018,0.037118,0
dinoL224,3000,20.0,R2_cut,shuffled_8,5,0.278578,0.826484,0.037118,0
dinoL224,3000,20.0,R2_cut,shuffled_9,5,0.258093,0.788909,0.037118,0
dinoL224,3000,20.0,R3_render,asc_index,5,0.196138,0.825373,0.040338,0
dinoL224,3000,20.0,R3_render,asc_nc,5,0.20566,0.749781,0.040338,0
dinoL224,3000,20.0,R3_render,desc_es,5,0.211218,0.967858,0.040338,0
dinoL224,3000,20.0,R3_render,desc_nc,5,0.225245,1.0,0.040338,0
dinoL224,3000,20.0,R3_render,shuffled_0,5,0.219246,0.809409,0.040338,0
dinoL224,3000,20.0,R3_render,shuffled_1,5,0.19804,0.80072,0.040338,0
dinoL224,3000,20.0,R3_render,shuffled_2,5,0.184907,0.806685,0.040338,0
dinoL224,3000,20.0,R3_render,shuffled_3,5,0.200468,0.80072,0.040338,0
dinoL224,3000,20.0,R3_render,shuffled_4,5,0.23,0.797484,0.040338,0
dinoL224,3000,20.0,R3_render,shuffled_5,5,0.20913,0.811594,0.040338,0
dinoL224,3000,20.0,R3_render,shuffled_6,5,0.238554,0.823708,0.040338,0
dinoL224,3000,20.0,R3_render,shuffled_7,5,0.210515,0.80018,0.040338,0
dinoL224,3000,20.0,R3_render,shuffled_8,5,0.217329,0.826484,0.040338,0
dinoL224,3000,20.0,R3_render,shuffled_9,5,0.215094,0.788909,0.040338,0
dinoL224,3000,40.0,R2_cut,asc_index,5,0.258807,0.843318,0.039345,0
dinoL224,3000,40.0,R2_cut,asc_nc,5,0.250755,0.763668,0.039345,0
dinoL224,3000,40.0,R2_cut,desc_es,5,0.278099,0.937359,0.039345,0
dinoL224,3000,40.0,R2_cut,desc_nc,5,0.276094,1.0,0.039345,0
dinoL224,3000,40.0,R2_cut,shuffled_0,5,0.273376,0.809955,0.039345,0
dinoL224,3000,40.0,R2_cut,shuffled_1,5,0.256778,0.803969,0.039345,0
dinoL224,3000,40.0,R2_cut,shuffled_2,5,0.256346,0.79964,0.039345,0
dinoL224,3000,40.0,R2_cut,shuffled_3,5,0.263711,0.80018,0.039345,0
dinoL224,3000,40.0,R2_cut,shuffled_4,5,0.266485,0.811047,0.039345,0
dinoL224,3000,40.0,R2_cut,shuffled_5,5,0.236749,0.805597,0.039345,0
dinoL224,3000,40.0,R2_cut,shuffled_6,5,0.277885,0.827597,0.039345,0
dinoL224,3000,40.0,R2_cut,shuffled_7,5,0.24422,0.805597,0.039345,0
dinoL224,3000,40.0,R2_cut,shuffled_8,5,0.29174,0.810501,0.039345,0
dinoL224,3000,40.0,R2_cut,shuffled_9,5,0.257891,0.792115,0.039345,0
dinoL224,3000,40.0,R3_render,asc_index,5,0.212889,0.843318,0.02663,0
dinoL224,3000,40.0,R3_render,asc_nc,5,0.209103,0.763668,0.02663,0
dinoL224,3000,40.0,R3_render,desc_es,5,0.220479,0.937359,0.02663,0
dinoL224,3000,40.0,R3_render,desc_nc,5,0.223941,1.0,0.02663,0
dinoL224,3000,40.0,R3_render,shuffled_0,5,0.213146,0.809955,0.02663,0
dinoL224,3000,40.0,R3_render,shuffled_1,5,0.21433,0.803969,0.02663,0
dinoL224,3000,40.0,R3_render,shuffled_2,5,0.205333,0.79964,0.02663,0
dinoL224,3000,40.0,R3_render,shuffled_3,5,0.204071,0.80018,0.02663,0
dinoL224,3000,40.0,R3_render,shuffled_4,5,0.210711,0.811047,0.02663,0
dinoL224,3000,40.0,R3_render,shuffled_5,5,0.207556,0.805597,0.02663,0
dinoL224,3000,40.0,R3_render,shuffled_6,5,0.231781,0.827597,0.02663,0
dinoL224,3000,40.0,R3_render,shuffled_7,5,0.197311,0.805597,0.02663,0
dinoL224,3000,40.0,R3_render,shuffled_8,5,0.238161,0.810501,0.02663,0
dinoL224,3000,40.0,R3_render,shuffled_9,5,0.213436,0.792115,0.02663,0
dinoL224,4447,0.02,R2_cut,asc_index,5,-0.296073,1.0,0.0,0
dinoL224,4447,0.02,R2_cut,asc_nc,5,-0.296073,1.0,0.0,0
dinoL224,4447,0.02,R2_cut,desc_es,5,-0.296073,1.0,0.0,0
dinoL224,4447,0.02,R2_cut,desc_nc,5,-0.296073,1.0,0.0,0
dinoL224,4447,0.02,R2_cut,shuffled_0,5,-0.296073,1.0,0.0,0
dinoL224,4447,0.02,R2_cut,shuffled_1,5,-0.296073,1.0,0.0,0
dinoL224,4447,0.02,R2_cut,shuffled_2,5,-0.296073,1.0,0.0,0
dinoL224,4447,0.02,R2_cut,shuffled_3,5,-0.296073,1.0,0.0,0
dinoL224,4447,0.02,R2_cut,shuffled_4,5,-0.296073,1.0,0.0,0
dinoL224,4447,0.02,R2_cut,shuffled_5,5,-0.296073,1.0,0.0,0
dinoL224,4447,0.02,R2_cut,shuffled_6,5,-0.296073,1.0,0.0,0
dinoL224,4447,0.02,R2_cut,shuffled_7,5,-0.296073,1.0,0.0,0
dinoL224,4447,0.02,R2_cut,shuffled_8,5,-0.296073,1.0,0.0,0
dinoL224,4447,0.02,R2_cut,shuffled_9,5,-0.296073,1.0,0.0,0
dinoL224,4447,0.02,R3_render,asc_index,5,-0.304079,1.0,0.0,0
dinoL224,4447,0.02,R3_render,asc_nc,5,-0.304079,1.0,0.0,0
dinoL224,4447,0.02,R3_render,desc_es,5,-0.304079,1.0,0.0,0
dinoL224,4447,0.02,R3_render,desc_nc,5,-0.304079,1.0,0.0,0
dinoL224,4447,0.02,R3_render,shuffled_0,5,-0.304079,1.0,0.0,0
dinoL224,4447,0.02,R3_render,shuffled_1,5,-0.304079,1.0,0.0,0
dinoL224,4447,0.02,R3_render,shuffled_2,5,-0.304079,1.0,0.0,0
dinoL224,4447,0.02,R3_render,shuffled_3,5,-0.304079,1.0,0.0,0
dinoL224,4447,0.02,R3_render,shuffled_4,5,-0.304079,1.0,0.0,0
dinoL224,4447,0.02,R3_render,shuffled_5,5,-0.304079,1.0,0.0,0
dinoL224,4447,0.02,R3_render,shuffled_6,5,-0.304079,1.0,0.0,0
dinoL224,4447,0.02,R3_render,shuffled_7,5,-0.304079,1.0,0.0,0
dinoL224,4447,0.02,R3_render,shuffled_8,5,-0.304079,1.0,0.0,0
dinoL224,4447,0.02,R3_render,shuffled_9,5,-0.304079,1.0,0.0,0
dinoL224,4447,0.05,R2_cut,asc_index,5,-0.296073,1.0,0.0,0
dinoL224,4447,0.05,R2_cut,asc_nc,5,-0.296073,1.0,0.0,0
dinoL224,4447,0.05,R2_cut,desc_es,5,-0.296073,1.0,0.0,0
dinoL224,4447,0.05,R2_cut,desc_nc,5,-0.296073,1.0,0.0,0
dinoL224,4447,0.05,R2_cut,shuffled_0,5,-0.296073,1.0,0.0,0
dinoL224,4447,0.05,R2_cut,shuffled_1,5,-0.296073,1.0,0.0,0
dinoL224,4447,0.05,R2_cut,shuffled_2,5,-0.296073,1.0,0.0,0
dinoL224,4447,0.05,R2_cut,shuffled_3,5,-0.296073,1.0,0.0,0
dinoL224,4447,0.05,R2_cut,shuffled_4,5,-0.296073,1.0,0.0,0
dinoL224,4447,0.05,R2_cut,shuffled_5,5,-0.296073,1.0,0.0,0
dinoL224,4447,0.05,R2_cut,shuffled_6,5,-0.296073,1.0,0.0,0
dinoL224,4447,0.05,R2_cut,shuffled_7,5,-0.296073,1.0,0.0,0
dinoL224,4447,0.05,R2_cut,shuffled_8,5,-0.296073,1.0,0.0,0
dinoL224,4447,0.05,R2_cut,shuffled_9,5,-0.296073,1.0,0.0,0
dinoL224,4447,0.05,R3_render,asc_index,5,-0.304079,1.0,0.0,0
dinoL224,4447,0.05,R3_render,asc_nc,5,-0.304079,1.0,0.0,0
dinoL224,4447,0.05,R3_render,desc_es,5,-0.304079,1.0,0.0,0
dinoL224,4447,0.05,R3_render,desc_nc,5,-0.304079,1.0,0.0,0
dinoL224,4447,0.05,R3_render,shuffled_0,5,-0.304079,1.0,0.0,0
dinoL224,4447,0.05,R3_render,shuffled_1,5,-0.304079,1.0,0.0,0
dinoL224,4447,0.05,R3_render,shuffled_2,5,-0.304079,1.0,0.0,0
dinoL224,4447,0.05,R3_render,shuffled_3,5,-0.304079,1.0,0.0,0
dinoL224,4447,0.05,R3_render,shuffled_4,5,-0.304079,1.0,0.0,0
dinoL224,4447,0.05,R3_render,shuffled_5,5,-0.304079,1.0,0.0,0
dinoL224,4447,0.05,R3_render,shuffled_6,5,-0.304079,1.0,0.0,0
dinoL224,4447,0.05,R3_render,shuffled_7,5,-0.304079,1.0,0.0,0
dinoL224,4447,0.05,R3_render,shuffled_8,5,-0.304079,1.0,0.0,0
dinoL224,4447,0.05,R3_render,shuffled_9,5,-0.304079,1.0,0.0,0
dinoL224,4447,0.1,R2_cut,asc_index,5,-0.296073,1.0,0.0,0
dinoL224,4447,0.1,R2_cut,asc_nc,5,-0.296073,1.0,0.0,0
dinoL224,4447,0.1,R2_cut,desc_es,5,-0.296073,1.0,0.0,0
dinoL224,4447,0.1,R2_cut,desc_nc,5,-0.296073,1.0,0.0,0
dinoL224,4447,0.1,R2_cut,shuffled_0,5,-0.296073,1.0,0.0,0
dinoL224,4447,0.1,R2_cut,shuffled_1,5,-0.296073,1.0,0.0,0
dinoL224,4447,0.1,R2_cut,shuffled_2,5,-0.296073,1.0,0.0,0
dinoL224,4447,0.1,R2_cut,shuffled_3,5,-0.296073,1.0,0.0,0
dinoL224,4447,0.1,R2_cut,shuffled_4,5,-0.296073,1.0,0.0,0
dinoL224,4447,0.1,R2_cut,shuffled_5,5,-0.296073,1.0,0.0,0
dinoL224,4447,0.1,R2_cut,shuffled_6,5,-0.296073,1.0,0.0,0
dinoL224,4447,0.1,R2_cut,shuffled_7,5,-0.296073,1.0,0.0,0
dinoL224,4447,0.1,R2_cut,shuffled_8,5,-0.296073,1.0,0.0,0
dinoL224,4447,0.1,R2_cut,shuffled_9,5,-0.296073,1.0,0.0,0
dinoL224,4447,0.1,R3_render,asc_index,5,-0.304079,1.0,0.0,0
dinoL224,4447,0.1,R3_render,asc_nc,5,-0.304079,1.0,0.0,0
dinoL224,4447,0.1,R3_render,desc_es,5,-0.304079,1.0,0.0,0
dinoL224,4447,0.1,R3_render,desc_nc,5,-0.304079,1.0,0.0,0
dinoL224,4447,0.1,R3_render,shuffled_0,5,-0.304079,1.0,0.0,0
dinoL224,4447,0.1,R3_render,shuffled_1,5,-0.304079,1.0,0.0,0
dinoL224,4447,0.1,R3_render,shuffled_2,5,-0.304079,1.0,0.0,0
dinoL224,4447,0.1,R3_render,shuffled_3,5,-0.304079,1.0,0.0,0
dinoL224,4447,0.1,R3_render,shuffled_4,5,-0.304079,1.0,0.0,0
dinoL224,4447,0.1,R3_render,shuffled_5,5,-0.304079,1.0,0.0,0
dinoL224,4447,0.1,R3_render,shuffled_6,5,-0.304079,1.0,0.0,0
dinoL224,4447,0.1,R3_render,shuffled_7,5,-0.304079,1.0,0.0,0
dinoL224,4447,0.1,R3_render,shuffled_8,5,-0.304079,1.0,0.0,0
dinoL224,4447,0.1,R3_render,shuffled_9,5,-0.304079,1.0,0.0,0
dinoL224,4447,0.2,R2_cut,asc_index,5,-0.296073,1.0,0.0,0
dinoL224,4447,0.2,R2_cut,asc_nc,5,-0.296073,1.0,0.0,0
dinoL224,4447,0.2,R2_cut,desc_es,5,-0.296073,1.0,0.0,0
dinoL224,4447,0.2,R2_cut,desc_nc,5,-0.296073,1.0,0.0,0
dinoL224,4447,0.2,R2_cut,shuffled_0,5,-0.296073,1.0,0.0,0
dinoL224,4447,0.2,R2_cut,shuffled_1,5,-0.296073,1.0,0.0,0
dinoL224,4447,0.2,R2_cut,shuffled_2,5,-0.296073,1.0,0.0,0
dinoL224,4447,0.2,R2_cut,shuffled_3,5,-0.296073,1.0,0.0,0
dinoL224,4447,0.2,R2_cut,shuffled_4,5,-0.296073,1.0,0.0,0
dinoL224,4447,0.2,R2_cut,shuffled_5,5,-0.296073,1.0,0.0,0
dinoL224,4447,0.2,R2_cut,shuffled_6,5,-0.296073,1.0,0.0,0
dinoL224,4447,0.2,R2_cut,shuffled_7,5,-0.296073,1.0,0.0,0
dinoL224,4447,0.2,R2_cut,shuffled_8,5,-0.296073,1.0,0.0,0
dinoL224,4447,0.2,R2_cut,shuffled_9,5,-0.296073,1.0,0.0,0
dinoL224,4447,0.2,R3_render,asc_index,5,-0.304079,1.0,0.0,0
dinoL224,4447,0.2,R3_render,asc_nc,5,-0.304079,1.0,0.0,0
dinoL224,4447,0.2,R3_render,desc_es,5,-0.304079,1.0,0.0,0
dinoL224,4447,0.2,R3_render,desc_nc,5,-0.304079,1.0,0.0,0
dinoL224,4447,0.2,R3_render,shuffled_0,5,-0.304079,1.0,0.0,0
dinoL224,4447,0.2,R3_render,shuffled_1,5,-0.304079,1.0,0.0,0
dinoL224,4447,0.2,R3_render,shuffled_2,5,-0.304079,1.0,0.0,0
dinoL224,4447,0.2,R3_render,shuffled_3,5,-0.304079,1.0,0.0,0
dinoL224,4447,0.2,R3_render,shuffled_4,5,-0.304079,1.0,0.0,0
dinoL224,4447,0.2,R3_render,shuffled_5,5,-0.304079,1.0,0.0,0
dinoL224,4447,0.2,R3_render,shuffled_6,5,-0.304079,1.0,0.0,0
dinoL224,4447,0.2,R3_render,shuffled_7,5,-0.304079,1.0,0.0,0
dinoL224,4447,0.2,R3_render,shuffled_8,5,-0.304079,1.0,0.0,0
dinoL224,4447,0.2,R3_render,shuffled_9,5,-0.304079,1.0,0.0,0
dinoL224,4447,0.5,R2_cut,asc_index,5,-0.296073,1.0,0.0,0
dinoL224,4447,0.5,R2_cut,asc_nc,5,-0.296073,1.0,0.0,0
dinoL224,4447,0.5,R2_cut,desc_es,5,-0.296073,1.0,0.0,0
dinoL224,4447,0.5,R2_cut,desc_nc,5,-0.296073,1.0,0.0,0
dinoL224,4447,0.5,R2_cut,shuffled_0,5,-0.296073,1.0,0.0,0
dinoL224,4447,0.5,R2_cut,shuffled_1,5,-0.296073,1.0,0.0,0
dinoL224,4447,0.5,R2_cut,shuffled_2,5,-0.296073,1.0,0.0,0
dinoL224,4447,0.5,R2_cut,shuffled_3,5,-0.296073,1.0,0.0,0
dinoL224,4447,0.5,R2_cut,shuffled_4,5,-0.296073,1.0,0.0,0
dinoL224,4447,0.5,R2_cut,shuffled_5,5,-0.296073,1.0,0.0,0
dinoL224,4447,0.5,R2_cut,shuffled_6,5,-0.296073,1.0,0.0,0
dinoL224,4447,0.5,R2_cut,shuffled_7,5,-0.296073,1.0,0.0,0
dinoL224,4447,0.5,R2_cut,shuffled_8,5,-0.296073,1.0,0.0,0
dinoL224,4447,0.5,R2_cut,shuffled_9,5,-0.296073,1.0,0.0,0
dinoL224,4447,0.5,R3_render,asc_index,5,-0.304079,1.0,0.0,0
dinoL224,4447,0.5,R3_render,asc_nc,5,-0.304079,1.0,0.0,0
dinoL224,4447,0.5,R3_render,desc_es,5,-0.304079,1.0,0.0,0
dinoL224,4447,0.5,R3_render,desc_nc,5,-0.304079,1.0,0.0,0
dinoL224,4447,0.5,R3_render,shuffled_0,5,-0.304079,1.0,0.0,0
dinoL224,4447,0.5,R3_render,shuffled_1,5,-0.304079,1.0,0.0,0
dinoL224,4447,0.5,R3_render,shuffled_2,5,-0.304079,1.0,0.0,0
dinoL224,4447,0.5,R3_render,shuffled_3,5,-0.304079,1.0,0.0,0
dinoL224,4447,0.5,R3_render,shuffled_4,5,-0.304079,1.0,0.0,0
dinoL224,4447,0.5,R3_render,shuffled_5,5,-0.304079,1.0,0.0,0
dinoL224,4447,0.5,R3_render,shuffled_6,5,-0.304079,1.0,0.0,0
dinoL224,4447,0.5,R3_render,shuffled_7,5,-0.304079,1.0,0.0,0
dinoL224,4447,0.5,R3_render,shuffled_8,5,-0.304079,1.0,0.0,0
dinoL224,4447,0.5,R3_render,shuffled_9,5,-0.304079,1.0,0.0,0
dinoL224,4447,1.0,R2_cut,asc_index,5,-0.296073,1.0,0.0,0
dinoL224,4447,1.0,R2_cut,asc_nc,5,-0.296073,1.0,0.0,0
dinoL224,4447,1.0,R2_cut,desc_es,5,-0.296073,1.0,0.0,0
dinoL224,4447,1.0,R2_cut,desc_nc,5,-0.296073,1.0,0.0,0
dinoL224,4447,1.0,R2_cut,shuffled_0,5,-0.296073,1.0,0.0,0
dinoL224,4447,1.0,R2_cut,shuffled_1,5,-0.296073,1.0,0.0,0
dinoL224,4447,1.0,R2_cut,shuffled_2,5,-0.296073,1.0,0.0,0
dinoL224,4447,1.0,R2_cut,shuffled_3,5,-0.296073,1.0,0.0,0
dinoL224,4447,1.0,R2_cut,shuffled_4,5,-0.296073,1.0,0.0,0
dinoL224,4447,1.0,R2_cut,shuffled_5,5,-0.296073,1.0,0.0,0
dinoL224,4447,1.0,R2_cut,shuffled_6,5,-0.296073,1.0,0.0,0
dinoL224,4447,1.0,R2_cut,shuffled_7,5,-0.296073,1.0,0.0,0
dinoL224,4447,1.0,R2_cut,shuffled_8,5,-0.296073,1.0,0.0,0
dinoL224,4447,1.0,R2_cut,shuffled_9,5,-0.296073,1.0,0.0,0
dinoL224,4447,1.0,R3_render,asc_index,5,-0.304079,1.0,0.0,0
dinoL224,4447,1.0,R3_render,asc_nc,5,-0.304079,1.0,0.0,0
dinoL224,4447,1.0,R3_render,desc_es,5,-0.304079,1.0,0.0,0
dinoL224,4447,1.0,R3_render,desc_nc,5,-0.304079,1.0,0.0,0
dinoL224,4447,1.0,R3_render,shuffled_0,5,-0.304079,1.0,0.0,0
dinoL224,4447,1.0,R3_render,shuffled_1,5,-0.304079,1.0,0.0,0
dinoL224,4447,1.0,R3_render,shuffled_2,5,-0.304079,1.0,0.0,0
dinoL224,4447,1.0,R3_render,shuffled_3,5,-0.304079,1.0,0.0,0
dinoL224,4447,1.0,R3_render,shuffled_4,5,-0.304079,1.0,0.0,0
dinoL224,4447,1.0,R3_render,shuffled_5,5,-0.304079,1.0,0.0,0
dinoL224,4447,1.0,R3_render,shuffled_6,5,-0.304079,1.0,0.0,0
dinoL224,4447,1.0,R3_render,shuffled_7,5,-0.304079,1.0,0.0,0
dinoL224,4447,1.0,R3_render,shuffled_8,5,-0.304079,1.0,0.0,0
dinoL224,4447,1.0,R3_render,shuffled_9,5,-0.304079,1.0,0.0,0
dinoL224,4447,2.0,R2_cut,asc_index,5,-0.296073,1.0,0.0,0
dinoL224,4447,2.0,R2_cut,asc_nc,5,-0.296073,1.0,0.0,0
dinoL224,4447,2.0,R2_cut,desc_es,5,-0.296073,1.0,0.0,0
dinoL224,4447,2.0,R2_cut,desc_nc,5,-0.296073,1.0,0.0,0
dinoL224,4447,2.0,R2_cut,shuffled_0,5,-0.296073,1.0,0.0,0
dinoL224,4447,2.0,R2_cut,shuffled_1,5,-0.296073,1.0,0.0,0
dinoL224,4447,2.0,R2_cut,shuffled_2,5,-0.296073,1.0,0.0,0
dinoL224,4447,2.0,R2_cut,shuffled_3,5,-0.296073,1.0,0.0,0
dinoL224,4447,2.0,R2_cut,shuffled_4,5,-0.296073,1.0,0.0,0
dinoL224,4447,2.0,R2_cut,shuffled_5,5,-0.296073,1.0,0.0,0
dinoL224,4447,2.0,R2_cut,shuffled_6,5,-0.296073,1.0,0.0,0
dinoL224,4447,2.0,R2_cut,shuffled_7,5,-0.296073,1.0,0.0,0
dinoL224,4447,2.0,R2_cut,shuffled_8,5,-0.296073,1.0,0.0,0
dinoL224,4447,2.0,R2_cut,shuffled_9,5,-0.296073,1.0,0.0,0
dinoL224,4447,2.0,R3_render,asc_index,5,-0.304079,1.0,0.0,0
dinoL224,4447,2.0,R3_render,asc_nc,5,-0.304079,1.0,0.0,0
dinoL224,4447,2.0,R3_render,desc_es,5,-0.304079,1.0,0.0,0
dinoL224,4447,2.0,R3_render,desc_nc,5,-0.304079,1.0,0.0,0
dinoL224,4447,2.0,R3_render,shuffled_0,5,-0.304079,1.0,0.0,0
dinoL224,4447,2.0,R3_render,shuffled_1,5,-0.304079,1.0,0.0,0
dinoL224,4447,2.0,R3_render,shuffled_2,5,-0.304079,1.0,0.0,0
dinoL224,4447,2.0,R3_render,shuffled_3,5,-0.304079,1.0,0.0,0
dinoL224,4447,2.0,R3_render,shuffled_4,5,-0.304079,1.0,0.0,0
dinoL224,4447,2.0,R3_render,shuffled_5,5,-0.304079,1.0,0.0,0
dinoL224,4447,2.0,R3_render,shuffled_6,5,-0.304079,1.0,0.0,0
dinoL224,4447,2.0,R3_render,shuffled_7,5,-0.304079,1.0,0.0,0
dinoL224,4447,2.0,R3_render,shuffled_8,5,-0.304079,1.0,0.0,0
dinoL224,4447,2.0,R3_render,shuffled_9,5,-0.304079,1.0,0.0,0
dinoL224,4447,5.0,R2_cut,asc_index,5,-0.296073,1.0,0.0,0
dinoL224,4447,5.0,R2_cut,asc_nc,5,-0.296073,1.0,0.0,0
dinoL224,4447,5.0,R2_cut,desc_es,5,-0.296073,1.0,0.0,0
dinoL224,4447,5.0,R2_cut,desc_nc,5,-0.296073,1.0,0.0,0
dinoL224,4447,5.0,R2_cut,shuffled_0,5,-0.296073,1.0,0.0,0
dinoL224,4447,5.0,R2_cut,shuffled_1,5,-0.296073,1.0,0.0,0
dinoL224,4447,5.0,R2_cut,shuffled_2,5,-0.296073,1.0,0.0,0
dinoL224,4447,5.0,R2_cut,shuffled_3,5,-0.296073,1.0,0.0,0
dinoL224,4447,5.0,R2_cut,shuffled_4,5,-0.296073,1.0,0.0,0
dinoL224,4447,5.0,R2_cut,shuffled_5,5,-0.296073,1.0,0.0,0
dinoL224,4447,5.0,R2_cut,shuffled_6,5,-0.296073,1.0,0.0,0
dinoL224,4447,5.0,R2_cut,shuffled_7,5,-0.296073,1.0,0.0,0
dinoL224,4447,5.0,R2_cut,shuffled_8,5,-0.296073,1.0,0.0,0
dinoL224,4447,5.0,R2_cut,shuffled_9,5,-0.296073,1.0,0.0,0
dinoL224,4447,5.0,R3_render,asc_index,5,-0.304079,1.0,0.0,0
dinoL224,4447,5.0,R3_render,asc_nc,5,-0.304079,1.0,0.0,0
dinoL224,4447,5.0,R3_render,desc_es,5,-0.304079,1.0,0.0,0
dinoL224,4447,5.0,R3_render,desc_nc,5,-0.304079,1.0,0.0,0
dinoL224,4447,5.0,R3_render,shuffled_0,5,-0.304079,1.0,0.0,0
dinoL224,4447,5.0,R3_render,shuffled_1,5,-0.304079,1.0,0.0,0
dinoL224,4447,5.0,R3_render,shuffled_2,5,-0.304079,1.0,0.0,0
dinoL224,4447,5.0,R3_render,shuffled_3,5,-0.304079,1.0,0.0,0
dinoL224,4447,5.0,R3_render,shuffled_4,5,-0.304079,1.0,0.0,0
dinoL224,4447,5.0,R3_render,shuffled_5,5,-0.304079,1.0,0.0,0
dinoL224,4447,5.0,R3_render,shuffled_6,5,-0.304079,1.0,0.0,0
dinoL224,4447,5.0,R3_render,shuffled_7,5,-0.304079,1.0,0.0,0
dinoL224,4447,5.0,R3_render,shuffled_8,5,-0.304079,1.0,0.0,0
dinoL224,4447,5.0,R3_render,shuffled_9,5,-0.304079,1.0,0.0,0
dinoL224,4447,10.0,R2_cut,asc_index,5,-0.296073,1.0,0.0,0
dinoL224,4447,10.0,R2_cut,asc_nc,5,-0.296073,1.0,0.0,0
dinoL224,4447,10.0,R2_cut,desc_es,5,-0.296073,1.0,0.0,0
dinoL224,4447,10.0,R2_cut,desc_nc,5,-0.296073,1.0,0.0,0
dinoL224,4447,10.0,R2_cut,shuffled_0,5,-0.296073,1.0,0.0,0
dinoL224,4447,10.0,R2_cut,shuffled_1,5,-0.296073,1.0,0.0,0
dinoL224,4447,10.0,R2_cut,shuffled_2,5,-0.296073,1.0,0.0,0
dinoL224,4447,10.0,R2_cut,shuffled_3,5,-0.296073,1.0,0.0,0
dinoL224,4447,10.0,R2_cut,shuffled_4,5,-0.296073,1.0,0.0,0
dinoL224,4447,10.0,R2_cut,shuffled_5,5,-0.296073,1.0,0.0,0
dinoL224,4447,10.0,R2_cut,shuffled_6,5,-0.296073,1.0,0.0,0
dinoL224,4447,10.0,R2_cut,shuffled_7,5,-0.296073,1.0,0.0,0
dinoL224,4447,10.0,R2_cut,shuffled_8,5,-0.296073,1.0,0.0,0
dinoL224,4447,10.0,R2_cut,shuffled_9,5,-0.296073,1.0,0.0,0
dinoL224,4447,10.0,R3_render,asc_index,5,-0.304079,1.0,0.0,0
dinoL224,4447,10.0,R3_render,asc_nc,5,-0.304079,1.0,0.0,0
dinoL224,4447,10.0,R3_render,desc_es,5,-0.304079,1.0,0.0,0
dinoL224,4447,10.0,R3_render,desc_nc,5,-0.304079,1.0,0.0,0
dinoL224,4447,10.0,R3_render,shuffled_0,5,-0.304079,1.0,0.0,0
dinoL224,4447,10.0,R3_render,shuffled_1,5,-0.304079,1.0,0.0,0
dinoL224,4447,10.0,R3_render,shuffled_2,5,-0.304079,1.0,0.0,0
dinoL224,4447,10.0,R3_render,shuffled_3,5,-0.304079,1.0,0.0,0
dinoL224,4447,10.0,R3_render,shuffled_4,5,-0.304079,1.0,0.0,0
dinoL224,4447,10.0,R3_render,shuffled_5,5,-0.304079,1.0,0.0,0
dinoL224,4447,10.0,R3_render,shuffled_6,5,-0.304079,1.0,0.0,0
dinoL224,4447,10.0,R3_render,shuffled_7,5,-0.304079,1.0,0.0,0
dinoL224,4447,10.0,R3_render,shuffled_8,5,-0.304079,1.0,0.0,0
dinoL224,4447,10.0,R3_render,shuffled_9,5,-0.304079,1.0,0.0,0
dinoL224,4447,20.0,R2_cut,asc_index,5,-0.296073,1.0,0.0,0
dinoL224,4447,20.0,R2_cut,asc_nc,5,-0.296073,1.0,0.0,0
dinoL224,4447,20.0,R2_cut,desc_es,5,-0.296073,1.0,0.0,0
dinoL224,4447,20.0,R2_cut,desc_nc,5,-0.296073,1.0,0.0,0
dinoL224,4447,20.0,R2_cut,shuffled_0,5,-0.296073,1.0,0.0,0
dinoL224,4447,20.0,R2_cut,shuffled_1,5,-0.296073,1.0,0.0,0
dinoL224,4447,20.0,R2_cut,shuffled_2,5,-0.296073,1.0,0.0,0
dinoL224,4447,20.0,R2_cut,shuffled_3,5,-0.296073,1.0,0.0,0
dinoL224,4447,20.0,R2_cut,shuffled_4,5,-0.296073,1.0,0.0,0
dinoL224,4447,20.0,R2_cut,shuffled_5,5,-0.296073,1.0,0.0,0
dinoL224,4447,20.0,R2_cut,shuffled_6,5,-0.296073,1.0,0.0,0
dinoL224,4447,20.0,R2_cut,shuffled_7,5,-0.296073,1.0,0.0,0
dinoL224,4447,20.0,R2_cut,shuffled_8,5,-0.296073,1.0,0.0,0
dinoL224,4447,20.0,R2_cut,shuffled_9,5,-0.296073,1.0,0.0,0
dinoL224,4447,20.0,R3_render,asc_index,5,-0.304079,1.0,0.0,0
dinoL224,4447,20.0,R3_render,asc_nc,5,-0.304079,1.0,0.0,0
dinoL224,4447,20.0,R3_render,desc_es,5,-0.304079,1.0,0.0,0
dinoL224,4447,20.0,R3_render,desc_nc,5,-0.304079,1.0,0.0,0
dinoL224,4447,20.0,R3_render,shuffled_0,5,-0.304079,1.0,0.0,0
dinoL224,4447,20.0,R3_render,shuffled_1,5,-0.304079,1.0,0.0,0
dinoL224,4447,20.0,R3_render,shuffled_2,5,-0.304079,1.0,0.0,0
dinoL224,4447,20.0,R3_render,shuffled_3,5,-0.304079,1.0,0.0,0
dinoL224,4447,20.0,R3_render,shuffled_4,5,-0.304079,1.0,0.0,0
dinoL224,4447,20.0,R3_render,shuffled_5,5,-0.304079,1.0,0.0,0
dinoL224,4447,20.0,R3_render,shuffled_6,5,-0.304079,1.0,0.0,0
dinoL224,4447,20.0,R3_render,shuffled_7,5,-0.304079,1.0,0.0,0
dinoL224,4447,20.0,R3_render,shuffled_8,5,-0.304079,1.0,0.0,0
dinoL224,4447,20.0,R3_render,shuffled_9,5,-0.304079,1.0,0.0,0
dinoL224,4447,40.0,R2_cut,asc_index,5,-0.296073,1.0,0.0,0
dinoL224,4447,40.0,R2_cut,asc_nc,5,-0.296073,1.0,0.0,0
dinoL224,4447,40.0,R2_cut,desc_es,5,-0.296073,1.0,0.0,0
dinoL224,4447,40.0,R2_cut,desc_nc,5,-0.296073,1.0,0.0,0
dinoL224,4447,40.0,R2_cut,shuffled_0,5,-0.296073,1.0,0.0,0
dinoL224,4447,40.0,R2_cut,shuffled_1,5,-0.296073,1.0,0.0,0
dinoL224,4447,40.0,R2_cut,shuffled_2,5,-0.296073,1.0,0.0,0
dinoL224,4447,40.0,R2_cut,shuffled_3,5,-0.296073,1.0,0.0,0
dinoL224,4447,40.0,R2_cut,shuffled_4,5,-0.296073,1.0,0.0,0
dinoL224,4447,40.0,R2_cut,shuffled_5,5,-0.296073,1.0,0.0,0
dinoL224,4447,40.0,R2_cut,shuffled_6,5,-0.296073,1.0,0.0,0
dinoL224,4447,40.0,R2_cut,shuffled_7,5,-0.296073,1.0,0.0,0
dinoL224,4447,40.0,R2_cut,shuffled_8,5,-0.296073,1.0,0.0,0
dinoL224,4447,40.0,R2_cut,shuffled_9,5,-0.296073,1.0,0.0,0
dinoL224,4447,40.0,R3_render,asc_index,5,-0.304079,1.0,0.0,0
dinoL224,4447,40.0,R3_render,asc_nc,5,-0.304079,1.0,0.0,0
dinoL224,4447,40.0,R3_render,desc_es,5,-0.304079,1.0,0.0,0
dinoL224,4447,40.0,R3_render,desc_nc,5,-0.304079,1.0,0.0,0
dinoL224,4447,40.0,R3_render,shuffled_0,5,-0.304079,1.0,0.0,0
dinoL224,4447,40.0,R3_render,shuffled_1,5,-0.304079,1.0,0.0,0
dinoL224,4447,40.0,R3_render,shuffled_2,5,-0.304079,1.0,0.0,0
dinoL224,4447,40.0,R3_render,shuffled_3,5,-0.304079,1.0,0.0,0
dinoL224,4447,40.0,R3_render,shuffled_4,5,-0.304079,1.0,0.0,0
dinoL224,4447,40.0,R3_render,shuffled_5,5,-0.304079,1.0,0.0,0
dinoL224,4447,40.0,R3_render,shuffled_6,5,-0.304079,1.0,0.0,0
dinoL224,4447,40.0,R3_render,shuffled_7,5,-0.304079,1.0,0.0,0
dinoL224,4447,40.0,R3_render,shuffled_8,5,-0.304079,1.0,0.0,0
dinoL224,4447,40.0,R3_render,shuffled_9,5,-0.304079,1.0,0.0,0
