stem,status,fg_frac,obj_mean,obj_max,bg_mean,bg_max,obj_interior_mean,interior_px,raw_shape,cand_shape,err
0004,OK,0.21705,3.101218357265351,54,83.66732656406326,255,2.7244924294562973,23248,,,
0005,OK,0.27476591760299623,4.041563014710058,78,69.06748004217502,227,3.6952536907980758,26259,,,
0006,OK,0.17863333333333334,5.904071033152952,68,54.206021806474304,226,5.282252673796791,17952,,,
0007,OK,0.16654166666666667,6.2115253106496535,59,38.20190304787615,219,5.704515620897873,15236,,,
0008,OK,0.05500936329588015,4.184340425531915,64,63.123573610767075,241,2.8567420655795197,3802,,,
0009,OK,0.08243445692883895,9.117219445706498,91,53.95681796535913,249,8.100343857455455,6398,,,
0010,OK,0.278937969924812,6.155485921583162,78,83.13947941241642,254,5.5730833401712205,24374,,,
0011,OK,0.11064487632508833,3.8669328010645376,53,77.40021521397236,253,2.8603383001632454,9597,,,
0012,OK,0.39772875816993464,3.511612779535215,42,46.311389348598716,179,3.2638621595308717,44167,,,
0014,OK,0.13359166666666666,7.6862537167571165,74,80.42800898985915,214,7.625365772092635,11961,,,
0015,OK,0.16752678571428573,6.7315638934783,70,57.72349675200475,232,5.756229308241854,13391,,,
0016,OK,0.08513992537313433,6.868485446112268,79,63.78121059482902,239,6.379890453834116,6816,,,
0020,OK,0.23425,5.290193288272263,69,100.27847063517974,255,5.070079719954602,24377,,,
0021,OK,0.18856666666666666,4.0312592068823285,43,93.21236426625039,232,3.507151252147184,18435,,,
0024,OK,0.1761040609137056,7.676479066080565,100,77.40077989823843,252,7.412831061969658,23334,,,
0027,OK,0.06052,6.745483586693104,92,120.37929138104766,255,5.743702673466234,4314,,,
0029,OK,0.13482209737827716,5.841979767113457,74,52.64607525892577,232,5.300426784400294,11325,,,
0030,OK,0.22765625,7.036909936704034,74,66.52504851604589,221,6.730581561751064,19333,,,
0031,OK,0.08497011952191236,3.9422889071230416,42,58.11321555693433,220,2.8864600326264274,6130,,,
0032,OK,0.21214285714285713,1.9451985129068463,38,75.84485021909943,204,1.474646923411933,16073,,,
0035,OK,0.16112723214285715,4.699591327838194,50,61.04472058503963,255,4.186321616229734,11863,,,
0038,OK,0.2456361607142857,4.529026004513305,56,81.85121293268827,255,4.188804771736637,18889,,,
0040,OK,0.30656286043829295,2.046690996651492,50,104.70929736143222,248,1.54476475193964,23415,,,
0041,OK,0.2409967320261438,3.0200239564264244,51,45.73698449261946,163,2.7253342510100818,26153,,,
0042,OK,0.276112012987013,3.1765881764999855,49,92.58640473333857,255,2.814865374797452,30034,,,
0044,OK,0.16646067415730337,4.940019499756253,56,84.77480472991695,234,4.549477089426571,15044,,,
0045,OK,0.22837857142857143,3.1288274481593845,43,76.58608187459308,255,2.747560752786406,27365,,,
0047,OK,0.37494358974358977,5.229249300179628,52,65.60235520623095,246,4.923730519446122,31463,,,
0048,OK,0.196725,4.4359017805453185,59,73.03774478783038,245,3.9834506982792104,19739,,,
0050,OK,0.3519574175824176,7.02147851822942,63,58.408824828219664,255,6.823163391335616,42642,,,
0051,OK,0.15513111888111888,6.305215905035593,52,47.594797885218256,232,5.741569833675097,11704,,,
0053,OK,0.2878089887640449,6.036946667534214,51,75.67838517700473,241,5.857518672747703,25215,,,
0054,OK,0.18657992565055762,7.297203958291824,77,72.83661243392288,255,7.408073980928429,12724,,,
0056,OK,0.09237827715355805,6.748226231502128,50,38.046523063802866,224,6.160899284417388,6242,,,
0057,OK,0.1590262172284644,7.888699167844246,77,45.88974124877527,232,7.161188849115956,12292,,,
0058,OK,0.1507889344262295,5.777422934927861,64,47.194442768722176,233,5.115413752913753,11440,,,
0059,OK,0.2454,5.576077605723082,56,45.458013075360014,245,4.853130075849017,22369,,,
0060,OK,0.07630149812734083,10.701803902319304,58,77.53356107219727,240,10.967463768115943,4600,,,
0061,OK,0.1502283105022831,7.184219858156029,81,52.36871305749597,227,6.518554652213189,9225,,,
0062,OK,0.12358736059479554,6.5868551661904045,81,38.67285600164012,195,5.931708580121048,10299,,,
0063,OK,0.10755,5.611885944521927,62,89.33070013259379,240,4.301543824701195,8032,,,
0064,OK,0.09791044776119404,10.178734756097562,77,97.95309742444297,232,10.119705830232146,7524,,,
0068,OK,0.2940333333333333,3.365595359558629,64,44.08838944237216,225,2.9805227981273523,31969,,,
0070,OK,0.2679887218045113,6.389188936428889,62,105.83541757611552,210,5.996452233383201,23395,,,
0072,OK,0.067025,4.2603506154419994,44,102.87754822536033,206,3.7413266722175966,6005,,,
0073,OK,0.08774344569288389,8.097285953117774,66,35.391491924033566,202,7.796170251383973,7346,,,
0074,OK,0.3561916666666667,5.3688557190651105,68,37.39910083660165,251,5.106815025573282,39364,,,
0076,OK,0.1834845132743363,5.483812624344366,67,47.32693879578575,226,5.267501449275362,14375,,,
0080,OK,0.4299127906976744,3.438952374512588,46,54.06502019841472,231,3.1482876456062456,40091,,,
0081,OK,0.25488297872340426,3.8474477231937896,57,69.27693303446077,229,3.294811088093124,20274,,,
0083,OK,0.12578333333333333,5.255598250960647,44,48.87721706416538,242,4.713083354304728,11921,,,
0084,OK,0.2824083333333333,5.593053793266251,75,81.35290497149029,252,5.269760082015623,29913,,,
0085,OK,0.3130263157894737,4.519185732300486,68,91.18338486515081,238,4.143436053730669,29530,,,
0086,OK,0.32380281690140844,5.78565861968972,54,67.43034871207388,228,5.643196574527047,33319,,,
0087,OK,0.12365168539325842,4.943182391842092,53,72.52151847340642,238,4.4862099781208595,10817,,,
0088,OK,0.028278816199376947,8.977967502065546,89,88.22271557838886,255,7.91991341991342,1848,,,
0089,OK,0.23279166666666667,5.033530218960682,56,89.54042252756204,253,4.755278351384382,23729,,,
0090,OK,0.05898876404494382,7.206084656084656,50,91.90742951907131,255,6.822983127747058,4702,,,
0091,OK,0.1725,3.3038969404186798,53,96.97481705270225,230,2.834882899847005,16994,,,
0094,OK,0.2517403846153846,4.568682123168201,41,56.190827432889144,225,4.307461966394187,23488,,,
0095,OK,0.15116037735849056,6.232540722711103,48,45.579055388228845,205,5.8741999015263415,13540,,,
0096,OK,0.08407608695652175,7.268969126111983,82,104.042578260759,247,5.772891166144795,7026,,,
0097,OK,0.15980842911877394,3.1159993606649086,38,90.59958274431119,225,2.5429115178059334,12786,,,
0098,OK,0.17067669172932332,4.420264317180616,68,39.622083711090966,229,4.024512629983132,15611,,,
0099,OK,0.1406109022556391,4.673306151549585,56,44.09782842477863,227,4.11714416423629,11658,,,
0100,OK,0.12332706766917294,4.638342732307067,52,56.23806613921111,212,3.9625414888572785,10545,,,
0101,OK,0.1981954887218045,4.655633535660091,48,36.85533492748187,223,4.186774058418067,17506,,,
0102,OK,0.14895192307692307,4.892173950465862,71,52.04053448425207,236,4.126177024482109,12390,,,
0103,OK,0.22287593984962406,5.21174552303843,91,44.434458876553066,193,4.902747270238437,20942,,,
0104,OK,0.2868327067669173,4.899614447830313,99,43.18796536682437,209,4.572399582877892,26531,,,
0105,OK,0.1263173076923077,5.106772220953541,47,100.54494495375822,247,4.458024691358025,9990,,,
0107,OK,0.10071666666666666,6.440675161343703,60,66.4824026539652,255,5.949437247101227,9803,,,
0108,OK,0.25374166666666664,4.330366623972325,44,52.431028129222454,213,4.2047907475261095,26746,,,
0109,OK,0.19336142322097377,5.89621164431101,60,88.61490750521384,255,5.3974676089517075,16980,,,
0110,OK,0.30883720930232555,3.8872113453815262,47,84.47990690892777,233,3.3226429962680464,22419,,,
0111,OK,0.21353333333333332,3.7362368612758874,37,54.22127094459043,205,3.40239262960077,21817,,,
0112,OK,0.0877247191011236,6.834418472266695,64,63.753918157465286,185,5.545646215475437,6324,,,
0113,OK,0.13706766917293234,6.009873834339001,79,98.03644608056693,255,5.398691732629727,12128,,,
0114,OK,0.32386704119850185,5.127333352607284,65,62.864932858798056,250,4.85420864478388,30770,,,
0115,OK,0.22700258397932815,3.9409409979131094,41,61.3897431611789,250,3.7727984066012237,32802,,,
0116,OK,0.27121666666666666,5.325907945676888,83,61.4372508213842,218,4.875088989441931,27625,,,
0117,OK,0.11263111888111887,4.753925753460096,65,70.68635505426127,254,4.242036686781351,11103,,,
0118,OK,0.2020692883895131,4.313068594288185,51,62.417500792076886,218,3.9411098106968363,17943,,,
0121,OK,0.33147058823529413,6.300071477866509,77,55.239306838734905,208,5.9336671393123,22568,,,
0126,OK,0.20809210526315788,5.160832844044984,63,73.48521819627577,237,4.768579278002345,19049,,,
0127,OK,0.12383204633204634,4.52168264608829,56,64.25895568702192,239,4.008371085286586,10154,,,
0129,OK,0.07876666666666667,5.186450839328537,88,60.3716967591755,228,3.713065830174705,7651,,,
0132,OK,0.09290111940298508,6.570974328078455,54,79.08585541763934,255,5.996921390013496,7904,,,
0133,OK,0.051975,8.35578002244669,120,56.08323151346806,255,7.920881321982974,3994,,,
0134,OK,0.0949745776900505,5.05934929176718,56,120.23187770799863,255,4.413802671740595,8409,,,
0137,OK,0.07925359712230216,5.899844926056205,52,57.30130778321467,225,5.311535107965328,6499,,,
0138,OK,0.0955625,7.916254009779189,58,96.38068254736073,244,7.401442710954538,7948,,,
0140,OK,0.1349625468164794,6.306276305443782,84,53.10657458922348,241,5.868608683589957,12015,,,
0142,OK,0.08669166666666667,6.134320228139319,76,38.70199610086651,213,5.711852624261383,7672,,,
0143,OK,0.0324625468164794,7.969233727526199,89,77.21887812541331,255,7.095182595182595,1716,,,
0144,OK,0.018341666666666666,6.620475541420566,73,79.75352648720843,234,4.92652027027027,1184,,,
0145,OK,0.07233986928104576,5.941513070714372,49,58.231059004781635,238,5.483696085465997,4181,,,
0146,OK,0.062066666666666666,5.660266738274257,80,55.45220875684128,239,4.822611082518442,5829,,,
0147,OK,0.10620833333333334,3.773113639335687,67,48.76582599101829,205,3.0847089335155786,9511,,,
0148,OK,0.10021428571428571,5.925249465431219,64,70.73315405784446,250,5.224020806645704,8587,,,
0150,OK,0.13152416356877322,4.23831731675146,50,49.83968624261622,211,3.860121404064397,11367,,,
0151,OK,0.1850374531835206,5.1982086833316465,77,60.1499191923834,223,4.942127235819067,17406,,,
0153,OK,0.1182,10.126668546719308,74,78.31757012172072,255,9.632164009111618,10975,,,
0157,OK,0.08411354581673307,4.166370633510954,44,58.9240498069708,215,3.08920807880689,6057,,,
0159,OK,0.28520676691729324,6.73102440739032,59,46.08758250716596,185,6.68818473803811,26257,,,
0160,OK,0.2843929712460064,6.380909584526952,110,98.67642550468409,255,5.914110828937944,30714,,,
0161,OK,0.155275,6.221613982361044,41,75.91815219285698,255,5.908250304637661,13951,,,
0162,OK,0.10751046587548489,6.239111666815516,56,86.33185226624781,255,5.795117370892019,8875,,,
0163,OK,0.07866279069767441,6.427867525428501,43,64.32466712942512,249,5.96728857548602,6807,,,
0164,OK,0.25959737827715357,5.197763751127142,54,58.16554747602487,235,4.937869045149692,24105,,,
0168,OK,0.11598006644518273,4.424902129284828,61,70.26833652774124,195,3.374720469944261,9987,,,
0170,OK,0.055068321705100544,6.3223654454997735,55,51.70482977664878,218,5.563349787823677,3849,,,
0172,OK,0.14865,4.893934297566992,58,56.13577129134773,182,4.545460600812629,15013,,,
0173,OK,0.10073333333333333,6.3931998676373265,80,64.83581374947488,255,5.918191788333676,9726,,,
0176,OK,0.17937265917602996,4.735449183066242,50,60.86062397072974,250,4.373542395468932,16008,,,
0177,OK,0.09489738805970149,8.284806186310167,93,71.48208574245656,252,7.769136327147377,7059,,,
0178,OK,0.1451215277777778,5.263129560952267,44,93.73492617940335,245,4.641989463052439,12211,,,
0179,OK,0.08893322475570033,5.250709641974178,111,127.68725438494565,251,3.9127411395244502,7430,,,
0187,OK,0.15150833333333333,5.255156482041692,68,68.44070360148892,244,4.832189438430151,14133,,,
0192,OK,0.11520754716981133,10.43615569385304,69,84.78556247423266,255,10.304610733182162,8379,,,
0193,OK,0.32861666666666667,3.279158425047759,47,46.19351008283064,199,3.12819226517284,35881,,,
0194,OK,0.20841760299625467,6.886637614747593,50,35.09105641049905,182,6.641311822269241,18905,,,
0195,OK,0.22951668906810035,1.8826328310864393,43,62.240634066859286,158,1.3272731627862413,13916,,,
0196,OK,0.2085590621148279,6.912772585669782,74,70.18282568541524,229,6.564931970988406,18889,,,
0199,OK,0.16242619926199262,3.819446810927472,62,87.70664037976496,240,3.285794728520997,15391,,,
0201,OK,0.31148698884758363,3.2135000198909975,65,92.25321256951568,237,2.7598743066738236,29808,,,
0202,OK,0.15286789297658862,4.374610293715474,47,74.81506229622538,232,3.718745182673038,12974,,,
0204,OK,0.1749802371541502,7.143042692568331,71,55.03421884731471,213,6.675096030729834,12496,,,
0205,OK,0.21698863636363636,5.33464257659073,64,38.44324311249788,183,4.713331720950231,24808,,,
0206,OK,0.23655,6.258636886728199,63,46.31122608626047,244,5.981586048042119,25325,,,
0207,OK,0.3040355805243446,3.8514982599858336,53,45.452838057823996,184,3.5508555687839953,28558,,,
0208,OK,0.102425,6.505817264665202,68,91.80929789216005,255,5.965301252734142,10058,,,
0209,OK,0.16903125,4.857151660812226,55,70.16614644052498,248,4.352031394275161,12996,,,
0210,OK,0.21089166666666667,7.049538335901793,52,65.06100767744184,238,6.89043523586135,19185,,,
0211,OK,0.2217125,3.5914754468061116,53,64.30686764209884,235,3.185811308059463,31706,,,
0212,OK,0.08393248175182481,5.335108888647317,58,75.08843537414965,253,4.671034094111017,7098,,,
0213,OK,0.33097769028871393,6.713724945976487,86,63.31416549789621,255,6.369086166576722,44472,,,
0216,OK,0.06838345864661655,7.031519149715961,107,115.01523344497801,255,5.28943578182729,5323,,,
0217,OK,0.03823308270676692,8.978039986889545,122,87.7222993133461,255,6.7659951856075,2631,,,
0221,OK,0.18207361963190183,4.928903564930251,78,63.833655860748166,255,4.277478902953587,12640,,,
0222,OK,0.19753731343283581,3.511396549552953,48,70.7863774450541,241,2.946592692221475,17844,,,
0223,OK,0.11635767790262172,7.502776213084413,77,68.3758666850335,243,7.097422881686841,10244,,,
0224,OK,0.20910071942446043,4.3920092895234815,71,68.51396279619776,247,3.647799088771311,18144,,,
0225,OK,0.12926666666666667,8.7279310641224,92,55.21882895643519,255,8.558889678030303,11264,,,
0226,OK,0.24223101265822786,7.852091362379428,84,50.64066317262116,221,7.558185735471054,23826,,,
0227,OK,0.2716231343283582,3.6692423930214986,61,86.07140783620638,238,3.373954183908935,25857,,,
0228,OK,0.31813432835820893,4.64683517084995,40,61.56588139797891,243,4.449931689399539,29766,,,
0229,OK,0.18587412587412588,7.265362427890644,52,39.32723114585123,243,7.027334274646103,18414,,,
0233,OK,0.05174,9.642314134776447,97,75.02665232460858,251,7.3654970760233915,3192,,,
0234,OK,0.2588825757575758,6.842083871859276,56,46.994284156636255,225,6.6622921648223326,35966,,,
0235,OK,0.2517134831460674,4.020955002541879,52,42.555930945022126,210,3.5899442823029983,22614,,,
0237,OK,0.27760309278350515,3.6082794334581543,48,104.98231989883493,255,3.382296460428385,29335,,,
0239,OK,0.24097736625514404,3.7825499153253923,43,57.61618571280119,225,3.4012177938808374,19872,,,
0240,OK,0.11467557251908397,6.765795750818217,56,52.64875370941203,205,5.616652617776529,7118,,,
0243,OK,0.1525,4.448663618452845,99,57.98146141445762,246,3.5953393166430483,14819,,,
0244,OK,0.06515,7.046132855802848,50,80.49964343655844,252,6.48250162022035,6172,,,
0247,OK,0.1656928838951311,8.542947558770344,99,77.61920527323876,249,8.116362685493888,15297,,,
0248,OK,0.0676123595505618,11.022342242533352,86,66.38443513860017,255,10.638999595679547,5771,,,
0250,OK,0.2584868421052632,3.9256687149280682,59,73.12441960192825,214,3.3023741047764057,23644,,,
0251,OK,0.2216600790513834,3.9056704707560628,42,52.87784379443429,223,3.5132335394294394,18438,,,
0253,OK,0.2281231356640019,2.131596840838956,43,59.064975550437204,216,1.6328108054816128,16905,,,
0254,OK,0.2950708762886598,4.789562179277214,81,55.788723854790305,225,4.518150808180382,42606,,,
0255,OK,0.17188333333333333,3.861647112059213,43,73.5076344583761,198,3.4149216157455085,17478,,,
0258,OK,0.24970973782771536,4.185433774544728,42,33.60563327551135,158,3.795074486250957,22644,,,
0259,OK,0.18604477611940298,6.7826748228372775,75,109.54876837504966,224,6.415356299763934,16662,,,
0260,OK,0.232075,1.7052317857014614,31,33.140034653268366,122,1.3259320401705874,24230,,,
0261,OK,0.24878277153558054,6.038502070003764,144,59.553654077859484,254,5.834820979402929,23191,,,
0264,OK,0.2676127819548872,3.2842710308819743,48,47.70291045350717,192,2.9229527658836556,24989,,,
0265,OK,0.15333333333333332,6.102528089887641,52,52.051405968916804,207,5.6275659017115185,12114,,,
0267,OK,0.1268867924528302,8.12817843866171,94,72.64319827120475,247,7.728087370484458,10713,,,
0269,OK,0.21495,4.590633480654415,87,65.26085811944037,248,4.003914414927983,17542,,,
0270,OK,0.205425,4.477357240409449,62,65.57747852625617,248,3.85692783539258,20153,,,
0271,OK,0.12035984848484849,4.885103592971413,42,66.64203179387806,255,4.525080212204962,10493,,,
0274,OK,0.16368888888888888,6.094126165263825,55,69.163088342102,255,5.545705980300849,11811,,,
0275,OK,0.22468333333333335,5.6755680834755085,62,57.60080827188891,235,5.443623154070916,21105,,,
0276,OK,0.2833583333333333,6.585203266378457,70,80.08113461322294,243,6.3359963329186035,30542,,,
0277,OK,0.20759157509157508,6.814622024203391,59,45.90052505267862,244,6.524023468470849,18919,,,
0279,OK,0.0910586319218241,3.256185536278543,37,37.47932233152359,216,2.7446195374626106,9138,,,
0280,OK,0.24804307116104868,4.696098045877216,70,73.6868263000826,251,4.231558400290526,22029,,,
0282,OK,0.34180357142857143,2.9851888616059767,37,37.04618501134956,191,2.673647519732673,34714,,,
0283,OK,0.1249624060150376,6.338623144805455,60,61.75179011284872,233,6.071229520747206,10885,,,
0284,OK,0.15895131086142322,4.660108388312913,70,32.175083125519535,196,3.7875761386895515,13517,,,
0286,OK,0.07644648829431439,6.63064639615006,58,44.29002236164299,222,6.071236368786291,7061,,,
0290,OK,0.278425,5.725050632027377,59,64.64057790250494,228,5.439845513133711,28654,,,
0291,OK,0.1355953987532935,3.511216429699842,52,48.51130770946398,231,2.6241236456341617,8368,,,
0293,OK,0.1870863309352518,4.003589053387169,51,66.36846394383232,232,3.3591399100356756,17192,,,
0297,OK,0.09064,6.69976463665784,57,64.44815401307879,251,6.282255291979765,6787,,,
0298,OK,0.23818791946308726,5.576089508781816,113,55.33897527383784,251,5.148581782702627,23915,,,
0299,OK,0.4203148148148148,4.207531098089322,80,41.89015962261338,227,3.853306787145519,39177,,,
0300,OK,0.0961283185840708,10.05650172612198,61,88.06546322359564,230,9.830796503453756,5453,,,
0302,OK,0.2527902621722846,3.1836061930513373,67,51.28267044267896,250,2.8501530322544903,24069,,,
0304,OK,0.3362352941176471,7.09343257628772,110,59.312655086848636,188,7.208305786135802,13613,,,
0305,OK,0.318525,10.324163461790022,122,110.95182019394205,255,9.910341202007869,19656,,,
0307,OK,0.1751,4.854337204137319,95,60.628992066378416,243,4.656378160550623,18694,,,
0310,OK,0.344775,3.775836092781927,69,56.441400536711306,235,3.519222231282902,36789,,,
0311,OK,0.15324626865671642,3.630711792873955,46,66.81086384935149,243,3.4506003338179077,18573,,,
0312,OK,0.383515625,3.987295443742785,62,99.0157183288979,255,3.766021580533834,45782,,,
0313,OK,0.10929140127388536,5.9570918627522405,53,105.73691000807463,255,5.516660673618603,11124,,,
0315,OK,0.35677254098360656,6.425327627963968,90,95.83026171171889,239,6.081477298868603,31878,,,
0316,OK,0.1760946471031723,4.591599701400781,52,87.39806850337168,237,4.319359510782105,12428,,,
0317,OK,0.29303289473684213,3.9780876046788354,48,113.90442556385847,242,3.6450465311971474,40009,,,
0320,OK,0.11193333333333333,5.566904903712527,39,106.5419930102011,255,5.199498993881154,8117,,,
0324,OK,0.2033052434456929,7.185035078831422,103,58.89602798704072,251,6.739880682676333,17656,,,
0325,OK,0.24848880597014925,5.319067998097955,118,71.74923247519509,245,4.939623567448977,23094,,,
0326,OK,0.6137730627306273,5.057129544737198,90,55.142435171694494,221,5.018149857878652,62388,,,
0327,OK,0.2386488324642938,6.4120910438119845,88,56.48534187728785,244,5.888605602769909,21180,,,
0328,OK,0.16857677902621723,2.252851218247797,49,50.23642581497665,202,1.7569270866713667,15603,,,
0329,OK,0.20927419354838708,5.244107257546564,63,76.30911949685535,244,4.963267844729814,18222,,,
0330,OK,0.19625,7.572186836518047,104,85.69818213236564,255,7.418874873700336,20454,,,
0331,OK,0.24599624060150377,4.122920964825145,70,45.26585313156998,243,3.6900217827209647,23107,,,
0332,OK,0.21432692307692308,5.680451894449202,58,105.3018064626191,247,5.42212915165092,20534,,,
0333,OK,0.24253333333333332,6.899040223566062,89,54.52426216041777,255,6.475419587847886,23535,,,
0335,OK,0.15988333333333332,6.205027971784982,59,70.73860442663387,254,5.974048846733295,15709,,,
0336,OK,0.12814166666666665,4.741562073226247,55,70.11469753304722,242,4.212445003142678,12728,,,
0337,OK,0.3243164794007491,2.8813503863883514,32,51.5255186175741,215,2.6304165006860534,30124,,,
0338,OK,0.2697067901234568,5.518061833648033,60,76.71519838838056,255,5.326843733883445,31024,,,
0339,OK,0.16110714285714287,6.888217690090889,124,76.71866973193126,255,6.633958333333333,16000,,,
0340,OK,0.21910377358490565,8.238550412630069,102,83.39971005738448,254,7.85994131176144,21015,,,
0343,OK,0.18272350993377484,6.962337093583413,100,58.68405468277844,255,6.616873209035764,17914,,,
0345,OK,0.39495833333333336,3.2579315680275696,52,48.67202901544889,252,2.6944211959048756,39429,,,
0346,OK,0.30077,5.010506366991389,60,77.26543006831324,247,4.725493815765184,27085,,,
0348,OK,0.10937739463601533,4.243191172607059,51,65.68766020298054,247,3.9420227460266206,9291,,,
0349,OK,0.09213273195876288,3.199874117071124,50,60.457687785513706,255,2.882445310807884,12312,,,
0350,OK,0.12882751937984496,6.624244703522628,77,85.39875794820459,255,6.3095671258194,11543,,,
0352,OK,0.3212744455369824,3.093276656039674,52,111.62797373521936,244,2.6259646380775616,20474,,,
0353,OK,0.12341666666666666,5.287711006076975,78,54.90885698894065,231,5.043360217200352,12523,,,
0354,OK,0.3292444029850746,7.22781319355905,108,81.9649352154463,255,7.1336949969861365,30415,,,
0357,OK,0.30534644194756555,3.268355258450625,49,74.84317980653017,170,2.1310850231234437,23425,,,
0358,OK,0.19061666666666666,3.3707994520707643,50,58.457858863744,244,2.6991957205552732,17697,,,
0359,OK,0.15152210884353742,6.0951980096152045,64,55.92702017418146,251,3.6880324543610548,7395,,,
0360,OK,0.153825,4.262888925004966,63,52.052688076737475,228,3.710566364636745,14237,,,
0361,OK,0.1254681647940075,6.506965174129353,100,76.88340471092077,255,4.603189396292844,9657,,,
0362,OK,0.11707865168539326,5.9850714438046495,59,106.0173072028506,245,5.64806838945445,10216,,,
0363,OK,0.07703333333333333,6.864308380210587,101,73.76843391479167,255,6.418387553041018,7070,,,
0364,OK,0.14449864498644988,6.098071392848212,116,70.74502924902855,255,4.309706525277894,7167,,,
0365,OK,0.2943258426966292,9.100941655532226,139,64.86574848074729,244,9.078297471895823,26212,,,
0366,OK,0.25843851132686085,7.990347389621096,102,83.787177556906,255,7.456005576657704,23431,,,
0369,OK,0.10719166666666667,6.442328124595092,63,66.98202612853947,238,5.989620628548696,9217,,,
0371,OK,0.2708614232209738,7.3082019727138645,84,83.75830422573796,255,6.962239198638135,23693,,,
0372,OK,0.28476666666666667,8.080387451714854,96,109.41420437774774,253,7.960028997924012,30347,,,
0373,OK,0.09655833333333333,6.2470872529558985,79,84.27977579564566,244,5.253399258343634,8090,,,
0374,OK,0.16407894736842105,6.458013518157864,101,51.51495356524477,226,6.059840212439622,14561,,,
0376,OK,0.18744166666666667,6.027045451177403,68,101.76128209598627,254,5.822385198473417,18953,,,
0378,OK,0.24174549549549548,7.247713544820733,83,58.9797127708553,249,6.599127094269797,16573,,,
0379,OK,0.27782142857142855,9.69853665852509,101,106.29754133491585,253,9.575586639732693,26237,,,
0380,OK,0.39157303370786517,8.00238322971465,86,89.70596593823741,234,7.7647149390934205,36805,,,
0381,OK,0.1754089219330855,5.5681713821482814,53,65.63897467108477,243,5.193911152531842,16095,,,
0382,OK,0.22661764705882353,11.999872758967312,129,83.59913723998822,244,12.15064485494593,21762,,,
0383,OK,0.12421992481203008,4.715215253083151,88,49.53751578435266,244,4.093761269383339,8319,,,
0384,OK,0.17434817488969115,5.217684727175122,37,88.5938696852657,251,4.895411985018726,14240,,,
0385,OK,0.16076666666666667,12.241792798396572,152,44.837652751850236,195,12.606095608648955,16449,,,
0386,OK,0.090975,9.456993679582302,102,48.33629132556555,241,9.177896917265748,8207,,,
0387,OK,0.21250936329588016,6.1763159440723765,62,60.60577776720885,255,6.022152495584932,19441,,,
0389,OK,0.3051923076923077,5.365126742502128,55,56.18194045867506,251,5.168640897755611,25664,,,
0390,OK,0.26411691542288557,6.409779452162311,53,49.73387419363926,217,6.268313348437126,18097,,,
0391,OK,0.3525737704918033,3.6658142310255575,43,45.58926054406266,210,3.3760879166558415,38491,,,
0392,OK,0.29124390243902437,5.329383357061106,50,105.94130906087615,255,5.024133683425719,20566,,,
0393,OK,0.3014044943820225,5.545666356011184,113,82.51609257025422,240,5.3435307388606885,29550,,,
0395,OK,0.21143877551020407,9.506426652510335,98,140.6573713427969,241,9.4257166379762,13361,,,
0396,OK,0.12577759197324415,5.742493740167077,52,51.71628234679011,251,5.181494963176162,11813,,,
0397,OK,0.315,5.689567901234568,51,50.76652473641525,236,5.48402986223351,34648,,,
0398,OK,0.38909166666666667,5.656986000157061,77,81.67054522637056,223,5.418171482857165,42807,,,
0399,OK,0.1039570461900559,3.2203669638224612,52,35.08142760986981,238,1.9155277886242352,5122,,,
0400,OK,0.18864695340501791,3.227473519213414,69,68.34530133521817,196,2.8074332298418576,18359,,,
0401,OK,0.41930084745762713,4.897310225186533,80,44.14822381942671,223,4.590382894724705,36137,,,
0402,OK,0.17979949874686718,4.762475606356286,74,95.00430850088614,255,4.337707974756167,18592,,,
0403,OK,0.27543046357615897,4.018574176484732,44,80.51100981019407,240,3.686875394269398,30119,,,
0405,OK,0.13279616724738677,4.660631901169783,57,61.56736142500795,244,4.020783780722619,11772,,,
0406,OK,0.17095,2.870088719898606,40,64.31812516333956,255,2.4917663373201595,11538,,,
0407,OK,0.24411985018726592,4.648780300705738,84,85.15304892148119,239,4.327737193157584,22039,,,
0408,OK,0.24984166666666666,3.135730407035567,45,95.67948618254665,255,2.9418726921478004,27262,,,
0412,OK,0.2670617529880478,7.45628364350626,123,77.87022617219527,255,7.286859475809456,22371,,,
0413,OK,0.09330882352941176,8.53574242935945,127,48.12061741410537,225,8.426276771004943,7284,,,
0414,OK,0.22038333333333332,7.758199097532078,94,108.58646343288368,255,7.532641032057164,23978,,,
0417,OK,0.15198501872659176,6.5845860029571215,105,57.16906633689604,224,6.1667518932476195,13689,,,
0418,OK,0.07603932584269663,11.32475475105693,138,55.350841279975135,245,11.586859026314368,6169,,,
0419,OK,0.22665922619047618,6.764654389477946,88,71.44779369553993,248,6.3111549266733675,25866,,,
0420,OK,0.17729477611940297,5.1546704549440525,55,81.30531177479949,249,4.9066682672108515,16661,,,
0422,OK,0.1313125,3.9918491194669206,56,63.5833423267861,245,3.814340471436113,14523,,,
0423,OK,0.05221354166666667,4.5843724023275145,40,61.43189693333944,222,3.8365384615384617,3952,,,
0424,OK,0.14546703296703298,4.142241107963487,59,82.46162192573541,243,3.5184926591803882,17187,,,
0425,OK,0.08831845238095239,4.329738837405223,52,59.07407709676542,254,3.4745697306475263,4319,,,
0426,OK,0.05977961432506887,3.924014336917563,70,56.269345964775205,255,2.523118957545187,4758,,,
0428,OK,0.3385,7.497616937469227,112,103.2634870244394,252,7.354225248726722,29517,,,
0429,OK,0.27322769953051645,5.5538181766112515,57,72.16779444776408,220,5.351387624023391,20863,,,
0431,OK,0.1748876404494382,5.355712603062426,131,43.252150427815984,238,4.809043393703659,16454,,,
0432,OK,0.16033050847457628,5.189509664006202,46,69.44871367870732,255,4.91109593859268,16111,,,
0434,OK,0.244925,3.2974153085411633,59,84.26548135394938,242,2.7272795638277874,26595,,,
0436,OK,0.10189176245210728,7.859498629063847,72,76.44250544371862,255,7.5008941877794335,6710,,,
0439,OK,0.1071041055718475,5.296210098797545,57,67.11299411833934,235,4.564163958725272,11694,,,
0440,OK,0.23779411764705882,4.596699285774916,55,84.02520305826363,255,4.297604261543982,24154,,,
0441,OK,0.12273184332007861,8.81078732582317,111,75.54946705741887,255,8.228463088043608,8439,,,
0442,OK,0.18859550561797753,3.202263926124516,36,57.928573626593426,207,2.8366576713989597,17046,,,
0443,OK,0.32639807162534434,7.097095914305207,71,60.481898023658836,234,6.751685940070914,43151,,,
0444,OK,0.21965201465201464,6.137899886044637,51,60.77369133397485,255,5.841074977869085,19957,,,
0445,OK,0.35943729903536975,2.8138763399979125,41,50.91715817918664,219,2.547645739910314,41032,,,
0446,OK,0.23166702533007583,4.213831666757736,63,65.96745529634023,245,3.6855266481434708,15836,,,
0448,OK,0.23236875,5.190071456108735,53,55.15935657040191,241,5.009552691432904,32975,,,
0450,OK,0.48022556390977444,5.313481812013987,60,81.87208279087709,178,5.256083710751929,48134,,,
0451,OK,0.16461666666666666,4.212108939961527,77,47.40323470928183,186,3.8421358096343585,17230,,,
0452,OK,0.18961666666666666,4.974378131317571,102,61.28143402642097,201,4.643845593590678,20595,,,
0453,OK,0.18514166666666668,7.292508739553795,113,71.27118210731926,232,7.148118090497574,18483,,,
0454,OK,0.19935393258426967,7.017112081787297,75,39.97481356738277,231,6.711958770642892,17722,,,
0455,OK,0.177687265917603,6.895628040961866,55,49.84066057107288,237,6.614229458692947,16337,,,
0456,OK,0.17451492537313432,8.02132777421424,84,63.212542753393905,254,7.685611067054366,15132,,,
0457,OK,0.17089285714285715,7.178353407028543,129,62.94875137445164,252,7.2086680053547525,15936,,,
0458,OK,0.14975,5.128770172509738,87,73.71597242641053,243,4.495696921302458,15028,,,
0459,OK,0.08165617128463476,6.739646795712193,71,78.00634058592134,254,6.453246318607764,9960,,,
0460,OK,0.3051505016722408,2.901285985678796,50,69.8277860672571,204,2.5600051589604695,31014,,,
0461,OK,0.2677985074626866,6.474513492174075,70,153.19492432349793,255,6.159805994279319,24123,,,
0462,OK,0.30959745762711866,3.8755065885018665,46,51.55988243437226,240,3.6112771773843284,39141,,,
0463,OK,0.19328717201166182,4.616300262704727,70,66.68302298196318,240,4.321907340290817,22901,,,
0464,OK,0.17181063122923587,3.508395372071288,41,55.90361433700383,199,3.1755567063697567,17379,,,
0465,OK,0.2370788770053476,3.747944098269753,46,62.29547399379087,245,3.503240695805968,30909,,,
0466,OK,0.3671928327645051,6.328840865961814,100,61.98253443897616,247,6.037075591179583,38426,,,
0467,OK,0.1502808988764045,7.452668743509865,92,103.91019651056014,255,7.274235392121861,14005,,,
0471,OK,0.1967378048780488,8.34299292318818,96,63.641835671782154,232,8.106707251257475,15441,,,
0472,OK,0.10078007518796993,7.459541794895707,80,75.4768195769795,254,7.171920975199663,7930,,,
0473,OK,0.13809278350515464,6.639749491933142,80,70.56678228973546,232,6.2214563449982325,13202,,,
0474,OK,0.42572916666666666,3.509966560639426,52,56.25724046193845,212,3.3421994794026455,37521,,,
0475,OK,0.21141385767790263,9.183533371717083,84,59.77096765256488,254,9.109774436090225,19950,,,
0476,OK,0.16347627737226278,4.247325631151049,44,74.84436591298278,232,3.8082253724931605,14743,,,
0477,OK,0.2686064189189189,5.117588487459255,64,100.08415226085584,251,4.8992841066896515,27844,,,
0478,OK,0.28065400843881855,3.1781928888220703,70,53.33777165146494,197,3.0117623940261637,23748,,,
0479,OK,0.20760526315789474,6.605287249475359,67,95.02983036837774,255,6.486483027801772,20838,,,
0487,OK,0.21532894736842106,7.742219894373881,57,88.56878151612787,247,7.694158758549875,20127,,,
0488,OK,0.12099166666666666,4.852055926716716,51,85.70206956703103,255,4.671595414121933,12444,,,
0489,OK,0.31411625148279954,5.093232170649089,74,90.00062367011519,255,4.618106248931329,25343,,,
0490,OK,0.3324126637554585,2.8424688276571755,47,87.81291665985293,241,2.565034476107816,27652,,,
0491,OK,0.20419166666666666,9.592145179501829,134,79.30444586391894,255,9.365848336061102,21385,,,
0492,OK,0.21798672566371682,6.428346696437633,95,122.55227694948181,245,6.30626617709023,16613,,,
0493,OK,0.12382783882783882,10.072425183651333,134,36.12584571862567,224,9.529137763479776,9947,,,
0496,OK,0.3983307453416149,5.309826852483513,63,96.23902617373165,243,5.2037559273881895,47871,,,
0497,OK,0.09902402402402402,6.62681324235532,54,57.326825542315916,249,6.5065221223338625,11346,,,
0498,OK,0.1223501872659176,5.26004438662279,66,71.43717438539966,255,4.547984897708315,11389,,,
0499,OK,0.05835820895522388,5.7488277919863595,50,57.1468470967401,240,5.053198226725776,4737,,,
0500,OK,0.34761194029850745,4.628846429082582,58,47.08366220544498,247,4.307329580619492,33931,,,
0501,OK,0.08666666666666667,5.903846153846154,52,64.32552830859237,246,5.151128896793637,6747,,,
0502,OK,0.18760791366906474,5.807129389959416,54,87.91120015940136,254,5.5577196879093345,17559,,,
0504,OK,0.2035,6.850778050778051,71,97.27450303410755,253,6.461436066087229,12771,,,
0505,OK,0.2501090909090909,2.742476010468159,50,54.59232049914331,235,2.355068568672042,24185,,,
0507,OK,0.23323,4.218439594677643,52,66.1673817876721,251,3.990637937523523,21256,,,
0508,OK,0.37976872246696036,3.4583611248054598,45,49.0503933093027,231,3.0546487569378304,30449,,,
0510,OK,0.159206008583691,5.070045378981893,67,99.26252945730499,255,4.492444727214888,12574,,,
0511,OK,0.3706465517241379,6.174002791022212,70,81.79398100586718,253,5.8978341008661355,29749,,,
0512,OK,0.030247395833333333,5.090543836992395,39,113.43682389641545,250,4.2524867724867725,1575,,,
0513,OK,0.21993523316062177,5.561831281779453,75,158.135960323918,255,5.176283860045147,14176,,,
0514,OK,0.04625,5.169713831478537,59,93.88972515611749,253,4.526180333688321,3756,,,
0515,OK,0.09796812749003984,10.451979124305273,124,70.5825530379989,255,10.28658211221935,8121,,,
0517,OK,0.30813868613138684,5.240386513482569,66,68.11008246733836,253,5.042332969408944,31142,,,
0518,OK,0.2472148288973384,5.030658412478692,75,77.97622685506715,255,4.511276409365581,22451,,,
0520,OK,0.13158333333333333,6.669136584336077,103,61.61393340370406,253,6.610539467881817,13606,,,
0521,OK,0.33610833333333334,5.523202671096455,75,68.56172149907323,244,5.201683481818003,33898,,,
0522,OK,0.2403,7.13715494520738,102,68.73055518991414,252,6.828129863451206,24631,,,
0525,OK,0.14416267942583733,9.796631264520412,82,93.57247349098974,255,9.391264726941353,10242,,,
0526,OK,0.11659733333333333,6.056993870643125,120,78.99616030138012,237,5.048830837368164,8881,,,
0528,OK,0.17653669724770643,5.143692347667923,52,78.6385724498417,243,4.883922514509686,13267,,,
0529,OK,0.1867696629213483,7.372888153607058,76,84.9253067443458,254,7.11103075594126,16593,,,
0532,OK,0.27452247191011236,5.6041815887308575,96,64.4736731155595,247,5.3899628905270545,26588,,,
0534,OK,0.22915730337078652,5.539157200838986,102,113.18462373166841,247,5.415800003054321,21827,,,
0535,OK,0.03296875,7.627488151658768,53,73.1536187860182,255,7.010308226168606,3266,,,
0537,OK,0.20038205980066445,4.354969742186852,45,52.06764027671022,172,4.089563750301277,20745,,,
0538,OK,0.14403558052434456,5.605560250492968,66,60.693208046643406,240,5.164623557053836,13052,,,
0540,OK,0.086765625,8.713308121735999,91,73.87642935765166,246,7.816952209197475,4436,,,
0542,OK,0.136750936329588,6.102453497660618,70,60.13103385939223,240,5.739153005464481,12200,,,
0543,OK,0.2680807086614173,5.498194857485529,47,51.65797058573036,240,5.264643964609826,23434,,,
0545,OK,0.13578125,5.1814985295997955,53,66.4578369727529,232,4.997392335045436,12655,,,
0546,OK,0.20167602996254683,5.631521116733986,65,78.05577774910765,217,5.424202803806203,18356,,,
0551,OK,0.11831111111111112,7.125093914350113,63,50.96681033034244,192,7.0227899432279,8220,,,
0552,OK,0.09159751037344398,6.662702906757267,45,59.05424993338662,251,6.622010250569476,7024,,,
0553,OK,0.024194756554307115,17.98671310629515,155,106.6290716716563,255,17.545848822800497,1614,,,
0554,OK,0.280658844765343,5.84440085324415,52,76.43468041771744,238,5.65483529485024,26765,,,
0555,OK,0.2374609375,3.1630750671711354,57,65.8062030064489,255,2.4800316852597533,15149,,,
0557,OK,0.20055833333333334,4.297198099749311,59,82.94148346589112,255,3.8533469845448782,20511,,,
0559,OK,0.33079545454545456,3.071166838428948,58,69.9732835229524,243,2.548487494682161,29774,,,
0560,OK,0.20717868338557993,5.37643112926817,67,63.36894876965455,253,5.054336905559277,23888,,,
0561,OK,0.1316198501872659,6.207417419553722,60,93.15974970258313,255,5.706493177573052,10529,,,
0562,OK,0.22685833333333333,4.873550551616892,58,132.96230746844586,255,4.588101279637663,24434,,,
0563,OK,0.3783250825082508,3.350547764959036,64,59.898845784614295,225,2.95759024623476,41830,,,
0564,OK,0.1294,5.8020350334878925,63,56.7874071521556,249,5.393703646076449,12854,,,
0565,OK,0.03895131086142322,7.737900641025641,67,91.99446609508963,255,6.758605851979346,2324,,,
0567,OK,0.1995813953488372,6.481725316554027,75,89.78227477870107,224,6.104738675958188,14350,,,
0568,OK,0.29113333333333336,3.016802152507442,38,56.16749349509389,216,2.9472430331337574,31901,,,
0570,OK,0.07694078947368421,3.830981901097335,43,57.48641253776495,222,2.6670229442781817,4678,,,
0571,OK,0.20016666666666666,5.46669442131557,49,77.86037368896298,255,5.394297314755006,21674,,,
0572,OK,0.2199,8.102382396038603,175,49.9122263527468,255,8.279385171790235,23226,,,
0573,OK,0.3191304347826087,7.172456857402361,69,100.9767294593444,231,6.952605859089649,26466,,,
0574,OK,0.21454326923076922,3.5412594667496626,59,78.79737028535804,249,2.587199458178124,11812,,,
0577,OK,0.15596698113207547,4.92476939361863,58,69.61031473253789,254,4.248138191032416,10787,,,
0578,OK,0.12440647482014389,9.32945400221676,103,76.82813987086526,233,8.670573848723455,11176,,,
0579,OK,0.32995,2.905162398343183,68,63.93633974247361,241,2.490823516306013,35907,,,
0580,OK,0.15528619528619528,6.832447961838682,69,120.90157645089286,255,6.701308595500582,14876,,,
0585,OK,0.2376310861423221,4.515124052694485,57,59.85904946717268,238,4.150230275575689,22075,,,
0588,OK,0.13625833333333334,6.866695207224838,82,79.5498557632008,240,6.626164642763047,13917,,,
0590,OK,0.384456106870229,6.191018672490961,68,36.57756282069169,219,5.982684456109653,36576,,,
0591,OK,0.14159821428571429,7.698026357273473,84,110.57262076880137,255,7.494985551589325,13727,,,
0592,OK,0.19277385159010602,1.736351694009104,47,67.9259559193679,253,1.1095581521030171,17887,,,
0594,OK,0.3329375,6.1667527063387775,104,67.00972469471252,255,6.085936523022284,39983,,,
0595,OK,0.19080833333333333,7.296487167168916,80,61.878640893346926,255,7.027960037093416,19051,,,
0597,OK,0.16230769230769232,4.462421011058452,66,75.06412228344047,252,3.984676477458538,14270,,,
0599,OK,0.2733965517241379,6.84691303525257,66,74.54799927231885,249,6.692587155963302,27250,,,
0600,OK,0.22355833333333333,7.886805581441583,140,63.04923815554578,254,7.480634214033497,24261,,,
0601,OK,0.10465992647058824,3.4363748133836833,54,46.87680973449813,230,2.5089627151051626,8368,,,
0602,OK,0.24946969696969698,4.610790565846745,83,98.37827349909716,255,4.185151595309174,26463,,,
0604,OK,0.46695286195286195,3.680192522623211,80,57.91375317141985,232,3.2387183491134786,50591,,,
0605,OK,0.18704119850187265,9.996946335602724,154,70.03901379034983,244,9.893111687883657,16182,,,
0607,OK,0.2962078651685393,8.1530899320373,101,57.57173329785583,250,8.12155822464569,27142,,,
0610,OK,0.06230240549828179,5.85870564441993,72,87.18817263409926,212,5.04257528556594,4815,,,
0611,OK,0.2842202572347267,6.878468195831094,76,115.93513620760007,253,6.542147929500342,31168,,,
0612,OK,0.05403125,6.106612685560054,59,81.8565321044344,223,4.529395528567486,3623,,,
0613,OK,0.2824237288135593,3.975404589009582,69,50.26318192912425,188,3.727082111118354,30682,,,
0614,OK,0.0499812030075188,7.661777610630563,55,118.91247370121947,252,6.3260379360657915,2513,,,
0616,OK,0.1026438053097345,7.835686316772641,81,77.15849163595124,246,6.803674626540181,6114,,,
0618,OK,0.035643656716417914,7.880921224810259,73,68.81281175738464,234,6.280274656679151,2136,,,
0621,OK,0.04265873015873016,8.033953488372093,62,60.746466321243524,246,6.891850135187331,863,,,
0628,OK,0.2144266917293233,4.310424428373146,63,73.60166297780702,255,3.9290719073426867,19743,,,
0629,OK,0.12640833333333334,4.6546025886127405,45,63.57167250145472,241,4.4632508576016345,13701,,,
0630,OK,0.19316231343283582,8.335796268572624,118,94.30260637662393,254,7.227010583687179,15779,,,
0631,OK,0.26265625,6.9687170335117985,60,89.96094087730451,250,6.729953586173296,38997,,,
0632,OK,0.4892657992565056,8.061113749327255,116,68.82275801413277,255,7.620571412208549,46563,,,
0633,OK,0.08633895131086142,10.950077721143765,78,65.23934453109788,239,10.813263076725356,7781,,,
0634,OK,0.18087078651685393,8.64010974789046,90,69.7690713243335,232,8.467819277638467,15154,,,
0638,OK,0.3186748120300752,3.8722682631904917,76,82.15801985479058,245,3.1877618042290807,29841,,,
0640,OK,0.06946864111498258,5.543949843260188,54,86.49553319291677,243,3.9982477100756673,4185,,,
0641,OK,0.1271153846153846,3.891578416540595,81,104.10913074343345,255,3.055574745730186,17370,,,
0642,OK,0.5429666666666667,5.150275236867416,104,87.83057399168551,255,4.918887510755031,59662,,,
0646,OK,0.03356666666666667,6.512744124462099,91,66.23193816898332,248,5.405075187969925,3192,,,
0647,OK,0.3409732142857143,4.075379472273866,60,46.311412481427794,168,3.8551266921873952,34743,,,
0650,OK,0.3046083333333333,6.0447934050100764,61,44.9790286049828,195,5.860076006038836,32015,,,
0651,OK,0.282625,4.502550493881763,67,87.14517434318793,246,4.175074499787144,31320,,,
0652,OK,0.30711610486891383,8.35435975609756,89,59.48327477477478,230,8.244257830723996,30723,,,
0653,OK,0.17979166666666666,5.167833140208574,50,40.78246380492761,228,4.960166003333674,19598,,,
0662,OK,0.221925,3.808931946478415,52,62.75198049316868,209,3.50558341098342,22537,,,
0663,OK,0.311750936329588,7.298513290283826,95,75.45808221662925,254,7.076069468105243,28176,,,
0665,OK,0.2771067415730337,8.466644140339021,122,97.8189409148803,255,8.269745801180209,26436,,,
0666,OK,0.13036666666666666,6.336785135941362,70,128.77027035659984,247,6.1773971254183895,13544,,,
0667,OK,0.06152621722846442,10.529904124182012,99,102.34690226049014,255,10.252099786887301,5318,,,
0668,OK,0.059073033707865166,7.283087652559836,76,68.86637609338149,255,6.917722354183161,5052,,,
0669,OK,0.22719166666666665,5.82425509542848,70,50.981244451153984,234,5.32892046541047,22661,,,
0670,OK,0.271825,5.580183328734787,99,49.04058853373922,236,5.206122522392892,27799,,,
0671,OK,0.271825,5.728501793433275,61,49.261387868453475,247,5.27180833842944,27799,,,
0672,OK,0.216797583081571,3.7609973058342625,58,119.00713945893123,255,3.375053625053625,24864,,,
0674,OK,0.23278645833333333,4.465096766976171,49,76.53755812769424,255,4.038104321366124,14679,,,
0675,OK,0.564725,7.415944830571418,90,118.82088590227123,255,7.170691203633098,59013,,,
0679,OK,0.32581460674157303,5.568133268193618,82,63.987870875750545,249,5.3406381559751575,31988,,,
0682,OK,0.14365833333333333,5.479320146180173,101,119.2971263417055,255,5.155765784160257,14693,,,
0685,OK,0.2889583333333333,7.520999759673155,116,58.490856528957906,247,7.209965746092914,31140,,,
0687,OK,0.2865666666666667,5.9570780504827265,112,69.38392982292201,255,5.574182778938525,30153,,,
0690,OK,0.3324438202247191,4.73566164389992,86,103.73270215302615,252,4.3789555972482805,31980,,,
0691,OK,0.180925,3.4128168516727313,56,46.68229065985682,155,2.708232312100507,18148,,,
0692,OK,0.2967434210526316,9.222673022207442,88,42.30356268612501,209,8.741372065929449,34906,,,
0697,OK,0.376925,4.388258790062863,91,56.190190230353934,185,4.116799688534164,41096,,,
0698,OK,0.47839887640449436,4.524181394711604,51,43.067388299495576,181,4.506434912780423,48097,,,
0700,OK,0.370888671875,4.724189683772611,98,92.45536393412087,255,4.198212195601959,32181,,,
0702,OK,0.46911516853932583,2.3994940271249363,54,64.25534185207721,162,2.2014002721263353,62226,,,
0706,OK,0.27426666666666666,2.825838599902771,64,63.148933645661096,255,2.537103661611916,29741,,,
0707,OK,0.34244166666666664,6.251729816108178,51,88.79523151727139,235,6.153465905635626,38369,,,
0709,OK,0.24445017182130585,4.108116023523348,58,58.48457765750195,202,3.9348321535821538,24864,,,
0712,OK,0.07645,8.923225056318582,100,91.16991800961267,251,8.805730438134395,7783,,,
0714,OK,0.1303,5.51997527074273,89,137.87823387374956,241,5.1849169262720665,12840,,,
0716,OK,0.08707089552238806,8.738375830297835,120,123.41138223012419,248,8.554518794988002,7502,,,
0718,OK,0.1605075187969925,2.4549322715384316,41,50.22352835807528,151,2.1018307950290582,14511,,,
0722,OK,0.19031666666666666,5.722304930379193,71,75.71520073005222,249,5.453542392566783,20664,,,
0723,OK,0.22399812734082397,13.609079128871796,131,68.43587887270694,255,13.659538804537096,20483,,,
0725,OK,0.24842696629213484,4.594502236293281,129,72.42993887144732,255,3.8518598928933274,23030,,,
0730,OK,0.34668333333333334,5.483438296235758,96,52.79429747357501,180,5.412100846219142,38091,,,
0731,OK,0.4441635687732342,4.988896328534762,78,87.98781099518459,224,4.777489931586901,44777,,,
0734,OK,0.205225,2.554858488650668,57,65.72571115514873,244,2.0721960349369195,28852,,,
0735,OK,0.06737827715355806,6.477950713359274,80,82.30782900285129,250,5.8764732043584615,5996,,,
0737,OK,0.24493445692883895,4.180511487442181,82,77.7479197926613,254,3.748953244940684,22928,,,
0743,OK,0.3990997229916898,8.422927873214183,105,45.90977296300565,207,8.413711980136561,53700,,,
0746,OK,0.3637453183520599,3.789813289401428,61,58.15174927399733,243,3.474364161849711,34600,,,
0748,OK,0.26114166666666666,6.037793449702694,73,65.15867197515686,237,5.721297370094646,26731,,,
0750,OK,0.21273333333333333,3.222095999164316,80,76.12341575634403,209,2.6755865904333427,21338,,,
0752,OK,0.24944649446494466,4.199543885601578,59,97.63473041625697,226,3.9464095670195487,23804,,,
0757,OK,0.19323694029850746,3.6679700699975863,65,119.89635582278237,255,3.153045921369858,17559,,,
0758,OK,0.2944569288389513,3.216855337912321,99,75.70866953321301,255,2.6190681880901816,27781,,,
0759,OK,0.2761380597014925,5.6833434677837085,58,69.09239928864146,214,5.39443535188216,26273,,,
0762,OK,0.25608614232209737,7.696234003656307,79,80.7240276903713,248,7.525559968657967,24674,,,
0765,OK,0.1970219123505976,5.359452673440844,79,58.53792530296828,252,4.859257069662036,16915,,,
0766,OK,0.33403333333333335,4.191996806705918,64,72.20728987659264,213,3.6842588343276734,26148,,,
0767,OK,0.19056666666666666,5.108725438749927,73,49.779152768054466,203,4.631074958813839,19424,,,
0769,OK,0.2695522388059701,2.7588016795865635,49,71.19917671298188,255,2.3733846073353213,25484,,,
0774,OK,0.25911666666666666,5.001908192362943,84,62.32549734176171,252,4.579576893722572,27952,,,
0778,OK,0.2332079646017699,4.8777788318628845,78,109.86186368139107,255,4.391079009759056,18137,,,
0779,OK,0.34384297520661156,6.351410086928654,126,49.17056594663812,221,6.469397844500841,30341,,,
0782,OK,0.2997053872053872,3.0050180218134157,56,72.15464070356792,255,2.6599330810844615,31979,,,
0784,OK,0.37642430278884464,5.17652298926609,62,93.41137572475921,247,4.529757688923229,31062,,,
0786,OK,0.19165289256198348,5.176081644386948,60,40.17325256449579,255,4.503428512946474,6514,,,
0792,OK,0.5193632958801498,2.1938835604913343,51,79.27101353281904,179,1.9756459373347264,51682,,,
0795,OK,0.20864942528735633,3.7664998699291496,40,58.81321842558634,251,3.620342598147037,20004,,,
0797,OK,0.20512867647058824,7.361486991068495,70,72.0648844075453,253,6.9882139268877035,17252,,,
0798,OK,0.333325,4.976055651391285,59,108.82611467356658,234,4.843096319947604,48858,,,
0801,OK,0.4715452755905512,6.313970235237638,166,47.84335673886995,245,6.049625620417044,43049,,,
0803,OK,0.358974358974359,4.512440476190476,55,84.2642380952381,241,4.185117473889482,35554,,,
0804,OK,0.007819767441860465,13.75877736472532,98,107.69436712796121,255,,0,,,
0805,OK,0.26616220735785956,5.44347061225772,95,90.22476937041637,248,4.613742955826213,27505,,,
0806,OK,0.0029,8.050766283524904,32,71.54399146413488,235,,0,,,
0807,OK,0.04589583333333333,5.271977606294447,62,73.84085202087473,231,4.191935929301298,2414,,,
0809,OK,0.22856617647058824,4.824227476632173,58,63.63676944828353,236,4.190145684442001,14552,,,
0810,OK,0.155,3.0485775971551945,41,69.64626333690538,228,2.443057195883246,11854,,,
0811,OK,0.26381340579710144,5.36588268955651,51,56.481152465907925,249,5.164691678805297,25401,,,
0812,OK,0.3505333333333333,8.306849879548624,91,66.92217973722029,242,8.012654692709152,38194,,,
0815,OK,0.5684615384615385,4.650293188994136,73,67.80805109922757,221,4.547602982954546,56320,,,
0817,OK,0.1720926517571885,5.035242427055293,53,73.53604942082956,254,4.739154713293547,19102,,,
0819,OK,0.15420674894438693,7.344346383042921,87,99.0360921626875,242,7.2902824436978975,10716,,,
0821,OK,0.12919260700389104,6.888989282935522,59,74.92898714239435,239,6.473733735682534,10273,,,
0822,OK,0.11130673766479152,4.778472222222222,66,78.04599178545543,249,4.054660856384994,10556,,,
0824,OK,0.23349384697699305,4.932312353600163,87,76.19700001551182,255,4.461779002904737,22492,,,
0828,OK,0.3569584837545126,2.9437603768973393,151,51.47508503043318,183,2.4021178791431708,35822,,,
0829,OK,0.3430112260620735,2.7102469215027774,42,32.55519817737126,193,2.326637031279099,41167,,,
0830,OK,0.291455223880597,3.1080740835573764,64,69.86978864956905,205,2.583747623921626,27356,,,
0831,OK,0.28346230158730157,3.9488444802202545,77,56.118930593822256,211,3.400746895971998,24189,,,
0832,OK,0.2503163580246914,3.97928547208779,58,69.35978138926913,250,3.606509932828355,27988,,,
0833,OK,0.2531203007518797,2.721809660544251,47,52.73506037370738,209,2.3933078844431876,35365,,,
0834,OK,0.20616568914956013,4.080106207697687,73,72.39205509224627,230,3.6094921360770456,24055,,,
0835,OK,0.35009615384615383,2.8818929476029176,62,47.20246256020779,224,2.5789235757939304,38343,,,
0836,OK,0.17213933806598486,5.322043309272626,114,50.887929104216525,222,4.869253140275973,16161,,,
0837,OK,0.20494769874476987,5.503104850371732,63,84.0837686002605,251,4.651083646784882,13027,,,
0839,OK,0.3746833333333333,3.6867577065077177,70,51.10647049939142,229,3.4233219255077314,40031,,,
0843,OK,0.2501966292134831,3.004166510734379,75,44.26090485645425,193,2.380900109769484,23686,,,
0844,OK,0.3129273504273504,4.983486969386594,71,95.14504224330068,255,4.564190889035105,25837,,,
0845,OK,0.10819,6.109036571463783,62,87.48325689702216,255,5.520095211938112,7282,,,
0848,OK,0.18857291666666667,4.825848386087021,59,53.293250488893456,239,4.445769035476963,15099,,,
0857,OK,0.28800796812749,4.784098768847697,73,56.29046126872214,246,4.502499111990663,26276,,,
0863,OK,0.3787083333333333,2.6595958484615103,50,60.55082377663023,224,2.235215522249332,40166,,,
0868,OK,0.302675,5.565361636518818,79,51.406750797691174,234,5.268308544497491,43568,,,
0870,OK,0.25279113924050634,7.820084624821612,68,68.94158852777001,230,7.788778472989,32604,,,
0874,OK,0.07855327144120247,5.956090983702661,55,97.85831659120214,191,4.920971302428256,3775,,,
0878,OK,0.19212624584717608,4.274165657962995,71,80.79193568285561,250,3.7685700678261154,20297,,,
0882,OK,0.25132882882882884,4.397377303820534,70,60.84561234619897,255,3.866698843424322,18647,,,
0883,OK,0.09913,4.469013752984297,46,101.87545372806288,255,3.815980024968789,6675,,,
0884,OK,0.36962494732406237,3.4347181685516235,72,94.21430417769696,254,2.8867835645119078,38210,,,
0887,OK,0.23752808988764046,5.703970881951014,58,84.29014801715951,210,5.388117144747128,22172,,,
0888,OK,0.24282392026578073,3.656815797874766,66,77.67495210097553,255,3.2305049536593162,25032,,,
0890,OK,0.15262544802867384,4.405702655629269,59,83.37110197003183,224,3.760454888489864,12809,,,
0891,OK,0.174575,2.69891959838974,53,111.8571274730526,239,1.9449734235784482,17434,,,
0895,OK,0.08846,5.376705102117718,60,80.87754422917992,255,4.458102279728897,6492,,,
0896,OK,0.31950833333333334,3.4217504325221912,48,49.27798119823493,240,3.2144149236856983,35380,,,
0897,OK,0.114625,4.639864291772689,61,61.55245266443911,230,4.011949685534591,11130,,,
0898,OK,0.27505833333333335,3.2459276315125076,59,45.946815644170606,221,2.830553641167011,29020,,,
0899,OK,0.2557333333333333,2.8375369308307263,67,42.895736295234684,202,2.5354862119013064,27560,,,
0906,OK,0.11930711610486891,5.449903207241145,67,65.42605271924415,246,4.85093801590875,11105,,,
0907,OK,0.1705859375,4.97442943286772,57,55.659031800603884,250,4.460415479131041,10526,,,
0908,OK,0.2292763157894737,4.675985516157683,61,40.45180171940736,210,4.2209701286241605,20499,,,
0909,OK,0.34860833333333335,2.805337094319477,56,49.00087419669852,192,2.547254804201982,38109,,,
0910,OK,0.3254681647940075,4.658870349060223,56,48.914121784193966,254,4.296310926767178,30378,,,
0911,OK,0.25406222222222224,3.4636018006670866,47,106.0790374730888,255,3.0674222851904327,11999,,,
0912,OK,0.3165833333333333,3.599271738176713,63,53.80556436206967,255,3.351401616990932,34591,,,
0916,OK,0.3208162629141432,5.690206012654567,87,106.01425519475907,251,5.464240693576188,25914,,,
0920,OK,0.11567669172932331,7.944209728090131,52,78.25122575068373,209,7.969659111190434,11206,,,
0921,OK,0.3320910780669145,5.944075970857937,87,82.94379896197142,241,5.832405109268115,33038,,,
0922,OK,0.38071666666666665,4.5177297202644136,57,79.6663975383732,237,4.33353887505435,42165,,,
0923,OK,0.33471666666666666,3.2587262859134594,41,54.075506676353434,189,3.0574209378905217,36543,,,
0927,OK,0.30322,2.4098564298748983,44,85.84040395342384,223,2.1138956582887767,27493,,,
0930,OK,0.17287453183520599,3.711296466807489,78,76.80017055895793,247,3.4977166169396576,16423,,,
0931,OK,0.19857142857142857,4.100482771677395,60,95.79946914970135,255,3.746712777837818,18506,,,
0932,OK,0.3984666666666667,4.716294406335397,98,40.654143115741256,210,4.5379680841418075,44116,,,
0933,OK,0.48467296511627905,4.807310331728919,63,78.06967145684375,248,4.662322645662609,62845,,,
0935,OK,0.31643333333333334,3.7077934618490818,67,57.328822678435,200,3.52595792565467,34954,,,
0936,OK,0.4696175373134328,3.202279032503691,61,26.21017640747841,112,3.1203842205601995,45460,,,
0937,OK,0.25959166666666667,3.219500711587643,42,72.23685503869862,195,3.0048630325679446,27829,,,
0938,OK,0.3370916666666667,3.2242136576763656,59,35.89839805235348,148,3.009059713030526,35358,,,
0939,OK,0.16984166666666667,4.678982058453134,64,73.64463606340156,241,4.343174713442167,17274,,,
0940,OK,0.2353717472118959,6.514662139040248,62,49.55097195549829,214,6.2790518569228135,23372,,,
0941,OK,0.27689423076923075,6.131958190089246,95,44.25416982478536,240,5.55068148736271,25190,,,
0942,OK,0.1854868913857678,6.409506983005216,106,107.91089014062919,255,6.331649155040095,17417,,,
0943,OK,0.3454333333333333,2.663297307729422,62,51.60088523365755,204,2.4523182273787665,37579,,,
0944,OK,0.5193416666666667,5.18760931307264,69,99.88514017233308,254,5.092642365685844,56925,,,
0946,OK,0.27754681647940077,4.921946337404134,75,50.655667591176545,190,4.751102376092927,26458,,,
0948,OK,0.2274169435215947,3.1808309898591483,43,47.25503391780174,206,3.019073962024952,23138,,,
0949,OK,0.35854166666666665,4.444826651171799,51,45.30467467792573,223,4.259717051377513,40290,,,
0950,OK,0.14213333333333333,4.098968105065666,50,56.56299865298933,246,3.8341715466758526,14515,,,
0951,OK,0.2619756554307116,4.292397869830944,54,39.175676532903665,198,4.103095210074144,25491,,,
0952,OK,0.22158991228070177,3.4163656456694214,49,73.50449117963309,249,2.9696250410081246,17273,,,
0953,OK,0.3344682835820896,4.3937433179937715,87,47.49554512112505,208,4.005424824490972,32382,,,
0955,OK,0.35405,3.1998854524627722,63,42.74712525049238,225,3.01558550249368,39032,,,
0957,OK,0.4819083333333333,4.392536616576458,55,54.04981958362152,189,4.317588794701182,54855,,,
0959,OK,0.21544007490636705,8.396163819954511,141,102.65892518289554,233,8.07367400637031,19256,,,
0960,OK,0.33305243445692884,8.708584012744822,152,118.12755861294399,247,8.776219447112819,31230,,,
0961,OK,0.4293166666666667,4.243060677821344,55,49.84809633675029,208,4.145394816026281,47081,,,
0962,OK,0.25667774086378736,2.247217188713435,35,53.022027055212895,198,2.1303656411875447,28507,,,
0965,OK,0.287125,2.1561263483771103,52,37.592530247238294,154,1.9519925450857862,30405,,,
0966,OK,0.35930711610486893,2.6568770521707408,61,41.86383830707626,206,2.3145324755441967,34041,,,
0967,OK,0.3319146722164412,2.268436948093342,61,52.601363383850185,200,2.0660702073032637,29731,,,
0970,OK,0.11269778481012659,3.1120627120627122,79,56.2876108956355,248,2.4017887856897144,11628,,,
0971,OK,0.23295,5.5161097994324,102,63.93866472560821,242,5.4768907003383145,25026,,,
0974,OK,0.24864583333333334,2.821166736489317,42,41.17439576690235,254,2.6531896312174985,16794,,,
0976,OK,0.43283185840707966,2.7851240373475092,65,45.7908084984657,227,2.4740166109124466,34676,,,
0977,OK,0.4141285403050109,1.9490403416015643,36,34.077068962311515,166,1.5821446815199025,33932,,,
0978,OK,0.2949222222222222,1.847555538811237,43,61.28826344348666,173,1.5917762573913994,24409,,,
0981,OK,0.2154133064516129,5.358166814856412,56,47.132003957292085,243,5.006819344206399,17597,,,
0982,OK,0.11403846153846153,2.8395952782462057,66,72.95699008754794,254,1.8190443627660484,11699,,,
0983,OK,0.41725833333333334,3.76561282978171,64,44.37297830656809,169,3.6571416049436825,45634,,,
0984,OK,0.32700808625336925,2.943957734758922,56,70.00155246334356,247,2.4284254688149876,36866,,,
0985,OK,0.2660588235294118,3.4798560444149653,53,61.31278441220735,202,3.282680331947975,24783,,,
0986,OK,0.31650833333333334,4.489937951431856,54,78.1761217929179,224,4.266957074661428,35123,,,
0988,OK,0.2742354740061162,2.2312796208530807,36,54.473324203799294,192,2.1052786758575817,32786,,,
0990,OK,0.21559335443037975,2.0729147554218192,40,57.41046976436138,245,1.8347475251642957,24042,,,
0991,OK,0.31065942028985505,2.582507211557152,58,77.1591067567899,252,2.1147824148882823,35894,,,
0992,OK,0.14818773234200744,4.9068673565381,63,55.73981779499209,220,4.350531187546019,12676,,,
0993,OK,0.2836818181818182,2.680788335202692,41,50.08287750914821,221,2.377089288024748,28339,,,
0994,OK,0.47423745173745174,2.7814482370261815,52,45.938203381740074,202,2.588337398106036,45513,,,
0998,OK,0.35517045454545454,2.4112704930174136,51,107.06440769785557,224,2.155748612272831,52604,,,
1000,OK,0.21959079283887467,5.67050042705179,77,95.36349708330603,227,5.466430744807514,30236,,,
1001,OK,0.18941449814126393,5.650687732038009,71,148.47227095013702,255,5.399190660363844,18616,,,
1002,OK,0.26283088235294116,12.742730140967657,193,117.04328407006578,241,12.977596204533475,18970,,,
1003,OK,0.4645665322580645,5.339394596940436,63,49.171552292196175,179,5.242259736342929,41999,,,
1004,OK,0.24319128787878788,9.554625339096349,116,59.15960743586214,252,9.072486488100571,22326,,,
1006,OK,0.03296204620462046,4.745765540258657,52,53.29626153605506,225,3.7632549562010142,2892,,,
1008,OK,0.18023628048780488,8.091033393947082,79,48.192128531979584,255,7.853450697630865,21358,,,
1009,OK,0.32428468208092487,7.508143757937657,92,53.102535313679574,244,7.164662815968004,40339,,,
1010,OK,0.1200398406374502,6.9939982298926875,57,80.2608170718824,254,6.739110810200858,10339,,,
1011,OK,0.14154761904761906,9.734386194436658,69,102.81684104018038,251,9.620088870154733,18979,,,
1012,OK,0.04936031331592689,4.254253724764172,77,70.52830991911452,240,3.288733655740641,5583,,,
1013,OK,0.5572742474916388,8.946181545386347,96,119.55429021089078,255,8.81308596046738,62362,,,
1014,OK,0.18051393728222997,6.9249304315655715,89,76.4035807547718,242,6.449295665032298,17132,,,
1015,OK,0.22485342019543975,5.479453377758462,86,63.267085486966145,198,5.226244933599197,25577,,,
1016,OK,0.26738636363636364,8.158804363224252,96,67.27015149164987,255,8.07909045445356,31327,,,
1018,OK,0.25355263157894736,7.467059579410384,66,43.35586697220753,190,7.3826024482577575,24126,,,
1019,OK,0.38632899628252787,10.50900109857506,117,102.3820377297532,246,10.267278531524342,37590,,,
1020,OK,0.21234421364985162,7.703710173281163,90,68.17424527828008,239,7.222112604650525,24327,,,
1021,OK,0.10279761904761905,2.3221110100090994,49,79.98335086705019,222,1.7030321046373365,10092,,,
1022,OK,0.42472741433021804,9.73146908713059,103,65.23393127101244,227,9.589132451867316,51732,,,
1023,OK,0.1717216117216117,7.812624431171786,53,55.77849150893331,220,7.5138283363516445,14909,,,
1024,OK,0.41580492424242427,9.45886568433199,122,154.0770344674804,255,9.458983811243886,40419,,,
1025,OK,0.2133445945945946,5.86997888624967,75,48.65682127263617,218,5.388180927041031,21423,,,
1026,OK,0.12318527918781726,10.220304934583291,93,70.45159422806941,242,10.10042760422853,16838,,,
1028,OK,0.23871863799283155,7.281758692741764,77,75.85407471054666,255,7.153589011972698,23832,,,
1030,OK,0.19197632740306667,7.633415388499653,66,59.31223343950764,246,7.461553055178554,22841,,,
1031,OK,0.1348421926910299,6.972507956062006,126,111.45613849821598,244,6.976135548036502,13004,,,
1033,OK,0.056497429305912596,5.100178212565882,62,69.83258746625434,249,4.271530180699731,6936,,,
1034,OK,0.41414826498422713,6.05402368892105,87,68.9534232560644,255,5.838154369085065,48641,,,
1035,OK,0.17974910394265234,8.735626453971419,150,63.14942830092492,252,8.47449852424191,17731,,,
1036,OK,0.171699716713881,4.715269757465765,42,58.72118289499185,231,4.464734299516908,21735,,,
1038,OK,0.14706270627062706,7.285046379413525,80,107.62870492183872,254,6.702742703852736,14414,,,
1040,OK,0.11688802083333333,6.724703872860273,87,107.48979942890563,243,4.95327744276119,6799,,,
1041,OK,0.31128355704697985,5.0690472982077885,67,68.50011571959315,255,4.902076855616679,33448,,,
1043,OK,0.12246031746031746,8.063188593648736,114,74.57942178408851,248,7.573353869849827,12985,,,
1046,OK,0.18583969465648856,6.8832409118915585,89,52.52268998171675,236,6.616442026297349,16174,,,
1049,OK,0.3546607142857143,4.978106171223335,112,69.68059898355423,255,4.441801585715237,35021,,,
1050,OK,0.2940455877849237,3.859983987643562,51,92.04590150388366,249,3.7572470318809135,44248,,,
1052,OK,0.17167910447761195,3.7271607621531553,75,62.27274126462153,239,3.008470414927572,16292,,,
1053,OK,0.09279863481228669,3.7912222630869192,98,87.36156778651417,250,2.1474247053688345,9164,,,
1054,OK,0.19825806451612904,3.8933452652131466,56,62.008529814114425,206,3.1897590361445785,20252,,,
1055,OK,0.24595238095238095,3.7413433613820835,48,47.7059904625424,207,3.599248941690564,24410,,,
1057,OK,0.1952265625,4.851601371270026,81,49.66603566609391,245,4.534045393858478,20972,,,
1058,OK,0.20792322834645668,7.981001972386588,105,59.93492388940665,239,7.743074633699634,17472,,,
1059,OK,0.04017,6.484607086548834,81,62.0714536254684,192,5.3865884939538295,2729,,,
1060,OK,0.427125,4.859379572724612,56,99.24129431635433,253,4.751723857490575,57381,,,
1061,OK,0.22486842105263158,7.446264872244978,89,93.28325411644882,234,7.457703637295082,31232,,,
1062,OK,0.23670454545454545,7.725745210142714,112,101.63497863855166,255,7.766941028692318,20168,,,
1064,OK,0.15881918819188193,10.27406675960347,98,96.18898417851085,255,10.15418559377028,15410,,,
1065,OK,0.25716037735849057,3.9054012741969015,65,82.52990606333846,233,3.6360083445562332,25246,,,
1066,OK,0.11943514644351465,9.091522157996147,86,97.44444972401068,254,9.085353992688734,9939,,,
1067,OK,0.17126350789692435,7.53673413256969,80,67.83260612990695,246,8.141514831440894,15148,,,
1068,OK,0.31453512396694217,7.1780580462223975,90,92.57632661673172,255,6.9966165823844,27487,,,
1070,OK,0.2628236040609137,7.0256955006719615,78,73.66100012337284,244,7.056744169605062,37719,,,
1073,OK,0.2899728997289973,6.791565420560747,91,67.87293575063613,235,6.929588668497088,38971,,,
1075,OK,0.12663879598662206,4.424754610678287,42,95.08271902783362,249,4.37792533569426,11295,,,
1077,OK,0.21254934210526316,4.290915422115607,55,87.28821424344326,248,3.989805850110138,19521,,,
1079,OK,0.15892733564013842,5.510414398722694,52,113.00184789018253,233,5.305219072164949,15520,,,
1080,OK,0.22740625,5.90426457789382,63,98.13537102203526,204,5.970449881036706,18353,,,
1081,OK,0.07095959595959596,10.445156188216686,81,70.27399655703543,209,10.682105263157895,6650,,,
1083,OK,0.19161649214659685,4.556610539977458,56,91.61183928238923,251,4.379098988660742,26104,,,
1085,OK,0.2804089219330855,8.145996287949092,68,115.79158702278245,247,8.258439389023087,27737,,,
1086,OK,0.05233050847457627,7.037570850202429,101,97.7718548326999,247,6.486799350121852,4924,,,
1087,OK,0.07470070422535212,6.877877288082332,70,68.16095540714525,238,6.416870591622283,6947,,,
1088,OK,0.1186908077994429,9.433818352499413,78,77.86569845233204,237,9.67890855457227,13560,,,
1089,OK,0.15327365728900255,5.245981422771011,68,73.87976862899085,235,4.828139754485363,21180,,,
1092,OK,0.17877147766323023,5.749739695964887,72,91.14612602999586,254,5.1330215486620885,16892,,,
1093,OK,0.3818918918918919,4.831954765274829,133,41.21701009328086,222,5.041081365124943,35523,,,
1095,OK,0.041210526315789475,9.187455654888605,96,86.39294187968503,253,9.262637068734955,3739,,,
1097,OK,0.1144205298013245,4.86200742777215,49,46.80411860382509,192,4.4005687417293124,11839,,,
1098,OK,0.34054123711340206,5.837643061967591,89,75.34855807853815,233,5.359995339489092,34331,,,
1099,OK,0.1970677966101695,6.119936355035692,76,81.31336415257636,218,6.063394781713477,20722,,,
1100,OK,0.22324909747292418,8.415157395429064,75,91.00068940943174,251,8.289942168338907,19136,,,
1105,OK,0.2108210332103321,8.494362519873393,92,88.73464878955429,238,8.060134065894987,18747,,,
1106,OK,0.20556919642857144,6.189460158893896,64,51.82641903504212,208,5.789742318103858,16131,,,
1108,OK,0.22862781954887218,6.109526158568336,92,66.85132522682783,252,5.82495990624229,21616,,,
1109,OK,0.1653860294117647,5.498166055351784,105,117.64457194458517,253,5.214949127228601,14284,,,
1111,OK,0.31311659192825114,7.541651748418666,117,91.74925738534355,248,7.583633806418616,26070,,,
1113,OK,0.26456642066420666,7.981461464253751,100,66.28796678415976,244,7.869237334556248,26167,,,
1114,OK,0.06848320375531759,5.1811431223447935,49,70.93647656617036,246,5.023025724051088,7412,,,
1115,OK,0.1586977186311787,6.242607567135869,76,95.54555109880798,221,6.154232968244128,14517,,,
1120,OK,0.18931518151815183,7.304292874264545,116,80.59074856241412,255,6.940620782726046,20254,,,
1121,OK,0.11185643564356436,5.781859310073517,65,90.14122608994546,249,5.372994458467519,11489,,,
1122,OK,0.2026315789473684,6.202813852813853,74,80.41253819826427,239,5.500668806848582,22428,,,
1123,OK,0.25035618279569893,5.291976485115293,62,83.05029867828509,255,4.921675549667786,32459,,,
1125,OK,0.18922193877551022,4.676497022806426,56,107.33938750360524,255,4.532892493545716,27372,,,
1126,OK,0.239375,8.097406440382942,90,39.5365762804711,213,7.871147803345239,17079,,,
1128,OK,0.3331026809942473,10.129322634515905,118,63.28952454580595,255,10.02359068627451,21760,,,
1129,OK,0.1786042402826855,6.012629010452732,103,90.15482208025927,254,5.625924383909276,16813,,,
1130,OK,0.35246143899510485,7.483879702663278,101,57.81252525828828,248,7.323520244522869,33153,,,
1132,OK,0.38611959287531805,6.462096499610092,107,42.63550323654778,217,6.241876928662189,55090,,,
1133,OK,0.4752046263345196,7.796890894226749,101,48.269748701691334,225,7.70056737876421,49291,,,
1134,OK,0.2237683284457478,4.3096673437738895,56,68.69962598462381,182,4.073825838419391,26707,,,
1136,OK,0.08588666235725059,8.191419969894632,113,80.69128323590421,255,7.539510263147873,8753,,,
1137,OK,0.2766441441441441,7.254321691226356,88,88.26005957384977,254,7.092282139641737,21474,,,
1138,OK,0.3323913043478261,3.7864305957831137,58,44.89976896000992,223,3.4435686796921257,18016,,,
1139,OK,0.18830188679245283,7.356295925183701,54,47.59556795289013,227,7.01196162225574,15912,,,
1140,OK,0.10113224637681159,10.049470070159725,106,94.19486740229422,245,9.786251414121248,10018,,,
1141,OK,0.3380416666666667,5.5494063026418505,90,82.53836994607751,232,4.887317453565858,28212,,,
1142,OK,0.25293396226415094,6.623773824176644,87,46.16708970522,211,6.36983175291633,23517,,,
1143,OK,0.24383333333333335,6.206128958760537,75,92.57550143266475,255,6.009473697686626,26037,,,
1144,OK,0.34,5.127509511267194,88,61.820168098899444,243,4.912569359125694,41511,,,
1146,OK,0.29155204460966544,6.906410379012463,79,92.15316130781373,236,6.642146030840877,28058,,,
1147,OK,0.3754654255319149,3.5645239360132224,59,68.01093367401256,242,3.1684951672961503,50041,,,
1148,OK,0.22265151515151516,8.632173641828286,109,78.03002062826884,249,8.48554822494502,21220,,,
1150,OK,0.35450552722670936,5.411307680193186,85,59.02599586757003,255,5.078687743925795,32199,,,
1151,OK,0.22763011152416357,7.451067651982199,88,78.3505962193317,247,7.108668253745974,21423,,,
1152,OK,0.324719298245614,7.244727790084103,92,92.40290803910871,238,7.328586276508565,33354,,,
1153,OK,0.19844109195402299,4.73961312432876,60,87.78503634261541,236,4.6408392597540375,25451,,,
1154,OK,0.42425249169435214,4.103850169668494,58,79.72934218118868,248,3.9767594038924305,47374,,,
1155,OK,0.43542124542124544,4.993564398081938,73,94.83780466705595,211,4.894834018145634,44051,,,
1156,OK,0.34550473186119873,4.797169595982653,49,41.97720608908704,239,4.557325940895038,38598,,,
1157,OK,0.29346412556053814,8.364174657141765,134,99.889754534059,244,8.122093023255815,22876,,,
1158,OK,0.17554918032786884,7.730447775131904,123,68.77796446715648,248,7.627339741906113,19037,,,
1159,OK,0.3428090909090909,6.136245105058916,69,80.86238950906751,255,6.133782150871742,34758,,,
1160,OK,0.4139950980392157,4.36187581815431,93,53.98262857780195,246,4.249825106335348,47648,,,
1161,OK,0.39617713004484306,7.300649895771433,91,80.83747671475341,247,7.234815540719871,32654,,,
1164,OK,0.271075,5.071894822056216,85,59.246169206556075,224,4.962560552051915,29176,,,
1165,OK,0.3514333333333333,6.4995942542181755,117,59.86765688441178,233,6.162092899092365,28095,,,
1166,OK,0.2761929824561403,6.386817421499503,85,55.85661827083889,221,6.303876839568564,28494,,,
1167,OK,0.36165271966527196,6.813983532905266,107,63.819399381684306,254,6.6857990619915135,31343,,,
1168,OK,0.2591145833333333,5.247889447236181,104,73.21457527826597,253,5.132921923569208,36460,,,
1169,OK,0.25250932835820894,5.373933281613654,79,80.03424392557187,248,5.187005277044855,24256,,,
1170,OK,0.2874013157894737,4.467523177291977,51,115.85009770884304,255,4.3333438771852135,31614,,,
1171,OK,0.46314606741573033,6.84306431613564,124,83.2496221105995,253,6.723459076163408,46444,,,
1172,OK,0.21782075471698112,5.174902911920539,106,115.76894903370281,255,4.950656882279568,20577,,,
1173,OK,0.3384864905405659,7.005825601255597,100,71.9639413651545,226,6.972222222222222,33708,,,
1174,OK,0.2589245283018868,6.116386115766717,100,82.59558180784343,251,5.939744887629074,24695,,,
1175,OK,0.2205827067669173,8.01867632438574,103,88.9942119860123,251,7.639445693600599,20903,,,
1176,OK,0.265751953125,8.350604490500864,84,73.23433572293082,211,8.205806885385364,24293,,,
1177,OK,0.2511779661016949,7.884892652698584,98,56.90728564261005,250,7.674482598248198,25802,,,
1178,OK,0.31779787234042556,6.682109820462179,93,55.78765574562976,226,6.511468683573088,26972,,,
1179,OK,0.2021911196911197,7.023090020846263,124,73.51722260535009,249,6.842950165612767,17712,,,
1180,OK,0.15106741573033708,5.343312259823974,59,84.72474429959044,237,4.8766522139009325,12685,,,
1181,OK,0.20513333333333333,4.358614992958509,67,81.00164248371495,254,3.7173510913799483,19822,,,
1182,OK,0.21813333333333335,4.852116442542787,86,52.791101779217826,250,4.463173518942833,23131,,,
1183,OK,0.09148245614035087,4.926934509540704,41,56.5080347458909,244,4.3866008401541725,7697,,,
1184,OK,0.42595858895705524,3.237309088726858,42,51.87094605125465,236,3.144419577697772,51385,,,
1185,OK,0.3265885416666667,0.8492943146479547,50,43.88506258298207,124,0.3976731577944818,22749,,,
1186,OK,0.41165035414236695,2.9979878449408672,65,71.60779581477757,228,2.5773445699820954,21596,,,
1188,OK,0.2276015228426396,5.000966452931884,68,67.34103891125167,250,4.3556078074433655,13184,,,
1190,OK,0.220175,2.1678462838903396,36,81.51957169877858,215,1.837822479827253,23464,,,
1191,OK,0.35903148947131175,1.9863208618813597,45,71.83565745057065,247,1.5847596749017707,24772,,,
1194,OK,0.49213636363636365,4.963296491282083,67,55.040295553765525,255,4.839487824396936,61229,,,
1195,OK,0.41331715210355985,8.801015281420872,95,63.739705436191635,218,8.740599711083997,47534,,,
1196,OK,0.4341925925925926,2.4659251171466265,39,44.85860040497137,199,2.2349896480331264,27048,,,
1199,OK,0.13075555555555557,5.18910038522547,63,126.6114633398098,252,4.3594856706984855,9177,,,
1200,OK,0.3349928774928775,1.1275983529295035,38,58.56066204690451,215,0.9633076934747319,43942,,,
1203,OK,0.24523333333333333,7.1582053373204655,86,60.65918090947901,232,6.881610543362931,23876,,,
1204,OK,0.2835112359550562,3.633012979292579,40,61.56892443468677,237,3.280109087710038,26523,,,
1206,OK,0.27049625468164795,5.147184049292118,62,73.55470986125194,246,4.257111873672327,22439,,,
1207,OK,0.1634375,8.505520261518534,105,82.4104618795715,255,7.973288310547411,12142,,,
1208,OK,0.27492724867724866,4.658511551075722,57,87.00638809582448,250,4.39876108888113,37237,,,
1209,OK,0.32890858208955226,8.176371044745077,104,84.71409905339097,254,7.781097404266255,31128,,,
1211,OK,0.12423561151079136,5.268138496802992,63,55.55621160000685,229,4.667233900567234,9990,,,
1213,OK,0.22438333333333332,4.633959741513778,54,40.77950519658193,246,4.21637764078,22547,,,
1217,OK,0.06855,7.537644865872437,75,104.01641407363668,240,6.981655164277709,5651,,,
1218,OK,0.04475702130441686,6.582707289927657,52,67.47696243787175,255,5.951687388987566,2815,,,
1219,OK,0.1123,5.504971801721579,62,62.22044171579488,210,4.505175983436853,9821,,,
1220,OK,0.12050833333333333,6.8190996473272945,105,78.57321622022822,255,6.302204024740831,11479,,,
1221,OK,0.041425,5.130154898410782,52,75.17245216423684,238,4.6841479972844535,3928,,,
1222,OK,0.0993125,2.5510204081632653,42,80.49659155869689,245,1.9944844382364528,9307,,,
1223,OK,0.37331858407079643,3.698135198135198,65,62.701401146963526,251,3.342552350849467,45558,,,
1224,OK,0.09708333333333333,4.474105865522175,48,76.68580526072913,255,3.7540918163672656,8350,,,
1225,OK,0.14579588014981273,6.315072891914457,77,89.48948251104363,254,5.841346973572038,11730,,,
1228,OK,0.15368421052631578,6.65845156555773,60,60.094723554844826,244,6.162714870751493,12779,,,
1229,OK,0.29619850187265917,4.281258561463404,43,60.08209828912008,213,4.003591376033395,28587,,,
1230,OK,0.31578985507246377,2.1999586957020583,47,69.69257898137067,253,1.9121350252556364,40585,,,
1231,OK,0.1717037037037037,8.554662784009203,151,70.55613187861444,255,8.49937935009088,15038,,,
1232,OK,0.3550654069767442,4.69285875104898,48,61.6088480218158,250,4.485643624080106,44208,,,
1233,OK,0.38964166666666666,2.2941591633338323,62,92.81140859877394,255,1.8306999538561903,41898,,,
1236,OK,0.10399166666666666,7.754013409194113,97,69.21809692990206,255,7.435109906654622,8856,,,
1237,OK,0.16222672064777327,6.62848348723068,138,58.26802944635062,224,6.197223151555704,11956,,,
1238,OK,0.07839219330855018,6.599012052953961,86,53.51029429066035,219,5.54794787006419,5141,,,
1239,OK,0.1681928838951311,4.899218764497393,56,61.058541673702024,222,4.531041132513751,15211,,,
1240,OK,0.11414473684210526,4.236530808288733,48,56.7439004120029,230,3.484984343865642,9368,,,
1245,OK,0.09583333333333334,7.669076697606253,87,78.79135642658659,255,7.022785492786841,7417,,,
1246,OK,0.24265,5.137887217528676,46,56.58459320877621,255,4.867169254722006,24407,,,
1247,OK,0.09852272727272728,5.645787123295774,68,101.2042393507161,233,4.634196465269215,7299,,,
1248,OK,0.15993333333333334,4.955484924274003,54,120.56963071713885,236,4.498893449219379,16568,,,
1250,OK,0.07292134831460674,6.398048279404212,87,65.9353883031013,221,5.370384420839656,5272,,,
1251,OK,0.05618320610687023,5.567142210144928,44,105.11423959344333,255,5.180742998113481,4594,,,
1252,OK,0.16685833333333333,4.6368343072133715,68,67.59789084822843,201,4.086448920126789,16931,,,
1253,OK,0.22291666666666668,4.097395638629283,50,64.67601787310099,208,3.9343499716851387,24722,,,
1254,OK,0.15665833333333334,3.1556643083851976,43,76.0818799550729,180,2.8030042154010566,16843,,,
1255,OK,0.042008333333333335,4.6243470210936986,50,56.2449192030782,245,4.075870967741936,3875,,,
1258,OK,0.09784644194756555,6.9298245614035086,152,85.47912817851582,255,5.923160538251059,8893,,,
1259,OK,0.28765,5.040056395696931,71,76.77233023716494,255,4.702517603935565,31101,,,
1262,OK,0.05678838951310861,4.603242649079418,81,46.135054019622444,217,4.077407174323474,4767,,,
1263,OK,0.05644166666666667,5.072247649982775,47,49.056214507140524,224,4.621943727730679,5426,,,
1264,OK,0.12106694560669456,5.272507344047002,95,58.14355873975516,247,4.6569353667392885,9180,,,
1266,OK,0.16616666666666666,4.947475760615179,100,63.00145912452528,252,4.669149090381967,18396,,,
1267,OK,0.22441947565543072,5.418001780151313,87,85.30114770459082,249,5.0232064284864855,19621,,,
1272,OK,0.16117307692307692,6.211689138129897,80,95.18956570913286,254,5.429178224687933,11536,,,
1275,OK,0.13739969143289635,4.483333333333333,55,61.73754644888654,253,3.96713131880126,10689,,,
1276,OK,0.0497752808988764,5.637634813142713,44,69.60067268403557,233,4.839409039251683,3813,,,
1277,OK,0.08615384615384615,7.742293792517007,65,49.124589145422476,215,7.4630830181883665,3702,,,
1278,OK,0.3769701986754967,4.173503447670078,45,53.79207745387225,185,3.98338891999578,41077,,,
1279,OK,0.2723148148148148,5.884090823227171,74,53.652208131276716,215,5.559153713298791,22388,,,
1280,OK,0.13279639175257732,7.473103671356946,96,56.36075488520692,240,7.001223932589559,7081,,,
1281,OK,0.16783068783068783,6.475173392181589,56,82.47578628348593,254,6.056900128420429,10123,,,
1285,OK,0.0993095238095238,4.605050747222888,46,86.56848361486338,254,3.551706571574121,5889,,,
1288,OK,0.1271629213483146,4.862528532508652,60,116.86846386823859,231,3.5556548949485918,8948,,,
1291,OK,0.37214375,4.400500478645685,78,131.60361481363503,255,3.944313258836435,53783,,,
1292,OK,0.04808333333333333,6.103408434430965,71,63.80484694621961,214,4.9261149919398175,3722,,,
1293,OK,0.1672906976744186,6.717893468640671,65,55.86205949571539,243,6.578255386514261,12423,,,
1294,OK,0.1294756554307116,6.357414906952078,93,60.0580210529335,244,5.805840414102939,10239,,,
1295,OK,0.3197486413043478,5.791141705795285,102,87.8068069467608,243,5.329224697109397,41214,,,
1296,OK,0.05859550561797753,9.771439224459359,111,124.57632631139225,236,9.465930417208027,4618,,,
1298,OK,0.1519696998106238,7.163787785317705,67,72.60086671973114,253,6.72191011235955,12816,,,
1299,OK,0.047141666666666665,7.361027635377998,78,95.55046657862746,255,6.837194020042714,4058,,,
1300,OK,0.13883458646616542,5.202116617023197,78,70.1239904832584,247,4.653668970055939,12156,,,
1301,OK,0.100675,6.976629969925227,89,62.999113532680376,206,6.61966198883356,8836,,,
1302,OK,0.12911666666666666,4.481153995094876,52,63.183874610070234,233,3.7220308250226655,11030,,,
1303,OK,0.33668439716312054,4.519195323608405,80,31.225918401896056,238,4.192284281006653,31762,,,
1304,OK,0.09910112359550562,5.0616024187452755,55,72.42835910867215,218,4.297214531420421,7946,,,
1306,OK,0.14392723880597014,4.985827554172878,50,102.70499395233789,255,3.960823626758322,10474,,,
1307,OK,0.2024624060150376,4.948642961037353,50,68.80315350349997,247,4.415454157451596,17182,,,
1308,OK,0.223410780669145,3.7443182606042957,55,54.597918486694354,238,3.45731726602777,21078,,,
1309,OK,0.0607346189164371,3.731075496421732,69,65.6169922244165,254,2.4130288331985987,4948,,,
1311,OK,0.25562734082397004,4.321038301405321,40,78.47433301047812,209,4.175120629255073,25215,,,
1313,OK,0.09867977528089887,7.2064395736470885,103,81.7751391182999,252,6.415313549832027,7144,,,
1314,OK,0.18906092976513938,6.905814220559766,76,69.01423216676228,253,6.768413743924637,17763,,,
1315,OK,0.07623595505617978,7.1883648571194625,65,59.045338441890166,250,6.139427154694331,5109,,,
1316,OK,0.15471804511278195,5.973858988377273,68,79.55455610161074,250,5.204087742216417,12248,,,
1317,OK,0.12344444444444444,7.405665566556656,52,66.14121632089689,227,7.191103191103191,10101,,,
1319,OK,0.038344444444444445,4.14459576934222,30,39.5546877106225,183,3.315642458100559,2148,,,
1320,OK,0.10074906367041199,7.448853779429988,72,43.87839788976815,197,6.8141504733432985,7359,,,
1321,OK,0.04579166666666667,6.639429784652714,53,78.0342838012896,242,5.88010672002668,3998,,,
1322,OK,0.03488095238095238,9.630830489192263,95,62.38064155804997,227,9.499768839574665,2163,,,
1324,OK,0.35300766283524904,5.3938604583853405,84,47.674197337123346,226,5.134474302853437,32896,,,
1325,OK,0.04476434426229508,8.511711299305714,101,82.37965912625629,200,8.009756097560976,2460,,,
1326,OK,0.05614232209737828,5.408716922392706,57,82.40091993703953,246,3.7569464755776543,3419,,,
1327,OK,0.06148674242424242,7.893321012372298,121,88.0131137726565,254,6.810640216411182,4436,,,
1328,OK,0.04296816479400749,8.2500181593666,62,84.92561465987026,255,8.362120088954782,2698,,,
1330,OK,0.3134202898550725,3.883758747187028,45,69.33608097268544,216,3.564697920191582,38417,,,
1334,OK,0.1420724907063197,4.780401648459476,62,66.45291562401829,255,3.9939948263118996,10824,,,
1335,OK,0.06202235772357723,8.22333278715386,77,104.4597657562001,254,7.342421488437847,3301,,,
1336,OK,0.23285833333333333,4.3139844206658795,64,66.34279486260324,238,3.802556490857089,24591,,,
1337,OK,0.2950583333333333,6.074570941715857,47,41.34602153842516,197,5.978441076716567,32531,,,
1338,OK,0.12520833333333334,3.882861896838602,42,60.33515598952131,244,3.580117492150309,13164,,,
1339,OK,0.11052434456928839,5.132017395233254,104,79.52688183362106,254,4.613603425559948,10120,,,
1340,OK,0.11289166666666667,4.892792992298418,69,55.10651962211806,244,4.587626304455855,12074,,,
1341,OK,0.2000563909774436,6.368473801246516,83,70.5376201329981,255,5.764882325796031,17336,,,
1342,OK,0.20290929203539823,4.382507405186356,42,51.708254113641516,244,4.057999834286187,16092,,,
1344,OK,0.10159166666666666,3.907418040631067,38,58.99107371988115,235,3.4819155243974746,9557,,,
1345,OK,0.2577808988764045,4.1424212705677235,56,66.8685446601656,250,3.811050532996989,24578,,,
1346,OK,0.2256672932330827,4.68799022670165,61,54.72354319144546,245,4.335815187699993,21355,,,
1347,OK,0.18656954887218044,7.922858630127785,68,80.18116134598128,252,7.4961329770003235,16464,,,
1348,OK,0.14695804195804196,2.923110476643667,54,62.12568826768319,224,2.2564562839568225,13927,,,
1349,OK,0.055711111111111114,8.545339715463369,80,61.87988217667223,239,7.9182254932024945,3261,,,
1350,OK,0.1650643593441222,4.803456830070647,45,60.81688256303641,227,4.407852811183061,9729,,,
1351,OK,0.09298333333333333,3.917159586544781,55,49.89490576554394,197,3.4201755284636137,9761,,,
1352,OK,0.2077597784119523,4.724825775174224,64,69.765315852205,231,4.178006313791568,17211,,,
1356,OK,0.06497201492537313,4.054223498444604,52,91.4546881495153,255,3.344838730528085,5157,,,
1358,OK,0.17615461847389557,5.395193312434691,61,72.08622671785184,255,4.574328403259885,13252,,,
1366,OK,0.09314365671641792,10.281822734101151,126,64.25440518438512,255,9.030119570152868,6607,,,
1368,OK,0.14852803738317757,5.857637250275287,58,55.486042129718555,237,5.081874668485262,8798,,,
1369,OK,0.17343543046357615,6.544747267433535,90,87.2733727929173,243,5.839073183084325,15796,,,
1370,OK,0.0658,7.825101317122594,79,91.78822343538143,255,6.154056902002107,4745,,,
1371,OK,0.15096441947565542,4.901962000454837,39,71.55200694038547,236,4.604751131221719,13260,,,
1372,OK,0.18851681957186545,4.112836942709601,50,46.93673255324628,223,3.6096846287558977,20135,,,
1373,OK,0.059116666666666665,6.32943332393572,61,49.939421583736326,249,5.662405621589295,4459,,,
1379,OK,0.09269557823129251,6.736170993486836,79,71.07594572895091,255,5.852874114964599,8333,,,
1380,OK,0.11138983050847458,5.805614729153986,48,149.20028102031992,255,5.074362861887228,9234,,,
1381,OK,0.05653523489932886,8.236484147004996,83,85.60682369888228,255,7.712809624911536,4710,,,
1382,OK,0.24480597014925373,3.3518981425029466,41,47.57172549639643,226,3.167318414336258,30431,,,
1383,OK,0.1732142857142857,4.8500840827666885,71,51.03733590674448,247,4.317039229156758,18923,,,
1386,OK,0.09571790540540541,5.449219094679255,94,111.03004349301527,251,4.68319109772423,7968,,,
1388,OK,0.10404411764705883,8.24997476022211,118,85.66655333450574,255,7.512681912681913,4810,,,
1389,OK,0.05489738805970149,9.016312659303313,116,49.544907795818325,236,8.56249077763022,4518,,,
1390,OK,0.12546328671328671,7.513829861353027,95,67.43930685910955,251,7.008904374758033,11193,,,
1392,OK,0.103875,7.515149084102153,60,54.99929015359341,255,7.110180510937739,8716,,,
1393,OK,0.195475,6.6953290417927835,71,82.9434897748499,218,6.5836749370729954,18540,,,
1394,OK,0.042166666666666665,4.799209486166008,55,86.81285308276782,200,3.3651996151996153,2772,,,
1395,OK,0.018950750464662314,7.141613274190899,54,50.5531617129039,225,5.45823575331772,854,,,
1396,OK,0.024511278195488723,7.394555214723926,77,71.42739645958584,255,6.3085213032581455,1330,,,
1397,OK,0.0225749063670412,5.939305958799944,48,67.17435745145562,233,4.5651297556059465,1323,,,
1398,OK,0.040561797752808985,8.17720837180671,58,65.16497833469961,218,7.224580017683466,2262,,,
1400,OK,0.09159926470588235,8.845909425379624,115,57.19289920472712,248,8.913320687111392,6326,,,
1401,OK,0.12990625,4.16662657365087,70,73.83384812460343,248,3.6265793880347084,13138,,,
1402,OK,0.19784246575342465,5.0,121,89.08268937938493,240,4.477995520716686,17860,,,
1403,OK,0.08557258539045644,6.598522884377501,53,109.16497625248965,239,6.322588246382959,7073,,,
1404,OK,0.11797297297297298,5.118747613592975,50,81.95989025642771,235,4.138824300959876,11182,,,
1408,OK,0.16386666666666666,5.346984901907604,59,88.270123496164,252,4.954511888938119,11285,,,
1409,OK,0.17845505617977528,6.184689647935358,96,75.97102456852174,227,5.686198869304955,15035,,,
1410,OK,0.438591426071741,3.2714222071505987,46,91.07689071046767,243,3.0445203695019467,44781,,,
1411,OK,0.21029411764705883,5.805856643356643,101,65.31381129733084,255,5.37437206486345,20371,,,
1412,OK,0.24452433628318584,3.7438739350071626,54,80.47896136857261,247,3.1251888586715015,18753,,,
1413,OK,0.12404054054054053,8.158114536805027,144,70.59105331091261,250,7.097978142076503,6100,,,
1414,OK,0.05460674157303371,6.06092821216278,62,75.49407733143174,241,5.5660559305689485,4148,,,
1415,OK,0.13181647940074906,6.336719230951366,58,98.09423869200405,255,5.361275755009879,9448,,,
1416,OK,0.08430711610486892,6.574855619724567,51,87.5004328738735,255,5.7448688398639005,6074,,,
1417,OK,0.18445804195804197,8.081966954159164,129,56.52520239805069,255,7.848547286047286,16016,,,
1420,OK,0.09150925925925926,6.86259233026409,59,70.10015593628016,255,6.38696442921795,7881,,,
1421,OK,0.07200833333333333,6.13686687497589,56,67.78232862483799,246,5.620532535953297,7023,,,
1422,OK,0.029033333333333335,10.521495088659268,95,86.28982190333421,255,8.002347417840376,1136,,,
1423,OK,0.15094026548672565,5.404421644069867,69,62.27164354113739,238,4.557028759036525,10559,,,
1424,OK,0.33374125874125876,3.9747599092020254,40,45.423287850957756,246,3.7166258856362333,33921,,,
1425,OK,0.2832069672131148,4.493602498703616,43,70.62195952867631,255,4.114365288771621,22740,,,
1426,OK,0.5238833333333334,5.436924039491405,64,48.42904400182028,222,5.234380687355431,56778,,,
1427,OK,0.10083962264150943,7.064645897651792,63,58.398397526693316,234,6.569804519617358,7213,,,
1428,OK,0.30777290080880076,1.422477821332783,68,74.80853007388042,255,0.7845376134698414,33893,,,
1429,OK,0.033586142322097376,7.0727627543908556,79,73.32783983929673,220,6.049697783747481,1489,,,
1430,OK,0.20899812734082396,4.798097456804504,52,118.45682753504816,254,4.478578782960753,19101,,,
1432,OK,0.24372659176029962,6.183326930464848,144,122.28856423589616,255,5.972908649759686,21569,,,
1433,OK,0.10112762237762238,6.103667847984556,47,114.42856077771619,246,5.610278866098179,8678,,,
1434,OK,0.1945771144278607,4.14540185800733,64,97.78608931990858,255,3.3866666666666667,8850,,,
1436,OK,0.03485625,7.61436853744546,59,53.63825984471225,255,6.994447207028013,4022,,,
1438,OK,0.14681891025641025,5.764685550037294,104,51.45849025298108,255,5.353275617004781,15478,,,
1439,OK,0.1700375939849624,5.72628786203847,43,54.113432531593965,255,5.603827687383302,14996,,,
1440,OK,0.22558653846153845,4.481508318770158,95,55.12369576644028,206,3.6415170061201967,19934,,,
1441,OK,0.16973333333333335,3.6854379418695995,39,49.309288180504254,248,3.276247105459398,16986,,,
1442,OK,0.13410714285714287,6.524376854252809,64,95.6322953186224,252,5.877092482973713,10474,,,
1444,OK,0.1142,5.797650321074139,45,63.34516820952811,214,5.155924308588064,5725,,,
1446,OK,0.09446666666666667,4.390172900494002,50,53.80670384549314,216,3.794292288280264,8982,,,
1447,OK,0.07921992481203008,6.034128208170206,63,93.52390333193836,252,4.989916351552653,5818,,,
1449,OK,0.3550378787878788,4.4388580674988445,64,58.075992051839236,219,4.277468009536321,34255,,,
1451,OK,0.16931666666666667,5.32795222626899,53,84.894671722745,236,4.631971298444617,15516,,,
1452,OK,0.09878333333333333,5.405123446375344,67,56.30334917611377,254,4.763254247217341,9104,,,
1453,OK,0.12227678571428571,6.5650967506389195,51,70.22362036518997,252,6.017733280984165,10188,,,
1454,OK,0.11987781954887218,8.054880439043512,129,186.0836421236229,255,7.127259289121817,9922,,,
1455,OK,0.11420833333333333,5.727252827435243,79,126.74821330573718,245,4.755949260928818,9539,,,
1457,OK,0.3745676691729323,2.4099964871782005,32,57.16818942285537,163,2.209429465487756,36644,,,
1458,OK,0.2468189368770764,3.9176004755975815,52,58.07465199283953,192,3.4532334749863254,23767,,,
1459,OK,0.24143333333333333,5.041039624465001,68,81.69382314599171,255,4.6908640724796715,23694,,,
1460,OK,0.20415730337078652,4.809805540267841,52,90.94362479802972,255,4.127107576554978,17101,,,
1463,OK,0.299925,4.174821483148565,43,77.81150829077836,239,4.018271894859356,32363,,,
1465,OK,0.3049719101123595,3.243161094224924,41,30.894928756505767,167,3.0256682975253493,28206,,,
1466,OK,0.11918527703088647,5.686304305474382,79,72.83454068075415,234,5.125390162522872,6194,,,
1468,OK,0.08924166666666666,4.972421950384412,44,57.29452562425085,248,4.765216073930993,8801,,,
1469,OK,0.11357276119402986,6.31315537303217,62,83.78285012715952,243,5.594554300062774,8496,,,
1470,OK,0.12439772727272727,6.53363174081179,68,81.94296133829961,251,5.321908949818934,7732,,,
1474,OK,0.05016528925619835,6.7373009335529925,71,77.76771730618637,207,6.376596150181056,3498,,,
1475,OK,0.1305614406779661,5.874753211629479,59,102.7068656716418,236,4.727298992900776,8076,,,
1476,OK,0.17443,8.238548414836897,84,58.71715703493748,233,7.732158398607485,13788,,,
1477,OK,0.07925093632958802,7.103379017013233,95,120.71772290920924,255,6.799512257733282,5194,,,
1478,OK,0.050333333333333334,6.235099337748345,48,98.92370242370242,247,5.351492639977988,2423,,,
1479,OK,0.16663857677902622,6.011781011781012,66,47.468197701201085,223,5.051053504667112,13463,,,
1480,OK,0.10528195488721805,5.81669939891686,68,59.207987562763925,241,5.5713912816497,7662,,,
1481,OK,0.14727366255144034,9.348701827919433,126,79.61569644688424,255,9.312131583951322,10518,,,
1484,OK,0.19979166666666667,4.811011470281543,61,72.97930400069427,243,4.222084524944392,20980,,,
1485,OK,0.13149812734082397,5.825548276844204,73,104.33575905242428,254,4.990741652713484,10153,,,
1486,OK,0.13918516960610522,6.264076272710919,79,64.60893643508257,244,5.406406685236769,7180,,,
1487,OK,0.03262172284644195,10.459911978568694,85,46.82054086491927,236,10.057555049354594,2195,,,
1490,OK,0.12512975778546712,5.492660444751699,45,53.33430233516257,248,4.843348594683963,10484,,,
1493,OK,0.19015,5.654527127706197,60,38.34044370356651,209,5.214225018531576,18437,,,
1495,OK,0.15871536112988557,8.004666340349159,125,66.68614812557523,202,7.657615949282616,15984,,,
1496,OK,0.1398314606741573,5.599169679925003,62,84.61443116423196,229,4.64646372307036,10939,,,
1498,OK,0.14885346413243408,8.065052036136969,106,71.80952586765787,255,7.2657409298209785,9794,,,
1499,OK,0.2606324972737186,5.294128312412831,108,58.884788593903636,218,4.4176382807759795,20327,,,
1501,OK,0.17402597402597403,2.460053897180763,33,72.01961914744933,215,2.2534313725490196,14280,,,
1502,OK,0.08126404494382022,10.718592771824712,93,127.21740164354895,253,10.374938574938575,6105,,,
1503,OK,0.25146666666666667,5.285193531283139,74,68.3404880655504,255,4.891525898749013,26166,,,
1504,OK,0.184625468164794,5.56589579741015,78,75.97298331840487,255,5.262297658337262,16968,,,
1505,OK,0.18001666666666666,8.104033577137919,63,59.627367087406924,251,7.961398103830849,18177,,,
1506,OK,0.39403333333333335,5.268780137044243,67,88.98400168692814,231,5.0446551250343505,43668,,,
1507,OK,0.07418333333333334,5.28824983149854,53,59.13735320767851,255,4.590191188694929,6817,,,
1509,OK,0.23037974683544304,6.344047619047619,53,89.71253198099416,255,6.220631132325643,18855,,,
1510,OK,0.132693661971831,4.387422051214011,42,45.57456576605837,215,3.899703297008014,12021,,,
1511,OK,0.24987827715355806,7.213886911230187,86,75.46761033373693,252,6.930223772159256,22940,,,
1512,OK,0.07416666666666667,3.797420945337316,54,90.32834675872651,233,2.671791026121735,5334,,,
1513,OK,0.23683333333333334,6.009347877081868,67,67.495992574798,255,5.708970152836681,24994,,,
1514,OK,0.254275,7.48119380810365,122,64.98503693273884,228,7.38282497269137,27769,,,
1515,OK,0.1858595641646489,5.347120896300156,44,65.12483642636212,255,5.066452556269257,12766,,,
1517,OK,0.20209586466165413,2.8279154846610552,68,58.200148415138344,243,2.1248579314823837,18477,,,
1519,OK,0.2807208588957055,4.364539510827004,48,48.26261097014024,231,4.15190844575155,31282,,,
1520,OK,0.2507665094339623,3.9506230895838232,58,83.35158049369115,242,3.456568704138265,17898,,,
1521,OK,0.389185393258427,4.752957215606079,40,45.56898903962597,164,4.636700757987887,36764,,,
1522,OK,0.24388786764705883,4.416632121097921,43,54.44089629044348,248,4.18749050322545,24131,,,
1523,OK,0.3013235294117647,5.094832167452958,61,49.16089712107392,247,4.772521039151116,27330,,,
1524,OK,0.22234265734265735,6.7426744246999,52,61.731970235151294,236,6.575132916705531,21442,,,
1525,OK,0.17416666666666666,6.166552745500114,67,113.3337614286151,248,5.662890595301453,13153,,,
1526,OK,0.38896067415730334,3.35041685724144,62,33.280344473559204,177,3.0891434218209586,37105,,,
1527,OK,0.26516791044776117,3.909953329111846,72,67.70956576196883,232,3.526695694995205,25722,,,
1528,OK,0.3207063197026022,2.9942139020903364,36,29.262358853682116,163,2.8312352686262696,31537,,,
1529,OK,0.17687265917602996,9.894600317628376,106,92.12592424070071,255,9.854137654555428,15798,,,
1530,OK,0.15638461538461537,5.069191670765699,53,113.01967645360324,238,4.671330845771144,13936,,,
1531,OK,0.26003333333333334,4.428417296927744,39,66.02650644923945,209,4.305185288575616,28658,,,
1532,OK,0.3065774647887324,2.5078023307453177,49,83.80924041462704,228,2.3097395383286012,40505,,,
1533,OK,0.21228464419475657,3.4899876499647142,40,66.3283211297071,194,3.138005309823173,19963,,,
1534,OK,0.21753333333333333,4.587010930636429,69,79.0134865524978,255,4.2987104304659045,23703,,,
1535,OK,0.5049764890282131,3.453945836889889,67,54.105100398427396,221,3.276405281056211,59988,,,
1536,OK,0.27805555555555556,6.831598509017864,87,66.73559309411809,255,6.73432518597237,28230,,,
1537,OK,0.115275,3.7127882599580713,41,52.90671614845793,246,3.286060707417008,11959,,,
1538,OK,0.06710833333333334,7.3003435572664435,61,76.61617551162604,248,6.352306876436273,5657,,,
1541,OK,0.32859649122807016,5.014264103933084,51,70.70970734256598,244,4.863236323632363,33330,,,
1548,OK,0.2326,6.145576573994458,70,80.07019372773868,246,6.062935273119149,24745,,,
1551,OK,0.15453333333333333,5.469442047742307,71,114.78090995111181,253,4.759320732561028,14761,,,
1552,OK,0.3193166666666667,6.0548915218261214,84,62.4672143189442,250,6.016768249062866,34947,,,
1553,OK,0.21125468164794006,9.02254528262861,77,74.90369350332787,207,8.828137325513598,9719,,,
1554,OK,0.3828772189349112,4.096184680768859,73,97.69190787239567,254,3.871748809423169,47316,,,
1555,OK,0.08075833333333333,6.407904241048396,68,58.0118576000145,246,5.4491712707182325,7240,,,
1556,OK,0.08075833333333333,6.407904241048396,68,58.0118576000145,246,5.4491712707182325,7240,,,
1557,OK,0.2760564516129032,3.7909302484103105,67,101.27215779760645,246,3.4266043043108523,30574,,,
1558,OK,0.057634680134680136,4.772162991090989,76,95.43271432357031,255,4.135607271865933,5629,,,
1559,OK,0.19122201492537313,3.488072588906776,68,82.57329596352214,231,3.1718434482505415,18158,,,
1560,OK,0.5876416666666666,4.672844845923678,99,70.79193527743534,254,4.5887250013643515,67187,,,
1562,OK,0.16737341772151898,4.623195941261738,43,49.12175832668212,221,4.345758957899281,17759,,,
1563,OK,0.04855,5.977228515848496,71,58.04687874063564,233,5.093641990193714,4147,,,
1565,OK,0.29815,3.9568915721020366,57,54.174653495127956,204,3.6842121733688,31955,,,
1566,OK,0.38254166666666667,4.365029227026831,55,56.86466473221315,248,4.079827016428696,42162,,,
1567,OK,0.38254166666666667,4.366931706785754,61,60.917529297973324,252,4.080601805733441,42162,,,
1568,OK,0.22353333333333333,5.506200914603838,74,64.94339028648292,255,4.834906008653406,22573,,,
1569,OK,0.18403079710144926,6.51492182244754,77,113.25767347890279,255,6.122042218949435,16975,,,
1570,OK,0.32423415492957747,6.362021375759056,105,95.96436402794603,255,6.1101832244723475,33529,,,
1573,OK,0.18084166666666668,6.700551433881695,119,73.99481852985957,254,6.331053140096619,17250,,,
1574,OK,0.414175,4.890384499305849,73,51.34914673987776,238,4.763240478032843,46524,,,
1575,OK,0.3418083333333333,5.6083331301655415,86,87.2691043220271,255,5.273235784740354,36768,,,
1576,OK,0.1024812030075188,8.45283076546833,87,110.47282608695652,255,8.33013844515442,8138,,,
1578,OK,0.109375,7.406984126984127,146,72.73299961013645,241,7.085873936937767,10857,,,
1579,OK,0.10785833333333333,5.790929459939735,109,58.24049493883321,167,5.183761976802824,9915,,,
1581,OK,0.36116573033707866,5.519469829541772,84,61.748217361034776,252,5.435930308316345,47581,,,
1582,OK,0.2831226765799256,5.146183473389356,62,109.44500622277536,254,4.844202231468866,27157,,,
1583,OK,0.18176666666666666,5.322681704260652,61,78.90105715566057,252,5.013960247028907,19269,,,
1584,OK,0.34762544802867384,3.8987154702066418,43,46.166888721012754,184,3.766313091630187,35636,,,
1586,OK,0.17047743055555556,5.7348303545665935,57,51.728250367130244,250,5.402760450701994,16833,,,
1588,OK,0.6377902621722846,2.957870886918394,46,72.3948316272016,243,2.8559156538901007,64180,,,
1589,OK,0.410025,3.9577126055999297,63,54.98603048151758,215,3.7564259396799047,45778,,,
1590,OK,0.067975,6.411098851702015,51,55.11840407237526,224,5.658596547485437,6237,,,
1591,OK,0.22425,5.5066765762417935,63,47.80502739284563,241,5.0304815977748145,23249,,,
1592,OK,0.22425,5.5066765762417935,63,47.80502739284563,241,5.0304815977748145,23249,,,
1593,OK,0.049308333333333336,5.71241056841868,46,89.78660273660405,241,5.1981852913085005,4188,,,
1595,OK,0.19523333333333334,5.3496528370610665,83,50.47847547253172,252,4.905972229765202,18413,,,
1596,OK,0.21631086142322098,5.613554382015987,61,57.46811950902849,254,5.1418901980446226,19945,,,
1597,OK,0.5255075187969925,4.715336647947443,42,47.0200847759775,232,4.6028603749191985,24752,,,
1598,OK,0.3635877192982456,3.8711348082382364,54,63.011132398818305,238,3.7205557282492316,38604,,,
1600,OK,0.23105218855218856,7.657935322476836,92,70.84326024528102,254,7.4281318371091825,23615,,,
1604,OK,0.28514044943820227,5.347157915476307,54,77.42512475932257,245,5.1181918631358085,26849,,,
1605,OK,0.21839887640449437,4.451275455519829,51,75.13943895377858,249,4.29380641145347,21420,,,
1607,OK,0.22775833333333334,6.3334918834534655,73,71.82796116644545,248,6.063662865472005,23326,,,
1609,OK,0.13984141791044777,6.132234896493451,93,101.63956880564804,236,5.889704733635369,12802,,,
1610,OK,0.21865,3.692341895977844,71,77.8618239087619,252,3.2857563056107066,22665,,,
1612,OK,0.23934126984126985,6.970686739397155,103,87.59803706756536,252,6.788690476190476,25424,,,
1614,OK,0.142425,6.5525715288748465,53,65.39702390785386,232,6.155938815316703,12988,,,
1615,OK,0.1876,6.5600272447287375,82,58.32960295968051,233,6.218572566566668,19667,,,
1616,OK,0.22139097744360903,7.227288164374257,93,78.46173530973878,251,6.763488047911611,19369,,,
1618,OK,0.42636666666666667,7.31537800015636,131,34.47130377515641,211,7.1742030032071025,47083,,,
1619,OK,0.37667763157894735,5.121881640613629,91,67.55929512551234,253,5.049462924462924,42328,,,
1620,OK,0.1124154135338346,5.44123958420422,64,41.11861624964263,236,4.573599686643165,8510,,,
1621,OK,0.37565,8.095804309567121,153,70.17442139825418,255,7.975957889582569,40845,,,
1623,OK,0.4074904214559387,9.191269803958441,121,83.74206515999009,255,9.083603750926233,39137,,,
1624,OK,0.14598314606741572,4.533726722681889,54,50.833170703183534,226,4.0702603086846345,13023,,,
1627,OK,0.2943515625,7.3323159133335105,92,88.32615908092808,236,7.087412838760693,32459,,,
1628,OK,0.10909176029962547,7.18848167539267,113,46.91536432332447,237,6.414070992166123,8893,,,
1631,OK,0.25384364820846905,6.692651524872749,110,108.320589776051,255,6.313113613203092,26822,,,
1633,OK,0.5427583333333333,3.8817153122169166,65,45.22068320302296,253,3.7831951117839355,60772,,,
1641,OK,0.04113265306122449,9.670139750268751,97,107.53787951345656,251,8.383263009845288,2370,,,
1642,OK,0.22898318042813456,6.359153283696704,100,63.18630163247363,254,5.887231146894596,26207,,,
1644,OK,0.13594444444444445,3.7333333333333334,42,32.34044878801517,183,3.2763022838080573,10392,,,
1645,OK,0.13264312977099238,7.267270939740547,62,125.68250109095443,255,6.947675797462351,11244,,,
1646,OK,0.426900406504065,3.72802152022282,55,55.58761430201148,250,3.4919484492183086,38357,,,
1647,OK,0.16367132867132866,7.673716442355622,112,110.73258009671531,254,7.356508844402076,15735,,,
1649,OK,0.27519811320754717,2.519328556900118,41,83.98460650709151,223,2.1317064658586022,24833,,,
1650,OK,0.21265917602996254,4.3744716449454035,80,67.05526749754226,241,3.981989371336785,19507,,,
1651,OK,0.17965555555555557,5.093821510297483,86,62.08424645474123,239,4.415088599893528,13149,,,
1652,OK,0.23933333333333334,5.071422353760446,51,47.99264168857727,209,4.819490249801275,19709,,,
1654,OK,0.04531021897810219,4.796684118673648,47,39.70427394537148,218,4.0821516354698435,3526,,,
1655,OK,0.0776875,5.589233038348082,41,71.08161381039507,253,5.446111176217821,8533,,,
1656,OK,0.06967350746268657,5.536037845316196,53,35.14795800703894,190,4.933738370989178,5267,,,
1657,OK,0.027857142857142858,8.340687736036573,69,77.90501170479982,228,7.935526564567971,1763,,,
1658,OK,0.20935897435897435,5.885472253812732,76,84.55095477464539,252,5.536727192934335,18229,,,
1659,OK,0.07887640449438202,6.244222855333966,59,75.84084871648912,255,5.6426542731732505,6455,,,
1660,OK,0.04954291044776119,4.5397602460302515,46,86.37800940238887,255,4.030356271351879,3415,,,
1661,OK,0.38452247191011235,4.245817809920374,53,55.20893615079184,228,3.8722933234520043,35083,,,
1662,OK,0.202687265917603,5.106912428204062,60,60.89360327880404,250,4.815825572160855,18468,,,
1663,OK,0.1020234375,6.794062842994614,71,72.15803180182296,250,6.314626025469399,9711,,,
1665,OK,0.19735,6.046754919348028,94,57.74656087128055,244,5.390984996738421,25550,,,
1666,OK,0.09885767790262172,5.6430510829071165,57,43.868186446665696,175,5.224585105495788,7994,,,
1667,OK,0.3271691176470588,7.383551210498059,54,63.53632770522558,240,6.995574507993728,22747,,,
1668,OK,0.12150579150579151,5.982099353882004,87,60.428906810823484,254,5.559066404911034,10697,,,
1669,OK,0.21727064220183487,4.621309687181111,51,99.4322091012981,255,4.18006851448147,16055,,,
1671,OK,0.28566709844559585,2.764859697251381,44,43.19716573127941,214,2.540593325092707,40450,,,
1672,OK,0.2663029661016949,4.532956760412109,57,67.75182762786176,255,4.0502806145919585,21738,,,
1674,OK,0.37859170305676854,4.61695358382114,61,57.801859887680585,233,4.211993675818914,29938,,,
1675,OK,0.2694051724137931,3.9890136848954167,55,37.74832741389279,239,3.6896860766331505,27151,,,
1676,OK,0.2950093984962406,5.233107139443754,59,70.76633204907725,252,4.98824016563147,28175,,,
1677,OK,0.1374034749034749,5.1475002927057725,41,61.17551987168728,238,4.67640579710145,11500,,,
1680,OK,0.162325,7.992812772729606,90,67.01049863544267,252,7.776802140826225,15944,,,
1681,OK,0.34011652542372883,3.354066091506525,43,44.99540879392548,204,3.1408370003667034,29088,,,
1682,OK,0.19846638655462184,6.0842948378674,49,115.00277391904525,255,5.947625017411895,16751,,,
1683,OK,0.3850936329588015,4.782605524217078,101,75.29401672960572,251,4.594758411681648,38716,,,
1684,OK,0.134070796460177,6.907425742574257,62,75.93782149548629,220,6.635216847372811,9592,,,
1690,OK,0.1743563432835821,3.5192160219713586,59,98.50076640040372,252,3.2294084799170357,16714,,,
1691,OK,0.4104833333333333,5.915174523258489,51,57.07097151150189,213,5.783991824131857,45989,,,
1693,OK,0.19805243445692883,3.826304841149773,46,56.857603213151506,183,3.55665253706784,18637,,,
1694,OK,0.080265780730897,8.576262417218542,84,110.20028114915957,255,8.42482214124588,7684,,,
1696,OK,0.214025,7.7008916403846905,119,107.96764104032147,255,7.541062580989404,21865,,,
1697,OK,0.12862359550561797,7.7278639198272305,74,110.44941956882255,228,7.329104565885971,11272,,,
1698,OK,0.3447265625,4.189735599622285,112,56.154172876304024,253,3.820266949858404,32016,,,
1699,OK,0.20538205980066446,5.556656421869945,92,68.8992355826853,236,5.298385674666154,20793,,,
1700,OK,0.11027355852792262,8.631060476272058,87,88.51454860742471,243,8.365997204443463,9062,,,
1701,OK,0.06370426829268293,5.866874052803701,41,68.19659942582071,231,5.144741948001553,2577,,,
1703,OK,0.080146484375,10.24446610616953,136,133.88071654298443,255,10.044116852961823,6173,,,
1704,OK,0.10410112359550562,5.58436769203094,81,108.07019084049246,255,5.228791966426859,8896,,,
1705,OK,0.13650833333333334,6.2730806015098795,73,74.65127695371183,254,5.766854627293862,13478,,,
1707,OK,0.3875735294117647,2.379111420280079,43,48.79458651832286,213,2.1108367626886144,43740,,,
1708,OK,0.14815491413956888,3.537105539571631,73,68.56843075114574,253,2.8876578572844043,18503,,,
1709,OK,0.10233397678557998,6.162338722848277,55,85.46215823721619,255,5.584106369820655,6468,,,
1711,OK,0.2206063122923588,2.255989357830403,39,77.66122472177524,250,1.9094058201285409,23287,,,
1712,OK,0.18282692307692308,3.0697556186669472,39,47.55658186838617,190,2.609468329850778,15793,,,
1713,OK,0.2426698113207547,4.911233785587477,64,59.08332814297163,236,4.591724436741767,23080,,,
1714,OK,0.13396126760563382,6.375213562886056,62,68.37307976391345,250,5.8833673522792695,12738,,,
1716,OK,0.26371666666666665,6.187237986896712,117,88.44246629090553,255,6.073898536884425,28273,,,
1717,OK,0.3979333333333333,2.3025073993410397,55,97.6329079467021,251,2.073434793367978,43104,,,
1718,OK,0.20095,5.75447181443698,44,60.03633133790821,253,5.663520564763659,21720,,,
1720,OK,0.29519589552238806,5.215431611102333,71,51.51149052566563,229,4.962242772031141,27359,,,
1721,OK,0.20224719101123595,5.892114197530864,123,56.092057902973394,246,5.386009644698188,18041,,,
1722,OK,0.17857704402515723,3.748330765279918,38,93.89022347705412,246,3.4185798551995736,19383,,,
1723,OK,0.16262962962962962,5.56577848629773,66,94.43133265513734,237,4.807925645505727,13736,,,
1724,OK,0.09438202247191012,12.088789682539682,132,58.407326992004414,219,12.264239261008242,8047,,,
1725,OK,0.10447368421052632,7.507616648674583,85,69.5533422890167,255,7.156059947871416,9208,,,
1726,OK,0.2247378277153558,9.419159514484903,87,54.856216333727865,214,9.317233210205577,21387,,,
1727,OK,0.21521428571428572,7.024655066141956,46,78.67703823132966,240,6.7990986896917365,17604,,,
1731,OK,0.3973689138576779,2.946762804652953,45,46.00000517911986,202,2.6566154367246706,39365,,,
1732,OK,0.16106666666666666,6.513222038263429,41,60.869843540298085,226,6.448498546980949,12388,,,
1733,OK,0.085625,5.49365658672228,83,92.31912573641897,215,5.104866266053965,5658,,,
1734,OK,0.2344139650872818,5.349586288416075,58,122.9025443358668,250,5.132946047008547,24960,,,
1735,OK,0.0447,4.278834203330848,48,46.20720948625795,227,3.280888646089411,3661,,,
1736,OK,0.29202471482889736,2.542603864891551,36,87.66885967856712,220,2.245770396353831,27938,,,
1738,OK,0.2853586956521739,7.470422427913,77,84.23136670367722,255,7.237540902904469,23022,,,
1741,OK,0.250688202247191,4.812146338730461,46,57.85952153349203,213,4.591644056206295,15111,,,
1742,OK,0.0901530612244898,5.74734326856568,94,88.1596883430843,244,5.42225551202274,8678,,,
1745,OK,0.15613938053097345,5.220805289880741,66,110.3451792619781,244,4.813292788879235,11510,,,
1746,OK,0.49859540636042404,3.498142603190352,45,86.19635065217264,242,3.4199582881666446,52583,,,
1747,OK,0.04796641791044776,9.416828730714379,115,92.5663740226146,255,9.501433603670025,4069,,,
1748,OK,0.299825,3.7236790905806165,44,62.8534473524476,225,3.5883811864596136,44755,,,
1749,OK,0.28022563176895304,2.9577120036072015,72,74.63651448466686,255,2.5164946211801427,26059,,,
1750,OK,0.1057981220657277,8.602950965165299,94,57.54296502419517,238,8.498402412132668,7407,,,
1752,OK,0.15899774774774775,8.994239440942465,81,89.1108671103315,248,8.860703854717908,11527,,,
1753,OK,0.374042750929368,2.958208065197406,52,39.65306172949485,190,2.6316543237793733,35378,,,
1754,OK,0.16670506912442395,4.617484450587423,51,51.54661965989216,254,4.03295184386576,12058,,,
1756,OK,0.19286654135338346,6.164043337719084,42,60.058636764129375,243,6.020873634370567,18093,,,
1757,OK,0.24934456928838952,3.8475904368506697,53,56.141478524801464,246,3.453885666464664,23102,,,
1758,OK,0.16882022471910113,7.683139212423738,88,144.48275693740376,254,7.625171149684201,15094,,,
1759,OK,0.07168333333333334,7.90017825311943,104,125.5925510332322,255,7.415629641009883,6509,,,
1760,OK,0.39216666666666666,1.0302309108938943,37,47.17619504615666,168,0.7628576242112357,43528,,,
1761,OK,0.20599166666666666,3.722669471526626,49,51.733595015445545,201,3.19671341140186,20751,,,
1762,OK,0.29759842519685037,4.534594523085064,92,63.87658109597743,218,4.329051626556425,27092,,,
1763,OK,0.2668700787401575,4.86489144599346,53,54.42757923189145,241,4.525547851752847,23942,,,
1765,OK,0.10357677902621723,5.59389501597059,81,99.50309873474134,255,5.205436013590034,8830,,,
1766,OK,0.1971,5.90489881053047,82,95.75211040533621,246,5.283204619773186,19164,,,
1767,OK,0.15643324122127114,3.9613261935536817,50,58.27823814089394,255,3.6021512935883013,14224,,,
1768,OK,0.23513333333333333,3.2550680464984407,44,42.22275124204654,246,2.86377974933108,23670,,,
1770,OK,0.2681015037593985,5.18070064736264,58,64.53267671709,200,4.9330945748773045,25130,,,
1772,OK,0.18029166666666666,6.537570295046606,77,115.43610023890612,255,6.355184068694619,18245,,,
1773,OK,0.04305,6.777777777777778,71,55.83616350558197,237,6.454003724394786,3580,,,
1775,OK,0.24789166666666668,4.356293631850831,63,66.89653160190427,235,4.05548156369466,27030,,,
1777,OK,0.402075,5.576820244979171,72,89.57381314081569,249,5.450022847982261,44497,,,
1781,OK,0.2750197628458498,2.702536648462202,42,80.85379184385563,195,2.350834449993909,24627,,,
1782,OK,0.3044781509570242,3.7291444273119043,47,58.71097062845077,227,3.4575787187839304,30700,,,
1784,OK,0.3231346153846154,4.731774087960483,47,98.6321608849239,229,4.555398907103825,30500,,,
1785,OK,0.31193376068376066,3.461097601351737,44,53.79414520027535,204,3.162050036680074,26354,,,
1786,OK,0.40829714285714286,6.279693593834556,44,51.33116364713305,238,6.222911632809315,33523,,,
1788,OK,0.24773206751054852,6.35160031225605,89,52.88698497277338,242,5.95936077545273,20358,,,
1789,OK,0.177312734082397,5.326010807766101,53,105.32840141280555,255,4.913812860857685,15126,,,
1790,OK,0.19732142857142856,6.661268556005398,85,75.36598169506078,253,6.283718261899474,18012,,,
1793,OK,0.07019166666666667,4.068384186156951,43,82.10391329156846,239,3.6774070361353766,6983,,,
1795,OK,0.2987413820747154,3.6957041907062034,87,69.31402305420596,255,3.3495661480830243,26161,,,
1796,OK,0.05495387453874539,8.286721504112808,74,84.29303775432842,255,7.681658528227533,3891,,,
1797,OK,0.2723220973782772,7.003197634438179,143,62.739551701065416,250,6.8489760020103025,26530,,,
1799,OK,0.2948501872659176,3.328082989308775,86,78.80686938432258,250,2.9151714924273637,26697,,,
1800,OK,0.03713483146067416,6.6632207093629185,65,78.01871624819287,253,4.870206489675517,2260,,,
1801,OK,0.20150749063670412,4.447841643046327,64,61.27346709037395,224,4.171107439154532,19366,,,
1802,OK,0.06266666666666666,8.292331560283689,84,71.20240931721194,239,7.4337260131881155,4499,,,
1803,OK,0.19602059925093632,5.8221797627577425,100,75.44856072516936,255,5.18192158805291,18169,,,
1804,OK,0.06808333333333333,6.970991432068543,77,74.09770783033771,239,6.2119878090077885,5906,,,
1805,OK,0.25864443369188966,6.376600949776947,58,48.11165361314724,228,6.367592810611412,25482,,,
1806,OK,0.3565,7.290229079008883,58,57.61642061642062,190,6.524078254326561,2658,,,
1808,OK,0.3029626865671642,6.492622607581841,53,48.16774978676631,207,6.431020843681586,36238,,,
1809,OK,0.28560833333333335,5.23688228829302,46,45.55894097931029,178,5.115146242172311,31033,,,
1811,OK,0.13196369636963695,2.9927889625276145,53,62.628750578230644,230,2.688147742318404,14602,,,
1813,OK,0.11068333333333333,4.893966772072479,49,70.69099245987869,221,4.45209239214235,10809,,,
1814,OK,0.13228794642857142,5.514975111786046,64,89.15047097208466,253,5.182324840764331,10048,,,
1815,OK,0.20184734513274336,2.622787307502603,43,50.22976175626793,195,2.173063414011112,15659,,,
1818,OK,0.17306666666666667,6.272181561376477,63,62.914681419972055,226,5.38913909013772,15321,,,
1819,OK,0.22241573033707865,6.0596671437792935,76,37.00927999743114,189,5.919090056285178,21320,,,
1821,OK,0.3418226600985222,2.8331411826872266,44,68.53044308060774,238,2.4076732673267327,24240,,,
1823,OK,0.26380252100840335,4.57855290984223,90,62.39390336316969,240,4.1191310025523835,33694,,,
1824,OK,0.21605,6.083751189282316,71,42.86034044121295,219,5.397927035295192,21901,,,
1826,OK,0.10713483146067415,4.278884810347841,55,32.183522445241444,213,3.355217878823029,8621,,,
1830,OK,0.3862921348314607,6.2885156098506885,58,41.062334716628015,248,6.220275938481019,37907,,,
1832,OK,0.06920411985018726,3.3163306724394532,39,47.41972725474219,172,2.5809628008752736,5484,,,
1833,OK,0.19852830188679246,7.298834188684027,99,57.58516565437795,209,6.947095062079423,17585,,,
1834,OK,0.13402255639097743,6.1302477793361385,56,43.25408074668982,231,5.79286785535744,12002,,,
1835,OK,0.18720037453183522,7.442838326747695,145,59.195779142235075,223,7.312999403697078,16770,,,
1836,OK,0.1403,2.7625772154906154,49,78.6613450428444,188,2.336956889837109,19686,,,
1837,OK,0.19,4.126915204678363,50,74.92272633744857,205,3.5530418113425926,18432,,,
1838,OK,0.29339166666666666,7.066918510523475,56,76.35083084688594,250,6.965122185834874,30841,,,
1840,OK,0.2403,4.385825588384889,55,65.91647287672035,236,4.151279069767442,25800,,,
1841,OK,0.19290833333333332,5.422048468616355,71,83.47825353722041,246,5.147945683002963,21037,,,
1842,OK,0.6009269662921348,3.4948503404540427,51,35.898469455589186,222,3.365933116515059,60573,,,
1843,OK,0.37630833333333336,2.9359641546899335,48,45.73733459820335,239,2.745193252088097,42423,,,
1844,OK,0.3171996996996997,7.136320244885723,61,92.0731985325109,226,7.12283004737502,39613,,,
1845,OK,0.2258046875,5.000149926766541,74,61.98150633554329,255,4.388936335403726,25760,,,
1848,OK,0.24051666666666666,1.6336821195112374,49,72.11355673081846,249,1.2394841493859219,26571,,,
1849,OK,0.265202492211838,4.343092916715611,39,82.45485154251635,255,4.081046419248667,29370,,,
1850,OK,0.17598333333333332,4.8559049152381855,67,58.74607781665689,251,4.430469279680428,18191,,,
1852,OK,0.28441666666666665,3.602285379431585,48,41.184270796941114,169,3.3609418591675038,29870,,,
1854,OK,0.0370625,5.702722235605878,38,107.66740226304061,225,4.850554785020805,2884,,,
1855,OK,0.1816181506849315,8.426106632725215,104,104.89326303088635,255,8.284015275504638,18330,,,
1859,OK,0.183275,4.068749147456009,57,79.98983405947195,255,3.655674421825232,19256,,,
1860,OK,0.2966268656716418,4.424784475529167,83,76.7902113483003,254,4.068940105749921,36186,,,
1861,OK,0.259078125,4.1781356170717485,79,40.82755505880203,194,3.832938655841227,29560,,,
1862,OK,0.2761624649859944,4.259187882476248,54,54.93862789107749,234,3.9190843884252162,35226,,,
1863,OK,0.19395104895104895,3.674283396430503,50,53.96208736390058,237,3.2786528772208965,18855,,,
1865,OK,0.0703183520599251,8.755881047492233,123,72.85462450062107,254,8.083712518959281,5714,,,
1866,OK,0.26295192307692306,5.114064918760132,47,80.37515383177,216,4.791849713401113,23901,,,
1867,OK,0.2591538461538462,3.8153507470070247,43,82.38629598864777,246,3.4150119583959064,23972,,,
1868,OK,0.20428846153846153,3.9586431955819132,39,58.509755822477864,218,3.7974736185475906,19237,,,
1869,OK,0.24600961538461538,3.885857598853495,57,47.2162638950881,245,3.57708528933995,22367,,,
1870,OK,0.2577422480620155,3.514643407646904,43,65.97889496655831,227,3.095067318181139,22307,,,
1871,OK,0.187125,5.893193794997402,61,27.053004596169288,201,5.702417020130613,19804,,,
1873,OK,0.16125,3.2411649278234345,41,28.882844219341198,113,2.951228930989051,14674,,,
1876,OK,0.12594572368421053,6.865295461965394,82,96.94076617898418,254,5.455758157389635,10420,,,
1878,OK,0.23263333333333333,3.9282251516454125,49,65.02453194908996,255,3.395002725024106,23853,,,
1879,OK,0.31210329341317367,4.431014221646641,58,50.040687826657816,237,4.1578706514947505,37877,,,
1880,OK,0.142425,6.8231427847015,87,141.73342143706253,252,6.516159216871806,13893,,,
1881,OK,0.04468333333333333,5.088710680094492,51,109.87422727774967,214,4.512707722385142,4092,,,
1882,OK,0.08303370786516855,6.3237107201924525,55,140.69332461980423,248,5.682237690126321,6465,,,
1884,OK,0.23294375,3.812660424100954,50,59.24884637426091,239,3.5222687818018557,33410,,,
1885,OK,0.11625468164794008,6.307452749140894,54,66.69267389953099,204,6.131360576170346,10645,,,
1887,OK,0.3318820224719101,4.760962994310434,52,69.64737813281013,227,4.543501757699774,31765,,,
1888,OK,0.1461580882352941,8.54726868737685,70,83.85255154398732,249,8.389752906976744,13760,,,
1889,OK,0.6316723549488055,4.100969850875297,58,36.607417531504815,210,4.018594797608769,70647,,,
1891,OK,0.21988683127572017,2.900809432461517,40,55.33577309753342,215,2.6077581650988266,18922,,,
1892,OK,0.17755,4.040348571607372,44,51.101505663971466,250,3.694154208862455,18663,,,
1893,OK,0.33944166666666664,4.186327220353685,58,35.32479257866872,213,4.019880802572707,38144,,,
1894,OK,0.2558166666666667,3.288781028080005,78,30.613995207274193,145,3.172408210033378,26764,,,
1895,OK,0.22121774193548388,7.410678915582127,105,66.55528171566445,255,7.018346715480301,24037,,,
1896,OK,0.24816220238095238,4.501274248193566,82,109.4068172896441,252,4.155739845892647,30628,,,
1897,OK,0.07992857142857143,6.084971700923443,58,61.696846776906554,225,5.755646546030907,7571,,,
1898,OK,0.12448529411764706,4.6308082299665285,49,51.98353559530808,201,4.155065533120793,11292,,,
1899,OK,0.5735393258426966,3.754503107280069,54,67.72880165107803,239,3.6213961520062536,57138,,,
1900,OK,0.09888333333333334,5.239507837518961,61,59.523572604361256,211,4.663383626711372,9544,,,
1901,OK,0.20554166666666668,3.8991148050543956,51,51.546539396164405,251,3.5967269676970073,21061,,,
1903,OK,0.40565833333333334,4.175578791676082,45,53.81540266307726,238,3.9920591114153035,45293,,,
1904,OK,0.29459166666666664,3.66761902067834,36,81.40311167290812,253,3.5152642039051774,32538,,,
1906,OK,0.5760952380952381,5.3566337870355065,72,73.7611585411518,251,5.262166519017675,68857,,,
1908,OK,0.3322972972972973,4.819667547783652,53,74.50040899278149,240,4.552314749136993,35245,,,
1909,OK,0.04782118055555556,8.57130755733043,68,63.019500232471216,249,7.945030443358203,3887,,,
1910,OK,0.10295833333333333,3.8868204505598274,53,72.00865189589236,207,3.2703126633901496,9563,,,
1913,OK,0.158325,3.9256978437461623,43,62.37781144081082,240,3.6720009698733103,16497,,,
1916,OK,0.20327425373134328,7.67835344867147,178,82.91271411677926,255,7.344620015048909,17720,,,
1917,OK,0.09599624060150376,5.337771685921284,53,86.71008601390362,255,4.717969598262758,7368,,,
1918,OK,0.126625,4.987846879455962,86,132.85058918944708,221,4.519552308239608,12181,,,
1920,OK,0.0755,8.005592347314202,85,78.12096628808365,252,7.820494531621493,7010,,,
1921,OK,0.260175,4.835986462103499,85,148.5375407847952,254,4.538591964614818,27130,,,
1925,OK,0.08341760299625468,7.317282149137577,63,74.02036618960544,249,7.102044397648504,7598,,,
1926,OK,0.11638333333333334,5.740178528808058,82,76.43922389673753,247,5.257805135030222,12022,,,
1927,OK,0.1727996254681648,5.61981396188928,52,140.66862112551172,252,5.272775378884091,15748,,,
1928,OK,0.20648333333333332,6.454529555788738,89,120.13498281209525,247,6.248828702622772,21415,,,
1929,OK,0.054859022556390975,8.67706013363029,90,66.33820921545035,255,7.937653631284916,4475,,,
1930,OK,0.3994333333333333,5.360496814932265,89,82.5814462267118,234,5.182239864077524,44339,,,
1931,OK,0.08105833333333333,6.238374284637264,80,56.29365302476581,220,5.850325001090607,7641,,,
1934,OK,0.09666666666666666,6.0714080459770114,85,81.17389606396064,229,5.746687002203016,9835,,,
1935,OK,0.3060833333333333,5.044250839459116,79,128.03696008966816,241,4.75078169050182,32515,,,
1937,OK,0.18261666666666668,5.448754221045907,52,136.4067994752904,243,5.108361515200315,18629,,,
1941,OK,0.24922463768115943,6.455402746682949,56,49.20956434732531,246,6.230108354170674,31194,,,
1942,OK,0.24603932584269664,7.102814882470094,69,48.360522252441335,245,6.892502963541215,23058,,,
1944,OK,0.2975689655172414,4.905189562933349,56,84.67014800814904,252,4.650850318057899,30812,,,
1945,OK,0.3932077625570776,5.139207432138192,76,48.42649484212836,229,4.867032309106849,31178,,,
1946,OK,0.20282548476454293,5.415703056238429,57,87.57263264376337,245,5.071295765347791,19183,,,
1947,OK,0.12612331081081082,4.7541239759816065,43,64.47191858273652,217,4.60358570810095,13089,,,
1948,OK,0.13790350877192983,4.432987723427263,47,63.657003700349684,234,3.963001328021248,12550,,,
1951,OK,0.36941634241245136,6.784477915876694,101,49.1274682216463,224,6.592665909774582,34351,,,
1952,OK,0.08106203007518797,5.4188212560386475,66,56.08399556805591,233,4.918426802621996,6865,,,
1953,OK,0.2919869706840391,2.644820020824037,39,61.75613038277512,240,2.2581547869869154,30851,,,
1954,OK,0.12982209737827716,6.754802259887006,66,70.01537275156471,235,6.168265269125548,10113,,,
1955,OK,0.3907840909090909,4.177043046710673,49,32.60624996113982,239,3.918057744470533,31091,,,
1956,OK,0.18637068965517242,2.317837704488336,38,89.19776226147212,232,1.9655527174684262,18792,,,
1957,OK,0.12933333333333333,6.447573024054983,80,114.62178088310363,248,6.191505441354293,13232,,,
1958,OK,0.040949367088607594,5.65756482912588,53,127.63684492253093,255,4.287445887445887,2310,,,
1959,OK,0.4513486842105263,3.8602466616459767,49,151.84453504406738,254,3.50143897996357,36600,,,
1960,OK,0.15551867219917012,6.1676227321237995,85,53.84665716719078,207,5.59458113879936,12721,,,
1961,OK,0.0774625468164794,5.342237801684194,47,47.8466883866013,209,4.819620725698074,6697,,,
1962,OK,0.19655,4.369498855253116,85,76.01945256912896,226,3.8535724752359184,28435,,,
1963,OK,0.1416358024691358,3.096317280453258,44,63.728888249653416,214,2.6956509539842872,11880,,,
1965,OK,0.23894339622641508,8.339071383449147,98,55.440549385164616,251,8.173180491620784,22158,,,
1966,OK,0.09729375,3.702832915783388,67,39.23440626449634,254,2.6842798752285684,12396,,,
1967,OK,0.05008771929824561,7.340105078809107,95,83.01611721611722,235,6.493064530024985,3869,,,
1969,OK,0.21467391304347827,10.461330736773775,145,67.17858220211161,235,10.24730553303912,22206,,,
1970,OK,0.10832407407407407,7.9620765307576145,139,87.32217387842978,228,7.820440282248886,10251,,,
1971,OK,0.17429303278688524,8.91975780377403,114,121.3628286738885,255,7.634861088457566,12262,,,
1972,OK,0.19375486381322957,5.1700973993372825,121,64.46382407116946,255,4.214932264139481,16461,,,
1974,OK,0.16825187969924812,3.3297583137824454,46,34.72431768702871,184,2.968152164330424,15124,,,
1976,OK,0.14480038022813688,4.417711547298628,43,59.62973090133049,205,4.1263301915475825,13156,,,
1977,OK,0.26194349315068494,3.317916870948412,44,46.60328287222319,183,2.920982014702762,26707,,,
1979,OK,0.14669354838709678,4.926109176796367,63,82.7284930710883,244,4.0637387387387385,11840,,,
1980,OK,0.16769372693726936,4.678475813254117,60,43.65332550080173,184,4.009772916941187,15178,,,
1982,OK,0.22080882352941175,3.9501887001887,90,46.62475622031393,236,3.004189565909996,20925,,,
1983,OK,0.17730375426621162,3.964902149502727,80,45.46307128534882,198,3.489891220744973,18202,,,
1984,OK,0.35519974226804124,3.3652958925148595,95,82.60321964965576,247,3.013132820423377,51601,,,
1985,OK,0.3644556378201238,5.407755853430651,73,46.21553804938861,211,5.199362721220978,32848,,,
1986,OK,0.26145189003436425,4.09627706765682,81,64.9121988670071,245,3.6603942318440956,26837,,,
1987,OK,0.24568588903451288,3.4339112395347113,44,59.252515746036345,162,3.1434227986815633,15574,,,
1988,OK,0.03662650602409639,9.911595394736842,75,46.847303860263466,231,8.847077847077847,1443,,,
1989,OK,0.2655453020134228,6.326646236796933,57,56.60176057812756,229,6.259146305838913,28527,,,
1991,OK,0.1918445692883895,6.694909463614622,49,53.96039516013795,227,6.538893537889353,17925,,,
1992,OK,0.13163680781758957,6.261738323538509,79,62.38533001984964,230,5.915626942014437,13946,,,
1994,OK,0.28075833333333333,5.221948492673612,52,36.7009272883863,192,5.172727762512796,30935,,,
1995,OK,0.20434166666666667,5.791974226173484,57,47.22943614128063,217,5.551085180863478,21425,,,
1996,OK,0.18259166666666668,5.747235026546788,53,66.88079193385599,244,5.543018214842612,19453,,,
1997,OK,0.252575,5.968018300394823,88,70.55655900071727,212,5.740668237568727,27585,,,
1998,OK,0.23548125,5.427493342534349,65,102.17059479138565,251,5.0345297091655405,33295,,,
1999,OK,0.17387801204819278,5.92499242128968,71,109.35064579934189,253,5.5957119224280545,20351,,,
2000,OK,0.22554307116104869,7.814513450680837,94,60.97612599542187,254,7.615860403521072,21395,,,
2001,OK,0.10628333333333333,5.390073702367885,46,62.61244242209499,217,5.179603570888183,11015,,,
2004,OK,0.11602996254681648,5.182886808693781,54,45.08242239358246,222,4.900841250039983,10421,,,
2006,OK,0.06681475903614457,4.8960141252488825,59,68.13005505929566,243,4.646628332462101,7652,,,
2007,OK,0.1882185628742515,6.0835785678305365,46,39.095552031275936,186,5.982744647304127,22621,,,
2008,OK,0.2437313432835821,5.360979281486018,96,109.41119416485758,253,4.6686443053349524,21406,,,
2009,OK,0.17633333333333334,5.233301827347196,55,54.61380345339269,248,4.944529801324503,18875,,,
2010,OK,0.18828333333333333,4.870717889705231,61,48.25980603522028,254,4.5734585258083955,19916,,,
2011,OK,0.4037172284644195,4.976637211927237,71,135.20575349779375,254,4.771504629044623,39569,,,
2012,OK,0.0411484375,8.377634326941333,69,81.03476924163292,248,7.958877228905384,3907,,,
2013,OK,0.362265625,3.8423909136654446,103,65.87629547960309,227,3.569319313432602,42511,,,
2015,OK,0.2227,3.83895873871177,72,57.23860371370985,221,3.438618647980662,24546,,,
2016,OK,0.24215178571428572,4.005420154124111,61,66.13511390724835,238,3.673927476656637,23597,,,
2018,OK,0.17669767441860465,3.772615600596648,48,44.105177673577764,243,3.222153144751839,12868,,,
2020,OK,0.22940298507462686,5.843011277380178,112,108.54271579830848,255,5.236688499754934,22443,,,
2021,OK,0.07244712990936555,7.055532388101195,51,101.15602946604999,255,6.497387374664595,7081,,,
2022,OK,0.10542293233082707,7.511426109179519,128,85.9073223860003,254,4.30634613613337,7238,,,
2024,OK,0.10635,7.154286162043567,58,71.55827225423823,244,6.643255533056236,9383,,,
2025,OK,0.048380149812734086,8.179923875878975,79,75.45191686427309,235,7.910656167979003,3175,,,
2026,OK,0.13048262548262549,15.20994229915668,162,88.94068367339388,255,13.40094623655914,7750,,,
2027,OK,0.24253333333333332,9.581099963349827,85,40.95934547908232,202,9.49417127484681,26764,,,
2028,OK,0.2720055970149254,5.796746573385004,52,53.0410937840366,248,5.607076772025225,26481,,,
2029,OK,0.11072580645161291,5.331044289529359,65,146.33202485673692,255,4.585752795085952,7543,,,
2030,OK,0.30842,5.2102436072023,53,55.46717661008126,235,5.043760227163346,27704,,,
2031,OK,0.08534313725490196,3.388337299308006,49,99.81873422502609,255,2.587559443229546,9603,,,
2032,OK,0.25448473282442746,5.325984251968504,40,56.478889884380735,225,5.0956088664422,23760,,,
2034,OK,0.1120575221238938,2.3029285949325438,48,120.70067688218928,255,1.9097498160412067,9060,,,
2038,OK,0.1508736059479554,6.169418093712784,53,108.09720975709418,255,5.8679677958074725,13373,,,
2041,OK,0.34463089369232713,6.09782525636911,65,75.6193392321849,222,5.928272197813426,19574,,,
2042,OK,0.2543154761904762,5.863298875235681,71,90.14778598195082,235,5.494222421793145,22270,,,
2045,OK,0.2601375,6.341774382137651,46,98.07545884088823,255,6.314373524956849,37852,,,
2046,OK,0.29664473684210524,2.336610729158966,58,55.92069133954832,250,1.8707896030300402,11529,,,
2047,OK,0.3571373056994819,8.585990110381681,90,110.6462081981637,255,8.371541992308646,24183,,,
2048,OK,0.20285833333333333,8.175875337194814,124,122.82332012642392,255,7.997205212749254,21230,,,
2049,OK,0.16469101123595506,5.798699945041409,55,109.75545242925948,251,5.45961555615021,14948,,,
2051,OK,0.223843984962406,4.74771521742173,38,63.7174479008997,245,4.5351623490424755,20922,,,
2053,OK,0.0843828125,4.125975989877481,44,96.42163897871711,249,3.6754288671990536,9016,,,
2054,OK,0.15292613636363636,3.652094040910686,43,75.40091968414737,240,3.2627979819716426,13941,,,
2055,OK,0.321814381270903,6.232568612677215,88,57.957145146774174,230,5.819829797707286,35213,,,
2057,OK,0.1427217741935484,3.858383952535669,43,83.79320414226696,219,3.3844257703081233,11900,,,
2058,OK,0.139675,5.840164667979238,43,61.723011652573156,249,5.584037688790356,14434,,,
2059,OK,0.20685873605947955,5.301060292928385,44,44.73259356471608,217,5.026766246029702,19415,,,
2060,OK,0.08882774613282292,6.331779412272523,100,68.61522820766595,234,5.95976565865426,7738,,,
2061,OK,0.05349038461538461,3.71957576847025,39,86.69235483947432,221,2.649296729367904,3934,,,
2063,OK,0.3177757352941176,4.997088370837431,55,120.71389629869138,255,4.752691705276071,30433,,,
2064,OK,0.1245514950166113,5.585022672712723,71,53.070070079566875,249,5.0393485307402095,12546,,,
2065,OK,0.3567916666666667,4.0947020125345475,60,43.06531925460474,230,3.805169901050855,39111,,,
2068,OK,0.25579166666666664,5.830417549003638,66,60.19801056305172,255,5.640886798950281,28071,,,
2069,OK,0.04388333333333334,4.730282314216989,54,55.13909855259411,233,4.000907366163491,4041,,,
2071,OK,0.4195383194829178,4.495370777944068,91,66.86241197929922,248,4.207278020378457,42365,,,
2074,OK,0.2960188679245283,5.629846814116047,75,59.509666496922264,251,5.433295970881392,27657,,,
2076,OK,0.016865781710914456,7.629937326920274,61,68.93147454986885,229,6.708702064896755,1356,,,
2077,OK,0.09266917293233083,4.674577417173766,40,81.25332159381259,246,4.315909846972721,8016,,,
2078,OK,0.46755805770584097,2.3467121546591745,51,78.1688768467119,225,1.988593479556224,35243,,,
2079,OK,0.15625,6.653219858156028,72,86.80686805008318,255,6.338418894463152,14551,,,
2081,OK,0.09289772727272727,5.079544682296976,68,61.926133556042736,254,4.297904435746902,8176,,,
2084,OK,0.18202764976958524,2.469282700421941,71,61.2323255086072,246,1.3596845936109987,9892,,,
2085,OK,0.09359577922077922,8.408464140143959,90,63.56391358986529,247,8.12268957566291,8963,,,
2086,OK,0.21404205607476637,5.914116605416682,45,71.03168940812748,237,5.7517887377792345,24412,,,
2087,OK,0.289559925093633,3.498022096469954,44,66.57572322899506,207,3.209766661659406,26628,,,
2088,OK,0.3822509225092251,4.892468706760627,94,88.97783386098003,219,4.679175566189922,36987,,,
2090,OK,0.18793209402365954,4.809387560460522,53,52.17823866054959,253,4.400080224628961,8310,,,
2091,OK,0.3042476851851852,4.0788602731388135,46,39.81681167135228,189,3.6206886329612997,22489,,,
2092,OK,0.27096289752650177,7.47495625903346,65,51.02181104365844,242,7.220075207565435,26859,,,
2093,OK,0.07444888178913737,7.089761470514609,55,108.79254222076476,255,6.257974350542585,6082,,,
2094,OK,0.08186538461538462,8.077989194268264,85,74.98139343289418,253,7.373856881572931,5832,,,
2096,OK,0.14575459813555053,4.477095937770095,36,64.24906847564273,255,3.953391495716419,4241,,,
2097,OK,0.22525,4.1979282278949315,92,105.17230647879244,230,3.6951047792595046,24146,,,
2098,OK,0.11741379310344828,10.424655618488218,96,87.14566337051197,255,10.281064461407972,12576,,,
2100,OK,0.10808333333333334,7.270598817784631,65,50.58903422716372,246,6.646124928674521,9931,,,
2101,OK,0.41747191011235957,4.441850207090417,94,87.95573879405492,215,4.26131926790056,42089,,,
2105,OK,0.12041666666666667,5.587381776239908,67,100.18542239065214,207,5.1029956243689,11884,,,
2106,OK,0.19418888888888888,4.931223894261029,52,126.48830026336472,229,4.59789011201236,13808,,,
2108,OK,0.12354444444444444,4.075846149234044,55,55.064628998111075,179,3.255684770011589,8341,,,
2109,OK,0.23428879310344827,4.040060711986018,53,58.9683826357811,221,3.622200090855086,19078,,,
2111,OK,0.16790262172284645,4.304836790839468,52,75.78708496496677,167,3.6092936028339238,14397,,,
2117,OK,0.17789166666666667,5.737886666354367,69,72.96920519396268,228,5.383148636763413,18950,,,
2118,OK,0.08904375,7.0459511944035,83,90.79951699107394,255,6.063739081179381,11181,,,
2120,OK,0.07986940298507463,5.933893950011679,70,76.34489750400454,225,5.302822384428223,6850,,,
2122,OK,0.07345192307692308,8.326438888161627,64,53.912398861226706,214,7.8898157234761745,6114,,,
2123,OK,0.10364232209737828,6.83903996145391,66,94.83959567259647,234,6.565794311307196,9973,,,
2124,OK,0.1715018656716418,7.0728855044873535,75,49.34513314192422,255,6.657417092229127,16253,,,
2125,OK,0.21110486891385769,8.313521984683167,94,77.2709347132876,248,8.187333670203806,19790,,,
2127,OK,0.027059925093632958,8.060322952710496,69,100.45487441054759,230,7.549046740467404,2168,,,
2129,OK,0.06141373801916933,7.997398881519053,61,75.665063979826,228,7.653762413042323,6277,,,
2131,OK,0.08132398753894081,7.18288322798953,72,58.238248642172074,255,6.951912323864907,8942,,,
2133,OK,0.1806,3.6324904638858126,49,66.22521221489978,192,3.3936028853454823,17560,,,
2134,OK,0.12015988372093023,4.214850207652917,46,56.14788627690681,254,3.9799921021455837,15194,,,
2135,OK,0.13881711409395972,2.8069337845732356,36,29.062660938631442,114,2.2350033297474514,13014,,,
2136,OK,0.034991166077738514,8.30118656904822,51,75.72293167580565,252,7.863256549232159,2952,,,
2139,OK,0.14723799126637555,7.8434789056128125,84,53.67187706698416,220,7.65161361995223,12002,,,
2141,OK,0.3338757396449704,7.193774922463447,93,51.88540972684877,203,7.004922626620434,40087,,,
2144,OK,0.11505368098159509,5.560665644648848,54,125.1412688371448,243,5.043311546840958,11475,,,
2147,OK,0.1718018039014613,3.469940536751905,41,63.105284386974525,245,2.9615242638498454,11739,,,
2148,OK,0.2534082397003745,2.8036629224554144,41,66.05148657235544,204,2.6287218818167926,23991,,,
2149,OK,0.0729368029739777,10.067405708460754,96,78.19944128104366,254,9.208740120874012,6453,,,
2151,OK,0.14023408239700375,9.261222763793372,93,76.45108160990893,251,9.339425587467362,13788,,,
2156,OK,0.3503373015873016,5.181240678862019,88,60.16023781164422,239,4.8585880173826315,32753,,,
2158,OK,0.2630565371024735,7.749826493832136,97,108.94539809642541,251,7.478445704057279,26816,,,
2160,OK,0.28810185185185183,7.2938668380738125,119,55.7022826299018,244,6.7448574832062285,27143,,,
2161,OK,0.17325559701492538,6.492650621870457,66,83.62788615959772,250,6.371100164203613,16037,,,
2163,OK,0.0520875,9.098552115830733,85,75.02013195662398,238,6.330140266849128,2923,,,
2166,OK,0.09059267308015088,7.358621810498944,127,56.22945484923842,232,6.49698214973674,7787,,,
2169,OK,0.32755597014925375,5.206176074120484,90,98.91293732486197,255,4.843184621186639,32703,,,
2170,OK,0.05162962962962963,11.829148732663798,98,68.0442083886589,244,10.056819195433057,3737,,,
2172,OK,0.14096034046158734,6.3039617486338795,79,65.11707147580672,206,5.615162605254545,11203,,,
2173,OK,0.10905783582089552,16.438742052290937,155,105.34432357160058,253,16.256209150326796,8925,,,
2176,OK,0.10491666666666667,4.2696584590945195,71,70.69801073767185,237,3.8022609695343936,10438,,,
2177,OK,0.21588619402985074,8.11987786083625,71,70.09766785237002,240,7.979927929690684,20443,,,
2187,OK,0.10824810606060606,16.528154433849473,139,92.6371240358646,255,16.379517151806862,8726,,,
2189,OK,0.07647727272727273,9.383275548951627,109,63.8002713861887,255,8.355116435869508,6427,,,
2191,OK,0.1578784403669725,8.330597322098738,106,64.69752472775637,246,7.430041518386714,11240,,,
2194,OK,0.28151002506265665,6.541454294553629,80,68.00689799513391,254,6.18659860833554,41533,,,
2196,OK,0.07074626865671642,8.246659634317862,103,87.87632174215655,255,7.174728963733421,6057,,,
2202,OK,0.11095637583892617,8.523085841020213,107,177.1471933367304,255,8.35370419504142,11307,,,
2203,OK,0.15793774319066148,5.030179847253018,93,107.23931811530582,230,4.438777870293274,14412,,,
2204,OK,0.3345342205323194,9.792742875003551,90,27.812333052409045,242,9.651188715244281,31098,,,
2205,OK,0.04041095890410959,9.039689265536722,73,62.26992029502736,215,7.2391921741874405,3169,,,
2207,OK,0.1592490118577075,8.84441962438984,117,100.93049613715074,242,8.519111880878498,13857,,,
2209,OK,0.2976916666666667,3.878089746101951,67,41.40612108483533,216,3.26515713932195,32328,,,
2211,OK,0.26954280155642024,4.066632983266568,81,43.7301230063079,167,3.845865208027799,25229,,,
2216,OK,0.08539940828402366,5.705352503031353,87,43.37440762126579,222,5.561425536024725,10354,,,
2224,OK,0.2284057971014493,8.700547271573605,112,109.23095495241672,254,8.390753777472527,23296,,,
2225,OK,0.1749264705882353,5.427661793782012,60,55.49644020635911,200,5.136341916644545,18835,,,
2226,OK,0.11014444444444445,3.8780053128887992,42,88.54397509375221,227,3.558819064966606,8784,,,
2233,OK,0.1248,8.168447293447294,127,74.30861199979687,255,7.861821576865434,13567,,,
2234,OK,0.1985579514824798,6.786420507251295,110,54.77807299286439,233,6.556218794799546,26972,,,
2237,OK,0.1281439393939394,5.800374421125234,97,72.1795774137956,249,5.5122197026958935,11907,,,
2238,OK,0.1929251700680272,5.606840620592384,60,60.520945718138904,231,5.540821917808219,20075,,,
2240,OK,0.13667763157894736,6.591362481615189,78,67.36730805867785,231,6.3479352494218695,10090,,,
2244,OK,0.07039166666666667,10.273785564894835,114,97.22864169199096,255,9.212603062426384,5660,,,
2247,OK,0.1419548872180451,7.776350635593221,86,83.66463663979437,246,6.516842463422933,5878,,,
2249,OK,0.2716372549019608,4.741906377449742,64,70.3396416889882,222,4.525585521176735,25177,,,
2250,OK,0.22988051470588236,5.497581064331694,81,79.53818122506136,253,5.16629135891431,22204,,,
2251,OK,0.29282868525896416,9.911712018140589,89,77.66089671361502,253,9.618224281463066,26547,,,
2252,OK,0.2567723880597015,4.353011698030953,94,53.63072436846817,205,3.798957698815567,24625,,,
2254,OK,0.41102713178294575,4.3059707356939665,72,35.04409748500104,220,4.184271547261511,38957,,,
2255,OK,0.1578231939163498,7.0283482904695935,90,66.66346490287482,255,6.877446135599921,15177,,,
2256,OK,0.3046160130718954,5.785856689464039,95,90.84585169084963,247,5.422501356904706,34392,,,
2257,OK,0.14636281588447653,6.183058929929498,72,91.79570324476914,245,5.880974992086103,14742,,,
2258,OK,0.22692518248175184,7.78293326900138,125,104.22964982473533,251,7.332481697295682,22310,,,
2259,OK,0.11885338345864661,6.529600927829617,94,52.48309761005753,235,6.10114026142579,10787,,,
2260,OK,0.10881161971830985,5.859126823611898,67,46.75497255668929,236,5.383928843400652,10943,,,
2261,OK,0.10739457831325301,8.45201701491142,81,61.43993768524299,238,8.582759340429973,4791,,,
2262,OK,0.21957219251336899,5.498132813768469,58,65.91007434562148,242,5.24000183137605,29122,,,
2263,OK,0.13973938223938223,10.92192212935461,118,67.26637717910454,254,10.581082592406196,11922,,,
2264,OK,0.0869371727748691,6.852679915688046,75,53.709111021913856,234,6.668504419357662,11427,,,
2265,OK,0.37827702702702704,4.958748871225428,86,66.12791996474004,215,4.727824872519406,30789,,,
2266,OK,0.1932319391634981,8.629591368227732,136,64.92507933515569,255,8.57867943165413,17548,,,
2267,OK,0.20691810344827585,15.058466132000138,141,85.86093825013361,246,14.861228531170266,17506,,,
2269,OK,0.18194444444444444,4.588504714863045,106,56.78115117014548,232,4.020973027476683,19835,,,
2270,OK,0.13922284644194757,7.241621270204228,134,65.63445047553782,220,7.080429819336907,13432,,,
2271,OK,0.11888461538461538,4.223848808368381,35,78.4097916393848,230,4.227166713312809,10719,,,
2272,OK,0.27435328185328184,3.5002169604428337,61,68.90296677618598,240,3.1281595881595883,25900,,,
2273,OK,0.337546468401487,5.9492290748898675,82,80.92124953236065,255,5.816248614888687,33090,,,
2277,OK,0.41186339522546417,5.980700596263558,77,132.50468104617906,255,5.739363809935516,55518,,,
2280,OK,0.1677436440677966,3.0026734027997053,69,72.92721949977725,248,2.4928078617072735,13093,,,
2281,OK,0.228925855513308,7.132264806433307,66,73.1489823341593,240,7.071239552070223,20658,,,
2282,OK,0.16605809128630705,4.713205897051474,48,61.081886257339036,229,4.4543253356812675,13629,,,
2284,OK,0.2531149732620321,5.286466311026603,117,71.07455802769674,255,4.963527786003356,33770,,,
2285,OK,0.3492211055276382,6.486533803391131,97,72.66357154807407,234,6.2591677140064235,23870,,,
2287,OK,0.11231796116504854,2.894111291193949,48,61.64185749766445,202,2.0809319737943945,6767,,,
2288,OK,0.277188995215311,4.940937010026036,63,66.78330326950977,245,4.6069106101957615,19786,,,
2289,OK,0.19526785714285713,3.496253111822385,64,52.193344181860766,240,3.1634279382937014,23466,,,
2291,OK,0.16982625482625482,6.187298700314501,95,150.94155446519235,255,5.50730126968246,13993,,,
2294,OK,0.4304709961102655,4.790297762281262,53,32.13158383133514,197,4.5028560173330705,35539,,,
2296,OK,0.44505432776413567,11.22640942420964,112,47.53712005090089,197,11.347371373617566,24956,,,
2298,OK,0.22098534201954398,7.869501664394247,108,91.96794302220643,253,7.342022955320624,23553,,,
2299,OK,0.1699562937062937,2.187488213410139,59,133.33445664879892,255,1.3080317944452147,14426,,,
2300,OK,0.23236842534187407,4.490571552157496,61,80.02627937674066,246,4.52905480201123,24993,,,
2301,OK,0.20889261744966442,3.9543760628097977,61,73.78518815740449,201,2.639043622027216,13105,,,
2302,OK,0.2862045513176307,4.548705762384711,75,88.82156729603831,254,4.331146708837282,34147,,,
2303,OK,0.3778757225433526,6.47973791222099,119,80.05928240149281,253,6.164870216366058,46295,,,
2304,OK,0.36355008002382105,6.2684327275829705,93,87.55006481671003,253,5.977410238591615,35975,,,
2305,OK,0.10419871794871795,6.376431183567449,81,67.6292334052898,250,5.479865489701555,7930,,,
2306,OK,0.17273577420086147,3.098269214994668,65,80.12107561873769,255,2.7519839431835726,10795,,,
2307,OK,0.17736650110261537,2.473003331009373,50,87.48440853480312,254,1.9910979228486647,15165,,,
2308,OK,0.06858267716535434,2.611318407960199,50,57.90471510694057,231,1.9460290350128095,5855,,,
2309,OK,0.0885191637630662,4.561602046841173,60,95.47188401918997,235,4.349003180513536,8594,,,
2311,OK,0.31176470588235294,3.6722442899702084,51,75.3192832508622,255,3.4591287599841385,35306,,,
2312,OK,0.1721510152284264,4.4085486466895185,41,76.70983145421518,250,4.274557101122993,24874,,,
2313,OK,0.18247474747474748,4.687517298643787,49,70.68606752332119,251,4.5310567892019655,26795,,,
2314,OK,0.1851767676767677,3.5729805900268192,53,87.42142470979984,243,3.1808281141266526,19160,,,
2316,OK,0.19586990595611287,2.806985956067699,32,107.33069543663363,255,2.721864834507607,22851,,,
2317,OK,0.27149853801169593,3.1411378261220753,73,61.78004997039906,249,2.9452827268682413,34462,,,
2318,OK,0.24560636323882237,3.8160980382721394,32,45.428607237975875,194,3.676211748086211,17461,,,
2320,OK,0.2744767441860465,4.307973828520323,66,63.336240439493906,240,4.050795683434044,24989,,,
2321,OK,0.41371843434343436,4.189482143856276,44,75.63211905197755,245,4.077752420356719,60907,,,
2322,OK,0.24831852791878173,3.9844214471274646,45,77.69524894835324,217,3.88050999836539,36706,,,
2323,OK,0.28319787985865724,3.7179695135899515,61,59.77204571409792,194,3.448483134148929,28282,,,
2325,OK,0.1775137741046832,4.7426576139670225,75,72.58649082408765,255,4.62494266712533,23256,,,
2326,OK,0.17792699724517907,4.21616669892265,35,66.3555369385219,239,4.176505739459129,23986,,,
2327,OK,0.05011254019292605,6.418137097636617,57,56.05989314467219,208,5.847932414406403,4498,,,
2330,OK,0.2442785234899329,4.402362799642833,48,71.44330350865508,228,4.182735856298457,26054,,,
2332,OK,0.2142094017094017,2.730163480188418,58,74.45984742050004,224,2.390967865984089,27738,,,
2333,OK,0.12338503649635037,3.0201878281446426,57,68.14548747358889,247,2.5663052072743704,11804,,,
2334,OK,0.3390731292517007,2.9434399164054335,56,58.69006540152246,240,2.5298835175467977,35828,,,
2336,OK,0.1757758620689655,5.360089368426789,76,67.48029998411758,202,5.233094527363184,16750,,,
2337,OK,0.23775862068965517,3.4822536459592297,70,105.00827804166981,209,3.2074933350959527,30258,,,
2338,OK,0.23862359550561799,3.260545418873847,91,74.623618028654,214,2.7406026716371543,31117,,,
2339,OK,0.04472636815920398,3.944104560622914,42,58.13196361300627,233,3.091982820329277,2794,,,
2345,OK,0.14768672199170124,3.423076022570298,68,79.945502639063,255,3.06129610855494,12823,,,
2348,OK,0.11524038461538462,1.8763500672136466,134,179.84025853272715,255,1.161845845176392,11962,,,
2354,OK,0.07265243902439024,3.9516715624562875,48,53.59598798917272,194,2.8876682501979416,3368,,,
2355,OK,0.031956449727810796,3.0113436338744375,126,90.11235360200405,255,1.7773657782927772,4315,,,
2356,OK,0.2666051912568306,7.5502976266728155,65,66.43928570319801,214,7.457093598798732,35962,,,
2357,OK,0.26983901515151515,7.813218693338013,57,125.8789918509392,255,7.775434259151956,25887,,,
2358,OK,0.09906468531468532,8.500926497838172,49,101.7905666540535,254,8.45208788299914,10074,,,
2359,OK,0.2512749003984064,6.348409174990751,52,61.02758119157843,223,6.207263024602026,22112,,,
2360,OK,0.14667812262061933,6.016334889037051,40,58.03632697277046,250,5.841366114300155,18466,,,
2362,OK,0.08116236162361623,7.2396377964688945,43,60.63287551120125,202,7.164598842018197,7657,,,
2363,OK,0.13478682170542636,7.713156002875629,73,58.34120655541867,242,7.53743799700811,12701,,,
2364,OK,0.08762962962962963,8.880388841927303,78,62.85552488430624,228,8.60270937200987,6619,,,
2365,OK,0.12369391025641026,3.164712487314029,69,66.98207803370427,247,2.6163678995537403,13221,,,
2366,OK,0.2878321678321678,4.444029397473275,53,57.417709969887404,207,4.3208308394848265,30074,,,
2367,OK,0.2669736842105263,5.455429604074257,60,42.386932328127806,185,5.221509065087885,18073,,,
2369,OK,0.2699970503847907,7.512778495050816,101,93.72530365363895,248,7.341033575188505,37488,,,
2370,OK,0.28508125,6.741141048969958,161,120.66815576362116,255,5.94345757001474,39575,,,
2371,OK,0.21702932098765432,5.358196750453301,80,70.96071204491179,251,5.070220501066941,25306,,,
2372,OK,0.1751984126984127,8.451566628916572,111,119.53762328602357,254,8.285971499462047,15181,,,
2375,OK,0.35331314570716066,10.14555919670616,112,76.73714823486205,254,10.137698785633996,36178,,,
2376,OK,0.2102013422818792,7.1555050021285656,94,71.64488797303422,226,7.054367883343085,22219,,,
2378,OK,0.19152777777777777,3.7356780275562,100,78.9873933459314,247,3.2768317853457174,24548,,,
2379,OK,0.4212725631768953,4.863087459205461,71,53.61937734250321,236,4.738283595133332,43863,,,
2380,OK,0.31407418952618454,5.1516053793856385,111,75.9296924114007,209,4.9339160555299975,36953,,,
2381,OK,0.47175324675324676,6.247336545079147,75,76.4300594140545,243,6.05108713300958,67747,,,
2384,OK,0.39534296028880866,9.228784281496363,98,51.57605429179851,232,9.34587728704789,40099,,,
2385,OK,0.4317264150943396,7.342569324563512,114,66.99567818229106,203,7.06416104720349,40336,,,
2386,OK,0.12722115384615384,8.055904063688812,82,56.22779436444895,231,7.8265123718129646,10629,,,
2388,OK,0.18755924170616114,7.085112655295852,53,58.1474308492538,233,7.158936722907367,13217,,,
2389,OK,0.3567003367003367,6.244171228997546,88,135.4645835514149,255,6.038884294673006,38696,,,
2396,OK,0.2586127167630058,7.774307107733572,63,50.58694903581267,255,7.733723820738102,33121,,,
2398,OK,0.31923736757397286,5.9208125577100645,61,53.43930615814953,255,5.743460671381365,32381,,,
2399,OK,0.07264869888475836,9.840220033260842,100,78.06588964720109,255,9.311353622297366,6506,,,
2404,OK,0.2436241610738255,5.53458448117539,71,103.34857290742384,247,5.195506462862848,25711,,,
2405,OK,0.24044384057971013,6.99649651535129,80,39.06377675749806,184,6.822427720210819,24223,,,
2407,OK,0.20709866220735787,7.9213129314869395,80,63.43700899494891,253,7.546186502708242,22770,,,
2412,OK,0.1749468085106383,5.57968987534205,59,78.09139750284744,210,5.322868052609249,14142,,,
2413,OK,0.034589743589743586,7.3589078329626885,78,86.78986392570361,241,6.554653937947494,2095,,,
2414,OK,0.2067,4.06928162951385,105,53.162320976640906,232,3.343979522085024,22919,,,
2415,OK,0.1500170068027211,5.852983410799985,76,75.57759592362126,240,5.320395936441781,15356,,,
2416,OK,0.12855263157894736,3.0603207096554077,66,70.34479842971463,232,2.3994824518841984,16488,,,
2418,OK,0.2665,7.198594270672902,103,67.83317224375736,233,6.820718769428233,33242,,,
2419,OK,0.2470374449339207,6.512252388807156,67,52.68746069124896,231,6.1153926701570684,19100,,,
2421,OK,0.015731225296442688,10.832286432160805,88,100.84172288705057,255,9.412028725314183,1114,,,
2422,OK,0.03466049382716049,7.237384980706441,88,44.296042885613495,212,5.817452780415743,3159,,,
2423,OK,0.10323834196891192,5.931095775826014,57,93.34285714285714,254,5.044863044863045,10989,,,
2424,OK,0.11391304347826087,4.366614619477215,59,94.08467526095102,246,3.8742169798747166,10004,,,
2425,OK,0.018798219584569734,4.552880820836622,43,90.10328177057345,255,3.010989010989011,1092,,,
2426,OK,0.2524137931034483,5.3754680226674765,52,46.417717302173024,231,5.124450287890466,22057,,,
2428,OK,0.18489130434782608,6.443607147310851,82,113.71929590612082,248,6.199553935918115,16739,,,
2429,OK,0.08112956810631229,6.282828282828283,63,62.504615903777086,244,5.892112084927787,8101,,,
2431,OK,0.2157155172413793,7.703073172681133,102,73.96805419684829,249,7.012514765507774,20882,,,
2432,OK,0.048279109589041094,7.082638765738606,59,48.1077296293964,231,6.112379864877724,3503,,,
2433,OK,0.14900943396226415,8.177355703281629,95,95.29638046671471,250,8.148469052315207,14196,,,
2434,OK,0.40523230668715665,2.2213138951336378,37,46.51859186599416,176,2.0668472436692573,39503,,,
2435,OK,0.0650754716981132,7.810476466608679,73,79.20973676952366,239,7.030115264174828,5003,,,
2436,OK,0.17858020947729022,6.366330120850543,53,63.718817762168925,224,6.19930449533503,19650,,,
2437,OK,0.17774074074074073,9.895499062304646,85,130.32048105941175,244,9.486805844683678,16813,,,
2438,OK,0.16683201058201058,2.961598942847704,46,62.63113580736918,248,2.5712313681696215,21491,,,
2440,OK,0.2855916666666667,8.498847422018617,72,54.99729768611944,232,8.423239146291188,31533,,,
2441,OK,0.15654901960784315,4.608571309285237,53,54.049717934412,226,4.238847390808175,12852,,,
2442,OK,0.09638663967611336,5.095523119465154,54,146.27226123936362,255,4.381214920776834,6711,,,
2443,OK,0.042376325088339224,5.827461607949413,100,57.669301895089006,245,5.198687664041994,3810,,,
2444,OK,0.06472222222222222,4.478748442475426,54,48.137983783145074,226,3.7082125603864733,5175,,,
2447,OK,0.2891625,4.331071052897016,79,62.53117801185222,223,4.056892145991032,41482,,,
2448,OK,0.10935208794493168,3.8169058193827583,47,42.68815738420076,223,3.240562737082459,9051,,,
2449,OK,0.20731741573033707,6.028679177110855,56,46.43157509287313,181,5.533106318577374,10572,,,
2450,OK,0.20593575418994414,4.511631061376738,37,45.870354410342095,189,3.7477669902912623,10300,,,
2451,OK,0.14176530612244898,6.591496916912594,74,43.59792090234265,185,5.78277396625255,10786,,,
2452,OK,0.1128061224489796,6.0890497009899995,45,61.56794844761375,251,5.54209964067204,10297,,,
2454,OK,0.07082706766917293,6.836916135881104,86,48.45805011598425,241,6.415503384094754,6304,,,
2455,OK,0.14574685534591195,3.798982325547944,41,35.927609721979366,239,3.5481672979418426,16633,,,
2456,OK,0.20316666666666666,5.461495077932732,46,127.51863278254201,255,5.0856958633057285,16543,,,
2457,OK,0.2568548387096774,7.18190924721537,60,66.24738650750588,232,7.024377970366229,17885,,,
2458,OK,0.06333076923076923,7.12085509534799,53,68.91041086665517,238,6.8556806076606,7197,,,
2460,OK,0.17233333333333334,2.580722114764668,41,74.84350583971003,161,2.3597831444061113,16232,,,
2461,OK,0.20108614232209737,5.810330912025827,88,78.55455284171707,254,5.3370599552805364,19231,,,
2462,OK,0.10230410447761194,8.314580103948208,57,78.8609070346624,255,8.033600518176666,8234,,,
2467,OK,0.051959459459459456,4.298439531859558,46,75.79863635283776,247,3.6031210459721636,4742,,,
2468,OK,0.14398876404494382,6.120041617895695,51,53.704050082766365,214,5.633526042938957,12281,,,
2469,OK,0.07144295302013423,7.503092218568968,106,105.58480900581837,248,6.756783521489404,6732,,,
2470,OK,0.1397378277153558,6.955128205128205,62,55.432622955577806,249,6.746420641604778,13061,,,
2472,OK,0.04636934673366834,5.173485053734309,80,113.52605532062513,255,3.4330187117072364,2013,,,
2473,OK,0.07994166666666666,9.40199450988568,104,86.06410221574116,255,8.431931442410693,7157,,,
2474,OK,0.17997191011235955,5.194388082479233,56,36.96891187765713,210,4.605699983471465,14117,,,
2477,OK,0.09504043126684636,6.384949896010588,83,75.7579699569111,253,5.428816887579774,10864,,,
2478,OK,0.13407894736842105,5.482732837983083,71,54.810916708272735,208,4.971140336087226,11862,,,
2479,OK,0.10594924812030075,2.504775422100003,45,91.08506172450163,255,1.946431570109152,9925,,,
2480,OK,0.06746666666666666,5.189846837944664,64,51.23581820131541,250,4.3849780523492115,6151,,,
2481,OK,0.2331554307116105,6.067440397306668,118,83.5811426268941,255,5.294461056528549,21069,,,
2485,OK,0.09583333333333334,6.792657004830918,59,75.442089093702,241,5.846784660766962,5650,,,
2486,OK,0.08657777777777778,7.371235455167693,55,89.78247048138056,244,6.495259686727123,4852,,,
2487,OK,0.0923888888888889,7.7902986570455,55,97.25824814837486,241,7.609855072463768,5750,,,
2489,OK,0.12,6.254938271604939,59,86.54165404040404,210,5.554731810079404,8228,,,
2490,OK,0.07511160714285714,6.544526993561169,42,50.12856280921926,218,6.1297278190173206,4715,,,
2491,OK,0.10293526785714285,6.515378221113882,53,70.7047372590003,236,6.1025290844714215,6590,,,
2492,OK,0.28915,6.652621668876208,74,54.75103749032848,239,6.4151081658011275,31387,,,
2493,OK,0.13753142857142858,4.222923937731982,52,43.49166512071661,175,3.6466180777876165,14681,,,
2495,OK,0.160375,8.937407984757947,68,61.12113129207815,253,8.7896382186603,11729,,,
2497,OK,0.07276666666666666,4.399450297755383,44,33.183215299996405,161,3.5002730449978157,6104,,,
2498,OK,0.040753012048192774,7.835345323150201,74,59.22686246393346,205,7.305361305361306,2574,,,
2499,OK,0.1443114406779661,5.18463872372703,68,101.60349686998362,221,4.452629271195465,10643,,,
2500,OK,0.2559375,4.904467960023515,101,63.663979498187814,246,4.206634848603396,25562,,,
2502,OK,0.2110138888888889,4.955154786195397,59,83.89754196959295,239,4.414347249834328,12072,,,
2503,OK,0.15531390134529147,5.6494875126317305,69,67.61121581327033,237,5.103883376209727,10884,,,
2504,OK,0.1467200557103064,5.249640071511067,54,40.896309233309665,211,4.971855905152759,18275,,,
2509,OK,0.3157,3.981962481962482,50,68.43294039326481,164,3.8468274841397774,35361,,,
2510,OK,0.17381086142322097,6.029341521664961,91,50.88898459074235,185,5.327208599970432,15783,,,
2513,OK,0.20819962686567164,5.292366742834954,44,43.07493628334571,180,5.183018524945053,20171,,,
2514,OK,0.23393962848297215,6.4099365867107805,84,66.08351603940389,254,6.011452705273571,26282,,,
2515,OK,0.13290262172284645,3.185219106664788,97,87.13640584843314,253,2.320513946205403,11389,,,
2516,OK,0.21707865168539325,5.8048941798941796,64,63.00394262661054,204,5.700388800050168,21262,,,
2517,OK,0.22040516239282273,7.244169972352446,47,58.010488485605414,215,6.960481992646917,17317,,,
2518,OK,0.12751908396946565,4.202708769829393,50,50.886328506642165,245,3.0961294179182546,8922,,,
2519,OK,0.19065543071161048,5.816308155714894,134,69.0321077920976,255,5.3136357718133285,17921,,,
2520,OK,0.3231,2.3100175384297947,46,65.68068892500123,182,2.0309820788530466,23250,,,
2521,OK,0.26565,7.162005144613841,53,62.32741426658496,234,7.040647476613061,22199,,,
2522,OK,0.3144670050761421,3.8005246166263116,59,49.859533506108846,246,3.36009956670047,21694,,,
2523,OK,0.1730241935483871,5.797910355006603,67,99.21293497163846,255,4.901445995221929,13255,,,
2524,OK,0.1878409090909091,7.037994891443168,62,56.87637392534552,244,6.638401625465628,14765,,,
2526,OK,0.2148076923076923,3.985874863224908,51,62.05507543861695,235,3.5672813335376548,19577,,,
2527,OK,0.20048245614035087,5.751695471450448,93,56.28334430486222,240,4.354583430632314,12847,,,
2528,OK,0.08706959706959706,5.21574814191558,57,79.08723200791772,252,4.091534549805564,6686,,,
2529,OK,0.246475,5.284263673349788,55,83.24035551426813,253,4.904765839082359,24207,,,
2530,OK,0.04852693602693603,9.110956923966464,66,67.28439273971189,244,8.112379744159002,3153,,,
2531,OK,0.027116666666666667,6.068223724646589,49,52.67946653418532,229,4.691976584022038,1936,,,
2533,OK,0.13020833333333334,6.121092063492063,61,87.57529132211766,240,5.383885400880422,9238,,,
2534,OK,0.1801,3.98866370534888,77,60.37420552641921,199,3.4466391231346805,17669,,,
2535,OK,0.14982532751091704,5.784052268532012,92,59.734445357577,230,4.938441890166028,10440,,,
2536,OK,0.027558333333333334,6.016832980546316,50,70.23820908994827,216,4.586931818181818,1760,,,
2537,OK,0.08578651685393258,7.772866186422179,61,52.083864205876125,247,7.129355634180337,6218,,,
2538,OK,0.16142322097378278,5.3866976024748645,67,92.76922361173143,255,4.4459164714435735,12379,,,
2539,OK,0.14213345864661653,5.584429897066279,44,42.459210242813995,213,4.943319154682331,9874,,,
2540,OK,0.22058988764044943,4.778074904141375,53,51.069961517361236,211,4.024443474465299,18328,,,
2541,OK,0.11287545787545787,5.423305749364487,47,83.9389550687835,219,4.328419231827652,8479,,,
2542,OK,0.16646067415730337,6.9474819064761695,76,66.27497697198446,245,5.472911297250859,12416,,,
2543,OK,0.10171153846153846,8.341494926577173,90,82.75003389636987,231,8.07775540022904,8441,,,
2544,OK,0.1593820224719101,5.727411585007637,82,102.18928170969873,243,5.133400832489594,14815,,,
2545,OK,0.16588775510204082,4.5882389124684755,121,74.87773876662222,218,3.435954311355872,13074,,,
2547,OK,0.3123416666666667,4.858052524390136,102,57.77157987857342,244,4.308795106302429,33458,,,
2549,OK,0.11350833333333334,6.181949440814429,59,93.01350830521062,244,5.644059391499664,11427,,,
2551,OK,0.1995016611295681,4.566763807937829,54,64.53248945147679,251,3.9847567341825014,19156,,,
2552,OK,0.2442910447761194,5.387340257624357,65,88.1073009759871,231,4.737093288074619,22979,,,
2553,OK,0.12349056603773585,7.062439521263051,54,110.07395687582965,244,6.023711755233494,8280,,,
2554,OK,0.0243875,8.759183324790706,109,128.55328917304087,253,6.854717597126999,2042,,,
2555,OK,0.2955243445692884,5.218374416492407,78,54.19806480767697,219,4.67174515235457,26714,,,
2556,OK,0.2748876404494382,4.648908872084838,68,61.83185265532054,249,4.345594949257781,25554,,,
2557,OK,0.053635458167330674,5.709873104302074,53,80.5431633601712,250,4.916623013794307,3818,,,
2558,OK,0.26340637450199206,3.532985454637122,86,72.31850429546294,197,3.1629478533566453,24022,,,
2559,OK,0.15943,7.063936105709925,77,52.60175833065658,198,6.653476512699814,13596,,,
2560,OK,0.13151875,4.190134486527587,100,94.72038352391986,238,3.4354367841904336,17812,,,
2561,OK,0.12749166666666667,2.879948580517245,52,115.12953394268759,246,2.2574946185751035,12698,,,
2562,OK,0.040423940149625935,7.934745356090205,101,76.36342478292633,245,7.222804565571861,2862,,,
2563,OK,0.03046,6.950317356095426,87,57.19196732471069,246,6.138073394495413,2180,,,
2565,OK,0.104765625,7.923241362167537,75,47.15751229019403,231,7.579803047194352,10764,,,
2567,OK,0.20155,7.368932440254693,80,73.75950974457456,250,7.253301209285086,21583,,,
2568,OK,0.03801498127340824,8.961740558292282,70,108.27156576471351,243,7.789324849770237,1886,,,
2569,OK,0.1246469465648855,7.57847865472454,45,81.28329899604303,249,7.365977708040256,9241,,,
2570,OK,0.09604166666666666,11.523532505094327,165,126.27000356177587,245,9.320899234059485,6702,,,
2573,OK,0.07706779661016949,3.650392199985338,62,58.641941980545916,254,2.77240241891149,3638,,,
2574,OK,0.195925,9.070789559496973,99,65.29078616906244,255,8.82804535870233,20077,,,
2575,OK,0.31073905109489053,5.715056131387576,63,42.73615468452846,198,5.495899601070866,31501,,,
2577,OK,0.08156367041198502,6.506179925764359,44,46.40857452585577,216,5.771838874985103,5594,,,
2578,OK,0.03733271375464684,10.887146294913284,126,88.49336602853107,255,9.60236649540713,2141,,,
2579,OK,0.37808429118773945,3.8269237265234426,83,59.940534130113356,227,3.2247623940405856,35037,,,
2580,OK,0.3257193732193732,6.248744469470017,72,57.11060994975476,246,5.954307040548719,39656,,,
2581,OK,0.04095625,8.27559896230734,82,93.72121970452339,246,7.884495661964369,5033,,,
2584,OK,0.08215,6.495536620004057,56,58.70948412049899,253,6.02680965147453,7460,,,
2585,OK,0.03333798882681564,7.073313782991202,43,57.24414970212725,217,6.227387729285263,1054,,,
2586,OK,0.17605833333333334,5.636058124674587,44,58.11418014355115,248,5.2678813609293,16959,,,
2587,OK,0.03037453183520599,7.666666666666667,50,39.935159076570486,212,7.155108877721943,1990,,,
2593,OK,0.16778888888888888,2.980641458623049,72,74.50308637854533,254,2.2753841140937916,13299,,,
2596,OK,0.0815531561461794,5.600129001595546,64,60.758246594502374,255,4.733609287277572,7006,,,
2599,OK,0.2485925925925926,5.232431962653953,67,55.50605037460568,255,4.878538693583942,22984,,,
2600,OK,0.07508333333333334,4.982574916759156,59,82.40503648977385,253,3.688090338240726,6317,,,
2603,OK,0.10382958801498127,4.322151080650494,64,60.67208575816782,185,3.6442860183017665,9398,,,
2604,OK,0.12188333333333333,4.151579379187748,58,48.78225811553767,224,3.6584938183547315,11216,,,
2605,OK,0.07716292134831461,7.336892771912794,61,106.71195256986509,241,6.7862603581929966,6235,,,
2612,OK,0.246016713091922,3.6360865791062804,71,58.66269826609527,233,3.4095547309833023,32340,,,
2613,OK,0.1853422619047619,3.295972166465944,81,61.43979967729169,206,2.8766287609571193,22512,,,
2614,OK,0.15804185238347057,6.329110898661568,89,87.45308060415732,221,6.06381790252758,7161,,,
2617,OK,0.18416666666666667,2.7028657616892913,83,73.05935442412733,230,2.17824985931345,14216,,,
2619,OK,0.30893796992481204,3.233092999908734,58,61.83471374106362,207,2.8055126501191374,27839,,,
2620,OK,0.36419,2.8410445097339303,47,45.247589688743496,237,2.5116057300344767,31809,,,
2621,OK,0.28036437246963564,4.638158844765343,75,87.17903422409752,255,4.115485226639222,23319,,,
2622,OK,0.12090217391304348,5.106565974407384,55,33.55858484694866,243,4.667308154919413,8314,,,
2624,OK,0.26285019870594806,3.2935461701861803,56,78.59393750371295,205,2.9237458674716112,27828,,,
2625,OK,0.15961187214611872,6.31955371191532,68,70.19755132349879,216,5.7972988407286845,11674,,,
2626,OK,0.04322097378277154,9.746172732524553,98,68.73275985803387,253,8.877361985920711,2699,,,
2627,OK,0.10836753731343284,7.734354824825687,82,109.00967047836261,239,6.545217836053378,7169,,,
2628,OK,0.05610854696101874,7.846250412950115,79,122.53410706570834,255,6.376332747510252,2845,,,
2630,OK,0.14375454545454547,6.516937540841924,91,45.472032587653636,232,5.873012086513995,12576,,,
2631,OK,0.14806847545219637,8.056731090848276,115,98.23260463505689,255,7.31186114765712,19762,,,
2632,OK,0.15185634328358208,5.898580993918546,74,61.70942173241972,255,5.432990442839425,13707,,,
2635,OK,0.03665413533834586,7.1609401709401705,102,84.92521951219513,254,5.031503645618379,2423,,,
2636,OK,0.1723049645390071,3.3700692872333127,53,57.40242134727161,233,3.0083314694699173,17884,,,
2637,OK,0.111296992481203,7.8304903450993635,83,87.20351530277713,209,6.449897750511248,7987,,,
2639,OK,0.21909166666666666,5.159027804191548,111,75.27006299643934,241,4.884930152777172,22931,,,
2640,OK,0.18232441471571906,5.590097526674615,97,109.44918570328105,255,5.172770915367604,18539,,,
2642,OK,0.22406140350877193,6.6768716804343,93,51.814000022609854,253,6.4576603491737465,21422,,,
2644,OK,0.062127118644067794,11.195698631382713,134,85.32766779013696,255,9.610956790123456,4320,,,
2647,OK,0.15622529644268773,6.790828589500316,101,55.75386266932115,229,6.140184001247466,12826,,,
2648,OK,0.09917602996254682,4.973879657603223,79,61.20987859637452,244,4.04683921209345,8732,,,
2649,OK,0.29666383868507423,6.152656614092861,64,70.3430807533131,244,5.8970196684703255,31048,,,
2651,OK,0.03833333333333333,7.986158606090213,59,69.08930020316892,223,6.75025641025641,1950,,,
2652,OK,0.1929981203007519,5.18360522684847,77,67.97430462547798,224,4.514599859232628,17523,,,
2653,OK,0.11224166666666667,10.078427005221867,80,84.70998739021192,255,9.78961602472658,11216,,,
2654,OK,0.23186666666666667,4.921866014951122,55,38.172521408320314,158,4.572814224236783,24709,,,
2655,OK,0.18970588235294117,2.9931653746770026,93,111.58265577737447,243,2.3876922578240225,20567,,,
2658,OK,0.24208823529411766,5.794435670027943,91,45.83058455249848,224,5.585807304800009,29743,,,
2660,OK,0.06745708154506438,5.644875669370659,68,50.839011425218324,213,4.142064640617463,4146,,,
2661,OK,0.09151111111111111,8.192447790189412,81,115.73231087846322,254,5.8887215888721585,4649,,,
2662,OK,0.21258555133079848,4.826193883026292,56,65.91846942553157,234,4.288764287254691,18548,,,
2663,OK,0.06570342205323194,10.087528935185185,95,72.39640647891909,239,8.999231950844854,4774,,,
2664,OK,0.15715129026817337,2.78669170914945,69,72.44168292560909,228,2.212777106005643,16540,,,
2665,OK,0.1281957928802589,5.3394761754496685,72,75.14114735588448,192,4.745890077197302,12997,,,
2666,OK,0.08427845528455284,7.1459865750231115,104,39.82478608765135,229,6.548370300947621,6402,,,
2669,OK,0.12449438202247191,5.427171079021259,80,75.82389345197353,255,4.363619244892194,10621,,,
2671,OK,0.11971122112211222,3.540400211363062,49,66.02168567795472,229,2.9554076728379264,11721,,,
2672,OK,0.2330625,3.045338339143649,51,69.98708065085704,254,2.692330845172165,33224,,,
2673,OK,0.17691088579557387,3.2454758050008996,54,66.92502977157086,255,2.134666480212558,7151,,,
2675,OK,0.15777255639097745,6.056154564047577,56,75.11903778841612,239,5.575965327029157,12690,,,
2677,OK,0.07183978873239437,7.254870726626639,85,79.24194399921598,251,6.436765470618825,6410,,,
2678,OK,0.16972433460076045,4.5070848501820215,47,58.284439101646726,224,4.0975889781859935,14807,,,
2681,OK,0.20646455223880597,4.943749152848688,84,65.28069247377557,247,4.1149484048092395,17605,,,
2682,OK,0.3461111111111111,4.361181587531714,46,73.09156685942939,248,4.101270629472761,34235,,,
2683,OK,0.20297752808988764,6.863778946397269,64,92.9014982417393,205,6.488048851410293,17195,,,
2685,OK,0.059934456928838954,9.199187626933291,138,101.00928628107185,254,8.138407265630864,4441,,,
2686,OK,0.18516666666666667,2.9085208520852084,56,111.15267948455717,252,2.174679917629152,18615,,,
2688,OK,0.1885754716981132,3.7817799789884434,53,97.06289893153202,246,3.3326090271424214,17488,,,
2690,OK,0.06114232209737828,4.676978050025523,70,70.69366377447558,237,3.457572577824414,4765,,,
2691,OK,0.063425,5.357903035080804,55,82.13244178700762,236,4.695502298095864,6092,,,
2692,OK,0.07921666666666667,9.157269093204292,87,114.54913690637802,255,8.562920391656023,7830,,,
2693,OK,0.23624584717607974,3.164733042703792,58,66.56052169878348,234,2.6652724481964696,26060,,,
2694,OK,0.214525,3.8130753991376296,45,86.65369150301834,244,3.4187856615931227,22141,,,
2698,OK,0.09115168539325842,4.909912686183873,86,48.29892683596903,239,3.8861777084219984,7049,,,
2700,OK,0.05136467889908257,9.817369948649253,132,93.20288681229675,255,9.629547611515344,3161,,,
2701,OK,0.2791783380018674,7.909141583054627,111,67.76231001727116,255,7.185785257752101,23886,,,
2702,OK,0.03448501872659176,12.311068875011314,117,73.89377761830413,238,11.74327122153209,2093,,,
2703,OK,0.0998973880597015,8.807389423226569,99,60.20424702822025,253,8.453519691344544,9158,,,
2704,OK,0.30287,6.596801708103587,117,64.67254314116448,246,6.461074600146044,28302,,,
2706,OK,0.1149169741697417,9.705868186561773,140,85.55105288209319,251,9.246207544636864,9932,,,
2707,OK,0.1614298245614035,1.9904725678784256,44,46.357256678208174,240,1.5474284108923806,16611,,,
2708,OK,0.15841165413533834,4.681953920696134,63,57.80611982801943,238,3.972584323610611,13885,,,
2709,OK,0.06375,5.465984654731458,39,78.55342195390956,237,4.752778507044718,3809,,,
2711,OK,0.2208913308913309,1.1357765371363293,53,85.77817653727008,255,0.5927482488669139,16180,,,
2713,OK,0.23765833333333333,3.06502098016527,61,73.17574505452863,252,2.5850164429577562,23617,,,
2714,OK,0.016731448763250882,10.752551918338613,98,72.76319335884858,228,8.097886178861788,1025,,,
2715,OK,0.10268656716417911,4.558714874031008,44,32.82348843978709,175,3.740866981296976,7628,,,
2716,OK,0.08891566265060241,6.873814363143631,56,82.05487966146522,253,6.1650470095599275,8438,,,
2717,OK,0.324125,2.740078599893486,52,53.92329167657446,233,2.3279888739879797,33555,,,
2718,OK,0.19586753731343284,3.494308710768205,76,63.85697713536652,233,2.9206416884293556,18763,,,
2719,OK,0.10820652173913044,3.9924326134270887,42,79.96622991447782,201,3.4099146652590835,7578,,,
2729,OK,0.22058988764044943,6.416542864015168,92,86.08639172202801,255,5.89288326020476,20056,,,
2733,OK,0.008883333333333333,11.42620387742339,104,73.38406455120767,255,9.418738049713193,523,,,
2734,OK,0.2523916666666667,3.1421732096278934,57,51.24313830399905,242,2.7372462704817804,27260,,,
2735,OK,0.0528,5.02025462962963,53,52.71299619932432,254,4.134603437564714,4829,,,
2736,OK,0.11896085152444524,3.5195295386378187,49,23.840395518788508,158,2.9406938584153774,7110,,,
2738,OK,0.0441382252559727,5.76480443327534,52,37.25015695620996,175,4.532233223322332,3030,,,
2740,OK,0.07685,10.160594231186293,118,80.47304518947806,255,9.016251788268956,5825,,,
2742,OK,0.2138984375,6.274784810743027,106,76.85688209552015,255,5.747243566037994,24337,,,
2744,OK,0.08213213213213214,4.727148080438757,63,62.52885108239271,255,4.340911387289077,9897,,,
2745,OK,0.08950374531835206,5.087491718101615,64,132.64173205403756,255,3.5307322287546765,5613,,,
2747,OK,0.15553938356164385,6.150400910075044,98,84.99547142775069,255,5.219482979553178,11966,,,
2750,OK,0.12892,6.447797083462612,78,52.85956131086314,229,5.4888242894056845,10320,,,
2753,OK,0.12241788321167883,4.547961541328165,52,59.76268502056843,236,4.13343854111871,11406,,,
2754,OK,0.06871666666666666,7.181219176974695,58,88.35843012330655,241,6.93142411844925,6844,,,
2755,OK,0.10592105263157894,6.5687666370896185,81,65.124937804408,252,5.672897196261682,8774,,,
2756,OK,0.17282771535580524,6.6084624553039335,108,118.72116697984349,240,6.1355936057484595,14659,,,
2757,OK,0.30956,4.609058017831761,118,111.54535754977502,241,4.134564290067032,27350,,,
2758,OK,0.14158185162477008,11.076303481725272,127,76.02301773232006,255,10.512138933191565,9405,,,
2760,OK,0.07220037453183521,12.654216919552155,131,65.97014804872387,255,11.976879547291835,6185,,,
2761,OK,0.15443333333333334,9.110997194042737,89,155.48161653591936,255,8.414436880771046,14837,,,
2768,OK,0.38883895131086144,2.375794644577153,51,68.73278485925563,213,2.106275498590464,38074,,,
2770,OK,0.09113117870722433,7.5558916588435725,54,68.96108618423575,236,7.395601038643654,6547,,,
2772,OK,0.013311567164179104,10.533753795842093,84,68.45949974631208,238,10.155830753353973,646,,,
2773,OK,0.1511182108626198,3.394679351656096,95,46.21934198971271,255,2.968692017734029,17067,,,
2774,OK,0.19826822916666667,7.1883277511438015,81,66.16047076911417,253,6.5849539147169045,13164,,,
2776,OK,0.21116666666666667,3.9672980794527755,76,56.76382843862244,255,3.3827049670855773,22280,,,
2777,OK,0.14161347517730496,5.246066524769417,81,47.8018886111857,212,4.989133998407569,14234,,,
2779,OK,0.41039166666666665,4.922289682620261,58,76.36215661055597,235,4.7473753847038855,46356,,,
2780,OK,0.042416666666666665,5.739685658153242,71,76.62416964000812,255,4.889307859896095,3978,,,
2781,OK,0.1823030303030303,4.320880429964539,65,29.393328762723588,189,4.275989728563101,21159,,,
2785,OK,0.03779017857142857,6.045481393975192,63,97.25127009534414,255,4.909759876065066,2582,,,
2791,OK,0.2013629518072289,4.088590553831196,74,63.39490598000484,241,3.5719369668771463,24072,,,
2792,OK,0.39140625,4.201894250714258,74,72.9238742480304,178,3.8924420639921586,38088,,,
2794,OK,0.28647388059701495,6.364484966894605,53,96.92595546258771,251,6.176471310519272,27147,,,
2795,OK,0.197925,4.527697079421217,62,75.66160687383766,208,4.211647973751045,21131,,,
2798,OK,0.137225,8.632315135321146,88,63.47860746493067,218,8.413132532973409,14077,,,
2799,OK,0.18510833333333335,6.972208466513603,107,94.19485548522128,249,6.605682256792361,19863,,,
2802,OK,0.2946416666666667,4.7088365340196665,72,83.89210369827786,232,4.422794560115538,33236,,,
2811,OK,0.2433955223880597,8.685970156880781,97,91.44322795942858,250,8.384180071587227,23561,,,
2812,OK,0.06279026217228464,9.294661497166716,88,88.94568105980379,243,7.563578780680919,2105,,,
2820,OK,0.37010625,2.6241844965691157,70,70.05153646944426,249,2.3768748580234407,54293,,,
2821,OK,0.18824074074074074,6.427955402525004,87,120.10022812820806,255,5.8430223726753905,15361,,,
2824,OK,0.2813389513108614,3.9118492140091634,76,73.64259811777173,236,3.5487469164491796,27971,,,
2825,OK,0.09415,5.13867941228536,65,85.28667733804346,249,4.791009924109749,7994,,,
2826,OK,0.25491694352159466,4.149094226508536,43,53.18560217594863,152,3.808200390741244,25763,,,
2828,OK,0.19583333333333333,4.662425531914893,100,46.78292573402418,235,4.267782231751655,21454,,,
2834,OK,0.32205,6.18296848315479,102,49.68494890642542,223,6.237698821375443,34956,,,
2836,OK,0.174625,6.111333810546409,53,71.22704831137362,212,5.725970407001845,16986,,,
2837,OK,0.3339794007490637,4.856691618305344,70,51.45125660166922,223,4.5980616531820475,31023,,,
2845,OK,0.3338137755102041,6.13777336237311,77,76.25229916968223,236,5.548384715331916,22576,,,
2847,OK,0.3947833333333333,5.781821252163634,55,115.41435574036846,255,5.609291327630572,43137,,,
2848,OK,0.3219092219020173,4.499041352401841,64,62.163927226879444,251,4.244121005993614,39987,,,
2850,OK,0.43435526315789474,5.988927933113205,77,102.6727302333155,255,5.842894570912965,61324,,,
2851,OK,0.363,2.4224900520355064,76,61.79605354962498,245,2.0,40086,,,
2854,OK,0.28289166666666665,7.063373297591343,106,92.3783211121828,255,6.921905713809762,30015,,,
2855,OK,0.386075,4.072308920978221,56,53.331668272907024,173,3.981705433723776,42089,,,
2857,OK,0.505025,4.233954314692892,78,91.26719643528573,215,4.087478924483095,56345,,,
2859,OK,0.41681,3.8966995353598364,42,54.17354549975137,225,3.8103703302848277,36958,,,
2863,OK,0.2539666666666667,3.1224132650829066,45,43.64854862010932,220,2.9049884447066923,27116,,,
2866,OK,0.18359166666666665,5.598020970450729,81,59.71148356452892,246,5.399422231674465,18808,,,
2867,OK,0.416425,4.921189289788077,50,44.27163032457982,188,4.815429322856633,61597,,,
2871,OK,0.09280898876404495,3.6033763788001076,61,57.10258924393802,195,3.0280596267067517,7983,,,
2872,OK,0.2615073529411765,9.274778574441164,100,80.25894442508422,252,9.48596263223354,23853,,,
2876,OK,0.4774175824175824,5.5844362604058775,88,66.7913877498569,239,5.491649649690944,48481,,,
2878,OK,0.19317424621022822,9.765495310984154,98,111.58917249507489,255,9.38432713168102,15211,,,
2879,OK,0.2769454887218045,3.1358581916494157,54,84.17972781511185,254,2.724018710595892,26224,,,
2880,OK,0.5174,4.929608595244467,69,74.88680438224574,246,4.7206257828949125,62535,,,
2881,OK,0.3948173076923077,4.846115129522743,74,120.35606963356054,246,4.4838642852639445,37009,,,
2884,OK,0.13651384083044982,6.9716536763618695,81,61.74206313427303,254,6.5929731426777405,11679,,,
2885,OK,0.24592696629213484,4.9361380798274,48,59.212433517518264,223,4.69285141941392,23296,,,
2892,OK,0.1601625,6.072660579099352,65,60.2900585926841,232,5.858678814092241,21733,,,
2894,OK,0.10838951310861424,6.5539910158949555,80,91.74592889747683,255,6.220641080925686,9276,,,
2898,OK,0.14358888888888888,5.769016482240966,77,76.33471290614148,248,5.339132451867316,10059,,,
2899,OK,0.48557347670250894,4.66885803038691,65,87.33313737444115,238,4.384944181836468,39772,,,
2904,OK,0.12934330839567748,4.140217080834048,50,46.76856130524261,194,3.5482413331887357,9221,,,
2905,OK,0.454025,3.632275205109851,50,68.42777447074805,255,3.491720994634512,69332,,,
2907,OK,0.23009803921568628,3.5253515125692374,46,88.32831519919257,246,3.3632826255370096,18932,,,
2908,OK,0.3737581699346405,2.3915168119067745,42,102.28032029315753,241,2.136406238481871,31653,,,
2912,OK,0.44690833333333335,5.031599818506156,70,118.91887018928949,252,4.697803787037971,49555,,,
2913,OK,0.0683968253968254,4.144465073102808,67,50.580179811782614,244,3.4943279789454578,7346,,,
2914,OK,0.0598,6.438498699368265,48,103.27890834889345,250,5.968968119222788,3534,,,
2916,OK,0.2074064837905237,6.431245240671717,58,78.73975605407503,236,6.2201194582854225,20872,,,
2917,OK,0.21200520833333333,8.967305408835934,128,85.36483911122862,253,8.547011869590007,12862,,,
2918,OK,0.37947069807526573,4.966122545540572,56,37.87084671546927,170,4.785342969443388,18403,,,
2919,OK,0.33383458646616543,3.580274024024024,52,75.8787010910459,242,3.1063938793633445,29278,,,
2923,OK,0.11247777777777777,4.921367183641213,80,73.62072102524297,230,3.560389211657456,7057,,,
2926,OK,0.3044183673469388,7.570106928569034,124,64.30078092527665,227,7.357927079608513,25169,,,
2927,OK,0.2589191419141914,6.075576516575848,55,60.099778443313774,252,5.807431956000564,28364,,,
2928,OK,0.3292583333333333,3.184961150059477,44,39.17900168553053,235,3.0016644174538913,37050,,,
2933,OK,0.10933168316831683,3.7001358388046186,70,79.92495067115027,255,3.1144285150598447,7603,,,
2935,OK,0.16001004016064257,4.062872560707787,47,56.616509090039806,218,3.3873784682557817,13131,,,
2936,OK,0.10366906474820144,6.384368494101318,79,74.54782687214062,244,5.288853885388539,8888,,,
2937,OK,0.14463619402985076,6.701042674406105,63,88.08651144191795,248,6.209981005007771,11582,,,
2938,OK,0.03623517786561265,6.893464230524498,60,67.17431365110612,230,5.397106764466177,1636,,,
2939,OK,0.45805555555555555,6.043328513007106,79,55.36313396154503,203,5.731530502785564,38532,,,
2940,OK,0.13503363228699553,5.186052303860523,54,82.02974963817424,235,4.752288874240094,9102,,,
2941,OK,0.30513492215619875,6.5115981480188925,44,68.65658779296676,253,6.339733925784866,25206,,,
2942,OK,0.15660337552742615,4.964008262607212,38,69.68963820863664,181,4.839605165661056,12596,,,
2943,OK,0.12933574879227053,8.677218538923647,64,81.40812306667961,248,7.9447522314558325,6498,,,
2945,OK,0.34981191222570535,6.097649132240045,60,67.4143122318114,239,5.972273779851868,37714,,,
2946,OK,0.1866385767790262,2.9567049616214316,76,65.20606214097413,247,2.4189076439252934,15581,,,
2947,OK,0.33228591160220994,4.995898714884478,77,67.44200927410319,218,4.81305567111974,43266,,,
2948,OK,0.3325666666666667,14.29364204336641,123,94.74027368526195,235,14.222114727976326,17572,,,
2952,OK,0.22190868263473054,4.072823557189597,85,69.25781202402368,253,3.69591495937391,26748,,,
2956,OK,0.23192452830188678,5.790866688360993,70,82.43034538665619,240,5.465182448959217,20033,,,
2957,OK,0.3271655518394649,6.662858749265251,95,53.54038929138033,240,6.364938243817348,35543,,,
2959,OK,0.23565094339622641,5.881046745933251,63,47.705940435195814,209,5.864109466128308,22290,,,
2960,OK,0.4661811023622047,4.755243081946908,57,57.72244757479657,204,4.422697548833481,39505,,,
2961,OK,0.2616996699669967,3.469722765201673,61,39.78705586970936,217,3.2069736415101144,27733,,,
2962,OK,0.24709851668406838,4.518124039670345,93,56.36511447552902,249,3.9805624975207268,25209,,,
2963,OK,0.10241,5.335709403378576,67,114.48953679668148,224,4.816426434593419,7354,,,
2965,OK,0.3188493723849372,7.30765697788859,66,67.48992086161532,231,7.302535386529787,27859,,,
2968,OK,0.17760700389105058,7.637181874612042,79,58.938168799728736,232,7.440859475325628,14536,,,
2969,OK,0.3309681697612732,4.259313430842183,51,55.121468926553675,240,3.980056790942951,45195,,,
2973,OK,0.5033220338983051,8.753771551724139,110,56.12010305760306,252,8.464032975851755,54828,,,
2976,OK,0.23730208333333333,3.1193099512751856,54,47.61922907077853,221,2.653400404399073,20277,,,
2981,OK,0.10665730337078652,2.585959675767419,37,74.6900746610208,250,2.1360447381799696,9835,,,
2984,OK,0.40675675675675677,2.359806816783561,62,48.35234961613094,216,2.1225573340091892,51293,,,
2985,OK,0.1451470588235294,5.259494642473366,89,69.43255972767413,232,4.873761921464482,19957,,,
2986,OK,0.3753066666666667,8.326577376723035,149,86.83296693132986,255,8.243831331814496,51794,,,
2989,OK,0.20625833333333332,4.443847386637577,56,59.88824729568464,234,3.837887340359991,20019,,,
2991,OK,0.39684545454545456,4.166869020074985,109,81.49666149185343,166,4.013994541079187,41278,,,
2995,OK,0.2637,3.930729364176463,46,42.13036929117331,176,3.5790332991608764,26337,,,
2996,OK,0.22480337078651685,7.519249725797271,74,64.35801395481795,242,7.2468143470009405,20901,,,
2997,OK,0.16124633431085045,2.3671152738625687,57,113.80466933552437,255,1.9182350261101182,19022,,,
2998,OK,0.09277173913043478,7.467812276248129,92,77.35322523745815,255,6.459081595757502,8297,,,
2999,OK,0.16661428571428571,4.1436308554117005,64,83.74777585408917,252,3.6241635941554007,19528,,,
3001,OK,0.35949335548172756,4.182304060870703,60,39.175369892501,213,4.007700987538402,40471,,,
3006,OK,0.14343632958801497,5.668494462214679,94,75.15141213293835,246,5.0812510877402355,13407,,,
3007,OK,0.18308768656716418,4.187021280209236,50,50.006345182495366,212,3.915547510607653,17126,,,
3008,OK,0.1369642857142857,3.556737345318969,50,149.78744450615469,252,2.833650683745889,11554,,,
3013,OK,0.231938202247191,6.104786511108419,67,47.27277345004003,198,5.676396016617791,21824,,,
3015,OK,0.21743243243243243,3.9286306194323597,132,27.761473057535913,186,3.5067657298732997,18574,,,
3017,OK,0.11447429365446966,2.3363679277092184,65,76.62558080742039,246,1.8060121941807517,8638,,,
3020,OK,0.2674,7.719832959361755,102,71.23517836017837,255,7.459538466829453,29077,,,
3022,OK,0.26899812734082396,8.495538770348196,84,42.07933803845218,254,8.277315755183382,26093,,,
3026,OK,0.11673525377229081,7.105806893850372,56,80.55481570637262,255,6.604954089259022,4683,,,
3029,OK,0.11411985018726592,5.452986544141779,101,45.84752110373596,185,5.589808787632221,9832,,,
3030,OK,0.30197552447552445,2.874360755707366,48,47.89406917624665,153,2.564507462359224,30397,,,
3031,OK,0.3632166666666667,2.2389605224919316,57,47.58477067902042,204,1.8726574771732647,39683,,,
3032,OK,0.170275,7.89058549079104,81,75.39916505133897,253,7.368352950997579,15972,,,
3035,OK,0.3459176029962547,3.2310253356431358,70,86.14405825316842,254,2.8700141119827336,32124,,,
3036,OK,0.28459595959595957,5.309208321009563,53,72.65072753657293,234,4.82554258196451,25265,,,
3039,OK,0.1268820224719101,5.570978771554375,79,50.02704229178508,220,5.215691256599192,11807,,,
3042,OK,0.2872077922077922,2.96887482101138,49,34.853916775480045,158,2.584068207464371,23927,,,
3044,OK,0.09323308270676692,6.643514784946237,80,88.33423852957435,243,5.907037239868565,7304,,,
3047,OK,0.13209737827715357,3.705249976372744,41,92.99430011939182,247,3.1609060554101616,11081,,,
3050,OK,0.16199891363389463,2.778008762517883,40,83.16074654083158,249,2.026323368469558,11574,,,
3051,OK,0.24155,3.344557142528577,59,56.333274734289965,230,2.834434880623015,26024,,,
3052,OK,0.19751666666666667,2.937079852614407,55,52.38695853842586,244,2.624446604038441,21609,,,
3053,OK,0.095975,5.686608202367514,71,54.419306865284575,255,5.2399766779847035,9719,,,
3054,OK,0.2151243093922652,5.491835205992509,65,42.373013638363396,253,5.3353957656051545,28607,,,
3055,OK,0.28064606741573034,3.260056272867803,43,73.9375957237256,226,3.021705835090891,26552,,,
3056,OK,0.030667808219178083,5.752652149637075,41,58.273366425833345,255,5.161548556430446,2540,,,
3057,OK,0.16645833333333335,5.274176053400083,79,85.98794301424644,246,5.256193073040552,17237,,,
3059,OK,0.13039676113360324,2.7733896340453716,70,62.17417780922939,255,1.9322556943423952,6805,,,
3061,OK,0.12715397923875432,3.7986257568542077,82,126.99500500490579,255,2.819780156537753,11584,,,
3062,OK,0.22815789473684212,4.5169934640522875,61,64.65097738379362,245,3.9649122807017543,14079,,,
3063,OK,0.22499155405405405,4.302050877785702,61,43.18895100678211,211,3.6392431695178398,22973,,,
3066,OK,0.06286666666666667,4.623276776246024,56,65.0631239477366,219,3.582546189033446,5611,,,
3067,OK,0.24756666666666666,4.8413222027736635,67,39.336888465570965,239,4.3165608770917485,25995,,,
3069,OK,0.312325,4.512891663776159,78,41.50217924326333,195,4.202904126345279,33791,,,
3072,OK,0.5231666666666667,3.196665604757354,53,47.939021903763255,190,2.818406946017365,22075,,,
3073,OK,0.26940040650406505,4.484564990506369,55,85.54521428273358,247,3.985329823021793,22790,,,
3074,OK,0.24913246268656716,3.743837445863132,51,90.16213418144021,222,3.4226137074191882,24522,,,
3076,OK,0.16765873015873015,2.210340941110172,42,54.52098586752937,247,1.21688286163522,3392,,,
3077,OK,0.1456484375,4.682365141518711,63,60.84850840214466,233,4.2392415633082825,16367,,,
3079,OK,0.1564765625,5.979379899146238,109,103.04345920046433,255,4.8257712871081155,16023,,,
3082,OK,0.1244,3.8713826366559485,68,82.93941614638851,246,2.8362158897490803,12142,,,
3085,OK,0.2399812734082397,3.78068669527897,48,54.92082460679233,225,3.5487714397940033,22913,,,
3087,OK,0.29154761904761906,3.504453820909517,49,53.064178444954784,211,3.090173939578883,19662,,,
3090,OK,0.3723416666666667,3.4935132755906686,60,72.26067349097394,239,3.104032278790059,38911,,,
3095,OK,0.2970667870036101,4.529383766266647,78,55.33616229055659,243,3.9816107195198547,28658,,,
3096,OK,0.1356741573033708,2.921141016793191,52,79.26142707543423,240,2.4451084550686146,12048,,,
3098,OK,0.17258591065292095,3.841704415351685,52,57.1697002419246,226,3.4527961401109337,17548,,,
3099,OK,0.10132302405498282,3.420694138262393,72,74.31314328687328,232,2.9131722227528893,10469,,,
3100,OK,0.15416666666666667,5.326627658586421,53,52.878127063125284,255,5.039908266273522,16279,,,
3101,OK,0.2108591065292096,4.472036614515428,59,84.29211301747662,255,4.073750539224749,21636,,,
3102,OK,0.23754444444444445,3.462556714532953,42,48.740613903421206,187,3.295631518788398,18664,,,
3103,OK,0.29871268656716415,7.914621197926426,122,48.922730054005164,227,7.538627509000345,27036,,,
3108,OK,0.1544943820224719,10.040686868686869,75,40.48188630490956,226,9.906560831005928,13606,,,
3110,OK,0.15341666666666667,8.24204236827811,59,59.03565311546412,251,8.106367184185968,15716,,,
3111,OK,0.34195647886398,2.887350871009431,49,70.22331007764845,255,2.363580581122541,27705,,,
3112,OK,0.050508333333333336,3.6686465379750315,67,74.94576045076752,238,2.178523489932886,4470,,,
3113,OK,0.17985018726591762,5.727891156462585,76,51.85543961396779,255,4.564690751783,14255,,,
3117,OK,0.2693445692883895,5.840413451064914,78,67.93885144082493,240,5.30889446266641,25915,,,
3118,OK,0.1801865671641791,9.100710982259956,88,48.71521930423437,251,8.836949821230428,16222,,,
3119,OK,0.15332692307692308,8.553576654542415,73,39.97008275225051,231,8.341763023747358,13405,,,
3120,OK,0.2514232209737828,5.874298624559313,75,43.266998549056886,237,5.420638981268298,23454,,,
3121,OK,0.18896067415730336,8.893926630659202,91,60.67348580180638,253,8.872191759957353,17508,,,
3122,OK,0.31341138397106416,3.569522479019245,48,124.60909246345871,240,3.1435883498663766,29436,,,
3123,OK,0.11587591240875912,9.401082677165354,87,99.41309339525284,255,9.15866066723418,8223,,,
3124,OK,0.4725,6.227327578204771,148,67.3139543170723,254,6.1274407807667535,47099,,,
3125,OK,0.08125833333333334,5.272655795986736,68,47.875959570306,241,4.601967131474104,8032,,,
3126,OK,0.5663127413127413,2.488512016362707,52,33.45234067809184,240,2.248895710114547,53428,,,
3127,OK,0.20625,6.3312323232323235,84,85.55288608923884,254,5.887067821743542,17084,,,
3128,OK,0.5451901140684411,4.750386488591322,53,44.41508172052,211,4.588973313565604,53960,,,
3134,OK,0.2855863107602825,1.7665287690745708,40,58.34504879422829,227,0.9157568031923737,18043,,,
3135,OK,0.28032407407407406,6.938431048720066,58,37.662716843572426,183,6.797100364325997,26716,,,
3136,OK,0.19666,3.6244279467100577,53,78.05492485539538,217,3.1729967489003634,17430,,,
3137,OK,0.1559375,3.6367178802048543,38,44.87780245999424,204,2.5026842362127866,4098,,,
3139,OK,0.060408333333333335,6.8236998206649195,65,80.81902895170184,236,6.3736905721192585,4964,,,
3143,OK,0.17299645390070922,4.485241365173722,50,44.890190739589364,233,4.111284933464666,17259,,,
3146,OK,0.20901215805471124,5.973593640175477,60,57.81758794935347,183,5.677723862907499,23906,,,
3147,OK,0.10726056338028168,5.704987634867485,70,110.39005329904525,249,4.62884262445515,11624,,,
3149,OK,0.07672757475083057,8.076026556974814,100,85.16149403573164,230,7.423751116123878,7093,,,
3150,OK,0.4353275109170306,4.387467816899053,48,76.7061969943031,246,4.045906007751938,35776,,,
3151,OK,0.4409439528023599,3.688014747420688,48,71.71112987195723,235,3.5392319293103083,31386,,,
3152,OK,0.1474928594097112,3.988434642280796,54,67.6580037226617,248,2.8177382496448646,5397,,,
3153,OK,0.1198501872659176,4.209401041666666,41,85.77510283687943,250,3.452998192870051,10145,,,
3154,OK,0.36289283366206443,3.1024470372249198,39,59.575841382536666,172,2.663951287747881,12153,,,
3155,OK,0.3756179775280899,6.726933559344568,142,53.21224481634775,248,6.137310152441602,35489,,,
3158,OK,0.0583728813559322,4.106029810298103,95,101.28220774233806,255,3.382078594210748,5539,,,
3160,OK,0.1291234756097561,7.655470948192748,87,60.98806220954148,255,7.281090412141264,13903,,,
3161,OK,0.3423107049608355,6.029842492658556,92,103.86523485314649,244,5.747565053060038,45860,,,
3162,OK,0.1895175438596491,4.07016894237445,97,77.15281490701156,235,3.283730801050322,18534,,,
3164,OK,0.09170731707317073,8.355464792299898,65,58.486666283054575,247,8.153597578434981,8149,,,
3165,OK,0.1645177277626124,4.578364334783787,49,43.27511518712415,249,4.204144238004283,17277,,,
3169,OK,0.3779042904290429,3.130940424726722,68,50.890695597584376,219,2.9609108545323695,42612,,,
3171,OK,0.506075,5.67640940352495,133,59.93110177546074,213,5.594711572159529,57068,,,
3172,OK,0.467025,5.438008909825194,125,55.62717138077146,142,5.407152349885224,52421,,,
3173,OK,0.2575,2.9386623516720602,56,44.88122334455668,209,2.6053247685266885,28333,,,
3176,OK,0.11550833333333334,4.480845537839983,49,48.7907963456725,218,4.146668849238828,12218,,,
3179,OK,0.059366666666666665,4.003790005614823,33,60.34815786054313,227,3.6861829302196276,5995,,,
3180,OK,0.2331422018348624,3.8753894080996885,54,79.61688184371002,255,3.629614983643096,27817,,,
3182,OK,0.31315747402078337,2.674341433530733,36,49.03047654516394,169,2.290094572449604,16883,,,
3185,OK,0.15678571428571428,5.396994764816369,64,90.8355662557495,219,4.856590278791417,13702,,,
3186,OK,0.36855410447761194,3.922869894623166,52,57.33630763321564,194,3.7969075949253757,37231,,,
3188,OK,0.10388576779026218,6.5732311852185665,83,81.66958187485851,252,6.015525648527404,8545,,,
3192,OK,0.10498453927025356,2.793001885014138,47,72.14503468671403,237,1.8737603204846354,6823,,,
3193,OK,0.23702067669172933,4.238418123901291,84,76.4895808953655,245,3.970817790960706,22251,,,
3195,OK,0.2646,3.5169753086419755,76,84.42197368023449,253,2.833283825931977,26932,,,
3196,OK,0.1728671875,3.9019448336120277,73,58.56736530245357,235,3.289571981768959,19454,,,
3197,OK,0.22764652014652015,4.413626185016828,49,125.73128925038435,255,4.191493691493691,22932,,,
3200,OK,0.048839622641509435,6.349430171914236,50,74.53334721905385,247,5.375974200483741,3721,,,
3201,OK,0.04282222222222222,9.02992561840512,68,98.61534681432298,235,8.723573704025485,2302,,,
3203,OK,0.18330472103004292,5.9882346054788105,61,56.16575139699056,246,5.637282214557354,15076,,,
3210,OK,0.28794460641399416,4.224514419750586,78,61.447864420196396,185,3.759562841530055,35624,,,
3212,OK,0.1948695054945055,5.491981813696119,50,50.583665310323845,242,5.193928676687297,24882,,,
3215,OK,0.14119140625,8.324526213860839,78,134.88095942022395,255,7.7992744159048035,11485,,,
3216,OK,0.15715753424657533,7.826178542892424,68,55.62997237007842,251,7.290823625587574,14679,,,
3217,OK,0.06800943396226415,13.692190317658483,131,52.45499421337301,250,13.943503821281599,5670,,,
3220,OK,0.14745297805642632,4.877650810523519,51,56.24567112500191,248,4.359913929498133,15801,,,
3221,OK,0.3037916666666667,3.973757600694921,49,50.98282362798492,190,3.8405160473307216,33692,,,
3222,OK,0.1618561872909699,5.766229293659813,76,50.344386584465596,182,5.337394583618242,16087,,,
3223,OK,0.21266620498614958,4.420962367167063,62,61.47997349541007,227,3.875900186332276,26476,,,
3230,OK,0.3573501872659176,4.071199615703742,78,71.54199266652097,253,3.837027428421033,35462,,,
3231,OK,0.23988333333333334,6.588156279672989,45,58.30300173219023,228,6.616236798811229,25124,,,
3232,OK,0.28253333333333336,4.127261286770489,61,43.42018599392926,240,3.83337817839365,29732,,,
3239,OK,0.25549625468164794,6.080490099070375,78,65.23486725441123,219,5.881202730123594,23491,,,
3241,OK,0.37871835443037977,5.196427825360351,68,70.83073559998302,175,4.93292964379875,42607,,,
3244,OK,0.11415833333333333,7.702119376110178,81,63.03478800763869,246,7.205188000230322,11578,,,
3246,OK,0.18692883895131085,7.154110732652107,87,46.17854729989098,218,7.151220565996976,16973,,,
3247,OK,0.09439166666666667,11.808157499779288,87,65.65235155006303,249,11.664569571143966,9537,,,
3248,OK,0.08435833333333333,6.0584477592281605,83,108.88897585481948,255,5.078497830802603,7376,,,
3249,OK,0.31088333333333334,3.5363212351900497,62,67.27616272039084,242,3.196625323917473,33702,,,
3250,OK,0.18760299625468166,3.450272842217342,97,57.42673996895794,218,2.64042937320931,16986,,,
3251,OK,0.1269007490636704,5.1697779089500475,60,46.41531988517951,200,4.798921251348435,10815,,,
3253,OK,0.2880793650793651,4.879883189156427,93,127.29155425743016,225,4.440950494219259,31801,,,
3254,OK,0.228025,7.103655788229848,69,67.45835537276322,236,6.855619661745574,23572,,,
3256,OK,0.324025,3.121878455880462,58,72.52880818241964,243,2.629007306344591,35768,,,
3264,OK,0.19025,4.451905387647832,103,70.7490514905149,191,3.9372206740627793,19019,,,
3265,OK,0.4476679104477612,5.092005278877544,69,57.202764172718574,212,4.904501491458014,44252,,,
3266,OK,0.351325,4.369877527139322,61,84.36471782222736,248,4.140823970037453,38715,,,
3268,OK,0.15898333333333334,4.021106335395045,45,45.939471406961154,195,3.6286437759546235,16455,,,
3270,OK,0.136025,5.667463088892973,72,86.5135211602702,251,5.136780671167495,13479,,,
3271,OK,0.15863295880149814,7.834159682052493,90,61.91728430783384,239,7.547620685701181,14535,,,
3272,OK,0.169625,10.348513878653893,81,47.08220181644839,236,10.24771949301508,18015,,,
3275,OK,0.2079119850187266,5.359243413645575,88,76.9839076383553,241,4.908951406649616,19550,,,
3276,OK,0.2110686274509804,3.6599780141514544,73,88.45164096382548,244,3.273440922392192,19023,,,
3277,OK,0.21529713114754098,5.6919684639667505,60,112.6085236397822,228,5.321019752283971,18462,,,
3278,OK,0.3173214285714286,5.578159194647658,68,129.2045368674979,248,5.327777010859562,28976,,,
3279,OK,0.1276310861423221,4.063629472036779,77,59.16586704447474,223,3.5788150909296284,11804,,,
3280,OK,0.15613333333333335,5.908251494449189,55,69.34187865381577,194,5.760028955782108,16577,,,
3281,OK,0.38549440298507465,5.088203266787659,63,80.64030866540165,244,5.021006523123527,38734,,,
3287,OK,0.06855833333333333,4.705644017665411,64,64.84040868546072,229,3.2462419846525807,6342,,,
3288,OK,0.16012422360248446,10.572375226273596,105,68.3810210521126,255,10.081306990881458,18424,,,
3290,OK,0.2517534722222222,4.829885295266993,86,55.748319759932556,179,4.498693258227399,26274,,,
3291,OK,0.31396640826873384,3.8673374209566136,64,94.86760579295279,230,3.6109691299200093,46172,,,
3292,OK,0.313025,6.499063795046544,111,61.14846893183077,231,6.396655158752617,35338,,,
3294,OK,0.1119,3.333606394598352,52,65.07364973914349,255,2.7019727299100667,11490,,,
3299,OK,0.0913,5.896921017402945,120,80.47466771822995,255,4.457032073165592,7909,,,
3300,OK,0.15264166666666668,3.608159997088315,73,61.59269166592908,231,2.973136933987998,15275,,,
3302,OK,0.3971,3.9396667506085787,86,63.64756454912368,236,3.5981347245948565,43318,,,
3303,OK,0.22148333333333334,6.7173351393383,74,69.13710903213376,250,6.392423767518919,22333,,,
3304,OK,0.21518356643356643,4.341254688494401,96,135.75124838035413,240,3.8179704595185995,21936,,,
3305,OK,0.19006666666666666,3.673433298257921,48,62.19276963810464,205,3.276141741500694,19933,,,
3306,OK,0.17297413793103447,5.744480438574633,73,55.02171956706798,253,5.178703276419013,17336,,,
3309,OK,0.187125,7.139218608156484,85,49.44103510411368,186,6.832258706467662,16750,,,
3310,OK,0.3679416167664671,7.10722786174909,93,57.67473917317007,247,6.807369594554949,45448,,,
3312,OK,0.24293973941368077,4.226505324081833,88,64.50801897447481,255,3.8295421083627796,27168,,,
3313,OK,0.11288745387453875,5.381248127264308,51,110.04822367577273,249,4.822775900900901,9472,,,
3314,OK,0.24530833333333332,4.108502904507932,56,51.266179344765526,232,3.6417434671396807,25933,,,
3315,OK,0.2739794007490637,5.356640807445633,65,98.37364423064523,227,5.158134912851894,25493,,,
3316,OK,0.27117041198501873,4.040042355811839,73,89.1377672717618,222,3.6693515393269918,26072,,,
3317,OK,0.18038888888888888,1.5824453341546043,36,53.53414672721932,194,1.2518977644682778,14359,,,
3318,OK,0.38258426966292136,5.4592021536955455,115,67.9064958042665,241,5.356381810193322,36416,,,
3319,OK,0.13125833333333334,4.571096015067827,60,29.011008898566573,212,4.151506387081224,13830,,,
3321,OK,0.10416943521594685,4.699250518258651,56,59.767635842187566,254,4.325784664282876,10907,,,
3322,OK,0.24286666666666668,4.0855750754872355,57,50.692817939009714,223,3.6313154952284368,25638,,,
3325,OK,0.2923828125,4.550995323981296,77,44.59302971754531,246,4.273245614035088,34200,,,
3326,OK,0.20568106312292359,2.62471060141065,50,54.09628522034938,205,2.04065913546821,21422,,,
3327,OK,0.09368333333333333,3.0440906125837635,56,103.67663374954793,234,2.2072220392931623,9111,,,
3330,OK,0.20284166666666667,5.207194993358257,84,45.185516609345,221,4.736871691572587,21347,,,
3331,OK,0.29463483146067415,8.465323460556561,73,36.245890468541894,228,8.318363452018847,27945,,,
3332,OK,0.3620017793594306,7.848722422931669,75,71.1370594004639,239,7.60331563649034,36353,,,
3334,OK,0.08795833333333333,5.187083530712143,74,98.31596692402577,255,4.288506429277943,8425,,,
3335,OK,0.08160112359550561,9.5205966724039,103,67.15591918574026,229,9.123214378473845,6417,,,
3336,OK,0.40042293233082704,6.317263232015022,68,59.63350837317449,214,6.235526560728368,39394,,,
3337,OK,0.20565610859728506,5.732963574135192,72,60.49626174878952,254,5.469483568075117,19241,,,
3338,OK,0.2006,7.225674827369742,96,47.11655500884923,210,6.871059204752582,14813,,,
3339,OK,0.22045555555555554,8.139425096181307,71,121.21379533155641,253,7.834530166329098,16293,,,
3341,OK,0.177578125,4.7336014916305285,47,53.43376894787553,248,4.381687851019805,13532,,,
3344,OK,0.12341666666666666,8.065316227774026,70,58.84340399911272,250,7.94874186944466,12863,,,
3345,OK,0.22441391941391942,4.092657580456486,61,97.9550735589298,213,3.806022629941847,22183,,,
3346,OK,0.12389,5.898350687437781,93,59.92505126829584,231,4.753973367697594,9312,,,
3348,OK,0.24367977528089887,6.357732949087416,64,61.004217476529455,239,6.164388910581804,23049,,,
3350,OK,0.2374375,2.922813020970431,42,24.560033330601318,233,2.6036290363824195,32589,,,
3351,OK,0.6080471380471381,4.428212156450154,57,47.31084815164791,116,4.374978299866906,69124,,,
3352,OK,0.3053416666666667,3.374816917296653,55,48.967058146091006,224,3.136462234227597,32578,,,
3354,OK,0.3887124060150376,5.6857193516929,63,46.19661956816982,255,5.4097767312053024,38220,,,
3355,OK,0.405390625,4.689653326481231,62,65.74866786376444,240,4.3959348428394,27912,,,
3357,OK,0.062243150684931504,6.968179734066942,55,131.37337411363706,245,6.367019980506822,5472,,,
3359,OK,0.09843531468531469,7.2640381256845155,81,132.85925466280133,255,6.417615963070508,8954,,,
3360,OK,0.31249166666666667,9.355840600193783,110,35.49062031571334,233,9.20786592264473,34766,,,
3362,OK,0.2699247491638796,4.722857231360159,112,59.366705986997566,229,3.998625103421424,27396,,,
3363,OK,0.1662921348314607,5.788382132132132,68,112.08571428571429,238,5.194711700195115,14863,,,
3364,OK,0.2462,6.143018322953335,88,90.49792164146105,200,5.6370315029261615,5354,,,
3368,OK,0.2862924281984334,2.982732938136495,34,50.56348088531187,196,2.802032796226004,39781,,,
3369,OK,0.18528735632183907,4.416942376619796,39,58.362467080511664,255,4.281987295825771,17632,,,
3370,OK,0.34091666666666665,5.5996251935142185,78,61.189341256796055,239,5.412669078667673,38419,,,
3375,OK,0.29073694029850744,4.519138832739757,92,74.01372649595132,239,4.176360728834728,28557,,,
3376,OK,0.12487873134328359,6.390901620975574,132,103.46905368481269,255,5.350953177806215,10159,,,
3377,OK,0.15185833333333335,6.853902577329016,58,63.3997989067602,242,6.743109318413462,15371,,,
3379,OK,0.4086,11.26445314624463,105,76.1979154924285,246,11.230431705590942,44745,,,
3380,OK,0.2977808988764045,6.288253728683877,138,57.839429132720866,255,6.126462318186552,28807,,,
3381,OK,0.15973333333333334,3.832533388981636,60,49.5492965196234,204,3.689972615510109,17163,,,
3382,OK,0.112075,5.629216546459464,61,44.16991237373026,207,5.240954251715205,11709,,,
3384,OK,0.35486059479553905,6.065666221442352,74,93.75874785715315,214,5.884087063749247,34871,,,
3388,OK,0.2831778232321817,2.4936508460041558,59,62.43720140372822,254,2.083648190944328,27261,,,
3389,OK,0.3338312693498452,6.365104758371782,73,61.55059700163047,221,6.298581985220691,40056,,,
3390,OK,0.23101923076923078,5.025680512777824,48,67.32319253757471,219,4.799543995160765,21491,,,
3391,OK,0.21054894140405767,1.6551346037507562,49,59.62856912364558,163,0.8665358858147872,14783,,,
3392,OK,0.25167377748605185,2.5649518593379845,66,44.06119480443538,199,1.9130863074941276,13197,,,
3394,OK,0.3066833333333333,5.377914243791098,78,91.5607666850966,255,5.018606663781912,32354,,,
3396,OK,0.21374531835205993,7.753139419426436,159,89.90696898966323,255,7.594960367125574,19975,,,
3398,OK,0.17481666666666668,7.166094638827978,89,81.02850208371204,244,6.8392770851454525,17245,,,
3400,OK,0.2980833333333333,3.299357003075203,39,29.360576200087063,139,3.1938541732349663,31718,,,
3401,OK,0.16348684210526315,3.8543259557344065,49,33.527584592625885,180,3.4880471614909716,14362,,,
3403,OK,0.13651666666666668,4.59829894599764,56,64.60556402684219,208,4.3843856655290105,14064,,,
3404,OK,0.19768333333333332,2.337408312958435,34,63.86332287750057,240,2.0506437629399588,20608,,,
3407,OK,0.08639166666666667,6.632616314587955,71,68.49533443397517,249,6.275168851807708,8390,,,
3410,OK,0.32654375,4.100044021666315,48,62.5027733179896,240,3.9678069521521855,48292,,,
3413,OK,0.105375,3.3760115987873993,83,60.82914318538183,250,2.869599042489527,11140,,,
3414,OK,0.15028619528619527,5.736044210447705,76,40.49986791617961,227,5.408018147711905,15282,,,
3418,OK,0.12229787234042554,4.828897007654836,48,42.33505850221403,143,4.524120140040538,9045,,,
3420,OK,0.12456666666666667,3.2324502720542325,55,66.58539263095102,162,2.6377933100349478,12018,,,
3422,OK,0.1683974358974359,7.385268366958508,72,100.49108147691359,250,7.192779673871824,21975,,,
3423,OK,0.232275,6.340365227998421,55,65.78511185645903,215,6.16380847852929,7289,,,
3424,OK,0.23038690476190476,4.243465529862636,66,62.84507435623102,209,3.9683589743589742,19500,,,
3425,OK,0.2727725563909774,3.191273587614421,49,73.64382611542621,212,2.9240865026099927,26820,,,
3427,OK,0.21516666666666667,5.950755945721089,83,72.69336101869548,237,5.819036105738234,20680,,,
3428,OK,0.14833955223880596,2.939965622772817,45,66.65382958370756,175,2.691035297592675,13542,,,
3429,OK,0.12827881619937695,8.0210066176917,76,66.66599957711287,254,7.92491435543667,14206,,,
3430,OK,0.09851679104477612,6.620711422529432,100,64.98646509173315,233,6.438097414219887,8753,,,
3431,OK,0.11716494845360825,8.854035293542553,73,81.85222488209001,243,8.739580520298857,11109,,,
3432,OK,0.10092105263157895,5.168477473562219,52,33.03015431647072,157,5.034043125777912,9909,,,
3433,OK,0.10476765799256506,5.981105295839617,57,44.02657960211917,196,5.7792764964305325,9712,,,
3434,OK,0.05529135338345865,7.482803558275257,81,78.27774737938194,250,7.175961603461096,4931,,,
3436,OK,0.05012658227848101,7.961279461279461,105,67.58845282515992,255,7.888575836855169,4969,,,
3438,OK,0.3328083333333333,8.994048960446035,79,59.024763831815775,223,9.006770136473106,37370,,,
3439,OK,0.46598684210526314,5.689532448585815,59,76.99165332019219,221,5.666717165978613,52806,,,
3440,OK,0.07345762711864406,9.272496538994002,69,52.32543384675423,233,9.326660178877612,7193,,,
3442,OK,0.3867257462686567,6.2524061075331065,106,67.76593198768944,255,6.169633754215356,38253,,,
3443,OK,0.22053030303030302,10.035440283980305,107,50.967226325849616,245,10.02174627776995,21291,,,
3444,OK,0.07735593220338984,7.312262635115395,73,100.37694417909717,255,6.745693082427776,7546,,,
3445,OK,0.38597682119205295,5.9954031370194025,74,40.045200025166054,251,5.754253512428593,43180,,,
3446,OK,0.09756756756756757,7.041839796860573,98,57.29497042527703,249,6.549222070031258,9491,,,
3447,OK,0.2513235294117647,6.757677220813558,69,94.89869922957725,255,6.644624538605745,28627,,,
3448,OK,0.15666666666666668,5.108156028368795,73,68.44805586925152,194,4.716485772953946,13636,,,
3449,OK,0.10942857142857143,7.772220409051349,67,52.1000394342851,232,7.6668354259484275,9876,,,
3452,OK,0.1624496644295302,8.158111271775804,90,88.44237549581314,255,7.909202222850146,17695,,,
3453,OK,0.03947826086956522,7.992933186490455,50,55.03780025952079,237,7.986101694915254,2950,,,
3454,OK,0.18880905511811025,7.2713687466333035,88,57.97630747701728,222,6.77232230464304,16986,,,
3455,OK,0.10250995886906111,5.614705758456548,51,51.6883589902737,220,5.453292604958443,14077,,,
3456,OK,0.23352653631284917,6.285776940482243,50,65.49981322716133,255,6.201228137860082,31104,,,
3457,OK,0.23127340823970038,5.419284750337382,90,75.19523345513602,233,5.060766907659925,21854,,,
3459,OK,0.08266339869281046,5.721914739408315,73,75.3429549408335,223,4.941699082745042,6941,,,
3460,OK,0.27766187050359714,7.525111197478084,74,92.76964543598426,251,7.403417611159546,28675,,,
3461,OK,0.16195054945054946,6.155593252285364,59,88.8854686845508,255,5.970949628064068,16087,,,
3463,OK,0.12094465648854962,11.955476660092044,112,66.63738398914518,255,11.977858518104465,10734,,,
3464,OK,0.06380111524163569,11.438553046856033,114,94.97765755033835,255,11.556799626778632,5716,,,
3465,OK,0.29650485436893204,8.49901768172888,98,51.26816327782378,240,8.503169137096371,33395,,,
3467,OK,0.28168926055787846,6.3025072110051035,83,122.20492361951001,250,6.280504213582607,42363,,,
3469,OK,0.3474903846153846,10.74693083188061,113,85.78183345367736,252,10.38074294205052,33650,,,
3471,OK,0.05413149350649351,5.728195131703903,72,62.19539006787893,255,5.446195187492366,5458,,,
3472,OK,0.15055460750853242,8.535052422782657,77,98.4428607302496,254,8.644319016152716,14528,,,
3474,OK,0.19289198606271776,10.130027697495184,97,95.4992876877914,250,10.315556734766075,18845,,,
3476,OK,0.05265740740740741,9.872692104800421,231,57.23922017078312,207,9.677359054882608,4458,,,
3477,OK,0.1568072944785802,9.296025066491785,94,90.60187208439625,227,9.212172104926424,16672,,,
3478,OK,0.06858,7.214105181296782,73,78.84494642588736,255,7.173107430674535,5253,,,
3479,OK,0.23721153846153847,5.792460478313742,95,97.68250443619156,254,5.55659214724209,28941,,,
3482,OK,0.26300969430727816,7.361391060458594,85,64.74428297722154,227,7.109512306130308,28563,,,
3483,OK,0.041781524926686214,10.124758729601684,86,53.24180636210384,218,10.337396504139834,4348,,,
3484,OK,0.1452290076335878,7.206073879398453,136,92.71404579395202,255,6.37536865824966,20118,,,
3485,OK,0.2625,5.876284461152882,111,68.95292893250074,233,5.961919268849962,28886,,,
3487,OK,0.5163874345549738,6.346513907195241,92,46.49942261195915,255,6.070439613117897,35463,,,
3488,OK,0.3368204697986577,7.003096797761671,110,63.43693733581274,254,6.705880176830735,36042,,,
3489,OK,0.324819587628866,7.865058583935042,90,103.42233419433099,234,7.830340087828125,33854,,,
3490,OK,0.2557685810810811,6.933284901319772,103,78.01353503485896,245,6.675511107830836,27098,,,
3492,OK,0.24766791044776118,3.090244821092279,110,76.0916594337673,253,2.6964901084875557,23505,,,
3493,OK,0.05712171052631579,5.679623764276802,65,58.72292869561173,255,4.940357974745617,5438,,,
3495,OK,0.2731350267379679,4.231002667580333,61,75.70950624890794,242,4.030279238962603,38211,,,
3496,OK,0.2925649350649351,4.2088835867273335,72,99.29940183884835,247,3.8216169449830093,31978,,,
3497,OK,0.2915535714285714,3.8708887119495317,69,62.179878842873826,246,2.954701973907561,13746,,,
3498,OK,0.3956418918918919,3.1285828138786895,57,70.15783442338868,222,3.0222828348203965,43262,,,
3501,OK,0.43477198697068403,5.010151713804083,90,98.65122700859627,254,4.796086426415623,50031,,,
3502,OK,0.5472152777777778,3.221974052124181,56,90.710285629566,245,3.1109990444845526,75352,,,
3503,OK,0.43796511627906975,4.573483023901184,88,91.80252897683332,254,4.441758781626136,47495,,,
3516,OK,0.3398876404494382,3.7845821854912765,80,53.46637825059101,238,3.5660251505699097,33982,,,
3519,OK,0.1410530821917808,3.628872028325746,63,112.12332253509427,254,2.828257129703666,13757,,,
3521,OK,0.14710610932475884,8.083096539162113,74,52.46659440779139,239,7.87628911317809,15159,,,
3522,OK,0.14306451612903226,6.983464862833522,92,56.01333992094862,227,6.006068679692126,4504,,,
3523,OK,0.32410860655737705,10.783274850103794,121,72.88779743407058,229,10.541644688920705,26542,,,
3524,OK,0.13732,8.12933294494611,74,49.21174711364585,232,7.9714950051670685,11612,,,
3525,OK,0.08461895910780669,6.20962840929892,90,71.3850990744031,255,5.420611728034288,6844,,,
3526,OK,0.19712177121771218,6.903188568576064,101,50.03163970340411,240,6.500630680764237,17970,,,
3527,OK,0.11231958762886599,7.006424965580542,93,47.58975475678919,253,6.350489492649638,10453,,,
3528,OK,0.22126,7.60546164893991,114,68.26731215382112,254,7.208214807625804,29881,,,
3529,OK,0.20935222672064777,7.485657190743248,73,67.7502560294946,244,7.036562888167649,16638,,,
3530,OK,0.2056388888888889,8.522040614165428,138,65.0361265556216,254,8.257843632485828,17817,,,
3531,OK,0.2366264789154932,7.55188853671421,80,67.01324720195842,237,7.361725398537696,22248,,,
3532,OK,0.13686677631578947,7.915640209096917,99,81.79156225882981,251,7.729368047225946,14173,,,
3533,OK,0.17413207547169812,6.631198757539639,88,55.29091940630402,217,5.861058124492973,15203,,,
3534,OK,0.08261111111111111,7.383621011731301,76,77.55456980022474,254,6.985597670670202,6411,,,
3535,OK,0.16284132841328414,6.563581086184757,73,77.0985072214631,242,6.135313048566413,13672,,,
3536,OK,0.3077846975088968,8.634812352459411,75,55.6585009532378,241,8.55002339103121,29926,,,
3537,OK,0.25404362416107384,8.691554939127755,100,55.65826191922145,241,8.395367454068241,25400,,,
3538,OK,0.20071296296296295,8.058818102135904,92,78.87366441543196,255,7.6355026852226136,17317,,,
3540,OK,0.12550925925925926,6.234968646255994,67,57.67292780630702,230,5.947392136983215,11836,,,
3541,OK,0.1883641975308642,7.065559742931527,64,68.08216399842821,255,6.626321144542038,16053,,,
3543,OK,0.2744007490636704,8.434018062285311,132,92.90494747980489,253,7.902662296130477,25016,,,
3545,OK,0.15607382550335572,6.46083279581452,68,57.83056649038398,244,6.205916757055658,15673,,,
3546,OK,0.2023765804522323,4.637848347375243,44,117.51231258884101,251,4.270112329274659,19793,,,
3547,OK,0.34612,6.855396972148388,84,102.41107440712872,255,6.465260017050299,29716,,,
3548,OK,0.10655,6.456775640022942,92,60.907857182830604,218,5.9969776344952646,9926,,,
3551,OK,0.2488209219858156,8.155627605372858,104,59.15970951892022,241,8.011225027353406,24677,,,
3552,OK,0.12222826086956522,5.6172372906476955,69,58.78230450126927,231,5.19437839156149,10934,,,
3553,OK,0.1191568047337278,6.317256362507759,55,89.88216754835278,230,6.078523959426373,13342,,,
3554,OK,0.14123745819397993,7.314093456468545,92,61.886178940945854,255,7.007811755739735,13996,,,
3555,OK,0.18151515151515152,4.720865794843257,66,51.400710642149,253,4.1521535770935865,24587,,,
3556,OK,0.12642857142857142,6.40799385469323,80,49.856432270373396,253,6.0249984812587325,10974,,,
3557,OK,0.36875,5.794537359224754,75,70.4005988678338,252,5.525758501323559,39288,,,
3558,OK,0.15245805369127516,7.277132742713549,89,85.64225075144928,254,6.186408504176158,14048,,,
3560,OK,0.17025,5.9063795072605645,70,50.959522613906465,201,5.664282594452938,18316,,,
3562,OK,0.17666353383458647,8.231082974233477,54,49.57533417805326,238,8.12737699326341,15636,,,
3563,OK,0.13062581641135257,5.903716108452951,70,57.98039525805362,245,5.426231082430667,17356,,,
3565,OK,0.021996587030716722,6.609904318593225,145,112.48648601490115,254,4.491005996002665,1501,,,
3566,OK,0.1468076923076923,9.878875207405466,103,74.28039489699319,247,9.57122507122507,8190,,,
3568,OK,0.20288461538461539,8.37259083728278,97,88.22989947728186,249,8.183239230447512,19128,,,
3570,OK,0.1735195035460993,6.600163490522659,111,83.95658625362466,248,5.875209277634856,16326,,,
3571,OK,0.2175,3.964508301404853,59,60.36714944976926,224,3.7117476380372483,23321,,,
3572,OK,0.10401006711409395,8.118540624831962,108,57.69261499472544,255,7.539141282877638,9619,,,
3573,OK,0.3407003546099291,8.089224844526553,122,61.92137853137732,247,7.713240521327014,33760,,,
3576,OK,0.3756155303030303,5.980024370771881,76,56.27711635196279,207,5.849496109912485,35689,,,
3577,OK,0.22823943661971832,7.262393294250746,61,49.98787146029139,222,7.09131866766095,10728,,,
3579,OK,0.3758092247888166,10.94330177169531,101,87.26129168762525,255,10.869995617910533,46401,,,
3580,OK,0.194792817679558,5.732810985842256,97,74.0441074726544,223,5.3601135327509635,22666,,,
3582,OK,0.24695261437908497,5.4940505728873745,50,62.773831092980956,237,5.392008307961009,28246,,,
3583,OK,0.25363291139240507,7.66773968158906,99,88.74850612531023,235,7.439206780036559,36106,,,
3585,OK,0.10627984084880637,4.979888105488654,35,47.08669144907857,223,4.856027796129095,13623,,,
3586,OK,0.1409338521400778,4.352866740290815,55,92.66355270706887,247,4.051049377802542,12563,,,
3590,OK,0.2789667896678967,4.684380511463845,54,45.568355510064826,235,4.431502077579558,26794,,,
3591,OK,0.09683147632311978,5.473618602421191,93,69.732891270545,246,4.726020493868638,11906,,,
3592,OK,0.12492622950819672,7.80655250092951,104,91.68353019417566,252,6.753295988230635,11782,,,
3594,OK,0.17687158469945355,3.887901959269844,56,85.45026803644632,253,2.9738714136408078,9887,,,
3595,OK,0.23850174216027875,8.09537375213051,87,79.13223518645619,232,7.99648134185219,25199,,,
3596,OK,0.3831267806267806,3.0803232263141913,85,45.926374087373524,255,2.7951094773853282,50056,,,
3597,OK,0.12743311036789298,6.484548257988321,83,63.81618579454894,212,6.3539207972724885,12710,,,
3598,OK,0.17230978260869564,3.5607422593702363,80,76.18522713593136,208,2.8927235357612857,22543,,,
3600,OK,0.22177792915531336,7.788555456583838,87,68.03530486185879,255,7.700384137514391,29243,,,
3601,OK,0.3416268382352941,11.404046382738304,112,108.58852079872308,255,11.29894891457785,34948,,,
3603,OK,0.3076742160278746,5.571793928069232,61,64.9548811635778,204,5.302236286919832,31600,,,
3604,OK,0.18120833333333333,10.759607572622059,100,37.45689617152647,224,10.267387287509239,18040,,,
3607,OK,0.18956210191082803,2.2370672154787403,41,70.61791317503513,214,1.9947974730583427,21528,,,
3608,OK,0.40031994047619046,4.8778878501198815,94,74.04005525433122,255,4.630462158418335,47646,,,
3610,OK,0.21622909698996656,6.709227536960417,99,87.79553867653804,255,6.216722644511225,22628,,,
3612,OK,0.06441365979381443,5.3296322230002335,70,57.02424881028629,255,4.635889594605191,8502,,,
3614,OK,0.14374418604651162,4.0564094267378525,41,55.384249074300406,254,3.7975618185817073,10609,,,
3615,OK,0.1686923076923077,5.328051375588995,56,65.5893942197958,221,5.09040231043052,14889,,,
3616,OK,0.2342820945945946,5.218428926781788,60,88.04965751535941,250,4.941740908836219,23796,,,
3617,OK,0.11854619565217392,3.9263801337153774,60,58.797821451509314,240,3.0192780017609713,7193,,,
3618,OK,0.17081314878892734,3.753553462304602,45,87.7080351367705,255,3.2678009915697284,17279,,,
3619,OK,0.1827090032154341,3.930030651003857,56,39.438217387455616,220,3.5795759323920855,19761,,,
3620,OK,0.07311946902654867,6.495410993444277,53,69.87274535545212,253,6.141717503519474,8524,,,
3621,OK,0.270525956284153,7.1339561503177205,112,113.88830937777986,254,6.872288144108593,36491,,,
3622,OK,0.3926460444633098,7.261461401944092,68,64.46951695379204,255,7.152090381947564,33399,,,
3623,OK,0.10750932835820895,6.027216196673898,90,83.58197021165404,255,5.658784463674784,9938,,,
3625,OK,0.2346671826625387,5.3080136767923305,108,91.63887905664384,254,4.864229635683682,26918,,,
3626,OK,0.0701006711409396,7.727142173288655,95,49.66675688354805,252,7.2207425343018565,6608,,,
3627,OK,0.24648148148148147,6.247501309109123,77,69.31232079954124,252,6.03424160536456,26644,,,
3628,OK,0.20002570694087404,3.935601679304288,42,61.99310174919931,234,3.846,28000,,,
3629,OK,0.12545212765957447,6.230301745459685,82,73.30211659520117,248,5.90627219923948,7977,,,
3630,OK,0.20622937293729374,8.007628192305127,77,80.15523794674567,247,7.5280369903320725,19825,,,
3631,OK,0.14597222222222223,6.215715191880748,64,103.49028297284111,239,5.812583668005355,18426,,,
3632,OK,0.31650925925925927,5.577655559781178,60,71.8102695404401,235,5.3825785850543255,32152,,,
3635,OK,0.20283333333333334,4.15809367296631,52,94.21119241759007,252,3.7748458427519185,21677,,,
3638,OK,0.1,6.766527777777778,104,62.508361111111114,238,6.734237701237894,10394,,,
3639,OK,0.09910833333333334,7.968104487233386,89,56.62178212326676,249,7.565570835123908,9308,,,
3647,OK,0.20091666666666666,3.9814046730264065,80,55.697490179719814,239,3.302108129132633,21425,,,
3651,OK,0.10975563909774436,9.125877718787464,104,75.60095155648459,221,8.457705553164011,9292,,,
3652,OK,0.2285290404040404,7.050811716714089,88,69.74044129480664,250,6.885915184787366,33516,,,
3655,OK,0.24859550561797752,2.8779661016949154,38,50.529117341640706,190,2.406554702850999,8991,,,
3659,OK,0.21696666666666667,6.735097557228453,119,83.9132859392959,254,6.393635597302505,22144,,,
3660,OK,0.19415730337078652,8.046778549382717,79,42.19266669765136,253,7.751375678728909,18294,,,
3661,OK,0.19685,6.3270962097479755,91,56.01309427462699,227,6.169148338721674,21961,,,
3669,OK,0.16645689655172413,5.785782105063269,90,68.59191651756626,255,4.755581191651178,15603,,,
3670,OK,0.17254166666666668,8.393447637446672,96,58.15884317773637,210,8.132159395564221,16412,,,
3671,OK,0.44369166666666665,7.335749926437904,78,56.942497915324736,230,7.290595334960672,49160,,,
3673,OK,0.1455511811023622,6.4202506536831665,151,71.71449799566881,254,6.297057233335908,12947,,,
3675,OK,0.3417725752508361,7.41807743745311,93,90.65620818725336,254,7.2473656950993,37328,,,
3676,OK,0.18553333333333333,8.658207569768834,96,58.69211617691195,238,8.186097490625901,17335,,,
3685,OK,0.07557522123893805,4.343237704918033,65,72.18222684919267,203,3.680711789005402,5245,,,
3686,OK,0.11082589285714285,6.929775092312856,69,52.908464081000794,221,6.741333990471497,8116,,,
3689,OK,0.07739955357142857,5.929680365296804,60,75.78091897014053,184,5.568599827815606,4259,,,
3691,OK,0.06005576208178438,6.50495202723615,49,74.0613715912911,218,5.44968387776607,3796,,,
3693,OK,0.2324763406940063,3.9109166157812605,71,49.94246247850777,223,3.6896962169435388,25764,,,
3694,OK,0.2620342205323194,5.13903601054439,51,89.03878025950829,255,5.0073908353641485,25031,,,
3696,OK,0.02,7.357281284606866,53,48.159917621533666,195,7.02491103202847,1686,,,
3697,OK,0.14383458646616543,9.533477086600453,78,71.82934852609701,231,9.320772058823529,13056,,,
3698,OK,0.12415,2.7249518951089633,55,87.44048004161037,234,2.305637196494294,12589,,,
3701,OK,0.10129573170731708,6.526210183095059,77,86.47172985045091,248,6.180697847067558,11225,,,
3702,OK,0.22593333333333335,5.822399265597849,69,79.82124709327363,213,5.538065080542402,17527,,,
3703,OK,0.31355805243445695,4.493251313903488,62,60.07735886803434,204,4.214898741476984,29479,,,
3706,OK,0.18615,7.781806786641598,66,66.02911743223225,254,7.61356026301636,19213,,,
3707,OK,0.13678171641791045,6.969060446929914,74,63.93050347428596,253,6.780774214447684,12348,,,
3711,OK,0.1959126984126984,3.2720613057862398,51,71.6423777328135,234,2.0379728966685486,7084,,,
3713,OK,0.18263,6.139298034276953,49,53.119097430376286,223,5.8487009319401295,14164,,,
3715,OK,0.10809895833333333,5.8509060735030385,67,109.64698725996865,236,5.468879668049793,10122,,,
3716,OK,0.281125,5.0931179289560795,55,94.20845456828764,252,4.868329663347247,30427,,,
3719,OK,0.12375468164794007,6.525131774734559,56,101.30932968594723,238,6.228512296079864,10952,,,
3721,OK,0.145,5.068965517241379,47,83.18667455154741,232,4.615738445436016,12102,,,
3722,OK,0.241675,4.862809328413963,62,103.21060304691993,255,4.650375477040503,24369,,,
3723,OK,0.16205992509363296,5.9733456590401355,58,97.44386835322338,247,5.647112870167503,14149,,,
3724,OK,0.2051027397260274,5.2005343129069965,58,52.71375281834762,204,4.730640753112663,19758,,,
3725,OK,0.111875,5.759751707014277,46,67.89154742356713,228,5.379435732606084,10267,,,
3726,OK,0.10119166666666667,5.423151884487633,68,73.51574461246527,252,4.42505327965901,8446,,,
3727,OK,0.38579588014981275,3.398352870745658,54,77.21536045855756,213,3.1747690568033633,36553,,,
3728,OK,0.34299166666666664,4.236100650323542,57,66.92775332631498,254,3.9874186861105154,37304,,,
3729,OK,0.09853321033210333,8.185407109197017,83,146.0603396814676,255,7.469945355191257,7686,,,
3730,OK,0.29932608695652174,6.914820732563488,103,47.27464242499457,236,6.602076791714868,24204,,,
3733,OK,0.15842960288808663,5.505108047548517,53,116.60783304377668,255,5.103698133843735,14629,,,
3734,OK,0.2447205882352941,4.839602988602448,79,72.4973454831026,222,4.4781461725296055,28683,,,
3736,OK,0.11323684210526316,5.8036511994215925,73,101.3797535553775,255,5.378671144475175,10124,,,
3737,OK,0.292728813559322,7.159448400980449,84,53.53283487902098,209,7.087987566974232,30671,,,
3742,OK,0.20708333333333334,9.42543259557344,101,66.80783674899281,255,9.114697458744374,21997,,,
3743,OK,0.4010955056179775,4.422928776524967,63,52.500841632402064,252,4.097246134964991,37753,,,
3744,OK,0.15026666666666666,6.419162230109435,87,88.05513821329568,252,5.747839016153827,13227,,,
3745,OK,0.4367641509433962,2.4750847787113637,56,51.14670396239162,207,2.2459647017187523,43326,,,
3747,OK,0.14330833333333334,8.268748425112907,69,63.753661533872226,255,7.954704152884969,14512,,,
3748,OK,0.41084166666666666,6.291400444886175,90,48.638575746003006,233,6.077561841326877,45641,,,
3749,OK,0.15853544776119402,6.528469157595371,105,62.59145649723777,226,6.243635943635944,14430,,,
3750,OK,0.0709075907590759,9.32169730819952,103,59.922772025173316,255,9.048122233328574,7003,,,
3752,OK,0.1557090909090909,6.304335980071618,95,56.820351307893304,251,6.068604328523862,14416,,,
3755,OK,0.3296527777777778,8.297185746943489,106,40.41931696536483,239,7.931182081982419,39171,,,
3756,OK,0.09418333333333333,4.190054857547337,40,57.8316927021043,255,3.7602553369610714,9556,,,
3762,OK,0.41580886012941765,11.096628998276191,110,93.01416675187167,252,10.877573718655784,36264,,,
3763,OK,0.04561135371179039,9.371070687729375,63,110.05727772566783,244,9.20641680863146,2348,,,
3768,OK,0.20751930501930502,6.59323689473929,81,71.15383085061896,244,6.450874147333719,19009,,,
3769,OK,0.17944128787878788,6.355216634123173,52,61.02965151392752,241,6.134476403470626,16097,,,
3770,OK,0.0728,7.505173992673993,72,77.31049396031061,227,7.435702049737137,5643,,,
3772,OK,0.12667777777777778,6.07458410080987,73,53.19312798720934,150,6.011136890951276,8620,,,
3775,OK,0.11147840531561462,9.654348581930165,80,33.565536839350145,213,9.289597490852065,11478,,,
3776,OK,0.03947211155378486,6.414416687694508,47,50.5448289211264,184,6.580300500834724,2995,,,
3784,OK,0.1111552346570397,6.260636570315038,83,44.50888469192965,243,5.51291745431632,8464,,,
3786,OK,0.10772388059701493,7.5580764345918485,109,65.20405567404062,253,7.364043704546238,9671,,,
3788,OK,0.25237951807228914,4.0620599116839715,66,67.43662624390637,254,3.7748198537026743,30577,,,
3789,OK,0.4756209150326797,4.7414609194875785,58,62.52116830778179,174,4.523322941923565,40418,,,
3790,OK,0.5192041198501872,3.780370657577561,54,49.93035891643459,235,3.5811164187605993,51498,,,
3791,OK,0.38526209677419354,6.4064489681999754,70,47.569025832759394,222,6.196882372263864,33487,,,
3792,OK,0.1632308970099668,4.832256313709527,61,101.4553717066844,240,4.421829081932526,17014,,,
3795,OK,0.085,7.934871965783481,93,70.55019943549178,230,7.048672413196248,9629,,,
3796,OK,0.14479661016949152,5.798333918607827,59,61.565352676536456,247,5.502901261209418,13902,,,
3797,OK,0.1626310861423221,5.026368818009097,62,51.29206501846861,166,4.873530982905983,14976,,,
3801,OK,0.06659509202453988,8.163212037463534,50,77.87141652152005,195,7.68726669431771,2411,,,
3803,OK,0.27034855884324427,3.2059092653266035,31,31.522501831862375,146,2.9244712990936557,9599,,,
3806,OK,0.16033018867924528,7.967735608512307,108,69.13948280059172,225,7.63522595046425,14037,,,
3809,OK,0.04152621722846442,4.6251033446072904,42,63.93267555642391,228,4.184756097560975,3280,,,
3810,OK,0.10145522388059701,9.05547382616158,77,140.3284124413438,255,9.211273741069872,7652,,,
3811,OK,0.3712804455027844,7.972704088074136,76,79.81374727246519,215,7.936926584076088,35678,,,
3812,OK,0.3289127837514934,5.529240828187432,72,71.32674025280399,254,5.215698521757235,24015,,,
3815,OK,0.04791516245487364,6.380172034909274,62,68.01344190499664,255,6.080402010050252,3582,,,
3817,OK,0.13036380597014927,5.355324985092427,54,38.05164208456244,221,5.059525879557178,11502,,,
3819,OK,0.14614444444444444,4.573151879165716,52,72.17754759457102,187,4.084457586398078,10822,,,
3820,OK,0.0864336917562724,6.233810214942291,91,102.59634410289608,255,5.058766188553126,7181,,,
3821,OK,0.3675936329588015,8.040118189459742,124,152.11949285125579,251,7.954968546298141,35131,,,
3822,OK,0.062236024844720496,6.227960745176314,94,100.8496213626529,255,3.61864633493847,2492,,,
3823,OK,0.18621472979435677,6.2850722311396465,52,60.422316902960404,185,5.999735141434474,18878,,,
3825,OK,0.07228522336769759,3.4824102685999523,46,47.550855357793296,191,2.9804793674326664,6745,,,
3829,OK,0.2327792915531335,4.237865308829841,65,57.52536077470374,220,3.640256800385943,26947,,,
3830,OK,0.0545182362547632,7.382148998724136,61,127.6673255862305,241,6.510897768552153,3854,,,
3832,OK,0.08684115523465703,9.173040947827895,83,77.78412961974605,218,8.07939998045539,6822,,,
3833,OK,0.14495874587458746,5.900715275010909,72,79.9005992415397,251,5.490334445299803,15588,,,
3834,OK,0.17197969543147207,3.0746507280598188,52,45.55163376655223,230,2.8084912365396737,24857,,,
3836,OK,0.4389187210153771,6.330821632142361,46,39.33434837774153,222,6.268600551127441,33749,,,
3838,OK,0.21826779026217227,4.4497304562938815,46,70.83831003685117,255,4.105977551553119,20432,,,
3840,OK,0.32853885135135136,5.491083746797261,62,88.69287178777626,255,5.2010744282077495,33258,,,
3841,OK,0.2957622950819672,3.1521307356188046,46,65.43973835213055,220,2.8527648848861156,32533,,,
3842,OK,0.5323922454357237,8.59855287657027,83,61.08737186711748,236,8.571025080036094,53934,,,
3843,OK,0.5019516728624536,9.43081528112078,66,57.37197238290726,235,9.410524539299878,51353,,,
3845,OK,0.06289473684210527,6.003038453875274,46,61.97441863574972,214,5.733824897037333,5018,,,
3846,OK,0.2693959731543624,2.9087049493439627,48,83.99630641802928,223,2.724929114211183,29390,,,
3848,OK,0.21581666666666666,2.8413519705511363,81,36.936136674388784,188,2.5724066658054516,23223,,,
3849,OK,0.06105698529411765,12.439510261428069,95,61.04098267046474,255,12.56093489148581,5391,,,
3853,OK,0.12165833333333333,5.969997945064731,54,49.476997371941444,185,5.644434857635893,11590,,,
3855,OK,0.069475,6.584542801167486,72,61.37678849156241,239,6.063631913852178,6129,,,
3856,OK,0.1326,10.955211999329647,115,105.02150744242051,243,10.913857677902621,12460,,,
3858,OK,0.14729166666666665,4.104912776991985,42,65.45107582050656,178,3.7088562464346833,14024,,,
3859,OK,0.10482276119402985,5.12995758061167,91,66.31833102341527,255,4.533869483455367,8331,,,
3861,OK,0.07681666666666667,7.83203153250886,68,157.3133752173939,255,7.336251023751024,6512,,,
3862,OK,0.040091362126245846,7.168151370761688,67,60.56798156432154,205,6.532941540364986,3233,,,
3863,OK,0.14450833333333332,6.017934375180209,79,59.261613691931544,223,5.822658790734718,15067,,,
3864,OK,0.1477621722846442,9.16355110576009,86,65.55237917357914,232,9.242730470104522,13458,,,
3865,OK,0.21044007490636704,8.35857619577308,63,71.35305464966893,215,8.056477393819454,19707,,,
3866,OK,0.13458333333333333,6.804086687306501,91,66.13140747873535,238,6.224589074208364,11032,,,
3872,OK,0.07918539325842697,9.101966812502463,99,62.63819149981866,241,8.784729378281565,6793,,,
3873,OK,0.14114166666666667,5.297219106099073,90,74.03824521570948,255,4.54887268799784,14814,,,
3874,OK,0.11841370558375634,6.812488836494838,78,63.31150105322758,242,6.452216876869068,7691,,,
3875,OK,0.20959166666666668,8.119942215683936,76,124.75472593279845,251,7.97182225528222,18821,,,
3878,OK,0.22695760598503742,8.809813329426559,63,67.45041954758398,255,8.776044129235618,25380,,,
3880,OK,0.11101785714285714,9.66023269529784,107,72.76529806024814,210,9.598456030431864,8938,,,
3882,OK,0.27825833333333333,4.260189871522266,52,47.90682261658719,221,4.102243723234976,31213,,,
3883,OK,0.08067415730337078,5.445256886412875,81,56.06198905456422,240,4.779314187306894,6581,,,
3885,OK,0.13519736842105262,7.73933495539335,59,68.91066673911862,255,7.34726021719307,12063,,,
3891,OK,0.20492598684210525,5.528151209920141,86,118.7853938898715,255,5.021261149139183,22498,,,
3894,OK,0.20663333333333334,6.370973812980588,79,68.0571649650575,222,5.918542287416915,21815,,,
3895,OK,0.103796875,8.354483416127252,136,54.085476344067274,252,8.53858769649709,10772,,,
3896,OK,0.06270599250936329,3.9591857050420587,51,142.89620357698237,252,2.7821107363687463,4744,,,
3898,OK,0.146525,6.520332138997896,59,73.41055684114941,164,5.913610027196405,14095,,,
3901,OK,0.14664794007490636,7.634614566040948,60,89.27319742222417,255,7.540541887883546,13373,,,
3903,OK,0.08967078189300412,5.659132629646627,51,48.61068291065805,245,5.277709296353364,6490,,,
3905,OK,0.054941666666666666,8.086354214065423,66,59.09545266165228,247,7.7001170073645815,4843,,,
3906,OK,0.03599246231155779,5.934496800465387,58,36.91119654221237,199,5.089611283109735,1938,,,
3909,OK,0.14380487804878048,5.787624378109452,54,40.13156145548466,201,5.419124518709581,8917,,,
3910,OK,0.1654868913857678,8.661310399456829,105,102.77081884074232,255,8.157372584619376,15422,,,
3913,OK,0.14771666666666666,7.839501297529053,99,76.57294457372679,222,7.2392940036218025,13069,,,
3916,OK,0.11269736842105263,5.449614989019542,54,42.10992242971186,199,5.291352466704183,8885,,,
3918,OK,0.10667785234899328,5.8268847646010276,51,149.10397180171043,254,5.469363007347171,4673,,,
3919,OK,0.049433333333333336,5.156832996178917,74,77.44757805285737,249,3.80645652504949,4378,,,
3921,OK,0.16288,6.523739358218729,97,83.71586311799184,247,6.213871606334842,14144,,,
3923,OK,0.3347833333333333,9.095136157713945,82,106.60309506509992,255,9.127288531536916,36814,,,
3924,OK,0.17522388059701494,4.152855520402369,53,63.03317219033831,222,3.511466538069978,12442,,,
3925,OK,0.17525555555555555,4.845389801136964,48,48.91315828472119,196,4.621852163063682,13091,,,
3928,OK,0.12593333333333334,4.67756308452444,98,78.85483563420028,206,4.203703703703703,11808,,,
3929,OK,0.19750936329588015,7.3627097752915525,76,75.06966840127879,255,7.100094885153159,18619,,,
3930,OK,0.12250936329588015,8.992178742484459,69,103.3027764736011,235,8.521186904631556,9133,,,
3931,OK,0.1787,5.7892557358701735,135,49.86013231056455,230,4.9628263264417285,13011,,,
3932,OK,0.0784070796460177,11.279784298971657,82,50.06105563024134,236,10.911607843137254,4250,,,
3937,OK,0.16480833333333333,6.186681498710623,96,64.05517030355641,239,5.740344945561392,16563,,,
3939,OK,0.20375833333333335,4.859133232451297,52,49.88561889711038,216,4.587588903495466,19778,,,
3942,OK,0.11230088495575222,6.1744483845547675,61,56.59037400724421,227,5.7042399172699065,7736,,,
3944,OK,0.15541666666666668,1.4346738159070598,68,56.78957737214274,219,0.8465531224655313,16440,,,
3946,OK,0.10833650190114068,5.95990172852505,61,105.82534318376456,255,4.628248006174427,7774,,,
3948,OK,0.08254016064257028,6.494059927827109,54,100.54174737448794,252,5.766826156299841,5225,,,
3949,OK,0.1503375,7.913361603059782,78,86.29568112829114,245,7.611697722567288,9660,,,
3951,OK,0.36726765799256506,6.414730839954789,42,47.98524818111493,195,6.356473415708453,37309,,,
3952,OK,0.3178478260869565,4.016095570298429,62,69.22615974590225,246,3.494414245303925,25571,,,
3953,OK,0.10220588235294117,8.237859712230216,73,109.01390936390936,255,7.315808249721293,7475,,,
3954,OK,0.21139166666666667,6.885415434751186,127,69.46758530322403,255,6.53161706530339,21908,,,
3956,OK,0.2753409090909091,4.554155158364816,116,82.55686099484123,250,4.293804785595831,28140,,,
3957,OK,0.10356666666666667,8.552489003325823,72,72.62318261257576,240,8.30264710841342,9885,,,
3958,OK,0.4088202247191011,3.7879468034751804,58,103.94180472404364,224,3.4360139744353932,40264,,,
3959,OK,0.14924166666666666,7.631712174511884,134,67.41917504971055,255,6.733509357050213,14392,,,
3961,OK,0.1862621359223301,3.6333507080184173,64,37.93847229679121,220,3.3076573620715766,19811,,,
3964,OK,0.08293071161048689,6.311505024274585,50,75.01067968103897,206,5.935889539061698,6494,,,
3965,OK,0.15125,5.285714285714286,51,76.4574693565857,246,4.8314179390357355,12182,,,
3967,OK,0.21198979591836734,5.789891696750902,46,64.33254559188518,254,5.5285092314497915,14317,,,
3968,OK,0.15786654135338346,3.2132920561211327,59,39.827528096157494,195,2.6690686980989637,14571,,,
3970,OK,0.303625,3.9994602259731944,53,38.112243961786234,222,3.8535786087655812,33160,,,
3973,OK,0.25413146238880413,6.47231274333907,46,43.44388720469412,208,6.467792045015134,24999,,,
3974,OK,0.25900602409638557,4.796332906927162,66,81.52992425782149,252,4.539123597112017,23315,,,
3976,OK,0.23121,5.6212101552701,85,52.05007869509229,248,5.020109469638475,19427,,,
3977,OK,0.088375,3.1115825868301115,36,71.71298505416152,200,2.6460895975702354,8780,,,
3981,OK,0.3353680203045685,2.8681399074179184,41,60.033668747891724,246,2.584577427381252,47692,,,
3982,OK,0.06249166666666667,6.869271458416677,57,69.39386612859738,247,6.420077972709552,5472,,,
3983,OK,0.27084,6.905257716733127,134,87.1940177738768,255,5.872286133197992,23644,,,
3984,OK,0.11335,4.839827476351517,40,63.498872159251114,247,4.427719423179633,11234,,,
3985,OK,0.1422767857142857,5.4755517205313256,66,106.63451395756346,255,5.042552538732934,10865,,,
3986,OK,0.33845,7.705799313865498,78,36.5588642833749,245,7.500379034004765,36936,,,
3989,OK,0.09103383458646616,7.8902195608782435,82,113.03221181352579,255,6.9512851165570835,6692,,,
3990,OK,0.06647,7.035655182789228,93,89.52749956259217,255,6.151154076738609,4448,,,
3991,OK,0.1659176029962547,6.272987208427389,62,72.44304370603203,233,6.048356461308127,14917,,,
3992,OK,0.1146067415730337,9.622385620915033,107,104.07378384094754,255,9.471393277420194,10254,,,
3993,OK,0.2714794007490637,5.54008875399508,98,94.55802037546376,251,4.9108917734555355,24113,,,
3994,OK,0.11503759398496241,5.906563180827887,57,58.03923463608043,226,5.481891791171189,9839,,,
3995,OK,0.2842041198501873,5.009521299377327,77,82.69265853031077,216,4.712828244754366,26530,,,
3996,OK,0.24835205992509363,6.917508671391947,126,70.66408391050875,255,6.392603331627722,23452,,,
3997,OK,0.11890449438202247,7.004436044832927,138,97.39900744944262,248,6.11227677055748,9818,,,
3998,OK,0.1249625468164794,5.636420400619412,54,66.56417417481684,230,5.203514739229025,10584,,,
3999,OK,0.17700833333333332,3.1389608147764543,63,98.98803484576933,254,2.607398695605688,18706,,,
4000,OK,0.24513157894736842,4.42043043733865,73,52.70457016691983,231,4.142789723623278,22602,,,
4001,OK,0.15317415730337078,3.9379138904170996,56,69.66066643815674,249,3.54256199323925,14101,,,
4003,OK,0.139425,9.263204032434802,62,73.34269722762882,247,8.906211516674055,13534,,,
4004,OK,0.21282392026578073,3.445753980643147,43,42.95359936411469,170,3.266683825947693,23311,,,
4005,OK,0.2690730337078652,4.243797195253506,44,38.670262053298835,175,4.050075950670683,25894,,,
4006,OK,0.07548333333333333,7.0674541841466105,91,98.40372146406831,248,6.397709733632063,6695,,,
4007,OK,0.13195833333333334,5.651594568992738,65,104.93447255156083,253,5.11385032711026,12534,,,
4008,OK,0.24189166666666667,4.348480150664324,59,58.18255599646782,229,4.125965127575804,26076,,,
4010,OK,0.3156606606606607,7.11566696792402,67,62.751658365696144,235,7.103889846840451,39436,,,
4011,OK,0.2209296875,4.7755460471256646,73,85.14949709690035,253,4.324006313674846,25553,,,
4015,OK,0.19801612903225807,9.5573973011865,121,181.34514543906576,255,8.419299211153916,18170,,,
4017,OK,0.21666666666666667,4.152751368481706,66,42.80769782452785,190,3.82752788889973,20498,,,
4020,OK,0.2441015625,4.080795149446134,79,51.65947209159446,226,3.542958244869073,16485,,,
4023,OK,0.11835,7.311552363516876,78,90.67991833494017,237,6.6802715039421425,11246,,,
4024,OK,0.0847203947368421,6.0076684139002134,65,98.53186041078905,255,5.2568359375,8192,,,
4025,OK,0.08276666666666667,7.682205665189958,83,101.73068466765999,255,6.762893468676305,6502,,,
4026,OK,0.15565543071161048,8.115656079563683,99,91.59132511237284,255,7.774988794262662,13386,,,
4027,OK,0.10881076388888888,4.385321100917431,44,75.36442150034902,234,3.835125448028674,9765,,,
4028,OK,0.148575,4.838353244713669,68,59.60406573293792,237,4.168965357109687,14356,,,
4029,OK,0.119925,5.80279341254951,45,36.96719345257822,222,5.676753594664042,12194,,,
4030,OK,0.11871722846441947,6.334069458684965,54,88.52017792699469,215,6.152573077867846,10856,,,
4031,OK,0.10444357366771159,5.465621170055776,53,28.94419795868957,179,5.215916446013534,11330,,,
4032,OK,0.1335110294117647,8.63309468080224,65,53.741466364002804,246,8.575224320342842,12445,,,
4034,OK,0.22016460905349794,2.8911993769470405,45,51.326235708003516,197,2.59403556867707,18968,,,
4035,OK,0.07967857142857143,6.153257134319438,63,49.929246381310875,222,5.819016249451032,7590,,,
4036,OK,0.05380597014925373,4.862921867776237,52,36.11821055814076,194,4.254561115026231,4257,,,
4037,OK,0.14432926829268292,7.731422804299864,85,71.75548112781776,235,7.517096580683863,11669,,,
4038,OK,0.09904166666666667,5.211442995372318,53,81.33177634925774,244,4.713433870688161,9615,,,
4039,OK,0.15885,3.9157486097996013,114,57.2100101052131,244,3.1296452533044072,16594,,,
4040,OK,0.15085,6.274923581188082,50,53.56405097908366,210,6.199461483444823,15846,,,
4041,OK,0.05570833333333333,8.787085514834207,91,61.052387886275724,200,8.521430467091296,5024,,,
4043,OK,0.05182432432432432,8.16280964797914,79,87.01656512031164,254,7.419167198694757,4699,,,
4044,OK,0.2572083333333333,5.404967870835359,71,67.51156485480826,248,5.068924156913249,26401,,,
4045,OK,0.35074626865671643,4.390620567375887,107,70.50449712643677,248,3.9754157628344178,34114,,,
4046,OK,0.19935064935064936,5.775352877307275,98,89.04088942957556,244,5.23452274139002,14489,,,
4047,OK,0.09078333333333333,5.272106970197663,72,81.48292180692782,253,4.55762324518446,8168,,,
4048,OK,0.15306666666666666,6.005353513356562,93,79.55668818219984,255,5.423328063784453,14549,,,
4055,OK,0.11135833333333334,5.051834667864003,83,92.6307754344177,232,4.452004319928848,10494,,,
4056,OK,0.04025375939849624,7.82099774301502,74,81.43792577794751,253,7.201384237553025,2986,,,
4058,OK,0.251225,6.549120421047976,145,73.65551511913904,243,6.157960905182902,24658,,,
4062,OK,0.09022532188841202,8.217623974313236,101,57.86224166873056,237,7.6829370045890695,6392,,,
4064,OK,0.20360377358490567,3.8254255089117475,64,42.6471881984095,228,3.342329174714204,19157,,,
4065,OK,0.23815833333333333,3.7280753933540947,38,63.22055472302134,175,3.4934579680914335,25782,,,
4066,OK,0.10557308970099667,5.838460126399706,98,75.49822173109602,253,5.326895349227106,9941,,,
4067,OK,0.08960884353741497,5.902638071740368,51,75.70332455337406,214,5.278478839385355,3883,,,
4068,OK,0.050805243445692885,6.642032190686817,62,80.24980435483128,233,5.9147058823529415,3740,,,
4069,OK,0.2540637065637066,3.4094955865405314,50,71.90940617761618,245,3.0490017361111112,23040,,,
4070,OK,0.16581491712707183,4.438345133971956,67,85.06584982200513,248,3.7345111896348646,9905,,,
4071,OK,0.2615737951807229,3.9606183608256327,45,54.818579212683005,239,3.694247182226855,30698,,,
4074,OK,0.08444444444444445,2.8985745614035086,45,89.91727346278317,247,1.8136388735505247,3622,,,
4078,OK,0.04965302491103203,6.729737800872006,53,47.84869732912684,244,6.156832694763729,3915,,,
4079,OK,0.23593333333333333,2.65647075445041,41,55.01085929092866,254,2.252853119905143,24739,,,
4081,OK,0.027378542510121458,9.23709180529883,72,78.60841875227639,255,7.294498381877022,824,,,
4082,OK,0.1476679104477612,13.529206148662876,110,101.82144394586115,250,13.369481299690671,13039,,,
4083,OK,0.2175936329588015,5.545433681885337,115,56.808132182876385,232,4.8551878447289,19218,,,
4085,OK,0.2986,4.58153791768996,60,53.996439660361816,235,4.423867930372298,32286,,,
4091,OK,0.04391608391608392,8.115180467091296,63,109.04478130485664,252,7.671147880041365,2901,,,
4094,OK,0.10222118959107807,4.841500742491742,44,40.76329092521471,216,4.606432240792996,9214,,,
4095,OK,0.0721629213483146,6.405043034470827,71,44.65507149849132,227,5.92843500730255,5934,,,
4098,OK,0.23259771986970684,4.166065656035197,60,87.79465956400706,253,3.772562123743602,25138,,,
4099,OK,0.14361666666666667,6.25062860237515,62,44.483113740601624,254,5.997246316948919,14526,,,
4100,OK,0.13521535580524344,6.233132516215405,75,98.85380959083577,237,5.673072360616844,11240,,,
4101,OK,0.22269103705831658,4.005670671074203,47,88.63856358610707,245,3.4296761557424102,9871,,,
4102,OK,0.1899242424242424,2.7809751742739377,42,61.75094075786117,183,2.345343349066011,15043,,,
4103,OK,0.14697565543071162,2.6890488628400333,44,140.37816171439653,255,2.137045932152507,13324,,,
4105,OK,0.27953333333333336,5.264448684315129,92,67.22518583634064,235,4.840868052135658,30459,,,
4106,OK,0.07658239700374532,6.90129192647838,59,57.74775487303245,255,6.397872723994952,5547,,,
4107,OK,0.24147940074906368,3.8484554736978156,53,67.30521334814632,229,3.3974887811069308,22061,,,
4111,OK,0.14334975369458128,6.725171821305842,77,43.59506900517539,254,6.278407475116799,8205,,,
4114,OK,0.2231714876033058,6.239627212269901,96,54.56815209826633,231,6.03491340647209,19324,,,
4115,OK,0.397940074906367,3.8281411764705884,68,54.463411093831,240,3.5879944152151335,39154,,,
4117,OK,0.14277777777777778,2.966061392131431,35,38.05637566709073,209,2.652804453723034,11975,,,
4122,OK,0.14382163059250827,9.76313033671661,123,71.80066304697147,242,9.461316872427984,13770,,,
4123,OK,0.12036377708978328,3.6435384648361304,54,42.46873560993351,202,3.254923385103671,12813,,,
4124,OK,0.24530075187969924,2.9809961685823754,54,40.54674138646742,242,2.668210277272858,23106,,,
4126,OK,0.14875454545454544,3.6364969748823563,64,94.62350708943401,223,2.9477704787498755,13396,,,
4128,OK,0.22634897360703812,4.883861285655676,67,56.638641977648476,214,4.212726170671,25847,,,
4130,OK,0.45865625,5.771660875292407,62,45.85019274310967,221,5.649175027584614,38971,,,
4131,OK,0.13682410423452768,6.085545371582748,51,64.90007358629408,221,5.862368698683547,14534,,,
4133,OK,0.27535,5.19710267740048,52,33.625505033081105,195,5.1597258945884015,30256,,,
4134,OK,0.21533333333333332,5.805417956656346,57,101.30377017841971,244,5.580426654937321,22735,,,
4135,OK,0.1818,5.775913702481359,46,104.46814484369483,233,5.539935221556061,19348,,,
4136,OK,0.09516666666666666,6.126882661996498,48,87.0966107938847,254,5.7965975328724415,9836,,,
4137,OK,0.23578125,5.473585155732273,63,117.81609759422068,254,5.063539835314918,33559,,,
4138,OK,0.22612359550561797,7.885410628019324,94,82.46602540834846,249,7.601183542239411,21461,,,
4139,OK,0.10935833333333334,5.336381416850822,46,54.89959486138271,201,5.115085992206499,11377,,,
4142,OK,0.10719101123595505,5.2752154670393665,55,66.48362558380177,239,4.991444866920152,9468,,,
4143,OK,0.06781666666666666,6.888424674367166,69,93.37998009452123,250,6.5120341422261925,6717,,,
4145,OK,0.18208083832335328,6.10055085094138,47,59.20357084027307,211,5.998631761379184,21926,,,
4146,OK,0.17691666666666667,5.229753493484063,55,59.12379264958996,255,4.953876746559674,18942,,,
4147,OK,0.18710833333333332,4.874270698793034,60,74.39423047351534,253,4.594303542673108,19872,,,
4148,OK,0.42816479400749063,4.901067179846046,59,104.15082743865165,255,4.776171590829089,42613,,,
4149,OK,0.0386875,8.231421647819063,64,61.99745356825521,251,7.924441017733231,3891,,,
4150,OK,0.3606953125,3.8188106016302426,110,67.59141401180482,255,3.5488018564121995,42232,,,
4151,OK,0.5208833333333334,4.874646700583411,81,112.44628424995072,197,4.757286074131422,59417,,,
4154,OK,0.1945096153846154,4.759849720698008,52,109.53208946612392,251,4.463768115942029,17687,,,
4156,OK,0.030186567164179105,8.934693036670787,109,68.37196208944121,253,8.504592341387594,2359,,,
4159,OK,0.24596666666666667,6.5292948457333875,62,63.936382859584754,230,6.4204546910022415,26025,,,
4164,OK,0.06856707317073171,9.383022083889136,155,99.1784120541608,255,8.05063063063063,7400,,,
4167,OK,0.14111423220973782,8.772211532081482,132,68.74121597313827,253,8.77032295453348,12654,,,
4168,OK,0.2042873831775701,5.763081145994167,46,57.059714494051555,208,5.53083938450899,15424,,,
4169,OK,0.2501583333333333,9.52885394805512,93,54.320601015769995,252,9.473993177352668,27653,,,
4170,OK,0.22303763440860214,3.730856534490378,64,55.70644627431985,227,3.4568749927301066,28657,,,
4172,OK,0.2598973880597015,5.8868908749386835,54,45.36196154056223,218,5.734755449229134,25080,,,
4176,OK,0.050598591549295774,5.130422175829274,52,52.91863541396234,200,4.641519289605253,4467,,,
4177,OK,0.11916666666666667,6.107948389638531,52,76.7405536974607,250,5.810206961429915,8504,,,
4178,OK,0.0669345238095238,9.497258040610642,77,91.49329633291867,255,9.111728885358751,2518,,,
4179,OK,0.17446629213483147,7.5089715379523785,112,78.41456175969088,235,6.638850479351032,14464,,,
4180,OK,0.1634375,5.11315522022979,57,50.52309799526834,234,4.780253359235875,16472,,,
4181,OK,0.06963333333333334,6.328586245412478,53,95.57807256398314,255,5.753560302625723,5992,,,
4182,OK,0.046966966966966964,4.935208866155158,61,75.99773916057474,254,3.986666666666667,4500,,,
4183,OK,0.20265917602996256,4.97052300868601,81,77.14056946466876,251,4.5834098726745545,18509,,,
4185,OK,0.181775,7.347010192698543,57,98.10370687226076,253,7.169524120539197,18373,,,
4186,OK,0.24474381625441696,3.2427359682367802,45,47.21917850946449,207,2.85030857506251,23063,,,
4187,OK,0.2059,5.813987372510928,58,90.45810771103555,255,5.4022993575324545,22673,,,
4189,OK,0.3636139896373057,8.523517746666192,90,90.92345322179025,247,8.326901294498382,24720,,,
4192,OK,0.16311797752808987,5.654994929491227,52,58.73562768286361,253,5.43267123132895,14751,,,
4193,OK,0.046891666666666665,7.563473727859724,52,62.17420486769896,242,7.22523949611526,4419,,,
4195,OK,0.3088173076923077,5.679048478998661,75,62.986589318754085,239,5.317311365807067,27920,,,
4199,OK,0.3622097378277154,4.968996656671147,50,42.8979437038777,221,4.7927467585283,34835,,,
4200,OK,0.19435331230283912,4.848225396310123,38,51.60064998629547,242,4.572030877959264,21979,,,
4204,OK,0.2299423076923077,4.840358506871846,53,64.2428555969,230,4.452062511064973,20711,,,
4205,OK,0.1387,5.76321797644797,45,63.40784602087284,247,5.5926207420714436,14473,,,
4206,OK,0.05455952380952381,9.529129391228453,91,91.3988482734595,235,8.752389576416139,3313,,,
4208,OK,0.072874531835206,3.573257955372821,43,51.938566104810285,237,2.990653691791742,6063,,,
4211,OK,0.22386,5.349146788171178,60,78.39968304687298,250,4.926017573982426,19802,,,
4214,OK,0.08990833333333334,5.109926777273149,50,60.15218857685276,240,4.330592037968986,8147,,,
4215,OK,0.11055555555555556,7.766258830383803,84,87.16974445319501,255,7.256505399362542,7007,,,
4216,OK,0.17340833333333333,4.898569529210118,60,96.63665050256576,255,4.532744624835454,18232,,,
4218,OK,0.04781666666666667,6.008830022075055,50,66.1547962868962,227,5.230983067980794,3957,,,
4219,OK,0.1761111111111111,6.28279705573081,83,84.10407732074624,247,5.900351094589013,12912,,,
4220,OK,0.27056972789115646,3.990058350880501,90,71.34720198334519,238,3.5241576862215136,28859,,,
4224,OK,0.20077586206896553,4.9035987468791244,52,46.02186427609791,204,4.454610463655515,17247,,,
4227,OK,0.24654054054054053,4.072791054593291,85,85.36359614510845,247,3.429437743062422,15171,,,
4228,OK,0.15380833333333332,4.196203788987015,45,25.027981577591103,165,3.814540378006873,15520,,,
4231,OK,0.23580708661417324,4.836593668549591,65,59.63791933918927,188,4.608383101083831,33154,,,
4232,OK,0.16403333333333334,5.431788931788931,86,46.00177771575156,235,4.828343426339917,17669,,,
4233,OK,0.1522610294117647,5.986659422914403,121,71.95382758346524,253,5.731275291941265,14415,,,
4234,OK,0.06281015037593984,7.271584617686668,57,66.6922891783748,247,6.46872542712131,4663,,,
4237,OK,0.22364166666666666,5.289538075542472,69,66.35317669031697,254,4.910903979878681,22530,,,
4239,OK,0.22761574074074073,5.013000440692905,46,44.82870300995994,240,4.520988298751577,15326,,,
4242,OK,0.19869166666666666,5.731703225265277,106,94.3320368425249,255,4.865629286288606,21143,,,
4243,OK,0.09655833333333333,4.725353125629297,76,98.47441727468109,255,4.096259963212753,9786,,,
4244,OK,0.20085,4.298287832268414,63,127.77124653277441,255,3.8230218351755267,20899,,,
4245,OK,0.1572752808988764,4.295429739437598,84,56.9492313219189,244,3.661484583895317,14087,,,
4246,OK,0.034143835616438356,8.752758274824473,57,85.34525877861694,255,7.565593321407275,1118,,,
4247,OK,0.186856660009218,4.9416581020897565,61,53.970494229527816,247,4.452072486580296,8259,,,
4250,OK,0.2289467774534022,3.506686284126206,41,48.58501043638658,207,3.172988881621975,18348,,,
4251,OK,0.2303615540085336,3.4817865730811723,47,39.15527738873327,209,3.171332142148104,18469,,,
4253,OK,0.33639166666666664,3.6825294588814295,77,70.37248376929162,226,3.4246647974405984,37092,,,
4254,OK,0.3340390625,3.0255162897303367,59,52.061127208881274,170,2.755050118275727,39174,,,
4255,OK,0.2567191743617599,4.9073815468381925,78,46.77471170288955,209,4.129044590414625,19182,,,
4256,OK,0.17937265917602996,5.188495067077309,87,87.11783789540142,229,4.276448661470688,14755,,,
4258,OK,0.12085385878489327,10.332201086956522,100,66.37534864898518,255,10.189392774788624,13010,,,
4259,OK,0.28266326530612246,3.8698602938522075,58,46.31171140414515,229,3.4766662621522864,24721,,,
4260,OK,0.18485955056179776,5.656300123250435,91,142.63329389557035,246,4.882355389096962,16020,,,
4261,OK,0.0770692883895131,6.325152877333657,45,61.14362527772423,198,6.076621828707645,5873,,,
4262,OK,0.31443345323741007,5.404604604604605,46,60.321999956275555,212,5.235833466602697,31265,,,
4263,OK,0.1249,5.2449070367405035,50,95.31544648865527,228,4.931579369535574,12467,,,
4267,OK,0.2932638888888889,3.7458588455510076,43,36.935484776597086,203,3.493584336579506,26082,,,
4268,OK,0.21087777777777778,5.43806312239844,51,59.855286933911565,252,5.079145376538818,15461,,,
4269,OK,0.057387640449438206,7.447707619513787,66,62.58364375043458,255,6.647277227722772,4040,,,
4271,OK,0.2184,4.879612671279338,59,49.195197884680994,253,4.363061608824321,17346,,,
4274,OK,0.17707644628099173,5.204966649164771,42,42.9667206467568,237,4.913069627573444,14410,,,
4277,OK,0.20548534798534798,2.649375343523924,41,94.0785375917751,224,2.115207131620346,19070,,,
4279,OK,0.318825,7.938384868048477,87,123.37395350354575,255,7.778565844377255,35389,,,
4281,OK,0.14563777821364193,5.083627268646187,49,65.18059412146256,254,4.613064939071418,12966,,,
4282,OK,0.1026056338028169,4.865591397849462,43,69.25263543383295,200,4.715154146765089,6909,,,
4283,OK,0.18885833333333332,3.782626601361985,68,77.89564091763667,230,3.566233766233766,20020,,,
4284,OK,0.2410701754385965,5.015634475899376,45,51.32678363654577,235,4.813834707420068,24865,,,
4285,OK,0.11106666666666666,5.211834733893557,47,67.51049010049498,204,4.965312075787772,11541,,,
4287,OK,0.28243951612903223,8.905227591786232,140,98.92043400485142,225,8.952860726713604,24714,,,
4289,OK,0.12992222222222222,6.417999372844152,69,97.35078600891363,255,6.345056700207635,10435,,,
4290,OK,0.10513157894736842,4.563710590619227,46,57.041744561374024,237,4.1300040963765685,8951,,,
4291,OK,0.3491,4.032231027934265,52,52.864700158754545,222,3.751907402141977,28136,,,
4293,OK,0.29514925373134326,6.595606826801517,76,59.43470972295747,237,6.342819365090918,27479,,,
4294,OK,0.30494166666666667,9.35038577505716,91,47.48952326143689,206,9.293623787243524,32914,,,
4295,OK,0.06323333333333334,5.6615709014233,65,58.511060503623575,232,4.916063760955238,5667,,,
4296,OK,0.262875,7.887525756855286,52,42.97322932564581,204,7.862095612771787,28469,,,
4297,OK,0.12715833333333335,5.136990191580925,54,82.85155128682496,225,4.514777987783165,12169,,,
4299,OK,0.242,5.746143250688705,80,64.77989836802502,219,5.342615660004798,18063,,,
4301,OK,0.18027255639097745,7.891455085761952,76,66.63962362940796,250,7.666666666666667,15778,,,
4302,OK,0.3217090909090909,2.611826984665235,39,44.96448292499866,253,2.220240758495792,15645,,,
4303,OK,0.34680833333333333,4.554452907866176,74,53.77383701397837,251,4.332140711916638,38291,,,
4305,OK,0.24136877828054298,6.397431691428036,48,52.24885058328238,254,6.173209404045926,18290,,,
4306,OK,0.18649436090225563,6.898268071024207,49,50.9371859006204,217,6.705428638718794,16984,,,
4310,OK,0.43630833333333335,2.5034474855320203,46,56.5535877080161,222,2.3408080932194713,48831,,,
4313,OK,0.13901666666666668,6.696679055269152,78,85.9125612187615,251,6.509345686694784,14463,,,
4317,OK,0.03940833333333333,11.385282300697822,81,80.01558356684104,248,11.333975240715269,3635,,,
4321,OK,0.3396114864864865,6.509334328110752,54,64.65736880248966,247,6.359033653453764,36757,,,
4322,OK,0.37674166666666664,5.17358638029301,85,48.359914071657464,198,5.05235867353805,42107,,,
4323,OK,0.2558052434456929,4.56918008784773,50,54.16352960912599,188,4.516398713826367,24880,,,
4324,OK,0.4067257462686567,6.899772940987592,73,80.93684387071076,251,6.746542291093213,39236,,,
4325,OK,0.2680166666666667,8.374655390419335,79,74.48645612756818,252,8.294996103241186,29084,,,
4326,OK,0.201,8.37379767827529,94,74.21604436100681,251,8.227456215632053,20974,,,
4327,OK,0.3802434456928839,6.821850119018304,56,70.17808833157073,238,6.662253773343566,36484,,,
4328,OK,0.2709666666666667,3.2512404149751917,49,53.72401810616798,172,3.080406779661017,29500,,,
4329,OK,0.2965083333333333,2.3299794834321688,40,69.963771978662,189,2.1418579774541264,32408,,,
4331,OK,0.3005,7.447716768349048,73,42.782427924708124,251,7.287725382130435,32297,,,
4332,OK,0.3877,4.418436362594217,82,75.48193060772678,255,4.016639740257713,42709,,,
4335,OK,0.20585,7.367514101422287,69,55.08454881879298,234,7.230861616476135,22481,,,
4336,OK,0.17891666666666667,5.62019872690576,57,109.2123075882134,250,5.2333261771862025,18632,,,
4337,OK,0.3401858108108108,3.787104622871046,96,88.48525383374722,254,3.4031013951835067,37510,,,
4338,OK,0.38205223880597017,7.5561334114659635,133,61.14804359640118,242,7.373615254896873,38545,,,
4342,OK,0.10367481203007518,6.032272686066539,61,60.03205793636646,194,5.6936587358317166,9793,,,
4344,OK,0.25283582089552237,7.400014757969304,61,75.59186892395792,249,7.297484452612094,25031,,,
4345,OK,0.3964083333333333,3.862473459606046,61,46.7170272397178,215,3.646914140840807,44045,,,
4346,OK,0.14742524916943522,6.532826291079812,59,47.28096768955999,244,6.329860879243183,14975,,,
4347,OK,0.4104333333333333,5.535105173393974,79,63.97569778179831,232,5.478487828216829,46679,,,
4348,OK,0.09897777777777778,3.56537195030684,35,69.98032687153686,203,3.1495626688647707,7279,,,
4350,OK,0.2769333333333333,7.1847917669715935,70,81.77778289999385,252,6.994091171123232,30068,,,
4353,OK,0.2663951310861423,3.828359870186168,69,85.2666105076857,236,3.4761143807407984,25657,,,
4356,OK,0.363025,4.9557193030783,93,34.35803341313762,160,4.947882682074399,40153,,,
4358,OK,0.24354868913857677,5.601694155036972,70,41.40720890220203,186,5.504297506595184,23502,,,
4360,OK,0.2580805243445693,4.4960272829517836,92,29.141137768130207,161,4.24601409722503,24733,,,
4361,OK,0.1448384030418251,4.875434796876026,66,70.09613581879958,193,4.783702287269251,13597,,,
4362,OK,0.3830086206896552,3.190911341691238,76,54.11385896522334,179,2.9384353337294513,42075,,,
4364,OK,0.30595505617977525,5.064257151018077,90,62.42111416905006,253,4.903974300536129,30714,,,
4368,OK,0.18014008620689656,8.830990408964926,121,97.11664454170665,229,8.870645428680243,14879,,,
4369,OK,0.31323033707865167,3.4072978008947876,47,76.11980494544198,240,3.2577854671280275,30634,,,
4370,OK,0.2133582089552239,5.130756674828029,75,91.70981959333396,234,4.634357390834075,19107,,,
4375,OK,0.14138576779026218,7.788807947019867,102,128.5380407124682,255,7.4305680119581465,13380,,,
4376,OK,0.10588709677419354,10.148007108403148,120,72.78142193560025,253,10.197992800261808,9167,,,
4377,OK,0.12611216730038022,8.651365543579306,90,79.79343289859644,234,8.656165340036308,11935,,,
4378,OK,0.19444166666666668,6.161802311461592,89,64.32472646646046,249,6.009116431658307,21134,,,
4379,OK,0.24524822695035461,6.942054655870446,84,38.32729201904404,224,6.869709607661415,25896,,,
4380,OK,0.248675,5.485707583526021,58,127.91462120623935,250,5.284497488077934,26142,,,
4382,OK,0.3651498127340824,4.888036993350086,78,94.38999832846622,255,4.755411611864376,36434,,,
4384,OK,0.23143333333333332,4.549690335589803,60,67.90151219441674,205,4.411218236465124,25619,,,
4385,OK,0.31438333333333335,5.3007121525384795,66,52.615565063081895,213,5.240123741449542,34696,,,
4386,OK,0.1638477366255144,5.249005818577588,76,55.5551016725316,255,5.0257943486926955,14215,,,
4390,OK,0.43716867469879517,3.2350029856230766,69,54.0281984730101,203,3.0665073675826364,54405,,,
4392,OK,0.1732865168539326,6.8259217233119,98,67.22101412342994,246,6.680684320022622,16503,,,
4394,OK,0.226025,6.8188622202558715,74,49.62472948092638,227,6.581539551776065,22578,,,
4395,OK,0.1849349442379182,4.632242826272677,47,56.294390409839494,249,4.270429918241208,17042,,,
4399,OK,0.08725746268656716,10.630639298695746,129,53.48810716159407,253,10.313642756680732,7821,,,
4400,OK,0.17549,5.594107926377571,53,72.56132733381038,215,5.337917087967644,14835,,,
4401,OK,0.08110833333333334,5.771909996917703,54,54.87822588202575,215,5.076546319619368,7146,,,
4402,OK,0.13915833333333333,5.785096911990738,45,73.32317208933118,243,5.317239268497972,13069,,,
4405,OK,0.2624476047904192,4.442099459068914,55,61.101829769528194,255,4.253667462705083,32243,,,
4406,OK,0.3770173745173745,5.467446683222817,52,47.39833077681887,252,5.237209215173745,35579,,,
4407,OK,0.3957077625570776,2.9544580352334795,57,93.01746763387234,251,2.6821433092796556,31596,,,
4408,OK,0.25930094786729857,5.3236920265021705,51,58.462401023754296,246,5.061926049138857,19238,,,
4409,OK,0.29713438735177866,5.0413147101208295,52,55.700323351609725,237,4.747702371625067,26803,,,
4411,OK,0.13427215189873418,5.104773875926362,52,97.21258016432925,247,4.450385887541345,9070,,,
4413,OK,0.16766,5.838184420851723,80,96.7392331659338,254,5.352194438797407,14757,,,
4414,OK,0.23784545454545455,6.200970836677751,53,83.97774252418384,255,5.832531250945852,22026,,,
4417,OK,0.3219795221843003,5.387560949756201,44,44.3833475955569,220,5.209125217070733,34359,,,
4418,OK,0.29314784053156145,5.928016244038344,92,82.58361631709849,248,5.691409647771455,31807,,,
4419,OK,0.09435833333333334,5.873325679295829,48,65.73969653192488,226,5.6213420876133995,9443,,,
4421,OK,0.07041666666666667,10.826429980276133,152,72.8036163404552,243,10.680568770483138,6306,,,
4422,OK,0.07685770750988143,7.232493357332648,65,69.93890090128663,252,6.294922388845041,5068,,,
4423,OK,0.034958333333333334,9.090027810885976,70,95.99880546320682,253,8.865676461091379,3097,,,
4430,OK,0.2122378277153558,4.135689181041455,63,96.99980586293924,240,3.703975271367982,18548,,,
4432,OK,0.34485049833887044,2.327432562620424,58,41.198630831643,182,2.129350847743643,37531,,,
4434,OK,0.2754511278195489,5.397752604522087,52,62.59242636503571,255,5.150482922913592,25746,,,
4436,OK,0.13754444444444444,4.6238252955273715,46,44.11718478246866,222,4.109645669291338,10160,,,
4438,OK,0.18271535580524345,7.839414437497865,81,75.51536328849987,254,7.557417878298331,14856,,,
4442,OK,0.3265416666666667,4.957670877461614,67,75.73854276227598,255,4.724308190136131,35848,,,
4443,OK,0.19943521594684385,5.878296962629796,46,59.29266437039189,247,5.64048439594103,20892,,,
4444,OK,0.20139802631578949,5.689737307744657,55,65.84500394741359,254,5.286275091955729,20209,,,
4445,OK,0.2774700109051254,4.917190693287219,67,56.37655960718023,234,4.57409594766491,22012,,,
4446,OK,0.4178164556962025,5.453520664495443,53,53.23861680346433,186,5.2872037390414555,24106,,,
4447,OK,0.20785714285714285,3.7464010402154733,44,67.32121706918821,233,3.4453151021123674,19015,,,
4449,OK,0.19707865168539326,4.397836690738629,87,55.33440619460771,239,3.9494332717121354,17851,,,
4451,OK,0.0780921052631579,8.212955162407564,58,24.070878628575052,136,7.857822158820732,2103,,,
4455,OK,0.1338267875125881,5.855043018034967,91,79.63968174613325,226,4.101504513540622,9970,,,
4461,OK,0.22869017632241814,2.564590446818666,32,36.611587363791735,188,2.4043111883224504,33386,,,
4463,OK,0.2547010869565217,3.175006223549913,35,53.8223729253007,175,2.9985270923760736,25573,,,
4464,OK,0.33033269961977185,5.290121147592875,46,76.63751082343255,250,5.132023004487139,31646,,,
4466,OK,0.3476630434782609,5.029128237194518,64,58.712608884815836,242,4.847808779866438,35589,,,
4468,OK,0.1603653846153846,5.038813606747412,81,82.95905575532703,238,4.92510492008215,14932,,,
4470,OK,0.2881666666666667,10.662931366878736,119,98.0723971747444,253,10.692588939304267,25345,,,
4471,OK,0.06289087947882736,8.936596314040312,111,108.87059099559426,255,8.974862205738424,6471,,,
4472,OK,0.208475,6.772674581284726,98,85.34821669842674,251,6.646095976960828,22686,,,
4473,OK,0.32793292242002686,5.738068987242086,66,85.3935100977755,253,5.704848100536116,17347,,,
4474,OK,0.2795894428152493,5.694068596601636,84,85.23272341176151,254,5.537687226718765,35830,,,
4481,OK,0.22875,4.152580905816453,36,92.37052924044309,255,3.9919512792263436,21784,,,
4483,OK,0.43087370242214534,7.677976537038153,174,83.71730682514833,255,7.527784938844491,46548,,,
4484,OK,0.16285,10.98749701497629,109,92.81985838194403,255,10.876003723961364,17186,,,
4485,OK,0.3236372180451128,6.215488117709695,74,76.22237198638227,253,5.983397349821482,32023,,,
4486,OK,0.1986,4.1804716347767705,61,57.58420333860189,209,3.931922297243372,20883,,,
4489,OK,0.2846,6.9832806277816815,60,107.91102102941633,255,6.841506952273582,31932,,,
4490,OK,0.17245967741935483,8.991602369261944,63,53.761426204745895,245,8.793037672866,13980,,,
4492,OK,0.25198501872659174,4.354315299246928,52,48.277359136123906,210,4.127424273226265,24595,,,
4494,OK,0.11908834586466166,6.928419225001973,74,61.41314854527414,252,6.156010962490285,8149,,,
4495,OK,0.08991666666666667,7.035403151065801,89,53.498623447181274,255,6.478708791208791,7280,,,
4498,OK,0.1437218045112782,5.5825922050745485,69,38.334580936910044,138,4.943318285090437,11297,,,
4500,OK,0.08094202898550724,5.6776086740276535,47,39.6246944729165,182,5.461804874861138,5101,,,
4501,OK,0.1322,7.538956127080182,75,68.55260748764437,255,7.126728409474149,12849,,,
4503,OK,0.12056297709923663,7.159398496240602,44,115.52890649017161,248,6.921532472853923,9762,,,
4505,OK,0.2522583333333333,7.8017354343541125,109,39.943689702697384,248,7.595513482093076,28099,,,
4506,OK,0.22131107491856677,1.7159362696397689,49,73.46884466428928,238,1.074506815680298,23622,,,
4507,OK,0.225475,4.444924911606362,41,69.01713953713566,237,4.243670886075949,24648,,,
4508,OK,0.2816769547325103,9.646687850785883,98,69.58216486921317,252,9.380202748109067,23313,,,
4509,OK,0.167925,2.110647941375945,44,73.75456272304513,244,1.6693696802392455,17388,,,
4511,OK,0.13668333333333332,4.481628256716661,55,57.637483349099405,233,3.9902074288470817,13820,,,
4513,OK,0.3971594684385382,6.765834344110307,70,69.89248022925794,247,6.571531706742102,45248,,,
4514,OK,0.22799086757990866,4.504623139061352,56,63.15206226217937,241,3.515234983878889,15611,,,
4515,OK,0.05175409836065574,5.6950163657480735,43,73.72328256372134,255,5.129081700653072,5002,,,
4518,OK,0.1984185606060606,6.139820868928872,48,91.94927561913988,253,5.9794848064167825,17288,,,
4519,OK,0.16939166666666666,2.3190993916137814,46,65.82630869610293,239,1.7172985639608245,16643,,,
4520,OK,0.16135833333333333,5.369329821480831,102,64.11568309866152,208,4.054833201996322,15228,,,
4522,OK,0.0965,4.990616004605642,38,32.79394945581996,171,4.5814278721767705,9534,,,
4523,OK,0.12675373134328358,4.673167500735944,46,48.6920266632483,245,4.438756326825741,11525,,,
4525,OK,0.4658555555555556,3.4659129757276537,64,54.19586878289268,255,3.3702130170531657,39543,,,
4526,OK,0.16617,7.900022065755953,56,85.9947071545359,255,7.631992602866389,14420,,,
4527,OK,0.42665657285358033,5.23110554453838,74,100.81733764832794,246,5.029005721074994,25811,,,
4528,OK,0.46783568362967504,4.092411057524289,54,143.03653778207905,255,3.9582664827689737,35527,,,
4529,OK,0.1874625468164794,8.142833358307112,170,87.95331435792838,255,8.09667012958609,18289,,,
4530,OK,0.3918632958801498,5.397290387326468,128,78.03632080555512,243,5.330998709589785,39264,,,
4531,OK,0.09209737827715356,9.429680086756134,83,119.99787206248367,237,9.526251526251526,8190,,,
4532,OK,0.2386143470263642,5.033729037120784,111,71.99571596527677,246,4.937783061594203,17664,,,
4533,OK,0.4443041079092581,4.370592185760678,66,70.9344984590036,250,4.2669852503805865,33063,,,
4534,OK,0.14565297363580626,13.862462816411293,155,76.70024782791748,255,14.805331179321486,9904,,,
4536,OK,0.2578838951310861,6.102994214896038,90,82.36009403887725,252,5.98307394015616,25444,,,
4537,OK,0.16085836909871246,6.6975910962036895,91,81.9247866495207,254,6.552065052065052,11396,,,
4539,OK,0.47331460674157305,4.5632772832179365,65,121.26766222222223,255,4.4531674651873026,47588,,,
4540,OK,0.16461610486891387,7.571715677909864,92,65.71374931348704,235,7.594605298813916,15991,,,
4541,OK,0.2694943820224719,4.67828272299817,51,86.59037230724533,255,4.521352844557264,26788,,,
4544,OK,0.11188228080931943,4.232098494812217,41,88.77936100295474,245,4.034914446610353,7695,,,
4546,OK,0.24630244755244754,9.535720623203321,94,54.05605619536937,236,9.383663785799017,25571,,,
4547,OK,0.4788754646840149,8.611148847529774,127,111.18937218744612,255,8.467528014374082,48606,,,
4550,OK,0.19622093023255813,7.198885361552028,110,51.66498923620081,238,6.848756617733019,19959,,,
4552,OK,0.22535361842105264,6.153924752764296,105,71.36101291265469,253,5.8258674227082485,24690,,,
4554,OK,0.1373474710171137,6.930638330638331,47,43.12984866762782,253,6.799967667187584,18557,,,
4557,OK,0.19640833333333332,6.513386227671942,60,68.7590505128019,253,6.384076146375973,20732,,,
4558,OK,0.14913246268656716,5.197514647317612,42,69.76731386973348,241,4.946543580936024,13974,,,
4560,OK,0.31221590909090907,8.00528763522394,111,101.38921015191151,240,7.968441422015813,30145,,,
4562,OK,0.0646,6.622162022703819,63,44.06172641531846,242,6.352569928304554,6602,,,
4563,OK,0.23793859649122806,4.513643345901411,41,68.8306780030521,246,4.090841974562905,9933,,,
4564,OK,0.2836666666666667,4.2556991774383075,54,60.22069179463316,247,3.888766800963385,30033,,,
4565,OK,0.38335694050991503,5.296274401133075,85,64.43969985835152,249,4.936588330632091,49360,,,
4566,OK,0.05188333333333333,5.370114573294785,56,52.8816484141075,217,4.8064984044096315,4596,,,
4567,OK,0.17996491228070174,4.993484759862222,66,74.34814870280833,208,4.760157465897647,18205,,,
4573,OK,0.43808196721311476,5.122179396025896,71,74.86904727173712,254,4.9237382475623335,49706,,,
4574,OK,0.1615673076923077,6.859390188260033,66,44.40866467118517,195,6.467275171584236,14133,,,
4576,OK,0.22552919708029198,8.055937643282897,119,71.13952310266016,255,7.597253778524153,20246,,,
4577,OK,0.5401996197718631,4.647251696610299,107,54.286521538387326,228,4.42878887982071,51462,,,
4578,OK,0.24815548780487806,6.725320965661282,75,42.394260727344,220,6.609407792681814,29224,,,
4579,OK,0.28875,5.431036954215762,77,62.99598071051417,249,5.073512564374351,31133,,,
4580,OK,0.4979056291390728,5.359607849657229,90,96.24184019476915,235,4.984594192916954,55174,,,
4581,OK,0.23749180327868852,4.783196428982306,65,64.70837185303033,254,4.4867275975987555,25931,,,
4582,OK,0.20605384615384614,5.7541469120593325,63,46.18059417579827,235,5.379570968100478,23992,,,
4583,OK,0.11122516556291391,4.994591644338593,47,53.23166672876073,195,4.5102490154122865,10749,,,
4584,OK,0.12601851851851853,4.42973303943179,43,51.10655436663488,207,3.9178525226390684,10822,,,
4585,OK,0.2757427536231884,5.82054398528349,89,55.19218423005411,239,5.602491659588089,27077,,,
4587,OK,0.2488907284768212,4.70123506064436,59,60.27630215795622,223,4.51847834218598,26734,,,
4588,OK,0.2828648068669528,6.477146000075864,112,101.36856830797313,255,5.779542784049499,22411,,,
4589,OK,0.15738200589970502,4.0711619261827785,78,74.04883349816353,254,3.5384779820436085,18712,,,
4590,OK,0.2129089219330855,6.300318652058143,77,56.01793972598426,218,5.716214501893837,18393,,,
4592,OK,0.23801003344481605,5.5708681702147596,131,38.65935508884353,241,4.874095415871985,24643,,,
4593,OK,0.365,5.562907697325506,69,76.9990298087739,253,5.179758970145166,36510,,,
4594,OK,0.2508640939597315,5.596629100759121,88,109.26254708071566,255,5.289806044203879,26604,,,
4595,OK,0.1512699680511182,6.539257616558425,72,52.04116593419348,255,6.240154952043586,16091,,,
4597,OK,0.23444256756756757,5.186540817061748,66,65.95848502901525,255,4.5997580259418696,23694,,,
4598,OK,0.19305,5.314138536360758,132,62.311361023332026,243,4.9783391767926615,20821,,,
4599,OK,0.19681132075471697,5.124964049467932,38,51.2367019818804,207,4.799049748462829,17890,,,
4601,OK,0.01774264705882353,6.89142146705346,64,90.54110055619185,255,5.105301914580265,1358,,,
4602,OK,0.1411254295532646,8.989326515289868,100,68.33846138457383,255,8.725661934964261,13244,,,
4603,OK,0.22525665399239544,5.676020874653613,79,54.89134960267311,213,5.242627498980008,20425,,,
4604,OK,0.1480595667870036,8.513928680280403,100,85.67453431502375,254,8.18395238095238,14000,,,
4606,OK,0.07427902621722847,5.942602630362621,58,113.95598126776376,249,5.205501618122978,6386,,,
4608,OK,0.1452651515151515,7.524554541503694,50,50.23230297658616,194,7.493641784610963,13919,,,
4610,OK,0.1389730372056436,5.614861203107123,70,109.9509999254875,250,5.569829351535836,14650,,,
4615,OK,0.23184410646387832,8.216782834495012,90,76.80339891927566,247,8.145219870929012,22210,,,
4616,OK,0.13559782608695653,8.134589178356713,63,54.36951901917636,224,8.083429347986646,11283,,,
4621,OK,0.22878311258278144,6.156879063091749,60,61.62916966320678,233,6.079583066410421,24976,,,
4622,OK,0.1502220394736842,6.3773653765442235,44,74.43964012787139,236,6.312516341841147,16573,,,
4625,OK,0.26306972789115646,6.961480858949909,54,59.43484532037894,199,6.986442829121957,28890,,,
4627,OK,0.211606463878327,5.152853271042032,64,71.20128045913262,231,5.011964058990136,20478,,,
4630,OK,0.2754333333333333,7.591028278671992,73,68.70726181165755,218,7.453176567656766,30704,,,
4631,OK,0.2879699248120301,4.920811575282855,47,63.201421154523054,193,4.747284687165366,28327,,,
4632,OK,0.33433035714285714,2.58923087194552,45,98.11603849507075,249,2.4322152589849497,28084,,,
4634,OK,0.02347087378640777,5.550614730552683,62,73.34281421828958,211,5.462758851035404,1996,,,
4635,OK,0.24222537878787878,5.719496461941437,100,62.36456680121468,240,5.485739595132293,22954,,,
4638,OK,0.0897930463576159,5.02415414400295,61,68.4877659848602,226,4.710690362798622,8609,,,
4640,OK,0.24149328859060404,5.186989045600871,68,78.9597628685823,250,4.968893141945774,26125,,,
4647,OK,0.10830555555555556,6.104984183978798,79,64.56365845300769,217,5.923983084977849,9932,,,
4651,OK,0.3026037057892902,7.063634125929208,111,83.65274787244951,255,6.842030879743271,31369,,,
4652,OK,0.188212927756654,3.674292929292929,57,95.46985167837627,254,3.302645935624659,17108,,,
4654,OK,0.08148832684824903,6.111615136683777,65,72.65527113803488,244,5.839012345679012,6750,,,
4656,OK,0.05713345864661654,3.8746504359269616,44,75.36297817339673,227,3.5294117647058822,4539,,,
4664,OK,0.2006587837837838,5.015166821000645,70,61.34106774300346,232,5.019244853754694,21391,,,
4668,OK,0.225859375,4.075694684653523,75,59.772984155817944,211,3.630513090845194,15176,,,
4669,OK,0.2504239130434783,4.420895004123443,61,75.89815016216896,217,4.151830761992829,20547,,,
4671,OK,0.3007482993197279,4.161238030611475,50,119.08175649382235,249,3.9621673415139247,32353,,,
4672,OK,0.19420535714285714,8.568203760746632,98,105.92005082235445,249,8.316156321839081,18125,,,
4673,OK,0.22296992481203007,7.702495363345136,78,75.86310013385585,243,7.541210288942856,20177,,,
4674,OK,0.40742914979757083,7.090814991470827,99,64.12546829273847,198,6.976967457363077,36803,,,
4676,OK,0.30987037037037035,7.772784318412717,69,58.080115562472606,235,7.601926728078194,14221,,,
4679,OK,0.24135294117647058,3.339142091152815,51,76.17688868212245,237,3.163301093538971,30604,,,
4681,OK,0.2590635451505017,3.925445391169636,89,93.95231485660979,201,3.754307435432875,28149,,,
4682,OK,0.36024547803617574,6.599283912539301,65,96.9269577451515,252,6.522751844615997,52721,,,
4689,OK,0.16970379146919432,3.2389862458982055,58,60.81075578768117,199,2.971672673875317,12485,,,
4690,OK,0.2688706896551724,6.60146205392927,115,60.1996910778083,248,6.325014220705347,28128,,,
4691,OK,0.2986311053984576,2.154166756336038,45,71.50217013491184,208,1.9517720044686364,42071,,,
4692,OK,0.16609283243504142,11.217238985486189,73,71.45195489229522,254,11.206635704735769,18948,,,
4694,OK,0.22030701754385965,4.409001924480722,98,81.0430143818792,252,3.79348713566885,17555,,,
4697,OK,0.38553977272727274,4.755680003929949,68,97.11692121174761,254,4.426330819887751,37001,,,
4698,OK,0.08651098901098901,3.5529444973712994,45,68.114486114035,255,3.178415595852848,8327,,,
4700,OK,0.11595505617977528,6.244428294573644,88,76.08441365870192,255,5.793013682043831,11012,,,
4701,OK,0.2727610441767068,3.874136513662409,54,54.39342564853037,197,3.8194261015728177,24987,,,
4703,OK,0.1502863436123348,5.994430602374322,62,63.580717353172446,253,5.874556955122962,12226,,,
4706,OK,0.3379552715654952,5.79485725089809,73,65.94986005211852,201,5.724468395991267,38782,,,
4708,OK,0.3284942084942085,5.8747355430183354,67,73.24514144434222,253,5.663862858604919,31267,,,
4709,OK,0.27129544559653496,4.507031124012256,76,88.54056796349664,252,4.112781200091262,36525,,,
4710,OK,0.21382783882783882,14.01237687366167,166,64.98031838477965,226,13.890395741726453,21605,,,
4712,OK,0.20801236749116608,5.172010588751575,80,101.91231749076996,254,4.907212086659065,21048,,,
4716,OK,0.18239004564712785,3.903518317011244,37,91.38022064617809,255,3.8249251444885455,19148,,,
4718,OK,0.16297587131367292,2.24814936667215,38,93.87117378260359,255,1.985492412442704,22471,,,
4721,OK,0.23344884488448844,3.272472373412502,63,66.80233425900013,254,2.9832216905901117,26125,,,
4722,OK,0.22583333333333333,2.0518864372317194,40,69.88225946998821,196,1.757744733581165,11298,,,
4726,OK,0.22480539864396518,7.865608165579813,61,110.32301098697802,246,7.907021849271691,25264,,,
4727,OK,0.17593354430379746,3.671478250442186,52,60.46826097809182,237,3.4169642857142857,20160,,,
4730,OK,0.08779145077720207,3.111939013894012,57,61.2115256724295,249,2.5989474004441604,10957,,,
4731,OK,0.04285438144329897,7.544279055781086,79,88.37960089487868,254,6.831897814495811,5689,,,
4733,OK,0.021456386292834893,8.460617059891106,82,45.60565084165705,235,6.833885209713024,1812,,,
4734,OK,0.10638965500156893,4.536996791886578,59,77.03908160687995,242,4.443163505640263,10756,,,
4736,OK,0.009478346456692913,7.068189685012115,62,58.09938028094372,219,,0,,,
4737,OK,0.04750811688311688,7.081496668375192,62,62.97331560812519,252,5.2841234010534235,2215,,,
4738,OK,0.09337983167082295,9.769246818276654,94,66.86482217685612,240,9.066425580510087,5254,,,
4744,OK,0.0376948051948052,6.148607522250933,73,61.3909286188243,245,4.7468833290344765,3877,,,
4750,OK,0.052436868686868685,7.8816919495946705,66,72.86056737777659,252,7.263226934849147,2287,,,
4751,OK,0.08302590630860865,8.356625708493649,151,102.80027345432751,255,6.841291496134606,3665,,,
4756,OK,0.0896875,8.185790380071289,111,132.7259096164242,255,7.781327214966467,5666,,,
4758,OK,0.07048701298701299,6.534367163109678,78,85.79753629769348,254,6.247623325099184,4453,,,
4759,OK,0.23153625954198473,6.176646747716189,73,88.00759918048054,255,5.822165836544184,21282,,,
4761,OK,0.17785590277777777,4.352384206159402,70,86.52768245856694,229,4.317589228467622,18716,,,
4762,OK,0.39888862319088125,5.1456370729850605,53,68.11196777106342,186,4.968459024480484,32434,,,
4766,OK,0.28210625,6.8365790076138575,70,81.42597122949368,216,6.746816249891976,42429,,,
4767,OK,0.16999208860759493,8.048928809667862,78,76.2327293408189,252,7.574561634921473,18953,,,
4769,OK,0.19711466165413533,7.611691222047394,89,68.3602295917372,255,7.18269435569755,18780,,,
4772,OK,0.19595166163141994,5.367162606639942,75,95.16215149921094,244,4.987954939341421,23080,,,
4774,OK,0.14891304347826087,7.48699012451696,89,81.02660706683695,255,7.301049110536719,19731,,,
4777,OK,0.10507272727272728,7.035069504527888,72,63.776027169974874,222,6.960658954062648,9854,,,
4778,OK,0.18592338249852755,5.24022961390265,52,122.70063498172023,255,5.081239727635595,25554,,,
4781,OK,0.29901785714285717,5.749315716134169,140,125.72004097142614,255,5.1695182724252495,24080,,,
4788,OK,0.06932525951557093,4.65081939938441,46,85.4519640101872,229,3.877761002069004,5961,,,
4789,OK,0.20617628860180376,7.2102734327634295,57,48.514132634181294,244,7.153995619885063,20243,,,
4790,OK,0.238556338028169,5.1098154981549815,71,68.37714065510598,241,4.919976877603996,30562,,,
4791,OK,0.24971082089552238,4.576649607132628,53,66.51105916872848,192,4.425973802137194,23208,,,
4792,OK,0.2477906976744186,5.42466090143237,55,40.32703958071094,170,5.347376994557773,27011,,,
4793,OK,0.19598101265822784,4.840828354593897,60,114.61661812361423,243,4.557292882147024,21425,,,
4794,OK,0.17983843537414965,5.667076457515722,48,52.46859026863381,195,5.519472406653816,18676,,,
4795,OK,0.4974832214765101,6.007852726250703,97,70.32897607122983,251,5.849674013181206,56444,,,
4796,OK,0.09897435897435898,4.64094497902788,64,64.85919248177359,246,4.11741861793261,8755,,,
4797,OK,0.3111705685618729,4.51752830323875,51,66.01790800802745,209,4.33717534515043,34357,,,
4798,OK,0.09862167300380228,6.649220883534136,52,68.73928816240443,248,6.388533089356511,8744,,,
4799,OK,0.3043984962406015,5.417613519410481,43,76.13851357437532,244,5.336627640036731,29040,,,
4801,OK,0.34308988764044945,6.889116314611647,65,77.2377253247432,219,6.771000616105606,33003,,,
4803,OK,0.3388688212927757,5.6519303954295115,96,43.269763674617664,215,5.4789990227268,32062,,,
4805,OK,0.13695469798657717,5.2485553854007145,89,58.9041976508708,253,4.814850865605228,14383,,,
4808,OK,0.1607089552238806,3.8251683306245647,62,88.45619229686272,240,3.454175690666103,18931,,,
4810,OK,0.22955291970802918,6.919644394981253,56,44.3508129936879,222,6.822640038123295,23083,,,
4811,OK,0.039114583333333335,8.142180795975737,60,73.10041796905584,221,6.728795245813074,2468,,,
4812,OK,0.16377340823970038,8.300745145122253,84,129.06861570502414,233,8.24705882352941,16235,,,
4813,OK,0.28558550185873605,7.083731979563279,47,60.95828942860984,230,7.023561832586979,29030,,,
4817,OK,0.18105704697986577,4.623158187378371,95,90.71269642893729,231,4.469969029474197,19158,,,
4818,OK,0.35092679127725857,6.1361844100697605,122,74.5124168576491,227,6.119100750166176,42124,,,
4820,OK,0.34600943396226413,4.179540311366797,36,98.45501493010977,240,4.1564840588859875,34847,,,
4825,OK,0.1680607476635514,8.229204319013856,102,85.99812146800099,240,8.057150545772576,19819,,,
4826,OK,0.06640517241379311,7.387511359210698,104,80.92907467427537,240,6.524046184738956,6640,,,
4830,OK,0.08085501858736059,7.870577698163905,75,43.01191023334603,233,7.11190386781825,5326,,,
4833,OK,0.22093643502741148,13.20874969262066,149,56.64324159835676,241,13.544744246809366,13268,,,
4843,OK,0.07299373040752351,8.36497029561234,93,58.383787317744,240,8.236001749781277,7620,,,
4844,OK,0.06938511326860841,7.187772077114428,94,86.25395859414847,255,7.102060892233535,6777,,,
4848,OK,0.16637453874538746,9.147638850383514,100,80.0140983787971,249,8.654527627985154,14279,,,
4850,OK,0.21209349593495935,3.253681520523878,45,67.88010232598134,221,2.871289551452181,17709,,,
4853,OK,0.21335443037974683,3.963462869573816,48,64.40708557942446,233,3.6604751780985416,17874,,,
4854,OK,0.20866950271380372,11.284918310225867,90,65.46161213581735,243,11.155491478739886,23236,,,
4855,OK,0.5330961538461538,3.4542464798047208,68,58.31268448727982,234,3.0904384005955228,50152,,,
4856,OK,0.2859304932735426,7.797255440109782,128,86.75165502263391,255,7.281615934211966,21321,,,
4859,OK,0.28900783289817233,8.49649923208962,136,122.3782790447162,255,7.8360703656462585,37632,,,
4861,OK,0.432,4.8056140104751215,79,70.56307796272586,255,4.5317018631988555,53367,,,
4862,OK,0.09643571428571429,7.410093079524973,69,65.11614584568521,248,6.575988359493514,10767,,,
4863,OK,0.20626574307304785,4.404701572279041,65,70.76595131368427,215,3.617569897309047,26682,,,
4864,OK,0.21430327868852458,5.650602409638554,122,64.25894319545147,252,4.989550983436853,20608,,,
4866,OK,0.14105820105820105,6.3265347586896725,76,67.11033427785307,194,5.742917003036943,17342,,,
4869,OK,0.3020625,5.00466239050969,85,66.2266977105161,228,4.424461247943462,41129,,,
4870,OK,0.21508487654320987,6.253608370702541,78,52.24026214467109,220,6.138594258237873,25927,,,
4873,OK,0.25384488448844883,5.6222128323473965,106,61.04844785515772,249,5.483453304123054,28757,,,
4874,OK,0.31229395604395604,5.033377318378418,84,63.35285795132994,229,5.014268458990844,42775,,,
4875,OK,0.20495426829268293,4.827928597991819,44,63.34321094174416,219,4.691983462199313,24832,,,
4880,OK,0.05643211920529801,8.656202630678207,95,80.28994089761923,251,8.382270140760706,5565,,,
4881,OK,0.08197272727272727,10.0657646667406,93,88.52748482417833,241,10.010444926749864,7372,,,
4882,OK,0.031788194444444445,13.167030766430003,130,86.85819182700067,255,12.39952718676123,1974,,,
4883,OK,0.04143867924528302,9.348131284386264,88,53.810541380639556,221,8.784657077340004,1599,,,
4884,OK,0.12373563218390804,9.566418950301903,73,91.99087252137032,255,9.506164867939612,10841,,,
4885,OK,0.1541760299625468,9.545791327584112,99,58.217514999889296,234,8.635296206127004,13144,,,
4886,OK,0.21758445945945945,5.247845664156509,77,87.5591693833344,246,4.91945460291661,22149,,,
4887,OK,0.2666176470588235,6.195645825897927,82,101.613532439244,249,5.884575588715609,26739,,,
4888,OK,0.15327510917030568,9.469705603038935,103,75.805819150765,253,9.416802214422281,11681,,,
4889,OK,0.12838235294117648,9.297523591338024,87,58.79138647191625,252,9.05864869535165,9645,,,
4890,OK,0.07907846715328468,9.310141917618553,81,93.4486540576422,253,9.072009764035801,7374,,,
4891,OK,0.08508197187639267,10.470819867008434,144,91.2458320378623,254,10.057641459545215,7564,,,
4892,OK,0.22748141263940522,4.206779153218668,54,45.55676928567705,210,3.8441524391184316,21613,,,
4893,OK,0.17649801587301586,8.66484926835666,95,68.56020833082357,255,8.22016506257194,13611,,,
4896,OK,0.01831453634085213,6.957691869084274,54,76.52742478687576,255,5.900069881201957,1908,,,
4898,OK,0.16908839779005524,6.459238686489136,71,59.36505258375168,250,6.30699865410498,22290,,,
4899,OK,0.004397810218978102,8.54149377593361,68,65.58382973783732,243,5.844632768361582,118,,,
4900,OK,0.10535315985130111,8.042254763585039,139,148.05012950497243,252,7.9331053295875575,8187,,,
4901,OK,0.04374521072796935,5.052185971826874,57,82.42813832433497,233,4.500412881915772,3633,,,
4902,OK,0.034405204460966544,5.969836124617324,90,100.51964426649214,254,5.0879168006861795,3109,,,
4903,OK,0.14513324873096448,6.189145863390606,62,80.93502910824606,244,6.046296760396304,19951,,,
4905,OK,0.1320578231292517,5.23191672032625,52,83.95841416021685,253,4.891953504684603,13306,,,
4906,OK,0.24294262295081967,4.26390903876649,92,74.38229339223265,238,3.753865301461437,25979,,,
4907,OK,0.03031521739130435,6.592326998924346,84,87.27007880194147,246,5.694584031267448,1791,,,
4909,OK,0.1912043189368771,5.736689689124423,68,59.11735932114043,255,5.406676413255361,20520,,,
4910,OK,0.2415451388888889,6.430245094515921,82,48.029596905257854,244,6.037893358978469,24956,,,
4911,OK,0.2714527027027027,6.080970752955818,67,80.22163072880439,255,5.892106235524193,36987,,,
4912,OK,0.382675,3.829996080224734,89,59.489652938079615,253,3.45366425346681,57738,,,
4913,OK,0.2156547619047619,5.2846628024657285,67,53.24610432318939,191,4.690715699208443,12128,,,
4914,OK,0.17489640130861506,4.858211747100636,49,40.491814473139314,209,4.382094883143101,12879,,,
4915,OK,0.4210030054805822,1.6433487308697274,69,60.682069550466494,214,0.9350910027938265,24578,,,
4917,OK,0.10023234200743494,4.965878535002318,70,57.26318235810567,250,3.960664335664336,8008,,,
4920,OK,0.23861666666666667,5.755162860003259,118,72.12117928624069,255,5.264250188787335,25602,,,
5001,OK,0.25187689969604865,8.412656751239428,81,60.526488104306964,235,8.285330097405792,30491,,,
5002,OK,0.123025,7.128925918399602,133,72.10257165572311,244,6.579311973549555,12703,,,
5003,OK,0.07343333333333334,7.990316235436526,82,75.46539494669689,254,7.086692353289863,6748,,,
5004,OK,0.10206928838951311,10.12665504693759,95,59.8690775364359,232,9.928936497934608,9522,,,
5005,OK,0.13936666666666667,7.673762257833054,104,75.59166161009765,253,7.457932802343678,10923,,,
5006,OK,0.26066479400749065,4.957397895039334,69,62.61673906527695,235,4.811710512579602,25544,,,
5007,OK,0.18748125,7.751886299741085,89,50.76400031794138,244,7.499269854345303,26707,,,
5008,OK,0.16847122302158274,6.647414682751504,45,69.50202957483471,247,6.639808240060978,16618,,,
5009,OK,0.07145283018867925,7.817401637179826,87,54.311238900290576,226,7.452431183443841,6636,,,
5010,OK,0.357312734082397,3.5330660447402673,52,75.56438759305934,252,3.2431816188722267,34209,,,
5012,OK,0.20973015873015874,5.412813138575645,94,79.2835947804313,255,5.121605251295921,23664,,,
5013,OK,0.5329734848484848,6.231062625114009,43,58.55373967584519,224,6.123579468950288,24756,,,
5014,OK,0.11019516728624536,7.482809029827669,64,74.90301118619638,253,7.205000899442346,9265,,,
5015,OK,0.08159433962264151,4.632019115890084,50,45.466021578275175,214,4.256775357159809,7023,,,
5016,OK,0.5878,4.2586244376394085,65,99.56201816809532,250,4.063485515218188,65448,,,
5017,OK,0.47052951388888886,6.465418319343234,60,68.19511981856436,243,6.342690930982809,50939,,,
5018,OK,0.09329887218045113,5.126120680971089,66,52.55915126512081,199,4.465702264454214,7051,,,
5019,OK,0.18859375,7.011223418945042,51,62.307400988510174,236,6.926244695475464,27885,,,
5020,OK,0.10206656346749227,6.745961932205961,53,75.97734736624344,234,6.478831987219313,11267,,,
5021,OK,0.21159433962264151,4.308722338638964,54,79.63631323465476,229,3.9473407316070697,20275,,,
5022,OK,0.13771535580524344,8.915578823316109,84,72.85516295298903,247,8.643797161915064,12943,,,
5023,OK,0.09643459915611814,7.311857361627653,74,78.12200066932841,255,6.6878740751213535,7073,,,
5024,OK,0.07803370786516854,5.043436525077993,48,54.10058294233543,238,4.548249573678403,6646,,,
5028,OK,0.27400157232704403,5.195363383352939,58,102.32542114705043,255,5.0102704269681535,32196,,,
5029,OK,0.3289,6.397062752793978,98,57.176878304728106,255,6.233789502950171,32371,,,
5030,OK,0.30131868131868134,7.593985533673718,116,94.44567211911503,255,7.472592520907427,41333,,,
5031,OK,0.21620277078085642,6.96746570355052,61,85.00539634334135,253,6.800720000832371,32037,,,
5033,OK,0.24639307228915663,7.854018316473621,76,58.431026156003426,238,7.643807879974774,30127,,,
5036,OK,0.0307520325203252,6.948116325181758,55,65.20435688272835,246,6.4107683000604965,2204,,,
5041,OK,0.18738390092879256,6.528115103951535,96,55.66718100136521,246,6.145963756177924,21245,,,
5042,OK,0.31627340823970035,5.861132492549391,60,75.40813727369834,251,5.761640387889555,31521,,,
5068,OK,0.092125,3.9172018694406754,53,114.48060948184865,255,3.09607003740985,8643,,,
5075,OK,0.2895901639344262,7.342117180866119,122,73.2667397407792,255,7.086079402685046,32501,,,
5079,OK,0.4095083333333333,6.631929888823318,72,45.50332350160177,223,6.569475450499745,45690,,,
5080,OK,0.18642322097378278,4.329532898041185,66,61.53377450416235,255,4.054793225977168,17636,,,
5081,OK,0.214725,10.764285067463552,78,88.4864891633858,241,10.826084422491293,22877,,,
5082,OK,0.05515858208955224,6.273465246067985,107,67.37607327034401,236,5.583899264289757,4712,,,
5085,OK,0.5464666666666667,6.54429974380871,76,100.34714464206968,252,6.340049771652036,60945,,,
5086,OK,0.215,4.766498708010336,44,38.13830856334041,204,4.509634597917977,23855,,,
5087,OK,0.305442238267148,7.5571511587822195,119,65.32649834756207,255,7.334795368104334,31463,,,
5088,OK,0.06843333333333333,4.7231287546679654,47,86.4321453704035,255,4.57346087809664,6795,,,
5089,OK,0.21998607242339832,7.456452463859871,73,99.11512067374937,255,7.353609556829494,29131,,,
5090,OK,0.3035625,7.804251595635166,92,101.15796538933262,255,7.213898294926733,33371,,,
5091,OK,0.23115,6.386317206239335,52,72.3764641275209,231,6.3403500565236035,25653,,,
5092,OK,0.042241666666666663,5.288025251528901,46,54.34489969343925,224,4.416870526411162,3679,,,
5093,OK,0.15858333333333333,8.922806095638466,98,93.60058433197979,255,8.689014757446152,17302,,,
5094,OK,0.08566479400749064,4.430356687433964,65,59.92167685601444,241,3.5906797269219353,7861,,,
5095,OK,0.05750625,6.050248161431728,69,72.60181433563884,255,5.156347903923616,6703,,,
5096,OK,0.218075,8.165208197995083,112,69.3422074438796,249,7.961118152372905,23670,,,
5097,OK,0.34812734082397,4.5747534516765285,69,56.45189121899837,217,4.440903486709079,33795,,,
5099,OK,0.227075,9.098144274407623,79,78.74451668086238,255,8.912696778797985,24287,,,
5100,OK,0.048558052434456926,5.989844453014526,72,50.263513557843076,243,4.716614906832298,3864,,,
5102,OK,0.0952491961414791,5.13553886403916,46,60.64545258001558,255,4.759929563686167,10222,,,
5103,OK,0.2280443548387097,3.943231269462372,43,48.25581759774348,216,3.4460714329294335,27317,,,
5105,OK,0.07797752808988764,10.1765930195325,81,68.51735518726136,255,10.192785720960657,7134,,,
5106,OK,0.22230407523510973,7.7374908928529464,73,67.80046153536087,250,7.646219398431787,26442,,,
5107,OK,0.08332397003745318,8.88534292242574,75,74.65944168088171,255,8.847440051847052,7715,,,
5108,OK,0.13825833333333334,7.387438972937135,56,94.84437202435636,230,7.260504967641965,14628,,,
5109,OK,0.132525,5.462239828963089,64,52.17730257996548,244,4.801181549647807,13203,,,
5110,OK,0.19658256880733946,8.807412592851865,146,96.78366496331611,255,8.085797639570348,22623,,,
5111,OK,0.06155,6.2153623973282786,72,93.07558562878505,253,5.651030561478323,6097,,,
5112,OK,0.01941231343283582,5.554060547813551,72,76.6173764971128,255,4.2510659643842486,1329,,,
5115,OK,0.1546067415730337,4.845849483204135,48,62.64306072420108,254,4.626722507430424,14804,,,
5116,OK,0.2433801498127341,6.015837597301838,62,57.30909038408389,226,5.838480175902974,23801,,,
5117,OK,0.29397632311977717,10.07816337005014,157,71.1776890072496,252,9.7853404458759,39742,,,
5118,OK,0.16146837349397591,7.988760900993332,73,84.25355089187627,255,7.637826607507571,18932,,,
5119,OK,0.03103476821192053,5.0126255890459674,83,76.46991767121455,255,3.8662048851622313,2743,,,
5121,OK,0.10042982456140351,8.276938306111159,67,84.44316811472666,255,8.065343915343915,10080,,,
5122,OK,0.08154725609756097,7.968501729133564,61,65.05635361255646,255,7.791638919718831,9010,,,
5123,OK,0.4882941988950276,5.352926478561158,79,41.22414018039904,229,5.239838532944654,64492,,,
5124,OK,0.15375,6.0965566714490675,66,95.39765690618935,255,5.956466245817379,19326,,,
5125,OK,0.025112433862433864,7.433412343077869,91,84.52751074718063,233,6.47119341563786,2916,,,
5126,OK,0.15586920529801324,10.527997592366384,110,131.59230892443276,255,10.451770524233432,16850,,,
5127,OK,0.2626537216828479,4.254230326926236,56,77.07763123244382,243,3.940423195111407,28529,,,
5128,OK,0.2844140625,7.176477590074623,92,60.029350219262334,255,6.8435269680950555,33861,,,
5129,OK,0.3765917602996255,3.244472070280126,61,42.556593571643134,195,3.111429524092748,36989,,,
5130,OK,0.30365,5.305900433613261,42,64.16499844426893,234,5.0016486347243685,25880,,,
5131,OK,0.5600374531835206,5.167837000378965,60,46.918170596748105,221,5.1443634127053866,56905,,,
5132,OK,0.1888295880149813,7.765871638485314,84,85.10245518451399,254,7.503013115916342,16926,,,
5136,OK,0.2811,7.434444049171904,97,109.66242020988857,254,6.622839129550539,22946,,,
5137,OK,0.23558768656716417,5.021725070943048,54,49.839839729900135,236,4.847687127243672,23362,,,
5138,OK,0.05220037453183521,7.457219730941704,60,79.10584341812793,242,7.242208370436331,4492,,,
5139,OK,0.0286,11.822066822066821,108,70.14360335216831,253,10.839840925524223,1844,,,
5140,OK,0.3746583333333333,4.512214832773564,69,91.62900281179621,237,4.195642151748235,41213,,,
5141,OK,0.06298245614035088,7.094359331476323,49,69.70911346189853,254,6.648067632850242,4140,,,
5142,OK,0.14639166666666667,6.558490351226732,128,38.29411420147804,211,6.477054595776974,14934,,,
5143,OK,0.1925,4.812831363393161,39,45.77200712731377,242,4.427058167626835,16143,,,
5145,OK,0.22386704119850187,7.186219972953002,79,71.17726090086177,255,7.089219780884934,22028,,,
5148,OK,0.09099250936329588,7.942340673663991,99,61.06024460421774,242,7.557939037345755,8158,,,
5149,OK,0.06731132075471698,5.858537724830647,71,80.85218226875031,243,4.674571301077325,5229,,,
5150,OK,0.09031818181818181,7.012883744338199,107,130.46882859474675,255,6.752029769959405,8868,,,
5151,OK,0.05357677902621723,8.129150646627053,119,80.13583898903157,234,7.028295192478269,3758,,,
5153,OK,0.18385931558935362,9.44692034605177,86,55.97618160218035,254,9.353836477987421,15900,,,
5155,OK,0.28948501872659177,6.9441838902006445,73,34.955062398692725,227,6.993667895283999,28216,,,
5156,OK,0.149075,7.386960329438947,103,77.4856838799607,255,6.866470575964287,15979,,,
5157,OK,0.3437546816479401,3.8617565076857425,73,94.17608115627719,245,3.5285704134563654,32837,,,
5159,OK,0.0559051724137931,11.480493446414803,87,87.77413139752545,255,11.856402074192262,5014,,,
5161,OK,0.020076923076923076,6.633673903788846,126,111.98499795030135,255,5.553320184089415,2535,,,
5164,OK,0.11035211267605634,7.176079557540949,63,53.51995765059764,254,6.834660636450038,10171,,,
5165,OK,0.4081166666666667,6.449435755026476,75,74.09116849228921,255,6.272667132751479,44341,,,
5167,OK,0.2584625,7.163474714255775,109,65.90026914799769,255,7.024197313138648,38558,,,
5168,OK,0.1140234375,8.516295535000571,128,65.12345428626016,252,8.28637266587207,12585,,,
5169,OK,0.45213,4.408341258782504,55,60.41675336606616,255,4.269695827640898,42454,,,
5170,OK,0.156,7.278347578347578,82,85.1975645076356,253,7.104262423885288,16970,,,
5171,OK,0.147578125,7.122463384506793,94,80.02188922494119,255,6.821494602492992,16767,,,
5173,OK,0.2442427385892116,5.532427266935655,64,39.08492668085009,195,5.079727013014496,18902,,,
5174,OK,0.06976229508196721,4.819018525046019,62,73.40941706538372,255,4.2667601683029455,7130,,,
5175,OK,0.20552044609665426,4.550586355551536,59,63.156512957287354,234,4.445241392956074,20216,,,
5176,OK,0.23535,7.979947123669239,87,46.99421303864513,243,7.79085729606542,24865,,,
5177,OK,0.09990384615384615,7.774637617756,84,62.08052105285307,222,7.367794680740971,9663,,,
5178,OK,0.2730491329479769,5.497821293111052,59,88.12460325348707,255,5.2348143928605335,35110,,,
5179,OK,0.208125,5.005151818485152,57,69.1979654476892,254,4.482471000112934,20661,,,
5181,OK,0.522059925093633,6.490990506253437,56,115.69583104772353,251,6.434951846410768,53094,,,
5182,OK,0.3382022471910112,4.0072997416020675,53,70.70523957743822,211,3.7574331593818187,33151,,,
5186,OK,0.224475,6.692727475219957,51,57.33632772064802,207,6.615044841845228,24828,,,
5187,OK,0.08203,10.029989028404243,98,117.6829925451449,255,10.013964784456588,7137,,,
5188,OK,0.20549668874172186,6.124100333011064,80,61.280490261454254,224,5.986524315792608,22386,,,
5189,OK,0.22748214285714285,7.226208231938666,85,44.980964379001875,208,7.080434501487133,23199,,,
5191,OK,0.3759,5.552237592740386,58,51.36022984208371,232,5.413855150697256,42237,,,
5192,OK,0.22463197969543147,5.862135849198727,85,112.13195524203887,255,5.506814499797489,32920,,,
5194,OK,0.27476666666666666,6.242751425451899,67,78.15025432427878,242,6.029504765052608,30255,,,
5197,OK,0.11896666666666667,7.106379004389652,68,81.5314781884908,255,6.79930934789592,12452,,,
5198,OK,0.021785714285714287,12.688236985907391,110,80.10016141119502,254,11.548593879239041,1612,,,
5200,OK,0.31659375,7.931313131313131,152,80.91614614294207,255,7.7717407290681795,47595,,,
5204,OK,0.14911290322580645,9.028844420407427,118,79.82750766120115,255,8.792286609240406,15324,,,
5206,OK,0.2095880149812734,4.0703925422921134,44,41.728917898660605,224,3.654872410906046,18314,,,
5207,OK,0.014031954887218045,6.471980352757312,83,112.02139990658392,223,5.250307503075031,542,,,
5208,OK,0.12068352059925094,9.800941371195076,83,77.93544597189538,254,9.519791576704954,11579,,,
5209,OK,0.22542222222222222,9.51979823869611,88,104.82643351694591,255,9.466065965226475,17868,,,
5210,OK,0.2747583333333333,4.258216816798601,54,29.740132599478336,212,3.9356366537042575,26744,,,
5212,OK,0.2775166666666667,4.602676515924969,51,58.74095519312249,219,4.292603064134164,27588,,,
5213,OK,0.16556666666666667,6.439752365613046,50,32.45459659915578,196,6.232980530510911,17857,,,
5214,OK,0.062164179104477614,4.501950780312125,49,48.964271504734626,192,3.9017417417417417,5550,,,
5215,OK,0.3001388888888889,6.733962328825818,62,73.9391817894497,255,6.613494422777975,36667,,,
5216,OK,0.1715521978021978,6.373155043104599,77,149.75731071722683,255,6.069703208097444,19430,,,
5217,OK,0.14149812734082398,6.424077995412034,76,52.382994503097464,240,6.414920306965762,13552,,,
5218,OK,0.24679401993355482,7.032240694622064,130,86.64850877386439,255,6.867850688602231,26745,,,
5219,OK,0.024030448717948717,6.870845837501389,64,85.19689767188557,255,6.108634269579432,2243,,,
5221,OK,0.15321561338289963,6.8186744308302,74,65.50236333969899,253,6.724904425062381,14561,,,
5222,OK,0.3118632958801498,4.339428148237107,54,56.50661967806458,245,4.093629873695772,30350,,,
5223,OK,0.347375,4.260461396985327,42,63.04437634339952,204,4.114991319444444,38400,,,
5224,OK,0.4289432989690722,4.3954081462343195,55,98.51027766494661,249,4.277950288236224,46374,,,
5227,OK,0.19064365671641792,7.361142372494332,116,52.12295563777186,255,7.075776053215078,18040,,,
5228,OK,0.10193548387096774,4.789732770745429,73,50.873007795870585,219,3.957155183857693,10044,,,
5229,OK,0.2434903846153846,5.268464768524003,99,87.67297516004254,245,4.920990546850849,20487,,,
5231,OK,0.03290909090909091,5.950184162062615,54,62.98290092122579,251,5.004303455059634,2711,,,
5232,OK,0.15492256637168142,5.067737712721647,31,60.631869450443965,237,4.938258022265881,12725,,,
5233,OK,0.06413857677902622,3.7335766423357666,66,60.286950141737535,243,3.1945930399769917,5795,,,
5236,OK,0.14079166666666668,6.915675249087501,52,84.57305982574398,255,6.753234286711608,15279,,,
5237,OK,0.2266078066914498,6.396287030581416,65,62.608245110173804,234,6.198388858547242,21972,,,
5238,OK,0.029041353383458646,5.197734627831715,48,49.61642628980738,255,4.2836178496555855,2226,,,
5240,OK,0.11153195488721805,6.104126288587399,65,56.30155959647249,221,5.850719653547319,10468,,,
5241,OK,0.07159176029962547,5.9492109163832945,63,113.94973811781,247,5.473267431972789,6272,,,
5242,OK,0.0877808988764045,9.433813333333333,89,74.38468907706783,255,9.191861190862564,8011,,,
5243,OK,0.05798018292682927,8.129047806844573,66,89.82908147440928,255,7.7949220713926595,6630,,,
5244,OK,0.0627434456928839,11.484803263194548,70,50.75291128449501,223,11.607468780019213,5552,,,
5245,OK,0.17837455830388693,6.447206814580031,121,56.21797766500373,221,6.226673974604915,18245,,,
5246,OK,0.25505084745762713,8.240330940988835,84,70.75911600533915,249,8.06352434212119,27538,,,
5247,OK,0.18605,9.24087013646272,81,49.40965866044188,238,9.22600960914167,20536,,,
5248,OK,0.015112781954887218,8.112562189054726,103,62.664993510955036,255,5.160168598524763,949,,,
5249,OK,0.24085849056603773,8.343282023161386,132,55.56340951173744,255,8.197274743230626,22848,,,
5250,OK,0.03411654135338346,6.08099173553719,67,55.52861405728001,248,5.583511269276394,2810,,,
5251,OK,0.11287593984962406,9.627338329170136,123,71.83053995832891,255,9.29135432283858,10672,,,
5252,OK,0.12646666666666667,4.801265155508698,126,73.46998778905593,238,4.479874742228672,13093,,,
5253,OK,0.1780827067669173,3.856748293575399,54,67.8563936025858,235,3.6573150213248815,17038,,,
5255,OK,0.05391385767790262,6.7042375824939215,60,67.5092139902219,244,5.937495128984491,4277,,,
5256,OK,0.15620786516853932,6.934144538352415,113,97.56256866074104,255,6.474863093634976,14852,,,
5257,OK,0.14162921348314605,5.196152320507735,50,58.93093279810343,248,4.989501312335958,12319,,,
5258,OK,0.4370880149812734,3.5530301407424862,55,85.22012453079171,255,3.5213487554418768,44179,,,
5259,OK,0.23937265917602996,4.197992046417628,46,58.62959725898114,228,3.9104208769000968,22762,,,
5260,OK,0.16118333333333335,5.419656705614725,54,49.8084272155881,210,4.579092868522163,14228,,,
5261,OK,0.0686748120300752,5.182747137448109,63,51.55439166574161,246,4.822250707685734,6241,,,
5262,OK,0.11852787456445993,7.516964307586782,74,55.48497096307715,246,7.219647767831022,11394,,,
5264,OK,0.04376984126984127,10.185327893623452,80,66.77936395955237,243,9.946423135464231,3285,,,
5265,OK,0.3121011673151751,5.709793043261438,56,32.882058751437675,172,5.681606038275161,29854,,,
5268,OK,0.1574625468164794,4.7774672454460765,94,61.62899658824445,247,4.043269807023853,13905,,,
5269,OK,0.034481132075471696,8.742088463292294,86,61.20656602667448,243,8.476118652589241,2652,,,
5270,OK,0.03152777777777778,9.515591258529843,56,58.5829009934678,248,9.32685532446869,2933,,,
5271,OK,0.10651583710407239,6.527683375814217,61,55.496952969377766,238,6.287100601745911,7866,,,
5272,OK,0.10906903765690376,8.69633323742847,104,86.77255311738071,251,8.634207650273224,9150,,,
5273,OK,0.24201666666666666,5.266728645869201,90,102.01298034990508,241,4.9777220194647205,26304,,,
5275,OK,0.20969803370786516,4.368607883192124,68,71.08827162139347,255,4.147111759698407,27410,,,
5277,OK,0.040308333333333335,8.227069119977948,103,57.96875153767559,238,6.907281431090955,2646,,,
5278,OK,0.027901023890784984,5.196330275229358,41,59.4826764972644,234,3.9809848854217456,2051,,,
5279,OK,0.18064375,5.14555582465488,49,69.30882222069664,232,4.9678081754990115,26135,,,
5280,OK,0.27061666666666667,3.0478844614152862,52,65.35480504840467,253,2.8348340453499836,30430,,,
5281,OK,0.09678571428571428,7.7494982844565286,56,109.33978828050752,245,7.552419505978485,8893,,,
5282,OK,0.07170833333333333,9.69165214022855,68,114.06871642952257,255,9.717710544939845,7536,,,
5283,OK,0.01340983606557377,5.820904645476773,64,76.62273326465278,255,4.329398538504778,1186,,,
5286,OK,0.0064419475655430715,6.148740310077519,63,71.58104958283072,255,4.744186046511628,430,,,
5287,OK,0.4783115671641791,5.7179132130667965,133,89.22022947399792,217,5.546215451726136,48905,,,
5288,OK,0.12500936329588014,5.266896362319926,53,60.747156202848615,242,4.8188783423289285,10746,,,
5289,OK,0.0071333333333333335,12.403426791277258,74,70.30212739765885,253,10.117592592592592,360,,,
5291,OK,0.1165,2.350810681926562,58,95.94853486763503,249,1.7497423565784953,11644,,,
5292,OK,0.2710016835016835,9.85628203137133,111,81.3614110039836,255,9.701538049123748,29843,,,
5293,OK,0.06878301886792453,6.4614821926576145,57,59.158344223930946,242,6.1434842249657065,6075,,,
5294,OK,0.05808052434456929,5.797678542640658,55,83.42582118088346,252,5.164418881396271,5042,,,
5295,OK,0.16401685393258428,5.189282791954482,52,68.74449783273411,216,5.038607115821348,15852,,,
5296,OK,0.07066479400749064,5.081621836491321,80,69.1579163014384,247,4.623763930309214,6371,,,
5297,OK,0.11637640449438202,9.851530023868909,87,77.09959980643771,250,9.861196956102749,10031,,,
5298,OK,0.16649166666666668,7.012362981130186,101,70.84808856806737,255,6.461696984108112,16822,,,
5299,OK,0.03199438202247191,10.315286313530388,74,44.2113306829943,214,9.430914454277286,2825,,,
5300,OK,0.023333333333333334,6.765783841626538,60,56.47747376359755,251,5.545356371490281,1852,,,
5302,OK,0.03818352059925094,7.853522968775543,84,60.1123355594063,239,7.310797174571141,2973,,,
5303,OK,0.11913857677902621,5.469506444514304,53,66.37027863996485,255,5.328032544378698,10816,,,
5304,OK,0.3614,4.532835270245342,41,45.33456867453109,255,4.41242754617502,40083,,,
5305,OK,0.11675093632958801,4.255807736519903,40,73.68075182071641,219,3.952423141667405,11287,,,
5306,OK,0.2901954732510288,6.430945037283889,147,44.242638142033734,245,5.91680600897099,25118,,,
5307,OK,0.10664874551971326,8.51162269646558,78,92.24424762783606,250,8.489265536723163,10325,,,
5312,OK,0.21186329588014982,5.305092735817092,112,56.84492256028259,210,4.985696683987786,18667,,,
5314,OK,0.11662587412587412,7.206965472442912,90,60.65539591125888,254,6.922713914321239,11796,,,
5315,OK,0.18920454545454546,6.231523831523831,47,56.76292023790272,242,6.159545871942566,19965,,,
5316,OK,0.13044466403162056,7.353710577481504,79,70.6849774808047,245,7.092372657693323,11367,,,
5317,OK,0.15206973293768547,6.80636453810755,80,51.415344864291065,246,6.610115407115885,18803,,,
5321,OK,0.21462014134275617,5.729327022020992,45,79.70926269613632,238,5.551280316357676,22169,,,
5322,OK,0.09056666666666667,5.9940804809225865,51,58.30721511563978,250,5.233054915514593,6944,,,
5324,OK,0.1481179775280899,9.258318056345745,120,86.16916718875369,255,8.775910562764423,14103,,,
5325,OK,0.05409166666666667,5.627895034149849,53,65.43993574665151,255,5.067758328627894,5313,,,
5326,OK,0.20643333333333333,7.0874508854082565,76,58.94610478710743,254,6.941363310352903,22773,,,
5327,OK,0.1479832713754647,7.23305909690385,95,69.97201406386917,253,7.0328954988764565,14389,,,
5328,OK,0.1155243445692884,9.364375641649106,87,48.03464179599557,216,9.333931607783866,10586,,,
5330,OK,0.20884831460674158,10.898408428603451,114,70.5702822652228,255,10.77469320066335,20100,,,
5332,OK,0.10706896551724138,7.2148081052066555,56,56.804977634034884,251,6.770297113393347,7887,,,
5333,OK,0.02456445993031359,6.92612293144208,57,101.31398166339227,238,5.8069153069153066,1716,,,
5334,OK,0.0397568093385214,9.006280075034663,85,86.39272098575331,238,8.37814913280162,2633,,,
5335,OK,0.04051498127340824,8.522532932747863,80,58.41153604689365,243,8.613906678865508,3279,,,
5336,OK,0.08603544776119403,6.8583252014890315,81,53.63156319000037,232,6.253180661577608,7860,,,
5337,OK,0.252625,7.126488537027874,55,64.51284495735072,218,7.0128637406851215,35293,,,
5338,OK,0.024441340782122904,5.916761904761905,47,58.507802433786686,199,5.378274268104777,1298,,,
5339,OK,0.09177013422818792,6.189596855288418,50,52.499696720579585,229,5.672063280845716,9018,,,
5341,OK,0.35396449704142013,5.694458375125376,71,73.43758777553886,205,5.454642724227763,21496,,,
5360,OK,0.042355555555555556,7.66876530255334,66,81.6845809934871,254,7.4443620178041545,2696,,,
5361,OK,0.04509132420091324,8.04,66,62.858537557282325,254,7.544310662761688,3073,,,
5362,OK,0.09809925093632958,6.287518691737457,83,51.158660617574895,242,5.95107603493003,9123,,,
5363,OK,0.27189166666666664,6.22660168980701,58,56.36605511237263,227,6.1029937592999755,30018,,,
5364,OK,0.08396067415730338,5.673989814505037,60,58.50230154106147,239,5.29536312602219,7541,,,
5365,OK,0.05000936329588015,8.127691443549898,94,97.49212982584098,193,8.042662682602922,4016,,,
5366,OK,0.060191666666666664,7.341732428815359,124,75.59661692248123,252,7.20137050303691,6421,,,
5368,OK,0.16586170212765958,7.345177773501806,59,59.38899020945725,221,7.236142857142857,14000,,,
5370,OK,0.14605833333333335,5.348795192179685,56,76.71516724730742,255,5.022083058668424,15170,,,
5371,OK,0.2116698113207547,6.404599545393769,60,86.05908117228917,246,6.305677558440722,20719,,,
5372,OK,0.1180566037735849,8.358957967076874,86,71.7480086144806,244,7.838145493163414,10044,,,
5374,OK,0.10800561797752808,6.860916052593556,174,93.03386343358001,242,6.289018113762449,9974,,,
5375,OK,0.10139513108614233,5.636285283344107,67,63.7453779440317,255,4.73729863692689,7801,,,
5378,OK,0.1401111111111111,7.73684906159133,104,105.35413274755567,252,7.506241289462522,11002,,,
5379,OK,0.05605,4.854098523144018,60,77.43824119686188,247,4.402878526194589,5790,,,
5381,OK,0.12978333333333333,5.838726938059159,94,109.75800088100665,253,5.273992559639949,12813,,,
5383,OK,0.1837406015037594,7.765575447570333,143,89.33649203607753,253,7.55664598608761,17730,,,
5384,OK,0.04205,11.924362531377989,123,58.75281706885653,255,12.154539652146163,4178,,,
5385,OK,0.12096666666666667,5.209653715440433,98,142.6121149495026,243,4.691572897271918,12353,,,
5388,OK,0.271675,5.441540648037381,60,114.88675309023368,251,5.247335525944009,29493,,,
5389,OK,0.06881132075471698,7.589754135819395,65,91.59038288790279,241,7.3461880127501695,6379,,,
5390,OK,0.3735693641618497,5.842572176447075,54,45.73574938291541,196,5.729033812317547,23522,,,
5391,OK,0.24949448529411763,5.600835021796525,46,60.88344049149879,216,5.455897414313172,23759,,,
5392,OK,0.18345505617977528,6.602766294084622,54,59.909189247040565,239,6.515033816425121,17250,,,
5395,OK,0.17261278195488722,2.8670006170822897,44,102.14188078848323,255,2.6720488412258505,16598,,,
5397,OK,0.16459166666666666,7.059845071135639,79,51.077646659817056,252,6.769741916345298,16855,,,
5398,OK,0.22605,5.539826488731598,77,64.90392718450086,236,5.484894765751645,24881,,,
5399,OK,0.01861423220973783,6.416498993963783,77,63.504869035352186,253,5.246511627906977,1075,,,
5400,OK,0.14061797752808988,3.879433568606561,58,103.86848183739731,231,3.4787026182102383,13648,,,
5401,OK,0.2561125,5.062635235166837,74,60.88533212347297,246,4.789942228532141,37331,,,
5402,OK,0.08123595505617978,7.072498847395113,153,79.93009525362467,254,6.729508998435055,6816,,,
5403,OK,0.038016666666666664,6.341516878562034,60,50.57831621014455,247,5.797626549044319,3174,,,
5404,OK,0.3020583333333333,3.2531979658086647,63,57.8753198890388,237,2.937705797954149,32293,,,
5405,OK,0.42166322314049587,8.188818384496656,68,51.84715598187545,194,8.196203480730723,37789,,,
5406,OK,0.1553421052631579,7.2025523744988424,52,63.354425647256754,246,6.960955487336915,10424,,,
5407,OK,0.26660394265232973,7.295006665994466,77,88.17981518361496,236,7.05790878214459,27480,,,
5408,OK,0.191875,5.933174086138256,51,70.81991922316749,255,5.81759761175269,21215,,,
5409,OK,0.5521513605442177,4.934193707359894,95,65.30385250726262,224,4.829857185767729,61035,,,
5410,OK,0.14801691729323307,5.950430715177683,56,55.21651167665001,242,5.598151713515595,12985,,,
5412,OK,0.0024232456140350876,9.223227752639517,54,45.90046787353858,248,,0,,,
5413,OK,0.19161036036036036,5.011871877754922,113,106.8746952705997,255,4.875280750429383,15138,,,
5414,OK,0.134046875,6.734448459416404,79,64.95364572995796,222,6.240554636814655,15722,,,
5415,OK,0.17479166666666668,6.818593563766388,62,79.02696625431288,252,6.687873419480339,19192,,,
5416,OK,0.15523255813953488,6.151629907060618,73,80.15073028982182,224,5.926266024184017,21998,,,
5417,OK,0.08904255319148936,4.290919952210275,39,79.66525555685313,240,3.9484669811320754,8480,,,
5419,OK,0.2855083333333333,5.757703122111633,70,56.33150997018082,229,5.660274370628645,32122,,,
5420,OK,0.09505833333333333,6.283130241664475,76,58.430924031321844,243,6.049478121236451,9964,,,
5422,OK,0.2585181818181818,5.090820644465544,94,62.18381292170878,250,4.867894081471881,26234,,,
5423,OK,0.06988721804511278,5.548054509592971,60,78.36464101424087,255,5.314982240878269,6194,,,
5424,OK,0.24629166666666666,5.193514915693904,70,81.61941879963882,253,4.946233014687031,27303,,,
5425,OK,0.37316666666666665,5.526492481762691,80,64.67431977310999,242,5.350990352431581,42325,,,
5426,OK,0.22476363636363636,6.684705818907404,54,49.10109526713261,220,6.484652484987863,20872,,,
5427,OK,0.390252808988764,6.7560881978934235,101,67.63972707216821,239,6.604432439178768,37391,,,
5428,OK,0.40129166666666666,4.520139826255495,69,41.465520681095875,214,4.434178129653382,45218,,,
5429,OK,0.39629166666666665,6.500108646129044,46,84.3790461729588,255,6.437314239394758,44412,,,
5430,OK,0.05577425373134328,4.725929642638122,39,64.33780868923775,255,4.5396825396825395,5145,,,
5431,OK,0.038479477611940295,5.112484848484849,44,80.03004284905813,247,4.625829504849413,3265,,,
5432,OK,0.08776119402985075,6.686011904761905,62,87.55625204515707,246,6.475859703284453,7774,,,
5434,OK,0.031410761154855645,3.7209804331174707,56,47.023216112402025,246,3.321240159077997,4107,,,
5435,OK,0.05439138576779026,8.931772536868078,101,105.75589573988441,249,8.263793103448275,4060,,,
5436,OK,0.1633867924528302,5.894239467251766,89,46.579131944835986,255,5.801593568300912,13931,,,
5438,OK,0.18095,7.378726474471155,66,56.323508264995354,255,7.472325073578277,17555,,,
5439,OK,0.267125468164794,5.530162291002138,82,75.95266020194794,200,5.545499675411464,26187,,,
5441,OK,0.13043046357615895,4.26990776000677,72,98.53687343716284,255,3.8161889121130685,13396,,,
5442,OK,0.09265037593984962,5.2567457902211405,58,46.3145746583525,230,4.55631887791613,6987,,,
5444,OK,0.09732692307692307,5.410920108015544,83,68.31840970905502,251,5.143960036330609,8808,,,
5447,OK,0.41884166666666667,8.06545830763415,94,70.08383639952777,251,7.872471715089301,47051,,,
5448,OK,0.23432075471698113,10.219488955095686,117,86.200241492324,251,10.102904727360658,22056,,,
5450,OK,0.34425,4.033648027112079,66,90.71948998178506,254,3.7600559362812795,38377,,,
5451,OK,0.10154166666666667,7.170291341813705,80,79.94114300731191,255,6.993201063106496,10786,,,
5453,OK,0.2531809701492537,7.7795463198359185,122,89.91995903021521,251,7.6850062156634715,24937,,,
5454,OK,0.0875,7.2383492063492065,49,108.59456519533232,236,7.191059912371387,6771,,,
5455,OK,0.3203605769230769,4.623221029989245,46,69.05268866645444,252,4.4728985938077095,37003,,,
5457,OK,0.144125,10.225248144935916,143,91.88846372296058,253,7.938903777437468,10448,,,
5458,OK,0.11405430711610487,6.836712913553895,52,58.189172717248475,253,6.529376097016116,10445,,,
5461,OK,0.14435393258426965,6.2016388834836,97,57.30177750055627,252,5.754494455316373,12775,,,
5462,OK,0.19698501872659177,7.29723991507431,113,73.22083984359817,253,6.845571778748801,18766,,,
5463,OK,0.09978464419475655,7.705795877513997,70,61.416216815923505,252,7.591154146272257,9398,,,
5465,OK,0.18588125,4.78894455465519,47,67.24572326416344,232,4.542060968767533,26735,,,
5467,OK,0.10266037735849057,6.835875758132696,48,54.30753380012195,243,6.308405060909647,7087,,,
5468,OK,0.16017924528301886,5.18114533639594,41,51.35145639792858,241,5.032102624210458,15357,,,
5469,OK,0.041863295880149816,7.2493849250726905,69,59.25481209302023,251,6.830953104426213,3291,,,
5470,OK,0.2682078853046595,4.924250523408615,61,53.649524089402625,236,4.648215902916139,27605,,,
5471,OK,0.18635833333333332,5.6746411483253585,64,58.31106718423002,255,5.317295388237703,19537,,,
5472,OK,0.07534330985915492,7.4107567083382015,86,60.61710189354633,231,6.822531535450196,6897,,,
5473,OK,0.067125,6.620732464307883,71,80.52985841261334,234,5.626719676890067,5282,,,
5474,OK,0.02235,7.3242605021128515,51,86.88629764116902,227,6.588261060008761,1522,,,
5475,OK,0.27308988764044945,2.9703764657477887,73,75.16431374569561,195,2.5684713173569045,26247,,,
5477,OK,0.09956928838951311,7.910538524230455,102,133.25390817267365,252,7.762064156206415,8365,,,
5480,OK,0.01592696629213483,6.540074466000392,61,62.83070882374396,198,6.107635694572217,1087,,,
5481,OK,0.3447480620155039,7.764573612906853,59,45.703834057949585,226,7.7190393401528326,49466,,,
5482,OK,0.122075,5.661592372630669,91,103.1017171170658,253,5.355369706624187,12555,,,
5483,OK,0.1732677902621723,6.096892731694137,96,70.1203503407139,207,5.653454411584243,16298,,,
5484,OK,0.038717320261437906,8.036083561932898,79,69.97219979432437,244,7.733120680489102,3762,,,
5486,OK,0.07754681647940075,5.0861708122031715,42,49.55021417405956,215,4.502960694231751,6530,,,
5487,OK,0.1354119850187266,5.930046558797769,50,50.91018865472503,227,5.599089837431807,12159,,,
5488,OK,0.19322097378277153,6.2073076177553785,52,83.41791235318695,249,6.0019924728802305,18068,,,
5489,OK,0.06093045112781955,7.6928376780297185,105,70.65443985174362,255,7.380249789684851,5151,,,
5490,OK,0.050383333333333336,6.060811555849598,51,57.864193738994096,241,5.779244516653128,4924,,,
5491,OK,0.34494067796610167,6.2637070158628765,58,61.18887753297886,236,6.1170994311241405,38204,,,
5492,OK,0.2495242537313433,5.786060538088651,69,67.2953184754281,234,5.609179301252472,24272,,,
5493,OK,0.10803903345724906,4.403326164874552,40,75.7672970391595,244,4.1477839240592775,9762,,,
5494,OK,0.1491132075471698,6.05466278628369,64,36.760841445476785,200,5.420141620771046,12710,,,
5495,OK,0.06287593984962406,5.324265072247135,69,64.12903754220574,184,4.95359310749951,5107,,,
5496,OK,0.11627340823970038,5.887985182799163,91,101.11923177442026,255,5.485018557074318,11047,,,
5498,OK,0.28869360902255636,5.719232563943962,109,49.94734176323173,218,5.634932984404286,28277,,,
5499,OK,0.08792134831460674,6.753354632587859,76,83.25188036820313,253,6.408602150537634,7905,,,
5500,OK,0.12107677902621723,6.245843322248859,61,97.39475581217796,255,5.939255955146671,10761,,,
5501,OK,0.2476123595505618,5.757748786790193,54,52.967734843299525,181,5.646576348649311,24506,,,
5502,OK,0.1820234375,4.794039801422093,72,87.13588854611386,243,4.504778480046411,21834,,,
5503,OK,0.23651685393258426,3.8401161256268144,56,51.5001676069005,225,3.6182521748120577,22569,,,
5504,OK,0.07467228464419476,5.2512016718913275,45,62.501185597436546,247,4.850699926323545,6334,,,
5505,OK,0.03097378277153558,6.054514308746473,52,48.99613496695397,223,5.712065136935603,2702,,,
5506,OK,0.06276666666666667,6.693131527704018,78,61.55170952330144,244,5.511977952088191,4717,,,
5507,OK,0.07462222222222223,6.556333134802462,129,53.18789923634792,253,5.500337444014971,5433,,,
5509,OK,0.11406954887218045,8.48065145148444,70,74.44174985589963,255,8.141472300836018,10247,,,
5510,OK,0.11422574626865671,7.647012386007894,112,72.32498902989136,248,7.319009925870084,10612,,,
5511,OK,0.20136666666666667,6.724410969486288,67,90.93272535025112,239,6.476272264631043,20960,,,
5512,OK,0.3113295880149813,7.7761303258145364,61,72.4797869929753,249,7.66592732368877,30207,,,
5513,OK,0.07598684210526316,7.7635951350237065,58,78.19881672854261,252,7.406689700065094,6657,,,
5514,OK,0.0753888888888889,7.072955047899779,46,63.6306722212208,254,6.874884437596302,6490,,,
5515,OK,0.20646457765667575,6.8097044882158215,86,63.97825583092256,245,6.502710883010923,25330,,,
5516,OK,0.0299438202247191,7.059933291640609,76,108.6193155859282,255,6.666808691947167,2347,,,
5518,OK,0.06498333333333334,6.927160810464222,100,77.37631533603084,255,5.933174951267056,5472,,,
5519,OK,0.15891385767790261,5.959168041480085,56,63.340662154339405,223,5.861082783783171,14709,,,
5520,OK,0.02603932584269663,6.611171041591754,49,63.37578070672986,249,5.882772680937818,1962,,,
5521,OK,0.05649812734082397,7.73041652856038,57,31.229035587400514,179,7.677284867435346,5117,,,
5523,OK,0.14486550632911394,4.318842954144139,68,58.1714913944373,232,4.016295856817957,16855,,,
5524,OK,0.33085205992509364,7.022583840384888,91,60.80538725250123,255,6.961624166893534,33059,,,
5525,OK,0.21993636363636362,7.267887405447857,62,57.92225187533263,228,7.154167415124843,22268,,,
5526,OK,0.41739966555183944,5.5597844594459245,145,62.21085262417658,245,5.518047112462006,47376,,,
5527,OK,0.09783333333333333,8.189881290392364,98,51.28925661033549,228,6.767633410672854,8620,,,
5528,OK,0.10373595505617977,5.79128681890664,60,92.42255095538074,253,5.493179836036979,9555,,,
5530,OK,0.05769,9.288784884728722,85,117.72312367126176,254,10.16132894343011,3341,,,
5531,OK,0.12384831460674157,9.492023890526953,109,71.91853419255554,227,9.112024030391378,11319,,,
5533,OK,0.08736749116607774,6.563532187394674,48,52.60927951472913,230,6.132562726480437,7267,,,
5534,OK,0.06522968197879858,6.566765980498375,70,57.29615874095915,245,6.156115382518131,6113,,,
5535,OK,0.03432222222222222,11.677349735621021,71,50.353131364269196,251,9.784848484848485,660,,,
5536,OK,0.29504032258064516,5.488466736519217,56,68.33741666507782,249,5.330420419687391,40967,,,
5537,OK,0.047453183520599254,9.33201789002894,121,53.70175559312704,241,7.2669879973537475,3527,,,
5538,OK,0.1379307116104869,9.498359468694137,101,61.016744687860914,246,9.141551757355572,12111,,,
5540,OK,0.12031666666666667,6.432723830632129,67,47.436647025760536,213,6.117645446071174,12158,,,
5541,OK,0.17781954887218046,7.133350951374207,89,53.51362597165066,253,6.827763093489966,17025,,,
5542,OK,0.24046816479400748,9.046011473665084,94,109.02762642076975,255,8.535829917841035,17811,,,
5543,OK,0.06701851851851852,4.485216910748826,63,72.88367969406457,251,3.6432323232323234,5775,,,
5546,OK,0.17585689045936395,5.429262738400228,99,36.882006152658825,225,5.074227159218117,15484,,,
5547,OK,0.05786219081272085,6.078167938931298,41,66.3171651820597,203,5.681428759720575,5058,,,
5549,OK,0.41129213483146065,4.095220750049325,59,82.29888348124821,204,3.9301434466496366,40712,,,
5550,OK,0.05075971731448763,6.550759948949994,53,61.56141852947928,239,5.759014521129059,4086,,,
5551,OK,0.20365168539325842,8.800781609195402,138,59.137918871252204,255,8.631340105421161,19098,,,
5553,OK,0.16725833333333334,6.215318951057081,94,102.1594632188854,255,6.102887888437466,18214,,,
5555,OK,0.11378,4.7568797484424135,54,46.60188465868771,238,4.473978320877937,14853,,,
5556,OK,0.08432075471698114,6.19213843514582,56,79.92176134841648,253,5.702586577296554,7758,,,
5557,OK,0.23711610486891385,6.972647817617017,57,59.75996203380955,200,6.9374626240880275,22296,,,
5558,OK,0.0972565543071161,8.81159141234235,84,56.785402383496,228,8.561516284868318,8556,,,
5559,OK,0.16702247191011235,6.186044773330344,59,67.04835023193424,241,6.011692695623881,16392,,,
5560,OK,0.19356770833333334,10.351562850352034,147,111.81006124799518,255,10.114386018083549,13198,,,
5561,OK,0.10029850746268656,5.803757440476191,71,80.71823158593232,241,5.552591163970142,9333,,,
5562,OK,0.3369662921348315,4.1686673335556295,47,62.74600820953134,224,4.050807404489957,33007,,,
5563,OK,0.23670833333333333,4.802440884820747,86,63.325272485761595,226,4.675215298885512,26320,,,
5564,OK,0.3300187265917603,4.096994457999962,50,88.041702769936,255,3.9046581117864965,32574,,,
5565,OK,0.3641385767790262,7.408502614211023,82,49.921297796102685,191,7.412534110355673,36035,,,
5566,OK,0.08911985018726591,6.75786229600056,96,53.30460928023684,253,6.431923213650906,8439,,,
5567,OK,0.16971111111111112,5.586705076164288,42,55.61365968114623,233,5.341185860302258,12947,,,
5568,OK,0.2801,5.204857392201198,94,94.40968267197604,255,4.982163155602299,31377,,,
5569,OK,0.105875,5.986488259215532,46,69.92934743774951,205,5.775604217356042,10275,,,
5570,OK,0.15991573033707865,5.207525811425337,44,48.32844781786501,250,5.002193126740794,15199,,,
5571,OK,0.1178,3.156715714016223,54,62.31616350537797,244,2.607265762935033,11139,,,
5573,OK,0.23782771535580524,6.863477690288714,102,69.79545045045045,255,6.581815324389582,23331,,,
5574,OK,0.23938333333333334,5.857643482095198,56,53.12839727998481,230,5.760219115980355,26470,,,
5575,OK,0.07666666666666666,6.060048309178744,44,81.12339751303651,239,5.754507941891357,5897,,,
5576,OK,0.12811666666666666,5.651381119639217,44,53.15944411522948,217,5.427570908728378,13374,,,
5577,OK,0.2824812734082397,6.135856895046792,54,81.57801237967229,221,6.0838562815307,27090,,,
5578,OK,0.11635767790262172,7.069123682304659,46,69.99793019896228,241,7.016916674151921,11133,,,
5579,OK,0.15258426966292135,7.891527573228604,76,74.5291589322019,251,7.804373362248125,14756,,,
5580,OK,0.39624531835205995,11.425120316327575,114,55.99124289842486,255,11.188777041219957,36657,,,
5581,OK,0.16678838951310862,5.4153895095342355,41,51.872584384985075,240,5.172604215772106,14849,,,
5582,OK,0.3130547337278107,9.59005316007088,97,60.90105697622252,254,9.464695358480471,39872,,,
5584,OK,0.035383333333333336,6.605354058721934,57,113.57356981184236,255,4.90966537412035,2321,,,
5585,OK,0.3079383561643836,5.058979662952171,61,68.83736305064281,235,4.924126253155142,42127,,,
5586,OK,0.12926190476190477,4.720984015881787,114,72.50561009178493,245,3.6929789765965886,12605,,,
5588,OK,0.10801666666666666,5.702823638327419,59,88.30012705768046,242,5.403143479614068,10710,,,
5589,OK,0.21689166666666668,4.347203545036565,58,56.84924747888578,236,4.101002783932731,23468,,,
5591,OK,0.3624063670411985,6.356568918744348,89,114.58598037056073,255,6.134977827050998,36080,,,
5592,OK,0.41743125,7.846816092470317,56,71.16710474085677,253,7.830475352204916,63623,,,
5593,OK,0.05219924812030075,4.4123754651302365,59,52.11782652096596,246,3.734088105087452,4593,,,
5595,OK,0.04777777777777778,7.717054263565892,109,80.54737574107469,249,7.08032319391635,4208,,,
5596,OK,0.056751644736842105,7.2212239772013715,74,73.03510056757251,254,6.99281537176274,5985,,,
5597,OK,0.36386666666666667,2.8845425674850373,50,58.45655173618389,231,2.7371678373201043,40718,,,
5598,OK,0.30065,6.644381617606298,67,48.26149678669876,225,6.551881694541641,31151,,,
5599,OK,0.18190833333333334,8.293187960969354,72,50.946504908102526,239,8.172529397047786,19985,,,
5600,OK,0.04995555555555556,6.6520610913404505,34,50.825591005489024,211,6.447574819401445,3230,,,
5601,OK,0.20204119850187266,7.358173448265209,72,54.102563500817475,250,7.220321489001692,19700,,,
5602,OK,0.20860902255639097,5.013621072865982,82,53.93781372223014,246,4.846202227849777,20139,,,
5603,OK,0.23283333333333334,7.776867096158434,61,48.45841480194076,247,7.76228844596939,25939,,,
5604,OK,0.17715625,4.698806373846064,67,86.38645196409809,255,4.477678688869597,25342,,,
5605,OK,0.175975,7.043791731780082,74,90.0034181810827,254,6.884393654689317,26077,,,
5606,OK,0.19013333333333332,6.580216612124046,55,60.77756283613215,242,6.478472174686837,14609,,,
5608,OK,0.168525,6.555258863670079,88,115.38185821047603,254,6.399260868757777,17949,,,
5609,OK,0.1820318352059925,7.943538569689488,101,65.93575170655953,255,7.8687471834159535,17752,,,
5610,OK,0.34531451612903225,5.763773091384666,71,53.45442488595443,241,5.758867516111576,40654,,,
5611,OK,0.2322,5.310400516795865,61,69.25618650690284,254,4.867829504974819,24423,,,
5612,OK,0.18794007490636705,10.773432310349408,179,76.25954708975186,255,10.819467224704486,17681,,,
5613,OK,0.20816479400749063,6.298938467074487,93,59.93406095292151,215,5.809142310799004,20221,,,
5614,OK,0.3858449477351916,7.22688791059939,51,72.59025128241495,252,7.177800549781226,40986,,,
5615,OK,0.29236159169550174,5.579903541734473,71,72.97850527079284,255,5.27463185865066,31487,,,
5616,OK,0.2637086092715232,5.723181399631676,106,100.02402635366073,255,5.296859413160882,29071,,,
5617,OK,0.24376404494382023,8.192747944995007,103,54.87025893734162,238,7.810866176798041,22455,,,
5618,OK,0.13904494382022473,7.014410774410774,112,74.23978974080116,247,6.207768666378938,11585,,,
5619,OK,0.17923125,7.144041101463426,97,71.17884148245166,254,6.914727810872579,26691,,,
5621,OK,0.0177,12.682831136220967,86,65.64595846482744,223,11.469015003261578,1533,,,
5622,OK,0.008075,14.123151014791882,82,53.71481098761387,220,13.393805309734514,678,,,
5623,OK,0.28241666666666665,4.465565063440543,74,55.32147640614718,217,4.3205842620736234,31584,,,
5625,OK,0.3610754716981132,4.464492867220567,86,98.84248786778096,250,4.3214305609715336,35902,,,
5626,OK,0.0276498127340824,8.384806411558866,68,107.94570217082182,225,8.004599080183963,1667,,,
5629,OK,0.5018732590529248,3.511417299162377,52,78.59361209359112,236,3.2957783679877917,68149,,,
5630,OK,0.020720973782771535,6.530200331375207,55,70.46074241221822,246,6.029411764705882,1734,,,
5631,OK,0.19969166666666666,5.233095466622154,92,79.93106129234913,252,5.00864594160446,21166,,,
5632,OK,0.27215833333333334,4.042091511273054,49,61.46809249569694,248,3.5122360441983655,27814,,,
5633,OK,0.24841666666666667,4.980666443028067,58,76.01260302324722,246,4.847295345200148,27921,,,
5636,OK,0.13494166666666665,5.486691780398938,58,74.02575613076831,216,4.961069548351344,14436,,,
5637,OK,0.20601666666666665,10.108553784753122,114,52.61076708858988,253,9.795549229788433,22483,,,
5638,OK,0.02625,7.854814814814815,101,68.3892511767223,250,6.543709701604438,2223,,,
5640,OK,0.23279900332225914,5.621606193585215,121,66.98253780948566,245,5.422507008410092,24970,,,
5642,OK,0.3885416666666667,3.1351706881143877,70,91.12194889267462,224,2.904800903913673,43957,,,
5645,OK,0.1316,6.586731678486998,93,112.68259314703926,242,5.871416083916084,11440,,,
5647,OK,0.23685,8.338716487228204,96,67.30289298011895,254,8.154419098692989,25733,,,
5648,OK,0.1357078313253012,5.284041726778382,58,81.35649108133381,248,5.018845925549055,15724,,,
5651,OK,0.11764044943820225,5.781624747957126,85,74.65731426065057,237,5.242838805566815,9868,,,
5652,OK,0.28527153558052437,7.642520322534764,74,42.633046432517176,206,7.498589697621608,27890,,,
5653,OK,0.24025280898876405,7.12754459124154,71,63.98265981439716,250,6.9905114984162156,23467,,,
5654,OK,0.05513333333333333,7.596735187424426,51,51.24746877866366,244,7.127296332359624,5135,,,
5655,OK,0.12241197183098591,7.518409319718107,53,70.97865133976636,250,7.323951527335679,11938,,,
5656,OK,0.2567358490566038,5.066693613581245,56,67.40133610878414,235,4.904859795504319,24809,,,
5658,OK,0.19284166666666666,4.789190902150584,57,66.27363831273638,210,4.634292454294316,21478,,,
5660,OK,0.11720833333333333,6.213082118734447,85,63.454486241563224,255,5.774618715872717,10622,,,
5661,OK,0.1771816479400749,7.473973471436876,110,53.36021939756706,255,7.134487919606586,17149,,,
5662,OK,0.10171814671814672,8.83440880622509,87,72.68898512103043,250,8.520286307669485,8988,,,
5663,OK,0.0824438202247191,5.073026689381034,63,48.14484752623433,231,4.912573211919114,7797,,,
5664,OK,0.067825,4.748372035876644,47,67.54396378839215,217,4.584663445111534,6829,,,
5666,OK,0.009368131868131869,8.064841968067775,54,82.30889499000095,249,7.173076923076923,728,,,
5667,OK,0.053941666666666666,6.219424275194397,56,114.2983489977421,252,5.383039069701482,4701,,,
5671,OK,0.14017790262172283,8.29116291496894,75,76.54583700864288,255,8.06342378116038,12088,,,
5675,OK,0.095325,6.390943264271352,101,76.39661265709294,253,5.8075565382675824,8593,,,
5676,OK,0.2601591760299625,5.439565712914642,52,67.53920141745239,242,5.16057822701282,23843,,,
5677,OK,0.07826779026217229,8.094030386409857,67,80.32452264131138,255,7.894083653071858,7037,,,
5679,OK,0.09916666666666667,6.398545935228023,54,79.08579585416472,249,6.169797796891505,8836,,,
5680,OK,0.05404166666666667,15.446466204060652,114,88.73952341100295,253,14.551504954197046,5349,,,
5681,OK,0.32252747252747255,5.166704523944729,54,74.44707128052627,232,5.0587830173391675,32912,,,
5683,OK,0.18435483870967742,7.43721618131067,58,60.318219912050246,251,7.288498076833959,14386,,,
5684,OK,0.029147940074906366,7.792161901702538,56,83.19917315253278,255,6.80448533640023,1739,,,
5685,OK,0.28363475177304964,4.896261799087329,42,67.23490417378248,231,4.730587171265137,28379,,,
5686,OK,0.2493632958801498,6.0276484429758685,50,73.02784153278115,252,5.791268758526603,23456,,,
5688,OK,0.0853932584269663,7.463304093567252,103,54.161551324051324,244,7.06712200674879,8199,,,
5689,OK,0.1317322097378277,7.946643921624375,95,77.0533334771184,255,7.885966363385719,12090,,,
5690,OK,0.04530898876404495,8.971068402562512,97,97.71891213307049,255,9.05049982764564,3868,,,
5691,OK,0.21555357142857143,6.963079557065142,74,65.63728592349777,236,6.690786531212063,10434,,,
5692,OK,0.1875,6.507422222222222,101,53.30253675213675,255,6.245850738624542,20827,,,
5693,OK,0.005762195121951219,6.984126984126984,36,113.45674431599426,253,4.365765765765766,185,,,
5695,OK,0.23564606741573033,9.030449927815525,85,76.39113675433546,241,8.960368758152692,22743,,,
5696,OK,0.2394078947368421,6.387869836035541,68,51.94097612663264,240,5.991662406103748,25427,,,
5698,OK,0.08185634328358209,7.399734093067426,57,90.02238252476505,251,7.231121281464531,6555,,,
5699,OK,0.15556179775280898,6.7309899281730265,83,69.83432018273346,242,5.819572330872841,13141,,,
5701,OK,0.22875844594594594,7.416811273152422,85,52.84368395115808,230,7.3132210725637385,24645,,,
5702,OK,0.22422043010752687,3.995284338408664,43,57.43785878466567,232,3.4850279571535925,26171,,,
5703,OK,0.06820224719101124,9.830793520043931,76,70.98115378431609,255,9.759494863820564,3537,,,
5704,OK,0.15856666666666666,5.092670450564081,67,106.28694093412035,250,4.436147041827799,14998,,,
5707,OK,0.0850281954887218,5.3117055377473195,43,45.14349497875429,214,5.065137461352052,7978,,,
5708,OK,0.18839166666666668,4.015010100116483,65,71.85818967140007,255,3.3144564297800336,18912,,,
5709,OK,0.11373333333333334,4.017194216490816,57,89.13364111629306,251,3.1959700208870867,10852,,,
5710,OK,0.2373515625,5.034308723654038,52,44.490437312408446,214,4.905876044941629,27354,,,
5711,OK,0.1451486013986014,5.103362441031818,48,53.243144673381394,248,4.91961512412714,14273,,,
5712,OK,0.18946828358208956,5.907193146570823,95,66.55903125443574,255,5.555361971652057,18367,,,
5713,OK,0.14521535580524345,4.181829905216326,50,82.79728925450847,230,4.026298863717573,13993,,,
5716,OK,0.08464419475655431,8.829609144542772,75,62.06705196399346,254,8.779957537154989,7850,,,
5717,OK,0.177312734082397,6.053422752635933,44,60.13659143590969,242,5.9914615279164956,17021,,,
5718,OK,0.3158801498127341,4.630503517508497,98,51.44508923683346,222,4.386428638778011,31817,,,
5719,OK,0.3484833333333333,4.957115755575749,85,53.28948266011785,244,4.713998012942724,37241,,,
5723,OK,0.13595,5.644415839156553,62,49.56798089102354,235,4.861050792462249,13355,,,
5725,OK,0.299965564738292,3.143741629357517,76,92.16999032580713,235,2.741563248421511,39806,,,
5727,OK,0.22195833333333334,5.912270821600651,65,66.24581302772273,250,5.6017562439325745,22662,,,
5728,OK,0.05992132867132867,8.65407245319718,73,44.174537790382324,237,7.421047751506722,3595,,,
5729,OK,0.014204119850187266,6.77147879586904,59,81.3224705476351,222,5.70054856405292,1033,,,
5732,OK,0.15519166666666667,6.151658343625266,70,102.05390440303685,255,5.855594363483078,16606,,,
5735,OK,0.23843632958801497,4.107323777734145,70,68.52375975902133,252,3.618725967513195,22799,,,
5736,OK,0.07102140077821012,6.140574350545587,93,69.04421337745246,250,4.71012199142763,5055,,,
5737,OK,0.3810674157303371,4.042606516290727,59,56.67796234102851,243,3.810058154550393,37429,,,
5738,OK,0.31208984375,6.1512505997455,54,60.22878869613772,218,6.06367849153084,29204,,,
5739,OK,0.16466666666666666,5.612432523616734,55,86.0052640329875,246,5.41166277258567,17120,,,
5740,OK,0.17939138576779026,7.377281347321538,48,92.01778467460055,255,7.279420467299255,16335,,,
5744,OK,0.22355263157894736,3.199192802488859,63,40.36400206583227,181,2.9386854079380096,22197,,,
5745,OK,0.18163333333333334,7.543968312228543,76,52.15025525097416,253,7.452210722797194,20001,,,
5746,OK,0.2586,3.7007390220847296,54,47.25408011869436,236,3.411987021784861,28047,,,
5747,OK,0.22161666666666666,5.705585219723747,55,59.077757317517076,228,5.503289698660867,24369,,,
5748,OK,0.04199166666666666,6.46451015413111,42,40.897742132839255,180,5.943893260348957,2923,,,
5749,OK,0.45843333333333336,7.335005695726993,71,78.68532139266736,254,7.291825015593752,51837,,,
5751,OK,0.29585833333333333,10.259480419495066,140,75.35528283055415,252,10.078218005952381,32256,,,
5752,OK,0.1794245283018868,6.214399635452267,49,47.9728982957964,240,5.9440870655823925,16478,,,
5753,OK,0.2790074906367041,5.49634203637828,70,105.01410785867034,241,5.022634383568731,25772,,,
5757,OK,0.3120736434108527,8.41781034589828,87,96.00775182879305,253,8.366826264615662,29449,,,
5759,OK,0.3732116104868914,5.076235396439115,55,100.91770364948238,255,4.933260491063497,37524,,,
5762,OK,0.2844194756554307,7.376525327012554,57,71.62377001988904,231,7.300584420212387,28062,,,
5763,OK,0.0283364312267658,8.294741445282606,110,51.560667361702265,248,7.235318791946309,2384,,,
5764,OK,0.1439622641509434,8.79172127566623,114,87.83201087355815,255,8.50156357257265,13111,,,
5765,OK,0.10544166666666667,5.696277562633368,53,47.939883430991706,254,5.508124419684308,11488,,,
5766,OK,0.16110074626865672,5.170140899440263,58,79.25593239186034,253,5.040673271545755,15645,,,
5767,OK,0.23263125,6.589989522044007,74,57.61619929575362,240,6.523753604093868,34914,,,
5768,OK,0.4803409090909091,3.8742334079452605,56,57.068209725983614,230,3.79897348711707,51761,,,
5769,OK,0.31166666666666665,4.624536842316089,52,43.93879170407451,218,4.428669747320814,30513,,,
5770,OK,0.15075833333333333,3.9096604204668988,57,55.319948843249044,232,3.882602093822425,16684,,,
5771,OK,0.13455833333333334,4.975516607832208,46,48.50090673034642,200,4.824680950708348,14235,,,
5772,OK,0.116925,5.757893236405103,67,81.75455085921354,253,5.405112766069825,12622,,,
5773,OK,0.1421,5.26984126984127,46,59.757450363290204,228,5.103250314787545,15619,,,
5775,OK,0.112825,8.676145456336016,70,63.108759702301,250,8.36520393811533,11850,,,
5776,OK,0.10055970149253732,3.5835497835497834,45,44.555337758418034,202,3.207367981632227,9582,,,
5777,OK,0.2593935643564356,4.7521351209504274,56,67.3720024732207,249,4.529102222222222,18750,,,
5778,OK,0.1628173076923077,6.636055827870627,57,50.57179336985693,221,6.425555122711336,12835,,,
5780,OK,0.038066666666666665,5.92622591943958,57,57.77262515304826,247,5.0987341772151895,2765,,,
5781,OK,0.2253370786516854,6.990249037369456,70,107.92100788873579,255,6.909022044955631,21562,,,
5782,OK,0.3080483271375465,8.512550534001086,78,44.87235071319204,246,8.344801460205945,29037,,,
5783,OK,0.15635,5.125270937710976,43,47.949722436239355,231,5.012314149393202,16837,,,
5784,OK,0.09223782771535581,5.542212296551957,106,76.00067733206807,254,5.253870316356293,8914,,,
5788,OK,0.05031666666666667,6.626531964226565,68,61.39017099267007,228,6.064094876407489,5003,,,
5789,OK,0.10333333333333333,7.799489247311828,59,65.00217781908303,239,7.560674017317635,10702,,,
5790,OK,0.39765833333333334,7.490810788155661,68,48.41665167886443,236,7.408609152557596,44534,,,
5791,OK,0.144375,3.0841366041366043,52,56.26679003327652,251,2.7224732154382343,15494,,,
5792,OK,0.3307083333333333,5.852698332703373,79,49.17565834526552,242,5.697467175381088,37218,,,
5793,OK,0.10497191011235955,5.688133678232688,75,88.40753991916783,255,4.563166421762556,8847,,,
5794,OK,0.16558988764044943,6.4641975308641975,76,56.42993136209766,218,6.275736366287547,13716,,,
5795,OK,0.2699083333333333,6.507116613665133,87,70.52548576472513,249,6.259678546470999,28620,,,
5796,OK,0.310425,8.415013467199985,103,67.2351166378647,254,8.301878524058546,34229,,,
5797,OK,0.44045833333333334,6.436048308264749,99,68.13224613398863,247,6.27249766322614,50283,,,
5798,OK,0.23411048689138578,4.586529616446026,63,48.540504745487816,216,4.462181828723836,22996,,,
5799,OK,0.28970864661654133,6.888878075155447,91,99.83622891167714,253,6.747427568042142,28475,,,
5800,OK,0.1547940074906367,5.620312121945318,52,71.4764922231577,248,5.472653240893584,15145,,,
5801,OK,0.17590225563909775,5.523544917005058,123,61.31694493864331,255,5.166758832565284,16275,,,
5803,OK,0.3974624060150376,7.380373610782691,56,84.81034679977122,239,7.389400300102844,39542,,,
5804,OK,0.42874125874125874,4.592555591801228,58,64.38201330232178,254,4.415125845659901,46512,,,
5805,OK,0.21420411985018725,6.401742652737101,59,108.88929534613078,244,6.271057432219916,21196,,,
5806,OK,0.3961166666666667,5.249365366544649,57,61.884727550391446,191,5.239325951176763,44883,,,
5807,OK,0.02544973544973545,7.622054747054747,82,76.30061575908934,241,6.530556503926254,2929,,,
5808,OK,0.1844194756554307,6.721009341998375,105,100.85776772593681,252,6.229102586423694,17231,,,
5809,OK,0.22369166666666668,5.76381179450881,77,102.65398198739761,234,5.6233844800087995,24244,,,
5811,OK,0.06925090252707582,8.03410226334767,80,83.32885988473758,220,7.778113511607997,6619,,,
5812,OK,0.3842003367003367,4.603378393181868,103,56.207863453485885,232,4.500774041736331,43064,,,
5814,OK,0.1598689138576779,6.984967396821678,56,58.899271114281255,249,6.796586397376144,15448,,,
5815,OK,0.1452059925093633,4.119250279425673,61,82.06010384261491,246,3.590160075329567,12744,,,
5816,OK,0.4513333333333333,3.3289881831610044,48,76.21364418793034,209,3.163294298580021,51151,,,
5817,OK,0.4358687258687259,7.601647621578528,103,51.530639016266285,240,7.477013867382403,38748,,,
5818,OK,0.12120426829268292,6.275772439525427,53,78.97072513544612,228,5.352974081670706,5363,,,
5820,OK,0.12117537313432836,7.565563253784963,111,63.7517142553869,184,6.946219073063074,8609,,,
5821,OK,0.43735833333333335,6.637171401533195,60,63.898450266846375,217,6.57476401359715,49226,,,
5822,OK,0.09604323308270676,9.028117558795707,91,58.72503578322815,253,8.376313151126803,7647,,,
5823,OK,0.046275,6.3739119995197795,52,78.14810931406386,231,5.779324229691877,3808,,,
5824,OK,0.09785833333333334,5.948338016974652,53,57.191688913111086,255,5.687148372862659,9065,,,
5825,OK,0.1838,4.65280800386894,43,71.55280228157586,255,4.577636021295936,20536,,,
5826,OK,0.08476591760299626,5.19713538790088,68,46.366238009009656,239,4.573901003807546,6741,,,
5829,OK,0.12146666666666667,5.358603183315038,72,78.02387818080639,255,5.217301514456173,13074,,,
5831,OK,0.16353932584269662,7.057063246688805,53,58.31853493630645,228,6.757273956036139,14057,,,
5832,OK,0.08896455223880596,6.372618922791933,43,40.03719934878101,166,6.294654670547764,7558,,,
5833,OK,0.027675,6.063434708421158,64,66.12052154486526,253,5.563295880149813,2670,,,
5834,OK,0.1823320895522388,9.139670520822675,99,62.677139662764965,239,8.43146417445483,14980,,,
5835,OK,0.21355072463768116,6.612860536138446,82,70.83148745354588,242,6.454124223145662,27193,,,
5837,OK,0.16671666666666668,6.404878536439068,72,88.3478175357188,248,6.208155442970722,17567,,,
5839,OK,0.1453,4.142903571155464,59,71.57284232284232,253,3.6268282885565086,14107,,,
5840,OK,0.05216292134831461,5.023753963980135,50,117.32235821750685,255,4.193512570386232,4203,,,
5843,OK,0.40205833333333335,5.707138958553554,106,67.62787154079504,239,5.577069940906496,44957,,,
5846,OK,0.13909176029962547,7.864018848872433,70,96.3299363750068,255,7.538066005561677,12706,,,
5848,OK,0.297125,4.764698733230496,60,69.42598454759224,249,4.517845347205021,32296,,,
5850,OK,0.0799812734082397,6.055685631780223,52,67.92143811869433,238,5.851768472659963,6663,,,
5851,OK,0.22540262172284645,5.088979354463507,45,47.182826243749524,217,4.884941324843507,21673,,,
5854,OK,0.1793097014925373,6.685950126591059,51,45.43390014170209,210,6.519223749847914,16438,,,
5855,OK,0.18094166666666667,7.732648643669691,56,76.97798623758314,255,7.613011367503914,19588,,,
5856,OK,0.25616666666666665,4.476816308826718,60,48.70736176463266,215,4.155637656081934,21383,,,
5857,OK,0.27553333333333335,6.873780143559965,59,78.13039860740469,250,6.8508124711366,31037,,,
5859,OK,0.06609550561797753,6.964206450394296,61,120.38782780735438,255,5.771015672705068,4913,,,
5863,OK,0.18030833333333332,5.203909969034524,69,62.30336271429975,247,4.806806232673741,17435,,,
5864,OK,0.3389,5.28450706534212,43,48.243378039967055,189,5.150638597250785,36956,,,
5865,OK,0.27491666666666664,7.397645751237749,97,90.3492089031912,255,6.546103015185331,22851,,,
5866,OK,0.16139166666666666,6.4241062976540855,44,61.5791937038546,220,6.200683294823943,16879,,,
5868,OK,0.154182156133829,4.533353425758489,40,86.73779071896861,233,4.362989165498676,14983,,,
5870,OK,0.20102861035422342,7.096551568341749,47,70.2983257878687,255,7.078868887212102,27831,,,
5873,OK,0.1768,4.928465937657114,111,57.82548118453731,241,4.560249870629113,18036,,,
5875,OK,0.239025,7.6468523748097015,62,76.89425481199193,228,7.50582831113329,26051,,,
5878,OK,0.053775,6.1373521359574355,54,82.03169906147528,244,5.277086516772175,4581,,,
5880,OK,0.17592911877394635,5.315529663708463,47,104.36286076273058,240,5.069174806061337,16586,,,
5882,OK,0.2597583643122677,6.135980918306499,47,45.059552207574804,247,5.957422923169596,24348,,,
5883,OK,0.011979553903345725,9.252392035169382,54,63.91240479975418,225,7.368378158109209,409,,,
5884,OK,0.015674157303370788,7.509956192751892,48,44.399834484333084,221,5.983246678220682,577,,,
5885,OK,0.008904494382022472,6.4938661058534874,45,37.62724573055327,181,4.970391595033429,349,,,
5886,OK,0.0893625,6.474658460390731,66,48.43015424176287,235,6.345921203204185,12234,,,
5887,OK,0.1499,7.32803350381736,77,56.45315583787528,218,7.047305469694933,14882,,,
5889,OK,0.09527153558052434,5.894217854217854,122,69.2851608451919,249,5.415377563882204,8727,,,
5890,OK,0.07011666666666666,6.3613025909198955,51,73.83264328261012,255,6.191019276354041,7453,,,
5891,OK,0.06968023255813953,6.930329578639967,57,58.133286983511965,241,6.551424275671502,8203,,,
5892,OK,0.31662241887905607,4.386748652971227,96,90.29680429355606,231,4.203480925232941,39817,,,
5896,OK,0.39000833333333335,6.930727975897951,92,83.02847488809046,250,6.801328373650501,42207,,,
5897,OK,0.12429511278195489,9.028909892879646,93,99.69629192379931,255,8.974001857010213,11488,,,
5898,OK,0.03836666666666667,7.07645525629887,71,75.0733705385513,240,6.088076348166034,2899,,,
5899,OK,0.18932584269662922,6.737157929442796,74,111.93405328405328,254,6.642503670672685,18389,,,
5900,OK,0.19027153558052434,4.878565687384151,41,47.53711305634894,255,4.395419946652788,15371,,,
5901,OK,0.2211867088607595,6.087202231919307,101,99.60621821309333,255,5.679551702262635,23645,,,
5902,OK,0.4401333333333333,6.928146773704938,107,57.547813963642135,255,6.869488431554738,50583,,,
5903,OK,0.2055390625,4.793442041380009,56,42.77740737462837,217,4.655652491535663,23727,,,
5904,OK,0.1363611111111111,7.031484122133949,103,54.74447768021471,241,6.626187717265354,12945,,,
5907,OK,0.20949166666666666,6.936115199490831,72,51.02092184002558,176,6.851662704352675,22714,,,
5909,OK,0.09210833333333333,8.143339666455562,93,89.48666171012816,255,8.1171677916411,9778,,,
5910,OK,0.2446141975308642,6.163459718629739,89,64.03135235993926,255,5.634985315712188,27240,,,
5913,OK,0.35775961538461537,5.604465109611991,88,42.35064552672685,215,5.342457455467848,35218,,,
5916,OK,0.11828333333333334,6.5584049598421865,46,45.78062050671355,231,6.397001473264581,11539,,,
5917,OK,0.1613,5.948215884824688,44,61.39658598624856,240,5.680013627527606,16633,,,
5919,OK,0.2255921052631579,5.061395103389854,46,67.90462031384638,249,4.874744617318875,21210,,,
5921,OK,0.04931647940074906,4.451110689196886,51,58.172121379256005,254,3.85941929058454,4351,,,
5922,OK,0.17979166666666666,6.983252220934724,83,68.29726187452376,255,6.890555985219558,19395,,,
5924,OK,0.16796875,6.223451652386781,54,60.36171979243884,244,6.136549259826442,18284,,,
5927,OK,0.2108614232209738,5.265349319123742,87,97.30098481252966,248,4.819475655430711,18690,,,
5928,OK,0.072125,8.698247641055266,95,82.02593740176927,255,8.000118056785313,5647,,,
5932,OK,0.23395,6.140628339388758,65,46.709434762743946,251,5.946191069514068,34511,,,
5933,OK,0.1916625,7.535435552946804,70,57.30802160813604,255,7.427083333333333,27936,,,
5935,OK,0.15028052805280528,6.507924307309396,105,77.91850024922482,255,6.300101071356377,16490,,,
5936,OK,0.1035125,5.9054462021494984,64,75.06917506750884,254,5.601540154015401,15150,,,
5937,OK,0.27775306748466255,7.172450923548414,73,83.69924577851867,255,6.917893710385178,30765,,,
5938,OK,0.0873314606741573,7.661841964189986,107,58.58946580078586,250,7.309273119370798,7883,,,
5939,OK,0.05044166666666667,6.267085191915855,52,69.54284009232363,250,6.109872509449676,5203,,,
5941,OK,0.32449850299401195,5.945286370032062,98,45.7938177076985,239,5.971099620128186,39838,,,
5943,OK,0.07333,7.7717623528342195,62,52.69785720195251,225,7.614439573523841,6159,,,
5944,OK,0.01686329588014981,9.600962428280585,96,54.1028549478249,187,8.886874546773024,1379,,,
5945,OK,0.11759166666666666,6.8918810384333735,73,68.70801184888579,246,6.730821643286573,12475,,,
5946,OK,0.150187265917603,9.299729842061513,62,96.25824518877626,252,9.261247040252565,13937,,,
5947,OK,0.32713333333333333,5.293330955777461,97,76.48690924403051,250,5.025326555678079,37181,,,
5949,OK,0.3288916666666667,4.43753853430292,58,50.38493122901999,186,4.2931474839691335,36804,,,
5950,OK,0.2183614232209738,5.563640781555965,49,50.21993555265396,203,5.453585202676112,21175,,,
5954,OK,0.29273320895522387,7.295284832648205,77,76.07630453228522,255,7.2527985291721935,28646,,,
5955,OK,0.14738333333333334,7.279675072562102,96,86.27443295476019,255,6.798057679748888,15823,,,
5956,OK,0.2889325842696629,5.247294056646575,57,49.34533371959302,207,4.838418250182956,26418,,,
5957,OK,0.2455383211678832,6.907621418750697,73,84.43555168563331,255,6.757697674103575,24607,,,
5958,OK,0.19914166666666666,6.951235162014758,52,61.05036610026048,245,6.854750007856447,21214,,,
5959,OK,0.42736963190184046,5.957879500200375,122,82.32756581091276,253,5.901265664160401,53200,,,
5960,OK,0.3425374531835206,3.898386317870778,73,104.0752951564436,255,3.543794206975275,32706,,,
5962,OK,0.26779026217228463,4.942808857808858,42,66.91901108269394,231,4.715955840233297,25604,,,
5964,OK,0.10196666666666666,8.789655297664451,75,78.12670485711575,236,8.558221410874951,7669,,,
5965,OK,0.2892164179104478,5.763191846213392,44,75.56562461721525,246,5.69156439554239,28356,,,
5966,OK,0.04250922509225092,6.323423032407407,52,41.71585478649607,212,5.415296953758492,3042,,,
5967,OK,0.13733271375464684,7.557826351762874,76,48.15183377682974,243,7.112399180476672,12853,,,
5968,OK,0.0826917808219178,7.975427261934344,114,94.85225035529305,255,7.534399498275321,10630,,,
5969,OK,0.17720219435736678,6.9729040437545144,79,53.74957058993482,243,6.725277351083803,19530,,,
5970,OK,0.18912052117263844,6.5325525318635895,65,52.966307142283284,221,6.33818982479153,21346,,,
5972,OK,0.02775,5.868696282489386,52,76.67941408570593,243,4.551255940257977,1964,,,
5974,OK,0.2691884328358209,8.808411592796665,106,117.48370201124116,238,8.56006181497065,25668,,,
5975,OK,0.11164612676056337,7.181318825724723,63,53.27378274555658,238,6.750928600907965,9692,,,
5976,OK,0.09225833333333333,7.4608737542528525,62,85.29668560866864,254,7.2041528468767275,9648,,,
5977,OK,0.36595,2.9059753153891696,63,44.27066740267592,223,2.686420293024273,41157,,,
5979,OK,0.1815068493150685,7.388317610062893,108,57.542653417015345,223,7.077964205816555,17880,,,
5980,OK,0.11111423220973783,7.093003005533553,105,57.31038381454991,253,6.786364667379541,10287,,,
5985,OK,0.31585625,8.085363199240161,69,64.63053878174969,255,7.986834944953745,47778,,,
5986,OK,0.1287,4.914896831563499,52,78.24148781514212,246,4.5465649616113275,13372,,,
5989,OK,0.04971183800623053,9.461799571779204,73,78.19281466243775,255,9.023296483667478,5337,,,
5990,OK,0.2858125,6.547875209563379,76,69.57622589772761,255,6.699116136677859,40504,,,
5991,OK,0.16153333333333333,3.7908928325766955,51,51.45174723701996,212,3.4755768654480073,16685,,,
5992,OK,0.03751666666666666,7.733747963867911,53,68.53910313021294,253,6.307320997586484,2486,,,
5993,OK,0.34825833333333334,5.950523637465802,66,67.87402984311268,255,5.859445715738622,39330,,,
5995,OK,0.190374531835206,5.673585153124795,91,45.65629288677121,238,5.502478078536027,18361,,,
5996,OK,0.288525,5.095812995215127,78,58.493079713115556,237,4.227581920903955,29500,,,
5997,OK,0.22167592592592592,5.378778385753868,78,72.71443866807837,254,5.123309897241752,22188,,,
5998,OK,0.061475,8.182684921603181,90,92.6101506797013,252,7.689999387592627,5443,,,
5999,OK,0.18653333333333333,5.931483797950917,54,66.05477585641698,250,5.802106099741705,20132,,,
6000,OK,0.0763,7.60881753312946,61,56.91460671454176,252,7.327907677733282,7741,,,
6001,OK,0.16076415094339622,6.204487217103847,65,114.52387054710597,254,6.0019637978142075,15616,,,
6002,OK,0.16021028037383178,6.570722538201028,48,54.96582861135069,248,6.458443307298681,18565,,,
6003,OK,0.43710490463215257,3.5343660552412715,101,98.61554907442144,255,3.1681364977606528,60211,,,
6006,OK,0.14084166666666667,6.741001518647812,49,79.68597820218108,247,6.59284981109,15263,,,
6007,OK,0.0902059925093633,7.416545567780776,93,105.47587290478837,253,6.713621691413815,7745,,,
6008,OK,0.14883895131086142,6.65848850863949,51,87.43419431488164,254,6.735632984901278,14350,,,
6009,OK,0.15622659176029963,6.6027170112875835,66,81.22468327507444,250,6.152298215907138,13583,,,
6010,OK,0.25656666666666667,4.220850836545263,77,43.64700314357311,241,3.8524851267156976,21347,,,
6011,OK,0.062332089552238804,8.531976454155442,110,74.91068266380151,249,6.931751880853677,4342,,,
6012,OK,0.2886415094339623,11.411764065019392,97,38.75559209944654,223,11.009365966467527,25945,,,
6013,OK,0.18746363636363636,7.330957114915216,55,78.97878323394384,244,7.128106160858697,18136,,,
6014,OK,0.35773636363636363,3.882916994909066,141,65.85266127852718,255,3.5118960980798297,35726,,,
6016,OK,0.19586666666666666,2.8712843203993645,68,58.4079581882496,249,2.6322569901751516,22019,,,
6017,OK,0.05261904761904762,6.985419808949221,65,101.30263047666918,255,5.423637759017652,2606,,,
6019,OK,0.15557116104868915,5.459624836994683,67,84.04223170889468,244,5.26787813036796,14748,,,
6020,OK,0.178296875,5.402959133000321,100,96.24123866207762,253,4.903983398289214,19757,,,
6021,OK,0.23931818181818182,4.475875804579508,53,51.647922683663644,204,4.2043931335668265,23127,,,
6022,OK,0.23820833333333333,7.856323246457933,69,62.17752374701453,250,7.821246792281627,23511,,,
6023,OK,0.14080882352941176,8.546845082680592,144,74.96142490372272,247,7.9170874170874175,13468,,,
6024,OK,0.29058052434456927,5.821722411978261,82,57.33661096886026,253,5.665763261524207,28780,,,
6027,OK,0.2558828671328671,5.306676231794942,86,108.8791531084928,242,4.665059918323626,24895,,,
6028,OK,0.17654255319148937,11.12509792106056,113,125.66516805546584,244,11.076903435468894,14360,,,
6030,OK,0.050091666666666666,7.920479121610381,74,132.22715642152605,253,6.780012376237623,3232,,,
6031,OK,0.1011,7.252225519287834,74,82.29768482466224,237,6.368500696083772,5507,,,
6033,OK,0.2759712230215827,3.6772462634688914,52,49.11549417064123,185,3.51744636857069,27083,,,
6035,OK,0.29744166666666666,7.232697354289823,73,43.40149691010237,231,7.19479035992208,32683,,,
6036,OK,0.41570224719101123,6.369499440652897,102,58.78342921547575,247,6.270894461293159,40557,,,
6037,OK,0.15709888059701493,6.564990202482038,52,50.84277530000701,229,6.481821923446289,14578,,,
6038,OK,0.15154255319148935,7.2266292266292265,53,69.78178588594237,255,7.154023530644865,12721,,,
6039,OK,0.1749812734082397,3.8333868436073057,40,38.29869938260396,193,3.7410387994712697,17148,,,
6040,OK,0.09590823970037453,4.373197956327899,45,52.51823965809487,239,4.2186570952070195,9194,,,
6041,OK,0.102525,7.233479639112412,91,72.06036844108935,255,7.058348503944359,14282,,,
6043,OK,0.06945,7.851331893448524,68,56.527883748559695,250,7.088892531279026,6101,,,
6044,OK,0.1506554307116105,7.100041433602652,126,75.43537647447911,254,6.599289099526066,12660,,,
6045,OK,0.18099367088607596,6.027636931612873,100,94.41751221635768,255,5.584830491270808,26272,,,
6047,OK,0.2447378277153558,3.80915397760604,47,76.21869446992801,253,3.622223161334855,23663,,,
6049,OK,0.08145,10.163003887865766,133,91.74636111262316,255,10.037173144876325,7075,,,
6050,OK,0.09260261194029851,4.365165709680669,37,43.9183603535068,197,4.1746892916233795,8663,,,
6051,OK,0.2050982142857143,7.02979118598813,80,49.966939611437475,232,6.886845552913775,20609,,,
6053,OK,0.149425,6.239566486345807,81,105.50058293899225,255,6.1916610071824,16197,,,
6055,OK,0.22368913857677902,7.728854471885029,65,73.86057572468138,227,7.45992731146411,21278,,,
6056,OK,0.05462825278810409,6.144493591924691,90,80.75986512258902,247,5.53008700738466,4559,,,
6057,OK,0.051508333333333337,5.436391090977727,80,73.76785071033835,255,4.7163907700025085,5316,,,
6058,OK,0.2392,6.979909884801189,75,68.66362892861315,226,6.90456082142543,26523,,,
6059,OK,0.551322033898305,5.833087391375635,56,53.358611614787954,254,5.730711769773503,61134,,,
6060,OK,0.37233076923076924,3.589818812883499,51,47.47536878398307,226,3.4143788193503717,44292,,,
6061,OK,0.09124531835205993,3.9416794937574826,35,36.45099514021259,155,3.262654097171864,6895,,,
6062,OK,0.1147378277153558,6.300310102823568,73,56.65746479667745,251,5.835272205428842,10917,,,
6063,OK,0.22696700507614212,5.90059640294474,92,90.35049932966702,255,5.5069427552096,32888,,,
6064,OK,0.18720037453183522,5.915537104653295,56,84.26460231701745,226,5.699710815500289,17290,,,
6065,OK,0.08867294520547946,6.52547391458273,91,53.834155369540504,233,6.165219378427788,8752,,,
6067,OK,0.26437030075187967,4.687736262694491,68,49.91732570172861,195,4.551262714158642,25857,,,
6069,OK,0.20633333333333334,6.757135164243404,49,71.39104717905641,248,6.676636150860665,22502,,,
6070,OK,0.012207446808510639,9.397724521907529,68,87.28523434718744,254,8.591145833333334,640,,,
6072,OK,0.18196629213483145,6.886710575966519,45,57.19730024647269,223,6.803274934157792,17466,,,
6073,OK,0.19076779026217228,6.970812473413828,49,66.41047061455272,205,6.722493127044328,16611,,,
6074,OK,0.10632022471910112,12.699574343167473,125,87.27416836921788,253,12.494466726084374,8976,,,
6075,OK,0.220025,5.652028178616066,48,43.12443774907315,246,5.488142089943836,32524,,,
6077,OK,0.08509166666666666,6.604870564423988,55,58.42450215109589,205,6.368615060558189,8862,,,
6078,OK,0.25701666666666667,7.82651362860169,71,55.053930475485465,218,7.778642317440015,28146,,,
6079,OK,0.06453333333333333,6.280001721763085,72,43.6039261450019,213,5.904096977136719,6517,,,
6081,OK,0.442675,4.926984306269334,43,55.361349103106605,211,4.908194945371434,50462,,,
6083,OK,0.26695,3.2320451187280184,47,78.16372234727054,229,2.8717480765789944,27945,,,
6084,OK,0.35710833333333336,5.27440319230859,65,58.51544454094132,240,5.08442009222988,40334,,,
6085,OK,0.031151685393258428,6.095080653241158,82,111.68165286274358,255,5.485366485366486,2574,,,
6088,OK,0.269925,8.574194992436171,81,63.82212729285804,255,8.533279538341159,40896,,,
6089,OK,0.18120786516853932,3.968721472984378,52,51.24207805870985,233,3.770691967413279,16653,,,
6090,OK,0.24884328358208954,6.296583695706503,81,60.653138608779166,228,6.052722673412329,22533,,,
6091,OK,0.06680970149253732,9.664758447361072,91,58.67771246926168,252,9.632628918642792,6199,,,
6095,OK,0.24089566929133857,9.117848144364999,78,64.82045164775796,249,9.02525161484152,22190,,,
6098,OK,0.03204119850187266,4.054354178842782,55,64.70687186828918,222,3.4090524534686972,2364,,,
6100,OK,0.10834888059701493,6.993858516286411,73,55.8928632456278,207,6.808818657655867,10062,,,
6101,OK,0.19360833333333333,7.352731029139586,127,107.49218914161509,255,7.0613232751846615,21210,,,
6103,OK,0.11399166666666667,5.672198260106733,62,98.87289121308741,252,5.557891332470892,12368,,,
6104,OK,0.05462406015037594,5.807295251204405,80,81.07276547235588,238,5.61542155450367,4859,,,
6105,OK,0.03530075187969925,5.489971600993965,57,97.60855318706727,244,4.97779933182455,3093,,,
6106,OK,0.2998250728862974,5.54525638532348,106,81.59672718187875,253,5.087920572632803,36696,,,
6107,OK,0.024911764705882352,6.426210153482881,39,43.85293102350382,201,5.927137119908204,1743,,,
6108,OK,0.2192481203007519,8.150777320530407,122,63.26079786209553,254,8.037683723673387,21477,,,
6109,OK,0.2275936329588015,6.184939866430795,58,53.51931679051556,249,6.097049053343463,22377,,,
6110,OK,0.07104166666666667,5.519726295210166,66,49.01352470658593,232,5.095961810122266,6843,,,
6111,OK,0.3002111111111111,5.989809640129785,86,64.56741451125471,250,5.845480180033621,24588,,,
6113,OK,0.3600888888888889,5.839525220110261,69,81.90892832337825,255,5.75231266321427,30124,,,
6114,OK,0.151275,6.539782221487725,46,57.068861462127835,236,6.489815309697725,16839,,,
6116,OK,0.1722159090909091,6.19692803988416,45,57.562983808848315,238,6.028750852694515,16614,,,
6117,OK,0.29978333333333335,5.189081002946573,99,69.16216409206675,251,4.910155816090561,33009,,,
6118,OK,0.15794166666666667,7.416926080303909,81,115.64521460310549,255,7.214872013133094,16447,,,
6119,OK,0.40019166666666667,6.247194052849676,74,74.97252363023374,249,6.128711352462474,43459,,,
6120,OK,0.3442134831460674,7.12938178916635,130,61.739117812235264,239,6.93019124046792,33396,,,
6121,OK,0.44774166666666665,4.601400857389244,88,48.917616051264254,176,4.55427581019654,50965,,,
6122,OK,0.2932,6.545532060027285,65,70.49996069923914,243,6.189099272571673,31160,,,
6123,OK,0.03236666666666667,7.325351870923447,51,38.95739031083858,253,7.044931006956324,2923,,,
6124,OK,0.016764705882352942,6.876169590643275,48,38.388957024628574,201,5.918229557389347,1333,,,
6125,OK,0.00775,8.5663082437276,50,76.65061728395062,255,7.562542258282623,493,,,
6126,OK,0.14256554307116104,4.947545864529971,38,54.72427763338939,230,4.8008114809527385,13309,,,
6127,OK,0.22991573033707866,7.9784565261657505,54,59.12157172675137,252,7.872526059604169,21777,,,
6128,OK,0.12381529850746269,9.521886536578016,111,145.4803340182624,255,9.009803921568627,11526,,,
6130,OK,0.14848314606741572,7.867406566612015,110,58.22086604649117,218,7.397906862400787,14237,,,
6131,OK,0.24959375,8.133362547472977,65,56.26688321603576,240,8.078590603273017,29677,,,
6132,OK,0.28055833333333335,4.673270561677607,51,85.81368653933026,255,4.295735251380413,27528,,,
6133,OK,0.06171666666666667,12.010081915563957,108,105.18970815496385,254,11.939191290824262,6430,,,
6134,OK,0.127725,7.086318261890781,55,64.20294631853487,242,6.864286767959876,13558,,,
6135,OK,0.05653917910447761,4.15030523016004,53,49.135348381929816,233,3.5049665517940403,4933,,,
6136,OK,0.30833333333333335,4.542333333333334,67,52.9419156626506,252,4.2200706976017495,34136,,,
6137,OK,0.1238,5.764606892837911,85,60.51239886885288,222,5.461392273247943,12804,,,
6138,OK,0.15304166666666666,5.328686813685453,50,73.87725357078435,244,4.629634653644421,14744,,,
6139,OK,0.2708458646616541,4.941321396349504,40,56.94764679092229,238,4.963704013060481,26339,,,
6140,OK,0.15449626865671642,10.152296421527192,106,71.17184477445075,245,9.957973167657123,14808,,,
6143,OK,0.14429775280898877,9.066337897173016,93,64.88291807547954,251,8.622322027773476,12914,,,
6144,OK,0.3141470588235294,7.469483714591851,93,75.7372052355971,255,7.304019167819661,29633,,,
6146,OK,0.2247191011235955,7.821819444444444,159,53.73471014492753,255,7.176235928743318,20639,,,
6147,OK,0.22988333333333333,6.054097489064501,81,62.108847144372064,254,5.699258011115052,22552,,,
6148,OK,0.3222583333333333,6.576202666942498,83,63.118092357379695,249,6.358473824312334,33810,,,
6149,OK,0.3719176706827309,5.955574152561438,132,81.46249020892945,255,5.884216834860612,34484,,,
6150,OK,0.22334166666666666,5.296630722734227,133,64.06782976927506,248,4.943751742819583,25103,,,
6151,OK,0.24995847176079733,7.05066179321039,77,81.13100418950593,254,6.89913049831945,27372,,,
6152,OK,0.11625468164794008,4.965984750859106,122,71.26782081708764,248,4.661792169151394,10531,,,
6153,OK,0.277425,5.901514923953421,102,76.10029716253983,236,5.288325329095118,28943,,,
6154,OK,0.20704626334519574,6.91653775638822,58,54.096116446758224,227,6.745455142088337,20316,,,
6155,OK,0.3096052631578947,4.921721004593933,63,48.18091063374082,213,4.778265714098446,30514,,,
6156,OK,0.13689138576779025,5.723461012311901,105,89.73501844217834,255,4.931119311193112,11653,,,
6157,OK,0.24328333333333332,6.01846269781462,68,95.92676695372552,249,5.878065854620897,26189,,,
6158,OK,0.29830786026200873,5.534321439463251,80,66.63689355633346,247,5.45981049717875,25048,,,
6159,OK,0.007675,8.182772348896128,47,55.55193331037938,224,7.116630669546436,463,,,
6160,OK,0.16300833333333334,6.610006305062795,41,68.71477546902432,198,6.5661032603675995,18045,,,
6161,OK,0.029427480916030535,8.943579766536965,55,61.3566203940383,227,8.179828453120379,1127,,,
6162,OK,0.15668333333333334,5.90997411622877,65,43.91387840339401,242,5.446830017790717,16488,,,
6163,OK,0.05478902953586498,7.00558336542164,62,60.11318066498523,219,6.15782000873744,3052,,,
6164,OK,0.12022471910112359,3.0783748701973,52,57.748896693628495,208,2.6035638835308164,10887,,,
6165,OK,0.1223502994011976,5.529385374607448,60,38.90497552322309,249,5.477847812185987,14596,,,
6168,OK,0.14417293233082706,8.143763581051717,79,53.75953949776704,230,8.08611174690369,13107,,,
6169,OK,0.2828007518796993,7.16070676858314,105,58.71310444240598,234,7.014816171979969,27290,,,
6173,OK,0.21873595505617976,3.1377224148509626,34,67.35121865474578,228,3.0125858828604,21638,,,
6176,OK,0.18342696629213484,5.4648119789008,52,91.07489584527768,251,5.29154607192176,17621,,,
6179,OK,0.18701666666666666,5.3632029230906335,61,63.78992325932607,239,4.680780966286666,17807,,,
6180,OK,0.23915625,7.172710048347054,57,47.05108089976862,253,7.095147657065147,28433,,,
6182,OK,0.1390159574468085,5.482941138957974,56,57.517022072577625,239,5.209439313504473,13751,,,
6183,OK,0.012933333333333333,5.591709621993127,36,117.64158955828718,253,4.623045267489712,810,,,
6184,OK,0.1278183520599251,6.000195345884307,46,100.3233314367304,253,5.89404255319149,11750,,,
6185,OK,0.18170411985018728,5.908361675083308,46,55.115309212684316,239,5.617968850559918,15538,,,
6189,OK,0.30865168539325843,6.750202240828378,73,55.957166332592955,248,6.602041302999952,27956,,,
6192,OK,0.07323333333333333,5.674556213017752,71,74.38343883753552,234,5.409847152712025,7393,,,
6194,OK,0.34775083612040136,4.96298077308392,56,65.8528289470873,254,4.863149651873415,39162,,,
6195,OK,0.023758333333333333,6.894072255349,61,77.39721209741441,247,6.27685546875,2048,,,
6196,OK,0.05431494661921708,4.757848757848758,43,77.76920519936654,249,4.363236587510994,5306,,,
6199,OK,0.033642322097378274,6.369236478337508,42,109.21992048342975,248,6.025487056311716,2498,,,
6201,OK,0.253871473354232,8.245467267600995,101,112.05705172643181,255,8.07942017595564,30538,,,
6202,OK,0.125925,4.666159309994926,54,50.3237899112395,200,4.439344825892638,13574,,,
6203,OK,0.1538404255319149,5.954083396722218,52,57.96242514154482,223,5.737672745114073,12229,,,
6204,OK,0.23745833333333333,5.027174358074516,66,82.21294646922755,255,4.843621554832691,26438,,,
6205,OK,0.4348464912280702,5.069017880657398,80,47.281643018207376,219,4.986744249902145,57057,,,
6206,OK,0.09780833333333333,12.928374655647383,132,59.875245159164876,249,12.549827532141737,10630,,,
6208,OK,0.03643333333333333,11.470671952831148,91,96.72650223129345,255,10.473129798250312,1867,,,
6209,OK,0.07850746268656716,5.96015525982256,59,60.39126781665047,254,5.651725560291489,7273,,,
6210,OK,0.1942,6.639689895869092,73,82.68903229364882,246,6.480968107043738,21499,,,
6211,OK,0.29330524344569286,4.916052141527002,109,80.6826322181738,245,4.5149285633929575,29630,,,
6212,OK,0.09593632958801498,5.551955234563081,71,104.74447114222784,242,4.700480118182937,8123,,,
6213,OK,0.14722846441947565,6.167875010599508,60,64.10939215600158,251,5.946062098604472,13806,,,
6214,OK,0.15629166666666666,7.297182973429308,120,147.03371359902548,254,7.174200101574403,15752,,,
6215,OK,0.11788205980066445,6.315272787054651,44,75.26180006967526,253,6.208686413226567,12863,,,
6216,OK,0.24479166666666666,9.08687659574468,68,61.917366436781606,224,9.07836149889787,27220,,,
6217,OK,0.26469370860927155,6.3615949960906955,61,41.59419082465522,234,6.2780194237319344,28968,,,
6218,OK,0.3434200743494424,6.322373168795554,93,67.98587362699581,240,6.161516359798288,34108,,,
6219,OK,0.094725,7.344007507111228,79,91.56736596307445,241,7.016533703318303,8649,,,
6220,OK,0.180075,6.963302327733815,110,77.03223194533375,255,6.700086490226604,19270,,,
6221,OK,0.13998888888888888,6.577717808291664,89,61.4922718483396,255,6.310708225417523,11197,,,
6222,OK,0.22707317073170732,4.557572502685285,57,63.02574418849269,235,4.361643455144229,16802,,,
6223,OK,0.1865888888888889,7.435459219119077,100,77.10784032492339,255,7.159375069153998,15063,,,
6224,OK,0.22668627450980391,6.244788513104402,118,72.3227177835814,230,6.040338914915658,21559,,,
6225,OK,0.18170833333333333,4.395337460827028,64,57.65775243138653,248,4.08270942848546,18833,,,
6226,OK,0.3132916666666667,4.387923926053997,81,84.80105576117954,243,4.032040072319867,33739,,,
6228,OK,0.13916666666666666,6.888156271726211,118,95.92384640206518,254,6.16156202143951,10448,,,
6230,OK,0.17624067164179105,5.218158400818646,77,104.71286157005297,252,4.7880379021063435,16569,,,
6231,OK,0.16819166666666666,5.184775966572528,62,70.32243672587502,247,4.734450265799221,17369,,,
6232,OK,0.12096666666666667,8.040185542390006,66,50.890846005081336,232,7.935443964755485,13203,,,
6233,OK,0.2547191011235955,6.35598931529677,114,82.91472770826005,252,6.18610231308187,24311,,,
6234,OK,0.29597744360902256,6.512172403573394,67,53.73227158647941,242,6.371042333689078,28110,,,
6235,OK,0.2666479400749064,7.255717864082215,49,47.17354000153214,236,7.201708170665453,26383,,,
6238,OK,0.09204119850187266,9.836893862326212,102,124.51017840569249,253,9.306261243473301,7597,,,
6241,OK,0.2803833333333333,7.240831005171492,53,67.06634319197721,254,7.189846350550008,30242,,,
6242,OK,0.15338951310861423,7.2126317502950394,56,66.56769669756022,246,6.908234841933314,13876,,,
6243,OK,0.19118279569892474,7.509451943507061,55,73.1364035865166,240,7.3776060094714495,18371,,,
6245,OK,0.08745019920318725,8.997835990888383,104,63.94760969220694,249,8.536509675063892,7304,,,
6254,OK,0.05816479400749064,8.77897617514488,86,58.55132156254557,235,7.925950388962278,4542,,,
6255,OK,0.3818006993006993,7.679419082070303,51,43.87978752486261,210,7.674998583007425,41167,,,
6256,OK,0.10626404494382022,5.012570857931682,53,70.8754055309356,235,4.561253561253562,9711,,,
6259,OK,0.20597359735973597,6.90738663675693,69,55.03545104396137,240,6.670622778550456,21570,,,
6260,OK,0.33519662921348314,6.632783038632364,82,66.20151359370526,253,6.410084473575578,33107,,,
6261,OK,0.1912,3.5744275918177593,46,55.42320584679635,248,3.2295354894009822,20222,,,
6262,OK,0.43359166666666665,3.361809946634378,50,44.242473284389455,252,3.2311170854444557,48355,,,
6263,OK,0.35084166666666666,3.903802760029453,54,56.936195158688385,254,3.7599422652402783,39260,,,
6264,OK,0.2798,4.878474704153761,75,50.58263522478324,238,4.458268672829094,29642,,,
6265,OK,0.20603333333333335,4.978698161031117,69,43.92238339141022,240,4.693166651837352,22478,,,
6266,OK,0.23269166666666666,5.19737611765689,85,47.70871480753427,218,4.9547809209059555,25417,,,
6267,OK,0.0600374531835206,8.361509669369932,109,73.41794171946182,255,6.80794701986755,4681,,,
6268,OK,0.15682522123893805,5.1119418776892145,40,61.979301960475624,250,4.949955666823136,12782,,,
6269,OK,0.21251666666666666,4.3138446657778475,49,69.5834797209112,253,4.06961715601612,23160,,,
6270,OK,0.19355,4.70777002784236,49,49.73056468335159,244,4.336798001772621,20685,,,
6271,OK,0.043174157303370785,5.975348803585629,64,65.71784308161021,229,4.627102912170786,2873,,,
6272,OK,0.20407936507936508,6.032096652925773,71,64.14543405859243,249,5.580753273980895,22577,,,
6274,OK,0.0975187265917603,5.7420707313170105,122,68.18602479638948,244,5.446606284244661,8943,,,
6275,OK,0.13843283582089552,9.83820754716981,142,49.24863216399596,254,9.134501061571125,12560,,,
6276,OK,0.103,5.645388349514563,116,39.17826396630745,226,5.037328812657892,10028,,,
6278,OK,0.46848314606741576,4.657246405777404,40,54.9691893034563,223,4.557023291203449,47314,,,
6279,OK,0.08635767790262172,6.403339477393473,86,57.0263415900605,236,5.258348363119637,6099,,,
6283,OK,0.26157303370786517,4.385309278350515,38,74.23193514573612,240,4.244146852509793,25613,,,
6285,OK,0.22815298507462686,8.864257093793443,125,76.88347312529712,255,8.566692425413276,21999,,,
6286,OK,0.2618380062305296,5.854709498314495,97,61.51642399943729,255,5.584722791672361,29268,,,
6288,OK,0.4921170520231214,3.452725288385774,44,44.23621800799533,200,3.429526906792661,65188,,,
6289,OK,0.08653333333333334,5.6762326656394455,57,68.74496119787865,232,5.101887290484361,7577,,,
6291,OK,0.19609665427509293,5.987962085308057,53,54.88353371868979,228,5.887533945652362,19271,,,
6292,OK,0.043455056179775284,7.209796739208504,147,150.38940279368435,255,6.282837127845885,3426,,,
6293,OK,0.20589166666666667,4.450897856208092,46,62.78454870767003,228,4.151235564576894,21677,,,
6295,OK,0.247775,10.044888395609815,87,53.70436593661028,246,9.986218241637726,27355,,,
6296,OK,0.19175,5.247776329132261,50,79.41596728185036,247,5.175005506781208,21186,,,
6298,OK,0.32511666666666666,5.9778113839476426,57,74.06796647980309,252,5.8917463457522805,36396,,,
6300,OK,0.024391385767790263,7.175559820857326,62,88.57660796263416,233,6.294865189764726,1941,,,
6301,OK,0.196859375,7.270418287165648,54,42.815934190644796,204,7.237169260840196,23193,,,
6302,OK,0.13429375,10.954546159693457,108,74.1561490016581,255,10.903731737670263,19553,,,
6303,OK,0.22055833333333333,5.567826601680079,107,69.23876777893007,255,5.295468578024751,24834,,,
6304,OK,0.19653333333333334,6.050952623247399,55,59.875238549618324,231,5.9389446613373,21516,,,
6305,OK,0.3265,4.999931938063638,76,102.52223871978883,248,4.766088631984585,36330,,,
6306,OK,0.445814606741573,4.256967634889631,81,78.78717736439872,223,4.095625156454772,45274,,,
6307,OK,0.13008333333333333,8.250288276745676,64,61.66077210460772,253,8.13130147002232,12993,,,
6310,OK,0.100515625,7.656717964661381,105,65.58388775976978,255,7.227597265081382,11018,,,
6312,OK,0.20228333333333334,5.858971190024993,54,60.780202522477346,253,5.601676040314699,20803,,,
6313,OK,0.1125187969924812,7.954755540706092,98,60.89875884271614,252,7.804461942257218,9652,,,
6314,OK,0.07203947368421053,7.591867797347249,95,63.78157694839722,252,7.442368587713743,6316,,,
6315,OK,0.10144736842105263,7.8170279785065775,82,74.77894344148554,249,7.550865312264861,8860,,,
6316,OK,0.16738721804511278,8.158487740969493,98,82.38546111299243,247,7.666126303918805,14188,,,
6317,OK,0.07113805970149253,7.3386222571903135,102,74.85883530506625,254,6.0037893636482424,5102,,,
6318,OK,0.1974250936329588,5.505256501462335,85,43.909762974197434,220,5.1195348124305475,17398,,,
6319,OK,0.11870265151515151,7.104374418295439,75,53.424359318755705,247,6.533054142985343,10029,,,
6321,OK,0.005716666666666667,10.625364431486881,56,47.889806169714646,230,9.077380952380953,168,,,
6322,OK,0.27762172284644193,5.761720067453625,127,85.49607258587167,234,5.467935553273678,27268,,,
6323,OK,0.3418731343283582,6.680389717171276,126,74.46720868437863,228,6.510209803280221,42802,,,
6324,OK,0.16823033707865168,5.671360457134376,43,38.147021189572946,155,5.589466325884177,15259,,,
6325,OK,0.28805833333333336,2.204395328878217,56,32.81727591601996,180,1.90165198470541,31558,,,
6326,OK,0.3835393258426966,7.418314535423075,111,110.61132375426553,255,7.421263748481894,38974,,,
6327,OK,0.14941011235955057,5.74681957761484,50,66.3354872325514,247,5.538717893784665,14003,,,
6328,OK,0.05789166666666667,6.43035362986421,59,82.92802785714075,253,5.883093314600164,5694,,,
6330,OK,0.14718333333333333,7.468557732231155,62,67.79793755333633,247,7.254372119451985,15839,,,
6331,OK,0.23124166666666668,5.456316744146936,103,84.39128753798514,239,5.227493296710484,25485,,,
6333,OK,0.24070338983050849,8.137673250478237,88,68.7685153148729,225,7.9695290157669625,26342,,,
6334,OK,0.18530833333333332,8.338819684909534,100,65.2051969218075,240,7.954336362616403,14855,,,
6335,OK,0.10922932330827068,6.6556530717604545,77,60.73132653850753,228,6.5537784198397135,9691,,,
6337,OK,0.03307,10.57524443100494,103,77.28841108801396,184,9.335763293310464,2332,,,
6338,OK,0.19886018237082068,10.701732263405935,107,72.32579594675772,254,10.780833815865662,24178,,,
6339,OK,0.12614232209737827,3.5960263262074426,85,74.9813703640208,240,2.17728868954487,9587,,,
6343,OK,0.3315666666666667,4.705137227304715,65,86.4158480027926,255,4.54711089822059,37578,,,
6344,OK,0.1930827067669173,7.769048546209762,96,108.63903512858741,255,7.518211531863409,18459,,,
6345,OK,0.3186,9.688881913928995,85,70.0398485144963,254,9.709055661186296,35764,,,
6346,OK,0.1226123595505618,6.207941962581137,84,69.38163029365207,243,5.859637873652713,10917,,,
6347,OK,0.028261278195488723,6.448398182019732,84,55.66724697674569,251,5.572603121516165,2392,,,
6348,OK,0.2744453125,6.202577167961893,57,48.86310760804413,249,6.120273087346258,31980,,,
6349,OK,0.14735833333333334,4.310637335293785,72,49.08412417617144,201,4.034552338159427,16024,,,
6351,OK,0.25509166666666666,4.528764169742903,53,55.02590922820481,212,4.324041545746144,26188,,,
6352,OK,0.3125936329588015,5.302331386351156,67,51.674571499920546,151,5.2490645790875465,30913,,,
6353,OK,0.21893258426966292,5.8643258346876515,62,65.14135638191597,254,5.658027010968188,20757,,,
6354,OK,0.0581,6.855278255880665,72,62.675531726651805,254,6.373698127462091,6177,,,
6355,OK,0.06219101123595506,7.481280738733314,62,58.672796980770386,242,6.830174820038196,4538,,,
6357,OK,0.14843283582089553,7.361760516172281,126,67.27756112523004,243,6.80930443319991,13241,,,
6358,OK,0.3621161048689139,3.640602644326076,47,38.281507794381,201,3.573986308583465,36081,,,
6359,OK,0.0566,4.921132705143306,55,75.87606882905801,234,3.9617942453854504,4912,,,
6360,OK,0.1131296992481203,9.565367893439673,124,71.25877727499126,255,9.270120316688486,10694,,,
6361,OK,0.0979,6.4398479173760075,74,102.35026296665805,237,5.971255149856905,10599,,,
6362,OK,0.33068481848184816,7.121460116270366,105,80.65451198415536,220,6.937425622007583,36133,,,
6363,OK,0.21464646464646464,6.453947712418301,63,68.74116112897464,240,6.121836541048845,23537,,,
6364,OK,0.3409,5.6370799517616765,125,46.67052293531584,255,5.574265597193923,38773,,,
6365,OK,0.1292322097378277,7.764913297589722,80,58.54124103027305,241,7.487485919942856,12133,,,
6366,OK,0.2826310861423221,7.783280879023797,80,59.05385368400444,254,7.62175572519084,26200,,,
6367,OK,0.128425,4.91417385849934,58,90.816452973066,249,4.168015654184826,11243,,,
6370,OK,0.17714285714285713,3.8568902093944537,59,50.76299037524367,230,3.6457681484542572,16939,,,
6371,OK,0.23623994638069706,6.845547138763583,59,66.73559859474227,234,6.719451124923218,32017,,,
6372,OK,0.19110902255639098,6.266925674568047,92,87.00580949503869,238,5.7951071987903005,18517,,,
6373,OK,0.23480188679245284,7.122289632635568,102,95.27442640332384,252,7.03410188749982,23117,,,
6375,OK,0.0374250936329588,8.542990576265533,71,75.17421346329063,248,8.366942637492608,3382,,,
6376,OK,0.27904,6.9833476681957185,82,64.90060012575825,239,6.861410969359939,24456,,,
6377,OK,0.33314606741573033,4.544950346636687,55,40.7619348497613,236,4.306012306012306,31746,,,
6378,OK,0.20097772277227724,6.798242913151467,108,47.08977039802151,217,6.70678763932587,13667,,,
6379,OK,0.10603932584269662,4.971037527593819,46,35.868569433534084,191,4.788208570653648,9832,,,
6382,OK,0.2138239875389408,5.892466460268317,100,62.99200884970364,241,5.620380709310363,25076,,,
6383,OK,0.25858333333333333,7.777720485551617,55,49.570907796635574,235,7.756244972997817,29010,,,
6384,OK,0.05487827715355805,6.834840470909401,65,62.19213254209638,243,6.0083258325832585,4444,,,
6385,OK,0.10032894736842106,4.216924277907885,66,90.21576042482806,226,3.617832847424684,9604,,,
6386,OK,0.0727808988764045,8.21831982503538,89,114.64115173976121,247,7.783352724452201,6876,,,
6387,OK,0.11364166666666667,5.2677030627459605,45,48.1838577951606,216,4.973634008143276,11707,,,
6389,OK,0.06333955223880597,6.855571919489445,58,83.83101948677091,255,6.556720522516328,5818,,,
6390,OK,0.2390377358490566,6.288486331465257,62,92.97474647293645,252,6.176421166552745,23408,,,
6391,OK,0.40485,5.003581573422255,66,57.42031420650256,217,4.676456090084262,43278,,,
6392,OK,0.17921348314606741,6.922814350400557,65,93.19383983572895,234,6.787096527459079,17432,,,
6393,OK,0.1469007490636704,6.564174474685023,56,64.25521982343881,227,6.4024884464984,14065,,,
6395,OK,0.04526666666666666,6.092108492881689,78,53.32153830039802,218,5.721014492753623,4508,,,
6396,OK,0.46519166666666667,5.16774447808251,91,72.98875505762709,255,5.061197041022193,53532,,,
6397,OK,0.05305,6.125248717143156,42,76.54310329654857,250,5.590714544795067,4595,,,
6398,OK,0.14981770833333333,4.780713444193368,64,79.49877987768146,206,4.356695722013559,14111,,,
6399,OK,0.07632022471910112,5.526193105140473,58,58.513521002071315,253,5.225635593220339,6608,,,
6400,OK,0.214475,6.238541140511067,45,52.671383964722814,204,6.172591621930084,23657,,,
6401,OK,0.024641666666666666,6.480216435576598,99,77.5011633900931,243,5.103359173126615,1935,,,
6402,OK,0.033,4.585690235690236,30,77.49611340916925,255,3.850320644016919,2443,,,
6403,OK,0.19621666666666668,4.144525609445341,74,95.54357517573143,255,3.467590073377855,20215,,,
6405,OK,0.06207706766917293,10.605904617713852,124,116.83443392287522,255,9.75321455342213,5781,,,
6406,OK,0.08685555555555556,5.749904055264168,57,80.68465497730674,253,5.437247176254268,6345,,,
6407,OK,0.22957865168539326,4.00416003915331,51,56.86954055816855,253,3.389221158958001,20064,,,
6408,OK,0.09130833333333334,9.25228925192419,73,70.00078867969516,253,9.082276726945196,9622,,,
6410,OK,0.02245819397993311,5.946512782328121,42,88.94540716538081,231,4.8785900783289815,1532,,,
6412,OK,0.15096441947565542,8.059686989600777,68,75.67180578684047,251,7.943148484425199,14318,,,
6413,OK,0.164575,5.512869849950208,58,71.06881061868044,230,4.54662448774175,13909,,,
6415,OK,0.056797752808988765,9.073084954390593,76,64.91226067332447,237,8.19910514541387,2533,,,
6416,OK,0.02878787878787879,4.907992202729045,44,76.83286531461259,243,4.385211687537269,2795,,,
6417,OK,0.16850187265917602,5.280377120841669,53,42.36183805534285,253,4.989144688911555,13726,,,
6419,OK,0.12107677902621723,5.088650014177816,80,66.02125657387778,253,4.284105868495808,9622,,,
6421,OK,0.1317481203007519,5.778594188424407,41,59.55283496785088,232,5.525571725571726,12025,,,
6422,OK,0.27584269662921346,4.3653088934148,49,44.64559089733643,206,4.165950694686327,25839,,,
6423,OK,0.17335,4.137390635515816,74,97.81056405707105,244,3.650460405156538,18100,,,
6424,OK,0.27387820512820515,8.236889669072232,62,74.83117781210917,255,8.09394141638858,22475,,,
6426,OK,0.12970864661654136,5.757288119218414,40,57.99428359557518,207,5.635704712671973,12187,,,
6427,OK,0.059325842696629216,6.588804713804714,69,53.30394635557679,250,5.677948717948718,4875,,,
6428,OK,0.12845555555555555,7.782227604301819,84,59.93866996434597,249,7.738221610641505,10174,,,
6431,OK,0.041555555555555554,5.476470588235294,56,59.90853234407605,249,5.009417808219178,1168,,,
6432,OK,0.19343333333333335,4.785269113676834,52,53.07996859114766,237,4.642855981926634,20509,,,
6433,OK,0.18661048689138576,6.219468138484697,59,57.930877556502054,248,6.062125845612084,17985,,,
6434,OK,0.2831647940074906,7.471661927121223,70,49.42943911805428,245,7.453189775661526,28142,,,
6435,OK,0.21592271293375395,5.365645202527484,108,89.37726436064816,255,5.0944533486760095,24333,,,
6436,OK,0.11930681818181818,6.534304854430581,69,99.15128837047264,255,5.874539484222329,8324,,,
6437,OK,0.08254681647940075,5.389859346642468,65,58.926787366644895,244,4.589551071484436,6393,,,
6440,OK,0.1478558052434457,5.1832478415975345,68,86.1283975577507,248,4.761018810929562,14566,,,
6441,OK,0.1917909090909091,4.91118800461361,68,64.42484505584738,227,4.666348785871965,18875,,,
6443,OK,0.16426966292134831,4.950220398236814,95,60.61271697887724,255,4.172962226640159,14084,,,
6444,OK,0.31572097378277153,7.179552576687723,50,33.14737528678224,193,7.1868897286008036,30963,,,
6446,OK,0.14405555555555555,8.718138578223423,101,69.94926981242293,242,8.628864745143815,11137,,,
6447,OK,0.07749063670411985,5.073868213307556,48,36.71366367585563,182,4.768960674157303,7120,,,
6449,OK,0.190325,6.0769298130391,68,55.35342627185805,252,5.812018024409149,25373,,,
6450,OK,0.08421348314606741,5.896857164035283,69,60.274001594994175,249,5.248706521182316,6507,,,
6451,OK,0.12994166666666668,6.090852733063982,59,58.604636981556155,224,5.781733669584137,13482,,,
6453,OK,0.01540590405904059,10.224750499001996,72,87.92692151535026,242,9.701379617267468,749,,,
6454,OK,0.06786654135338346,5.775331209897059,86,99.65962552556489,224,5.425500787756021,5924,,,
6455,OK,0.20218100890207716,6.461632543235244,53,56.19676231566027,206,6.394070462409562,25432,,,
6456,OK,0.16829588014981273,6.39169541189125,60,64.31556826454717,238,6.060055212427475,14248,,,
6457,OK,0.1212937062937063,9.029331219371576,64,53.104585306328175,251,8.957784951576857,12081,,,
6458,OK,0.24823970037453183,4.64401025950513,72,91.00246197024046,224,4.197900676264365,24103,,,
6460,OK,0.07285833333333333,7.825536619772008,91,55.31676808350635,242,6.791763652641003,5585,,,
6461,OK,0.3301123595505618,5.984276907949474,53,61.13782194640128,219,5.913990575164623,32043,,,
6462,OK,0.049916044776119405,8.252289291721173,101,59.36882705443025,246,7.805984848484848,4400,,,
6463,OK,0.1995618556701031,6.22954066038142,59,43.0280183748162,251,5.783424653908256,12593,,,
6464,OK,0.031179775280898877,8.436836836836838,89,85.4107245256274,255,6.30001405876564,2371,,,
6465,OK,0.05836466165413534,5.252442297369834,33,48.16796420135077,219,5.049318748800614,5211,,,
6466,OK,0.12655430711610488,6.991540889809609,80,60.80026585480897,236,6.9403767132732135,12087,,,
6469,OK,0.10183520599250936,7.047137427975971,67,75.01683277038767,249,6.647804706708817,9490,,,
6470,OK,0.12891990291262137,6.852332988170322,58,53.64359520923601,215,6.619005064045279,8952,,,
6471,OK,0.254025,5.4392284223993705,45,88.0269818395761,225,5.312856420991843,27706,,,
6472,OK,0.06623595505617978,7.17392328715484,59,71.86278402823737,246,6.885630018023923,6103,,,
6473,OK,0.2743071161048689,5.953497633351538,69,52.24249071015689,248,5.81841542814079,26981,,,
6474,OK,0.30091666666666667,6.263864529165,43,35.589413826748434,194,6.183996837766108,29515,,,
6475,OK,0.2108656330749354,6.443733022894839,97,90.23024552901434,255,5.970734921554594,29341,,,
6477,OK,0.18056179775280898,7.806246975039756,65,46.844337035513504,227,7.422865013774104,16698,,,
6478,OK,0.11709737827715355,9.121781544858468,133,83.86807926980154,255,8.549474645957059,10945,,,
6481,OK,0.10165833333333334,10.794627974970625,94,57.7069074807593,251,10.515120415982485,9744,,,
6482,OK,0.04249056603773585,4.752220248667851,61,82.78660899608523,247,4.023893246776666,3697,,,
6483,OK,0.12099166666666666,9.05500837982414,114,68.88348928559014,247,9.131736201651456,12272,,,
6484,OK,0.1343796992481203,11.325896395766307,158,119.47465853075937,230,11.359254442999566,11535,,,
6485,OK,0.13435393258426967,5.9376030850001165,87,55.08491705516075,187,5.5089782725803556,11138,,,
6486,OK,0.16760377358490566,8.200251416563473,98,72.51242907118193,241,8.142580427825502,15832,,,
6487,OK,0.08868296529968454,7.1452200978212534,63,63.40442502127414,255,6.8670565740636595,8891,,,
6488,OK,0.23804347826086958,3.3169301018616086,55,87.80087055122719,250,2.9277244791872294,25329,,,
6489,OK,0.07374531835205993,5.0606060606060606,54,55.53796854150661,207,4.52712781098776,5855,,,
6490,OK,0.06276217228464419,5.141031378984534,45,54.15092027400089,218,4.8864977438389445,5762,,,
6491,OK,0.206775,5.7951342710138505,48,77.58534603814947,239,5.391139713649586,20511,,,
6492,OK,0.0601,6.468663338879645,42,58.79006040831767,215,6.248038695216186,5651,,,
6493,OK,0.15074414715719064,9.093719378039085,84,78.96148178778063,244,7.810752355940059,12946,,,
6495,OK,0.29406432748538014,9.917039541281364,103,76.52539728561764,244,9.467813126970478,17445,,,
6496,OK,0.4697884012539185,5.990552450857731,67,62.868706427216516,254,5.835633170080673,55946,,,
6497,OK,0.12649628252788103,8.698307741287683,102,100.57160235062969,254,8.607170169159708,10897,,,
6498,OK,0.23163857677902622,8.733861514208336,109,61.02476206724266,250,8.64331772811589,22642,,,
6501,OK,0.21321428571428572,7.949366716624056,102,74.05458266637997,248,7.796044082156178,19751,,,
6503,OK,0.15794166666666667,1.9451625951916143,44,110.16502221738399,254,1.6510715597039443,17249,,,
6504,OK,0.34286516853932586,4.211353250678173,54,79.52396150959885,253,4.0065637028203565,34381,,,
6505,OK,0.09580188679245283,5.499655342195963,47,34.68761715965013,170,5.172796987647518,7259,,,
6509,OK,0.3175747508305648,5.195574850925829,82,79.33194992129562,249,5.023113996262418,33890,,,
6510,OK,0.09394736842105263,7.633720154728558,52,63.339152593944924,227,7.487582749779972,8711,,,
6511,OK,0.32019166666666665,7.040852267305173,80,59.285591118411645,241,6.872847491734944,34785,,,
6512,OK,0.12578333333333333,6.199439070712424,90,76.3004658138397,246,5.913006289308176,13250,,,
6513,OK,0.39706766917293235,4.777606829514612,55,32.60377436920647,207,4.515391958522723,38061,,,
6514,OK,0.09558768656716418,8.050876679353307,87,70.2971921102665,251,7.756815330215582,8767,,,
6515,OK,0.17794776119402986,5.7474837492136714,43,72.31860408817877,255,5.5616476873330525,16597,,,
6516,OK,0.15176305970149254,5.965947507529657,76,54.046988009223114,253,5.510243244644987,12854,,,
6518,OK,0.17492222222222223,4.189544559486756,55,35.411256402314486,168,3.709656032036492,12569,,,
6519,OK,0.036950757575757574,10.447548265846574,101,69.30208394789803,249,9.021141916698316,2633,,,
6520,OK,0.19064981949458484,4.406725367670265,38,46.825679854884996,193,4.2826475210744395,18664,,,
6521,OK,0.05297752808988764,6.812831389183457,83,92.12745117425665,255,6.115339986075655,4309,,,
6523,OK,0.17892322097378277,7.171507317668812,66,49.20476065578756,221,7.067260022641215,17078,,,
6524,OK,0.1519943820224719,4.7003429228526254,74,72.46438548257092,242,3.752413757110798,12774,,,
6525,OK,0.25223684210526315,6.443649551630772,104,64.49167106575166,232,6.285673305466765,24402,,,
6528,OK,0.30888576779026217,3.925328644901836,102,65.31020669909182,246,3.6921564202585513,31019,,,
6529,OK,0.08904494382022472,7.434980722046968,80,77.94911775790592,218,6.74231318858618,7231,,,
6530,OK,0.1450374531835206,6.51205078545298,80,90.96196838608404,252,6.125683471281666,13290,,,
6538,OK,0.08767790262172284,7.3160330343158195,70,81.4213192933481,254,7.006590406251471,7081,,,
6540,OK,0.187575,4.120396285930072,48,52.47219743360925,224,3.73263575361626,18827,,,
6543,OK,0.12638157894736843,6.187675070028011,46,46.766616820687155,210,6.104650524350738,12142,,,
6544,OK,0.16936666666666667,4.9109919307222984,47,34.11750404644381,218,4.755992321375108,18927,,,
6545,OK,0.05407303370786517,8.881673881673882,86,62.1347818196816,235,7.8914403061700735,3571,,,
6546,OK,0.22780075187969925,6.383488736694447,51,101.9738078430418,224,6.325040789138862,22269,,,
6547,OK,0.16475752508361205,5.31046265753193,94,42.90035203630479,242,4.475430210325047,10460,,,
6548,OK,0.20999063670411985,5.979726817377863,55,47.138685756501886,195,5.811289787508948,19091,,,
6552,OK,0.19193333333333334,4.84586662035429,65,67.50242691747106,254,4.575387431745731,21122,,,
6554,OK,0.21671348314606742,6.398055735580039,91,74.64974000358616,255,5.957595248137213,18968,,,
6556,OK,0.1372972972972973,6.0234375,90,60.27785283521303,238,5.05801337757413,12658,,,
6558,OK,0.14684456928838951,6.956385895555697,116,59.60857286053462,232,6.786032575291949,13016,,,
6559,OK,0.22013333333333332,9.389549263072885,124,62.450048441329,223,7.7612756947177095,17789,,,
6562,OK,0.057058333333333336,7.949710335426707,61,57.31852447570988,253,7.7814757922284805,5859,,,
6563,OK,0.246775,4.842873062506332,60,58.56698787805031,204,4.618198427709371,25907,,,
6564,OK,0.037441666666666665,4.357222345871356,53,133.58419258861656,255,3.159001314060447,3044,,,
6565,OK,0.055599250936329586,5.618502301560571,48,109.14267018302235,255,5.075262141280353,4832,,,
6566,OK,0.24979166666666666,4.323536280233528,52,55.84854207164676,201,4.191998301231607,26686,,,
6567,OK,0.07066479400749064,5.232498564551036,100,94.78550438441827,255,4.626607632300232,6324,,,
6568,OK,0.16394194756554306,3.481733203876102,85,73.64701183023298,255,2.96876465822353,15634,,,
6569,OK,0.29805243445692886,3.262136633995141,65,54.740831643723546,238,3.072770109577471,29994,,,
6571,OK,0.0746629213483146,5.1874425215283,49,65.0870857196824,249,4.943820224719101,6942,,,
6572,OK,0.2384111111111111,5.077426170169797,85,80.65403226198639,222,4.896219790007365,19461,,,
6573,OK,0.06897003745318352,5.979726672097022,83,75.6117994515625,254,5.5207382937444285,6357,,,
6574,OK,0.11920253164556963,6.848217762203108,55,131.89969772310286,235,6.7365911098027675,16985,,,
6575,OK,0.111925,5.920805102623285,48,88.43183915272421,241,5.562075067523517,10737,,,
6577,OK,0.25030833333333335,5.882200841184761,47,47.84182015569364,219,5.849192898953112,27733,,,
6578,OK,0.2985859375,2.9688200458759604,96,65.68606572288866,255,2.664679721084835,35901,,,
6579,OK,0.15544007490636705,6.9546613657811776,57,70.85979888912294,254,6.712362408455028,15202,,,
6581,OK,0.12709737827715356,4.530253916801729,75,124.08965667660667,244,3.9444304046275236,11871,,,
6582,OK,0.0406,5.144978106185003,48,101.17024529219651,250,4.034844192634561,3530,,,
6583,OK,0.07984375,3.9777690802348338,43,60.35645440652063,250,3.7159188585181364,11634,,,
6585,OK,0.12836753731343284,4.994622483831117,56,48.76590431547141,214,4.6770500084189255,11878,,,
6586,OK,0.08998333333333333,6.780700129653639,56,57.41312430175272,223,6.557723750622023,9378,,,
6587,OK,0.09536516853932585,4.299361806578301,56,71.25449119356898,244,4.009624568363823,9074,,,
6588,OK,0.3263584905660377,6.859657744117477,81,61.51177305361828,248,6.537515834238147,29472,,,
6589,OK,0.07175471698113207,6.155359803663774,54,59.1521603620817,234,5.767480458293179,6226,,,
6590,OK,0.049591666666666666,8.694169047218955,82,69.1488073839607,210,8.239674642659716,4221,,,
6591,OK,0.19248,5.387001246882793,41,34.581612013737534,178,5.169378639227886,16716,,,
6592,OK,0.08692669172932331,9.155980826756046,72,58.21293999375543,255,9.041462904911182,7975,,,
6594,OK,0.10791666666666666,3.401698841698842,58,84.10617468472677,221,3.1180282011760005,11678,,,
6595,OK,0.17414166666666667,4.112552040962818,41,60.72096034765177,210,3.9594657555521042,19317,,,
6596,OK,0.06016666666666667,5.805863342566943,63,86.4569397647337,250,4.635346756152125,4470,,,
6597,OK,0.16510377358490566,6.0375978515513395,46,70.32371363894885,196,5.966942671133304,15821,,,
6599,OK,0.14625932835820896,6.59351149095393,66,69.37808808907245,230,6.460185548151052,12755,,,
6600,OK,0.11386704119850187,5.569635172546118,57,77.39567549671207,251,5.410843647467758,10261,,,
6601,OK,0.05770754716981132,6.799030025611684,99,79.98783243061048,253,6.776231192417313,5029,,,
6602,OK,0.10102059925093633,7.520066734637131,81,83.67872084101475,246,6.9540975726988705,9709,,,
6605,OK,0.15582706766917293,4.470687575392039,66,65.61279596229495,243,3.935280684584306,13283,,,
6606,OK,0.13656666666666667,6.5895777398096165,80,89.473600226486,243,5.827644019349164,12128,,,
6607,OK,0.5850749063670412,3.4418002965997716,82,67.15473665207384,236,3.2882147478079307,60027,,,
6608,OK,0.23180501930501932,4.985897702824624,51,35.19226822474922,211,4.501152477365345,18077,,,
6609,OK,0.03746666666666667,7.043371886120997,114,84.47379022948701,255,5.9599557299527115,3313,,,
6610,OK,0.015366666666666667,7.261388286334056,53,52.3150213841588,245,6.747703943814154,1234,,,
6611,OK,0.13623333333333335,5.934487399070223,54,85.29315079947003,255,5.878063063063063,14800,,,
6612,OK,0.11918539325842696,8.600544687982822,108,96.45352269385181,252,8.420266552327867,9329,,,
6613,OK,0.0935188679245283,5.234607754127577,69,64.77598079518215,248,4.463626779124934,7588,,,
6615,OK,0.09327715355805244,4.850565482165562,72,59.182493786874296,253,4.502502728538633,8857,,,
6616,OK,0.290864406779661,5.811967057086806,75,84.73630663575452,255,5.589188850217917,31893,,,
6617,OK,0.12506603773584907,3.9249453119106885,43,77.2838956399225,248,3.6219572776949827,11407,,,
6621,OK,0.32527153558052435,4.438306610245929,117,70.46568879144058,239,4.2340829835661635,31926,,,
6622,OK,0.3066573033707865,4.445136535271188,57,80.1177463571419,232,4.307892341698088,30764,,,
6623,OK,0.07596441947565544,4.468712765520358,60,47.28443462664789,236,4.104829545454545,7040,,,
6624,OK,0.274559925093633,11.830690356830248,146,78.6112523716716,250,11.75587608881407,26137,,,
6625,OK,0.17246309963099632,3.687866631006508,104,140.71143563160732,255,3.383080851717451,17361,,,
6626,OK,0.18565555555555555,5.252777944022184,52,51.65358638850609,230,5.0828951980371535,15216,,,
6627,OK,0.1391812865497076,8.116071428571429,73,58.545714447463766,221,7.723534681944641,7069,,,
6628,OK,0.10313670411985018,6.781479800272356,61,63.52412521097597,255,6.302957266919163,8713,,,
6629,OK,0.21289556962025316,7.965093521615261,94,69.30203370523,236,7.877887788778878,11918,,,
6630,OK,0.1162062937062937,7.195827691690487,93,107.45872648507508,255,6.907886130307426,11721,,,
6633,OK,0.1870541958041958,6.334205648239014,58,95.63520822356749,254,6.197830054755627,19724,,,
6634,OK,0.1001,5.033494283494283,63,55.25578459334988,227,4.538357470098084,10841,,,
6635,OK,0.170375,10.13595826200375,120,85.97347864664424,255,9.176847530821203,14357,,,
6636,OK,0.18971698113207547,6.0228078899386706,95,85.64972251329219,248,5.867922118209521,18267,,,
6637,OK,0.2813483146067416,4.551328984735534,69,59.44557362240289,231,4.362950162604553,27777,,,
6638,OK,0.1871606334841629,3.2399717940969075,43,89.64733607032682,231,2.8682732011101333,14773,,,
6640,OK,0.06266961651917403,6.923825213775791,47,28.84120103014377,169,6.696452523010037,7207,,,
6641,OK,0.0542070895522388,6.9816440084896465,59,60.58138785601331,227,6.388344469190795,4490,,,
6642,OK,0.4254011194029851,5.600355239786857,105,63.183001336645184,243,5.582348378376302,43403,,,
6644,OK,0.061463636363636366,5.099787999802791,39,58.55307587249005,232,4.821810200427424,5771,,,
6645,OK,0.023947916666666666,12.247353921995071,101,97.46448454836839,253,10.578957836117741,1676,,,
6647,OK,0.29756666666666665,4.987080392815802,98,82.00366978281846,239,4.813342680931915,32807,,,
6648,OK,0.0789,4.105830164765526,67,57.60487460644881,251,3.6381517795568348,11117,,,
6650,OK,0.227675,4.510413235240291,58,110.7252559911091,247,4.221807124239792,23020,,,
6651,OK,0.1878125,6.560535308535953,63,74.08564087924636,243,6.474421206128524,16687,,,
6652,OK,0.14157303370786517,6.848897707231041,69,70.75182518906341,226,5.62265284662761,8876,,,
6653,OK,0.2771917808219178,3.9687422782307884,67,80.57938895732651,224,3.7621545877473235,29735,,,
6654,OK,0.14209737827715355,7.487809699525567,71,59.28377208300591,252,7.265699713101689,12548,,,
6655,OK,0.2030223880597015,6.072367211909575,50,78.75657412175975,254,5.827073594469221,18611,,,
6656,OK,0.17331460674157304,4.84950477219521,72,68.27976365764337,233,4.081176051952673,14988,,,
6657,OK,0.15115168539325843,5.157694769662806,86,74.61388530394785,234,3.8493382711796285,11611,,,
6659,OK,0.40381666666666666,6.281081899101627,115,84.26125912051661,255,6.117685185185185,43200,,,
6660,OK,0.272874531835206,7.995584988962473,87,66.14826738091865,252,7.897157721101383,26270,,,
6661,OK,0.14544007490636704,9.144058885383807,137,93.4770508508004,235,8.56762497887851,13809,,,
6662,OK,0.077475,10.859237746943458,131,75.2862975709782,234,10.365464743589744,8320,,,
6663,OK,0.04662921348314607,5.640829986613119,46,52.53527466771427,239,5.541637671073997,4311,,,
6666,OK,0.11601666666666667,4.874586984628645,81,96.89418163992534,254,4.054515936084765,11703,,,
6667,OK,0.02250886524822695,11.620454247078902,105,114.63327921930691,255,11.298098434004475,1788,,,
6668,OK,0.011264044943820224,6.4535882515932395,55,49.62528607188967,208,4.795940170940171,624,,,
6669,OK,0.32053333333333334,6.5020018718802,78,65.27927541208791,252,6.1759594348688385,32606,,,
6670,OK,0.08075833333333333,7.041688164276133,68,74.81782689233577,255,6.8655704089277965,8453,,,
6671,OK,0.017752808988764045,9.868319268635725,103,90.53082818576985,255,9.300091074681239,1464,,,
6672,OK,0.10956896551724138,7.351462103330711,56,66.73419901894343,254,6.841065817929572,8169,,,
6673,OK,0.2149172794117647,6.02242369812827,62,67.07082508946307,252,5.881589618815896,19728,,,
6674,OK,0.2095318352059925,8.703905621592636,74,53.5408068986757,235,8.534940393861556,20244,,,
6675,OK,0.2661329588014981,5.211706481839824,66,67.90436395030855,238,5.021725206876233,26022,,,
6676,OK,0.09268041237113402,9.465671734025461,139,61.35503225643551,250,8.98288990414763,7442,,,
6677,OK,0.019466666666666667,6.893978310502283,58,81.96236741909165,225,5.731226364127498,1234,,,
6678,OK,0.10745318352059925,4.487887765772046,55,67.88859748506847,233,4.080015013478008,9769,,,
6679,OK,0.1634107142857143,6.556915455505774,53,59.41529879684376,239,6.380128836369605,16248,,,
6681,OK,0.35632978723404257,4.177389660148281,47,57.63969919841335,247,4.072383822619272,37163,,,
6682,OK,0.1186,5.588532883642496,51,73.58974043819177,237,5.440647290535505,12524,,,
6683,OK,0.21828651685393258,4.000343156178956,46,61.095899161945376,246,3.511632803452995,18998,,,
6685,OK,0.48611570247933883,5.8640130907854475,68,79.9750991744398,226,5.662009484842849,43016,,,
6686,OK,0.1649468085106383,7.404475258877064,68,58.89015577779193,252,7.052670727539553,16581,,,
6688,OK,0.2697,6.365687526607067,55,80.374310912309,254,6.268302897055085,22287,,,
6694,OK,0.233325,5.539117468481018,80,74.14952283127357,254,5.1882231709112325,33965,,,
6695,OK,0.0644433962264151,4.282974674279022,56,71.3030079964505,255,3.3691776883266247,5217,,,
6696,OK,0.4563083333333333,5.607861399760153,66,53.128652371391055,232,5.3318233372962185,48786,,,
6698,OK,0.21311258278145695,8.518929977211519,136,101.04115819446783,255,8.353263620717085,23047,,,
6699,OK,0.261685393258427,3.7432374409617863,92,64.50841238438255,210,3.423248665050152,25157,,,
6701,OK,0.14348314606741572,6.846297746454364,75,82.06771903741601,255,6.357091335316924,7394,,,
6702,OK,0.14897003745318352,4.601403729310706,60,79.00496570946565,219,4.054624552732514,12949,,,
6703,OK,0.3931179775280899,5.72735500774086,56,74.2370644655301,247,5.626135481038733,39484,,,
6704,OK,0.06773333333333334,4.938648293963254,61,64.37760416666667,249,4.06911401712095,6347,,,
6705,OK,0.2116947565543071,6.39046397452342,107,71.01504911451343,255,6.01226122191233,19003,,,
6706,OK,0.065187265917603,7.331657569663889,62,67.86944850658067,239,6.433691756272402,4278,,,
6707,OK,0.09155642023346304,9.942307692307692,87,71.51308519295841,255,9.484731349052957,7761,,,
6708,OK,0.41236666666666666,4.456800851453669,63,82.97110348478832,253,4.365501125766196,46931,,,
6709,OK,0.12693333333333334,4.60421043417367,77,82.81339085725921,255,4.0658828918238035,13099,,,
7001,OK,0.18694625407166124,5.728216520741676,55,75.30180049344138,247,5.46316500917254,20714,,,
7002,OK,0.270425,9.35845839368073,70,65.9693352674883,255,9.36493360188441,29293,,,
7003,OK,0.06473333333333334,5.102514589769997,53,78.86189619122294,236,4.28353181763503,5542,,,
7004,OK,0.3793828125,5.9354351571562916,100,62.06985233953096,254,5.804635049221433,44933,,,
7005,OK,0.1467537313432836,9.220336469192304,66,56.58951764551537,246,9.218359818388196,14096,,,
7006,OK,0.026141666666666667,7.460206141749017,49,40.84660956276438,232,6.965041649597159,2441,,,
7007,OK,0.08957654723127036,7.850484848484848,69,100.53334525939177,247,7.592163531370674,9409,,,
7008,OK,0.10225589225589225,8.466304467127648,63,60.865222093037794,254,8.3167568251558,10537,,,
7009,OK,0.19274166666666667,6.3792785392076325,58,39.3844253354117,209,6.273242520851448,20702,,,
7010,OK,0.20521666666666666,7.595468204336879,106,70.41586456127106,253,7.160472029818764,22089,,,
7011,OK,0.17822202166064982,7.428909032595668,45,84.69426231608696,243,7.54390696765367,17055,,,
7012,OK,0.04478125,4.971993486857409,44,38.008444837024676,208,4.644919136722415,6039,,,
7013,OK,0.20436046511627906,6.3422204159046265,77,59.603549245785274,255,6.029752922029886,22530,,,
7014,OK,0.547171052631579,4.943689631678089,60,78.10952709574313,255,4.74226404112911,61854,,,
7015,OK,0.10565,7.335515591313036,55,90.47841697570551,249,7.14150114255581,11378,,,
7016,OK,0.14470973782771535,5.3173298824544375,58,88.57665261736639,250,5.034869336632132,12934,,,
7017,OK,0.106275,4.657335528895162,48,50.95874942888845,213,4.425958340626641,11426,,,
7018,OK,0.041112068965517244,5.249807786398266,39,75.08556068002625,255,4.938700147710487,4062,,,
7019,OK,0.14119011976047904,5.280036756260051,58,51.12141099500016,205,5.0282348397064505,17260,,,
7020,OK,0.19547185430463576,6.857479636923164,66,69.47806119474141,254,6.557817724368524,20138,,,
7021,OK,0.07946666666666667,5.931173098434004,49,66.46675538335265,239,5.490191319823646,8241,,,
7022,OK,0.3239232209737828,5.878248301777713,79,67.52787203102278,250,5.545598615411883,31971,,,
7023,OK,0.3197378277153558,4.533872164304401,60,43.10832461597754,215,4.274267279090114,30480,,,
7024,OK,0.014669811320754718,6.7779206859592716,46,105.995375556513,254,6.17375,800,,,
7025,OK,0.12045539033457249,9.749864979554047,70,80.92459768171685,254,9.595602703396356,11689,,,
7026,OK,0.21645131086142322,9.01795215642168,73,76.37203494138595,252,8.93206987628006,21581,,,
7027,OK,0.28934456928838953,7.375617543632559,55,72.84551635089198,240,7.317447055832032,27529,,,
7028,OK,0.24275,4.792562078040966,51,59.07234510839661,225,4.606478368078906,26766,,,
7029,OK,0.19024166666666667,5.284506548688072,50,63.633145005540065,253,4.944537530676144,19695,,,
7030,OK,0.18938333333333332,5.115521135850274,59,68.44351008491478,255,4.795549119478012,20026,,,
7031,OK,0.10655,6.8313519995828775,55,62.30201590588294,245,6.509740975041702,10591,,,
7032,OK,0.21146363636363635,5.587220383187883,61,73.85883704754109,255,5.29913140489282,20915,,,
7033,OK,0.09335833333333333,6.936415840994972,55,90.22660551301966,243,6.7006598457888495,8992,,,
7034,OK,0.12481671358085474,5.091036414565826,39,60.019888876659614,212,4.829379812981298,9696,,,
7035,OK,0.16041977611940297,6.616522261634781,71,48.37601709572644,202,6.481476446196724,14711,,,
7036,OK,0.2506460674157303,4.328290186409653,54,38.39802493200551,213,4.118002427416165,24443,,,
7037,OK,0.05878846153846154,6.943081452404318,44,53.81171975563411,253,6.875568551007148,4104,,,
7038,OK,0.14570926966292136,8.67081144472826,59,46.403695818365655,237,8.68129383291819,18869,,,
7039,OK,0.24583333333333332,6.694225988700565,42,63.8524014732965,240,6.671420039733324,27349,,,
8003,OK,0.27848333333333336,7.3704191353960935,86,69.96750286818661,255,7.107529380519222,30122,,,
8004,OK,0.016198501872659175,7.971676300578035,52,95.12909171663335,255,7.100861008610086,1084,,,
8006,OK,0.034722222222222224,5.4023619047619045,59,70.13490099349092,244,4.731051587301588,3360,,,
8007,OK,0.016208333333333335,5.866152527849186,70,91.65099600468709,255,5.16097077761268,1346,,,
8008,OK,0.10485049833887043,4.874471905365441,41,62.45034144893112,213,4.732930495957031,11419,,,
8009,OK,0.154925,2.274541444785111,39,108.8084752503887,250,1.7806157154455489,15191,,,
8010,OK,0.043611111111111114,7.594140127388535,58,69.19565495207668,255,7.325625593918277,3157,,,
8012,OK,0.07266853932584269,6.199673581583129,45,62.94090880023695,235,5.849904348275683,6447,,,
8013,OK,0.021222222222222222,9.078184991273996,56,70.02766867219133,255,8.682614379084967,1275,,,
8015,OK,0.08698581560283689,5.898355754857997,48,75.5536761564454,252,5.310172431384553,3267,,,
8016,OK,0.1268632958801498,6.484070165079833,70,45.38153656975975,209,6.3573994252873565,12064,,,
8017,OK,0.05677455357142857,3.7243955179870256,39,81.68542906613973,255,2.9816695566014366,4037,,,
8018,OK,0.08399553571428571,5.176499247054655,48,105.46681450073511,255,4.280521783181357,5264,,,
8020,OK,0.11945,7.542416631784568,107,55.84903690244102,247,7.286626006845261,12953,,,
8022,OK,0.12524166666666667,4.464812473662032,57,55.22557341233928,251,4.001902616097134,13315,,,
8023,OK,0.026179775280898876,4.125417262756319,40,60.57466379498224,254,3.4321148825065273,2298,,,
8025,OK,0.05781818181818182,5.298427672955975,39,76.82085745529396,255,5.092847107690428,5457,,,
8026,OK,0.03655833333333333,6.3516450117772205,54,88.3171817471507,255,5.9023886759068125,3391,,,
8027,OK,0.1075561797752809,7.02147354980993,48,76.231129716478,251,6.734205024627051,9407,,,
8028,OK,0.009325842696629214,6.852409638554217,40,61.26149925018588,233,5.773584905660377,530,,,
8029,OK,0.06799056603773584,6.646963600203506,50,61.102419537146694,236,6.394359387590653,6205,,,
8030,OK,0.025627340823970036,7.381804895871392,50,55.70494155783836,213,6.703269367448472,1876,,,
8031,OK,0.02556818181818182,6.054017094017094,73,60.607941989982805,243,5.293333333333333,2350,,,
8033,OK,0.01845303867403315,6.9094311377245505,47,64.0308876505685,255,6.6770186335403725,805,,,
8034,OK,0.03559166666666667,4.072816670568954,57,46.579581032699956,238,3.4144381669805397,2655,,,
8035,OK,0.08202247191011236,5.398135464231355,48,68.30528355773154,253,5.285168295331162,7675,,,
8036,OK,0.026985018726591762,8.621212121212121,74,48.21779030902571,221,8.022993756662098,2189,,,
8037,OK,0.055842536515853226,6.011454255473394,49,44.63853610151129,201,5.622825330549756,5748,,,
8038,OK,0.04952572347266881,5.442568847048639,41,53.297360994821226,254,5.143972300912811,5295,,,
8039,OK,0.021721453287197233,7.722288596840568,48,72.16732249231431,247,7.262565777535837,1837,,,
8040,OK,0.32984166666666664,4.2280050192432395,41,38.21975735419076,229,4.184293278146585,37207,,,
8043,OK,0.02299625468164794,5.369163952225842,48,55.412574433284774,234,4.749602122015915,1885,,,
8045,OK,0.2675569620253165,4.475769188311176,33,43.45377587289517,186,4.362961065573771,39040,,,
8046,OK,0.14416666666666667,7.670327552986513,52,44.97089905874716,251,7.568390101517395,15531,,,
8047,OK,0.16885551948051947,4.995785864218302,115,98.50229010615546,255,4.739083265527529,18435,,,
8048,OK,0.035166666666666666,8.18001579778831,60,57.095793746761096,252,8.078886310904872,3448,,,
8049,OK,0.04506637168141593,4.5430371461299295,34,53.137787765756165,254,3.9594343996291146,2876,,,
8050,OK,0.028191666666666667,5.398659966499163,37,88.78961043415626,243,4.783825338253383,2168,,,
8051,OK,0.024142335766423356,4.966616276140086,46,60.88126982939706,220,3.585625,1600,,,
8053,OK,0.13148888888888888,5.2399864796349505,43,72.45998686555961,228,5.027731828354578,10277,,,
8054,OK,0.033775,5.974956822107081,40,85.39622413689013,235,5.43194688537395,1707,,,
8055,OK,0.09451666666666667,3.9474225592194205,42,55.02251406553897,236,3.67592138395631,10193,,,
8057,OK,0.07670250896057347,5.095132398753894,51,60.13417443064182,228,4.666428503381919,6998,,,
8060,OK,0.167825,5.855653210189185,79,53.542587530000034,247,5.708222370173103,18024,,,
8061,OK,0.09612359550561798,5.772777453081369,71,50.322639346413354,230,5.314074416454819,8654,,,
8062,OK,0.0659023178807947,8.259891973370179,50,57.33339241456116,205,8.26244712836977,6541,,,
8064,OK,0.07638157894736843,9.97321684918584,117,46.1371112445263,252,9.45334666285823,7002,,,
8067,OK,0.10957875457875457,3.3340018942559473,96,110.26589807406188,253,3.3924175824175826,9100,,,
8069,OK,0.05507109004739336,6.810025817555938,69,81.50501136857592,255,6.362241054613936,3540,,,
8074,OK,0.049176029962546816,5.373635440467123,48,53.633687188981234,253,5.0719830628087506,4251,,,
8076,OK,0.07250936329588015,3.4954373278236917,44,103.30465595218867,254,2.4748716173331027,5777,,,
8077,OK,0.12041198501872659,6.6400466562986,40,88.07530338513945,242,6.5246067082220245,11230,,,
8078,OK,0.15813464235624122,4.9787878787878785,63,72.96131704382434,255,4.342575867052023,11072,,,
8079,OK,0.2988593082753049,3.0211544856735215,57,80.20076635710595,255,2.6617703904136065,28457,,,
8081,OK,0.10916666666666666,3.1521119592875317,44,64.8412628624883,249,2.7813972193496497,11604,,,
8085,OK,0.07228835978835979,3.8946020128087833,33,70.78363156769088,238,3.435316124205013,4455,,,
8090,OK,0.043382899628252786,5.690802627820623,60,68.68849985103434,239,5.107728549424663,3679,,,
8091,OK,0.16995659722222223,3.528525460953062,50,59.69410833742936,225,3.1132667398040685,17319,,,
8092,OK,0.1001685393258427,7.648283168193432,63,57.327440289137236,242,7.488116132806787,9116,,,
8093,OK,0.008857677902621723,5.669485553206483,34,78.97111115309767,255,5.206264775413712,564,,,
8094,OK,0.0791,5.931310577328277,75,70.87460862561987,250,5.472069931773879,10944,,,
8097,OK,0.01924757281553398,5.877679697351828,33,63.77808300541985,221,5.646007816862088,1194,,,
8102,OK,0.0402996254681648,8.014637546468402,57,64.2747196638568,255,7.600147585916087,3162,,,
8103,OK,0.12488679245283019,6.498992798509342,38,79.35277017169386,248,6.356876000711617,11242,,,
8107,OK,0.14988905325443788,7.540373385969241,91,61.459390090050896,255,7.286118825899908,18363,,,
8108,OK,0.01803370786516854,7.665455174800969,39,56.52793510943291,232,7.56107099879663,1108,,,
8109,OK,0.03179203539823009,6.908257944792392,52,92.67712070318153,255,6.431788297172912,2028,,,
8110,OK,0.03681818181818182,6.093621399176954,103,65.0575939908762,255,5.386131167268351,2216,,,
8111,OK,0.07648876404494381,7.116456522626188,58,51.3385987502239,248,6.930356514305828,6629,,,
8112,OK,0.20201388888888888,5.669302165692678,40,51.437675862269025,197,5.318644222435108,7307,,,
8113,OK,0.24823333333333333,3.9804731211673605,46,58.064950708700984,255,3.7540641634297223,27804,,,
8115,OK,0.24673220973782772,6.632853908137578,108,56.0630834441696,255,6.392686759836112,23756,,,
8116,OK,0.18083011583011582,5.169940571509911,44,76.76126285359665,255,4.956381573836713,17164,,,
8117,OK,0.07225833333333333,6.736247260984892,57,77.15120049582768,243,6.425802206701083,6586,,,
8118,OK,0.1863866997732916,3.983613283135438,38,76.22520953581459,238,3.68761858296742,12298,,,
8119,OK,0.010666666666666666,8.10138888888889,39,56.776531147050015,242,7.464730290456432,482,,,
8120,OK,0.015333333333333332,7.240338164251208,36,73.66170164748364,253,7.002739726027397,730,,,
8121,OK,0.03591111111111111,6.137685643564357,63,53.80649548220542,241,5.2736980450139646,2029,,,
8122,OK,0.052533333333333335,5.693527918781726,64,74.6228226537824,255,4.733931703291034,3231,,,
8123,OK,0.014233333333333334,6.519320843091335,43,63.16862791510274,249,5.822510822510822,1232,,,
8125,OK,0.16975655430711611,6.725648097076668,79,101.3310740197737,255,6.437455602195673,15485,,,
8126,OK,0.11326492537313433,6.036375116674902,50,70.31255303779447,254,5.885308924485126,10925,,,
8127,OK,0.07224806201550388,4.712133404864091,45,66.04337260472371,255,4.4426531552280055,6513,,,
8130,OK,0.13096441947565543,4.252067395915255,31,63.350766236051705,236,4.106941155037347,10978,,,
8131,OK,0.21341760299625467,6.018485207446731,48,82.64834279683042,247,5.74110644257703,19040,,,
8132,OK,0.17776442307692308,5.88489970700924,48,107.21393558446621,218,5.443462153742527,11877,,,
8133,OK,0.02044736842105263,7.65980265980266,43,38.39307835358664,187,7.223449969306323,1629,,,
8134,OK,0.028043478260869566,5.5534413906506925,43,47.82747063567909,211,4.906460773872914,1878,,,
8138,OK,0.03597985347985348,6.143717655043692,47,61.752853745729276,255,5.664570924332671,3022,,,
8139,OK,0.20300751879699247,6.613950617283951,54,73.1860573899371,255,6.590670695703518,19194,,,
8141,OK,0.02155430711610487,8.6167101071532,89,55.01597159754254,254,6.9594017094017095,1248,,,
8142,OK,0.1532768924302789,6.627742759980072,44,58.753784804319444,254,6.526348589091635,13372,,,
8143,OK,0.11035410764872522,6.289308176100629,54,52.3057788958058,250,6.046057156409344,14055,,,
8144,OK,0.1753490566037736,5.417890640411757,42,41.48447027330031,221,5.280591626151353,16249,,,
8145,OK,0.009483082706766918,6.865873802444665,44,88.10996195121025,243,5.577635327635328,468,,,
8147,OK,0.10279166666666667,4.211349817592217,43,73.82135017569931,251,4.006108679795769,10968,,,
8148,OK,0.14787940379403794,6.903055848261328,95,92.82238106217815,255,6.655951478392722,19785,,,
8153,OK,0.11002923976608187,5.742625564709009,64,54.018803868099134,204,5.548085619535725,13268,,,
8155,OK,0.012106741573033708,9.037380768239236,115,74.7409081861867,255,6.227346278317152,824,,,
8157,OK,0.11384166666666666,8.673864773198643,81,67.07532513941263,255,8.324721679272542,11767,,,
8159,OK,0.06073920265780731,6.705045808833584,67,87.29426017137249,243,5.869799498746867,5320,,,
8160,OK,0.095675,5.159103446273553,45,66.90098815261229,247,4.594163350388478,8795,,,
8162,OK,0.05075,10.188232074438972,87,55.575863986187926,238,10.034807355516637,4568,,,
8164,OK,0.1580921052631579,5.559320690406833,48,55.732150764502094,246,5.314536257813708,15091,,,
8165,OK,0.07778333333333333,9.737768730804943,78,72.12935318887463,255,9.634704307617426,8218,,,
8168,OK,0.07904166666666666,4.423932525039536,47,62.11972130480025,255,4.076691791259937,8093,,,
8170,OK,0.0399625468164794,7.220790378006873,60,88.81291369198559,245,7.194642348247364,3509,,,
8171,OK,0.030657051282051283,7.058024046001045,46,51.54029791525452,198,6.5215901302261825,2918,,,
8173,OK,0.14377798507462686,7.503946884664461,63,61.656897672509906,246,7.362788963460105,13410,,,
8174,OK,0.09037356321839081,7.110545839957605,43,52.49846434651363,233,6.9519639853566835,6738,,,
8175,OK,0.21839301758439225,7.401741110784601,71,54.77717450803295,255,7.277066902730833,24852,,,
8176,OK,0.14103932584269663,7.790214432715927,103,42.204079778787914,188,7.756358185862102,13788,,,
8177,OK,0.12005,10.98246101161553,161,90.27686863521286,255,10.768088298873376,13107,,,
8182,OK,0.04829268292682927,4.992003367003367,54,68.12209817614898,243,4.495047654643992,5351,,,
8183,OK,0.04356203007518797,5.592304926285509,38,73.22850685402643,244,5.234654234654235,3861,,,
8188,OK,0.09819288389513109,6.1514573599059155,49,44.83272247775482,228,6.07043904518329,9384,,,
8190,OK,0.0404208334382898,7.082329317269076,55,47.2087566246365,201,6.762029746281715,3810,,,
8193,OK,0.1309682604120927,4.983890013495277,40,55.80499810918428,208,4.723132536478535,12633,,,
8198,OK,0.015548327137546468,7.721059972105997,43,62.01910120491785,247,7.400604063701263,1214,,,
8199,OK,0.1071640625,3.5639960146776506,46,50.32425061761884,241,2.987699769188068,11409,,,
8201,OK,0.1482056451612903,5.910647077495125,51,57.00381863081572,249,5.597242661296569,12911,,,
8202,OK,0.10993881118881119,5.75646020513636,45,61.41186176011314,244,5.504160992585867,11015,,,
8203,OK,0.1538508064516129,5.023740881492159,45,45.96364380058297,247,4.766443376535119,13734,,,
8204,OK,0.11058467741935483,4.657642054086904,47,47.06994975254071,236,4.220907075489422,8871,,,
8205,OK,0.17892322097378277,7.724911472778969,90,64.30242936371273,255,7.569534152615033,17495,,,
8207,OK,0.018656015037593985,6.197816960537364,50,66.2463726476081,255,5.153353814644137,1302,,,
8208,OK,0.20077464788732394,5.317607856892319,60,41.277924633594736,220,4.886547396919474,9111,,,
8210,OK,0.14464285714285716,4.197736625514403,61,66.07696155184412,247,3.7920619860847564,10540,,,
8211,OK,0.09556153846153846,5.350639942042985,97,70.00115101876501,238,4.373905899453344,10549,,,
8212,OK,0.02593045112781955,9.15621602029721,70,75.03675829707034,249,8.811174422285534,2106,,,
8214,OK,0.1174245283018868,4.089981521651803,49,40.699966863702926,238,3.494630213097537,9839,,,
8215,OK,0.12496495327102804,7.605372222741579,55,52.849934804569465,246,7.456804241605156,9619,,,
8216,OK,0.03094375,7.532148387531138,49,76.24557827955464,242,7.387009803921568,4080,,,
8218,OK,0.09653558052434456,3.7463627546071776,44,94.25331122396103,251,3.0870342648037257,8016,,,
8219,OK,0.01731203007518797,5.837857401375317,42,78.95752596644924,229,5.50168837433671,1382,,,
8220,OK,0.15357976653696498,5.683240435774006,41,81.56371918049618,255,5.689412252227363,14479,,,
8221,OK,0.18042134831460674,8.796772017229747,79,46.64072157292845,230,8.635072167291737,17598,,,
8223,OK,0.11134551495016612,6.486598040678303,43,79.12979544024276,247,6.3036743414579295,11857,,,
8224,OK,0.0699483656816191,7.775745592354589,59,76.61372658363798,255,7.3827632461435275,4970,,,
8225,OK,0.061283068783068786,7.033167853802432,67,82.34848591598912,250,6.6970175865143045,8226,,,
8226,OK,0.10304166666666667,4.8520016174686615,45,30.652585125656152,175,4.74987401808211,11245,,,
8227,OK,0.11451776649746193,7.9316144602048855,111,79.82637137251905,255,6.851836437415462,9611,,,
8229,OK,0.04713333333333333,3.063177746346063,37,75.99421919820891,232,2.6673679781190827,4753,,,
8231,OK,0.125025,4.006865293607945,39,86.2343749503954,252,3.8383015173764075,13620,,,
8234,OK,0.11839795918367348,3.1031629750926486,33,43.77424370444962,195,2.90784123910939,10330,,,
8235,OK,0.008608333333333334,7.9351403678606,43,47.542270825803236,219,7.796831955922865,484,,,
8236,OK,0.064275,8.026146333030814,54,70.04790106304975,222,7.589505473763684,4415,,,
8237,OK,0.03713333333333333,6.523139836425294,36,86.8954664697239,241,5.92172062623499,2193,,,
8238,OK,0.029,8.690134099616857,94,77.4511242705115,250,7.712787510427839,2797,,,
8239,OK,0.3998583333333333,3.2255382114498885,38,44.838343724398406,200,3.0736750838263163,43443,,,
8240,OK,0.08081666666666666,6.654774180243349,45,65.30754957601252,245,6.606745025735576,8678,,,
8245,OK,0.04896428571428572,6.214077315827863,83,67.66912013218672,255,6.379407850964737,2004,,,
8246,OK,0.1194375,2.282190825047968,31,25.779442591146758,137,2.1247606589698385,17583,,,
8248,OK,0.08681497175141242,6.601155128935166,79,23.783803918839144,244,6.402077151335312,9436,,,
8250,OK,0.021741666666666666,7.7895745496358755,56,85.57390543852027,255,7.8348111658456485,2030,,,
8255,OK,0.03301498127340824,4.820570996407638,40,64.97030875793197,249,4.3767958469153685,2761,,,
8256,OK,0.16416044776119404,8.025930977004963,57,55.768200858611785,255,8.01608540925267,14050,,,
8257,OK,0.023991666666666668,7.959013546370268,54,63.57455964344567,255,7.845008756567426,2284,,,
8259,OK,0.2244172932330827,4.030292877683782,45,81.57311585597375,252,3.8565209336791404,21592,,,
8260,OK,0.04199868073878628,5.671326108580702,47,50.75905154705428,252,5.354383212394588,5099,,,
8261,OK,0.027659176029962547,8.556533513879485,57,76.89787762648537,255,7.656664625433762,1633,,,
8262,OK,0.08904166666666667,8.593947902043363,80,75.20035371784903,254,8.320859633303277,8872,,,
8265,OK,0.054802867383512546,11.427349029867015,119,77.70010301720325,255,11.078249519098653,4852,,,
9001,OK,0.1418618881118881,6.468051019779407,70,87.021398036759,231,6.10701054431462,14036,,,
9004,OK,0.24221666666666666,4.861178008669923,57,79.24931635398568,255,4.543450507501928,26371,,,
9005,OK,0.01399812734082397,8.146711259754738,67,82.27817609167023,255,6.171393341553637,811,,,
9008,OK,0.16718333333333332,6.874688465756156,83,59.10620251222424,224,6.518499268499268,17316,,,
9009,OK,0.02044943820224719,5.145604395604396,47,49.235123371823306,227,4.026148099318831,1517,,,
9010,OK,0.16526217228464418,6.034693106704438,91,44.18929893438026,209,5.910326599962243,15891,,,
9012,OK,0.1511355633802817,6.148135204923602,98,53.48179873000729,249,6.070522347872913,15475,,,
9015,OK,0.013591666666666667,5.9223380339260165,42,62.339038655954404,250,4.77432482426933,901,,,
9016,OK,0.07750833333333333,3.2328065082607607,32,51.90685853831862,248,3.0230873338110023,8374,,,
9017,OK,0.07281365313653136,3.4552557118121543,58,71.94492589239223,255,3.1304180497426275,6929,,,
9018,OK,0.04712546816479401,5.390224518180012,59,82.03894189668557,255,4.791147994467496,4338,,,
9019,OK,0.016361538461538462,6.935590032910202,55,81.96336729932564,250,6.4915846994535515,1525,,,
9020,OK,0.005468164794007491,7.074200913242009,35,67.77158808465768,214,5.944444444444445,252,,,
9021,OK,0.234875,5.678197622849033,70,71.58977654341157,243,5.41379719312117,25295,,,
9022,OK,0.16494718309859155,7.182374497456149,62,65.00468399710456,223,7.118801693774981,16846,,,
9024,OK,0.029784172661870504,7.203904991948471,57,85.85575164367987,255,6.478543151227237,2105,,,
9025,OK,0.12478846153846154,5.097395592541224,44,59.50525147766474,203,5.019851187911172,11603,,,
9026,OK,0.004617537313432836,11.13872053872054,69,82.94593817846712,248,8.35897435897436,65,,,
9027,OK,0.05044007490636704,4.596250232040097,47,85.24687827661805,238,4.038467163960801,4558,,,
9028,OK,0.20913246268656716,7.847435954621824,91,44.85936707517014,255,7.668399768919699,20195,,,
9029,OK,0.083675,3.901329548849716,63,72.65699942705918,255,3.3060440009814345,12227,,,
9030,OK,0.08284774436090225,8.062355832860653,87,88.22856996464621,233,7.701314060446781,7610,,,
9031,OK,0.0586,7.198189230185817,59,92.7163798597833,255,6.742640380402842,6239,,,
9035,OK,0.07868913857677903,8.040536252578137,81,39.32160182663252,209,7.941673832043565,6978,,,
9036,OK,0.02596441947565543,6.969106863805746,50,44.72886846684034,214,6.832453051643192,2272,,,
9037,OK,0.0400187265917603,10.68600842302293,95,58.59307557757707,238,10.724903278354715,3274,,,
9038,OK,0.12543,7.334715246219671,86,88.65095227750018,252,6.9541984732824424,10480,,,
9042,OK,0.13760833333333333,11.382002058983831,127,79.05733731450971,255,11.504710540688148,14648,,,
9043,OK,0.13121722846441947,8.176180961895248,90,55.589672292515395,246,8.018080158854575,12758,,,
9045,OK,0.14785,7.060263780858978,59,55.939091318038685,222,6.850066728261986,12988,,,
9046,OK,0.26249375,7.728691952983008,78,93.80215986870168,249,7.634669559440618,39639,,,
9047,OK,0.12468333333333333,5.285879784342557,84,72.88701866626046,249,5.092880402605092,13512,,,
9049,OK,0.0845505617977528,8.24296788482835,65,46.53604718557158,217,8.14490753519183,7246,,,
9050,OK,0.23335,4.478561055162727,95,95.59776661811489,229,4.090050920485703,25530,,,
9052,OK,0.17119604316546763,6.541524399852918,45,74.97170954359848,254,6.525716711039086,17278,,,
9053,OK,0.08171348314606741,5.124364997517284,48,62.11385396592334,247,4.747214484679666,7180,,,
9054,OK,0.0874811320754717,6.182249541680147,68,89.7481365079037,243,5.7253888188314415,7930,,,
9055,OK,0.038914728682170545,8.30710491367862,110,90.41799080496854,248,7.849945533769064,4896,,,
9056,OK,0.220375,5.23918825234764,47,89.40508079026597,252,4.9866564786121605,23557,,,
9057,OK,0.1346875,8.497277648878576,103,76.2834765860118,255,8.029140199243292,19206,,,
