stem,status,fg_frac,obj_mean,obj_max,bg_mean,bg_max,obj_interior_mean,interior_px,raw_shape,cand_shape,err
0004,OK,0.211375,6.675287469610356,165,74.03366619115549,251,5.202525297223943,22598,,,
0005,OK,0.2678370786516854,6.542108023072889,167,57.51674233220368,237,5.12287909020958,25559,,,
0006,OK,0.17136666666666667,11.76277313103806,169,58.41560065435724,215,8.702178801271614,17196,,,
0007,OK,0.156775,13.259891209978916,175,40.483731441127155,220,9.851162682649198,14349,,,
0008,OK,0.0499625468164794,12.30515992003998,128,90.47189150831822,251,7.211786372007366,3439,,,
0009,OK,0.07668539325842696,17.233414733414733,212,97.0949329006524,253,12.60592007328524,5822,,,
0010,OK,0.26655075187969923,12.177320968936215,182,61.09161231350137,252,9.329239865825231,23452,,,
0011,OK,0.10453180212014135,7.529902250767627,179,71.53483875422968,236,4.190687197666261,9027,,,
0012,OK,0.3889624183006536,5.838440911032228,93,32.227897296020465,162,4.90730321903483,43191,,,
0014,OK,0.1253,17.28431763766959,125,72.76486223848177,247,15.861168384879726,11155,,,
0015,OK,0.15674107142857144,13.734434634007405,228,62.169435473908976,253,8.605880143784537,12426,,,
0016,OK,0.07977611940298507,15.846546616775804,216,64.6810714189171,227,11.610565758919147,6316,,,
0020,OK,0.22710833333333333,10.642449149329126,199,117.40107317038107,255,9.307828175780697,23590,,,
0021,OK,0.17984166666666668,8.35900406221522,183,60.80536278564098,207,5.738814604077762,17575,,,
0024,OK,0.16936548223350253,16.09838153753934,206,60.60211242501095,252,14.91952272150292,22321,,,
0027,OK,0.05632,13.023200757575758,215,98.71625621679665,255,9.33562983754359,3919,,,
0029,OK,0.1272752808988764,11.216042570931117,223,90.40077819620129,204,7.968493661446682,10728,,,
0030,OK,0.21338541666666666,17.584601198709084,209,73.04632633693085,247,13.180589363428487,18076,,,
0031,OK,0.07905378486055777,8.65977909369619,150,61.12534022618056,226,4.836784050020645,5651,,,
0032,OK,0.20454241071428572,5.782070169694985,119,62.49145305141264,215,3.8255169588373548,15459,,,
0035,OK,0.15407366071428572,9.060775081492213,162,55.18883831387295,255,7.35399011299435,11328,,,
0038,OK,0.2371875,9.631281761716544,221,127.77666744698699,255,7.297567404316073,18211,,,
0040,OK,0.29845444059976933,5.4049183284381925,172,107.92783002323644,211,3.9124004049830523,22717,,,
0041,OK,0.234468954248366,5.165441304575072,111,57.4701515103005,188,3.8642640046114343,25444,,,
0042,OK,0.26829545454545456,7.965874024323834,203,75.31559174376382,250,5.601700060716454,29097,,,
0044,OK,0.16044007490636705,8.778523489932885,161,67.3395639324151,238,7.158463910172339,14487,,,
0045,OK,0.22092857142857142,6.922836512555232,124,71.9153815592433,227,5.200668515212519,26327,,,
0047,OK,0.36343589743589744,11.701293448097456,221,72.91063669808534,252,9.157119655868668,30376,,,
0048,OK,0.18918333333333334,8.4911902035063,254,73.22590392402722,254,6.224653691039804,19010,,,
0050,OK,0.34255494505494505,16.196874916459485,191,55.851117100552976,250,14.108779940719378,41610,,,
0051,OK,0.1400437062937063,17.189542891621414,224,35.6871961157022,217,10.549737396609743,10599,,,
0053,OK,0.27614232209737827,13.244145304941453,203,64.92591538607475,234,9.547642789873137,24068,,,
0054,OK,0.1716914498141264,14.701003211720977,202,66.1237648572433,227,11.847758887171562,11646,,,
0056,OK,0.08441947565543072,14.963952972493345,158,50.12709645749816,188,9.56046304541407,5615,,,
0057,OK,0.14819288389513108,17.42294812661907,198,66.79431259824344,240,12.225660751231167,11439,,,
0058,OK,0.14263319672131147,12.87381174724038,213,117.318861363066,240,8.661260597124954,10852,,,
0059,OK,0.22956666666666667,14.072769953051644,189,61.97458140440445,235,8.072450161174224,21302,,,
0060,OK,0.067125468164794,34.51146138466546,202,55.35814488796994,251,27.139515455304927,3990,,,
0061,OK,0.1391324200913242,14.21540312876053,225,85.17820329213741,249,9.310325873576756,8490,,,
0062,OK,0.11715613382899628,15.78470569570046,212,83.32379588886316,237,9.547189892539569,9709,,,
0063,OK,0.09715,13.120174987133298,186,78.46587042267387,230,7.078654770075498,7285,,,
0064,OK,0.09085820895522388,20.817385352498288,185,61.57407825432656,228,16.351409978308027,6915,,,
0068,OK,0.28765833333333335,7.199204302944272,222,52.209590435301415,253,5.1667040179286055,31235,,,
0070,OK,0.25662593984962406,10.501934932552036,167,89.32549044398087,215,8.48397679655229,22353,,,
0072,OK,0.063,8.674206349206349,101,36.809474682793784,169,6.382057231245167,5603,,,
0073,OK,0.08320224719101124,20.082864430940056,178,61.81153529287606,253,17.25527395607048,6905,,,
0074,OK,0.3494,8.73455288430961,202,35.26913191242272,255,7.367839925353792,38582,,,
0076,OK,0.17763274336283186,9.60526425042554,173,49.80726462385552,202,7.712197580645161,13888,,,
0080,OK,0.42020348837209304,7.031284830316308,184,46.12156207347985,211,5.478345735205121,39107,,,
0081,OK,0.24622340425531916,7.485619644271621,188,91.79903558911391,230,5.12641029579941,19529,,,
0083,OK,0.119525,11.081828534244346,145,34.438103170321575,193,8.264010481805729,11194,,,
0084,OK,0.27513333333333334,9.614288021969147,178,62.73275544927803,248,7.727051476328236,29036,,,
0085,OK,0.30468984962406015,8.121307463730117,141,80.11056892986036,248,6.590144482445732,28654,,,
0086,OK,0.31713908450704226,10.820939850667555,161,81.84445189262587,221,9.413938202592297,32558,,,
0087,OK,0.11893258426966292,7.439615808534089,113,74.0348679036749,228,5.641437604852239,10332,,,
0088,OK,0.024571651090342678,29.403592181722136,228,77.01026787496507,255,18.515151515151516,1573,,,
0089,OK,0.22539166666666666,9.993887184037662,184,48.311971282978135,238,7.821050022598376,22863,,,
0090,OK,0.05551498127340824,15.078428065441052,207,56.932630124945064,255,10.940389294403893,4384,,,
0091,OK,0.16570833333333335,7.0663146425278685,171,119.24955967304267,247,4.900807595092781,16221,,,
0094,OK,0.2454326923076923,10.752164544564152,176,75.94511203143252,217,8.598967899938774,22866,,,
0095,OK,0.1454811320754717,12.1413872857359,143,39.69039549270066,207,9.430597379867706,12951,,,
0096,OK,0.0775776397515528,18.208433413397383,211,93.56006048975378,247,9.820021796668224,6423,,,
0097,OK,0.15092911877394635,7.273338833534302,124,60.58409575488194,218,4.873749684794486,11897,,,
0098,OK,0.1649342105263158,9.1500180447129,137,71.62521899959857,237,6.769997115533959,15023,,,
0099,OK,0.13325187969924812,10.241077726054451,141,34.808585080927905,228,7.187138772282046,10958,,,
0100,OK,0.11745300751879699,8.483582726521032,145,48.4182578476371,221,5.931828866948754,9926,,,
0101,OK,0.19018796992481202,8.018860776174474,131,46.0092536712935,212,6.254571279958388,16662,,,
0102,OK,0.1419423076923077,10.315652802239985,177,53.32432745392471,228,6.659303022519051,11679,,,
0103,OK,0.21657894736842107,9.912717699473472,162,48.587548186893166,231,7.960120836001248,20303,,,
0104,OK,0.27845864661654135,9.209542774852617,153,39.33487903575956,237,7.064761756259827,25653,,,
0105,OK,0.11925961538461538,12.679513021043295,169,63.89486555236525,219,7.739110154287765,9290,,,
0107,OK,0.09616666666666666,14.405603697284807,247,79.76524986170017,255,10.368413501201621,9293,,,
0108,OK,0.24706666666666666,8.789665407447382,153,55.42528850126911,236,6.923424290241055,25983,,,
0109,OK,0.18543071161048688,11.27886622231199,211,97.42357503026959,255,8.15745031407682,16185,,,
0110,OK,0.2973372093023256,8.02159998957152,155,98.82714149387435,222,5.671645495013417,21491,,,
0111,OK,0.206625,7.612556294951939,131,53.93199586856433,225,5.603889311525295,21032,,,
0112,OK,0.0802996254681648,12.869286380597014,200,62.73045962968996,198,8.008457884370292,5754,,,
0113,OK,0.13161654135338346,11.009616300104732,211,70.14110278944254,255,8.439179469474654,11586,,,
0114,OK,0.31595505617977526,8.30095226805753,232,74.03230854869324,251,6.96235142377442,29979,,,
0115,OK,0.2236498708010336,6.553507986482193,108,94.08437968918585,249,5.78256696082985,32295,,,
0116,OK,0.2616,9.471924906557934,138,55.86850698206332,215,7.567904031821557,26481,,,
0117,OK,0.10869755244755244,9.745851762498324,173,56.175537357590024,238,7.221735210917343,10723,,,
0118,OK,0.19383895131086143,8.007970244420829,236,74.2483216799461,247,6.049462114125351,17104,,,
0121,OK,0.3187622549019608,10.798072610305896,145,70.27906000587646,203,9.167477039438142,21595,,,
0126,OK,0.20164473684210527,8.977612056241746,230,74.67667706555223,230,7.275707628424813,18383,,,
0127,OK,0.11802123552123552,9.204520051252691,153,69.83879993725353,255,6.682587687280565,9589,,,
0129,OK,0.07513333333333333,12.817620526471458,202,70.95021204257671,249,8.867495395948435,7240,,,
0132,OK,0.08836753731343283,11.82575037826806,241,73.2946439230373,255,9.285733404710921,7472,,,
0133,OK,0.04733333333333333,24.078579812206574,164,67.93664275717285,241,18.859634238310708,3536,,,
0134,OK,0.08988130380761876,9.66892156862745,213,65.62808012935334,253,6.681751334089667,7933,,,
0137,OK,0.07412769784172663,17.287314489061426,207,64.26459589925891,255,11.887488947833775,6032,,,
0138,OK,0.08984821428571428,15.340455132664216,187,127.24472304789559,246,12.375197793751978,7373,,,
0140,OK,0.12965355805243445,12.25139019282155,139,57.69139601017002,248,10.16457352171638,11466,,,
0142,OK,0.08059166666666667,14.00785854616896,221,43.38160411133972,234,10.25148095909732,7090,,,
0143,OK,0.028155430711610488,24.45892916528101,214,74.15001011628915,255,14.521505376344086,1488,,,
0144,OK,0.016191666666666667,18.62617944758964,175,76.73032235840878,216,10.951960784313725,1020,,,
0145,OK,0.06833986928104575,13.424062739097169,189,67.82766023122684,255,9.881366036450348,3914,,,
0146,OK,0.05885,11.296469366562825,190,61.61392091235899,214,7.586802399563716,5501,,,
0147,OK,0.09995,9.995608915568896,187,55.97874809424168,231,6.2791364734299515,8832,,,
0148,OK,0.0950625,15.188253342099497,203,78.74718064586149,255,10.430655724115063,8042,,,
0150,OK,0.12566914498141263,10.866119410343638,235,43.844515543839506,222,7.460580273178553,10811,,,
0151,OK,0.1796441947565543,9.772959449598666,218,101.23082688459226,238,7.788223671211223,16870,,,
0153,OK,0.1121,25.728640103082565,232,94.58321132259638,255,21.77562856402281,10288,,,
0157,OK,0.07815737051792829,8.617900683913172,174,85.17829784015645,230,4.944334828101645,5575,,,
0159,OK,0.2771898496240601,10.88366731088733,133,41.463087451944126,193,9.68466024506913,25435,,,
0160,OK,0.2770447284345048,12.917901554902073,242,80.30432124680529,255,10.497349359940179,29867,,,
0161,OK,0.14613333333333334,21.54119145377129,219,69.84708450447637,255,17.875607831156596,13093,,,
0162,OK,0.10194146791104966,13.961005933879626,206,82.55056968634285,255,10.576249602037567,8376,,,
0163,OK,0.07358803986710963,16.243641835966894,198,74.37463690155998,247,12.66438501538788,6282,,,
0164,OK,0.25176029962546814,10.896385004462957,206,58.916383021323455,242,8.749674744442062,23315,,,
0168,OK,0.10830564784053157,10.410224948875255,188,53.36468268753105,214,5.622246142805884,9290,,,
0170,OK,0.050174189993181836,15.499627699180937,143,42.94816198764279,222,11.125061112740784,3409,,,
0172,OK,0.1432,9.294886716325264,204,94.31138149704326,251,7.262197807292029,14381,,,
0173,OK,0.09636666666666667,12.25363196125908,166,76.18918993692132,247,9.770425631599812,9249,,,
0176,OK,0.17294007490636704,8.425645190398845,168,62.87716517604438,255,6.716611245137033,15337,,,
0177,OK,0.08734141791044776,22.253302004343336,225,53.766339251339815,235,15.700659250103008,6472,,,
0178,OK,0.13594618055555555,13.224932422365537,179,88.31401092369155,213,9.378408458542015,11381,,,
0179,OK,0.08183224755700326,9.9951570637211,203,98.09271758121879,241,6.612574174881075,6797,,,
0187,OK,0.14368333333333333,9.410064571008776,219,85.37466020488267,252,7.365529452840541,13366,,,
0192,OK,0.10508490566037736,22.859532573241164,215,120.18324003893416,233,18.37804719071829,7671,,,
0193,OK,0.322075,5.801797372937635,140,90.80936108140445,230,4.808310317663696,35121,,,
0194,OK,0.200561797752809,12.465717398070339,178,44.58652299523698,203,10.50915852064579,18107,,,
0195,OK,0.22128416218637992,9.533755140778235,158,40.22325104730398,208,7.510622381807301,13368,,,
0196,OK,0.20159371685728208,12.142281624721551,203,55.49484614218584,218,9.653076136197575,18248,,,
0199,OK,0.15747232472324724,7.184924819371217,165,47.89687944815504,207,5.091293833131802,14886,,,
0201,OK,0.30310408921933085,5.684399337707733,165,99.13444731905511,226,4.095889149749114,28964,,,
0202,OK,0.14214882943143814,15.982373585867498,205,83.38010766836584,223,8.649135967105629,11998,,,
0204,OK,0.16289525691699605,20.403922758062887,203,54.14108874854906,239,14.254566407375396,11570,,,
0205,OK,0.20777698863636362,12.069481000398792,170,54.71542426823255,229,8.633527271697739,23547,,,
0206,OK,0.230475,13.905979197550952,173,55.28754751307625,237,11.695952709466223,24642,,,
0207,OK,0.2961704119850187,6.1403370111599385,121,59.88851343860723,184,4.93245322945222,27724,,,
0208,OK,0.097775,14.441603454643598,235,74.09432852731365,255,10.69035639412998,9540,,,
0209,OK,0.16179166666666667,8.759528714911152,171,67.79114264883763,252,6.641414553263203,12263,,,
0210,OK,0.19920833333333332,17.980073903646378,189,78.04381081221707,223,15.058887027731249,17910,,,
0211,OK,0.2161375,8.353102770227286,206,67.66030394361256,234,5.770881971465629,30840,,,
0212,OK,0.07960766423357664,10.788385864374403,196,99.48455349029327,255,7.573652754758676,6637,,,
0213,OK,0.32218503937007875,19.865148707086753,214,64.1831511760359,255,18.53501880904379,43153,,,
0216,OK,0.06394736842105263,13.310454634528709,176,114.81129429562098,255,9.605566870332655,4910,,,
0217,OK,0.03468045112781955,19.47542908762421,162,117.7100087625353,255,12.157529395098456,2353,,,
0221,OK,0.17680981595092024,14.199444829979182,213,54.133507229095244,255,11.62684173326809,12262,,,
0222,OK,0.19011194029850748,7.586081125286229,110,53.93214313138294,232,5.027878222325907,17146,,,
0223,OK,0.11102059925093632,13.784965280706194,164,46.081884218250245,223,11.058278643697019,9752,,,
0224,OK,0.19857014388489208,11.742418066814606,194,64.55312559611306,215,7.302855477855478,17160,,,
0225,OK,0.1209,22.30436081242533,195,48.53476408953602,250,18.974361430395913,10440,,,
0226,OK,0.2295886075949367,15.249552033080635,205,70.76804956527693,249,11.856927510529816,22555,,,
0227,OK,0.2645149253731343,7.957657403488973,124,78.92048855968748,198,6.559144061729377,25142,,,
0228,OK,0.30923507462686567,7.886616390145802,104,41.36729237002026,214,6.693470885870761,28789,,,
0229,OK,0.17978146853146854,17.084358438274908,192,89.40050231084302,241,14.813913761708998,17757,,,
0233,OK,0.04596,17.89701189440093,132,82.17099911953378,241,12.57947639083684,2852,,,
0234,OK,0.2511742424242424,14.25157928249468,214,45.96588092468006,244,12.44766014576141,34760,,,
0235,OK,0.242874531835206,7.548183558862459,155,43.6202330748651,222,5.806404054365354,21705,,,
0237,OK,0.27170962199312715,7.56116609226294,163,95.30313110699555,244,5.74090739965583,28668,,,
0239,OK,0.23267489711934156,7.595728687654757,166,66.73269959598126,239,5.557424583835526,19083,,,
0240,OK,0.10346374045801526,15.189062067693444,224,41.33265217067382,202,8.388059701492537,6432,,,
0243,OK,0.14625,10.978816597864217,191,87.11838859506712,225,7.236950630375869,14145,,,
0244,OK,0.0617,15.37641815235008,166,86.63339431832983,250,11.616555116984154,5827,,,
0247,OK,0.1595880149812734,13.560197136822342,179,79.31637624968432,252,11.144158773116825,14780,,,
0248,OK,0.06424157303370787,17.212651217023758,167,68.13021276311883,255,14.402146580803434,5435,,,
0250,OK,0.25,10.25501253132832,136,46.88387218045113,157,7.354164838058457,22786,,,
0251,OK,0.21288537549407113,9.458565416511945,196,71.79876803588765,251,6.386842504168562,17592,,,
0253,OK,0.22183510320964087,7.247454102122777,197,77.59110470524497,238,4.943122661460875,16392,,,
0254,OK,0.29010309278350516,8.479373963515755,217,73.94976824958854,253,7.135026237627704,41861,,,
0255,OK,0.16611666666666666,8.21479214741982,148,60.20788612848853,230,5.861876152519184,16811,,,
0258,OK,0.24072097378277155,6.998353365228779,160,59.01168234863713,231,5.466666666666667,21730,,,
0259,OK,0.17842350746268656,15.971070563426919,215,71.36909911853425,247,12.433360384543354,16019,,,
0260,OK,0.225325,5.131045280274172,195,20.08731618635772,159,3.954725499382427,23479,,,
0261,OK,0.24191011235955057,11.692625277390722,200,56.57944271528086,240,9.83965100949503,22503,,,
0264,OK,0.2594736842105263,8.280679513184584,155,41.45175060073781,219,6.457708359158713,24201,,,
0265,OK,0.1445318352059925,15.677701477066597,190,71.31888927805262,220,11.340827631150212,11253,,,
0267,OK,0.12118867924528302,16.199465462660232,224,98.53283093944793,255,13.055938094301265,10166,,,
0269,OK,0.20617,9.082731079529838,154,55.654166089297036,229,6.586858667941364,16736,,,
0270,OK,0.19700833333333334,9.815349040508721,236,79.55822497120144,244,6.89367216308356,19164,,,
0271,OK,0.11542613636363637,11.310908742855581,170,50.11072928598702,255,8.363430323634303,10001,,,
0274,OK,0.1555,12.755365011313565,205,97.2094116615135,252,9.15120458663815,11221,,,
0275,OK,0.21386666666666668,13.93583748960931,195,76.38797136476707,238,10.1624824964993,19996,,,
0276,OK,0.27655,12.150344522790736,173,53.22577387671727,236,10.418859501536668,29718,,,
0277,OK,0.19967032967032966,13.54395218002813,218,88.59196835858239,249,10.774697153798005,18106,,,
0279,OK,0.0872801302931596,11.649716987000062,219,96.00686997020038,242,8.59107197316255,8744,,,
0280,OK,0.23863295880149812,7.977438593737738,163,49.217059792901594,223,5.997926657486982,21061,,,
0282,OK,0.33408035714285716,6.778300416031929,132,61.73267813487435,214,5.3914275593340415,33876,,,
0283,OK,0.11973684210526316,11.413867085295657,145,66.28596697273828,252,9.55848207107252,10365,,,
0284,OK,0.15169475655430711,10.160586795053803,177,42.31156340945632,221,6.7477709995307364,12786,,,
0286,OK,0.07191471571906355,17.346161299073753,178,54.42103982918765,241,13.557664306873525,6639,,,
0290,OK,0.26953333333333335,10.515366064803365,185,81.94049085820328,246,8.688123770561047,27621,,,
0291,OK,0.1285392969603496,12.012198780121988,176,58.95470277073132,231,7.898719245028649,7912,,,
0293,OK,0.17945143884892087,7.789376096216487,154,47.07415931466564,203,5.629032585112639,16439,,,
0297,OK,0.08505,14.159318048206938,165,104.9024573291801,255,10.4089569518998,6334,,,
0298,OK,0.2296979865771812,10.517932797662528,197,100.23664778915268,244,8.128992450638792,22960,,,
0299,OK,0.40753703703703703,8.601581315036125,208,68.09648985715626,232,6.096225299407804,37769,,,
0300,OK,0.08664823008849558,35.156687518617815,231,123.68520918365287,248,29.87288020621354,4914,,,
0302,OK,0.24741573033707864,6.061547583005349,165,42.914535018745234,231,4.461450138209654,23515,,,
0304,OK,0.3276577540106952,11.887583235409322,144,56.46882158310002,212,10.99292547834844,13240,,,
0305,OK,0.300525,21.473019438205363,237,116.49938644459534,255,16.612045947350502,18601,,,
0307,OK,0.17089166666666666,10.145641325726174,198,68.69065495394986,255,7.86026991441738,18228,,,
0310,OK,0.33584166666666665,7.186810914534792,172,67.7289259170964,209,5.475865336380358,35882,,,
0311,OK,0.15011940298507462,8.19816729634785,171,106.77423518668118,252,6.046474535254648,18182,,,
0312,OK,0.3771484375,6.535687899188676,148,93.71218981917006,255,5.497677209984663,44989,,,
0313,OK,0.10488853503184713,18.93522595010374,150,132.6819952679985,255,17.014986205166792,10632,,,
0315,OK,0.35045081967213115,10.411326160682961,208,140.95845163732727,255,8.657221956024065,31305,,,
0316,OK,0.16922809255929944,12.431185743660041,231,68.12924258289704,240,8.739101161420637,11882,,,
0317,OK,0.28628947368421054,7.4691990685418395,129,71.96735616926613,226,6.076828424209798,39009,,,
0320,OK,0.10663333333333333,10.773887673231219,215,84.1419640229013,242,7.943561691412694,7678,,,
0324,OK,0.19380149812734082,15.047138209810932,197,61.065306264662844,255,11.76859080514155,16908,,,
0325,OK,0.24047574626865673,10.84612798531104,218,65.42207784232569,249,8.513983506633203,22312,,,
0326,OK,0.6062361623616236,8.500547811796213,135,38.6963421110174,192,7.7408152994464015,61597,,,
0327,OK,0.22772160507821357,13.936325262822555,203,62.08259455397297,254,10.681370100243115,20018,,,
0328,OK,0.16368913857677903,5.627426305151966,135,53.10633168379647,184,4.114421273309059,15105,,,
0329,OK,0.20471774193548387,8.864667454533517,145,69.64227889604354,255,7.412714467670638,17796,,,
0330,OK,0.19039166666666665,18.25831254285756,253,94.30532253250028,255,15.58277721604314,19780,,,
0331,OK,0.238796992481203,7.269350860621326,138,71.02763235875148,223,5.692606482721671,22398,,,
0332,OK,0.20615384615384616,11.095488466757123,162,68.92082158797275,242,9.34266124936516,19690,,,
0333,OK,0.23224166666666668,16.052328154341144,255,66.19057646177725,255,13.142093109869647,22375,,,
0335,OK,0.15250833333333333,13.138553448809718,185,62.80554053301081,255,9.882899012001857,15081,,,
0336,OK,0.122975,9.580809107542184,173,50.00003800727839,244,7.1317503503998685,12129,,,
0337,OK,0.3145505617977528,5.75686134428767,159,53.512025425966904,242,4.6002476524610465,29073,,,
0338,OK,0.26295524691358024,12.390191417979793,189,51.60703928978968,247,10.23193450013259,30168,,,
0339,OK,0.15725892857142856,12.657109332122106,185,76.59726092223153,239,11.037286324786324,15600,,,
0340,OK,0.21471698113207546,12.216066198008201,173,130.66664664424155,255,10.495699081498762,20577,,,
0343,OK,0.1745364238410596,17.033880351609437,206,63.11704240041718,255,12.90215754161532,17041,,,
0345,OK,0.38185833333333336,7.829765256166845,190,41.863156144537164,251,5.009854214042695,37818,,,
0346,OK,0.29314,8.790691592185759,184,68.1483650699337,255,6.902982529275779,26387,,,
0348,OK,0.10508620689655172,8.426639929511136,157,61.282949262719995,233,6.489420077423235,8869,,,
0349,OK,0.0895360824742268,11.615260986374976,112,65.81085697031459,199,9.117104269776025,11921,,,
0350,OK,0.1249515503875969,14.097789841023653,173,92.68496391857225,250,11.784984769754525,11162,,,
0352,OK,0.31291653009942094,11.214056067152562,205,133.06239192224365,250,9.895613417780906,19894,,,
0353,OK,0.11929166666666667,11.667109093025964,176,57.77147498068158,225,9.852773629777115,12054,,,
0354,OK,0.31875,16.979202029070336,216,79.67846547081108,253,14.446856610546885,29342,,,
0357,OK,0.28925093632958804,8.616686089170875,124,85.64595738701234,195,5.971958160283033,21670,,,
0358,OK,0.18250833333333333,8.42223338355935,204,59.796651002218844,221,5.188693795230751,16858,,,
0359,OK,0.1266751700680272,26.76102570987447,223,46.893790833763376,224,10.559146565768039,6343,,,
0360,OK,0.14685,11.863598532137859,135,83.18200524852345,255,8.888299197687745,13378,,,
0361,OK,0.1175936329588015,17.49998672930435,243,66.16993311474482,255,10.141376541858259,9134,,,
0362,OK,0.11181647940074907,10.279210629152013,195,102.5105912697576,239,8.436911487758945,9735,,,
0363,OK,0.07299166666666666,15.56779693267877,233,85.44575890783673,255,11.873072360616845,6744,,,
0364,OK,0.1258739837398374,26.21380770403861,186,78.13653591275839,255,12.282901622187337,5096,,,
0365,OK,0.28344569288389515,15.448863636363637,238,68.6194290542895,253,13.412242298813977,25126,,,
0366,OK,0.24355987055016182,18.357006820799008,247,73.16778257893385,254,13.243738620890133,21787,,,
0369,OK,0.10123333333333333,13.02162221490506,151,71.73114700391895,254,9.262206843521723,8670,,,
0371,OK,0.2588857677902622,15.560225204045958,230,85.49049285542823,255,12.140926669313453,22669,,,
0372,OK,0.2774916666666667,14.77846181567014,224,91.45567332941181,248,13.061191081004798,29525,,,
0373,OK,0.09021666666666667,11.40879980294353,180,60.99040980453221,244,8.189731842069802,7421,,,
0374,OK,0.15796052631578947,12.494218678725135,203,54.41450782985278,241,9.577227011494253,13920,,,
0376,OK,0.18098333333333333,11.462611658532094,196,82.56044511372038,236,9.63981684981685,18200,,,
0378,OK,0.22813063063063063,14.675848224569718,205,60.78686061101222,245,10.89350749630011,15541,,,
0379,OK,0.2674464285714286,16.466315016358415,228,60.005354719710084,236,14.170725258454297,25214,,,
0380,OK,0.3813014981273408,11.63440807406134,170,66.71597782385197,253,10.313972664002012,35777,,,
0381,OK,0.16933085501858736,10.06734357848518,166,59.662944730364735,232,7.8247252275459385,15528,,,
0382,OK,0.2179757785467128,21.52006773024314,219,59.58980258548852,249,19.14334148954885,20843,,,
0383,OK,0.11587406015037593,13.762430042988077,200,84.15713663084266,254,8.54317548746518,7539,,,
0384,OK,0.16705776173285197,12.484803009384317,213,104.38381831826409,255,9.136429323731845,13609,,,
0385,OK,0.15549166666666667,21.55749682905479,191,47.25889488624216,244,20.480901242366816,15830,,,
0386,OK,0.085775,17.5553612487451,222,74.13846275382002,241,12.985193670187943,7857,,,
0387,OK,0.20524344569288389,13.509762773722628,204,77.74113257932768,248,10.956068912900765,18787,,,
0389,OK,0.2945748987854251,9.680937328202308,171,46.812112603305785,232,8.439419160136955,24631,,,
0390,OK,0.2551990049751244,11.213406114955975,174,42.66258085345624,208,9.356844725253685,17410,,,
0391,OK,0.34387704918032785,7.914944501386472,181,50.318933459925624,255,6.101031680330423,37447,,,
0392,OK,0.2814634146341463,10.101790872328134,220,96.283237157728,255,7.5799354057327415,19816,,,
0393,OK,0.29596441947565544,9.55085576892657,182,94.51454739707323,243,8.439890050489367,28983,,,
0395,OK,0.19472448979591836,22.67709479641566,248,155.93559900486164,255,14.1007380480282,12104,,,
0396,OK,0.11948160535117057,14.268952647539072,194,50.01783939480265,231,9.924376049916006,11112,,,
0397,OK,0.30850833333333333,9.529888441695254,175,46.26782679955169,240,8.315228086747746,33876,,,
0398,OK,0.38203333333333334,10.914252683011954,170,50.58157577719043,226,9.793433826272633,41993,,,
0399,OK,0.0969991173874669,13.335658679607723,200,37.850041811922374,239,8.271905473699196,4683,,,
0400,OK,0.18306451612903227,6.7547723935389135,140,67.76847281635041,167,5.465135479996998,17764,,,
0401,OK,0.4104343220338983,8.031074977416441,136,100.81926152187584,254,6.822417291991128,35315,,,
0402,OK,0.17384294068504594,9.809537539846541,182,79.52168212139291,254,7.298457186458973,17911,,,
0403,OK,0.2689403973509934,6.935586472954117,118,85.87942748437358,250,5.6395139054362255,29377,,,
0405,OK,0.1259494773519164,8.381492496023238,116,58.52103659853234,241,5.946264863392938,11017,,,
0406,OK,0.16535,6.588801532103618,130,49.422652209508975,242,4.484616768621806,11116,,,
0407,OK,0.23493445692883896,9.527546397778751,192,62.03966107364754,242,7.021112849444523,21093,,,
0408,OK,0.24478333333333332,6.893057352307029,176,73.45632967728172,252,5.363193403298351,26680,,,
0412,OK,0.2565338645418327,14.239685251333023,232,102.4320463354947,254,12.286959097144281,21384,,,
0413,OK,0.08961134453781512,17.529597936935883,224,54.67529335748653,242,14.220393952401393,6989,,,
0414,OK,0.21599166666666667,15.316666023637744,203,115.4005838940204,254,13.318062362383692,23465,,,
0417,OK,0.14675093632958802,10.817563112784194,183,72.46494087006778,253,8.882628751013787,13152,,,
0418,OK,0.07119850187265918,23.761046817464493,202,63.20068349530223,248,20.57472841623785,5830,,,
0419,OK,0.21856398809523808,15.226632624113476,230,78.86571768626517,255,12.649978501558637,24808,,,
0420,OK,0.1723134328358209,9.282355276454453,177,60.90787575511676,206,7.859049619971575,16183,,,
0422,OK,0.1274921875,9.637130543129686,178,62.47846097366607,244,7.842051646529258,14070,,,
0423,OK,0.04790798611111111,13.123150329165911,169,73.05939953136824,236,7.119504053409633,3495,,,
0424,OK,0.1388804945054945,11.49474968267313,197,70.00269316764903,255,8.88216129825424,16268,,,
0425,OK,0.08342261904761905,11.496194553454632,135,81.4946748059876,211,7.4763558201058204,4032,,,
0426,OK,0.05619834710743802,14.628812636165577,181,55.70446584938704,246,11.078963368293053,4386,,,
0428,OK,0.32915,14.989639981771228,184,97.6955653275695,245,13.007093685571514,28617,,,
0429,OK,0.26774647887323944,10.664518674381904,209,94.9943365177064,255,8.419731322331586,20421,,,
0431,OK,0.1703370786516854,9.030636177074172,213,47.38218144336102,253,6.871806103080742,15981,,,
0432,OK,0.15459322033898304,10.015203011365713,153,84.52195980940543,254,8.16416364577939,15448,,,
0434,OK,0.238925,5.820538755769476,120,86.87710730801096,238,4.442178447276941,25890,,,
0436,OK,0.0966235632183908,16.461544816191655,152,62.39729622266402,232,13.143643484704139,6298,,,
0439,OK,0.10214076246334311,10.45681404919131,189,93.70049591185725,253,7.222843906987937,11081,,,
0440,OK,0.23098615916955018,8.965133697850348,206,57.84738689284348,253,6.807117224880383,23408,,,
0441,OK,0.1165843959961607,15.162043843314057,243,71.70030482152634,255,10.785375477479747,7941,,,
0442,OK,0.18161985018726592,8.98348541870736,154,45.6740272073041,176,6.1545358003512645,16322,,,
0443,OK,0.3201859504132231,10.590343650742438,189,74.45757056938409,234,8.882875000985237,42291,,,
0444,OK,0.21112637362637363,16.181059784573122,238,45.297602878867025,242,12.428237347294939,19100,,,
0445,OK,0.3519614147909968,6.422551617029051,164,49.284943435546296,229,4.926659195616984,40155,,,
0446,OK,0.22409711761206122,6.754674348980399,154,52.358180789854366,249,5.278504754427288,15284,,,
0448,OK,0.22618125,9.822413808984313,160,54.45358651493002,231,8.316878599473032,32007,,,
0450,OK,0.4737687969924812,8.060154602022125,137,71.86231715811469,233,7.503272379989326,47468,,,
0451,OK,0.159675,7.595897917645217,175,51.963919383042935,239,5.836457206936601,16646,,,
0452,OK,0.185625,8.976610549943883,190,76.34809925812228,255,7.570929211603135,20121,,,
0453,OK,0.17753333333333332,16.183924771560896,236,59.826365810164546,255,11.858483101616367,17694,,,
0454,OK,0.19136704119850187,13.84170010111883,170,71.78705526350323,241,11.330121004296243,16914,,,
0455,OK,0.17185393258426968,12.454651120555011,160,70.87907875992131,239,10.246736181756528,15728,,,
0456,OK,0.16621268656716418,14.877352489991395,216,68.50015663108903,255,12.173379310344828,14500,,,
0457,OK,0.16603383458646617,12.034982452168006,190,77.70115175693647,250,10.706515641855448,15450,,,
0458,OK,0.14378333333333335,9.696302306711488,189,74.06624751004094,230,6.934952579227389,14410,,,
0459,OK,0.07701511335012594,17.10160806759335,197,76.83770894453163,255,12.797306824591088,9456,,,
0460,OK,0.29460702341137124,6.633669173643631,133,64.01907584108734,216,4.886312356187029,29842,,,
0461,OK,0.25799440298507464,13.447541912234396,245,65.59408957000197,253,10.818715983079965,23089,,,
0462,OK,0.30218926553672315,7.541567344395108,155,88.58821981580812,255,6.050540285354595,38128,,,
0463,OK,0.1873469387755102,11.095315904139433,199,56.01484358183253,221,8.048362052070614,22111,,,
0464,OK,0.1656312292358804,8.466603149132483,118,47.66081679242403,200,6.709767181150282,16651,,,
0465,OK,0.23024064171122996,8.266432470096388,203,67.00522190188381,241,6.482385186175547,29918,,,
0466,OK,0.358438566552901,10.866838058511272,208,61.110336786760826,250,9.262917567892334,37449,,,
0467,OK,0.14600187265917602,14.096645930866414,216,122.60335281283236,255,11.875681249079394,13578,,,
0471,OK,0.18752032520325204,16.680612761037647,211,78.24032704591318,251,12.988243854742251,14659,,,
0472,OK,0.09450187969924811,16.114138902701807,220,104.13598007161762,254,12.681975775586475,7403,,,
0473,OK,0.13211340206185568,16.079312437681537,237,79.39662977701227,250,12.22472955373043,12541,,,
0474,OK,0.4183645833333333,6.586310783557005,179,76.03449325715923,241,5.676579488154404,36821,,,
0475,OK,0.20592696629213483,16.62497158186696,184,66.43163103674618,255,15.685028539990371,19388,,,
0476,OK,0.1570255474452555,9.786771257021112,171,61.28375726088682,218,7.37029670147522,14077,,,
0477,OK,0.26092060810810813,8.977039027179837,143,92.24654027677786,249,7.749795888072441,26946,,,
0478,OK,0.274915611814346,9.459417286982324,203,63.77615001891239,209,6.823051645213598,23229,,,
0479,OK,0.20174561403508773,13.557169152281983,205,116.25385435324887,255,11.507759800768559,20211,,,
0487,OK,0.2093139097744361,15.723257449897474,181,61.49542963781811,243,13.521546715877246,19508,,,
0488,OK,0.117175,8.738378019581347,184,74.48150350673501,250,7.397939918929424,12006,,,
0489,OK,0.30428124663000106,17.900115773556376,234,87.80452304926062,255,16.16975472752805,24449,,,
0490,OK,0.3258406113537118,6.139410996080008,180,103.0144878251529,218,5.278052988293284,27050,,,
0491,OK,0.19940833333333333,16.88315433156421,238,113.13247494040866,255,14.218277764451907,20845,,,
0492,OK,0.21084070796460178,13.083350821965722,191,115.67974488365573,247,11.553042609021617,16006,,,
0493,OK,0.11633699633699633,18.737169395465994,215,72.39421323163654,237,14.639512088869527,9182,,,
0496,OK,0.39271739130434785,10.161335389400708,226,124.74487543361715,255,8.236768841593532,47174,,,
0497,OK,0.09607357357357357,14.08374358573624,192,77.67767691281225,245,11.927372606148896,10983,,,
0498,OK,0.11862359550561798,10.035598705501618,141,81.20603910153581,255,8.198485536877177,11005,,,
0499,OK,0.05501865671641791,15.210805922911721,188,76.71110145900377,242,10.020814479638009,4420,,,
0500,OK,0.33996268656716416,8.752908572055757,173,50.74986338025515,205,7.570612433742696,33141,,,
0501,OK,0.08129213483146068,14.491207863011596,176,59.324157307187946,233,10.008030838419531,6226,,,
0502,OK,0.18107913669064749,12.98450536352801,193,94.19821224633225,251,10.089117244079077,17030,,,
0504,OK,0.192975,13.438744224208662,192,125.60019309604205,242,10.633916964014052,12051,,,
0505,OK,0.2438909090909091,5.755292977486208,140,65.29614533737316,225,4.645402420896156,23545,,,
0507,OK,0.22823,8.587842673326614,149,57.91569163524539,232,7.076737916425958,20772,,,
0508,OK,0.36937224669603524,8.428386853116272,168,46.34178003644132,239,5.965618860510806,29522,,,
0510,OK,0.1534549356223176,8.91054864121568,207,93.70172036469027,255,6.769224401953481,12081,,,
0511,OK,0.35899784482758623,10.280794436940317,167,60.51170323050629,225,8.65799493858977,28714,,,
0512,OK,0.028138020833333333,11.598179855005398,138,141.26721061822013,246,6.4826317000230045,1449,,,
0513,OK,0.2123704663212435,9.3805428484294,205,114.81847983992544,231,7.966889198640354,13631,,,
0514,OK,0.04342830882352941,10.797954144620812,211,59.38406918087917,225,7.439984925570002,3538,,,
0515,OK,0.09418326693227091,20.54624929498026,209,78.68095384705606,253,18.435118434603503,7768,,,
0517,OK,0.30288321167883214,8.537203277503314,189,62.59035303561768,235,7.541428649148577,30635,,,
0518,OK,0.23765209125475284,9.424823007079716,196,53.05719107054535,236,7.03976137074503,21847,,,
0520,OK,0.127575,17.130794521741024,252,113.68693265578385,255,15.798007453038254,13149,,,
0521,OK,0.32409166666666667,11.813110145449247,217,73.3393499282858,238,9.354544337245745,32546,,,
0522,OK,0.232175,15.688979816469857,224,72.86234565891388,255,12.9482073949344,23755,,,
0525,OK,0.1390311004784689,18.912673148068485,195,78.61543733877951,255,16.713690415692653,9839,,,
0526,OK,0.11168,12.627857370264246,169,72.37745757284662,247,9.238477269152115,8476,,,
0528,OK,0.17126146788990826,10.049283514128833,187,95.20414394966743,255,7.8731790916880895,12837,,,
0529,OK,0.17954119850187267,16.596210343328988,228,63.474841654778885,255,13.796479301735172,15887,,,
0532,OK,0.26840823970037453,11.908114142189353,201,85.83045366507112,233,9.382591508804353,25972,,,
0534,OK,0.22380149812734082,9.98411569464201,171,41.78570854142038,246,8.91389006375613,21279,,,
0535,OK,0.030075,21.55077583818232,190,92.28314259693619,253,14.861981857848203,2903,,,
0537,OK,0.19366279069767442,9.460936941573387,191,48.05342850962578,199,7.160203740814963,19960,,,
0538,OK,0.13922284644194757,11.665882036451679,249,110.88543219008459,255,8.623003534507959,12543,,,
0540,OK,0.08278125,12.854536303007425,161,74.07150239060566,248,10.302351445821417,4196,,,
0542,OK,0.13096441947565543,12.904220585782035,217,89.8138981967325,246,9.952874646559849,11671,,,
0543,OK,0.25948818897637793,10.67252060891114,197,53.09293423361157,251,8.95674918950781,22620,,,
0545,OK,0.12989583333333332,13.905684754521964,231,105.69377934740679,233,9.884218961562906,12063,,,
0546,OK,0.19497191011235956,9.474715458867598,121,71.57725903439292,213,8.337803934883896,17671,,,
0551,OK,0.11166666666666666,15.300298507462687,173,52.87003960808839,190,11.86601857852668,7715,,,
0552,OK,0.0870954356846473,16.24606955693187,155,62.05724739784555,251,12.915262660901545,6707,,,
0553,OK,0.02202247191011236,35.006802721088434,232,99.62530637254902,255,30.383122954651707,1426,,,
0554,OK,0.2713808664259928,10.46190428680701,201,66.17563265660031,246,8.525807615953799,25858,,,
0555,OK,0.22828125,10.718419651684538,203,64.46824593372477,245,8.283781918564527,14490,,,
0557,OK,0.19371666666666668,8.755226705669793,168,104.10848474826192,255,6.699473204335933,19742,,,
0559,OK,0.3208806818181818,6.852992966405981,139,98.13709823607334,239,5.169345746597394,28679,,,
0560,OK,0.2024137931034483,9.31305817975324,162,59.68041308021853,248,7.681802575107296,23300,,,
0561,OK,0.12360486891385768,13.671439032396536,213,89.9578378686382,253,9.926455566905005,9790,,,
0562,OK,0.22220833333333334,9.191049440590037,205,101.41439617149693,255,7.0763191655510935,23904,,,
0563,OK,0.3706848184818482,6.622936467306222,165,41.61697236680521,222,4.831896165652914,40937,,,
0564,OK,0.12411666666666667,11.404749115975113,204,52.853389276857015,253,8.838558676246462,12248,,,
0565,OK,0.034569288389513106,22.5853196099675,147,86.98635088127659,255,15.861485319516408,1930,,,
0567,OK,0.19246511627906976,12.479055904623811,172,42.559473754943745,250,10.546878765967703,13830,,,
0568,OK,0.2856916666666667,6.292837071823741,176,68.60737854412388,205,5.74902763125646,31281,,,
0570,OK,0.0706469298245614,13.200372497283874,152,78.80402405307723,228,7.166666666666667,4204,,,
0571,OK,0.19581666666666667,10.891621982012653,187,65.17983737815452,251,9.569714150720529,21165,,,
0572,OK,0.21455833333333332,13.056977511943138,246,54.98669538370132,252,12.397525408749448,22630,,,
0573,OK,0.31279347826086956,12.787063743035526,191,94.00181368594762,247,11.103893263342082,25908,,,
0574,OK,0.2016826923076923,9.415816889595197,192,73.96612466124661,212,4.955181057654556,11037,,,
0577,OK,0.14867924528301887,12.415635575296108,210,46.110067597517734,243,7.678369885853534,10396,,,
0578,OK,0.11853417266187051,17.541132438105354,215,59.02561408162363,250,15.031831661303553,10566,,,
0579,OK,0.32279166666666664,5.2695839249602,136,52.96759572591726,212,4.322355915450122,35072,,,
0580,OK,0.14806397306397306,17.699924199355696,226,78.44633600105391,249,13.723221451163669,14122,,,
0585,OK,0.2300374531835206,9.902189840442853,171,52.173107792586826,218,7.01153532693875,21268,,,
0588,OK,0.13200833333333334,13.978115859688993,229,94.70570633998662,250,11.412227917688137,13461,,,
0590,OK,0.37605916030534353,11.321390813055576,160,51.28090861357925,229,9.77814792004927,35722,,,
0591,OK,0.13735714285714284,13.440024267637373,229,87.16731183240871,255,11.883583138761267,13277,,,
0592,OK,0.18567137809187279,9.396596568021062,181,80.40931707564022,253,6.611901706909289,17146,,,
0594,OK,0.328234375,10.413489154408849,165,99.63687111855418,252,9.795868125174488,39401,,,
0595,OK,0.18328333333333333,16.977024036858538,250,83.80101898523219,254,14.319397901444816,18203,,,
0597,OK,0.15620192307692307,7.829239766081871,168,81.24833912597573,255,6.325286604134855,13753,,,
0599,OK,0.2643793103448276,13.124027216207992,199,66.63209972030813,252,10.917428513383108,26252,,,
0600,OK,0.21928333333333333,14.1574827088242,207,70.94797159305197,249,12.390487408155252,23772,,,
0601,OK,0.09838235294117648,7.913708271051321,227,76.82867802968521,242,5.223141564318035,7735,,,
0602,OK,0.24313973063973063,7.0333044832958285,246,121.88001260449684,255,5.527738927738928,25740,,,
0604,OK,0.45811447811447814,7.566563770885394,183,51.5607524543308,254,5.816764250622518,49530,,,
0605,OK,0.17913857677902623,18.355181545752316,223,86.30505239464038,255,15.220018210197711,15376,,,
0607,OK,0.2875374531835206,15.50711517796086,226,60.578855142745745,255,13.772783306009888,26229,,,
0610,OK,0.056829896907216494,18.295288485764676,214,59.55429551699534,226,10.499097826939671,4249,,,
0611,OK,0.2762218649517685,13.28045515394913,195,130.09570773821423,255,10.89215427578776,30318,,,
0612,OK,0.047171875,17.740697802804462,144,102.4865121923222,252,10.77428698752228,2992,,,
0613,OK,0.2768983050847458,6.013803023810981,123,71.54846119588402,218,5.206044870514613,30042,,,
0614,OK,0.04255639097744361,21.49469964664311,207,110.58254803413433,250,12.072530079647517,1967,,,
0616,OK,0.09400442477876106,17.945516592139327,205,58.56622955890373,253,11.784092289010323,5490,,,
0618,OK,0.031520522388059705,21.350103580941106,211,84.32080857116254,225,11.29303013496025,1803,,,
0621,OK,0.035972222222222225,21.008273579702152,224,65.83923683289768,207,10.489263803680982,652,,,
0628,OK,0.2087406015037594,10.025018760318176,165,66.79845587361919,245,8.621603745670374,19151,,,
0629,OK,0.12355,8.489657808354693,167,49.46853468220917,233,7.2265848976640985,13371,,,
0630,OK,0.17955223880597015,17.33729911332779,193,69.37958962464374,217,13.151064020028612,14912,,,
0631,OK,0.25786875,13.7639141359057,186,88.31886767558524,255,12.366401839849466,38264,,,
0632,OK,0.47501858736059477,13.619378358637242,227,78.10060543832319,255,11.06033866318715,45217,,,
0633,OK,0.0829681647940075,18.867697400594366,199,72.60204821368403,241,15.63469707131679,7455,,,
0634,OK,0.17163857677902622,17.767424944993,206,86.18404563557102,232,14.756617458429535,14293,,,
0638,OK,0.31099624060150377,9.455364158355998,204,85.85199381621425,245,6.318255880665519,29050,,,
0640,OK,0.05980836236933798,19.14244101369065,202,34.26272228090006,238,11.573823339780786,3619,,,
0641,OK,0.12407051282051282,8.804167743046586,180,65.78202885823362,242,6.504866611498601,16918,,,
0642,OK,0.53325,7.869469187893942,136,60.91815747188002,247,6.987244374529786,58484,,,
0646,OK,0.03183333333333333,13.863525305410121,156,73.18158030642107,240,9.964107676969093,3009,,,
0647,OK,0.334125,8.36687866317496,154,43.9771827259156,189,6.531777333019386,33976,,,
0650,OK,0.2956416666666667,10.496622224727759,123,51.97364031092129,176,9.398187949107442,30941,,,
0651,OK,0.27745,6.619681223844136,130,82.37838596329358,249,5.771702575451843,30726,,,
0652,OK,0.3025561797752809,12.964843870887877,193,81.25569562473989,253,12.148075905845015,30248,,,
0653,OK,0.17581666666666668,7.674029133883148,116,48.694033824728855,226,6.78805606337599,19145,,,
0662,OK,0.217275,7.179393753435866,121,80.63643751707886,182,6.161076773919893,22004,,,
0663,OK,0.2991385767790262,13.841221151037102,236,66.16728121270418,250,11.131243039492846,27237,,,
0665,OK,0.2700561797752809,13.256350692277465,225,93.41066129625354,254,11.972230869001297,25700,,,
0666,OK,0.12615,12.219007354560267,177,140.83675370169047,242,10.191660942786639,13103,,,
0667,OK,0.05874531835205993,18.9076081181596,220,94.85433287574027,255,16.231924140655867,5062,,,
0668,OK,0.05614232209737828,15.2632310429175,160,51.24357168366335,243,12.326858166287801,4839,,,
0669,OK,0.21711666666666668,9.168611345666692,164,61.58246581369439,253,7.043714841893901,21747,,,
0670,OK,0.26100833333333334,8.944084373636432,171,69.98347974153971,246,6.828776817640048,26848,,,
0671,OK,0.26100833333333334,8.987143875780893,127,36.89360502486496,201,7.321464044497418,26848,,,
0672,OK,0.2106570996978852,8.794413968663727,227,79.38970168438443,255,6.046743168040654,24139,,,
0674,OK,0.2230078125,9.190031334540006,229,75.84769214440925,255,6.22452960346345,14013,,,
0675,OK,0.5474083333333334,12.072584450973526,216,140.25104797677574,255,10.218624746239135,57633,,,
0679,OK,0.31957865168539323,9.540583828972684,160,57.90781029966928,254,8.255969466947333,31354,,,
0682,OK,0.13859166666666667,9.89090653999559,238,68.01693931449468,245,8.161920279588173,14116,,,
0685,OK,0.2818,12.298576610677392,244,72.12573099415205,252,10.198804776499797,30343,,,
0687,OK,0.27705833333333335,10.775378229614702,214,125.75510933339481,255,8.911325405208936,29347,,,
0690,OK,0.3252996254681648,7.7809183888856905,195,67.80929714026664,243,6.433532729812439,31261,,,
0691,OK,0.17451666666666665,7.378314710470187,145,47.74618910133457,198,4.8150126349643925,17412,,,
0692,OK,0.2776907894736842,19.338924557953675,211,53.087089712878715,219,15.12643127389616,33391,,,
0697,OK,0.3697,8.032774321521956,162,66.22785886791122,229,6.978309481216458,40248,,,
0698,OK,0.47330524344569286,6.472887693129438,73,43.30091909477165,181,6.316667017093837,47561,,,
0700,OK,0.356357421875,7.601426835840801,146,72.71849570367223,254,5.710277562945777,31032,,,
0702,OK,0.46247893258426964,5.114510732850469,170,108.12080355704201,196,3.7344529494649454,61271,,,
0706,OK,0.26853333333333335,5.364986759351209,124,63.68947852108397,254,4.134122287968442,29068,,,
0707,OK,0.337,10.327035938015166,170,89.73573822691469,226,9.477389153859741,37740,,,
0709,OK,0.2379810996563574,8.080406242855252,136,59.442951254617675,211,6.144493197560505,24158,,,
0712,OK,0.0735,15.682577475434618,193,85.92552017748996,232,13.376935018851187,7515,,,
0714,OK,0.125125,10.41933621933622,192,122.6954580813132,249,7.764888743455497,12224,,,
0716,OK,0.08291044776119404,16.031578157815783,207,107.85347668646757,252,13.293024787168996,7087,,,
0718,OK,0.15522556390977443,5.19738435456527,81,70.23905626511207,184,3.792659368963297,13977,,,
0722,OK,0.18623333333333333,7.042628721436668,113,89.57803902292494,227,6.545753090086968,20199,,,
0723,OK,0.21590823970037454,24.894921722537838,249,69.3799890933553,255,22.390169359877074,19741,,,
0725,OK,0.24117041198501873,7.187819492435713,215,76.82924702524174,252,5.332930306151389,22331,,,
0730,OK,0.3400666666666667,9.512914134483434,171,86.39656362595548,246,8.538032699008308,37310,,,
0731,OK,0.43784386617100374,8.084670572253353,167,91.9195322488207,227,7.25377937943383,44121,,,
0734,OK,0.1992625,6.189574054325325,144,112.61164967712057,247,4.60772372286308,27914,,,
0735,OK,0.06458801498127341,12.149608582197738,220,88.45869285232861,248,8.75122121423587,5732,,,
0737,OK,0.23846441947565544,7.106918485943145,195,67.8937031754619,205,5.556873848366366,22251,,,
0743,OK,0.3927770083102493,15.794506056385211,210,61.389425544290226,235,15.159308015279224,52795,,,
0746,OK,0.355374531835206,5.618230840842423,167,63.67288344033543,241,4.502850480678978,33737,,,
0748,OK,0.25093333333333334,9.119155154091391,148,74.19077444523555,229,7.750760740626128,25852,,,
0750,OK,0.20575,9.598474416092886,171,102.09016892246353,198,6.429591753916078,20535,,,
0752,OK,0.2430719557195572,8.4507318430807,174,92.53617465560038,246,6.818170025079996,23126,,,
0757,OK,0.18618470149253732,6.6570636471433104,152,79.73608739010328,226,4.9331605912490435,16981,,,
0758,OK,0.28649812734082397,5.0801795324313135,140,55.83528866258978,246,4.479216789428878,27017,,,
0759,OK,0.26896455223880594,8.574873697961825,154,66.60110335557908,243,7.755880508075898,25508,,,
0762,OK,0.2497565543071161,11.05963360075979,165,77.70586326535707,242,9.935438742295172,24065,,,
0765,OK,0.19054780876494024,8.455334274214625,183,64.1532687740713,255,6.631103221725735,16337,,,
0766,OK,0.3241222222222222,8.821066584393176,159,72.03816162247173,212,6.620993177349328,25259,,,
0767,OK,0.18438333333333334,8.317047817047817,192,65.79527760181458,221,6.981956467528766,18714,,,
0769,OK,0.2629570895522388,4.337755862215758,160,76.58072504672346,241,3.0884128713004424,24789,,,
0774,OK,0.253275,9.703429517761766,203,68.5295680024998,249,8.07555066079295,27240,,,
0778,OK,0.225641592920354,8.778327940647776,178,139.62629639153167,255,7.048292376988425,17539,,,
0779,OK,0.3376756198347107,9.74037588847758,145,36.01754714332507,166,9.304968589377498,29767,,,
0782,OK,0.2929208754208754,5.4602239527955785,201,47.399550798998426,243,4.027158752044121,31187,,,
0784,OK,0.3577788844621514,10.848296725221086,186,81.82053071542673,248,7.384044650914074,29921,,,
0786,OK,0.17388429752066115,11.803984474017744,144,40.76308023209284,208,6.913559971533366,6089,,,
0792,OK,0.5116385767790262,7.161771254628528,182,45.68094407270357,186,6.684148451014311,50872,,,
0795,OK,0.20484674329501915,7.359627793883849,189,39.383369070277304,236,6.091313728488185,19621,,,
0797,OK,0.1915625,17.045149217925342,173,63.16088360353805,244,12.593925300369214,16341,,,
0798,OK,0.32760625,11.02812700714145,133,71.49060725207514,184,9.652299329941336,47956,,,
0801,OK,0.4621555118110236,12.816987896212686,162,48.037807667673164,213,10.731860150483017,42131,,,
0803,OK,0.35185897435897434,6.70331138467411,159,74.8230451512026,218,5.573738128779384,34783,,,
0804,OK,0.0056395348837209305,31.621420389461626,164,104.14822285888765,255,,0,,,
0805,OK,0.2586538461538462,10.014158719896557,211,100.99580443241415,255,7.945043251837108,26627,,,
0806,OK,0.0019416666666666666,16.88555078683834,72,75.80976395835246,233,,0,,,
0807,OK,0.04053125,19.875010708472544,187,80.85670600411831,254,10.955865832129675,2077,,,
0809,OK,0.2179656862745098,10.148618763821732,198,119.02602877111606,248,6.7206400077694415,13729,,,
0810,OK,0.14700787401574802,11.104981253347617,189,86.40301240038156,222,5.677709135404542,11169,,,
0811,OK,0.2546014492753623,9.918255775342725,153,49.47712616860286,230,7.654294445345881,24652,,,
0812,OK,0.34320833333333334,13.731698433895836,240,75.13501660005498,244,11.876805202904361,37415,,,
0815,OK,0.5632307692307692,6.651836929800601,159,83.62608606316778,231,6.394503800372867,55784,,,
0817,OK,0.16743610223642172,8.098220674521777,129,54.534049010108376,253,7.043546213958502,18555,,,
0819,OK,0.14749502727727437,11.11813880126183,170,100.42753573751405,247,9.703641841881181,10178,,,
0821,OK,0.12223735408560311,11.249456204573187,193,68.67900865157996,212,8.918834870944336,9647,,,
0822,OK,0.10666036844591403,9.555707652253268,194,57.77194213710711,244,6.826597478628214,10021,,,
0824,OK,0.22538790797217764,9.129798878997692,203,77.52029394270804,247,7.7108560143183364,21604,,,
0828,OK,0.3511191335740072,13.87930975392419,171,69.44724787656244,210,12.85576677180121,35193,,,
0829,OK,0.33541712524763373,5.9717008647970715,124,90.11347744803628,219,4.795815691158157,40150,,,
0830,OK,0.2844776119402985,8.646893581671913,164,100.79124078709498,228,7.158429341639459,26647,,,
0831,OK,0.27478174603174604,8.249693118636724,180,61.855215999562255,235,6.4670574978247535,23369,,,
0832,OK,0.24331018518518518,7.95489381494519,190,53.496551677254665,255,6.357112087533385,27083,,,
0833,OK,0.2463157894736842,5.596586284086284,164,68.9622905027933,243,4.19381880421675,34276,,,
0834,OK,0.19994868035190616,8.62791038756279,175,55.33576475116149,247,6.913928484274292,23221,,,
0835,OK,0.3407772435897436,5.299513273295869,185,48.978866591305966,236,4.171921901740992,37201,,,
0836,OK,0.1652836549740631,11.75729856657204,219,63.34994708443936,227,9.872114947012548,15381,,,
0837,OK,0.18519874476987447,17.91537230537513,227,81.65842052335408,236,9.7260698433967,11941,,,
0839,OK,0.36585833333333334,6.526759750662445,195,42.603457867371034,219,5.487683928830978,38987,,,
0843,OK,0.24531835205992508,10.765610687022901,161,69.5740570719603,255,9.028596498798889,23173,,,
0844,OK,0.30477564102564103,10.26725558243068,225,91.12127405631624,240,8.247483600244337,25102,,,
0845,OK,0.0997,18.28963557338683,215,69.75711059276537,255,12.189024390243903,6724,,,
0848,OK,0.18204166666666666,9.339093614099337,139,71.92273275261915,207,7.897635445362718,14520,,,
0857,OK,0.281902390438247,7.761945141268888,116,56.96008618019243,238,6.843571576871172,25688,,,
0863,OK,0.369475,6.97838524633301,200,50.26750194943367,225,5.6742749914704875,39080,,,
0868,OK,0.2954625,11.68339185739871,199,65.75256521713418,255,9.862440717359213,42452,,,
0870,OK,0.2398860759493671,16.48650027263293,201,91.86333383292533,252,14.24354899127736,31145,,,
0874,OK,0.07257128647214854,16.22939272796497,225,61.56242272571539,234,9.2925729962767,3402,,,
0878,OK,0.18671926910299003,8.340569073143246,132,33.24877705041922,186,6.776615374198026,19691,,,
0882,OK,0.24265765765765765,6.845925375904956,138,61.97858304090089,254,5.41732811626607,17890,,,
0883,OK,0.09102,11.142532776679118,165,94.98121704181243,246,6.860495867768595,6050,,,
0884,OK,0.35896333754740833,6.487426921180531,173,92.21091521056022,255,5.069150231312394,36963,,,
0887,OK,0.22965355805243445,11.365393240102744,179,109.16185139717768,255,8.865499526625381,21477,,,
0888,OK,0.23554817275747508,6.79579219558063,194,82.39012385919166,250,5.037725435001587,24157,,,
0890,OK,0.1449462365591398,12.957838773491593,184,70.28964411468813,238,8.706485019659965,12038,,,
0891,OK,0.16730833333333334,10.390081519483322,137,77.58647491902099,213,8.319297194768893,16695,,,
0895,OK,0.08289,10.823742309084329,190,79.87234537478238,254,7.703536367692994,5976,,,
0896,OK,0.3144416666666667,6.246583450383837,128,48.99805916507631,185,5.035638991107023,34784,,,
0897,OK,0.10995,9.313930574503562,212,46.807835390021786,244,6.971502427337494,10574,,,
0898,OK,0.26805,5.711817861510083,136,57.22687493833064,209,4.48048048048048,28194,,,
0899,OK,0.2504166666666667,5.359700499168053,134,75.95886603668704,234,4.409318730276592,26935,,,
0906,OK,0.11594569288389513,10.113462004360818,225,82.39887943908407,253,7.816142109986693,10771,,,
0907,OK,0.1628125,11.850714438046491,223,73.39019534652233,255,7.5011832150118325,10001,,,
0908,OK,0.22078007518796994,9.982177571552226,209,42.48816976042006,237,6.898132629048368,19689,,,
0909,OK,0.34134166666666665,5.706126966301278,251,68.39208913743005,221,3.9956982337768974,37349,,,
0910,OK,0.31553370786516854,10.298871380950969,209,79.63257684573398,228,7.413690678638641,29402,,,
0911,OK,0.24631111111111112,12.259015999037652,183,82.91907064512324,217,9.038580778504995,11612,,,
0912,OK,0.3107083333333333,8.014438335344867,195,67.270273428842,246,6.669596594205036,33903,,,
0916,OK,0.3142255967224795,9.349843519338648,226,102.6871864803,254,8.033921498967091,25333,,,
0920,OK,0.11306390977443609,11.99149348850097,132,56.6100314365441,230,11.477535106156143,10943,,,
0921,OK,0.3262732342007435,9.917965078189535,234,59.22661038537054,236,8.524610226665022,32412,,,
0922,OK,0.373825,6.965685072486384,116,70.42858093450978,197,6.216594541014917,41363,,,
0923,OK,0.3278,7.427191376855807,122,66.65012066514595,203,6.124255994029294,35730,,,
0927,OK,0.29676,6.693186413263243,186,59.13379974593785,222,5.289988335442881,26862,,,
0930,OK,0.16871722846441947,10.075216900678914,137,75.36575768839428,247,7.924195093506602,16006,,,
0931,OK,0.19344924812030076,8.370872402791948,162,91.36607742832616,255,6.447748198373442,17993,,,
0932,OK,0.392325,8.761790465671178,172,43.74521285592171,171,7.95516645547748,43405,,,
0933,OK,0.47837936046511625,7.852735789340423,112,72.35964704516428,224,7.259663043361395,62006,,,
0935,OK,0.3118666666666667,6.459713909077953,174,86.04080685267714,233,5.828782244945387,34424,,,
0936,OK,0.46041044776119405,5.116061539292757,109,33.86150104879792,158,4.53929916795854,44509,,,
0937,OK,0.2532333333333333,7.617623184590409,164,75.60876891487747,220,5.730817006727422,27103,,,
0938,OK,0.32893333333333336,6.367686799081206,122,24.31987631631234,169,5.23721560654468,34430,,,
0939,OK,0.164375,8.630857625686524,145,79.2420975650295,229,6.718501180330493,16662,,,
0940,OK,0.23139405204460967,9.454400621201167,141,45.332515134660184,202,8.756969855375502,22956,,,
0941,OK,0.26803846153846156,10.336836944564022,239,56.65924456588373,252,8.262311187523025,24429,,,
0942,OK,0.18078651685393257,13.593398245977488,176,120.10042060988434,252,12.609913580976004,16933,,,
0943,OK,0.3392,5.501768867924528,119,62.568048829701375,198,4.601661102516082,36843,,,
0944,OK,0.51025,9.552343622407317,172,92.81545573138223,237,8.654609345169913,55872,,,
0946,OK,0.2718071161048689,8.201419270384788,168,60.22098640024345,251,7.3140180653807,25869,,,
0948,OK,0.2207641196013289,8.161725608226737,131,81.83401549065587,202,6.540398396877189,22373,,,
0949,OK,0.3534083333333333,6.815094280302137,154,75.46260090302569,252,5.7806529097062995,39689,,,
0950,OK,0.13754166666666667,9.464707664344138,203,53.37905534888964,244,6.766305895756195,14044,,,
0951,OK,0.2567134831460674,7.6136946663262455,123,53.84740645562232,183,6.643068083116189,24945,,,
0952,OK,0.2149122807017544,8.050799319727892,165,84.0925,232,5.918647585972896,16701,,,
0953,OK,0.3277238805970149,6.85530760180652,159,58.258362472479696,240,5.557041898031297,31696,,,
0955,OK,0.3480666666666667,5.553908893570836,199,87.41060350410744,241,4.284888471635459,38346,,,
0957,OK,0.4763,6.900517880887396,134,70.26645344026478,197,6.586903839293402,54194,,,
0959,OK,0.20699438202247192,15.485999909530918,217,108.46641792513353,246,12.534688626768856,18397,,,
0960,OK,0.3245505617977528,15.358365549208548,178,92.67292319350874,237,14.172809388804641,30334,,,
0961,OK,0.421675,6.928921035816156,100,53.32588365826597,196,6.3422537854183805,46186,,,
0962,OK,0.252765780730897,5.952266728003592,116,34.161774131996545,141,4.806961874881156,28048,,,
0965,OK,0.28018333333333334,4.787272222552693,100,40.823079950913424,203,3.6797707349966284,29660,,,
0966,OK,0.3507865168539326,5.16736066623959,203,26.77762874504827,199,3.8935462809502286,33185,,,
0967,OK,0.3268366285119667,4.288940537213326,117,55.51844409062569,194,3.560462598985928,29255,,,
0970,OK,0.10793512658227848,10.225121551955827,182,64.96169639135486,247,7.0761294591830595,11082,,,
0971,OK,0.22795,8.619763105944285,198,90.76087112953249,248,8.048872897756699,24458,,,
0974,OK,0.2426171875,9.2719368861697,214,44.339092612649786,249,8.666829635967325,16363,,,
0976,OK,0.42452433628318587,8.694174462134438,170,57.08298893438159,254,6.451886088867954,33968,,,
0977,OK,0.40482570806100215,5.833059763743508,164,40.66922903282879,159,4.821028474801461,33117,,,
0978,OK,0.2901444444444444,6.5296084964066425,163,73.65037227187587,198,4.94987426888398,23993,,,
0981,OK,0.20674395161290324,13.521657158645798,245,43.96791246775362,242,8.862047069095528,16798,,,
0982,OK,0.1085923076923077,11.184104271445774,238,78.70405495197743,255,6.512665826280089,11106,,,
0983,OK,0.409375,6.623389312977099,136,47.93393062904174,205,5.725032802528776,44712,,,
0984,OK,0.31748170966499806,12.371134020618557,255,61.26084814292431,254,10.343503615581993,35725,,,
0985,OK,0.2606176470588235,7.861164403315402,123,44.365593964225575,164,6.60799109351806,24252,,,
0986,OK,0.3111,9.444819457837779,128,66.64230415638457,201,8.479962883488952,34486,,,
0988,OK,0.2696177370030581,4.747206941530085,106,47.45595983279949,230,3.9771057152911466,32206,,,
0990,OK,0.21040348101265824,4.51840571536003,122,33.935814838935926,172,3.3474499089253187,23424,,,
0991,OK,0.3005289855072464,7.2890233806733695,178,61.6148849544687,210,5.1258001911768964,34523,,,
0992,OK,0.14115241635687734,11.262048986041611,224,60.87789464571701,246,7.2716674973694415,12038,,,
0993,OK,0.2777363636363636,6.56514243941824,205,61.778088249484995,240,4.933044733044733,27720,,,
0994,OK,0.4660810810810811,4.864446561460189,146,92.09618420894047,241,3.7471784306700107,44656,,,
0998,OK,0.3499747474747475,5.036426389590399,101,51.19616241275268,215,4.296689508734678,51805,,,
1000,OK,0.21387468030690537,10.493223716990533,180,107.49612850752338,241,9.129259108025952,29388,,,
1001,OK,0.18569702602230484,9.207263567055369,193,156.50979429880124,255,7.935706840748258,18229,,,
1002,OK,0.2558946078431373,30.674345098414825,213,103.30822861597413,243,31.35984889563677,18442,,,
1003,OK,0.4560584677419355,8.529387060409805,158,43.967222026600446,190,7.693361492774028,41194,,,
1004,OK,0.23556818181818182,15.147786353647424,216,64.95073336306427,249,13.351946325325418,21562,,,
1006,OK,0.030882838283828384,13.876391486330037,167,46.84155052487293,208,7.646322378716745,2769,,,
1008,OK,0.17610518292682928,15.68126668109356,178,65.7939713523598,253,14.082669227076332,20830,,,
1009,OK,0.31786127167630057,11.59699490816512,167,72.76717721662006,233,10.28444129411169,39502,,,
1010,OK,0.11603585657370517,14.79384835479256,167,82.40898403755868,252,12.726608334171443,9943,,,
1011,OK,0.13788359788359789,21.273535431056537,211,95.4234457469007,252,19.200252593594946,18475,,,
1012,OK,0.04701697127937337,11.640103660511825,155,86.52035772424547,255,7.327032015785119,5237,,,
1013,OK,0.5489548494983277,13.274459929429087,178,166.2525164519418,255,12.342491229782413,61477,,,
1014,OK,0.17310975609756096,11.446250356429998,164,70.8601662330001,242,9.530630849641424,16454,,,
1015,OK,0.22109934853420196,9.050654978944912,190,84.15976469522246,236,7.472463191404696,25130,,,
1016,OK,0.26072727272727275,23.048746706958003,234,75.28073932885172,255,21.478567677563344,30468,,,
1018,OK,0.24734962406015037,12.262849253995997,139,69.50125288246214,186,11.380777967064168,23480,,,
1019,OK,0.3787825278810409,17.06948499644233,205,77.39930882814954,243,15.340619902120718,36780,,,
1020,OK,0.20469584569732938,16.241848778071734,216,72.09494093980182,253,12.072094565048735,23631,,,
1021,OK,0.09886904761904762,6.6285943636937015,103,84.3925654018791,239,5.5620609709678535,9633,,,
1022,OK,0.4195171339563863,15.019245287689204,175,73.76230087387411,243,14.148996573666178,51075,,,
1023,OK,0.1630952380952381,16.26228710462287,157,57.91833898676004,229,13.13394247503893,14556,,,
1024,OK,0.409375,15.773768216516308,184,135.34991181657847,255,14.870119855837734,39770,,,
1025,OK,0.20624155405405406,12.261831633837039,232,80.1369815884771,243,9.551014801887403,20628,,,
1026,OK,0.11929568527918782,25.822119390812546,213,88.7336051892785,255,23.50569055675177,16255,,,
1028,OK,0.2328225806451613,14.898330959986659,198,73.25734764513278,245,12.648366182199796,23187,,,
1030,OK,0.1859854736337,14.844337594308275,125,64.67427043699351,247,13.542247024484672,22041,,,
1031,OK,0.12914451827242526,15.334190837567261,176,85.8912456724304,232,12.793860710157784,12401,,,
1033,OK,0.05384318766066838,11.790483011060715,205,94.07577218984481,239,8.150943396226415,6572,,,
1034,OK,0.40707413249211355,10.811999922506152,169,58.47128118501966,194,9.849687561023238,47796,,,
1035,OK,0.17473118279569894,14.102051282051281,188,48.93812884545783,233,12.376642789198844,17171,,,
1036,OK,0.16737252124645893,9.91822169565156,190,60.8356993600812,242,8.005735173630805,21156,,,
1038,OK,0.14061056105610562,13.12678480616516,160,78.7517201431159,253,10.989712837014284,13674,,,
1040,OK,0.110703125,17.87383360777856,190,104.13585073257391,229,15.527055259584248,6382,,,
1041,OK,0.3047231543624161,9.975479264745019,163,72.70023850605918,242,8.387313820839832,32697,,,
1043,OK,0.1185,15.482709351907664,238,88.94259724435561,255,12.814353736067885,12531,,,
1046,OK,0.17857824427480917,15.193142755365571,193,51.70351784089369,201,12.268336353438606,15452,,,
1049,OK,0.3451875,8.746299026581482,159,69.24890803892427,224,6.966778516905085,33974,,,
1050,OK,0.29066431665197906,7.105584942444702,211,64.12763195380626,233,6.366557647005009,43723,,,
1052,OK,0.16709888059701491,7.644783118405627,171,62.022067415562546,208,5.860293808140758,15838,,,
1053,OK,0.0889419795221843,17.67677155282681,158,79.66113171499214,232,16.15392080020901,8931,,,
1054,OK,0.18988709677419355,11.938050341176137,211,71.91714615644972,221,8.145965532785464,19226,,,
1055,OK,0.24053113553113553,7.065179319272063,160,48.0859920740187,244,6.079606153159561,23901,,,
1057,OK,0.1884609375,8.054498473103124,204,52.71957218633576,250,6.591119946984758,20120,,,
1058,OK,0.200748031496063,13.47862325946264,179,86.61617654302744,242,11.887910344143608,16805,,,
1059,OK,0.03734,20.289412604891982,184,61.13117126849909,246,12.750635111645941,2493,,,
1060,OK,0.42188194444444443,7.92403965915513,175,84.1775917228235,251,7.131668431580186,56660,,,
1061,OK,0.22192105263157894,13.326771809162418,166,71.1005428349173,222,12.468911692754,30794,,,
1062,OK,0.23087809917355373,13.568511641087595,241,80.26996727153877,253,12.314573068522375,19687,,,
1064,OK,0.15575645756457565,17.865829582247493,234,73.57492314640791,255,16.85848681595336,15094,,,
1065,OK,0.25354716981132075,8.330083841841544,167,70.44283656033568,246,7.782659966499162,24875,,,
1066,OK,0.11633891213389122,18.922256188934846,219,77.83649786532193,254,18.121541433795624,9662,,,
1067,OK,0.1627098919368246,18.358485746398284,192,82.77203502571332,247,15.111354276973762,14165,,,
1068,OK,0.30854338842975204,12.925927165991451,197,96.71710516486635,255,10.864278200606398,26935,,,
1070,OK,0.2582233502538071,12.87027390079287,236,90.73831519879559,247,11.773515932398729,37021,,,
1073,OK,0.28512195121951217,11.944222665779552,220,105.0360387682121,218,10.985205503308952,38280,,,
1075,OK,0.12083612040133779,11.365070578466648,122,46.20439761098642,188,10.4875,10640,,,
1077,OK,0.20325657894736843,8.557762852673033,181,59.50288661354472,240,6.286905275262326,18552,,,
1079,OK,0.1538840830449827,9.587235557554294,122,124.70311110202329,243,8.182140169123832,15058,,,
1080,OK,0.220375,12.787593748030504,216,40.61246058468281,191,9.28706194425764,17844,,,
1081,OK,0.06792087542087542,23.447060767546578,199,46.69214282058923,213,19.709335443037975,6320,,,
1083,OK,0.1875719895287958,13.690694672202644,235,111.02732689431471,239,10.815195098692374,25517,,,
1085,OK,0.2763289962825279,10.597618807385732,110,79.41441175337434,223,10.00958134993287,27310,,,
1086,OK,0.05026271186440678,14.524981734389929,183,88.2957523192557,255,10.710360456058353,4707,,,
1087,OK,0.07217429577464789,13.682603569541001,157,70.7417798060107,222,10.408216173098015,6686,,,
1088,OK,0.1139066852367688,18.437447779747714,175,72.2324581050955,201,16.894044144005736,13018,,,
1089,OK,0.149693094629156,9.135172845834045,173,105.85870153698077,241,7.99050709546181,20647,,,
1092,OK,0.17207044673539518,12.88060645397507,223,71.90693258345352,253,8.704773637203573,16235,,,
1093,OK,0.3674493243243243,7.172941663218866,169,41.197087439136205,225,7.147544860614302,33827,,,
1095,OK,0.03963157894736842,18.177881068319316,175,74.2789651875803,239,16.649211238681975,3571,,,
1097,OK,0.1110182119205298,12.075385877264932,142,48.879540735084596,176,9.675777156828502,11452,,,
1098,OK,0.33103092783505156,8.340297242119105,155,108.24526549202925,247,6.825611519460176,33196,,,
1099,OK,0.19295762711864406,11.231645365775103,171,55.50156636669432,243,9.789405238118755,20249,,,
1100,OK,0.21354693140794223,18.17464745079808,204,67.37982227628655,241,13.02767816091954,18125,,,
1105,OK,0.2038929889298893,14.315763279341237,189,62.97347563095321,237,12.286105103606351,18033,,,
1106,OK,0.20088169642857143,8.301757505046577,105,97.91355800431093,254,7.202090223013652,15724,,,
1108,OK,0.22283834586466164,9.37196682131309,178,92.96717055669771,255,8.19738468854018,21030,,,
1109,OK,0.15793198529411764,10.964111815942113,197,110.39740441184496,253,10.311771518691012,13527,,,
1111,OK,0.30884529147982065,9.896221278449309,133,15.215519618497673,225,9.48229296388543,25696,,,
1113,OK,0.2596955719557196,13.032432240417748,181,55.1329320822274,208,11.473769703585305,25651,,,
1114,OK,0.06512395481883526,11.683147501595524,143,59.076590748019655,224,9.47160704145372,7044,,,
1115,OK,0.15425855513307984,12.078752772984965,160,101.85458721095776,226,11.625624629958555,14075,,,
1120,OK,0.1845049504950495,11.605595802402886,224,78.35736592538632,255,10.421622445867643,19674,,,
1121,OK,0.10812706270627062,11.104006104540252,207,92.1558505635475,255,8.268392411533027,11087,,,
1122,OK,0.19330409356725145,13.319744869661674,223,65.84034397767226,254,8.64831577155766,21543,,,
1123,OK,0.24300403225806452,10.215050194972205,225,92.96115979083993,253,7.677669345579793,31356,,,
1125,OK,0.18605867346938776,8.982118781563493,158,118.4354938126505,249,8.095574563034585,26890,,,
1126,OK,0.2330625,12.620219898096003,174,74.8271371526363,216,11.421742961271978,16646,,,
1128,OK,0.32474492564854013,14.49907388064898,190,57.83844695828059,255,13.494708994708995,21168,,,
1129,OK,0.17207597173144876,13.763078186765235,199,80.39096182641386,248,10.98774859791809,16107,,,
1130,OK,0.341756719312829,14.191232906329388,200,58.119006192587605,245,13.29976393265321,32053,,,
1132,OK,0.37802798982188296,10.849297165101696,181,61.28334390192348,218,9.45742254852884,53937,,,
1133,OK,0.4670462633451957,11.741339022655694,182,76.3735198539886,236,10.828990777665283,48397,,,
1134,OK,0.2177199413489736,7.9584918790899195,130,57.932288689165254,217,6.5753281853281855,25900,,,
1136,OK,0.08029160382101559,17.562035960282675,213,88.18907050055577,255,13.245303142177374,8126,,,
1137,OK,0.26911036036036035,11.041358050522382,164,76.99486413057434,230,10.30763198745339,20829,,,
1138,OK,0.32071428571428573,6.437510086827411,151,43.953169051646626,213,4.825163776493256,17300,,,
1139,OK,0.17978301886792453,14.53607598257858,163,107.37309501627503,228,11.656356016763121,15033,,,
1140,OK,0.09871376811594203,17.482229155196674,183,99.75459119749686,248,15.72255223269152,9764,,,
1141,OK,0.3280416666666667,10.030706211101233,159,53.585079886732395,225,8.026133977833114,27308,,,
1142,OK,0.2460188679245283,11.546821075235831,155,47.39709133071411,203,9.692121105850722,22812,,,
1143,OK,0.23745,12.218174586462647,209,76.65617555132997,255,10.134888010540184,25300,,,
1144,OK,0.33307462686567163,8.432828463882416,188,73.06496359621639,233,7.41254637381398,40612,,,
1146,OK,0.2844981412639405,10.392024913977089,215,73.26285481720095,239,9.050938402894117,27458,,,
1147,OK,0.3665093085106383,7.797815793770296,177,66.4280816286547,214,6.263174479220183,48661,,,
1148,OK,0.21790719696969696,13.874596207610853,182,83.14529376389915,252,12.658596186617794,20734,,,
1150,OK,0.3434603789034876,10.783415964527286,184,83.7043052661914,254,8.047983273060881,31247,,,
1151,OK,0.22078996282527882,12.048855775841506,196,66.11068306239042,240,10.22290991731541,20681,,,
1152,OK,0.3179385964912281,14.04560629052283,204,62.612620838959984,224,12.497879195725764,32692,,,
1153,OK,0.1951867816091954,8.41393694025273,160,60.003079532268146,224,7.559420058100797,25014,,,
1154,OK,0.41780730897009966,6.946021522476675,247,79.48675625808416,250,6.003168336659014,46607,,,
1155,OK,0.4287912087912088,8.831767184919414,193,67.69020670343295,221,7.976266285204497,43342,,,
1156,OK,0.33649842271293373,10.08470047811006,188,68.02280939476061,207,7.961117040199217,37480,,,
1157,OK,0.28548206278026905,13.150114536291643,215,71.04718495855234,238,11.718119596541786,22208,,,
1158,OK,0.1714344262295082,14.337365527133636,212,86.25390842690145,245,11.851329782464447,18587,,,
1159,OK,0.3372636363636364,11.343459392436454,189,89.82911528419821,253,10.358751439220967,34162,,,
1160,OK,0.40906045751633985,6.945448614245675,149,39.31597793477209,237,6.253516936546389,47058,,,
1161,OK,0.3894282511210762,11.541737436547006,197,87.72977985054074,250,10.413029471671447,32076,,,
1164,OK,0.2648083333333333,10.060830160178746,205,92.55495732405382,227,8.365985394647815,28574,,,
1165,OK,0.34323333333333333,12.451479934824599,196,81.57541716715447,248,10.663164423041845,27411,,,
1166,OK,0.27109649122807017,11.179474734401122,199,79.90542551697855,251,9.749152340019101,27920,,,
1167,OK,0.35488493723849374,11.642841001758677,163,61.71220253055092,247,10.38247167599948,30716,,,
1168,OK,0.25451822916666667,10.062140822973687,189,86.18717796447348,245,8.756183449316676,35781,,,
1169,OK,0.2467910447761194,10.722104626549744,187,57.64556705967833,255,9.52343969835106,23692,,,
1170,OK,0.2816447368421053,8.179270809001013,207,138.43204124309307,255,6.887434695965961,30945,,,
1171,OK,0.4571348314606742,9.740690672237925,203,59.896943668287975,220,9.078741188538007,45821,,,
1172,OK,0.2124622641509434,10.584935541642615,215,124.8974871923877,254,8.756113384569318,20038,,,
1173,OK,0.33373333583334897,10.317124557559413,229,133.61208044877208,250,9.201835690640987,33230,,,
1174,OK,0.25325471698113206,10.551847023033464,207,104.70670204030067,244,9.02809314659816,24134,,,
1175,OK,0.2155733082706767,12.846318175873044,223,109.36512786104821,255,11.189873831470223,20396,,,
1176,OK,0.259853515625,12.639620679719894,187,70.18235234614488,227,11.535141748228147,23704,,,
1177,OK,0.24329661016949153,14.806007407665424,213,61.262407932117085,254,12.530659749933493,25060,,,
1178,OK,0.3112340425531915,12.142603226688543,222,110.14910004530664,255,10.471236477605904,26376,,,
1179,OK,0.19513513513513514,12.395528294420261,202,72.56914595925677,238,10.508143640158387,17089,,,
1180,OK,0.14393258426966293,13.81802411310608,233,80.14439413163,233,8.845563709139427,11992,,,
1181,OK,0.19639166666666666,10.621193476754218,217,82.58192043525902,251,6.940168668721874,18814,,,
1182,OK,0.21249166666666666,7.830097912336432,175,58.61203585147247,245,6.863285475100383,22497,,,
1183,OK,0.08606140350877194,14.916760099208371,208,82.86753560036728,247,7.809609526446968,7222,,,
1184,OK,0.4188343558282209,6.089039841804599,102,57.16658309581618,176,5.332217401926798,50481,,,
1185,OK,0.3202213541666667,6.689356049824476,157,40.92266681990282,171,5.560017949293247,22285,,,
1186,OK,0.4019642645840729,5.397801982141105,172,61.273003938417475,252,4.053987710629672,21048,,,
1188,OK,0.21435279187817258,17.44110275689223,225,70.537503970882,253,10.607437457741717,12325,,,
1190,OK,0.214775,5.242165573791694,179,95.26729069162766,244,3.532279199790338,22894,,,
1191,OK,0.3505312640865477,5.6124725967838724,187,39.33419264429814,204,3.5214753533264394,24175,,,
1194,OK,0.48609848484848484,9.620478453985818,243,62.82927200805877,222,8.587130229687432,60488,,,
1195,OK,0.40699029126213593,13.304190521628499,186,69.54020228479953,239,12.606302242555103,46777,,,
1196,OK,0.42694814814814813,7.959956972830424,206,71.39427625966236,232,7.014466568800893,26567,,,
1199,OK,0.12401111111111111,12.209001582892812,210,142.50853004223796,249,7.1730195177956375,8710,,,
1200,OK,0.33051994301994303,3.749610314980426,122,51.39274074862138,198,2.4676405652612066,43331,,,
1203,OK,0.2351,12.842100288293398,202,58.45362865153034,244,10.619198451453961,22731,,,
1204,OK,0.2754681647940075,7.097076818490822,190,51.200637546308265,218,5.300428182172052,25690,,,
1206,OK,0.2557865168539326,10.974571100861459,214,86.43406892965284,246,7.485257985257985,21164,,,
1207,OK,0.15297379032258066,16.0137726523888,205,68.74055737379749,253,13.06942241024737,11346,,,
1208,OK,0.26801587301587304,8.738229197512585,190,76.5155679641476,249,7.212927161584917,36208,,,
1209,OK,0.3200652985074627,14.478252844083045,239,72.1373138150704,255,12.121109786783208,30204,,,
1211,OK,0.11678956834532374,10.92428325761659,235,60.448939210355725,232,7.82029016968776,9213,,,
1213,OK,0.21574166666666666,10.702267372243037,194,38.882195846748346,246,7.729605568445476,21550,,,
1217,OK,0.06345833333333334,13.570234186911797,173,60.13056012813098,232,10.395042602633618,5164,,,
1218,OK,0.04030186705520842,14.740285824642719,151,59.925354251012145,255,11.152215799614643,2422,,,
1219,OK,0.10479166666666667,12.669768058316766,192,52.13874175781553,218,7.948884247554139,9097,,,
1220,OK,0.114825,13.720032900307231,169,47.134967034139514,234,11.017051400430901,10830,,,
1221,OK,0.039266666666666665,12.148839841539333,213,65.04263814678602,239,9.924205378973106,3681,,,
1222,OK,0.09558035714285715,8.920068503814417,152,66.38225644569492,231,5.6861357594818225,8903,,,
1223,OK,0.36459439528023596,7.0856813446873925,158,54.70785312767184,241,5.510095323876004,44410,,,
1224,OK,0.09039166666666666,10.550905012138532,227,112.92653126040207,255,6.682001299545159,7695,,,
1225,OK,0.13714419475655432,13.321089642930293,209,67.0718551394601,255,10.006663637740422,11005,,,
1228,OK,0.14578947368421052,14.465703971119133,205,63.16850409294956,254,10.833874774399556,12005,,,
1229,OK,0.2895880149812734,7.619266252802207,166,64.46761651202024,232,6.008216887614953,27910,,,
1230,OK,0.3104202898550725,9.852179529078544,159,44.93425947331918,219,8.775868125250904,39856,,,
1231,OK,0.1643888888888889,18.98252037099621,219,73.3248897458059,245,16.355375177850863,14291,,,
1232,OK,0.3470930232558139,9.64640563930765,175,91.38672825764321,253,8.188294221315276,43124,,,
1233,OK,0.37985833333333335,8.51456317779289,153,89.2071659253486,255,6.662199641656235,40743,,,
1236,OK,0.09503333333333333,26.489389687828833,238,79.86687048018958,248,15.55178930438279,8290,,,
1237,OK,0.15202429149797572,16.20122059476254,219,75.96914935943343,253,10.29725855057199,11393,,,
1238,OK,0.06921003717472118,20.77404771496352,177,118.28459457030743,229,10.645031879074432,4653,,,
1239,OK,0.16191011235955055,10.300485773768216,158,94.66406727145431,237,7.502291895856252,14544,,,
1240,OK,0.10827067669172932,11.94866898148148,161,55.15719154019112,204,7.811379519902765,8776,,,
1245,OK,0.08959737827715356,16.550423241718047,200,82.21535998464138,255,11.759032038173142,6846,,,
1246,OK,0.23370833333333332,11.445700362512628,199,72.91056857520888,255,8.733475935828878,23375,,,
1247,OK,0.08916083916083917,12.697875816993465,189,67.53114203454895,214,7.76258667470606,6634,,,
1248,OK,0.15483333333333332,9.81973448152135,147,66.52199434694012,226,7.599588938714499,16056,,,
1250,OK,0.0673501872659176,14.71189582464433,171,105.216852229261,255,8.87782900251467,4772,,,
1251,OK,0.05333969465648855,11.288908765652952,186,118.22742331082216,255,8.878773875539125,4328,,,
1252,OK,0.161075,7.675944608274269,109,69.004718339939,225,6.104265305704154,16263,,,
1253,OK,0.21895,6.588655451523686,162,44.0044242437175,185,5.747066259927997,24258,,,
1254,OK,0.15278333333333333,6.150212719537471,121,76.84610063016807,175,4.393496529046401,16422,,,
1255,OK,0.039733333333333336,12.49496644295302,169,64.74520677126723,243,8.65196618890114,3628,,,
1258,OK,0.09432584269662922,10.577393951426114,183,62.70660422223601,255,9.393882646691635,8544,,,
1259,OK,0.28103333333333336,9.633940220614399,207,43.51758310538273,224,7.960073851834757,30331,,,
1262,OK,0.05393258426966292,14.365914351851853,152,42.483643441541304,206,10.059775748125046,4489,,,
1263,OK,0.053766666666666664,8.628848935730522,108,61.86349385281995,231,6.982462977396726,5132,,,
1264,OK,0.11503138075313808,8.107877906095602,138,69.04322541753838,254,6.605428781034017,8633,,,
1266,OK,0.163075,8.46021769124636,149,57.69875835150501,233,7.182491731796094,18041,,,
1267,OK,0.21521535580524345,11.187760133420346,164,53.64409711865418,233,8.350133761369717,18690,,,
1272,OK,0.15025,15.262404539442809,203,58.94207195178069,251,10.27699485507941,10431,,,
1275,OK,0.1296855138418545,8.256490834268613,194,88.90277468075934,255,5.868153207446096,9956,,,
1276,OK,0.046282771535580525,14.663834378582507,176,104.58226729630756,238,10.359409452593232,3477,,,
1277,OK,0.07490384615384615,20.375511950608228,247,52.56221262021075,245,13.073664825046041,3439,,,
1278,OK,0.3691721854304636,8.303330642509044,161,51.77385701537977,240,6.914717482459418,40145,,,
1279,OK,0.26251028806584364,11.640421696190625,172,50.33349608466789,221,9.168308245059778,21524,,,
1280,OK,0.12275773195876288,20.747638043250053,236,62.848875243607445,252,14.779850746268657,6432,,,
1281,OK,0.1591931216931217,14.687051654895443,217,52.75308739085975,241,10.852324203777266,9566,,,
1285,OK,0.09223809523809524,13.367836861125452,185,70.08344699155433,248,8.12432633339528,5381,,,
1288,OK,0.11570224719101124,10.640176957729762,206,101.22577639422721,233,5.3453478964401295,8240,,,
1291,OK,0.36361875,8.556541019955654,221,109.87288476836802,255,6.497780999249736,52426,,,
1292,OK,0.044208333333333336,21.52617027961043,191,69.08859438801458,255,13.98263888888889,3264,,,
1293,OK,0.16093023255813954,13.19373795761079,225,90.64010994087214,254,10.106706474263284,12058,,,
1294,OK,0.12141385767790262,14.374154906043547,211,49.475610925793696,250,10.107722303460761,9574,,,
1295,OK,0.31101902173913043,9.642028162451036,177,67.18560479073406,240,8.054878201437047,39943,,,
1296,OK,0.054859550561797754,21.837173579109063,251,105.51144067656683,249,18.35191692043414,4269,,,
1298,OK,0.14442277764236028,14.28527534350319,194,77.59821829697242,252,11.057744302819621,12082,,,
1299,OK,0.04448333333333333,19.387348570001247,168,74.74074526288861,254,14.48108778456905,3763,,,
1300,OK,0.1331672932330827,7.59100853976992,132,58.582938491396604,254,6.208688661096276,11609,,,
1301,OK,0.09344166666666667,18.851333273878534,222,93.3547758463787,247,13.181891902850424,8221,,,
1302,OK,0.12071666666666667,10.955980486906899,182,54.4175433275837,251,6.952112024835695,10093,,,
1303,OK,0.3238386524822695,9.416591384014527,194,32.143261090934516,223,7.1610364809693134,30372,,,
1304,OK,0.09314606741573034,13.690021444846534,209,71.5917551177742,244,8.420707139300104,7363,,,
1306,OK,0.13178171641791045,13.413746726127274,163,125.83606774610611,235,6.161098737936155,9878,,,
1307,OK,0.193796992481203,10.858664726802457,190,70.91607989430325,225,7.546315617200605,16294,,,
1308,OK,0.21697026022304833,6.0045689482852165,119,58.19913990235874,218,4.823369920292696,20408,,,
1309,OK,0.057272727272727274,15.638661749772861,164,55.872563630519274,240,11.890221737549982,4585,,,
1311,OK,0.25098314606741573,6.795747062115277,135,48.249503093943375,204,5.9196749807979945,24737,,,
1313,OK,0.09121722846441947,13.975638130431808,213,80.4129626958451,255,9.792849470615314,6517,,,
1314,OK,0.18376633044255034,13.67390753962226,204,71.38355430408464,255,11.913124274099884,17220,,,
1315,OK,0.06934456928838952,18.068367989918084,213,66.57847891556163,250,10.362649996407272,4639,,,
1316,OK,0.1455451127819549,12.628158767058418,176,75.22026677226097,255,8.513190715145113,11359,,,
1317,OK,0.11614814814814815,14.504570578231293,156,59.398246312437145,225,12.1217308101212,9406,,,
1319,OK,0.034833333333333334,10.48835725677831,114,52.37566722308563,194,6.411631944444444,1920,,,
1320,OK,0.09323033707865168,17.85745371765257,216,50.55117733513694,236,12.667927001411575,6612,,,
1321,OK,0.042575,18.22587590526522,223,74.04226324661346,241,12.259568733153639,3710,,,
1322,OK,0.03115079365079365,28.473460721868364,230,78.90182947641478,246,18.17237851662404,1955,,,
1324,OK,0.3442049808429119,8.553935346226984,178,43.69726624309258,226,7.292679873564298,31953,,,
1325,OK,0.03864754098360656,22.52536231884058,205,51.38770232055818,194,14.357899585444496,2171,,,
1326,OK,0.04970973782771536,14.596534187229233,190,85.33458796018037,248,6.310553538021349,3029,,,
1327,OK,0.05659090909090909,16.93256358768407,199,107.12621122085709,254,11.82446150037138,4039,,,
1328,OK,0.038623595505617975,20.198626262626263,217,70.27861374888401,254,15.513882894547548,2317,,,
1330,OK,0.30534057971014494,7.7174454754728625,204,95.89963454791386,239,6.389469546729557,37314,,,
1334,OK,0.13263940520446096,10.789914985052317,193,108.260418452483,240,6.963776033906162,10067,,,
1335,OK,0.0541260162601626,21.848541744899237,200,119.83240933737314,252,13.627909724683919,2821,,,
1336,OK,0.22645,9.782672162115748,184,110.34098564339014,255,6.722147669769912,23846,,,
1337,OK,0.28944166666666665,11.166018867743453,176,44.49201918678973,232,10.201767320261437,31875,,,
1338,OK,0.1214,6.432454695222405,91,45.14305903331057,240,5.264401269042188,12713,,,
1339,OK,0.10682584269662922,9.80784176235136,195,66.0190758736848,238,7.1227151365783525,9738,,,
1340,OK,0.10990833333333333,9.676043167285869,196,60.03584524690029,239,7.499630576868428,11730,,,
1341,OK,0.1913533834586466,12.542681728880158,202,98.8490547032388,255,8.985170308157345,16431,,,
1342,OK,0.19698008849557522,8.650811478631999,190,50.72544643882101,239,6.3350027824151365,15574,,,
1344,OK,0.09656666666666666,8.149493729145092,158,44.520114624457314,216,5.663114268798106,9008,,,
1345,OK,0.2512921348314607,7.20749186476886,175,75.133475901053,248,5.577474421785799,23881,,,
1346,OK,0.21970864661654135,8.654389642240949,172,77.92013859613199,253,6.605246660558422,20737,,,
1347,OK,0.17904135338345864,15.566701662292214,207,65.29568402976531,254,13.671911015246675,15763,,,
1348,OK,0.14113636363636364,9.892026921012429,158,62.501848949321825,197,6.921671803352627,13303,,,
1349,OK,0.05081111111111111,20.59763831183031,247,82.75657188788868,255,14.754624900692317,2937,,,
1350,OK,0.156732361266891,11.66277616856932,168,55.69004866411206,219,7.467526317706626,9151,,,
1351,OK,0.09024166666666666,8.985778926955398,171,67.61688543660863,235,6.7953903713115915,9444,,,
1352,OK,0.20148564713782105,10.009459834756647,173,69.83280776440496,223,7.514978344562079,16624,,,
1356,OK,0.06124067164179105,10.834729626808835,146,83.34278663818088,251,7.365670081538783,4783,,,
1358,OK,0.16609437751004016,11.293618650385863,221,95.47648803432182,254,7.216969402097524,12332,,,
1366,OK,0.08619402985074627,16.85822510822511,165,88.25124540628828,254,13.244045603341235,5906,,,
1368,OK,0.13865654205607478,16.668435981688994,156,72.57903731130732,203,12.14250418760469,7960,,,
1369,OK,0.1630546357615894,17.39229324262578,226,68.79066892179263,242,13.944314748695414,14564,,,
1370,OK,0.05848333333333333,21.012064215825973,235,103.85089070235377,255,9.954602873835466,4222,,,
1371,OK,0.14439138576779026,10.236906383070705,126,83.12680521053342,254,7.917295222972079,12595,,,
1372,OK,0.18074923547400612,7.794447734258241,165,55.89427449809316,245,5.825800622078576,19183,,,
1373,OK,0.053125,20.835816993464054,228,54.98927172717272,247,13.64455245038477,4115,,,
1379,OK,0.08777210884353741,13.585642317380353,201,59.68414462114009,255,9.675956703315435,7822,,,
1380,OK,0.10365254237288135,15.103998037772872,204,117.15762967725263,255,8.341263330598851,8533,,,
1381,OK,0.052491610738255035,19.943316818496616,208,52.53774027606846,255,15.511178861788618,4264,,,
1382,OK,0.2406865671641791,6.280168671710282,175,70.99733000484858,247,5.350136589173218,29895,,,
1383,OK,0.16645896656534953,10.00590401412094,203,54.83669419779873,242,7.315673410882629,18139,,,
1386,OK,0.08752533783783784,12.970632699668693,214,98.05593145558157,245,7.678479438671285,7506,,,
1388,OK,0.0883718487394958,29.923214073457743,229,164.30023313783553,255,15.290244492858871,4131,,,
1389,OK,0.05080223880597015,16.26894356714408,197,62.637013450740675,246,14.047496490407113,4274,,,
1390,OK,0.11891608391608392,15.413799862785455,229,113.4238197282961,248,11.315037546137203,10476,,,
1392,OK,0.09658333333333333,21.165458728789186,220,54.17618300894751,238,13.867813941888016,8019,,,
1393,OK,0.18594166666666667,13.404831264285393,208,97.11572675995782,225,11.850395351052681,17495,,,
1394,OK,0.03704166666666667,9.353430821147356,156,53.08440425194352,220,4.6521444082519,2456,,,
1395,OK,0.015672429413357992,22.06932856575288,189,45.08626137452676,225,12.466187050359713,695,,,
1396,OK,0.021550751879699247,35.56636138973688,255,76.9728548512588,255,19.12556053811659,1115,,,
1397,OK,0.01993445692883895,20.839674338500078,164,38.38931509205033,210,13.798814814814815,1125,,,
1398,OK,0.03412921348314607,22.430086877000456,208,58.03600084015963,205,15.09216589861751,1953,,,
1400,OK,0.08282169117647059,26.624532978211814,198,69.29332224326663,238,20.666666666666668,5721,,,
1401,OK,0.123234375,7.373969823760619,189,56.48958351897065,250,4.78008907379257,12499,,,
1402,OK,0.18732020547945205,9.642274936392583,254,92.28861193343236,254,6.748521759697256,16912,,,
1403,OK,0.0809679920050062,17.173953166455185,221,85.33669722284328,255,11.19357743097239,6664,,,
1404,OK,0.10924924924924925,11.442894447498626,217,55.08259726249073,237,7.103720151895475,10358,,,
1408,OK,0.15272222222222223,11.930980962774342,201,65.3043822263021,255,8.359952731909072,10719,,,
1409,OK,0.16922284644194757,15.57359966063557,233,52.277893613744034,247,10.640208259377589,14085,,,
1410,OK,0.4282939632545932,5.91740545546159,139,91.21651414521675,241,4.736355580002445,43632,,,
1411,OK,0.20660845588235294,9.800109732046206,238,73.2332070604681,254,8.847705320054052,19981,,,
1412,OK,0.2350995575221239,8.15706017973933,189,106.14664410603497,244,5.633800476375118,18053,,,
1413,OK,0.1136081081081081,15.884461361563776,215,69.36588762012207,230,10.412912104349907,5571,,,
1414,OK,0.05102059925093633,17.117391570318713,215,56.66317714345854,251,10.747279533385566,3829,,,
1415,OK,0.12108614232209738,15.92481183627178,202,65.44364426641667,255,9.660978895374944,8908,,,
1416,OK,0.07728464419475656,14.78992003876908,222,56.47927194744925,236,8.48124850227654,5564,,,
1417,OK,0.17117132867132867,15.115837674054404,216,88.15884114830517,255,10.606762652705061,15280,,,
1420,OK,0.08703703703703704,16.935354609929078,226,105.68266058147397,255,13.502756487831114,7437,,,
1421,OK,0.06891666666666667,13.193752519145505,171,65.1043885557445,238,10.459620838931183,6699,,,
1422,OK,0.024877777777777776,24.03022182521959,249,96.0390188504385,255,13.630225080385852,933,,,
1423,OK,0.1425995575221239,10.738448012825485,168,64.68823835511574,226,7.283965604451189,9885,,,
1424,OK,0.32507867132867135,6.9932148395134766,127,68.21819429873982,234,5.666261951737745,32945,,,
1425,OK,0.27190573770491805,10.391237722008691,179,74.29114482189262,255,7.238643013335797,21646,,,
1426,OK,0.5128083333333333,8.947039992199814,176,57.40624554561575,226,7.8649609609609605,55500,,,
1427,OK,0.09285849056603773,16.59395848149277,209,64.80750924703003,247,10.865065243179123,6744,,,
1428,OK,0.29882767543198213,8.442189699593614,188,60.70269790959173,237,6.481031835605853,32783,,,
1429,OK,0.028567415730337078,17.755817764667324,187,61.28465816537991,215,11.839966130397968,1181,,,
1430,OK,0.20200374531835205,11.535181236673774,136,99.89669036835394,235,8.616528147464102,18409,,,
1432,OK,0.23398876404494381,11.244391089769241,178,121.8729984109522,244,9.451129246536345,21076,,,
1433,OK,0.09520979020979022,16.78531644020076,222,70.56766304697865,247,11.365874571288584,8164,,,
1434,OK,0.18406301824212273,8.008529296933657,187,85.08875835856995,255,5.229469770449402,8248,,,
1436,OK,0.03265,19.633486472690148,202,72.55019512069055,255,14.440212497748965,3702,,,
1438,OK,0.14182692307692307,11.629717514124295,227,88.40495798319327,253,9.201270949408158,14897,,,
1439,OK,0.16363721804511278,12.63978710776712,255,76.38401375450898,252,10.492412605315831,14322,,,
1440,OK,0.21842307692307691,10.009405998708694,172,57.89797910207831,228,7.077611784914892,19211,,,
1441,OK,0.163375,8.847810932585224,189,36.73755665122765,234,6.800595238095238,16240,,,
1442,OK,0.12541353383458648,18.24442945643485,244,100.45208619899128,252,11.079972775225455,9795,,,
1444,OK,0.1013125,14.403495784495167,223,81.89639520597167,217,8.260085337470908,5156,,,
1446,OK,0.089875,10.200216349868645,123,46.55459109707152,230,7.236917859537048,8453,,,
1447,OK,0.0736936090225564,13.584661820346044,198,58.35356825184238,235,8.560080442433383,5304,,,
1449,OK,0.3477462121212121,7.210972532360256,113,33.98177937803072,228,6.347853328161828,33517,,,
1451,OK,0.16021666666666667,11.313741807968377,168,44.00663200164063,215,7.958122793659583,14447,,,
1452,OK,0.09355833333333333,14.586057421097948,194,55.34089342024215,222,9.81659439821868,8533,,,
1453,OK,0.11502678571428572,15.542497865404021,222,64.54661662479695,255,10.448318236078928,9494,,,
1454,OK,0.1137312030075188,16.775473101396578,218,125.24794536527429,255,13.095688635630577,9301,,,
1455,OK,0.10490833333333334,10.984483808615987,167,117.64859589179258,246,7.6052404044960715,8867,,,
1457,OK,0.3675,4.459507612568837,135,84.13421399348172,203,3.588490317310013,35906,,,
1458,OK,0.23406976744186048,8.596917654294703,177,86.01656220405272,209,5.472923503245096,22855,,,
1459,OK,0.23188333333333333,10.671410431490932,221,101.43278654139634,255,7.881727094308439,22589,,,
1460,OK,0.1944943820224719,8.91557545413698,218,83.47746082670758,254,6.656596360628619,16120,,,
1463,OK,0.29285,9.432113520383966,172,63.17752794865147,218,7.651329567811132,31514,,,
1465,OK,0.29508426966292134,7.247575228727062,145,44.555794647008035,221,5.37495858336708,27163,,,
1466,OK,0.10939132615388902,16.83222958057395,195,45.33988247010913,224,10.451768115942029,5750,,,
1468,OK,0.08574166666666666,12.55159231541776,231,58.63659675571881,254,9.876942594354583,8408,,,
1469,OK,0.10497201492537313,15.076661038537871,236,71.13662056482572,255,9.345141012572205,7848,,,
1470,OK,0.115375,13.009783643586461,172,83.39463734419223,233,8.890232337600759,7030,,,
1474,OK,0.045640495867768596,15.098083597404557,170,54.56381474024521,204,11.541146626078133,3285,,,
1475,OK,0.11991525423728813,15.53816254416961,196,104.08273551596855,238,9.109706343869087,7435,,,
1476,OK,0.16588,17.40830721003135,194,71.46843779472178,253,14.344688251240346,13034,,,
1477,OK,0.07000936329588014,23.780705273951227,240,92.15256620655168,255,16.25249146281971,4783,,,
1478,OK,0.045653846153846156,16.048675465693158,194,74.69936905833411,250,9.741162190866334,2197,,,
1479,OK,0.1574250936329588,13.33777434128353,179,83.49930175099367,249,8.658321411540296,12582,,,
1480,OK,0.09654135338345865,15.776934060228452,198,73.19737572126054,239,10.677248677248677,7119,,,
1481,OK,0.1363991769547325,20.621385829939157,214,85.09773812076592,255,16.629983726606998,9832,,,
1484,OK,0.193775,9.272366289654382,172,81.23038785009699,237,7.067329624706674,20313,,,
1485,OK,0.12306179775280898,13.394734839838698,207,71.74945812913076,247,8.950283938712097,9333,,,
1486,OK,0.13149355526845538,12.135991469591378,195,81.93890070860648,239,8.397854291417167,6680,,,
1487,OK,0.02956928838951311,25.78361832383365,188,53.75552060618925,239,21.842096039256923,1902,,,
1490,OK,0.11722318339100346,13.613878434555875,221,61.36398527504761,227,8.926228097352748,9683,,,
1493,OK,0.18151666666666666,12.606923147553026,218,51.83521350465291,246,8.901649032504052,17485,,,
1495,OK,0.14997552846854825,15.338582405249072,215,66.55306353732544,236,12.287610029341158,14996,,,
1496,OK,0.1305805243445693,13.313757827812037,226,50.84316238395761,230,8.583399131464667,10132,,,
1498,OK,0.1432372777437155,16.216648118026423,198,60.40331668312604,255,11.58452609841202,9362,,,
1499,OK,0.2524863685932388,10.911487352250969,201,56.65971280046294,247,8.792775342372652,19618,,,
1501,OK,0.169491341991342,6.07466530447183,128,72.48959894360539,222,4.517897011163126,13885,,,
1502,OK,0.0750749063670412,22.960297663590254,217,66.02238936918332,255,19.63964618926451,5502,,,
1503,OK,0.24476666666666666,8.21506877298107,145,74.37840770328522,255,6.947135231784597,25354,,,
1504,OK,0.17859550561797752,11.375851945056096,226,65.22984443988479,254,8.897925074395662,16354,,,
1505,OK,0.172275,17.056369822151275,172,48.15833559857843,244,15.402543026935247,17276,,,
1506,OK,0.38763333333333333,7.85476681858572,162,99.94849218877579,252,6.9074686927068765,42908,,,
1507,OK,0.07029166666666667,13.131910689587038,178,44.55508746769447,227,8.698674124715144,6436,,,
1509,OK,0.2231645569620253,11.573391315308502,136,92.43225969981714,255,10.493156199677939,18216,,,
1510,OK,0.12673415492957746,10.815123521103933,125,54.6252129471891,209,8.242237483124963,11358,,,
1511,OK,0.2418071161048689,14.460122620200064,225,95.933135741484,248,11.904830808651745,22115,,,
1512,OK,0.06979957805907173,8.66928618205632,147,94.87903564179037,229,5.50013446282103,4958,,,
1513,OK,0.22945833333333332,10.838726469342049,193,53.576888552425245,230,9.024318450661605,24234,,,
1514,OK,0.24885,12.659422231152188,240,65.97398063709718,252,11.303302750039919,27139,,,
1515,OK,0.17807506053268765,9.351417499490108,221,83.53927619272068,255,7.676290463692038,12192,,,
1517,OK,0.19575187969924812,6.939120414826196,166,53.95834307172128,200,4.388553093052757,17868,,,
1519,OK,0.272829754601227,8.940776344267364,209,51.815878004281664,240,7.15783566075732,30291,,,
1520,OK,0.24130896226415094,6.831777680040398,204,67.5385755216024,245,5.030815921559473,17134,,,
1521,OK,0.379185393258427,7.972384785704291,182,52.401852103223085,210,6.729450871639728,35699,,,
1522,OK,0.23880514705882352,6.948785056321043,184,98.08366538675168,253,5.845133242999097,23616,,,
1523,OK,0.29362745098039217,8.77082915971063,145,54.1312560721721,245,7.2299902115804535,26562,,,
1524,OK,0.21422202797202797,11.742440935242993,144,47.02597161810894,210,9.717256831133408,20531,,,
1525,OK,0.16642857142857143,9.668357393679281,161,116.01176720071322,249,7.159282868525897,12550,,,
1526,OK,0.37904494382022474,4.797967821089208,96,43.643626164842125,159,3.9980159279458856,36121,,,
1527,OK,0.2591511194029851,7.262181586935916,186,53.49784896141561,239,5.493252039000026,25094,,,
1528,OK,0.31434014869888477,5.079167036237669,138,40.51654761420678,211,4.101409363356553,30865,,,
1529,OK,0.1698314606741573,21.20570073878046,234,90.44151947846879,255,18.283852440910096,15090,,,
1530,OK,0.15121153846153845,9.444402051803808,176,77.38652755435727,254,7.56171322160149,13425,,,
1531,OK,0.25505,7.760068831819469,179,48.9859610264671,192,6.908212904297478,28094,,,
1532,OK,0.30164084507042255,5.689009252990296,126,84.12947855637461,252,4.701006245081789,39818,,,
1533,OK,0.20618913857677904,5.7998274374460745,84,72.19854759629939,209,4.68494757174393,19328,,,
1534,OK,0.21319166666666667,8.278661611226205,215,88.13400482257785,255,6.757739070449254,23194,,,
1535,OK,0.4972805642633229,7.719403863226851,160,72.58087933444536,235,7.274752335445683,59018,,,
1536,OK,0.2721594982078853,11.980113916965726,227,68.03713871824229,255,10.738219515731478,27588,,,
1537,OK,0.11171666666666667,6.717265900840419,138,43.9130907931028,206,5.165511865581154,11546,,,
1538,OK,0.06216666666666667,15.782037533512064,148,51.39274924471299,230,11.464067576348278,5130,,,
1541,OK,0.320140350877193,10.07179782259243,217,83.90045675061933,251,8.031752403301839,32386,,,
1548,OK,0.22676666666666667,10.223345092851194,251,70.24373122961302,253,9.267580098263096,24085,,,
1551,OK,0.14729166666666665,11.275719000471476,206,79.76444987376823,248,8.162681366933944,13968,,,
1552,OK,0.31409166666666666,12.175629902806152,197,72.59133671084976,244,10.285484121438,34344,,,
1553,OK,0.20361423220973782,12.075661424323247,143,100.2631739835869,250,11.028704200178732,9325,,,
1554,OK,0.37553994082840236,6.8866260939213095,185,107.39393795823611,255,5.8864355808800255,46332,,,
1555,OK,0.075825,14.613693812506868,222,68.07829205026705,247,9.368730681025028,6686,,,
1556,OK,0.075825,14.73194856577646,239,68.93120290469277,250,9.238757602951441,6686,,,
1557,OK,0.26941935483870966,8.410031529374201,211,67.40556561285764,251,6.600743178206075,29782,,,
1558,OK,0.05532828282828283,9.139865104721334,157,96.3464109943834,255,7.249364813781992,5379,,,
1559,OK,0.18647388059701492,6.404852426213107,167,65.16641057982648,170,5.011879804332635,17649,,,
1560,OK,0.58355,6.95025657136873,179,77.7599418364216,253,6.61657821354682,66702,,,
1562,OK,0.16111550632911392,9.632539487683117,190,64.14076798541362,223,7.249401749637127,16994,,,
1563,OK,0.0454,12.576113558492413,177,55.81068277579905,238,8.554144620811288,3780,,,
1565,OK,0.29163333333333336,6.897807368461158,174,55.91820384923062,204,5.4249275734154345,31181,,,
1566,OK,0.375175,7.128465975137528,180,74.2288952017676,254,5.853524104649849,41306,,,
1567,OK,0.375175,6.859591449915965,152,84.29817237715449,255,5.722623024903565,41306,,,
1568,OK,0.21540833333333334,10.083226946239055,205,55.68331368404655,249,7.720538564752695,21613,,,
1569,OK,0.17714673913043477,13.00565867293893,206,135.5025997233322,253,9.756125040970174,16272,,,
1570,OK,0.31723591549295777,10.30658379118338,227,68.00842766646898,255,9.106195680934643,32754,,,
1573,OK,0.17279166666666668,12.055510007234146,223,62.13140583287161,254,9.994762255503725,16292,,,
1574,OK,0.408575,7.603425183734797,214,63.73304589198405,200,7.011752649252104,45862,,,
1575,OK,0.334,9.141857950765136,184,91.75561811811812,255,7.7345687626171005,35831,,,
1576,OK,0.09555451127819549,20.615258516114224,231,66.52271050471252,254,16.16736310611996,7658,,,
1578,OK,0.10505833333333334,14.623040109991804,207,73.91125740659696,250,11.950218537087029,10372,,,
1579,OK,0.10295833333333333,11.850775664373398,182,84.02122718194063,223,8.461995164960182,9376,,,
1581,OK,0.355561797752809,9.191282193079475,169,54.39289294743266,188,8.111932433202302,46808,,,
1582,OK,0.27598513011152415,8.884687051005747,178,116.65888358321352,255,7.068251804735222,26412,,,
1583,OK,0.1779,9.25693273374555,187,72.62602211139493,255,7.408892902677433,18824,,,
1584,OK,0.34144265232974913,7.836556882298911,158,64.2955076309046,180,7.032039909193231,34946,,,
1586,OK,0.16453125,11.578031022475466,153,56.83008471347727,242,9.459917960134398,16171,,,
1588,OK,0.6299531835205993,5.351699638817462,140,71.11936270168603,207,4.738158746192332,63359,,,
1589,OK,0.40375833333333333,5.856666185080459,101,59.560888342254955,250,5.4536364780153495,45039,,,
1590,OK,0.06428333333333333,14.762596145536254,190,65.33400127056504,253,10.097308132875144,5820,,,
1591,OK,0.21748333333333333,11.246455667100927,219,66.68064222984246,237,8.649323482285919,22468,,,
1592,OK,0.21748333333333333,11.289358060643217,250,84.67424548997892,251,8.44439499139517,22468,,,
1593,OK,0.045516666666666664,12.08049554497742,182,100.78850687108209,242,8.296519235802146,3821,,,
1595,OK,0.18555,10.794904039043086,210,63.54765315379841,253,8.446725092250922,17344,,,
1596,OK,0.20969101123595504,10.003527573119,185,51.49007365282468,244,7.650581988619658,19273,,,
1597,OK,0.5121992481203007,7.657712209622371,161,59.05858476873081,247,6.162056266267929,24076,,,
1598,OK,0.35790350877192983,5.476556947133648,138,73.48371334763226,225,4.870215268998455,37968,,,
1600,OK,0.22324915824915825,15.294246286102103,188,69.16703511851868,255,13.387701240432833,22734,,,
1604,OK,0.27902621722846443,9.069619686800895,197,53.877761904761904,251,7.628839623001488,26207,,,
1605,OK,0.2145318352059925,7.545987546554935,150,40.68102708373069,156,6.044435986488415,21019,,,
1607,OK,0.220475,11.191719897695632,182,72.91313442302827,242,9.824769609150444,22498,,,
1609,OK,0.13548507462686568,12.408083172679703,167,71.56187865970334,233,10.582496490659755,12348,,,
1610,OK,0.212125,6.253872847508675,128,74.17510532903204,240,4.833082272028728,21907,,,
1612,OK,0.2305873015873016,12.826495491154402,225,75.56844703924521,255,11.449893245209633,24511,,,
1614,OK,0.13455833333333334,13.235564914019117,154,51.030504655619,207,11.464625511671645,12052,,,
1615,OK,0.182,11.10746336996337,218,121.1557966585167,246,9.099903432534457,18985,,,
1616,OK,0.21231203007518798,12.432300427917959,201,80.28130294714235,253,10.113714853991501,18435,,,
1618,OK,0.41880833333333334,12.837846800777339,167,39.21236061922583,183,12.052899052899052,46176,,,
1619,OK,0.3706167763157895,8.798818056079467,227,59.08458224992269,251,7.587841789442481,41607,,,
1620,OK,0.10487781954887218,12.454341786898468,191,50.173342713047255,244,8.594482285910123,7781,,,
1621,OK,0.3676083333333333,13.419725099932748,210,61.498939212249795,237,12.250634920634921,39900,,,
1623,OK,0.40021072796934865,14.560656103904392,190,72.53396254538099,254,13.659563937586288,38389,,,
1624,OK,0.1406367041198502,8.47103861517976,134,73.14623374736689,233,6.429281192403238,12479,,,
1627,OK,0.2860078125,12.451910732333578,196,98.77086365178191,227,10.670697684286457,31423,,,
1628,OK,0.10307116104868914,14.108496850775193,230,117.09608665998553,250,9.862716704879128,8287,,,
1631,OK,0.24592019543973942,10.86317427729395,174,112.09022220782353,254,9.289662903974023,25868,,,
1633,OK,0.534675,5.690767496350327,166,33.772769330873885,242,5.1109699350776,59815,,,
1641,OK,0.03702040816326531,19.37330025725836,155,98.43838214724707,253,14.440948693126815,2066,,,
1642,OK,0.2227217125382263,12.521213785527943,221,82.66729616660766,255,10.181790719361151,25379,,,
1644,OK,0.1312111111111111,7.685550568775228,147,28.659960865061198,200,5.466086144196444,9991,,,
1645,OK,0.1265171755725191,13.722427533499259,192,113.50861362668094,253,11.707967084346363,10694,,,
1646,OK,0.41835365853658535,6.528453902087483,220,77.91298878289129,255,5.2619168109379855,37545,,,
1647,OK,0.15747377622377623,15.968877787029328,222,90.0944649063651,251,12.819185416251853,15067,,,
1649,OK,0.2660188679245283,7.506466179634489,152,51.57178478702347,186,5.184104389086595,23885,,,
1650,OK,0.2058988764044944,8.284508109746854,228,61.03501945525292,255,6.046968085106383,18800,,,
1651,OK,0.17142222222222223,9.367059891107077,209,81.9517021580933,245,6.5526852298943075,12426,,,
1652,OK,0.2311875,10.033822955153044,158,64.51809247667308,232,8.678201543844843,18957,,,
1654,OK,0.042335766423357665,9.211206896551724,186,40.8940612296748,247,5.8618665018541405,3236,,,
1655,OK,0.0751484375,11.773988980143466,196,58.52582480859822,237,10.166281474273204,8221,,,
1656,OK,0.06498134328358209,15.310938845822566,189,97.14679317064736,243,10.744511812669872,4783,,,
1657,OK,0.024709302325581394,24.3084593837535,191,54.3755929316585,203,18.27728813559322,1475,,,
1658,OK,0.20025641025641025,12.314721663313213,202,74.85250156490939,237,9.798700168281785,17233,,,
1659,OK,0.07454119850187266,13.491353682535696,210,52.80395727732306,254,9.526251728907331,6025,,,
1660,OK,0.04565298507462687,8.663874131589703,208,54.98234056001929,243,5.496141975308642,3024,,,
1661,OK,0.37262172284644196,8.652661909069588,157,50.568408851212865,243,6.684916245181263,33809,,,
1662,OK,0.19592696629213482,10.23378733572282,206,61.114150412421154,253,8.135601162027926,17785,,,
1663,OK,0.0961171875,14.870248448887805,170,72.00175746418087,243,12.042219274977896,9048,,,
1665,OK,0.18873125,15.31386120033999,242,90.93009920161064,249,12.07658067361226,24188,,,
1666,OK,0.09356741573033708,14.552586810767536,188,48.75372992999817,228,10.286136485760345,7444,,,
1667,OK,0.31605392156862744,14.238787643789582,201,55.45204563100997,231,12.04734692633568,21874,,,
1668,OK,0.11733590733590733,12.056323351979819,234,66.4024576061123,253,9.199603908963995,10267,,,
1669,OK,0.20924311926605504,7.696591033651211,177,115.392986628767,255,6.0249073291279185,15377,,,
1671,OK,0.2800777202072539,6.425955045786699,134,40.16866385980064,227,5.171108360488713,39587,,,
1672,OK,0.25775423728813557,9.352567263959669,160,103.97065231869993,240,7.542024969743296,20932,,,
1674,OK,0.36663755458515285,10.377818802604414,236,36.49363968560397,237,7.943361606370089,28885,,,
1675,OK,0.26147413793103447,7.58250634664205,158,58.266891563264814,251,6.096612837700589,26256,,,
1676,OK,0.28907894736842105,8.572869930858097,205,79.49340313582401,252,7.132893177585915,27566,,,
1677,OK,0.13117760617760618,11.153495217071375,211,111.67990223308522,237,7.9997547667218445,10874,,,
1680,OK,0.15523333333333333,18.39147161978384,196,96.87317668258164,247,15.331286993640944,15149,,,
1681,OK,0.3328601694915254,6.147656631235016,178,45.58188044502313,206,4.785816501278532,28418,,,
1682,OK,0.1932983193277311,11.359417454624497,197,70.60906534024323,243,10.077183271832718,16260,,,
1683,OK,0.3795505617977528,7.838275442405105,224,62.39452794881082,238,6.605656205483164,38141,,,
1684,OK,0.12736725663716814,13.43460135487233,193,72.53167017383736,209,10.760522817899867,9028,,,
1690,OK,0.16973880597014926,6.820546640287243,228,112.24747951402934,254,5.662456875308034,16232,,,
1691,OK,0.40398333333333336,10.067467029717948,214,46.47714456158012,237,9.101040031252534,45223,,,
1693,OK,0.19241573033707865,6.14624493106245,81,53.003625120772945,180,5.282311229294776,18051,,,
1694,OK,0.07612126245847176,21.08110565557374,202,96.55131628234518,255,18.765369041045464,7244,,,
1696,OK,0.20580833333333334,15.01284906398888,180,88.82179294810587,255,13.104117068215725,21002,,,
1697,OK,0.12279026217228464,15.42570281124498,202,101.63689345259698,253,11.997009904690712,10702,,,
1698,OK,0.336962890625,7.8358788581365015,201,52.484409750349805,255,6.6833984249951985,31238,,,
1699,OK,0.19770764119601328,11.64713213465524,206,64.30327687826963,236,9.122838761560113,19896,,,
1700,OK,0.10415249754401874,16.677912812141,233,60.97165341600062,237,13.612107623318385,8474,,,
1701,OK,0.057926829268292686,11.643684210526315,129,72.51394282632147,233,8.081121607437398,2223,,,
1703,OK,0.07453125,20.36796820405311,203,93.92770063031122,255,16.757795420549993,5794,,,
1704,OK,0.09894194756554307,11.875492886659726,188,101.62455360080915,255,9.016260162601625,8446,,,
1705,OK,0.130725,14.347995155224071,253,65.83150390331662,255,9.820980091883614,13060,,,
1707,OK,0.380171568627451,5.527124119800285,213,69.80566429848726,216,4.3561399824205225,42853,,,
1708,OK,0.14315484647965465,8.322699057881968,141,47.272815329543064,206,5.750843075539568,17792,,,
1709,OK,0.09725738925518314,11.159943291661296,217,60.55944958969161,255,7.728198390540318,6089,,,
1711,OK,0.21436046511627907,6.371420822193809,126,86.0862872789166,255,4.689863418235511,22575,,,
1712,OK,0.17546153846153847,7.879384042086804,130,58.81317442547501,210,5.866990592829251,15024,,,
1713,OK,0.23688679245283017,9.53224478959246,209,68.26988914987432,255,7.355872677158353,22494,,,
1714,OK,0.12867077464788731,12.60888007115003,205,66.21866381095744,252,9.494710299841035,12162,,,
1716,OK,0.2571083333333333,12.371438757981396,231,94.18981382809666,255,10.275490302964227,27517,,,
1717,OK,0.39116666666666666,4.448345405482176,146,69.30238160416097,237,3.593763786475074,42312,,,
1718,OK,0.19615,10.103973716260231,215,66.48718666417864,255,8.897286913253657,21169,,,
1720,OK,0.2860541044776119,8.658883634980162,137,59.52473595958276,212,7.151208735719245,26405,,,
1721,OK,0.19419475655430712,10.39291224686596,244,58.37261213107134,255,7.799175808230309,17229,,,
1722,OK,0.17224842767295598,8.279005020538566,138,64.08110931712413,244,6.377061509535321,18615,,,
1723,OK,0.1542037037037037,8.821664464993395,166,65.00657937950211,238,6.36641045349731,13010,,,
1724,OK,0.0896441947565543,24.95411183065246,231,71.3026968094954,234,22.126511055431006,7583,,,
1725,OK,0.10005639097744361,15.465777443797357,213,67.3169650005918,255,12.496096710626043,8796,,,
1726,OK,0.21931647940074905,14.825940315074927,219,55.31556264517393,235,12.91501887758367,20836,,,
1727,OK,0.20680612244897958,13.50018914162596,172,65.74707867529449,255,10.97189519165973,16818,,,
1731,OK,0.3907677902621723,4.439976997172569,117,53.15446879578684,202,3.654696965779926,38681,,,
1732,OK,0.15534444444444445,12.792837899053477,181,43.4728905492925,213,10.706816844582669,11897,,,
1733,OK,0.08011160714285714,10.727825763908237,132,78.88178722509362,218,8.688722190164775,5199,,,
1734,OK,0.2280133000831255,11.07209867541621,211,104.47426869100175,254,9.365371928088406,24252,,,
1735,OK,0.041466666666666666,14.353094855305466,159,47.11651481429963,218,8.17957886372666,3356,,,
1736,OK,0.2857509505703422,4.623487797034918,130,81.5191134652666,241,3.4369754059304327,27283,,,
1738,OK,0.2769891304347826,12.957906578241703,196,65.1542262379041,255,11.524517733045771,22256,,,
1741,OK,0.2418679775280899,8.846524592067825,151,61.895632252048635,206,7.330075929621728,14531,,,
1742,OK,0.08607142857142858,11.803299743133769,187,85.65772840333216,252,9.194272539740323,8241,,,
1745,OK,0.14950221238938052,9.731730176347268,190,76.59648392621014,214,7.476342710997442,10948,,,
1746,OK,0.49220848056537103,6.417136293477871,106,62.92169142804124,169,5.784398365836738,51892,,,
1747,OK,0.04551305970149254,16.19389219102275,231,86.28854943429664,255,15.193183794122762,3834,,,
1748,OK,0.29498125,6.6044946359585,142,58.12318230307113,236,5.71974845626397,43995,,,
1749,OK,0.2701985559566787,6.362716280312646,215,76.26336639377375,255,5.16291700026688,24980,,,
1750,OK,0.10125586854460093,17.567288744638923,173,46.36394029227012,243,14.925275140522412,7057,,,
1752,OK,0.15198198198198198,19.417210037541988,230,82.9564033783066,248,16.565148466556916,10934,,,
1753,OK,0.3645910780669145,6.837088962528677,137,48.5102091560626,219,5.60841790986904,34387,,,
1754,OK,0.16009216589861752,8.857488965649587,175,70.77008577490032,255,7.088317851665365,11519,,,
1756,OK,0.1874906015037594,11.088208264407573,146,81.83637359120581,224,9.345320187686404,17547,,,
1757,OK,0.24197565543071162,7.8016226186330275,196,66.81607931782716,253,5.679533106454117,22332,,,
1758,OK,0.1623314606741573,15.462805944896273,206,107.96604182734762,253,13.719826492235988,14447,,,
1759,OK,0.06739166666666667,19.71258398252339,242,110.00011020465301,254,15.622325170968454,6044,,,
1760,OK,0.38565,5.691883832490601,134,98.88044726585461,232,4.757500643079298,42763,,,
1761,OK,0.19830833333333334,9.440531719684554,154,40.76782775311927,222,6.500586205741467,19902,,,
1762,OK,0.2908759842519685,8.813160536437362,155,69.06697017224867,245,7.628249741533651,26438,,,
1763,OK,0.25965551181102364,7.965227499589351,185,48.12957719016029,237,6.337937067951697,23242,,,
1765,OK,0.09835205992509363,11.907812896674283,178,139.76469427598238,255,8.958671439936357,8380,,,
1766,OK,0.18796666666666667,10.449606904297452,185,97.90438952971279,242,7.868326039387308,18280,,,
1767,OK,0.15164790725887983,8.09610582010582,188,57.32285388931135,255,6.237638161721931,13752,,,
1768,OK,0.22679166666666667,5.964455876048747,236,41.49159167250453,225,4.603280805235203,22718,,,
1770,OK,0.2602443609022556,8.852040447815096,154,51.19473595053572,198,7.1868570803239225,24368,,,
1772,OK,0.17408333333333334,13.221621190362216,183,89.3148992701712,246,10.994697228874443,17538,,,
1773,OK,0.039925,16.514158491616225,169,49.67148399864594,230,13.511765909555965,3258,,,
1775,OK,0.24233333333333335,7.796160018340211,248,66.06686464290952,251,6.2636731085006945,26390,,,
1777,OK,0.39536666666666664,7.873394598544249,144,73.59170847345499,226,7.21469430715724,43704,,,
1781,OK,0.2674505928853755,6.520788689376586,102,64.91941169593798,145,4.790244923592213,23885,,,
1782,OK,0.2979595521849043,6.5444013494131665,115,60.04959832643158,228,5.338433843384339,29997,,,
1784,OK,0.316,7.76488964621876,154,79.68861992052781,212,6.827500587189209,29803,,,
1785,OK,0.30470085470085473,5.857830762038335,140,63.29230178242163,224,4.464281088921698,25738,,,
1786,OK,0.40222857142857144,9.27308803333807,226,53.18901315999108,247,8.790756616481374,33011,,,
1788,OK,0.24039029535864978,11.526759986543215,178,71.51504168344651,250,9.761270648030495,19675,,,
1789,OK,0.1691198501872659,11.816133318569372,203,100.2879074729353,255,8.468677440326925,14356,,,
1790,OK,0.19112781954887217,11.480117361657488,204,94.1176140236723,255,9.543151591916633,17369,,,
1793,OK,0.06735833333333334,11.165986226236134,231,53.710478896563224,232,7.550674662668666,6670,,,
1795,OK,0.29201739618406286,7.031662148404882,197,92.30442598123169,255,4.844882805861668,25499,,,
1796,OK,0.05024907749077491,20.271709197723517,255,75.69882373510242,255,12.140876944837341,3535,,,
1797,OK,0.26669475655430713,11.217568374117896,196,61.18374043949589,248,9.846792646869778,25930,,,
1799,OK,0.2847191011235955,6.333782776462335,216,60.622198659545504,251,5.0590284548089794,25643,,,
1800,OK,0.03300561797752809,17.82420803782506,193,92.16080045186798,242,9.173319858514402,1979,,,
1801,OK,0.19680711610486892,9.082322343276719,185,76.45569531714482,250,6.818803869832894,18950,,,
1802,OK,0.056825,19.17011291978296,180,55.713679857926685,248,14.853738083291521,3986,,,
1803,OK,0.18980337078651685,12.760610395803528,234,50.72262093248121,244,10.241912477891253,17527,,,
1804,OK,0.06355833333333333,20.735369957606746,244,47.534155594908626,233,13.335839598997493,5453,,,
1805,OK,0.2535917668515279,10.595004831272398,145,43.0150927715099,217,9.850819212434402,24963,,,
1806,OK,0.3358,11.167162993845542,139,37.6566797149453,188,7.808158319870759,2476,,,
1808,OK,0.29534328358208956,14.120199110572063,153,42.72607952780366,217,13.241606101900219,35224,,,
1809,OK,0.2789916666666667,8.580483288031303,119,65.12378112442836,238,7.5991877435118536,30286,,,
1811,OK,0.12912541254125412,5.906347177848775,141,62.32578240960051,244,4.543596571134936,14271,,,
1813,OK,0.10556666666666667,8.626749815808862,129,73.14962918794022,194,6.40405701754386,10336,,,
1814,OK,0.127421875,11.574494175352545,150,84.31091157924357,255,9.122262459044663,9665,,,
1815,OK,0.19519911504424778,5.573992217310816,111,77.15100658841209,203,4.102383950862774,15087,,,
1818,OK,0.160425,14.616037262133569,212,82.72925455008652,216,9.486083476272155,14575,,,
1819,OK,0.21686329588014983,11.121885928932256,196,52.573189540764474,245,9.635032276712593,20758,,,
1821,OK,0.3315270935960591,7.778281327389797,176,59.092950135101944,231,5.874850911569262,23476,,,
1823,OK,0.25744397759103643,8.932749412906093,155,62.571140262361254,244,7.202297869746746,32813,,,
1824,OK,0.208375,10.616996600679864,177,66.54835868554486,212,8.382908493635302,21106,,,
1826,OK,0.09997191011235955,11.512534731978397,175,35.117054884540295,208,7.420035439073639,8089,,,
1830,OK,0.37871722846441946,11.06489974534576,232,46.32040751736922,235,9.906442199775533,37125,,,
1832,OK,0.06478464419475656,8.79814038637568,127,35.30910116371816,146,4.775508881109815,5142,,,
1833,OK,0.1904433962264151,13.871831706874062,160,56.055756897750534,218,11.638668496092585,16763,,,
1834,OK,0.12906015037593985,11.877488105641325,141,29.751003582682262,206,10.18817157586816,11509,,,
1835,OK,0.1808801498127341,16.036805052282844,169,49.14361430541902,242,13.729142100581312,16113,,,
1836,OK,0.13645,6.078600219860755,128,85.77385742960261,246,4.59899211829532,19116,,,
1837,OK,0.18145833333333333,10.593953310371221,145,88.99191312462882,236,7.340988488631808,17461,,,
1838,OK,0.28563333333333335,13.561043684599525,158,51.955481156580035,209,12.170930750389669,29940,,,
1840,OK,0.23434166666666667,7.842395362896056,145,41.40983612504852,175,6.543480277192564,25157,,,
1841,OK,0.18863333333333332,9.10235907404135,145,72.60681223724032,249,7.5051519710130865,20607,,,
1842,OK,0.5940917602996255,7.060410723573264,151,45.377469185639704,232,6.531536649345876,59851,,,
1843,OK,0.3709166666666667,4.702209241368981,120,58.519057711838215,252,4.019510249661003,41790,,,
1844,OK,0.31247747747747745,12.415845786683324,136,73.86295835244273,228,11.791517078674737,38996,,,
1845,OK,0.2198359375,7.922669604463556,127,65.95977408597952,255,6.415445665445666,25116,,,
1848,OK,0.235875,4.209079667903198,128,64.95856916952941,218,3.0058901864372056,26032,,,
1849,OK,0.2572352024922118,9.301381614137071,219,62.91550541219728,241,7.309913084331689,28380,,,
1850,OK,0.17033333333333334,9.526043705153294,171,55.69188763894469,247,7.107712135857925,17587,,,
1852,OK,0.27655,6.013519757327387,122,49.545273035839074,195,4.876228236510946,29005,,,
1854,OK,0.03428571428571429,14.763368055555556,175,99.50541173570019,238,10.752094440213252,2626,,,
1855,OK,0.175513698630137,18.531853658536587,199,79.86952578746971,242,15.110142155207981,17774,,,
1859,OK,0.177925,7.579879162568498,167,49.24585821109861,238,5.919456366237482,18640,,,
1860,OK,0.29015671641791047,6.629227643321931,198,61.02461127640114,240,5.4958979291614805,35348,,,
1861,OK,0.2522421875,6.888479367340828,181,42.37823144888016,212,5.54907542410146,28806,,,
1862,OK,0.26933473389355744,7.927233647937737,198,48.13827044537517,236,6.011007711232338,34279,,,
1863,OK,0.186993006993007,6.9969458987783595,167,50.25117911004072,216,5.038144177993885,18098,,,
1865,OK,0.06622659176029963,17.509119185635516,229,76.03286304945836,255,12.48611111111111,5376,,,
1866,OK,0.25511538461538463,9.375898286346047,149,64.91250150599818,245,7.344933558412327,23103,,,
1867,OK,0.2522403846153846,7.762398505698929,209,43.63368352471699,249,5.204122178865972,23321,,,
1868,OK,0.19990384615384615,7.704569504569505,110,33.14608821055162,190,6.301212088945678,18783,,,
1869,OK,0.23891346153846155,9.297742182154787,213,47.161796352212384,248,6.15566734354809,21668,,,
1870,OK,0.24843023255813954,8.217359648438515,194,43.1262602820969,213,5.325468392281456,21403,,,
1871,OK,0.181825,10.845807171119972,148,43.188121938053186,196,8.959836447388852,19321,,,
1873,OK,0.15668233082706767,5.804030951952492,115,22.51633994212202,154,4.657627834906325,14198,,,
1876,OK,0.11571546052631579,15.989837253926515,164,137.16289559095685,212,9.916760751308631,9743,,,
1878,OK,0.22423333333333334,9.50056984292156,195,51.939113994757875,248,7.035908390734444,22938,,,
1879,OK,0.30526197604790417,7.498794432320657,176,71.16631651529353,237,5.997954954954955,37000,,,
1880,OK,0.1361,13.183382316923831,208,60.06477408650693,251,10.019739997475703,13205,,,
1881,OK,0.04205,10.644206632316026,144,59.89474630431883,219,7.8582395533455465,3821,,,
1882,OK,0.07734082397003746,14.806900726392252,175,78.42354035586226,248,9.900849541694612,5964,,,
1884,OK,0.2274,6.832829448841982,171,51.25491845715765,232,5.808137513548888,32598,,,
1885,OK,0.11207865168539326,11.662183235867447,111,44.84863088333509,228,9.45610625202462,10290,,,
1887,OK,0.3244756554307116,7.576518343240799,205,80.69661057670095,246,6.266668815748472,31021,,,
1888,OK,0.14145220588235294,14.998678795754818,155,49.567319701673625,228,13.332031738880127,13317,,,
1889,OK,0.6271843003412969,7.052363072402253,136,48.20381135472452,229,6.568159133038643,70130,,,
1891,OK,0.21425925925925926,6.041790710330036,145,65.65311493440176,220,4.147072133224726,18415,,,
1892,OK,0.17235833333333334,7.7669744879047204,186,47.83275102281919,214,5.966760584129791,18101,,,
1893,OK,0.3343583333333333,6.0283212455034105,141,38.3904837020252,243,5.439449223639705,37547,,,
1894,OK,0.24870833333333334,4.964014072708997,81,24.42242804059675,147,4.21332099669738,25939,,,
1895,OK,0.21541129032258063,13.930839978535685,198,71.52748683475693,255,11.315170985935604,23345,,,
1896,OK,0.24382440476190476,6.608646119418167,145,76.98054052281151,255,5.4066338521573325,30068,,,
1897,OK,0.07703571428571429,12.187876680574872,174,60.28954326768048,245,9.903491888919438,7274,,,
1898,OK,0.11936580882352942,9.8001848001848,140,33.245011985151635,192,6.592431397968948,10799,,,
1899,OK,0.5676591760299625,6.222418324371282,202,67.82025237868353,243,5.524444051200377,56510,,,
1900,OK,0.0943,9.738541298456463,144,79.260795823979,243,6.869571580141221,9111,,,
1901,OK,0.199,6.206462869905081,152,41.29184006103482,255,4.995058201579405,20303,,,
1903,OK,0.39903333333333335,6.0795046362041605,126,45.41433708654575,186,5.196399553688436,44513,,,
1904,OK,0.28928333333333334,6.115188876726009,126,68.97317261918721,179,5.157255159885997,31929,,,
1906,OK,0.5722936507936508,7.8245942485219135,169,77.15949478267862,233,7.233470298935957,68387,,,
1908,OK,0.3244087837837838,7.817833897422546,173,66.46269533691711,251,6.5064406845472105,34339,,,
1909,OK,0.044375,19.732003129890455,198,56.297349998788846,248,14.51381932851048,3594,,,
1910,OK,0.0976,11.58589480874317,171,71.68168218085107,247,7.313874316329947,8959,,,
1913,OK,0.15346666666666667,6.266525485085433,115,73.91100960781226,254,5.18600622038533,15969,,,
1916,OK,0.1941884328358209,14.475204560375333,231,87.48878058568623,254,11.531365240884261,16903,,,
1917,OK,0.08943609022556391,9.032576712904582,130,97.06240452499897,255,6.447446117508119,6774,,,
1918,OK,0.12081666666666667,11.939600864487055,175,135.73345844944487,237,8.254136295267847,11524,,,
1920,OK,0.0714,18.71214596949891,240,110.93528489721683,255,13.968535353535353,6600,,,
1921,OK,0.2537083333333333,8.832528603492637,189,154.18805947927717,254,7.0917614354308816,26380,,,
1925,OK,0.08045880149812734,14.362155242639357,206,58.64014785096786,210,11.662992197423335,7348,,,
1926,OK,0.11248333333333334,9.444831333036992,168,62.645471446545606,213,7.138955685331501,11644,,,
1927,OK,0.16681647940074906,9.934291273761414,176,112.02963454104109,245,7.9027732105667,15205,,,
1928,OK,0.20039166666666666,13.112391012045855,210,68.19039182377483,244,11.117435946955066,20712,,,
1929,OK,0.0518796992481203,17.515700483091788,196,81.44699312714776,255,13.060071513706793,4195,,,
1930,OK,0.39289166666666664,8.193890031886086,171,118.06766136375074,246,7.216334021564579,43590,,,
1931,OK,0.07755833333333334,14.280219189857096,210,104.74317556966867,206,10.373164464023494,7264,,,
1934,OK,0.0932,10.513024558893658,181,92.82589570161251,246,8.30877676489294,9434,,,
1935,OK,0.29805,7.785839437827359,162,90.5543802581697,219,6.590224531609742,31562,,,
1937,OK,0.17619166666666666,9.740355357959293,174,102.01684250988802,254,7.674101749103143,17933,,,
1941,OK,0.24356521739130435,13.987038359316116,187,46.81870202194377,242,12.290785498489425,30452,,,
1942,OK,0.23886704119850188,12.539205310127658,198,46.02017903201335,211,11.160702822935793,22329,,,
1944,OK,0.29023275862068965,9.431708596944585,203,73.29096878934733,255,7.715942319024271,29981,,,
1945,OK,0.3852625570776256,8.978873448102165,229,54.635432334899384,241,7.337463668349396,30506,,,
1946,OK,0.19691597414589104,8.53870080340117,134,53.369761844535915,237,7.102942496544047,18567,,,
1947,OK,0.1222804054054054,8.020237601878712,166,40.37791163885735,234,6.830316444022871,12651,,,
1948,OK,0.13182456140350876,10.882685653446899,175,69.61479677753978,255,7.41733984068215,11884,,,
1951,OK,0.3613132295719844,12.770723958754004,176,40.49152920988369,206,11.727164321488194,33544,,,
1952,OK,0.07712406015037594,11.867454707937283,131,72.70200148006327,254,8.767037265801935,6476,,,
1953,OK,0.28294788273615634,6.326234194823385,166,64.25518431871352,224,4.283950617283951,29781,,,
1954,OK,0.12152621722846442,16.657729152220252,224,61.087965380884874,244,11.71720625422944,9359,,,
1955,OK,0.3830909090909091,7.875138427464009,157,31.209831515866,211,6.3497617874158045,30435,,,
1956,OK,0.1807155172413793,5.1496128098713605,108,97.75385376221892,177,3.89155609389051,18163,,,
1957,OK,0.12485,11.722110977617586,205,108.63422143505558,251,9.762735391948874,12727,,,
1958,OK,0.03675105485232068,9.990719479525449,115,130.69994670521413,255,6.2611940298507465,2010,,,
1959,OK,0.43972587719298245,7.511366564429927,154,141.2994500655616,255,5.448549504023957,35620,,,
1960,OK,0.14982365145228216,11.955941748020956,218,50.24442492201195,236,9.54701135275612,12185,,,
1961,OK,0.07395131086142322,11.116738414788554,106,48.84274332167196,216,8.39874551971326,6324,,,
1962,OK,0.192075,10.21636513514686,151,36.784832028550504,231,8.736377945187375,27743,,,
1963,OK,0.13707818930041152,5.405884118883218,83,32.55428251228003,211,4.078785772216429,11508,,,
1965,OK,0.2317264150943396,16.260595204168872,199,49.79607140079653,238,14.925865523507758,21461,,,
1966,OK,0.09224375,10.904984529213813,234,40.45349912673878,254,6.987050565821516,11635,,,
1967,OK,0.046394736842105266,14.302199533623243,216,99.6096132559416,244,9.9010863350486,3498,,,
1969,OK,0.2078010033444816,20.660899421934307,216,64.24869740818531,246,18.746876165609848,21448,,,
1970,OK,0.10508333333333333,12.686051634505242,167,82.60156301193642,234,11.56782535684299,9925,,,
1971,OK,0.15903688524590165,23.38596830305373,254,105.84877799166647,255,13.659514446914002,11698,,,
1972,OK,0.18616731517509727,11.93938760581043,163,70.9433115791319,254,7.873161184418208,15839,,,
1974,OK,0.16212406015037595,9.331420289855073,142,57.083189381192746,188,7.143949834619625,14512,,,
1976,OK,0.140180608365019,10.140548360118443,188,60.040208727184286,232,8.042815141492099,12698,,,
1977,OK,0.2542294520547945,7.7660919153139805,174,74.9367246037395,230,5.969790939866139,25798,,,
1979,OK,0.13730286738351255,19.02332006352107,193,95.97020056711364,241,13.221917055753913,10923,,,
1980,OK,0.16096863468634687,10.094503983036278,176,60.409825070642434,186,7.608895033990091,14465,,,
1982,OK,0.2139705882352941,8.075272050400917,130,72.6148776114749,254,5.913858233945333,20207,,,
1983,OK,0.17235494880546076,8.903894389438944,174,69.83705841924399,240,6.4975615288646935,17634,,,
1984,OK,0.3497680412371134,7.073680396924815,214,79.1104449905532,243,5.933485561307848,50801,,,
1985,OK,0.3571833151272404,8.865964395612695,148,61.98671470980059,226,7.613115603939865,32150,,,
1986,OK,0.2545274914089347,8.336404855930963,172,71.4620715353086,231,6.495314437668597,26073,,,
1987,OK,0.23793141109654872,5.537430188967944,109,44.28121342410128,194,4.37644633594893,15038,,,
1988,OK,0.032876506024096384,27.489693082913423,198,55.91641361840842,241,16.669289273537895,1271,,,
1989,OK,0.2601677852348993,10.728449202459263,179,55.696508217293356,245,9.666224849244731,27915,,,
1991,OK,0.18575842696629213,12.458272426365577,142,57.590172606110784,217,11.114629683135895,17305,,,
1992,OK,0.12706026058631922,11.958213164135103,149,61.61042442108143,202,10.3206984032234,13402,,,
1994,OK,0.27615833333333334,9.230363016385528,136,30.99823088996596,189,8.434339113553355,30391,,,
1995,OK,0.199825,9.161558029942867,136,62.83428972134568,222,7.744970715558951,20944,,,
1996,OK,0.17784166666666668,9.19705418365275,111,67.47225966882561,207,8.0572781856919,18931,,,
1997,OK,0.2471,10.329657358694186,178,64.4808665751686,228,8.705104414093428,26944,,,
1998,OK,0.22945625,10.19132187508512,172,112.79931649998242,248,8.404459811276098,32393,,,
1999,OK,0.1689683734939759,10.652792013904364,198,91.46604627842565,254,8.789672501602078,19766,,,
2000,OK,0.21935393258426966,12.981075966477427,206,75.13002210947589,253,11.379987486162584,20777,,,
2001,OK,0.10259166666666666,10.417458641323478,131,50.74436571980425,252,8.754374412041392,10630,,,
2004,OK,0.11164794007490637,11.166862350441686,194,49.45054597579999,219,8.587452155100681,10015,,,
2006,OK,0.06452560240963856,9.24405803866651,184,53.34403382945212,252,7.556202600216685,7384,,,
2007,OK,0.18347305389221558,10.674921127067014,128,36.51205143248264,180,9.709533327276581,22014,,,
2008,OK,0.2339179104477612,8.845031105439464,205,106.41951195752765,250,6.702685546875,20480,,,
2009,OK,0.17184166666666667,11.138095469020254,146,71.81585311450776,255,9.209806592209206,18355,,,
2010,OK,0.18305,8.655619290418526,163,81.91163609904046,254,7.0401438502305735,19372,,,
2011,OK,0.39653558052434457,7.822951593860685,165,86.31541763641066,254,6.548332003055348,38839,,,
2012,OK,0.03828125,17.977755102040817,196,88.16164906580016,254,13.693626776707932,3635,,,
2013,OK,0.3580703125,7.094720688877738,215,65.23857104027975,245,6.304425732997162,42042,,,
2015,OK,0.218575,8.094933089328606,189,76.9242800723749,255,6.085795006024346,24069,,,
2016,OK,0.23490178571428572,8.812560974064642,134,38.842850085384306,197,6.957846355876559,22845,,,
2018,OK,0.16986046511627906,7.67065991237678,159,81.55885813536531,230,5.405731155710842,12307,,,
2020,OK,0.22446828358208956,12.031819252240647,161,80.58762444318815,255,10.763925608533139,21938,,,
2021,OK,0.06789274924471299,18.9164163607372,197,70.93960830071873,241,12.481192262542745,6531,,,
2022,OK,0.09521616541353384,18.180337577731713,243,121.27158621501556,255,9.80455313649468,6706,,,
2024,OK,0.09978333333333333,15.231084015366628,160,63.55267867612118,230,12.332868919075816,8613,,,
2025,OK,0.043792134831460675,22.559047822678355,205,59.53616717096051,233,16.98597000483793,2756,,,
2026,OK,0.11504826254826254,33.75397824202254,255,96.46560719596572,255,26.288480392156863,6800,,,
2027,OK,0.23768333333333333,19.723546735853027,165,46.416890764263904,254,19.397778456370716,26198,,,
2028,OK,0.2659421641791045,8.945876740678383,120,58.088472633465074,240,8.06672322266353,25933,,,
2029,OK,0.1051958525345622,9.852005986930967,241,174.70895294991138,255,7.388273250105204,7129,,,
2030,OK,0.30094,9.449846037969916,140,60.94281845144432,239,8.027204328972239,26981,,,
2031,OK,0.08100840336134454,12.742969110189026,243,119.41536871088353,255,9.069859838869881,9061,,,
2032,OK,0.24786259541984731,10.366158505286931,165,59.75144203119186,232,8.287680720283959,23102,,,
2034,OK,0.10924778761061947,6.21736195490752,187,71.41697299355886,246,4.243980799032392,8819,,,
2038,OK,0.14483271375464685,12.696440793976729,182,88.29653176259201,255,9.994417488391507,12778,,,
2041,OK,0.3366198963468588,9.315918763299537,200,77.14525374745935,238,8.332651991614256,19080,,,
2042,OK,0.24651785714285715,10.326639569667458,194,87.88206870218957,242,8.458333333333334,21512,,,
2045,OK,0.254775,12.234455238282145,171,69.779912666197,213,11.373613212304589,37016,,,
2046,OK,0.2883552631578947,6.269906456764773,177,53.633385720008626,227,4.304305021032847,11173,,,
2047,OK,0.3465544041450777,14.760920485410281,170,69.65444898174947,238,13.518662287249926,23443,,,
2048,OK,0.19670833333333335,13.898368989620844,255,127.2252848522572,255,12.391531294209473,20499,,,
2049,OK,0.15838014981273407,11.214819194009262,207,62.61005358699079,254,8.36615462681059,14452,,,
2051,OK,0.2173872180451128,7.606153624441562,126,71.46926464112725,220,6.505471214511041,20288,,,
2053,OK,0.0812578125,10.110181713296798,163,104.34732438201006,245,7.2624966277411644,8649,,,
2054,OK,0.14828598484848485,8.061562040998787,154,109.15449387190863,255,5.814154912150458,13470,,,
2055,OK,0.3154096989966555,10.413858918961907,183,69.43964727579174,253,8.941221964423821,34480,,,
2057,OK,0.1375,7.238978494623656,95,52.583824216923794,235,5.021641223606481,11398,,,
2058,OK,0.1349,13.007515855366115,205,102.785750523382,255,9.887949562974638,13958,,,
2059,OK,0.2007806691449814,12.272943282108251,148,47.321092453912584,230,10.619754794982345,18787,,,
2060,OK,0.08463159444562027,13.002790765104564,181,80.89469945245324,222,10.233192801124257,7353,,,
2061,OK,0.04978846153846154,12.222865971417535,146,61.82761935601384,241,7.341934887162412,3604,,,
2063,OK,0.3098529411764706,8.768875573485207,153,100.23745915903118,252,7.219846657884959,29607,,,
2064,OK,0.11967607973421927,11.001920096236148,141,63.95959405358317,252,8.526167808028505,11974,,,
2065,OK,0.34973333333333334,6.599806201550388,144,49.82708376050851,246,5.374804054760163,38276,,,
2068,OK,0.250325,11.739849307011996,192,77.41360886013568,255,9.885849559236656,27528,,,
2069,OK,0.041475,15.506262139173531,158,70.88900190976298,209,10.174611581920903,3776,,,
2071,OK,0.41452446906740537,6.777649076693471,184,52.90207180069498,228,5.835790932772507,41843,,,
2074,OK,0.28785849056603774,11.05539715312599,208,41.735649846993525,224,9.514800034808985,26813,,,
2076,OK,0.015125368731563421,19.70014627011214,186,67.95227469567973,228,14.150420168067226,1190,,,
2077,OK,0.08856203007518797,10.871413916304078,158,53.180259236726236,254,7.8551844575420215,7635,,,
2078,OK,0.455852685901947,5.878153999210964,210,63.4379876708195,232,4.3575488593007865,34248,,,
2079,OK,0.14979609929078014,15.133297824071335,206,137.47669694031123,255,11.85251737990426,13857,,,
2081,OK,0.0890625,11.52769803296119,188,83.18493684702948,253,7.827092416859023,7798,,,
2084,OK,0.17431643625192011,11.48863235812478,139,54.82561889170015,205,8.331634639204445,9419,,,
2085,OK,0.08875,22.935857569660385,153,50.326539943823896,241,20.051230078295774,8387,,,
2086,OK,0.2085981308411215,12.768020708880924,167,77.94169881383509,237,11.297660178084886,23734,,,
2087,OK,0.2800749063670412,6.281247214050103,145,87.33107897201124,189,4.7441204750396295,25654,,,
2088,OK,0.3732380073800738,8.311228651227168,169,130.82138424024765,252,6.784760742548628,36056,,,
2090,OK,0.1807689353203257,7.904847905379086,232,74.87357103229486,255,6.142416666666667,8000,,,
2091,OK,0.2939699074074074,7.369528984080738,161,45.05313027655284,218,5.685599408448101,21638,,,
2092,OK,0.26307420494699646,14.857656145063801,182,51.72642451850076,242,13.125347796540627,25997,,,
2093,OK,0.06818690095846645,18.41771113974464,205,125.618530868113,255,12.454354410037704,5393,,,
2094,OK,0.07585576923076923,18.488359318882832,229,113.13754235554029,255,13.499498180905784,5314,,,
2096,OK,0.1363567649281935,9.75129342202513,138,62.66443977672754,246,5.536820721178263,3938,,,
2097,OK,0.21971666666666667,7.884737920048547,131,73.88546183366441,207,6.459302160520115,23482,,,
2098,OK,0.11398193760262726,21.000576244327593,224,84.63970149899151,255,18.408643385552654,12256,,,
2100,OK,0.102325,13.364687678149686,142,49.69270925198739,232,10.212681354110693,9305,,,
2101,OK,0.41181647940074906,7.042866020947963,147,135.12222611353434,218,6.4480002570466945,41497,,,
2105,OK,0.115125,9.128338762214984,210,126.2517210528794,232,7.043172690763052,11288,,,
2106,OK,0.18436666666666668,9.068482693505294,206,97.59590593086037,223,8.303991969732067,12951,,,
2108,OK,0.11683333333333333,9.497923601204628,153,45.48092512214045,223,5.859157344305859,7777,,,
2109,OK,0.2278125,7.106191760087035,121,63.86869292994134,221,5.4456163124019685,18489,,,
2111,OK,0.16,9.28247893258427,161,109.40418598775341,217,6.983651226158038,13579,,,
2117,OK,0.173075,9.02429903542138,171,81.50506058254645,237,7.586216886667753,18409,,,
2118,OK,0.08379375,14.418786206210687,225,74.31747991604874,255,12.503829568127696,10358,,,
2120,OK,0.07529850746268657,10.123761149653122,148,72.33281548435693,223,7.755507955936353,6536,,,
2122,OK,0.06958653846153846,16.15222698171434,240,33.951014333991296,218,12.140138408304498,5780,,,
2123,OK,0.10115168539325843,10.911968897528464,190,62.35328534572261,235,9.507905477243886,9719,,,
2124,OK,0.16684701492537313,9.70749934772075,234,66.13754096035709,255,8.59483377687661,15782,,,
2125,OK,0.20472846441947565,12.52318012043601,215,58.54537783795451,218,11.479789561412646,19198,,,
2127,OK,0.025402621722846443,14.266494655363067,176,83.76270811916955,230,11.279431216931217,2016,,,
2129,OK,0.05842651757188498,14.611483253588517,187,53.867676125037114,223,12.145546144051377,6021,,,
2131,OK,0.07845015576323988,11.786028657467156,211,53.73678591248546,252,9.833197627079214,8597,,,
2133,OK,0.17304166666666668,8.370158118629103,162,59.97222754068625,209,6.380330096311393,16682,,,
2134,OK,0.1178125,7.090021179034812,173,84.71828858737886,255,5.996506080763287,14883,,,
2135,OK,0.13291946308724834,6.23175965665236,67,15.297360578969775,92,4.577435481691663,12335,,,
2136,OK,0.032588339222614844,18.067769043101112,195,37.54180858543891,234,13.068860450944547,2735,,,
2139,OK,0.14320960698689955,11.615540986939067,169,67.838731598753,250,10.321951498512925,11656,,,
2141,OK,0.3255769230769231,12.751571326881427,171,56.7890702112259,202,11.30077587018075,38967,,,
2144,OK,0.10888803680981594,13.122426461957415,151,83.97597553664197,238,8.991459362091991,10733,,,
2147,OK,0.1637844640734612,7.896288390845488,137,71.63351867593845,254,6.098016230838593,11090,,,
2148,OK,0.24677902621722847,5.623653058127181,134,69.09226708434853,194,4.57953976630769,23307,,,
2149,OK,0.07020446096654274,17.02943253022681,198,69.05249252010742,220,14.665427108596067,6185,,,
2151,OK,0.13764044943820225,14.433673469387756,146,81.11168295331161,255,14.123789100051763,13523,,,
2156,OK,0.34441468253968255,8.827807702278422,197,50.66352415396799,223,7.777957356872008,32174,,,
2158,OK,0.25701413427561837,14.265850920006416,201,104.89555640104948,251,12.659179177649591,26177,,,
2160,OK,0.2796111111111111,12.708236748570545,219,72.94474006666495,236,10.493605587031192,26299,,,
2161,OK,0.16819962686567164,11.613018320300224,221,64.35577760581965,239,10.521850182442584,15530,,,
2163,OK,0.0481625,16.302102257980795,187,56.50597747339576,249,11.000625156289072,2666,,,
2166,OK,0.08540711490384191,14.817680319955867,227,69.65087107565206,255,11.007156619873383,7266,,,
2169,OK,0.3222574626865672,8.262905497983365,175,108.39798680503941,255,7.060698436398324,32148,,,
2170,OK,0.04747222222222222,24.548533905467785,184,104.94790016168804,248,19.26372039283651,3462,,,
2172,OK,0.1331227914769062,13.39232846328174,138,54.76346450745837,243,10.58659217877095,10561,,,
2173,OK,0.10294776119402985,28.506554307116104,213,75.24181606422361,242,25.27761122436743,8339,,,
2176,OK,0.10088333333333334,9.893689079795143,166,62.41962790640196,248,7.222033389983005,10003,,,
2177,OK,0.21155783582089552,13.007407734027073,193,59.80997227513478,231,11.83074948322998,19996,,,
2187,OK,0.10222537878787878,29.303998764860275,245,64.33375876799747,251,25.20725028608795,8156,,,
2189,OK,0.0725189393939394,17.926264472882387,236,44.23286570963768,247,14.926145730300034,6066,,,
2191,OK,0.15029816513761468,12.453812503179206,202,49.24231381758307,237,9.502221393730387,10729,,,
2194,OK,0.2766416040100251,11.578093857582896,182,77.42410435867231,255,10.385430203761372,40783,,,
2196,OK,0.0672481343283582,15.048874092569474,239,103.30334063399039,255,11.013085640845894,5706,,,
2202,OK,0.10769295302013422,16.11020227986809,200,125.49401577616277,255,14.139048662466903,10953,,,
2203,OK,0.1534727626459144,9.95645559992394,228,96.46771543155258,247,7.648880952380952,14000,,,
2204,OK,0.32736692015209123,17.277176069765865,206,27.96252172807055,207,15.153817553528858,30482,,,
2205,OK,0.037071917808219175,19.520631254811395,183,77.80280371061913,255,13.4596528266479,2842,,,
2207,OK,0.15392292490118578,16.08450493248593,170,79.04263651900385,244,14.047080273739947,13346,,,
2209,OK,0.29118333333333335,11.272356094861962,214,57.129844733397604,246,9.439860908533621,31538,,,
2211,OK,0.26399805447470814,6.605021064396871,133,44.55398421908249,249,5.721130071744153,24671,,,
2216,OK,0.0834689349112426,10.519243833997932,86,59.759289297771325,216,9.893988854815841,10109,,,
2224,OK,0.22455615942028986,12.78820270797198,228,128.19017470904538,255,11.22468391306881,22884,,,
2225,OK,0.1706781045751634,11.155266223094474,170,35.176046787312785,211,9.922547363449766,18351,,,
2226,OK,0.10736666666666667,8.62099417020249,97,54.42910074643896,201,7.713723657044914,8557,,,
2233,OK,0.122175,14.306572994111361,182,84.04248822057042,255,12.263566475731082,13268,,,
2234,OK,0.1947978436657682,10.825100318251003,240,96.42143686048718,255,9.441231249370784,26488,,,
2237,OK,0.1250189393939394,13.286471746705045,160,50.52290453617322,235,10.37669049875097,11609,,,
2238,OK,0.18871598639455783,9.11129635470644,124,74.85549278354837,243,8.292388424699409,19628,,,
2240,OK,0.13083333333333333,12.542267292434909,187,103.06767758321979,246,10.004414320472714,9590,,,
2244,OK,0.06536666666666667,21.41781404045555,252,136.15280204952626,255,14.414858898061048,5209,,,
2247,OK,0.135,14.80998793279495,176,61.44808553174845,231,11.158367787165199,5563,,,
2249,OK,0.2677745098039216,7.859895776126143,199,61.655767848934,239,6.427062333682768,24802,,,
2250,OK,0.2236029411764706,9.220692206511016,175,51.57061906114847,252,7.905446340257171,21568,,,
2251,OK,0.2863844621513944,17.33700831217612,201,62.02376000856049,247,16.161742015121124,25924,,,
2252,OK,0.25125,6.807690403702878,185,112.24787166006362,255,5.438274170754011,24058,,,
2254,OK,0.4039825581395349,7.9772213027591885,135,81.65314019086638,239,7.031671763773079,38257,,,
2255,OK,0.15466730038022813,11.02798434843177,146,84.73550810196899,239,10.110064162964957,14858,,,
2256,OK,0.3006862745098039,9.110757888635293,151,69.62935962739692,244,7.96402107042475,33918,,,
2257,OK,0.14334837545126353,11.46487859136603,166,49.83358091806526,253,10.562843803448436,14422,,,
2258,OK,0.22125,12.16270086738972,232,108.16382545801065,255,10.542183108326038,21703,,,
2259,OK,0.11509398496240601,11.514154281670205,215,65.40252140110883,247,9.717289046750505,10417,,,
2260,OK,0.10616197183098591,9.199695964621338,199,86.78624515790165,253,7.32911075662319,10657,,,
2261,OK,0.09984939759036145,17.4262443438914,207,80.63443756622608,255,14.198452435138826,4394,,,
2262,OK,0.21425802139037434,11.074148025665824,247,75.00863767967991,252,8.787378184806856,28390,,,
2263,OK,0.13463320463320463,19.431674792084888,177,39.17628905843335,213,16.87432027683271,11463,,,
2264,OK,0.08422120418848167,13.337581267645763,144,58.859414044541,250,11.522773111773382,11073,,,
2265,OK,0.3713738738738739,8.704085551984152,150,89.62216211051796,235,7.614047287899861,30198,,,
2266,OK,0.187680608365019,17.080176256077795,242,75.73633214753791,248,13.87906402492798,17009,,,
2267,OK,0.20240301724137932,19.87247333581785,215,81.22000801617646,253,18.917641097599002,17104,,,
2269,OK,0.17783496732026144,8.200303211283135,153,41.436265108529675,217,6.827082041744162,19356,,,
2270,OK,0.13632022471910113,10.250681136524944,190,108.29526277179707,233,9.265250710515632,13136,,,
2271,OK,0.115625,8.918004158004157,114,63.85990395940926,204,7.568940633118445,10393,,,
2272,OK,0.26832046332046333,8.388780967455693,116,49.26376612754281,179,6.852545857052498,25296,,,
2273,OK,0.33149628252788105,11.075518424028335,180,64.22427974957482,255,10.282890819113328,32466,,,
2277,OK,0.404025198938992,12.676153429514008,217,144.1481386697525,255,10.988374302121061,54391,,,
2280,OK,0.1609427966101695,7.170648763685031,214,95.75529519697334,253,4.864211369095276,12490,,,
2281,OK,0.22269961977186312,14.225855102156963,198,91.22182817264263,241,12.883516118311732,20060,,,
2282,OK,0.1604875518672199,9.637450714239545,138,64.710108037086,246,7.4671035919321245,13122,,,
2284,OK,0.2467245989304813,11.025313826424636,198,79.37109474369214,255,8.786815572190777,32862,,,
2285,OK,0.3390954773869347,12.85645129421063,194,53.59423788523925,223,10.277895587195799,23107,,,
2287,OK,0.10615291262135923,6.923135551236615,85,50.21489054530478,247,5.739349567616319,6283,,,
2288,OK,0.2689712918660287,10.839707669957603,148,54.31553599284398,245,9.055242075931732,19140,,,
2289,OK,0.19055059523809523,7.585942991019133,179,101.10628121457242,255,5.611011605725685,22891,,,
2291,OK,0.1618822393822394,14.962435155923917,184,83.00950143385275,255,10.36383934171245,13287,,,
2294,OK,0.420662100456621,9.690830359984588,172,56.463473818646236,223,8.493573833573834,34650,,,
2296,OK,0.43731843934068404,16.326445977686436,133,48.31161755897202,169,16.04185204838293,24499,,,
2298,OK,0.21419381107491856,12.463343851778632,212,86.90987284578796,254,10.468967032967033,22750,,,
2299,OK,0.16176573426573426,7.180121762311322,182,97.20020717319818,255,4.220995830267354,13590,,,
2300,OK,0.22721790295503072,9.243738268593905,130,88.41668687933914,240,7.771725617170103,24399,,,
2301,OK,0.19390531471068384,9.110578422201435,138,58.4709955370537,215,5.647335686670028,11898,,,
2302,OK,0.28174078909309797,8.096744358120606,221,72.05158959065727,251,6.699254760699791,33591,,,
2303,OK,0.36804913294797686,11.855576059785099,218,79.07643700502314,250,10.047280483469605,45008,,,
2304,OK,0.3572505303904418,9.82116531659417,212,84.31181083363494,253,8.580102262221468,35334,,,
2305,OK,0.09978632478632479,10.056209850107066,162,90.86035683202785,249,7.806360548718628,7557,,,
2306,OK,0.16801745635910226,5.881317816382752,149,69.95430134995516,240,4.345869924907726,10476,,,
2307,OK,0.1724201891964304,6.528408638138497,151,108.30472751421574,244,3.928146691085035,14743,,,
2308,OK,0.06601377952755906,4.644500770339446,132,63.135889897041935,234,3.0222261947324514,5594,,,
2309,OK,0.08567073170731708,13.305575326215896,177,115.64047063306816,244,10.419449467550733,8295,,,
2311,OK,0.3040247678018576,7.623973183978276,164,55.82276838671412,242,6.024388824214203,34360,,,
2312,OK,0.1688515228426396,9.685192840053611,173,79.34708766893912,252,8.549322938038571,24370,,,
2313,OK,0.17938762626262628,13.949099653938648,220,55.47784231513893,231,12.776557750759878,26320,,,
2314,OK,0.1803114478114478,7.4876678648678086,157,96.48996874753968,235,6.015410836024399,18580,,,
2316,OK,0.1926489028213166,4.504393458628265,130,105.25393296964285,255,4.005686204643982,22452,,,
2317,OK,0.26763157894736844,4.90921919953385,165,50.719773492500764,234,4.292574918502808,33948,,,
2318,OK,0.2368131803193438,7.305019048094358,120,59.11084440590124,223,5.616508618118924,16767,,,
2320,OK,0.2673546511627907,7.12687712176676,193,69.1017559637962,246,6.049312509443552,24267,,,
2321,OK,0.40767045454545453,7.46449864498645,210,55.058701483257835,252,6.569808217046509,59981,,,
2322,OK,0.245,6.508745122414448,138,75.61915207135733,255,5.828871391076116,36195,,,
2323,OK,0.2755388692579505,7.010804398704755,169,51.36188304535681,188,5.185245861851366,27468,,,
2325,OK,0.17353305785123968,8.091756955193079,144,73.10914449360988,251,7.216689434333642,22693,,,
2326,OK,0.17520661157024794,5.775,112,48.962241148964594,228,5.318223540210408,23605,,,
2327,OK,0.04680064308681672,13.769094240238177,207,86.33390960661617,250,10.425688221522565,4129,,,
2330,OK,0.23798657718120805,8.396855611957134,131,49.16217852739123,218,6.716611391871973,25328,,,
2332,OK,0.21004273504273505,6.464473832937719,88,38.32749977459201,201,5.795037835583845,27179,,,
2333,OK,0.11968978102189781,6.38423031966255,168,53.4757675006737,215,5.1567869793038845,11387,,,
2334,OK,0.33066326530612244,4.74810985958957,160,59.37908546552498,242,3.766893345958509,34851,,,
2336,OK,0.17196360153256704,7.393973152119423,159,46.58822939681732,229,6.753961464825451,16366,,,
2337,OK,0.2329022988505747,6.510908903968744,114,66.83575575950553,197,5.413010436721046,29607,,,
2338,OK,0.23384831460674158,7.014654654654655,202,48.730849373663304,213,6.086442070665571,30425,,,
2339,OK,0.0423134328358209,7.86939055457574,106,93.34273617496558,235,5.04369918699187,2624,,,
2345,OK,0.14460580912863072,5.522572931611669,177,67.82937181663837,255,4.301273360448733,12539,,,
2348,OK,0.1103926282051282,6.950690764801239,206,123.04603850853726,255,5.2004036149864,11397,,,
2354,OK,0.06737804878048781,11.397058823529411,105,66.9897406559878,213,8.341766677478647,3083,,,
2355,OK,0.030837692735579597,9.173422510471559,227,82.76858091767969,255,7.960703953712633,4148,,,
2356,OK,0.2619193989071038,17.110714130482027,186,59.8949701540882,250,15.659877435011284,35301,,,
2357,OK,0.26386363636363636,19.270695760359843,210,97.80776388460087,251,18.120529766380415,25269,,,
2358,OK,0.09659090909090909,19.24950226244344,180,73.89061119174326,253,17.993676050591596,9804,,,
2359,OK,0.24365537848605578,10.823665671967188,151,57.277734613341764,224,9.422592315369261,21376,,,
2360,OK,0.1423611838750463,10.874877330716389,149,55.87605984834293,250,9.569117070712727,17861,,,
2362,OK,0.07873616236162362,14.7933606717438,140,43.0588461089137,219,13.276001618777823,7413,,,
2363,OK,0.13190891472868216,16.98677734518475,200,50.702814024356215,252,15.102665270955793,12419,,,
2364,OK,0.08137037037037037,21.98827947200728,207,77.33969009125241,252,16.34566298940082,6164,,,
2365,OK,0.12042467948717948,7.219664204759686,172,68.94403804283463,255,5.387629508452131,12837,,,
2366,OK,0.28202797202797203,7.128409372675428,147,56.94089883445343,219,6.298247402825454,29423,,,
2367,OK,0.26073684210526316,10.5511539496703,183,53.59205467748825,206,8.489365322443424,17631,,,
2369,OK,0.26606869921969273,11.1400520702108,146,85.5460471432138,241,10.632229054365197,36917,,,
2370,OK,0.2773375,13.331305118613002,216,101.13558369224914,253,11.427355492570642,38810,,,
2371,OK,0.21292438271604938,7.944373980793622,144,106.31972942502819,250,7.3584956382649835,24799,,,
2372,OK,0.17049603174603176,13.757263664222817,152,117.1364444550753,248,12.519036308109943,14735,,,
2375,OK,0.3476843605272533,14.519143740287241,160,63.01131864230906,237,13.882236090028298,35574,,,
2376,OK,0.2058305369127517,11.544501052917601,147,87.52413246712091,233,10.290711589800239,21726,,,
2378,OK,0.18793055555555555,10.504114009804645,139,74.18324240195659,241,8.547227072420387,24054,,,
2379,OK,0.41652527075812273,7.765053844987108,161,38.29401331291538,216,7.085492168216106,43349,,,
2380,OK,0.30877493765586034,8.087485067218548,168,92.20836245837937,244,7.1861381229167245,36301,,,
2381,OK,0.4656233766233766,12.134028765607713,219,61.20743918147131,247,11.184132162150028,66827,,,
2384,OK,0.38882671480144404,14.620769695000233,150,45.81328942575583,234,14.481527541602158,39401,,,
2385,OK,0.42145283018867924,11.792160988494427,182,63.594543912859145,213,10.202157431435404,39306,,,
2386,OK,0.12100961538461538,15.891881869951,234,66.63037794672647,255,12.200793418528274,10251,,,
2388,OK,0.18105450236966825,13.125733481665685,177,57.10632387621349,237,11.920516250885338,12707,,,
2389,OK,0.3509259259259259,10.325993443671544,224,59.45241429991787,231,8.856222368133071,38075,,,
2396,OK,0.2538078034682081,18.610356705668003,222,58.056888053992814,253,17.567180876723015,32477,,,
2398,OK,0.31142887462195573,9.858004183585578,193,61.3325370834136,251,8.728308909048616,31526,,,
2399,OK,0.06944237918215614,17.668272662384013,212,79.99656772664324,253,13.711193270106628,6221,,,
2404,OK,0.23687080536912752,8.846738681305707,226,126.18362373806775,253,7.102596934896563,24991,,,
2405,OK,0.235643115942029,10.392132743929784,167,47.989109438881314,210,9.081937706531674,23705,,,
2407,OK,0.20292642140468228,13.340640021975004,190,60.64975698450995,255,11.757717157214644,22288,,,
2412,OK,0.1685531914893617,9.648783977110158,152,44.26076479519593,211,7.748006262537306,13626,,,
2413,OK,0.03251282051282051,12.621056782334385,171,68.8953673274674,252,9.6578546009151,1967,,,
2414,OK,0.19945384615384615,11.487716456477303,181,49.42213168574018,200,8.466172480179484,21989,,,
2415,OK,0.14511054421768707,11.254614708467624,147,60.64160408481292,218,8.88354436033139,14927,,,
2416,OK,0.12339473684210527,6.84006895571195,149,63.890161408143456,227,4.547613054786475,15892,,,
2418,OK,0.2620522388059702,11.262983530305188,177,56.970443781497025,251,9.904610265674597,32659,,,
2419,OK,0.23862334801762114,10.18821248903863,165,50.99072319538667,235,8.460883612865752,18364,,,
2421,OK,0.014426877470355731,15.462328767123287,119,96.31890247978076,252,12.413678618857901,1004,,,
2422,OK,0.03225308641975309,14.780940988835725,177,58.68699037899325,234,9.770414064307195,2882,,,
2423,OK,0.09415155440414508,13.21478526059939,216,86.04033709177314,255,8.268723188263419,10179,,,
2424,OK,0.11021739130434782,7.475793437331899,116,80.93607341432897,255,6.249154414302478,9658,,,
2425,OK,0.016283382789317506,8.5876993166287,145,68.6831818810251,250,4.237053245805981,914,,,
2426,OK,0.2428544061302682,10.387013226052431,216,44.44844773929105,196,8.808541183523435,21129,,,
2428,OK,0.1808695652173913,10.83994391025641,200,79.5606945248665,223,10.056931449886871,16353,,,
2429,OK,0.07796511627906977,10.690600475835375,125,50.49792967190029,188,8.799655913978494,7750,,,
2431,OK,0.2071206896551724,12.154277310691196,211,65.90975348105624,249,10.026810323227261,19955,,,
2432,OK,0.04344178082191781,15.31126001839443,195,85.4650454385431,249,9.91350673769978,3191,,,
2433,OK,0.14581132075471698,14.20091442374051,165,106.28746244919597,253,13.553977409276616,13870,,,
2434,OK,0.3970976617496848,4.920855251469577,88,66.60164127924133,220,3.9864972131628447,38634,,,
2435,OK,0.06083962264150943,21.839561689150774,200,72.3062048598206,215,15.077431539187913,4589,,,
2436,OK,0.1743923027750004,13.04929742939048,178,57.33500431808932,221,11.605929704035253,19214,,,
2437,OK,0.17274074074074075,14.631360777587192,201,145.60922949498567,252,12.775158583998364,16290,,,
2438,OK,0.16143518518518518,5.321438813552378,150,80.14606977887495,254,4.218886955400876,20688,,,
2440,OK,0.2799,19.005696478901196,182,81.92866345723587,248,17.707280239042966,30901,,,
2441,OK,0.1491764705882353,10.55846915527515,157,62.702245421583086,248,7.475309643571854,12326,,,
2442,OK,0.0901417004048583,8.47035706265439,148,102.13616778279604,255,5.60585003232062,6188,,,
2443,OK,0.04052120141342756,13.49560351718625,206,79.00888782496877,249,10.673941068139964,3620,,,
2444,OK,0.06051971326164875,10.919257723817985,209,85.3132658057214,226,7.0748655632376565,4773,,,
2447,OK,0.2824375,7.811315187725898,186,64.29783410272044,212,6.4372257958106545,40420,,,
2448,OK,0.10358934125360755,10.091064827337481,200,50.79432010780473,238,6.915210507798757,8527,,,
2449,OK,0.19467696629213482,11.76673159704687,192,70.92639680961766,226,8.237522326694302,9891,,,
2450,OK,0.19110335195530725,13.844210577602377,178,36.42123498569792,184,7.133450728540847,9654,,,
2451,OK,0.13341836734693877,11.297565328234544,159,40.660186439014815,236,8.939039818884005,10012,,,
2452,OK,0.10569727891156462,12.78570662375972,151,54.274042027194064,253,9.692423922974207,9486,,,
2454,OK,0.06806390977443609,10.729862837153641,165,64.63979709151052,254,8.733841564468015,6034,,,
2455,OK,0.1421698113207547,7.370788173707882,165,77.54153378056381,255,5.723689623961162,16204,,,
2456,OK,0.19576041666666666,11.565529718512211,217,116.01670832955561,234,8.876820719472779,15882,,,
2457,OK,0.24524193548387097,16.086171528789087,197,41.26267560128015,218,13.897449542731,16912,,,
2458,OK,0.061369230769230766,13.138631235898721,176,55.94434063802702,214,11.442863984674329,6960,,,
2460,OK,0.16566666666666666,7.824513749161636,114,23.925516047409776,146,5.975112146307798,15456,,,
2461,OK,0.19609550561797753,10.26615098123478,206,76.79825756781625,255,8.819438506484252,18712,,,
2462,OK,0.09619402985074627,25.022853633307474,226,65.55968059339995,255,21.448427181091414,7672,,,
2467,OK,0.04921452702702703,16.42520450775127,161,50.28224648302287,226,12.541572865075791,4442,,,
2468,OK,0.1377059925093633,14.297114752612135,218,80.56555872867645,231,11.005675466506148,11629,,,
2469,OK,0.06796979865771811,16.128857072327822,196,94.7052002136252,255,12.845446423879341,6343,,,
2470,OK,0.1354494382022472,10.90879764044426,143,52.53989501880853,235,9.479902815190409,12622,,,
2472,OK,0.04007537688442211,8.619122257053291,127,70.39991275138507,255,5.065613837187441,1773,,,
2473,OK,0.075075,20.038443038443038,217,78.25733618041103,253,15.374649017248295,6648,,,
2474,OK,0.16873595505617978,14.101215248876311,213,48.783248290699376,193,9.384920634920634,13272,,,
2477,OK,0.08985849056603773,14.357955255593051,225,85.12130702501265,254,10.333431681091005,10168,,,
2478,OK,0.1286842105263158,10.545452332262148,209,77.72722958105018,210,7.876202205019939,11368,,,
2479,OK,0.10304511278195488,6.666818679314119,82,71.75359403160233,233,5.509797811937405,9628,,,
2480,OK,0.06348333333333334,13.702852892272688,229,42.86166230653782,246,9.664707915658486,5786,,,
2481,OK,0.22465355805243445,11.159226996762944,202,106.1448025730514,252,8.468210380485875,20211,,,
2485,OK,0.08728888888888889,18.111761710794298,248,56.6432768471627,243,9.922981528620847,5107,,,
2486,OK,0.07805555555555556,19.23302491103203,221,66.77231294566637,237,10.830228683931546,4402,,,
2487,OK,0.08534444444444444,32.13782927570195,226,56.538057232635644,211,27.202680386178862,5248,,,
2489,OK,0.11291111111111111,13.398346782129503,181,88.44708033768381,217,9.113317757009346,7704,,,
2490,OK,0.06966517857142857,21.12976610060878,203,63.158541071842734,226,15.11123870770173,4354,,,
2491,OK,0.09558035714285715,19.460026467382843,244,71.81255244582654,254,12.353194036347807,6126,,,
2492,OK,0.282375,15.958123063302347,227,65.0482339507248,250,14.584296189916662,30638,,,
2493,OK,0.13215238095238097,14.154453733064283,154,52.399947324524824,211,11.842548935562224,13998,,,
2495,OK,0.15120833333333333,26.614586203729218,244,52.530893590561746,234,20.585254432141344,11018,,,
2497,OK,0.06745833333333333,11.403253036854025,143,35.96511028699939,163,6.606039034229104,5619,,,
2498,OK,0.03721887550200803,20.689776099271647,195,79.88108621067231,233,14.182494529540481,2285,,,
2499,OK,0.13646186440677965,10.518242508927186,216,87.73855671957932,209,7.646466666666667,10000,,,
2500,OK,0.2475607638888889,10.052164054373108,196,79.6231046403864,228,7.796400130017878,24612,,,
2502,OK,0.2011527777777778,9.403668669014246,142,65.9130459979948,204,7.284125171979743,11387,,,
2503,OK,0.14742152466367714,10.464030418250951,190,57.767258382643,233,7.965922444183314,10212,,,
2504,OK,0.14162952646239554,13.909774805782279,204,48.05464782333566,226,10.486764371733697,17604,,,
2509,OK,0.3107916666666667,6.723162175448005,177,95.53729520585213,232,5.8383507288881225,34779,,,
2510,OK,0.1676123595505618,13.267787646872614,205,65.98178082243145,220,9.855601696218663,15171,,,
2513,OK,0.2033955223880597,9.11672170243992,138,68.1043725701438,231,8.192071723950919,19668,,,
2514,OK,0.22674148606811145,11.067941059338908,178,79.24404517625076,250,8.962796622411325,25383,,,
2515,OK,0.12645131086142322,12.0716524743922,220,71.2612787394823,244,7.945116880716991,10823,,,
2516,OK,0.21279026217228464,9.143653377922497,125,66.36813600716829,219,8.325935533458232,20817,,,
2517,OK,0.20892986656863816,16.63596303517365,164,85.35564709921043,229,13.11323373336599,16332,,,
2518,OK,0.11701335877862595,11.074288510152492,238,57.992914545893356,247,5.07072169925175,8286,,,
2519,OK,0.18508426966292135,11.634879681624255,248,104.30336385815342,255,8.77027052973139,17361,,,
2520,OK,0.315175,5.909058459585944,156,55.87967728981857,196,4.373647723760321,22647,,,
2521,OK,0.25547,16.397933221121853,228,68.4126764536016,243,14.574017367817717,21227,,,
2522,OK,0.3055456852791878,7.492710885907713,165,40.5134830570936,212,5.35948210205636,21008,,,
2523,OK,0.16335685483870968,12.215283348760671,204,78.7031507922164,237,7.802429921384896,12593,,,
2524,OK,0.17576704545454547,14.753012589120557,232,66.31503119291352,250,10.445786036198877,13831,,,
2526,OK,0.20597069597069598,7.97339794890035,143,100.00416339899432,254,5.828728792547728,18822,,,
2527,OK,0.18269736842105264,16.01486416196535,220,87.8017387104564,232,9.452147390981782,12131,,,
2528,OK,0.0804945054945055,11.111983314372393,207,125.15397204793679,255,5.911139729555699,6212,,,
2529,OK,0.23553333333333334,11.309757996037362,215,71.56962733641464,243,7.977876551734059,23173,,,
2530,OK,0.04191919191919192,24.841633199464525,217,70.21326363263633,246,14.314653081028627,2748,,,
2531,OK,0.02435,18.12012320328542,169,52.66147070044472,255,10.242530073729142,1718,,,
2533,OK,0.12043650793650794,17.41035145524437,216,147.3116587713362,253,9.631892523364487,8560,,,
2534,OK,0.171875,11.485414141414141,175,65.48284444444444,216,7.152134933301807,16917,,,
2535,OK,0.1406004366812227,13.313481895592307,185,59.47281750316519,217,8.358145972587941,9874,,,
2536,OK,0.023125,24.274474474474474,207,81.21938721831236,255,10.731475617479417,1579,,,
2537,OK,0.07857677902621722,19.574833174451857,232,56.674023792103625,255,12.106063243400058,5745,,,
2538,OK,0.14955992509363294,13.760762954151797,230,76.74559694070412,253,7.068115444081773,11642,,,
2539,OK,0.1293233082706767,15.897868217054263,181,27.79935233160622,203,9.496772527756262,9037,,,
2540,OK,0.20876404494382023,11.214253677789738,200,57.731424942409035,225,6.702017877009245,17378,,,
2541,OK,0.10383699633699633,13.184584178498985,130,100.22573514133992,198,8.80977267898874,7845,,,
2542,OK,0.15195692883895132,18.9311520529094,254,63.876822235226136,254,8.972848860570576,11614,,,
2543,OK,0.09608653846153846,14.588211748223756,158,79.03729154921088,193,11.761531766753698,8043,,,
2544,OK,0.15427902621722847,9.843923853452287,150,96.16959873638682,246,7.7161252765164745,14315,,,
2545,OK,0.15786734693877552,9.007196259668627,187,86.99834401644675,238,5.063783697047497,12464,,,
2547,OK,0.30455,8.230412813075759,201,46.335530152339416,241,6.840200325682859,32547,,,
2549,OK,0.10895833333333334,10.229267049075844,159,58.06649208947081,223,8.149150888746608,10933,,,
2551,OK,0.19000830564784052,11.648599029593042,185,70.56318680379671,245,8.356706360195698,18055,,,
2552,OK,0.23674440298507463,11.514480475984081,160,47.465817658873235,217,9.3132596850488,22268,,,
2553,OK,0.11213207547169811,18.04013124684503,213,64.67265231527722,253,10.603513896264825,7532,,,
2554,OK,0.0215125,20.151559171024598,181,109.15154341096165,252,13.60587002096436,1749,,,
2555,OK,0.2849625468164794,10.624071761845304,206,56.39887733633641,237,7.855381253414501,25626,,,
2556,OK,0.26692883895131087,8.333111173471774,144,57.97853761133534,245,6.802918133149938,24719,,,
2557,OK,0.049970119521912354,16.449006710517573,193,67.34635801627823,253,10.216891697787991,3481,,,
2558,OK,0.2576593625498008,7.394732433929929,82,60.15748256877451,207,6.848828291435876,23470,,,
2559,OK,0.15351,14.062341215555989,188,47.5656455874651,201,11.24349376114082,13090,,,
2560,OK,0.12693125,8.163490734813793,174,75.83361610029756,244,6.1957495714508335,17112,,,
2561,OK,0.12290833333333333,8.832418017040704,160,122.3342612738438,215,6.631195175438597,12160,,,
2562,OK,0.03640066500415628,22.68775215041486,211,66.23002734620992,246,15.836025848142166,2476,,,
2563,OK,0.02817,14.127677197964738,184,62.43438324261102,244,9.919368246051539,2005,,,
2565,OK,0.09996875,25.259820777326247,235,60.057819172945386,249,21.019255204769816,10231,,,
2567,OK,0.19625833333333334,14.508414363155138,185,65.43512460816943,253,13.593530037974482,20979,,,
2568,OK,0.0322565543071161,33.6459603289792,232,140.25859416573945,249,20.482242990654207,1605,,,
2569,OK,0.11615458015267176,20.354226566992523,220,65.34233718750113,253,16.181466729147143,8536,,,
2570,OK,0.08785984848484849,21.522885679384924,201,60.29772014700691,250,14.866270103547036,6052,,,
2573,OK,0.07303389830508475,7.614991877465769,132,53.68905304346236,246,5.882982866043614,3424,,,
2574,OK,0.18889166666666668,19.430008382229673,191,47.74458816639783,241,17.739633957191604,19342,,,
2575,OK,0.3059489051094891,9.352817209431787,184,67.96464566791117,220,8.223365702057189,30997,,,
2577,OK,0.07381086142322098,16.703666116960548,241,61.14478805463166,252,9.560015819655922,5057,,,
2578,OK,0.032862453531598515,29.118778280542987,236,94.48767745489955,255,17.267840763162724,1817,,,
2579,OK,0.3682758620689655,8.529373005964766,176,41.984407852175316,246,6.797476915838382,34006,,,
2580,OK,0.31537037037037036,9.774327355948026,201,57.150170269726665,253,8.272728855916338,38281,,,
2581,OK,0.038625,17.086030204962245,221,87.66223074589347,242,14.007113387395078,4686,,,
2584,OK,0.077425,19.99027732931511,181,60.40885263769582,240,15.74064403829417,6894,,,
2585,OK,0.028868715083798884,27.51652959200129,162,84.78886284210375,220,18.19311502938707,794,,,
2586,OK,0.16770833333333332,13.599536231884057,175,74.17897705465165,241,10.727844305185002,16117,,,
2587,OK,0.027771535580524344,24.983928972802875,190,45.082237032185986,222,20.25895010202189,1797,,,
2593,OK,0.1622222222222222,6.707671232876712,167,90.61945623342174,250,4.9300105770967155,12921,,,
2596,OK,0.07602990033222591,13.96009030660549,171,76.94497180422967,254,10.437435098650052,6420,,,
2599,OK,0.24060185185185184,10.205990635623117,188,78.13292690361519,255,7.729260662936895,22164,,,
2600,OK,0.06915,12.102514662167591,170,97.56687436214213,254,7.35785742868576,5831,,,
2603,OK,0.09944756554307116,7.369927502118444,182,61.22320534281565,225,5.48759118736024,9093,,,
2604,OK,0.1154,8.042027729636049,157,57.33867159042379,195,5.923875983812892,10461,,,
2605,OK,0.07274344569288389,15.308533916849015,207,88.11908728916535,253,12.282135452660677,5788,,,
2612,OK,0.24145543175487466,6.558234553302762,108,62.988542785535266,244,5.8307946219264775,31709,,,
2613,OK,0.18116071428571429,5.8938584962488365,119,63.33229443051164,243,5.089024464274874,21964,,,
2614,OK,0.15252700763012766,9.225606736007924,128,70.83934302014619,246,7.895159340393636,6893,,,
2617,OK,0.1798943661971831,6.845544898980013,188,54.26415544392445,248,4.775100980957877,13864,,,
2619,OK,0.29969924812030074,8.98540725873892,207,59.48318839023692,255,5.937510076019693,26879,,,
2620,OK,0.3543,6.959873929814658,156,46.17609312890403,216,5.3473100496157215,30837,,,
2621,OK,0.2700202429149798,8.933115925731563,230,106.4680263997116,255,6.545753237292419,22421,,,
2622,OK,0.11344565217391304,12.374469036440868,168,59.947251408931336,255,9.163382487276523,7663,,,
2624,OK,0.25489374979472523,8.725767483812776,185,80.78621044318328,221,6.7152079453755436,26850,,,
2625,OK,0.15319634703196347,12.949006458022852,184,99.87044576255954,229,10.321494768310911,11150,,,
2626,OK,0.03873595505617978,25.024977842236726,243,78.87222920299102,253,17.258244111349036,2335,,,
2627,OK,0.09725746268656717,24.117398810665645,240,114.67789902246471,251,14.505693095163481,6382,,,
2628,OK,0.05016960462659178,23.464272519027563,192,76.03011178243017,229,13.478260869565217,2507,,,
2630,OK,0.13641818181818183,14.673930427828868,186,63.43632931202672,228,10.714597498531017,11913,,,
2631,OK,0.1427842377260982,14.26448898339592,247,90.01759899118544,255,11.454723857583403,19024,,,
2632,OK,0.14597014925373133,11.385224948875255,208,63.87217100664103,231,8.903836382113822,13120,,,
2635,OK,0.03253759398496241,19.86164067013287,201,64.7732939568802,254,8.404663923182442,2187,,,
2636,OK,0.1689627659574468,6.306819175542613,189,71.78645061036971,248,4.900469965941739,17519,,,
2637,OK,0.10195488721804512,19.07835545722714,218,52.77464975440947,229,12.712483308007553,7239,,,
2639,OK,0.21238333333333334,11.968387873080646,179,57.79993087443835,246,9.04918550606922,22161,,,
2640,OK,0.1756020066889632,9.763990731041488,180,76.59255089690798,255,8.254171123998274,17761,,,
2642,OK,0.21601754385964914,14.12068545439779,210,63.175483548533876,254,11.526084274769511,20536,,,
2644,OK,0.054864406779661014,27.589125733704048,242,80.60738900943876,255,17.180831347630395,3777,,,
2647,OK,0.149100790513834,13.175182804250337,198,60.47970642542764,254,9.527281214817256,12139,,,
2648,OK,0.09489700374531836,12.707054760730143,194,112.76595458542388,246,8.916836347666386,8349,,,
2649,OK,0.28915683300340217,13.52443048228716,230,70.15837040430465,254,11.316467432696447,30199,,,
2651,OK,0.03262172284644195,24.97569843092231,173,99.53718365661337,220,15.22627136092238,1619,,,
2652,OK,0.18606203007518796,9.673266993315485,185,37.56390656212833,197,7.289794063006443,16866,,,
2653,OK,0.1076,18.004879182156134,152,62.420364559988045,229,15.996044722663427,10703,,,
2654,OK,0.22555833333333333,9.504993780864767,152,30.02150653338068,189,8.327041404502966,23999,,,
2655,OK,0.18036764705882352,10.812488109797528,237,87.22453574952902,255,7.710769389545384,19379,,,
2658,OK,0.23680882352941177,11.0916081889503,227,74.56021221522117,254,9.068324619335902,29072,,,
2660,OK,0.06157725321888412,18.595516059708427,198,51.15505958846419,225,11.883771929824562,3648,,,
2661,OK,0.07962222222222222,21.89366452693274,248,84.1918213937916,245,8.66424887169568,4136,,,
2662,OK,0.2041634980988593,10.53176894186299,197,45.67802170675967,205,6.96362441314554,17750,,,
2663,OK,0.06076996197718631,20.38719432712863,194,96.9442482145327,250,14.738638985005768,4335,,,
2664,OK,0.1528756957328386,11.394582965578111,180,53.893451598773545,229,9.350643420506435,16060,,,
2665,OK,0.12246763754045308,11.481579353020193,141,64.67634124079179,191,8.609574036511157,12325,,,
2666,OK,0.07932926829268293,14.431035955248099,192,69.39256830842366,255,10.122885820440304,6011,,,
2669,OK,0.11889513108614232,10.578700057751877,179,58.166390370732465,253,7.857247025289185,10057,,,
2671,OK,0.11447194719471947,8.693359281149393,219,55.371693097043895,252,6.004936720222601,11141,,,
2672,OK,0.22703125,7.952869924294563,194,44.89995822383936,189,6.127546016703315,32289,,,
2673,OK,0.1675545626396288,12.234643874643874,217,73.96949261400128,249,8.082347656834855,6679,,,
2675,OK,0.14887218045112782,15.428535353535354,228,85.81064487632509,236,11.627257383966244,11850,,,
2677,OK,0.06829225352112676,16.896880639340036,171,67.10372693889634,249,14.23262622914595,6034,,,
2678,OK,0.1631463878326996,12.185243450057294,190,49.338058619292646,226,9.531717428685841,14151,,,
2681,OK,0.19663246268656717,12.90118127045875,205,78.12515336948402,244,8.759121011438893,16610,,,
2682,OK,0.33666666666666667,7.26735334823805,140,53.65662992381261,214,6.099596555669296,33214,,,
2683,OK,0.19288389513108614,13.696132686084143,203,57.81982985305491,222,10.696141511939048,16319,,,
2685,OK,0.05506554307116105,20.101626707476054,240,90.65100063747494,251,14.103488275747784,4023,,,
2686,OK,0.17798333333333333,9.444205137809409,125,105.16180734372783,232,6.641801338328767,17883,,,
2688,OK,0.18241509433962264,11.706557716177079,99,63.779458598726116,248,10.253904242280473,16862,,,
2690,OK,0.057162921348314605,13.8994266994267,177,67.81899134349604,214,8.140556809631303,4430,,,
2691,OK,0.06038333333333333,11.873861440794922,167,68.49046301387682,238,8.610017271157167,5790,,,
2692,OK,0.075825,15.17976334395721,203,72.23945380714932,255,11.933387017402586,7451,,,
2693,OK,0.23156146179401993,7.359373505499761,115,43.19112624297449,174,6.380508441380391,25529,,,
2694,OK,0.206975,9.56705721302895,171,52.14673419991664,224,7.313628822737659,21298,,,
2698,OK,0.08485955056179775,14.181911802567214,216,74.101694684033,255,8.875433231396535,6540,,,
2700,OK,0.04754587155963303,26.036822640295867,224,91.5698902721924,255,21.608665749656122,2908,,,
2701,OK,0.2664425770308123,16.076336323708066,231,81.30677748926566,249,11.986609913984216,22554,,,
2702,OK,0.030720973782771537,31.61597074062786,221,42.75220973927492,230,25.412769953051644,1775,,,
2703,OK,0.09629664179104477,13.512899996770965,220,73.48978945811011,255,11.503670071888006,8810,,,
2704,OK,0.29807,10.61586204582816,203,73.66287236619036,253,9.664618958662643,27836,,,
2706,OK,0.10944649446494464,19.634243650258487,239,76.93881039197812,255,15.823763785129847,9370,,,
2707,OK,0.1575175438596491,5.240945963505411,137,65.8088876857241,255,3.263924063664628,16189,,,
2708,OK,0.15170112781954886,10.68434421659129,166,70.18666282586778,253,7.661924580653298,13215,,,
2709,OK,0.058282608695652174,12.50242446848191,201,75.04503797409913,249,8.85968514715948,3409,,,
2711,OK,0.2156898656898657,4.810868949900934,153,86.30820684465894,252,3.1356279580797835,15776,,,
2713,OK,0.228825,7.07491168651444,133,94.2128858199789,201,5.053827662994587,22603,,,
2714,OK,0.014787985865724381,20.566308243727597,155,80.77528408921088,254,13.811059907834101,868,,,
2715,OK,0.09495335820895523,17.459508137669058,199,53.84250488725809,196,8.302326678937185,7063,,,
2716,OK,0.08275602409638554,16.666545344252352,204,53.063136578824945,239,11.34888003768898,7783,,,
2717,OK,0.3181875,4.853990702546978,113,49.73602835579185,161,3.881972293109734,32916,,,
2718,OK,0.19086753731343284,6.852695371682714,228,63.03699604560809,253,4.4812907467265655,18253,,,
2719,OK,0.10218478260869565,10.378789490479736,129,51.34605745832274,197,7.336596207499881,7049,,,
2729,OK,0.2131367041198502,11.88020032508896,220,55.51990988096513,255,9.659590297242119,19266,,,
2733,OK,0.007725,29.74217907227616,221,60.397809187081315,255,19.611635220125788,424,,,
2734,OK,0.246275,11.421840986250691,171,42.398001039282676,198,9.666201854224768,26534,,,
2735,OK,0.049525,16.34757978574233,190,36.377013247762086,255,8.881197517342097,4565,,,
2736,OK,0.11127548259065488,7.5104842196281885,149,41.14951348571583,195,5.318023553507424,6510,,,
2738,OK,0.03994880546075085,17.574184821301436,165,79.98798118227009,223,12.324711550652973,2629,,,
2740,OK,0.069325,23.531393997676002,198,45.09294030915435,244,15.337868915293216,5218,,,
2742,OK,0.2081796875,12.485945885090254,231,97.17255203759797,255,10.22410243393406,23638,,,
2744,OK,0.08026276276276276,9.77778817073551,169,62.28609870839421,254,8.676673567977916,9660,,,
2745,OK,0.08038389513108614,10.617006406523005,140,72.33245770333791,255,7.440747715700635,4779,,,
2747,OK,0.1434417808219178,18.08004058732243,235,66.6916251857479,248,11.422269164829782,10888,,,
2750,OK,0.1229,13.3184431787361,167,41.12426937255349,202,9.433794635229797,9755,,,
2753,OK,0.1181934306569343,10.023750707632134,182,64.36533672716236,246,7.843071126910339,10971,,,
2754,OK,0.065925,15.33286984367758,195,91.89401874105994,252,12.188035495716035,6536,,,
2755,OK,0.09940789473684211,14.561438341054489,184,51.037871909666784,249,10.436036036036036,8325,,,
2756,OK,0.1646816479400749,13.769217648396634,210,130.75636312005858,233,10.423633770816716,13791,,,
2757,OK,0.30212,7.878745752239728,191,62.335382396209475,209,6.459574148484735,26629,,,
2758,OK,0.13545064377682403,20.761452109360853,211,79.33927625855743,251,18.067840322942363,8918,,,
2760,OK,0.06848314606741573,21.92662473794549,194,68.82268861950425,255,17.142513736263737,5824,,,
2761,OK,0.14731666666666668,16.93877512539126,197,95.79814051067545,255,13.614870807482944,14023,,,
2768,OK,0.38153558052434455,7.130280422761035,107,53.24624033589697,198,6.002164386011985,37270,,,
2770,OK,0.08373574144486692,19.023423014341393,217,58.84422127930339,255,15.029429628402628,6037,,,
2772,OK,0.011455223880597014,31.35559174809989,173,64.55156078964255,233,22.329457364341085,516,,,
2773,OK,0.1475479233226837,7.371406918204948,136,53.470949244333674,255,5.778932612396115,16645,,,
2774,OK,0.1919140625,10.805979600606102,193,66.55534608422896,255,8.822608558842038,12712,,,
2776,OK,0.20488333333333333,7.65461373681499,164,56.59292486776923,251,6.13792465056003,21606,,,
2777,OK,0.13800531914893616,7.086015288751847,117,47.90113438853064,217,6.224756954471075,13852,,,
2779,OK,0.40476666666666666,8.809046364160421,156,73.1954042299005,230,7.6242677580081555,45693,,,
2780,OK,0.040225,11.311373523927905,161,61.458440780391236,255,7.902484637990916,3743,,,
2781,OK,0.1771060606060606,6.711666238914079,179,81.76803041741084,248,5.992020541823087,20511,,,
2785,OK,0.03559151785714286,12.509773178634891,165,64.9225484409778,255,8.939280774550484,2410,,,
2791,OK,0.19653614457831325,6.521736909323116,144,42.515173383317716,220,5.453328786974683,23462,,,
2792,OK,0.38261948529411766,8.051566616221065,208,71.51053281922258,229,6.124385076663435,37132,,,
2794,OK,0.278544776119403,11.18780977896852,166,104.08471252478235,255,9.847919201135442,26304,,,
2795,OK,0.19288333333333332,7.2453555689968026,94,34.010476249475154,200,6.247925176684173,20564,,,
2798,OK,0.13251666666666667,19.811176791179307,181,79.81457216597181,220,17.058234557903262,13583,,,
2799,OK,0.18021666666666666,12.193008415795802,197,80.472397855802,239,10.528940568475452,19350,,,
2802,OK,0.29028333333333334,8.140016459015138,149,57.29434281285959,192,7.2711892029539085,32725,,,
2811,OK,0.23783582089552238,12.240691350277167,187,57.40735663696596,248,11.125755796250381,22989,,,
2812,OK,0.05174157303370786,17.767402581734828,157,88.02975097260897,254,11.478132789485612,1471,,,
2820,OK,0.362875,4.723251808473992,146,71.45872081616638,241,3.898285950817513,53149,,,
2821,OK,0.17758333333333334,12.303248344543512,214,68.65355415198357,254,9.148446436491819,14279,,,
2824,OK,0.27664794007490634,6.455752611746655,179,122.7300290815578,251,4.945907922185029,27484,,,
2825,OK,0.09064,8.339327743453957,191,70.48616976041758,236,6.588593288123804,7668,,,
2826,OK,0.24584717607973422,10.629842342342343,164,53.95821585903084,235,7.805191311949431,24785,,,
2828,OK,0.19186666666666666,7.988577136900625,185,63.3498528845625,255,6.395661632763248,20991,,,
2834,OK,0.3159,10.613863388554746,121,48.074513959947375,217,9.83936118414646,34230,,,
2836,OK,0.166975,14.619703548435394,178,82.61563111684657,224,10.502477043301619,16081,,,
2837,OK,0.32572097378277154,9.480725558398252,183,50.49409597341221,225,7.865624965588627,30271,,,
2845,OK,0.3238392857142857,9.775729646697389,185,58.93490659171367,248,8.202664216812126,21770,,,
2847,OK,0.3872833333333333,9.814849880219764,138,103.57765053631822,243,8.280078615235254,42231,,,
2848,OK,0.3147478386167147,7.771671206537414,171,50.25919695520066,222,6.463294795218197,39009,,,
2850,OK,0.4276842105263158,11.730540856509968,150,74.33933771687818,255,10.511959051235705,60303,,,
2851,OK,0.3566416666666667,5.786604980099852,182,78.31997029476402,247,4.145753893605844,39338,,,
2854,OK,0.27565,12.945603321442247,178,127.85886196820138,255,11.048306033399584,29182,,,
2855,OK,0.37871666666666665,7.8257639102817995,165,71.61697561499048,237,6.567746269139879,41188,,,
2857,OK,0.4980833333333333,7.676850147788746,175,67.01169406165255,195,6.592615931200451,55543,,,
2859,OK,0.40623,6.778302931836644,141,61.96109043344505,252,5.803352173065679,35917,,,
2863,OK,0.24815,8.820773725569213,180,48.59825024199567,175,7.7549569346568665,26394,,,
2866,OK,0.17850833333333332,10.50360238395344,160,83.88290271423595,254,8.56588424554861,18234,,,
2867,OK,0.4099625,9.6058328505656,149,56.40024998411118,194,8.475385733637294,60534,,,
2871,OK,0.08859550561797752,6.447438878320299,105,48.78148307957838,220,4.665752351097178,7656,,,
2872,OK,0.25171875,25.45542288920534,231,54.88564479874221,254,24.957201106742392,22890,,,
2876,OK,0.4699908424908425,7.96834427709474,183,48.40318261140004,225,7.7110272008950425,47670,,,
2878,OK,0.18422038980509745,17.662427941675144,252,143.43808867447737,255,13.880749104929771,14524,,,
2879,OK,0.27029135338345867,6.140674803249997,189,80.92178960428983,252,4.531073225411225,25574,,,
2880,OK,0.5091615384615384,7.728296394776732,160,92.01110083739493,255,6.681152110720639,61464,,,
2881,OK,0.3870192307692308,10.535652173913043,174,93.20077908496732,218,8.137054015243566,36212,,,
2884,OK,0.1290743944636678,14.022004780734088,183,75.06012177316025,255,10.704310477067034,10865,,,
2885,OK,0.23952247191011236,8.372959097246655,167,102.5908798023451,248,6.930478841706804,22631,,,
2892,OK,0.1547875,15.11336778917333,224,80.01476206673864,230,12.244884991739738,20984,,,
2894,OK,0.10343632958801498,14.731993603089828,194,56.64613815407002,253,11.471108580106302,8780,,,
2898,OK,0.13694444444444445,11.265557809330629,208,84.44793906233237,242,8.853217718345173,9572,,,
2899,OK,0.4765008960573477,7.668116214564431,169,142.94419244868558,250,6.081255771006464,38988,,,
2904,OK,0.1228706012745913,9.961633291238199,142,27.05389251822742,147,6.677070233603902,8747,,,
2905,OK,0.4490375,7.633071662537464,206,84.1961340381605,243,6.834446713341112,68560,,,
2907,OK,0.22468409586056645,7.270790911147742,117,64.5236415919671,202,6.042700247878558,18423,,,
2908,OK,0.36706971677559913,5.605395139033148,133,52.71220648388781,185,4.33295775252444,31063,,,
2912,OK,0.4396833333333333,11.910168934713115,137,90.77152304748307,228,11.011831444681667,48712,,,
2913,OK,0.06592857142857143,8.726656233698487,111,57.8200346098182,248,6.8187184209283656,7059,,,
2914,OK,0.05531111111111111,16.72472211062006,174,114.61795770506457,241,12.65504858470638,3156,,,
2916,OK,0.19994181213632586,12.522388059701493,194,92.09150761409013,243,10.839603762257354,19988,,,
2917,OK,0.20118489583333332,16.73104221948957,238,57.75201986449114,236,13.931395094174333,12176,,,
2918,OK,0.36830293019247345,8.024423536294057,143,28.3931917877005,179,6.341293923728179,17796,,,
2919,OK,0.3214097744360902,7.45256057859134,154,69.81405408899107,253,5.138436055102722,27972,,,
2923,OK,0.10412222222222223,16.30640628890549,235,108.86147663991864,255,7.460926010446777,6573,,,
2926,OK,0.2948469387755102,11.72627328834285,191,55.51526421146564,230,9.346780279641598,24293,,,
2927,OK,0.2527722772277228,11.022043782913348,179,62.8087797947676,254,9.887570539719288,27644,,,
2928,OK,0.32438333333333336,4.719972940108582,133,26.296728914325186,203,4.16476146093186,36479,,,
2933,OK,0.10554455445544554,9.91588492808005,180,50.36703933289056,205,8.013204024951055,7321,,,
2935,OK,0.15320281124497992,12.505078969788322,207,55.06435383344597,244,8.523328793098843,12481,,,
2936,OK,0.09732014388489209,10.434392903345039,202,67.08666905762882,251,8.08559739434382,8392,,,
2937,OK,0.13666977611940298,15.969285373012081,179,117.08318836508228,251,11.725371934057097,10777,,,
2938,OK,0.03159090909090909,30.219476592638934,184,101.25646153689173,239,18.22465960665658,1322,,,
2939,OK,0.44871794871794873,9.784801587301587,132,36.05877260981912,179,8.582479698529802,37682,,,
2940,OK,0.12769058295964125,9.601463271875915,140,113.33507261277471,217,7.131783860311468,8476,,,
2941,OK,0.2973931378186697,13.04094006994426,173,71.2956294174409,255,11.620674175644792,24504,,,
2942,OK,0.15110759493670886,11.301105293775452,136,56.005388837112974,214,9.464067404592765,12106,,,
2943,OK,0.11632850241545893,24.1499861572536,195,101.3880931554778,242,17.930300933932894,5782,,,
2945,OK,0.3378291536050157,13.656691488621338,199,81.765171868281,218,11.40065853613671,36242,,,
2946,OK,0.17807116104868914,8.718932940722825,186,45.876516066315794,215,6.294931084512151,14704,,,
2947,OK,0.32459944751381214,8.589669943122988,122,43.48374881558587,176,7.682469662832523,42165,,,
2948,OK,0.32298333333333334,20.814765123759397,204,103.5759418363244,238,18.833891139686454,17031,,,
2952,OK,0.21732784431137725,7.92567590838643,219,84.94140167997577,254,6.31891093019404,26163,,,
2956,OK,0.22160377358490566,12.380346246629772,217,78.93532097119541,246,10.000879925382328,18941,,,
2957,OK,0.3202341137123746,10.144177545691907,213,81.959950799508,255,8.692993067957064,34718,,,
2959,OK,0.22992452830188678,10.229088024509,124,52.40241093742343,185,9.080834139524885,21707,,,
2960,OK,0.44857283464566927,9.060245017370635,191,64.87444295701324,196,6.884297228194035,37677,,,
2961,OK,0.2540759075907591,7.720497499512892,185,60.75136237270387,209,6.048755625170931,26814,,,
2962,OK,0.24023850408580624,8.374340002155096,157,107.58739929735296,255,6.55743201799223,24455,,,
2963,OK,0.09589,13.685681510063615,188,124.30600258818065,235,10.081719158164523,6763,,,
2965,OK,0.3123430962343096,13.18680509042197,204,70.35908629956394,206,12.248734502237546,27262,,,
2968,OK,0.16896887159533075,13.873191326041066,172,71.77926177377189,232,11.145840949525969,13677,,,
2969,OK,0.32361405835543766,7.656045299618177,156,65.89566237577493,224,6.381539577477559,44116,,,
2973,OK,0.494,14.492468949427023,236,53.23367052991224,252,13.017608517608517,53724,,,
2976,OK,0.23109375,5.7275786943129745,134,44.167644336065386,215,4.608187431278018,19705,,,
2981,OK,0.10331460674157303,5.915322337018911,93,75.13400023668804,202,4.412887158441194,9503,,,
2984,OK,0.4016216216216216,5.033634913513783,127,48.82469303088092,199,4.434872220356506,50621,,,
2985,OK,0.14223262032085562,10.269997180186108,181,63.549404362982706,208,9.046565992662742,19535,,,
2986,OK,0.36812,13.549343813007836,193,82.25093723843486,223,12.257688061819902,50728,,,
2989,OK,0.19716666666666666,12.607100591715977,193,58.25224205937305,228,8.185425229212772,18978,,,
2991,OK,0.3915727272727273,7.197463221352897,141,72.96007590359646,234,6.281470564152952,40710,,,
2995,OK,0.2579090909090909,7.631394665726707,148,47.308546694434234,227,6.3211791383219955,25725,,,
2996,OK,0.2181179775280899,14.58181297846462,184,40.385038820030736,248,12.335696584773439,20311,,,
2997,OK,0.15676686217008798,8.035978737002916,228,89.63825057745088,255,5.032943004806824,18446,,,
2998,OK,0.08854166666666667,11.340460358056266,158,79.19810186335404,230,9.076786394212464,7879,,,
2999,OK,0.16080714285714287,8.31874916714787,168,79.99729899194521,245,6.035900992211672,18746,,,
3001,OK,0.3538621262458472,6.67968548292454,180,51.47195406731367,223,5.564164385396523,39817,,,
3006,OK,0.13909176029962547,10.824009873218893,185,68.58162669711966,255,8.396920862569717,12969,,,
3007,OK,0.1778544776119403,7.958530018532117,167,59.281525858352055,181,6.190120331866852,16593,,,
3008,OK,0.13038533834586466,8.284990028592711,141,132.4052222594486,241,5.220640896152787,10891,,,
3013,OK,0.2252996254681648,9.677956944559886,103,47.26022303335026,240,8.54099884954218,21151,,,
3015,OK,0.20925675675675676,10.034457308916464,190,51.63367960189288,207,8.267497800490444,17807,,,
3017,OK,0.11097730430754979,8.009842793544797,130,63.146356500295234,255,5.491866028708134,8360,,,
3020,OK,0.2613666666666667,12.729201207328996,174,77.16884411149721,255,11.633108830823842,28359,,,
3022,OK,0.2630149812734082,12.868648392073098,215,65.78436877990937,252,11.28396127681842,25480,,,
3026,OK,0.10775034293552813,19.42451729259495,229,120.82921439003766,255,11.866698329771234,4211,,,
3029,OK,0.10961610486891386,13.239116198285926,197,51.81458502027839,205,10.802932115159885,9413,,,
3030,OK,0.2944842657342657,9.020154946718513,168,60.299765005183104,221,7.4454412096592195,29540,,,
3031,OK,0.3559083333333333,4.401406417070563,128,41.48042678535233,200,3.18772011201017,38806,,,
3032,OK,0.1603,15.373223816455258,242,80.39572995646593,253,11.789419246935587,15147,,,
3035,OK,0.3358426966292135,6.395171183227389,155,100.35311284046692,253,4.879054814338531,31105,,,
3036,OK,0.26734848484848484,11.162169537063274,198,78.6668849596158,225,7.952038369304557,23908,,,
3039,OK,0.12294943820224719,9.231284746020867,151,51.97434939343148,244,7.738831013452391,11423,,,
3042,OK,0.2805735930735931,6.440900032144005,156,42.836815845555975,176,5.450819086793207,23339,,,
3044,OK,0.08731203007518797,17.712235378543237,180,46.25059211203789,204,14.16870848708487,6775,,,
3047,OK,0.12604868913857678,9.541499529539939,179,80.54622626011556,255,6.126533473536628,10461,,,
3050,OK,0.15381857686040196,8.67655437060056,140,50.25914846815849,240,5.897858876294044,10851,,,
3051,OK,0.23589166666666667,7.2179908385440585,157,37.674617109993854,212,6.185037662184012,25357,,,
3052,OK,0.19343333333333335,5.081897294502843,148,68.15361064043752,217,4.307699583806281,21144,,,
3053,OK,0.09225833333333333,9.293770511546683,153,74.76972768194574,249,7.680380993303971,9309,,,
3054,OK,0.21099447513812156,8.885899450117831,225,58.345324790514205,255,7.634515231504602,28034,,,
3055,OK,0.2735580524344569,7.686975173420956,176,54.706275348869184,198,6.006413730803975,25830,,,
3056,OK,0.028613013698630136,15.143227608218632,136,60.563327398684976,255,10.496990541702493,2326,,,
3057,OK,0.161075,7.522323969165503,103,47.011936572266755,222,7.257160597684573,16642,,,
3059,OK,0.12560323886639677,6.807503867973182,172,63.55033275302194,255,4.285021936537088,6534,,,
3061,OK,0.1205795847750865,5.852476265633594,206,119.75808815573328,255,4.042995924121234,10877,,,
3062,OK,0.21802631578947368,10.059786763226715,222,65.21569914184755,226,7.548633390534458,13403,,,
3063,OK,0.2178125,8.918492380472294,136,28.22324921805545,177,6.850490638733369,22148,,,
3066,OK,0.059283333333333334,11.738871708368475,158,54.12150606216301,225,7.838166570642084,5207,,,
3067,OK,0.23996666666666666,8.588565541510395,170,35.9829941669225,213,6.25835390291159,25118,,,
3069,OK,0.3052,8.763761467889909,140,50.579351372097484,220,7.1537738138575415,32964,,,
3072,OK,0.50825,5.7432502596054,137,59.113328249449246,228,4.732648295189164,21410,,,
3073,OK,0.2604471544715447,8.879909994277092,187,73.29055131094377,235,6.8495006156792995,21927,,,
3074,OK,0.24402985074626865,7.299426605504587,221,87.61201464297466,251,6.119297514924337,24010,,,
3076,OK,0.15656887755102042,8.071811118654296,186,39.85980536301897,228,4.47455633953389,3118,,,
3077,OK,0.1415,8.969338928150766,206,51.12895250922151,222,6.739053739053739,15873,,,
3079,OK,0.1491171875,10.551562145264665,195,72.33380465754011,255,9.024309222104893,15152,,,
3082,OK,0.118625,13.485610584240721,198,58.20297199766779,255,10.132428040854224,11488,,,
3085,OK,0.23476591760299625,9.028649676278599,161,57.42274482933017,230,6.612183497170093,22380,,,
3087,OK,0.2837169312169312,7.421045270175766,125,78.10204182132678,189,5.761320968896806,19087,,,
3090,OK,0.3626333333333333,7.0632564267549105,177,74.2227306800551,229,5.34015695205812,37761,,,
3095,OK,0.28758122743682313,9.08488158004854,217,60.96184672815107,212,6.80053992817027,27658,,,
3096,OK,0.13054307116104868,7.41091665471238,145,63.26401961417792,235,4.741730279898219,11528,,,
3098,OK,0.16766323024054983,8.230989956958393,146,70.27978131924088,242,6.596004787975118,16987,,,
3099,OK,0.09871993127147766,7.896730774809271,120,94.07243738223922,255,6.340079910918975,10178,,,
3100,OK,0.1504381443298969,9.919498220166371,178,48.441771413739986,225,8.718417623071426,15858,,,
3101,OK,0.20485395189003436,8.669099042426785,192,83.5958078980066,255,7.361504811898513,20955,,,
3102,OK,0.23104444444444444,6.769757301785772,140,81.54073346241655,202,5.792952433526543,18115,,,
3103,OK,0.2874347014925373,13.22253594262162,209,48.871025174440675,255,11.581168454063262,25829,,,
3108,OK,0.14788389513108613,19.628107720231313,210,54.73187482144034,254,16.131363905859306,12931,,,
3110,OK,0.14805,15.835003189613118,198,55.856443714093814,248,13.033198773520393,15111,,,
3111,OK,0.33299366686389237,9.075800949842607,154,69.44458316221765,255,7.580669144981413,26900,,,
3112,OK,0.047275,9.457547446971033,142,73.75329828766024,248,7.349410243981257,4126,,,
3113,OK,0.16914794007490636,10.727059691853492,197,46.9873255573712,244,6.963911700444512,13273,,,
3117,OK,0.2629868913857678,9.4685441663403,140,46.1077628007233,202,8.475832608179733,25282,,,
3118,OK,0.1733955223880597,16.14355139516534,205,45.681288463564,239,13.50282303943668,15527,,,
3119,OK,0.14767307692307693,15.649650562139167,176,50.56337477343321,251,12.872752743404156,12849,,,
3120,OK,0.24401685393258427,10.997812823759642,195,59.40058707687734,252,8.530192757266994,22671,,,
3121,OK,0.18322097378277152,15.276216271463614,201,69.48630089875275,241,13.045027477397625,16923,,,
3122,OK,0.3055301732343423,8.942126961379898,147,111.94243956817112,236,7.822984654404151,28651,,,
3123,OK,0.11080063868613138,16.82336592897581,172,76.20769148549563,240,14.912965340179717,7790,,,
3124,OK,0.4655075187969925,10.484379837135743,156,53.770945431100166,249,9.46256507607789,46356,,,
3125,OK,0.077875,11.112573568753344,147,100.05966592863706,245,8.100283039407794,7655,,,
3126,OK,0.5551447876447877,10.04811665768319,117,36.70905750717845,232,9.914170473878386,52313,,,
3127,OK,0.19722,11.361947740256229,237,102.08549872526305,255,9.021088769004415,16312,,,
3128,OK,0.5375570342205324,7.602989631777805,143,52.948001671839776,200,6.985593108766387,53169,,,
3134,OK,0.2731745949314499,8.83394325364764,186,44.26589619467815,226,6.670040721349622,17190,,,
3135,OK,0.2728333333333333,11.940881015407589,192,39.61722311355591,208,10.263153837258605,25943,,,
3136,OK,0.19095,8.676023391812866,144,52.53402962322065,209,6.941089314289101,16873,,,
3137,OK,0.14385416666666667,11.423847453536085,160,33.7978870097741,195,6.0902758932609675,3685,,,
3139,OK,0.05599166666666667,16.680259959319343,183,36.25454106749293,212,14.10170121090558,4487,,,
3143,OK,0.16835106382978723,8.471757065121993,143,63.584923426784634,247,6.824834496332081,16767,,,
3146,OK,0.20232522796352584,12.667004682140265,183,79.38257409771309,228,10.071539927247532,23092,,,
3147,OK,0.10124647887323944,11.716677099997682,166,74.48927178747823,239,8.255034176981342,10826,,,
3149,OK,0.07266611295681064,19.963119594620338,218,56.7061677309951,251,15.808241840878328,6649,,,
3150,OK,0.424792576419214,7.349284264089846,149,91.52393605243346,249,5.8872305616945555,34841,,,
3151,OK,0.43815142576204524,5.939058448035109,119,32.112907867615604,206,5.355451503586586,31181,,,
3152,OK,0.13737702316724848,13.488112426605063,150,35.32200505863417,244,8.159699675324676,4928,,,
3153,OK,0.11383895131086143,12.123183637659702,179,81.42906250220128,249,7.927830024381748,9570,,,
3154,OK,0.35226824457593686,8.702376508647506,183,63.95299769928272,172,6.368835286790103,11774,,,
3155,OK,0.3661985018726592,13.70103980226711,234,63.315216427832766,255,11.228844610729237,34479,,,
3158,OK,0.055703389830508473,8.338100309346316,139,83.10627884923163,244,6.126666666666667,5250,,,
3160,OK,0.12399390243902439,16.10070895828211,220,77.322147008666,238,13.115466767181807,13265,,,
3161,OK,0.33391644908616186,12.087047462663227,214,128.68574340480578,246,10.932703951204198,44594,,,
3162,OK,0.18311403508771928,8.21331736526946,133,48.40526890380313,216,6.102493746966812,17858,,,
3164,OK,0.08694250871080139,20.8530541361921,222,70.41928467167212,243,17.21784811230273,7646,,,
3165,OK,0.15774444016142608,11.284992353214975,155,42.914737153442616,231,8.38655802829462,16446,,,
3169,OK,0.3717821782178218,5.869818020417221,150,50.8921329130549,206,4.6771994304034115,41901,,,
3171,OK,0.49948333333333333,8.60601510449687,153,66.849505510972,188,8.122149383834616,56289,,,
3172,OK,0.460625,8.757274234886175,132,98.89338483326895,196,8.09137995536463,51678,,,
3173,OK,0.25371666666666665,4.418971293437561,132,69.04546977242781,211,3.555200937148868,27886,,,
3176,OK,0.11233333333333333,8.105390702274976,143,73.54715859306546,235,6.413720361150958,11851,,,
3179,OK,0.057183333333333336,8.191149324783833,127,64.0949401026475,227,6.455542021924482,5747,,,
3180,OK,0.22962538226299695,6.350113756173354,146,119.46844307712665,255,5.764831927146109,27379,,,
3182,OK,0.3040607513988809,6.291287659708712,133,44.44742826950908,162,4.806486530645589,16321,,,
3185,OK,0.15039473684210528,8.645356830396201,148,85.73350442856406,221,6.7127510270739235,13063,,,
3186,OK,0.36355410447761194,6.177114070424824,107,40.60538105637553,178,5.697369257453166,36707,,,
3188,OK,0.09835205992509363,14.523356181772023,239,93.14182659023567,250,10.557963793389803,8028,,,
3192,OK,0.10019789734075449,8.417767353824631,131,91.47969960640926,232,4.938607334157396,6472,,,
3193,OK,0.23095864661654136,7.424581536040802,132,46.35713179999837,187,6.311636442141624,21616,,,
3195,OK,0.2548,9.26475013082156,218,83.49030461621041,245,6.701167890656874,26144,,,
3196,OK,0.168109375,8.910942776590142,183,45.18132016052791,224,6.629568781246135,18869,,,
3197,OK,0.22317765567765568,6.774992135461546,122,94.90870260563408,237,5.769163439998813,22469,,,
3200,OK,0.04530188679245283,13.784464806330696,177,58.266451247389604,229,9.634191535010727,3418,,,
3201,OK,0.03886666666666667,22.168572517629123,145,77.04850369548295,233,19.248304383788255,2015,,,
3203,OK,0.1781115879828326,11.929397590361447,204,60.252741514360316,229,9.1267984586269,14619,,,
3210,OK,0.2814941690962099,9.136411106220278,206,69.34145203339453,235,6.676241032998565,34850,,,
3212,OK,0.18934752747252748,12.849529060418103,227,48.57245412928242,241,10.408295313148072,24110,,,
3215,OK,0.134140625,16.23655600854203,235,97.66634334867214,255,12.79220380601596,10860,,,
3216,OK,0.1495291095890411,15.741387536978719,182,54.682431502827136,253,11.944283716669078,13826,,,
3217,OK,0.06439622641509433,26.78874890125989,229,82.84135963054833,255,24.537517224101215,5322,,,
3220,OK,0.14154388714733543,11.429858073565509,202,66.67866239421576,255,8.409494173728813,15104,,,
3221,OK,0.2982666666666667,7.023310609447177,138,56.33805180822091,176,5.960127060959008,33055,,,
3222,OK,0.15544314381270902,12.519229734817923,168,77.58022222442224,195,9.746495048646775,15383,,,
3223,OK,0.20558864265927979,7.80789571192778,167,66.71497854064782,236,6.257898383069945,25501,,,
3230,OK,0.3514138576779026,8.37243878393861,235,75.23083919213501,253,7.27636815920398,34840,,,
3231,OK,0.23234166666666667,13.391951508195545,166,47.51281132737727,207,12.382483112042861,24327,,,
3232,OK,0.27426666666666666,7.582462323772484,166,38.50916314532427,199,6.08596021733338,28773,,,
3239,OK,0.24720973782771535,12.266507587809004,166,78.58921449123942,238,9.95330888309546,22631,,,
3241,OK,0.36980221518987344,8.047614972651877,148,54.26495683576668,184,7.246503931821651,41499,,,
3244,OK,0.10995,13.461826082562782,196,71.87441404665157,248,10.88181053643299,11098,,,
3246,OK,0.18091760299625467,13.21724804195563,199,41.79500750664929,244,10.905775385807187,16351,,,
3247,OK,0.09065,19.717809646381074,177,81.09400487527721,216,18.047405134947592,9127,,,
3248,OK,0.079075,15.681315207081884,215,95.83389888789351,255,9.695009332940367,6786,,,
3249,OK,0.30451666666666666,8.347791582288872,203,67.28824079177551,253,6.593109587101212,32954,,,
3250,OK,0.18073970037453183,7.629591255245298,164,106.35029010518456,253,5.704249268602058,16293,,,
3251,OK,0.12103932584269662,12.706144761610068,167,52.95157642062503,210,9.83556729608975,10221,,,
3253,OK,0.28075396825396826,9.494181389870436,179,97.16479632183908,255,7.446917974437794,30905,,,
3254,OK,0.22086666666666666,13.49185028674917,217,56.417404666153274,247,11.173721921842718,22749,,,
3256,OK,0.31850833333333334,6.1206666492242485,183,76.51629799011157,252,4.622360648898749,35157,,,
3264,OK,0.18323333333333333,7.85583045297435,174,81.82046416085105,197,6.001114766081871,18240,,,
3265,OK,0.44021455223880596,9.170625754910894,202,63.01109278052736,215,8.138194172821327,43463,,,
3266,OK,0.3459,7.209068131444541,137,72.85022252798586,225,6.159896366707805,38083,,,
3268,OK,0.15401666666666666,7.321177361757385,188,44.15318465690813,244,5.729372521870476,15889,,,
3270,OK,0.13035833333333333,10.031856634490401,206,58.674176145347225,233,8.265158017947718,12815,,,
3271,OK,0.15331460674157305,13.593970115223321,225,68.63993394230273,253,10.512712469647193,14002,,,
3272,OK,0.16468333333333332,16.24710724285666,195,59.19216597830497,234,14.426667430448148,17457,,,
3275,OK,0.2020880149812734,8.741432300112743,197,77.23989736007292,241,6.949522654148425,18959,,,
3276,OK,0.20557843137254903,6.347067893875085,128,65.38458943696445,241,4.784070604797228,18469,,,
3277,OK,0.20929303278688524,8.668070038021574,128,91.51811730354744,243,7.651011708642803,17907,,,
3278,OK,0.31044642857142857,8.960054964369029,119,58.25647296914939,254,7.9541959565273705,28309,,,
3279,OK,0.12354868913857678,6.2811418466590885,125,62.51758987233588,250,5.095225557310865,11394,,,
3280,OK,0.15188333333333334,9.745564943853104,138,55.31804455623899,195,8.779338346487684,16091,,,
3281,OK,0.3815018656716418,7.7607729988344705,184,74.38983153100162,247,7.078067496672148,38313,,,
3287,OK,0.06475833333333333,10.989276369407627,180,74.67677991725252,251,6.637907608695652,5888,,,
3288,OK,0.15608695652173912,15.728859928372463,251,83.4144280071637,255,13.191180024913082,17929,,,
3290,OK,0.24619791666666666,7.5058764073995725,144,65.73174186416085,219,6.208065458796026,25665,,,
3291,OK,0.31016149870801035,7.543012656294476,192,129.3166303014412,251,6.499331096344058,45597,,,
3292,OK,0.30905,11.210942134498193,245,107.74778284326732,250,10.037665701369574,34877,,,
3294,OK,0.10808333333333334,7.822539193009509,125,67.46771621663709,255,5.884250875286732,11044,,,
3299,OK,0.085875,14.51622189875465,202,83.39919777565066,255,9.438965201465201,7280,,,
3300,OK,0.146875,10.860955082742317,216,46.877291005291006,226,7.37681852332491,14641,,,
3302,OK,0.38905833333333334,7.552816272909661,201,55.94504839978357,246,5.767574713186346,42362,,,
3303,OK,0.21383333333333332,13.881696544557029,176,63.43437212917815,238,11.706446548213092,21443,,,
3304,OK,0.2101486013986014,7.049970189814622,148,117.5260313490263,230,5.667540083598478,21372,,,
3305,OK,0.18458333333333332,6.948412340105342,155,67.24974621018566,243,5.125548529767458,19294,,,
3306,OK,0.16742241379310344,10.497537030362322,189,71.93716370363468,254,8.083726861537848,16729,,,
3309,OK,0.1811826923076923,11.26338693414,184,30.47947125114005,192,9.162747524752476,16160,,,
3310,OK,0.3613248502994012,12.334189574572397,241,67.03020927334451,255,10.449278287324617,44593,,,
3312,OK,0.23762214983713356,8.130705962988348,184,67.81156804101688,253,6.180958480898199,26542,,,
3313,OK,0.10732472324723247,11.930491089335854,206,105.63169226105587,241,8.636230907457323,8904,,,
3314,OK,0.23811666666666667,7.849186906511747,153,45.857484012571184,219,5.837064775715082,25102,,,
3315,OK,0.2660861423220974,9.80634339737725,192,81.8183001199255,246,7.9447371264926785,24676,,,
3316,OK,0.2650936329588015,8.395686163699727,168,67.25234430741006,238,6.956306093528578,25404,,,
3317,OK,0.1754777777777778,4.126216256147238,144,77.4923434896079,195,3.0033950174532587,13942,,,
3318,OK,0.3734737827715356,11.410518046815588,182,67.89359317322493,223,9.80201872110071,35468,,,
3319,OK,0.12748333333333334,9.137599686233495,236,65.31869814648559,254,7.180289119454605,13397,,,
3321,OK,0.10070598006644518,10.315243986254295,209,59.52217347802663,235,7.837644224673514,10516,,,
3322,OK,0.2356,7.421606772307112,161,55.06797633583348,228,5.498158453638735,24798,,,
3325,OK,0.2860625,7.661532299177044,212,48.975947649479124,216,6.368215778396226,33417,,,
3326,OK,0.1991860465116279,6.995051844438884,144,40.75198614366612,202,4.920819222706015,20670,,,
3327,OK,0.08956666666666667,7.558460488773105,161,96.25200148891248,245,4.874942209893666,8652,,,
3330,OK,0.19699166666666668,8.048944540801218,235,35.95423113777012,222,6.812530237058539,20670,,,
3331,OK,0.2866947565543071,12.739105348530869,184,47.89763851879078,251,11.450087285781024,27114,,,
3332,OK,0.3526423487544484,12.977058472302815,191,74.72836010976275,255,10.829843623262219,35342,,,
3334,OK,0.08370833333333333,12.526165588186494,214,80.41502432813424,245,9.021260535916467,7949,,,
3335,OK,0.07631086142322098,24.519304703476482,203,67.80521371853354,241,20.54840530623765,5905,,,
3336,OK,0.3932706766917293,9.559666061243348,164,70.20296073693125,223,8.760467061633854,38653,,,
3337,OK,0.20007541478129715,10.69014637517276,206,56.0884675214481,255,8.300914514342871,18662,,,
3338,OK,0.19276666666666667,15.742021634292081,167,32.52056636063738,198,13.147666195190947,14140,,,
3339,OK,0.21097777777777776,16.251474615546663,182,130.7424003454815,255,14.256641733298942,15508,,,
3341,OK,0.17140625,10.184181968138212,141,68.02103930389806,245,8.476124567474049,13005,,,
3344,OK,0.11955,15.307890701240764,213,33.52051034508869,250,12.468125620189342,12429,,,
3345,OK,0.21913003663003663,6.686851379776282,147,89.72335260522334,237,5.37539975399754,21680,,,
3346,OK,0.11659,10.014609600594676,172,68.2061141863159,252,6.995189717540214,8662,,,
3348,OK,0.23725655430711612,12.213083915439967,185,58.75841200083475,245,9.721832715580762,22393,,,
3350,OK,0.229575,9.897881955787868,211,44.285951476998626,254,7.6337270382986855,31411,,,
3351,OK,0.6028956228956229,6.556666294351986,84,34.22621672036629,117,6.2075294552601115,68522,,,
3352,OK,0.2972916666666667,6.1294744218640504,122,49.59511414171361,212,4.902599112909173,31639,,,
3354,OK,0.38164473684210526,10.943244596580229,231,49.2135384210073,243,9.37362715542157,37483,,,
3355,OK,0.39608072916666665,7.1623217944924775,165,46.325291247134246,250,6.113466059359388,27224,,,
3357,OK,0.05840753424657534,14.65523306948109,194,97.39678238678039,228,11.016604805626098,5119,,,
3359,OK,0.09358391608391609,12.788529796375864,182,101.47798972618152,255,9.641852770885029,8463,,,
3360,OK,0.3071,15.787510401968234,173,40.35124917817225,211,14.749690029190951,34143,,,
3362,OK,0.2601086956521739,8.233619424175211,201,66.73807505848052,232,6.793829889964677,26234,,,
3363,OK,0.16008426966292136,13.374198202413679,163,117.60340605479564,247,10.309425125863482,14235,,,
3364,OK,0.2318,10.643754194228741,114,83.52350371720327,198,7.587343307723413,4946,,,
3368,OK,0.28026762402088773,6.626406129911265,128,43.053859106560374,195,5.523733593944226,38883,,,
3369,OK,0.18139846743295018,8.263262576125603,120,78.77673897950746,255,7.5919136840884045,17239,,,
3370,OK,0.33591666666666664,9.346415281567849,202,66.66183962856067,236,8.217323500647582,37833,,,
3375,OK,0.2854850746268657,6.859288546159544,158,72.60396104235208,247,5.853399526173554,27999,,,
3376,OK,0.11980410447761194,13.245996522100237,216,83.9649557884771,255,9.80673372740157,9643,,,
3377,OK,0.14628333333333332,12.257548137176713,133,70.21942291548719,235,11.065291629916096,14739,,,
3379,OK,0.40024166666666666,19.70000069402514,179,59.162472847860016,219,18.978804426470475,43767,,,
3380,OK,0.2917977528089888,11.380321310914303,244,81.20631269060588,255,9.960921334231966,28191,,,
3381,OK,0.15623333333333334,6.296920560415333,81,45.799671446819154,128,5.578370529498349,16758,,,
3382,OK,0.109125,10.200763650248186,96,36.655600767036155,243,8.835457501977674,11377,,,
3384,OK,0.3476022304832714,10.419121972087055,137,84.56280330873624,209,9.583531089170792,34133,,,
3388,OK,0.2767332604817544,7.2961062922587105,181,61.59225014420138,204,6.185431875768295,26574,,,
3389,OK,0.32830495356037154,10.581433544726565,188,75.69425271462536,196,9.269180600023716,39354,,,
3390,OK,0.22508653846153845,8.706765204266166,125,70.33989320561022,202,7.516465825044632,20912,,,
3391,OK,0.2017840297099459,6.085848423876593,90,89.09649687087042,188,4.811364551505246,14073,,,
3392,OK,0.24386281588447653,7.4140367404616105,141,53.93759268502644,225,5.310479331919684,12733,,,
3394,OK,0.29799166666666665,10.453871752565787,225,76.5286736862098,253,8.748175996431643,31387,,,
3396,OK,0.20762172284644195,13.406737620636783,199,67.11268404509252,255,11.58594369206382,19346,,,
3398,OK,0.168275,13.383482725036728,200,58.90548091149251,201,11.470118557948222,16532,,,
3400,OK,0.2908833333333333,5.216419335739796,97,24.08486301423524,130,4.72089030000648,30866,,,
3401,OK,0.1561466165413534,5.446430721078609,113,34.653802745788134,233,4.46492711013108,13605,,,
3403,OK,0.132125,7.706717123935667,94,41.74634083889449,195,6.670107907479783,13561,,,
3404,OK,0.19215833333333332,5.863784205733119,140,57.48458684491942,187,4.03514830013679,19982,,,
3407,OK,0.08210833333333334,13.879156940356575,205,51.739995944813145,214,11.713765385581512,7962,,,
3410,OK,0.32129375,7.226493149441386,124,46.828328406680605,222,6.396314011392289,47459,,,
3413,OK,0.102675,7.130535941346752,94,82.97934601918665,255,5.722324893734984,10822,,,
3414,OK,0.1455050505050505,10.229569208222454,201,69.43408790905688,232,8.554266458601894,14739,,,
3418,OK,0.11718085106382979,9.552489030110456,88,56.28539294249965,189,7.632436837815811,8589,,,
3420,OK,0.11911666666666666,8.066088335432116,135,65.58681626397745,191,4.961244397574479,11379,,,
3422,OK,0.16164102564102564,14.52543358714044,236,106.73841856292309,255,12.168570209942656,21101,,,
3423,OK,0.221125,11.164763519879404,203,66.25486545765794,255,9.932312180889861,6855,,,
3424,OK,0.22229166666666667,8.673361003257911,152,58.72664225972557,204,6.655938123752495,18704,,,
3425,OK,0.26778195488721807,6.175078384575787,144,76.42661857575602,205,5.453100642561119,26301,,,
3427,OK,0.2097037037037037,10.267514423643,154,73.07384322179523,250,8.998674553075865,20119,,,
3428,OK,0.14511194029850746,7.49577869203737,150,55.80275850028371,183,5.986454384634825,13190,,,
3429,OK,0.12440031152647975,16.742085602788038,247,75.79625890577886,255,14.443837279902853,13725,,,
3430,OK,0.09499067164179105,12.025401813479982,163,53.421063662382196,233,10.331944609768678,8401,,,
3431,OK,0.1111254295532646,18.27916505604948,203,90.47041994877495,245,14.934788719197977,10673,,,
3432,OK,0.09776315789473684,12.915627336623299,123,43.613209534457894,184,11.245796859802695,9596,,,
3433,OK,0.10141263940520447,11.962029569892474,156,79.99242580947653,220,9.575108363533007,9382,,,
3434,OK,0.05322368421052632,12.727294131496851,186,65.1143836590991,251,10.558707310189105,4724,,,
3436,OK,0.048599683544303794,17.930761300124804,223,59.48439037505786,244,16.047549429128377,4788,,,
3438,OK,0.3281,12.891742016322937,202,77.38112897091167,254,11.98457234429747,36817,,,
3439,OK,0.4602055921052632,8.69091569724153,163,46.68216050417181,213,8.016599182514248,52111,,,
3440,OK,0.07054237288135594,21.046652250520584,202,65.61511482305457,241,18.68656571539507,6868,,,
3442,OK,0.37989738805970147,10.612023736443627,192,57.13399022188793,232,9.349876371915968,37478,,,
3443,OK,0.2166098484848485,16.21976917023695,204,70.64846199099034,238,15.047457194376626,20889,,,
3444,OK,0.0738813559322034,16.420356350844994,190,60.2516669411858,248,12.736312849162012,7160,,,
3445,OK,0.3795612582781457,10.583716821879566,164,55.09575844907871,196,9.137233649851167,42441,,,
3446,OK,0.09359797297297297,11.485532094086507,202,65.40775700876523,248,9.760922599245953,9018,,,
3447,OK,0.24693627450980393,14.58782464846981,222,123.15077841063194,255,13.514347686946627,28123,,,
3448,OK,0.15146825396825397,8.872391057549558,188,92.22312896537748,255,6.33699800338666,13189,,,
3449,OK,0.10288392857142857,21.083311637594377,205,62.78432875185366,234,16.486807760141094,9450,,,
3452,OK,0.15906040268456376,13.103533755274261,212,70.02483040702315,255,11.558688158376182,17309,,,
3453,OK,0.03766304347826087,20.292929292929294,207,67.63704373035146,248,16.465024982155605,2802,,,
3454,OK,0.18369094488188975,14.184054010609227,193,73.27495970837302,239,11.157105316353345,16490,,,
3455,OK,0.09951744016581922,13.782304955306778,178,49.76844265734434,235,11.35735779460299,13736,,,
3456,OK,0.229804469273743,14.129147927555609,225,110.94743650189194,246,12.618309628903058,30585,,,
3457,OK,0.22463483146067414,11.05511789143151,197,72.61731615323616,219,8.905349988215885,21215,,,
3459,OK,0.07683823529411765,11.552294878610669,180,76.62183872442733,243,7.149544260775529,6473,,,
3460,OK,0.2739388489208633,12.080745409581336,150,93.47741666460237,251,11.065369879162983,28275,,,
3461,OK,0.1590750915750916,9.534070193617715,130,84.7649144968728,255,8.586452988746014,15787,,,
3463,OK,0.11742366412213741,20.302427000379218,225,84.31075529223517,253,18.594449791466154,10390,,,
3464,OK,0.06157992565055762,19.313009357078176,191,62.81502168875156,250,18.39429194691874,5501,,,
3465,OK,0.2915291262135922,13.158253082822227,138,62.64629750172249,248,12.61368855290699,32806,,,
3467,OK,0.2786017412608829,8.911888310600622,123,81.04055806323986,250,8.486417866494751,41881,,,
3469,OK,0.34301923076923074,15.795172955093346,222,86.03675516396882,251,14.47675994818809,33197,,,
3471,OK,0.052118506493506495,10.793801588537612,208,62.23141146952791,255,8.61069723018147,5235,,,
3472,OK,0.14535836177474404,14.535278234327308,178,72.53448011927107,251,13.321020354594697,13969,,,
3474,OK,0.1870383275261324,17.018194237456534,229,90.85052717298132,253,15.913021204969171,18219,,,
3476,OK,0.05048148148148148,31.2001100513573,249,61.429551689615266,239,22.44700533082471,4252,,,
3477,OK,0.15395360396260208,12.655719454494852,124,130.96505817447616,242,11.849290780141844,16356,,,
3478,OK,0.0651,17.02821300563236,225,68.3500089136093,254,10.863138566463375,5083,,,
3479,OK,0.23309171597633135,13.019938228512196,185,105.73648644304278,255,10.527938139491223,28408,,,
3482,OK,0.257501940512956,13.30507097656918,168,67.86408357244008,228,11.474972231179907,27909,,,
3483,OK,0.03968475073313783,21.301126916682062,191,68.09922104229173,243,18.47773707773708,4095,,,
3484,OK,0.1418002544529262,13.87770849221659,191,119.75309282553425,255,11.913177663597361,19657,,,
3485,OK,0.2579523026315789,14.079425298349646,152,39.30727486987392,169,12.651585146524667,28357,,,
3487,OK,0.5068586387434555,10.25989050717901,188,55.377446296492906,255,9.548100428518017,34771,,,
3488,OK,0.32973993288590603,10.52895729974982,183,94.50290589732357,255,9.517096563661644,35241,,,
3489,OK,0.31810996563573884,12.731140398257175,191,108.94337633758336,249,11.824022627531505,33116,,,
3490,OK,0.2499662162162162,11.873023381538045,224,80.99100641112263,252,9.867392866598585,26439,,,
3492,OK,0.2422108208955224,5.758726490788883,229,94.39287663363493,242,4.208576744991129,23109,,,
3493,OK,0.05416940789473684,13.964779110368909,161,81.4803196160434,255,9.775825034173014,5121,,,
3495,OK,0.26906417112299463,7.467115505647753,204,86.20745082976674,223,6.802605938208616,37632,,,
3496,OK,0.28512175324675326,9.491597156982758,183,116.39418058504498,255,7.895900911027609,31137,,,
3497,OK,0.28332142857142856,13.549939073070297,191,71.89574093453597,245,11.882991767384832,13321,,,
3498,OK,0.3901435810810811,7.246696829967022,227,76.43940799830118,240,5.516855865153079,42636,,,
3501,OK,0.4293485342019544,7.516361935108616,151,112.97819034571988,255,7.024779382473482,49369,,,
3502,OK,0.5426666666666666,5.7087257712257715,139,61.48128745545837,219,5.370093741494777,74709,,,
3503,OK,0.42937707641196016,8.538516097001116,158,113.43674463512025,235,7.7935183791647855,46511,,,
3516,OK,0.33500936329588016,6.797441702302096,205,116.50819241257281,255,6.311448163297803,33493,,,
3519,OK,0.1359845890410959,9.815274192532897,192,105.82551007263395,231,7.059764563839421,13252,,,
3521,OK,0.14106913183279743,18.713791858985317,146,49.83651377463321,220,17.080832526621492,14462,,,
3522,OK,0.12691532258064517,18.822133968758273,203,77.18335065234962,246,13.87449359909253,4114,,,
3523,OK,0.3117213114754098,21.69405732316592,250,60.42257155333254,243,19.380620215795386,25518,,,
3524,OK,0.13175,18.21753320683112,206,40.93690373356368,222,15.723765710505743,11086,,,
3525,OK,0.07933085501858736,14.992307091533895,232,89.8299886941775,253,9.819237918215613,6456,,,
3526,OK,0.18924354243542435,15.428634103539046,212,57.70722678621548,248,12.64208410636982,17248,,,
3527,OK,0.10686426116838488,12.37374387008602,215,50.848462404170796,248,9.338609934798683,9918,,,
3528,OK,0.21584,13.392996870109545,189,80.04706522478406,253,11.957141875171844,29096,,,
3529,OK,0.1990587044534413,18.095269571702175,214,73.2619766721848,253,13.614665994877608,15878,,,
3530,OK,0.19573148148148148,24.476291846034975,224,60.81129237133658,255,23.024603877571106,16935,,,
3531,OK,0.22942643391521197,13.624073771384984,183,62.693943596856215,245,11.827083429663539,21627,,,
3532,OK,0.1315953947368421,14.416822897137857,173,82.70446409969885,253,13.27028681999657,13609,,,
3533,OK,0.1669433962264151,14.24843655816757,202,69.30667542429184,226,10.36366770079283,14505,,,
3534,OK,0.07632407407407407,20.197945731731973,206,70.80931998088688,253,15.41035501309703,5981,,,
3535,OK,0.15432656826568267,11.92436288281826,143,86.91072785650132,231,9.561028500619578,12912,,,
3536,OK,0.2979626334519573,25.30899843739114,237,67.8116311193907,249,24.719041523967668,28907,,,
3537,OK,0.24385067114093958,19.9928670542769,199,66.91149375552425,247,17.231209686235925,24392,,,
3538,OK,0.1912222222222222,20.792788430499066,252,72.00926180336127,255,17.535982099661346,16536,,,
3540,OK,0.12185185185185185,13.117502532928064,176,66.9686630113876,237,11.138339001773204,11467,,,
3541,OK,0.18259259259259258,12.20131845841785,194,66.96276997432412,255,11.048724396586929,15509,,,
3543,OK,0.26532771535580524,12.715601510392773,227,116.03717251018527,254,10.776432707322803,24121,,,
3545,OK,0.1499496644295302,12.949927268658387,171,40.39211390297982,212,12.163776877255918,15053,,,
3546,OK,0.1953902383575538,8.673632864942272,179,84.91984713468086,246,6.827729696651805,19065,,,
3547,OK,0.33565,14.556452654054322,174,87.00332655979528,247,12.53431151502538,28829,,,
3548,OK,0.10045,12.424036281179138,174,59.23865636521965,217,10.37292629617686,9303,,,
3551,OK,0.24145390070921985,15.732253879669065,196,65.2941657706512,247,13.912804640008924,23908,,,
3552,OK,0.11684782608695653,12.296020671834626,149,61.44180854700855,234,9.615004967471076,10401,,,
3553,OK,0.1139792899408284,11.591088038070517,139,78.86533377855692,209,9.9181986492477,12783,,,
3554,OK,0.13525919732441471,15.320949496198306,189,73.40603798639245,255,13.508044600763302,13363,,,
3555,OK,0.1748169191919192,10.675718945987263,222,49.253581110201544,253,7.63258359004656,23697,,,
3556,OK,0.12049812030075188,14.353066583469829,184,73.26760989823215,236,11.217342985965582,10498,,,
3557,OK,0.358476821192053,11.696001908984544,186,63.021003234575545,251,10.240809723679607,38120,,,
3558,OK,0.14418624161073826,13.73470258528733,240,99.69924094641533,255,9.97920782049334,13162,,,
3560,OK,0.16590833333333332,10.388601470021934,189,55.012951547425175,230,8.821143219832736,17856,,,
3562,OK,0.16905075187969926,24.295750634717667,196,61.86806992938444,233,22.391037240578157,14921,,,
3563,OK,0.12511328195801225,16.593982082792152,188,63.96830760365097,252,13.183654673954392,16649,,,
3565,OK,0.01902730375426621,13.438116591928251,238,54.859009596706386,253,7.863379558294812,1298,,,
3566,OK,0.13602564102564102,21.458027018535972,182,65.15208982539447,250,18.727037572887895,7603,,,
3568,OK,0.19838461538461538,12.045253328163371,209,106.81972699357067,255,10.720595843368121,18685,,,
3570,OK,0.16672872340425532,13.975080200634515,228,66.1634093319006,251,10.769224195030233,15601,,,
3571,OK,0.21209166666666668,8.309221641585792,208,73.60710672067746,243,6.392064401451383,22691,,,
3572,OK,0.0987751677852349,16.731895136175755,195,56.13704007099461,223,12.971100816236488,9066,,,
3573,OK,0.3327482269503546,13.567059199658976,205,61.63763629438702,255,11.436741802863681,32918,,,
3576,OK,0.3674337121212121,9.332087660970938,147,40.777122412012154,158,8.545021657439545,34861,,,
3577,OK,0.218943661971831,13.336281762624639,147,38.141931896733084,176,11.605005866249511,10228,,,
3579,OK,0.3694101816550796,23.22850898494415,213,92.45206708237507,241,22.151716622050586,45574,,,
3580,OK,0.18603591160220995,12.068713341747717,161,58.82486014717777,191,9.52989550485377,21564,,,
3582,OK,0.24358660130718954,10.530638940130807,183,75.43934042591492,254,9.017691911755904,27847,,,
3583,OK,0.2478860759493671,14.408202692811793,169,66.54217928651171,212,12.67293133469604,35224,,,
3585,OK,0.10300397877984085,11.791497671623855,174,51.829975776304146,168,9.204769861765152,13166,,,
3586,OK,0.13675097276264592,7.988215488215488,122,91.79169577727194,232,6.512294857017399,12146,,,
3590,OK,0.2714483394833948,14.35152647975078,192,99.47075234778939,250,12.187104622871047,26030,,,
3591,OK,0.09371866295264623,10.817531084361223,232,62.931157248748804,241,6.9093640750050564,11537,,,
3592,OK,0.11844262295081967,11.49284890426759,213,55.69491089415776,225,7.940964001699751,10982,,,
3594,OK,0.16616120218579236,11.524706075803667,124,157.17359415873432,254,8.55233268636331,9274,,,
3595,OK,0.23535714285714285,13.625966912172915,202,101.96383423899628,238,12.60802543669001,24846,,,
3596,OK,0.3773717948717949,6.06600230262537,240,43.74806578430587,255,4.902991435645574,49274,,,
3597,OK,0.12317725752508361,10.822495248438774,119,84.09924222196794,253,9.928585041792589,12243,,,
3598,OK,0.16820652173913042,6.660379644588045,179,90.32244636828923,252,5.343272936963186,21966,,,
3600,OK,0.21647820163487738,12.561639237651699,186,60.26786702718054,255,11.622637977230978,28489,,,
3601,OK,0.3374172794117647,20.645001952185087,198,114.27711578742942,255,19.6277351108535,34505,,,
3603,OK,0.29964285714285716,11.02212273612605,187,70.34305958051931,236,9.168942384434521,30906,,,
3604,OK,0.172475,17.029456765070623,218,53.050968584366366,232,15.226718232894635,17324,,,
3607,OK,0.18536624203821656,4.405391862096613,101,73.64391732963246,255,3.4450626971671343,21027,,,
3608,OK,0.38990327380952383,8.541203111781131,198,79.47839555105675,245,7.149487539108858,46345,,,
3610,OK,0.21044314381270904,11.819036645609016,229,84.18924576322041,255,9.357995988329685,21936,,,
3612,OK,0.061804123711340204,8.8711078676675,161,62.19112274050876,255,7.082970488630866,8268,,,
3614,OK,0.13948837209302326,8.761392686451039,204,87.18097670396195,241,6.571846934791097,10244,,,
3615,OK,0.16283653846153845,10.692845192402322,154,66.1861597656923,211,8.554299274148521,14328,,,
3616,OK,0.22730574324324324,9.290590668697902,209,74.02956339880711,246,7.407291937299732,23094,,,
3617,OK,0.11341032608695652,10.16984146000559,107,52.84891626949463,234,8.290328857754426,6852,,,
3618,OK,0.1658477508650519,9.194954447458098,189,84.61844761549204,255,6.242393468737554,16740,,,
3619,OK,0.17768488745980707,7.11142779587405,110,41.92195524099997,217,5.608729662077597,19176,,,
3620,OK,0.0705014749262537,15.072803347280335,176,79.14563101660849,253,12.836567801782008,8193,,,
3621,OK,0.2653483606557377,12.008760865274882,193,118.59365460129735,255,10.87592437366117,35790,,,
3622,OK,0.38457048867193716,12.81547093451067,199,64.06876454866799,241,11.434188243455552,32674,,,
3623,OK,0.10421641791044776,10.452888172812985,147,102.5619159689535,255,8.703807740324594,9612,,,
3625,OK,0.23030185758513932,8.646625217050355,181,97.1217222250155,252,6.81036227484315,26352,,,
3626,OK,0.06674496644295302,18.309368191721134,231,50.08307264511644,230,12.266475187490027,6267,,,
3627,OK,0.24124579124579124,12.321644568504304,232,81.15761408179868,251,10.538599388144336,26041,,,
3628,OK,0.1957776349614396,6.592018733107923,130,55.28441095226299,172,5.843504848219071,27364,,,
3629,OK,0.12125,9.374570446735396,121,57.778452024252694,252,8.021585233441911,7675,,,
3630,OK,0.19476072607260725,16.18675421873897,201,91.35076933586079,234,13.091634738186462,18792,,,
3631,OK,0.1418125,11.03491503844082,190,64.96065404855733,228,8.935279069333184,17851,,,
3632,OK,0.31207407407407406,8.312613735263866,136,54.1056449876171,238,7.661027825995476,31685,,,
3635,OK,0.197825,16.03635367959897,229,93.35361846092049,255,14.969464322385985,21101,,,
3638,OK,0.09705833333333333,11.237314329870353,148,74.46279598472893,255,9.93056798965483,10053,,,
3639,OK,0.09404166666666666,13.03355486634175,146,60.65924665409557,237,11.04095510983763,8725,,,
3647,OK,0.19595833333333335,8.355659508115387,167,82.1680779395761,229,6.669927431987468,20854,,,
3651,OK,0.1049812030075188,16.17141151894957,137,78.5189471105044,207,12.846900106108837,8796,,,
3652,OK,0.22426767676767675,13.418899898660062,234,107.73692448755928,248,11.130033786868779,32853,,,
3655,OK,0.2407069288389513,6.103439333527829,134,82.81370040385978,217,4.496999769213017,8666,,,
3659,OK,0.209525,15.315024725238304,204,62.997336341369994,241,13.253913043478262,21275,,,
3660,OK,0.18882022471910112,13.519868425402493,174,43.097028880116355,245,10.84931455399061,17750,,,
3661,OK,0.19355833333333333,12.0092564687648,237,71.58530788546392,251,10.979410901564648,21581,,,
3669,OK,0.15945689655172413,11.947577084572274,215,57.1536841601455,252,8.599717495123429,14867,,,
3670,OK,0.16311666666666666,18.53853751575219,195,54.10460770451211,233,15.57541935483871,15500,,,
3671,OK,0.4364166666666667,12.918942142447966,183,58.68759426290108,238,11.743747369583065,48313,,,
3673,OK,0.1415452755905512,14.373757040539601,233,104.98781228860685,255,12.446037054732708,12558,,,
3675,OK,0.3350083612040134,19.075598372725686,178,69.09778750120495,247,18.135311453571656,36533,,,
3676,OK,0.17535833333333334,22.92935101142106,230,63.182604565619414,249,18.801265900571497,16273,,,
3685,OK,0.0717146017699115,11.348912540490513,153,71.76558583679906,255,7.585206182088142,4939,,,
3686,OK,0.10589285714285715,14.06748875772906,202,55.90949753678184,249,11.29108164326573,7692,,,
3689,OK,0.07103794642857143,23.091908876669287,227,36.745743977893916,199,11.354715052389471,3913,,,
3691,OK,0.05331784386617101,16.325431410144674,175,54.70121306722428,208,9.342141319240556,3406,,,
3693,OK,0.22633280757097793,9.729827984714914,153,31.15381426624941,207,8.141727566790463,25041,,,
3694,OK,0.25692015209125474,10.233177938927533,164,174.9892118235003,255,8.908958613842534,24509,,,
3696,OK,0.018588039867109635,21.52114983616324,187,66.4103575317502,186,16.647656081227048,1543,,,
3697,OK,0.13858082706766917,17.458505708149655,199,76.48663284418016,213,15.703972752188607,12527,,,
3698,OK,0.12063333333333333,3.5716588376162846,93,64.3281654726255,232,2.606167280665848,12215,,,
3701,OK,0.09794207317073171,13.711284046692606,187,79.3163920574567,251,11.351085177981538,10797,,,
3702,OK,0.21994444444444444,10.310701355561168,137,66.19659568406809,214,8.868986734074031,17011,,,
3703,OK,0.3052059925093633,8.524634924530618,173,67.60355236914452,226,6.7851251223262965,28612,,,
3706,OK,0.18025833333333333,17.55169278658715,193,59.60539058714297,241,15.211431243480451,18534,,,
3707,OK,0.1312686567164179,10.281978396816372,188,65.3117107636801,244,9.002343242709127,11807,,,
3711,OK,0.18267857142857144,10.07639115165997,131,88.60926209145566,254,5.621758765920739,6569,,,
3713,OK,0.17414,15.413977259676123,204,43.4220448986511,230,11.486686132115494,13357,,,
3715,OK,0.10375868055555555,11.68153043866254,150,122.52957793769633,203,8.799807042932947,9674,,,
3716,OK,0.27495833333333336,8.798161337576401,196,66.26981591096298,211,7.41275612109787,29706,,,
3719,OK,0.11878277153558052,11.255294550423038,195,105.9471881618746,236,9.633515203726748,10447,,,
3721,OK,0.1379494382022472,11.917079571936016,195,66.52487862100426,245,8.659967962720255,11445,,,
3722,OK,0.23343333333333333,8.677162168594412,192,95.55757997419953,234,6.7537930446641665,23464,,,
3723,OK,0.15536516853932583,9.853412081399787,146,57.736579940211584,240,7.868734730139927,13507,,,
3724,OK,0.1965667808219178,11.990417701119387,223,47.38757046493537,222,8.268714147030272,18885,,,
3725,OK,0.105725,13.602296313812039,174,84.60650309530688,253,9.592404801324504,9664,,,
3726,OK,0.09431666666666666,13.435500971903164,180,55.89340461161922,255,8.17674298945202,7774,,,
3727,OK,0.3768258426966292,6.6437569884457695,215,59.907585205218744,223,5.1575630055641275,35645,,,
3728,OK,0.3361166666666667,7.772607064346044,172,54.82799437652198,225,6.387279861301214,36530,,,
3729,OK,0.09216789667896678,14.912387815700797,172,105.73369983097751,255,11.388708691768908,7091,,,
3730,OK,0.2921304347826087,12.819665624844967,208,59.637117908400384,232,10.578095601861676,23563,,,
3733,OK,0.15250902527075813,17.180672268907564,236,92.9250850177135,247,13.23195741546066,14027,,,
3734,OK,0.23788235294117646,8.990788822947577,182,61.68530989502933,222,7.185121190304776,27780,,,
3736,OK,0.10774561403508771,10.919862140085213,159,67.29110505946237,255,8.570699122162766,9531,,,
3737,OK,0.2849915254237288,13.667082974020438,222,72.9970329457594,237,11.302984523449828,29787,,,
3742,OK,0.20165,18.22588643689561,228,74.3688545124319,253,16.2922261208577,21375,,,
3743,OK,0.39267790262172286,7.9714578663741715,214,45.86667077795936,247,6.224271353149635,36872,,,
3744,OK,0.14125833333333335,11.467209407507916,171,76.15868502686425,244,8.196836176462662,12369,,,
3745,OK,0.43004716981132074,4.891331212752733,170,73.65963750724158,199,3.7992291876763837,42639,,,
3747,OK,0.13796666666666665,16.730007248127567,204,95.53683796708042,255,14.08379406907446,13927,,,
3748,OK,0.40355833333333335,9.49239060854482,132,56.38714785370647,248,8.792199578878447,44801,,,
3749,OK,0.15324626865671642,13.748559370180992,220,46.708812556001114,227,10.97723296666427,13909,,,
3750,OK,0.06827557755775578,19.67641490433031,194,54.369676038668736,250,17.5381592039801,6700,,,
3752,OK,0.1504181818181818,13.692957008743301,221,55.26498241559127,230,10.799029848954206,13881,,,
3755,OK,0.3234567901234568,13.099546755725191,209,53.91309306569343,254,11.574479722866148,38393,,,
3756,OK,0.091325,7.436019101499529,181,67.85162156130875,254,5.607792207792208,9240,,,
3762,OK,0.4028870084619214,17.69662301293139,220,93.67348560631322,233,15.346396640863778,35009,,,
3763,OK,0.04004366812227074,27.000545256270446,178,75.69001046263021,226,19.000164203612478,2030,,,
3768,OK,0.2024034749034749,15.99263992878376,240,91.85068961205036,254,12.901276519237685,18540,,,
3769,OK,0.1727746212121212,14.728309125787888,208,71.10777097285025,235,11.606888514825846,15446,,,
3770,OK,0.06897,15.719153255038423,214,110.40234650512515,248,13.609173735469684,5305,,,
3772,OK,0.11965555555555556,14.755068560992974,141,58.977268998245634,197,11.915015790984784,8127,,,
3775,OK,0.10784883720930233,20.795148247978435,254,88.67015469596114,252,17.38135669767862,11071,,,
3776,OK,0.0374203187250996,15.398012598704641,191,50.518595932107516,216,12.62315241811517,2819,,,
3784,OK,0.10343862815884476,17.256231277084606,208,57.52370166802565,245,9.678244894471502,7802,,,
3786,OK,0.10370335820895522,15.762615813618782,185,67.81136794923833,250,13.66601906817773,9265,,,
3788,OK,0.24811746987951808,7.368760748609003,176,68.61852779168753,231,5.982846484361989,30023,,,
3789,OK,0.4679847494553377,7.514877834935562,115,51.993666263983016,180,6.864069525535199,39736,,,
3790,OK,0.5113202247191011,8.815909465472725,217,54.07671820812018,239,7.18084714548803,50680,,,
3791,OK,0.37493951612903226,11.137862737717553,174,93.5147996430453,226,9.504231680669683,32493,,,
3792,OK,0.15801495016611294,8.298274200613228,148,104.49422441430333,242,6.682880913341835,16467,,,
3795,OK,0.08114022662889518,15.173780221698525,164,69.84336470304115,209,12.734883380858376,9118,,,
3796,OK,0.1383728813559322,12.45447493058958,185,45.874993442966925,231,9.867216047982662,13227,,,
3797,OK,0.15767790262172285,11.149247822644497,141,26.389354527938345,149,9.493181556858687,14495,,,
3801,OK,0.05877300613496932,18.604036186499652,163,117.54691370095163,196,11.721421709894333,2082,,,
3803,OK,0.2606530690414632,8.706251530737203,145,59.867245175495405,203,6.559335500180571,9230,,,
3806,OK,0.15383962264150944,18.55148095909732,223,58.55795881506918,255,15.935409371973478,13423,,,
3809,OK,0.039119850187265916,12.698898994734323,160,80.07216126496593,187,9.233617300131062,3052,,,
3810,OK,0.09348880597014925,23.587640524180138,236,84.36948006064473,238,15.449695617826107,7173,,,
3811,OK,0.36248664054150337,12.944420018104228,211,73.07742533198041,214,12.027971960914051,34761,,,
3812,OK,0.3195340501792115,8.451860160777715,217,87.5037602785825,249,6.942364186119828,23261,,,
3815,OK,0.04430505415162455,21.63230800570381,236,67.69826519723111,240,15.0203578038248,3242,,,
3817,OK,0.12511194029850747,11.27154786758127,163,76.6122318420267,247,8.869145252414798,10974,,,
3819,OK,0.1403,9.18864338322642,134,72.09797129920429,227,6.2087461126607035,10397,,,
3820,OK,0.08078853046594982,10.524881691807158,169,75.46520250071487,248,7.220226512997057,6681,,,
3821,OK,0.35892322097378276,14.80091131227228,224,147.55325436585022,253,13.09956191588785,34240,,,
3822,OK,0.057096273291925466,13.41664400326353,168,148.2296933067646,255,6.657515751575158,2222,,,
3823,OK,0.18053562888570063,13.265846736045411,186,57.3250969194214,249,10.64812785388128,18250,,,
3825,OK,0.0688745704467354,11.172383684670075,205,60.016712338035795,238,8.745942278586712,6387,,,
3829,OK,0.22190054495912806,9.77530826298286,179,79.61654629021668,235,6.5407482939838415,25498,,,
3830,OK,0.04962801669388496,19.598964046313224,184,154.37315831344472,250,11.591939307728781,3515,,,
3832,OK,0.08096570397111913,16.961914316501318,201,72.58044695846304,223,12.11646012074992,6294,,,
3833,OK,0.14117161716171617,11.5159750633158,175,64.39242322349249,222,9.597387173396674,15156,,,
3834,OK,0.16859137055837564,7.6716095847447,142,62.444564857920575,230,6.418149441819054,24335,,,
3836,OK,0.43231632902123507,9.51610019572418,129,53.1421231404248,212,8.978432493705297,33229,,,
3838,OK,0.21199438202247192,9.210576682419799,142,84.77517952130293,247,7.248116879834185,19781,,,
3840,OK,0.3169847972972973,11.290817368752942,144,89.1973562180811,252,9.040643027780385,31953,,,
3841,OK,0.28872950819672133,6.428909392003785,118,45.137305291462596,216,5.391689273021681,31702,,,
3842,OK,0.5271880293619424,16.270170239859095,212,73.21053853758218,255,15.63330274141085,53391,,,
3843,OK,0.49616171003717474,16.11857443447531,193,54.72637559257005,248,15.528989363449423,50737,,,
3845,OK,0.059172932330827065,12.918519695044473,147,48.757079304190306,212,9.855446530147896,4688,,,
3846,OK,0.2641191275167785,9.017755614140965,195,42.57170597869664,219,7.321435605139077,28773,,,
3848,OK,0.21119166666666667,5.995514869326178,158,39.25791718168404,156,4.588360581089616,22693,,,
3849,OK,0.05807904411764706,25.785039826976842,251,65.16526640710636,255,21.900713397473655,5093,,,
3853,OK,0.11574166666666667,11.929320565435477,150,55.92278211809646,199,9.496012904796688,10952,,,
3855,OK,0.06504166666666666,18.099594277172752,254,64.53479507405261,255,12.642962438823044,5653,,,
3856,OK,0.12611666666666665,22.29998678472314,217,131.21765872637462,252,18.138655343241332,11775,,,
3858,OK,0.14015,9.526519205613033,141,74.01860143565092,216,6.966005736376107,13365,,,
3859,OK,0.09888059701492537,17.369245283018866,221,97.41986197377501,251,13.009628963923483,7789,,,
3861,OK,0.07106666666666667,17.3833646028768,179,161.08223290751639,255,12.848484848484848,5951,,,
3862,OK,0.036810631229235884,17.395231648616125,175,61.75619998620309,201,12.378020975832193,2924,,,
3863,OK,0.13994166666666666,14.077988844558249,210,71.18117957115312,234,12.085059678968308,14578,,,
3864,OK,0.14219101123595507,15.581829755476535,244,56.829742179142926,226,12.809210016280332,12899,,,
3865,OK,0.20425093632958802,18.02524372726995,235,40.16592929031448,224,16.05810477738738,19069,,,
3866,OK,0.12415833333333333,15.429916996666442,215,64.6421220223087,221,10.480035145953334,10243,,,
3872,OK,0.07536516853932584,15.392471114424152,211,65.62328482749541,234,12.35331983595494,6421,,,
3873,OK,0.13645,7.471133097186597,147,97.6713855596086,255,6.269731479540744,14313,,,
3874,OK,0.11362944162436549,14.792085473903656,232,67.5125561950577,234,10.927838328792006,7340,,,
3875,OK,0.19730833333333334,17.579113344877587,235,115.7644868480702,251,14.077252570997263,17665,,,
3878,OK,0.2228262676641729,21.37216792260439,175,66.65684428947313,237,20.617360721067694,24926,,,
3880,OK,0.10357142857142858,20.56543103448276,197,72.88254316069057,236,17.224054900072236,8306,,,
3882,OK,0.2745666666666667,6.260987009833677,133,46.810791251206176,231,5.520086191961192,30784,,,
3883,OK,0.07619850187265918,14.146555255181454,215,64.45176461048834,239,9.538303951695509,6183,,,
3885,OK,0.129953007518797,13.430438031870013,218,81.1290657103043,255,11.503917656923122,11529,,,
3891,OK,0.2,9.651055372807017,193,141.73354577850878,255,7.986042692939245,21924,,,
3894,OK,0.20085,10.27231488396537,163,76.58954653207923,250,8.73163508042283,21159,,,
3895,OK,0.099015625,14.717032244490031,189,92.7916832862205,241,13.053045892536339,10205,,,
3896,OK,0.05841760299625468,8.820323769834909,191,138.82864795165787,255,5.217274883329508,4357,,,
3898,OK,0.13988333333333333,10.888498351801104,145,45.74930403498234,162,8.704050310698511,13357,,,
3901,OK,0.14207865168539327,15.860858486006766,225,64.32192463565654,253,12.860966984176153,12913,,,
3903,OK,0.08477366255144032,12.63252427184466,182,37.90665842326139,239,9.901092266315384,6073,,,
3905,OK,0.051541666666666666,16.578604149824844,198,61.91643456486403,246,12.879119244216321,4481,,,
3906,OK,0.033454773869346734,12.857679309049944,132,66.5533228485644,211,8.628030303030304,1760,,,
3909,OK,0.1361829268292683,14.257037103370049,200,34.21586454524492,245,10.154904784765563,8332,,,
3910,OK,0.1602621722846442,12.946502298044715,182,79.42045032187086,238,10.904087839348808,14906,,,
3913,OK,0.138225,18.00876188179498,222,73.62598512759517,226,12.381780269179734,12309,,,
3916,OK,0.10643796992481203,15.472965415746872,166,31.96537821018494,182,11.914997184005149,8286,,,
3918,OK,0.09956375838926175,10.96629592180654,118,162.03311221257408,252,8.877461199907343,4317,,,
3919,OK,0.0464,10.360093390804598,163,106.27244127516778,254,7.7984744094488185,4064,,,
3921,OK,0.15813,15.300470077362508,193,120.15389153511428,249,13.129099756690998,13700,,,
3923,OK,0.3289,16.131059761494544,195,80.44619944038809,255,15.199191605990976,36121,,,
3924,OK,0.16547974413646055,10.419769789116522,186,63.75995809806076,221,7.201096265844467,11676,,,
3925,OK,0.1685111111111111,9.551233021231702,137,41.43078903528699,163,7.736544965513568,12517,,,
3928,OK,0.11994166666666667,14.085805599944418,165,67.85258552936831,215,11.21198253170615,11144,,,
3929,OK,0.1919756554307116,13.365832642377539,190,81.40897134315213,255,11.535204769023494,18061,,,
3930,OK,0.11322097378277153,23.23889072665123,225,107.0457194745956,251,15.923686190645915,8417,,,
3931,OK,0.1666,14.92673069227691,176,66.53449324054075,229,9.761864786209985,11912,,,
3932,OK,0.07463126843657818,19.72951251646904,198,71.66526936563596,255,16.260346686572117,4019,,,
3937,OK,0.15900833333333333,13.331970721310903,242,49.116608369088084,249,10.815770744369086,15924,,,
3939,OK,0.19525,9.708052354531228,193,53.355151703427566,239,7.563526299905913,18777,,,
3942,OK,0.10622787610619469,15.598389392203826,206,58.96112891980313,230,12.444230681141496,7277,,,
3944,OK,0.15100833333333333,9.560142008351269,201,55.98644143215645,255,7.219445316588174,15925,,,
3946,OK,0.09953422053231939,14.97927609588387,207,119.92218152132223,245,8.425946704067321,7130,,,
3948,OK,0.0751004016064257,14.363146167557932,181,83.2896909827761,253,9.165194917079475,4643,,,
3949,OK,0.143425,13.822758700830864,197,120.7512622946035,246,11.24959935897436,9152,,,
3951,OK,0.36236988847583645,11.583929624785206,129,52.04081097232142,212,10.883248179149907,36796,,,
3952,OK,0.3100434782608696,9.086336652175945,209,82.65064486315038,252,6.2119616904427035,24885,,,
3953,OK,0.09345588235294118,22.07189221085759,226,132.8823573147322,255,13.012574937856412,6839,,,
3954,OK,0.20439166666666667,13.340386784631903,250,76.6236597432433,255,10.600176759307482,21121,,,
3956,OK,0.2689597902097902,10.342985905727627,254,74.00402960624649,253,8.257089420823162,27447,,,
3957,OK,0.09894166666666666,16.711277688873917,205,38.20670446172865,226,14.95401191622962,9343,,,
3958,OK,0.40211610486891386,8.080931091758643,206,119.42389409173009,228,6.460148589912059,39572,,,
3959,OK,0.14239166666666667,14.389028696279823,244,69.59237738024675,255,11.343022829039125,13623,,,
3961,OK,0.18007281553398058,7.666442018241452,162,47.385903976265425,214,6.027465995314522,19066,,,
3964,OK,0.07745318352059925,11.396881044487428,150,62.300006089639496,186,8.795142969056013,5957,,,
3965,OK,0.14401785714285714,12.706872402470667,197,56.97053494508381,249,9.524704790089071,11489,,,
3967,OK,0.20496173469387755,10.617441450411766,155,42.17901204857936,233,8.961158243298769,13791,,,
3968,OK,0.15293233082706767,8.312151753523436,206,78.72362639801172,242,5.794410467927748,14062,,,
3970,OK,0.29730833333333334,7.4855415720679055,179,32.70152864580245,195,6.293331275084903,32390,,,
3973,OK,0.2491718465031451,10.713321881146214,121,48.61474780022308,214,9.966149448754594,24490,,,
3974,OK,0.2532128514056225,7.961379857256146,208,59.27495294433987,240,6.658425913728245,22773,,,
3976,OK,0.22197,12.573320719016083,204,41.132295669832786,232,8.83327054518056,18581,,,
3977,OK,0.08493333333333333,9.148024594453165,170,59.124262348827045,221,5.757554156271039,8417,,,
3981,OK,0.32796319796954315,6.592328180522504,155,64.4781377168053,233,4.94790011025674,46558,,,
3982,OK,0.05844166666666667,17.31693521555207,185,63.85597753133841,218,13.485819812689618,5054,,,
3983,OK,0.26327,11.668654486522074,173,73.93126382799669,250,9.348762876113266,22943,,,
3984,OK,0.108525,8.060303565486702,109,70.15166499964167,208,6.108659902572217,10743,,,
3985,OK,0.13727678571428573,12.620813008130082,160,84.4734368262182,255,9.837486871001623,10473,,,
3986,OK,0.33116666666666666,11.64861600402617,204,46.92431265055237,254,10.387666500397199,36086,,,
3989,OK,0.08450187969924812,14.730100470841212,211,103.54845719252499,255,10.575294703636061,6023,,,
3990,OK,0.06146,16.079021585855298,240,92.6130479255013,255,10.678990610328638,3976,,,
3991,OK,0.15961610486891387,10.442795408771827,181,71.05217281502196,231,8.87859447327816,14258,,,
3992,OK,0.11002808988764044,19.7654951351658,244,87.69352649685952,255,16.881523848432234,9791,,,
3993,OK,0.26147003745318353,9.057630558042375,189,101.47804331748547,245,7.455807369530991,23077,,,
3994,OK,0.10962406015037594,11.690329218106996,179,63.720637701964755,192,9.18313021167415,9354,,,
3995,OK,0.276310861423221,9.057980345645543,196,94.80293699055505,248,7.248160812351052,25736,,,
3996,OK,0.24155430711610487,11.544745070677314,245,77.44167633720978,255,9.398998110471503,22757,,,
3997,OK,0.1128370786516854,14.177302021962216,240,75.33951457711075,249,9.777789835413275,9215,,,
3998,OK,0.11895131086142322,11.148273509655752,152,54.43109873604262,199,8.682907268170426,9975,,,
3999,OK,0.172275,5.502410551605153,209,74.8246666733785,254,4.0428314623229875,18172,,,
4000,OK,0.23781015037593986,7.176540331186025,126,64.06285066032035,230,5.897709970156526,21892,,,
4001,OK,0.14835205992509362,7.998737692501893,189,74.4264626119589,235,5.777777777777778,13626,,,
4003,OK,0.13313333333333333,25.077491236855284,185,67.14487041451973,241,22.00755621563876,12793,,,
4004,OK,0.20827242524916945,6.610145158717499,121,28.42173359629614,204,5.542966635950093,22789,,,
4005,OK,0.2627059925093633,7.578393983676088,130,36.8067383767446,175,6.183258157263063,25274,,,
4006,OK,0.070975,18.334937967202848,203,99.44235742968286,253,13.011096746390864,6188,,,
4007,OK,0.12571666666666667,12.203676698042335,184,110.74748524188065,253,8.596063835786387,11822,,,
4008,OK,0.236175,7.703480234760006,135,38.54782763649323,171,6.531005465770123,25431,,,
4010,OK,0.3109984984984985,12.51641923154295,161,69.03022609643149,216,11.898309595556357,38827,,,
4011,OK,0.215859375,8.57114247798287,157,57.25145295739099,255,7.056417659088175,24939,,,
4015,OK,0.1849758064516129,17.43049803083809,241,185.1574760298032,255,11.394331809836322,17066,,,
4017,OK,0.21090823970037453,7.508472068072512,162,65.30368041135172,235,5.9364050514186175,19902,,,
4020,OK,0.23704427083333332,8.640666483566786,144,59.17182922319879,221,6.500083626024419,15944,,,
4023,OK,0.11253333333333333,13.986028830963665,235,123.58980305989583,250,10.639715374201064,10587,,,
4024,OK,0.08037828947368421,10.65254757519951,133,109.96261155724072,250,7.613360757595235,7779,,,
4025,OK,0.07624166666666667,18.442306991656647,221,139.85398417695825,255,13.099273607748184,5782,,,
4026,OK,0.14806179775280898,14.568730369527183,251,85.9746850282641,250,11.781884964051265,12796,,,
4027,OK,0.10317708333333334,9.747574176902798,126,75.38627549670584,212,6.592507728677941,9165,,,
4028,OK,0.14226666666666668,8.115022649172134,229,69.25935929322763,243,6.219855551475089,13615,,,
4029,OK,0.11578333333333334,14.631231706731922,181,40.6090199109067,226,10.886284204245163,11731,,,
4030,OK,0.11446629213483146,11.665957736877981,132,53.27494228566393,247,9.498363676802338,10491,,,
4031,OK,0.10081504702194358,11.040008291873963,110,33.851467717194254,219,9.027020410661281,10893,,,
4032,OK,0.1290625,15.226653373213692,159,31.129174669508995,254,13.39742843683321,12029,,,
4034,OK,0.214619341563786,6.251394148570698,111,51.88394311339333,212,4.504985369025685,18454,,,
4035,OK,0.07691964285714285,11.73395240858967,141,56.4830455739872,210,9.011363636363637,7304,,,
4036,OK,0.05041977611940299,10.477829170521122,151,46.78751412151874,193,7.275233248515692,3930,,,
4037,OK,0.13847560975609757,13.63021674250208,211,63.866535337092344,224,11.348419540229886,11136,,,
4038,OK,0.09459166666666667,9.629929815287934,135,76.3305997600837,255,6.845618612741901,9198,,,
4039,OK,0.154,9.370887445887446,193,59.26144602048857,218,6.801109103370926,16049,,,
4040,OK,0.14644166666666666,11.317968853733948,162,42.44014110862696,207,9.846221991746074,15427,,,
4041,OK,0.05221666666666667,15.493563145015427,229,55.71974372952093,196,13.843435410066878,4735,,,
4043,OK,0.0490625,15.71670396511161,200,73.09595497567894,250,11.286797028952554,4398,,,
4044,OK,0.24875,10.429000558347292,176,81.16443335182105,247,8.22050757158229,25402,,,
4045,OK,0.3447014925373134,7.423585552428375,133,66.86746479140568,230,6.240744060066519,33474,,,
4046,OK,0.18967532467532466,9.164631594963673,195,68.939115491804,247,6.94780441316619,13641,,,
4047,OK,0.085575,9.510955302366344,186,73.71429222371071,254,7.3894611727416795,7572,,,
4048,OK,0.14569166666666666,12.532441037960686,248,75.44570819148694,255,9.353122796781173,13711,,,
4055,OK,0.106025,8.64274673164086,210,82.26465753765174,243,6.189744626372886,9894,,,
4056,OK,0.03746240601503759,16.394547583207896,178,99.01274239850021,254,12.185812469317623,2716,,,
4058,OK,0.24130833333333335,10.829701511436499,179,80.88835678379081,240,9.006704084814467,23518,,,
4062,OK,0.08507510729613733,17.411485265060747,226,80.47302521763945,255,12.653058948190285,5977,,,
4064,OK,0.19813207547169812,9.995778179855886,221,50.765657231150534,218,6.629018680708541,18611,,,
4065,OK,0.23258333333333334,6.741466618894064,146,55.270590364498496,234,5.360663563671083,25137,,,
4066,OK,0.10037375415282392,11.755482002482417,171,104.06453399806121,245,8.87509349289454,9359,,,
4067,OK,0.08414965986394558,10.859943411479385,179,68.48684666617149,198,8.153047989623865,3598,,,
4068,OK,0.04700374531835206,12.481938911022576,151,85.46267112071789,234,9.27690483249333,3373,,,
4069,OK,0.24705598455598454,7.155251676759784,142,45.36430143366878,224,5.3197208927852575,22357,,,
4070,OK,0.1592403314917127,7.627027495879955,173,97.93715124333974,255,5.160136586052733,9469,,,
4071,OK,0.2547289156626506,8.038804146466438,180,80.016880195072,244,6.453450433538929,29832,,,
4074,OK,0.07946180555555556,8.898842036268299,180,90.88708673594478,237,4.455562153602534,3368,,,
4078,OK,0.04600533807829182,15.394636756268936,187,68.20811845054354,225,10.79407365862778,3566,,,
4079,OK,0.22883333333333333,6.645447924253459,144,56.44053382321158,190,4.750439073346157,23914,,,
4081,OK,0.021153846153846155,25.7347687400319,227,55.64256367835108,244,13.088470319634704,584,,,
4082,OK,0.14080223880597015,27.182920365708227,216,144.7562699498404,247,24.726020394435924,12389,,,
4083,OK,0.20840823970037453,9.999131398448498,184,62.44149259145356,237,7.440137016093954,18392,,,
4085,OK,0.29168333333333335,8.587594994571738,195,58.77124559793564,243,7.061690752210047,31485,,,
4091,OK,0.03929195804195804,21.346533185020395,150,113.35153996633456,254,15.016520117239542,2502,,,
4094,OK,0.09845724907063197,9.546221131458058,100,79.16189032980778,229,8.014220512240202,8837,,,
4095,OK,0.0677247191011236,13.147702659108715,199,63.73745317223578,242,9.488321954725118,5566,,,
4098,OK,0.22609934853420197,8.37003421573924,122,76.15000438434963,255,6.708696009196912,24356,,,
4099,OK,0.138225,12.356885914672132,170,51.855714465299336,252,9.821685360943341,13908,,,
4100,OK,0.127125468164794,12.975375021482408,168,97.79432114392371,247,9.462757377360282,10539,,,
4101,OK,0.21220554438379777,10.793468144513072,169,60.32986910378254,227,8.39432639336052,9318,,,
4102,OK,0.18387445887445888,7.166372375907397,168,42.88859567696592,252,5.110950479599798,14526,,,
4103,OK,0.14186329588014981,6.630563439156932,96,78.2400135298803,248,5.05601540944349,12806,,,
4105,OK,0.273925,9.095737884457424,160,55.383221047718514,244,7.773898558987602,29817,,,
4106,OK,0.07097378277153558,18.61103781882146,209,87.81711684472216,252,12.782623124917032,5022,,,
4107,OK,0.23342696629213483,10.009626955475332,215,84.88791987296935,251,6.679629193180926,21215,,,
4111,OK,0.13263546798029557,13.092479108635098,163,31.07682805622604,252,9.846040268456376,7450,,,
4114,OK,0.21765495867768594,11.352002151660418,200,39.928025951503784,229,9.580276406363362,18837,,,
4115,OK,0.3905430711610487,6.312530967793495,109,81.1733343575562,227,5.2829503812153735,38386,,,
4117,OK,0.13818930041152264,6.386167361524717,118,44.734031292776876,223,4.285788158234939,11603,,,
4122,OK,0.13805208233770974,18.44180093991272,237,67.81277029002308,243,15.957243511759936,13152,,,
4123,OK,0.11540247678018575,10.560719874804382,181,61.77714002391577,189,8.180986703797744,12209,,,
4124,OK,0.2387312030075188,6.69631116885162,103,66.57129923414692,219,5.24026031915842,22434,,,
4126,OK,0.1418090909090909,11.596106588029148,142,91.41115030561117,213,7.49733322823888,12687,,,
4128,OK,0.21766862170087978,10.60665768496688,204,52.058129509886605,214,7.941343909776465,24709,,,
4130,OK,0.4483020833333333,9.319980481910914,198,35.84354486465394,227,8.166170961317436,37993,,,
4131,OK,0.13216612377850162,12.056746765249537,127,58.5292984266992,237,10.555611150822015,13990,,,
4133,OK,0.27069166666666666,8.784553971821158,188,54.45846330808109,224,7.860281658531111,29705,,,
4134,OK,0.210625,9.362637652489285,202,84.89257323832146,227,7.825651392632524,22260,,,
4135,OK,0.17705833333333335,9.483691815315103,101,88.25236701669823,201,8.265356352368304,18825,,,
4136,OK,0.09204166666666666,13.004466576127962,197,70.33690361464213,245,10.068858909499719,9488,,,
4137,OK,0.23013125,9.526103763251044,136,91.07390058370339,231,8.108028750573482,32695,,,
4138,OK,0.2199438202247191,13.065687526607066,254,52.86424198775657,255,11.166138936864325,20844,,,
4139,OK,0.10568333333333334,10.720680229196237,124,68.60076594793046,212,8.614370168258299,10995,,,
4142,OK,0.10271535580524345,12.022455180796111,205,73.62922188597864,210,8.640867780709469,9096,,,
4143,OK,0.065,13.872905982905984,194,91.72620617944148,237,10.299277283835075,6411,,,
4145,OK,0.1775,10.239183604621742,107,60.379860340110056,185,9.556848269632122,21402,,,
4146,OK,0.172425,11.562869524592013,192,55.995713715104706,248,9.042739220158575,18414,,,
4147,OK,0.18205833333333332,8.620710700172411,183,58.89128877025325,246,6.729608187739068,19346,,,
4148,OK,0.42249063670411985,7.383626612295554,189,137.93279613476443,251,6.323352295717992,42013,,,
4149,OK,0.036609375,15.84229620145113,194,75.27331041082115,255,13.25047958344752,3649,,,
4150,OK,0.3564375,5.99973698053656,198,85.59645608753358,208,5.136550512912625,41755,,,
4151,OK,0.5165666666666666,9.074342345830376,219,104.97141970626767,235,8.238918123691507,58910,,,
4154,OK,0.18848076923076923,9.035081454273373,163,105.69425420823558,243,7.3854926918510735,17127,,,
4156,OK,0.02818097014925373,19.650557210636656,197,61.82538387454925,253,15.985239852398523,2168,,,
4159,OK,0.2392,12.572231512448903,158,63.75669251664914,239,11.203129332541097,25245,,,
4164,OK,0.06551829268292683,14.377811385140376,255,105.34598381781997,255,10.755789174598664,7039,,,
4167,OK,0.13583333333333333,21.044277475241838,241,62.81223928141896,251,19.88016585660543,12139,,,
4168,OK,0.19850467289719625,10.136907564344005,182,40.015756180037314,198,8.35568779531069,14956,,,
4169,OK,0.24529166666666666,19.721397429364135,180,49.10098824049025,244,19.388804785289665,27083,,,
4170,OK,0.21581989247311828,6.921664486931972,214,71.57477903661679,226,5.4127144419999755,27727,,,
4172,OK,0.2536007462686567,9.278084308099757,133,60.290011747944106,241,8.295098919639699,24498,,,
4176,OK,0.0479225352112676,10.083945628214549,149,57.81238211472318,233,7.420918772850103,4194,,,
4177,OK,0.11444835680751174,14.310361330461832,248,74.44658864486827,253,9.752953198446761,8155,,,
4178,OK,0.059955357142857144,24.641267477455116,227,91.10739632637339,255,17.90545854963033,2119,,,
4179,OK,0.16534644194756554,13.27570455103158,192,88.9290861294653,241,10.449852071005918,13520,,,
4180,OK,0.15806587837837838,10.428177041588743,163,63.46085837053385,230,8.11661415668977,15870,,,
4181,OK,0.06474166666666667,14.573733213197752,192,60.059526037072345,238,10.529333090157456,5483,,,
4182,OK,0.04385885885885886,12.768115942028986,182,73.55120212314893,250,8.192283061159142,4164,,,
4183,OK,0.1958052434456929,9.545508161183372,160,103.65255914679582,249,7.216815401021496,17817,,,
4185,OK,0.17514166666666667,15.681892436281741,175,89.58366924960178,252,13.612053049998115,17694,,,
4186,OK,0.23575971731448764,9.91574240607514,145,34.15941526416374,167,7.5098989715942555,22073,,,
4187,OK,0.20180833333333334,10.529022312149868,204,57.12007349947277,254,8.486837560631317,22197,,,
4189,OK,0.35310880829015545,15.12351430667645,181,89.13679081564544,248,13.39945810754481,23990,,,
4192,OK,0.156750936329588,11.447683332337773,211,66.09549295461863,252,8.348787730003975,14257,,,
4193,OK,0.04451666666666667,17.190752527143392,144,64.68761011006646,243,14.025246453474393,4159,,,
4195,OK,0.2994807692307692,11.922772319613005,235,93.18606619631959,255,8.575000926166043,26993,,,
4199,OK,0.3548876404494382,9.8977010887728,195,40.14190542541148,189,8.180251550182891,34082,,,
4200,OK,0.18929810725552051,10.690122068074825,184,81.5313611616422,254,8.877133851387198,21362,,,
4204,OK,0.2225096153846154,9.44169799634127,160,76.56410954047581,204,7.473794969435815,19958,,,
4205,OK,0.13434166666666666,13.862601575584641,166,69.48723675301713,234,10.950449165834877,14026,,,
4206,OK,0.05069047619047619,17.772036950054797,184,97.57699831958065,242,13.797591680350301,3045,,,
4208,OK,0.06906367041198502,9.100596529284164,114,45.771768721167255,196,6.171164896395612,5743,,,
4211,OK,0.21751,8.801219867285795,144,73.75521731907116,217,7.1993615433994345,19213,,,
4214,OK,0.08481666666666667,11.498100478155498,176,93.61908360802025,250,8.107508457449146,7587,,,
4215,OK,0.1047463768115942,16.615319574157347,226,102.56837589542272,255,12.794258130081301,6560,,,
4216,OK,0.169325,8.035024689535247,161,86.2079533712543,255,6.763264923624777,17785,,,
4218,OK,0.044125,12.460497324519988,177,100.42284701335309,231,8.61516491615994,3618,,,
4219,OK,0.16804444444444444,13.29917129507185,210,43.454426874654985,220,10.028194410294239,12201,,,
4220,OK,0.26476190476190475,7.619550787941075,174,47.216641222551196,221,5.921649289547722,28198,,,
4224,OK,0.19219348659003832,11.884973835036133,176,53.65502658050236,246,8.536087282756384,16437,,,
4227,OK,0.23671621621621622,9.558923712203383,153,116.12807393374997,243,6.9498494564343005,14503,,,
4228,OK,0.14838333333333334,7.765734396645326,119,111.2202510258267,248,6.103342717969343,14918,,,
4231,OK,0.23148293963254593,9.628796039080068,197,46.7938872856224,241,7.914942033887881,32519,,,
4232,OK,0.1601,10.824987854812964,207,42.865661917424035,234,8.614433348815606,17224,,,
4233,OK,0.14765625,11.423155929038282,169,61.02752286982621,238,9.531325445201386,13945,,,
4234,OK,0.05806390977443609,16.886317038955433,195,119.22386302408653,249,11.839104996837445,4216,,,
4237,OK,0.21554166666666666,10.896578387782718,210,46.64599776916131,243,8.310814773656835,21597,,,
4239,OK,0.21614583333333334,12.203052208835341,203,64.92115171650056,233,7.658970130108118,14552,,,
4242,OK,0.19331666666666666,8.306477569905452,227,91.27059358277721,255,6.694604164636325,20522,,,
4243,OK,0.09315833333333333,8.515788532069058,167,101.71535212259889,255,7.092169165869048,9403,,,
4244,OK,0.19458333333333333,6.424768022840828,135,70.68905328504914,253,5.221804201112156,20201,,,
4245,OK,0.15116104868913857,9.766827717211761,208,80.33692934462879,251,6.512297110055424,13472,,,
4246,OK,0.030325342465753424,17.766986636551852,179,110.85396175104628,251,13.536447275300779,942,,,
4247,OK,0.1797319096635428,9.03233963742565,100,39.395835772091246,223,7.55329225868645,7953,,,
4250,OK,0.22339995508645857,6.201933386945449,132,46.830615156246985,213,4.581781233104014,17879,,,
4251,OK,0.2247698181001572,6.338878342824791,181,47.56658748780935,250,4.567779815154378,17997,,,
4253,OK,0.33029166666666665,6.523586056095202,133,51.20792633609158,234,5.352149577229963,36387,,,
4254,OK,0.327421875,6.517736419311222,172,39.87997444534789,200,5.176174088365141,38356,,,
4255,OK,0.24612710483432917,9.649437970809792,183,49.71313081822636,252,6.932401060232154,18235,,,
4256,OK,0.16970973782771537,10.974822988505748,205,80.49281834414059,240,7.120126195120776,13841,,,
4258,OK,0.11743021346469622,20.862173436808128,240,40.44550700639708,253,18.018833727344365,12690,,,
4259,OK,0.27561224489795916,7.592644699494015,165,50.461858477719865,252,5.744435672636113,24067,,,
4260,OK,0.17676966292134833,10.048060455179476,189,74.18726280789951,248,7.0727217004881675,15227,,,
4261,OK,0.07157303370786516,11.682060003488575,139,79.79424677612381,207,9.363471858230376,5342,,,
4262,OK,0.30683453237410074,9.904210629152013,173,53.47397941532607,204,8.324067388688327,30470,,,
4263,OK,0.121025,11.490945396956551,127,95.45492382225508,194,10.048975636766334,12040,,,
4267,OK,0.2849702380952381,6.566393965767334,131,44.354838709677416,167,5.220863831190241,25275,,,
4268,OK,0.20206666666666667,10.918050515048206,159,67.94457905143844,254,8.33138745587836,14732,,,
4269,OK,0.052808988764044947,22.761406619385344,231,47.49936404375906,250,16.18485605850227,3601,,,
4271,OK,0.21253333333333332,9.493639341976857,191,72.24744139669639,244,7.391955320539481,16831,,,
4274,OK,0.1703099173553719,11.491164220146388,149,40.2069834233965,230,9.284957550250345,13781,,,
4277,OK,0.19815934065934065,6.968421214781952,155,112.62688106957816,241,4.276142095009195,18307,,,
4279,OK,0.3131833333333333,14.250394692494634,220,98.75869348928632,255,12.997945468509984,34720,,,
4281,OK,0.1397162524400609,10.655480535686431,211,54.98915403656577,230,7.575742867928598,12362,,,
4282,OK,0.09908450704225352,10.641475163863223,156,71.12749159696709,227,7.7216354858177425,6628,,,
4283,OK,0.18374166666666666,6.174701800535171,100,102.05613350893134,236,5.232481889655646,19418,,,
4284,OK,0.2357017543859649,8.712628706115867,154,61.730096790236814,217,6.9337317123428805,24265,,,
4285,OK,0.10733333333333334,11.175077639751553,163,61.29859347771969,222,8.437977871727984,11117,,,
4287,OK,0.27526209677419355,15.153470543714446,192,99.077646720635,227,13.97387769824094,24028,,,
4289,OK,0.1269,9.84070279893763,195,85.33534829067987,250,8.459938417190775,10176,,,
4290,OK,0.10012218045112782,9.422322350511593,146,37.94847532211627,170,6.633120466729738,8456,,,
4291,OK,0.3408555555555556,8.170214384283558,191,49.15986492029511,231,6.464806371207976,27415,,,
4293,OK,0.28718283582089554,10.548062972346738,160,60.232802017082385,251,9.04680707540099,26684,,,
4294,OK,0.298225,13.686692560613258,162,60.07319139166954,242,13.24512061062369,32142,,,
4295,OK,0.05964166666666667,13.959293931349261,223,83.0692348366019,247,9.978964708863968,5261,,,
4296,OK,0.2566083333333333,18.368795938470864,167,53.86121044312666,205,17.397376765638512,27752,,,
4297,OK,0.12149166666666666,11.802455586802935,212,68.32069827959641,247,8.036861187845304,11584,,,
4299,OK,0.23214444444444443,11.246589766907576,179,54.24104649311936,219,8.415784781176106,17198,,,
4301,OK,0.1731390977443609,17.857416856656897,201,62.1382087946229,246,14.533956138607302,15093,,,
4302,OK,0.3129090909090909,7.950338950222739,153,69.10516891593896,209,6.276830205246405,15185,,,
4303,OK,0.34025833333333333,7.238413623635636,97,59.71470735599372,222,6.535106184550614,37529,,,
4305,OK,0.2332126696832579,10.744939205794852,182,72.92275954994295,247,8.533287837427965,17584,,,
4306,OK,0.17986842105263157,9.998362768662696,151,44.55937674283575,218,8.49090314403696,16306,,,
4310,OK,0.4302,5.296141329614133,148,47.43436780936781,202,4.089023731349487,48122,,,
4313,OK,0.134725,12.958640028040659,192,74.62498756015268,242,10.642453302798254,13973,,,
4317,OK,0.037608333333333334,22.283698943792007,230,120.00847425828593,247,18.102250679084207,3436,,,
4321,OK,0.3326435810810811,12.268977190977953,201,59.82382248096353,242,10.63721835883171,35950,,,
4322,OK,0.3705583333333333,7.560250672783562,114,47.69336581361789,220,6.79844043274769,41379,,,
4323,OK,0.25040262172284644,8.873038427501278,134,52.315341985501995,198,7.488513541281387,24333,,,
4324,OK,0.39847014925373136,11.598565720885226,186,61.20427806380911,231,10.146278097819948,38363,,,
4325,OK,0.2619916666666667,16.009256019593497,200,75.82773831972689,251,14.070735546315221,28378,,,
4326,OK,0.19515,15.757408830813905,199,79.82493977483728,255,13.726833834179024,20299,,,
4327,OK,0.37131086142322095,11.244057225472396,230,74.36084634020413,255,9.839185564496464,35542,,,
4328,OK,0.265125,5.56934360102677,161,53.92723252253785,197,4.712926019729614,28823,,,
4329,OK,0.2905333333333333,5.126281168731834,97,38.679313099041536,238,4.428284485387682,31697,,,
4331,OK,0.2931,13.889050001895447,180,107.09244196098773,253,11.935263855741182,31425,,,
4332,OK,0.38071666666666665,7.981868989770754,179,85.15796485184488,255,6.830934593566763,41897,,,
4335,OK,0.20144166666666666,15.441760090459052,236,82.86718774458139,248,13.734987480081948,21965,,,
4336,OK,0.17284166666666667,9.408225254327178,129,105.33756804588668,254,7.704985326349418,17946,,,
4337,OK,0.3353125,8.403440719377345,213,88.7836270685354,251,7.101800728952401,36948,,,
4338,OK,0.3773507462686567,10.416147532878473,229,58.52821058308863,245,9.772813288477712,38048,,,
4342,OK,0.10083646616541353,11.010438997110635,152,56.3486148711034,221,8.829720819304153,9504,,,
4344,OK,0.24857276119402985,14.797750841245419,208,59.93206129297895,250,13.31770176651618,24587,,,
4345,OK,0.38956666666666667,5.469353412623713,141,47.84298494694115,187,4.702151109466886,43249,,,
4346,OK,0.1419767441860465,12.205705705705705,187,56.62850495937635,247,10.296944754464286,14336,,,
4347,OK,0.4056416666666667,7.368449164903343,160,62.36768877734625,235,6.7628010524185385,46116,,,
4348,OK,0.0952,10.230003112356053,180,66.49502652519894,216,7.508401551055579,6963,,,
4350,OK,0.27095833333333336,13.383423035522068,215,76.5621192204378,247,11.46702984905232,29370,,,
4353,OK,0.260374531835206,6.8890607019562715,202,63.935508237121056,199,5.691468967169902,25038,,,
4356,OK,0.3571,8.00323594386882,145,32.47354867700178,172,7.317627279025363,39454,,,
4358,OK,0.23833333333333334,9.548964144469762,216,50.10567616518739,237,7.929571741622767,22969,,,
4360,OK,0.25185393258426964,7.005254417924505,137,43.16481439763711,183,5.917553668806516,24145,,,
4361,OK,0.14129277566539925,8.828803372802296,119,89.1642645235565,204,7.121644400835283,13249,,,
4362,OK,0.3786465517241379,6.388589121872368,166,43.10655271445815,226,5.739656734245609,41581,,,
4364,OK,0.30170411985018725,7.507510396623425,154,60.53173858242377,254,6.686233056959447,30273,,,
4368,OK,0.17596982758620688,12.87166768728312,173,80.17480493439693,215,11.993613599816218,14510,,,
4369,OK,0.30730337078651687,6.223928498882795,198,30.360462287104625,187,5.6124358888962895,30026,,,
4370,OK,0.2048320895522388,9.880984910586879,188,92.39178261107591,232,7.205308310011158,18223,,,
4375,OK,0.1375936329588015,13.308993988885108,193,98.28764272659826,254,11.608110872455763,13036,,,
4376,OK,0.1030141129032258,16.83922105881202,208,86.9115466597738,250,14.957828169435713,8908,,,
4377,OK,0.12331749049429658,15.255736272771655,212,142.90314477683685,246,13.617474617474617,11655,,,
4378,OK,0.1906,11.621167074734755,238,100.42204788183291,255,9.939086294416244,20685,,,
4379,OK,0.2415868794326241,9.700035472704366,175,52.17035071518467,229,8.773419624763026,25495,,,
4380,OK,0.24216666666666667,10.282002752924983,244,89.14018033868484,245,8.423189547633116,25385,,,
4382,OK,0.3602621722846442,8.638181377135531,193,95.15523583708995,241,7.3340756411683925,35924,,,
4384,OK,0.22768333333333332,7.931825391015787,190,65.92720314781646,222,6.693986684138771,25183,,,
4385,OK,0.30923333333333336,10.059034889152384,125,74.33626887998842,242,9.206366436849054,34085,,,
4386,OK,0.16005144032921811,9.566475970088492,171,53.523776278023426,232,8.298617622310374,13865,,,
4390,OK,0.4309563253012048,5.438433715993081,71,47.74982686904242,186,4.835273487053205,53604,,,
4392,OK,0.16925093632958801,11.913421110865235,164,83.49703575131869,250,10.327489742633345,16086,,,
4394,OK,0.21821666666666667,13.168537895567606,167,46.79996233682251,206,11.431025996000615,21670,,,
4395,OK,0.17894981412639405,8.877746039989614,216,58.75466636481974,249,6.577421908299336,16423,,,
4399,OK,0.08397388059701492,18.471154558246315,226,47.608634255959046,230,15.315983315583955,7512,,,
4400,OK,0.16906,10.00138018060649,174,74.55741288981956,246,8.318669477629422,14230,,,
4401,OK,0.07594166666666667,12.610519770291525,175,48.7662755778405,213,7.797300010037137,6642,,,
4402,OK,0.13235833333333333,14.022371928057252,179,100.20504496543953,248,10.566523140249682,12309,,,
4405,OK,0.25762724550898203,8.304144028976244,148,67.88175490601358,249,7.103965668132308,31613,,,
4406,OK,0.3691023166023166,9.934621721279322,189,48.55762100743053,230,8.261340542198704,34772,,,
4407,OK,0.38914383561643834,5.137356136388082,156,79.51669127219948,252,3.903117382386736,31041,,,
4408,OK,0.25186018957345974,10.510796443524486,183,47.20828384249508,252,8.673051814490888,18637,,,
4409,OK,0.2893181818181818,8.947539191912291,190,60.642607861403484,254,7.224061343881614,26039,,,
4411,OK,0.12544303797468354,10.767714990469784,195,58.28689631881121,250,7.066642680099145,8338,,,
4413,OK,0.16319,11.077374022101028,196,90.74023971988862,255,9.472791963164504,14334,,,
4414,OK,0.22901818181818182,11.395562083201016,200,75.36847938873692,248,9.146137787056368,21076,,,
4417,OK,0.3150853242320819,9.675900852108608,152,45.93736711846389,226,8.336241983838624,33578,,,
4418,OK,0.2862956810631229,10.46875543951262,188,65.0418790488382,240,9.215292334483538,31009,,,
4419,OK,0.090775,11.807888858288198,200,51.985143024737184,235,9.085861941675896,9030,,,
4421,OK,0.06666666666666667,20.923350694444444,216,28.79959697420635,203,19.40690005073567,5913,,,
4422,OK,0.06932806324110671,18.356375902698595,239,55.045340326736316,231,11.538411739318084,4634,,,
4423,OK,0.033175,18.37050992213012,171,63.93198815136601,254,17.466116271069833,2907,,,
4430,OK,0.20457865168539327,8.301600378354463,151,54.18520872816879,223,6.559145231796776,17767,,,
4432,OK,0.337890365448505,4.786178981695426,121,37.83296955100061,211,3.8038836362315287,36701,,,
4434,OK,0.2674906015037594,10.968471475586474,182,67.39782821608352,255,8.877431698375746,24914,,,
4436,OK,0.13184444444444443,10.228524074386202,187,43.7831332497163,227,6.7171132029930005,9667,,,
4438,OK,0.17217228464419476,15.682691610470597,223,50.24315703750622,253,12.280347167278045,13903,,,
4442,OK,0.320225,9.043554445225146,187,71.11213269096392,255,7.677357791893354,35107,,,
4443,OK,0.19330564784053156,12.121351436509983,157,47.78918106377283,241,9.921943646153338,20182,,,
4444,OK,0.19328125,10.910578791359969,228,89.46326934904567,254,8.422696287068757,19266,,,
4445,OK,0.2688876772082879,8.82552621973476,143,63.9720776218248,213,7.04544526624896,21227,,,
4446,OK,0.409003164556962,8.121036274775298,116,63.670566606873535,234,7.138692017145525,23563,,,
4447,OK,0.20246138996138996,7.714024632499007,166,64.15681290973272,221,5.691640051245963,18473,,,
4449,OK,0.1900749063670412,9.62343185550082,238,77.757591522158,242,7.599702467203771,17253,,,
4451,OK,0.07175438596491228,20.11124694376528,120,35.262568512568514,138,17.060425685425685,1848,,,
4455,OK,0.12734138972809667,12.564755502833794,179,108.42071048025696,245,8.178167058320872,9362,,,
4461,OK,0.2244647355163728,5.862963482489363,101,38.76665178027689,209,4.923858126553396,32724,,,
4463,OK,0.24932065217391305,6.874199212836815,197,29.767392659627955,181,5.2939906441165885,25011,,,
4464,OK,0.3234790874524715,8.639798217259282,132,82.11599925062058,232,7.799989229940764,30950,,,
4466,OK,0.3416394927536232,9.273006866930032,196,57.89724786630528,248,7.840960912829026,34939,,,
4468,OK,0.15670192307692307,8.352498414841177,166,51.71429331569806,163,7.2583647798742135,14575,,,
4470,OK,0.28319791666666666,16.8375449050404,184,65.44688261423471,232,15.872094736701094,24883,,,
4471,OK,0.060773615635179155,15.391888874000625,161,63.56495024724647,255,14.463227810809363,6223,,,
4472,OK,0.2042,12.269874306235717,193,91.62526877216497,238,10.585172506981353,22202,,,
4473,OK,0.32250955545607934,9.517136450992954,222,98.68732740364253,255,8.391940532081378,17040,,,
4474,OK,0.2758724340175953,9.720658711809154,169,96.61210949232736,252,8.837554354490317,35339,,,
4481,OK,0.22487781954887218,7.823755589919338,148,77.59042757427683,200,6.260102899906455,21380,,,
4483,OK,0.4246280276816609,14.037022701190404,230,67.49706573652269,255,12.918287824595074,45852,,,
4484,OK,0.15810833333333332,26.408071118607143,220,57.98183653874707,255,24.55182089671898,16631,,,
4485,OK,0.3182142857142857,12.04650796463662,177,69.54637773060205,230,11.009854409053341,31458,,,
4486,OK,0.19289166666666666,7.8663901729525785,145,61.63582611448965,236,6.3710561056105615,20200,,,
4489,OK,0.27995,14.574308904367843,210,89.55196398398259,255,13.058708622629892,31398,,,
4490,OK,0.16506048387096775,20.03086193558894,219,62.15509622582281,241,17.073609964733247,13327,,,
4492,OK,0.24689138576779027,6.8599185881877025,106,51.6137068165241,228,5.831061802265991,24066,,,
4494,OK,0.10906015037593984,13.474922440537746,187,61.63373982024558,255,10.03076008958362,7293,,,
4495,OK,0.08275833333333334,17.828382505957777,212,75.70702922712117,251,11.70688950219769,6522,,,
4498,OK,0.13656954887218045,13.239029201936091,128,46.6552446055434,188,10.2087085663728,10549,,,
4500,OK,0.07621980676328502,11.72075212591771,147,44.97302008567681,216,9.39666807254323,4742,,,
4501,OK,0.125875,17.732781639633675,216,60.64733304733305,255,15.428104575163399,12138,,,
4503,OK,0.11438931297709924,17.112890668446223,203,132.75041302130472,254,13.268416256606525,9145,,,
4505,OK,0.2479,13.042972076554166,184,37.7179194551552,214,11.7356892593935,27590,,,
4506,OK,0.21437296416938112,8.548401392845838,201,82.08761164377646,247,6.199420951044043,22796,,,
4507,OK,0.22075833333333333,8.111786392862985,175,69.64007386098308,239,6.602935480301018,24096,,,
4508,OK,0.2720679012345679,19.63988151509422,208,75.63491390478883,247,16.713061716274712,22409,,,
4509,OK,0.16234166666666666,9.532535975223722,182,43.47818820322526,236,6.906380013934508,16745,,,
4511,OK,0.13141666666666665,8.957429718875503,156,75.55787840992676,188,7.239121122785799,13229,,,
4513,OK,0.3919435215946844,10.836307127216218,235,72.36741793015526,225,9.79767905549208,44637,,,
4514,OK,0.2162785388127854,9.571923713008902,219,68.33899457181421,255,5.945121116737375,14614,,,
4515,OK,0.04928688524590164,13.584345030212317,144,56.98207270355011,244,9.58555508534349,4726,,,
4518,OK,0.19052083333333333,14.9360471859105,206,80.39884496749765,236,12.445037828215398,16478,,,
4519,OK,0.16205,6.966162706983441,119,35.661684269148914,178,4.761983191857764,15786,,,
4520,OK,0.15424166666666667,10.851567705800782,178,57.58850866907739,213,7.487676627287468,14390,,,
4522,OK,0.09234166666666667,9.706314111241465,174,42.67974672310004,200,6.825061443087194,9087,,,
4523,OK,0.1224160447761194,8.995275470547893,140,61.1187006388384,246,7.042879894227591,11093,,,
4525,OK,0.4598777777777778,6.254890590897743,207,52.324816742438266,249,5.373743069260408,39017,,,
4526,OK,0.16083,16.285021451221787,219,104.42055840890404,255,13.814692272650987,13903,,,
4527,OK,0.4165182282389265,8.356830601092897,191,96.32810114989316,254,7.137984865322538,25196,,,
4528,OK,0.46256284488044147,7.376553028294717,148,124.70906726293694,254,6.363815058542005,35103,,,
4529,OK,0.18382958801498128,12.439379276388394,160,73.07689836750146,245,11.522074007925434,17917,,,
4530,OK,0.3876310861423221,7.743431805921238,134,54.819355463474054,203,7.068325648093287,38819,,,
4531,OK,0.08896067415730337,17.57393958530681,166,95.94114704844517,255,14.531537255898675,7869,,,
4532,OK,0.2337952176578786,8.171124864505751,151,58.68323090711222,255,7.054996336148713,17286,,,
4533,OK,0.4383077866339669,7.761498433303491,145,72.32591072494142,255,6.85016669734716,32594,,,
4534,OK,0.14094420600858368,22.863668000696016,217,95.17938030527958,255,20.200552524828648,9532,,,
4536,OK,0.253501872659176,11.115449016276377,224,145.52791644716487,255,9.36645589883144,24988,,,
4537,OK,0.15586756591048437,13.150342223271183,177,81.26624926761477,241,10.971793474971248,11014,,,
4539,OK,0.4675468164794008,6.8854354414493795,193,101.26461623231222,255,6.090602765186178,46989,,,
4540,OK,0.16131086142322099,11.18467997832985,136,77.61266541627592,253,10.562279020234293,15650,,,
4541,OK,0.2652434456928839,8.923138473124352,175,84.95908519386957,247,7.595835389072324,26349,,,
4544,OK,0.108068669527897,14.23817088392148,177,71.44261288386012,255,11.128042470868763,7409,,,
4546,OK,0.24070804195804196,16.52580164869085,196,47.0833918546063,218,15.2164797008547,24960,,,
4547,OK,0.47234200743494426,16.208635028070727,244,150.39045840965667,255,15.18882028175282,47938,,,
4550,OK,0.1891279069767442,13.04229063282245,201,58.554329826861554,235,11.222645646272708,19156,,,
4552,OK,0.21991776315789474,12.118265898835789,158,57.08706698433448,235,10.378601336549927,24042,,,
4554,OK,0.13245512173764062,15.010475551723037,194,47.0224450637195,234,13.000655246653562,17805,,,
4557,OK,0.19085833333333332,14.100219767424937,170,49.11646772471515,215,12.287307117969139,20090,,,
4558,OK,0.14479477611940297,10.471395438732122,207,86.12113411432769,242,8.090689536201882,13526,,,
4560,OK,0.3063068181818182,12.66589377357324,210,86.94433978576824,254,11.725947719049069,29571,,,
4562,OK,0.06229166666666667,10.89814938684504,169,65.29438198918758,196,9.14176124422026,6344,,,
4563,OK,0.22874800637958534,8.695863110801232,152,59.86379224181013,210,6.373251809684447,9486,,,
4564,OK,0.277075,8.426057926554183,203,67.30958336695447,251,6.393241272445538,29256,,,
4565,OK,0.37561614730878184,10.040732570343973,177,50.36827240452344,235,8.626229983634744,48273,,,
4566,OK,0.048716666666666665,15.081879347702133,190,63.84829265728752,255,10.631339299733082,4246,,,
4567,OK,0.17523684210526316,8.632427291385094,136,66.97639939163821,255,7.018081716537512,17679,,,
4573,OK,0.43155737704918035,8.30650205761317,184,69.04398461908195,246,7.333088044915034,48922,,,
4574,OK,0.15584615384615386,13.119920204014479,184,77.6022112872851,229,10.919547021171837,13540,,,
4576,OK,0.21634124087591242,14.232718991185525,219,69.65953730978356,254,11.701767126603729,19278,,,
4577,OK,0.5322528517110267,7.6712386667381045,220,69.04319846092358,247,6.300101381153638,50634,,,
4578,OK,0.2423094512195122,14.595619305254107,194,52.49154838428446,218,12.644934405317793,28483,,,
4579,OK,0.28155629139072846,9.31781920106629,189,51.714104100413266,252,7.64592553449149,30278,,,
4580,OK,0.4894288079470199,8.298676769897783,203,37.537158638282236,214,7.184733989208213,54177,,,
4581,OK,0.2313934426229508,9.176030227889951,192,57.88658775016885,236,7.2697575421062375,25214,,,
4582,OK,0.20093076923076922,10.476793895078034,195,40.4317394917805,219,8.691816897186657,23353,,,
4583,OK,0.10653145695364238,8.986789960369881,177,52.55524362787337,201,6.977814753189129,10217,,,
4584,OK,0.12007407407407407,12.648390910960313,176,61.59614656115835,240,8.208878048780488,10250,,,
4585,OK,0.26942028985507244,9.389154115115653,147,47.7504132777888,213,8.236405634656165,26408,,,
4587,OK,0.24264900662251657,8.33270787845706,182,43.075875160312464,189,6.828150027550327,26013,,,
4588,OK,0.27278969957081545,11.769850010488778,195,98.89085615360403,245,9.416782311037098,21618,,,
4589,OK,0.15307522123893805,7.2356313532784124,192,96.64597174693567,255,5.3153227583168094,18156,,,
4590,OK,0.2021096654275093,12.469903894790086,206,57.209404447136386,239,9.195781933943493,17591,,,
4592,OK,0.23096989966555184,9.725069987450526,234,48.67856469803717,255,7.26924691461674,23822,,,
4593,OK,0.3561875,9.72368585967463,201,87.1318041244262,253,7.456161570701246,35551,,,
4594,OK,0.24420302013422818,10.777170863535906,244,100.92963041073286,255,8.392262342453913,25839,,,
4595,OK,0.1460143769968051,12.565322830625604,183,50.20498695273992,213,10.279046202272385,15461,,,
4597,OK,0.22625,9.628813896769698,167,76.81583198707592,255,7.4312846214719075,22746,,,
4598,OK,0.18855833333333333,8.469306580633756,140,57.85588407464081,214,7.35519529581814,20294,,,
4599,OK,0.1901509433962264,11.162962227955282,180,37.22465169377009,193,8.218703478143185,17241,,,
4601,OK,0.015933823529411764,19.976465159206278,190,122.85741184909551,255,13.78957973517559,1158,,,
4602,OK,0.1349656357388316,17.15697008274984,239,63.98343099281623,255,14.36641991031866,12563,,,
4603,OK,0.21797528517110265,10.438445772098905,156,53.33456911675925,167,8.722851579036492,19685,,,
4604,OK,0.14292418772563176,16.650227330133873,210,75.22988009491316,253,12.852631578947369,13490,,,
4606,OK,0.07090823970037453,9.797570315594877,128,79.7775639022981,255,7.827853956715678,6053,,,
4608,OK,0.14230113636363637,19.668685255429118,135,60.566283550285405,225,19.105571057913547,13618,,,
4610,OK,0.13599390784783008,9.516152852132176,99,84.66318956805847,232,8.855651849781008,14308,,,
4615,OK,0.22743346007604562,23.6465630137368,192,81.12306928825126,255,22.080303935536254,21759,,,
4616,OK,0.13241304347826088,15.27387402178077,128,60.314127139241776,231,14.189753378173666,11002,,,
4621,OK,0.2242632450331126,13.021372411501975,166,57.981712891326694,236,11.610388370697649,24444,,,
4622,OK,0.14719572368421052,10.497159990316032,98,73.40357052166003,204,9.779511212513617,16217,,,
4625,OK,0.25921768707482995,11.558905218037879,178,87.78788052711327,227,10.938291565615737,28451,,,
4627,OK,0.20783269961977185,7.964172460056105,109,65.3179658250936,250,7.260271018891708,20097,,,
4630,OK,0.27103333333333335,11.842290821137212,185,69.81361363878854,184,11.075770623564742,30192,,,
4631,OK,0.2829605263157895,7.8455619401910965,139,52.33650094591465,208,6.832554125008991,27806,,,
4632,OK,0.33011160714285714,3.651779475736471,56,125.18910843801717,243,3.2929023258051324,27718,,,
4634,OK,0.02202265372168285,11.261694832231203,103,73.17201917084444,253,10.251868051758702,1829,,,
4635,OK,0.23648674242424242,9.01808619976241,151,60.62666765889011,255,7.911900183354948,22361,,,
4638,OK,0.08589403973509933,12.442238499100489,147,63.69079487551016,177,9.52406613594611,8165,,,
4640,OK,0.23718959731543623,9.92887206875818,159,78.28203577228619,246,8.78809756097561,25625,,,
4647,OK,0.10468518518518519,11.32846865970871,156,54.157993257079035,240,9.846659707724426,9580,,,
4651,OK,0.2973122748683846,14.384801932076682,219,47.06312116278281,254,12.273041237671462,30789,,,
4652,OK,0.18272813688212927,8.033570895975307,148,87.28399843368963,251,5.945669021881353,16559,,,
4654,OK,0.07790856031128404,15.021725558746411,157,74.89540497867237,230,11.64087795765878,6424,,,
4656,OK,0.05418233082706767,12.785487135010118,146,111.08395024925059,229,9.474204946996467,4245,,,
4664,OK,0.19652027027027028,10.06544037590969,198,63.02570463496335,224,8.959755825443882,20914,,,
4668,OK,0.2198046875,5.557253717196849,122,57.36414159114805,212,4.544440674131885,14735,,,
4669,OK,0.244,9.96422843905916,203,69.91593340234644,252,8.03889973143839,19983,,,
4671,OK,0.29556122448979594,5.980886894144274,98,109.12359270257438,231,5.068443494567894,31817,,,
4672,OK,0.18679464285714287,16.494973152972292,175,72.96025428474182,253,14.027208528161019,17323,,,
4673,OK,0.21483082706766918,14.527838539388107,204,89.63570419669148,254,12.260077238715906,19334,,,
4674,OK,0.4007186234817814,10.881917607537067,151,55.70532070011879,190,9.727104302621392,36164,,,
4676,OK,0.2993703703703704,14.031650789723287,142,54.41531426759,211,12.537924151696608,13694,,,
4679,OK,0.23821323529411764,6.92299698531757,156,60.24608039020749,255,5.260874845433669,30192,,,
4681,OK,0.25461538461538463,7.2752200183895965,195,130.39297946485993,253,5.987796348551721,27642,,,
4682,OK,0.3563953488372093,11.565144100054377,176,71.5208872829469,247,10.861239521991829,52133,,,
4689,OK,0.1650355450236967,7.497068466269414,111,66.41353180741014,195,6.127582886229193,12115,,,
4690,OK,0.26313793103448274,10.993415017690998,205,67.32503860732837,255,9.205798156234838,27480,,,
4691,OK,0.2929370179948586,5.2647960041830295,138,76.57796077647194,253,3.8985113488424745,41223,,,
4692,OK,0.16311640254203202,19.724367509986685,203,81.63455185694284,255,18.319993545263838,18591,,,
4694,OK,0.21444078947368422,11.381653627857034,227,74.25814571323554,255,9.877950523125062,17045,,,
4697,OK,0.3773484848484848,7.76823596332731,213,85.89412235876222,251,6.185799907791609,36150,,,
4698,OK,0.08423992673992674,7.416603253976882,185,76.33659996733365,254,5.50815418828762,8094,,,
4700,OK,0.11329588014981273,10.593360881542699,153,51.42347412882788,241,9.109714463066418,10740,,,
4701,OK,0.26849397590361446,6.722932715079899,120,64.35859708840027,243,5.645153414177586,24574,,,
4703,OK,0.1473237885462555,9.333109067802946,135,86.29386616380145,255,8.899490350071018,11969,,,
4706,OK,0.33198083067092654,10.811535623776987,181,56.04687375452357,203,10.6413638473598,38059,,,
4708,OK,0.3226737451737452,9.909778934458105,229,83.42875261860313,248,8.404052262005695,30666,,,
4709,OK,0.26443759023493896,8.62643007817347,210,107.48834366775215,253,7.102888663358893,35472,,,
4710,OK,0.2103754578754579,23.590853030368983,219,65.05060673184347,250,22.890442561205273,21240,,,
4712,OK,0.2039399293286219,9.020098761153946,182,57.44094517315104,223,7.521095101796601,20613,,,
4716,OK,0.17891258014134215,8.346821645606251,177,68.20994517716707,253,6.828224674378521,18759,,,
4718,OK,0.16052949061662197,4.886017285290802,135,66.70994046525986,191,3.627844591132411,22118,,,
4721,OK,0.22944719471947195,7.153091924676663,201,61.51108422296224,228,5.260662275744703,25659,,,
4722,OK,0.22056122448979593,5.503945305472023,76,63.753805648287546,176,3.734714272735532,11007,,,
4726,OK,0.2202162325814856,14.607042932947419,162,94.28302323759702,255,13.204543002050286,24712,,,
4727,OK,0.17257120253164557,8.001650391968093,190,66.07371853098377,255,6.224994517266393,19759,,,
4730,OK,0.08411269430051814,5.611329277995945,130,53.852637310572575,255,4.11542912246866,10370,,,
4731,OK,0.0412951030927835,17.90393717168565,188,75.67768435814891,244,14.002502594152475,5461,,,
4733,OK,0.019524922118380063,19.720117005717324,121,74.09574268095393,206,14.948511166253102,1612,,,
4734,OK,0.10256643160311142,7.51955022408287,145,96.29349196271657,255,6.770422625950264,10348,,,
4736,OK,0.006446850393700788,76.47124681933842,203,107.7559760265491,237,,0,,,
4737,OK,0.040089285714285716,20.58372140109334,165,52.527325153685496,251,11.477272727272727,1848,,,
4738,OK,0.08360933603491272,21.404598236824732,185,41.231469178191404,193,16.375112309074574,4452,,,
4744,OK,0.03507142857142857,20.79713633277788,176,55.86998117977465,222,12.977631201605965,3487,,,
4750,OK,0.04715909090909091,18.264078536367695,208,53.734914640340996,239,12.134612148746424,1981,,,
4751,OK,0.0728962717174007,13.939449627744793,253,76.70394288339558,253,11.215906587354043,3026,,,
4756,OK,0.08389008620689656,18.908884607150505,209,113.99666725479817,254,14.540395205701328,5145,,,
4758,OK,0.0659090909090909,13.598576902025178,190,77.89854014598541,252,10.77964703941943,4042,,,
4759,OK,0.22464694656488549,12.629373203641563,220,61.8988723022837,255,10.753947815946747,20581,,,
4761,OK,0.17423611111111112,8.154842566759665,167,68.85414389033723,255,7.372396971020824,18312,,,
4762,OK,0.3923069039729444,8.57022330585549,161,66.45953491858265,208,7.753114311713578,31869,,,
4766,OK,0.27863125,11.001001921595897,151,69.96502886584243,210,10.21862241852692,41885,,,
4767,OK,0.16475474683544303,14.220088035214086,200,53.68902360091562,236,12.49229176880754,18357,,,
4769,OK,0.19265037593984963,11.672358278856473,194,75.75127858877946,255,10.31367945988244,18317,,,
4772,OK,0.19150302114803625,9.101584171432327,224,90.60751708782911,244,7.3655417406749555,22520,,,
4774,OK,0.1444757033248082,18.41892370331032,251,65.83461879565135,255,15.16353882714755,19076,,,
4777,OK,0.10124545454545454,13.862620095178235,181,68.58310996024802,217,12.049617648095289,9459,,,
4778,OK,0.1806037669644983,8.792591821630124,184,67.95942363670659,234,7.830188933327947,24753,,,
4781,OK,0.29354910714285715,7.459635515676881,136,79.28738664728743,252,6.38546342565145,23614,,,
4788,OK,0.06528546712802769,11.38160858619319,147,67.07394519356242,215,7.869763533789461,5554,,,
4789,OK,0.20222938893368084,14.332375256903559,192,124.50497679064574,255,13.625779346273422,19835,,,
4790,OK,0.23338732394366196,8.426903231646602,181,70.48760322986615,233,7.404298554122704,29855,,,
4791,OK,0.2417070895522388,9.15611130407935,116,38.443951006081186,167,7.948712226041155,22403,,,
4792,OK,0.24284883720930234,9.589406842459272,116,77.26237097004201,245,8.777542453008586,26441,,,
4793,OK,0.19004746835443037,9.920878083978575,171,75.49911764897406,252,7.795177620036377,20709,,,
4794,OK,0.17480442176870747,9.964164680319762,149,62.759374710180026,227,8.458848645465253,18112,,,
4795,OK,0.4922734899328859,10.232047808131245,152,58.004874341137786,242,9.574357964110462,55838,,,
4796,OK,0.0952014652014652,10.26401179941003,187,48.899602580192436,242,8.190179889114914,8357,,,
4797,OK,0.30593645484949833,7.363842579939874,137,120.34418744729551,234,6.275837209531992,33753,,,
4798,OK,0.09515209125475285,12.51045621045621,200,48.56766116889029,224,10.490245063050203,8406,,,
4799,OK,0.29792293233082706,9.803306097984164,137,78.57484281781146,228,8.587783570522756,28388,,,
4801,OK,0.33575842696629216,13.593007799064855,131,58.12369903628837,211,12.34727346002418,32257,,,
4803,OK,0.33208174904942966,9.264901483707838,182,56.306273867975996,246,8.047046568236658,31359,,,
4805,OK,0.13312919463087247,9.482366038607768,181,45.48977234969822,223,7.616777769813394,13951,,,
4808,OK,0.15667164179104479,7.403353339049252,188,96.33235993369084,217,5.62771079975381,18414,,,
4810,OK,0.22512773722627738,14.980397719596876,185,45.54680152917442,222,13.520855441575286,22616,,,
4811,OK,0.03420138888888889,19.309475465313028,214,70.3473425609683,241,10.308619374523264,2185,,,
4812,OK,0.16094569288389513,12.69424244187174,200,158.06592568620667,251,11.832089474234348,15945,,,
4813,OK,0.28181226765799255,12.655190229638668,187,51.24178388567534,253,12.08845200265391,28637,,,
4817,OK,0.17689597315436242,8.406225299566854,112,69.09588505887709,197,7.146832191780822,18688,,,
4818,OK,0.34649532710280373,10.314010639094928,211,81.83674571962023,228,9.66844688221709,41568,,,
4820,OK,0.34191509433962264,7.143475981568855,116,82.39477997429171,255,6.985804889857177,34425,,,
4825,OK,0.16532710280373833,12.655455059355567,205,128.192211274089,255,11.415721301096795,19481,,,
4826,OK,0.06427586206896552,11.217766452074391,203,85.22341784591195,217,8.606193078324226,6405,,,
4830,OK,0.07685994303094675,12.353015075376884,158,82.54026550215296,220,9.8632802124834,5020,,,
4833,OK,0.215128167135872,21.696925867254404,173,62.51631395795184,224,20.150723514211887,12900,,,
4843,OK,0.06997648902821317,19.175122260798148,177,60.20364705783216,250,16.949127640036732,7260,,,
4844,OK,0.06610032362459548,17.024316605467156,247,80.6753414767969,254,13.694414076734864,6403,,,
4848,OK,0.1577121771217712,16.896116050538136,207,77.75324191711206,255,13.618784805091488,13408,,,
4850,OK,0.20635162601626017,4.476910448986293,120,63.80240732441258,255,3.6545087300200043,17163,,,
4853,OK,0.2075210970464135,6.884969247191583,147,87.11400694823432,231,5.509236299329143,17341,,,
4854,OK,0.20391015924241684,21.31630763492,204,55.09299619525345,246,19.97711438398448,22678,,,
4855,OK,0.5215865384615385,6.857965403877469,192,66.44118179077479,255,5.523231870170646,49049,,,
4856,OK,0.275,12.554015491235223,244,109.39675789907737,255,9.308693177197691,20495,,,
4859,OK,0.2789817232375979,13.251871782873186,192,148.5151185949665,255,11.131484292350859,36235,,,
4861,OK,0.42615909090909093,7.0652054112669544,193,88.36156767484741,255,6.144060064626497,52610,,,
4862,OK,0.09192142857142857,15.619861683114461,209,54.90114920829696,239,11.345143194567465,10161,,,
4863,OK,0.1973992443324937,9.1571335906679,167,78.44110901011877,222,6.753314189056292,25421,,,
4864,OK,0.20404098360655737,12.484513718716105,210,82.33127374957522,252,8.741292510017466,19466,,,
4866,OK,0.13508597883597884,12.317421460628315,168,42.15313834193589,188,10.567054686552686,16494,,,
4869,OK,0.291825,11.011165367371998,206,69.88201186147492,225,8.705243711089741,39514,,,
4870,OK,0.21184413580246914,12.451283919140412,241,123.05921320997928,253,11.153880312410209,25522,,,
4873,OK,0.2503630363036304,9.989981544951226,163,98.28592864899768,247,9.133860026569792,28353,,,
4874,OK,0.30846153846153845,8.784445137157107,190,58.272932226283174,233,8.001626016260163,42230,,,
4875,OK,0.20172256097560975,10.627748809793697,175,71.4365567373855,230,9.007711941907921,24421,,,
4880,OK,0.05399006622516556,17.879893693141163,205,95.70236032598866,250,13.7337106918239,5300,,,
4881,OK,0.07858181818181818,18.596136048125867,170,57.25498243813884,234,16.058446186742696,7015,,,
4882,OK,0.028272569444444444,27.15546003479685,226,77.41289763540374,253,20.521774031707807,1661,,,
4883,OK,0.03623820754716981,27.01627074520013,213,64.88142229618119,239,19.126682501979413,1263,,,
4884,OK,0.11955938697318008,17.498184051701116,226,117.34979003024435,255,14.75736939702027,10426,,,
4885,OK,0.14684456928838951,17.943526961253163,221,76.42725653098032,253,13.491558633276968,12419,,,
4886,OK,0.21081081081081082,9.322863247863248,178,89.60551869292237,240,7.634951727997762,21441,,,
4887,OK,0.2584861591695502,10.974833506241424,208,115.47800370979596,245,8.698509876400601,25971,,,
4888,OK,0.14687772925764192,18.798622466676576,219,88.96283452341343,254,15.918250215600558,11209,,,
4889,OK,0.12164915966386555,18.067294131191893,233,72.24297906775573,254,13.801413739783522,9054,,,
4890,OK,0.07608576642335767,17.067873845784867,185,68.13087960814134,247,15.364360824256142,7069,,,
4891,OK,0.0819055024036866,19.572894960253144,219,82.00100525002152,248,16.394961453744493,7264,,,
4892,OK,0.22108736059479553,7.427256294926226,169,80.53708940353891,225,5.71065200488726,21007,,,
4893,OK,0.16682539682539682,16.22672851252775,190,63.341922270908746,255,12.991460379829732,12725,,,
4896,OK,0.0168671679197995,19.587667161961367,228,82.23463005922791,250,12.970269738137429,1693,,,
4898,OK,0.1654281767955801,14.23369792101528,234,65.89401111055945,254,11.936792164064892,21780,,,
4899,OK,0.0035036496350364962,21.559895833333332,123,96.22719809063385,242,16.153508771929825,76,,,
4900,OK,0.09883828996282527,18.37000470145745,191,65.16721497447533,235,17.287745879851144,7524,,,
4901,OK,0.04171455938697318,9.647301951779564,149,78.54274576440602,237,7.170206575501891,3437,,,
4902,OK,0.03306691449814127,11.155518081319093,134,87.2541922172456,255,8.305340947262344,2977,,,
4903,OK,0.1412246192893401,16.107337017567506,212,103.14595755475594,252,14.632142918669354,19349,,,
4905,OK,0.12793367346938775,9.501118865625346,171,104.84496124031008,255,7.885876058386577,12834,,,
4906,OK,0.23591803278688525,7.6879878627846105,160,75.02140502191995,244,6.089866232683682,25193,,,
4907,OK,0.02793478260869565,14.801556420233464,192,75.7790338812479,242,10.095686767169179,1592,,,
4909,OK,0.18609634551495016,10.671888482251777,152,50.49936390663374,255,9.05632766377335,19931,,,
4910,OK,0.23586805555555557,11.117363462387752,189,58.85254313021614,245,9.158544108574954,24315,,,
4911,OK,0.2664527027027027,12.532792358733781,225,66.04575446353184,255,10.692584831440021,36268,,,
4912,OK,0.3774125,7.656774749114033,203,75.77619611701166,242,6.742300756457997,56932,,,
4913,OK,0.2078125,9.450268528464017,230,45.4834663911587,245,7.052378085490668,11627,,,
4914,OK,0.16717557251908396,9.027419004131334,182,61.0427174719567,250,6.842771921222522,12237,,,
4915,OK,0.40790559255112263,8.509312433031146,170,58.95164514336427,224,6.641610776001462,23707,,,
4917,OK,0.09508364312267659,12.510539862509367,163,47.816289921159026,244,8.600918249086208,7478,,,
4920,OK,0.23283333333333334,10.631078501550942,237,83.98237743500616,255,8.346328159467372,24933,,,
5001,OK,0.2470516717325228,19.0276000656168,216,62.68051630873567,244,18.11150164022227,29874,,,
5002,OK,0.11783333333333333,10.431918906176332,194,86.25505069588765,251,8.30403614131905,12322,,,
5003,OK,0.06898333333333333,14.431666263992913,190,67.60782716624001,254,10.781376302914273,6268,,,
5004,OK,0.09882958801498128,16.411274277593556,214,62.84664831073476,246,13.83409420289855,9200,,,
5005,OK,0.1352,10.659735919351304,218,103.61471716860245,253,9.959109681894132,10573,,,
5006,OK,0.2558801498127341,8.009233508977362,197,80.91387742433393,240,6.794995674452652,25045,,,
5007,OK,0.18226875,14.198756415092182,218,59.70415096646973,251,12.419454557067127,26095,,,
5008,OK,0.16424460431654675,13.016681267338297,210,50.8498895297122,234,11.160928081909008,16148,,,
5009,OK,0.06925471698113207,18.837124824047585,187,104.05947421590191,249,15.239802546115873,6415,,,
5010,OK,0.349559925093633,6.1550638844989685,152,39.210402061410456,212,5.079101796407186,33400,,,
5012,OK,0.2048968253968254,9.483389497876077,148,67.72374887289594,249,8.052668864214665,23056,,,
5013,OK,0.5178030303030303,11.33110217020239,119,45.80121759622938,191,9.907370351842587,23988,,,
5014,OK,0.10322490706319702,17.236097356021727,209,76.60982661954753,247,13.665856575242064,8641,,,
5015,OK,0.0784433962264151,9.777871316897174,171,62.58247086724335,239,6.7984415326583285,6716,,,
5016,OK,0.5798666666666666,7.034193684371886,201,92.47379800063472,255,6.183722312682536,64485,,,
5017,OK,0.4637586805555556,10.957622835751053,175,75.35770673141778,253,10.026069278909395,50174,,,
5018,OK,0.08732142857142858,11.468876690704265,139,53.72938656561184,246,7.998870056497175,6490,,,
5019,OK,0.1850625,17.14415175053473,168,81.33413349694506,253,16.146783732699227,27335,,,
5020,OK,0.09873065015479876,15.319457510191283,190,55.797968694537005,250,12.369942549810537,10908,,,
5021,OK,0.20667924528301887,8.466511472217151,167,75.80640647544753,227,6.981132075471698,19769,,,
5022,OK,0.1325749063670412,17.609718200437882,190,68.53990133957967,249,15.653018039464635,12602,,,
5023,OK,0.09122362869198312,13.838344125809435,157,84.49362367288823,255,10.563846928499496,6620,,,
5024,OK,0.07436329588014981,13.991647779736422,207,64.18771031850399,241,8.692975490974538,6297,,,
5028,OK,0.2689858490566038,8.2516537580983,129,94.57507124805076,255,7.447452582248821,31581,,,
5029,OK,0.32081818181818184,10.15056201001228,144,71.20809797885155,249,9.083550250777728,31502,,,
5030,OK,0.2970879120879121,11.334419887799767,248,81.9713482633732,255,10.79797235928026,40737,,,
5031,OK,0.2126574307304786,12.58551969203435,190,65.10971766775974,245,10.824527982389299,31496,,,
5033,OK,0.24154367469879517,12.328771393833588,194,56.69033554070735,240,11.086757062146892,29500,,,
5036,OK,0.02886178861788618,16.597535211267605,149,85.70220106041579,228,11.953712790317304,2038,,,
5041,OK,0.1814938080495356,11.105704578731148,203,67.42668469644101,255,9.340444358640218,20719,,,
5042,OK,0.3131179775280899,9.71725327193166,122,61.71170999241175,236,9.118904133008506,31196,,,
5068,OK,0.0873,11.518709431080564,161,164.89699974434828,255,8.89540385960581,8101,,,
5075,OK,0.2832704918032787,11.249399577534072,236,66.68507908189522,255,9.556416206723533,31888,,,
5079,OK,0.40269166666666667,13.157654395077568,156,49.53692723374769,253,12.505156246519812,44897,,,
5080,OK,0.18146067415730338,8.218713450292398,169,67.33939220620758,253,6.432227801782864,17126,,,
5081,OK,0.20888333333333334,20.08359264874066,173,86.953230665515,251,18.470846244816695,22267,,,
5082,OK,0.05283582089552239,14.493349811676083,246,92.06247701964492,255,9.848039215686274,4488,,,
5085,OK,0.5388583333333333,9.748923908056643,197,67.95573184909433,228,9.105034086114626,60044,,,
5086,OK,0.21105,8.141501487272631,107,37.15678715029117,181,6.909239866068249,23395,,,
5087,OK,0.29962996389891694,11.84981475345643,203,72.48569391287913,255,10.78395500678777,30938,,,
5088,OK,0.065775,11.10013091769078,132,54.65492788139902,255,9.039798695629846,6491,,,
5089,OK,0.21548050139275765,14.461741481649053,226,88.09164987528516,255,13.000139811254806,28610,,,
5090,OK,0.292390625,13.418158499438892,250,68.75129360154864,255,10.916939081806781,32426,,,
5091,OK,0.22710833333333333,10.45964358663878,148,59.5070244859672,223,9.833333333333334,25180,,,
5092,OK,0.0393,12.780534351145038,205,64.34464453003018,252,7.64906523468576,3352,,,
5093,OK,0.15505833333333333,14.256605936833807,247,81.29756163311734,255,12.095939867424242,16896,,,
5094,OK,0.08268726591760299,8.582078284829954,160,79.93278145808027,254,6.039119696568757,7558,,,
5095,OK,0.05375625,13.056233771266907,169,74.05598671941911,247,8.853339787028073,6198,,,
5096,OK,0.21291666666666667,15.076255707762558,175,46.16651844009176,226,14.137464047753255,23063,,,
5097,OK,0.34061797752808987,7.416323052394304,124,44.76971211647875,195,6.766496026817718,33013,,,
5099,OK,0.220225,16.039757318903646,210,59.25814070298056,255,14.577242313881596,23614,,,
5100,OK,0.045692883895131084,12.66974043715847,188,62.244155546834115,252,7.956157497905613,3581,,,
5102,OK,0.09237138263665595,9.260290662257418,166,69.41174751348431,248,7.153892882454186,9877,,,
5103,OK,0.21836693548387096,10.587244432134101,200,45.73323760965949,231,6.762362602002729,25898,,,
5105,OK,0.07521535580524344,20.880658948504088,247,78.90261592097225,255,18.071414672115196,6852,,,
5106,OK,0.2183228840125392,12.388721372675713,128,53.26488005721428,214,11.768353308412655,25949,,,
5107,OK,0.08066479400749063,15.012652350551363,214,75.36996486224983,254,13.649756184852144,7451,,,
5108,OK,0.134675,11.923560835756863,128,73.25982530648407,225,10.737222339502264,14211,,,
5109,OK,0.12745833333333334,10.561708619374523,185,51.923645798513284,220,7.232508498695549,12649,,,
5110,OK,0.18984709480122325,16.367133805841924,249,91.39165911721777,255,12.704061662601994,22142,,,
5111,OK,0.05869166666666667,11.689762885134176,163,92.35581091329739,255,8.481731601731601,5775,,,
5112,OK,0.017723880597014924,17.896315789473686,133,83.74373852484963,243,12.675528873642081,1166,,,
5115,OK,0.15102996254681647,7.63209340772887,177,77.93628175434726,254,6.308816400027703,14439,,,
5116,OK,0.23853932584269663,9.505770136599152,129,52.943235289295494,234,8.438430833941371,23299,,,
5117,OK,0.2897284122562674,14.481063974682531,213,63.69277252152883,252,13.562146603992097,39144,,,
5118,OK,0.1565737951807229,14.897818175988714,227,83.00398189398877,254,11.301811810184432,18453,,,
5119,OK,0.02896523178807947,14.28074688006097,135,90.5874658641728,255,9.86491855383393,2517,,,
5121,OK,0.09752631578947368,11.28755171793488,197,81.2190794632038,255,9.868811035989893,9762,,,
5122,OK,0.07847560975609756,19.216783216783217,230,75.95931207128521,250,17.251400966183574,8625,,,
5123,OK,0.4788328729281768,9.22470132929497,153,32.00912122617549,194,8.338909482622057,63126,,,
5124,OK,0.15088970588235295,10.4759189773078,132,113.82167609117964,245,9.438940760668881,18957,,,
5125,OK,0.02359126984126984,13.209700028034764,171,101.3895876938083,250,10.253387533875339,2706,,,
5126,OK,0.15168046357615894,16.080499918135676,253,100.68601084470987,255,14.526827181618186,16364,,,
5127,OK,0.25552588996763753,7.9437883249427435,150,69.59040177358531,243,6.47314858305934,27677,,,
5128,OK,0.2797265625,9.951189312479634,210,63.13074461738706,249,9.049804169045688,33277,,,
5129,OK,0.37109550561797755,6.353796079025055,105,56.63272142570012,193,5.387595622414993,36428,,,
5130,OK,0.29323,8.633382214189089,130,45.32186802873165,213,7.150166344709165,24848,,,
5131,OK,0.5560299625468165,7.738779244689928,138,34.12651847477645,198,7.475742822578265,56485,,,
5132,OK,0.18176029962546816,15.503949447077408,196,91.55809340718024,255,12.757873488640342,16183,,,
5136,OK,0.26135833333333336,14.617872439923902,233,106.18950325484843,255,10.137384308364368,21213,,,
5137,OK,0.23135261194029852,8.102522747738666,125,40.1627163760078,227,7.037709233163183,22921,,,
5138,OK,0.04980337078651685,14.958889515573103,131,67.79343259657801,195,12.810749134403526,4236,,,
5139,OK,0.026633333333333332,22.45264914476429,183,92.32054077295679,255,16.824801587301586,1680,,,
5140,OK,0.36733333333333335,7.014692982456141,149,55.86203898840885,234,5.872871136660224,40358,,,
5141,OK,0.05802631578947368,15.899407911312673,192,81.41395834303363,255,11.711667101033793,3837,,,
5142,OK,0.14104166666666668,11.126243229935993,147,41.375991591882936,197,9.606312215089776,14332,,,
5143,OK,0.18209737827715355,9.341817496229261,122,58.776521048936104,255,6.852962499176169,15173,,,
5145,OK,0.2199812734082397,10.306730796515422,238,75.88182923999072,255,9.411822736030828,21625,,,
5148,OK,0.08747191011235955,16.139263540997646,144,65.51305519642649,250,13.32756262289476,7798,,,
5149,OK,0.06299056603773585,13.242124706704608,128,65.28402283459017,224,10.073841429369068,4776,,,
5150,OK,0.08802727272727273,12.231952907156872,163,120.30240803320142,252,10.72219004594772,8633,,,
5151,OK,0.04915730337078652,19.719873015873016,231,129.5579977022813,255,14.403195395454997,3359,,,
5153,OK,0.17613117870722433,18.541475524852935,235,77.62668405041286,255,15.089893581862649,15129,,,
5155,OK,0.28359550561797753,10.901501144567705,141,44.089772410428,228,10.546388888888888,27600,,,
5156,OK,0.14520833333333333,12.491630798660928,245,79.99538224063693,255,9.459554010259051,15531,,,
5157,OK,0.3355992509363296,6.410626267135391,194,110.26446160639627,255,4.934345801693697,32001,,,
5159,OK,0.05271551724137931,23.673535023167076,213,86.16358313994934,255,19.42677794421856,4673,,,
5161,OK,0.019108974358974358,12.742144694174215,156,88.73473446652595,254,9.790626733222407,2404,,,
5164,OK,0.10539612676056338,15.08421726662769,228,89.91231004883873,253,11.999585277345775,9645,,,
5165,OK,0.4006,11.155100682309868,238,75.21326882437994,255,9.924712127837488,43451,,,
5167,OK,0.25430625,13.025617079145059,154,79.3610033162631,255,12.093968170227733,37910,,,
5168,OK,0.1106640625,11.700505941875514,170,97.49000746694777,245,9.851264348921948,12167,,,
5169,OK,0.44796,6.457168794832872,165,103.89556916165495,255,5.704905295372198,42043,,,
5170,OK,0.152275,11.544190882723143,204,92.64241220783731,250,10.602951242098483,16558,,,
5171,OK,0.143734375,15.761513932673841,242,71.12920688795217,255,14.352015370779167,16308,,,
5173,OK,0.23330912863070538,10.640330206156536,165,41.853549635362405,224,7.442269693919398,17882,,,
5174,OK,0.06709016393442623,10.141152514762778,200,67.81638038337067,255,7.161981454367984,6830,,,
5175,OK,0.2016542750929368,7.371447445233048,153,83.924475953218,239,6.620774896579558,19822,,,
5176,OK,0.22885833333333333,17.70045758535727,204,79.1903130639636,240,15.832655938951559,24112,,,
5177,OK,0.09613636363636363,13.085742862338607,162,71.62622902200474,241,10.633545053288836,9289,,,
5178,OK,0.26838150289017343,8.971677794529398,188,76.09808143056543,255,8.074242687854008,34486,,,
5179,OK,0.19950833333333334,10.878618269913538,188,75.80683052429583,254,8.067218358125603,19697,,,
5181,OK,0.5210299625468164,13.226982472534713,158,136.89894566733133,254,12.920192755319015,52986,,,
5182,OK,0.3316198501872659,6.713979162549059,144,51.24978402887709,203,5.455665403923742,32469,,,
5186,OK,0.22023333333333334,12.074025023964483,91,40.12009646760427,162,11.554770124390378,24332,,,
5187,OK,0.07959,17.914520249612597,244,114.5702241392423,255,15.125543006081669,6906,,,
5188,OK,0.20084437086092716,11.51533261891023,135,43.70313244525472,198,10.224725618598404,21837,,,
5189,OK,0.2228125,12.677472784345154,117,46.988167040036764,229,11.71400029381519,22690,,,
5191,OK,0.37045833333333333,9.986158287406742,144,43.457369779601564,220,8.901161858974358,41600,,,
5192,OK,0.22078680203045686,9.500641836226386,248,82.07759519233902,255,7.847872921627444,32337,,,
5194,OK,0.2704416666666667,8.886954467486314,129,73.44106594172273,233,8.222737715022133,29745,,,
5197,OK,0.11530833333333333,11.088795740887958,116,102.55589047031452,255,9.37170542635659,12040,,,
5198,OK,0.020281954887218043,26.399598393574298,220,80.57259709777888,255,19.5426039536469,1467,,,
5200,OK,0.31196875,13.62075528398277,238,83.7559915822622,255,12.481419075041769,46885,,,
5204,OK,0.14194354838709677,17.912656477851638,251,92.31994661603963,255,13.570323871906842,14656,,,
5206,OK,0.20127340823970039,8.682964272422776,181,52.44234736940823,220,6.391926261641138,17431,,,
5207,OK,0.01181390977443609,26.508088040307612,147,61.95907478386578,255,14.762983947119924,353,,,
5208,OK,0.11764044943820225,14.859917223814072,225,67.8285368648924,249,12.169121126094156,11272,,,
5209,OK,0.2192,18.07397269532306,186,64.2957175925926,255,16.077094757094756,17325,,,
5210,OK,0.26411666666666667,7.4578048421362615,121,33.30878988970172,145,5.658739191292859,25481,,,
5212,OK,0.26625,8.294877412623892,172,86.901718720424,235,6.228089531418426,26285,,,
5213,OK,0.16150833333333334,9.712364343085152,140,58.29055479912674,211,8.745096911485593,17387,,,
5214,OK,0.05970149253731343,12.963385416666666,161,40.22917989417989,212,9.733069232220336,5301,,,
5215,OK,0.29565586419753087,10.201346660751103,241,64.56814887036286,243,9.083875792914323,36101,,,
5216,OK,0.16234203296703298,14.440129176009364,232,125.52546537337827,255,11.861694118511174,18153,,,
5217,OK,0.13813670411985018,8.2735036941639,105,65.82473084402534,242,7.700113593335858,13205,,,
5218,OK,0.24065614617940198,11.8775956284153,233,101.66295141737308,255,10.346012756112836,26079,,,
5219,OK,0.02233974358974359,14.011358201817313,193,49.18174168661006,239,10.482157145143223,2083,,,
5221,OK,0.1491728624535316,12.786866861877765,147,54.52741519113626,223,11.478917439418607,14127,,,
5222,OK,0.3051966292134832,7.386449864498645,129,33.82318352312288,207,6.23071388420461,29650,,,
5223,OK,0.34115,6.906908007230446,100,74.6333889858592,214,6.197246934891338,37655,,,
5224,OK,0.42306701030927835,7.824110738822893,190,67.10719976174522,248,6.685013818701552,45711,,,
5227,OK,0.18504664179104477,13.020702055082253,248,52.75367909374297,254,10.942961350443019,17456,,,
5228,OK,0.09900537634408602,7.616345370621776,122,57.24730733657547,241,6.073385384562701,9734,,,
5229,OK,0.23321153846153847,11.725969599516231,236,73.96641419841329,252,8.69035195416411,19548,,,
5231,OK,0.03061818181818182,14.692201108471892,218,50.94564170855528,247,10.036468846723187,2477,,,
5232,OK,0.151570796460177,7.754318104412981,147,61.09405286535068,223,6.775883330652512,12434,,,
5233,OK,0.061441947565543074,7.522198516712384,116,36.55910266898116,181,6.319265833484272,5521,,,
5236,OK,0.13745,12.694232246069278,198,68.06809267095628,254,11.420897125973678,14892,,,
5237,OK,0.22136617100371747,11.397539779167891,143,40.8140986619878,218,10.610823258491653,21423,,,
5238,OK,0.02706766917293233,14.862615740740742,188,40.47890906749098,244,8.875862068965517,2030,,,
5240,OK,0.10822368421052632,11.649703285569547,160,67.64207198187279,241,9.60743080922763,10129,,,
5241,OK,0.06841760299625468,11.137676200903243,162,109.29252309207683,248,8.344623295327521,5964,,,
5242,OK,0.08437265917602996,15.903599304553694,231,95.18672175125354,255,13.25506983179833,7709,,,
5243,OK,0.05620426829268293,15.58819274929934,147,75.3725146576648,254,13.5470618824753,6410,,,
5244,OK,0.05999063670411985,18.501742885385777,195,56.900736771156026,220,15.863401412002018,5288,,,
5245,OK,0.1742756183745583,11.051162476344958,136,56.684169234280496,243,9.238989115569794,17793,,,
5246,OK,0.24977118644067797,13.622954342392472,217,73.9292645181696,252,12.20730017322445,26940,,,
5247,OK,0.18231666666666665,14.459441752750099,202,79.75277715497035,243,13.32983555467144,20108,,,
5248,OK,0.013740601503759399,19.259917920656633,168,68.34370771312585,255,12.552984165651644,821,,,
5249,OK,0.23536792452830188,22.91896802811068,242,75.44580572725815,255,21.887756781423462,22279,,,
5250,OK,0.03234022556390977,11.725951758209822,164,71.56489152640047,251,9.250442254233004,2638,,,
5251,OK,0.10989661654135338,14.382679095755295,215,68.93471443504704,253,12.177015040493636,10372,,,
5252,OK,0.12235833333333333,8.33351494926105,117,69.976961617466,238,6.794190717834867,12612,,,
5253,OK,0.1737781954887218,6.0294393365783305,106,69.86219618549273,236,5.291385406621665,16592,,,
5255,OK,0.05079588014981273,15.467281105990784,182,79.08953884093711,255,10.539710289710289,4004,,,
5256,OK,0.15204119850187267,10.758775711294495,234,80.11596843414824,255,8.693878493878493,14430,,,
5257,OK,0.1353558052434457,10.024165283158089,150,78.24795330503335,254,8.36787224317221,11668,,,
5258,OK,0.4320692883895131,5.271029725141763,126,58.11608276316874,233,4.760201899874767,43652,,,
5259,OK,0.23334269662921348,9.022832149592713,152,63.10991422302015,243,6.839250760381847,22138,,,
5260,OK,0.15083333333333335,15.343609576427257,240,66.58474975466143,251,7.581993891142156,13314,,,
5261,OK,0.06586466165413533,8.87828196347032,133,56.00393727194677,243,6.956077516797157,6003,,,
5262,OK,0.11398954703832753,14.429109990320445,187,74.12603640272398,240,12.29481644775114,10887,,,
5264,OK,0.04088293650793651,21.6267087276551,198,54.318659343463075,255,16.757045354469398,3028,,,
5265,OK,0.30711089494163424,9.921499688532725,134,58.099931207794576,181,9.45523913339692,29356,,,
5268,OK,0.15089887640449437,10.959605361131795,213,60.781262405716554,255,6.981119742564799,13259,,,
5269,OK,0.03187735849056604,22.600177567327613,196,54.47386012609505,242,16.59909005754048,2491,,,
5270,OK,0.02946078431372549,18.644573858384174,165,55.508142947735855,224,16.602138643067846,2712,,,
5271,OK,0.10234162895927602,12.338638959507756,131,39.62481989758842,226,10.31373592267447,7518,,,
5272,OK,0.10567991631799163,18.48592827213039,187,77.21878350507426,255,15.90182777463727,8845,,,
5273,OK,0.236575,8.913064919511077,237,96.31407800373317,253,7.329453604914323,25775,,,
5275,OK,0.20544241573033709,7.865960234717712,125,63.887569048566,221,6.81667225971637,26819,,,
5277,OK,0.035675,28.715253445456668,245,65.85689471910403,243,17.92489758761948,2197,,,
5278,OK,0.02537542662116041,15.137076888590002,134,50.967254974057276,236,8.124487248082755,1869,,,
5279,OK,0.176525,10.02227021668319,140,72.13796209154296,213,8.834647522655056,25491,,,
5280,OK,0.2665416666666667,6.321848783283831,174,79.0076539983715,255,5.449470837645645,29953,,,
5281,OK,0.09334586466165413,13.638374278426635,141,49.498147917789666,214,12.306286293308391,8553,,,
5282,OK,0.06936666666666666,18.390757648566396,236,87.20253531048151,255,16.538828494105775,7267,,,
5283,OK,0.012524590163934425,14.270724258289704,92,59.12557828098369,255,10.701529051987768,1090,,,
5286,OK,0.005833333333333334,12.353130016051365,100,61.64277888180428,254,7.716931216931217,378,,,
5287,OK,0.4734981343283582,7.379308759694504,172,69.2818636570342,234,6.841025852926188,48402,,,
5288,OK,0.11941011235955057,10.280979638777804,233,66.4266625552472,251,7.847216752002101,10156,,,
5289,OK,0.006008333333333333,36.09246417013407,196,77.82786296554018,255,25.13002364066194,282,,,
5291,OK,0.112175,8.459302181611074,90,94.01809353069456,239,6.997935182691444,11139,,,
5292,OK,0.2662037037037037,13.526872200263504,245,70.76159067010802,253,12.676544558624379,29291,,,
5293,OK,0.06599056603773584,14.301310459852276,143,63.16124101476356,245,11.563129134311188,5795,,,
5294,OK,0.055224719101123594,14.05470781055725,207,62.62631067768726,255,9.100153545505304,4776,,,
5295,OK,0.16036516853932584,9.348650279286117,175,52.81367858775774,195,7.889362802119685,15474,,,
5296,OK,0.06820224719101124,11.110928061504667,167,64.59304031512521,236,8.164302407739552,6133,,,
5297,OK,0.11090823970037453,19.392176727170394,222,76.87235708142454,250,16.82842572216983,9543,,,
5298,OK,0.16020833333333334,11.669388816644993,245,67.02206896551724,255,9.261527958791039,16113,,,
5299,OK,0.03061797752808989,15.266870540265035,135,58.58568852828488,219,12.692565055762081,2690,,,
5300,OK,0.021863295880149812,13.406281227694503,212,96.1608672761212,212,10.030994152046784,1710,,,
5302,OK,0.035674157303370785,17.111548556430446,138,41.20453442081755,226,12.906032906764167,2735,,,
5303,OK,0.11534644194756555,9.018967989826015,132,70.56552111006445,250,7.902974594663602,10444,,,
5304,OK,0.35501666666666665,7.562281895998623,131,44.94172545371543,240,6.903111811664209,39334,,,
5305,OK,0.11397003745318351,7.557289955088181,136,104.6126164207916,212,6.246152914091845,11004,,,
5306,OK,0.2823662551440329,9.554579902353712,204,71.2392789899743,246,8.234981632457973,24409,,,
5307,OK,0.10328853046594982,17.388884069286604,225,98.00794420073346,255,15.88884430176565,9968,,,
5312,OK,0.2031741573033708,11.472187658417438,219,54.33441831862532,225,8.846115119986575,17877,,,
5314,OK,0.11320804195804196,11.14899750341029,161,61.86662592369893,252,10.169612647299031,11428,,,
5315,OK,0.18575174825174826,11.040172549019609,132,63.02986580783682,233,10.029732121583445,19586,,,
5316,OK,0.12612648221343872,16.28969497545179,172,52.52340298822501,237,13.428049337597077,10945,,,
5317,OK,0.14880563798219584,13.017631320936571,182,70.17738210404302,251,11.793452251468349,18388,,,
5321,OK,0.20991166077738516,10.066829391465365,179,81.26224870860261,233,8.635320924360691,21651,,,
5322,OK,0.08263333333333334,14.226838779077585,151,57.784582682315325,241,9.163698049194233,6288,,,
5324,OK,0.14426966292134832,16.002293181031497,229,103.41393484477125,255,13.261111516123545,13717,,,
5325,OK,0.051625,10.879795534032823,192,54.04957310018599,252,8.73342605470561,5033,,,
5326,OK,0.20244166666666666,11.122751409871157,209,69.88355780315617,255,10.141399656434386,22315,,,
5327,OK,0.14467472118959107,10.939273248966831,181,86.33180851795913,255,9.832740297940981,14052,,,
5328,OK,0.11159176029962546,15.261565139564803,216,74.90210998924981,252,12.839489194499018,10180,,,
5330,OK,0.20399812734082398,18.33988158075917,192,73.71547880912331,241,16.680528625369934,19598,,,
5332,OK,0.10198275862068966,13.46844181459566,166,51.919678570285754,237,10.271331363595667,7446,,,
5333,OK,0.022081881533101044,18.271005917159762,183,49.5975563770246,231,9.748104829976175,1539,,,
5334,OK,0.036332684824902726,19.38670236501562,179,54.89192954121032,230,14.54312257348863,2404,,,
5335,OK,0.03827715355805243,20.742987606001304,161,73.06060635563517,249,17.123283191628516,3058,,,
5336,OK,0.08299440298507463,11.573751451800232,152,75.0353329332099,223,9.260977118119975,7546,,,
5337,OK,0.2450125,18.20326343894019,179,56.376449389338674,249,16.022114584862273,34065,,,
5338,OK,0.022807262569832402,10.097570932843437,134,53.84768057322261,179,8.863055555555556,1200,,,
5339,OK,0.08765939597315436,12.917472166395509,179,57.55405774046522,249,10.401096977476952,8569,,,
5341,OK,0.34541420118343197,7.478900785153462,132,51.10879849340866,200,6.911521060345377,20924,,,
5360,OK,0.03902222222222222,12.97285497342445,161,87.1458660931767,252,10.898094449047225,2414,,,
5361,OK,0.042705479452054794,12.088835427247616,133,55.51617198710534,192,10.276686200160864,2901,,,
5362,OK,0.0949625468164794,11.1246302504437,129,63.23049997585991,246,8.932440611287639,8812,,,
5363,OK,0.26676666666666665,10.050429005789496,114,39.00768665424073,193,9.328981368149055,29412,,,
5364,OK,0.08102996254681648,11.662545258454665,193,63.20287802525489,244,9.056452726017943,7245,,,
5365,OK,0.04698501872659176,16.381227580709446,169,39.07157454166749,203,13.7848857958601,3736,,,
5366,OK,0.05856666666666667,10.375735154619617,177,54.90722774964888,250,8.988831890563215,6238,,,
5368,OK,0.1619468085106383,12.4861065493004,191,55.22719406256479,234,11.32155943133519,13646,,,
5370,OK,0.141475,11.326912882134653,244,94.64927249255021,255,8.459928011663933,14632,,,
5371,OK,0.20771698113207548,9.541541768855785,154,78.48429028442602,247,8.523242267618345,20315,,,
5372,OK,0.11229245283018868,15.852558178610435,188,68.54462593564797,241,13.550258957826868,9461,,,
5374,OK,0.10435393258426966,13.026229998504562,151,94.41457320579164,238,12.180998925513848,9617,,,
5375,OK,0.09471910112359551,14.340648477659153,171,93.43515645470467,255,9.542315286770446,7259,,,
5378,OK,0.13591111111111112,10.831725528667974,215,110.57585382162328,254,9.950347287403792,10654,,,
5379,OK,0.05408333333333333,8.765690806368772,123,67.48521422488474,255,6.3993535643742145,5569,,,
5381,OK,0.12374166666666667,11.71567108896222,198,101.6417342678624,252,8.926413295191391,12235,,,
5383,OK,0.1800845864661654,13.57754466537933,251,79.37290661286809,251,11.364278991144662,17353,,,
5384,OK,0.0403,22.52012682657844,197,81.89666909798201,255,19.782437636028796,3982,,,
5385,OK,0.11705,9.454838862784186,224,101.99089542002504,234,7.264330139519247,11898,,,
5388,OK,0.26550833333333335,9.649090319408263,194,85.86069352575666,251,8.342580039628741,28767,,,
5389,OK,0.06666037735849056,17.456694027738465,172,75.41088334984265,245,14.470171453296555,6163,,,
5390,OK,0.3658092485549133,8.060835901082404,115,48.67639642103025,236,7.242700994462323,22994,,,
5391,OK,0.2421691176470588,9.676332169424624,129,55.37655848251104,203,8.13004061502756,22980,,,
5392,OK,0.17842696629213484,11.093321438567031,185,59.60415147094578,220,9.808464849354376,16728,,,
5395,OK,0.16897556390977445,4.828373843558225,132,108.30433569702522,252,4.033076527991782,16225,,,
5397,OK,0.158975,12.19847635022977,216,49.85764394637496,255,10.768740621981049,16217,,,
5398,OK,0.22181666666666666,9.510469106118666,182,38.31951910789374,192,8.966363238751299,24388,,,
5399,OK,0.016226591760299624,17.40777072513945,197,65.27786396616762,222,8.232040229885058,928,,,
5400,OK,0.1374438202247191,7.479346912823308,118,107.01502371880461,240,6.255225522552255,13332,,,
5401,OK,0.25108125,9.257975920809168,216,83.70783156828873,252,7.915351153183224,36551,,,
5402,OK,0.07676029962546817,12.064527933642351,162,74.08346686679783,254,9.297496624078114,6418,,,
5403,OK,0.035166666666666666,10.847235387045814,143,37.99041573098405,253,8.78657978966621,2916,,,
5404,OK,0.29425833333333334,5.8136841210954096,124,50.26778763082179,242,4.6451270286345485,31384,,,
5405,OK,0.41427685950413223,12.242581417385667,137,57.70803202934848,203,11.533396243371978,37090,,,
5406,OK,0.15093421052631578,13.832766687007817,142,68.81889796318967,245,12.062252573238322,10104,,,
5407,OK,0.2618548387096774,11.133034481971963,154,77.4838810185691,236,10.155089931392546,26965,,,
5408,OK,0.18846666666666667,9.202879966985025,100,71.41773460390482,183,8.71655612163158,20806,,,
5409,OK,0.5449319727891156,7.551713376193746,165,54.28336073946733,220,6.942957906334258,60207,,,
5410,OK,0.14218045112781955,10.069561960162172,178,60.48508487451427,232,8.089327956989248,12400,,,
5412,OK,0.001831140350877193,32.03992015968064,181,43.07783258085895,206,,0,,,
5413,OK,0.18716216216216217,10.177797833935019,171,94.2715941627413,248,8.602173127315442,14756,,,
5414,OK,0.1311875,11.19477528982055,155,45.00663321583579,244,9.729151755698702,15369,,,
5415,OK,0.171175,14.596725248689612,141,61.80102688880175,252,13.840906266091372,18773,,,
5416,OK,0.15171188630490956,11.850585480093677,165,72.81859142773737,251,9.977094048777474,21581,,,
5417,OK,0.08554078014184398,9.273638028120358,120,48.80429338219374,235,7.008202099737533,8128,,,
5419,OK,0.28165833333333334,11.511849463001864,153,60.5120590248373,239,10.822909102390048,31673,,,
5420,OK,0.09245833333333334,9.320354514045366,195,129.6942319758811,255,7.888003587196468,9664,,,
5422,OK,0.2541181818181818,11.318797028345198,199,62.90833302862993,217,9.784694999676564,25765,,,
5423,OK,0.06699248120300752,10.23924429479985,171,59.75522134472292,228,8.486446886446886,5915,,,
5424,OK,0.24195,8.325870818121283,169,67.40432689136601,245,7.42559490490229,26797,,,
5425,OK,0.3682166666666667,9.02736915161665,175,62.222804055539434,234,8.113679738718668,41743,,,
5426,OK,0.21656363636363637,11.298323678392522,171,68.07046655372214,217,10.056149643547204,20012,,,
5427,OK,0.38199438202247193,11.154079956859572,189,81.10728805256326,250,10.012751053466864,36546,,,
5428,OK,0.396075,6.809758252856151,203,53.32605225998445,238,6.1975383373688455,44604,,,
5429,OK,0.390175,10.386229825648035,146,84.4044785161499,238,9.887469962238242,43695,,,
5430,OK,0.054011194029850745,10.234887737478411,160,57.86294251060053,237,8.284957058507784,4968,,,
5431,OK,0.03661380597014925,10.992016985138005,185,84.06977810054063,245,8.399029126213593,3090,,,
5432,OK,0.08424440298507463,12.084117668770531,206,70.30390109572947,249,10.64850038221143,7413,,,
5434,OK,0.03024278215223097,7.546467057206914,92,48.93947082930174,202,6.479462474645031,3944,,,
5435,OK,0.05044007490636704,18.825443970051357,243,144.506660881741,254,14.549008960086885,3683,,,
5436,OK,0.15610377358490565,9.40518925887875,157,52.80534656933436,253,8.158380071749786,13194,,,
5438,OK,0.17325833333333332,19.158995077998494,228,80.42065068021383,254,18.722161901314994,16578,,,
5439,OK,0.26228464419475656,9.558927126469609,126,72.48787463403903,192,8.37022464614985,25670,,,
5441,OK,0.12639900662251655,8.235728163817758,179,86.26800971594444,255,6.526549128776162,12932,,,
5442,OK,0.08660714285714285,11.358111774281063,157,49.1922690401468,217,6.8347056082025786,6437,,,
5444,OK,0.09447115384615384,11.344359626802374,239,72.49067516149013,252,8.82699976542341,8526,,,
5447,OK,0.41255,12.531410334100917,236,72.10856715938,253,11.369291559605294,46313,,,
5448,OK,0.22843396226415094,18.46569477712618,212,71.0369704676432,253,17.046449488123535,21457,,,
5450,OK,0.33870833333333333,7.8273096321810804,165,70.72829269317204,240,6.696653939972426,37716,,,
5451,OK,0.098775,12.858910543041143,147,89.13987134794924,255,11.328587808140647,10466,,,
5453,OK,0.24810634328358208,14.68985223897432,212,101.06368249320745,250,13.754663389321317,24410,,,
5454,OK,0.0844,14.304414604177637,179,59.95504263547077,186,12.709675769663496,6518,,,
5455,OK,0.3148157051282051,7.6794522639924665,157,62.72788296242589,228,6.757146134434503,36325,,,
5457,OK,0.12850833333333334,24.26641160322504,210,98.24816008312695,250,15.970119878332438,9315,,,
5458,OK,0.11034644194756554,13.534577853203224,186,94.42688347453911,250,11.009526635021096,10112,,,
5461,OK,0.13893258426966293,10.979017837084962,219,69.22102970067347,254,8.790987745298725,12213,,,
5462,OK,0.19176029962546817,13.552945963541667,174,95.51234939759036,254,11.55742051085148,18231,,,
5463,OK,0.09683520599250936,15.911235737768324,194,44.70244389613441,233,14.161061039056202,9098,,,
5465,OK,0.18115,11.419346306007913,181,64.12582178258127,237,8.981826343465436,25990,,,
5467,OK,0.09371698113207547,21.48349104086974,250,96.10700629428379,252,11.517734909769757,6428,,,
5468,OK,0.1565754716981132,8.270631238577254,140,57.9069718018411,226,7.262498887999288,14988,,,
5469,OK,0.039241573033707865,18.46210132824306,227,66.31321489018183,246,12.600658978583196,3035,,,
5470,OK,0.2632616487455197,7.9048445654640345,150,83.59995945836374,242,6.791160207386609,27067,,,
5471,OK,0.18116666666666667,8.173643054277829,114,73.67521202252527,247,7.263169017805252,18927,,,
5472,OK,0.07182218309859155,13.344650079666625,164,63.71671993500315,249,9.983965088547217,6569,,,
5473,OK,0.06196666666666667,17.899946207638514,193,90.84195657581465,231,11.285497027512788,4822,,,
5474,OK,0.019958333333333335,26.59930410577592,183,93.01356234853961,238,17.604645227156713,1306,,,
5475,OK,0.2674063670411985,5.238430383883656,143,81.27376950703595,200,4.10453771905894,25659,,,
5477,OK,0.0949250936329588,12.176826461497994,163,103.48650279668674,252,10.502249695134772,7927,,,
5480,OK,0.014588014981273408,16.257595207531022,129,60.047024952015356,215,12.029706390328151,965,,,
5481,OK,0.33857881136950907,16.554764812129537,143,38.11035798465966,203,16.172011101035913,48524,,,
5482,OK,0.11835,11.738487536966625,205,80.06150399818522,240,9.218367122685567,12134,,,
5483,OK,0.16848314606741574,11.908858508391686,202,66.24085835041176,246,10.089296636085628,15805,,,
5484,OK,0.03665849673202615,14.352128370849119,158,76.04701771645196,254,11.33144208037825,3525,,,
5486,OK,0.07362359550561798,12.362584255373267,191,51.24676309166439,253,7.985397133311779,6186,,,
5487,OK,0.1300749063670412,10.791846626355696,163,65.65290394799156,251,8.5869066069686,11614,,,
5488,OK,0.1874250936329588,12.252285557276315,199,95.10320761746732,255,9.913456776012497,17498,,,
5489,OK,0.05795112781954887,16.76083900962266,180,63.12748834394184,243,12.327631217367408,4852,,,
5490,OK,0.0484,14.09997704315886,178,67.5210785343982,251,9.858876117496807,4698,,,
5491,OK,0.33977118644067794,9.997081784850224,130,50.32045473021252,230,9.31613841026732,37608,,,
5492,OK,0.2442723880597015,10.971651518623183,170,71.46719085590145,253,9.795941882359553,23722,,,
5493,OK,0.10401486988847583,7.875863712175363,130,74.31087323320332,241,6.6902241704978795,9353,,,
5494,OK,0.14236792452830188,11.091754467342566,151,34.00936834270168,178,8.380110160812643,12043,,,
5495,OK,0.059351503759398495,12.401583531274742,149,65.73881867079649,226,8.193716188098211,4806,,,
5496,OK,0.11343632958801499,11.541862704636126,185,98.6455651194311,255,8.729306071871127,10760,,,
5498,OK,0.28345864661654135,9.573110079575597,135,64.07941587967821,252,8.630989301598749,27730,,,
5499,OK,0.0849063670411985,12.449897073959711,185,57.15166305133767,234,10.225055869593795,7607,,,
5500,OK,0.11633895131086143,11.507873910127431,176,59.697133774834434,255,9.214953271028037,10272,,,
5501,OK,0.24342696629213484,9.007231325486575,141,47.54440484146432,222,7.948155533399801,24072,,,
5502,OK,0.1791640625,6.434802831436503,137,76.81764017246138,247,5.864748692643111,21481,,,
5503,OK,0.23055243445692883,6.490896045702527,199,47.32477862824553,237,5.289211889248341,21947,,,
5504,OK,0.07093632958801498,9.386879619852165,209,60.67094990459297,243,7.162758235622557,5970,,,
5505,OK,0.02956928838951311,14.140384209415242,211,67.92656130397586,240,9.133566978193146,2568,,,
5506,OK,0.05675,18.565932452276066,235,60.24420590747121,248,10.31510172143975,4260,,,
5507,OK,0.07128888888888889,13.902847049044057,217,64.3640529287902,239,9.659947018155973,5159,,,
5509,OK,0.10988721804511278,16.85896339377352,169,87.52294420745872,254,14.603721056562776,9818,,,
5510,OK,0.11055970149253731,14.58549893126336,162,74.27782439065318,255,12.780329684649466,10232,,,
5511,OK,0.19498333333333334,12.503262387098612,225,60.550689081661524,225,10.555544574026488,20236,,,
5512,OK,0.30482209737827715,13.719664158091435,178,73.2042023031854,248,12.734947784363534,29525,,,
5513,OK,0.07269736842105264,18.658435681965095,238,88.37049950168077,255,14.746683579092014,6307,,,
5514,OK,0.07178703703703704,15.90042564168709,171,63.63023332369048,231,13.14177683477504,6127,,,
5515,OK,0.19900544959128066,14.436708427466284,212,66.28500274976047,255,12.424666941354209,24270,,,
5516,OK,0.028089887640449437,17.12322222222222,210,128.9030122029544,255,13.458697318007664,2175,,,
5518,OK,0.06001666666666667,16.48287512727946,223,78.96275052158136,255,9.119024764830101,5209,,,
5519,OK,0.15397940074906366,11.035877166311948,175,57.17593935034032,231,8.983457693932142,14206,,,
5520,OK,0.02392322097378277,19.30815394651011,225,81.39965785729132,240,12.904682583749768,1801,,,
5521,OK,0.05448501872659176,12.212579481010483,93,66.26624480512835,212,10.997964997964997,4914,,,
5523,OK,0.14221518987341772,6.721610295208426,177,46.98729063675939,225,5.543277082199238,16533,,,
5524,OK,0.3259925093632959,11.533490349264707,183,65.99257242350151,255,10.662233280091739,32556,,,
5525,OK,0.2156909090909091,14.953581162718818,149,76.07230451816307,254,14.225980931426475,21816,,,
5526,OK,0.4123411371237458,8.785316462540893,203,50.692817711001084,220,7.8158020363522365,46783,,,
5527,OK,0.09044444444444444,15.707236457236457,176,70.73446534734099,253,12.061840700405723,7805,,,
5528,OK,0.1003932584269663,10.680874215009638,223,111.62144299423385,250,8.317243374190982,9219,,,
5530,OK,0.05028,18.311522142667727,171,85.4271995956703,229,15.824109014675052,3180,,,
5531,OK,0.11961610486891386,20.721800391389433,209,57.665053620491,248,17.849626362856792,10884,,,
5533,OK,0.08208480565371025,15.2794518582293,160,43.96012819032221,240,10.838733540464565,6759,,,
5534,OK,0.06252650176678445,14.023500047094283,191,64.52101669148088,251,10.410603207213377,5841,,,
5535,OK,0.026566666666666666,37.548306148055204,235,53.296480194196185,249,20.56368563685637,369,,,
5536,OK,0.29051075268817206,10.319137287560531,156,55.984569772288104,254,9.427018710605985,40298,,,
5537,OK,0.04361423220973783,21.542149706597968,248,92.8128226717054,250,15.313620635419943,3179,,,
5538,OK,0.13196629213483146,18.806064046166217,201,84.32644776677526,248,16.111621988953473,11527,,,
5540,OK,0.115725,13.454861861213125,156,51.48117258645657,212,10.890893470790378,11640,,,
5541,OK,0.17339285714285715,11.716570003794244,231,55.95907569745275,255,9.56898841139546,16568,,,
5542,OK,0.22200374531835207,26.33135104737804,235,50.92023107473823,255,20.430476071991375,16076,,,
5543,OK,0.06375925925925927,7.970955562009875,207,77.64399588583183,254,5.280992236778263,5496,,,
5546,OK,0.1671554770318021,12.843744494944156,180,43.44502782550896,229,8.446965542454986,14588,,,
5547,OK,0.05479681978798587,13.885969154710086,160,43.84283983040023,195,10.677887649905323,4753,,,
5549,OK,0.404438202247191,6.968668487907271,194,89.91433198125964,255,5.7386923365420675,39995,,,
5550,OK,0.04723498233215548,17.025621844024688,201,43.70026177605939,218,9.421894218942189,3794,,,
5551,OK,0.19838951310861425,13.500188786105342,212,96.09963556510769,255,11.671553567257765,18553,,,
5553,OK,0.16368333333333332,11.209907341411261,143,83.03631333160618,255,10.22471952201682,17797,,,
5555,OK,0.11022666666666667,10.077517035603403,179,68.3571196659324,255,7.938690642133631,14348,,,
5556,OK,0.08121698113207547,11.386804506911371,149,76.89756411441167,242,9.30861051502146,7456,,,
5557,OK,0.2306554307116105,14.693012367730237,161,64.26807114053663,218,13.571305285868393,21630,,,
5558,OK,0.09327715355805244,15.934049387673157,148,58.84822418196713,229,14.30338733431517,8148,,,
5559,OK,0.16388576779026218,10.091298634519797,163,65.1574856938083,248,8.79394806703169,16072,,,
5560,OK,0.18828125,16.404218533886585,208,79.15898834349268,249,14.524820480799251,12812,,,
5561,OK,0.09731343283582089,10.942548568507158,161,50.07178681657848,233,8.64939283209685,9031,,,
5562,OK,0.3334550561797753,6.270949746815302,94,64.35027462879458,222,5.659384096828559,32635,,,
5563,OK,0.23251666666666668,7.604090507251571,187,81.93427653152077,209,6.53773597078672,25833,,,
5564,OK,0.32412921348314605,7.334777710373516,200,68.38630056015036,252,6.175838730198459,31963,,,
5565,OK,0.3579681647940075,16.522987453462722,149,43.55229525490139,199,15.907099192781184,35389,,,
5566,OK,0.08664794007490637,12.512066853973057,148,51.355251197725515,253,10.385774194861773,8187,,,
5567,OK,0.16343333333333335,8.782763387495184,114,52.817667450292866,207,7.273894091055861,12388,,,
5568,OK,0.2759,9.301709556602633,225,80.19160950758797,254,7.926611841395238,30886,,,
5569,OK,0.10123333333333333,11.830754033585775,136,65.30380212389818,248,9.542595064517233,9739,,,
5570,OK,0.1557303370786517,9.564313772647106,121,63.021633691183865,180,7.88148449139916,14766,,,
5571,OK,0.11199166666666667,9.618299972716224,137,42.789247473278216,171,6.556373955742618,10454,,,
5573,OK,0.23297752808988764,11.724593414248586,228,66.02915924054136,252,9.515787168819795,22835,,,
5574,OK,0.23485833333333334,9.153071000248376,134,45.66558843496666,213,8.490542277049602,25940,,,
5575,OK,0.07412222222222223,9.246040073951932,111,80.42206594742926,255,7.72012910798122,5680,,,
5576,OK,0.124125,12.558688597963522,197,69.06183974755403,248,9.484135582727133,12922,,,
5577,OK,0.2756367041198502,11.306429331702788,145,65.2269460458623,228,10.434006848882317,26379,,,
5578,OK,0.11338951310861423,13.37869529314616,150,73.92348716865561,253,12.271093052605657,10829,,,
5579,OK,0.14911048689138576,11.914557823129252,231,90.80551673544245,254,10.64544128879939,14401,,,
5580,OK,0.38277153558052435,22.176174168297457,212,68.21884607605178,255,20.220227476520837,35315,,,
5581,OK,0.1602059925093633,12.780167543346971,200,64.60604303712789,235,9.338231830813433,14154,,,
5582,OK,0.3086242603550296,15.725774497116106,191,84.33711691664705,246,14.693026886236181,39289,,,
5584,OK,0.029875,20.626313342631335,187,105.25420550043665,255,7.761882928320342,2181,,,
5585,OK,0.30332191780821915,8.495118738474277,146,81.70689344410034,239,7.563031559992926,41466,,,
5586,OK,0.12261904761904761,10.961316073354908,172,57.15261872455903,232,7.091565178168697,11824,,,
5588,OK,0.10375,11.614029451137885,168,68.39714551371455,254,9.0115234375,10240,,,
5589,OK,0.21189166666666667,7.520549022692413,158,60.26888223911687,253,6.309169872915938,22872,,,
5591,OK,0.35704119850187266,10.529301723836499,171,110.06626570357857,250,9.216797589886534,35517,,,
5592,OK,0.4126875,20.182053611994547,181,67.43419176332873,254,19.69208585802361,62879,,,
5593,OK,0.04975563909774436,6.431998488855308,148,89.8615215714201,248,5.012260536398467,4350,,,
5595,OK,0.04489057239057239,17.92362022626414,223,59.0043478133143,231,12.808627653175217,3879,,,
5596,OK,0.054975328947368424,13.0195462478185,159,41.632571900970284,228,11.274289338638066,5781,,,
5597,OK,0.35805,4.500031032289097,129,71.51145814402298,213,3.8878983860630427,40047,,,
5598,OK,0.29220833333333335,11.874138504681781,183,45.32343949294559,229,10.544849287843657,30190,,,
5599,OK,0.1783,14.63932510749673,167,44.04576893432315,222,13.279441831936209,19564,,,
5600,OK,0.046766666666666665,16.082442385364693,140,53.10591243059684,240,12.295809459611279,2967,,,
5601,OK,0.1978558052434457,14.124161973719495,208,88.87301902282817,246,12.224124809741248,19272,,,
5602,OK,0.20458646616541354,9.369472007840255,183,63.48272914894287,242,7.8393152860860456,19726,,,
5603,OK,0.22870833333333335,19.685662233558027,205,36.11925161615616,244,18.77110578748249,25463,,,
5604,OK,0.1733875,6.91377694470478,195,69.65029966681284,253,5.9908825232650535,24751,,,
5605,OK,0.17289375,12.193411174974997,199,82.60520489356718,254,11.291320027600932,25603,,,
5606,OK,0.1834222222222222,12.476960665535902,248,65.96666303815381,247,10.502230765579762,14046,,,
5608,OK,0.16423333333333334,12.121084500372099,181,58.45945505789761,243,10.515980689602534,17469,,,
5609,OK,0.17827715355805243,11.208858543417367,201,78.3562291096931,255,10.076332508013282,17367,,,
5610,OK,0.3411774193548387,8.73515970941868,108,62.38964917864225,241,8.011115538510069,40154,,,
5611,OK,0.225525,9.03036125583515,154,57.94898694814767,230,7.5086294416243655,23640,,,
5612,OK,0.1830056179775281,16.034143429692165,244,97.29361832177716,255,14.61842028563101,17155,,,
5613,OK,0.20348314606741574,9.221485980735014,117,88.63086001786806,246,7.44269435300076,19745,,,
5614,OK,0.3789547038327526,17.497678374402355,178,44.35524199581089,214,16.795573240487442,40210,,,
5615,OK,0.2875778546712803,8.622809128464285,190,52.727900820826655,255,7.488992288139245,30948,,,
5616,OK,0.25798013245033113,8.806881872245754,218,128.19883380189506,255,7.421689995545239,28434,,,
5617,OK,0.23666666666666666,14.62076014137258,192,48.45122499713786,238,12.376788236016456,21716,,,
5618,OK,0.13171348314606743,12.523755361247364,217,76.29322175852538,247,9.56992803552289,10885,,,
5619,OK,0.176275,13.084089727225452,199,72.74581423816605,251,11.765370440970898,26230,,,
5621,OK,0.016375,20.445122985581,173,79.78292314426511,206,17.564887307236063,1405,,,
5622,OK,0.007408333333333334,24.262092238470192,174,80.37956471974321,243,21.160194174757283,618,,,
5623,OK,0.27798333333333336,7.540220237024601,142,45.21267206820403,180,6.560755785882126,31067,,,
5625,OK,0.35550943396226414,6.640581325407777,172,76.46889454886117,255,5.878392405541086,35324,,,
5626,OK,0.024400749063670412,20.898823228447174,166,82.53694070675854,224,17.018798716185238,1454,,,
5629,OK,0.4954874651810585,6.336219173974964,194,70.65652606007068,250,5.116961151763936,67236,,,
5630,OK,0.01954119850187266,14.794761220252356,151,75.41226336112358,249,11.233435897435898,1625,,,
5631,OK,0.19428333333333334,11.867547396414171,236,77.71230926228547,253,9.326974418717539,20601,,,
5632,OK,0.262025,8.350443659956111,189,84.50347233984891,247,5.22397268777157,26850,,,
5633,OK,0.24478333333333332,8.009157758561994,211,53.2069494405579,223,6.781442824065656,27497,,,
5636,OK,0.1312,9.630568258807589,199,68.8201606302435,239,7.415621734587252,14036,,,
5637,OK,0.20161666666666667,15.583326444573034,222,55.412267150978714,254,13.962735369535862,21969,,,
5638,OK,0.024183333333333334,19.219044337238685,185,48.61265208059346,216,13.666666666666666,2055,,,
5640,OK,0.2268687707641196,11.25179083531637,230,68.68505129720148,242,9.833730876788946,24316,,,
5642,OK,0.38356666666666667,5.048014252194316,157,62.225999927900645,224,4.117481549815498,43360,,,
5645,OK,0.122175,15.536048018552622,189,114.72683115148868,251,8.952712315209995,10778,,,
5647,OK,0.2318,12.753163646821973,171,87.8034185252683,254,11.412104816465096,25136,,,
5648,OK,0.13161897590361446,10.827602646985907,208,104.38328665204082,255,9.113575047706783,15197,,,
5651,OK,0.11197565543071161,9.93656102795663,218,84.73846051110104,252,7.47775635532705,9336,,,
5652,OK,0.27938202247191013,11.778448063989991,158,45.62570705889487,232,10.716784540779557,27289,,,
5653,OK,0.23584269662921348,16.540813085596316,247,72.64490924537242,255,15.07781351414001,23008,,,
5654,OK,0.05205,20.069110897641156,196,50.66260527102344,232,15.146683147919243,4854,,,
5655,OK,0.11839788732394366,14.09360594795539,173,43.039327675153935,213,12.154820936639119,11495,,,
5656,OK,0.2515188679245283,7.460560369078429,135,54.99263497985438,209,6.60048070320011,24270,,,
5658,OK,0.189375,7.675702236890356,123,71.88834061509466,223,6.909276393831554,21075,,,
5660,OK,0.110475,13.854818837846672,174,59.85115963888342,226,10.54007839956745,9864,,,
5661,OK,0.17347378277153558,12.045267267591443,221,49.93416635513313,228,10.571593303908704,16766,,,
5662,OK,0.09862934362934363,18.228453056697333,177,58.33783098812762,240,16.254502169488923,8681,,,
5663,OK,0.08014981273408239,8.43243769470405,98,64.85767508143323,231,7.290906687813904,7566,,,
5664,OK,0.06539166666666667,9.996601673675714,116,77.0427035686369,254,8.46587265231333,6549,,,
5666,OK,0.008717948717948718,13.783263305322128,102,49.772069691818785,241,10.612356751370204,669,,,
5667,OK,0.05046666666666667,14.595607661822985,245,92.26008975169088,252,9.678671003717472,4304,,,
5671,OK,0.13388576779026218,16.954518964030118,228,74.28016273697942,254,14.605481920706895,11468,,,
5675,OK,0.08984166666666667,12.786321615187212,194,74.12296700513036,252,9.321988114532685,8021,,,
5676,OK,0.25174157303370787,9.240137370130675,168,60.20309749647538,241,7.485017098475628,23004,,,
5677,OK,0.07529026217228464,18.15284168635742,171,71.6070771609001,255,15.438718938718939,6734,,,
5679,OK,0.0950749063670412,11.121823911758913,122,69.67257482634218,217,9.67319408181027,8426,,,
5680,OK,0.05156666666666666,22.330155138978668,232,105.87655958949847,255,18.989811912225704,5104,,,
5681,OK,0.3176831501831502,8.76272424163808,156,78.88984775888372,226,7.791625514403292,32400,,,
5683,OK,0.1798041474654378,14.524145148544456,152,54.929103516731516,236,12.470455248566193,14007,,,
5684,OK,0.025823970037453185,15.79610829103215,141,56.75892107674465,231,10.02565818830879,1494,,,
5685,OK,0.276790780141844,8.794034121239298,168,52.294781272728756,205,7.053987892820104,27642,,,
5686,OK,0.24252808988764044,10.066417007695673,189,54.89224702712057,223,8.397633066760406,22758,,,
5688,OK,0.08330524344569289,11.009666179611106,164,48.20961904470071,255,8.968035386412954,7988,,,
5689,OK,0.12775280898876404,15.975105052281833,240,78.12989322570026,255,13.223772831050228,11680,,,
5690,OK,0.043305243445692886,17.86926126126126,208,97.78044205203491,255,15.069463361481885,3671,,,
5691,OK,0.20930357142857142,10.891277763558286,213,76.69416653492627,251,8.825442419440042,10096,,,
5692,OK,0.183875,10.770450940403354,219,42.25446469597182,255,9.113832288401253,20416,,,
5693,OK,0.0044004065040650405,21.74826789838337,181,82.62343782430138,235,5.0,143,,,
5695,OK,0.23036516853932584,16.412388733081333,246,68.80838716741486,255,14.329052318507504,22191,,,
5696,OK,0.23231907894736842,13.108106194690265,194,57.571983574361724,242,10.54991945200287,24623,,,
5698,OK,0.07621268656716418,19.385597715218278,196,69.83412770540913,208,15.24524312896406,6149,,,
5699,OK,0.14788389513108613,11.340804524925076,173,76.87494597425811,245,9.146130952380952,12320,,,
5701,OK,0.22377533783783785,15.310536579228785,203,68.96443066209673,250,14.165199091764967,24076,,,
5702,OK,0.21383064516129033,11.661093301485533,195,50.885338485123064,227,7.239555106167846,24725,,,
5703,OK,0.0639747191011236,18.467691181851446,183,86.41622027158827,244,16.532885359397273,3274,,,
5704,OK,0.15123333333333333,9.893413415619719,216,90.47666548848656,255,6.94992394992395,14245,,,
5707,OK,0.08245300751879699,8.033739883734185,102,44.14140213943547,191,7.027198549410698,7721,,,
5708,OK,0.1819,9.664330218068535,233,78.23752869114072,250,5.565739165431828,18221,,,
5709,OK,0.10838333333333333,9.952022143626019,161,84.15279049915571,252,6.328393135725429,10256,,,
5710,OK,0.231953125,8.548164365106096,120,46.188020886312,169,7.3956216965925705,26677,,,
5711,OK,0.14033216783216784,8.359619617125535,144,70.51442526047492,227,7.179033900771134,13746,,,
5712,OK,0.18519589552238805,10.656861263620947,189,69.49345331455764,252,8.664378847906553,17921,,,
5713,OK,0.1419194756554307,6.234237206131381,97,57.168636266090516,213,5.399814448594936,13653,,,
5716,OK,0.08197565543071161,14.389301351608605,185,56.69016948000068,254,13.191254669303449,7585,,,
5717,OK,0.17329588014981273,11.603324688423024,182,65.84657349099201,221,10.870392676463503,16604,,,
5718,OK,0.3113951310861423,6.978691202854537,142,56.96084830190048,223,6.178745348219032,31350,,,
5719,OK,0.33931666666666666,9.128992910588273,237,103.38247016977373,254,7.159677107234677,36173,,,
5723,OK,0.13054166666666667,10.75639961698053,168,44.64204086196706,226,7.41341616860648,12716,,,
5725,OK,0.29411845730027547,4.82993802588239,138,58.90460905028587,238,3.8788322167175777,38957,,,
5727,OK,0.214375,14.039455782312926,210,89.13769291964996,255,10.5154746583318,21756,,,
5728,OK,0.05208916083916084,21.108407450914584,180,31.21600378700553,215,13.14071696094168,3115,,,
5729,OK,0.012902621722846442,13.585389453313981,113,81.38315215672883,208,10.530931586608443,916,,,
5732,OK,0.1515,12.06950861752842,141,91.63406665357167,230,10.525397512837964,16163,,,
5735,OK,0.23254681647940076,8.924088688462984,153,99.52589348169114,253,7.221500916659153,22182,,,
5736,OK,0.0665466926070039,16.590264581201577,246,75.48700312980891,254,6.506334550139575,4657,,,
5737,OK,0.3740823970037453,6.845339407288747,127,60.95547610499442,215,5.5753983394197055,36694,,,
5738,OK,0.30548828125,10.517454126973979,154,52.08425902490696,223,9.38500975136928,28543,,,
5739,OK,0.15931666666666666,11.714893468633399,192,52.18337265319879,222,9.240067726915402,16537,,,
5740,OK,0.1730430711610487,19.13749255992641,152,78.69501466275659,246,18.223363750452002,15671,,,
5744,OK,0.22004699248120302,5.559988040832017,107,52.55433180297316,194,4.934169757467528,21839,,,
5745,OK,0.178,12.589794007490637,118,64.71460191943768,240,11.802983092404352,19577,,,
5746,OK,0.253125,5.912625514403292,170,53.815081357508134,235,4.721978930978274,27402,,,
5747,OK,0.21713333333333334,9.724478047282776,131,55.51578245195719,231,8.798224645278536,23845,,,
5748,OK,0.037275,18.181906252328787,141,43.35696705820573,208,10.708740393382833,2559,,,
5749,OK,0.4527833333333333,13.340474350007975,188,69.50080203859937,247,12.963159849121505,51167,,,
5751,OK,0.289075,17.3801301084878,168,55.09561486795372,249,16.252866632817128,31512,,,
5752,OK,0.17369811320754716,11.758273589687885,232,75.77174194334079,255,9.53549954957786,15911,,,
5753,OK,0.27045880149812734,8.903837054988172,167,105.04946843782754,242,7.22342356772919,24972,,,
5757,OK,0.30597868217054264,16.61715805808025,218,90.69426953166813,255,15.120801100819833,28827,,,
5759,OK,0.3684831460674157,8.88569565143738,238,120.68052960887228,255,7.983482307616142,37031,,,
5762,OK,0.27928838951310864,15.010348218675965,194,55.50604981898179,245,14.059653965832455,27531,,,
5763,OK,0.026895910780669146,12.118521078092606,127,57.29923786602487,253,9.356239773910456,2241,,,
5764,OK,0.13941509433962265,12.777890558036722,182,61.537494610218296,255,11.431564797975804,12647,,,
5765,OK,0.10310833333333333,8.910288531479836,138,38.98892780931674,244,8.055540705099647,11223,,,
5766,OK,0.15764925373134328,8.699763313609468,122,63.65012550756737,240,7.452803035258716,15287,,,
5767,OK,0.2293125,13.971736167893159,164,65.7010137052956,250,13.34190966266438,34397,,,
5768,OK,0.4753409090909091,5.674984828702256,154,59.55072391329701,238,5.112931999895825,51196,,,
5769,OK,0.305561797752809,7.544166615595187,178,51.29761615834749,215,6.440382621492358,29899,,,
5770,OK,0.14938333333333334,6.021960653055153,108,45.32592367628714,254,5.807043020511889,16527,,,
5771,OK,0.131,8.402332485156913,113,57.72956463367856,234,7.316361707769822,13827,,,
5772,OK,0.11420833333333333,8.605788641614982,115,77.40598021230224,231,7.397492146029682,12308,,,
5773,OK,0.13925,8.28493915818871,96,71.3778842740504,242,7.410616960976673,15290,,,
5775,OK,0.10879166666666666,17.115026171326438,238,72.55888852525442,255,14.506122330547818,11488,,,
5776,OK,0.09797574626865671,9.223237805071566,94,49.79930435621925,192,7.487173983041751,9317,,,
5777,OK,0.2528712871287129,8.323267423649177,174,68.44317077480343,242,6.823501461988304,18240,,,
5778,OK,0.154125,13.087549649593445,157,41.636077040539874,209,10.37483311081442,11984,,,
5780,OK,0.0343,17.140751538710724,193,60.31705268486878,226,10.190363349131122,2532,,,
5781,OK,0.22110486891385767,12.558030546850738,212,140.25207767332645,255,11.270028409090909,21120,,,
5782,OK,0.29893122676579925,13.668418052748848,194,49.64582753363823,254,11.98073087334378,28076,,,
5783,OK,0.15246666666666667,8.1276235242676,98,47.416433965232436,180,7.4846709388668495,16385,,,
5784,OK,0.09014044943820225,6.69762127350161,149,54.91644798452245,249,6.4135064736076,8702,,,
5788,OK,0.048025,16.19035224709353,184,62.18575125980782,244,11.838426413768879,4745,,,
5789,OK,0.09995,15.119948863320548,252,69.48459653476041,253,13.04215153866046,10312,,,
5790,OK,0.391325,12.371359412821114,151,51.06656991735235,237,11.737625420606282,43786,,,
5791,OK,0.14074166666666665,4.8874415299899345,111,65.42782696964113,215,4.126653395266534,15070,,,
5792,OK,0.32609166666666667,11.520158782891654,224,71.34956534642447,249,10.66275867710009,36677,,,
5793,OK,0.09985955056179775,11.815252383184873,183,118.06921169882631,255,8.211633861417827,8332,,,
5794,OK,0.15661985018726593,14.321874813176303,205,45.1246877532668,232,10.886694144179174,12859,,,
5795,OK,0.26216666666666666,13.682125450307268,214,77.72231006701303,251,11.253106652739257,27763,,,
5796,OK,0.30523333333333336,18.379036074405736,216,125.5795950678885,255,17.004302226451752,33626,,,
5797,OK,0.4351833333333333,9.759411742177626,189,62.12813400611801,225,9.156696131929202,49663,,,
5798,OK,0.2302808988764045,7.750806429752514,186,44.22502818123576,239,6.818067846607669,22600,,,
5799,OK,0.2849436090225564,11.612804274688305,193,86.59120860825601,255,10.47674016892415,27981,,,
5800,OK,0.1514325842696629,8.444073455759598,117,63.212640824478356,254,7.75204378082562,14801,,,
5801,OK,0.17094924812030074,7.861051551303902,167,60.68461605317553,253,6.690714678162377,15774,,,
5803,OK,0.391390977443609,15.913232798642461,174,83.98799081680977,218,15.186474075597134,38908,,,
5804,OK,0.42332167832167833,7.907360755485807,141,68.62290062450737,254,7.272941176470588,45900,,,
5805,OK,0.2101498127340824,9.771312303213925,224,80.31434239018762,255,8.997144827807452,20781,,,
5806,OK,0.391175,7.467033084084276,114,51.79088134247663,235,7.340052367838924,44302,,,
5807,OK,0.023842592592592592,13.414609338881183,199,61.89205822238784,229,10.162745098039215,2720,,,
5808,OK,0.17867041198501873,9.270953429060546,159,84.99909558661469,253,8.378633968463866,16637,,,
5809,OK,0.2188,11.403323684745073,189,74.51753712237583,253,9.9852759009009,23680,,,
5811,OK,0.06678700361010831,13.136441441441441,230,41.61688265635074,253,10.772379454926625,6360,,,
5812,OK,0.37937710437710437,8.199526662229125,179,57.64510601745106,225,7.441968976928747,42506,,,
5814,OK,0.1561048689138577,11.900931701855406,191,71.22253535712173,255,10.57380351529641,15058,,,
5815,OK,0.13938202247191012,9.190962425545255,150,68.24695911395435,255,5.901759007711095,12147,,,
5816,OK,0.44504166666666667,5.882851168742003,172,65.67345396301023,241,4.722524202507539,50408,,,
5817,OK,0.42271235521235523,11.221047503786755,221,50.51726943891741,248,9.87039362924561,37421,,,
5818,OK,0.11105182926829268,17.845710363761153,209,76.901883449084,240,9.207947927372388,4865,,,
5820,OK,0.11007462686567164,15.924689265536724,208,77.88800489168413,232,11.806125521572676,7749,,,
5821,OK,0.432875,9.770308338948247,116,52.22780594127299,193,9.381956709245491,48694,,,
5822,OK,0.09036654135338346,18.18290864967932,223,56.470493017168636,254,13.545985807708362,7187,,,
5823,OK,0.04305,19.703574654794167,237,42.46708872517431,237,11.662087387903071,3494,,,
5824,OK,0.0926,14.00800935925126,229,72.61631523522641,255,10.815148996794491,8423,,,
5825,OK,0.18083333333333335,7.625606758832565,89,53.218080705323835,179,6.956503078624606,20193,,,
5826,OK,0.0797940074906367,10.190956739419542,156,56.79307339045022,242,7.291573926868044,6290,,,
5829,OK,0.11898333333333333,9.043633562123548,162,70.98199996216492,254,8.330987750847015,12790,,,
5831,OK,0.15585205992509363,13.800740963252228,201,58.224295195311775,229,10.645942441019502,13366,,,
5832,OK,0.0844589552238806,13.349458802739122,143,56.19619070907967,236,10.413450373879522,7177,,,
5833,OK,0.026366666666666667,9.897387273493468,185,66.11705866913167,229,7.84217471628398,2526,,,
5834,OK,0.17305037313432836,18.61177295024527,236,68.40060989595672,254,13.021841958820255,14376,,,
5835,OK,0.20948550724637682,12.383306236812066,140,86.70333941388382,238,11.379060197866247,26651,,,
5837,OK,0.16229166666666667,11.032503209242618,130,72.10732321976292,243,9.773560926012827,17048,,,
5839,OK,0.13909166666666667,5.600203702594213,135,96.5968695854185,236,4.480448598130841,13375,,,
5840,OK,0.04900749063670412,14.737294612151318,198,72.57250786024194,254,9.778716504522956,3906,,,
5843,OK,0.3959,9.31359630658696,145,71.6709843844838,255,8.598610388925312,44233,,,
5846,OK,0.13407303370786516,14.82277626463673,181,134.77341652159183,245,12.553133366114844,12202,,,
5848,OK,0.2917666666666667,7.729559389161811,127,89.17151048775513,252,6.452970401246263,31668,,,
5850,OK,0.07555243445692884,11.949064320237948,112,68.55936500862613,220,9.678760033798056,6312,,,
5851,OK,0.2203558052434457,9.469505113169598,201,95.55280266455296,246,7.673048136768298,21155,,,
5854,OK,0.17319029850746268,13.237728464217746,138,50.75899015426736,206,11.522581189016037,15817,,,
5855,OK,0.17686666666666667,14.205380701093102,185,72.42746888582921,255,12.788455837474933,19115,,,
5856,OK,0.2516111111111111,7.409435489806433,124,32.93610471877861,176,6.430895083790008,20985,,,
5857,OK,0.2713583333333333,11.689555630623714,124,51.318202439089475,206,11.281440261865793,30550,,,
5859,OK,0.06112359550561798,12.943065767973856,203,86.63412850380298,253,8.41729601658522,4502,,,
5863,OK,0.17274166666666665,10.124238184829627,174,48.328538378109755,253,7.96751011534513,16559,,,
5864,OK,0.33318333333333333,8.714329781735113,112,52.80089063294092,190,8.020755809145786,36279,,,
5865,OK,0.254925,13.41978577577283,240,101.88219306781197,255,9.79339632990143,21271,,,
5866,OK,0.15640833333333334,12.094535315324915,179,80.11611067755925,254,10.285545289522528,16343,,,
5868,OK,0.150817843866171,6.910545559115931,109,57.76798508660567,241,5.973120116631359,14633,,,
5870,OK,0.19828337874659402,16.46546195776648,165,118.12604651689722,255,16.080247813411077,27440,,,
5873,OK,0.17030833333333334,9.323074162874525,197,90.36345161689918,254,7.044928877067191,17294,,,
5875,OK,0.23383333333333334,14.123105250653362,206,82.55448118338046,255,12.914617217988004,25454,,,
5878,OK,0.05003333333333333,15.858705307572729,229,75.51431044364129,248,9.64178392559027,4193,,,
5880,OK,0.17184865900383142,8.717369897627409,194,80.2889924704195,243,7.402882437718756,16190,,,
5882,OK,0.25187732342007435,10.691117506703073,176,60.035040208038296,251,8.988456356803518,23505,,,
5883,OK,0.009135687732342008,28.37368599525263,224,49.876017270541595,222,16.434343434343436,297,,,
5884,OK,0.012677902621722846,37.55145248645987,193,55.99578931396165,238,19.22247882986913,433,,,
5885,OK,0.007172284644194757,34.75282854656223,193,56.19790821811872,217,10.626900584795322,285,,,
5886,OK,0.08615625,11.637093459073872,109,55.336983209657014,230,10.556908492279746,11744,,,
5887,OK,0.14399166666666666,14.924783455832706,173,60.29719012340872,247,12.539689255576711,14181,,,
5889,OK,0.09204119850187266,10.616853170566294,189,48.61098965315733,255,8.094072930276756,8419,,,
5890,OK,0.0683,12.033146250203352,166,78.03359152326094,255,10.265581160020238,7247,,,
5891,OK,0.06723110465116279,14.586170864411054,182,46.209343274976824,236,13.09746514575412,7890,,,
5892,OK,0.3111873156342183,6.685917640274585,148,40.46551681066632,254,6.050337316309734,39083,,,
5896,OK,0.38135,15.10797167955946,191,77.22620041847392,255,14.051743395493396,41184,,,
5897,OK,0.12078947368421053,14.691721132897603,217,82.33526816892575,255,13.362508986340762,11128,,,
5898,OK,0.034866666666666664,24.282664117272148,208,67.38788250328106,254,12.505461393596986,2655,,,
5899,OK,0.18557116104868915,12.271322131960913,193,77.28031792383777,255,11.068862718957153,18002,,,
5900,OK,0.17836142322097379,9.988695819553083,130,44.83752131979502,208,6.8324851864761245,14345,,,
5901,OK,0.21309335443037974,11.027844811583442,203,66.1180582784564,255,8.623655913978494,22661,,,
5902,OK,0.435775,9.59769631371949,208,67.7857483962761,254,9.157127070352026,50072,,,
5903,OK,0.2009609375,7.334577356192253,132,63.20641330243684,189,6.546019954217596,23153,,,
5904,OK,0.13257407407407407,13.710713786841737,247,74.57915074400631,251,11.41357730045081,12570,,,
5907,OK,0.20449166666666665,14.575981091324016,175,51.67088130231194,228,12.947672842295527,22130,,,
5909,OK,0.08970833333333333,15.138442483356556,225,61.537568850032805,241,13.616067045374852,9506,,,
5910,OK,0.23747685185185186,11.867216861075912,243,73.62190313321123,255,9.08161868177842,26293,,,
5913,OK,0.3531346153846154,8.326580624081032,167,40.88700934486825,219,7.390369304556355,34750,,,
5916,OK,0.11318333333333333,15.088892161193737,185,53.44439223940812,230,11.847805618830677,10975,,,
5917,OK,0.155875,10.707903412634767,151,44.90607302104414,247,9.25498024537326,16030,,,
5919,OK,0.21967105263157893,9.269399164277871,144,51.88343550893083,216,7.782961920020715,20597,,,
5921,OK,0.047265917602996255,9.595549392498679,148,46.26822077207328,255,6.9290763052208835,4150,,,
5922,OK,0.17594166666666666,16.198834841093166,200,95.35725963304917,255,14.17054590876304,18947,,,
5924,OK,0.16360197368421053,9.97237022887973,133,49.20474046106752,247,9.230789434188804,17768,,,
5927,OK,0.20286516853932585,8.845179851687744,168,61.239442134360736,240,7.183144851267122,17862,,,
5928,OK,0.06640833333333333,21.966620655038273,236,102.71147569273981,255,15.78242924528302,5088,,,
5932,OK,0.2294375,10.163597566512303,152,62.21804958498932,254,9.251523217982845,33810,,,
5933,OK,0.18716875,14.18506027314923,216,79.42298652600607,255,13.019909049900638,27341,,,
5935,OK,0.14702970297029702,11.104115226337449,154,75.94908428451667,255,10.329463620561212,16108,,,
5936,OK,0.101325,12.405029196479974,181,76.72571192774548,255,10.385131182215021,14814,,,
5937,OK,0.2685659509202454,14.54017113541399,197,87.5393325574812,243,12.385943585241215,29614,,,
5938,OK,0.08408239700374531,13.965219005196733,193,58.239862332174745,246,12.076383373047392,7554,,,
5939,OK,0.048766666666666666,11.768512189564822,135,58.60991578185046,254,9.607093046423591,5019,,,
5941,OK,0.3185553892215569,10.945017505110552,177,74.91436092895874,242,10.274379784428685,39059,,,
5943,OK,0.07042,15.957256461232605,144,39.35934866642283,250,14.289931440874836,5883,,,
5944,OK,0.015823970037453183,17.539447731755423,125,60.12911552976247,231,15.326609775019396,1289,,,
5945,OK,0.11425833333333334,14.502005688862956,214,57.72698021432133,255,11.500744170663138,12094,,,
5946,OK,0.14579588014981273,17.552822554749213,218,63.475532268613414,240,15.218505883516267,13484,,,
5947,OK,0.32285833333333336,7.73652874927944,163,72.98118726181539,254,6.987042135775882,36683,,,
5949,OK,0.32363333333333333,7.2324904727572354,134,50.67493798564224,213,6.227808934442081,36197,,,
5950,OK,0.21370786516853932,10.592066830237178,181,42.46203677241117,216,9.024952077191966,20693,,,
5954,OK,0.2871082089552239,12.14946823488639,136,56.17149075746077,183,10.860024486205708,28043,,,
5955,OK,0.14361666666666667,12.264844686859309,247,81.79168531745259,255,9.659086479111169,15391,,,
5956,OK,0.2794288389513109,10.096091769147428,169,56.35763261734908,227,7.567872560983611,25403,,,
5957,OK,0.2406478102189781,11.665870458135862,186,79.83720036046861,254,10.027468725783239,24088,,,
5958,OK,0.19399166666666667,13.01440497157667,132,39.67127442161819,196,11.632637540453075,20600,,,
5959,OK,0.42275306748466257,10.946160683512616,201,73.05131986236765,254,10.15163783818032,52610,,,
5960,OK,0.3343632958801498,6.165061140670214,201,109.90294462418531,255,4.791393395466574,31867,,,
5962,OK,0.26169475655430713,9.839302539148688,216,71.41863768373261,255,8.180964592432318,24957,,,
5964,OK,0.09824444444444444,13.829714242629873,145,71.04490417868027,231,12.42896620458458,7358,,,
5965,OK,0.2835167910447761,10.753868763640751,213,66.41895052968262,240,9.163747116493656,27744,,,
5966,OK,0.03868081180811808,16.896096669051595,208,86.53169812648542,236,9.311197916666666,2816,,,
5967,OK,0.13309479553903344,13.931825058771501,197,56.44648491800584,247,11.557471727509602,12409,,,
5968,OK,0.08027397260273973,12.458816837315132,184,86.70720137027108,241,10.404912144451995,10301,,,
5969,OK,0.17146551724137932,14.449761567408625,163,52.91226277970633,236,12.131094315520546,18788,,,
5970,OK,0.18520358306188925,10.008105057966555,144,47.924206535608036,197,9.087019660411082,20888,,,
5972,OK,0.02489655172413793,22.649699907663898,231,63.0784826838296,237,8.120359955005624,1778,,,
5974,OK,0.2622201492537313,13.351013874066169,199,91.07576600497323,242,11.85988111934816,24955,,,
5975,OK,0.10542253521126761,16.465848363393455,237,69.82059356057624,250,11.497517885822749,9132,,,
5976,OK,0.08948333333333333,15.777425963866643,219,81.21639423282264,255,13.004109491137793,9328,,,
5977,OK,0.36096666666666666,4.135169452396343,101,81.79021264757533,233,3.4355156773811872,40568,,,
5979,OK,0.17591609589041096,13.687788971626029,247,63.376241086857895,252,10.637563530252962,17249,,,
5980,OK,0.10786516853932585,13.612702546296296,217,36.66775118947663,247,10.28688634384837,9954,,,
5985,OK,0.31146875,18.14170763519615,177,56.23181893825928,254,17.581084237572462,47093,,,
5986,OK,0.124825,9.342501724636714,161,61.61441045124308,254,7.053857463437282,12923,,,
5989,OK,0.04766355140186916,22.123202614379085,208,65.35904481517828,255,16.681928342175937,5089,,,
5990,OK,0.2791,11.430042995342172,143,69.43859816433162,255,11.184551567991349,39456,,,
5991,OK,0.1567,6.590424023257463,101,63.394561049843865,199,5.399590545319189,16119,,,
5992,OK,0.0333,18.385885885885887,138,59.96687183200579,247,12.21808593144098,2149,,,
5993,OK,0.34336666666666665,9.92451380124907,159,65.68733607458924,222,9.102289537964014,38756,,,
5995,OK,0.18590823970037454,9.114043481910517,122,70.34966933118638,225,7.843037550290568,17896,,,
5996,OK,0.2786166666666667,10.160086538653267,157,51.632738796602204,235,7.479273300622448,28329,,,
5997,OK,0.21788888888888888,7.812269816986798,137,91.50782939495825,254,7.0750768665963015,21791,,,
5998,OK,0.05653333333333333,16.994693396226417,230,83.86712714339552,252,12.646414995412243,5086,,,
5999,OK,0.18219166666666667,11.192928692311211,239,61.90000373627344,251,9.553808045333469,19647,,,
6000,OK,0.07336666666666666,13.620475541420566,149,54.87543616676859,236,11.682550395968322,7408,,,
6001,OK,0.15766037735849056,11.214855592787618,203,81.45781068004659,252,9.699370329215418,15299,,,
6002,OK,0.15598909657320872,12.494333216835589,161,56.53710863607423,231,11.36009975062344,18045,,,
6003,OK,0.4309264305177112,6.772847507640425,187,74.59900646396936,214,5.531748306775707,59305,,,
6006,OK,0.137425,12.345218604087078,126,50.834603754262915,220,11.285438808915197,14866,,,
6007,OK,0.08654494382022472,10.44339860795557,183,74.36376340669216,251,8.47996935694651,7397,,,
6008,OK,0.1452621722846442,11.787353358257057,127,99.0351313454418,205,11.084310920362423,13980,,,
6009,OK,0.14935393258426966,12.49344868660272,163,73.4021177998657,250,9.93916103822167,12881,,,
6010,OK,0.2519888888888889,6.9006863912283025,174,51.290171962191096,254,5.693820672081542,20930,,,
6011,OK,0.056753731343283584,17.601906640368178,244,102.56245961733718,255,11.309325246398787,3957,,,
6012,OK,0.2788679245283019,21.079454217410916,225,40.95154805511948,230,18.77755556444409,25001,,,
6013,OK,0.18231818181818182,12.531372060167872,182,96.0509237126392,250,10.665377689318548,17585,,,
6014,OK,0.3501,5.897570391143656,152,63.20823250197,249,4.75527728427608,34898,,,
6016,OK,0.192925,4.510575497098757,131,53.785690439068375,253,3.903665774825476,21678,,,
6017,OK,0.04818783068783069,13.228200201299295,237,86.71680309073474,254,7.94768115942029,2300,,,
6019,OK,0.1519194756554307,8.238418079096045,176,92.48248044898335,242,7.1496958722199,14358,,,
6020,OK,0.1725546875,8.591026395617332,210,82.24822259779253,250,7.020511750799611,19176,,,
6021,OK,0.2347159090909091,8.493437155383415,148,60.43604655958951,237,6.677231860386409,22653,,,
6022,OK,0.22896666666666668,15.84387586742369,201,80.70005620163417,255,14.054017916833802,22437,,,
6023,OK,0.1373529411764706,17.63684421841542,242,98.04615936470053,251,14.188801586696163,13109,,,
6024,OK,0.2856741573033708,10.229815361083798,160,66.21532310918862,223,9.221597340124505,28272,,,
6027,OK,0.24724650349650348,10.468127983029875,194,113.64863264239679,247,7.878344889037396,23942,,,
6028,OK,0.17172340425531915,16.617953165654814,167,89.69086456540539,235,15.832172851913,13931,,,
6030,OK,0.043541666666666666,25.750047846889952,213,99.01865388804183,248,14.801601529819528,2789,,,
6031,OK,0.09086666666666667,19.595255563707507,212,88.21132458263058,243,11.185861043525277,4932,,,
6033,OK,0.268318345323741,5.953882763012367,162,76.60087099377687,213,4.970443224560333,26232,,,
6035,OK,0.29255,12.94671376212993,176,48.69565183248129,194,12.063815427426304,32103,,,
6036,OK,0.40765917602996254,10.976564533664078,214,59.22354652081818,251,9.460811730027965,39693,,,
6037,OK,0.15203358208955223,13.01728228412484,153,54.53467103767427,247,10.947963318404778,14067,,,
6038,OK,0.14772340425531916,11.98079600556916,127,68.14516397466943,254,10.944323232323232,12375,,,
6039,OK,0.17151685393258426,6.073607016777669,87,53.21364797359915,196,5.30753046723036,16794,,,
6040,OK,0.09356741573033708,6.777744421094766,102,41.04164988069044,194,5.995049873455412,8956,,,
6041,OK,0.09930625,19.461367403025154,197,101.66003289131295,254,17.755486272235114,13792,,,
6043,OK,0.06508333333333334,19.442936406316687,182,58.14625783640847,254,13.970837815226485,5578,,,
6044,OK,0.14265917602996256,15.555395116828564,184,91.59703595299463,251,12.238535969709718,11885,,,
6045,OK,0.1772721518987342,9.144620181608293,194,68.94075487277324,249,8.028595469255663,25750,,,
6047,OK,0.23937265917602996,5.956085794380337,124,54.997439527297345,248,5.052976216231809,23111,,,
6049,OK,0.07899,19.985483394522515,225,70.29163273652476,255,16.782047535554256,6844,,,
6050,OK,0.08987873134328359,7.257844663553018,110,67.57280445514955,236,5.823592557251908,8384,,,
6051,OK,0.2002232142857143,12.924548494983277,124,42.93416689924644,197,11.68765253772974,20077,,,
6053,OK,0.14649166666666666,11.027494927659896,192,109.84003606031315,255,9.896224828687938,15858,,,
6055,OK,0.21767790262172285,12.499340445056205,211,67.99460615345333,245,10.74458413926499,20680,,,
6056,OK,0.052100371747211896,14.575990010702819,249,94.73115412017701,254,11.137901664730933,4305,,,
6057,OK,0.04985833333333333,10.096384199676862,194,70.39618068650582,255,7.670630279402209,5130,,,
6058,OK,0.23469166666666666,11.322219460521488,117,44.017763356091045,230,10.688055395268321,25995,,,
6059,OK,0.5437881355932204,9.086254097381312,141,56.48382962123605,223,8.2956423616873,60262,,,
6060,OK,0.3651,5.755901087864934,134,48.26467725585697,244,4.857967472176106,43368,,,
6061,OK,0.0852808988764045,10.149502269067487,133,33.283206403799696,172,6.159582872491705,6329,,,
6062,OK,0.11159176029962546,9.216535212843318,177,93.95157142556018,255,7.562623879188297,10595,,,
6063,OK,0.22178299492385786,9.845554506527813,251,87.70223486917739,255,7.802235917128612,32291,,,
6064,OK,0.18147003745318352,10.999191648177769,132,78.122086350412,252,9.176711398674016,16692,,,
6065,OK,0.08570205479452055,11.007092907092908,156,78.37448575085058,225,9.168962787015044,8420,,,
6067,OK,0.25919172932330825,7.432264848792515,138,53.80380688978542,171,6.723538704581359,25320,,,
6069,OK,0.20176666666666668,12.18566551021532,158,73.84279868041926,241,10.93564882252974,21968,,,
6070,OK,0.010407801418439716,30.553094832481545,209,105.56851748995156,255,16.325953259532596,542,,,
6072,OK,0.17750936329588016,15.472254457221226,168,74.5785311506265,221,14.466992042024383,17006,,,
6073,OK,0.18237827715355806,14.216894273881644,204,83.40173152241131,220,11.325627183232772,15745,,,
6074,OK,0.10154494382022472,23.880559397571847,237,115.39226026088618,252,21.409347774899928,8494,,,
6075,OK,0.21603125,10.467119918993202,205,65.08856379798301,254,9.20472712454155,31901,,,
6077,OK,0.082325,12.669534703242569,169,64.09614878179457,209,10.805191768007484,8552,,,
6078,OK,0.25165,15.786365542971941,210,62.39471652450205,230,14.294235989916618,27504,,,
6079,OK,0.06200833333333333,11.26940823366035,176,47.92007450907228,229,9.284537185660781,6230,,,
6081,OK,0.4383,8.15231196288691,154,55.65930310762962,239,7.545510972288963,49944,,,
6083,OK,0.2588416666666667,6.900335898178852,117,66.44198083330522,205,5.330123337901404,26999,,,
6084,OK,0.351925,7.873473672578595,165,50.634888794592534,232,6.884119991608978,39725,,,
6085,OK,0.02936329588014981,17.93356717687075,189,150.55752237999693,255,12.11652101539742,2403,,,
6088,OK,0.26641875,21.90335546328227,181,56.800002271959194,255,21.67935658165415,40347,,,
6089,OK,0.17510299625468165,7.912357627934335,136,37.19140588050564,235,6.503898696275965,16031,,,
6090,OK,0.24044776119402986,10.819741878750259,215,65.50508858976879,238,8.85563309762598,21637,,,
6091,OK,0.06423507462686567,16.8494045890212,245,74.4869376823441,253,14.685621898868261,5979,,,
6095,OK,0.23545275590551182,21.15766518964412,207,66.42312280611412,244,19.739827259710868,21651,,,
6098,OK,0.029812734082397003,8.905569514237856,85,59.81343293185094,251,5.987374903772133,2165,,,
6100,OK,0.10472014925373134,12.426064493140922,124,51.51111759434847,204,10.976920166477488,9691,,,
6101,OK,0.189425,10.784244717199712,185,104.72308409325342,255,9.438150381986329,20725,,,
6103,OK,0.1115,12.934379671150971,195,78.41207403238917,247,10.600959947037405,12084,,,
6104,OK,0.05233082706766917,10.562619731800766,141,51.34771038294721,210,9.205283236162096,4631,,,
6105,OK,0.03370300751879699,11.58997955010225,203,94.75356144753309,252,7.796334012219959,2946,,,
6106,OK,0.2924052478134111,11.205576881532812,216,65.49172864176676,246,8.938256036616693,35685,,,
6107,OK,0.02296078431372549,17.81725021349274,181,48.176092235445225,228,10.907630522088354,1577,,,
6108,OK,0.2150845864661654,13.222503823465152,196,84.73979125506396,254,11.807872020274017,21045,,,
6109,OK,0.2232303370786517,9.472729052193001,156,55.385371086922454,243,8.594538709481238,21924,,,
6110,OK,0.06791666666666667,16.02478527607362,168,40.09957979436746,224,10.949789289752287,6486,,,
6111,OK,0.29505555555555557,10.8446745747819,179,63.244789450179944,234,9.745024102542853,24133,,,
6113,OK,0.3545111111111111,8.313629620343091,147,76.30882707336386,255,7.587731137805372,29636,,,
6114,OK,0.14855,12.1141777927372,161,61.82418880210882,228,11.013515694343582,16524,,,
6116,OK,0.16857954545454545,10.22018125304273,150,39.29016985960197,216,8.780103422802265,16244,,,
6117,OK,0.2939083333333333,7.958953566399199,181,74.67807138670223,251,6.885637091119086,32324,,,
6118,OK,0.15343333333333334,16.027391556231443,202,87.93862792193303,255,12.500115007423206,15941,,,
6119,OK,0.39248333333333335,11.404497006242304,160,80.09809058736386,244,10.184167645906776,42550,,,
6120,OK,0.3368632958801498,12.154543180365234,209,57.98663334415844,252,10.688846059716104,32688,,,
6121,OK,0.4427583333333333,9.417395996060053,172,48.58406237070491,255,8.75995580344442,50381,,,
6122,OK,0.28646666666666665,10.384890621363741,199,91.83954654458252,246,8.750840419220882,30342,,,
6123,OK,0.030366666666666667,19.252561287961946,196,77.3140677461125,255,13.581931236283832,2734,,,
6124,OK,0.015,19.86045751633987,172,55.35555638499054,233,13.085075493612079,1148,,,
6125,OK,0.0067,22.68407960199005,161,57.292163047977,255,17.095238095238095,406,,,
6126,OK,0.13855805243445693,7.499572014236158,104,49.63563835568792,189,6.53343669250646,12900,,,
6127,OK,0.22380149812734082,14.889158508353555,214,57.56440042783501,235,13.26085516980418,21142,,,
6128,OK,0.11978544776119403,15.323572930457129,167,82.73079762750065,245,12.623089576790788,11145,,,
6130,OK,0.14465355805243446,12.810300558827972,211,86.92868532729071,235,10.833862204913698,13866,,,
6131,OK,0.2452890625,14.759796583537705,156,62.60138919081188,255,14.392436772931609,29141,,,
6132,OK,0.26866666666666666,8.650403225806452,172,76.3837967183227,225,6.516595506760191,26232,,,
6133,OK,0.05963333333333334,24.3236444941308,212,83.50864615457327,251,22.20712443584784,6204,,,
6134,OK,0.12395833333333334,10.782655462184874,168,62.10023939754261,224,9.400193060001016,13122,,,
6135,OK,0.054095149253731344,10.659883888026672,182,88.60751866352403,245,6.996233120113717,4690,,,
6136,OK,0.30305,5.997607655502392,87,53.701975273214245,244,5.299296790300281,33513,,,
6137,OK,0.11974166666666666,12.155009627206718,175,67.18042683176971,254,9.253845945872873,12329,,,
6138,OK,0.14604166666666665,9.549367570137898,175,63.24305115068716,221,6.7884629165173775,13955,,,
6139,OK,0.2654793233082707,8.161303265243507,93,48.83088727666671,198,7.642101314291628,25768,,,
6140,OK,0.15082089552238806,16.72552779152235,204,76.07743064709845,242,14.730087269704946,14438,,,
6143,OK,0.13850187265917602,15.850144222102037,178,64.77913514766831,233,13.373123909249564,12415,,,
6144,OK,0.30886274509803924,12.6026218892839,234,84.67233601906491,253,11.05350967594183,29110,,,
6146,OK,0.2169943820224719,14.239395900755124,179,54.43534030891878,255,11.858282528005912,19847,,,
6147,OK,0.22070833333333334,9.75352086086464,170,79.77423586233938,251,8.307273942162759,21451,,,
6148,OK,0.3132,9.998474528168014,149,74.97641639163916,255,9.313594950883086,32745,,,
6149,OK,0.3665261044176707,10.560839314085356,181,95.14942255470673,232,9.796109262585516,33961,,,
6150,OK,0.21995,8.578780530928746,178,67.49399611136039,223,7.617927964386888,24710,,,
6151,OK,0.2442691029900332,11.186943216592995,216,80.71063486830055,255,10.331353653070373,26772,,,
6152,OK,0.1122003745318352,9.37464185373724,172,74.96378286594177,254,7.197629629629629,10125,,,
6153,OK,0.269175,9.016170809985242,162,76.38722600409734,215,7.227682344678167,28001,,,
6154,OK,0.20093416370106762,12.1462475094089,135,37.09963072241088,222,10.849445943423442,19643,,,
6155,OK,0.3053571428571429,7.576813378475428,170,62.91831957786497,191,6.3879984926071245,30074,,,
6156,OK,0.13066479400749065,11.18858234802341,192,93.36850665086973,254,8.225259588895952,11011,,,
6157,OK,0.23749166666666666,11.353345731429172,170,52.68757354200136,250,9.795103917649671,25517,,,
6158,OK,0.2927729257641921,10.324794292390683,217,73.27941403476274,254,9.002049653187822,24557,,,
6159,OK,0.006658333333333333,21.785565289945765,128,60.61506754697248,188,15.661347517730496,376,,,
6160,OK,0.15993333333333334,11.259118382659441,122,68.55911237203397,191,10.691381746256004,17695,,,
6161,OK,0.02390267175572519,35.85921490352628,212,71.33160304348534,230,21.002651515151516,880,,,
6162,OK,0.15200833333333333,9.633883376276886,162,62.33712005817667,252,8.158031196420357,15942,,,
6163,OK,0.04938818565400844,21.81845365228535,198,106.07139528174172,234,12.84358680422876,2617,,,
6164,OK,0.11599250936329589,5.75522010547842,134,69.78493200016948,239,4.244535780284203,10462,,,
6165,OK,0.11926646706586827,9.824358813438769,120,68.74750848446733,255,8.523434201266713,14210,,,
6168,OK,0.13883458646616542,18.014148388843758,187,48.998693994557705,232,15.687214611872147,12556,,,
6169,OK,0.27668233082706767,13.63270944438783,180,51.165984502973366,247,12.050350804787454,26653,,,
6173,OK,0.2149625468164794,4.37599093997735,98,50.343057974125934,217,3.856423766288752,21257,,,
6176,OK,0.17929775280898877,10.41175344230334,225,94.63788585792898,247,8.662333642835035,17232,,,
6179,OK,0.177825,10.687364293859444,171,83.4699864519246,255,7.346241637150728,16940,,,
6180,OK,0.2348828125,12.714662675314596,192,81.40581678324058,254,11.362911992736743,27903,,,
6182,OK,0.13495567375886525,10.6049836869649,168,47.62435819916579,246,8.176529488334836,13316,,,
6183,OK,0.011491666666666667,10.819917814841673,207,54.12183059210989,236,6.504040404040404,660,,,
6184,OK,0.12422284644194756,11.550337931207759,159,114.25293390211654,251,9.866824894514767,11376,,,
6185,OK,0.1734176029962547,11.652880514011123,155,55.94994657090965,209,8.839501152229904,14754,,,
6189,OK,0.2981554307116105,13.819018308576453,195,43.33524554077671,222,11.066721224069735,26883,,,
6192,OK,0.07074166666666666,10.99611261632701,112,39.5912391303698,225,9.225364663946344,7107,,,
6194,OK,0.343185618729097,8.37972144394364,200,67.88870218318375,250,7.575468930648307,38634,,,
6195,OK,0.022175,15.8452962545409,161,53.30408758667905,225,12.226786027733896,1899,,,
6196,OK,0.05263345195729537,8.278735632183908,106,82.02991059689718,223,6.601286800545916,5129,,,
6199,OK,0.031170411985018725,16.682186842895764,162,90.73310396149645,242,12.726488225830042,2279,,,
6201,OK,0.25043887147335425,11.785517586681687,197,89.25740245075488,255,10.815123538788523,30112,,,
6202,OK,0.12281666666666667,8.181300040711086,107,55.27163648800137,236,6.883381262297563,13214,,,
6203,OK,0.14861702127659573,11.506251491290861,147,65.81765587904536,241,9.649157104405724,11765,,,
6204,OK,0.23343333333333333,8.75618782426579,154,92.90419040164659,215,7.743444611297216,25971,,,
6205,OK,0.43062865497076025,7.559452271827081,137,61.906624727179356,226,7.074150779742623,56493,,,
6206,OK,0.09554166666666666,19.557959005669428,214,67.31149091690853,251,17.45708775313404,10370,,,
6208,OK,0.03292222222222222,21.074474069074135,196,136.5723849244191,255,17.362820512820512,1560,,,
6209,OK,0.07602611940298508,11.456687116564417,171,42.36703011946828,238,9.455947973037121,7022,,,
6210,OK,0.19058333333333333,12.068838361754846,170,72.15031744397542,241,11.02398798228969,21080,,,
6211,OK,0.2892696629213483,6.801849334282816,118,86.08551366163412,255,5.864252051167939,29211,,,
6212,OK,0.09107677902621723,10.171858401014358,183,105.27209763099248,247,6.9526122341822,7618,,,
6213,OK,0.14321161048689138,12.639468235806909,219,88.16725133417117,253,9.867911376649241,13390,,,
6214,OK,0.15060833333333334,12.432099448532803,237,148.3640677478326,246,11.020161825175753,15078,,,
6215,OK,0.11539867109634551,10.853677846552468,146,75.79320100901984,255,9.77839614141093,12578,,,
6216,OK,0.24048333333333333,20.986785871046735,206,78.58873333187042,240,19.98462401795735,26730,,,
6217,OK,0.25866721854304636,10.912162234241153,154,49.281512996028425,244,10.18610413053481,28253,,,
6218,OK,0.3372862453531599,11.673445020022779,198,68.35829546941905,236,10.640345895972185,33459,,,
6219,OK,0.089525,15.417263954823296,185,89.62194336899847,233,12.596595604032391,8068,,,
6220,OK,0.175775,12.88819355552395,193,72.23768118872611,255,11.184666204912356,18769,,,
6221,OK,0.1364,13.740224828934506,164,43.25563532499614,244,11.381267217630853,10890,,,
6222,OK,0.22226829268292683,9.050952851238158,142,70.7836474634386,251,7.86241195217506,16421,,,
6223,OK,0.1822777777777778,11.950137153306919,182,90.6003623434563,255,10.471000680735195,14690,,,
6224,OK,0.2229313725490196,8.71743113886568,226,60.843866045932636,255,7.7153324842366775,21199,,,
6225,OK,0.176375,8.390723679029845,174,66.07219102544646,253,6.404502382647752,18257,,,
6226,OK,0.30599166666666666,7.4287426128162535,139,63.88015273591816,231,5.954517361216653,32899,,,
6228,OK,0.12871722846441946,13.065953783855871,176,79.67223338670793,254,9.377870418620809,9595,,,
6230,OK,0.17107276119402984,9.099387462057182,140,94.67527561772506,245,7.335932788487533,16029,,,
6231,OK,0.16290833333333332,9.056865653827135,142,62.629325077235,245,7.307744228058683,16791,,,
6232,OK,0.11830833333333333,15.941865652367872,139,48.640763179367944,211,15.102977667493796,12896,,,
6233,OK,0.24853932584269664,12.412221217600964,241,96.46297680754918,250,10.200292151244453,23732,,,
6234,OK,0.2886466165413534,11.292708604671356,168,51.71598756297784,242,9.473883098677394,27345,,,
6235,OK,0.26219101123595506,11.361795586029569,141,52.088077531578634,239,10.63134274618728,25922,,,
6238,OK,0.08734082397003745,20.32075471698113,234,101.51502653753556,255,15.759569771264854,7097,,,
6241,OK,0.27439166666666664,13.882740608011662,139,57.34182429302616,251,13.22038297056069,29541,,,
6242,OK,0.14783707865168538,13.98093609474951,167,60.824526705563066,255,11.290018549155262,13298,,,
6243,OK,0.18473118279569892,15.13788643125081,209,59.9904818429614,222,13.289344123139607,17671,,,
6245,OK,0.08390438247011953,16.399137385248498,173,55.87725058710968,230,13.278390376628955,6983,,,
6254,OK,0.05423220973782771,19.210635359116022,216,137.45815182955806,253,13.752095808383233,4175,,,
6255,OK,0.37903846153846155,15.13344249188998,133,65.6376681025179,236,14.64921555669775,40857,,,
6256,OK,0.1025749063670412,9.42248592727826,172,76.70812944511103,234,7.078569899379148,9342,,,
6259,OK,0.19957095709570957,13.066934016867869,204,42.70438021413158,220,11.094164944820848,20811,,,
6260,OK,0.32893258426966293,9.864417876458868,117,65.36694107250825,229,9.028334052211063,32458,,,
6261,OK,0.18594166666666667,6.82264449722882,148,87.96961383466241,236,5.225498197646739,19604,,,
6262,OK,0.42688333333333334,5.528318952615209,123,56.49027733348843,253,4.786442127098926,47564,,,
6263,OK,0.3454,6.605015119346329,186,49.45692450011882,241,5.558369150570487,38622,,,
6264,OK,0.27214166666666667,8.553000377662778,195,64.64795499734763,255,6.6291813048569805,28749,,,
6265,OK,0.20160833333333333,8.301946844128468,183,47.85668409754332,254,6.472567499886172,21963,,,
6266,OK,0.22763333333333333,8.228632791526334,203,49.981025131989696,231,6.953875281985176,24824,,,
6267,OK,0.05596441947565543,19.225977357648766,223,86.88712562279109,255,14.64162389174055,4286,,,
6268,OK,0.1531637168141593,8.269367807790458,158,74.63863852095689,247,6.914622414622414,12474,,,
6269,OK,0.20784166666666667,8.016024484449968,170,53.07429070366825,244,6.4571908721033076,22612,,,
6270,OK,0.18835,9.096215674129134,158,55.78504349849757,230,7.035327890614629,20088,,,
6271,OK,0.038876404494382025,14.754736673089274,199,64.87690619073598,241,8.048866301798279,2558,,,
6272,OK,0.19820634920634922,9.13742291983663,194,72.53595114129035,254,7.764828795851445,21855,,,
6274,OK,0.09413857677902622,10.341224056760161,177,86.10359084613317,249,8.349219264597622,8603,,,
6275,OK,0.13326492537313434,14.676559802137291,228,56.459148603367986,254,12.480088740987243,12020,,,
6276,OK,0.0983,13.674324629818017,154,41.842975613963745,232,9.766606948396388,9489,,,
6278,OK,0.4622191011235955,6.8121138458421955,126,69.47839586779257,199,6.292672124355293,46662,,,
6279,OK,0.07941947565543071,13.656134559459247,168,46.701034737620105,230,7.613112220637185,5608,,,
6283,OK,0.25640449438202245,6.916691011783036,128,60.01548806285887,235,6.016386253089865,25082,,,
6285,OK,0.22256529850746268,14.61709767103958,239,57.67978146010567,241,12.24424630035946,21421,,,
6286,OK,0.2538785046728972,11.391619117737285,240,50.027581191763566,244,9.734633444232085,28254,,,
6288,OK,0.4897398843930636,5.155562112717615,90,56.23868592466723,214,4.978569226025285,64860,,,
6289,OK,0.08111666666666667,11.828059721936853,140,54.717821752247595,228,8.668986083499005,7042,,,
6291,OK,0.19234200743494423,10.490916119056823,139,66.18396161281414,252,10.125571622790755,18879,,,
6292,OK,0.040561797752808985,17.431902123730378,171,134.62372317861838,236,12.796174349325808,3189,,,
6293,OK,0.19979166666666667,7.716524157108099,154,67.21692961902282,231,6.146391457717609,20978,,,
6295,OK,0.24316666666666667,19.006054375142792,233,73.60614769140425,253,17.507628845484817,26828,,,
6296,OK,0.18843333333333334,9.199112565599387,166,92.31913582782273,255,8.619125446650322,20803,,,
6298,OK,0.32016666666666665,8.96992885649835,123,70.01917953746833,247,8.294669533409655,35813,,,
6300,OK,0.022696629213483147,18.558168316831683,183,55.88779349020209,237,12.927031509121061,1809,,,
6301,OK,0.193,13.595072322970639,139,45.63508751548947,236,13.15640088642334,22713,,,
6302,OK,0.13130625,31.722595078299776,186,66.26559273622033,255,30.791306473865284,19087,,,
6303,OK,0.21739166666666668,8.681936085662079,176,79.30711403107131,252,8.127790041697326,24462,,,
6304,OK,0.192325,11.86693530915551,132,61.1192517617441,225,10.932280518162647,21023,,,
6305,OK,0.321175,7.878406545410515,180,82.84838998760112,240,6.984857820347654,35706,,,
6306,OK,0.44085205992509363,6.6937889825768675,134,55.36801357514052,219,5.860959659158622,44752,,,
6307,OK,0.124975,19.0302282678758,209,85.29238212241555,255,16.692278719397365,12390,,,
6310,OK,0.097125,14.503003003003004,212,77.20005826295629,255,11.8893293066566,10596,,,
6312,OK,0.195825,10.856859157127253,152,62.388928612138734,253,8.794619161358812,20096,,,
6313,OK,0.10731203007518797,16.733666141180592,217,77.74367424003144,253,13.540869437724506,9094,,,
6314,OK,0.06903195488721804,15.703380984796913,219,81.3809196910807,254,13.305278884462151,6024,,,
6315,OK,0.09702067669172933,18.04107333139591,219,60.033334374165165,250,14.596109658505664,8414,,,
6316,OK,0.15917293233082708,15.340773106597386,204,91.83278562699336,251,11.57586448481209,13322,,,
6317,OK,0.06459888059701492,16.772851985559566,208,90.17134546663343,254,10.750253073029645,4610,,,
6318,OK,0.18952247191011237,12.417815325329776,155,47.114688632416424,203,9.238428017752073,16599,,,
6319,OK,0.11274621212121212,14.26650428355451,230,97.26365971495862,253,9.8140394514112,9649,,,
6321,OK,0.0042,37.098544973544975,197,53.92130838410212,235,22.524216524216524,117,,,
6322,OK,0.2727247191011236,10.042926952083405,210,81.00826112892082,255,8.72962838384971,26757,,,
6323,OK,0.3363731343283582,11.376588129150582,165,62.12433933832625,255,10.754837892001932,42081,,,
6324,OK,0.16300561797752808,9.964443678557068,124,48.71934161902951,206,8.708307845669363,14713,,,
6325,OK,0.2824583333333333,4.226759109013129,104,37.87097923078412,142,3.4423894970957223,30874,,,
6326,OK,0.3790917602996255,11.496760276961329,153,75.23355903065764,255,10.759341486847914,38511,,,
6327,OK,0.14604868913857677,8.95191691242467,114,117.05191406621199,237,7.755920121087837,13654,,,
6328,OK,0.0553,11.092525617842073,165,69.68358855839008,242,9.412266073744673,5397,,,
6330,OK,0.14345,13.291448820727314,192,71.98258517696962,246,11.071423937722997,15415,,,
6331,OK,0.22701666666666667,10.358368205956488,199,78.60715338119982,255,8.360117380285448,24990,,,
6333,OK,0.23645762711864407,13.049279621532506,182,66.99936735554618,242,11.941930326706377,25854,,,
6334,OK,0.171625,19.950732378409,169,63.78043357979981,228,14.813764473453872,13329,,,
6335,OK,0.105,14.76545530492899,168,57.08831786169334,251,11.725770609318996,9300,,,
6337,OK,0.03054,17.970530451866406,183,83.64024646022872,235,13.758302005012531,2128,,,
6338,OK,0.19519756838905775,20.020865773902212,218,85.37482375305285,255,18.80269613011147,23713,,,
6339,OK,0.11843632958801498,9.832766753630063,194,107.87914095442427,255,4.155185022670762,9116,,,
6343,OK,0.327625,7.511789393361313,137,65.63768564995559,255,6.805884096236226,37117,,,
6344,OK,0.18889097744360903,13.127890005639035,205,90.80704966281199,255,11.125395152792413,18031,,,
6345,OK,0.3136583333333333,13.734025877414384,239,62.74827082397413,254,12.94509023731704,35185,,,
6346,OK,0.11779962546816479,12.417560872214715,149,64.351560371758,237,10.056852986217457,10448,,,
6347,OK,0.026795112781954886,13.188004209049456,180,57.96852375847827,252,9.682948490230906,2252,,,
6348,OK,0.2683828125,11.931825459202981,196,47.94192018964836,225,10.558413135615838,31223,,,
6349,OK,0.14419166666666666,7.46446666281377,117,54.47010136615481,255,6.252183173588924,15650,,,
6351,OK,0.247725,7.618270707886209,111,70.88996340729418,226,6.253681127295756,25264,,,
6352,OK,0.3071816479400749,7.515083163146077,116,40.556786903265625,164,7.10095118843636,30348,,,
6353,OK,0.21293071161048688,11.442534042771499,174,58.56979423182923,245,9.639494643418939,20131,,,
6354,OK,0.056433333333333335,10.59440834810002,150,115.13733057783116,255,8.565943238731219,5990,,,
6355,OK,0.05715355805243446,21.12587374399301,225,67.1171148804322,251,12.565051119956294,4271,,,
6357,OK,0.14238805970149254,14.58313679245283,236,50.89349112426036,246,10.490236382322713,12649,,,
6358,OK,0.3567883895131086,5.87056816690723,114,35.671033796734356,191,5.352775588334647,35524,,,
6359,OK,0.052958333333333336,8.65769735116706,215,68.46442577030813,228,5.347167325428195,4554,,,
6360,OK,0.11014097744360903,14.280285576129932,206,60.57481437669649,255,12.162930177362968,10393,,,
6361,OK,0.09553333333333333,9.328390323331007,158,89.93152502395519,254,8.181580729418593,10337,,,
6362,OK,0.3246452145214521,12.585254276056624,171,64.93121001470115,252,11.468058065973791,35408,,,
6363,OK,0.210513468013468,10.859210684153705,177,45.19723285460936,249,9.938386159649655,23063,,,
6364,OK,0.3369666666666667,8.349614205163716,144,50.889087191862316,237,7.51073177946563,38313,,,
6365,OK,0.12562734082397004,14.893170356016,183,79.40880745603232,255,12.47526772055074,11766,,,
6366,OK,0.274438202247191,12.72032298419197,194,69.05268636813352,255,11.703938975471821,25345,,,
6367,OK,0.12166666666666667,10.918036529680366,195,93.21944971537002,239,6.075838414634147,10496,,,
6370,OK,0.17287593984962407,6.378184915370954,143,51.80018407835829,193,5.6106160716089795,16497,,,
6371,OK,0.2308445040214477,13.10343959893928,135,43.869083927336945,213,12.053063054408044,31227,,,
6372,OK,0.18708646616541352,9.537224957299307,182,58.976383718331135,202,8.430886225119226,18103,,,
6373,OK,0.23050943396226414,10.627772775640501,190,74.80842099240697,251,9.787244050506386,22677,,,
6375,OK,0.035926966292134835,17.7692641820867,176,64.9653791491442,243,17.0393183451391,3247,,,
6376,OK,0.27102,11.62439426364598,142,50.513301690947166,238,10.592550296775649,23643,,,
6377,OK,0.3245692883895131,7.305792753288714,172,51.05039092824664,252,6.085546009617983,30845,,,
6378,OK,0.1932920792079208,12.692918427455501,137,51.140084685956246,218,11.008049314789343,13086,,,
6379,OK,0.10262172284644194,7.92588199513382,107,35.68833820255982,162,6.746870604781997,9480,,,
6382,OK,0.20954828660436137,12.464369781213607,201,64.03279996847104,252,10.617046998098342,24540,,,
6383,OK,0.25458333333333333,16.483633387888705,156,99.24315259921744,255,15.896701936327752,28542,,,
6384,OK,0.05196629213483146,17.01129129129129,206,70.60607078189301,255,11.228995983935743,4150,,,
6385,OK,0.09778195488721804,6.484909650134564,105,80.76633401391724,221,5.190206350903454,9353,,,
6386,OK,0.07070224719101123,12.190217631218824,160,109.77351241154403,251,10.14460417290606,6678,,,
6387,OK,0.10975833333333333,8.993343962746438,133,38.578962641230376,240,7.689651087020911,11254,,,
6389,OK,0.06127798507462687,13.070330339473283,196,81.28899312007897,255,10.36714200831848,5610,,,
6390,OK,0.23507547169811321,11.22670358776788,175,69.86884059758434,248,10.076445951625292,23001,,,
6391,OK,0.395,9.661582278481013,187,67.43580348943985,229,7.673528878804352,42309,,,
6392,OK,0.17545880149812734,10.967251898891794,156,68.31550478266959,228,9.736618754277892,17045,,,
6393,OK,0.14331460674157304,9.193584215340389,113,68.55118732740216,186,8.214645542819596,13697,,,
6395,OK,0.043416666666666666,12.461868202175303,144,73.53454714406017,249,9.688272324551177,4289,,,
6396,OK,0.4607,8.624599040108048,199,66.24072872241796,223,7.576392164261233,53005,,,
6397,OK,0.04911666666666667,18.174810541793914,220,53.393780052465836,248,10.221295008499458,4314,,,
6398,OK,0.14335069444444445,8.59753340599895,171,81.20539218666613,247,6.49732965695407,13419,,,
6399,OK,0.072874531835206,10.729967022142276,165,48.59371623054627,254,8.242390438247012,6275,,,
6400,OK,0.210225,11.048981910915554,112,60.179245847094286,228,10.521708471844464,23163,,,
6401,OK,0.022041666666666668,13.577441713925646,191,66.0953318279295,220,8.449621212121212,1760,,,
6402,OK,0.029775,14.225860621326616,103,63.12390882985333,250,8.988111568358482,2187,,,
6403,OK,0.18976666666666667,6.657883951050998,218,90.55395222226794,255,5.0624358184432126,19476,,,
6405,OK,0.060084586466165414,15.455602481881224,232,100.90208685392022,255,13.344597413433458,5593,,,
6406,OK,0.08298888888888889,10.987370018297854,140,70.31127697471253,227,8.66871573351055,6019,,,
6407,OK,0.22017790262172285,8.591806648238713,161,47.50228332432811,255,5.624407004325381,19112,,,
6408,OK,0.088675,14.723083670081133,187,83.75201553293891,255,12.83962939114259,9318,,,
6410,OK,0.02003344481605351,15.870200333889816,186,98.72430406243245,245,6.986363636363636,1320,,,
6412,OK,0.14677902621722846,16.179042272688612,171,77.53813850723556,255,14.544298024531336,13887,,,
6413,OK,0.15335833333333335,14.832056367621222,228,63.74709226978487,229,7.556332194263229,12876,,,
6415,OK,0.04577715355805243,36.59623644917161,222,62.78271890832851,235,17.998521439132578,2029,,,
6416,OK,0.027525252525252526,10.931294597349643,122,58.914567644767594,210,8.448997493734336,2660,,,
6417,OK,0.15919475655430712,11.565070775987138,162,87.44780507360966,238,8.618935959564379,12794,,,
6419,OK,0.11386704119850187,10.635227366170545,146,69.60985076624506,249,6.5143818396923985,9016,,,
6421,OK,0.12721804511278195,12.229462174940899,178,68.50378689983918,242,9.279602420051859,11570,,,
6422,OK,0.2683333333333333,7.854386209784353,121,43.48287732589389,227,6.323874143550855,25055,,,
6423,OK,0.168825,7.994850025503069,175,73.05777296531349,243,5.693621457681736,17585,,,
6424,OK,0.26598290598290597,13.030085154241645,189,66.06587680484397,253,11.421712411689883,21751,,,
6426,OK,0.12613721804511277,11.010630107046172,138,57.12182320739092,253,9.115753270184934,11824,,,
6427,OK,0.05596441947565543,12.080140538731806,157,61.23421573781115,248,8.169951628041296,4617,,,
6428,OK,0.12498888888888889,13.495866299226599,221,58.92130470300906,247,11.908320675105486,9875,,,
6431,OK,0.03464444444444444,16.184947615993156,206,56.545490818965185,248,10.787878787878787,913,,,
6432,OK,0.18824166666666667,10.93960187111721,153,31.29265346487221,159,8.634596061093248,19904,,,
6433,OK,0.18226591760299626,10.528374259392445,128,82.89633285242097,251,9.385365575453404,17534,,,
6434,OK,0.27864232209737827,13.86098323196344,213,56.270297633727495,234,13.365827221158362,27677,,,
6435,OK,0.21029968454258674,10.054488862221556,191,74.0509051204719,255,8.675926317421391,23651,,,
6436,OK,0.11363636363636363,12.978866666666667,169,79.3937435897436,255,8.917038169235342,7851,,,
6437,OK,0.07722846441947566,12.668283220174589,160,68.78659658522066,241,7.740514905149052,5904,,,
6440,OK,0.14495318352059924,8.293865598690868,108,49.825698923553695,185,7.379867778634336,14269,,,
6441,OK,0.18676363636363635,8.015884605399792,142,76.03286904548978,236,6.594277196044212,18336,,,
6443,OK,0.15640449438202247,11.194783684546616,212,68.7558900136151,255,7.163041040592061,13377,,,
6444,OK,0.3094850187265918,14.774402726933511,131,43.317838917741284,225,14.07967141726049,30312,,,
6446,OK,0.1396888888888889,14.897735708982925,160,86.961913003048,235,13.398345263549317,10757,,,
6447,OK,0.0748876404494382,9.917104276069017,117,39.225515003070115,178,7.945238790000973,6854,,,
6449,OK,0.18390625,11.761370716510903,185,71.22080030633735,238,9.806659815005139,24325,,,
6450,OK,0.07880149812734083,10.885139416983524,161,55.319601425706075,255,7.638428483732351,5973,,,
6451,OK,0.12570833333333334,10.807888631090487,168,58.88492589238908,217,8.929769230769232,13000,,,
6453,OK,0.01327490774907749,30.23071577484364,199,132.14184609343593,252,23.003968253968253,588,,,
6454,OK,0.06510338345864662,11.971079351330543,181,72.02816174573334,255,9.307651528538612,5659,,,
6455,OK,0.19870178041543027,12.546126563375024,109,52.026175376876665,213,11.874879884689301,24976,,,
6456,OK,0.16049625468164794,13.83600723411703,182,61.93107217345721,221,10.069377813860802,13549,,,
6457,OK,0.11767482517482518,17.340192145793097,225,60.37067638880633,251,15.456410695431327,11681,,,
6458,OK,0.24288389513108613,7.127563608326908,155,55.27939236540523,238,5.486540859118214,23528,,,
6460,OK,0.06630833333333333,19.12173767332747,212,41.82612032880233,217,13.009793988517393,4935,,,
6461,OK,0.3234737827715356,10.494852423268783,151,39.30695380583967,196,9.473234224462452,31346,,,
6462,OK,0.047826492537313435,17.128340159937586,186,48.18321854620386,231,13.930276981852913,4188,,,
6463,OK,0.19063144329896908,10.898780954956173,145,33.12088886058348,222,8.462509777628785,11932,,,
6464,OK,0.028857677902621722,15.337226908933593,184,72.54560764123232,255,10.445617255621844,2179,,,
6465,OK,0.05628759398496241,11.629431735960372,150,66.5214501731218,204,8.538968824940047,5004,,,
6466,OK,0.12350187265917603,12.869067475360122,148,81.85817398426094,255,11.50686366080779,11777,,,
6469,OK,0.09867977528089887,13.335231046588861,146,57.33461110937971,229,10.906356825950978,9166,,,
6470,OK,0.12402912621359223,11.305316373124592,112,36.56259813429389,222,9.941391514020145,8571,,,
6471,OK,0.2484,8.669965557344785,114,94.67893309088758,228,7.739361898776295,27049,,,
6472,OK,0.06410112359550561,12.515775635407538,140,73.69233514083145,243,10.702099960378106,5889,,,
6473,OK,0.2690449438202247,10.067133013155146,161,49.49683601055517,225,8.750866971840754,26433,,,
6474,OK,0.29433333333333334,10.263055240971436,146,33.17484123235186,186,9.543901029020695,28830,,,
6475,OK,0.20571059431524547,13.535987941213415,216,58.980800720040776,255,11.920333449924216,28590,,,
6477,OK,0.17474719101123595,13.294004179392381,202,44.92608098755347,223,11.60620000828878,16086,,,
6478,OK,0.11323033707865168,15.617905675459632,212,68.26923036311995,255,13.398762743427074,10561,,,
6481,OK,0.09674166666666667,23.184167456283916,225,74.59533848136223,254,19.306852746466273,9315,,,
6482,OK,0.04066037735849057,9.311600928074245,209,70.9288491165962,252,6.078314393939394,3520,,,
6483,OK,0.11691666666666667,16.396816345925398,206,46.16764807649964,253,14.695004233700255,11810,,,
6484,OK,0.12844924812030076,16.998292724567694,212,103.45705052857846,232,15.339823871773776,10939,,,
6485,OK,0.12779026217228465,11.836557248925361,162,46.949591348906445,200,8.576702371843917,10456,,,
6486,OK,0.16354716981132075,15.651899707737272,241,102.54297497669103,255,13.932464557399724,15424,,,
6487,OK,0.08436908517350157,19.166510874306724,204,66.11247581149908,249,15.826955273857928,8362,,,
6488,OK,0.23229096989966555,7.218390804597701,210,73.41133909836125,252,5.15836003082039,24659,,,
6489,OK,0.06922284644194757,12.260336354208937,191,61.275155002498146,235,8.149275628094626,5453,,,
6490,OK,0.06072097378277153,8.902441531739912,101,62.13050889697453,244,7.487700983921286,5556,,,
6491,OK,0.198625,10.822921474022795,145,54.300875231806444,226,8.631324196260254,19627,,,
6492,OK,0.056933333333333336,15.799424277907885,185,61.287713841368586,227,12.43703148425787,5336,,,
6493,OK,0.14165551839464882,18.317534332821783,181,58.6951528375772,231,13.199374860459924,11944,,,
6495,OK,0.2870321637426901,12.52907519652286,176,100.63302369771908,249,11.166823621738278,16990,,,
6496,OK,0.46246865203761756,10.055187450927228,171,53.21970967161887,255,8.949636278838758,55033,,,
6497,OK,0.12114312267657992,15.709448919575502,235,81.40483265478771,251,13.371337085193092,10306,,,
6498,OK,0.2270880149812734,13.46871177448838,249,72.32524905003613,254,11.87659107644681,22181,,,
6501,OK,0.20692669172932332,13.634100922014806,153,89.6850076437197,254,12.17193772471812,19098,,,
6503,OK,0.1547,7.390774258421318,106,55.89299656926535,234,6.416390074284811,16872,,,
6504,OK,0.33818352059925094,6.931576130092106,161,57.27278043443404,206,6.00166189731638,33897,,,
6505,OK,0.08954716981132076,11.384534344711335,130,44.989665796272504,191,8.144310456056772,6717,,,
6509,OK,0.30947674418604654,9.179159621767173,192,64.50499765453037,252,7.750978785395612,32949,,,
6510,OK,0.09077067669172932,13.344412231655967,126,60.09036061552032,240,12.085288862418105,8395,,,
6511,OK,0.31405,14.340860443312282,228,52.60254634691547,234,12.836259541984733,34060,,,
6512,OK,0.122175,9.725507582475046,105,79.76600309477021,255,8.410366328916602,12830,,,
6513,OK,0.387687969924812,7.300597979797979,163,42.103115886415964,217,6.11699171859405,37071,,,
6514,OK,0.09194962686567164,14.623583916675122,215,72.92753801848447,251,12.482083531086854,8428,,,
6515,OK,0.17261194029850746,10.47951794206658,147,77.68472084423199,252,8.694101508916324,16038,,,
6516,OK,0.14398320895522387,15.467249757045675,180,90.37590221398862,249,10.95167245274701,12098,,,
6518,OK,0.1663111111111111,7.167379298058079,125,33.65216174432242,153,5.404045526256479,11832,,,
6519,OK,0.0340719696969697,20.94089308875301,217,73.83788553165624,253,15.55739327113373,2358,,,
6520,OK,0.1852346570397112,6.724777496264536,105,73.84952442140398,202,5.9390302359882,18080,,,
6521,OK,0.049719101123595504,11.57426239799121,166,54.49424902289224,240,9.752106800166874,3995,,,
6523,OK,0.17449438202247192,14.73980467911569,162,102.17089363761475,255,12.688228333032473,16619,,,
6524,OK,0.1445505617977528,10.804551539491298,208,77.5397247579227,248,6.737562807133786,12074,,,
6525,OK,0.24707706766917292,12.671548302838957,175,55.625615292115526,252,11.038141925392104,23867,,,
6528,OK,0.30441011235955057,5.549988209118965,119,49.026782789735584,201,5.050535135665892,30553,,,
6529,OK,0.08398876404494382,15.071571906354515,186,79.14400831374152,227,11.681105671759877,6741,,,
6530,OK,0.1402996254681648,12.399359316604379,193,97.09322630768784,245,10.000833333333333,12800,,,
6538,OK,0.08224719101123595,18.31196873102611,221,87.06411198171728,233,14.637088283952474,6649,,,
6540,OK,0.18069166666666667,7.94027579209519,122,53.29548297852864,201,6.175209640695285,18007,,,
6543,OK,0.12336466165413534,10.180963990045203,116,44.28011378662149,223,9.079607876278205,11833,,,
6544,OK,0.16656666666666667,8.611850443599494,143,53.22454305483342,244,7.439183015318463,18605,,,
6545,OK,0.04893258426966292,20.16953693073096,194,90.30954771890444,239,11.837920489296636,3270,,,
6546,OK,0.22347744360902255,10.2252221941851,226,132.20199623990382,255,9.263850711624213,21828,,,
6547,OK,0.14370401337792643,11.625026667442446,161,58.1961046611921,250,8.729830732029017,9098,,,
6548,OK,0.20286516853932585,12.229837841164343,183,48.43987126177555,236,9.83777160594674,18363,,,
6552,OK,0.1881,8.212047374328076,166,71.90650189541678,255,7.1056898774983885,20680,,,
6554,OK,0.20772471910112358,13.361250093907294,196,63.360468002127284,247,10.529784958135075,18074,,,
6556,OK,0.13010135135135134,12.647018090539254,186,55.2403394306575,223,8.826619572225493,11891,,,
6558,OK,0.14110486891385768,13.81079407210794,154,53.422111995348665,252,11.626100021463833,12424,,,
6559,OK,0.205475,21.76158224168931,229,48.25243943795909,237,14.85480010821835,16017,,,
6562,OK,0.055,14.903434343434343,177,65.93661669606114,250,12.636535843248684,5631,,,
6563,OK,0.23984166666666668,9.309880360886233,180,52.21293443982796,198,7.672289348805679,25077,,,
6564,OK,0.034633333333333335,7.919955085017645,170,76.44892268913367,255,4.593952748194393,2723,,,
6565,OK,0.05295880149812734,11.374469589816124,205,69.62051794141686,255,7.775249762998614,4571,,,
6566,OK,0.24383333333333335,7.355798587377535,101,56.99154727793696,202,6.391855157203672,25996,,,
6567,OK,0.0680243445692884,11.349254416150494,230,70.58063327807639,255,8.096145422689444,6088,,,
6568,OK,0.160187265917603,7.7856168654041,172,61.384824361890324,255,6.214204570280072,15258,,,
6569,OK,0.2939419475655431,5.981471453296383,80,52.003271137515966,252,5.193470197630241,29567,,,
6571,OK,0.07245318352059925,9.832041009735505,92,54.14235865754107,241,8.108372921615201,6736,,,
6572,OK,0.2330111111111111,7.545086071241238,179,71.92741215044884,229,6.620439109145475,18993,,,
6573,OK,0.06665730337078651,12.858219787423327,174,100.36248298739646,252,10.375013603221243,6126,,,
6574,OK,0.11647468354430379,13.792642503939575,125,79.60783063628396,222,12.729152835616715,16569,,,
6575,OK,0.10675833333333333,12.962636276116879,160,58.12735137622953,228,9.194756920669079,10223,,,
6577,OK,0.246475,10.904148493762046,126,83.18047768082604,223,10.154669403313298,27284,,,
6578,OK,0.2944296875,6.246902114787592,149,65.97837151535954,252,5.417578482098259,35369,,,
6579,OK,0.15213483146067416,11.259170359428852,166,100.27175913655506,253,9.81497431756499,14861,,,
6581,OK,0.12318352059925093,8.242728286206548,163,135.9348952771489,255,6.306165736866574,11472,,,
6582,OK,0.037866666666666667,9.415639671361502,161,131.33789784275683,255,5.556714738672395,3259,,,
6583,OK,0.078125,7.710533333333333,150,76.77791412429379,244,6.43147773576056,11371,,,
6585,OK,0.12436567164179105,8.008500850085008,156,57.342679791480236,203,6.359652184028383,11462,,,
6586,OK,0.08711666666666666,13.875454371532427,134,65.74385798355638,233,12.082320889477947,9054,,,
6587,OK,0.09300561797752809,6.290110406389476,139,69.30398725400119,255,5.428948758584258,8834,,,
6588,OK,0.3157735849056604,11.946890933715743,166,55.6874356570336,248,10.330327050672304,28385,,,
6589,OK,0.06856603773584906,14.123234268941479,222,63.54529770827425,253,9.847280451674214,5963,,,
6590,OK,0.04633333333333333,18.389448441247,162,115.74239485028545,255,13.628317821440882,3868,,,
6591,OK,0.18638,8.729191258003363,126,31.880038183263277,194,7.63145932767206,16133,,,
6592,OK,0.08389097744360902,19.470386137874375,233,56.09040017508943,251,16.816002423298283,7703,,,
6594,OK,0.10546666666666667,5.776127265065318,105,31.72768234212749,195,4.791608187134503,11400,,,
6595,OK,0.170875,6.961440299114037,115,50.71894400053604,195,6.0348820837733195,18940,,,
6596,OK,0.054408333333333336,15.431663858681778,202,84.06245354907128,246,8.033091000250689,3989,,,
6597,OK,0.1615377358490566,9.803344429519749,130,64.13505181318001,208,8.967458109594359,15457,,,
6599,OK,0.14027985074626867,13.373919404176087,224,50.73382739089863,239,10.926188318642392,12139,,,
6600,OK,0.11000936329588015,9.633756064345901,121,71.41058309048125,254,8.13541877573058,9878,,,
6601,OK,0.05572641509433962,16.043676993397664,199,98.1538968759054,255,13.82045438850908,4827,,,
6602,OK,0.09847378277153558,13.2411650977782,149,70.82142572762932,242,11.607753906939006,9449,,,
6605,OK,0.14835526315789474,10.309006440713757,235,78.82531589692655,252,7.032362717723707,12535,,,
6606,OK,0.12816666666666668,14.522973558734288,234,139.03402472439942,241,9.905696277797597,11212,,,
6607,OK,0.579691011235955,5.249503319280903,140,55.81469105274492,229,4.576741109466792,59464,,,
6608,OK,0.2191988416988417,11.599747530347733,187,45.37984448208083,237,7.808141592920354,16950,,,
6609,OK,0.03506666666666667,11.749524714828897,175,104.88869121643407,255,7.7775605517541,3069,,,
6610,OK,0.014158333333333334,25.190700412007065,216,68.18550984353472,246,18.40497601918465,1112,,,
6611,OK,0.13324166666666667,12.239789855525673,185,66.73862379940583,242,10.337207157351042,14456,,,
6612,OK,0.11228464419475656,18.320157883033133,200,90.94801423227294,250,14.986083653137962,8599,,,
6613,OK,0.08874528301886793,8.962262145211014,145,110.9900027262155,253,6.043374842591297,7147,,,
6615,OK,0.09078651685393259,9.207439493949394,135,70.16496402482562,239,7.33635553489093,8603,,,
6616,OK,0.28567796610169494,9.538514782952635,223,89.212563767944,255,8.285516462680684,31293,,,
6617,OK,0.12102830188679245,9.760984228440773,210,63.533631709437486,232,6.429872824028141,11087,,,
6621,OK,0.31926029962546815,6.795592965168001,134,69.92520712121004,242,5.838216031436695,31301,,,
6622,OK,0.3025561797752809,9.1280702297321,155,100.39510697616139,255,8.583341573552193,30339,,,
6623,OK,0.07352996254681649,7.242879578929496,126,63.79614675870247,214,5.996074968109116,6794,,,
6624,OK,0.2672752808988764,20.241583464704853,211,75.20222350009584,255,18.482449922553883,25394,,,
6625,OK,0.1693911439114391,6.709545074973677,143,93.23030276105645,255,5.665727699530517,17040,,,
6626,OK,0.18173333333333333,9.344746066682971,153,104.3513252946608,252,7.6200846944948575,14877,,,
6627,OK,0.13036549707602338,14.57179170872117,214,66.95697930501152,237,11.603446517793413,6538,,,
6628,OK,0.09806179775280899,12.699958623762692,174,66.69598347296188,254,9.520459994311025,8203,,,
6629,OK,0.20753164556962025,13.973442106333232,190,97.13937252083167,237,12.218973918028087,11630,,,
6630,OK,0.11277972027972027,11.408644654575518,188,62.80279414372697,233,10.330308370044053,11350,,,
6633,OK,0.18362762237762237,10.744577204423923,171,56.00270898247192,245,10.036143125398384,19349,,,
6634,OK,0.09766666666666667,9.458560864618885,132,55.7408416451176,179,7.972445791118266,10561,,,
6635,OK,0.15714166666666668,24.198246451362007,230,79.42845608033511,255,17.242924468220608,13085,,,
6636,OK,0.1857924528301887,9.538912020581565,158,69.7762573478862,244,8.595144797731004,17864,,,
6637,OK,0.27617041198501874,7.91586144544273,136,70.40730440031908,250,6.926987739519859,27242,,,
6638,OK,0.1825339366515837,8.608143282102132,202,129.3603269493339,251,5.856655527708159,14364,,,
6640,OK,0.0604646017699115,16.457250884254176,205,58.539864940882204,247,14.226797668930308,6921,,,
6641,OK,0.05090485074626866,11.158695253802456,117,59.255316500070435,213,8.405251951738823,4227,,,
6642,OK,0.42065298507462684,8.333569876258482,152,53.388770811193766,200,7.749553287030563,42906,,,
6644,OK,0.059454545454545454,11.380479102956167,168,81.77287518525678,249,8.25074913100803,5562,,,
6645,OK,0.02228125,25.669783387875956,217,121.14799899141639,252,17.94243208279431,1546,,,
6647,OK,0.292125,8.593457899491275,145,68.96936056664116,244,7.474584858448622,32238,,,
6648,OK,0.0764875,9.9143923299014,145,64.10442919469598,255,7.169117647058823,10744,,,
6650,OK,0.21925833333333333,10.471247767093612,194,89.70368986754048,255,7.302488592699327,22208,,,
6651,OK,0.18328629032258065,12.764914017526491,150,63.06565207731615,254,11.412393950571746,16266,,,
6652,OK,0.12920411985018726,13.999082059086406,152,64.89911219592621,253,10.739253904737318,7747,,,
6653,OK,0.2719263698630137,6.736101927940976,114,114.29754583191242,218,5.784346016170904,29147,,,
6654,OK,0.13619850187265917,13.377721252119713,176,54.705035373353276,252,11.31746297848561,11930,,,
6655,OK,0.19627798507462688,11.780191055558197,155,63.585100415123975,233,9.86236116519256,17977,,,
6656,OK,0.16612359550561798,10.586780896554316,221,67.4382874082059,246,6.955337078651685,14240,,,
6657,OK,0.1415823970037453,10.376959195820382,224,79.81506851805393,240,6.841695691738052,10623,,,
6659,OK,0.3939916666666667,10.751870104415632,201,69.29104385253228,250,9.286546786546786,42042,,,
6660,OK,0.2665262172284644,14.097125124421805,177,63.695734133316314,252,12.635399174704833,25607,,,
6661,OK,0.14154494382022473,15.772794425701749,241,78.26040814545772,255,12.948087431693988,13420,,,
6662,OK,0.07538333333333333,15.490677279092049,177,73.65350205190138,255,13.712961818855801,8093,,,
6663,OK,0.0450936329588015,10.024778516057586,87,63.80244940382805,239,8.523042398012343,4159,,,
6666,OK,0.11134166666666667,7.463338572462141,199,68.37041170053483,231,5.503661368101446,11198,,,
6667,OK,0.02072695035460993,23.5242372398061,188,91.82795290084675,250,19.936576354679804,1624,,,
6668,OK,0.009850187265917604,18.1425855513308,167,48.47833213551714,195,9.978395061728396,540,,,
6669,OK,0.3093916666666667,11.550839012039756,225,65.67577296988564,252,9.34580741213378,31345,,,
6670,OK,0.07823333333333334,14.202066467831274,198,83.14408623536927,250,11.582118799755053,8165,,,
6671,OK,0.016685393258426967,19.732510288065843,211,104.86830194188933,255,15.424684159378037,1372,,,
6672,OK,0.10446120689655172,13.414620727597827,175,87.49671503862537,238,10.52723114103228,7724,,,
6673,OK,0.20761029411764706,12.324301989256833,162,59.78248581017337,254,10.700028108639893,18974,,,
6674,OK,0.2047191011235955,18.31622758873033,135,49.299837524724495,229,17.459217612993633,19743,,,
6675,OK,0.2610393258426966,9.19160180302976,181,60.540456067882225,225,7.868804207056238,25481,,,
6676,OK,0.08504295532646049,21.906253156884535,225,62.394431351192324,255,15.212818244372357,6782,,,
6677,OK,0.016541666666666666,15.560033585222502,177,75.05975794037481,246,7.949952785646837,1059,,,
6678,OK,0.10327715355805243,7.226019945602901,124,50.52671678674602,179,5.588846208564519,9372,,,
6679,OK,0.1586607142857143,11.346332770587132,143,47.78464395627719,225,10.089566430020284,15776,,,
6681,OK,0.3499290780141844,6.921209971625456,219,37.82520092370354,217,5.938735575428394,36454,,,
6682,OK,0.11546666666666666,11.476592571208622,187,96.21687832881118,250,9.640323464912282,12160,,,
6683,OK,0.20920411985018728,10.203285145235645,204,65.78004980838375,232,6.97426118358022,18092,,,
6685,OK,0.476301652892562,9.496898451394612,214,59.0124012046133,233,7.732176349089528,42121,,,
6686,OK,0.16048758865248228,12.373768620302345,196,56.17766490314723,254,10.280622178037364,16094,,,
6688,OK,0.2643,10.479547652078866,120,47.45472439953886,240,9.67378714951486,21815,,,
6694,OK,0.2282875,10.968442570588987,235,68.2378989368882,253,8.6249547920434,33180,,,
6695,OK,0.06137735849056604,8.530228507019162,101,97.35900992354648,255,5.828338430173292,4905,,,
6696,OK,0.44506666666666667,9.348399740363492,156,55.970036440813715,227,7.998552374527414,47434,,,
6698,OK,0.20789735099337747,13.881234902179395,197,114.20574239352327,255,12.379350795913519,22448,,,
6699,OK,0.2560767790262172,5.880275939400588,174,51.45229554484315,254,5.015245225694445,24576,,,
6701,OK,0.12941011235955055,14.961073728384342,131,61.35342030637742,231,10.437669836956522,5888,,,
6702,OK,0.14314606741573033,8.344932844932845,129,62.85024550514322,243,5.924080951612035,12386,,,
6703,OK,0.3877247191011236,9.112890112455425,168,88.32513138913102,224,8.404021202079106,38927,,,
6704,OK,0.06371666666666667,11.09726218502049,181,77.788730263275,248,7.45534023833389,5986,,,
6705,OK,0.20370786516853934,11.746445425016853,182,71.95590125895615,252,9.45110329154754,18188,,,
6706,OK,0.05897003745318352,23.284746480364138,226,76.83320729935723,255,12.712897294457578,3807,,,
6707,OK,0.08763618677042802,14.398379398379399,154,74.97569063129724,253,11.89371588397167,7389,,,
6708,OK,0.40778333333333333,7.37905478127001,217,64.80511074212704,252,6.4906098226858635,46396,,,
6709,OK,0.12233333333333334,9.690644868301543,163,85.47903215596911,255,7.131442343344457,12586,,,
7001,OK,0.1825244299674267,8.84280657922132,120,86.77971031817185,232,7.761169405398271,20204,,,
7002,OK,0.2653083333333333,21.74524400330852,209,59.11217479743959,255,20.742147128839342,28705,,,
7003,OK,0.06014166666666667,12.419611103413237,101,80.8572273008048,212,8.895196793481832,5073,,,
7004,OK,0.3728125,9.5821598211791,189,73.30950838731108,251,8.770754453185813,44107,,,
7005,OK,0.14286380597014925,22.44239851996953,158,47.032072699570115,250,22.28719596815426,13691,,,
7006,OK,0.024741666666666665,17.146850791512293,211,43.48443859604151,250,13.084609773887673,2285,,,
7007,OK,0.08623778501628665,17.981554926030846,190,90.86985414253037,238,16.485614035087718,9025,,,
7008,OK,0.09895622895622895,23.384115912441874,239,61.111804491610926,254,21.298413010689224,10166,,,
7009,OK,0.18781666666666666,10.869568432573136,130,41.6149336835553,200,9.744364389233954,20125,,,
7010,OK,0.19996666666666665,13.047341223537256,230,69.2095086315848,255,10.513451489355104,21497,,,
7011,OK,0.1728971119133574,17.824485392632806,139,90.0560435603374,255,17.211295250814462,16473,,,
7012,OK,0.04318125,10.188787571766294,137,34.980264461442324,242,8.387796181274442,5796,,,
7013,OK,0.20003322259136214,10.075015224492056,155,60.55199897559422,234,8.875079465988557,22022,,,
7014,OK,0.5383552631578947,8.558194834820156,199,101.53874519025224,255,7.371379701659458,60803,,,
7015,OK,0.10298333333333333,13.76670982359605,192,80.47052575512656,255,11.91860080074656,11073,,,
7016,OK,0.13915730337078652,13.689521374422464,220,67.24455973953461,224,10.333252557889068,12380,,,
7017,OK,0.10353333333333334,8.18356943550118,154,48.11690649711212,237,6.96012601260126,11110,,,
7018,OK,0.039655172413793106,8.664130434782608,106,46.33388090963495,230,7.068629961587708,3905,,,
7019,OK,0.13815868263473055,8.563910860692744,121,39.8522693717323,219,7.3643585487313254,16868,,,
7020,OK,0.18847682119205297,13.64824900445069,218,118.3072092105979,254,10.840929493819488,19308,,,
7021,OK,0.07675,11.208251900108577,192,58.72550470860788,241,8.204504390940796,7933,,,
7022,OK,0.3179119850187266,9.528338192992274,197,75.19523110080031,255,7.928383796488317,31343,,,
7023,OK,0.31157303370786515,7.552730696798493,142,43.90672433491105,234,6.294679630004726,29622,,,
7024,OK,0.01270754716981132,19.469190794357832,177,41.68500664099452,205,10.356995884773662,648,,,
7025,OK,0.11757434944237918,17.408373514610176,204,63.84215385803607,241,15.877037427208615,11391,,,
7026,OK,0.2131367041198502,15.55620963844836,164,62.18796482501755,217,14.680727523814008,21241,,,
7027,OK,0.2819569288389513,14.967987248032411,181,56.435523621995905,226,14.297746366514597,26742,,,
7028,OK,0.238125,7.938815981335666,142,51.78619268981861,231,7.023439982712377,26223,,,
7029,OK,0.184475,8.803270542530605,160,58.445779644332724,255,7.154865707182127,19038,,,
7030,OK,0.18420833333333334,8.495001130965845,159,65.48424672693533,255,7.085470525629141,19418,,,
7031,OK,0.1021,13.345957122646643,204,63.68626795857,245,10.928195973420609,10083,,,
7032,OK,0.20615454545454545,10.024738722053181,167,66.0604689867885,255,8.357151047553524,20349,,,
7033,OK,0.0887,13.639922334961794,197,68.64494860821537,253,11.633939107859334,8474,,,
7034,OK,0.11970074812967581,8.98468049594659,138,38.85641568083908,206,7.0036024352462265,9253,,,
7035,OK,0.15493470149253732,11.557468842193991,175,42.58120195898783,207,10.012283679917008,14138,,,
7036,OK,0.2453932584269663,6.400793650793651,146,43.719980477797634,175,5.569043434597037,23898,,,
7037,OK,0.054,19.622803893637226,171,58.256024014744945,214,15.547461975444383,3638,,,
7038,OK,0.14252808988764046,20.023354355538036,163,46.257769333245975,255,19.611463816086964,18429,,,
7039,OK,0.24158333333333334,13.607519834425664,178,73.56363769549134,246,12.659876359302846,26852,,,
8003,OK,0.27176666666666666,14.698199026943048,215,69.77229139012222,255,13.227582995445614,29349,,,
8004,OK,0.014700374531835207,21.58556263269639,232,45.12103645981818,251,16.151960784313726,952,,,
8006,OK,0.03283333333333333,14.668197566674724,123,55.36636496174666,235,10.041679957469432,3135,,,
8007,OK,0.014983333333333333,17.18131256952169,178,91.41871541936685,247,11.854286496850179,1217,,,
8008,OK,0.1025,8.698052561920967,99,27.534840534646197,193,7.495964125560538,11150,,,
8009,OK,0.14956666666666665,8.917093826610207,142,61.52872065221651,204,5.752920774005111,14608,,,
8010,OK,0.041522222222222224,19.37026135045937,182,54.04969685728528,250,15.293203666443103,2982,,,
8012,OK,0.0696816479400749,11.433127295529875,195,75.04782033991559,253,8.448461162677088,6141,,,
8013,OK,0.019455555555555556,21.39615457833619,155,86.33129365016411,250,17.324180690876883,1129,,,
8015,OK,0.07987588652482269,16.54295227524972,170,58.737489160805474,227,10.95461284068879,2923,,,
8016,OK,0.12350187265917603,10.093075562294668,119,46.777224655485526,209,8.69562496444217,11718,,,
8017,OK,0.05391741071428571,8.223901193679707,146,62.88852843217057,229,5.911550285463329,3795,,,
8018,OK,0.07766741071428572,14.249652727882358,220,83.83597326589305,255,9.28881469115192,4792,,,
8020,OK,0.11651666666666667,13.814022791207742,172,51.474274808680285,234,12.300787235166693,12618,,,
8022,OK,0.121575,8.7331322686042,163,59.39097753871354,254,6.708749903123304,12903,,,
8023,OK,0.0249812734082397,8.854697651174412,142,52.52177364626948,240,6.165291781240452,2182,,,
8025,OK,0.05590909090909091,10.28271002710027,132,59.681444390948485,245,8.306595704238738,5261,,,
8026,OK,0.0345,15.078099838969404,145,53.691302721675584,255,11.257187993680885,3165,,,
8027,OK,0.10297752808988764,12.806873977086743,179,57.46607238540601,254,10.488923696576416,8938,,,
8028,OK,0.008239700374531835,18.95189393939394,131,54.53897595669688,245,13.532123960695388,441,,,
8029,OK,0.06565094339622642,13.172199070747713,183,82.09933596523999,248,10.472952604253894,5971,,,
8030,OK,0.023707865168539326,18.851764086361243,165,66.67881804580504,231,13.663916715772933,1697,,,
8031,OK,0.02423951048951049,13.350282485875706,147,54.872321809836926,236,9.444595205789236,2211,,,
8033,OK,0.01675414364640884,17.78840340752954,181,79.30004542027805,250,12.779661016949152,708,,,
8034,OK,0.03254166666666667,20.381988903115662,181,46.53761431011959,201,13.086635421104956,2347,,,
8035,OK,0.07949438202247192,9.849784059678052,121,46.73659173363171,246,8.583232296016885,7423,,,
8036,OK,0.025224719101123595,19.256124721603562,208,89.38155021484512,255,15.826058201058201,2016,,,
8037,OK,0.05355118696764582,11.821540167321842,142,62.58735264427601,255,9.845040442741592,5481,,,
8038,OK,0.04780546623794212,10.462698279244437,165,64.71100211335579,255,8.615822536317236,5094,,,
8039,OK,0.020397923875432527,21.411506926774102,163,45.202401346967854,240,15.16715715126545,1699,,,
8040,OK,0.3255416666666667,6.514962242416486,139,43.07206606124256,212,5.91557686718977,36704,,,
8043,OK,0.021685393258426965,13.17587795048935,131,75.14247157459515,230,9.33295389869095,1757,,,
8045,OK,0.2625253164556962,10.633509326004324,187,90.20455254131588,204,8.66313817738282,38260,,,
8046,OK,0.14046666666666666,15.45485287138111,173,62.832360583262236,255,13.968099432633508,15099,,,
8047,OK,0.1641720779220779,9.71243284221629,202,59.378623082849394,255,8.067819372167198,17871,,,
8048,OK,0.033591666666666666,20.990076903994048,173,73.94849198205267,240,17.946817164937972,3278,,,
8049,OK,0.04190265486725664,15.204945441745863,146,51.13438091719392,181,10.356789653860783,2629,,,
8050,OK,0.025916666666666668,12.505680600214362,184,75.0774574386175,240,7.595792377996206,1933,,,
8051,OK,0.02177919708029197,16.945677977936043,195,75.27311364604417,255,9.8012912482066,1394,,,
8053,OK,0.1275111111111111,9.611130475194608,186,63.893187645390796,227,7.597652582159625,9940,,,
8054,OK,0.0309625,16.956802583770692,182,70.93562770618612,230,10.597670841573281,1517,,,
8055,OK,0.09221666666666667,6.852129646364239,107,48.0014871390016,202,5.490365894595502,9930,,,
8057,OK,0.0732347670250896,13.249479995105837,165,51.87046258069299,212,9.084689572031344,6636,,,
8060,OK,0.164125,11.026724210882627,165,60.60479869730655,247,9.302677201159552,17593,,,
8061,OK,0.0922565543071161,13.26401434419297,176,50.786151196014316,250,10.16965005644251,8268,,,
8062,OK,0.0631953642384106,17.642389310977208,158,39.07308437752211,202,16.355327232835663,6229,,,
8064,OK,0.07367481203007518,13.914359824807587,194,73.3218074762499,255,12.058823529411764,6732,,,
8067,OK,0.10512820512820513,8.55246806039489,237,113.07209373720835,251,8.429746322251825,8633,,,
8069,OK,0.05218009478672986,17.68611867998789,156,73.62578128906445,250,12.818026698785506,3321,,,
8074,OK,0.04703183520599251,10.116530625788041,106,35.442968450632264,196,8.259213353164766,4034,,,
8076,OK,0.06809925093632958,7.441404280672808,196,95.03146549847445,249,4.415029622700343,5345,,,
8077,OK,0.11684456928838952,16.65755803082512,201,114.59245201669476,255,13.095360824742269,10864,,,
8078,OK,0.15111033193080878,12.802562714311495,180,98.5101357088112,255,9.356693963054656,10502,,,
8079,OK,0.292549917285423,8.38448893710754,140,67.71099177486235,253,7.1612034610275375,27853,,,
8081,OK,0.10640833333333333,14.23152426449474,232,83.76726568498538,255,12.766445133658248,11285,,,
8085,OK,0.06931216931216931,10.404198473282444,207,45.93540837597119,228,5.968725443972969,4242,,,
8090,OK,0.040929368029739774,10.007644565546473,166,62.23672429163921,227,7.169865368089373,3491,,,
8091,OK,0.16578125,6.09742730477886,144,74.02190727907154,249,4.7012442387197595,16851,,,
8092,OK,0.09676966292134831,15.018287373004354,136,60.20357988216797,227,13.287545160676935,8765,,,
8093,OK,0.00800561797752809,21.460428849902534,159,60.130070634134064,215,13.419028340080972,494,,,
8094,OK,0.0765625,12.05752380952381,200,52.098860688099265,255,9.744314244314245,10582,,,
8097,OK,0.018033980582524273,15.68371467025572,142,48.402270723648975,229,11.521398432790837,1106,,,
8102,OK,0.03784644194756554,19.119247897080655,196,64.25335578089621,255,15.60127591706539,2926,,,
8103,OK,0.12024528301886793,15.520398556409853,164,65.42018572929848,247,13.162083488170445,10764,,,
8107,OK,0.14658284023668638,12.713576882968345,161,60.91406227430044,255,11.098061086014908,17931,,,
8108,OK,0.016189138576779026,24.81800655484866,195,66.46021579059239,246,17.502317290552586,935,,,
8109,OK,0.029557522123893804,15.2124500998004,242,85.05369627332969,255,9.436465082793376,1852,,,
8110,OK,0.03394318181818182,15.26849681955139,163,51.81205619532699,252,10.164154103852596,1990,,,
8111,OK,0.0729494382022472,15.87956188764814,171,49.52599258653254,253,12.873198234136481,6267,,,
8112,OK,0.1938888888888889,8.770614453995544,109,37.80505781453404,247,6.8787009135696175,6969,,,
8113,OK,0.244225,7.122416715005516,149,60.80293958739925,246,5.894977503017888,27337,,,
8115,OK,0.24138576779026216,10.800155159038013,246,60.319217477166134,255,9.287532683964026,23202,,,
8116,OK,0.17752895752895753,12.041847904886183,125,53.61510656276406,228,11.07829392895331,16834,,,
8117,OK,0.06818333333333333,16.27976044976778,175,62.14063329100264,255,12.25816298718997,6115,,,
8118,OK,0.18197398251106553,11.895859597083179,178,67.96839824697427,255,10.441180561350803,11983,,,
8119,OK,0.009288888888888888,17.711722488038276,129,62.139772404408355,252,11.348295926849543,401,,,
8120,OK,0.013277777777777777,16.57963737796374,133,80.21565227183154,222,10.511752136752136,624,,,
8121,OK,0.032244444444444444,18.51849299333793,206,63.83231532296953,254,10.856572258533042,1836,,,
8122,OK,0.04828888888888889,13.888709924835098,141,61.65150100014788,254,7.953472690492245,2966,,,
8123,OK,0.0133,25.04260651629073,139,69.46176086393477,251,18.72791519434629,1132,,,
8125,OK,0.16385767790262173,13.316095238095238,157,64.5205823068309,252,11.005361570940286,14921,,,
8126,OK,0.110625,9.84742951907131,190,69.45594585050853,255,8.72323384018522,10654,,,
8127,OK,0.07023255813953488,11.445364238410596,184,47.17150936579401,253,8.853147591156139,6317,,,
8130,OK,0.12408239700374532,8.943530536271254,95,55.00926084291843,218,7.206884269153552,10294,,,
8131,OK,0.20540262172284643,12.379343878682896,182,71.94127397491643,239,9.632719948732033,18205,,,
8132,OK,0.16872596153846153,13.07650662487534,183,96.87013581639243,216,9.374542533250022,11203,,,
8133,OK,0.01887719298245614,15.107342007434944,152,53.670165462651696,240,12.225418060200669,1495,,,
8134,OK,0.025563241106719366,18.722200747326376,166,73.66840747839197,255,11.821944939591999,1683,,,
8138,OK,0.03422161172161172,12.82936401748283,182,68.55700419420397,248,9.083978418953789,2842,,,
8139,OK,0.1986748120300752,11.259961839885204,167,61.79683168936169,255,10.413861773439306,18747,,,
8141,OK,0.01906367041198502,22.8267845448592,234,60.485946190167105,255,14.992663476874004,1045,,,
8142,OK,0.14885458167330679,12.749236087877774,138,49.81840734889708,241,10.919422977846471,12940,,,
8143,OK,0.10788243626062323,15.020766318737827,211,52.456844517479446,232,12.502223194110359,13719,,,
8144,OK,0.17016037735849057,9.167322725508676,120,30.30336618805634,189,7.988247523282208,15713,,,
8145,OK,0.008148496240601504,15.748942714340638,121,47.86408674695751,181,11.052986512524084,346,,,
8147,OK,0.10035833333333333,6.423095020620554,96,71.04500248555752,227,5.429172904191617,10688,,,
8148,OK,0.144579945799458,13.649953139643861,168,59.295519826812395,206,12.139022664111991,19311,,,
8153,OK,0.10722953216374269,11.560592632990206,116,51.054351475055476,242,10.30629862241865,12897,,,
8155,OK,0.01101123595505618,17.837868480725625,172,59.41840238329672,255,11.984993178717598,733,,,
8157,OK,0.10999166666666667,17.732429224436196,169,65.86272600443816,255,15.308283292122924,11324,,,
8159,OK,0.05696013289036545,11.492903664819675,219,93.56136348957507,255,7.965884573894282,4944,,,
8160,OK,0.09094166666666667,10.514401783805248,193,81.39773758559681,245,7.519103925353925,8288,,,
8162,OK,0.047683333333333335,24.499941745310498,199,60.53567324127712,251,19.762771996215704,4228,,,
8164,OK,0.15457706766917292,10.656391236497031,174,54.99367818008664,250,9.04564690972458,14729,,,
8165,OK,0.075675,17.205263737473846,229,84.81043223733836,255,14.368308888053154,7977,,,
8168,OK,0.07654166666666666,10.155216839049174,148,60.43640000601603,238,6.8923904688701,7806,,,
8170,OK,0.03831460674157303,11.709921798631475,131,50.618825537770505,253,10.547882411559542,3345,,,
8171,OK,0.028549679487179486,15.647768734212741,148,34.18726406405085,239,11.847414420975966,2746,,,
8173,OK,0.13961753731343285,14.344713926193181,193,40.90350163896508,197,12.513683886838868,13008,,,
8174,OK,0.08437739463601533,17.54992999583759,207,72.71282163941515,232,12.898827850699508,6171,,,
8175,OK,0.21378834552689,12.852295184490307,221,63.71627247311389,255,11.66820320752905,24297,,,
8176,OK,0.13814606741573035,11.656364375762506,131,50.971829302739934,234,11.1360166036617,13491,,,
8177,OK,0.1175,20.244444444444444,203,81.5325558703179,255,18.666848759169657,12814,,,
8182,OK,0.046585365853658536,9.529450261780104,178,68.18111782638356,237,6.9837192709346825,5139,,,
8183,OK,0.04180451127819549,11.261990407673862,138,63.29865034526051,222,8.832881172002171,3686,,,
8188,OK,0.09588951310861424,10.855059727240178,103,31.700856471173065,165,9.917486338797815,9150,,,
8190,OK,0.03827972157149215,16.063537325436865,174,44.37038071789857,243,12.67774699907664,3610,,,
8193,OK,0.1247711286567634,12.117242142540947,208,48.867081278417785,245,8.791174086805846,11927,,,
8198,OK,0.01454460966542751,23.42768903088392,202,69.68550635796356,255,18.727489564698867,1118,,,
8199,OK,0.1027421875,7.693204572529338,207,55.052306361686504,209,4.899739463601533,10875,,,
8201,OK,0.14378024193548386,10.570286755941948,146,40.946203264380266,177,9.23282075925036,12486,,,
8202,OK,0.10652972027972028,10.195727687973523,126,38.075949243246946,208,9.158364661654135,10640,,,
8203,OK,0.1502016129032258,9.155950782997763,134,35.49770264926848,213,7.8559473998804545,13384,,,
8204,OK,0.10557459677419355,9.366561634679652,108,42.21051464980596,209,7.04698780920819,8449,,,
8205,OK,0.17533707865168538,13.163889778917014,159,54.790713869397706,248,12.202043795620439,17125,,,
8207,OK,0.01705827067669173,21.692561983471073,215,97.89711399021529,242,11.693403080499854,1147,,,
8208,OK,0.19077464788732396,9.482681186169557,169,44.045883735097036,201,7.2200869632735465,8586,,,
8210,OK,0.13885044642857142,10.113495699702597,186,50.40344397067527,237,7.671749892022991,10033,,,
8211,OK,0.09206923076923076,12.089871055782995,146,53.146930326213734,208,7.77985564304462,10160,,,
8212,OK,0.024426691729323307,18.990509170193665,142,66.03800220293317,255,14.358516249787307,1959,,,
8214,OK,0.11161320754716982,11.226608063561828,152,46.53910168597592,231,8.307910517433301,9283,,,
8215,OK,0.12202102803738318,14.903717887346417,188,66.37887920519815,255,13.538543554749973,9379,,,
8216,OK,0.02965,19.69189151208544,190,69.06072121743014,243,16.131411905987306,3886,,,
8218,OK,0.09143258426966293,11.610616146100018,155,44.98343896532179,219,8.361246434057493,7595,,,
8219,OK,0.016343984962406015,15.78953421506613,160,97.48042728427973,225,10.55409243480506,1291,,,
8220,OK,0.15059338521400778,8.358503972611588,95,43.54661642941399,202,7.959907877420568,14184,,,
8221,OK,0.17674157303370785,13.715900261354808,156,48.92636822710523,240,12.630431837098117,17221,,,
8223,OK,0.10826411960132891,14.25165579849124,174,80.24244710411524,247,12.624601379950136,11498,,,
8224,OK,0.06689410354524918,18.33017459223524,214,92.23066946640316,255,15.017376562831108,4719,,,
8225,OK,0.059623015873015876,13.428951747088187,128,47.91392669175136,212,11.716366215990652,7988,,,
8226,OK,0.10084166666666666,8.206346582927031,104,41.65363287271739,202,7.067072985839474,10993,,,
8227,OK,0.10573604060913705,21.761055102149676,252,90.75909948093067,255,14.96269621421976,9025,,,
8229,OK,0.045366666666666666,5.397318148420279,88,45.311079297461504,185,4.127946127946128,4554,,,
8231,OK,0.12255,7.689605149825468,223,71.46454055628368,245,6.398150231221098,13335,,,
8234,OK,0.11541836734693878,5.007013821353844,86,56.24068413139691,247,4.100984976619242,10051,,,
8235,OK,0.007441666666666667,31.56028368794326,196,62.93961452027729,230,23.195670995670994,385,,,
8236,OK,0.05744166666666667,22.12810097200058,165,39.82831006627942,221,17.34787410270569,3622,,,
8237,OK,0.03297777777777778,15.571990116801437,159,88.50238226552686,245,8.908490254377272,2018,,,
8238,OK,0.027741666666666668,20.066085911685192,200,74.21413776059747,255,15.489724310776943,2660,,,
8239,OK,0.39193333333333336,5.615240687191699,131,41.291451960676824,184,4.693173710907794,42517,,,
8240,OK,0.07880833333333333,14.74392865954672,175,81.13771111694092,255,13.960705408924133,8449,,,
8245,OK,0.045875,12.63319060594265,162,62.39508899328106,255,10.816982836495031,1845,,,
8246,OK,0.11721875,6.408868746112148,94,44.22655669227229,212,5.161755607115236,17240,,,
8248,OK,0.08163841807909604,13.535351787773934,168,56.550530605967396,255,11.237337246933093,8858,,,
8250,OK,0.020675,18.660083299744727,148,77.18811142595382,255,15.614007646854363,1918,,,
8255,OK,0.03144194756554307,11.95622394282311,104,51.12090189027023,226,9.081893793985925,2605,,,
8256,OK,0.15646455223880598,17.518631133369105,194,55.596761291797065,255,14.088712721781805,13245,,,
8257,OK,0.022941666666666666,15.942002663760746,167,73.51026465495919,255,13.392725598526704,2172,,,
8259,OK,0.21983082706766918,7.259968647570187,236,72.20230494317954,249,5.887431331691608,21116,,,
8260,OK,0.039940633245382585,17.33685659234792,247,67.63834552887423,255,11.458659524790551,4854,,,
8261,OK,0.02397940074906367,22.653130287648054,216,90.7787840123818,252,13.204742362061104,1462,,,
8262,OK,0.085775,17.669613653291883,195,74.65404820719431,254,15.011728249784262,8498,,,
8265,OK,0.052087813620071685,18.83003612592465,206,67.09213482437981,255,14.748527808069793,4585,,,
9001,OK,0.1373076923076923,11.371976063152534,213,84.54583958172901,229,9.714580265095728,13580,,,
9004,OK,0.23668333333333333,7.623723681430885,206,54.805774507449215,230,6.349876284119026,25731,,,
9005,OK,0.012350187265917602,22.084407379327775,203,75.06173307673104,255,13.27155172413793,696,,,
9008,OK,0.16185,12.476195379809838,182,60.81698118210079,254,10.08096834710414,16702,,,
9009,OK,0.01889513108614232,10.949454905847373,120,79.97282930274284,245,7.407380432143724,1373,,,
9010,OK,0.16187265917602997,9.855834490205153,146,58.25145231924211,253,8.662183900649893,15541,,,
9012,OK,0.14772887323943662,10.18791959639296,203,77.16101000502661,250,9.834878587196467,15100,,,
9015,OK,0.012075,19.241315850011503,156,50.37331331381993,238,11.440818102697998,766,,,
9016,OK,0.07566666666666666,4.328854625550661,64,60.53236867411948,232,3.8610328638497653,8165,,,
9017,OK,0.07108856088560886,7.790942123021023,193,136.20352089829913,255,5.836936136610404,6754,,,
9018,OK,0.04557116104868914,11.16272858023423,182,56.115258715692335,255,8.825605481198215,4184,,,
9019,OK,0.015276923076923077,20.88888888888889,225,114.10871727571464,254,14.848463187991422,1399,,,
9020,OK,0.0045880149812734085,15.87891156462585,120,59.42495845483335,224,8.294326241134751,188,,,
9021,OK,0.229275,9.814572505118793,183,75.47555512306234,252,8.353937524520747,24639,,,
9022,OK,0.1609242957746479,11.924894699414693,126,80.7825232465021,235,11.418459163569151,16411,,,
9024,OK,0.02704136690647482,20.81964305509367,178,57.62208275951309,220,14.029649595687331,1855,,,
9025,OK,0.122,8.60734552332913,178,75.96456106535834,230,7.782348959712781,11327,,,
9026,OK,0.0036007462686567164,36.424006908462864,212,66.06261039439275,238,,0,,,
9027,OK,0.04895131086142322,9.266959959194082,153,79.66625316688327,239,6.602584447970981,4411,,,
9028,OK,0.20500932835820895,11.616447498141996,219,64.00516292550134,255,10.484762627540265,19765,,,
9029,OK,0.08191875,8.380000508634064,154,83.9473222005133,255,6.8969904507363795,11973,,,
9030,OK,0.08044172932330827,14.530903142890525,220,66.26203398030137,240,12.072566051393412,7368,,,
9031,OK,0.057025,11.75829314628087,167,60.58910775883654,255,9.98168921148136,6062,,,
9035,OK,0.07557116104868913,17.293891711064305,166,53.23723526015659,228,15.494108248452166,6676,,,
9036,OK,0.024822097378277154,15.650194895008173,160,50.67865269949783,233,11.780705809832023,2163,,,
9037,OK,0.037734082397003745,30.400165425971878,188,57.57388018552756,225,28.03949239689312,3047,,,
9038,OK,0.12074,12.950085583347137,230,75.50379864886382,251,10.495605744038736,10051,,,
9042,OK,0.134475,18.96980025200884,189,80.60590072178414,255,18.633062634182767,14284,,,
9043,OK,0.12841760299625468,12.557856361647831,195,75.65854505738483,254,11.796113650335444,12471,,,
9045,OK,0.14359,13.628595306079811,134,71.40434682764875,251,11.956210760549949,12583,,,
9046,OK,0.25945,14.925057814607824,235,87.01428274030563,245,13.70175841759439,39164,,,
9047,OK,0.12214166666666666,9.54529121466421,163,71.8691512487778,253,8.251474814702767,13222,,,
9049,OK,0.08076779026217229,14.605031300718757,220,55.91454967710392,199,11.918810250448093,6881,,,
9050,OK,0.22853333333333334,9.401558245818748,184,49.45547442101625,246,7.805794205794205,25025,,,
9052,OK,0.16763489208633092,11.787851152477513,183,68.85914929936581,250,10.704427083333334,16896,,,
9053,OK,0.07851123595505619,13.548837209302325,155,62.17133905739301,241,9.15187721598912,6863,,,
9054,OK,0.08396226415094339,12.052958801498127,144,57.118032955715755,221,9.95683326739637,7583,,,
9055,OK,0.037241602067183466,17.82578779994218,236,103.18950134755818,255,13.80017152658662,4664,,,
9056,OK,0.21446666666666667,9.165358512071288,142,29.209592209114827,192,7.460051001821494,22875,,,
9057,OK,0.13110625,14.439894487613417,207,65.69785814817213,247,13.09511306398028,18662,,,
