name,dims,n_candidates,nearest,nearest_name
1002.jpg,888x666,0,,
1003.jpg,1100x618,0,,
1958.jpg,1100x618,0,,
2945.jpg,1100x618,0,,
3356.jpg,1100x618,0,,
1004.jpg,480x270,0,,
1057.jpg,480x270,0,,
1534.jpg,480x270,0,,
2475.jpg,480x270,0,,
2491.jpg,480x270,0,,
2500.jpg,480x270,0,,
2504.jpg,480x270,0,,
2645.jpg,480x270,0,,
2660.jpg,480x270,0,,
2934.jpg,480x270,0,,
3301.jpg,480x270,0,,
3397.jpg,480x270,0,,
353.jpg,480x270,0,,
3719.jpg,480x270,0,,
470.jpg,480x270,0,,
5253.jpg,480x270,0,,
5850.jpg,480x270,0,,
919.jpg,480x270,0,,
970.jpg,480x270,0,,
1005.jpg,420x380,0,,
1006.jpg,931x524,0,,
1634.jpg,931x524,0,,
4822.jpg,931x524,0,,
1007.jpg,480x360,0,,
1024.jpg,480x360,0,,
1064.jpg,480x360,0,,
1121.jpg,480x360,0,,
1197.jpg,480x360,0,,
1282.jpg,480x360,0,,
1300.jpg,480x360,0,,
1402.jpg,480x360,0,,
1434.jpg,480x360,0,,
144.jpg,480x360,0,,
1457.jpg,480x360,0,,
1544.jpg,480x360,0,,
1602.jpg,480x360,0,,
1658.jpg,480x360,0,,
1726.jpg,480x360,0,,
1767.jpg,480x360,0,,
1819.jpg,480x360,0,,
182.jpg,480x360,0,,
1846.jpg,480x360,0,,
1851.jpg,480x360,0,,
1874.jpg,480x360,0,,
1895.jpg,480x360,0,,
1900.jpg,480x360,0,,
1903.jpg,480x360,0,,
1909.jpg,480x360,0,,
2094.jpg,480x360,0,,
2113.jpg,480x360,0,,
2328.jpg,480x360,0,,
2333.jpg,480x360,0,,
2470.jpg,480x360,0,,
2479.jpg,480x360,0,,
2488.jpg,480x360,0,,
2665.jpg,480x360,0,,
2737.jpg,480x360,0,,
2871.jpg,480x360,0,,
2979.jpg,480x360,0,,
3040.jpg,480x360,0,,
3116.jpg,480x360,0,,
3126.jpg,480x360,0,,
3210.jpg,480x360,0,,
3241.jpg,480x360,0,,
3247.jpg,480x360,0,,
3252.jpg,480x360,0,,
3313.jpg,480x360,0,,
3328.jpg,480x360,0,,
3355.jpg,480x360,0,,
34.jpg,480x360,0,,
3435.jpg,480x360,0,,
347.jpg,480x360,0,,
35.jpg,480x360,0,,
3551.jpg,480x360,0,,
3590.jpg,480x360,0,,
3733.jpg,480x360,0,,
3787.jpg,480x360,0,,
402.jpg,480x360,0,,
404.jpg,480x360,0,,
4459.jpg,480x360,0,,
448.jpg,480x360,0,,
4631.jpg,480x360,0,,
4720.jpg,480x360,0,,
4903.jpg,480x360,0,,
505.jpg,480x360,0,,
5128.jpg,480x360,0,,
5164.jpg,480x360,0,,
5275.jpg,480x360,0,,
5289.jpg,480x360,0,,
5351.jpg,480x360,0,,
539.jpg,480x360,0,,
5418.jpg,480x360,0,,
5438.jpg,480x360,0,,
5550.jpg,480x360,0,,
5720.jpg,480x360,0,,
583.jpg,480x360,0,,
5839.jpg,480x360,0,,
631.jpg,480x360,0,,
748.jpg,480x360,0,,
813.jpg,480x360,0,,
822.jpg,480x360,0,,
96.jpg,480x360,0,,
97.jpg,480x360,0,,
1008.jpg,702x370,0,,
1009.jpg,600x400,1,62.067,COD10K-CAM-3-Flying-55-Butterfly-3353.jpg
1071.jpg,600x400,1,53.431,COD10K-CAM-3-Flying-55-Butterfly-3353.jpg
1123.jpg,600x400,1,41.611,COD10K-CAM-3-Flying-55-Butterfly-3353.jpg
1167.jpg,600x400,1,43.534,COD10K-CAM-3-Flying-55-Butterfly-3353.jpg
1256.jpg,600x400,1,57.283,COD10K-CAM-3-Flying-55-Butterfly-3353.jpg
1299.jpg,600x400,1,58.126,COD10K-CAM-3-Flying-55-Butterfly-3353.jpg
1462.jpg,600x400,1,64.0,COD10K-CAM-3-Flying-55-Butterfly-3353.jpg
1644.jpg,600x400,1,62.761,COD10K-CAM-3-Flying-55-Butterfly-3353.jpg
1648.jpg,600x400,1,53.692,COD10K-CAM-3-Flying-55-Butterfly-3353.jpg
1721.jpg,600x400,1,52.552,COD10K-CAM-3-Flying-55-Butterfly-3353.jpg
1963.jpg,600x400,1,69.227,COD10K-CAM-3-Flying-55-Butterfly-3353.jpg
1981.jpg,600x400,1,54.468,COD10K-CAM-3-Flying-55-Butterfly-3353.jpg
1990.jpg,600x400,1,56.179,COD10K-CAM-3-Flying-55-Butterfly-3353.jpg
2086.jpg,600x400,1,89.676,COD10K-CAM-3-Flying-55-Butterfly-3353.jpg
2127.jpg,600x400,1,54.99,COD10K-CAM-3-Flying-55-Butterfly-3353.jpg
2164.jpg,600x400,1,77.52,COD10K-CAM-3-Flying-55-Butterfly-3353.jpg
2300.jpg,600x400,1,67.668,COD10K-CAM-3-Flying-55-Butterfly-3353.jpg
2353.jpg,600x400,1,58.326,COD10K-CAM-3-Flying-55-Butterfly-3353.jpg
2403.jpg,600x400,1,44.569,COD10K-CAM-3-Flying-55-Butterfly-3353.jpg
251.jpg,600x400,1,42.392,COD10K-CAM-3-Flying-55-Butterfly-3353.jpg
2691.jpg,600x400,1,55.087,COD10K-CAM-3-Flying-55-Butterfly-3353.jpg
2841.jpg,600x400,1,62.625,COD10K-CAM-3-Flying-55-Butterfly-3353.jpg
2889.jpg,600x400,1,66.986,COD10K-CAM-3-Flying-55-Butterfly-3353.jpg
3233.jpg,600x400,1,60.845,COD10K-CAM-3-Flying-55-Butterfly-3353.jpg
3264.jpg,600x400,1,72.551,COD10K-CAM-3-Flying-55-Butterfly-3353.jpg
330.jpg,600x400,1,49.524,COD10K-CAM-3-Flying-55-Butterfly-3353.jpg
3520.jpg,600x400,1,101.313,COD10K-CAM-3-Flying-55-Butterfly-3353.jpg
3608.jpg,600x400,1,47.481,COD10K-CAM-3-Flying-55-Butterfly-3353.jpg
3643.jpg,600x400,1,68.964,COD10K-CAM-3-Flying-55-Butterfly-3353.jpg
3660.jpg,600x400,1,56.738,COD10K-CAM-3-Flying-55-Butterfly-3353.jpg
3663.jpg,600x400,1,58.63,COD10K-CAM-3-Flying-55-Butterfly-3353.jpg
3868.jpg,600x400,1,45.433,COD10K-CAM-3-Flying-55-Butterfly-3353.jpg
3881.jpg,600x400,1,60.689,COD10K-CAM-3-Flying-55-Butterfly-3353.jpg
395.jpg,600x400,1,68.999,COD10K-CAM-3-Flying-55-Butterfly-3353.jpg
4437.jpg,600x400,1,62.497,COD10K-CAM-3-Flying-55-Butterfly-3353.jpg
4493.jpg,600x400,1,58.949,COD10K-CAM-3-Flying-55-Butterfly-3353.jpg
4580.jpg,600x400,1,70.911,COD10K-CAM-3-Flying-55-Butterfly-3353.jpg
475.jpg,600x400,1,59.627,COD10K-CAM-3-Flying-55-Butterfly-3353.jpg
4861.jpg,600x400,1,64.512,COD10K-CAM-3-Flying-55-Butterfly-3353.jpg
5042.jpg,600x400,1,58.552,COD10K-CAM-3-Flying-55-Butterfly-3353.jpg
5134.jpg,600x400,1,53.396,COD10K-CAM-3-Flying-55-Butterfly-3353.jpg
5191.jpg,600x400,1,54.614,COD10K-CAM-3-Flying-55-Butterfly-3353.jpg
5403.jpg,600x400,1,53.431,COD10K-CAM-3-Flying-55-Butterfly-3353.jpg
5509.jpg,600x400,1,53.434,COD10K-CAM-3-Flying-55-Butterfly-3353.jpg
5511.jpg,600x400,1,65.59,COD10K-CAM-3-Flying-55-Butterfly-3353.jpg
5641.jpg,600x400,1,62.143,COD10K-CAM-3-Flying-55-Butterfly-3353.jpg
5875.jpg,600x400,1,44.763,COD10K-CAM-3-Flying-55-Butterfly-3353.jpg
5958.jpg,600x400,1,63.186,COD10K-CAM-3-Flying-55-Butterfly-3353.jpg
734.jpg,600x400,1,62.514,COD10K-CAM-3-Flying-55-Butterfly-3353.jpg
839.jpg,600x400,1,44.799,COD10K-CAM-3-Flying-55-Butterfly-3353.jpg
869.jpg,600x400,1,70.746,COD10K-CAM-3-Flying-55-Butterfly-3353.jpg
936.jpg,600x400,1,51.455,COD10K-CAM-3-Flying-55-Butterfly-3353.jpg
966.jpg,600x400,1,65.386,COD10K-CAM-3-Flying-55-Butterfly-3353.jpg
101.jpg,400x300,0,,
1015.jpg,400x300,0,,
1055.jpg,400x300,0,,
1063.jpg,400x300,0,,
1190.jpg,400x300,0,,
1471.jpg,400x300,0,,
1523.jpg,400x300,0,,
210.jpg,400x300,0,,
2573.jpg,400x300,0,,
2705.jpg,400x300,0,,
2732.jpg,400x300,0,,
2767.jpg,400x300,0,,
3341.jpg,400x300,0,,
3476.jpg,400x300,0,,
4346.jpg,400x300,0,,
4408.jpg,400x300,0,,
4442.jpg,400x300,0,,
5125.jpg,400x300,0,,
5325.jpg,400x300,0,,
5685.jpg,400x300,0,,
69.jpg,400x300,0,,
920.jpg,400x300,0,,
1010.jpg,760x506,0,,
1727.jpg,760x506,0,,
1737.jpg,760x506,0,,
1763.jpg,760x506,0,,
1809.jpg,760x506,0,,
1829.jpg,760x506,0,,
1939.jpg,760x506,0,,
1951.jpg,760x506,0,,
2022.jpg,760x506,0,,
236.jpg,760x506,0,,
2987.jpg,760x506,0,,
3010.jpg,760x506,0,,
3819.jpg,760x506,0,,
4393.jpg,760x506,0,,
4738.jpg,760x506,0,,
5024.jpg,760x506,0,,
5089.jpg,760x506,0,,
5840.jpg,760x506,0,,
5867.jpg,760x506,0,,
1011.jpg,500x357,0,,
2045.jpg,500x357,0,,
1014.jpg,820x490,0,,
1016.jpg,349x586,0,,
1017.jpg,371x555,0,,
1018.jpg,600x338,0,,
102.jpg,600x338,0,,
1509.jpg,600x338,0,,
2567.jpg,600x338,0,,
2579.jpg,600x338,0,,
2587.jpg,600x338,0,,
2592.jpg,600x338,0,,
2596.jpg,600x338,0,,
2637.jpg,600x338,0,,
3546.jpg,600x338,0,,
3677.jpg,600x338,0,,
4036.jpg,600x338,0,,
4762.jpg,600x338,0,,
4779.jpg,600x338,0,,
4794.jpg,600x338,0,,
5503.jpg,600x338,0,,
5527.jpg,600x338,0,,
5543.jpg,600x338,0,,
5602.jpg,600x338,0,,
5661.jpg,600x338,0,,
1019.jpg,730x547,0,,
1021.jpg,1024x577,3,58.442,COD10K-CAM-3-Flying-59-Grasshopper-3623.jpg
1022.jpg,496x331,0,,
2249.jpg,496x331,0,,
2339.jpg,496x331,0,,
1023.jpg,650x492,0,,
1025.jpg,650x424,0,,
5443.jpg,650x424,0,,
1027.jpg,525x403,0,,
1030.jpg,700x466,0,,
1208.jpg,700x466,0,,
1671.jpg,700x466,0,,
1683.jpg,700x466,0,,
2372.jpg,700x466,0,,
2404.jpg,700x466,0,,
2595.jpg,700x466,0,,
3398.jpg,700x466,0,,
3422.jpg,700x466,0,,
3931.jpg,700x466,0,,
3984.jpg,700x466,0,,
4101.jpg,700x466,0,,
4118.jpg,700x466,0,,
4194.jpg,700x466,0,,
4262.jpg,700x466,0,,
4294.jpg,700x466,0,,
4475.jpg,700x466,0,,
4476.jpg,700x466,0,,
4658.jpg,700x466,0,,
4668.jpg,700x466,0,,
5002.jpg,700x466,0,,
5065.jpg,700x466,0,,
1031.jpg,640x427,2,74.079,COD10K-CAM-1-Aquatic-9-GhostPipefish-405.jpg
1417.jpg,640x427,2,75.488,COD10K-CAM-1-Aquatic-9-GhostPipefish-405.jpg
1673.jpg,640x427,2,67.671,COD10K-CAM-1-Aquatic-9-GhostPipefish-405.jpg
1691.jpg,640x427,2,65.13,COD10K-CAM-1-Aquatic-9-GhostPipefish-405.jpg
1701.jpg,640x427,2,72.602,COD10K-CAM-1-Aquatic-9-GhostPipefish-405.jpg
2298.jpg,640x427,2,74.664,COD10K-CAM-1-Aquatic-9-GhostPipefish-405.jpg
2449.jpg,640x427,2,65.367,COD10K-CAM-2-Terrestrial-29-Dog-1846.jpg
2450.jpg,640x427,2,59.34,COD10K-CAM-1-Aquatic-9-GhostPipefish-405.jpg
2788.jpg,640x427,2,67.346,COD10K-CAM-1-Aquatic-9-GhostPipefish-405.jpg
2932.jpg,640x427,2,59.849,COD10K-CAM-1-Aquatic-9-GhostPipefish-405.jpg
2941.jpg,640x427,2,67.109,COD10K-CAM-1-Aquatic-9-GhostPipefish-405.jpg
3318.jpg,640x427,2,68.059,COD10K-CAM-1-Aquatic-9-GhostPipefish-405.jpg
3392.jpg,640x427,2,61.084,COD10K-CAM-1-Aquatic-9-GhostPipefish-405.jpg
3619.jpg,640x427,2,69.415,COD10K-CAM-1-Aquatic-9-GhostPipefish-405.jpg
3759.jpg,640x427,2,76.637,COD10K-CAM-2-Terrestrial-29-Dog-1846.jpg
3840.jpg,640x427,2,82.692,COD10K-CAM-1-Aquatic-9-GhostPipefish-405.jpg
3979.jpg,640x427,2,75.219,COD10K-CAM-2-Terrestrial-29-Dog-1846.jpg
4320.jpg,640x427,2,75.881,COD10K-CAM-1-Aquatic-9-GhostPipefish-405.jpg
4583.jpg,640x427,2,81.444,COD10K-CAM-1-Aquatic-9-GhostPipefish-405.jpg
4739.jpg,640x427,2,73.659,COD10K-CAM-1-Aquatic-9-GhostPipefish-405.jpg
4933.jpg,640x427,2,80.238,COD10K-CAM-1-Aquatic-9-GhostPipefish-405.jpg
5321.jpg,640x427,2,62.072,COD10K-CAM-1-Aquatic-9-GhostPipefish-405.jpg
5405.jpg,640x427,2,57.724,COD10K-CAM-1-Aquatic-9-GhostPipefish-405.jpg
584.jpg,640x427,2,74.593,COD10K-CAM-1-Aquatic-9-GhostPipefish-405.jpg
687.jpg,640x427,2,64.46,COD10K-CAM-1-Aquatic-9-GhostPipefish-405.jpg
812.jpg,640x427,2,46.575,COD10K-CAM-1-Aquatic-9-GhostPipefish-405.jpg
817.jpg,640x427,2,46.341,COD10K-CAM-1-Aquatic-9-GhostPipefish-405.jpg
1033.jpg,450x299,0,,
1261.jpg,450x299,0,,
1334.jpg,450x299,0,,
2052.jpg,450x299,0,,
222.jpg,450x299,0,,
3653.jpg,450x299,0,,
3680.jpg,450x299,0,,
3995.jpg,450x299,0,,
4900.jpg,450x299,0,,
5690.jpg,450x299,0,,
1035.jpg,367x550,0,,
3253.jpg,367x550,0,,
104.jpg,1049x698,0,,
3992.jpg,1049x698,0,,
5241.jpg,1049x698,0,,
1040.jpg,512x354,0,,
1042.jpg,900x596,1,69.994,COD10K-CAM-3-Flying-53-Bird-3244.jpg
3671.jpg,900x596,1,61.571,COD10K-CAM-3-Flying-53-Bird-3244.jpg
4135.jpg,900x596,1,66.971,COD10K-CAM-3-Flying-53-Bird-3244.jpg
5624.jpg,900x596,1,59.911,COD10K-CAM-3-Flying-53-Bird-3244.jpg
5663.jpg,900x596,1,57.368,COD10K-CAM-3-Flying-53-Bird-3244.jpg
1045.jpg,650x425,0,,
1262.jpg,650x425,0,,
1936.jpg,650x425,0,,
3750.jpg,650x425,0,,
3797.jpg,650x425,0,,
3870.jpg,650x425,0,,
4773.jpg,650x425,0,,
5916.jpg,650x425,0,,
1046.jpg,600x449,0,,
1242.jpg,600x449,0,,
2007.jpg,600x449,0,,
5340.jpg,600x449,0,,
1049.jpg,730x973,0,,
1050.jpg,880x660,1,53.4,COD10K-CAM-4-Amphibian-67-Frog-4680.jpg
1051.jpg,720x490,0,,
3322.jpg,720x490,0,,
1052.jpg,599x399,0,,
1056.jpg,608x342,0,,
1152.jpg,608x342,0,,
1651.jpg,608x342,0,,
1921.jpg,608x342,0,,
2436.jpg,608x342,0,,
2549.jpg,608x342,0,,
2553.jpg,608x342,0,,
2577.jpg,608x342,0,,
2621.jpg,608x342,0,,
2625.jpg,608x342,0,,
2633.jpg,608x342,0,,
2636.jpg,608x342,0,,
2653.jpg,608x342,0,,
2664.jpg,608x342,0,,
2673.jpg,608x342,0,,
2685.jpg,608x342,0,,
2698.jpg,608x342,0,,
3.jpg,608x342,0,,
3564.jpg,608x342,0,,
3647.jpg,608x342,0,,
3684.jpg,608x342,0,,
4068.jpg,608x342,0,,
4092.jpg,608x342,0,,
4111.jpg,608x342,0,,
4681.jpg,608x342,0,,
48.jpg,608x342,0,,
5498.jpg,608x342,0,,
5531.jpg,608x342,0,,
5553.jpg,608x342,0,,
5682.jpg,608x342,0,,
5702.jpg,608x342,0,,
5731.jpg,608x342,0,,
61.jpg,608x342,0,,
701.jpg,608x342,0,,
73.jpg,608x342,0,,
76.jpg,608x342,0,,
771.jpg,608x342,0,,
79.jpg,608x342,0,,
86.jpg,608x342,0,,
91.jpg,608x342,0,,
94.jpg,608x342,0,,
1058.jpg,750x497,0,,
1059.jpg,640x420,0,,
1171.jpg,640x420,0,,
1182.jpg,640x420,0,,
1189.jpg,640x420,0,,
1343.jpg,640x420,0,,
1445.jpg,640x420,0,,
1476.jpg,640x420,0,,
1583.jpg,640x420,0,,
2457.jpg,640x420,0,,
2476.jpg,640x420,0,,
2480.jpg,640x420,0,,
2502.jpg,640x420,0,,
2586.jpg,640x420,0,,
2590.jpg,640x420,0,,
2593.jpg,640x420,0,,
2597.jpg,640x420,0,,
3114.jpg,640x420,0,,
3122.jpg,640x420,0,,
3136.jpg,640x420,0,,
410.jpg,640x420,0,,
4119.jpg,640x420,0,,
443.jpg,640x420,0,,
5249.jpg,640x420,0,,
5265.jpg,640x420,0,,
5288.jpg,640x420,0,,
5315.jpg,640x420,0,,
5384.jpg,640x420,0,,
5464.jpg,640x420,0,,
5687.jpg,640x420,0,,
5756.jpg,640x420,0,,
5762.jpg,640x420,0,,
5768.jpg,640x420,0,,
713.jpg,640x420,0,,
84.jpg,640x420,0,,
900.jpg,640x420,0,,
905.jpg,640x420,0,,
931.jpg,640x420,0,,
939.jpg,640x420,0,,
106.jpg,720x482,0,,
1891.jpg,720x482,0,,
1065.jpg,1024x683,542,48.448,COD10K-CAM-2-Terrestrial-38-Lizard-2275.jpg
1141.jpg,1024x683,542,26.761,COD10K-CAM-3-Flying-66-Owlfly-4675.jpg
1371.jpg,1024x683,542,51.872,COD10K-CAM-1-Aquatic-15-SeaHorse-971.jpg
1382.jpg,1024x683,542,42.092,COD10K-CAM-3-Flying-54-Bittern-3264.jpg
1421.jpg,1024x683,542,40.359,COD10K-CAM-2-Terrestrial-37-Lion-2117.jpg
1430.jpg,1024x683,542,35.232,COD10K-CAM-1-Aquatic-14-ScorpionFish-856.jpg
1482.jpg,1024x683,542,57.848,COD10K-CAM-2-Terrestrial-45-Spider-2687.jpg
1632.jpg,1024x683,542,55.236,COD10K-CAM-3-Flying-53-Bird-3149.jpg
1746.jpg,1024x683,542,41.317,COD10K-CAM-2-Terrestrial-38-Lizard-2277.jpg
1812.jpg,1024x683,542,54.085,COD10K-CAM-3-Flying-60-Heron-3896.jpg
1894.jpg,1024x683,542,53.961,COD10K-CAM-2-Terrestrial-29-Dog-1819.jpg
1896.jpg,1024x683,542,43.613,COD10K-CAM-3-Flying-56-Cicada-3506.jpg
1901.jpg,1024x683,542,44.036,COD10K-CAM-1-Aquatic-15-SeaHorse-974.jpg
1906.jpg,1024x683,542,39.379,COD10K-CAM-2-Terrestrial-45-Spider-2530.jpg
1920.jpg,1024x683,542,54.5,COD10K-CAM-3-Flying-50-Bat-2974.jpg
1960.jpg,1024x683,542,38.611,COD10K-CAM-3-Flying-65-Owl-4596.jpg
1985.jpg,1024x683,542,61.016,COD10K-CAM-2-Terrestrial-38-Lizard-2275.jpg
2102.jpg,1024x683,542,31.192,COD10K-CAM-2-Terrestrial-45-Spider-2545.jpg
2115.jpg,1024x683,542,41.167,COD10K-CAM-3-Flying-66-Owlfly-4675.jpg
2185.jpg,1024x683,542,52.765,COD10K-CAM-3-Flying-65-Owl-4636.jpg
2214.jpg,1024x683,542,37.468,COD10K-CAM-4-Amphibian-67-Frog-4696.jpg
2223.jpg,1024x683,542,39.082,COD10K-CAM-2-Terrestrial-23-Cat-1439.jpg
2286.jpg,1024x683,542,53.574,COD10K-CAM-4-Amphibian-67-Frog-4696.jpg
2326.jpg,1024x683,542,35.791,COD10K-CAM-4-Amphibian-68-Toad-4959.jpg
2355.jpg,1024x683,542,40.353,COD10K-CAM-2-Terrestrial-23-Cat-1373.jpg
2460.jpg,1024x683,542,52.237,COD10K-CAM-3-Flying-54-Bittern-3275.jpg
253.jpg,1024x683,542,40.779,COD10K-CAM-3-Flying-53-Bird-3153.jpg
2532.jpg,1024x683,542,46.619,COD10K-CAM-3-Flying-60-Heron-3924.jpg
2594.jpg,1024x683,542,49.843,COD10K-CAM-3-Flying-60-Heron-3924.jpg
2772.jpg,1024x683,542,41.985,COD10K-CAM-3-Flying-66-Owlfly-4675.jpg
289.jpg,1024x683,542,42.461,COD10K-CAM-2-Terrestrial-23-Cat-1366.jpg
3020.jpg,1024x683,542,66.169,COD10K-CAM-3-Flying-60-Heron-3924.jpg
313.jpg,1024x683,542,45.904,COD10K-CAM-2-Terrestrial-45-Spider-2530.jpg
3342.jpg,1024x683,542,36.34,COD10K-CAM-1-Aquatic-14-ScorpionFish-856.jpg
3354.jpg,1024x683,542,32.39,COD10K-CAM-1-Aquatic-3-Crab-60.jpg
3358.jpg,1024x683,542,50.918,COD10K-CAM-2-Terrestrial-45-Spider-2530.jpg
3360.jpg,1024x683,542,46.017,COD10K-CAM-2-Terrestrial-45-Spider-2530.jpg
3415.jpg,1024x683,542,39.804,COD10K-CAM-2-Terrestrial-23-Cat-1366.jpg
3423.jpg,1024x683,542,53.194,COD10K-CAM-3-Flying-54-Bittern-3264.jpg
3433.jpg,1024x683,542,35.726,COD10K-CAM-2-Terrestrial-23-Cat-1366.jpg
3434.jpg,1024x683,542,32.434,COD10K-CAM-4-Amphibian-68-Toad-4957.jpg
3445.jpg,1024x683,542,57.479,COD10K-CAM-3-Flying-58-Frogmouth-3595.jpg
3453.jpg,1024x683,542,52.788,COD10K-CAM-2-Terrestrial-45-Spider-2530.jpg
3483.jpg,1024x683,542,31.321,COD10K-CAM-2-Terrestrial-36-Leopard-2075.jpg
3488.jpg,1024x683,542,28.757,COD10K-CAM-4-Amphibian-67-Frog-4798.jpg
3536.jpg,1024x683,542,39.785,COD10K-CAM-2-Terrestrial-46-StickInsect-2853.jpg
3547.jpg,1024x683,542,35.047,COD10K-CAM-2-Terrestrial-31-Gecko-1906.jpg
3548.jpg,1024x683,542,42.884,COD10K-CAM-3-Flying-60-Heron-3924.jpg
3614.jpg,1024x683,542,35.367,COD10K-CAM-1-Aquatic-3-Crab-60.jpg
3659.jpg,1024x683,542,49.864,COD10K-CAM-3-Flying-64-Moth-4435.jpg
3715.jpg,1024x683,542,37.655,COD10K-CAM-2-Terrestrial-37-Lion-2117.jpg
3732.jpg,1024x683,542,49.689,COD10K-CAM-1-Aquatic-13-Pipefish-674.jpg
3760.jpg,1024x683,542,52.567,COD10K-CAM-2-Terrestrial-45-Spider-2687.jpg
3791.jpg,1024x683,542,55.73,COD10K-CAM-2-Terrestrial-22-Bug-1269.jpg
3828.jpg,1024x683,542,48.07,COD10K-CAM-2-Terrestrial-45-Spider-2530.jpg
3880.jpg,1024x683,542,43.934,COD10K-CAM-1-Aquatic-3-Crab-60.jpg
3926.jpg,1024x683,542,62.317,COD10K-CAM-3-Flying-63-Mockingbird-4412.jpg
4122.jpg,1024x683,542,46.348,COD10K-CAM-3-Flying-53-Bird-3153.jpg
4126.jpg,1024x683,542,20.278,COD10K-CAM-4-Amphibian-68-Toad-4922.jpg
4232.jpg,1024x683,542,34.763,COD10K-CAM-4-Amphibian-67-Frog-4696.jpg
4345.jpg,1024x683,542,38.936,COD10K-CAM-2-Terrestrial-36-Leopard-2075.jpg
453.jpg,1024x683,542,35.753,COD10K-CAM-2-Terrestrial-45-Spider-2530.jpg
4536.jpg,1024x683,542,30.457,COD10K-CAM-2-Terrestrial-37-Lion-2117.jpg
4604.jpg,1024x683,542,28.524,COD10K-CAM-3-Flying-61-Katydid-4089.jpg
4764.jpg,1024x683,542,58.716,COD10K-CAM-3-Flying-62-Mantis-4371.jpg
4813.jpg,1024x683,542,42.879,COD10K-CAM-2-Terrestrial-22-Bug-1269.jpg
4827.jpg,1024x683,542,52.927,COD10K-CAM-3-Flying-60-Heron-3924.jpg
4896.jpg,1024x683,542,45.867,COD10K-CAM-3-Flying-66-Owlfly-4675.jpg
4905.jpg,1024x683,542,56.492,COD10K-CAM-2-Terrestrial-22-Bug-1269.jpg
5023.jpg,1024x683,542,29.982,COD10K-CAM-4-Amphibian-68-Toad-4922.jpg
5071.jpg,1024x683,542,52.93,COD10K-CAM-3-Flying-55-Butterfly-3397.jpg
5109.jpg,1024x683,542,58.73,COD10K-CAM-2-Terrestrial-38-Lizard-2331.jpg
5156.jpg,1024x683,542,29.657,COD10K-CAM-2-Terrestrial-45-Spider-2545.jpg
5185.jpg,1024x683,542,33.983,COD10K-CAM-3-Flying-53-Bird-3149.jpg
5270.jpg,1024x683,542,22.287,COD10K-CAM-2-Terrestrial-45-Spider-2545.jpg
5276.jpg,1024x683,542,51.078,COD10K-CAM-3-Flying-65-Owl-4629.jpg
5301.jpg,1024x683,542,21.237,COD10K-CAM-2-Terrestrial-45-Spider-2545.jpg
5337.jpg,1024x683,542,49.409,COD10K-CAM-1-Aquatic-13-Pipefish-674.jpg
5381.jpg,1024x683,542,41.831,COD10K-CAM-1-Aquatic-13-Pipefish-674.jpg
5391.jpg,1024x683,542,32.939,COD10K-CAM-4-Amphibian-68-Toad-4957.jpg
5406.jpg,1024x683,542,41.779,COD10K-CAM-4-Amphibian-68-Toad-4922.jpg
5411.jpg,1024x683,542,59.403,COD10K-CAM-2-Terrestrial-36-Leopard-2085.jpg
5446.jpg,1024x683,542,27.798,COD10K-CAM-3-Flying-64-Moth-4434.jpg
5455.jpg,1024x683,542,43.737,COD10K-CAM-2-Terrestrial-37-Lion-2118.jpg
546.jpg,1024x683,542,53.383,COD10K-CAM-1-Aquatic-3-Crab-60.jpg
5471.jpg,1024x683,542,44.564,COD10K-CAM-1-Aquatic-16-Shrimp-1136.jpg
5486.jpg,1024x683,542,44.156,COD10K-CAM-2-Terrestrial-45-Spider-2530.jpg
5515.jpg,1024x683,542,49.998,COD10K-CAM-3-Flying-65-Owl-4596.jpg
5610.jpg,1024x683,542,43.356,COD10K-CAM-2-Terrestrial-45-Spider-2530.jpg
5650.jpg,1024x683,542,50.943,COD10K-CAM-1-Aquatic-16-Shrimp-1136.jpg
5678.jpg,1024x683,542,36.492,COD10K-CAM-2-Terrestrial-45-Spider-2687.jpg
5693.jpg,1024x683,542,41.124,COD10K-CAM-1-Aquatic-14-ScorpionFish-856.jpg
5747.jpg,1024x683,542,53.34,COD10K-CAM-3-Flying-56-Cicada-3506.jpg
58.jpg,1024x683,542,57.315,COD10K-CAM-2-Terrestrial-38-Lizard-2275.jpg
5802.jpg,1024x683,542,39.5,COD10K-CAM-1-Aquatic-14-ScorpionFish-856.jpg
623.jpg,1024x683,542,46.746,COD10K-CAM-2-Terrestrial-37-Lion-2117.jpg
652.jpg,1024x683,542,35.045,COD10K-CAM-1-Aquatic-16-Shrimp-1136.jpg
653.jpg,1024x683,542,52.579,COD10K-CAM-2-Terrestrial-23-Cat-1373.jpg
678.jpg,1024x683,542,54.796,COD10K-CAM-3-Flying-59-Grasshopper-3781.jpg
781.jpg,1024x683,542,42.451,COD10K-CAM-2-Terrestrial-37-Lion-2118.jpg
808.jpg,1024x683,542,51.797,COD10K-CAM-3-Flying-59-Grasshopper-3781.jpg
909.jpg,1024x683,542,54.673,COD10K-CAM-3-Flying-56-Cicada-3506.jpg
1066.jpg,853x480,0,,
128.jpg,853x480,0,,
2083.jpg,853x480,0,,
2452.jpg,853x480,0,,
2496.jpg,853x480,0,,
2498.jpg,853x480,0,,
2668.jpg,853x480,0,,
363.jpg,853x480,0,,
1067.jpg,800x533,9,30.483,COD10K-CAM-1-Aquatic-1-BatFish-7.jpg
1139.jpg,800x533,9,54.746,COD10K-CAM-3-Flying-59-Grasshopper-3725.jpg
1166.jpg,800x533,9,40.455,COD10K-CAM-1-Aquatic-1-BatFish-7.jpg
1187.jpg,800x533,9,45.058,COD10K-CAM-1-Aquatic-1-BatFish-3.jpg
1237.jpg,800x533,9,58.431,COD10K-CAM-2-Terrestrial-26-Chameleon-1712.jpg
1308.jpg,800x533,9,53.099,COD10K-CAM-3-Flying-59-Grasshopper-3725.jpg
1339.jpg,800x533,9,49.762,COD10K-CAM-2-Terrestrial-26-Chameleon-1712.jpg
1380.jpg,800x533,9,68.053,COD10K-CAM-1-Aquatic-1-BatFish-3.jpg
1400.jpg,800x533,9,51.636,COD10K-CAM-1-Aquatic-1-BatFish-3.jpg
1515.jpg,800x533,9,43.689,COD10K-CAM-1-Aquatic-1-BatFish-3.jpg
1518.jpg,800x533,9,51.36,COD10K-CAM-1-Aquatic-1-BatFish-3.jpg
1571.jpg,800x533,9,44.995,COD10K-CAM-3-Flying-59-Grasshopper-3725.jpg
1799.jpg,800x533,9,37.33,COD10K-CAM-1-Aquatic-1-BatFish-7.jpg
1807.jpg,800x533,9,44.392,COD10K-CAM-1-Aquatic-1-BatFish-7.jpg
1841.jpg,800x533,9,32.544,COD10K-CAM-1-Aquatic-1-BatFish-7.jpg
1876.jpg,800x533,9,58.621,COD10K-CAM-1-Aquatic-1-BatFish-3.jpg
1902.jpg,800x533,9,53.855,COD10K-CAM-1-Aquatic-1-BatFish-7.jpg
1935.jpg,800x533,9,62.872,COD10K-CAM-2-Terrestrial-26-Chameleon-1712.jpg
2132.jpg,800x533,9,62.35,COD10K-CAM-3-Flying-50-Bat-2957.jpg
2138.jpg,800x533,9,56.85,COD10K-CAM-3-Flying-50-Bat-2957.jpg
2158.jpg,800x533,9,54.42,COD10K-CAM-3-Flying-50-Bat-2957.jpg
2245.jpg,800x533,9,59.379,COD10K-CAM-3-Flying-50-Bat-2957.jpg
2282.jpg,800x533,9,57.901,COD10K-CAM-3-Flying-59-Grasshopper-3725.jpg
2322.jpg,800x533,9,33.219,COD10K-CAM-1-Aquatic-1-BatFish-3.jpg
2343.jpg,800x533,9,62.506,COD10K-CAM-1-Aquatic-9-GhostPipefish-388.jpg
2347.jpg,800x533,9,47.129,COD10K-CAM-3-Flying-59-Grasshopper-3725.jpg
2359.jpg,800x533,9,52.779,COD10K-CAM-3-Flying-50-Bat-2957.jpg
2391.jpg,800x533,9,49.568,COD10K-CAM-1-Aquatic-1-BatFish-7.jpg
2400.jpg,800x533,9,57.243,COD10K-CAM-3-Flying-50-Bat-2957.jpg
2528.jpg,800x533,9,53.312,COD10K-CAM-1-Aquatic-1-BatFish-7.jpg
2531.jpg,800x533,9,47.448,COD10K-CAM-1-Aquatic-1-BatFish-7.jpg
2535.jpg,800x533,9,53.405,COD10K-CAM-1-Aquatic-9-GhostPipefish-388.jpg
2539.jpg,800x533,9,56.259,COD10K-CAM-1-Aquatic-1-BatFish-7.jpg
2540.jpg,800x533,9,57.404,COD10K-CAM-3-Flying-50-Bat-2957.jpg
2545.jpg,800x533,9,38.599,COD10K-CAM-1-Aquatic-1-BatFish-7.jpg
2550.jpg,800x533,9,52.664,COD10K-CAM-1-Aquatic-1-BatFish-7.jpg
2659.jpg,800x533,9,69.42,COD10K-CAM-1-Aquatic-1-BatFish-7.jpg
3050.jpg,800x533,9,40.301,COD10K-CAM-1-Aquatic-1-BatFish-3.jpg
3096.jpg,800x533,9,56.691,COD10K-CAM-1-Aquatic-1-BatFish-7.jpg
3148.jpg,800x533,9,72.901,COD10K-CAM-3-Flying-59-Grasshopper-3725.jpg
3259.jpg,800x533,9,44.093,COD10K-CAM-1-Aquatic-1-BatFish-3.jpg
3263.jpg,800x533,9,62.581,COD10K-CAM-3-Flying-59-Grasshopper-3725.jpg
3266.jpg,800x533,9,57.512,COD10K-CAM-1-Aquatic-1-BatFish-7.jpg
3344.jpg,800x533,9,59.783,COD10K-CAM-3-Flying-64-Moth-4502.jpg
3351.jpg,800x533,9,54.666,COD10K-CAM-1-Aquatic-1-BatFish-3.jpg
3362.jpg,800x533,9,52.498,COD10K-CAM-3-Flying-50-Bat-2957.jpg
3364.jpg,800x533,9,36.842,COD10K-CAM-1-Aquatic-1-BatFish-3.jpg
3368.jpg,800x533,9,34.863,COD10K-CAM-1-Aquatic-1-BatFish-3.jpg
3395.jpg,800x533,9,47.059,COD10K-CAM-1-Aquatic-1-BatFish-3.jpg
3421.jpg,800x533,9,56.33,COD10K-CAM-1-Aquatic-1-BatFish-3.jpg
3439.jpg,800x533,9,41.412,COD10K-CAM-1-Aquatic-1-BatFish-3.jpg
3482.jpg,800x533,9,41.374,COD10K-CAM-1-Aquatic-1-BatFish-3.jpg
3569.jpg,800x533,9,44.308,COD10K-CAM-2-Terrestrial-26-Chameleon-1712.jpg
3601.jpg,800x533,9,55.051,COD10K-CAM-1-Aquatic-1-BatFish-3.jpg
3669.jpg,800x533,9,48.36,COD10K-CAM-1-Aquatic-1-BatFish-7.jpg
3674.jpg,800x533,9,47.927,COD10K-CAM-3-Flying-50-Bat-2957.jpg
3706.jpg,800x533,9,49.656,COD10K-CAM-1-Aquatic-1-BatFish-7.jpg
3716.jpg,800x533,9,48.629,COD10K-CAM-3-Flying-50-Bat-2957.jpg
3722.jpg,800x533,9,35.317,COD10K-CAM-1-Aquatic-1-BatFish-7.jpg
3728.jpg,800x533,9,44.191,COD10K-CAM-1-Aquatic-1-BatFish-7.jpg
3735.jpg,800x533,9,56.989,COD10K-CAM-1-Aquatic-1-BatFish-7.jpg
3745.jpg,800x533,9,52.214,COD10K-CAM-3-Flying-59-Grasshopper-3725.jpg
3749.jpg,800x533,9,47.523,COD10K-CAM-1-Aquatic-1-BatFish-7.jpg
3789.jpg,800x533,9,47.351,COD10K-CAM-1-Aquatic-1-BatFish-7.jpg
3798.jpg,800x533,9,45.354,COD10K-CAM-1-Aquatic-1-BatFish-7.jpg
3818.jpg,800x533,9,44.694,COD10K-CAM-2-Terrestrial-26-Chameleon-1712.jpg
3833.jpg,800x533,9,57.999,COD10K-CAM-1-Aquatic-1-BatFish-3.jpg
3837.jpg,800x533,9,53.32,COD10K-CAM-3-Flying-50-Bat-2957.jpg
3910.jpg,800x533,9,69.505,COD10K-CAM-2-Terrestrial-26-Chameleon-1712.jpg
3967.jpg,800x533,9,39.116,COD10K-CAM-1-Aquatic-1-BatFish-7.jpg
3994.jpg,800x533,9,41.353,COD10K-CAM-1-Aquatic-1-BatFish-7.jpg
4050.jpg,800x533,9,55.793,COD10K-CAM-1-Aquatic-9-GhostPipefish-388.jpg
4061.jpg,800x533,9,53.924,COD10K-CAM-3-Flying-50-Bat-2957.jpg
4083.jpg,800x533,9,58.589,COD10K-CAM-1-Aquatic-9-GhostPipefish-388.jpg
419.jpg,800x533,9,53.898,COD10K-CAM-1-Aquatic-1-BatFish-7.jpg
428.jpg,800x533,9,48.579,COD10K-CAM-1-Aquatic-1-BatFish-3.jpg
4361.jpg,800x533,9,32.037,COD10K-CAM-1-Aquatic-1-BatFish-3.jpg
4490.jpg,800x533,9,57.305,COD10K-CAM-3-Flying-50-Bat-2957.jpg
4719.jpg,800x533,9,40.723,COD10K-CAM-1-Aquatic-1-BatFish-7.jpg
4790.jpg,800x533,9,52.532,COD10K-CAM-1-Aquatic-1-BatFish-7.jpg
5039.jpg,800x533,9,53.454,COD10K-CAM-2-Terrestrial-26-Chameleon-1712.jpg
522.jpg,800x533,9,51.094,COD10K-CAM-1-Aquatic-1-BatFish-7.jpg
5349.jpg,800x533,9,72.343,COD10K-CAM-1-Aquatic-9-GhostPipefish-388.jpg
5369.jpg,800x533,9,76.272,COD10K-CAM-2-Terrestrial-38-Lizard-2127.jpg
5419.jpg,800x533,9,48.91,COD10K-CAM-3-Flying-59-Grasshopper-3725.jpg
5489.jpg,800x533,9,45.672,COD10K-CAM-1-Aquatic-1-BatFish-3.jpg
5522.jpg,800x533,9,50.339,COD10K-CAM-1-Aquatic-1-BatFish-3.jpg
5524.jpg,800x533,9,38.771,COD10K-CAM-1-Aquatic-1-BatFish-3.jpg
5561.jpg,800x533,9,64.245,COD10K-CAM-1-Aquatic-1-BatFish-3.jpg
5603.jpg,800x533,9,55.205,COD10K-CAM-1-Aquatic-1-BatFish-3.jpg
5648.jpg,800x533,9,56.488,COD10K-CAM-1-Aquatic-1-BatFish-7.jpg
5656.jpg,800x533,9,50.823,COD10K-CAM-1-Aquatic-1-BatFish-7.jpg
5672.jpg,800x533,9,29.695,COD10K-CAM-1-Aquatic-1-BatFish-3.jpg
5765.jpg,800x533,9,36.675,COD10K-CAM-1-Aquatic-1-BatFish-7.jpg
5769.jpg,800x533,9,49.666,COD10K-CAM-1-Aquatic-1-BatFish-3.jpg
5880.jpg,800x533,9,57.335,COD10K-CAM-2-Terrestrial-26-Chameleon-1712.jpg
5893.jpg,800x533,9,49.521,COD10K-CAM-3-Flying-59-Grasshopper-3725.jpg
5906.jpg,800x533,9,57.267,COD10K-CAM-1-Aquatic-9-GhostPipefish-388.jpg
591.jpg,800x533,9,48.602,COD10K-CAM-1-Aquatic-1-BatFish-7.jpg
5956.jpg,800x533,9,50.884,COD10K-CAM-3-Flying-59-Grasshopper-3725.jpg
601.jpg,800x533,9,57.661,COD10K-CAM-3-Flying-59-Grasshopper-3725.jpg
62.jpg,800x533,9,37.331,COD10K-CAM-1-Aquatic-1-BatFish-7.jpg
670.jpg,800x533,9,41.568,COD10K-CAM-1-Aquatic-1-BatFish-7.jpg
791.jpg,800x533,9,45.187,COD10K-CAM-1-Aquatic-1-BatFish-7.jpg
92.jpg,800x533,9,49.904,COD10K-CAM-1-Aquatic-1-BatFish-7.jpg
924.jpg,800x533,9,49.51,COD10K-CAM-1-Aquatic-1-BatFish-3.jpg
928.jpg,800x533,9,50.114,COD10K-CAM-1-Aquatic-1-BatFish-7.jpg
1068.jpg,1024x641,8,57.439,COD10K-CAM-2-Terrestrial-45-Spider-2559.jpg
2248.jpg,1024x641,8,38.503,COD10K-CAM-3-Flying-61-Katydid-3948.jpg
2373.jpg,1024x641,8,47.641,COD10K-CAM-3-Flying-61-Katydid-4002.jpg
107.jpg,1000x667,8,53.584,COD10K-CAM-3-Flying-60-Heron-3930.jpg
1336.jpg,1000x667,8,62.425,COD10K-CAM-3-Flying-60-Heron-3930.jpg
1561.jpg,1000x667,8,57.046,COD10K-CAM-2-Terrestrial-46-StickInsect-2814.jpg
1818.jpg,1000x667,8,46.596,COD10K-CAM-2-Terrestrial-46-StickInsect-2814.jpg
1869.jpg,1000x667,8,57.154,COD10K-CAM-3-Flying-60-Heron-3930.jpg
2005.jpg,1000x667,8,44.467,COD10K-CAM-4-Amphibian-67-Frog-4780.jpg
2290.jpg,1000x667,8,39.342,COD10K-CAM-2-Terrestrial-46-StickInsect-2814.jpg
2327.jpg,1000x667,8,53.994,COD10K-CAM-4-Amphibian-67-Frog-4780.jpg
2361.jpg,1000x667,8,63.287,COD10K-CAM-3-Flying-60-Heron-3930.jpg
2707.jpg,1000x667,8,62.094,COD10K-CAM-3-Flying-60-Heron-3930.jpg
2724.jpg,1000x667,8,63.326,COD10K-CAM-2-Terrestrial-46-StickInsect-2814.jpg
2740.jpg,1000x667,8,60.935,COD10K-CAM-1-Aquatic-6-Fish-234.jpg
2745.jpg,1000x667,8,49.611,COD10K-CAM-4-Amphibian-67-Frog-4780.jpg
2874.jpg,1000x667,8,60.349,COD10K-CAM-3-Flying-60-Heron-3930.jpg
3382.jpg,1000x667,8,61.291,COD10K-CAM-3-Flying-60-Heron-3930.jpg
3478.jpg,1000x667,8,58.653,COD10K-CAM-1-Aquatic-7-Flounder-282.jpg
3778.jpg,1000x667,8,57.914,COD10K-CAM-3-Flying-60-Heron-3930.jpg
390.jpg,1000x667,8,30.411,COD10K-CAM-2-Terrestrial-29-Dog-1859.jpg
3988.jpg,1000x667,8,50.394,COD10K-CAM-1-Aquatic-3-Crab-77.jpg
4774.jpg,1000x667,8,62.279,COD10K-CAM-4-Amphibian-67-Frog-4780.jpg
5248.jpg,1000x667,8,52.138,COD10K-CAM-1-Aquatic-7-Flounder-282.jpg
5269.jpg,1000x667,8,61.57,COD10K-CAM-1-Aquatic-3-Crab-77.jpg
5271.jpg,1000x667,8,61.908,COD10K-CAM-1-Aquatic-3-Crab-77.jpg
5356.jpg,1000x667,8,62.91,COD10K-CAM-3-Flying-60-Heron-3930.jpg
5470.jpg,1000x667,8,61.136,COD10K-CAM-1-Aquatic-7-Flounder-282.jpg
5488.jpg,1000x667,8,57.484,COD10K-CAM-4-Amphibian-67-Frog-4780.jpg
551.jpg,1000x667,8,56.586,COD10K-CAM-1-Aquatic-7-Flounder-282.jpg
5585.jpg,1000x667,8,58.667,COD10K-CAM-4-Amphibian-67-Frog-4780.jpg
5638.jpg,1000x667,8,66.095,COD10K-CAM-1-Aquatic-6-Fish-175.jpg
5716.jpg,1000x667,8,52.847,COD10K-CAM-2-Terrestrial-46-StickInsect-2814.jpg
5748.jpg,1000x667,8,61.831,COD10K-CAM-4-Amphibian-67-Frog-4780.jpg
5821.jpg,1000x667,8,58.386,COD10K-CAM-3-Flying-60-Heron-3930.jpg
1070.jpg,375x500,0,,
1563.jpg,375x500,0,,
2088.jpg,375x500,0,,
1072.jpg,550x368,0,,
1073.jpg,640x312,0,,
1074.jpg,720x576,0,,
1075.jpg,553x415,0,,
1076.jpg,450x298,0,,
1695.jpg,450x298,0,,
3636.jpg,450x298,0,,
1077.jpg,883x720,0,,
1078.jpg,720x405,0,,
2506.jpg,720x405,0,,
4021.jpg,720x405,0,,
4058.jpg,720x405,0,,
442.jpg,720x405,0,,
4761.jpg,720x405,0,,
967.jpg,720x405,0,,
1079.jpg,910x606,0,,
1522.jpg,910x606,0,,
240.jpg,910x606,0,,
3366.jpg,910x606,0,,
3852.jpg,910x606,0,,
3952.jpg,910x606,0,,
1081.jpg,640x640,9,56.749,COD10K-CAM-2-Terrestrial-45-Spider-2521.jpg
1860.jpg,640x640,9,57.563,COD10K-CAM-3-Flying-55-Butterfly-3402.jpg
1889.jpg,640x640,9,59.582,COD10K-CAM-3-Flying-55-Butterfly-3402.jpg
1959.jpg,640x640,9,63.906,COD10K-CAM-3-Flying-55-Butterfly-3402.jpg
1976.jpg,640x640,9,55.234,COD10K-CAM-3-Flying-59-Grasshopper-3793.jpg
2017.jpg,640x640,9,61.008,COD10K-CAM-3-Flying-55-Butterfly-3402.jpg
2028.jpg,640x640,9,61.43,COD10K-CAM-3-Flying-59-Grasshopper-3793.jpg
2054.jpg,640x640,9,67.988,COD10K-CAM-2-Terrestrial-42-Sciuridae-2387.jpg
2065.jpg,640x640,9,64.268,COD10K-CAM-3-Flying-59-Grasshopper-3793.jpg
2067.jpg,640x640,9,65.054,COD10K-CAM-3-Flying-59-Grasshopper-3793.jpg
2069.jpg,640x640,9,34.117,COD10K-CAM-3-Flying-59-Grasshopper-3793.jpg
2077.jpg,640x640,9,64.749,COD10K-CAM-3-Flying-59-Grasshopper-3793.jpg
2334.jpg,640x640,9,33.979,COD10K-CAM-3-Flying-59-Grasshopper-3793.jpg
2530.jpg,640x640,9,72.327,COD10K-CAM-3-Flying-55-Butterfly-3402.jpg
3159.jpg,640x640,9,44.729,COD10K-CAM-3-Flying-59-Grasshopper-3793.jpg
3361.jpg,640x640,9,55.944,COD10K-CAM-3-Flying-55-Butterfly-3402.jpg
3411.jpg,640x640,9,54.09,COD10K-CAM-3-Flying-55-Butterfly-3402.jpg
3495.jpg,640x640,9,67.492,COD10K-CAM-3-Flying-55-Butterfly-3402.jpg
3925.jpg,640x640,9,50.923,COD10K-CAM-3-Flying-59-Grasshopper-3793.jpg
4051.jpg,640x640,9,69.829,COD10K-CAM-3-Flying-59-Grasshopper-3793.jpg
4056.jpg,640x640,9,42.438,COD10K-CAM-3-Flying-55-Butterfly-3402.jpg
4257.jpg,640x640,9,57.709,COD10K-CAM-3-Flying-59-Grasshopper-3793.jpg
5798.jpg,640x640,9,47.981,COD10K-CAM-3-Flying-59-Grasshopper-3793.jpg
604.jpg,640x640,9,42.519,COD10K-CAM-3-Flying-55-Butterfly-3402.jpg
617.jpg,640x640,9,61.824,COD10K-CAM-3-Flying-53-Bird-3106.jpg
619.jpg,640x640,9,50.579,COD10K-CAM-3-Flying-59-Grasshopper-3793.jpg
628.jpg,640x640,9,55.246,COD10K-CAM-3-Flying-55-Butterfly-3402.jpg
655.jpg,640x640,9,72.688,COD10K-CAM-3-Flying-55-Butterfly-3402.jpg
758.jpg,640x640,9,65.584,COD10K-CAM-3-Flying-55-Butterfly-3402.jpg
846.jpg,640x640,9,55.822,COD10K-CAM-3-Flying-59-Grasshopper-3793.jpg
932.jpg,640x640,9,50.847,COD10K-CAM-3-Flying-59-Grasshopper-3793.jpg
1085.jpg,550x367,1,69.727,COD10K-CAM-2-Terrestrial-23-Cat-1355.jpg
1386.jpg,550x367,1,79.259,COD10K-CAM-2-Terrestrial-23-Cat-1355.jpg
1503.jpg,550x367,1,88.033,COD10K-CAM-2-Terrestrial-23-Cat-1355.jpg
2619.jpg,550x367,1,85.024,COD10K-CAM-2-Terrestrial-23-Cat-1355.jpg
4065.jpg,550x367,1,74.232,COD10K-CAM-2-Terrestrial-23-Cat-1355.jpg
923.jpg,550x367,1,81.802,COD10K-CAM-2-Terrestrial-23-Cat-1355.jpg
1086.jpg,960x720,0,,
1347.jpg,960x720,0,,
1663.jpg,960x720,0,,
2588.jpg,960x720,0,,
2730.jpg,960x720,0,,
3073.jpg,960x720,0,,
349.jpg,960x720,0,,
3771.jpg,960x720,0,,
3892.jpg,960x720,0,,
4011.jpg,960x720,0,,
4073.jpg,960x720,0,,
4996.jpg,960x720,0,,
552.jpg,960x720,0,,
1087.jpg,450x300,0,,
1091.jpg,450x300,0,,
1117.jpg,450x300,0,,
1164.jpg,450x300,0,,
1429.jpg,450x300,0,,
1638.jpg,450x300,0,,
1655.jpg,450x300,0,,
1660.jpg,450x300,0,,
1664.jpg,450x300,0,,
1676.jpg,450x300,0,,
1689.jpg,450x300,0,,
1848.jpg,450x300,0,,
2013.jpg,450x300,0,,
2024.jpg,450x300,0,,
2034.jpg,450x300,0,,
2042.jpg,450x300,0,,
2051.jpg,450x300,0,,
2058.jpg,450x300,0,,
2072.jpg,450x300,0,,
2074.jpg,450x300,0,,
2075.jpg,450x300,0,,
2100.jpg,450x300,0,,
2172.jpg,450x300,0,,
2178.jpg,450x300,0,,
2294.jpg,450x300,0,,
2674.jpg,450x300,0,,
346.jpg,450x300,0,,
3586.jpg,450x300,0,,
3649.jpg,450x300,0,,
3652.jpg,450x300,0,,
3773.jpg,450x300,0,,
3918.jpg,450x300,0,,
3968.jpg,450x300,0,,
4381.jpg,450x300,0,,
4516.jpg,450x300,0,,
4522.jpg,450x300,0,,
4525.jpg,450x300,0,,
4527.jpg,450x300,0,,
4740.jpg,450x300,0,,
4799.jpg,450x300,0,,
4803.jpg,450x300,0,,
4809.jpg,450x300,0,,
4859.jpg,450x300,0,,
5114.jpg,450x300,0,,
538.jpg,450x300,0,,
5484.jpg,450x300,0,,
5551.jpg,450x300,0,,
5565.jpg,450x300,0,,
5601.jpg,450x300,0,,
5615.jpg,450x300,0,,
5631.jpg,450x300,0,,
5659.jpg,450x300,0,,
5660.jpg,450x300,0,,
5681.jpg,450x300,0,,
5700.jpg,450x300,0,,
5707.jpg,450x300,0,,
5723.jpg,450x300,0,,
768.jpg,450x300,0,,
871.jpg,450x300,0,,
1088.jpg,750x563,0,,
1129.jpg,750x563,0,,
1510.jpg,750x563,0,,
2073.jpg,750x563,0,,
2826.jpg,750x563,0,,
2892.jpg,750x563,0,,
3290.jpg,750x563,0,,
344.jpg,750x563,0,,
4356.jpg,750x563,0,,
5929.jpg,750x563,0,,
881.jpg,750x563,0,,
1089.jpg,800x600,43,51.353,COD10K-CAM-1-Aquatic-14-ScorpionFish-903.jpg
1174.jpg,800x600,43,44.35,COD10K-CAM-1-Aquatic-7-Flounder-281.jpg
1191.jpg,800x600,43,50.092,COD10K-CAM-2-Terrestrial-33-Grouse-1964.jpg
1199.jpg,800x600,43,49.987,COD10K-CAM-1-Aquatic-14-ScorpionFish-903.jpg
1220.jpg,800x600,43,47.31,COD10K-CAM-2-Terrestrial-40-Rabbit-2357.jpg
1233.jpg,800x600,43,53.845,COD10K-CAM-2-Terrestrial-40-Rabbit-2357.jpg
1248.jpg,800x600,43,60.51,COD10K-CAM-2-Terrestrial-40-Rabbit-2357.jpg
1265.jpg,800x600,43,43.46,COD10K-CAM-2-Terrestrial-40-Rabbit-2357.jpg
141.jpg,800x600,43,48.732,COD10K-CAM-2-Terrestrial-40-Rabbit-2357.jpg
1438.jpg,800x600,43,44.221,COD10K-CAM-2-Terrestrial-40-Rabbit-2357.jpg
1666.jpg,800x600,43,38.539,COD10K-CAM-2-Terrestrial-40-Rabbit-2357.jpg
1674.jpg,800x600,43,47.661,COD10K-CAM-1-Aquatic-14-ScorpionFish-903.jpg
170.jpg,800x600,43,49.491,COD10K-CAM-2-Terrestrial-40-Rabbit-2357.jpg
1828.jpg,800x600,43,63.497,COD10K-CAM-1-Aquatic-15-SeaHorse-970.jpg
2095.jpg,800x600,43,42.055,COD10K-CAM-2-Terrestrial-40-Rabbit-2357.jpg
2122.jpg,800x600,43,51.966,COD10K-CAM-1-Aquatic-16-Shrimp-1135.jpg
2191.jpg,800x600,43,41.367,COD10K-CAM-1-Aquatic-14-ScorpionFish-903.jpg
2202.jpg,800x600,43,47.423,COD10K-CAM-1-Aquatic-16-Shrimp-1135.jpg
2265.jpg,800x600,43,45.377,COD10K-CAM-5-Other-69-Other-5052.jpg
230.jpg,800x600,43,52.993,COD10K-CAM-1-Aquatic-14-ScorpionFish-903.jpg
2425.jpg,800x600,43,50.852,COD10K-CAM-2-Terrestrial-40-Rabbit-2357.jpg
2431.jpg,800x600,43,54.86,COD10K-CAM-2-Terrestrial-40-Rabbit-2357.jpg
2435.jpg,800x600,43,52.513,COD10K-CAM-1-Aquatic-13-Pipefish-829.jpg
2441.jpg,800x600,43,66.322,COD10K-CAM-1-Aquatic-13-Pipefish-829.jpg
2469.jpg,800x600,43,38.752,COD10K-CAM-1-Aquatic-14-ScorpionFish-903.jpg
254.jpg,800x600,43,45.82,COD10K-CAM-1-Aquatic-13-Pipefish-829.jpg
2558.jpg,800x600,43,38.5,COD10K-CAM-5-Other-69-Other-5052.jpg
256.jpg,800x600,43,52.477,COD10K-CAM-5-Other-69-Other-5032.jpg
2617.jpg,800x600,43,51.598,COD10K-CAM-1-Aquatic-13-Pipefish-829.jpg
2631.jpg,800x600,43,57.282,COD10K-CAM-1-Aquatic-14-ScorpionFish-903.jpg
2735.jpg,800x600,43,46.703,COD10K-CAM-1-Aquatic-7-Flounder-281.jpg
2744.jpg,800x600,43,40.814,COD10K-CAM-2-Terrestrial-40-Rabbit-2357.jpg
2771.jpg,800x600,43,48.811,COD10K-CAM-5-Other-69-Other-5052.jpg
2805.jpg,800x600,43,62.02,COD10K-CAM-2-Terrestrial-40-Rabbit-2357.jpg
2864.jpg,800x600,43,40.638,COD10K-CAM-1-Aquatic-13-Pipefish-829.jpg
3325.jpg,800x600,43,40.654,COD10K-CAM-1-Aquatic-9-GhostPipefish-332.jpg
3438.jpg,800x600,43,53.066,COD10K-CAM-2-Terrestrial-40-Rabbit-2357.jpg
3492.jpg,800x600,43,49.126,COD10K-CAM-2-Terrestrial-27-Cheetah-1741.jpg
3611.jpg,800x600,43,69.705,COD10K-CAM-1-Aquatic-14-ScorpionFish-903.jpg
3765.jpg,800x600,43,56.513,COD10K-CAM-1-Aquatic-13-Pipefish-675.jpg
3957.jpg,800x600,43,64.525,COD10K-CAM-3-Flying-53-Bird-3091.jpg
400.jpg,800x600,43,36.598,COD10K-CAM-2-Terrestrial-40-Rabbit-2357.jpg
4014.jpg,800x600,43,67.728,COD10K-CAM-1-Aquatic-14-ScorpionFish-903.jpg
4043.jpg,800x600,43,51.708,COD10K-CAM-1-Aquatic-13-Pipefish-829.jpg
4489.jpg,800x600,43,65.73,COD10K-CAM-4-Amphibian-68-Toad-4844.jpg
45.jpg,800x600,43,47.858,COD10K-CAM-2-Terrestrial-33-Grouse-1964.jpg
4506.jpg,800x600,43,47.409,COD10K-CAM-2-Terrestrial-40-Rabbit-2357.jpg
4507.jpg,800x600,43,62.058,COD10K-CAM-1-Aquatic-14-ScorpionFish-903.jpg
4685.jpg,800x600,43,60.75,COD10K-CAM-1-Aquatic-14-ScorpionFish-903.jpg
4915.jpg,800x600,43,46.941,COD10K-CAM-1-Aquatic-13-Pipefish-829.jpg
4925.jpg,800x600,43,63.14,COD10K-CAM-1-Aquatic-14-ScorpionFish-903.jpg
4965.jpg,800x600,43,43.977,COD10K-CAM-1-Aquatic-14-ScorpionFish-903.jpg
5259.jpg,800x600,43,38.751,COD10K-CAM-1-Aquatic-13-Pipefish-829.jpg
5263.jpg,800x600,43,49.778,COD10K-CAM-3-Flying-53-Bird-3091.jpg
5272.jpg,800x600,43,50.611,COD10K-CAM-1-Aquatic-1-BatFish-1.jpg
5434.jpg,800x600,43,57.255,COD10K-CAM-2-Terrestrial-33-Grouse-1964.jpg
5521.jpg,800x600,43,59.39,COD10K-CAM-1-Aquatic-13-Pipefish-829.jpg
5575.jpg,800x600,43,56.818,COD10K-CAM-2-Terrestrial-40-Rabbit-2357.jpg
56.jpg,800x600,43,50.411,COD10K-CAM-2-Terrestrial-40-Rabbit-2357.jpg
5622.jpg,800x600,43,49.216,COD10K-CAM-1-Aquatic-7-Flounder-281.jpg
5643.jpg,800x600,43,64.942,COD10K-CAM-1-Aquatic-14-ScorpionFish-903.jpg
5655.jpg,800x600,43,60.833,COD10K-CAM-1-Aquatic-7-Flounder-281.jpg
5718.jpg,800x600,43,57.075,COD10K-CAM-2-Terrestrial-33-Grouse-1964.jpg
5724.jpg,800x600,43,55.366,COD10K-CAM-2-Terrestrial-40-Rabbit-2357.jpg
5737.jpg,800x600,43,42.091,COD10K-CAM-2-Terrestrial-40-Rabbit-2357.jpg
622.jpg,800x600,43,45.459,COD10K-CAM-1-Aquatic-13-Pipefish-675.jpg
716.jpg,800x600,43,51.434,COD10K-CAM-1-Aquatic-14-ScorpionFish-903.jpg
75.jpg,800x600,43,45.829,COD10K-CAM-2-Terrestrial-33-Grouse-1964.jpg
85.jpg,800x600,43,40.529,COD10K-CAM-1-Aquatic-13-Pipefish-792.jpg
902.jpg,800x600,43,60.341,COD10K-CAM-5-Other-69-Other-5052.jpg
926.jpg,800x600,43,42.832,COD10K-CAM-1-Aquatic-9-GhostPipefish-332.jpg
1090.jpg,1000x670,1,70.534,COD10K-CAM-2-Terrestrial-45-Spider-2738.jpg
2758.jpg,1000x670,1,59.754,COD10K-CAM-2-Terrestrial-45-Spider-2738.jpg
5452.jpg,1000x670,1,69.426,COD10K-CAM-2-Terrestrial-45-Spider-2738.jpg
5657.jpg,1000x670,1,68.029,COD10K-CAM-2-Terrestrial-45-Spider-2738.jpg
1092.jpg,812x464,0,,
1093.jpg,580x384,0,,
1094.jpg,720x720,2,78.243,COD10K-CAM-2-Terrestrial-45-Spider-2541.jpg
1764.jpg,720x720,2,73.217,COD10K-CAM-2-Terrestrial-38-Lizard-2169.jpg
1810.jpg,720x720,2,57.653,COD10K-CAM-2-Terrestrial-38-Lizard-2169.jpg
1095.jpg,640x477,0,,
3845.jpg,640x477,0,,
1096.jpg,626x311,0,,
1097.jpg,640x360,0,,
1145.jpg,640x360,0,,
1159.jpg,640x360,0,,
1160.jpg,640x360,0,,
1169.jpg,640x360,0,,
1188.jpg,640x360,0,,
1288.jpg,640x360,0,,
1513.jpg,640x360,0,,
1574.jpg,640x360,0,,
1847.jpg,640x360,0,,
1884.jpg,640x360,0,,
1907.jpg,640x360,0,,
1910.jpg,640x360,0,,
1954.jpg,640x360,0,,
1974.jpg,640x360,0,,
2336.jpg,640x360,0,,
2628.jpg,640x360,0,,
2661.jpg,640x360,0,,
2669.jpg,640x360,0,,
2676.jpg,640x360,0,,
2687.jpg,640x360,0,,
2761.jpg,640x360,0,,
3185.jpg,640x360,0,,
3222.jpg,640x360,0,,
3293.jpg,640x360,0,,
3295.jpg,640x360,0,,
3352.jpg,640x360,0,,
3560.jpg,640x360,0,,
3917.jpg,640x360,0,,
3927.jpg,640x360,0,,
393.jpg,640x360,0,,
3935.jpg,640x360,0,,
3958.jpg,640x360,0,,
4055.jpg,640x360,0,,
4105.jpg,640x360,0,,
4109.jpg,640x360,0,,
4383.jpg,640x360,0,,
4481.jpg,640x360,0,,
4696.jpg,640x360,0,,
4713.jpg,640x360,0,,
4717.jpg,640x360,0,,
5382.jpg,640x360,0,,
5410.jpg,640x360,0,,
5508.jpg,640x360,0,,
5535.jpg,640x360,0,,
556.jpg,640x360,0,,
5607.jpg,640x360,0,,
5611.jpg,640x360,0,,
5646.jpg,640x360,0,,
5738.jpg,640x360,0,,
696.jpg,640x360,0,,
70.jpg,640x360,0,,
72.jpg,640x360,0,,
778.jpg,640x360,0,,
876.jpg,640x360,0,,
915.jpg,640x360,0,,
1098.jpg,900x600,5,49.246,COD10K-CAM-1-Aquatic-9-GhostPipefish-331.jpg
1326.jpg,900x600,5,37.725,COD10K-CAM-1-Aquatic-9-GhostPipefish-331.jpg
1333.jpg,900x600,5,41.387,COD10K-CAM-1-Aquatic-9-GhostPipefish-331.jpg
1377.jpg,900x600,5,35.782,COD10K-CAM-1-Aquatic-9-GhostPipefish-331.jpg
1477.jpg,900x600,5,40.515,COD10K-CAM-2-Terrestrial-40-Rabbit-2353.jpg
1530.jpg,900x600,5,40.34,COD10K-CAM-2-Terrestrial-40-Rabbit-2353.jpg
154.jpg,900x600,5,68.285,COD10K-CAM-2-Terrestrial-40-Rabbit-2353.jpg
1833.jpg,900x600,5,63.582,COD10K-CAM-2-Terrestrial-40-Rabbit-2353.jpg
1893.jpg,900x600,5,56.652,COD10K-CAM-1-Aquatic-9-GhostPipefish-331.jpg
1898.jpg,900x600,5,72.229,COD10K-CAM-2-Terrestrial-40-Rabbit-2353.jpg
1977.jpg,900x600,5,56.858,COD10K-CAM-1-Aquatic-9-GhostPipefish-331.jpg
2003.jpg,900x600,5,57.211,COD10K-CAM-2-Terrestrial-40-Rabbit-2353.jpg
201.jpg,900x600,5,53.898,COD10K-CAM-1-Aquatic-9-GhostPipefish-331.jpg
2144.jpg,900x600,5,55.503,COD10K-CAM-1-Aquatic-9-GhostPipefish-331.jpg
2264.jpg,900x600,5,47.649,COD10K-CAM-1-Aquatic-9-GhostPipefish-331.jpg
2330.jpg,900x600,5,37.908,COD10K-CAM-1-Aquatic-9-GhostPipefish-331.jpg
2340.jpg,900x600,5,56.339,COD10K-CAM-1-Aquatic-9-GhostPipefish-331.jpg
2351.jpg,900x600,5,49.578,COD10K-CAM-1-Aquatic-9-GhostPipefish-331.jpg
2381.jpg,900x600,5,45.97,COD10K-CAM-1-Aquatic-9-GhostPipefish-331.jpg
2574.jpg,900x600,5,55.225,COD10K-CAM-2-Terrestrial-40-Rabbit-2353.jpg
2658.jpg,900x600,5,53.135,COD10K-CAM-1-Aquatic-9-GhostPipefish-331.jpg
2701.jpg,900x600,5,49.103,COD10K-CAM-1-Aquatic-9-GhostPipefish-331.jpg
2708.jpg,900x600,5,60.874,COD10K-CAM-1-Aquatic-9-GhostPipefish-331.jpg
2755.jpg,900x600,5,50.253,COD10K-CAM-1-Aquatic-9-GhostPipefish-331.jpg
2804.jpg,900x600,5,47.975,COD10K-CAM-2-Terrestrial-40-Rabbit-2353.jpg
2835.jpg,900x600,5,44.0,COD10K-CAM-2-Terrestrial-40-Rabbit-2353.jpg
2869.jpg,900x600,5,45.972,COD10K-CAM-1-Aquatic-9-GhostPipefish-331.jpg
2926.jpg,900x600,5,56.894,COD10K-CAM-2-Terrestrial-40-Rabbit-2353.jpg
3203.jpg,900x600,5,55.717,COD10K-CAM-2-Terrestrial-40-Rabbit-2353.jpg
3245.jpg,900x600,5,53.975,COD10K-CAM-1-Aquatic-9-GhostPipefish-331.jpg
3581.jpg,900x600,5,55.747,COD10K-CAM-2-Terrestrial-40-Rabbit-2353.jpg
3682.jpg,900x600,5,43.058,COD10K-CAM-2-Terrestrial-40-Rabbit-2353.jpg
3690.jpg,900x600,5,54.593,COD10K-CAM-1-Aquatic-9-GhostPipefish-331.jpg
4152.jpg,900x600,5,53.177,COD10K-CAM-1-Aquatic-9-GhostPipefish-331.jpg
4323.jpg,900x600,5,56.192,COD10K-CAM-1-Aquatic-9-GhostPipefish-331.jpg
457.jpg,900x600,5,37.219,COD10K-CAM-1-Aquatic-9-GhostPipefish-331.jpg
4721.jpg,900x600,5,48.16,COD10K-CAM-2-Terrestrial-40-Rabbit-2353.jpg
4791.jpg,900x600,5,54.606,COD10K-CAM-1-Aquatic-9-GhostPipefish-331.jpg
4870.jpg,900x600,5,58.519,COD10K-CAM-2-Terrestrial-40-Rabbit-2354.jpg
4943.jpg,900x600,5,61.194,COD10K-CAM-2-Terrestrial-40-Rabbit-2353.jpg
5214.jpg,900x600,5,37.222,COD10K-CAM-1-Aquatic-9-GhostPipefish-331.jpg
5504.jpg,900x600,5,39.048,COD10K-CAM-2-Terrestrial-40-Rabbit-2353.jpg
5566.jpg,900x600,5,43.855,COD10K-CAM-2-Terrestrial-40-Rabbit-2353.jpg
5567.jpg,900x600,5,44.887,COD10K-CAM-2-Terrestrial-40-Rabbit-2353.jpg
5587.jpg,900x600,5,41.418,COD10K-CAM-2-Terrestrial-40-Rabbit-2353.jpg
5604.jpg,900x600,5,66.08,COD10K-CAM-2-Terrestrial-40-Rabbit-2354.jpg
5764.jpg,900x600,5,57.924,COD10K-CAM-2-Terrestrial-40-Rabbit-2353.jpg
5770.jpg,900x600,5,54.077,COD10K-CAM-1-Aquatic-9-GhostPipefish-331.jpg
5774.jpg,900x600,5,55.023,COD10K-CAM-2-Terrestrial-40-Rabbit-2353.jpg
5883.jpg,900x600,5,55.75,COD10K-CAM-2-Terrestrial-40-Rabbit-2353.jpg
5974.jpg,900x600,5,45.421,COD10K-CAM-2-Terrestrial-40-Rabbit-2353.jpg
676.jpg,900x600,5,44.855,COD10K-CAM-2-Terrestrial-40-Rabbit-2353.jpg
740.jpg,900x600,5,44.229,COD10K-CAM-2-Terrestrial-40-Rabbit-2353.jpg
849.jpg,900x600,5,46.513,COD10K-CAM-2-Terrestrial-40-Rabbit-2353.jpg
860.jpg,900x600,5,51.614,COD10K-CAM-2-Terrestrial-40-Rabbit-2353.jpg
968.jpg,900x600,5,46.596,COD10K-CAM-1-Aquatic-9-GhostPipefish-331.jpg
1099.jpg,620x400,0,,
2478.jpg,620x400,0,,
11.jpg,1024x761,2,73.89,COD10K-CAM-3-Flying-55-Butterfly-3362.jpg
1101.jpg,419x419,0,,
1102.jpg,500x333,9,44.126,COD10K-CAM-3-Flying-51-Bee-2989.jpg
1289.jpg,500x333,9,47.856,COD10K-CAM-3-Flying-51-Bee-2989.jpg
1524.jpg,500x333,9,45.265,COD10K-CAM-2-Terrestrial-45-Spider-2558.jpg
1704.jpg,500x333,9,37.47,COD10K-CAM-2-Terrestrial-38-Lizard-2191.jpg
2180.jpg,500x333,9,43.12,COD10K-CAM-2-Terrestrial-45-Spider-2558.jpg
2564.jpg,500x333,9,61.317,COD10K-CAM-2-Terrestrial-30-Duck-1865.jpg
2924.jpg,500x333,9,56.852,COD10K-CAM-2-Terrestrial-38-Lizard-2191.jpg
2939.jpg,500x333,9,48.095,COD10K-CAM-3-Flying-51-Bee-2989.jpg
3162.jpg,500x333,9,63.722,COD10K-CAM-2-Terrestrial-45-Spider-2558.jpg
3494.jpg,500x333,9,53.17,COD10K-CAM-4-Amphibian-67-Frog-4722.jpg
3594.jpg,500x333,9,76.863,COD10K-CAM-2-Terrestrial-45-Spider-2558.jpg
3822.jpg,500x333,9,66.703,COD10K-CAM-3-Flying-51-Bee-2989.jpg
3964.jpg,500x333,9,66.249,COD10K-CAM-3-Flying-53-Bird-3095.jpg
4398.jpg,500x333,9,50.071,COD10K-CAM-3-Flying-51-Bee-2989.jpg
4399.jpg,500x333,9,39.443,COD10K-CAM-3-Flying-51-Bee-2989.jpg
4780.jpg,500x333,9,40.301,COD10K-CAM-2-Terrestrial-45-Spider-2558.jpg
5120.jpg,500x333,9,49.097,COD10K-CAM-3-Flying-51-Bee-2989.jpg
5372.jpg,500x333,9,55.715,COD10K-CAM-2-Terrestrial-30-Duck-1865.jpg
5941.jpg,500x333,9,53.338,COD10K-CAM-3-Flying-51-Bee-2989.jpg
5966.jpg,500x333,9,50.25,COD10K-CAM-3-Flying-51-Bee-2989.jpg
1103.jpg,750x1000,0,,
1756.jpg,750x1000,0,,
1787.jpg,750x1000,0,,
4402.jpg,750x1000,0,,
5517.jpg,750x1000,0,,
1104.jpg,800x520,0,,
1105.jpg,550x393,0,,
1106.jpg,600x441,0,,
1107.jpg,800x599,3,82.24,COD10K-CAM-2-Terrestrial-33-Grouse-1963.jpg
4070.jpg,800x599,3,79.153,COD10K-CAM-2-Terrestrial-30-Duck-1867.jpg
5210.jpg,800x599,3,61.569,COD10K-CAM-1-Aquatic-13-Pipefish-564.jpg
5311.jpg,800x599,3,70.136,COD10K-CAM-1-Aquatic-13-Pipefish-564.jpg
5945.jpg,800x599,3,65.266,COD10K-CAM-2-Terrestrial-33-Grouse-1963.jpg
1108.jpg,600x397,0,,
1111.jpg,600x397,0,,
1672.jpg,600x397,0,,
1684.jpg,600x397,0,,
1109.jpg,700x450,0,,
111.jpg,900x675,3,55.026,COD10K-CAM-2-Terrestrial-24-Caterpillar-1627.jpg
1252.jpg,900x675,3,66.369,COD10K-CAM-2-Terrestrial-24-Caterpillar-1627.jpg
1258.jpg,900x675,3,62.752,COD10K-CAM-3-Flying-59-Grasshopper-3631.jpg
2089.jpg,900x675,3,72.316,COD10K-CAM-2-Terrestrial-24-Caterpillar-1627.jpg
2104.jpg,900x675,3,50.86,COD10K-CAM-3-Flying-59-Grasshopper-3631.jpg
2141.jpg,900x675,3,46.751,COD10K-CAM-2-Terrestrial-24-Caterpillar-1627.jpg
2163.jpg,900x675,3,57.982,COD10K-CAM-2-Terrestrial-24-Caterpillar-1627.jpg
2270.jpg,900x675,3,50.646,COD10K-CAM-2-Terrestrial-24-Caterpillar-1627.jpg
2306.jpg,900x675,3,46.044,COD10K-CAM-2-Terrestrial-24-Caterpillar-1627.jpg
2368.jpg,900x675,3,52.513,COD10K-CAM-2-Terrestrial-24-Caterpillar-1627.jpg
2395.jpg,900x675,3,68.662,COD10K-CAM-3-Flying-59-Grasshopper-3631.jpg
2702.jpg,900x675,3,59.957,COD10K-CAM-2-Terrestrial-24-Caterpillar-1627.jpg
310.jpg,900x675,3,64.279,COD10K-CAM-3-Flying-59-Grasshopper-3631.jpg
3779.jpg,900x675,3,54.125,COD10K-CAM-3-Flying-59-Grasshopper-3631.jpg
4000.jpg,900x675,3,54.121,COD10K-CAM-2-Terrestrial-45-Spider-2513.jpg
4175.jpg,900x675,3,69.998,COD10K-CAM-2-Terrestrial-24-Caterpillar-1627.jpg
4845.jpg,900x675,3,71.138,COD10K-CAM-3-Flying-59-Grasshopper-3631.jpg
5525.jpg,900x675,3,70.771,COD10K-CAM-3-Flying-59-Grasshopper-3631.jpg
5591.jpg,900x675,3,53.306,COD10K-CAM-3-Flying-59-Grasshopper-3631.jpg
5642.jpg,900x675,3,51.639,COD10K-CAM-2-Terrestrial-45-Spider-2513.jpg
5684.jpg,900x675,3,62.179,COD10K-CAM-2-Terrestrial-45-Spider-2513.jpg
5695.jpg,900x675,3,69.269,COD10K-CAM-2-Terrestrial-24-Caterpillar-1627.jpg
5708.jpg,900x675,3,55.483,COD10K-CAM-3-Flying-59-Grasshopper-3631.jpg
5973.jpg,900x675,3,62.114,COD10K-CAM-3-Flying-59-Grasshopper-3631.jpg
706.jpg,900x675,3,64.764,COD10K-CAM-3-Flying-59-Grasshopper-3631.jpg
1110.jpg,1024x576,57,48.63,COD10K-CAM-2-Terrestrial-23-Cat-1322.jpg
1364.jpg,1024x576,57,17.19,COD10K-CAM-2-Terrestrial-47-Tiger-2911.jpg
1414.jpg,1024x576,57,54.415,COD10K-CAM-1-Aquatic-7-Flounder-279.jpg
1463.jpg,1024x576,57,59.589,COD10K-CAM-2-Terrestrial-23-Cat-1322.jpg
1555.jpg,1024x576,57,25.414,COD10K-CAM-4-Amphibian-67-Frog-4758.jpg
2209.jpg,1024x576,57,47.771,COD10K-CAM-4-Amphibian-67-Frog-4731.jpg
2581.jpg,1024x576,57,50.621,COD10K-CAM-2-Terrestrial-21-Ant-1242.jpg
2688.jpg,1024x576,57,43.971,COD10K-CAM-3-Flying-59-Grasshopper-3797.jpg
3343.jpg,1024x576,57,40.792,COD10K-CAM-1-Aquatic-7-Flounder-279.jpg
3365.jpg,1024x576,57,54.597,COD10K-CAM-4-Amphibian-67-Frog-4758.jpg
3403.jpg,1024x576,57,43.249,COD10K-CAM-4-Amphibian-67-Frog-4758.jpg
364.jpg,1024x576,57,67.385,COD10K-CAM-1-Aquatic-7-Flounder-263.jpg
3893.jpg,1024x576,57,42.645,COD10K-CAM-2-Terrestrial-23-Cat-1322.jpg
4008.jpg,1024x576,57,49.424,COD10K-CAM-1-Aquatic-9-GhostPipefish-365.jpg
4034.jpg,1024x576,57,62.092,COD10K-CAM-1-Aquatic-7-Flounder-263.jpg
4372.jpg,1024x576,57,32.19,COD10K-CAM-4-Amphibian-67-Frog-4731.jpg
4405.jpg,1024x576,57,45.767,COD10K-CAM-3-Flying-62-Mantis-4286.jpg
4709.jpg,1024x576,57,50.837,COD10K-CAM-4-Amphibian-67-Frog-4758.jpg
4812.jpg,1024x576,57,44.796,COD10K-CAM-3-Flying-56-Cicada-3493.jpg
5552.jpg,1024x576,57,72.537,COD10K-CAM-4-Amphibian-67-Frog-4758.jpg
5757.jpg,1024x576,57,35.958,COD10K-CAM-4-Amphibian-67-Frog-4731.jpg
602.jpg,1024x576,57,40.744,COD10K-CAM-1-Aquatic-9-GhostPipefish-365.jpg
1112.jpg,450x338,0,,
2059.jpg,450x338,0,,
2610.jpg,450x338,0,,
2641.jpg,450x338,0,,
4786.jpg,450x338,0,,
4838.jpg,450x338,0,,
4927.jpg,450x338,0,,
1113.jpg,646x470,0,,
1114.jpg,700x531,0,,
1115.jpg,500x375,2,73.624,COD10K-CAM-4-Amphibian-68-Toad-4823.jpg
123.jpg,500x375,2,59.823,COD10K-CAM-4-Amphibian-68-Toad-4823.jpg
1393.jpg,500x375,2,62.86,COD10K-CAM-4-Amphibian-68-Toad-4823.jpg
1527.jpg,500x375,2,67.143,COD10K-CAM-1-Aquatic-4-Crocodile-106.jpg
1654.jpg,500x375,2,70.225,COD10K-CAM-4-Amphibian-68-Toad-4823.jpg
1957.jpg,500x375,2,69.305,COD10K-CAM-1-Aquatic-4-Crocodile-106.jpg
2043.jpg,500x375,2,57.981,COD10K-CAM-1-Aquatic-4-Crocodile-106.jpg
2056.jpg,500x375,2,74.206,COD10K-CAM-1-Aquatic-4-Crocodile-106.jpg
2125.jpg,500x375,2,65.801,COD10K-CAM-1-Aquatic-4-Crocodile-106.jpg
2420.jpg,500x375,2,89.287,COD10K-CAM-1-Aquatic-4-Crocodile-106.jpg
2570.jpg,500x375,2,65.378,COD10K-CAM-4-Amphibian-68-Toad-4823.jpg
3302.jpg,500x375,2,82.279,COD10K-CAM-1-Aquatic-4-Crocodile-106.jpg
4097.jpg,500x375,2,45.385,COD10K-CAM-1-Aquatic-4-Crocodile-106.jpg
4117.jpg,500x375,2,53.562,COD10K-CAM-1-Aquatic-4-Crocodile-106.jpg
4246.jpg,500x375,2,88.878,COD10K-CAM-1-Aquatic-4-Crocodile-106.jpg
4263.jpg,500x375,2,89.99,COD10K-CAM-1-Aquatic-4-Crocodile-106.jpg
4277.jpg,500x375,2,64.567,COD10K-CAM-1-Aquatic-4-Crocodile-106.jpg
4478.jpg,500x375,2,122.393,COD10K-CAM-1-Aquatic-4-Crocodile-106.jpg
471.jpg,500x375,2,48.855,COD10K-CAM-1-Aquatic-4-Crocodile-106.jpg
4743.jpg,500x375,2,67.314,COD10K-CAM-1-Aquatic-4-Crocodile-106.jpg
4848.jpg,500x375,2,73.093,COD10K-CAM-1-Aquatic-4-Crocodile-106.jpg
4921.jpg,500x375,2,51.089,COD10K-CAM-1-Aquatic-4-Crocodile-106.jpg
5170.jpg,500x375,2,74.81,COD10K-CAM-4-Amphibian-68-Toad-4823.jpg
519.jpg,500x375,2,72.647,COD10K-CAM-1-Aquatic-4-Crocodile-106.jpg
5331.jpg,500x375,2,63.051,COD10K-CAM-4-Amphibian-68-Toad-4823.jpg
5673.jpg,500x375,2,75.465,COD10K-CAM-4-Amphibian-68-Toad-4823.jpg
5783.jpg,500x375,2,78.749,COD10K-CAM-4-Amphibian-68-Toad-4823.jpg
5963.jpg,500x375,2,58.976,COD10K-CAM-4-Amphibian-68-Toad-4823.jpg
615.jpg,500x375,2,65.639,COD10K-CAM-1-Aquatic-4-Crocodile-106.jpg
844.jpg,500x375,2,59.392,COD10K-CAM-4-Amphibian-68-Toad-4823.jpg
1116.jpg,848x565,0,,
3130.jpg,848x565,0,,
1118.jpg,1072x715,0,,
1150.jpg,1072x715,0,,
1822.jpg,1072x715,0,,
3515.jpg,1072x715,0,,
5668.jpg,1072x715,0,,
5726.jpg,1072x715,0,,
722.jpg,1072x715,0,,
1119.jpg,800x531,1,58.546,COD10K-CAM-1-Aquatic-18-StarFish-1155.jpg
1535.jpg,800x531,1,60.941,COD10K-CAM-1-Aquatic-18-StarFish-1155.jpg
1635.jpg,800x531,1,71.121,COD10K-CAM-1-Aquatic-18-StarFish-1155.jpg
190.jpg,800x531,1,81.549,COD10K-CAM-1-Aquatic-18-StarFish-1155.jpg
2609.jpg,800x531,1,69.777,COD10K-CAM-1-Aquatic-18-StarFish-1155.jpg
329.jpg,800x531,1,71.072,COD10K-CAM-1-Aquatic-18-StarFish-1155.jpg
334.jpg,800x531,1,66.958,COD10K-CAM-1-Aquatic-18-StarFish-1155.jpg
4018.jpg,800x531,1,87.382,COD10K-CAM-1-Aquatic-18-StarFish-1155.jpg
4730.jpg,800x531,1,50.045,COD10K-CAM-1-Aquatic-18-StarFish-1155.jpg
502.jpg,800x531,1,78.658,COD10K-CAM-1-Aquatic-18-StarFish-1155.jpg
1120.jpg,300x450,0,,
1687.jpg,300x450,0,,
2014.jpg,300x450,0,,
2019.jpg,300x450,0,,
2068.jpg,300x450,0,,
2194.jpg,300x450,0,,
2196.jpg,300x450,0,,
476.jpg,300x450,0,,
5600.jpg,300x450,0,,
5761.jpg,300x450,0,,
637.jpg,300x450,0,,
1122.jpg,604x453,0,,
1124.jpg,800x586,0,,
1126.jpg,640x480,15,43.019,COD10K-CAM-1-Aquatic-11-Octopus-449.jpg
1186.jpg,640x480,15,68.954,COD10K-CAM-1-Aquatic-11-Octopus-449.jpg
1241.jpg,640x480,15,63.974,COD10K-CAM-2-Terrestrial-49-Worm-2933.jpg
1253.jpg,640x480,15,58.204,COD10K-CAM-2-Terrestrial-30-Duck-1877.jpg
1254.jpg,640x480,15,59.633,COD10K-CAM-3-Flying-59-Grasshopper-3739.jpg
1298.jpg,640x480,15,51.567,COD10K-CAM-1-Aquatic-11-Octopus-449.jpg
1475.jpg,640x480,15,58.563,COD10K-CAM-1-Aquatic-11-Octopus-449.jpg
1545.jpg,640x480,15,66.448,COD10K-CAM-2-Terrestrial-45-Spider-2497.jpg
1803.jpg,640x480,15,61.981,COD10K-CAM-3-Flying-59-Grasshopper-3739.jpg
1925.jpg,640x480,15,50.13,COD10K-CAM-1-Aquatic-11-Octopus-449.jpg
2029.jpg,640x480,15,66.463,COD10K-CAM-1-Aquatic-11-Octopus-449.jpg
2103.jpg,640x480,15,60.407,COD10K-CAM-1-Aquatic-11-Octopus-449.jpg
2147.jpg,640x480,15,52.246,COD10K-CAM-3-Flying-59-Grasshopper-3667.jpg
2424.jpg,640x480,15,59.208,COD10K-CAM-2-Terrestrial-45-Spider-2497.jpg
244.jpg,640x480,15,58.123,COD10K-CAM-1-Aquatic-11-Octopus-449.jpg
2459.jpg,640x480,15,67.612,COD10K-CAM-1-Aquatic-11-Octopus-449.jpg
2522.jpg,640x480,15,56.981,COD10K-CAM-1-Aquatic-11-Octopus-449.jpg
2534.jpg,640x480,15,52.306,COD10K-CAM-1-Aquatic-13-Pipefish-678.jpg
2825.jpg,640x480,15,54.909,COD10K-CAM-1-Aquatic-11-Octopus-449.jpg
2831.jpg,640x480,15,47.976,COD10K-CAM-2-Terrestrial-30-Duck-1877.jpg
2962.jpg,640x480,15,65.905,COD10K-CAM-1-Aquatic-11-Octopus-449.jpg
3120.jpg,640x480,15,54.06,COD10K-CAM-1-Aquatic-13-Pipefish-678.jpg
3132.jpg,640x480,15,60.242,COD10K-CAM-3-Flying-59-Grasshopper-3739.jpg
3413.jpg,640x480,15,54.934,COD10K-CAM-1-Aquatic-11-Octopus-449.jpg
3460.jpg,640x480,15,60.87,COD10K-CAM-1-Aquatic-11-Octopus-449.jpg
3559.jpg,640x480,15,52.745,COD10K-CAM-1-Aquatic-11-Octopus-449.jpg
3600.jpg,640x480,15,38.022,COD10K-CAM-3-Flying-59-Grasshopper-3667.jpg
3693.jpg,640x480,15,62.85,COD10K-CAM-1-Aquatic-11-Octopus-449.jpg
3707.jpg,640x480,15,56.067,COD10K-CAM-2-Terrestrial-45-Spider-2497.jpg
3713.jpg,640x480,15,58.212,COD10K-CAM-2-Terrestrial-45-Spider-2497.jpg
3717.jpg,640x480,15,49.479,COD10K-CAM-1-Aquatic-11-Octopus-449.jpg
3817.jpg,640x480,15,41.481,COD10K-CAM-1-Aquatic-11-Octopus-449.jpg
3823.jpg,640x480,15,45.895,COD10K-CAM-1-Aquatic-11-Octopus-449.jpg
3830.jpg,640x480,15,45.754,COD10K-CAM-1-Aquatic-11-Octopus-449.jpg
3876.jpg,640x480,15,51.787,COD10K-CAM-2-Terrestrial-45-Spider-2497.jpg
4081.jpg,640x480,15,53.384,COD10K-CAM-1-Aquatic-11-Octopus-449.jpg
4325.jpg,640x480,15,57.109,COD10K-CAM-2-Terrestrial-30-Duck-1877.jpg
4336.jpg,640x480,15,59.604,COD10K-CAM-1-Aquatic-11-Octopus-449.jpg
4511.jpg,640x480,15,56.122,COD10K-CAM-2-Terrestrial-45-Spider-2497.jpg
4606.jpg,640x480,15,49.393,COD10K-CAM-1-Aquatic-11-Octopus-449.jpg
4625.jpg,640x480,15,65.184,COD10K-CAM-2-Terrestrial-30-Duck-1877.jpg
4734.jpg,640x480,15,50.561,COD10K-CAM-1-Aquatic-11-Octopus-449.jpg
4860.jpg,640x480,15,53.15,COD10K-CAM-1-Aquatic-11-Octopus-449.jpg
4910.jpg,640x480,15,50.071,COD10K-CAM-1-Aquatic-11-Octopus-449.jpg
4917.jpg,640x480,15,56.114,COD10K-CAM-1-Aquatic-11-Octopus-449.jpg
5110.jpg,640x480,15,69.263,COD10K-CAM-1-Aquatic-15-SeaHorse-1018.jpg
5465.jpg,640x480,15,51.76,COD10K-CAM-1-Aquatic-11-Octopus-449.jpg
5501.jpg,640x480,15,66.334,COD10K-CAM-1-Aquatic-15-SeaHorse-1018.jpg
5616.jpg,640x480,15,56.678,COD10K-CAM-1-Aquatic-11-Octopus-449.jpg
562.jpg,640x480,15,52.381,COD10K-CAM-1-Aquatic-11-Octopus-449.jpg
5637.jpg,640x480,15,71.426,COD10K-CAM-2-Terrestrial-49-Worm-2933.jpg
65.jpg,640x480,15,52.7,COD10K-CAM-1-Aquatic-11-Octopus-449.jpg
786.jpg,640x480,15,56.694,COD10K-CAM-1-Aquatic-11-Octopus-449.jpg
810.jpg,640x480,15,53.901,COD10K-CAM-1-Aquatic-11-Octopus-449.jpg
853.jpg,640x480,15,49.709,COD10K-CAM-1-Aquatic-13-Pipefish-678.jpg
1127.jpg,840x560,0,,
1128.jpg,989x742,0,,
63.jpg,989x742,0,,
1130.jpg,904x604,0,,
1131.jpg,960x640,0,,
1206.jpg,960x640,0,,
1260.jpg,960x640,0,,
1665.jpg,960x640,0,,
1678.jpg,960x640,0,,
2039.jpg,960x640,0,,
2143.jpg,960x640,0,,
2803.jpg,960x640,0,,
2859.jpg,960x640,0,,
327.jpg,960x640,0,,
4431.jpg,960x640,0,,
4908.jpg,960x640,0,,
549.jpg,960x640,0,,
5713.jpg,960x640,0,,
5832.jpg,960x640,0,,
690.jpg,960x640,0,,
729.jpg,960x640,0,,
1132.jpg,680x383,0,,
1133.jpg,443x295,0,,
1134.jpg,1023x682,45,43.898,COD10K-CAM-2-Terrestrial-24-Caterpillar-1542.jpg
1335.jpg,1023x682,45,42.77,COD10K-CAM-3-Flying-61-Katydid-4223.jpg
1341.jpg,1023x682,45,52.325,COD10K-CAM-3-Flying-61-Katydid-4223.jpg
1798.jpg,1023x682,45,47.794,COD10K-CAM-1-Aquatic-13-Pipefish-801.jpg
2471.jpg,1023x682,45,56.578,COD10K-CAM-3-Flying-61-Katydid-4223.jpg
3441.jpg,1023x682,45,50.33,COD10K-CAM-2-Terrestrial-45-Spider-2752.jpg
3461.jpg,1023x682,45,52.605,COD10K-CAM-3-Flying-62-Mantis-4374.jpg
3504.jpg,1023x682,45,48.553,COD10K-CAM-3-Flying-52-Beetle-3006.jpg
3724.jpg,1023x682,45,38.688,COD10K-CAM-1-Aquatic-13-Pipefish-794.jpg
3857.jpg,1023x682,45,54.383,COD10K-CAM-2-Terrestrial-45-Spider-2752.jpg
3943.jpg,1023x682,45,54.969,COD10K-CAM-2-Terrestrial-45-Spider-2752.jpg
4868.jpg,1023x682,45,44.868,COD10K-CAM-4-Amphibian-68-Toad-4940.jpg
4873.jpg,1023x682,45,60.986,COD10K-CAM-3-Flying-55-Butterfly-3345.jpg
49.jpg,1023x682,45,60.315,COD10K-CAM-3-Flying-65-Owl-4545.jpg
4901.jpg,1023x682,45,54.799,COD10K-CAM-1-Aquatic-13-Pipefish-797.jpg
5667.jpg,1023x682,45,43.294,COD10K-CAM-1-Aquatic-13-Pipefish-797.jpg
5721.jpg,1023x682,45,62.668,COD10K-CAM-2-Terrestrial-45-Spider-2752.jpg
788.jpg,1023x682,45,54.865,COD10K-CAM-4-Amphibian-68-Toad-4858.jpg
937.jpg,1023x682,45,47.105,COD10K-CAM-1-Aquatic-13-Pipefish-801.jpg
1135.jpg,800x623,0,,
1136.jpg,475x318,0,,
1137.jpg,627x480,0,,
114.jpg,500x334,4,48.327,COD10K-CAM-2-Terrestrial-47-Tiger-2879.jpg
131.jpg,500x334,4,56.004,COD10K-CAM-2-Terrestrial-23-Cat-1335.jpg
1330.jpg,500x334,4,73.765,COD10K-CAM-3-Flying-53-Bird-3097.jpg
2406.jpg,500x334,4,55.625,COD10K-CAM-2-Terrestrial-23-Cat-1335.jpg
3001.jpg,500x334,4,52.232,COD10K-CAM-2-Terrestrial-23-Cat-1335.jpg
3348.jpg,500x334,4,42.423,COD10K-CAM-2-Terrestrial-47-Tiger-2879.jpg
3941.jpg,500x334,4,53.906,COD10K-CAM-2-Terrestrial-23-Cat-1335.jpg
3980.jpg,500x334,4,60.813,COD10K-CAM-2-Terrestrial-47-Tiger-2879.jpg
4003.jpg,500x334,4,62.95,COD10K-CAM-2-Terrestrial-23-Cat-1335.jpg
4128.jpg,500x334,4,56.234,COD10K-CAM-3-Flying-53-Bird-3097.jpg
4725.jpg,500x334,4,56.379,COD10K-CAM-3-Flying-53-Bird-3097.jpg
4811.jpg,500x334,4,56.506,COD10K-CAM-3-Flying-53-Bird-3097.jpg
5295.jpg,500x334,4,47.312,COD10K-CAM-2-Terrestrial-23-Cat-1335.jpg
5614.jpg,500x334,4,65.812,COD10K-CAM-3-Flying-53-Bird-3097.jpg
1142.jpg,502x378,0,,
1143.jpg,850x566,0,,
1667.jpg,850x566,0,,
2268.jpg,850x566,0,,
1144.jpg,287x433,0,,
1146.jpg,950x634,0,,
1147.jpg,650x433,0,,
1367.jpg,650x433,0,,
1370.jpg,650x433,0,,
1575.jpg,650x433,0,,
177.jpg,650x433,0,,
2220.jpg,650x433,0,,
3072.jpg,650x433,0,,
3408.jpg,650x433,0,,
4095.jpg,650x433,0,,
4785.jpg,650x433,0,,
5507.jpg,650x433,0,,
5644.jpg,650x433,0,,
770.jpg,650x433,0,,
1149.jpg,532x355,0,,
1151.jpg,600x450,1,64.897,COD10K-CAM-1-Aquatic-13-Pipefish-739.jpg
1193.jpg,600x450,1,57.478,COD10K-CAM-1-Aquatic-13-Pipefish-739.jpg
1487.jpg,600x450,1,58.943,COD10K-CAM-1-Aquatic-13-Pipefish-739.jpg
1821.jpg,600x450,1,64.54,COD10K-CAM-1-Aquatic-13-Pipefish-739.jpg
1859.jpg,600x450,1,70.412,COD10K-CAM-1-Aquatic-13-Pipefish-739.jpg
1942.jpg,600x450,1,57.877,COD10K-CAM-1-Aquatic-13-Pipefish-739.jpg
2806.jpg,600x450,1,68.207,COD10K-CAM-1-Aquatic-13-Pipefish-739.jpg
2903.jpg,600x450,1,84.687,COD10K-CAM-1-Aquatic-13-Pipefish-739.jpg
3472.jpg,600x450,1,72.719,COD10K-CAM-1-Aquatic-13-Pipefish-739.jpg
3563.jpg,600x450,1,80.492,COD10K-CAM-1-Aquatic-13-Pipefish-739.jpg
369.jpg,600x450,1,58.036,COD10K-CAM-1-Aquatic-13-Pipefish-739.jpg
3710.jpg,600x450,1,63.506,COD10K-CAM-1-Aquatic-13-Pipefish-739.jpg
3734.jpg,600x450,1,113.421,COD10K-CAM-1-Aquatic-13-Pipefish-739.jpg
3790.jpg,600x450,1,63.98,COD10K-CAM-1-Aquatic-13-Pipefish-739.jpg
4026.jpg,600x450,1,76.55,COD10K-CAM-1-Aquatic-13-Pipefish-739.jpg
4052.jpg,600x450,1,73.117,COD10K-CAM-1-Aquatic-13-Pipefish-739.jpg
4113.jpg,600x450,1,56.805,COD10K-CAM-1-Aquatic-13-Pipefish-739.jpg
4120.jpg,600x450,1,69.726,COD10K-CAM-1-Aquatic-13-Pipefish-739.jpg
42.jpg,600x450,1,65.563,COD10K-CAM-1-Aquatic-13-Pipefish-739.jpg
4359.jpg,600x450,1,60.709,COD10K-CAM-1-Aquatic-13-Pipefish-739.jpg
4373.jpg,600x450,1,65.862,COD10K-CAM-1-Aquatic-13-Pipefish-739.jpg
4448.jpg,600x450,1,70.52,COD10K-CAM-1-Aquatic-13-Pipefish-739.jpg
489.jpg,600x450,1,47.855,COD10K-CAM-1-Aquatic-13-Pipefish-739.jpg
5037.jpg,600x450,1,66.983,COD10K-CAM-1-Aquatic-13-Pipefish-739.jpg
5290.jpg,600x450,1,72.277,COD10K-CAM-1-Aquatic-13-Pipefish-739.jpg
5304.jpg,600x450,1,59.482,COD10K-CAM-1-Aquatic-13-Pipefish-739.jpg
5314.jpg,600x450,1,54.679,COD10K-CAM-1-Aquatic-13-Pipefish-739.jpg
5327.jpg,600x450,1,86.144,COD10K-CAM-1-Aquatic-13-Pipefish-739.jpg
5336.jpg,600x450,1,64.704,COD10K-CAM-1-Aquatic-13-Pipefish-739.jpg
5365.jpg,600x450,1,64.654,COD10K-CAM-1-Aquatic-13-Pipefish-739.jpg
5375.jpg,600x450,1,67.824,COD10K-CAM-1-Aquatic-13-Pipefish-739.jpg
54.jpg,600x450,1,66.048,COD10K-CAM-1-Aquatic-13-Pipefish-739.jpg
5444.jpg,600x450,1,67.151,COD10K-CAM-1-Aquatic-13-Pipefish-739.jpg
5457.jpg,600x450,1,85.028,COD10K-CAM-1-Aquatic-13-Pipefish-739.jpg
5512.jpg,600x450,1,63.08,COD10K-CAM-1-Aquatic-13-Pipefish-739.jpg
5785.jpg,600x450,1,70.749,COD10K-CAM-1-Aquatic-13-Pipefish-739.jpg
5799.jpg,600x450,1,69.734,COD10K-CAM-1-Aquatic-13-Pipefish-739.jpg
5871.jpg,600x450,1,76.359,COD10K-CAM-1-Aquatic-13-Pipefish-739.jpg
5926.jpg,600x450,1,71.509,COD10K-CAM-1-Aquatic-13-Pipefish-739.jpg
650.jpg,600x450,1,75.944,COD10K-CAM-1-Aquatic-13-Pipefish-739.jpg
654.jpg,600x450,1,60.461,COD10K-CAM-1-Aquatic-13-Pipefish-739.jpg
671.jpg,600x450,1,84.338,COD10K-CAM-1-Aquatic-13-Pipefish-739.jpg
798.jpg,600x450,1,49.975,COD10K-CAM-1-Aquatic-13-Pipefish-739.jpg
1154.jpg,500x500,0,,
2130.jpg,500x500,0,,
2263.jpg,500x500,0,,
2337.jpg,500x500,0,,
2358.jpg,500x500,0,,
2380.jpg,500x500,0,,
2960.jpg,500x500,0,,
3640.jpg,500x500,0,,
431.jpg,500x500,0,,
4415.jpg,500x500,0,,
4458.jpg,500x500,0,,
4571.jpg,500x500,0,,
5514.jpg,500x500,0,,
5557.jpg,500x500,0,,
614.jpg,500x500,0,,
1155.jpg,1024x540,0,,
2128.jpg,1024x540,0,,
2168.jpg,1024x540,0,,
2226.jpg,1024x540,0,,
2559.jpg,1024x540,0,,
2684.jpg,1024x540,0,,
3440.jpg,1024x540,0,,
43.jpg,1024x540,0,,
1157.jpg,560x374,0,,
1185.jpg,560x374,0,,
890.jpg,560x374,0,,
1158.jpg,650x400,0,,
4767.jpg,650x400,0,,
116.jpg,612x406,0,,
315.jpg,612x406,0,,
4288.jpg,612x406,0,,
1161.jpg,960x698,0,,
1162.jpg,748x497,0,,
1291.jpg,748x497,0,,
1165.jpg,889x667,0,,
3887.jpg,889x667,0,,
3975.jpg,889x667,0,,
5795.jpg,889x667,0,,
5807.jpg,889x667,0,,
5874.jpg,889x667,0,,
1168.jpg,640x457,0,,
176.jpg,640x457,0,,
117.jpg,700x499,0,,
1172.jpg,962x639,0,,
1173.jpg,750x535,0,,
4802.jpg,750x535,0,,
1175.jpg,640x503,0,,
1176.jpg,1000x562,0,,
3239.jpg,1000x562,0,,
1177.jpg,800x553,0,,
3592.jpg,800x553,0,,
5568.jpg,800x553,0,,
1179.jpg,374x560,0,,
1180.jpg,450x450,0,,
1679.jpg,450x450,0,,
1795.jpg,450x450,0,,
1858.jpg,450x450,0,,
2830.jpg,450x450,0,,
3767.jpg,450x450,0,,
3812.jpg,450x450,0,,
3923.jpg,450x450,0,,
3944.jpg,450x450,0,,
4010.jpg,450x450,0,,
4256.jpg,450x450,0,,
4867.jpg,450x450,0,,
5256.jpg,450x450,0,,
5334.jpg,450x450,0,,
776.jpg,450x450,0,,
809.jpg,450x450,0,,
821.jpg,450x450,0,,
1181.jpg,962x629,0,,
3193.jpg,962x629,0,,
1192.jpg,584x389,0,,
1194.jpg,800x558,0,,
4496.jpg,800x558,0,,
1195.jpg,643x641,0,,
1196.jpg,638x479,0,,
3337.jpg,638x479,0,,
12.jpg,500x391,0,,
1200.jpg,544x364,0,,
1201.jpg,620x413,1,67.38,COD10K-CAM-4-Amphibian-68-Toad-4866.jpg
242.jpg,620x413,1,46.879,COD10K-CAM-4-Amphibian-68-Toad-4866.jpg
3086.jpg,620x413,1,71.933,COD10K-CAM-4-Amphibian-68-Toad-4866.jpg
5207.jpg,620x413,1,103.08,COD10K-CAM-4-Amphibian-68-Toad-4866.jpg
795.jpg,620x413,1,65.729,COD10K-CAM-4-Amphibian-68-Toad-4866.jpg
1202.jpg,640x478,0,,
1204.jpg,828x360,0,,
1207.jpg,590x388,0,,
1209.jpg,590x393,0,,
1949.jpg,590x393,0,,
3698.jpg,590x393,0,,
1210.jpg,962x564,0,,
1211.jpg,700x464,0,,
4436.jpg,700x464,0,,
4918.jpg,700x464,0,,
1212.jpg,893x681,0,,
1214.jpg,688x681,0,,
1215.jpg,1000x600,0,,
5222.jpg,1000x600,0,,
1216.jpg,640x402,0,,
1217.jpg,1024x658,4,51.784,COD10K-CAM-2-Terrestrial-28-Deer-1771.jpg
1218.jpg,893x716,0,,
1221.jpg,595x893,0,,
1222.jpg,580x547,0,,
1223.jpg,300x452,0,,
1225.jpg,560x549,0,,
1226.jpg,760x476,0,,
1227.jpg,750x422,0,,
3053.jpg,750x422,0,,
1228.jpg,560x560,0,,
1240.jpg,560x560,0,,
4491.jpg,560x560,0,,
1230.jpg,346x450,0,,
1232.jpg,805x603,0,,
1235.jpg,800x534,3,64.461,COD10K-CAM-2-Terrestrial-38-Lizard-2121.jpg
1247.jpg,800x534,3,44.374,COD10K-CAM-2-Terrestrial-29-Dog-1806.jpg
1270.jpg,800x534,3,44.407,COD10K-CAM-3-Flying-59-Grasshopper-3724.jpg
139.jpg,800x534,3,56.033,COD10K-CAM-3-Flying-59-Grasshopper-3724.jpg
1407.jpg,800x534,3,75.612,COD10K-CAM-2-Terrestrial-38-Lizard-2121.jpg
1579.jpg,800x534,3,50.1,COD10K-CAM-2-Terrestrial-29-Dog-1806.jpg
1580.jpg,800x534,3,51.382,COD10K-CAM-2-Terrestrial-29-Dog-1806.jpg
164.jpg,800x534,3,66.456,COD10K-CAM-3-Flying-59-Grasshopper-3724.jpg
2354.jpg,800x534,3,61.516,COD10K-CAM-3-Flying-59-Grasshopper-3724.jpg
2575.jpg,800x534,3,60.686,COD10K-CAM-3-Flying-59-Grasshopper-3724.jpg
3847.jpg,800x534,3,62.551,COD10K-CAM-2-Terrestrial-38-Lizard-2121.jpg
4031.jpg,800x534,3,54.162,COD10K-CAM-3-Flying-59-Grasshopper-3724.jpg
4124.jpg,800x534,3,52.322,COD10K-CAM-2-Terrestrial-29-Dog-1806.jpg
4365.jpg,800x534,3,54.228,COD10K-CAM-2-Terrestrial-38-Lizard-2121.jpg
4368.jpg,800x534,3,53.961,COD10K-CAM-2-Terrestrial-38-Lizard-2121.jpg
4390.jpg,800x534,3,82.039,COD10K-CAM-3-Flying-59-Grasshopper-3724.jpg
4477.jpg,800x534,3,48.985,COD10K-CAM-2-Terrestrial-29-Dog-1806.jpg
4887.jpg,800x534,3,57.26,COD10K-CAM-2-Terrestrial-38-Lizard-2121.jpg
4907.jpg,800x534,3,54.454,COD10K-CAM-2-Terrestrial-38-Lizard-2121.jpg
888.jpg,800x534,3,48.421,COD10K-CAM-3-Flying-59-Grasshopper-3724.jpg
1236.jpg,640x513,0,,
1244.jpg,800x746,0,,
1245.jpg,1200x630,0,,
1497.jpg,1200x630,0,,
1618.jpg,1200x630,0,,
1800.jpg,1200x630,0,,
2437.jpg,1200x630,0,,
2489.jpg,1200x630,0,,
2912.jpg,1200x630,0,,
3123.jpg,1200x630,0,,
3338.jpg,1200x630,0,,
3464.jpg,1200x630,0,,
4198.jpg,1200x630,0,,
5373.jpg,1200x630,0,,
858.jpg,1200x630,0,,
1246.jpg,448x298,0,,
1249.jpg,450x311,0,,
125.jpg,333x560,0,,
1250.jpg,900x599,0,,
1278.jpg,900x599,0,,
2084.jpg,900x599,0,,
2211.jpg,900x599,0,,
226.jpg,900x599,0,,
3513.jpg,900x599,0,,
3543.jpg,900x599,0,,
4750.jpg,900x599,0,,
5036.jpg,900x599,0,,
5445.jpg,900x599,0,,
5703.jpg,900x599,0,,
842.jpg,900x599,0,,
126.jpg,850x567,0,,
3118.jpg,850x567,0,,
693.jpg,850x567,0,,
731.jpg,850x567,0,,
1264.jpg,900x660,0,,
1744.jpg,900x660,0,,
1266.jpg,686x1024,0,,
1267.jpg,1000x668,0,,
5257.jpg,1000x668,0,,
1268.jpg,575x490,0,,
1269.jpg,870x579,0,,
1271.jpg,612x446,0,,
1273.jpg,960x447,0,,
1274.jpg,1000x750,4,60.958,COD10K-CAM-2-Terrestrial-26-Chameleon-1679.jpg
2299.jpg,1000x750,4,63.072,COD10K-CAM-2-Terrestrial-26-Chameleon-1679.jpg
26.jpg,1000x750,4,39.806,COD10K-CAM-2-Terrestrial-26-Chameleon-1679.jpg
2754.jpg,1000x750,4,72.023,COD10K-CAM-2-Terrestrial-26-Chameleon-1679.jpg
3220.jpg,1000x750,4,51.418,COD10K-CAM-2-Terrestrial-26-Chameleon-1679.jpg
3258.jpg,1000x750,4,70.948,COD10K-CAM-1-Aquatic-13-Pipefish-824.jpg
3648.jpg,1000x750,4,59.076,COD10K-CAM-2-Terrestrial-26-Chameleon-1679.jpg
3744.jpg,1000x750,4,82.819,COD10K-CAM-2-Terrestrial-26-Chameleon-1679.jpg
4231.jpg,1000x750,4,50.047,COD10K-CAM-2-Terrestrial-26-Chameleon-1679.jpg
4482.jpg,1000x750,4,61.661,COD10K-CAM-2-Terrestrial-26-Chameleon-1679.jpg
4497.jpg,1000x750,4,67.984,COD10K-CAM-1-Aquatic-13-Pipefish-666.jpg
5070.jpg,1000x750,4,68.923,COD10K-CAM-2-Terrestrial-26-Chameleon-1679.jpg
5293.jpg,1000x750,4,61.394,COD10K-CAM-2-Terrestrial-26-Chameleon-1679.jpg
964.jpg,1000x750,4,53.255,COD10K-CAM-1-Aquatic-13-Pipefish-824.jpg
1276.jpg,494x742,0,,
1277.jpg,900x586,0,,
3391.jpg,900x586,0,,
1279.jpg,500x400,0,,
1280.jpg,602x401,0,,
980.jpg,602x401,0,,
1281.jpg,500x408,0,,
1283.jpg,990x743,0,,
3150.jpg,990x743,0,,
3215.jpg,990x743,0,,
1295.jpg,1280x960,26,43.099,COD10K-CAM-4-Amphibian-68-Toad-4820.jpg
13.jpg,716x450,0,,
1301.jpg,603x401,0,,
1302.jpg,346x520,0,,
1303.jpg,527x350,1,68.481,COD10K-CAM-2-Terrestrial-38-Lizard-2222.jpg
1304.jpg,450x364,0,,
1305.jpg,301x450,0,,
1306.jpg,628x419,0,,
1307.jpg,612x408,0,,
1310.jpg,612x408,0,,
1479.jpg,612x408,0,,
179.jpg,612x408,0,,
2079.jpg,612x408,0,,
2394.jpg,612x408,0,,
2477.jpg,612x408,0,,
2497.jpg,612x408,0,,
3170.jpg,612x408,0,,
3781.jpg,612x408,0,,
3903.jpg,612x408,0,,
3983.jpg,612x408,0,,
4270.jpg,612x408,0,,
4439.jpg,612x408,0,,
4512.jpg,612x408,0,,
4855.jpg,612x408,0,,
4940.jpg,612x408,0,,
831.jpg,612x408,0,,
1311.jpg,720x960,0,,
1398.jpg,720x960,0,,
1600.jpg,720x960,0,,
1616.jpg,720x960,0,,
1779.jpg,720x960,0,,
191.jpg,720x960,0,,
1313.jpg,800x450,0,,
1332.jpg,800x450,0,,
1447.jpg,800x450,0,,
1459.jpg,800x450,0,,
1636.jpg,800x450,0,,
1775.jpg,800x450,0,,
2009.jpg,800x450,0,,
2250.jpg,800x450,0,,
4151.jpg,800x450,0,,
4156.jpg,800x450,0,,
4742.jpg,800x450,0,,
4784.jpg,800x450,0,,
4800.jpg,800x450,0,,
4832.jpg,800x450,0,,
5617.jpg,800x450,0,,
59.jpg,800x450,0,,
1314.jpg,500x300,0,,
1930.jpg,500x300,0,,
3297.jpg,500x300,0,,
1315.jpg,900x598,1,51.877,COD10K-CAM-2-Terrestrial-29-Dog-1858.jpg
2320.jpg,900x598,1,59.671,COD10K-CAM-2-Terrestrial-29-Dog-1858.jpg
3704.jpg,900x598,1,73.175,COD10K-CAM-2-Terrestrial-29-Dog-1858.jpg
534.jpg,900x598,1,91.874,COD10K-CAM-2-Terrestrial-29-Dog-1858.jpg
55.jpg,900x598,1,70.377,COD10K-CAM-2-Terrestrial-29-Dog-1858.jpg
5555.jpg,900x598,1,69.663,COD10K-CAM-2-Terrestrial-29-Dog-1858.jpg
901.jpg,900x598,1,61.002,COD10K-CAM-2-Terrestrial-29-Dog-1858.jpg
1318.jpg,460x570,0,,
1319.jpg,800x540,0,,
1320.jpg,550x412,0,,
1642.jpg,550x412,0,,
2064.jpg,550x412,0,,
2638.jpg,550x412,0,,
2662.jpg,550x412,0,,
3235.jpg,550x412,0,,
3359.jpg,550x412,0,,
3535.jpg,550x412,0,,
4718.jpg,550x412,0,,
4823.jpg,550x412,0,,
4844.jpg,550x412,0,,
5594.jpg,550x412,0,,
5597.jpg,550x412,0,,
5705.jpg,550x412,0,,
5759.jpg,550x412,0,,
1322.jpg,1024x699,2,60.601,COD10K-CAM-2-Terrestrial-45-Spider-2505.jpg
1324.jpg,500x383,0,,
3518.jpg,500x383,0,,
1325.jpg,600x420,0,,
2569.jpg,600x420,0,,
4166.jpg,600x420,0,,
4682.jpg,600x420,0,,
4715.jpg,600x420,0,,
1327.jpg,750x791,0,,
1329.jpg,661x440,0,,
133.jpg,960x586,0,,
1331.jpg,403x300,0,,
1337.jpg,590x414,0,,
1338.jpg,634x420,0,,
1348.jpg,570x675,0,,
1353.jpg,640x355,0,,
1354.jpg,517x560,0,,
1356.jpg,1160x599,0,,
1359.jpg,852x480,0,,
1435.jpg,852x480,0,,
1548.jpg,852x480,0,,
2244.jpg,852x480,0,,
2565.jpg,852x480,0,,
2611.jpg,852x480,0,,
2700.jpg,852x480,0,,
30.jpg,852x480,0,,
32.jpg,852x480,0,,
338.jpg,852x480,0,,
367.jpg,852x480,0,,
3675.jpg,852x480,0,,
4140.jpg,852x480,0,,
4146.jpg,852x480,0,,
4311.jpg,852x480,0,,
4313.jpg,852x480,0,,
5978.jpg,852x480,0,,
1362.jpg,600x900,0,,
1698.jpg,600x900,0,,
1853.jpg,600x900,0,,
2076.jpg,600x900,0,,
2280.jpg,600x900,0,,
2766.jpg,600x900,0,,
2957.jpg,600x900,0,,
3284.jpg,600x900,0,,
3770.jpg,600x900,0,,
414.jpg,600x900,0,,
4351.jpg,600x900,0,,
481.jpg,600x900,0,,
5250.jpg,600x900,0,,
5278.jpg,600x900,0,,
941.jpg,600x900,0,,
1372.jpg,500x967,0,,
4144.jpg,500x967,0,,
1373.jpg,500x750,1,61.066,COD10K-CAM-2-Terrestrial-34-Human-2029.jpg
1713.jpg,500x750,1,63.324,COD10K-CAM-2-Terrestrial-34-Human-2029.jpg
1755.jpg,500x750,1,78.702,COD10K-CAM-2-Terrestrial-34-Human-2029.jpg
2720.jpg,500x750,1,52.985,COD10K-CAM-2-Terrestrial-34-Human-2029.jpg
3617.jpg,500x750,1,75.261,COD10K-CAM-2-Terrestrial-34-Human-2029.jpg
4138.jpg,500x750,1,60.046,COD10K-CAM-2-Terrestrial-34-Human-2029.jpg
759.jpg,500x750,1,64.619,COD10K-CAM-2-Terrestrial-34-Human-2029.jpg
1374.jpg,700x394,0,,
1569.jpg,700x394,0,,
1570.jpg,700x394,0,,
4737.jpg,700x394,0,,
5035.jpg,700x394,0,,
5578.jpg,700x394,0,,
1375.jpg,1024x682,33,64.832,COD10K-CAM-1-Aquatic-6-Fish-188.jpg
1568.jpg,1024x682,33,52.515,COD10K-CAM-2-Terrestrial-40-Rabbit-2342.jpg
2303.jpg,1024x682,33,49.766,COD10K-CAM-3-Flying-59-Grasshopper-3855.jpg
2547.jpg,1024x682,33,57.787,COD10K-CAM-2-Terrestrial-40-Rabbit-2342.jpg
2940.jpg,1024x682,33,51.845,COD10K-CAM-2-Terrestrial-40-Rabbit-2342.jpg
2989.jpg,1024x682,33,48.959,COD10K-CAM-3-Flying-56-Cicada-3538.jpg
319.jpg,1024x682,33,61.057,COD10K-CAM-2-Terrestrial-40-Rabbit-2342.jpg
3316.jpg,1024x682,33,56.074,COD10K-CAM-2-Terrestrial-45-Spider-2744.jpg
3678.jpg,1024x682,33,57.903,COD10K-CAM-1-Aquatic-6-Fish-188.jpg
4013.jpg,1024x682,33,52.87,COD10K-CAM-2-Terrestrial-40-Rabbit-2342.jpg
4219.jpg,1024x682,33,49.008,COD10K-CAM-3-Flying-56-Cicada-3538.jpg
4653.jpg,1024x682,33,55.281,COD10K-CAM-2-Terrestrial-40-Rabbit-2342.jpg
47.jpg,1024x682,33,54.655,COD10K-CAM-2-Terrestrial-40-Rabbit-2342.jpg
4703.jpg,1024x682,33,50.744,COD10K-CAM-2-Terrestrial-40-Rabbit-2342.jpg
5121.jpg,1024x682,33,59.537,COD10K-CAM-2-Terrestrial-40-Rabbit-2342.jpg
5582.jpg,1024x682,33,42.729,COD10K-CAM-2-Terrestrial-37-Lion-2110.jpg
5904.jpg,1024x682,33,47.617,COD10K-CAM-1-Aquatic-6-Fish-188.jpg
841.jpg,1024x682,33,52.092,COD10K-CAM-1-Aquatic-6-Fish-226.jpg
898.jpg,1024x682,33,60.184,COD10K-CAM-1-Aquatic-6-Fish-188.jpg
1376.jpg,960x540,0,,
1444.jpg,960x540,0,,
1449.jpg,960x540,0,,
1465.jpg,960x540,0,,
1576.jpg,960x540,0,,
1652.jpg,960x540,0,,
1661.jpg,960x540,0,,
168.jpg,960x540,0,,
2647.jpg,960x540,0,,
3105.jpg,960x540,0,,
3372.jpg,960x540,0,,
3396.jpg,960x540,0,,
3424.jpg,960x540,0,,
3432.jpg,960x540,0,,
3565.jpg,960x540,0,,
3976.jpg,960x540,0,,
4394.jpg,960x540,0,,
4729.jpg,960x540,0,,
4755.jpg,960x540,0,,
4758.jpg,960x540,0,,
4869.jpg,960x540,0,,
509.jpg,960x540,0,,
5179.jpg,960x540,0,,
5219.jpg,960x540,0,,
5291.jpg,960x540,0,,
5633.jpg,960x540,0,,
5766.jpg,960x540,0,,
1379.jpg,560x768,0,,
1381.jpg,749x499,0,,
1384.jpg,768x933,0,,
1385.jpg,910x661,0,,
1388.jpg,640x426,0,,
1439.jpg,640x426,0,,
1923.jpg,640x426,0,,
295.jpg,640x426,0,,
3231.jpg,640x426,0,,
3265.jpg,640x426,0,,
3534.jpg,640x426,0,,
4180.jpg,640x426,0,,
4421.jpg,640x426,0,,
5050.jpg,640x426,0,,
5520.jpg,640x426,0,,
761.jpg,640x426,0,,
1389.jpg,401x620,0,,
1390.jpg,450x666,0,,
1392.jpg,600x398,0,,
2719.jpg,600x398,0,,
4926.jpg,600x398,0,,
5826.jpg,600x398,0,,
1396.jpg,752x472,0,,
140.jpg,570x855,0,,
1401.jpg,530x800,0,,
3311.jpg,530x800,0,,
1403.jpg,576x576,0,,
1404.jpg,650x436,0,,
3296.jpg,650x436,0,,
1405.jpg,620x405,0,,
1406.jpg,427x640,8,49.282,COD10K-CAM-3-Flying-54-Bittern-3257.jpg
3307.jpg,427x640,8,50.925,COD10K-CAM-3-Flying-54-Bittern-3257.jpg
4937.jpg,427x640,8,54.89,COD10K-CAM-1-Aquatic-1-BatFish-8.jpg
1408.jpg,639x428,0,,
1409.jpg,465x700,0,,
1783.jpg,465x700,0,,
2375.jpg,465x700,0,,
1410.jpg,620x409,0,,
1411.jpg,597x326,0,,
1413.jpg,749x749,0,,
1416.jpg,560x373,0,,
3183.jpg,560x373,0,,
4440.jpg,560x373,0,,
4531.jpg,560x373,0,,
67.jpg,560x373,0,,
1418.jpg,768x514,0,,
1419.jpg,720x480,1,87.585,COD10K-CAM-1-Aquatic-7-Flounder-280.jpg
1789.jpg,720x480,1,89.72,COD10K-CAM-1-Aquatic-7-Flounder-280.jpg
3249.jpg,720x480,1,64.333,COD10K-CAM-1-Aquatic-7-Flounder-280.jpg
3350.jpg,720x480,1,52.079,COD10K-CAM-1-Aquatic-7-Flounder-280.jpg
4898.jpg,720x480,1,78.203,COD10K-CAM-1-Aquatic-7-Flounder-280.jpg
585.jpg,720x480,1,83.082,COD10K-CAM-1-Aquatic-7-Flounder-280.jpg
5946.jpg,720x480,1,78.832,COD10K-CAM-1-Aquatic-7-Flounder-280.jpg
1420.jpg,1024x739,3,52.796,COD10K-CAM-3-Flying-59-Grasshopper-3704.jpg
1423.jpg,1023x598,0,,
1424.jpg,1024x711,0,,
1516.jpg,1024x711,0,,
1426.jpg,640x482,0,,
5533.jpg,640x482,0,,
1427.jpg,445x299,0,,
1428.jpg,768x371,0,,
1431.jpg,800x422,0,,
1432.jpg,1054x686,0,,
1433.jpg,600x399,1,48.565,COD10K-CAM-2-Terrestrial-44-Snake-2439.jpg
1446.jpg,600x399,1,92.295,COD10K-CAM-2-Terrestrial-44-Snake-2439.jpg
320.jpg,600x399,1,81.072,COD10K-CAM-2-Terrestrial-44-Snake-2439.jpg
3768.jpg,600x399,1,66.956,COD10K-CAM-2-Terrestrial-44-Snake-2439.jpg
1437.jpg,760x427,0,,
1441.jpg,633x366,0,,
1451.jpg,564x288,0,,
1452.jpg,540x354,0,,
721.jpg,540x354,0,,
1453.jpg,512x384,0,,
3963.jpg,512x384,0,,
4494.jpg,512x384,0,,
641.jpg,512x384,0,,
659.jpg,512x384,0,,
1455.jpg,700x428,0,,
1460.jpg,851x640,0,,
1473.jpg,1000x666,1,82.728,COD10K-CAM-3-Flying-51-Bee-2996.jpg
2598.jpg,1000x666,1,86.141,COD10K-CAM-3-Flying-51-Bee-2996.jpg
3305.jpg,1000x666,1,95.112,COD10K-CAM-3-Flying-51-Bee-2996.jpg
3692.jpg,1000x666,1,74.627,COD10K-CAM-3-Flying-51-Bee-2996.jpg
5416.jpg,1000x666,1,85.05,COD10K-CAM-3-Flying-51-Bee-2996.jpg
709.jpg,1000x666,1,70.794,COD10K-CAM-3-Flying-51-Bee-2996.jpg
1478.jpg,985x700,0,,
1481.jpg,960x538,0,,
1485.jpg,960x538,0,,
1521.jpg,960x538,0,,
1486.jpg,1024x701,4,52.541,COD10K-CAM-3-Flying-56-Cicada-3481.jpg
1488.jpg,986x700,0,,
1489.jpg,800x582,0,,
149.jpg,550x413,0,,
1512.jpg,550x413,0,,
1657.jpg,550x413,0,,
1928.jpg,550x413,0,,
2843.jpg,550x413,0,,
29.jpg,550x413,0,,
383.jpg,550x413,0,,
3933.jpg,550x413,0,,
399.jpg,550x413,0,,
4020.jpg,550x413,0,,
4027.jpg,550x413,0,,
5563.jpg,550x413,0,,
5741.jpg,550x413,0,,
889.jpg,550x413,0,,
933.jpg,550x413,0,,
1490.jpg,800x491,0,,
1491.jpg,900x517,0,,
1493.jpg,787x627,0,,
1495.jpg,500x312,0,,
1496.jpg,960x666,0,,
1498.jpg,1024x423,0,,
150.jpg,564x300,0,,
309.jpg,564x300,0,,
1501.jpg,910x558,0,,
1504.jpg,722x480,0,,
1506.jpg,900x568,1,89.421,COD10K-CAM-3-Flying-53-Bird-3249.jpg
1508.jpg,720x603,0,,
1514.jpg,600x315,0,,
3004.jpg,600x315,0,,
4433.jpg,600x315,0,,
1517.jpg,629x480,0,,
1519.jpg,559x373,0,,
152.jpg,634x845,0,,
1525.jpg,1024x600,2,50.297,COD10K-CAM-3-Flying-61-Katydid-4017.jpg
3886.jpg,1024x600,2,66.171,COD10K-CAM-3-Flying-61-Katydid-4017.jpg
1526.jpg,800x548,1,65.702,COD10K-CAM-3-Flying-64-Moth-4504.jpg
4376.jpg,800x548,1,67.959,COD10K-CAM-3-Flying-64-Moth-4504.jpg
4535.jpg,800x548,1,56.164,COD10K-CAM-3-Flying-64-Moth-4504.jpg
1528.jpg,1024x681,29,63.375,COD10K-CAM-3-Flying-61-Katydid-4030.jpg
1918.jpg,1024x681,29,55.548,COD10K-CAM-2-Terrestrial-49-Worm-2936.jpg
2966.jpg,1024x681,29,72.44,COD10K-CAM-3-Flying-64-Moth-4440.jpg
3255.jpg,1024x681,29,37.33,COD10K-CAM-2-Terrestrial-44-Snake-2477.jpg
3289.jpg,1024x681,29,63.825,COD10K-CAM-3-Flying-53-Bird-3042.jpg
517.jpg,1024x681,29,44.543,COD10K-CAM-3-Flying-56-Cicada-3454.jpg
5460.jpg,1024x681,29,49.444,COD10K-CAM-2-Terrestrial-44-Snake-2477.jpg
5639.jpg,1024x681,29,49.202,COD10K-CAM-3-Flying-53-Bird-3042.jpg
1529.jpg,1030x697,0,,
1531.jpg,608x486,0,,
1533.jpg,480x348,0,,
1536.jpg,505x619,0,,
1550.jpg,860x460,0,,
5004.jpg,860x460,0,,
1552.jpg,450x398,0,,
1559.jpg,794x536,0,,
1560.jpg,480x310,0,,
1562.jpg,1000x568,0,,
1564.jpg,768x512,0,,
2208.jpg,768x512,0,,
273.jpg,768x512,0,,
5456.jpg,768x512,0,,
550.jpg,768x512,0,,
1565.jpg,750x500,6,31.757,COD10K-CAM-1-Aquatic-9-GhostPipefish-351.jpg
1601.jpg,750x500,6,45.177,COD10K-CAM-1-Aquatic-9-GhostPipefish-351.jpg
1645.jpg,750x500,6,49.253,COD10K-CAM-1-Aquatic-9-GhostPipefish-351.jpg
1856.jpg,750x500,6,78.503,COD10K-CAM-3-Flying-53-Bird-3222.jpg
2105.jpg,750x500,6,50.808,COD10K-CAM-1-Aquatic-9-GhostPipefish-351.jpg
2310.jpg,750x500,6,46.377,COD10K-CAM-1-Aquatic-9-GhostPipefish-351.jpg
2893.jpg,750x500,6,50.619,COD10K-CAM-2-Terrestrial-31-Gecko-1919.jpg
2899.jpg,750x500,6,41.022,COD10K-CAM-1-Aquatic-9-GhostPipefish-351.jpg
306.jpg,750x500,6,53.928,COD10K-CAM-2-Terrestrial-31-Gecko-1918.jpg
3244.jpg,750x500,6,56.998,COD10K-CAM-2-Terrestrial-31-Gecko-1919.jpg
3855.jpg,750x500,6,62.41,COD10K-CAM-1-Aquatic-9-GhostPipefish-351.jpg
4086.jpg,750x500,6,34.429,COD10K-CAM-2-Terrestrial-31-Gecko-1919.jpg
4283.jpg,750x500,6,39.257,COD10K-CAM-2-Terrestrial-31-Gecko-1919.jpg
4613.jpg,750x500,6,43.081,COD10K-CAM-2-Terrestrial-31-Gecko-1919.jpg
5027.jpg,750x500,6,42.48,COD10K-CAM-2-Terrestrial-31-Gecko-1919.jpg
5589.jpg,750x500,6,41.883,COD10K-CAM-2-Terrestrial-31-Gecko-1919.jpg
5628.jpg,750x500,6,58.912,COD10K-CAM-2-Terrestrial-31-Gecko-1918.jpg
5664.jpg,750x500,6,45.873,COD10K-CAM-1-Aquatic-9-GhostPipefish-351.jpg
5699.jpg,750x500,6,66.233,COD10K-CAM-1-Aquatic-9-GhostPipefish-351.jpg
5763.jpg,750x500,6,56.154,COD10K-CAM-2-Terrestrial-31-Gecko-1918.jpg
157.jpg,536x498,0,,
1581.jpg,323x450,0,,
1582.jpg,512x320,0,,
1584.jpg,900x676,1,66.612,COD10K-CAM-2-Terrestrial-24-Caterpillar-1628.jpg
2422.jpg,900x676,1,54.58,COD10K-CAM-2-Terrestrial-24-Caterpillar-1628.jpg
1585.jpg,495x416,0,,
1587.jpg,637x619,0,,
159.jpg,500x280,0,,
1590.jpg,621x414,0,,
4634.jpg,621x414,0,,
1592.jpg,959x768,0,,
1595.jpg,1120x700,0,,
4487.jpg,1120x700,0,,
529.jpg,1120x700,0,,
1597.jpg,600x402,0,,
1599.jpg,960x660,0,,
4938.jpg,960x660,0,,
1603.jpg,642x424,0,,
1604.jpg,914x514,0,,
1605.jpg,640x320,0,,
1606.jpg,467x292,0,,
1607.jpg,1200x600,0,,
1735.jpg,1200x600,0,,
184.jpg,1200x600,0,,
161.jpg,724x720,0,,
1610.jpg,750x600,0,,
5294.jpg,750x600,0,,
5319.jpg,750x600,0,,
1612.jpg,638x480,0,,
2323.jpg,638x480,0,,
3393.jpg,638x480,0,,
5342.jpg,638x480,0,,
66.jpg,638x480,0,,
1614.jpg,800x594,0,,
1617.jpg,1086x610,0,,
1621.jpg,512x341,0,,
263.jpg,512x341,0,,
5355.jpg,512x341,0,,
1623.jpg,700x452,2,44.963,COD10K-CAM-2-Terrestrial-34-Human-2005.jpg
1624.jpg,1024x640,6,49.257,COD10K-CAM-2-Terrestrial-24-Caterpillar-1590.jpg
1917.jpg,1024x640,6,55.558,COD10K-CAM-2-Terrestrial-24-Caterpillar-1590.jpg
2044.jpg,1024x640,6,65.224,COD10K-CAM-2-Terrestrial-24-Caterpillar-1590.jpg
2321.jpg,1024x640,6,36.619,COD10K-CAM-2-Terrestrial-31-Gecko-1928.jpg
1626.jpg,1170x610,0,,
1630.jpg,460x276,0,,
1631.jpg,1024x684,22,62.262,COD10K-CAM-5-Other-69-Other-5030.jpg
2487.jpg,1024x684,22,51.943,COD10K-CAM-1-Aquatic-6-Fish-239.jpg
2822.jpg,1024x684,22,47.029,COD10K-CAM-1-Aquatic-6-Fish-179.jpg
3954.jpg,1024x684,22,69.879,COD10K-CAM-3-Flying-53-Bird-3116.jpg
4560.jpg,1024x684,22,43.08,COD10K-CAM-3-Flying-61-Katydid-4078.jpg
4651.jpg,1024x684,22,50.168,COD10K-CAM-3-Flying-57-Dragonfly-3577.jpg
5298.jpg,1024x684,22,51.755,COD10K-CAM-3-Flying-57-Dragonfly-3577.jpg
5408.jpg,1024x684,22,46.795,COD10K-CAM-3-Flying-57-Dragonfly-3577.jpg
1633.jpg,970x540,0,,
4645.jpg,970x540,0,,
1643.jpg,800x800,1,92.384,COD10K-CAM-3-Flying-53-Bird-3071.jpg
2555.jpg,800x800,1,82.011,COD10K-CAM-3-Flying-53-Bird-3071.jpg
2858.jpg,800x800,1,95.329,COD10K-CAM-3-Flying-53-Bird-3071.jpg
3827.jpg,800x800,1,86.512,COD10K-CAM-3-Flying-53-Bird-3071.jpg
4085.jpg,800x800,1,85.279,COD10K-CAM-3-Flying-53-Bird-3071.jpg
483.jpg,800x800,1,83.907,COD10K-CAM-3-Flying-53-Bird-3071.jpg
1646.jpg,500x253,0,,
1647.jpg,990x742,0,,
1653.jpg,700x525,0,,
1998.jpg,700x525,0,,
21.jpg,700x525,0,,
2713.jpg,700x525,0,,
4016.jpg,700x525,0,,
482.jpg,700x525,0,,
5412.jpg,700x525,0,,
5954.jpg,700x525,0,,
840.jpg,700x525,0,,
1656.jpg,800x566,0,,
1659.jpg,1023x702,0,,
166.jpg,850x445,0,,
1662.jpg,607x406,0,,
1668.jpg,553x369,0,,
1669.jpg,1024x512,2,57.073,COD10K-CAM-2-Terrestrial-38-Lizard-2253.jpg
2591.jpg,1024x512,2,52.662,COD10K-CAM-3-Flying-54-Bittern-3280.jpg
2786.jpg,1024x512,2,49.272,COD10K-CAM-3-Flying-54-Bittern-3280.jpg
2872.jpg,1024x512,2,53.693,COD10K-CAM-3-Flying-54-Bittern-3280.jpg
3055.jpg,1024x512,2,50.378,COD10K-CAM-3-Flying-54-Bittern-3280.jpg
3213.jpg,1024x512,2,51.263,COD10K-CAM-3-Flying-54-Bittern-3280.jpg
44.jpg,1024x512,2,55.011,COD10K-CAM-3-Flying-54-Bittern-3280.jpg
167.jpg,743x990,0,,
1680.jpg,921x609,0,,
1682.jpg,1023x747,0,,
1685.jpg,1072x721,0,,
1686.jpg,495x350,0,,
1688.jpg,405x403,0,,
1690.jpg,327x499,0,,
1692.jpg,337x450,0,,
4815.jpg,337x450,0,,
1694.jpg,900x755,0,,
1697.jpg,1072x718,0,,
3167.jpg,1072x718,0,,
710.jpg,1072x718,0,,
17.jpg,998x682,0,,
1700.jpg,640x406,0,,
1703.jpg,416x622,0,,
1705.jpg,880x587,1,58.806,COD10K-CAM-2-Terrestrial-31-Gecko-1887.jpg
1714.jpg,880x587,1,74.996,COD10K-CAM-2-Terrestrial-31-Gecko-1887.jpg
1724.jpg,880x587,1,87.369,COD10K-CAM-2-Terrestrial-31-Gecko-1887.jpg
2111.jpg,880x587,1,59.889,COD10K-CAM-2-Terrestrial-31-Gecko-1887.jpg
2317.jpg,880x587,1,57.075,COD10K-CAM-2-Terrestrial-31-Gecko-1887.jpg
2342.jpg,880x587,1,56.535,COD10K-CAM-2-Terrestrial-31-Gecko-1887.jpg
2398.jpg,880x587,1,57.89,COD10K-CAM-2-Terrestrial-31-Gecko-1887.jpg
2412.jpg,880x587,1,58.817,COD10K-CAM-2-Terrestrial-31-Gecko-1887.jpg
5671.jpg,880x587,1,102.946,COD10K-CAM-2-Terrestrial-31-Gecko-1887.jpg
1706.jpg,962x769,0,,
1723.jpg,962x769,0,,
1708.jpg,650x883,0,,
1710.jpg,480x768,0,,
1711.jpg,750x934,0,,
1712.jpg,683x1024,85,49.173,COD10K-CAM-1-Aquatic-15-SeaHorse-965.jpg
1728.jpg,683x1024,85,54.111,COD10K-CAM-2-Terrestrial-24-Caterpillar-1636.jpg
1785.jpg,683x1024,85,50.355,COD10K-CAM-2-Terrestrial-46-StickInsect-2828.jpg
1788.jpg,683x1024,85,59.358,COD10K-CAM-1-Aquatic-3-Crab-61.jpg
1881.jpg,683x1024,85,56.893,COD10K-CAM-2-Terrestrial-45-Spider-2516.jpg
1914.jpg,683x1024,85,48.79,COD10K-CAM-3-Flying-64-Moth-4438.jpg
1999.jpg,683x1024,85,44.039,COD10K-CAM-3-Flying-61-Katydid-3941.jpg
2602.jpg,683x1024,85,51.264,COD10K-CAM-3-Flying-62-Mantis-4335.jpg
2667.jpg,683x1024,85,48.668,COD10K-CAM-2-Terrestrial-32-Giraffe-1946.jpg
3140.jpg,683x1024,85,24.457,COD10K-CAM-2-Terrestrial-46-StickInsect-2826.jpg
3257.jpg,683x1024,85,32.991,COD10K-CAM-2-Terrestrial-46-StickInsect-2826.jpg
3550.jpg,683x1024,85,43.203,COD10K-CAM-1-Aquatic-9-GhostPipefish-378.jpg
3607.jpg,683x1024,85,68.73,COD10K-CAM-2-Terrestrial-29-Dog-1843.jpg
3897.jpg,683x1024,85,64.119,COD10K-CAM-3-Flying-61-Katydid-4052.jpg
4563.jpg,683x1024,85,47.824,COD10K-CAM-2-Terrestrial-24-Caterpillar-1555.jpg
4724.jpg,683x1024,85,71.699,COD10K-CAM-2-Terrestrial-24-Caterpillar-1555.jpg
4919.jpg,683x1024,85,45.631,COD10K-CAM-2-Terrestrial-46-StickInsect-2828.jpg
5560.jpg,683x1024,85,43.21,COD10K-CAM-1-Aquatic-15-SeaHorse-965.jpg
715.jpg,683x1024,85,68.023,COD10K-CAM-2-Terrestrial-46-StickInsect-2828.jpg
1715.jpg,557x552,0,,
1716.jpg,605x624,0,,
1718.jpg,638x425,0,,
1719.jpg,533x800,1,85.001,COD10K-CAM-4-Amphibian-67-Frog-4753.jpg
2230.jpg,533x800,1,75.729,COD10K-CAM-4-Amphibian-67-Frog-4753.jpg
2348.jpg,533x800,1,83.634,COD10K-CAM-4-Amphibian-67-Frog-4753.jpg
2821.jpg,533x800,1,96.739,COD10K-CAM-4-Amphibian-67-Frog-4753.jpg
172.jpg,900x581,0,,
5596.jpg,900x581,0,,
1720.jpg,500x700,0,,
2721.jpg,500x700,0,,
3182.jpg,500x700,0,,
1722.jpg,720x540,1,59.264,COD10K-CAM-2-Terrestrial-23-Cat-1521.jpg
1955.jpg,720x540,1,73.332,COD10K-CAM-2-Terrestrial-23-Cat-1521.jpg
1966.jpg,720x540,1,62.996,COD10K-CAM-2-Terrestrial-23-Cat-1521.jpg
2001.jpg,720x540,1,78.217,COD10K-CAM-2-Terrestrial-23-Cat-1521.jpg
2020.jpg,720x540,1,89.201,COD10K-CAM-2-Terrestrial-23-Cat-1521.jpg
3509.jpg,720x540,1,84.154,COD10K-CAM-2-Terrestrial-23-Cat-1521.jpg
3554.jpg,720x540,1,90.995,COD10K-CAM-2-Terrestrial-23-Cat-1521.jpg
4108.jpg,720x540,1,80.653,COD10K-CAM-2-Terrestrial-23-Cat-1521.jpg
5653.jpg,720x540,1,64.049,COD10K-CAM-2-Terrestrial-23-Cat-1521.jpg
5670.jpg,720x540,1,70.251,COD10K-CAM-2-Terrestrial-23-Cat-1521.jpg
5694.jpg,720x540,1,74.351,COD10K-CAM-2-Terrestrial-23-Cat-1521.jpg
5722.jpg,720x540,1,69.1,COD10K-CAM-2-Terrestrial-23-Cat-1521.jpg
1729.jpg,634x507,0,,
173.jpg,400x301,0,,
1731.jpg,993x640,0,,
1732.jpg,605x403,0,,
2715.jpg,605x403,0,,
2757.jpg,605x403,0,,
1734.jpg,728x410,0,,
1736.jpg,800x498,0,,
1781.jpg,800x498,0,,
2902.jpg,800x498,0,,
4792.jpg,800x498,0,,
847.jpg,800x498,0,,
855.jpg,800x498,0,,
959.jpg,800x498,0,,
1738.jpg,550x825,0,,
1739.jpg,480x645,0,,
1741.jpg,599x900,0,,
1743.jpg,599x900,0,,
5402.jpg,599x900,0,,
1742.jpg,768x1000,0,,
1745.jpg,735x552,0,,
1747.jpg,634x991,0,,
1748.jpg,640x628,0,,
1750.jpg,466x650,0,,
1751.jpg,748x561,0,,
1752.jpg,800x554,0,,
1754.jpg,576x382,0,,
1757.jpg,560x350,0,,
1758.jpg,798x915,0,,
1759.jpg,383x540,0,,
1760.jpg,450x319,0,,
3996.jpg,450x319,0,,
4581.jpg,450x319,0,,
4840.jpg,450x319,0,,
1761.jpg,837x558,0,,
1762.jpg,880x593,0,,
1766.jpg,644x837,0,,
1770.jpg,1000x684,0,,
1771.jpg,470x704,0,,
2134.jpg,470x704,0,,
832.jpg,470x704,0,,
1772.jpg,811x648,0,,
1773.jpg,331x450,0,,
1774.jpg,794x528,0,,
1776.jpg,560x700,0,,
1777.jpg,873x578,0,,
1778.jpg,512x446,0,,
1780.jpg,455x646,0,,
1784.jpg,720x370,0,,
1786.jpg,840x634,0,,
1790.jpg,700x559,0,,
1792.jpg,350x547,0,,
1794.jpg,470x506,0,,
18.jpg,450x318,0,,
3644.jpg,450x318,0,,
1801.jpg,1024x732,9,61.946,COD10K-CAM-3-Flying-60-Heron-3908.jpg
409.jpg,1024x732,9,42.351,COD10K-CAM-3-Flying-60-Heron-3908.jpg
1802.jpg,720x557,0,,
1804.jpg,748x499,0,,
3102.jpg,748x499,0,,
1805.jpg,400x600,0,,
317.jpg,400x600,0,,
3529.jpg,400x600,0,,
3895.jpg,400x600,0,,
4189.jpg,400x600,0,,
4452.jpg,400x600,0,,
5485.jpg,400x600,0,,
642.jpg,400x600,0,,
979.jpg,400x600,0,,
1808.jpg,525x350,0,,
1837.jpg,525x350,0,,
181.jpg,700x1050,0,,
1811.jpg,900x813,0,,
1814.jpg,450x329,0,,
1815.jpg,325x488,0,,
1816.jpg,512x277,0,,
1817.jpg,640x960,1,70.491,COD10K-CAM-3-Flying-66-Owlfly-4667.jpg
3276.jpg,640x960,1,57.448,COD10K-CAM-3-Flying-66-Owlfly-4667.jpg
1823.jpg,560x426,0,,
1824.jpg,480x600,0,,
1825.jpg,1000x523,0,,
1826.jpg,564x752,0,,
1827.jpg,290x434,0,,
183.jpg,503x600,0,,
1830.jpg,594x742,0,,
1831.jpg,800x768,0,,
1834.jpg,400x320,0,,
2417.jpg,400x320,0,,
1836.jpg,299x450,0,,
4289.jpg,299x450,0,,
4529.jpg,299x450,0,,
1838.jpg,562x620,0,,
1839.jpg,700x870,0,,
1842.jpg,478x600,0,,
1843.jpg,634x807,0,,
1844.jpg,534x401,0,,
3714.jpg,534x401,0,,
4710.jpg,534x401,0,,
1849.jpg,900x722,0,,
185.jpg,690x395,0,,
1852.jpg,470x706,0,,
1855.jpg,720x800,0,,
1861.jpg,900x673,0,,
1862.jpg,691x1024,0,,
1865.jpg,473x742,0,,
1866.jpg,618x900,0,,
1868.jpg,950x534,0,,
934.jpg,950x534,0,,
1870.jpg,720x692,0,,
1873.jpg,384x512,0,,
1875.jpg,464x700,0,,
1877.jpg,700x539,0,,
1878.jpg,496x330,0,,
1880.jpg,962x642,0,,
1883.jpg,341x508,0,,
1885.jpg,617x866,0,,
1886.jpg,900x843,0,,
1887.jpg,1023x719,0,,
1888.jpg,466x700,0,,
3928.jpg,466x700,0,,
684.jpg,466x700,0,,
800.jpg,466x700,0,,
189.jpg,946x813,0,,
1892.jpg,700x427,0,,
1897.jpg,512x342,0,,
261.jpg,512x342,0,,
3145.jpg,512x342,0,,
5285.jpg,512x342,0,,
588.jpg,512x342,0,,
1904.jpg,800x597,0,,
2344.jpg,800x597,0,,
1905.jpg,700x467,0,,
2279.jpg,700x467,0,,
2332.jpg,700x467,0,,
2643.jpg,700x467,0,,
2765.jpg,700x467,0,,
3192.jpg,700x467,0,,
3384.jpg,700x467,0,,
3406.jpg,700x467,0,,
3532.jpg,700x467,0,,
4290.jpg,700x467,0,,
4333.jpg,700x467,0,,
4600.jpg,700x467,0,,
4797.jpg,700x467,0,,
4858.jpg,700x467,0,,
4892.jpg,700x467,0,,
4897.jpg,700x467,0,,
5385.jpg,700x467,0,,
5510.jpg,700x467,0,,
5559.jpg,700x467,0,,
570.jpg,700x467,0,,
779.jpg,700x467,0,,
826.jpg,700x467,0,,
1908.jpg,512x317,0,,
1911.jpg,900x807,0,,
1915.jpg,634x774,0,,
1919.jpg,785x637,0,,
1922.jpg,1023x731,14,78.746,COD10K-CAM-1-Aquatic-13-Pipefish-775.jpg
1924.jpg,425x283,0,,
940.jpg,425x283,0,,
1927.jpg,600x308,0,,
193.jpg,800x485,0,,
1933.jpg,550x433,0,,
1934.jpg,900x864,0,,
1937.jpg,546x414,0,,
1938.jpg,489x364,0,,
194.jpg,350x384,0,,
1940.jpg,448x336,0,,
1943.jpg,900x560,0,,
1944.jpg,481x450,0,,
1946.jpg,700x471,0,,
1952.jpg,970x400,0,,
1953.jpg,1024x677,2,52.752,COD10K-CAM-2-Terrestrial-45-Spider-2525.jpg
1956.jpg,1024x680,23,66.265,COD10K-CAM-2-Terrestrial-47-Tiger-2900.jpg
2536.jpg,1024x680,23,39.048,COD10K-CAM-1-Aquatic-3-Crab-76.jpg
2544.jpg,1024x680,23,40.563,COD10K-CAM-1-Aquatic-3-Crab-76.jpg
2552.jpg,1024x680,23,35.108,COD10K-CAM-1-Aquatic-3-Crab-76.jpg
2562.jpg,1024x680,23,38.686,COD10K-CAM-1-Aquatic-3-Crab-76.jpg
2585.jpg,1024x680,23,39.334,COD10K-CAM-1-Aquatic-3-Crab-76.jpg
2695.jpg,1024x680,23,44.676,COD10K-CAM-1-Aquatic-6-Fish-187.jpg
3626.jpg,1024x680,23,60.886,COD10K-CAM-2-Terrestrial-37-Lion-2106.jpg
3755.jpg,1024x680,23,45.961,COD10K-CAM-2-Terrestrial-47-Tiger-2900.jpg
4842.jpg,1024x680,23,51.028,COD10K-CAM-2-Terrestrial-37-Lion-2106.jpg
5274.jpg,1024x680,23,39.309,COD10K-CAM-1-Aquatic-6-Fish-187.jpg
5338.jpg,1024x680,23,40.658,COD10K-CAM-2-Terrestrial-37-Lion-2106.jpg
5467.jpg,1024x680,23,38.493,COD10K-CAM-2-Terrestrial-37-Lion-2106.jpg
5647.jpg,1024x680,23,40.107,COD10K-CAM-2-Terrestrial-37-Lion-2106.jpg
658.jpg,1024x680,23,32.906,COD10K-CAM-2-Terrestrial-37-Lion-2106.jpg
196.jpg,408x612,0,,
4298.jpg,408x612,0,,
1961.jpg,900x616,0,,
1965.jpg,1024x528,0,,
1969.jpg,1000x721,0,,
197.jpg,910x607,0,,
2969.jpg,910x607,0,,
3061.jpg,910x607,0,,
3839.jpg,910x607,0,,
4160.jpg,910x607,0,,
4250.jpg,910x607,0,,
430.jpg,910x607,0,,
454.jpg,910x607,0,,
4707.jpg,910x607,0,,
4776.jpg,910x607,0,,
5006.jpg,910x607,0,,
5482.jpg,910x607,0,,
5572.jpg,910x607,0,,
5896.jpg,910x607,0,,
682.jpg,910x607,0,,
1971.jpg,728x485,0,,
2849.jpg,728x485,0,,
4243.jpg,728x485,0,,
1972.jpg,600x600,0,,
2377.jpg,600x600,0,,
2908.jpg,600x600,0,,
2910.jpg,600x600,0,,
3650.jpg,600x600,0,,
391.jpg,600x600,0,,
4920.jpg,600x600,0,,
1975.jpg,450x302,0,,
1979.jpg,800x511,0,,
198.jpg,375x640,0,,
1980.jpg,642x800,0,,
1984.jpg,959x640,0,,
1986.jpg,1000x584,0,,
4990.jpg,1000x584,0,,
1987.jpg,960x637,0,,
3987.jpg,960x637,0,,
199.jpg,1100x550,0,,
1992.jpg,480x320,0,,
1993.jpg,480x320,0,,
4147.jpg,480x320,0,,
4300.jpg,480x320,0,,
5243.jpg,480x320,0,,
1994.jpg,600x401,1,63.829,COD10K-CAM-2-Terrestrial-46-StickInsect-2821.jpg
2199.jpg,600x401,1,48.75,COD10K-CAM-2-Terrestrial-46-StickInsect-2821.jpg
2411.jpg,600x401,1,57.789,COD10K-CAM-2-Terrestrial-46-StickInsect-2821.jpg
3085.jpg,600x401,1,60.541,COD10K-CAM-2-Terrestrial-46-StickInsect-2821.jpg
3553.jpg,600x401,1,76.111,COD10K-CAM-2-Terrestrial-46-StickInsect-2821.jpg
3676.jpg,600x401,1,97.633,COD10K-CAM-2-Terrestrial-46-StickInsect-2821.jpg
5400.jpg,600x401,1,68.088,COD10K-CAM-2-Terrestrial-46-StickInsect-2821.jpg
648.jpg,600x401,1,122.621,COD10K-CAM-2-Terrestrial-46-StickInsect-2821.jpg
1996.jpg,510x382,0,,
1997.jpg,560x500,0,,
2.jpg,728x439,0,,
2000.jpg,350x350,0,,
2002.jpg,402x302,0,,
2006.jpg,425x326,0,,
2047.jpg,425x326,0,,
2008.jpg,300x400,0,,
38.jpg,300x400,0,,
2011.jpg,830x622,0,,
2012.jpg,750x620,0,,
2027.jpg,750x620,0,,
2015.jpg,688x1024,0,,
2018.jpg,467x350,0,,
3959.jpg,467x350,0,,
202.jpg,700x470,0,,
4438.jpg,700x470,0,,
5658.jpg,700x470,0,,
5734.jpg,700x470,0,,
2023.jpg,1024x720,2,69.172,COD10K-CAM-3-Flying-55-Butterfly-3371.jpg
2025.jpg,600x421,0,,
2026.jpg,650x366,0,,
2266.jpg,650x366,0,,
2307.jpg,650x366,0,,
3489.jpg,650x366,0,,
2032.jpg,800x518,0,,
2156.jpg,800x518,0,,
2311.jpg,800x518,0,,
4164.jpg,800x518,0,,
2033.jpg,1024x665,4,68.386,COD10K-CAM-3-Flying-59-Grasshopper-3754.jpg
2110.jpg,1024x665,4,56.244,COD10K-CAM-3-Flying-57-Dragonfly-3562.jpg
2035.jpg,728x546,0,,
4608.jpg,728x546,0,,
4857.jpg,728x546,0,,
518.jpg,728x546,0,,
5502.jpg,728x546,0,,
83.jpg,728x546,0,,
2036.jpg,428x640,1,68.436,COD10K-CAM-1-Aquatic-4-Crocodile-121.jpg
2037.jpg,525x394,0,,
2038.jpg,816x612,0,,
204.jpg,710x474,0,,
2652.jpg,710x474,0,,
2040.jpg,605x616,0,,
2041.jpg,804x536,0,,
2046.jpg,1500x503,0,,
2048.jpg,453x340,0,,
4392.jpg,453x340,0,,
2049.jpg,945x531,0,,
2055.jpg,960x642,0,,
2057.jpg,640x433,0,,
206.jpg,800x525,0,,
2060.jpg,840x790,0,,
2062.jpg,600x375,0,,
2063.jpg,499x333,1,67.09,COD10K-CAM-2-Terrestrial-37-Lion-2111.jpg
2383.jpg,499x333,1,53.921,COD10K-CAM-2-Terrestrial-37-Lion-2111.jpg
3637.jpg,499x333,1,69.95,COD10K-CAM-2-Terrestrial-37-Lion-2111.jpg
4520.jpg,499x333,1,82.868,COD10K-CAM-2-Terrestrial-37-Lion-2111.jpg
2066.jpg,605x605,0,,
207.jpg,840x838,0,,
2070.jpg,750x562,1,85.942,COD10K-CAM-2-Terrestrial-23-Cat-1389.jpg
294.jpg,750x562,1,175.481,COD10K-CAM-2-Terrestrial-23-Cat-1389.jpg
5852.jpg,750x562,1,72.768,COD10K-CAM-2-Terrestrial-23-Cat-1389.jpg
2071.jpg,1000x590,0,,
2081.jpg,600x465,0,,
2082.jpg,962x641,0,,
754.jpg,962x641,0,,
209.jpg,665x664,0,,
2093.jpg,802x530,0,,
2096.jpg,470x697,0,,
2405.jpg,470x697,0,,
2098.jpg,436x640,0,,
2099.jpg,623x401,0,,
2101.jpg,1000x752,0,,
2109.jpg,348x348,0,,
3727.jpg,348x348,0,,
5539.jpg,348x348,0,,
211.jpg,600x533,0,,
2112.jpg,962x630,0,,
2114.jpg,700x461,0,,
3942.jpg,700x461,0,,
2116.jpg,950x532,0,,
2117.jpg,700x463,0,,
4377.jpg,700x463,0,,
2118.jpg,640x639,0,,
2119.jpg,350x362,0,,
2120.jpg,512x270,0,,
5267.jpg,512x270,0,,
2121.jpg,720x664,0,,
2123.jpg,500x426,0,,
2126.jpg,1024x695,0,,
2129.jpg,1024x487,0,,
2133.jpg,1023x497,0,,
2135.jpg,770x521,0,,
2137.jpg,580x435,0,,
2363.jpg,580x435,0,,
214.jpg,750x583,0,,
3774.jpg,750x583,0,,
2140.jpg,768x768,0,,
2165.jpg,768x768,0,,
2206.jpg,768x768,0,,
5242.jpg,768x768,0,,
5692.jpg,768x768,0,,
2146.jpg,620x415,0,,
2148.jpg,800x500,0,,
427.jpg,800x500,0,,
2150.jpg,1024x725,2,71.86,COD10K-CAM-3-Flying-64-Moth-4506.jpg
2151.jpg,647x406,0,,
2152.jpg,794x530,0,,
2153.jpg,834x556,0,,
2154.jpg,500x316,0,,
2155.jpg,900x604,0,,
2157.jpg,640x853,0,,
3224.jpg,640x853,0,,
3269.jpg,640x853,0,,
3469.jpg,640x853,0,,
4650.jpg,640x853,0,,
504.jpg,640x853,0,,
532.jpg,640x853,0,,
5541.jpg,640x853,0,,
2159.jpg,700x377,0,,
216.jpg,531x800,0,,
2161.jpg,582x340,0,,
2162.jpg,328x500,0,,
2166.jpg,600x428,0,,
2415.jpg,600x428,0,,
2167.jpg,600x446,0,,
2169.jpg,720x530,0,,
217.jpg,567x378,0,,
2171.jpg,728x487,0,,
2173.jpg,638x453,0,,
2175.jpg,1024x750,2,58.063,COD10K-CAM-4-Amphibian-68-Toad-4810.jpg
2177.jpg,700x457,0,,
257.jpg,700x457,0,,
2179.jpg,600x430,0,,
2810.jpg,600x430,0,,
4878.jpg,600x430,0,,
2183.jpg,800x538,0,,
2184.jpg,500x366,0,,
2186.jpg,642x643,0,,
2187.jpg,600x800,7,48.623,COD10K-CAM-3-Flying-58-Frogmouth-3609.jpg
4805.jpg,600x800,7,69.57,COD10K-CAM-3-Flying-56-Cicada-3518.jpg
2188.jpg,1023x641,1,56.968,COD10K-CAM-4-Amphibian-68-Toad-4958.jpg
2189.jpg,497x1024,0,,
219.jpg,645x641,0,,
2190.jpg,800x510,0,,
2192.jpg,1000x688,0,,
4322.jpg,1000x688,0,,
4422.jpg,1000x688,0,,
2195.jpg,485x479,0,,
2198.jpg,887x595,0,,
220.jpg,516x403,0,,
2200.jpg,575x863,0,,
2201.jpg,590x442,0,,
2204.jpg,350x578,0,,
2205.jpg,1024x678,24,54.17,COD10K-CAM-3-Flying-55-Butterfly-3301.jpg
3436.jpg,1024x678,24,50.106,COD10K-CAM-3-Flying-61-Katydid-4036.jpg
3593.jpg,1024x678,24,41.495,COD10K-CAM-3-Flying-59-Grasshopper-3851.jpg
4178.jpg,1024x678,24,44.313,COD10K-CAM-3-Flying-61-Katydid-4067.jpg
5139.jpg,1024x678,24,61.247,COD10K-CAM-1-Aquatic-7-Flounder-252.jpg
914.jpg,1024x678,24,53.466,COD10K-CAM-3-Flying-61-Katydid-4067.jpg
2207.jpg,273x450,0,,
221.jpg,1200x627,0,,
2212.jpg,800x501,0,,
2213.jpg,910x683,0,,
2742.jpg,910x683,0,,
3363.jpg,910x683,0,,
3701.jpg,910x683,0,,
4064.jpg,910x683,0,,
5825.jpg,910x683,0,,
5868.jpg,910x683,0,,
962.jpg,910x683,0,,
2215.jpg,800x579,0,,
2216.jpg,1024x727,0,,
2217.jpg,728x486,0,,
5736.jpg,728x486,0,,
2218.jpg,900x661,0,,
2219.jpg,426x568,0,,
2221.jpg,494x270,0,,
2222.jpg,964x464,0,,
2227.jpg,753x600,0,,
2313.jpg,753x600,0,,
2722.jpg,753x600,0,,
2746.jpg,753x600,0,,
2938.jpg,753x600,0,,
3027.jpg,753x600,0,,
3080.jpg,753x600,0,,
3229.jpg,753x600,0,,
418.jpg,753x600,0,,
2229.jpg,698x466,0,,
2232.jpg,500x331,1,70.966,COD10K-CAM-2-Terrestrial-23-Cat-1334.jpg
4129.jpg,500x331,1,64.662,COD10K-CAM-2-Terrestrial-23-Cat-1334.jpg
4793.jpg,500x331,1,74.288,COD10K-CAM-2-Terrestrial-23-Cat-1334.jpg
516.jpg,500x331,1,66.304,COD10K-CAM-2-Terrestrial-23-Cat-1334.jpg
2233.jpg,768x535,0,,
2234.jpg,580x326,0,,
2235.jpg,500x341,0,,
2236.jpg,713x1024,0,,
2237.jpg,520x650,0,,
2238.jpg,700x368,0,,
4562.jpg,700x368,0,,
2239.jpg,918x706,0,,
2240.jpg,642x641,0,,
2242.jpg,468x700,0,,
2243.jpg,626x417,0,,
2288.jpg,626x417,0,,
3687.jpg,626x417,0,,
5072.jpg,626x417,0,,
2246.jpg,850x556,0,,
2247.jpg,720x671,0,,
2252.jpg,795x530,0,,
2253.jpg,754x441,0,,
2254.jpg,800x541,0,,
2255.jpg,804x493,0,,
2256.jpg,587x340,0,,
2257.jpg,350x431,0,,
2258.jpg,1024x741,1,76.464,COD10K-CAM-2-Terrestrial-38-Lizard-2147.jpg
4370.jpg,1024x741,1,77.637,COD10K-CAM-2-Terrestrial-38-Lizard-2147.jpg
2259.jpg,900x613,0,,
2260.jpg,600x437,0,,
2261.jpg,467x700,0,,
2397.jpg,467x700,0,,
3174.jpg,467x700,0,,
3708.jpg,467x700,0,,
4304.jpg,467x700,0,,
5476.jpg,467x700,0,,
2267.jpg,648x968,0,,
2269.jpg,860x574,0,,
2271.jpg,605x454,0,,
2748.jpg,605x454,0,,
2780.jpg,605x454,0,,
2272.jpg,329x500,0,,
2273.jpg,333x499,1,72.044,COD10K-CAM-3-Flying-56-Cicada-3456.jpg
5751.jpg,333x499,1,83.185,COD10K-CAM-3-Flying-56-Cicada-3456.jpg
2274.jpg,800x565,0,,
2276.jpg,620x661,0,,
2277.jpg,770x665,0,,
228.jpg,994x778,0,,
2281.jpg,964x641,0,,
2364.jpg,964x641,0,,
2284.jpg,640x483,0,,
2709.jpg,640x483,0,,
2851.jpg,640x483,0,,
2285.jpg,500x376,0,,
2287.jpg,602x416,0,,
2289.jpg,682x470,0,,
229.jpg,640x458,0,,
2291.jpg,1023x666,1,77.076,COD10K-CAM-1-Aquatic-15-SeaHorse-1060.jpg
2293.jpg,962x533,0,,
2295.jpg,534x356,0,,
2296.jpg,534x800,0,,
401.jpg,534x800,0,,
5364.jpg,534x800,0,,
692.jpg,534x800,0,,
2297.jpg,685x1023,4,70.146,COD10K-CAM-1-Aquatic-15-SeaHorse-1017.jpg
23.jpg,800x849,0,,
3921.jpg,800x849,0,,
4337.jpg,800x849,0,,
2301.jpg,1024x753,2,63.556,COD10K-CAM-1-Aquatic-15-SeaHorse-1098.jpg
2302.jpg,605x465,0,,
2305.jpg,532x799,0,,
2408.jpg,532x799,0,,
4467.jpg,532x799,0,,
2312.jpg,700x500,0,,
2728.jpg,700x500,0,,
2314.jpg,450x337,0,,
3634.jpg,450x337,0,,
526.jpg,450x337,0,,
2316.jpg,684x600,0,,
2318.jpg,700x465,0,,
2349.jpg,700x465,0,,
2410.jpg,700x465,0,,
3319.jpg,700x465,0,,
3409.jpg,700x465,0,,
3471.jpg,700x465,0,,
3920.jpg,700x465,0,,
3936.jpg,700x465,0,,
3949.jpg,700x465,0,,
4237.jpg,700x465,0,,
4782.jpg,700x465,0,,
5640.jpg,700x465,0,,
773.jpg,700x465,0,,
2319.jpg,640x262,0,,
232.jpg,519x428,0,,
2324.jpg,642x361,0,,
2325.jpg,1023x683,14,29.865,COD10K-CAM-3-Flying-61-Katydid-3946.jpg
2329.jpg,780x520,1,58.557,COD10K-CAM-2-Terrestrial-45-Spider-2495.jpg
762.jpg,780x520,1,64.429,COD10K-CAM-2-Terrestrial-45-Spider-2495.jpg
233.jpg,710x400,0,,
2331.jpg,720x585,0,,
2335.jpg,1000x662,0,,
2338.jpg,500x257,0,,
2341.jpg,700x405,0,,
2345.jpg,760x507,0,,
2346.jpg,580x434,0,,
235.jpg,636x382,0,,
4079.jpg,636x382,0,,
2350.jpg,640x750,0,,
2352.jpg,400x477,0,,
2357.jpg,720x597,0,,
2362.jpg,700x511,0,,
2365.jpg,687x562,0,,
5196.jpg,687x562,0,,
656.jpg,687x562,0,,
2366.jpg,900x615,0,,
50.jpg,900x615,0,,
2367.jpg,900x720,0,,
2770.jpg,900x720,0,,
281.jpg,900x720,0,,
726.jpg,900x720,0,,
2374.jpg,532x800,0,,
2376.jpg,498x750,0,,
3217.jpg,498x750,0,,
2378.jpg,605x405,0,,
2379.jpg,962x787,0,,
238.jpg,450x292,0,,
2382.jpg,407x612,0,,
2384.jpg,640x577,0,,
2385.jpg,1024x639,4,51.143,COD10K-CAM-3-Flying-61-Katydid-3991.jpg
5008.jpg,1024x639,4,60.487,COD10K-CAM-3-Flying-65-Owl-4631.jpg
2386.jpg,901x721,0,,
2387.jpg,333x500,0,,
4155.jpg,333x500,0,,
2388.jpg,700x468,0,,
2679.jpg,700x468,0,,
3431.jpg,700x468,0,,
4103.jpg,700x468,0,,
4272.jpg,700x468,0,,
960.jpg,700x468,0,,
2393.jpg,614x613,0,,
2396.jpg,1082x718,0,,
2399.jpg,800x532,7,57.375,COD10K-CAM-3-Flying-63-Mockingbird-4391.jpg
2738.jpg,800x532,7,42.22,COD10K-CAM-3-Flying-63-Mockingbird-4393.jpg
5320.jpg,800x532,7,53.944,COD10K-CAM-1-Aquatic-13-Pipefish-506.jpg
5629.jpg,800x532,7,44.723,COD10K-CAM-3-Flying-63-Mockingbird-4393.jpg
5739.jpg,800x532,7,46.238,COD10K-CAM-2-Terrestrial-40-Rabbit-2350.jpg
579.jpg,800x532,7,60.868,COD10K-CAM-3-Flying-63-Mockingbird-4391.jpg
608.jpg,800x532,7,44.553,COD10K-CAM-3-Flying-63-Mockingbird-4391.jpg
992.jpg,800x532,7,44.233,COD10K-CAM-5-Other-69-Other-5042.jpg
24.jpg,1127x651,0,,
2401.jpg,640x641,0,,
3173.jpg,640x641,0,,
2402.jpg,435x580,0,,
2409.jpg,580x428,0,,
241.jpg,960x768,0,,
2413.jpg,650x419,0,,
3190.jpg,650x419,0,,
2414.jpg,550x408,0,,
2419.jpg,560x417,0,,
2423.jpg,980x500,0,,
2426.jpg,440x294,0,,
2428.jpg,480x319,0,,
2808.jpg,480x319,0,,
243.jpg,1000x665,0,,
245.jpg,1000x665,0,,
5466.jpg,1000x665,0,,
838.jpg,1000x665,0,,
2433.jpg,490x363,0,,
2434.jpg,709x439,0,,
2442.jpg,1000x777,0,,
2445.jpg,644x364,0,,
3129.jpg,644x364,0,,
2446.jpg,650x365,0,,
2451.jpg,626x420,0,,
2453.jpg,354x268,0,,
2454.jpg,636x480,0,,
2456.jpg,701x363,0,,
2458.jpg,1000x664,1,66.004,COD10K-CAM-3-Flying-54-Bittern-3251.jpg
2649.jpg,1000x664,1,68.714,COD10K-CAM-3-Flying-54-Bittern-3251.jpg
3225.jpg,1000x664,1,67.105,COD10K-CAM-3-Flying-54-Bittern-3251.jpg
3310.jpg,1000x664,1,65.704,COD10K-CAM-3-Flying-54-Bittern-3251.jpg
3401.jpg,1000x664,1,77.77,COD10K-CAM-3-Flying-54-Bittern-3251.jpg
3412.jpg,1000x664,1,74.079,COD10K-CAM-3-Flying-54-Bittern-3251.jpg
3466.jpg,1000x664,1,84.019,COD10K-CAM-3-Flying-54-Bittern-3251.jpg
4054.jpg,1000x664,1,86.285,COD10K-CAM-3-Flying-54-Bittern-3251.jpg
4137.jpg,1000x664,1,87.963,COD10K-CAM-3-Flying-54-Bittern-3251.jpg
5752.jpg,1000x664,1,70.735,COD10K-CAM-3-Flying-54-Bittern-3251.jpg
2462.jpg,1200x602,0,,
2464.jpg,760x502,0,,
2465.jpg,620x465,0,,
2484.jpg,620x465,0,,
2467.jpg,799x599,0,,
2468.jpg,830x400,0,,
2473.jpg,600x300,0,,
279.jpg,600x300,0,,
4821.jpg,600x300,0,,
5180.jpg,600x300,0,,
2474.jpg,1008x608,0,,
2482.jpg,512x344,0,,
2483.jpg,641x640,0,,
3309.jpg,641x640,0,,
3367.jpg,641x640,0,,
2486.jpg,512x288,0,,
5838.jpg,512x288,0,,
249.jpg,550x309,0,,
5754.jpg,550x309,0,,
2490.jpg,485x620,0,,
2492.jpg,537x358,0,,
2495.jpg,640x642,0,,
4291.jpg,640x642,0,,
25.jpg,564x900,0,,
2503.jpg,450x289,0,,
2515.jpg,512x358,0,,
2533.jpg,553x311,0,,
2541.jpg,575x381,0,,
2542.jpg,530x345,0,,
2543.jpg,512x307,0,,
2548.jpg,660x510,0,,
255.jpg,512x323,0,,
2551.jpg,600x350,0,,
4678.jpg,600x350,0,,
2554.jpg,612x344,0,,
3485.jpg,612x344,0,,
2557.jpg,999x749,0,,
2560.jpg,709x400,0,,
2561.jpg,620x380,0,,
4364.jpg,620x380,0,,
2568.jpg,831x409,0,,
2571.jpg,450x320,0,,
3919.jpg,450x320,0,,
854.jpg,450x320,0,,
2572.jpg,474x265,0,,
2582.jpg,1100x619,0,,
5715.jpg,1100x619,0,,
2589.jpg,606x249,0,,
260.jpg,800x480,0,,
2725.jpg,800x480,0,,
2868.jpg,800x480,0,,
2888.jpg,800x480,0,,
2909.jpg,800x480,0,,
3035.jpg,800x480,0,,
3347.jpg,800x480,0,,
4001.jpg,800x480,0,,
4067.jpg,800x480,0,,
2601.jpg,953x500,0,,
2605.jpg,858x536,0,,
4353.jpg,858x536,0,,
4400.jpg,858x536,0,,
4449.jpg,858x536,0,,
4499.jpg,858x536,0,,
5390.jpg,858x536,0,,
2608.jpg,695x480,0,,
2612.jpg,753x435,0,,
2614.jpg,667x486,0,,
2615.jpg,667x376,0,,
4814.jpg,667x376,0,,
2616.jpg,962x722,0,,
2622.jpg,338x450,0,,
4763.jpg,338x450,0,,
4856.jpg,338x450,0,,
2623.jpg,748x900,0,,
2624.jpg,838x559,0,,
5549.jpg,838x559,0,,
2626.jpg,482x305,0,,
2630.jpg,900x597,0,,
4884.jpg,900x597,0,,
5753.jpg,900x597,0,,
697.jpg,900x597,0,,
2634.jpg,400x314,0,,
2639.jpg,800x588,0,,
264.jpg,371x464,0,,
2640.jpg,894x768,0,,
2646.jpg,1023x645,1,69.53,COD10K-CAM-3-Flying-55-Butterfly-3307.jpg
2648.jpg,1012x594,0,,
2650.jpg,1137x598,0,,
2651.jpg,590x350,0,,
3533.jpg,590x350,0,,
5046.jpg,590x350,0,,
514.jpg,590x350,0,,
2655.jpg,640x465,0,,
3645.jpg,640x465,0,,
4303.jpg,640x465,0,,
5689.jpg,640x465,0,,
2656.jpg,636x358,0,,
2657.jpg,1000x630,0,,
2663.jpg,678x734,0,,
2666.jpg,615x410,0,,
894.jpg,615x410,0,,
2670.jpg,980x510,0,,
2675.jpg,640x481,0,,
4849.jpg,640x481,0,,
2678.jpg,480x321,0,,
2680.jpg,650x581,0,,
2681.jpg,735x490,0,,
2682.jpg,322x450,0,,
2683.jpg,1008x756,0,,
2686.jpg,600x462,0,,
2689.jpg,520x371,0,,
4488.jpg,520x371,0,,
2690.jpg,880x598,0,,
2692.jpg,348x480,0,,
2693.jpg,800x449,0,,
321.jpg,800x449,0,,
2694.jpg,800x723,0,,
2696.jpg,479x359,0,,
89.jpg,479x359,0,,
2697.jpg,641x482,0,,
2699.jpg,912x797,0,,
2703.jpg,640x376,0,,
599.jpg,640x376,0,,
2710.jpg,903x602,0,,
2712.jpg,1028x579,0,,
2716.jpg,667x1000,1,51.647,COD10K-CAM-2-Terrestrial-24-Caterpillar-1609.jpg
3052.jpg,667x1000,1,65.181,COD10K-CAM-2-Terrestrial-24-Caterpillar-1609.jpg
3160.jpg,667x1000,1,67.351,COD10K-CAM-2-Terrestrial-24-Caterpillar-1609.jpg
859.jpg,667x1000,1,64.694,COD10K-CAM-2-Terrestrial-24-Caterpillar-1609.jpg
2727.jpg,1263x560,0,,
2731.jpg,790x526,0,,
2733.jpg,920x657,0,,
2734.jpg,550x365,0,,
2736.jpg,640x504,0,,
2741.jpg,500x329,0,,
2749.jpg,600x381,0,,
2750.jpg,849x565,0,,
2752.jpg,476x309,0,,
2763.jpg,744x496,0,,
2764.jpg,902x600,0,,
580.jpg,902x600,0,,
2774.jpg,720x860,0,,
2777.jpg,910x682,0,,
2947.jpg,910x682,0,,
3815.jpg,910x682,0,,
730.jpg,910x682,0,,
735.jpg,910x682,0,,
2778.jpg,800x550,0,,
2856.jpg,800x550,0,,
4411.jpg,800x550,0,,
4479.jpg,800x550,0,,
278.jpg,1000x707,0,,
2782.jpg,889x720,0,,
2784.jpg,605x543,0,,
2789.jpg,596x700,0,,
2790.jpg,640x463,0,,
2795.jpg,612x410,0,,
2796.jpg,335x500,0,,
2797.jpg,540x720,10,58.838,COD10K-CAM-3-Flying-55-Butterfly-3396.jpg
4075.jpg,540x720,10,71.437,COD10K-CAM-2-Terrestrial-38-Lizard-2157.jpg
2798.jpg,700x485,0,,
2807.jpg,910x579,0,,
2811.jpg,800x560,1,76.426,COD10K-CAM-2-Terrestrial-36-Leopard-2060.jpg
2812.jpg,1024x608,0,,
2816.jpg,800x530,4,49.61,COD10K-CAM-4-Amphibian-67-Frog-4727.jpg
3274.jpg,800x530,4,67.452,COD10K-CAM-2-Terrestrial-33-Grouse-1957.jpg
3400.jpg,800x530,4,58.434,COD10K-CAM-4-Amphibian-67-Frog-4727.jpg
3544.jpg,800x530,4,65.187,COD10K-CAM-2-Terrestrial-33-Grouse-1957.jpg
4760.jpg,800x530,4,53.263,COD10K-CAM-4-Amphibian-67-Frog-4727.jpg
5771.jpg,800x530,4,67.436,COD10K-CAM-4-Amphibian-67-Frog-4727.jpg
2817.jpg,1025x579,0,,
2820.jpg,460x345,0,,
3090.jpg,460x345,0,,
4190.jpg,460x345,0,,
2823.jpg,440x292,0,,
2828.jpg,566x700,0,,
283.jpg,599x400,0,,
2834.jpg,500x351,0,,
2840.jpg,1072x716,0,,
2844.jpg,465x738,0,,
2847.jpg,725x783,0,,
285.jpg,600x425,0,,
2850.jpg,800x595,0,,
2853.jpg,299x470,0,,
4296.jpg,299x470,0,,
4305.jpg,299x470,0,,
5500.jpg,299x470,0,,
2854.jpg,634x418,0,,
2857.jpg,460x306,0,,
4200.jpg,460x306,0,,
2860.jpg,835x269,0,,
2861.jpg,612x612,4,91.073,COD10K-CAM-4-Amphibian-67-Frog-4747.jpg
3292.jpg,612x612,4,68.486,COD10K-CAM-4-Amphibian-68-Toad-4824.jpg
4203.jpg,612x612,4,55.671,COD10K-CAM-2-Terrestrial-23-Cat-1317.jpg
4352.jpg,612x612,4,71.34,COD10K-CAM-4-Amphibian-68-Toad-4824.jpg
4789.jpg,612x612,4,67.767,COD10K-CAM-4-Amphibian-68-Toad-4824.jpg
4804.jpg,612x612,4,74.662,COD10K-CAM-2-Terrestrial-23-Cat-1317.jpg
5679.jpg,612x612,4,56.761,COD10K-CAM-4-Amphibian-68-Toad-4824.jpg
789.jpg,612x612,4,62.979,COD10K-CAM-4-Amphibian-68-Toad-4824.jpg
2862.jpg,640x368,0,,
850.jpg,640x368,0,,
2865.jpg,584x878,0,,
2866.jpg,1024x679,3,53.004,COD10K-CAM-3-Flying-55-Butterfly-3331.jpg
2867.jpg,638x800,0,,
2876.jpg,665x498,0,,
2879.jpg,728x672,0,,
288.jpg,500x394,0,,
2886.jpg,412x620,0,,
3246.jpg,412x620,0,,
290.jpg,550x827,0,,
2900.jpg,715x404,0,,
2906.jpg,1200x628,0,,
4959.jpg,1200x628,0,,
2914.jpg,900x484,0,,
2918.jpg,998x748,0,,
2920.jpg,638x953,0,,
2921.jpg,1024x685,11,51.804,COD10K-CAM-2-Terrestrial-23-Cat-1362.jpg
3340.jpg,1024x685,11,66.847,COD10K-CAM-2-Terrestrial-45-Spider-2699.jpg
2930.jpg,500x358,0,,
2943.jpg,600x750,0,,
2948.jpg,1000x706,1,65.258,COD10K-CAM-3-Flying-62-Mantis-4291.jpg
2953.jpg,618x419,0,,
2964.jpg,650x979,0,,
297.jpg,640x493,0,,
2970.jpg,700x435,0,,
2971.jpg,512x290,0,,
2972.jpg,470x707,0,,
2975.jpg,560x386,0,,
2976.jpg,480x640,10,58.678,COD10K-CAM-4-Amphibian-68-Toad-4854.jpg
4403.jpg,480x640,10,47.799,COD10K-CAM-2-Terrestrial-45-Spider-2556.jpg
503.jpg,480x640,10,54.17,COD10K-CAM-2-Terrestrial-48-Wolf-2919.jpg
912.jpg,480x640,10,55.518,COD10K-CAM-2-Terrestrial-26-Chameleon-1683.jpg
2977.jpg,404x404,0,,
2984.jpg,755x366,0,,
2985.jpg,704x1024,0,,
299.jpg,584x462,0,,
2990.jpg,721x443,0,,
2993.jpg,1049x676,0,,
2994.jpg,640x416,0,,
2995.jpg,520x482,0,,
300.jpg,1024x749,2,61.629,COD10K-CAM-2-Terrestrial-23-Cat-1342.jpg
3003.jpg,640x490,0,,
3005.jpg,823x617,0,,
3006.jpg,520x390,0,,
4457.jpg,520x390,0,,
4523.jpg,520x390,0,,
4526.jpg,520x390,0,,
3012.jpg,695x476,0,,
3016.jpg,520x396,0,,
3019.jpg,755x328,0,,
3022.jpg,650x435,0,,
5357.jpg,650x435,0,,
3023.jpg,880x778,0,,
3024.jpg,910x626,0,,
3025.jpg,560x557,0,,
3030.jpg,610x578,0,,
3034.jpg,425x284,0,,
3041.jpg,670x375,0,,
3042.jpg,612x409,0,,
3044.jpg,900x591,0,,
3045.jpg,400x400,0,,
3628.jpg,400x400,0,,
987.jpg,400x400,0,,
3047.jpg,460x307,0,,
3788.jpg,460x307,0,,
3842.jpg,460x307,0,,
3905.jpg,460x307,0,,
4242.jpg,460x307,0,,
4252.jpg,460x307,0,,
766.jpg,460x307,0,,
3049.jpg,766x1005,0,,
305.jpg,645x644,0,,
3054.jpg,602x473,0,,
3062.jpg,900x655,0,,
3063.jpg,900x540,0,,
5519.jpg,900x540,0,,
5636.jpg,900x540,0,,
3066.jpg,1023x678,7,38.65,COD10K-CAM-2-Terrestrial-26-Chameleon-1687.jpg
3070.jpg,505x674,0,,
3074.jpg,419x450,0,,
3079.jpg,630x354,0,,
3081.jpg,711x480,0,,
3084.jpg,910x608,0,,
3960.jpg,910x608,0,,
4371.jpg,910x608,0,,
717.jpg,910x608,0,,
3089.jpg,700x409,0,,
3092.jpg,640x407,0,,
3171.jpg,640x407,0,,
3094.jpg,500x332,1,76.262,COD10K-CAM-2-Terrestrial-29-Dog-1810.jpg
3386.jpg,500x332,1,72.551,COD10K-CAM-2-Terrestrial-29-Dog-1810.jpg
3863.jpg,500x332,1,54.624,COD10K-CAM-2-Terrestrial-29-Dog-1810.jpg
3095.jpg,800x601,1,81.299,COD10K-CAM-3-Flying-63-Mockingbird-4388.jpg
4835.jpg,800x601,1,82.939,COD10K-CAM-3-Flying-63-Mockingbird-4388.jpg
660.jpg,800x601,1,97.304,COD10K-CAM-3-Flying-63-Mockingbird-4388.jpg
3097.jpg,451x450,0,,
3103.jpg,820x545,0,,
5198.jpg,820x545,0,,
3115.jpg,640x329,0,,
3119.jpg,337x418,0,,
312.jpg,641x643,0,,
3121.jpg,500x335,0,,
3248.jpg,500x335,0,,
3872.jpg,500x335,0,,
5537.jpg,500x335,0,,
3124.jpg,850x682,0,,
3125.jpg,584x436,0,,
3127.jpg,598x900,0,,
3128.jpg,725x544,0,,
3131.jpg,482x362,0,,
3134.jpg,640x425,0,,
5371.jpg,640x425,0,,
5625.jpg,640x425,0,,
861.jpg,640x425,0,,
3135.jpg,540x315,0,,
3137.jpg,676x1049,0,,
3138.jpg,700x400,0,,
4133.jpg,700x400,0,,
5712.jpg,700x400,0,,
3139.jpg,650x418,0,,
3142.jpg,634x947,0,,
3143.jpg,403x600,0,,
3146.jpg,361x512,0,,
3147.jpg,640x800,1,75.757,COD10K-CAM-3-Flying-65-Owl-4589.jpg
5123.jpg,640x800,1,89.85,COD10K-CAM-3-Flying-65-Owl-4589.jpg
531.jpg,640x800,1,86.69,COD10K-CAM-3-Flying-65-Owl-4589.jpg
3152.jpg,612x376,0,,
3153.jpg,495x297,0,,
3154.jpg,680x1024,5,61.625,COD10K-CAM-3-Flying-61-Katydid-4005.jpg
3800.jpg,680x1024,5,57.571,COD10K-CAM-3-Flying-59-Grasshopper-3646.jpg
3155.jpg,870x900,0,,
3156.jpg,665x460,0,,
3157.jpg,1024x481,0,,
3158.jpg,675x900,0,,
3369.jpg,675x900,0,,
3405.jpg,675x900,0,,
4099.jpg,675x900,0,,
4456.jpg,675x900,0,,
4864.jpg,675x900,0,,
4947.jpg,675x900,0,,
5014.jpg,675x900,0,,
508.jpg,675x900,0,,
597.jpg,675x900,0,,
3161.jpg,615x926,0,,
3188.jpg,615x926,0,,
3163.jpg,634x424,0,,
3164.jpg,522x348,0,,
954.jpg,522x348,0,,
3165.jpg,1024x707,2,70.151,COD10K-CAM-3-Flying-65-Owl-4652.jpg
513.jpg,1024x707,2,61.455,COD10K-CAM-3-Flying-65-Owl-4652.jpg
3166.jpg,800x495,0,,
3168.jpg,460x305,0,,
3169.jpg,500x533,0,,
3172.jpg,604x503,0,,
3176.jpg,450x286,0,,
3177.jpg,398x600,0,,
3804.jpg,398x600,0,,
5733.jpg,398x600,0,,
3178.jpg,650x488,0,,
4307.jpg,650x488,0,,
4461.jpg,650x488,0,,
872.jpg,650x488,0,,
318.jpg,458x640,0,,
3180.jpg,648x1000,0,,
4094.jpg,648x1000,0,,
3181.jpg,658x864,0,,
3184.jpg,459x600,0,,
3299.jpg,459x600,0,,
3186.jpg,300x448,0,,
3187.jpg,699x551,0,,
3189.jpg,632x322,0,,
3194.jpg,574x860,0,,
3195.jpg,500x690,0,,
3197.jpg,850x613,0,,
3198.jpg,407x587,0,,
3199.jpg,900x506,0,,
4949.jpg,900x506,0,,
5605.jpg,900x506,0,,
3200.jpg,530x738,0,,
3201.jpg,720x403,0,,
3205.jpg,889x593,0,,
3206.jpg,537x750,0,,
3207.jpg,910x480,0,,
3208.jpg,624x468,0,,
3209.jpg,753x485,0,,
5312.jpg,753x485,0,,
3211.jpg,580x440,0,,
3214.jpg,410x327,0,,
3216.jpg,324x480,0,,
3219.jpg,800x468,0,,
322.jpg,624x351,0,,
3221.jpg,721x578,0,,
3227.jpg,800x814,0,,
323.jpg,900x528,0,,
3232.jpg,500x650,0,,
3234.jpg,497x330,0,,
3236.jpg,562x562,0,,
5237.jpg,562x562,0,,
324.jpg,1023x685,19,57.133,COD10K-CAM-3-Flying-62-Mantis-4338.jpg
3330.jpg,1023x685,19,52.916,COD10K-CAM-1-Aquatic-13-Pipefish-735.jpg
3451.jpg,1023x685,19,64.085,COD10K-CAM-1-Aquatic-9-GhostPipefish-396.jpg
352.jpg,1023x685,19,52.348,COD10K-CAM-4-Amphibian-67-Frog-4724.jpg
3240.jpg,600x751,0,,
3242.jpg,604x400,0,,
3243.jpg,650x420,0,,
3250.jpg,800x497,0,,
3575.jpg,800x497,0,,
3251.jpg,610x750,0,,
3254.jpg,684x1024,1,75.041,COD10K-CAM-1-Aquatic-4-Crocodile-107.jpg
326.jpg,400x517,0,,
3261.jpg,835x554,0,,
3262.jpg,640x401,0,,
3267.jpg,632x474,0,,
3271.jpg,500x285,0,,
3272.jpg,543x383,0,,
3273.jpg,459x612,0,,
4911.jpg,459x612,0,,
3277.jpg,640x492,0,,
3278.jpg,1072x728,0,,
3279.jpg,964x651,0,,
3280.jpg,800x416,0,,
3281.jpg,631x473,0,,
3282.jpg,580x773,1,100.56,COD10K-CAM-3-Flying-59-Grasshopper-3617.jpg
3283.jpg,700x449,0,,
3285.jpg,398x620,0,,
3286.jpg,740x493,0,,
5399.jpg,740x493,0,,
3287.jpg,800x568,0,,
3777.jpg,800x568,0,,
3291.jpg,400x500,0,,
5067.jpg,400x500,0,,
3294.jpg,728x436,0,,
3300.jpg,678x427,0,,
3303.jpg,450x305,0,,
3304.jpg,500x432,0,,
3306.jpg,728x657,0,,
3308.jpg,501x473,0,,
3312.jpg,797x469,0,,
3314.jpg,394x600,0,,
3329.jpg,394x600,0,,
5449.jpg,394x600,0,,
5740.jpg,394x600,0,,
3315.jpg,799x598,2,68.484,COD10K-CAM-1-Aquatic-16-Shrimp-1124.jpg
332.jpg,1023x727,0,,
3320.jpg,612x419,0,,
3321.jpg,900x589,0,,
3326.jpg,723x1024,0,,
3327.jpg,461x313,0,,
3331.jpg,467x293,0,,
3332.jpg,420x580,0,,
3333.jpg,612x608,0,,
3334.jpg,1000x613,0,,
3335.jpg,520x476,0,,
3336.jpg,860x641,0,,
3345.jpg,902x614,0,,
3346.jpg,776x517,0,,
3349.jpg,509x280,0,,
3353.jpg,860x484,0,,
3357.jpg,664x440,0,,
3371.jpg,1024x530,1,64.488,COD10K-CAM-3-Flying-52-Beetle-3008.jpg
3374.jpg,800x630,0,,
3376.jpg,682x681,0,,
3379.jpg,600x454,0,,
3387.jpg,700x420,0,,
3390.jpg,366x550,0,,
3399.jpg,1023x768,4,48.03,COD10K-CAM-2-Terrestrial-45-Spider-2758.jpg
3442.jpg,1023x768,4,55.822,COD10K-CAM-2-Terrestrial-45-Spider-2758.jpg
3907.jpg,1023x768,4,49.174,COD10K-CAM-2-Terrestrial-45-Spider-2758.jpg
4354.jpg,1023x768,4,55.085,COD10K-CAM-2-Terrestrial-45-Spider-2758.jpg
340.jpg,1440x411,0,,
3402.jpg,600x383,0,,
3410.jpg,800x545,0,,
3414.jpg,750x941,0,,
3416.jpg,800x603,0,,
398.jpg,800x603,0,,
3418.jpg,1030x644,0,,
3420.jpg,509x339,0,,
3484.jpg,509x339,0,,
4705.jpg,509x339,0,,
3425.jpg,440x316,0,,
3426.jpg,798x798,0,,
3427.jpg,900x707,0,,
666.jpg,900x707,0,,
3428.jpg,601x900,0,,
3430.jpg,704x456,0,,
3437.jpg,782x411,0,,
3444.jpg,650x620,0,,
3446.jpg,800x527,1,59.971,COD10K-CAM-1-Aquatic-13-Pipefish-638.jpg
3447.jpg,1024x731,8,45.603,COD10K-CAM-2-Terrestrial-45-Spider-2681.jpg
3449.jpg,700x484,0,,
3450.jpg,1024x767,6,53.765,COD10K-CAM-2-Terrestrial-47-Tiger-2888.jpg
3454.jpg,582x900,0,,
3456.jpg,750x525,0,,
3457.jpg,577x433,0,,
3458.jpg,640x351,0,,
3462.jpg,531x500,0,,
3463.jpg,531x354,0,,
3470.jpg,512x372,0,,
3479.jpg,960x819,0,,
3486.jpg,900x672,0,,
3487.jpg,640x419,0,,
3490.jpg,787x356,0,,
3491.jpg,566x800,0,,
3493.jpg,900x674,0,,
3500.jpg,480x402,0,,
3505.jpg,1023x653,2,65.855,COD10K-CAM-3-Flying-61-Katydid-4172.jpg
3506.jpg,560x412,0,,
3510.jpg,1024x657,4,58.662,COD10K-CAM-2-Terrestrial-23-Cat-1535.jpg
365.jpg,1024x657,4,48.002,COD10K-CAM-2-Terrestrial-23-Cat-1535.jpg
3511.jpg,450x559,0,,
3512.jpg,968x645,0,,
3519.jpg,373x560,0,,
4509.jpg,373x560,0,,
3522.jpg,900x521,0,,
3523.jpg,615x480,0,,
3525.jpg,634x393,0,,
3527.jpg,600x887,0,,
3531.jpg,900x529,0,,
3537.jpg,1072x603,0,,
3540.jpg,634x644,0,,
3545.jpg,449x300,0,,
3549.jpg,851x593,0,,
3552.jpg,1024x624,4,66.66,COD10K-CAM-4-Amphibian-68-Toad-4920.jpg
3557.jpg,639x451,0,,
3561.jpg,1000x722,0,,
5233.jpg,1000x722,0,,
3562.jpg,800x400,0,,
4139.jpg,800x400,0,,
4686.jpg,800x400,0,,
5236.jpg,800x400,0,,
3567.jpg,506x640,1,75.977,COD10K-CAM-3-Flying-65-Owl-4581.jpg
3568.jpg,634x851,0,,
3570.jpg,716x678,0,,
3572.jpg,598x480,0,,
3573.jpg,1000x655,0,,
3576.jpg,573x382,0,,
3579.jpg,650x650,0,,
5499.jpg,650x650,0,,
3582.jpg,938x168,0,,
3583.jpg,620x386,0,,
3585.jpg,950x400,0,,
3587.jpg,633x497,0,,
3588.jpg,1024x742,1,75.419,COD10K-CAM-3-Flying-53-Bird-3117.jpg
3589.jpg,474x316,0,,
3591.jpg,380x379,0,,
3595.jpg,1000x695,0,,
3596.jpg,650x569,0,,
3597.jpg,750x461,0,,
3598.jpg,1024x706,2,52.138,COD10K-CAM-2-Terrestrial-26-Chameleon-1704.jpg
3599.jpg,840x840,0,,
3602.jpg,768x794,0,,
3603.jpg,1000x652,0,,
4984.jpg,1000x652,0,,
3605.jpg,505x500,0,,
3606.jpg,500x314,0,,
3609.jpg,792x445,0,,
3610.jpg,602x753,0,,
3613.jpg,900x542,0,,
3620.jpg,450x315,0,,
3622.jpg,794x533,0,,
3625.jpg,499x332,1,41.195,COD10K-CAM-2-Terrestrial-45-Spider-2543.jpg
3627.jpg,641x642,0,,
3630.jpg,500x281,0,,
3631.jpg,450x335,0,,
3632.jpg,865x452,0,,
3633.jpg,544x768,0,,
3635.jpg,660x393,0,,
3638.jpg,660x463,0,,
3639.jpg,1008x768,0,,
3642.jpg,560x322,0,,
3646.jpg,343x500,0,,
3656.jpg,634x357,0,,
366.jpg,512x343,0,,
4424.jpg,512x343,0,,
3662.jpg,660x495,0,,
3666.jpg,590x300,0,,
3668.jpg,563x373,0,,
3679.jpg,425x425,0,,
3686.jpg,450x327,0,,
3688.jpg,1049x699,0,,
5425.jpg,1049x699,0,,
5447.jpg,1049x699,0,,
5495.jpg,1049x699,0,,
3694.jpg,800x828,0,,
3695.jpg,660x440,0,,
638.jpg,660x440,0,,
3696.jpg,800x617,0,,
3699.jpg,825x510,0,,
3702.jpg,640x562,0,,
3703.jpg,1048x700,0,,
3709.jpg,1024x700,3,54.741,COD10K-CAM-3-Flying-55-Butterfly-3311.jpg
371.jpg,530x351,0,,
3711.jpg,640x508,0,,
3712.jpg,550x369,0,,
3720.jpg,900x649,0,,
3721.jpg,1024x482,0,,
3723.jpg,755x514,0,,
3726.jpg,630x420,0,,
3730.jpg,510x340,0,,
4293.jpg,510x340,0,,
4441.jpg,510x340,0,,
5490.jpg,510x340,0,,
3731.jpg,697x1049,0,,
3738.jpg,309x400,0,,
3739.jpg,1024x642,3,60.129,COD10K-CAM-2-Terrestrial-38-Lizard-2120.jpg
464.jpg,1024x642,3,57.943,COD10K-CAM-2-Terrestrial-38-Lizard-2120.jpg
3740.jpg,900x524,0,,
3741.jpg,780x373,0,,
3748.jpg,287x470,0,,
3754.jpg,570x380,0,,
3756.jpg,400x620,0,,
3783.jpg,400x620,0,,
4214.jpg,400x620,0,,
3757.jpg,600x933,0,,
3758.jpg,580x387,0,,
376.jpg,550x394,0,,
3763.jpg,426x640,2,52.359,COD10K-CAM-1-Aquatic-9-GhostPipefish-308.jpg
3764.jpg,900x719,0,,
3775.jpg,640x903,0,,
3780.jpg,450x600,1,70.148,COD10K-CAM-2-Terrestrial-34-Human-2003.jpg
4100.jpg,450x600,1,76.29,COD10K-CAM-2-Terrestrial-34-Human-2003.jpg
4568.jpg,450x600,1,61.976,COD10K-CAM-2-Terrestrial-34-Human-2003.jpg
3782.jpg,405x720,0,,
3784.jpg,1024x669,1,70.37,COD10K-CAM-3-Flying-56-Cicada-3532.jpg
3785.jpg,910x520,0,,
3786.jpg,1200x609,0,,
5530.jpg,1200x609,0,,
379.jpg,600x460,0,,
3792.jpg,960x644,0,,
3793.jpg,910x519,0,,
3794.jpg,699x1024,0,,
3801.jpg,400x519,0,,
3802.jpg,1086x724,0,,
3805.jpg,460x319,0,,
3807.jpg,478x359,0,,
3808.jpg,1024x724,7,63.773,COD10K-CAM-1-Aquatic-7-Flounder-275.jpg
3813.jpg,460x262,0,,
3814.jpg,600x898,0,,
3816.jpg,493x640,0,,
382.jpg,675x450,0,,
5932.jpg,675x450,0,,
3820.jpg,1100x633,0,,
3821.jpg,768x548,0,,
3825.jpg,640x618,0,,
3834.jpg,500x337,0,,
3836.jpg,1024x667,3,50.625,COD10K-CAM-2-Terrestrial-27-Cheetah-1754.jpg
4125.jpg,1024x667,3,63.645,COD10K-CAM-2-Terrestrial-38-Lizard-2234.jpg
3841.jpg,650x975,0,,
3843.jpg,900x563,0,,
3844.jpg,535x337,0,,
3846.jpg,900x792,0,,
3856.jpg,1088x544,0,,
3858.jpg,450x357,0,,
3861.jpg,727x727,0,,
3866.jpg,640x358,0,,
3867.jpg,1100x636,0,,
3869.jpg,695x300,0,,
387.jpg,604x403,0,,
3871.jpg,700x445,0,,
3874.jpg,999x768,0,,
3875.jpg,550x550,0,,
891.jpg,550x550,0,,
3877.jpg,820x488,0,,
3878.jpg,480x800,0,,
3879.jpg,964x640,0,,
5864.jpg,964x640,0,,
388.jpg,600x351,0,,
3882.jpg,640x526,0,,
3883.jpg,512x333,0,,
3888.jpg,1049x696,0,,
5620.jpg,1049x696,0,,
3889.jpg,567x850,0,,
389.jpg,520x347,0,,
3894.jpg,608x320,0,,
3901.jpg,608x320,0,,
3906.jpg,910x702,0,,
3908.jpg,480x480,1,67.176,COD10K-CAM-2-Terrestrial-46-StickInsect-2823.jpg
4670.jpg,480x480,1,72.709,COD10K-CAM-2-Terrestrial-46-StickInsect-2823.jpg
3909.jpg,1024x664,1,57.043,COD10K-CAM-1-Aquatic-13-Pipefish-718.jpg
3911.jpg,640x440,0,,
3912.jpg,400x533,0,,
3915.jpg,415x311,0,,
3916.jpg,1024x672,3,62.036,COD10K-CAM-2-Terrestrial-45-Spider-2539.jpg
3924.jpg,750x360,0,,
3929.jpg,660x960,0,,
3934.jpg,334x500,0,,
4215.jpg,334x500,0,,
3937.jpg,451x679,0,,
394.jpg,480x361,0,,
3951.jpg,1050x694,0,,
3955.jpg,625x352,0,,
3956.jpg,902x507,0,,
396.jpg,540x405,0,,
5028.jpg,540x405,0,,
5057.jpg,540x405,0,,
3961.jpg,1024x722,1,64.94,COD10K-CAM-1-Aquatic-15-SeaHorse-1030.jpg
3962.jpg,533x849,0,,
3970.jpg,640x467,0,,
4388.jpg,640x467,0,,
3972.jpg,650x477,0,,
3977.jpg,1000x779,0,,
3978.jpg,800x790,0,,
3981.jpg,697x1050,0,,
3986.jpg,910x511,0,,
3989.jpg,559x340,0,,
3990.jpg,780x469,0,,
3991.jpg,300x470,0,,
3997.jpg,885x432,0,,
4002.jpg,1000x772,0,,
4004.jpg,425x286,0,,
4006.jpg,810x540,0,,
4748.jpg,810x540,0,,
4009.jpg,600x470,0,,
4329.jpg,600x470,0,,
5474.jpg,600x470,0,,
4015.jpg,640x569,0,,
4025.jpg,600x424,1,61.45,COD10K-CAM-1-Aquatic-9-GhostPipefish-341.jpg
4028.jpg,593x900,0,,
4096.jpg,593x900,0,,
4029.jpg,620x412,0,,
4030.jpg,473x315,0,,
4032.jpg,650x452,0,,
5197.jpg,650x452,0,,
4033.jpg,774x774,0,,
4038.jpg,1024x764,4,58.922,COD10K-CAM-3-Flying-53-Bird-3035.jpg
4040.jpg,704x396,0,,
4041.jpg,940x627,0,,
5683.jpg,940x627,0,,
4042.jpg,846x480,0,,
4044.jpg,639x426,0,,
4045.jpg,456x275,0,,
4046.jpg,640x413,0,,
405.jpg,706x900,0,,
4057.jpg,596x380,0,,
4059.jpg,590x332,0,,
417.jpg,590x332,0,,
5544.jpg,590x332,0,,
406.jpg,693x710,0,,
4062.jpg,568x389,0,,
4063.jpg,853x567,0,,
4069.jpg,634x358,0,,
446.jpg,634x358,0,,
4071.jpg,854x481,0,,
4072.jpg,800x523,0,,
4074.jpg,758x416,0,,
4076.jpg,512x379,0,,
408.jpg,331x500,0,,
4080.jpg,700x454,0,,
4082.jpg,980x656,0,,
4084.jpg,750x491,0,,
4087.jpg,500x364,0,,
4090.jpg,1024x620,4,45.3,COD10K-CAM-1-Aquatic-9-GhostPipefish-314.jpg
4091.jpg,1049x675,0,,
4098.jpg,634x429,0,,
4104.jpg,568x293,0,,
4106.jpg,570x1130,0,,
4107.jpg,800x572,2,66.208,COD10K-CAM-2-Terrestrial-32-Giraffe-1944.jpg
4110.jpg,450x275,0,,
4114.jpg,800x571,1,71.028,COD10K-CAM-3-Flying-55-Butterfly-3387.jpg
4115.jpg,425x638,0,,
4116.jpg,320x435,0,,
412.jpg,602x725,0,,
4123.jpg,650x426,0,,
5392.jpg,650x426,0,,
4127.jpg,1049x677,0,,
413.jpg,835x556,0,,
423.jpg,835x556,0,,
4130.jpg,568x351,0,,
4132.jpg,700x1054,0,,
4141.jpg,700x700,1,89.942,COD10K-CAM-2-Terrestrial-34-Human-2002.jpg
4148.jpg,908x405,0,,
4153.jpg,1100x709,0,,
4157.jpg,731x487,0,,
4159.jpg,474x632,0,,
4163.jpg,608x900,0,,
4165.jpg,540x540,0,,
4168.jpg,500x387,0,,
4170.jpg,960x635,0,,
4179.jpg,391x387,0,,
4181.jpg,594x900,0,,
4187.jpg,479x720,1,52.599,COD10K-CAM-2-Terrestrial-34-Human-2019.jpg
4191.jpg,860x618,0,,
4192.jpg,500x386,0,,
4196.jpg,1024x560,1,43.799,COD10K-CAM-1-Aquatic-15-SeaHorse-987.jpg
4315.jpg,1024x560,1,69.309,COD10K-CAM-1-Aquatic-15-SeaHorse-987.jpg
4700.jpg,1024x560,1,83.823,COD10K-CAM-1-Aquatic-15-SeaHorse-987.jpg
4199.jpg,512x345,0,,
420.jpg,640x910,0,,
4201.jpg,430x286,0,,
4210.jpg,728x455,0,,
5822.jpg,728x455,0,,
4212.jpg,634x422,0,,
5183.jpg,634x422,0,,
5935.jpg,634x422,0,,
4213.jpg,820x547,0,,
4216.jpg,680x1023,0,,
422.jpg,710x480,0,,
4223.jpg,336x511,0,,
4225.jpg,700x456,0,,
4234.jpg,728x484,0,,
5206.jpg,728x484,0,,
4239.jpg,600x548,0,,
424.jpg,768x511,0,,
4245.jpg,496x704,0,,
4249.jpg,1000x683,0,,
4253.jpg,700x458,0,,
4278.jpg,700x458,0,,
5401.jpg,700x458,0,,
4254.jpg,619x413,0,,
4255.jpg,612x407,0,,
4521.jpg,612x407,0,,
4258.jpg,448x320,0,,
426.jpg,600x510,0,,
4261.jpg,612x396,0,,
4264.jpg,832x910,0,,
4265.jpg,618x449,0,,
4266.jpg,700x469,0,,
5025.jpg,700x469,0,,
4267.jpg,682x1024,7,70.782,COD10K-CAM-1-Aquatic-9-GhostPipefish-311.jpg
4271.jpg,880x585,0,,
4273.jpg,420x349,0,,
4275.jpg,390x340,0,,
4280.jpg,700x504,0,,
4282.jpg,605x535,0,,
429.jpg,740x530,0,,
4299.jpg,551x368,0,,
4308.jpg,468x264,0,,
4312.jpg,625x351,0,,
4316.jpg,1024x756,0,,
5105.jpg,1024x756,0,,
4317.jpg,900x619,0,,
4319.jpg,545x313,0,,
4321.jpg,551x550,0,,
4328.jpg,536x356,0,,
4334.jpg,500x363,0,,
4335.jpg,680x453,0,,
4338.jpg,727x477,0,,
4339.jpg,1050x700,1,87.872,COD10K-CAM-2-Terrestrial-34-Human-2036.jpg
4340.jpg,340x511,0,,
4343.jpg,426x628,0,,
4349.jpg,455x454,0,,
4465.jpg,455x454,0,,
4350.jpg,502x375,0,,
4355.jpg,454x453,0,,
5652.jpg,454x453,0,,
4362.jpg,450x306,0,,
4363.jpg,800x616,0,,
4366.jpg,379x479,0,,
4367.jpg,1023x638,0,,
4369.jpg,1024x630,4,53.34,COD10K-CAM-3-Flying-56-Cicada-3546.jpg
437.jpg,500x362,0,,
4374.jpg,1160x600,0,,
4375.jpg,1024x617,2,41.596,COD10K-CAM-2-Terrestrial-46-StickInsect-2838.jpg
4378.jpg,414x621,0,,
4380.jpg,456x416,0,,
4382.jpg,1024x553,1,50.052,COD10K-CAM-1-Aquatic-13-Pipefish-519.jpg
4384.jpg,1080x699,0,,
4385.jpg,701x900,0,,
4387.jpg,800x647,0,,
4389.jpg,454x700,0,,
4391.jpg,454x456,0,,
4657.jpg,454x456,0,,
4395.jpg,567x631,0,,
4396.jpg,632x398,0,,
4397.jpg,567x386,0,,
440.jpg,682x852,0,,
4401.jpg,800x535,3,55.721,COD10K-CAM-3-Flying-64-Moth-4484.jpg
4446.jpg,800x535,3,47.211,COD10K-CAM-3-Flying-53-Bird-3085.jpg
544.jpg,800x535,3,55.806,COD10K-CAM-3-Flying-64-Moth-4484.jpg
955.jpg,800x535,3,55.081,COD10K-CAM-3-Flying-53-Bird-3085.jpg
4404.jpg,612x485,0,,
4406.jpg,500x349,0,,
4407.jpg,500x324,0,,
4409.jpg,699x1044,0,,
4413.jpg,650x1024,0,,
4414.jpg,650x388,0,,
4416.jpg,650x388,0,,
4417.jpg,1023x576,3,52.772,COD10K-CAM-2-Terrestrial-29-Dog-1861.jpg
4716.jpg,1023x576,3,54.401,COD10K-CAM-2-Terrestrial-29-Dog-1861.jpg
5213.jpg,1023x576,3,70.589,COD10K-CAM-2-Terrestrial-29-Dog-1861.jpg
4418.jpg,678x864,0,,
4419.jpg,800x681,0,,
4420.jpg,620x330,0,,
4423.jpg,1024x643,0,,
4425.jpg,865x829,0,,
4426.jpg,990x660,0,,
4627.jpg,990x660,0,,
4427.jpg,372x464,0,,
4429.jpg,675x665,0,,
4430.jpg,632x422,0,,
4432.jpg,1000x755,0,,
4434.jpg,646x437,0,,
4443.jpg,350x480,0,,
4444.jpg,850x565,0,,
4445.jpg,700x384,0,,
4451.jpg,566x400,0,,
4453.jpg,640x594,0,,
4454.jpg,348x360,0,,
4455.jpg,540x302,0,,
4463.jpg,600x310,0,,
4464.jpg,656x369,0,,
4466.jpg,800x369,0,,
4469.jpg,512x512,0,,
4470.jpg,801x536,0,,
4471.jpg,500x368,0,,
4472.jpg,512x256,0,,
4480.jpg,300x503,0,,
4483.jpg,512x377,0,,
4484.jpg,400x355,0,,
4485.jpg,620x825,0,,
449.jpg,491x492,0,,
4495.jpg,400x559,0,,
4498.jpg,320x481,0,,
4500.jpg,750x944,0,,
4501.jpg,341x512,0,,
4502.jpg,750x750,0,,
624.jpg,750x750,0,,
4503.jpg,560x521,0,,
4505.jpg,520x780,0,,
5165.jpg,520x780,0,,
4508.jpg,454x454,0,,
4518.jpg,454x454,0,,
5216.jpg,454x454,0,,
5674.jpg,454x454,0,,
4510.jpg,800x539,0,,
5586.jpg,800x539,0,,
4513.jpg,512x340,0,,
4515.jpg,620x620,0,,
4517.jpg,567x321,0,,
4519.jpg,520x293,0,,
4524.jpg,455x453,0,,
4530.jpg,453x454,0,,
4881.jpg,453x454,0,,
5149.jpg,453x454,0,,
5562.jpg,453x454,0,,
4532.jpg,1010x678,0,,
4533.jpg,600x347,0,,
4534.jpg,1024x766,3,48.981,COD10K-CAM-1-Aquatic-13-Pipefish-504.jpg
5362.jpg,1024x766,3,50.459,COD10K-CAM-1-Aquatic-13-Pipefish-504.jpg
4538.jpg,768x500,0,,
4542.jpg,576x384,0,,
4691.jpg,576x384,0,,
4693.jpg,576x384,0,,
4543.jpg,608x810,0,,
455.jpg,720x497,0,,
4559.jpg,829x500,0,,
4566.jpg,695x624,0,,
4572.jpg,470x709,0,,
4576.jpg,668x376,0,,
4615.jpg,668x376,0,,
4579.jpg,438x500,0,,
4582.jpg,669x377,0,,
5767.jpg,669x377,0,,
4586.jpg,535x340,0,,
4587.jpg,599x405,0,,
4589.jpg,700x425,0,,
4591.jpg,750x504,0,,
4592.jpg,835x557,0,,
4652.jpg,835x557,0,,
4912.jpg,835x557,0,,
492.jpg,835x557,0,,
5817.jpg,835x557,0,,
4593.jpg,770x513,0,,
4597.jpg,576x864,0,,
4598.jpg,1080x720,0,,
5492.jpg,1080x720,0,,
46.jpg,424x359,0,,
4601.jpg,650x487,0,,
4602.jpg,700x361,0,,
461.jpg,1000x759,0,,
4610.jpg,1000x639,0,,
4612.jpg,760x832,0,,
4619.jpg,733x500,0,,
4623.jpg,626x409,0,,
4626.jpg,620x382,0,,
4628.jpg,1055x712,0,,
4638.jpg,925x660,0,,
4640.jpg,651x990,0,,
4642.jpg,1000x563,0,,
5247.jpg,1000x563,0,,
5577.jpg,1000x563,0,,
4647.jpg,600x503,0,,
4648.jpg,999x667,0,,
465.jpg,910x605,0,,
4659.jpg,720x404,0,,
466.jpg,850x364,0,,
4660.jpg,800x577,0,,
4661.jpg,550x826,0,,
4667.jpg,700x382,0,,
4671.jpg,560x394,0,,
4673.jpg,900x594,0,,
4679.jpg,669x344,0,,
468.jpg,468x791,0,,
4680.jpg,600x396,0,,
4688.jpg,721x481,0,,
4692.jpg,548x800,0,,
4697.jpg,600x447,0,,
4699.jpg,960x717,0,,
4701.jpg,800x456,0,,
4704.jpg,790x444,0,,
4708.jpg,968x648,0,,
4711.jpg,986x554,0,,
4714.jpg,775x515,0,,
4723.jpg,1200x584,0,,
4727.jpg,525x351,0,,
4728.jpg,980x653,0,,
4731.jpg,996x560,0,,
4732.jpg,620x305,0,,
4744.jpg,640x365,0,,
4745.jpg,800x425,0,,
4746.jpg,667x500,0,,
5947.jpg,667x500,0,,
4747.jpg,530x300,0,,
4749.jpg,450x285,0,,
4751.jpg,1200x502,0,,
4753.jpg,1025x625,0,,
4754.jpg,500x356,0,,
4756.jpg,474x474,0,,
5426.jpg,474x474,0,,
4757.jpg,1023x541,0,,
4759.jpg,840x524,0,,
4765.jpg,635x443,0,,
4766.jpg,700x304,0,,
477.jpg,500x370,0,,
4771.jpg,660x390,0,,
4772.jpg,650x427,0,,
4775.jpg,512x496,0,,
4777.jpg,891x593,0,,
4778.jpg,615x409,0,,
4783.jpg,416x416,0,,
5598.jpg,416x416,0,,
4788.jpg,757x500,0,,
4795.jpg,1024x607,0,,
4796.jpg,1049x700,0,,
480.jpg,964x670,0,,
4801.jpg,1000x700,0,,
903.jpg,1000x700,0,,
4806.jpg,470x274,0,,
4807.jpg,268x552,0,,
4808.jpg,634x336,0,,
4810.jpg,474x355,0,,
807.jpg,474x355,0,,
4818.jpg,626x360,0,,
4824.jpg,541x406,0,,
4825.jpg,1300x530,0,,
4828.jpg,536x750,0,,
4829.jpg,768x576,3,66.314,COD10K-CAM-1-Aquatic-3-Crab-49.jpg
4836.jpg,668x378,0,,
4839.jpg,800x640,3,54.189,COD10K-CAM-3-Flying-65-Owl-4642.jpg
4841.jpg,960x719,0,,
4843.jpg,1024x714,2,58.912,COD10K-CAM-1-Aquatic-6-Fish-158.jpg
4846.jpg,650x549,0,,
4850.jpg,750x499,0,,
4852.jpg,1024x638,3,77.815,COD10K-CAM-1-Aquatic-15-SeaHorse-1080.jpg
4854.jpg,900x602,0,,
486.jpg,524x292,0,,
4862.jpg,682x1023,2,76.479,COD10K-CAM-3-Flying-53-Bird-3027.jpg
4930.jpg,682x1023,2,69.393,COD10K-CAM-3-Flying-53-Bird-3027.jpg
4865.jpg,640x424,0,,
4871.jpg,500x287,0,,
4872.jpg,433x324,0,,
4874.jpg,900x438,0,,
4876.jpg,535x800,0,,
4879.jpg,600x429,1,74.03,COD10K-CAM-2-Terrestrial-23-Cat-1430.jpg
488.jpg,512x376,0,,
4885.jpg,960x692,0,,
4886.jpg,424x640,0,,
4888.jpg,540x298,0,,
4890.jpg,635x476,0,,
4891.jpg,576x446,0,,
490.jpg,638x359,0,,
4902.jpg,499x480,0,,
4904.jpg,512x640,0,,
4913.jpg,720x558,0,,
4914.jpg,640x557,0,,
4916.jpg,587x880,0,,
4922.jpg,720x674,0,,
4923.jpg,785x900,0,,
4924.jpg,900x644,0,,
4931.jpg,570x427,0,,
4934.jpg,550x414,0,,
4935.jpg,800x516,0,,
4939.jpg,451x620,0,,
4945.jpg,650x473,0,,
4946.jpg,900x796,0,,
4948.jpg,960x727,0,,
495.jpg,836x552,0,,
4956.jpg,512x360,0,,
4961.jpg,800x524,0,,
4966.jpg,360x640,1,71.76,COD10K-CAM-3-Flying-65-Owl-4557.jpg
4968.jpg,625x417,0,,
4979.jpg,625x417,0,,
4993.jpg,625x417,0,,
4971.jpg,728x492,0,,
4977.jpg,450x274,0,,
4978.jpg,915x610,0,,
4980.jpg,634x423,0,,
4983.jpg,880x586,0,,
520.jpg,880x586,0,,
4986.jpg,960x504,0,,
4987.jpg,477x268,0,,
4995.jpg,964x614,0,,
4997.jpg,580x300,0,,
4999.jpg,925x612,0,,
5.jpg,668x446,0,,
5310.jpg,668x446,0,,
500.jpg,504x630,0,,
5001.jpg,640x326,0,,
5003.jpg,875x583,0,,
5005.jpg,970x697,0,,
5009.jpg,1600x450,0,,
501.jpg,670x600,0,,
576.jpg,670x600,0,,
5012.jpg,600x434,0,,
704.jpg,600x434,0,,
5018.jpg,425x391,0,,
5022.jpg,700x393,0,,
5030.jpg,712x900,0,,
5033.jpg,825x549,0,,
5038.jpg,425x428,0,,
5045.jpg,750x386,0,,
5054.jpg,640x327,0,,
5061.jpg,600x251,0,,
5062.jpg,613x407,0,,
5063.jpg,800x581,0,,
5066.jpg,432x399,0,,
51.jpg,560x314,0,,
5108.jpg,544x800,0,,
5117.jpg,885x590,0,,
5136.jpg,885x590,0,,
5162.jpg,885x590,0,,
5175.jpg,885x590,0,,
5178.jpg,885x590,0,,
5201.jpg,885x590,0,,
5209.jpg,885x590,0,,
5223.jpg,885x590,0,,
5119.jpg,1024x698,4,69.501,COD10K-CAM-3-Flying-53-Bird-3070.jpg
512.jpg,634x475,0,,
5126.jpg,768x574,0,,
5131.jpg,550x703,0,,
5141.jpg,850x290,0,,
5192.jpg,850x290,0,,
5147.jpg,728x483,0,,
515.jpg,500x667,0,,
5309.jpg,500x667,0,,
5151.jpg,960x708,0,,
5159.jpg,960x732,0,,
5168.jpg,443x533,0,,
5169.jpg,685x513,0,,
5176.jpg,377x564,0,,
5181.jpg,640x428,0,,
5187.jpg,321x401,0,,
5189.jpg,905x604,0,,
5194.jpg,940x400,0,,
5195.jpg,600x389,0,,
52.jpg,651x502,0,,
5200.jpg,470x370,0,,
5205.jpg,964x471,0,,
521.jpg,964x581,0,,
5211.jpg,500x472,0,,
5212.jpg,900x727,0,,
5217.jpg,698x269,0,,
5218.jpg,634x443,0,,
5234.jpg,768x496,0,,
5235.jpg,625x310,0,,
5238.jpg,1000x691,0,,
5239.jpg,678x450,0,,
524.jpg,618x360,0,,
573.jpg,618x360,0,,
5244.jpg,343x512,0,,
5245.jpg,1000x671,0,,
5246.jpg,1049x695,0,,
525.jpg,506x385,0,,
5258.jpg,600x480,0,,
5450.jpg,600x480,0,,
5266.jpg,678x453,0,,
5273.jpg,640x436,0,,
5277.jpg,486x307,0,,
5279.jpg,640x429,0,,
707.jpg,640x429,0,,
528.jpg,960x639,0,,
5283.jpg,298x470,0,,
5284.jpg,670x503,0,,
5286.jpg,600x387,0,,
5287.jpg,620x720,0,,
5299.jpg,840x473,0,,
5335.jpg,840x473,0,,
53.jpg,470x450,0,,
530.jpg,526x936,0,,
5300.jpg,437x291,0,,
5305.jpg,800x414,0,,
5307.jpg,342x512,0,,
5308.jpg,800x651,0,,
5313.jpg,530x538,0,,
5316.jpg,454x455,0,,
5323.jpg,655x435,0,,
533.jpg,768x432,0,,
5333.jpg,900x601,1,88.87,COD10K-CAM-2-Terrestrial-44-Snake-2425.jpg
5339.jpg,520x332,0,,
5344.jpg,1028x700,0,,
5348.jpg,684x1000,0,,
535.jpg,502x720,0,,
5352.jpg,526x425,0,,
5358.jpg,500x336,0,,
536.jpg,650x485,0,,
5366.jpg,449x629,0,,
5367.jpg,621x507,0,,
5368.jpg,410x620,0,,
5374.jpg,596x396,0,,
5377.jpg,400x612,0,,
5378.jpg,640x444,0,,
5380.jpg,1200x544,0,,
5383.jpg,740x412,0,,
5387.jpg,340x512,0,,
5388.jpg,600x901,0,,
5394.jpg,700x550,0,,
5397.jpg,600x758,0,,
5398.jpg,919x611,0,,
5404.jpg,700x496,0,,
5413.jpg,430x639,0,,
5414.jpg,565x695,0,,
5415.jpg,600x380,0,,
5417.jpg,453x453,0,,
5428.jpg,453x453,0,,
5421.jpg,990x619,0,,
5422.jpg,962x640,0,,
543.jpg,590x790,0,,
5433.jpg,464x616,0,,
5435.jpg,768x487,0,,
5439.jpg,750x533,0,,
5442.jpg,1080x675,0,,
5453.jpg,654x900,0,,
5461.jpg,840x423,0,,
5462.jpg,975x650,0,,
5463.jpg,800x494,0,,
5469.jpg,610x986,0,,
547.jpg,554x831,0,,
5478.jpg,900x505,0,,
5480.jpg,1100x555,0,,
5483.jpg,681x1023,2,52.666,COD10K-CAM-3-Flying-61-Katydid-4175.jpg
5487.jpg,736x514,0,,
5491.jpg,640x451,0,,
5494.jpg,600x801,0,,
5496.jpg,900x669,0,,
5505.jpg,1120x630,0,,
5506.jpg,740x492,0,,
5516.jpg,974x650,0,,
5518.jpg,513x340,0,,
5523.jpg,737x570,0,,
553.jpg,1000x713,0,,
5532.jpg,900x511,0,,
5534.jpg,635x423,0,,
5536.jpg,673x900,0,,
5538.jpg,900x638,0,,
5540.jpg,450x451,0,,
5545.jpg,630x480,0,,
5546.jpg,440x351,0,,
5547.jpg,960x600,0,,
5554.jpg,1000x760,0,,
5556.jpg,800x526,0,,
5558.jpg,580x750,0,,
5564.jpg,500x744,0,,
5569.jpg,560x420,0,,
610.jpg,560x420,0,,
616.jpg,560x420,0,,
5571.jpg,642x900,0,,
5574.jpg,674x450,0,,
5576.jpg,610x406,0,,
5579.jpg,561x471,0,,
558.jpg,500x342,0,,
5581.jpg,450x361,0,,
5583.jpg,950x586,0,,
5584.jpg,650x403,0,,
5590.jpg,730x1072,0,,
5593.jpg,1200x641,0,,
5595.jpg,900x836,0,,
5599.jpg,493x384,0,,
560.jpg,339x509,0,,
5606.jpg,800x528,0,,
5608.jpg,1024x712,4,62.958,COD10K-CAM-1-Aquatic-13-Pipefish-783.jpg
5619.jpg,848x636,0,,
5621.jpg,570x382,0,,
5623.jpg,500x448,0,,
5626.jpg,1023x681,9,48.038,COD10K-CAM-3-Flying-59-Grasshopper-3709.jpg
5627.jpg,1023x700,1,70.754,COD10K-CAM-2-Terrestrial-44-Snake-2433.jpg
5630.jpg,1072x713,0,,
5632.jpg,550x366,1,89.027,COD10K-CAM-2-Terrestrial-45-Spider-2493.jpg
5634.jpg,604x454,0,,
5645.jpg,700x478,0,,
5649.jpg,520x388,0,,
565.jpg,640x798,0,,
5651.jpg,652x489,0,,
5662.jpg,640x611,0,,
5669.jpg,376x376,0,,
5675.jpg,634x472,0,,
5677.jpg,750x591,0,,
568.jpg,657x312,0,,
5686.jpg,800x513,0,,
5688.jpg,584x395,0,,
569.jpg,852x548,0,,
5698.jpg,800x570,1,83.987,COD10K-CAM-2-Terrestrial-37-Lion-2115.jpg
57.jpg,768x620,0,,
5706.jpg,1024x432,0,,
5710.jpg,1000x658,0,,
5714.jpg,587x410,0,,
5717.jpg,973x615,0,,
572.jpg,575x380,0,,
5725.jpg,648x864,0,,
5727.jpg,826x799,0,,
5728.jpg,900x680,0,,
5732.jpg,584x399,0,,
5735.jpg,512x385,0,,
574.jpg,605x839,0,,
5743.jpg,453x455,0,,
5744.jpg,455x455,0,,
5745.jpg,1000x701,0,,
5746.jpg,395x450,0,,
5749.jpg,850x479,0,,
575.jpg,762x534,0,,
5750.jpg,584x390,0,,
5758.jpg,759x759,0,,
577.jpg,980x735,0,,
5773.jpg,900x476,1,75.17,COD10K-CAM-2-Terrestrial-36-Leopard-2057.jpg
578.jpg,900x576,0,,
5781.jpg,990x657,0,,
5786.jpg,961x705,0,,
5789.jpg,927x554,0,,
5794.jpg,835x559,0,,
5805.jpg,670x655,0,,
5816.jpg,1023x692,1,73.455,COD10K-CAM-3-Flying-64-Moth-4490.jpg
5835.jpg,848x476,0,,
5917.jpg,848x476,0,,
5837.jpg,768x513,0,,
5842.jpg,605x312,0,,
5843.jpg,712x600,0,,
5937.jpg,712x600,0,,
5848.jpg,627x500,0,,
5853.jpg,600x413,0,,
5863.jpg,975x387,0,,
587.jpg,499x394,0,,
5873.jpg,640x498,0,,
5878.jpg,835x555,0,,
5882.jpg,644x423,0,,
5886.jpg,790x554,0,,
5887.jpg,520x346,0,,
5891.jpg,962x620,0,,
5895.jpg,462x280,0,,
590.jpg,739x463,0,,
5903.jpg,500x302,0,,
5907.jpg,929x605,0,,
5909.jpg,600x507,0,,
5918.jpg,910x609,0,,
592.jpg,680x693,0,,
5922.jpg,624x416,0,,
5931.jpg,600x448,0,,
5933.jpg,770x925,0,,
5940.jpg,964x543,0,,
5948.jpg,1047x700,0,,
595.jpg,850x592,0,,
5953.jpg,520x400,0,,
5960.jpg,870x639,0,,
5964.jpg,964x703,0,,
5970.jpg,1028x675,0,,
5975.jpg,512x306,0,,
5976.jpg,550x346,0,,
606.jpg,1024x743,1,71.719,COD10K-CAM-2-Terrestrial-23-Cat-1409.jpg
621.jpg,474x592,0,,
625.jpg,500x439,0,,
630.jpg,640x479,0,,
632.jpg,900x526,0,,
636.jpg,700x881,0,,
64.jpg,590x380,0,,
640.jpg,413x550,0,,
647.jpg,1000x764,0,,
649.jpg,584x438,0,,
772.jpg,584x438,0,,
662.jpg,1000x603,0,,
664.jpg,480x253,0,,
669.jpg,667x465,0,,
672.jpg,640x491,0,,
675.jpg,640x631,0,,
680.jpg,594x425,0,,
681.jpg,800x506,1,62.69,COD10K-CAM-1-Aquatic-9-GhostPipefish-364.jpg
683.jpg,900x806,0,,
685.jpg,964x435,0,,
686.jpg,770x512,0,,
688.jpg,962x638,0,,
689.jpg,449x620,0,,
700.jpg,612x459,0,,
702.jpg,960x650,0,,
703.jpg,432x392,0,,
71.jpg,499x293,0,,
718.jpg,800x598,0,,
738.jpg,700x512,0,,
739.jpg,640x453,0,,
74.jpg,558x372,0,,
743.jpg,604x250,0,,
744.jpg,1024x704,0,,
750.jpg,593x680,0,,
755.jpg,972x510,0,,
764.jpg,370x370,0,,
769.jpg,1024x748,2,76.212,COD10K-CAM-2-Terrestrial-29-Dog-1833.jpg
775.jpg,962x635,0,,
777.jpg,616x409,0,,
78.jpg,450x301,0,,
780.jpg,460x329,0,,
782.jpg,960x616,0,,
784.jpg,750x549,0,,
796.jpg,640x501,0,,
8.jpg,999x750,0,,
80.jpg,489x597,0,,
802.jpg,800x508,1,68.486,COD10K-CAM-1-Aquatic-13-Pipefish-753.jpg
803.jpg,736x981,0,,
806.jpg,1023x674,0,,
81.jpg,928x619,0,,
814.jpg,800x536,3,59.063,COD10K-CAM-2-Terrestrial-26-Chameleon-1733.jpg
819.jpg,630x401,0,,
82.jpg,640x400,0,,
825.jpg,640x456,0,,
827.jpg,500x321,0,,
830.jpg,1023x766,0,,
834.jpg,1049x685,0,,
835.jpg,900x671,0,,
837.jpg,900x507,0,,
843.jpg,600x426,0,,
845.jpg,1280x548,0,,
867.jpg,696x412,0,,
870.jpg,1071x690,0,,
877.jpg,800x784,0,,
878.jpg,570x350,0,,
879.jpg,800x786,0,,
884.jpg,902x779,0,,
886.jpg,444x303,0,,
887.jpg,614x768,0,,
896.jpg,550x512,0,,
90.jpg,500x344,0,,
906.jpg,581x388,0,,
907.jpg,621x404,0,,
916.jpg,1024x417,0,,
921.jpg,612x359,0,,
922.jpg,640x1138,0,,
930.jpg,801x466,0,,
935.jpg,800x515,0,,
950.jpg,653x470,0,,
951.jpg,512x363,0,,
956.jpg,700x444,0,,
961.jpg,960x633,0,,
963.jpg,600x369,0,,
975.jpg,481x355,0,,
989.jpg,595x421,0,,
99.jpg,778x584,0,,
990.jpg,911x512,0,,
994.jpg,600x839,0,,
