
==================== Iteration 1/1 started ====================

[Info] Using network: SINet-v2
[Source Loader] Loaded 4447 image-mask pairs from ./Dataset/Source/HKU-IS/Image/ and ./Dataset/Source/HKU-IS/GT/
[Target Loader] Loaded 4040 images from ./Dataset/Target/Image/
/home/ai-server/Public/lab/Diffusion_Inpaint/S2R-COD/.venv/lib/python3.12/site-packages/torch/nn/_reduction.py:60: UserWarning: size_average and reduce args will be deprecated, please use reduction='mean' instead.
  return get_enum(legacy_get_string(size_average, reduce, emit_warning))
[2026-08-12 12:28:36.862520] => [Epoch Num: 001/100] => [Global Step: 0000/0127] => [Loss_all: 11.0880 Loss_sup: 10.9534 Loss_con: 0.1346]
[2026-08-12 12:28:39.383078] => [Epoch Num: 001/100] => [Global Step: 0010/0127] => [Loss_all: 5.6543 Loss_sup: 4.2321 Loss_con: 1.4221]
[2026-08-12 12:28:41.880567] => [Epoch Num: 001/100] => [Global Step: 0020/0127] => [Loss_all: 5.1141 Loss_sup: 4.3778 Loss_con: 0.7363]
[2026-08-12 12:28:44.399580] => [Epoch Num: 001/100] => [Global Step: 0030/0127] => [Loss_all: 4.3785 Loss_sup: 3.6370 Loss_con: 0.7415]
[2026-08-12 12:28:46.921866] => [Epoch Num: 001/100] => [Global Step: 0040/0127] => [Loss_all: 4.3864 Loss_sup: 3.6728 Loss_con: 0.7136]
[2026-08-12 12:28:49.446105] => [Epoch Num: 001/100] => [Global Step: 0050/0127] => [Loss_all: 4.0636 Loss_sup: 3.4017 Loss_con: 0.6619]
[2026-08-12 12:28:51.945200] => [Epoch Num: 001/100] => [Global Step: 0060/0127] => [Loss_all: 3.7711 Loss_sup: 3.1296 Loss_con: 0.6414]
[2026-08-12 12:28:54.455168] => [Epoch Num: 001/100] => [Global Step: 0070/0127] => [Loss_all: 3.6346 Loss_sup: 3.0259 Loss_con: 0.6088]
[2026-08-12 12:28:56.967731] => [Epoch Num: 001/100] => [Global Step: 0080/0127] => [Loss_all: 3.2856 Loss_sup: 2.8085 Loss_con: 0.4770]
[2026-08-12 12:28:59.471009] => [Epoch Num: 001/100] => [Global Step: 0090/0127] => [Loss_all: 3.2634 Loss_sup: 2.7575 Loss_con: 0.5060]
[2026-08-12 12:29:01.974397] => [Epoch Num: 001/100] => [Global Step: 0100/0127] => [Loss_all: 3.0357 Loss_sup: 2.6588 Loss_con: 0.3769]
[2026-08-12 12:29:04.473372] => [Epoch Num: 001/100] => [Global Step: 0110/0127] => [Loss_all: 3.0087 Loss_sup: 2.6332 Loss_con: 0.3755]
[2026-08-12 12:29:06.972912] => [Epoch Num: 001/100] => [Global Step: 0120/0127] => [Loss_all: 2.8433 Loss_sup: 2.3725 Loss_con: 0.4708]
[2026-08-12 12:29:09.729620] => [Epoch Num: 002/100] => [Global Step: 0000/0127] => [Loss_all: 2.4635 Loss_sup: 2.0395 Loss_con: 0.4240]
[2026-08-12 12:29:12.255618] => [Epoch Num: 002/100] => [Global Step: 0010/0127] => [Loss_all: 2.6139 Loss_sup: 2.1864 Loss_con: 0.4275]
[2026-08-12 12:29:14.774906] => [Epoch Num: 002/100] => [Global Step: 0020/0127] => [Loss_all: 2.5526 Loss_sup: 2.1133 Loss_con: 0.4392]
[2026-08-12 12:29:17.273571] => [Epoch Num: 002/100] => [Global Step: 0030/0127] => [Loss_all: 2.7840 Loss_sup: 2.3181 Loss_con: 0.4659]
[2026-08-12 12:29:19.771741] => [Epoch Num: 002/100] => [Global Step: 0040/0127] => [Loss_all: 2.6066 Loss_sup: 2.1132 Loss_con: 0.4935]
[2026-08-12 12:29:22.272716] => [Epoch Num: 002/100] => [Global Step: 0050/0127] => [Loss_all: 2.4898 Loss_sup: 1.9824 Loss_con: 0.5073]
[2026-08-12 12:29:24.776299] => [Epoch Num: 002/100] => [Global Step: 0060/0127] => [Loss_all: 2.6201 Loss_sup: 2.1130 Loss_con: 0.5071]
[2026-08-12 12:29:27.294535] => [Epoch Num: 002/100] => [Global Step: 0070/0127] => [Loss_all: 2.6105 Loss_sup: 2.0499 Loss_con: 0.5606]
[2026-08-12 12:29:29.801178] => [Epoch Num: 002/100] => [Global Step: 0080/0127] => [Loss_all: 2.5820 Loss_sup: 2.0631 Loss_con: 0.5190]
[2026-08-12 12:29:32.301832] => [Epoch Num: 002/100] => [Global Step: 0090/0127] => [Loss_all: 2.8059 Loss_sup: 2.2518 Loss_con: 0.5541]
[2026-08-12 12:29:34.806391] => [Epoch Num: 002/100] => [Global Step: 0100/0127] => [Loss_all: 2.6971 Loss_sup: 2.1644 Loss_con: 0.5326]
[2026-08-12 12:29:37.441430] => [Epoch Num: 002/100] => [Global Step: 0110/0127] => [Loss_all: 2.3909 Loss_sup: 1.8389 Loss_con: 0.5520]
[2026-08-12 12:29:39.940607] => [Epoch Num: 002/100] => [Global Step: 0120/0127] => [Loss_all: 2.4586 Loss_sup: 1.8876 Loss_con: 0.5710]
[2026-08-12 12:29:42.583122] => [Epoch Num: 003/100] => [Global Step: 0000/0127] => [Loss_all: 2.3703 Loss_sup: 1.8217 Loss_con: 0.5486]
[2026-08-12 12:29:45.104477] => [Epoch Num: 003/100] => [Global Step: 0010/0127] => [Loss_all: 2.2893 Loss_sup: 1.7306 Loss_con: 0.5587]
[2026-08-12 12:29:47.641629] => [Epoch Num: 003/100] => [Global Step: 0020/0127] => [Loss_all: 2.4993 Loss_sup: 1.9626 Loss_con: 0.5367]
[2026-08-12 12:29:50.145300] => [Epoch Num: 003/100] => [Global Step: 0030/0127] => [Loss_all: 2.1484 Loss_sup: 1.5972 Loss_con: 0.5512]
[2026-08-12 12:29:52.677134] => [Epoch Num: 003/100] => [Global Step: 0040/0127] => [Loss_all: 2.3593 Loss_sup: 1.7757 Loss_con: 0.5836]
[2026-08-12 12:29:55.213924] => [Epoch Num: 003/100] => [Global Step: 0050/0127] => [Loss_all: 2.2289 Loss_sup: 1.6738 Loss_con: 0.5552]
[2026-08-12 12:29:57.791563] => [Epoch Num: 003/100] => [Global Step: 0060/0127] => [Loss_all: 2.4291 Loss_sup: 1.8830 Loss_con: 0.5462]
[2026-08-12 12:30:00.312492] => [Epoch Num: 003/100] => [Global Step: 0070/0127] => [Loss_all: 2.2736 Loss_sup: 1.7445 Loss_con: 0.5292]
[2026-08-12 12:30:02.840459] => [Epoch Num: 003/100] => [Global Step: 0080/0127] => [Loss_all: 2.2419 Loss_sup: 1.6750 Loss_con: 0.5669]
[2026-08-12 12:30:05.370491] => [Epoch Num: 003/100] => [Global Step: 0090/0127] => [Loss_all: 2.2943 Loss_sup: 1.7629 Loss_con: 0.5314]
[2026-08-12 12:30:07.893842] => [Epoch Num: 003/100] => [Global Step: 0100/0127] => [Loss_all: 2.5711 Loss_sup: 2.0214 Loss_con: 0.5497]
[2026-08-12 12:30:10.410628] => [Epoch Num: 003/100] => [Global Step: 0110/0127] => [Loss_all: 2.4060 Loss_sup: 1.8299 Loss_con: 0.5760]
[2026-08-12 12:30:12.925868] => [Epoch Num: 003/100] => [Global Step: 0120/0127] => [Loss_all: 2.2433 Loss_sup: 1.7206 Loss_con: 0.5227]
[2026-08-12 12:30:15.567325] => [Epoch Num: 004/100] => [Global Step: 0000/0127] => [Loss_all: 2.6566 Loss_sup: 2.0909 Loss_con: 0.5657]
[2026-08-12 12:30:18.094347] => [Epoch Num: 004/100] => [Global Step: 0010/0127] => [Loss_all: 2.3154 Loss_sup: 1.8293 Loss_con: 0.4861]
[2026-08-12 12:30:20.638462] => [Epoch Num: 004/100] => [Global Step: 0020/0127] => [Loss_all: 2.1370 Loss_sup: 1.5780 Loss_con: 0.5590]
[2026-08-12 12:30:23.154395] => [Epoch Num: 004/100] => [Global Step: 0030/0127] => [Loss_all: 2.0526 Loss_sup: 1.5095 Loss_con: 0.5430]
[2026-08-12 12:30:25.678763] => [Epoch Num: 004/100] => [Global Step: 0040/0127] => [Loss_all: 2.0200 Loss_sup: 1.4935 Loss_con: 0.5265]
[2026-08-12 12:30:28.216953] => [Epoch Num: 004/100] => [Global Step: 0050/0127] => [Loss_all: 2.0964 Loss_sup: 1.5416 Loss_con: 0.5548]
[2026-08-12 12:30:30.745123] => [Epoch Num: 004/100] => [Global Step: 0060/0127] => [Loss_all: 2.2537 Loss_sup: 1.6881 Loss_con: 0.5656]
[2026-08-12 12:30:33.256624] => [Epoch Num: 004/100] => [Global Step: 0070/0127] => [Loss_all: 2.3171 Loss_sup: 1.7612 Loss_con: 0.5559]
[2026-08-12 12:30:35.782320] => [Epoch Num: 004/100] => [Global Step: 0080/0127] => [Loss_all: 2.2533 Loss_sup: 1.6925 Loss_con: 0.5608]
[2026-08-12 12:30:38.300768] => [Epoch Num: 004/100] => [Global Step: 0090/0127] => [Loss_all: 2.3942 Loss_sup: 1.8387 Loss_con: 0.5555]
[2026-08-12 12:30:40.811829] => [Epoch Num: 004/100] => [Global Step: 0100/0127] => [Loss_all: 2.1523 Loss_sup: 1.5751 Loss_con: 0.5772]
[2026-08-12 12:30:43.328062] => [Epoch Num: 004/100] => [Global Step: 0110/0127] => [Loss_all: 2.2805 Loss_sup: 1.7167 Loss_con: 0.5638]
[2026-08-12 12:30:45.852106] => [Epoch Num: 004/100] => [Global Step: 0120/0127] => [Loss_all: 2.0868 Loss_sup: 1.4834 Loss_con: 0.6034]
[2026-08-12 12:30:48.515463] => [Epoch Num: 005/100] => [Global Step: 0000/0127] => [Loss_all: 2.2242 Loss_sup: 1.6132 Loss_con: 0.6110]
[2026-08-12 12:30:51.047038] => [Epoch Num: 005/100] => [Global Step: 0010/0127] => [Loss_all: 2.1671 Loss_sup: 1.5312 Loss_con: 0.6359]
[2026-08-12 12:30:53.578579] => [Epoch Num: 005/100] => [Global Step: 0020/0127] => [Loss_all: 2.2527 Loss_sup: 1.6504 Loss_con: 0.6023]
[2026-08-12 12:30:56.116078] => [Epoch Num: 005/100] => [Global Step: 0030/0127] => [Loss_all: 2.2522 Loss_sup: 1.6573 Loss_con: 0.5950]
[2026-08-12 12:30:58.644941] => [Epoch Num: 005/100] => [Global Step: 0040/0127] => [Loss_all: 2.2253 Loss_sup: 1.6248 Loss_con: 0.6005]
[2026-08-12 12:31:01.176223] => [Epoch Num: 005/100] => [Global Step: 0050/0127] => [Loss_all: 2.5617 Loss_sup: 1.8688 Loss_con: 0.6930]
[2026-08-12 12:31:03.696440] => [Epoch Num: 005/100] => [Global Step: 0060/0127] => [Loss_all: 2.2046 Loss_sup: 1.4967 Loss_con: 0.7079]
[2026-08-12 12:31:06.237029] => [Epoch Num: 005/100] => [Global Step: 0070/0127] => [Loss_all: 2.2760 Loss_sup: 1.6710 Loss_con: 0.6050]
[2026-08-12 12:31:08.773949] => [Epoch Num: 005/100] => [Global Step: 0080/0127] => [Loss_all: 2.0453 Loss_sup: 1.4643 Loss_con: 0.5809]
[2026-08-12 12:31:11.305992] => [Epoch Num: 005/100] => [Global Step: 0090/0127] => [Loss_all: 2.2402 Loss_sup: 1.5902 Loss_con: 0.6500]
[2026-08-12 12:31:13.821949] => [Epoch Num: 005/100] => [Global Step: 0100/0127] => [Loss_all: 2.1142 Loss_sup: 1.5631 Loss_con: 0.5511]
[2026-08-12 12:31:16.372835] => [Epoch Num: 005/100] => [Global Step: 0110/0127] => [Loss_all: 2.0322 Loss_sup: 1.4475 Loss_con: 0.5847]
[2026-08-12 12:31:18.882324] => [Epoch Num: 005/100] => [Global Step: 0120/0127] => [Loss_all: 2.0016 Loss_sup: 1.4196 Loss_con: 0.5820]
[2026-08-12 12:31:21.606558] => [Epoch Num: 006/100] => [Global Step: 0000/0127] => [Loss_all: 2.0939 Loss_sup: 1.5092 Loss_con: 0.5847]
[2026-08-12 12:31:24.124405] => [Epoch Num: 006/100] => [Global Step: 0010/0127] => [Loss_all: 2.0256 Loss_sup: 1.4378 Loss_con: 0.5878]
[2026-08-12 12:31:26.663156] => [Epoch Num: 006/100] => [Global Step: 0020/0127] => [Loss_all: 2.0717 Loss_sup: 1.4807 Loss_con: 0.5911]
[2026-08-12 12:31:29.197695] => [Epoch Num: 006/100] => [Global Step: 0030/0127] => [Loss_all: 2.1615 Loss_sup: 1.5826 Loss_con: 0.5789]
[2026-08-12 12:31:31.737470] => [Epoch Num: 006/100] => [Global Step: 0040/0127] => [Loss_all: 1.8740 Loss_sup: 1.3151 Loss_con: 0.5588]
[2026-08-12 12:31:34.268603] => [Epoch Num: 006/100] => [Global Step: 0050/0127] => [Loss_all: 2.1402 Loss_sup: 1.5536 Loss_con: 0.5866]
[2026-08-12 12:31:36.818260] => [Epoch Num: 006/100] => [Global Step: 0060/0127] => [Loss_all: 2.1443 Loss_sup: 1.5443 Loss_con: 0.6000]
[2026-08-12 12:31:39.349707] => [Epoch Num: 006/100] => [Global Step: 0070/0127] => [Loss_all: 1.8462 Loss_sup: 1.4083 Loss_con: 0.4379]
[2026-08-12 12:31:41.999485] => [Epoch Num: 006/100] => [Global Step: 0080/0127] => [Loss_all: 2.1115 Loss_sup: 1.5102 Loss_con: 0.6012]
[2026-08-12 12:31:44.552451] => [Epoch Num: 006/100] => [Global Step: 0090/0127] => [Loss_all: 2.0562 Loss_sup: 1.4654 Loss_con: 0.5908]
[2026-08-12 12:31:47.084838] => [Epoch Num: 006/100] => [Global Step: 0100/0127] => [Loss_all: 2.0805 Loss_sup: 1.5048 Loss_con: 0.5757]
[2026-08-12 12:31:49.616428] => [Epoch Num: 006/100] => [Global Step: 0110/0127] => [Loss_all: 1.9778 Loss_sup: 1.4065 Loss_con: 0.5713]
[2026-08-12 12:31:52.144443] => [Epoch Num: 006/100] => [Global Step: 0120/0127] => [Loss_all: 2.1851 Loss_sup: 1.6706 Loss_con: 0.5145]
[2026-08-12 12:31:54.863241] => [Epoch Num: 007/100] => [Global Step: 0000/0127] => [Loss_all: 1.8400 Loss_sup: 1.4261 Loss_con: 0.4139]
[2026-08-12 12:31:57.397481] => [Epoch Num: 007/100] => [Global Step: 0010/0127] => [Loss_all: 2.0044 Loss_sup: 1.4130 Loss_con: 0.5914]
[2026-08-12 12:31:59.936353] => [Epoch Num: 007/100] => [Global Step: 0020/0127] => [Loss_all: 1.9118 Loss_sup: 1.3553 Loss_con: 0.5565]
[2026-08-12 12:32:02.469461] => [Epoch Num: 007/100] => [Global Step: 0030/0127] => [Loss_all: 1.8705 Loss_sup: 1.2604 Loss_con: 0.6101]
[2026-08-12 12:32:04.995292] => [Epoch Num: 007/100] => [Global Step: 0040/0127] => [Loss_all: 1.8606 Loss_sup: 1.1735 Loss_con: 0.6871]
[2026-08-12 12:32:07.525874] => [Epoch Num: 007/100] => [Global Step: 0050/0127] => [Loss_all: 1.9900 Loss_sup: 1.4402 Loss_con: 0.5498]
[2026-08-12 12:32:10.075024] => [Epoch Num: 007/100] => [Global Step: 0060/0127] => [Loss_all: 1.9631 Loss_sup: 1.3657 Loss_con: 0.5973]
[2026-08-12 12:32:12.627194] => [Epoch Num: 007/100] => [Global Step: 0070/0127] => [Loss_all: 2.2171 Loss_sup: 1.5852 Loss_con: 0.6319]
[2026-08-12 12:32:15.177074] => [Epoch Num: 007/100] => [Global Step: 0080/0127] => [Loss_all: 1.7833 Loss_sup: 1.4030 Loss_con: 0.3803]
[2026-08-12 12:32:17.736661] => [Epoch Num: 007/100] => [Global Step: 0090/0127] => [Loss_all: 2.1026 Loss_sup: 1.5124 Loss_con: 0.5902]
[2026-08-12 12:32:20.270403] => [Epoch Num: 007/100] => [Global Step: 0100/0127] => [Loss_all: 2.0030 Loss_sup: 1.3709 Loss_con: 0.6321]
[2026-08-12 12:32:22.816997] => [Epoch Num: 007/100] => [Global Step: 0110/0127] => [Loss_all: 2.0171 Loss_sup: 1.4222 Loss_con: 0.5950]
[2026-08-12 12:32:25.358268] => [Epoch Num: 007/100] => [Global Step: 0120/0127] => [Loss_all: 1.9512 Loss_sup: 1.3919 Loss_con: 0.5592]
[2026-08-12 12:32:28.116870] => [Epoch Num: 008/100] => [Global Step: 0000/0127] => [Loss_all: 1.9781 Loss_sup: 1.3849 Loss_con: 0.5932]
[2026-08-12 12:32:30.667586] => [Epoch Num: 008/100] => [Global Step: 0010/0127] => [Loss_all: 1.9525 Loss_sup: 1.3802 Loss_con: 0.5723]
[2026-08-12 12:32:33.205021] => [Epoch Num: 008/100] => [Global Step: 0020/0127] => [Loss_all: 1.8672 Loss_sup: 1.3028 Loss_con: 0.5643]
[2026-08-12 12:32:35.732916] => [Epoch Num: 008/100] => [Global Step: 0030/0127] => [Loss_all: 2.1782 Loss_sup: 1.5181 Loss_con: 0.6601]
[2026-08-12 12:32:38.280546] => [Epoch Num: 008/100] => [Global Step: 0040/0127] => [Loss_all: 1.9465 Loss_sup: 1.3554 Loss_con: 0.5912]
[2026-08-12 12:32:40.824855] => [Epoch Num: 008/100] => [Global Step: 0050/0127] => [Loss_all: 1.8957 Loss_sup: 1.3648 Loss_con: 0.5310]
[2026-08-12 12:32:43.386795] => [Epoch Num: 008/100] => [Global Step: 0060/0127] => [Loss_all: 1.7684 Loss_sup: 1.2481 Loss_con: 0.5203]
[2026-08-12 12:32:45.915282] => [Epoch Num: 008/100] => [Global Step: 0070/0127] => [Loss_all: 1.8760 Loss_sup: 1.3323 Loss_con: 0.5437]
[2026-08-12 12:32:48.449307] => [Epoch Num: 008/100] => [Global Step: 0080/0127] => [Loss_all: 1.6271 Loss_sup: 1.1482 Loss_con: 0.4789]
[2026-08-12 12:32:51.009384] => [Epoch Num: 008/100] => [Global Step: 0090/0127] => [Loss_all: 1.9425 Loss_sup: 1.3791 Loss_con: 0.5634]
[2026-08-12 12:32:53.544902] => [Epoch Num: 008/100] => [Global Step: 0100/0127] => [Loss_all: 1.8608 Loss_sup: 1.3840 Loss_con: 0.4769]
[2026-08-12 12:32:56.085345] => [Epoch Num: 008/100] => [Global Step: 0110/0127] => [Loss_all: 1.8180 Loss_sup: 1.2339 Loss_con: 0.5841]
[2026-08-12 12:32:58.605216] => [Epoch Num: 008/100] => [Global Step: 0120/0127] => [Loss_all: 1.9337 Loss_sup: 1.3629 Loss_con: 0.5708]
[2026-08-12 12:33:01.372954] => [Epoch Num: 009/100] => [Global Step: 0000/0127] => [Loss_all: 1.8140 Loss_sup: 1.2275 Loss_con: 0.5865]
[2026-08-12 12:33:03.919770] => [Epoch Num: 009/100] => [Global Step: 0010/0127] => [Loss_all: 2.0254 Loss_sup: 1.4722 Loss_con: 0.5532]
[2026-08-12 12:33:06.459405] => [Epoch Num: 009/100] => [Global Step: 0020/0127] => [Loss_all: 1.8295 Loss_sup: 1.2324 Loss_con: 0.5970]
[2026-08-12 12:33:08.993947] => [Epoch Num: 009/100] => [Global Step: 0030/0127] => [Loss_all: 1.7395 Loss_sup: 1.1893 Loss_con: 0.5503]
[2026-08-12 12:33:11.536457] => [Epoch Num: 009/100] => [Global Step: 0040/0127] => [Loss_all: 1.7440 Loss_sup: 1.1765 Loss_con: 0.5675]
[2026-08-12 12:33:14.069019] => [Epoch Num: 009/100] => [Global Step: 0050/0127] => [Loss_all: 1.8809 Loss_sup: 1.3017 Loss_con: 0.5791]
[2026-08-12 12:33:16.630092] => [Epoch Num: 009/100] => [Global Step: 0060/0127] => [Loss_all: 1.9858 Loss_sup: 1.4543 Loss_con: 0.5315]
[2026-08-12 12:33:19.164182] => [Epoch Num: 009/100] => [Global Step: 0070/0127] => [Loss_all: 1.7185 Loss_sup: 1.1785 Loss_con: 0.5400]
[2026-08-12 12:33:21.706712] => [Epoch Num: 009/100] => [Global Step: 0080/0127] => [Loss_all: 1.7622 Loss_sup: 1.3641 Loss_con: 0.3981]
[2026-08-12 12:33:24.246814] => [Epoch Num: 009/100] => [Global Step: 0090/0127] => [Loss_all: 1.7777 Loss_sup: 1.2689 Loss_con: 0.5088]
[2026-08-12 12:33:26.788932] => [Epoch Num: 009/100] => [Global Step: 0100/0127] => [Loss_all: 1.9210 Loss_sup: 1.3578 Loss_con: 0.5632]
[2026-08-12 12:33:29.337473] => [Epoch Num: 009/100] => [Global Step: 0110/0127] => [Loss_all: 1.8396 Loss_sup: 1.2965 Loss_con: 0.5431]
[2026-08-12 12:33:31.864738] => [Epoch Num: 009/100] => [Global Step: 0120/0127] => [Loss_all: 1.8590 Loss_sup: 1.2599 Loss_con: 0.5991]
[2026-08-12 12:33:34.758488] => [Epoch Num: 010/100] => [Global Step: 0000/0127] => [Loss_all: 1.7785 Loss_sup: 1.2159 Loss_con: 0.5626]
[2026-08-12 12:33:37.330604] => [Epoch Num: 010/100] => [Global Step: 0010/0127] => [Loss_all: 1.8307 Loss_sup: 1.2663 Loss_con: 0.5644]
[2026-08-12 12:33:39.996849] => [Epoch Num: 010/100] => [Global Step: 0020/0127] => [Loss_all: 1.8682 Loss_sup: 1.3615 Loss_con: 0.5067]
[2026-08-12 12:33:42.552219] => [Epoch Num: 010/100] => [Global Step: 0030/0127] => [Loss_all: 1.8476 Loss_sup: 1.2600 Loss_con: 0.5875]
[2026-08-12 12:33:45.109219] => [Epoch Num: 010/100] => [Global Step: 0040/0127] => [Loss_all: 1.8653 Loss_sup: 1.2608 Loss_con: 0.6046]
[2026-08-12 12:33:47.658391] => [Epoch Num: 010/100] => [Global Step: 0050/0127] => [Loss_all: 1.8784 Loss_sup: 1.2882 Loss_con: 0.5901]
[2026-08-12 12:33:50.188918] => [Epoch Num: 010/100] => [Global Step: 0060/0127] => [Loss_all: 1.8731 Loss_sup: 1.3050 Loss_con: 0.5681]
[2026-08-12 12:33:52.734061] => [Epoch Num: 010/100] => [Global Step: 0070/0127] => [Loss_all: 1.7977 Loss_sup: 1.2296 Loss_con: 0.5681]
[2026-08-12 12:33:55.300680] => [Epoch Num: 010/100] => [Global Step: 0080/0127] => [Loss_all: 1.7594 Loss_sup: 1.2033 Loss_con: 0.5561]
[2026-08-12 12:33:57.842190] => [Epoch Num: 010/100] => [Global Step: 0090/0127] => [Loss_all: 1.9891 Loss_sup: 1.4261 Loss_con: 0.5630]
[2026-08-12 12:34:00.394284] => [Epoch Num: 010/100] => [Global Step: 0100/0127] => [Loss_all: 1.8751 Loss_sup: 1.3185 Loss_con: 0.5566]
[2026-08-12 12:34:02.958686] => [Epoch Num: 010/100] => [Global Step: 0110/0127] => [Loss_all: 2.0729 Loss_sup: 1.5024 Loss_con: 0.5705]
[2026-08-12 12:34:05.489039] => [Epoch Num: 010/100] => [Global Step: 0120/0127] => [Loss_all: 1.9485 Loss_sup: 1.3881 Loss_con: 0.5603]
[2026-08-12 12:34:08.159404] => [Epoch Num: 011/100] => [Global Step: 0000/0127] => [Loss_all: 1.7835 Loss_sup: 1.2091 Loss_con: 0.5744]
[2026-08-12 12:34:10.755562] => [Epoch Num: 011/100] => [Global Step: 0010/0127] => [Loss_all: 1.7580 Loss_sup: 1.2424 Loss_con: 0.5156]
[2026-08-12 12:34:13.305408] => [Epoch Num: 011/100] => [Global Step: 0020/0127] => [Loss_all: 1.8409 Loss_sup: 1.2916 Loss_con: 0.5494]
[2026-08-12 12:34:15.856196] => [Epoch Num: 011/100] => [Global Step: 0030/0127] => [Loss_all: 1.8258 Loss_sup: 1.3092 Loss_con: 0.5166]
[2026-08-12 12:34:18.406620] => [Epoch Num: 011/100] => [Global Step: 0040/0127] => [Loss_all: 1.7851 Loss_sup: 1.2081 Loss_con: 0.5770]
[2026-08-12 12:34:20.942902] => [Epoch Num: 011/100] => [Global Step: 0050/0127] => [Loss_all: 1.8924 Loss_sup: 1.3772 Loss_con: 0.5152]
[2026-08-12 12:34:23.502624] => [Epoch Num: 011/100] => [Global Step: 0060/0127] => [Loss_all: 1.6494 Loss_sup: 1.0981 Loss_con: 0.5513]
[2026-08-12 12:34:26.057996] => [Epoch Num: 011/100] => [Global Step: 0070/0127] => [Loss_all: 1.8062 Loss_sup: 1.1774 Loss_con: 0.6288]
[2026-08-12 12:34:28.597741] => [Epoch Num: 011/100] => [Global Step: 0080/0127] => [Loss_all: 1.9503 Loss_sup: 1.3887 Loss_con: 0.5616]
[2026-08-12 12:34:31.147944] => [Epoch Num: 011/100] => [Global Step: 0090/0127] => [Loss_all: 1.7926 Loss_sup: 1.1937 Loss_con: 0.5989]
[2026-08-12 12:34:33.693953] => [Epoch Num: 011/100] => [Global Step: 0100/0127] => [Loss_all: 1.8382 Loss_sup: 1.3005 Loss_con: 0.5377]
[2026-08-12 12:34:36.232048] => [Epoch Num: 011/100] => [Global Step: 0110/0127] => [Loss_all: 1.6689 Loss_sup: 1.1019 Loss_con: 0.5670]
[2026-08-12 12:34:38.766624] => [Epoch Num: 011/100] => [Global Step: 0120/0127] => [Loss_all: 1.6325 Loss_sup: 1.0914 Loss_con: 0.5411]
[2026-08-12 12:34:41.610725] => [Epoch Num: 012/100] => [Global Step: 0000/0127] => [Loss_all: 1.6359 Loss_sup: 1.1189 Loss_con: 0.5171]
[2026-08-12 12:34:44.166528] => [Epoch Num: 012/100] => [Global Step: 0010/0127] => [Loss_all: 1.8007 Loss_sup: 1.2271 Loss_con: 0.5736]
[2026-08-12 12:34:46.717338] => [Epoch Num: 012/100] => [Global Step: 0020/0127] => [Loss_all: 1.6213 Loss_sup: 1.0740 Loss_con: 0.5472]
[2026-08-12 12:34:49.273149] => [Epoch Num: 012/100] => [Global Step: 0030/0127] => [Loss_all: 1.7312 Loss_sup: 1.1622 Loss_con: 0.5690]
[2026-08-12 12:34:51.833727] => [Epoch Num: 012/100] => [Global Step: 0040/0127] => [Loss_all: 1.5918 Loss_sup: 1.0751 Loss_con: 0.5167]
[2026-08-12 12:34:54.393838] => [Epoch Num: 012/100] => [Global Step: 0050/0127] => [Loss_all: 1.5610 Loss_sup: 1.0306 Loss_con: 0.5304]
[2026-08-12 12:34:56.942825] => [Epoch Num: 012/100] => [Global Step: 0060/0127] => [Loss_all: 1.7370 Loss_sup: 1.2223 Loss_con: 0.5146]
[2026-08-12 12:34:59.484854] => [Epoch Num: 012/100] => [Global Step: 0070/0127] => [Loss_all: 1.7124 Loss_sup: 1.2014 Loss_con: 0.5110]
[2026-08-12 12:35:02.030822] => [Epoch Num: 012/100] => [Global Step: 0080/0127] => [Loss_all: 1.6330 Loss_sup: 1.2012 Loss_con: 0.4318]
[2026-08-12 12:35:04.626520] => [Epoch Num: 012/100] => [Global Step: 0090/0127] => [Loss_all: 1.7182 Loss_sup: 1.2029 Loss_con: 0.5153]
[2026-08-12 12:35:07.150684] => [Epoch Num: 012/100] => [Global Step: 0100/0127] => [Loss_all: 2.0970 Loss_sup: 1.5254 Loss_con: 0.5716]
[2026-08-12 12:35:09.708990] => [Epoch Num: 012/100] => [Global Step: 0110/0127] => [Loss_all: 1.8165 Loss_sup: 1.2630 Loss_con: 0.5535]
[2026-08-12 12:35:12.235495] => [Epoch Num: 012/100] => [Global Step: 0120/0127] => [Loss_all: 1.6026 Loss_sup: 1.2287 Loss_con: 0.3738]
[2026-08-12 12:35:14.986457] => [Epoch Num: 013/100] => [Global Step: 0000/0127] => [Loss_all: 1.8031 Loss_sup: 1.2563 Loss_con: 0.5469]
[2026-08-12 12:35:17.538193] => [Epoch Num: 013/100] => [Global Step: 0010/0127] => [Loss_all: 1.5825 Loss_sup: 1.1382 Loss_con: 0.4443]
[2026-08-12 12:35:20.090901] => [Epoch Num: 013/100] => [Global Step: 0020/0127] => [Loss_all: 1.8609 Loss_sup: 1.3261 Loss_con: 0.5348]
[2026-08-12 12:35:22.636121] => [Epoch Num: 013/100] => [Global Step: 0030/0127] => [Loss_all: 1.6772 Loss_sup: 1.1365 Loss_con: 0.5407]
[2026-08-12 12:35:25.187881] => [Epoch Num: 013/100] => [Global Step: 0040/0127] => [Loss_all: 1.6013 Loss_sup: 1.0924 Loss_con: 0.5089]
[2026-08-12 12:35:27.714464] => [Epoch Num: 013/100] => [Global Step: 0050/0127] => [Loss_all: 1.6454 Loss_sup: 1.1226 Loss_con: 0.5228]
[2026-08-12 12:35:30.247669] => [Epoch Num: 013/100] => [Global Step: 0060/0127] => [Loss_all: 1.6664 Loss_sup: 1.1125 Loss_con: 0.5540]
[2026-08-12 12:35:32.793112] => [Epoch Num: 013/100] => [Global Step: 0070/0127] => [Loss_all: 1.6549 Loss_sup: 1.1436 Loss_con: 0.5113]
[2026-08-12 12:35:35.337809] => [Epoch Num: 013/100] => [Global Step: 0080/0127] => [Loss_all: 1.6657 Loss_sup: 1.0729 Loss_con: 0.5928]
[2026-08-12 12:35:37.878080] => [Epoch Num: 013/100] => [Global Step: 0090/0127] => [Loss_all: 1.6257 Loss_sup: 1.0703 Loss_con: 0.5554]
[2026-08-12 12:35:40.443100] => [Epoch Num: 013/100] => [Global Step: 0100/0127] => [Loss_all: 1.7192 Loss_sup: 1.1309 Loss_con: 0.5883]
[2026-08-12 12:35:42.996113] => [Epoch Num: 013/100] => [Global Step: 0110/0127] => [Loss_all: 1.6771 Loss_sup: 1.1841 Loss_con: 0.4930]
[2026-08-12 12:35:45.552237] => [Epoch Num: 013/100] => [Global Step: 0120/0127] => [Loss_all: 1.7740 Loss_sup: 1.2577 Loss_con: 0.5163]
[2026-08-12 12:35:48.517349] => [Epoch Num: 014/100] => [Global Step: 0000/0127] => [Loss_all: 1.6499 Loss_sup: 1.1423 Loss_con: 0.5076]
[2026-08-12 12:35:51.086318] => [Epoch Num: 014/100] => [Global Step: 0010/0127] => [Loss_all: 1.7323 Loss_sup: 1.2275 Loss_con: 0.5048]
[2026-08-12 12:35:53.615366] => [Epoch Num: 014/100] => [Global Step: 0020/0127] => [Loss_all: 1.5761 Loss_sup: 1.1100 Loss_con: 0.4661]
[2026-08-12 12:35:56.163383] => [Epoch Num: 014/100] => [Global Step: 0030/0127] => [Loss_all: 1.6686 Loss_sup: 1.1602 Loss_con: 0.5084]
[2026-08-12 12:35:58.731021] => [Epoch Num: 014/100] => [Global Step: 0040/0127] => [Loss_all: 1.6566 Loss_sup: 1.1392 Loss_con: 0.5175]
[2026-08-12 12:36:01.269666] => [Epoch Num: 014/100] => [Global Step: 0050/0127] => [Loss_all: 1.5125 Loss_sup: 1.0375 Loss_con: 0.4750]
[2026-08-12 12:36:03.816588] => [Epoch Num: 014/100] => [Global Step: 0060/0127] => [Loss_all: 1.5240 Loss_sup: 1.0621 Loss_con: 0.4619]
[2026-08-12 12:36:06.363867] => [Epoch Num: 014/100] => [Global Step: 0070/0127] => [Loss_all: 1.7790 Loss_sup: 1.3030 Loss_con: 0.4760]
[2026-08-12 12:36:08.919918] => [Epoch Num: 014/100] => [Global Step: 0080/0127] => [Loss_all: 1.7332 Loss_sup: 1.2293 Loss_con: 0.5039]
[2026-08-12 12:36:11.471477] => [Epoch Num: 014/100] => [Global Step: 0090/0127] => [Loss_all: 1.8833 Loss_sup: 1.3284 Loss_con: 0.5549]
[2026-08-12 12:36:14.051107] => [Epoch Num: 014/100] => [Global Step: 0100/0127] => [Loss_all: 1.6969 Loss_sup: 1.1609 Loss_con: 0.5360]
[2026-08-12 12:36:16.584289] => [Epoch Num: 014/100] => [Global Step: 0110/0127] => [Loss_all: 1.6606 Loss_sup: 1.1151 Loss_con: 0.5455]
[2026-08-12 12:36:19.138027] => [Epoch Num: 014/100] => [Global Step: 0120/0127] => [Loss_all: 1.7077 Loss_sup: 1.1758 Loss_con: 0.5319]
[2026-08-12 12:36:21.989061] => [Epoch Num: 015/100] => [Global Step: 0000/0127] => [Loss_all: 1.4493 Loss_sup: 1.0428 Loss_con: 0.4065]
[2026-08-12 12:36:24.542890] => [Epoch Num: 015/100] => [Global Step: 0010/0127] => [Loss_all: 1.7540 Loss_sup: 1.2022 Loss_con: 0.5519]
[2026-08-12 12:36:27.064792] => [Epoch Num: 015/100] => [Global Step: 0020/0127] => [Loss_all: 1.5324 Loss_sup: 1.0687 Loss_con: 0.4637]
[2026-08-12 12:36:29.610477] => [Epoch Num: 015/100] => [Global Step: 0030/0127] => [Loss_all: 1.7040 Loss_sup: 1.1306 Loss_con: 0.5734]
[2026-08-12 12:36:32.156077] => [Epoch Num: 015/100] => [Global Step: 0040/0127] => [Loss_all: 1.8690 Loss_sup: 1.3252 Loss_con: 0.5438]
[2026-08-12 12:36:34.724344] => [Epoch Num: 015/100] => [Global Step: 0050/0127] => [Loss_all: 1.6995 Loss_sup: 1.1479 Loss_con: 0.5515]
[2026-08-12 12:36:37.254051] => [Epoch Num: 015/100] => [Global Step: 0060/0127] => [Loss_all: 1.7866 Loss_sup: 1.2944 Loss_con: 0.4922]
[2026-08-12 12:36:39.794876] => [Epoch Num: 015/100] => [Global Step: 0070/0127] => [Loss_all: 1.5262 Loss_sup: 1.0079 Loss_con: 0.5183]
[2026-08-12 12:36:42.332628] => [Epoch Num: 015/100] => [Global Step: 0080/0127] => [Loss_all: 1.6460 Loss_sup: 1.1063 Loss_con: 0.5398]
[2026-08-12 12:36:44.885035] => [Epoch Num: 015/100] => [Global Step: 0090/0127] => [Loss_all: 1.6669 Loss_sup: 1.1342 Loss_con: 0.5328]
[2026-08-12 12:36:47.431314] => [Epoch Num: 015/100] => [Global Step: 0100/0127] => [Loss_all: 1.6341 Loss_sup: 1.1561 Loss_con: 0.4780]
[2026-08-12 12:36:49.981464] => [Epoch Num: 015/100] => [Global Step: 0110/0127] => [Loss_all: 1.6655 Loss_sup: 1.1548 Loss_con: 0.5108]
[2026-08-12 12:36:52.515151] => [Epoch Num: 015/100] => [Global Step: 0120/0127] => [Loss_all: 1.5521 Loss_sup: 1.1581 Loss_con: 0.3940]
[2026-08-12 12:36:55.274268] => [Epoch Num: 016/100] => [Global Step: 0000/0127] => [Loss_all: 1.7701 Loss_sup: 1.2675 Loss_con: 0.5025]
[2026-08-12 12:36:57.813644] => [Epoch Num: 016/100] => [Global Step: 0010/0127] => [Loss_all: 1.7932 Loss_sup: 1.2729 Loss_con: 0.5203]
[2026-08-12 12:37:00.343732] => [Epoch Num: 016/100] => [Global Step: 0020/0127] => [Loss_all: 1.6552 Loss_sup: 1.2228 Loss_con: 0.4325]
[2026-08-12 12:37:02.914849] => [Epoch Num: 016/100] => [Global Step: 0030/0127] => [Loss_all: 1.6386 Loss_sup: 1.1081 Loss_con: 0.5305]
[2026-08-12 12:37:05.465977] => [Epoch Num: 016/100] => [Global Step: 0040/0127] => [Loss_all: 1.6760 Loss_sup: 1.1696 Loss_con: 0.5064]
[2026-08-12 12:37:08.028910] => [Epoch Num: 016/100] => [Global Step: 0050/0127] => [Loss_all: 1.8580 Loss_sup: 1.2957 Loss_con: 0.5623]
[2026-08-12 12:37:10.562055] => [Epoch Num: 016/100] => [Global Step: 0060/0127] => [Loss_all: 1.5536 Loss_sup: 1.0402 Loss_con: 0.5134]
[2026-08-12 12:37:13.112602] => [Epoch Num: 016/100] => [Global Step: 0070/0127] => [Loss_all: 1.5317 Loss_sup: 1.0535 Loss_con: 0.4782]
[2026-08-12 12:37:15.676306] => [Epoch Num: 016/100] => [Global Step: 0080/0127] => [Loss_all: 1.6448 Loss_sup: 1.1310 Loss_con: 0.5138]
[2026-08-12 12:37:18.217975] => [Epoch Num: 016/100] => [Global Step: 0090/0127] => [Loss_all: 1.6721 Loss_sup: 1.1449 Loss_con: 0.5272]
[2026-08-12 12:37:20.781225] => [Epoch Num: 016/100] => [Global Step: 0100/0127] => [Loss_all: 1.6459 Loss_sup: 1.1694 Loss_con: 0.4765]
[2026-08-12 12:37:23.321218] => [Epoch Num: 016/100] => [Global Step: 0110/0127] => [Loss_all: 1.6887 Loss_sup: 1.1573 Loss_con: 0.5314]
[2026-08-12 12:37:25.849765] => [Epoch Num: 016/100] => [Global Step: 0120/0127] => [Loss_all: 1.6185 Loss_sup: 1.1052 Loss_con: 0.5133]
[2026-08-12 12:37:28.729260] => [Epoch Num: 017/100] => [Global Step: 0000/0127] => [Loss_all: 1.5762 Loss_sup: 0.9980 Loss_con: 0.5782]
[2026-08-12 12:37:31.298948] => [Epoch Num: 017/100] => [Global Step: 0010/0127] => [Loss_all: 1.7529 Loss_sup: 1.3079 Loss_con: 0.4450]
[2026-08-12 12:37:33.838511] => [Epoch Num: 017/100] => [Global Step: 0020/0127] => [Loss_all: 1.5770 Loss_sup: 1.0196 Loss_con: 0.5574]
[2026-08-12 12:37:36.398075] => [Epoch Num: 017/100] => [Global Step: 0030/0127] => [Loss_all: 1.5765 Loss_sup: 1.1103 Loss_con: 0.4662]
[2026-08-12 12:37:38.948222] => [Epoch Num: 017/100] => [Global Step: 0040/0127] => [Loss_all: 1.6157 Loss_sup: 1.1022 Loss_con: 0.5135]
[2026-08-12 12:37:41.491714] => [Epoch Num: 017/100] => [Global Step: 0050/0127] => [Loss_all: 1.6743 Loss_sup: 1.1782 Loss_con: 0.4960]
[2026-08-12 12:37:44.049198] => [Epoch Num: 017/100] => [Global Step: 0060/0127] => [Loss_all: 1.6550 Loss_sup: 1.0884 Loss_con: 0.5666]
[2026-08-12 12:37:46.598235] => [Epoch Num: 017/100] => [Global Step: 0070/0127] => [Loss_all: 1.4232 Loss_sup: 0.9318 Loss_con: 0.4914]
[2026-08-12 12:37:49.157568] => [Epoch Num: 017/100] => [Global Step: 0080/0127] => [Loss_all: 1.6364 Loss_sup: 1.0913 Loss_con: 0.5451]
[2026-08-12 12:37:51.740463] => [Epoch Num: 017/100] => [Global Step: 0090/0127] => [Loss_all: 1.5947 Loss_sup: 1.0502 Loss_con: 0.5445]
[2026-08-12 12:37:54.466203] => [Epoch Num: 017/100] => [Global Step: 0100/0127] => [Loss_all: 1.6157 Loss_sup: 1.0922 Loss_con: 0.5235]
[2026-08-12 12:37:57.005638] => [Epoch Num: 017/100] => [Global Step: 0110/0127] => [Loss_all: 1.4726 Loss_sup: 1.0333 Loss_con: 0.4393]
[2026-08-12 12:37:59.549213] => [Epoch Num: 017/100] => [Global Step: 0120/0127] => [Loss_all: 1.6381 Loss_sup: 1.0785 Loss_con: 0.5596]
[2026-08-12 12:38:02.384932] => [Epoch Num: 018/100] => [Global Step: 0000/0127] => [Loss_all: 1.6279 Loss_sup: 1.1169 Loss_con: 0.5111]
[2026-08-12 12:38:04.966052] => [Epoch Num: 018/100] => [Global Step: 0010/0127] => [Loss_all: 1.6191 Loss_sup: 1.1753 Loss_con: 0.4438]
[2026-08-12 12:38:07.502725] => [Epoch Num: 018/100] => [Global Step: 0020/0127] => [Loss_all: 1.5674 Loss_sup: 1.0152 Loss_con: 0.5522]
[2026-08-12 12:38:10.057724] => [Epoch Num: 018/100] => [Global Step: 0030/0127] => [Loss_all: 1.4632 Loss_sup: 0.9525 Loss_con: 0.5108]
[2026-08-12 12:38:12.628697] => [Epoch Num: 018/100] => [Global Step: 0040/0127] => [Loss_all: 1.4966 Loss_sup: 1.0407 Loss_con: 0.4559]
[2026-08-12 12:38:15.185573] => [Epoch Num: 018/100] => [Global Step: 0050/0127] => [Loss_all: 1.6634 Loss_sup: 1.0829 Loss_con: 0.5805]
[2026-08-12 12:38:17.747699] => [Epoch Num: 018/100] => [Global Step: 0060/0127] => [Loss_all: 1.5911 Loss_sup: 1.0381 Loss_con: 0.5530]
[2026-08-12 12:38:20.290713] => [Epoch Num: 018/100] => [Global Step: 0070/0127] => [Loss_all: 1.6848 Loss_sup: 1.1485 Loss_con: 0.5363]
[2026-08-12 12:38:22.850029] => [Epoch Num: 018/100] => [Global Step: 0080/0127] => [Loss_all: 1.6931 Loss_sup: 1.1662 Loss_con: 0.5269]
[2026-08-12 12:38:25.389360] => [Epoch Num: 018/100] => [Global Step: 0090/0127] => [Loss_all: 1.6755 Loss_sup: 1.1525 Loss_con: 0.5230]
[2026-08-12 12:38:27.963392] => [Epoch Num: 018/100] => [Global Step: 0100/0127] => [Loss_all: 1.5457 Loss_sup: 1.0239 Loss_con: 0.5218]
[2026-08-12 12:38:30.506847] => [Epoch Num: 018/100] => [Global Step: 0110/0127] => [Loss_all: 1.6456 Loss_sup: 1.1392 Loss_con: 0.5064]
[2026-08-12 12:38:33.030412] => [Epoch Num: 018/100] => [Global Step: 0120/0127] => [Loss_all: 1.5842 Loss_sup: 1.0718 Loss_con: 0.5124]
[2026-08-12 12:38:35.833882] => [Epoch Num: 019/100] => [Global Step: 0000/0127] => [Loss_all: 1.5423 Loss_sup: 1.0489 Loss_con: 0.4934]
[2026-08-12 12:38:38.371243] => [Epoch Num: 019/100] => [Global Step: 0010/0127] => [Loss_all: 1.4333 Loss_sup: 0.9637 Loss_con: 0.4696]
[2026-08-12 12:38:40.924635] => [Epoch Num: 019/100] => [Global Step: 0020/0127] => [Loss_all: 1.4992 Loss_sup: 1.0369 Loss_con: 0.4623]
[2026-08-12 12:38:43.463398] => [Epoch Num: 019/100] => [Global Step: 0030/0127] => [Loss_all: 1.7271 Loss_sup: 1.2029 Loss_con: 0.5242]
[2026-08-12 12:38:46.018776] => [Epoch Num: 019/100] => [Global Step: 0040/0127] => [Loss_all: 1.6490 Loss_sup: 1.1776 Loss_con: 0.4714]
[2026-08-12 12:38:48.545131] => [Epoch Num: 019/100] => [Global Step: 0050/0127] => [Loss_all: 1.6023 Loss_sup: 1.1163 Loss_con: 0.4861]
[2026-08-12 12:38:51.105772] => [Epoch Num: 019/100] => [Global Step: 0060/0127] => [Loss_all: 1.6695 Loss_sup: 1.1448 Loss_con: 0.5247]
[2026-08-12 12:38:53.672922] => [Epoch Num: 019/100] => [Global Step: 0070/0127] => [Loss_all: 1.7574 Loss_sup: 1.1867 Loss_con: 0.5707]
[2026-08-12 12:38:56.202359] => [Epoch Num: 019/100] => [Global Step: 0080/0127] => [Loss_all: 1.7707 Loss_sup: 1.2636 Loss_con: 0.5071]
[2026-08-12 12:38:58.746942] => [Epoch Num: 019/100] => [Global Step: 0090/0127] => [Loss_all: 1.4144 Loss_sup: 0.9816 Loss_con: 0.4328]
[2026-08-12 12:39:01.295188] => [Epoch Num: 019/100] => [Global Step: 0100/0127] => [Loss_all: 1.7968 Loss_sup: 1.3350 Loss_con: 0.4618]
[2026-08-12 12:39:03.848836] => [Epoch Num: 019/100] => [Global Step: 0110/0127] => [Loss_all: 3.8879 Loss_sup: 3.2360 Loss_con: 0.6519]
[2026-08-12 12:39:06.378417] => [Epoch Num: 019/100] => [Global Step: 0120/0127] => [Loss_all: 1.8361 Loss_sup: 1.3209 Loss_con: 0.5152]
[2026-08-12 12:39:09.311426] => [Epoch Num: 020/100] => [Global Step: 0000/0127] => [Loss_all: 1.9804 Loss_sup: 1.4630 Loss_con: 0.5174]
[2026-08-12 12:39:11.857155] => [Epoch Num: 020/100] => [Global Step: 0010/0127] => [Loss_all: 1.8319 Loss_sup: 1.2984 Loss_con: 0.5335]
[2026-08-12 12:39:14.380176] => [Epoch Num: 020/100] => [Global Step: 0020/0127] => [Loss_all: 1.9124 Loss_sup: 1.4185 Loss_con: 0.4938]
[2026-08-12 12:39:16.930802] => [Epoch Num: 020/100] => [Global Step: 0030/0127] => [Loss_all: 1.6507 Loss_sup: 1.2183 Loss_con: 0.4325]
[2026-08-12 12:39:19.509005] => [Epoch Num: 020/100] => [Global Step: 0040/0127] => [Loss_all: 1.6254 Loss_sup: 1.2050 Loss_con: 0.4205]
[2026-08-12 12:39:22.078203] => [Epoch Num: 020/100] => [Global Step: 0050/0127] => [Loss_all: 1.9088 Loss_sup: 1.3518 Loss_con: 0.5570]
[2026-08-12 12:39:24.615639] => [Epoch Num: 020/100] => [Global Step: 0060/0127] => [Loss_all: 1.8570 Loss_sup: 1.3697 Loss_con: 0.4873]
[2026-08-12 12:39:27.143947] => [Epoch Num: 020/100] => [Global Step: 0070/0127] => [Loss_all: 1.6758 Loss_sup: 1.3920 Loss_con: 0.2838]
[2026-08-12 12:39:29.723262] => [Epoch Num: 020/100] => [Global Step: 0080/0127] => [Loss_all: 1.7301 Loss_sup: 1.2467 Loss_con: 0.4834]
[2026-08-12 12:39:32.273657] => [Epoch Num: 020/100] => [Global Step: 0090/0127] => [Loss_all: 1.8809 Loss_sup: 1.3763 Loss_con: 0.5046]
[2026-08-12 12:39:34.866083] => [Epoch Num: 020/100] => [Global Step: 0100/0127] => [Loss_all: 1.6521 Loss_sup: 1.2695 Loss_con: 0.3826]
[2026-08-12 12:39:37.435094] => [Epoch Num: 020/100] => [Global Step: 0110/0127] => [Loss_all: 1.7301 Loss_sup: 1.2982 Loss_con: 0.4319]
[2026-08-12 12:39:39.976571] => [Epoch Num: 020/100] => [Global Step: 0120/0127] => [Loss_all: 1.8837 Loss_sup: 1.3632 Loss_con: 0.5206]
/home/ai-server/Public/lab/Diffusion_Inpaint/S2R-COD/MyTrain.py:128: UserWarning: `nn.functional.upsample` is deprecated. Use `nn.functional.interpolate` instead.
  res = F.upsample(res, size=gt.shape, mode='bilinear', align_corners=False)
[2026-08-12 12:39:42.758232] => [Epoch Num: 021/100] => [Global Step: 0000/0127] => [Loss_all: 1.7432 Loss_sup: 1.2697 Loss_con: 0.4735]
[2026-08-12 12:39:45.299227] => [Epoch Num: 021/100] => [Global Step: 0010/0127] => [Loss_all: 1.5883 Loss_sup: 1.1731 Loss_con: 0.4152]
[2026-08-12 12:39:47.891439] => [Epoch Num: 021/100] => [Global Step: 0020/0127] => [Loss_all: 1.6472 Loss_sup: 1.1585 Loss_con: 0.4887]
[2026-08-12 12:39:50.443379] => [Epoch Num: 021/100] => [Global Step: 0030/0127] => [Loss_all: 1.5935 Loss_sup: 1.2148 Loss_con: 0.3787]
[2026-08-12 12:39:53.006318] => [Epoch Num: 021/100] => [Global Step: 0040/0127] => [Loss_all: 1.7405 Loss_sup: 1.2894 Loss_con: 0.4512]
[2026-08-12 12:39:55.546319] => [Epoch Num: 021/100] => [Global Step: 0050/0127] => [Loss_all: 1.4835 Loss_sup: 1.1264 Loss_con: 0.3571]
[2026-08-12 12:39:58.093631] => [Epoch Num: 021/100] => [Global Step: 0060/0127] => [Loss_all: 1.6989 Loss_sup: 1.1806 Loss_con: 0.5183]
[2026-08-12 12:40:00.778357] => [Epoch Num: 021/100] => [Global Step: 0070/0127] => [Loss_all: 1.4150 Loss_sup: 1.0491 Loss_con: 0.3659]
[2026-08-12 12:40:03.346342] => [Epoch Num: 021/100] => [Global Step: 0080/0127] => [Loss_all: 1.2537 Loss_sup: 0.9428 Loss_con: 0.3109]
[2026-08-12 12:40:05.907738] => [Epoch Num: 021/100] => [Global Step: 0090/0127] => [Loss_all: 1.4994 Loss_sup: 1.1828 Loss_con: 0.3165]
[2026-08-12 12:40:08.449555] => [Epoch Num: 021/100] => [Global Step: 0100/0127] => [Loss_all: 1.6944 Loss_sup: 1.2133 Loss_con: 0.4811]
[2026-08-12 12:40:11.020987] => [Epoch Num: 021/100] => [Global Step: 0110/0127] => [Loss_all: 1.6573 Loss_sup: 1.1964 Loss_con: 0.4610]
[2026-08-12 12:40:13.543173] => [Epoch Num: 021/100] => [Global Step: 0120/0127] => [Loss_all: 1.7600 Loss_sup: 1.2422 Loss_con: 0.5178]
Epoch: 21, MAE: 0.2699816823005676, bestteaMAE: 1, bestEpoch: 0.
Save state_dict successfully! Best epoch:21.
[2026-08-12 12:40:21.258567] => [Epoch Num: 022/100] => [Global Step: 0000/0127] => [Loss_all: 1.5185 Loss_sup: 1.0608 Loss_con: 0.4577]
[2026-08-12 12:40:23.806887] => [Epoch Num: 022/100] => [Global Step: 0010/0127] => [Loss_all: 1.6459 Loss_sup: 1.2339 Loss_con: 0.4120]
[2026-08-12 12:40:26.351668] => [Epoch Num: 022/100] => [Global Step: 0020/0127] => [Loss_all: 1.4221 Loss_sup: 1.0604 Loss_con: 0.3617]
[2026-08-12 12:40:28.888229] => [Epoch Num: 022/100] => [Global Step: 0030/0127] => [Loss_all: 1.5241 Loss_sup: 1.0510 Loss_con: 0.4731]
[2026-08-12 12:40:31.444534] => [Epoch Num: 022/100] => [Global Step: 0040/0127] => [Loss_all: 1.3909 Loss_sup: 1.0388 Loss_con: 0.3521]
[2026-08-12 12:40:34.004766] => [Epoch Num: 022/100] => [Global Step: 0050/0127] => [Loss_all: 1.4703 Loss_sup: 1.0504 Loss_con: 0.4198]
[2026-08-12 12:40:36.563948] => [Epoch Num: 022/100] => [Global Step: 0060/0127] => [Loss_all: 1.4098 Loss_sup: 1.0288 Loss_con: 0.3810]
[2026-08-12 12:40:39.129593] => [Epoch Num: 022/100] => [Global Step: 0070/0127] => [Loss_all: 1.2281 Loss_sup: 0.9920 Loss_con: 0.2361]
[2026-08-12 12:40:41.674142] => [Epoch Num: 022/100] => [Global Step: 0080/0127] => [Loss_all: 1.3113 Loss_sup: 1.0624 Loss_con: 0.2489]
[2026-08-12 12:40:44.219622] => [Epoch Num: 022/100] => [Global Step: 0090/0127] => [Loss_all: 1.4453 Loss_sup: 1.0086 Loss_con: 0.4367]
[2026-08-12 12:40:46.793129] => [Epoch Num: 022/100] => [Global Step: 0100/0127] => [Loss_all: 1.5217 Loss_sup: 1.0797 Loss_con: 0.4420]
[2026-08-12 12:40:49.333373] => [Epoch Num: 022/100] => [Global Step: 0110/0127] => [Loss_all: 1.3615 Loss_sup: 1.0132 Loss_con: 0.3482]
[2026-08-12 12:40:51.855678] => [Epoch Num: 022/100] => [Global Step: 0120/0127] => [Loss_all: 1.3266 Loss_sup: 1.0215 Loss_con: 0.3051]
Epoch: 22, MAE: 0.26479560136795044, bestteaMAE: 0.2699816823005676, bestEpoch: 21.
Save state_dict successfully! Best epoch:22.
[2026-08-12 12:40:59.786644] => [Epoch Num: 023/100] => [Global Step: 0000/0127] => [Loss_all: 1.4374 Loss_sup: 1.0224 Loss_con: 0.4150]
[2026-08-12 12:41:02.340274] => [Epoch Num: 023/100] => [Global Step: 0010/0127] => [Loss_all: 1.4829 Loss_sup: 1.1063 Loss_con: 0.3766]
[2026-08-12 12:41:04.871071] => [Epoch Num: 023/100] => [Global Step: 0020/0127] => [Loss_all: 1.4886 Loss_sup: 1.0776 Loss_con: 0.4110]
[2026-08-12 12:41:07.404374] => [Epoch Num: 023/100] => [Global Step: 0030/0127] => [Loss_all: 1.4590 Loss_sup: 1.1137 Loss_con: 0.3454]
[2026-08-12 12:41:09.943631] => [Epoch Num: 023/100] => [Global Step: 0040/0127] => [Loss_all: 1.3173 Loss_sup: 0.9918 Loss_con: 0.3254]
[2026-08-12 12:41:12.491201] => [Epoch Num: 023/100] => [Global Step: 0050/0127] => [Loss_all: 2.1353 Loss_sup: 1.7050 Loss_con: 0.4303]
[2026-08-12 12:41:15.075382] => [Epoch Num: 023/100] => [Global Step: 0060/0127] => [Loss_all: 1.5657 Loss_sup: 1.1200 Loss_con: 0.4457]
[2026-08-12 12:41:17.621257] => [Epoch Num: 023/100] => [Global Step: 0070/0127] => [Loss_all: 1.4091 Loss_sup: 1.0418 Loss_con: 0.3673]
[2026-08-12 12:41:20.154558] => [Epoch Num: 023/100] => [Global Step: 0080/0127] => [Loss_all: 1.5745 Loss_sup: 1.1826 Loss_con: 0.3919]
[2026-08-12 12:41:22.686463] => [Epoch Num: 023/100] => [Global Step: 0090/0127] => [Loss_all: 1.5224 Loss_sup: 1.0817 Loss_con: 0.4407]
[2026-08-12 12:41:25.223146] => [Epoch Num: 023/100] => [Global Step: 0100/0127] => [Loss_all: 1.4563 Loss_sup: 1.0811 Loss_con: 0.3752]
[2026-08-12 12:41:27.745057] => [Epoch Num: 023/100] => [Global Step: 0110/0127] => [Loss_all: 1.4621 Loss_sup: 1.0409 Loss_con: 0.4212]
[2026-08-12 12:41:30.284806] => [Epoch Num: 023/100] => [Global Step: 0120/0127] => [Loss_all: 1.4152 Loss_sup: 0.9497 Loss_con: 0.4655]
Epoch: 23, MAE: 0.26281026005744934, bestteaMAE: 0.26479560136795044, bestEpoch: 22.
Save state_dict successfully! Best epoch:23.
[2026-08-12 12:41:37.898747] => [Epoch Num: 024/100] => [Global Step: 0000/0127] => [Loss_all: 1.3245 Loss_sup: 1.0231 Loss_con: 0.3014]
[2026-08-12 12:41:40.445855] => [Epoch Num: 024/100] => [Global Step: 0010/0127] => [Loss_all: 1.3480 Loss_sup: 0.9674 Loss_con: 0.3805]
[2026-08-12 12:41:42.983266] => [Epoch Num: 024/100] => [Global Step: 0020/0127] => [Loss_all: 1.5242 Loss_sup: 1.1133 Loss_con: 0.4109]
[2026-08-12 12:41:45.544773] => [Epoch Num: 024/100] => [Global Step: 0030/0127] => [Loss_all: 1.4582 Loss_sup: 0.9940 Loss_con: 0.4642]
[2026-08-12 12:41:48.087838] => [Epoch Num: 024/100] => [Global Step: 0040/0127] => [Loss_all: 1.4554 Loss_sup: 1.0770 Loss_con: 0.3784]
[2026-08-12 12:41:50.648730] => [Epoch Num: 024/100] => [Global Step: 0050/0127] => [Loss_all: 1.3597 Loss_sup: 0.9371 Loss_con: 0.4226]
[2026-08-12 12:41:53.201051] => [Epoch Num: 024/100] => [Global Step: 0060/0127] => [Loss_all: 1.2965 Loss_sup: 0.8902 Loss_con: 0.4063]
[2026-08-12 12:41:55.743006] => [Epoch Num: 024/100] => [Global Step: 0070/0127] => [Loss_all: 1.4907 Loss_sup: 1.0614 Loss_con: 0.4293]
[2026-08-12 12:41:58.309779] => [Epoch Num: 024/100] => [Global Step: 0080/0127] => [Loss_all: 1.4901 Loss_sup: 1.0827 Loss_con: 0.4074]
[2026-08-12 12:42:00.882382] => [Epoch Num: 024/100] => [Global Step: 0090/0127] => [Loss_all: 1.4372 Loss_sup: 1.0756 Loss_con: 0.3616]
[2026-08-12 12:42:03.436888] => [Epoch Num: 024/100] => [Global Step: 0100/0127] => [Loss_all: 1.3942 Loss_sup: 1.0094 Loss_con: 0.3848]
[2026-08-12 12:42:05.970358] => [Epoch Num: 024/100] => [Global Step: 0110/0127] => [Loss_all: 1.2052 Loss_sup: 0.9231 Loss_con: 0.2821]
[2026-08-12 12:42:08.494498] => [Epoch Num: 024/100] => [Global Step: 0120/0127] => [Loss_all: 1.3425 Loss_sup: 0.9744 Loss_con: 0.3681]
Epoch: 24, MAE: 0.25708627700805664, bestteaMAE: 0.26281026005744934, bestEpoch: 23.
Save state_dict successfully! Best epoch:24.
[2026-08-12 12:42:16.351892] => [Epoch Num: 025/100] => [Global Step: 0000/0127] => [Loss_all: 1.2665 Loss_sup: 0.9783 Loss_con: 0.2882]
[2026-08-12 12:42:18.926385] => [Epoch Num: 025/100] => [Global Step: 0010/0127] => [Loss_all: 1.4094 Loss_sup: 1.0173 Loss_con: 0.3921]
[2026-08-12 12:42:21.471939] => [Epoch Num: 025/100] => [Global Step: 0020/0127] => [Loss_all: 1.3081 Loss_sup: 0.9166 Loss_con: 0.3915]
[2026-08-12 12:42:24.008301] => [Epoch Num: 025/100] => [Global Step: 0030/0127] => [Loss_all: 1.4072 Loss_sup: 1.0708 Loss_con: 0.3364]
[2026-08-12 12:42:26.642521] => [Epoch Num: 025/100] => [Global Step: 0040/0127] => [Loss_all: 1.3809 Loss_sup: 1.0542 Loss_con: 0.3267]
[2026-08-12 12:42:29.221785] => [Epoch Num: 025/100] => [Global Step: 0050/0127] => [Loss_all: 1.2808 Loss_sup: 0.9385 Loss_con: 0.3423]
[2026-08-12 12:42:31.790268] => [Epoch Num: 025/100] => [Global Step: 0060/0127] => [Loss_all: 1.3695 Loss_sup: 0.9743 Loss_con: 0.3952]
[2026-08-12 12:42:34.321385] => [Epoch Num: 025/100] => [Global Step: 0070/0127] => [Loss_all: 1.3221 Loss_sup: 0.9717 Loss_con: 0.3504]
[2026-08-12 12:42:36.854609] => [Epoch Num: 025/100] => [Global Step: 0080/0127] => [Loss_all: 1.2436 Loss_sup: 0.9293 Loss_con: 0.3143]
[2026-08-12 12:42:39.392092] => [Epoch Num: 025/100] => [Global Step: 0090/0127] => [Loss_all: 1.3730 Loss_sup: 1.0179 Loss_con: 0.3551]
[2026-08-12 12:42:41.929163] => [Epoch Num: 025/100] => [Global Step: 0100/0127] => [Loss_all: 1.3336 Loss_sup: 0.9609 Loss_con: 0.3727]
[2026-08-12 12:42:44.469081] => [Epoch Num: 025/100] => [Global Step: 0110/0127] => [Loss_all: 1.4389 Loss_sup: 1.0758 Loss_con: 0.3631]
[2026-08-12 12:42:47.013062] => [Epoch Num: 025/100] => [Global Step: 0120/0127] => [Loss_all: 1.3980 Loss_sup: 1.0212 Loss_con: 0.3768]
Epoch: 25, MAE: 0.25848641991615295, bestteaMAE: 0.25708627700805664, bestEpoch: 24.
[2026-08-12 12:42:54.638580] => [Epoch Num: 026/100] => [Global Step: 0000/0127] => [Loss_all: 1.3790 Loss_sup: 1.0174 Loss_con: 0.3616]
[2026-08-12 12:42:57.198082] => [Epoch Num: 026/100] => [Global Step: 0010/0127] => [Loss_all: 1.2647 Loss_sup: 0.8990 Loss_con: 0.3657]
[2026-08-12 12:42:59.781628] => [Epoch Num: 026/100] => [Global Step: 0020/0127] => [Loss_all: 1.3142 Loss_sup: 1.0231 Loss_con: 0.2912]
[2026-08-12 12:43:02.333721] => [Epoch Num: 026/100] => [Global Step: 0030/0127] => [Loss_all: 1.4179 Loss_sup: 0.9714 Loss_con: 0.4465]
[2026-08-12 12:43:04.879763] => [Epoch Num: 026/100] => [Global Step: 0040/0127] => [Loss_all: 1.4129 Loss_sup: 1.0798 Loss_con: 0.3331]
[2026-08-12 12:43:07.445277] => [Epoch Num: 026/100] => [Global Step: 0050/0127] => [Loss_all: 1.3274 Loss_sup: 0.9415 Loss_con: 0.3860]
[2026-08-12 12:43:09.987920] => [Epoch Num: 026/100] => [Global Step: 0060/0127] => [Loss_all: 1.4841 Loss_sup: 1.0752 Loss_con: 0.4089]
[2026-08-12 12:43:12.539825] => [Epoch Num: 026/100] => [Global Step: 0070/0127] => [Loss_all: 1.2946 Loss_sup: 0.9274 Loss_con: 0.3672]
[2026-08-12 12:43:15.073395] => [Epoch Num: 026/100] => [Global Step: 0080/0127] => [Loss_all: 1.3884 Loss_sup: 1.0277 Loss_con: 0.3607]
[2026-08-12 12:43:17.629320] => [Epoch Num: 026/100] => [Global Step: 0090/0127] => [Loss_all: 1.4644 Loss_sup: 1.0585 Loss_con: 0.4060]
[2026-08-12 12:43:20.193058] => [Epoch Num: 026/100] => [Global Step: 0100/0127] => [Loss_all: 1.3197 Loss_sup: 0.9796 Loss_con: 0.3401]
[2026-08-12 12:43:22.732529] => [Epoch Num: 026/100] => [Global Step: 0110/0127] => [Loss_all: 1.2351 Loss_sup: 1.0015 Loss_con: 0.2336]
[2026-08-12 12:43:25.281832] => [Epoch Num: 026/100] => [Global Step: 0120/0127] => [Loss_all: 1.2251 Loss_sup: 0.8861 Loss_con: 0.3390]
Epoch: 26, MAE: 0.24557718634605408, bestteaMAE: 0.25708627700805664, bestEpoch: 24.
Save state_dict successfully! Best epoch:26.
[2026-08-12 12:43:33.030770] => [Epoch Num: 027/100] => [Global Step: 0000/0127] => [Loss_all: 1.3639 Loss_sup: 1.0538 Loss_con: 0.3102]
[2026-08-12 12:43:35.581909] => [Epoch Num: 027/100] => [Global Step: 0010/0127] => [Loss_all: 1.2291 Loss_sup: 0.8739 Loss_con: 0.3552]
[2026-08-12 12:43:38.128424] => [Epoch Num: 027/100] => [Global Step: 0020/0127] => [Loss_all: 1.2636 Loss_sup: 1.0106 Loss_con: 0.2530]
[2026-08-12 12:43:40.665088] => [Epoch Num: 027/100] => [Global Step: 0030/0127] => [Loss_all: 1.2417 Loss_sup: 0.9706 Loss_con: 0.2711]
[2026-08-12 12:43:43.209942] => [Epoch Num: 027/100] => [Global Step: 0040/0127] => [Loss_all: 1.2728 Loss_sup: 0.9784 Loss_con: 0.2944]
[2026-08-12 12:43:45.733521] => [Epoch Num: 027/100] => [Global Step: 0050/0127] => [Loss_all: 1.2728 Loss_sup: 0.9381 Loss_con: 0.3347]
[2026-08-12 12:43:48.274343] => [Epoch Num: 027/100] => [Global Step: 0060/0127] => [Loss_all: 1.2925 Loss_sup: 0.9154 Loss_con: 0.3771]
[2026-08-12 12:43:50.804494] => [Epoch Num: 027/100] => [Global Step: 0070/0127] => [Loss_all: 1.2515 Loss_sup: 0.9269 Loss_con: 0.3246]
[2026-08-12 12:43:53.338972] => [Epoch Num: 027/100] => [Global Step: 0080/0127] => [Loss_all: 1.2321 Loss_sup: 0.8931 Loss_con: 0.3390]
[2026-08-12 12:43:55.883962] => [Epoch Num: 027/100] => [Global Step: 0090/0127] => [Loss_all: 1.2803 Loss_sup: 0.9878 Loss_con: 0.2925]
[2026-08-12 12:43:58.416002] => [Epoch Num: 027/100] => [Global Step: 0100/0127] => [Loss_all: 1.2606 Loss_sup: 0.8985 Loss_con: 0.3621]
[2026-08-12 12:44:00.973876] => [Epoch Num: 027/100] => [Global Step: 0110/0127] => [Loss_all: 1.4337 Loss_sup: 1.0383 Loss_con: 0.3955]
[2026-08-12 12:44:03.513391] => [Epoch Num: 027/100] => [Global Step: 0120/0127] => [Loss_all: 1.2619 Loss_sup: 0.9623 Loss_con: 0.2997]
Epoch: 27, MAE: 0.2412477284669876, bestteaMAE: 0.24557718634605408, bestEpoch: 26.
Save state_dict successfully! Best epoch:27.
[2026-08-12 12:44:11.368813] => [Epoch Num: 028/100] => [Global Step: 0000/0127] => [Loss_all: 1.3285 Loss_sup: 1.0467 Loss_con: 0.2818]
[2026-08-12 12:44:13.978537] => [Epoch Num: 028/100] => [Global Step: 0010/0127] => [Loss_all: 1.2651 Loss_sup: 0.9413 Loss_con: 0.3238]
[2026-08-12 12:44:16.529864] => [Epoch Num: 028/100] => [Global Step: 0020/0127] => [Loss_all: 1.4848 Loss_sup: 1.0850 Loss_con: 0.3998]
[2026-08-12 12:44:19.079954] => [Epoch Num: 028/100] => [Global Step: 0030/0127] => [Loss_all: 1.4123 Loss_sup: 1.0257 Loss_con: 0.3866]
[2026-08-12 12:44:21.635759] => [Epoch Num: 028/100] => [Global Step: 0040/0127] => [Loss_all: 1.1741 Loss_sup: 0.8599 Loss_con: 0.3142]
[2026-08-12 12:44:24.175006] => [Epoch Num: 028/100] => [Global Step: 0050/0127] => [Loss_all: 1.1593 Loss_sup: 0.8800 Loss_con: 0.2793]
[2026-08-12 12:44:26.703233] => [Epoch Num: 028/100] => [Global Step: 0060/0127] => [Loss_all: 1.1462 Loss_sup: 0.8463 Loss_con: 0.2998]
[2026-08-12 12:44:29.255450] => [Epoch Num: 028/100] => [Global Step: 0070/0127] => [Loss_all: 1.2665 Loss_sup: 0.9362 Loss_con: 0.3303]
[2026-08-12 12:44:31.799845] => [Epoch Num: 028/100] => [Global Step: 0080/0127] => [Loss_all: 1.3434 Loss_sup: 0.9664 Loss_con: 0.3770]
[2026-08-12 12:44:34.336651] => [Epoch Num: 028/100] => [Global Step: 0090/0127] => [Loss_all: 1.4303 Loss_sup: 1.0969 Loss_con: 0.3334]
[2026-08-12 12:44:36.902030] => [Epoch Num: 028/100] => [Global Step: 0100/0127] => [Loss_all: 1.4185 Loss_sup: 1.0493 Loss_con: 0.3692]
[2026-08-12 12:44:39.447212] => [Epoch Num: 028/100] => [Global Step: 0110/0127] => [Loss_all: 1.1177 Loss_sup: 0.8691 Loss_con: 0.2486]
[2026-08-12 12:44:41.995926] => [Epoch Num: 028/100] => [Global Step: 0120/0127] => [Loss_all: 1.4956 Loss_sup: 1.1470 Loss_con: 0.3486]
Epoch: 28, MAE: 0.23639123141765594, bestteaMAE: 0.2412477284669876, bestEpoch: 27.
Save state_dict successfully! Best epoch:28.
[2026-08-12 12:44:49.929478] => [Epoch Num: 029/100] => [Global Step: 0000/0127] => [Loss_all: 1.1597 Loss_sup: 0.9391 Loss_con: 0.2206]
[2026-08-12 12:44:52.502198] => [Epoch Num: 029/100] => [Global Step: 0010/0127] => [Loss_all: 1.2547 Loss_sup: 0.8951 Loss_con: 0.3596]
[2026-08-12 12:44:55.069927] => [Epoch Num: 029/100] => [Global Step: 0020/0127] => [Loss_all: 1.3772 Loss_sup: 1.0941 Loss_con: 0.2832]
[2026-08-12 12:44:57.612165] => [Epoch Num: 029/100] => [Global Step: 0030/0127] => [Loss_all: 1.3011 Loss_sup: 1.0625 Loss_con: 0.2386]
[2026-08-12 12:45:00.155944] => [Epoch Num: 029/100] => [Global Step: 0040/0127] => [Loss_all: 1.3439 Loss_sup: 1.0003 Loss_con: 0.3436]
[2026-08-12 12:45:02.705613] => [Epoch Num: 029/100] => [Global Step: 0050/0127] => [Loss_all: 1.3171 Loss_sup: 0.9381 Loss_con: 0.3790]
[2026-08-12 12:45:05.251594] => [Epoch Num: 029/100] => [Global Step: 0060/0127] => [Loss_all: 1.3476 Loss_sup: 1.0441 Loss_con: 0.3035]
[2026-08-12 12:45:07.809532] => [Epoch Num: 029/100] => [Global Step: 0070/0127] => [Loss_all: 1.1645 Loss_sup: 0.9118 Loss_con: 0.2527]
[2026-08-12 12:45:10.364014] => [Epoch Num: 029/100] => [Global Step: 0080/0127] => [Loss_all: 1.3269 Loss_sup: 1.0127 Loss_con: 0.3142]
[2026-08-12 12:45:12.909024] => [Epoch Num: 029/100] => [Global Step: 0090/0127] => [Loss_all: 1.2181 Loss_sup: 0.8819 Loss_con: 0.3362]
[2026-08-12 12:45:15.436010] => [Epoch Num: 029/100] => [Global Step: 0100/0127] => [Loss_all: 1.1985 Loss_sup: 0.9351 Loss_con: 0.2634]
[2026-08-12 12:45:17.966397] => [Epoch Num: 029/100] => [Global Step: 0110/0127] => [Loss_all: 1.1349 Loss_sup: 0.9278 Loss_con: 0.2071]
[2026-08-12 12:45:20.489786] => [Epoch Num: 029/100] => [Global Step: 0120/0127] => [Loss_all: 1.0603 Loss_sup: 0.8745 Loss_con: 0.1858]
Epoch: 29, MAE: 0.22029714286327362, bestteaMAE: 0.23639123141765594, bestEpoch: 28.
Save state_dict successfully! Best epoch:29.
[2026-08-12 12:45:28.414204] => [Epoch Num: 030/100] => [Global Step: 0000/0127] => [Loss_all: 1.2404 Loss_sup: 0.8991 Loss_con: 0.3413]
[2026-08-12 12:45:30.973790] => [Epoch Num: 030/100] => [Global Step: 0010/0127] => [Loss_all: 1.1622 Loss_sup: 0.8927 Loss_con: 0.2695]
[2026-08-12 12:45:33.548852] => [Epoch Num: 030/100] => [Global Step: 0020/0127] => [Loss_all: 1.1200 Loss_sup: 0.8578 Loss_con: 0.2622]
[2026-08-12 12:45:36.135430] => [Epoch Num: 030/100] => [Global Step: 0030/0127] => [Loss_all: 1.2125 Loss_sup: 0.9242 Loss_con: 0.2883]
[2026-08-12 12:45:38.678567] => [Epoch Num: 030/100] => [Global Step: 0040/0127] => [Loss_all: 1.3108 Loss_sup: 1.0546 Loss_con: 0.2563]
[2026-08-12 12:45:41.228473] => [Epoch Num: 030/100] => [Global Step: 0050/0127] => [Loss_all: 1.2348 Loss_sup: 0.9656 Loss_con: 0.2692]
[2026-08-12 12:45:43.770298] => [Epoch Num: 030/100] => [Global Step: 0060/0127] => [Loss_all: 1.0885 Loss_sup: 0.9134 Loss_con: 0.1751]
[2026-08-12 12:45:46.326557] => [Epoch Num: 030/100] => [Global Step: 0070/0127] => [Loss_all: 1.1359 Loss_sup: 0.9103 Loss_con: 0.2257]
[2026-08-12 12:45:48.875662] => [Epoch Num: 030/100] => [Global Step: 0080/0127] => [Loss_all: 1.1737 Loss_sup: 0.8499 Loss_con: 0.3238]
[2026-08-12 12:45:51.438052] => [Epoch Num: 030/100] => [Global Step: 0090/0127] => [Loss_all: 1.1818 Loss_sup: 0.9319 Loss_con: 0.2500]
[2026-08-12 12:45:53.996992] => [Epoch Num: 030/100] => [Global Step: 0100/0127] => [Loss_all: 1.2907 Loss_sup: 0.9600 Loss_con: 0.3308]
[2026-08-12 12:45:56.565633] => [Epoch Num: 030/100] => [Global Step: 0110/0127] => [Loss_all: 1.3156 Loss_sup: 0.9890 Loss_con: 0.3265]
[2026-08-12 12:45:59.106377] => [Epoch Num: 030/100] => [Global Step: 0120/0127] => [Loss_all: 1.2394 Loss_sup: 0.9129 Loss_con: 0.3266]
Epoch: 30, MAE: 0.21844574809074402, bestteaMAE: 0.22029714286327362, bestEpoch: 29.
Save state_dict successfully! Best epoch:30.
[2026-08-12 12:46:06.875138] => [Epoch Num: 031/100] => [Global Step: 0000/0127] => [Loss_all: 1.3408 Loss_sup: 1.0182 Loss_con: 0.3226]
[2026-08-12 12:46:09.434037] => [Epoch Num: 031/100] => [Global Step: 0010/0127] => [Loss_all: 1.2763 Loss_sup: 0.9923 Loss_con: 0.2840]
[2026-08-12 12:46:12.001363] => [Epoch Num: 031/100] => [Global Step: 0020/0127] => [Loss_all: 1.2120 Loss_sup: 0.9207 Loss_con: 0.2913]
[2026-08-12 12:46:14.548407] => [Epoch Num: 031/100] => [Global Step: 0030/0127] => [Loss_all: 1.2090 Loss_sup: 0.9610 Loss_con: 0.2479]
[2026-08-12 12:46:17.091632] => [Epoch Num: 031/100] => [Global Step: 0040/0127] => [Loss_all: 1.0452 Loss_sup: 0.8719 Loss_con: 0.1733]
[2026-08-12 12:46:19.630326] => [Epoch Num: 031/100] => [Global Step: 0050/0127] => [Loss_all: 1.2591 Loss_sup: 0.9323 Loss_con: 0.3268]
[2026-08-12 12:46:22.168905] => [Epoch Num: 031/100] => [Global Step: 0060/0127] => [Loss_all: 1.1517 Loss_sup: 0.8582 Loss_con: 0.2935]
[2026-08-12 12:46:24.724973] => [Epoch Num: 031/100] => [Global Step: 0070/0127] => [Loss_all: 1.2378 Loss_sup: 0.9209 Loss_con: 0.3170]
[2026-08-12 12:46:27.270438] => [Epoch Num: 031/100] => [Global Step: 0080/0127] => [Loss_all: 1.3811 Loss_sup: 1.0116 Loss_con: 0.3695]
[2026-08-12 12:46:29.827264] => [Epoch Num: 031/100] => [Global Step: 0090/0127] => [Loss_all: 1.2498 Loss_sup: 0.9115 Loss_con: 0.3384]
[2026-08-12 12:46:32.382935] => [Epoch Num: 031/100] => [Global Step: 0100/0127] => [Loss_all: 1.2411 Loss_sup: 0.9502 Loss_con: 0.2909]
[2026-08-12 12:46:34.944198] => [Epoch Num: 031/100] => [Global Step: 0110/0127] => [Loss_all: 1.2339 Loss_sup: 1.0086 Loss_con: 0.2253]
[2026-08-12 12:46:37.488076] => [Epoch Num: 031/100] => [Global Step: 0120/0127] => [Loss_all: 1.2456 Loss_sup: 0.9691 Loss_con: 0.2765]
Epoch: 31, MAE: 0.2206621915102005, bestteaMAE: 0.21844574809074402, bestEpoch: 30.
[2026-08-12 12:46:45.066327] => [Epoch Num: 032/100] => [Global Step: 0000/0127] => [Loss_all: 1.1683 Loss_sup: 0.8919 Loss_con: 0.2764]
[2026-08-12 12:46:47.624688] => [Epoch Num: 032/100] => [Global Step: 0010/0127] => [Loss_all: 1.2661 Loss_sup: 0.9848 Loss_con: 0.2812]
[2026-08-12 12:46:50.162762] => [Epoch Num: 032/100] => [Global Step: 0020/0127] => [Loss_all: 1.1028 Loss_sup: 0.7865 Loss_con: 0.3163]
[2026-08-12 12:46:52.693076] => [Epoch Num: 032/100] => [Global Step: 0030/0127] => [Loss_all: 1.0146 Loss_sup: 0.7827 Loss_con: 0.2319]
[2026-08-12 12:46:55.219794] => [Epoch Num: 032/100] => [Global Step: 0040/0127] => [Loss_all: 1.1716 Loss_sup: 0.9686 Loss_con: 0.2030]
[2026-08-12 12:46:57.773715] => [Epoch Num: 032/100] => [Global Step: 0050/0127] => [Loss_all: 1.0863 Loss_sup: 0.9162 Loss_con: 0.1701]
[2026-08-12 12:47:00.311747] => [Epoch Num: 032/100] => [Global Step: 0060/0127] => [Loss_all: 1.1606 Loss_sup: 0.9307 Loss_con: 0.2298]
[2026-08-12 12:47:02.842019] => [Epoch Num: 032/100] => [Global Step: 0070/0127] => [Loss_all: 1.1922 Loss_sup: 0.9266 Loss_con: 0.2656]
[2026-08-12 12:47:05.539091] => [Epoch Num: 032/100] => [Global Step: 0080/0127] => [Loss_all: 1.1087 Loss_sup: 0.8270 Loss_con: 0.2817]
[2026-08-12 12:47:08.085315] => [Epoch Num: 032/100] => [Global Step: 0090/0127] => [Loss_all: 1.2425 Loss_sup: 0.9739 Loss_con: 0.2686]
[2026-08-12 12:47:10.611158] => [Epoch Num: 032/100] => [Global Step: 0100/0127] => [Loss_all: 1.3100 Loss_sup: 0.9726 Loss_con: 0.3373]
[2026-08-12 12:47:13.172843] => [Epoch Num: 032/100] => [Global Step: 0110/0127] => [Loss_all: 1.0769 Loss_sup: 0.8991 Loss_con: 0.1778]
[2026-08-12 12:47:15.712526] => [Epoch Num: 032/100] => [Global Step: 0120/0127] => [Loss_all: 1.2039 Loss_sup: 0.9331 Loss_con: 0.2708]
Epoch: 32, MAE: 0.22235795855522156, bestteaMAE: 0.21844574809074402, bestEpoch: 30.
[2026-08-12 12:47:23.221703] => [Epoch Num: 033/100] => [Global Step: 0000/0127] => [Loss_all: 1.2136 Loss_sup: 0.9006 Loss_con: 0.3131]
[2026-08-12 12:47:25.799987] => [Epoch Num: 033/100] => [Global Step: 0010/0127] => [Loss_all: 1.2819 Loss_sup: 0.9490 Loss_con: 0.3329]
[2026-08-12 12:47:28.354215] => [Epoch Num: 033/100] => [Global Step: 0020/0127] => [Loss_all: 1.1193 Loss_sup: 0.8472 Loss_con: 0.2721]
[2026-08-12 12:47:30.893870] => [Epoch Num: 033/100] => [Global Step: 0030/0127] => [Loss_all: 1.1813 Loss_sup: 0.8995 Loss_con: 0.2819]
[2026-08-12 12:47:33.431387] => [Epoch Num: 033/100] => [Global Step: 0040/0127] => [Loss_all: 1.1794 Loss_sup: 0.8938 Loss_con: 0.2855]
[2026-08-12 12:47:35.981201] => [Epoch Num: 033/100] => [Global Step: 0050/0127] => [Loss_all: 1.0741 Loss_sup: 0.8114 Loss_con: 0.2627]
[2026-08-12 12:47:38.556171] => [Epoch Num: 033/100] => [Global Step: 0060/0127] => [Loss_all: 1.1786 Loss_sup: 0.9014 Loss_con: 0.2772]
[2026-08-12 12:47:41.121583] => [Epoch Num: 033/100] => [Global Step: 0070/0127] => [Loss_all: 1.2076 Loss_sup: 0.9513 Loss_con: 0.2563]
[2026-08-12 12:47:43.677854] => [Epoch Num: 033/100] => [Global Step: 0080/0127] => [Loss_all: 1.3118 Loss_sup: 0.9740 Loss_con: 0.3378]
[2026-08-12 12:47:46.215358] => [Epoch Num: 033/100] => [Global Step: 0090/0127] => [Loss_all: 1.1485 Loss_sup: 0.9267 Loss_con: 0.2218]
[2026-08-12 12:47:48.752815] => [Epoch Num: 033/100] => [Global Step: 0100/0127] => [Loss_all: 1.1849 Loss_sup: 0.9285 Loss_con: 0.2564]
[2026-08-12 12:47:51.287673] => [Epoch Num: 033/100] => [Global Step: 0110/0127] => [Loss_all: 1.1404 Loss_sup: 0.9418 Loss_con: 0.1986]
[2026-08-12 12:47:53.849048] => [Epoch Num: 033/100] => [Global Step: 0120/0127] => [Loss_all: 1.2916 Loss_sup: 0.9523 Loss_con: 0.3393]
Epoch: 33, MAE: 0.2189493030309677, bestteaMAE: 0.21844574809074402, bestEpoch: 30.
[2026-08-12 12:48:01.480419] => [Epoch Num: 034/100] => [Global Step: 0000/0127] => [Loss_all: 1.1898 Loss_sup: 0.9718 Loss_con: 0.2180]
[2026-08-12 12:48:04.063369] => [Epoch Num: 034/100] => [Global Step: 0010/0127] => [Loss_all: 1.3095 Loss_sup: 1.0458 Loss_con: 0.2637]
[2026-08-12 12:48:06.636803] => [Epoch Num: 034/100] => [Global Step: 0020/0127] => [Loss_all: 1.0909 Loss_sup: 0.8234 Loss_con: 0.2675]
[2026-08-12 12:48:09.195326] => [Epoch Num: 034/100] => [Global Step: 0030/0127] => [Loss_all: 1.1078 Loss_sup: 0.9073 Loss_con: 0.2004]
[2026-08-12 12:48:11.749858] => [Epoch Num: 034/100] => [Global Step: 0040/0127] => [Loss_all: 1.1943 Loss_sup: 0.9034 Loss_con: 0.2909]
[2026-08-12 12:48:14.297807] => [Epoch Num: 034/100] => [Global Step: 0050/0127] => [Loss_all: 1.2545 Loss_sup: 1.0104 Loss_con: 0.2441]
[2026-08-12 12:48:16.862554] => [Epoch Num: 034/100] => [Global Step: 0060/0127] => [Loss_all: 1.2433 Loss_sup: 0.8939 Loss_con: 0.3493]
[2026-08-12 12:48:19.400225] => [Epoch Num: 034/100] => [Global Step: 0070/0127] => [Loss_all: 1.2077 Loss_sup: 0.9906 Loss_con: 0.2171]
[2026-08-12 12:48:21.930429] => [Epoch Num: 034/100] => [Global Step: 0080/0127] => [Loss_all: 1.1652 Loss_sup: 0.8814 Loss_con: 0.2838]
[2026-08-12 12:48:24.478395] => [Epoch Num: 034/100] => [Global Step: 0090/0127] => [Loss_all: 1.1791 Loss_sup: 0.9395 Loss_con: 0.2396]
[2026-08-12 12:48:27.012220] => [Epoch Num: 034/100] => [Global Step: 0100/0127] => [Loss_all: 1.2370 Loss_sup: 1.0433 Loss_con: 0.1937]
[2026-08-12 12:48:29.550468] => [Epoch Num: 034/100] => [Global Step: 0110/0127] => [Loss_all: 1.1760 Loss_sup: 0.8865 Loss_con: 0.2894]
[2026-08-12 12:48:32.075103] => [Epoch Num: 034/100] => [Global Step: 0120/0127] => [Loss_all: 1.2424 Loss_sup: 0.9603 Loss_con: 0.2821]
Epoch: 34, MAE: 0.22145657241344452, bestteaMAE: 0.21844574809074402, bestEpoch: 30.
[2026-08-12 12:48:39.912633] => [Epoch Num: 035/100] => [Global Step: 0000/0127] => [Loss_all: 1.1847 Loss_sup: 0.8747 Loss_con: 0.3101]
[2026-08-12 12:48:42.489380] => [Epoch Num: 035/100] => [Global Step: 0010/0127] => [Loss_all: 1.2335 Loss_sup: 0.9921 Loss_con: 0.2414]
[2026-08-12 12:48:45.044148] => [Epoch Num: 035/100] => [Global Step: 0020/0127] => [Loss_all: 1.0836 Loss_sup: 0.7969 Loss_con: 0.2867]
[2026-08-12 12:48:47.593106] => [Epoch Num: 035/100] => [Global Step: 0030/0127] => [Loss_all: 1.1847 Loss_sup: 0.9683 Loss_con: 0.2165]
[2026-08-12 12:48:50.134000] => [Epoch Num: 035/100] => [Global Step: 0040/0127] => [Loss_all: 1.1852 Loss_sup: 0.8976 Loss_con: 0.2876]
[2026-08-12 12:48:52.696853] => [Epoch Num: 035/100] => [Global Step: 0050/0127] => [Loss_all: 1.2287 Loss_sup: 1.0010 Loss_con: 0.2277]
[2026-08-12 12:48:55.252824] => [Epoch Num: 035/100] => [Global Step: 0060/0127] => [Loss_all: 1.2091 Loss_sup: 0.9924 Loss_con: 0.2168]
[2026-08-12 12:48:57.811831] => [Epoch Num: 035/100] => [Global Step: 0070/0127] => [Loss_all: 1.1666 Loss_sup: 0.8429 Loss_con: 0.3237]
[2026-08-12 12:49:00.374430] => [Epoch Num: 035/100] => [Global Step: 0080/0127] => [Loss_all: 1.0781 Loss_sup: 0.8084 Loss_con: 0.2697]
[2026-08-12 12:49:02.930242] => [Epoch Num: 035/100] => [Global Step: 0090/0127] => [Loss_all: 1.2502 Loss_sup: 0.9794 Loss_con: 0.2708]
[2026-08-12 12:49:05.490570] => [Epoch Num: 035/100] => [Global Step: 0100/0127] => [Loss_all: 1.1489 Loss_sup: 0.9975 Loss_con: 0.1514]
[2026-08-12 12:49:08.068098] => [Epoch Num: 035/100] => [Global Step: 0110/0127] => [Loss_all: 1.0765 Loss_sup: 0.8603 Loss_con: 0.2162]
[2026-08-12 12:49:10.592331] => [Epoch Num: 035/100] => [Global Step: 0120/0127] => [Loss_all: 1.1241 Loss_sup: 0.8681 Loss_con: 0.2560]
Epoch: 35, MAE: 0.2110145539045334, bestteaMAE: 0.21844574809074402, bestEpoch: 30.
Save state_dict successfully! Best epoch:35.
[2026-08-12 12:49:18.175857] => [Epoch Num: 036/100] => [Global Step: 0000/0127] => [Loss_all: 1.2299 Loss_sup: 1.0271 Loss_con: 0.2028]
[2026-08-12 12:49:20.713522] => [Epoch Num: 036/100] => [Global Step: 0010/0127] => [Loss_all: 1.1924 Loss_sup: 0.9532 Loss_con: 0.2392]
[2026-08-12 12:49:23.254623] => [Epoch Num: 036/100] => [Global Step: 0020/0127] => [Loss_all: 1.2513 Loss_sup: 0.9721 Loss_con: 0.2792]
[2026-08-12 12:49:25.916944] => [Epoch Num: 036/100] => [Global Step: 0030/0127] => [Loss_all: 1.0935 Loss_sup: 0.8205 Loss_con: 0.2730]
[2026-08-12 12:49:28.499454] => [Epoch Num: 036/100] => [Global Step: 0040/0127] => [Loss_all: 1.0511 Loss_sup: 0.8376 Loss_con: 0.2135]
[2026-08-12 12:49:31.051633] => [Epoch Num: 036/100] => [Global Step: 0050/0127] => [Loss_all: 1.2275 Loss_sup: 0.8925 Loss_con: 0.3350]
[2026-08-12 12:49:33.604783] => [Epoch Num: 036/100] => [Global Step: 0060/0127] => [Loss_all: 1.2419 Loss_sup: 0.9462 Loss_con: 0.2958]
[2026-08-12 12:49:36.141770] => [Epoch Num: 036/100] => [Global Step: 0070/0127] => [Loss_all: 1.1963 Loss_sup: 0.8575 Loss_con: 0.3389]
[2026-08-12 12:49:38.686459] => [Epoch Num: 036/100] => [Global Step: 0080/0127] => [Loss_all: 1.1445 Loss_sup: 0.8876 Loss_con: 0.2569]
[2026-08-12 12:49:41.230364] => [Epoch Num: 036/100] => [Global Step: 0090/0127] => [Loss_all: 1.2254 Loss_sup: 0.9229 Loss_con: 0.3025]
[2026-08-12 12:49:43.786402] => [Epoch Num: 036/100] => [Global Step: 0100/0127] => [Loss_all: 1.1640 Loss_sup: 0.9120 Loss_con: 0.2520]
[2026-08-12 12:49:46.339083] => [Epoch Num: 036/100] => [Global Step: 0110/0127] => [Loss_all: 1.2716 Loss_sup: 0.9935 Loss_con: 0.2781]
[2026-08-12 12:49:48.890652] => [Epoch Num: 036/100] => [Global Step: 0120/0127] => [Loss_all: 1.1599 Loss_sup: 0.8552 Loss_con: 0.3047]
Epoch: 36, MAE: 0.21251869201660156, bestteaMAE: 0.2110145539045334, bestEpoch: 35.
[2026-08-12 12:49:56.738277] => [Epoch Num: 037/100] => [Global Step: 0000/0127] => [Loss_all: 1.1037 Loss_sup: 0.8424 Loss_con: 0.2613]
[2026-08-12 12:49:59.316089] => [Epoch Num: 037/100] => [Global Step: 0010/0127] => [Loss_all: 1.1385 Loss_sup: 0.8395 Loss_con: 0.2990]
[2026-08-12 12:50:01.851097] => [Epoch Num: 037/100] => [Global Step: 0020/0127] => [Loss_all: 1.2179 Loss_sup: 0.9149 Loss_con: 0.3030]
[2026-08-12 12:50:04.373794] => [Epoch Num: 037/100] => [Global Step: 0030/0127] => [Loss_all: 1.2610 Loss_sup: 1.0119 Loss_con: 0.2491]
[2026-08-12 12:50:06.899100] => [Epoch Num: 037/100] => [Global Step: 0040/0127] => [Loss_all: 1.1649 Loss_sup: 0.9328 Loss_con: 0.2321]
[2026-08-12 12:50:09.435992] => [Epoch Num: 037/100] => [Global Step: 0050/0127] => [Loss_all: 1.2030 Loss_sup: 0.9605 Loss_con: 0.2425]
[2026-08-12 12:50:11.986409] => [Epoch Num: 037/100] => [Global Step: 0060/0127] => [Loss_all: 1.1978 Loss_sup: 0.9790 Loss_con: 0.2188]
[2026-08-12 12:50:14.545903] => [Epoch Num: 037/100] => [Global Step: 0070/0127] => [Loss_all: 1.0644 Loss_sup: 0.8522 Loss_con: 0.2122]
[2026-08-12 12:50:17.138066] => [Epoch Num: 037/100] => [Global Step: 0080/0127] => [Loss_all: 1.2159 Loss_sup: 0.9723 Loss_con: 0.2436]
[2026-08-12 12:50:19.699240] => [Epoch Num: 037/100] => [Global Step: 0090/0127] => [Loss_all: 1.2359 Loss_sup: 0.9759 Loss_con: 0.2600]
[2026-08-12 12:50:22.265204] => [Epoch Num: 037/100] => [Global Step: 0100/0127] => [Loss_all: 1.3481 Loss_sup: 0.9933 Loss_con: 0.3548]
[2026-08-12 12:50:24.807594] => [Epoch Num: 037/100] => [Global Step: 0110/0127] => [Loss_all: 1.2926 Loss_sup: 1.0662 Loss_con: 0.2263]
[2026-08-12 12:50:27.340682] => [Epoch Num: 037/100] => [Global Step: 0120/0127] => [Loss_all: 1.2252 Loss_sup: 0.9787 Loss_con: 0.2465]
Epoch: 37, MAE: 0.21659965813159943, bestteaMAE: 0.2110145539045334, bestEpoch: 35.
[2026-08-12 12:50:35.102270] => [Epoch Num: 038/100] => [Global Step: 0000/0127] => [Loss_all: 1.4722 Loss_sup: 1.0776 Loss_con: 0.3946]
[2026-08-12 12:50:37.677927] => [Epoch Num: 038/100] => [Global Step: 0010/0127] => [Loss_all: 1.3173 Loss_sup: 1.0008 Loss_con: 0.3165]
[2026-08-12 12:50:40.282899] => [Epoch Num: 038/100] => [Global Step: 0020/0127] => [Loss_all: 1.1493 Loss_sup: 0.8826 Loss_con: 0.2667]
[2026-08-12 12:50:42.822936] => [Epoch Num: 038/100] => [Global Step: 0030/0127] => [Loss_all: 1.3151 Loss_sup: 1.0489 Loss_con: 0.2662]
[2026-08-12 12:50:45.401533] => [Epoch Num: 038/100] => [Global Step: 0040/0127] => [Loss_all: 1.1706 Loss_sup: 0.9034 Loss_con: 0.2672]
[2026-08-12 12:50:47.973347] => [Epoch Num: 038/100] => [Global Step: 0050/0127] => [Loss_all: 1.3214 Loss_sup: 1.0761 Loss_con: 0.2452]
[2026-08-12 12:50:50.522494] => [Epoch Num: 038/100] => [Global Step: 0060/0127] => [Loss_all: 1.2613 Loss_sup: 0.9083 Loss_con: 0.3530]
[2026-08-12 12:50:53.070077] => [Epoch Num: 038/100] => [Global Step: 0070/0127] => [Loss_all: 1.1345 Loss_sup: 0.8602 Loss_con: 0.2742]
[2026-08-12 12:50:55.632943] => [Epoch Num: 038/100] => [Global Step: 0080/0127] => [Loss_all: 1.1813 Loss_sup: 0.9519 Loss_con: 0.2293]
[2026-08-12 12:50:58.210902] => [Epoch Num: 038/100] => [Global Step: 0090/0127] => [Loss_all: 1.4322 Loss_sup: 1.0275 Loss_con: 0.4047]
[2026-08-12 12:51:00.787618] => [Epoch Num: 038/100] => [Global Step: 0100/0127] => [Loss_all: 1.2299 Loss_sup: 0.8618 Loss_con: 0.3681]
[2026-08-12 12:51:03.319684] => [Epoch Num: 038/100] => [Global Step: 0110/0127] => [Loss_all: 1.3511 Loss_sup: 1.0695 Loss_con: 0.2816]
[2026-08-12 12:51:05.846829] => [Epoch Num: 038/100] => [Global Step: 0120/0127] => [Loss_all: 1.1846 Loss_sup: 0.8570 Loss_con: 0.3276]
Epoch: 38, MAE: 0.21286754310131073, bestteaMAE: 0.2110145539045334, bestEpoch: 35.
[2026-08-12 12:51:13.635107] => [Epoch Num: 039/100] => [Global Step: 0000/0127] => [Loss_all: 1.3313 Loss_sup: 1.0365 Loss_con: 0.2949]
[2026-08-12 12:51:16.199544] => [Epoch Num: 039/100] => [Global Step: 0010/0127] => [Loss_all: 1.2467 Loss_sup: 0.9969 Loss_con: 0.2498]
[2026-08-12 12:51:18.763621] => [Epoch Num: 039/100] => [Global Step: 0020/0127] => [Loss_all: 1.1322 Loss_sup: 0.8795 Loss_con: 0.2526]
[2026-08-12 12:51:21.311563] => [Epoch Num: 039/100] => [Global Step: 0030/0127] => [Loss_all: 1.0384 Loss_sup: 0.8244 Loss_con: 0.2140]
[2026-08-12 12:51:23.897485] => [Epoch Num: 039/100] => [Global Step: 0040/0127] => [Loss_all: 1.2135 Loss_sup: 0.9134 Loss_con: 0.3001]
[2026-08-12 12:51:26.454038] => [Epoch Num: 039/100] => [Global Step: 0050/0127] => [Loss_all: 1.2308 Loss_sup: 0.9784 Loss_con: 0.2523]
[2026-08-12 12:51:29.002582] => [Epoch Num: 039/100] => [Global Step: 0060/0127] => [Loss_all: 1.2394 Loss_sup: 0.9025 Loss_con: 0.3369]
[2026-08-12 12:51:31.568504] => [Epoch Num: 039/100] => [Global Step: 0070/0127] => [Loss_all: 1.2314 Loss_sup: 1.0003 Loss_con: 0.2312]
[2026-08-12 12:51:34.134214] => [Epoch Num: 039/100] => [Global Step: 0080/0127] => [Loss_all: 1.2206 Loss_sup: 0.9631 Loss_con: 0.2575]
[2026-08-12 12:51:36.689982] => [Epoch Num: 039/100] => [Global Step: 0090/0127] => [Loss_all: 1.2682 Loss_sup: 0.9946 Loss_con: 0.2736]
[2026-08-12 12:51:39.245136] => [Epoch Num: 039/100] => [Global Step: 0100/0127] => [Loss_all: 1.1157 Loss_sup: 0.8919 Loss_con: 0.2238]
[2026-08-12 12:51:41.955718] => [Epoch Num: 039/100] => [Global Step: 0110/0127] => [Loss_all: 1.1249 Loss_sup: 0.8851 Loss_con: 0.2398]
[2026-08-12 12:51:44.472325] => [Epoch Num: 039/100] => [Global Step: 0120/0127] => [Loss_all: 1.2605 Loss_sup: 1.0075 Loss_con: 0.2530]
Epoch: 39, MAE: 0.21498306095600128, bestteaMAE: 0.2110145539045334, bestEpoch: 35.
[2026-08-12 12:51:52.479700] => [Epoch Num: 040/100] => [Global Step: 0000/0127] => [Loss_all: 1.1066 Loss_sup: 0.8694 Loss_con: 0.2372]
[2026-08-12 12:51:55.053890] => [Epoch Num: 040/100] => [Global Step: 0010/0127] => [Loss_all: 1.1593 Loss_sup: 0.8425 Loss_con: 0.3168]
[2026-08-12 12:51:57.601365] => [Epoch Num: 040/100] => [Global Step: 0020/0127] => [Loss_all: 1.0645 Loss_sup: 0.7852 Loss_con: 0.2793]
[2026-08-12 12:52:00.142693] => [Epoch Num: 040/100] => [Global Step: 0030/0127] => [Loss_all: 1.1019 Loss_sup: 0.8731 Loss_con: 0.2288]
[2026-08-12 12:52:02.678697] => [Epoch Num: 040/100] => [Global Step: 0040/0127] => [Loss_all: 1.0803 Loss_sup: 0.8224 Loss_con: 0.2578]
[2026-08-12 12:52:05.229119] => [Epoch Num: 040/100] => [Global Step: 0050/0127] => [Loss_all: 1.0438 Loss_sup: 0.8247 Loss_con: 0.2191]
[2026-08-12 12:52:07.819461] => [Epoch Num: 040/100] => [Global Step: 0060/0127] => [Loss_all: 1.2194 Loss_sup: 0.9561 Loss_con: 0.2633]
[2026-08-12 12:52:10.358858] => [Epoch Num: 040/100] => [Global Step: 0070/0127] => [Loss_all: 1.0456 Loss_sup: 0.7834 Loss_con: 0.2622]
[2026-08-12 12:52:12.914785] => [Epoch Num: 040/100] => [Global Step: 0080/0127] => [Loss_all: 1.0478 Loss_sup: 0.8112 Loss_con: 0.2367]
[2026-08-12 12:52:15.442921] => [Epoch Num: 040/100] => [Global Step: 0090/0127] => [Loss_all: 1.1325 Loss_sup: 0.8624 Loss_con: 0.2701]
[2026-08-12 12:52:18.001311] => [Epoch Num: 040/100] => [Global Step: 0100/0127] => [Loss_all: 1.3559 Loss_sup: 1.0011 Loss_con: 0.3549]
[2026-08-12 12:52:20.540826] => [Epoch Num: 040/100] => [Global Step: 0110/0127] => [Loss_all: 1.2102 Loss_sup: 0.9234 Loss_con: 0.2868]
[2026-08-12 12:52:23.076098] => [Epoch Num: 040/100] => [Global Step: 0120/0127] => [Loss_all: 0.9859 Loss_sup: 0.7867 Loss_con: 0.1992]
Epoch: 40, MAE: 0.21303071081638336, bestteaMAE: 0.2110145539045334, bestEpoch: 35.
[2026-08-12 12:52:30.859221] => [Epoch Num: 041/100] => [Global Step: 0000/0127] => [Loss_all: 1.2004 Loss_sup: 0.8987 Loss_con: 0.3016]
[2026-08-12 12:52:33.438172] => [Epoch Num: 041/100] => [Global Step: 0010/0127] => [Loss_all: 1.2752 Loss_sup: 0.9606 Loss_con: 0.3145]
[2026-08-12 12:52:35.991722] => [Epoch Num: 041/100] => [Global Step: 0020/0127] => [Loss_all: 1.1905 Loss_sup: 0.9427 Loss_con: 0.2477]
[2026-08-12 12:52:38.520332] => [Epoch Num: 041/100] => [Global Step: 0030/0127] => [Loss_all: 1.0235 Loss_sup: 0.8181 Loss_con: 0.2055]
[2026-08-12 12:52:41.079506] => [Epoch Num: 041/100] => [Global Step: 0040/0127] => [Loss_all: 1.3267 Loss_sup: 0.9034 Loss_con: 0.4233]
[2026-08-12 12:52:43.668647] => [Epoch Num: 041/100] => [Global Step: 0050/0127] => [Loss_all: 1.1645 Loss_sup: 0.9380 Loss_con: 0.2265]
[2026-08-12 12:52:46.237486] => [Epoch Num: 041/100] => [Global Step: 0060/0127] => [Loss_all: 1.3491 Loss_sup: 1.0587 Loss_con: 0.2904]
[2026-08-12 12:52:48.807728] => [Epoch Num: 041/100] => [Global Step: 0070/0127] => [Loss_all: 1.1143 Loss_sup: 0.8757 Loss_con: 0.2386]
[2026-08-12 12:52:51.370007] => [Epoch Num: 041/100] => [Global Step: 0080/0127] => [Loss_all: 1.0765 Loss_sup: 0.8519 Loss_con: 0.2246]
[2026-08-12 12:52:53.902873] => [Epoch Num: 041/100] => [Global Step: 0090/0127] => [Loss_all: 1.1766 Loss_sup: 0.9178 Loss_con: 0.2588]
[2026-08-12 12:52:56.469133] => [Epoch Num: 041/100] => [Global Step: 0100/0127] => [Loss_all: 1.0689 Loss_sup: 0.8043 Loss_con: 0.2646]
[2026-08-12 12:52:59.027030] => [Epoch Num: 041/100] => [Global Step: 0110/0127] => [Loss_all: 1.0522 Loss_sup: 0.8129 Loss_con: 0.2392]
[2026-08-12 12:53:01.552782] => [Epoch Num: 041/100] => [Global Step: 0120/0127] => [Loss_all: 1.1277 Loss_sup: 0.9070 Loss_con: 0.2207]
Epoch: 41, MAE: 0.21076539158821106, bestteaMAE: 0.2110145539045334, bestEpoch: 35.
Save state_dict successfully! Best epoch:41.
[2026-08-12 12:53:09.560449] => [Epoch Num: 042/100] => [Global Step: 0000/0127] => [Loss_all: 1.0715 Loss_sup: 0.8323 Loss_con: 0.2391]
[2026-08-12 12:53:12.129021] => [Epoch Num: 042/100] => [Global Step: 0010/0127] => [Loss_all: 1.1960 Loss_sup: 0.9077 Loss_con: 0.2883]
[2026-08-12 12:53:14.690928] => [Epoch Num: 042/100] => [Global Step: 0020/0127] => [Loss_all: 1.2107 Loss_sup: 0.8752 Loss_con: 0.3355]
[2026-08-12 12:53:17.238794] => [Epoch Num: 042/100] => [Global Step: 0030/0127] => [Loss_all: 1.4820 Loss_sup: 1.0294 Loss_con: 0.4526]
[2026-08-12 12:53:19.814273] => [Epoch Num: 042/100] => [Global Step: 0040/0127] => [Loss_all: 1.3722 Loss_sup: 1.0492 Loss_con: 0.3230]
[2026-08-12 12:53:22.354217] => [Epoch Num: 042/100] => [Global Step: 0050/0127] => [Loss_all: 1.6052 Loss_sup: 1.2417 Loss_con: 0.3635]
[2026-08-12 12:53:24.892899] => [Epoch Num: 042/100] => [Global Step: 0060/0127] => [Loss_all: 1.5089 Loss_sup: 1.1885 Loss_con: 0.3204]
[2026-08-12 12:53:27.445065] => [Epoch Num: 042/100] => [Global Step: 0070/0127] => [Loss_all: 1.2963 Loss_sup: 1.0079 Loss_con: 0.2885]
[2026-08-12 12:53:29.987837] => [Epoch Num: 042/100] => [Global Step: 0080/0127] => [Loss_all: 1.4523 Loss_sup: 1.1920 Loss_con: 0.2602]
[2026-08-12 12:53:32.536046] => [Epoch Num: 042/100] => [Global Step: 0090/0127] => [Loss_all: 1.7499 Loss_sup: 1.3930 Loss_con: 0.3569]
[2026-08-12 12:53:35.088430] => [Epoch Num: 042/100] => [Global Step: 0100/0127] => [Loss_all: 1.4996 Loss_sup: 1.1823 Loss_con: 0.3173]
[2026-08-12 12:53:37.661746] => [Epoch Num: 042/100] => [Global Step: 0110/0127] => [Loss_all: 1.4165 Loss_sup: 1.1231 Loss_con: 0.2934]
[2026-08-12 12:53:40.185494] => [Epoch Num: 042/100] => [Global Step: 0120/0127] => [Loss_all: 1.4638 Loss_sup: 1.0647 Loss_con: 0.3991]
Epoch: 42, MAE: 0.21081268787384033, bestteaMAE: 0.21076539158821106, bestEpoch: 41.
[2026-08-12 12:53:47.919166] => [Epoch Num: 043/100] => [Global Step: 0000/0127] => [Loss_all: 1.3232 Loss_sup: 1.0477 Loss_con: 0.2755]
[2026-08-12 12:53:50.462120] => [Epoch Num: 043/100] => [Global Step: 0010/0127] => [Loss_all: 1.3906 Loss_sup: 1.1572 Loss_con: 0.2334]
[2026-08-12 12:53:53.001599] => [Epoch Num: 043/100] => [Global Step: 0020/0127] => [Loss_all: 1.4316 Loss_sup: 1.0902 Loss_con: 0.3413]
[2026-08-12 12:53:55.552103] => [Epoch Num: 043/100] => [Global Step: 0030/0127] => [Loss_all: 1.2245 Loss_sup: 0.9799 Loss_con: 0.2446]
[2026-08-12 12:53:58.095643] => [Epoch Num: 043/100] => [Global Step: 0040/0127] => [Loss_all: 1.4540 Loss_sup: 1.1069 Loss_con: 0.3471]
[2026-08-12 12:54:00.665142] => [Epoch Num: 043/100] => [Global Step: 0050/0127] => [Loss_all: 1.1964 Loss_sup: 0.9387 Loss_con: 0.2577]
[2026-08-12 12:54:03.215505] => [Epoch Num: 043/100] => [Global Step: 0060/0127] => [Loss_all: 1.3251 Loss_sup: 1.0803 Loss_con: 0.2449]
[2026-08-12 12:54:05.750253] => [Epoch Num: 043/100] => [Global Step: 0070/0127] => [Loss_all: 1.2368 Loss_sup: 0.9705 Loss_con: 0.2663]
[2026-08-12 12:54:08.494332] => [Epoch Num: 043/100] => [Global Step: 0080/0127] => [Loss_all: 1.2584 Loss_sup: 0.9863 Loss_con: 0.2721]
[2026-08-12 12:54:11.057332] => [Epoch Num: 043/100] => [Global Step: 0090/0127] => [Loss_all: 1.3802 Loss_sup: 0.9226 Loss_con: 0.4575]
[2026-08-12 12:54:13.600133] => [Epoch Num: 043/100] => [Global Step: 0100/0127] => [Loss_all: 1.1533 Loss_sup: 0.9028 Loss_con: 0.2505]
[2026-08-12 12:54:16.165385] => [Epoch Num: 043/100] => [Global Step: 0110/0127] => [Loss_all: 1.1089 Loss_sup: 0.8352 Loss_con: 0.2737]
[2026-08-12 12:54:18.693793] => [Epoch Num: 043/100] => [Global Step: 0120/0127] => [Loss_all: 1.1857 Loss_sup: 0.9641 Loss_con: 0.2216]
Epoch: 43, MAE: 0.2115282118320465, bestteaMAE: 0.21076539158821106, bestEpoch: 41.
[2026-08-12 12:54:26.265987] => [Epoch Num: 044/100] => [Global Step: 0000/0127] => [Loss_all: 1.3492 Loss_sup: 1.0539 Loss_con: 0.2953]
[2026-08-12 12:54:28.797472] => [Epoch Num: 044/100] => [Global Step: 0010/0127] => [Loss_all: 1.3520 Loss_sup: 1.0671 Loss_con: 0.2849]
[2026-08-12 12:54:31.347259] => [Epoch Num: 044/100] => [Global Step: 0020/0127] => [Loss_all: 1.7308 Loss_sup: 1.3111 Loss_con: 0.4197]
[2026-08-12 12:54:33.895215] => [Epoch Num: 044/100] => [Global Step: 0030/0127] => [Loss_all: 1.4492 Loss_sup: 1.1547 Loss_con: 0.2945]
[2026-08-12 12:54:36.443198] => [Epoch Num: 044/100] => [Global Step: 0040/0127] => [Loss_all: 1.2478 Loss_sup: 0.9513 Loss_con: 0.2965]
[2026-08-12 12:54:38.988020] => [Epoch Num: 044/100] => [Global Step: 0050/0127] => [Loss_all: 1.3130 Loss_sup: 1.0625 Loss_con: 0.2504]
[2026-08-12 12:54:41.538303] => [Epoch Num: 044/100] => [Global Step: 0060/0127] => [Loss_all: 1.1948 Loss_sup: 0.9080 Loss_con: 0.2869]
[2026-08-12 12:54:44.081543] => [Epoch Num: 044/100] => [Global Step: 0070/0127] => [Loss_all: 1.2691 Loss_sup: 1.0141 Loss_con: 0.2550]
[2026-08-12 12:54:46.629822] => [Epoch Num: 044/100] => [Global Step: 0080/0127] => [Loss_all: 1.2849 Loss_sup: 0.9675 Loss_con: 0.3174]
[2026-08-12 12:54:49.180593] => [Epoch Num: 044/100] => [Global Step: 0090/0127] => [Loss_all: 1.1005 Loss_sup: 0.8626 Loss_con: 0.2379]
[2026-08-12 12:54:51.755418] => [Epoch Num: 044/100] => [Global Step: 0100/0127] => [Loss_all: 1.4598 Loss_sup: 1.1671 Loss_con: 0.2927]
[2026-08-12 12:54:54.316346] => [Epoch Num: 044/100] => [Global Step: 0110/0127] => [Loss_all: 1.2087 Loss_sup: 0.9810 Loss_con: 0.2277]
[2026-08-12 12:54:56.848408] => [Epoch Num: 044/100] => [Global Step: 0120/0127] => [Loss_all: 1.3468 Loss_sup: 1.0032 Loss_con: 0.3435]
Epoch: 44, MAE: 0.20961369574069977, bestteaMAE: 0.21076539158821106, bestEpoch: 41.
Save state_dict successfully! Best epoch:44.
[2026-08-12 12:55:04.555526] => [Epoch Num: 045/100] => [Global Step: 0000/0127] => [Loss_all: 1.2703 Loss_sup: 1.0109 Loss_con: 0.2594]
[2026-08-12 12:55:07.103853] => [Epoch Num: 045/100] => [Global Step: 0010/0127] => [Loss_all: 1.2564 Loss_sup: 0.9913 Loss_con: 0.2651]
[2026-08-12 12:55:09.673564] => [Epoch Num: 045/100] => [Global Step: 0020/0127] => [Loss_all: 1.2203 Loss_sup: 0.9576 Loss_con: 0.2628]
[2026-08-12 12:55:12.220810] => [Epoch Num: 045/100] => [Global Step: 0030/0127] => [Loss_all: 1.3235 Loss_sup: 1.0459 Loss_con: 0.2776]
[2026-08-12 12:55:14.797651] => [Epoch Num: 045/100] => [Global Step: 0040/0127] => [Loss_all: 1.3340 Loss_sup: 1.0589 Loss_con: 0.2751]
[2026-08-12 12:55:17.342162] => [Epoch Num: 045/100] => [Global Step: 0050/0127] => [Loss_all: 1.2037 Loss_sup: 0.9198 Loss_con: 0.2839]
[2026-08-12 12:55:19.900678] => [Epoch Num: 045/100] => [Global Step: 0060/0127] => [Loss_all: 1.1611 Loss_sup: 0.8922 Loss_con: 0.2689]
[2026-08-12 12:55:22.459318] => [Epoch Num: 045/100] => [Global Step: 0070/0127] => [Loss_all: 1.2808 Loss_sup: 1.0169 Loss_con: 0.2639]
[2026-08-12 12:55:25.003763] => [Epoch Num: 045/100] => [Global Step: 0080/0127] => [Loss_all: 1.2238 Loss_sup: 0.9524 Loss_con: 0.2714]
[2026-08-12 12:55:27.536562] => [Epoch Num: 045/100] => [Global Step: 0090/0127] => [Loss_all: 1.1127 Loss_sup: 0.8802 Loss_con: 0.2325]
[2026-08-12 12:55:30.072443] => [Epoch Num: 045/100] => [Global Step: 0100/0127] => [Loss_all: 1.0676 Loss_sup: 0.8241 Loss_con: 0.2435]
[2026-08-12 12:55:32.620490] => [Epoch Num: 045/100] => [Global Step: 0110/0127] => [Loss_all: 1.1614 Loss_sup: 0.9071 Loss_con: 0.2543]
[2026-08-12 12:55:35.157846] => [Epoch Num: 045/100] => [Global Step: 0120/0127] => [Loss_all: 1.2418 Loss_sup: 0.9970 Loss_con: 0.2448]
Epoch: 45, MAE: 0.2096695601940155, bestteaMAE: 0.20961369574069977, bestEpoch: 44.
[2026-08-12 12:55:42.975717] => [Epoch Num: 046/100] => [Global Step: 0000/0127] => [Loss_all: 1.2476 Loss_sup: 1.0187 Loss_con: 0.2289]
[2026-08-12 12:55:45.548847] => [Epoch Num: 046/100] => [Global Step: 0010/0127] => [Loss_all: 1.1732 Loss_sup: 0.9194 Loss_con: 0.2538]
[2026-08-12 12:55:48.115443] => [Epoch Num: 046/100] => [Global Step: 0020/0127] => [Loss_all: 1.0444 Loss_sup: 0.7738 Loss_con: 0.2706]
[2026-08-12 12:55:50.659026] => [Epoch Num: 046/100] => [Global Step: 0030/0127] => [Loss_all: 1.2409 Loss_sup: 0.9729 Loss_con: 0.2680]
[2026-08-12 12:55:53.221191] => [Epoch Num: 046/100] => [Global Step: 0040/0127] => [Loss_all: 1.1470 Loss_sup: 0.8926 Loss_con: 0.2544]
[2026-08-12 12:55:55.769456] => [Epoch Num: 046/100] => [Global Step: 0050/0127] => [Loss_all: 1.0468 Loss_sup: 0.7999 Loss_con: 0.2469]
[2026-08-12 12:55:58.321225] => [Epoch Num: 046/100] => [Global Step: 0060/0127] => [Loss_all: 1.0975 Loss_sup: 0.8658 Loss_con: 0.2317]
[2026-08-12 12:56:00.886201] => [Epoch Num: 046/100] => [Global Step: 0070/0127] => [Loss_all: 1.1249 Loss_sup: 0.9470 Loss_con: 0.1780]
[2026-08-12 12:56:03.430841] => [Epoch Num: 046/100] => [Global Step: 0080/0127] => [Loss_all: 1.0593 Loss_sup: 0.8613 Loss_con: 0.1981]
[2026-08-12 12:56:06.014890] => [Epoch Num: 046/100] => [Global Step: 0090/0127] => [Loss_all: 1.2121 Loss_sup: 0.9612 Loss_con: 0.2509]
[2026-08-12 12:56:08.564550] => [Epoch Num: 046/100] => [Global Step: 0100/0127] => [Loss_all: 1.2432 Loss_sup: 0.9713 Loss_con: 0.2719]
[2026-08-12 12:56:11.115602] => [Epoch Num: 046/100] => [Global Step: 0110/0127] => [Loss_all: 1.0910 Loss_sup: 0.8564 Loss_con: 0.2346]
[2026-08-12 12:56:13.647558] => [Epoch Num: 046/100] => [Global Step: 0120/0127] => [Loss_all: 1.1839 Loss_sup: 0.9319 Loss_con: 0.2520]
Epoch: 46, MAE: 0.2087496817111969, bestteaMAE: 0.20961369574069977, bestEpoch: 44.
Save state_dict successfully! Best epoch:46.
[2026-08-12 12:56:21.703489] => [Epoch Num: 047/100] => [Global Step: 0000/0127] => [Loss_all: 1.0723 Loss_sup: 0.8244 Loss_con: 0.2479]
[2026-08-12 12:56:24.263655] => [Epoch Num: 047/100] => [Global Step: 0010/0127] => [Loss_all: 1.3236 Loss_sup: 0.9341 Loss_con: 0.3895]
[2026-08-12 12:56:26.811648] => [Epoch Num: 047/100] => [Global Step: 0020/0127] => [Loss_all: 1.1480 Loss_sup: 0.9284 Loss_con: 0.2195]
[2026-08-12 12:56:29.368108] => [Epoch Num: 047/100] => [Global Step: 0030/0127] => [Loss_all: 1.1124 Loss_sup: 0.7628 Loss_con: 0.3496]
[2026-08-12 12:56:31.917985] => [Epoch Num: 047/100] => [Global Step: 0040/0127] => [Loss_all: 1.0737 Loss_sup: 0.8243 Loss_con: 0.2493]
[2026-08-12 12:56:34.484634] => [Epoch Num: 047/100] => [Global Step: 0050/0127] => [Loss_all: 1.0824 Loss_sup: 0.8337 Loss_con: 0.2487]
[2026-08-12 12:56:37.037222] => [Epoch Num: 047/100] => [Global Step: 0060/0127] => [Loss_all: 1.0722 Loss_sup: 0.8337 Loss_con: 0.2385]
[2026-08-12 12:56:39.583721] => [Epoch Num: 047/100] => [Global Step: 0070/0127] => [Loss_all: 1.0586 Loss_sup: 0.8250 Loss_con: 0.2336]
[2026-08-12 12:56:42.144137] => [Epoch Num: 047/100] => [Global Step: 0080/0127] => [Loss_all: 1.0682 Loss_sup: 0.8043 Loss_con: 0.2639]
[2026-08-12 12:56:44.688842] => [Epoch Num: 047/100] => [Global Step: 0090/0127] => [Loss_all: 1.1427 Loss_sup: 0.8785 Loss_con: 0.2642]
[2026-08-12 12:56:47.259395] => [Epoch Num: 047/100] => [Global Step: 0100/0127] => [Loss_all: 1.0159 Loss_sup: 0.7787 Loss_con: 0.2373]
[2026-08-12 12:56:49.799570] => [Epoch Num: 047/100] => [Global Step: 0110/0127] => [Loss_all: 1.2940 Loss_sup: 0.9550 Loss_con: 0.3389]
[2026-08-12 12:56:52.337336] => [Epoch Num: 047/100] => [Global Step: 0120/0127] => [Loss_all: 1.0745 Loss_sup: 0.8188 Loss_con: 0.2557]
Epoch: 47, MAE: 0.20967531204223633, bestteaMAE: 0.2087496817111969, bestEpoch: 46.
[2026-08-12 12:57:00.326821] => [Epoch Num: 048/100] => [Global Step: 0000/0127] => [Loss_all: 1.0955 Loss_sup: 0.8516 Loss_con: 0.2439]
[2026-08-12 12:57:02.912911] => [Epoch Num: 048/100] => [Global Step: 0010/0127] => [Loss_all: 1.2760 Loss_sup: 0.9621 Loss_con: 0.3138]
[2026-08-12 12:57:05.456829] => [Epoch Num: 048/100] => [Global Step: 0020/0127] => [Loss_all: 1.0487 Loss_sup: 0.8250 Loss_con: 0.2237]
[2026-08-12 12:57:07.993670] => [Epoch Num: 048/100] => [Global Step: 0030/0127] => [Loss_all: 1.1533 Loss_sup: 0.8943 Loss_con: 0.2590]
[2026-08-12 12:57:10.528083] => [Epoch Num: 048/100] => [Global Step: 0040/0127] => [Loss_all: 1.2172 Loss_sup: 1.0015 Loss_con: 0.2158]
[2026-08-12 12:57:13.090393] => [Epoch Num: 048/100] => [Global Step: 0050/0127] => [Loss_all: 1.2745 Loss_sup: 0.9512 Loss_con: 0.3233]
[2026-08-12 12:57:15.629947] => [Epoch Num: 048/100] => [Global Step: 0060/0127] => [Loss_all: 1.1494 Loss_sup: 0.9009 Loss_con: 0.2485]
[2026-08-12 12:57:18.195963] => [Epoch Num: 048/100] => [Global Step: 0070/0127] => [Loss_all: 1.3317 Loss_sup: 1.1026 Loss_con: 0.2291]
[2026-08-12 12:57:20.738590] => [Epoch Num: 048/100] => [Global Step: 0080/0127] => [Loss_all: 1.3011 Loss_sup: 0.9477 Loss_con: 0.3535]
[2026-08-12 12:57:23.278153] => [Epoch Num: 048/100] => [Global Step: 0090/0127] => [Loss_all: 1.1631 Loss_sup: 0.9392 Loss_con: 0.2239]
[2026-08-12 12:57:25.829597] => [Epoch Num: 048/100] => [Global Step: 0100/0127] => [Loss_all: 1.1189 Loss_sup: 0.8655 Loss_con: 0.2534]
[2026-08-12 12:57:28.387740] => [Epoch Num: 048/100] => [Global Step: 0110/0127] => [Loss_all: 1.2796 Loss_sup: 0.9242 Loss_con: 0.3554]
[2026-08-12 12:57:30.916915] => [Epoch Num: 048/100] => [Global Step: 0120/0127] => [Loss_all: 1.1478 Loss_sup: 0.9678 Loss_con: 0.1800]
Epoch: 48, MAE: 0.20425808429718018, bestteaMAE: 0.2087496817111969, bestEpoch: 46.
Save state_dict successfully! Best epoch:48.
[2026-08-12 12:57:38.878118] => [Epoch Num: 049/100] => [Global Step: 0000/0127] => [Loss_all: 1.1186 Loss_sup: 0.8479 Loss_con: 0.2707]
[2026-08-12 12:57:41.429108] => [Epoch Num: 049/100] => [Global Step: 0010/0127] => [Loss_all: 1.2044 Loss_sup: 0.9643 Loss_con: 0.2401]
[2026-08-12 12:57:43.988317] => [Epoch Num: 049/100] => [Global Step: 0020/0127] => [Loss_all: 1.2757 Loss_sup: 0.9648 Loss_con: 0.3109]
[2026-08-12 12:57:46.527778] => [Epoch Num: 049/100] => [Global Step: 0030/0127] => [Loss_all: 1.0557 Loss_sup: 0.8175 Loss_con: 0.2382]
[2026-08-12 12:57:49.090190] => [Epoch Num: 049/100] => [Global Step: 0040/0127] => [Loss_all: 1.2330 Loss_sup: 0.9889 Loss_con: 0.2441]
[2026-08-12 12:57:51.659599] => [Epoch Num: 049/100] => [Global Step: 0050/0127] => [Loss_all: 1.1753 Loss_sup: 0.9475 Loss_con: 0.2278]
[2026-08-12 12:57:54.192004] => [Epoch Num: 049/100] => [Global Step: 0060/0127] => [Loss_all: 1.1492 Loss_sup: 0.8960 Loss_con: 0.2531]
[2026-08-12 12:57:56.731693] => [Epoch Num: 049/100] => [Global Step: 0070/0127] => [Loss_all: 1.1000 Loss_sup: 0.8665 Loss_con: 0.2334]
[2026-08-12 12:57:59.270632] => [Epoch Num: 049/100] => [Global Step: 0080/0127] => [Loss_all: 1.0926 Loss_sup: 0.8567 Loss_con: 0.2359]
[2026-08-12 12:58:01.810074] => [Epoch Num: 049/100] => [Global Step: 0090/0127] => [Loss_all: 1.2155 Loss_sup: 1.0056 Loss_con: 0.2098]
[2026-08-12 12:58:04.327370] => [Epoch Num: 049/100] => [Global Step: 0100/0127] => [Loss_all: 1.0011 Loss_sup: 0.7675 Loss_con: 0.2336]
[2026-08-12 12:58:06.883642] => [Epoch Num: 049/100] => [Global Step: 0110/0127] => [Loss_all: 1.1913 Loss_sup: 0.9810 Loss_con: 0.2104]
[2026-08-12 12:58:09.418311] => [Epoch Num: 049/100] => [Global Step: 0120/0127] => [Loss_all: 1.2961 Loss_sup: 1.0477 Loss_con: 0.2485]
Epoch: 49, MAE: 0.20850004255771637, bestteaMAE: 0.20425808429718018, bestEpoch: 48.
[2026-08-12 12:58:17.054946] => [Epoch Num: 050/100] => [Global Step: 0000/0127] => [Loss_all: 0.9781 Loss_sup: 0.7954 Loss_con: 0.1827]
[2026-08-12 12:58:19.624130] => [Epoch Num: 050/100] => [Global Step: 0010/0127] => [Loss_all: 1.0195 Loss_sup: 0.8063 Loss_con: 0.2132]
[2026-08-12 12:58:22.175144] => [Epoch Num: 050/100] => [Global Step: 0020/0127] => [Loss_all: 1.1429 Loss_sup: 0.8747 Loss_con: 0.2682]
[2026-08-12 12:58:24.721011] => [Epoch Num: 050/100] => [Global Step: 0030/0127] => [Loss_all: 1.0642 Loss_sup: 0.8593 Loss_con: 0.2050]
[2026-08-12 12:58:27.262509] => [Epoch Num: 050/100] => [Global Step: 0040/0127] => [Loss_all: 1.0506 Loss_sup: 0.7872 Loss_con: 0.2634]
[2026-08-12 12:58:29.960414] => [Epoch Num: 050/100] => [Global Step: 0050/0127] => [Loss_all: 1.0243 Loss_sup: 0.7996 Loss_con: 0.2248]
[2026-08-12 12:58:32.518445] => [Epoch Num: 050/100] => [Global Step: 0060/0127] => [Loss_all: 1.0852 Loss_sup: 0.8380 Loss_con: 0.2473]
[2026-08-12 12:58:35.079704] => [Epoch Num: 050/100] => [Global Step: 0070/0127] => [Loss_all: 0.9918 Loss_sup: 0.7716 Loss_con: 0.2202]
[2026-08-12 12:58:37.657335] => [Epoch Num: 050/100] => [Global Step: 0080/0127] => [Loss_all: 1.0086 Loss_sup: 0.7620 Loss_con: 0.2465]
[2026-08-12 12:58:40.228437] => [Epoch Num: 050/100] => [Global Step: 0090/0127] => [Loss_all: 1.1998 Loss_sup: 0.9692 Loss_con: 0.2306]
[2026-08-12 12:58:42.781687] => [Epoch Num: 050/100] => [Global Step: 0100/0127] => [Loss_all: 1.2485 Loss_sup: 1.0155 Loss_con: 0.2329]
[2026-08-12 12:58:45.338854] => [Epoch Num: 050/100] => [Global Step: 0110/0127] => [Loss_all: 1.0074 Loss_sup: 0.7158 Loss_con: 0.2916]
[2026-08-12 12:58:47.862593] => [Epoch Num: 050/100] => [Global Step: 0120/0127] => [Loss_all: 1.0437 Loss_sup: 0.8213 Loss_con: 0.2224]
Epoch: 50, MAE: 0.20499677956104279, bestteaMAE: 0.20425808429718018, bestEpoch: 48.
[2026-08-12 12:58:55.764140] => [Epoch Num: 051/100] => [Global Step: 0000/0127] => [Loss_all: 1.0820 Loss_sup: 0.8530 Loss_con: 0.2290]
[2026-08-12 12:58:58.333399] => [Epoch Num: 051/100] => [Global Step: 0010/0127] => [Loss_all: 0.9345 Loss_sup: 0.7220 Loss_con: 0.2125]
[2026-08-12 12:59:00.875693] => [Epoch Num: 051/100] => [Global Step: 0020/0127] => [Loss_all: 1.0234 Loss_sup: 0.8436 Loss_con: 0.1798]
[2026-08-12 12:59:03.432808] => [Epoch Num: 051/100] => [Global Step: 0030/0127] => [Loss_all: 1.1906 Loss_sup: 0.9218 Loss_con: 0.2688]
[2026-08-12 12:59:05.981299] => [Epoch Num: 051/100] => [Global Step: 0040/0127] => [Loss_all: 1.0579 Loss_sup: 0.8106 Loss_con: 0.2473]
[2026-08-12 12:59:08.523026] => [Epoch Num: 051/100] => [Global Step: 0050/0127] => [Loss_all: 0.9937 Loss_sup: 0.8074 Loss_con: 0.1863]
[2026-08-12 12:59:11.074376] => [Epoch Num: 051/100] => [Global Step: 0060/0127] => [Loss_all: 1.1182 Loss_sup: 0.8161 Loss_con: 0.3021]
[2026-08-12 12:59:13.671237] => [Epoch Num: 051/100] => [Global Step: 0070/0127] => [Loss_all: 1.1270 Loss_sup: 0.9073 Loss_con: 0.2197]
[2026-08-12 12:59:16.218293] => [Epoch Num: 051/100] => [Global Step: 0080/0127] => [Loss_all: 1.0485 Loss_sup: 0.8246 Loss_con: 0.2239]
[2026-08-12 12:59:18.773528] => [Epoch Num: 051/100] => [Global Step: 0090/0127] => [Loss_all: 1.0713 Loss_sup: 0.8364 Loss_con: 0.2350]
[2026-08-12 12:59:21.308235] => [Epoch Num: 051/100] => [Global Step: 0100/0127] => [Loss_all: 1.0997 Loss_sup: 0.8704 Loss_con: 0.2292]
[2026-08-12 12:59:23.876386] => [Epoch Num: 051/100] => [Global Step: 0110/0127] => [Loss_all: 1.0577 Loss_sup: 0.8434 Loss_con: 0.2143]
[2026-08-12 12:59:26.412074] => [Epoch Num: 051/100] => [Global Step: 0120/0127] => [Loss_all: 1.2023 Loss_sup: 0.9380 Loss_con: 0.2643]
Epoch: 51, MAE: 0.20183955132961273, bestteaMAE: 0.20425808429718018, bestEpoch: 48.
Save state_dict successfully! Best epoch:51.
[2026-08-12 12:59:34.028813] => [Epoch Num: 052/100] => [Global Step: 0000/0127] => [Loss_all: 1.2763 Loss_sup: 0.9837 Loss_con: 0.2926]
[2026-08-12 12:59:36.574385] => [Epoch Num: 052/100] => [Global Step: 0010/0127] => [Loss_all: 0.9983 Loss_sup: 0.7826 Loss_con: 0.2157]
[2026-08-12 12:59:39.102557] => [Epoch Num: 052/100] => [Global Step: 0020/0127] => [Loss_all: 1.1168 Loss_sup: 0.9061 Loss_con: 0.2107]
[2026-08-12 12:59:41.664554] => [Epoch Num: 052/100] => [Global Step: 0030/0127] => [Loss_all: 1.0471 Loss_sup: 0.8052 Loss_con: 0.2419]
[2026-08-12 12:59:44.186373] => [Epoch Num: 052/100] => [Global Step: 0040/0127] => [Loss_all: 1.1101 Loss_sup: 0.8644 Loss_con: 0.2456]
[2026-08-12 12:59:46.740502] => [Epoch Num: 052/100] => [Global Step: 0050/0127] => [Loss_all: 1.0839 Loss_sup: 0.8727 Loss_con: 0.2112]
[2026-08-12 12:59:49.299805] => [Epoch Num: 052/100] => [Global Step: 0060/0127] => [Loss_all: 1.1713 Loss_sup: 0.9478 Loss_con: 0.2235]
[2026-08-12 12:59:51.852528] => [Epoch Num: 052/100] => [Global Step: 0070/0127] => [Loss_all: 0.9082 Loss_sup: 0.7442 Loss_con: 0.1640]
[2026-08-12 12:59:54.412848] => [Epoch Num: 052/100] => [Global Step: 0080/0127] => [Loss_all: 1.0945 Loss_sup: 0.8719 Loss_con: 0.2226]
[2026-08-12 12:59:56.972066] => [Epoch Num: 052/100] => [Global Step: 0090/0127] => [Loss_all: 1.0396 Loss_sup: 0.8114 Loss_con: 0.2281]
[2026-08-12 12:59:59.542224] => [Epoch Num: 052/100] => [Global Step: 0100/0127] => [Loss_all: 1.0361 Loss_sup: 0.8298 Loss_con: 0.2062]
[2026-08-12 13:00:02.081591] => [Epoch Num: 052/100] => [Global Step: 0110/0127] => [Loss_all: 1.0022 Loss_sup: 0.7894 Loss_con: 0.2128]
[2026-08-12 13:00:04.638371] => [Epoch Num: 052/100] => [Global Step: 0120/0127] => [Loss_all: 1.0267 Loss_sup: 0.8224 Loss_con: 0.2043]
Epoch: 52, MAE: 0.2049185186624527, bestteaMAE: 0.20183955132961273, bestEpoch: 51.
[2026-08-12 13:00:12.495341] => [Epoch Num: 053/100] => [Global Step: 0000/0127] => [Loss_all: 1.1414 Loss_sup: 0.9360 Loss_con: 0.2053]
[2026-08-12 13:00:15.068705] => [Epoch Num: 053/100] => [Global Step: 0010/0127] => [Loss_all: 1.1642 Loss_sup: 0.9292 Loss_con: 0.2350]
[2026-08-12 13:00:17.613794] => [Epoch Num: 053/100] => [Global Step: 0020/0127] => [Loss_all: 1.0598 Loss_sup: 0.8464 Loss_con: 0.2135]
[2026-08-12 13:00:20.169224] => [Epoch Num: 053/100] => [Global Step: 0030/0127] => [Loss_all: 1.0928 Loss_sup: 0.7811 Loss_con: 0.3118]
[2026-08-12 13:00:22.724788] => [Epoch Num: 053/100] => [Global Step: 0040/0127] => [Loss_all: 1.1413 Loss_sup: 0.9311 Loss_con: 0.2102]
[2026-08-12 13:00:25.278259] => [Epoch Num: 053/100] => [Global Step: 0050/0127] => [Loss_all: 1.0079 Loss_sup: 0.7920 Loss_con: 0.2159]
[2026-08-12 13:00:27.847217] => [Epoch Num: 053/100] => [Global Step: 0060/0127] => [Loss_all: 1.0291 Loss_sup: 0.8113 Loss_con: 0.2178]
[2026-08-12 13:00:30.415265] => [Epoch Num: 053/100] => [Global Step: 0070/0127] => [Loss_all: 1.0254 Loss_sup: 0.7965 Loss_con: 0.2289]
[2026-08-12 13:00:32.954918] => [Epoch Num: 053/100] => [Global Step: 0080/0127] => [Loss_all: 1.1448 Loss_sup: 0.8907 Loss_con: 0.2542]
[2026-08-12 13:00:35.501257] => [Epoch Num: 053/100] => [Global Step: 0090/0127] => [Loss_all: 1.0303 Loss_sup: 0.8260 Loss_con: 0.2043]
[2026-08-12 13:00:38.046063] => [Epoch Num: 053/100] => [Global Step: 0100/0127] => [Loss_all: 1.1141 Loss_sup: 0.8949 Loss_con: 0.2192]
[2026-08-12 13:00:40.625376] => [Epoch Num: 053/100] => [Global Step: 0110/0127] => [Loss_all: 1.0270 Loss_sup: 0.8356 Loss_con: 0.1913]
[2026-08-12 13:00:43.284069] => [Epoch Num: 053/100] => [Global Step: 0120/0127] => [Loss_all: 1.1994 Loss_sup: 0.8622 Loss_con: 0.3371]
Epoch: 53, MAE: 0.2029384970664978, bestteaMAE: 0.20183955132961273, bestEpoch: 51.
[2026-08-12 13:00:50.947409] => [Epoch Num: 054/100] => [Global Step: 0000/0127] => [Loss_all: 1.0433 Loss_sup: 0.8515 Loss_con: 0.1918]
[2026-08-12 13:00:53.517819] => [Epoch Num: 054/100] => [Global Step: 0010/0127] => [Loss_all: 1.1161 Loss_sup: 0.9293 Loss_con: 0.1867]
[2026-08-12 13:00:56.054213] => [Epoch Num: 054/100] => [Global Step: 0020/0127] => [Loss_all: 1.1520 Loss_sup: 0.9071 Loss_con: 0.2449]
[2026-08-12 13:00:58.607186] => [Epoch Num: 054/100] => [Global Step: 0030/0127] => [Loss_all: 1.1123 Loss_sup: 0.7840 Loss_con: 0.3283]
[2026-08-12 13:01:01.156473] => [Epoch Num: 054/100] => [Global Step: 0040/0127] => [Loss_all: 1.0018 Loss_sup: 0.7638 Loss_con: 0.2380]
[2026-08-12 13:01:03.689544] => [Epoch Num: 054/100] => [Global Step: 0050/0127] => [Loss_all: 1.0607 Loss_sup: 0.8479 Loss_con: 0.2129]
[2026-08-12 13:01:06.217082] => [Epoch Num: 054/100] => [Global Step: 0060/0127] => [Loss_all: 1.0586 Loss_sup: 0.8599 Loss_con: 0.1987]
[2026-08-12 13:01:08.733280] => [Epoch Num: 054/100] => [Global Step: 0070/0127] => [Loss_all: 1.0818 Loss_sup: 0.8834 Loss_con: 0.1984]
[2026-08-12 13:01:11.285542] => [Epoch Num: 054/100] => [Global Step: 0080/0127] => [Loss_all: 1.1873 Loss_sup: 0.9783 Loss_con: 0.2091]
[2026-08-12 13:01:13.825027] => [Epoch Num: 054/100] => [Global Step: 0090/0127] => [Loss_all: 1.1534 Loss_sup: 0.9126 Loss_con: 0.2409]
[2026-08-12 13:01:16.369336] => [Epoch Num: 054/100] => [Global Step: 0100/0127] => [Loss_all: 1.1218 Loss_sup: 0.8744 Loss_con: 0.2474]
[2026-08-12 13:01:18.895840] => [Epoch Num: 054/100] => [Global Step: 0110/0127] => [Loss_all: 1.0944 Loss_sup: 0.8818 Loss_con: 0.2126]
[2026-08-12 13:01:21.422286] => [Epoch Num: 054/100] => [Global Step: 0120/0127] => [Loss_all: 0.9912 Loss_sup: 0.8166 Loss_con: 0.1746]
Epoch: 54, MAE: 0.20472007989883423, bestteaMAE: 0.20183955132961273, bestEpoch: 51.
[2026-08-12 13:01:29.166516] => [Epoch Num: 055/100] => [Global Step: 0000/0127] => [Loss_all: 1.0418 Loss_sup: 0.8220 Loss_con: 0.2198]
[2026-08-12 13:01:31.727729] => [Epoch Num: 055/100] => [Global Step: 0010/0127] => [Loss_all: 1.1171 Loss_sup: 0.8950 Loss_con: 0.2220]
[2026-08-12 13:01:34.289558] => [Epoch Num: 055/100] => [Global Step: 0020/0127] => [Loss_all: 1.0261 Loss_sup: 0.8745 Loss_con: 0.1516]
[2026-08-12 13:01:36.843273] => [Epoch Num: 055/100] => [Global Step: 0030/0127] => [Loss_all: 1.0852 Loss_sup: 0.8678 Loss_con: 0.2175]
[2026-08-12 13:01:39.399307] => [Epoch Num: 055/100] => [Global Step: 0040/0127] => [Loss_all: 1.1012 Loss_sup: 0.8842 Loss_con: 0.2169]
[2026-08-12 13:01:41.950016] => [Epoch Num: 055/100] => [Global Step: 0050/0127] => [Loss_all: 1.1089 Loss_sup: 0.9247 Loss_con: 0.1842]
[2026-08-12 13:01:44.498478] => [Epoch Num: 055/100] => [Global Step: 0060/0127] => [Loss_all: 1.0144 Loss_sup: 0.8289 Loss_con: 0.1855]
[2026-08-12 13:01:47.052818] => [Epoch Num: 055/100] => [Global Step: 0070/0127] => [Loss_all: 1.1861 Loss_sup: 0.8897 Loss_con: 0.2964]
[2026-08-12 13:01:49.605466] => [Epoch Num: 055/100] => [Global Step: 0080/0127] => [Loss_all: 1.1016 Loss_sup: 0.8042 Loss_con: 0.2974]
[2026-08-12 13:01:52.161568] => [Epoch Num: 055/100] => [Global Step: 0090/0127] => [Loss_all: 1.0572 Loss_sup: 0.8507 Loss_con: 0.2064]
[2026-08-12 13:01:54.728618] => [Epoch Num: 055/100] => [Global Step: 0100/0127] => [Loss_all: 1.2345 Loss_sup: 1.0411 Loss_con: 0.1934]
[2026-08-12 13:01:57.262486] => [Epoch Num: 055/100] => [Global Step: 0110/0127] => [Loss_all: 0.9794 Loss_sup: 0.7647 Loss_con: 0.2147]
[2026-08-12 13:01:59.790874] => [Epoch Num: 055/100] => [Global Step: 0120/0127] => [Loss_all: 0.9507 Loss_sup: 0.7400 Loss_con: 0.2107]
Epoch: 55, MAE: 0.2062961906194687, bestteaMAE: 0.20183955132961273, bestEpoch: 51.
[2026-08-12 13:02:07.330135] => [Epoch Num: 056/100] => [Global Step: 0000/0127] => [Loss_all: 1.0170 Loss_sup: 0.8074 Loss_con: 0.2096]
[2026-08-12 13:02:09.893011] => [Epoch Num: 056/100] => [Global Step: 0010/0127] => [Loss_all: 1.0926 Loss_sup: 0.9010 Loss_con: 0.1916]
[2026-08-12 13:02:12.459090] => [Epoch Num: 056/100] => [Global Step: 0020/0127] => [Loss_all: 0.9981 Loss_sup: 0.7969 Loss_con: 0.2012]
[2026-08-12 13:02:14.998023] => [Epoch Num: 056/100] => [Global Step: 0030/0127] => [Loss_all: 1.1086 Loss_sup: 0.8817 Loss_con: 0.2270]
[2026-08-12 13:02:17.547276] => [Epoch Num: 056/100] => [Global Step: 0040/0127] => [Loss_all: 1.1432 Loss_sup: 0.9343 Loss_con: 0.2089]
[2026-08-12 13:02:20.104413] => [Epoch Num: 056/100] => [Global Step: 0050/0127] => [Loss_all: 1.1031 Loss_sup: 0.8883 Loss_con: 0.2148]
[2026-08-12 13:02:22.654286] => [Epoch Num: 056/100] => [Global Step: 0060/0127] => [Loss_all: 1.0852 Loss_sup: 0.8859 Loss_con: 0.1993]
[2026-08-12 13:02:25.202799] => [Epoch Num: 056/100] => [Global Step: 0070/0127] => [Loss_all: 1.0025 Loss_sup: 0.7981 Loss_con: 0.2045]
[2026-08-12 13:02:27.761342] => [Epoch Num: 056/100] => [Global Step: 0080/0127] => [Loss_all: 1.0921 Loss_sup: 0.8944 Loss_con: 0.1977]
[2026-08-12 13:02:30.323742] => [Epoch Num: 056/100] => [Global Step: 0090/0127] => [Loss_all: 0.9912 Loss_sup: 0.7852 Loss_con: 0.2060]
[2026-08-12 13:02:32.875257] => [Epoch Num: 056/100] => [Global Step: 0100/0127] => [Loss_all: 1.0655 Loss_sup: 0.8530 Loss_con: 0.2126]
[2026-08-12 13:02:35.458989] => [Epoch Num: 056/100] => [Global Step: 0110/0127] => [Loss_all: 1.0149 Loss_sup: 0.7909 Loss_con: 0.2239]
[2026-08-12 13:02:37.991388] => [Epoch Num: 056/100] => [Global Step: 0120/0127] => [Loss_all: 1.1198 Loss_sup: 0.7703 Loss_con: 0.3494]
Epoch: 56, MAE: 0.20711912214756012, bestteaMAE: 0.20183955132961273, bestEpoch: 51.
[2026-08-12 13:02:45.718131] => [Epoch Num: 057/100] => [Global Step: 0000/0127] => [Loss_all: 0.9914 Loss_sup: 0.7931 Loss_con: 0.1983]
[2026-08-12 13:02:48.308015] => [Epoch Num: 057/100] => [Global Step: 0010/0127] => [Loss_all: 1.1769 Loss_sup: 0.9172 Loss_con: 0.2597]
[2026-08-12 13:02:50.843366] => [Epoch Num: 057/100] => [Global Step: 0020/0127] => [Loss_all: 0.9716 Loss_sup: 0.7817 Loss_con: 0.1899]
[2026-08-12 13:02:53.426116] => [Epoch Num: 057/100] => [Global Step: 0030/0127] => [Loss_all: 1.1466 Loss_sup: 0.9041 Loss_con: 0.2426]
[2026-08-12 13:02:55.984888] => [Epoch Num: 057/100] => [Global Step: 0040/0127] => [Loss_all: 1.3307 Loss_sup: 0.9668 Loss_con: 0.3639]
[2026-08-12 13:02:58.545864] => [Epoch Num: 057/100] => [Global Step: 0050/0127] => [Loss_all: 1.0615 Loss_sup: 0.8272 Loss_con: 0.2343]
[2026-08-12 13:03:01.087047] => [Epoch Num: 057/100] => [Global Step: 0060/0127] => [Loss_all: 1.0468 Loss_sup: 0.8430 Loss_con: 0.2038]
[2026-08-12 13:03:03.627902] => [Epoch Num: 057/100] => [Global Step: 0070/0127] => [Loss_all: 0.9999 Loss_sup: 0.7893 Loss_con: 0.2106]
[2026-08-12 13:03:06.193465] => [Epoch Num: 057/100] => [Global Step: 0080/0127] => [Loss_all: 1.2135 Loss_sup: 0.8558 Loss_con: 0.3577]
[2026-08-12 13:03:08.744254] => [Epoch Num: 057/100] => [Global Step: 0090/0127] => [Loss_all: 1.1418 Loss_sup: 0.9386 Loss_con: 0.2032]
[2026-08-12 13:03:11.340731] => [Epoch Num: 057/100] => [Global Step: 0100/0127] => [Loss_all: 1.1107 Loss_sup: 0.9045 Loss_con: 0.2063]
[2026-08-12 13:03:13.897054] => [Epoch Num: 057/100] => [Global Step: 0110/0127] => [Loss_all: 1.1076 Loss_sup: 0.7884 Loss_con: 0.3191]
[2026-08-12 13:03:16.428562] => [Epoch Num: 057/100] => [Global Step: 0120/0127] => [Loss_all: 1.0260 Loss_sup: 0.8144 Loss_con: 0.2116]
Epoch: 57, MAE: 0.20490843057632446, bestteaMAE: 0.20183955132961273, bestEpoch: 51.
[2026-08-12 13:03:24.433485] => [Epoch Num: 058/100] => [Global Step: 0000/0127] => [Loss_all: 1.0869 Loss_sup: 0.8670 Loss_con: 0.2198]
[2026-08-12 13:03:26.969049] => [Epoch Num: 058/100] => [Global Step: 0010/0127] => [Loss_all: 1.1377 Loss_sup: 0.8321 Loss_con: 0.3056]
[2026-08-12 13:03:29.549409] => [Epoch Num: 058/100] => [Global Step: 0020/0127] => [Loss_all: 1.1258 Loss_sup: 0.9037 Loss_con: 0.2221]
[2026-08-12 13:03:32.094256] => [Epoch Num: 058/100] => [Global Step: 0030/0127] => [Loss_all: 0.9687 Loss_sup: 0.7326 Loss_con: 0.2361]
[2026-08-12 13:03:34.688003] => [Epoch Num: 058/100] => [Global Step: 0040/0127] => [Loss_all: 1.1501 Loss_sup: 0.8701 Loss_con: 0.2800]
[2026-08-12 13:03:37.244343] => [Epoch Num: 058/100] => [Global Step: 0050/0127] => [Loss_all: 1.0445 Loss_sup: 0.8213 Loss_con: 0.2232]
[2026-08-12 13:03:39.812850] => [Epoch Num: 058/100] => [Global Step: 0060/0127] => [Loss_all: 1.0813 Loss_sup: 0.8719 Loss_con: 0.2094]
[2026-08-12 13:03:42.347431] => [Epoch Num: 058/100] => [Global Step: 0070/0127] => [Loss_all: 0.9584 Loss_sup: 0.7547 Loss_con: 0.2037]
[2026-08-12 13:03:44.900909] => [Epoch Num: 058/100] => [Global Step: 0080/0127] => [Loss_all: 1.1547 Loss_sup: 0.9492 Loss_con: 0.2055]
[2026-08-12 13:03:47.449720] => [Epoch Num: 058/100] => [Global Step: 0090/0127] => [Loss_all: 1.1896 Loss_sup: 0.9251 Loss_con: 0.2644]
[2026-08-12 13:03:49.999876] => [Epoch Num: 058/100] => [Global Step: 0100/0127] => [Loss_all: 1.0246 Loss_sup: 0.8316 Loss_con: 0.1930]
[2026-08-12 13:03:52.546852] => [Epoch Num: 058/100] => [Global Step: 0110/0127] => [Loss_all: 1.0173 Loss_sup: 0.8097 Loss_con: 0.2076]
[2026-08-12 13:03:55.059402] => [Epoch Num: 058/100] => [Global Step: 0120/0127] => [Loss_all: 1.0287 Loss_sup: 0.7965 Loss_con: 0.2322]
Epoch: 58, MAE: 0.2062954157590866, bestteaMAE: 0.20183955132961273, bestEpoch: 51.
[2026-08-12 13:04:02.788133] => [Epoch Num: 059/100] => [Global Step: 0000/0127] => [Loss_all: 1.1028 Loss_sup: 0.9093 Loss_con: 0.1934]
[2026-08-12 13:04:05.348664] => [Epoch Num: 059/100] => [Global Step: 0010/0127] => [Loss_all: 1.1201 Loss_sup: 0.9059 Loss_con: 0.2142]
[2026-08-12 13:04:07.889088] => [Epoch Num: 059/100] => [Global Step: 0020/0127] => [Loss_all: 1.0526 Loss_sup: 0.8305 Loss_con: 0.2221]
[2026-08-12 13:04:10.427503] => [Epoch Num: 059/100] => [Global Step: 0030/0127] => [Loss_all: 1.0043 Loss_sup: 0.8003 Loss_con: 0.2040]
[2026-08-12 13:04:12.995529] => [Epoch Num: 059/100] => [Global Step: 0040/0127] => [Loss_all: 1.0724 Loss_sup: 0.8574 Loss_con: 0.2150]
[2026-08-12 13:04:15.552059] => [Epoch Num: 059/100] => [Global Step: 0050/0127] => [Loss_all: 1.0266 Loss_sup: 0.8022 Loss_con: 0.2244]
[2026-08-12 13:04:18.117908] => [Epoch Num: 059/100] => [Global Step: 0060/0127] => [Loss_all: 1.1875 Loss_sup: 0.8831 Loss_con: 0.3044]
[2026-08-12 13:04:20.671552] => [Epoch Num: 059/100] => [Global Step: 0070/0127] => [Loss_all: 0.9239 Loss_sup: 0.7348 Loss_con: 0.1891]
[2026-08-12 13:04:23.209805] => [Epoch Num: 059/100] => [Global Step: 0080/0127] => [Loss_all: 1.0764 Loss_sup: 0.8097 Loss_con: 0.2668]
[2026-08-12 13:04:25.746921] => [Epoch Num: 059/100] => [Global Step: 0090/0127] => [Loss_all: 1.0010 Loss_sup: 0.7779 Loss_con: 0.2231]
[2026-08-12 13:04:28.313929] => [Epoch Num: 059/100] => [Global Step: 0100/0127] => [Loss_all: 0.9081 Loss_sup: 0.7032 Loss_con: 0.2049]
[2026-08-12 13:04:30.852982] => [Epoch Num: 059/100] => [Global Step: 0110/0127] => [Loss_all: 0.9871 Loss_sup: 0.7951 Loss_con: 0.1920]
[2026-08-12 13:04:33.384982] => [Epoch Num: 059/100] => [Global Step: 0120/0127] => [Loss_all: 1.1349 Loss_sup: 0.9184 Loss_con: 0.2164]
Epoch: 59, MAE: 0.20715868473052979, bestteaMAE: 0.20183955132961273, bestEpoch: 51.
[2026-08-12 13:04:41.403436] => [Epoch Num: 060/100] => [Global Step: 0000/0127] => [Loss_all: 1.0620 Loss_sup: 0.8201 Loss_con: 0.2420]
[2026-08-12 13:04:43.977322] => [Epoch Num: 060/100] => [Global Step: 0010/0127] => [Loss_all: 0.9782 Loss_sup: 0.7712 Loss_con: 0.2070]
[2026-08-12 13:04:46.523549] => [Epoch Num: 060/100] => [Global Step: 0020/0127] => [Loss_all: 1.1435 Loss_sup: 0.8544 Loss_con: 0.2892]
[2026-08-12 13:04:49.103663] => [Epoch Num: 060/100] => [Global Step: 0030/0127] => [Loss_all: 1.0692 Loss_sup: 0.8620 Loss_con: 0.2071]
[2026-08-12 13:04:51.663974] => [Epoch Num: 060/100] => [Global Step: 0040/0127] => [Loss_all: 1.1496 Loss_sup: 0.9243 Loss_con: 0.2253]
[2026-08-12 13:04:54.203680] => [Epoch Num: 060/100] => [Global Step: 0050/0127] => [Loss_all: 1.1205 Loss_sup: 0.8878 Loss_con: 0.2328]
[2026-08-12 13:04:56.758182] => [Epoch Num: 060/100] => [Global Step: 0060/0127] => [Loss_all: 1.1214 Loss_sup: 0.9172 Loss_con: 0.2041]
[2026-08-12 13:04:59.305729] => [Epoch Num: 060/100] => [Global Step: 0070/0127] => [Loss_all: 0.9828 Loss_sup: 0.7836 Loss_con: 0.1992]
[2026-08-12 13:05:01.870353] => [Epoch Num: 060/100] => [Global Step: 0080/0127] => [Loss_all: 1.0112 Loss_sup: 0.8102 Loss_con: 0.2010]
[2026-08-12 13:05:04.455417] => [Epoch Num: 060/100] => [Global Step: 0090/0127] => [Loss_all: 1.1035 Loss_sup: 0.8612 Loss_con: 0.2423]
[2026-08-12 13:05:07.014826] => [Epoch Num: 060/100] => [Global Step: 0100/0127] => [Loss_all: 1.1248 Loss_sup: 0.8950 Loss_con: 0.2297]
[2026-08-12 13:05:09.545773] => [Epoch Num: 060/100] => [Global Step: 0110/0127] => [Loss_all: 1.2519 Loss_sup: 0.9108 Loss_con: 0.3411]
[2026-08-12 13:05:12.073500] => [Epoch Num: 060/100] => [Global Step: 0120/0127] => [Loss_all: 1.0491 Loss_sup: 0.8162 Loss_con: 0.2329]
Epoch: 60, MAE: 0.20216764509677887, bestteaMAE: 0.20183955132961273, bestEpoch: 51.
[2026-08-12 13:05:19.781427] => [Epoch Num: 061/100] => [Global Step: 0000/0127] => [Loss_all: 1.1160 Loss_sup: 0.8844 Loss_con: 0.2315]
[2026-08-12 13:05:22.351733] => [Epoch Num: 061/100] => [Global Step: 0010/0127] => [Loss_all: 1.1062 Loss_sup: 0.8883 Loss_con: 0.2179]
[2026-08-12 13:05:24.924522] => [Epoch Num: 061/100] => [Global Step: 0020/0127] => [Loss_all: 1.0862 Loss_sup: 0.8467 Loss_con: 0.2396]
[2026-08-12 13:05:27.488249] => [Epoch Num: 061/100] => [Global Step: 0030/0127] => [Loss_all: 1.0071 Loss_sup: 0.8234 Loss_con: 0.1838]
[2026-08-12 13:05:30.062677] => [Epoch Num: 061/100] => [Global Step: 0040/0127] => [Loss_all: 1.1088 Loss_sup: 0.8976 Loss_con: 0.2111]
[2026-08-12 13:05:32.634535] => [Epoch Num: 061/100] => [Global Step: 0050/0127] => [Loss_all: 1.0365 Loss_sup: 0.7977 Loss_con: 0.2389]
[2026-08-12 13:05:35.176570] => [Epoch Num: 061/100] => [Global Step: 0060/0127] => [Loss_all: 1.0203 Loss_sup: 0.8075 Loss_con: 0.2128]
[2026-08-12 13:05:37.746264] => [Epoch Num: 061/100] => [Global Step: 0070/0127] => [Loss_all: 0.9847 Loss_sup: 0.7749 Loss_con: 0.2099]
[2026-08-12 13:05:40.313083] => [Epoch Num: 061/100] => [Global Step: 0080/0127] => [Loss_all: 1.1620 Loss_sup: 0.9774 Loss_con: 0.1847]
[2026-08-12 13:05:42.880393] => [Epoch Num: 061/100] => [Global Step: 0090/0127] => [Loss_all: 1.0360 Loss_sup: 0.8311 Loss_con: 0.2048]
[2026-08-12 13:05:45.589298] => [Epoch Num: 061/100] => [Global Step: 0100/0127] => [Loss_all: 0.9359 Loss_sup: 0.7318 Loss_con: 0.2041]
[2026-08-12 13:05:48.161664] => [Epoch Num: 061/100] => [Global Step: 0110/0127] => [Loss_all: 1.1610 Loss_sup: 0.9688 Loss_con: 0.1922]
[2026-08-12 13:05:50.695057] => [Epoch Num: 061/100] => [Global Step: 0120/0127] => [Loss_all: 1.0703 Loss_sup: 0.8613 Loss_con: 0.2090]
Epoch: 61, MAE: 0.20788124203681946, bestteaMAE: 0.20183955132961273, bestEpoch: 51.
[2026-08-12 13:05:58.290616] => [Epoch Num: 062/100] => [Global Step: 0000/0127] => [Loss_all: 1.0856 Loss_sup: 0.8713 Loss_con: 0.2143]
[2026-08-12 13:06:00.860295] => [Epoch Num: 062/100] => [Global Step: 0010/0127] => [Loss_all: 1.0111 Loss_sup: 0.7918 Loss_con: 0.2193]
[2026-08-12 13:06:03.443186] => [Epoch Num: 062/100] => [Global Step: 0020/0127] => [Loss_all: 1.0464 Loss_sup: 0.8231 Loss_con: 0.2233]
[2026-08-12 13:06:06.022861] => [Epoch Num: 062/100] => [Global Step: 0030/0127] => [Loss_all: 1.0892 Loss_sup: 0.8354 Loss_con: 0.2538]
[2026-08-12 13:06:08.578718] => [Epoch Num: 062/100] => [Global Step: 0040/0127] => [Loss_all: 1.0118 Loss_sup: 0.7818 Loss_con: 0.2300]
[2026-08-12 13:06:11.120220] => [Epoch Num: 062/100] => [Global Step: 0050/0127] => [Loss_all: 1.0356 Loss_sup: 0.8129 Loss_con: 0.2226]
[2026-08-12 13:06:13.667885] => [Epoch Num: 062/100] => [Global Step: 0060/0127] => [Loss_all: 1.1525 Loss_sup: 0.9152 Loss_con: 0.2373]
[2026-08-12 13:06:16.241883] => [Epoch Num: 062/100] => [Global Step: 0070/0127] => [Loss_all: 1.0532 Loss_sup: 0.8290 Loss_con: 0.2242]
[2026-08-12 13:06:18.791678] => [Epoch Num: 062/100] => [Global Step: 0080/0127] => [Loss_all: 1.0494 Loss_sup: 0.8181 Loss_con: 0.2312]
[2026-08-12 13:06:21.351769] => [Epoch Num: 062/100] => [Global Step: 0090/0127] => [Loss_all: 1.2206 Loss_sup: 1.0175 Loss_con: 0.2031]
[2026-08-12 13:06:23.910549] => [Epoch Num: 062/100] => [Global Step: 0100/0127] => [Loss_all: 1.1902 Loss_sup: 0.9651 Loss_con: 0.2251]
[2026-08-12 13:06:26.455284] => [Epoch Num: 062/100] => [Global Step: 0110/0127] => [Loss_all: 1.1020 Loss_sup: 0.7644 Loss_con: 0.3376]
[2026-08-12 13:06:29.004768] => [Epoch Num: 062/100] => [Global Step: 0120/0127] => [Loss_all: 1.1289 Loss_sup: 0.7951 Loss_con: 0.3338]
Epoch: 62, MAE: 0.2074282318353653, bestteaMAE: 0.20183955132961273, bestEpoch: 51.
[2026-08-12 13:06:36.777359] => [Epoch Num: 063/100] => [Global Step: 0000/0127] => [Loss_all: 1.0013 Loss_sup: 0.8115 Loss_con: 0.1899]
[2026-08-12 13:06:39.349552] => [Epoch Num: 063/100] => [Global Step: 0010/0127] => [Loss_all: 0.9144 Loss_sup: 0.6930 Loss_con: 0.2214]
[2026-08-12 13:06:41.882830] => [Epoch Num: 063/100] => [Global Step: 0020/0127] => [Loss_all: 1.0752 Loss_sup: 0.8406 Loss_con: 0.2346]
[2026-08-12 13:06:44.402199] => [Epoch Num: 063/100] => [Global Step: 0030/0127] => [Loss_all: 1.0152 Loss_sup: 0.7967 Loss_con: 0.2185]
[2026-08-12 13:06:46.947035] => [Epoch Num: 063/100] => [Global Step: 0040/0127] => [Loss_all: 1.0506 Loss_sup: 0.8568 Loss_con: 0.1937]
[2026-08-12 13:06:49.515927] => [Epoch Num: 063/100] => [Global Step: 0050/0127] => [Loss_all: 1.2556 Loss_sup: 0.9017 Loss_con: 0.3539]
[2026-08-12 13:06:52.071362] => [Epoch Num: 063/100] => [Global Step: 0060/0127] => [Loss_all: 1.0159 Loss_sup: 0.8171 Loss_con: 0.1987]
[2026-08-12 13:06:54.643649] => [Epoch Num: 063/100] => [Global Step: 0070/0127] => [Loss_all: 1.0727 Loss_sup: 0.8706 Loss_con: 0.2022]
[2026-08-12 13:06:57.206780] => [Epoch Num: 063/100] => [Global Step: 0080/0127] => [Loss_all: 1.1023 Loss_sup: 0.8712 Loss_con: 0.2311]
[2026-08-12 13:06:59.763846] => [Epoch Num: 063/100] => [Global Step: 0090/0127] => [Loss_all: 0.9864 Loss_sup: 0.7853 Loss_con: 0.2011]
[2026-08-12 13:07:02.296915] => [Epoch Num: 063/100] => [Global Step: 0100/0127] => [Loss_all: 1.0810 Loss_sup: 0.8822 Loss_con: 0.1989]
[2026-08-12 13:07:04.854612] => [Epoch Num: 063/100] => [Global Step: 0110/0127] => [Loss_all: 1.0678 Loss_sup: 0.7666 Loss_con: 0.3012]
[2026-08-12 13:07:07.374599] => [Epoch Num: 063/100] => [Global Step: 0120/0127] => [Loss_all: 1.1342 Loss_sup: 0.9338 Loss_con: 0.2004]
Epoch: 63, MAE: 0.20392265915870667, bestteaMAE: 0.20183955132961273, bestEpoch: 51.
[2026-08-12 13:07:14.865697] => [Epoch Num: 064/100] => [Global Step: 0000/0127] => [Loss_all: 1.0749 Loss_sup: 0.8792 Loss_con: 0.1957]
[2026-08-12 13:07:17.432093] => [Epoch Num: 064/100] => [Global Step: 0010/0127] => [Loss_all: 1.0186 Loss_sup: 0.7835 Loss_con: 0.2350]
[2026-08-12 13:07:19.987578] => [Epoch Num: 064/100] => [Global Step: 0020/0127] => [Loss_all: 1.0114 Loss_sup: 0.7948 Loss_con: 0.2167]
[2026-08-12 13:07:22.513442] => [Epoch Num: 064/100] => [Global Step: 0030/0127] => [Loss_all: 1.0401 Loss_sup: 0.8122 Loss_con: 0.2280]
[2026-08-12 13:07:25.035268] => [Epoch Num: 064/100] => [Global Step: 0040/0127] => [Loss_all: 1.1668 Loss_sup: 0.9147 Loss_con: 0.2521]
[2026-08-12 13:07:27.564182] => [Epoch Num: 064/100] => [Global Step: 0050/0127] => [Loss_all: 1.0558 Loss_sup: 0.8407 Loss_con: 0.2150]
[2026-08-12 13:07:30.108189] => [Epoch Num: 064/100] => [Global Step: 0060/0127] => [Loss_all: 1.0449 Loss_sup: 0.8454 Loss_con: 0.1995]
[2026-08-12 13:07:32.660514] => [Epoch Num: 064/100] => [Global Step: 0070/0127] => [Loss_all: 1.0610 Loss_sup: 0.8263 Loss_con: 0.2347]
[2026-08-12 13:07:35.216749] => [Epoch Num: 064/100] => [Global Step: 0080/0127] => [Loss_all: 1.1981 Loss_sup: 0.9548 Loss_con: 0.2432]
[2026-08-12 13:07:37.782524] => [Epoch Num: 064/100] => [Global Step: 0090/0127] => [Loss_all: 1.0790 Loss_sup: 0.8516 Loss_con: 0.2274]
[2026-08-12 13:07:40.319633] => [Epoch Num: 064/100] => [Global Step: 0100/0127] => [Loss_all: 1.1328 Loss_sup: 0.9040 Loss_con: 0.2289]
[2026-08-12 13:07:42.866134] => [Epoch Num: 064/100] => [Global Step: 0110/0127] => [Loss_all: 0.9767 Loss_sup: 0.7524 Loss_con: 0.2243]
[2026-08-12 13:07:45.402934] => [Epoch Num: 064/100] => [Global Step: 0120/0127] => [Loss_all: 1.1035 Loss_sup: 0.8837 Loss_con: 0.2198]
Epoch: 64, MAE: 0.2073197364807129, bestteaMAE: 0.20183955132961273, bestEpoch: 51.
[2026-08-12 13:07:53.347973] => [Epoch Num: 065/100] => [Global Step: 0000/0127] => [Loss_all: 1.2329 Loss_sup: 1.0188 Loss_con: 0.2140]
[2026-08-12 13:07:55.928978] => [Epoch Num: 065/100] => [Global Step: 0010/0127] => [Loss_all: 1.1872 Loss_sup: 0.9546 Loss_con: 0.2326]
[2026-08-12 13:07:58.508537] => [Epoch Num: 065/100] => [Global Step: 0020/0127] => [Loss_all: 1.1680 Loss_sup: 0.9506 Loss_con: 0.2174]
[2026-08-12 13:08:01.069359] => [Epoch Num: 065/100] => [Global Step: 0030/0127] => [Loss_all: 1.1296 Loss_sup: 0.9350 Loss_con: 0.1946]
[2026-08-12 13:08:03.604422] => [Epoch Num: 065/100] => [Global Step: 0040/0127] => [Loss_all: 1.0428 Loss_sup: 0.8082 Loss_con: 0.2346]
[2026-08-12 13:08:06.167382] => [Epoch Num: 065/100] => [Global Step: 0050/0127] => [Loss_all: 1.0710 Loss_sup: 0.8338 Loss_con: 0.2372]
[2026-08-12 13:08:08.728056] => [Epoch Num: 065/100] => [Global Step: 0060/0127] => [Loss_all: 1.0816 Loss_sup: 0.8306 Loss_con: 0.2511]
[2026-08-12 13:08:11.474724] => [Epoch Num: 065/100] => [Global Step: 0070/0127] => [Loss_all: 1.0904 Loss_sup: 0.8743 Loss_con: 0.2160]
[2026-08-12 13:08:14.068645] => [Epoch Num: 065/100] => [Global Step: 0080/0127] => [Loss_all: 0.9992 Loss_sup: 0.7755 Loss_con: 0.2237]
[2026-08-12 13:08:16.637229] => [Epoch Num: 065/100] => [Global Step: 0090/0127] => [Loss_all: 1.0685 Loss_sup: 0.8340 Loss_con: 0.2345]
[2026-08-12 13:08:19.169049] => [Epoch Num: 065/100] => [Global Step: 0100/0127] => [Loss_all: 1.1374 Loss_sup: 0.9163 Loss_con: 0.2211]
[2026-08-12 13:08:21.727538] => [Epoch Num: 065/100] => [Global Step: 0110/0127] => [Loss_all: 1.0774 Loss_sup: 0.8661 Loss_con: 0.2113]
[2026-08-12 13:08:24.266688] => [Epoch Num: 065/100] => [Global Step: 0120/0127] => [Loss_all: 1.0976 Loss_sup: 0.9133 Loss_con: 0.1842]
Epoch: 65, MAE: 0.20739121735095978, bestteaMAE: 0.20183955132961273, bestEpoch: 51.
[2026-08-12 13:08:32.106011] => [Epoch Num: 066/100] => [Global Step: 0000/0127] => [Loss_all: 1.0258 Loss_sup: 0.7987 Loss_con: 0.2271]
[2026-08-12 13:08:34.676484] => [Epoch Num: 066/100] => [Global Step: 0010/0127] => [Loss_all: 1.1110 Loss_sup: 0.8130 Loss_con: 0.2980]
[2026-08-12 13:08:37.238136] => [Epoch Num: 066/100] => [Global Step: 0020/0127] => [Loss_all: 1.2387 Loss_sup: 0.8737 Loss_con: 0.3651]
[2026-08-12 13:08:39.829186] => [Epoch Num: 066/100] => [Global Step: 0030/0127] => [Loss_all: 1.0796 Loss_sup: 0.8631 Loss_con: 0.2165]
[2026-08-12 13:08:42.393158] => [Epoch Num: 066/100] => [Global Step: 0040/0127] => [Loss_all: 1.0832 Loss_sup: 0.8779 Loss_con: 0.2053]
[2026-08-12 13:08:44.938612] => [Epoch Num: 066/100] => [Global Step: 0050/0127] => [Loss_all: 1.1016 Loss_sup: 0.8615 Loss_con: 0.2400]
[2026-08-12 13:08:47.488328] => [Epoch Num: 066/100] => [Global Step: 0060/0127] => [Loss_all: 1.0507 Loss_sup: 0.8519 Loss_con: 0.1988]
[2026-08-12 13:08:50.055638] => [Epoch Num: 066/100] => [Global Step: 0070/0127] => [Loss_all: 0.9548 Loss_sup: 0.7455 Loss_con: 0.2093]
[2026-08-12 13:08:52.624225] => [Epoch Num: 066/100] => [Global Step: 0080/0127] => [Loss_all: 1.0845 Loss_sup: 0.8698 Loss_con: 0.2148]
[2026-08-12 13:08:55.190655] => [Epoch Num: 066/100] => [Global Step: 0090/0127] => [Loss_all: 1.1372 Loss_sup: 0.9246 Loss_con: 0.2127]
[2026-08-12 13:08:57.761129] => [Epoch Num: 066/100] => [Global Step: 0100/0127] => [Loss_all: 1.0576 Loss_sup: 0.8251 Loss_con: 0.2325]
[2026-08-12 13:09:00.309058] => [Epoch Num: 066/100] => [Global Step: 0110/0127] => [Loss_all: 1.1094 Loss_sup: 0.8580 Loss_con: 0.2514]
[2026-08-12 13:09:02.846344] => [Epoch Num: 066/100] => [Global Step: 0120/0127] => [Loss_all: 1.1467 Loss_sup: 0.9342 Loss_con: 0.2126]
Epoch: 66, MAE: 0.2058597356081009, bestteaMAE: 0.20183955132961273, bestEpoch: 51.
[2026-08-12 13:09:10.581827] => [Epoch Num: 067/100] => [Global Step: 0000/0127] => [Loss_all: 1.0861 Loss_sup: 0.8694 Loss_con: 0.2167]
[2026-08-12 13:09:13.150732] => [Epoch Num: 067/100] => [Global Step: 0010/0127] => [Loss_all: 0.9255 Loss_sup: 0.7393 Loss_con: 0.1862]
[2026-08-12 13:09:15.712649] => [Epoch Num: 067/100] => [Global Step: 0020/0127] => [Loss_all: 1.0120 Loss_sup: 0.7820 Loss_con: 0.2300]
[2026-08-12 13:09:18.258893] => [Epoch Num: 067/100] => [Global Step: 0030/0127] => [Loss_all: 1.0936 Loss_sup: 0.8561 Loss_con: 0.2374]
[2026-08-12 13:09:20.820528] => [Epoch Num: 067/100] => [Global Step: 0040/0127] => [Loss_all: 1.1008 Loss_sup: 0.8826 Loss_con: 0.2181]
[2026-08-12 13:09:23.398025] => [Epoch Num: 067/100] => [Global Step: 0050/0127] => [Loss_all: 1.1594 Loss_sup: 0.9306 Loss_con: 0.2288]
[2026-08-12 13:09:25.939937] => [Epoch Num: 067/100] => [Global Step: 0060/0127] => [Loss_all: 1.1285 Loss_sup: 0.9039 Loss_con: 0.2246]
[2026-08-12 13:09:28.481483] => [Epoch Num: 067/100] => [Global Step: 0070/0127] => [Loss_all: 1.1663 Loss_sup: 0.9470 Loss_con: 0.2193]
[2026-08-12 13:09:31.051358] => [Epoch Num: 067/100] => [Global Step: 0080/0127] => [Loss_all: 1.0238 Loss_sup: 0.8155 Loss_con: 0.2083]
[2026-08-12 13:09:33.612817] => [Epoch Num: 067/100] => [Global Step: 0090/0127] => [Loss_all: 0.9803 Loss_sup: 0.8018 Loss_con: 0.1785]
[2026-08-12 13:09:36.196132] => [Epoch Num: 067/100] => [Global Step: 0100/0127] => [Loss_all: 0.9964 Loss_sup: 0.7730 Loss_con: 0.2234]
[2026-08-12 13:09:38.749009] => [Epoch Num: 067/100] => [Global Step: 0110/0127] => [Loss_all: 1.2277 Loss_sup: 1.0067 Loss_con: 0.2210]
[2026-08-12 13:09:41.287727] => [Epoch Num: 067/100] => [Global Step: 0120/0127] => [Loss_all: 1.1419 Loss_sup: 0.8010 Loss_con: 0.3409]
Epoch: 67, MAE: 0.20369170606136322, bestteaMAE: 0.20183955132961273, bestEpoch: 51.
[2026-08-12 13:09:49.077735] => [Epoch Num: 068/100] => [Global Step: 0000/0127] => [Loss_all: 1.0384 Loss_sup: 0.8267 Loss_con: 0.2117]
[2026-08-12 13:09:51.657747] => [Epoch Num: 068/100] => [Global Step: 0010/0127] => [Loss_all: 1.0684 Loss_sup: 0.8796 Loss_con: 0.1887]
[2026-08-12 13:09:54.221722] => [Epoch Num: 068/100] => [Global Step: 0020/0127] => [Loss_all: 0.9828 Loss_sup: 0.7864 Loss_con: 0.1964]
[2026-08-12 13:09:56.807663] => [Epoch Num: 068/100] => [Global Step: 0030/0127] => [Loss_all: 0.9519 Loss_sup: 0.7714 Loss_con: 0.1805]
[2026-08-12 13:09:59.390553] => [Epoch Num: 068/100] => [Global Step: 0040/0127] => [Loss_all: 1.1355 Loss_sup: 0.9180 Loss_con: 0.2174]
[2026-08-12 13:10:01.959625] => [Epoch Num: 068/100] => [Global Step: 0050/0127] => [Loss_all: 1.0312 Loss_sup: 0.8319 Loss_con: 0.1993]
[2026-08-12 13:10:04.544408] => [Epoch Num: 068/100] => [Global Step: 0060/0127] => [Loss_all: 1.0759 Loss_sup: 0.8248 Loss_con: 0.2511]
[2026-08-12 13:10:07.099116] => [Epoch Num: 068/100] => [Global Step: 0070/0127] => [Loss_all: 1.0808 Loss_sup: 0.8714 Loss_con: 0.2095]
[2026-08-12 13:10:09.692236] => [Epoch Num: 068/100] => [Global Step: 0080/0127] => [Loss_all: 0.9912 Loss_sup: 0.8105 Loss_con: 0.1807]
[2026-08-12 13:10:12.300069] => [Epoch Num: 068/100] => [Global Step: 0090/0127] => [Loss_all: 1.1706 Loss_sup: 0.8971 Loss_con: 0.2735]
[2026-08-12 13:10:14.883063] => [Epoch Num: 068/100] => [Global Step: 0100/0127] => [Loss_all: 1.1169 Loss_sup: 0.8685 Loss_con: 0.2484]
[2026-08-12 13:10:17.454040] => [Epoch Num: 068/100] => [Global Step: 0110/0127] => [Loss_all: 1.2048 Loss_sup: 0.8818 Loss_con: 0.3231]
[2026-08-12 13:10:20.020846] => [Epoch Num: 068/100] => [Global Step: 0120/0127] => [Loss_all: 1.2528 Loss_sup: 0.9108 Loss_con: 0.3420]
Epoch: 68, MAE: 0.20473729074001312, bestteaMAE: 0.20183955132961273, bestEpoch: 51.
[2026-08-12 13:10:28.107234] => [Epoch Num: 069/100] => [Global Step: 0000/0127] => [Loss_all: 1.0547 Loss_sup: 0.8340 Loss_con: 0.2208]
[2026-08-12 13:10:30.681151] => [Epoch Num: 069/100] => [Global Step: 0010/0127] => [Loss_all: 1.0738 Loss_sup: 0.8557 Loss_con: 0.2181]
[2026-08-12 13:10:33.230030] => [Epoch Num: 069/100] => [Global Step: 0020/0127] => [Loss_all: 1.1588 Loss_sup: 0.9264 Loss_con: 0.2325]
[2026-08-12 13:10:35.790017] => [Epoch Num: 069/100] => [Global Step: 0030/0127] => [Loss_all: 1.0271 Loss_sup: 0.8131 Loss_con: 0.2141]
[2026-08-12 13:10:38.369798] => [Epoch Num: 069/100] => [Global Step: 0040/0127] => [Loss_all: 0.9549 Loss_sup: 0.7926 Loss_con: 0.1623]
[2026-08-12 13:10:40.940266] => [Epoch Num: 069/100] => [Global Step: 0050/0127] => [Loss_all: 1.1545 Loss_sup: 0.9288 Loss_con: 0.2257]
[2026-08-12 13:10:43.638167] => [Epoch Num: 069/100] => [Global Step: 0060/0127] => [Loss_all: 1.1206 Loss_sup: 0.9284 Loss_con: 0.1923]
[2026-08-12 13:10:46.215333] => [Epoch Num: 069/100] => [Global Step: 0070/0127] => [Loss_all: 1.1682 Loss_sup: 0.9336 Loss_con: 0.2346]
[2026-08-12 13:10:48.773664] => [Epoch Num: 069/100] => [Global Step: 0080/0127] => [Loss_all: 1.0196 Loss_sup: 0.7791 Loss_con: 0.2405]
[2026-08-12 13:10:51.331924] => [Epoch Num: 069/100] => [Global Step: 0090/0127] => [Loss_all: 1.1053 Loss_sup: 0.8961 Loss_con: 0.2092]
[2026-08-12 13:10:53.889565] => [Epoch Num: 069/100] => [Global Step: 0100/0127] => [Loss_all: 0.9337 Loss_sup: 0.7544 Loss_con: 0.1793]
[2026-08-12 13:10:56.442395] => [Epoch Num: 069/100] => [Global Step: 0110/0127] => [Loss_all: 0.9503 Loss_sup: 0.7382 Loss_con: 0.2121]
[2026-08-12 13:10:58.990840] => [Epoch Num: 069/100] => [Global Step: 0120/0127] => [Loss_all: 1.0200 Loss_sup: 0.7780 Loss_con: 0.2419]
Epoch: 69, MAE: 0.20562882721424103, bestteaMAE: 0.20183955132961273, bestEpoch: 51.
[2026-08-12 13:11:07.056435] => [Epoch Num: 070/100] => [Global Step: 0000/0127] => [Loss_all: 0.9753 Loss_sup: 0.7637 Loss_con: 0.2116]
[2026-08-12 13:11:09.616965] => [Epoch Num: 070/100] => [Global Step: 0010/0127] => [Loss_all: 1.1139 Loss_sup: 0.8499 Loss_con: 0.2640]
[2026-08-12 13:11:12.190690] => [Epoch Num: 070/100] => [Global Step: 0020/0127] => [Loss_all: 1.1469 Loss_sup: 0.9217 Loss_con: 0.2252]
[2026-08-12 13:11:14.772345] => [Epoch Num: 070/100] => [Global Step: 0030/0127] => [Loss_all: 0.9641 Loss_sup: 0.7367 Loss_con: 0.2274]
[2026-08-12 13:11:17.362428] => [Epoch Num: 070/100] => [Global Step: 0040/0127] => [Loss_all: 1.2763 Loss_sup: 0.9184 Loss_con: 0.3580]
[2026-08-12 13:11:19.969760] => [Epoch Num: 070/100] => [Global Step: 0050/0127] => [Loss_all: 1.0680 Loss_sup: 0.8463 Loss_con: 0.2218]
[2026-08-12 13:11:22.518335] => [Epoch Num: 070/100] => [Global Step: 0060/0127] => [Loss_all: 1.0882 Loss_sup: 0.8268 Loss_con: 0.2614]
[2026-08-12 13:11:25.081314] => [Epoch Num: 070/100] => [Global Step: 0070/0127] => [Loss_all: 1.0467 Loss_sup: 0.8623 Loss_con: 0.1844]
[2026-08-12 13:11:27.631450] => [Epoch Num: 070/100] => [Global Step: 0080/0127] => [Loss_all: 1.1421 Loss_sup: 0.9499 Loss_con: 0.1922]
[2026-08-12 13:11:30.186274] => [Epoch Num: 070/100] => [Global Step: 0090/0127] => [Loss_all: 1.0693 Loss_sup: 0.8575 Loss_con: 0.2118]
[2026-08-12 13:11:32.754035] => [Epoch Num: 070/100] => [Global Step: 0100/0127] => [Loss_all: 1.0338 Loss_sup: 0.8149 Loss_con: 0.2189]
[2026-08-12 13:11:35.321091] => [Epoch Num: 070/100] => [Global Step: 0110/0127] => [Loss_all: 1.0063 Loss_sup: 0.8060 Loss_con: 0.2003]
[2026-08-12 13:11:37.847827] => [Epoch Num: 070/100] => [Global Step: 0120/0127] => [Loss_all: 0.9974 Loss_sup: 0.7959 Loss_con: 0.2015]
Epoch: 70, MAE: 0.20629611611366272, bestteaMAE: 0.20183955132961273, bestEpoch: 51.
[2026-08-12 13:11:45.699159] => [Epoch Num: 071/100] => [Global Step: 0000/0127] => [Loss_all: 1.0869 Loss_sup: 0.8639 Loss_con: 0.2230]
[2026-08-12 13:11:48.257166] => [Epoch Num: 071/100] => [Global Step: 0010/0127] => [Loss_all: 1.0464 Loss_sup: 0.8584 Loss_con: 0.1881]
[2026-08-12 13:11:50.799885] => [Epoch Num: 071/100] => [Global Step: 0020/0127] => [Loss_all: 1.1876 Loss_sup: 0.9714 Loss_con: 0.2161]
[2026-08-12 13:11:53.371876] => [Epoch Num: 071/100] => [Global Step: 0030/0127] => [Loss_all: 1.0371 Loss_sup: 0.8323 Loss_con: 0.2049]
[2026-08-12 13:11:55.916265] => [Epoch Num: 071/100] => [Global Step: 0040/0127] => [Loss_all: 1.1055 Loss_sup: 0.8924 Loss_con: 0.2131]
[2026-08-12 13:11:58.466377] => [Epoch Num: 071/100] => [Global Step: 0050/0127] => [Loss_all: 0.9991 Loss_sup: 0.7858 Loss_con: 0.2133]
[2026-08-12 13:12:01.012996] => [Epoch Num: 071/100] => [Global Step: 0060/0127] => [Loss_all: 1.0387 Loss_sup: 0.8247 Loss_con: 0.2140]
[2026-08-12 13:12:03.572064] => [Epoch Num: 071/100] => [Global Step: 0070/0127] => [Loss_all: 1.0559 Loss_sup: 0.8087 Loss_con: 0.2473]
[2026-08-12 13:12:06.146005] => [Epoch Num: 071/100] => [Global Step: 0080/0127] => [Loss_all: 1.2126 Loss_sup: 0.9852 Loss_con: 0.2274]
[2026-08-12 13:12:08.702476] => [Epoch Num: 071/100] => [Global Step: 0090/0127] => [Loss_all: 1.2368 Loss_sup: 1.0320 Loss_con: 0.2048]
[2026-08-12 13:12:11.270424] => [Epoch Num: 071/100] => [Global Step: 0100/0127] => [Loss_all: 1.0733 Loss_sup: 0.8559 Loss_con: 0.2174]
[2026-08-12 13:12:13.852594] => [Epoch Num: 071/100] => [Global Step: 0110/0127] => [Loss_all: 1.0097 Loss_sup: 0.8098 Loss_con: 0.1999]
[2026-08-12 13:12:16.377628] => [Epoch Num: 071/100] => [Global Step: 0120/0127] => [Loss_all: 1.1087 Loss_sup: 0.8551 Loss_con: 0.2537]
Epoch: 71, MAE: 0.2067289650440216, bestteaMAE: 0.20183955132961273, bestEpoch: 51.
[2026-08-12 13:12:24.674693] => [Epoch Num: 072/100] => [Global Step: 0000/0127] => [Loss_all: 1.1361 Loss_sup: 0.9192 Loss_con: 0.2170]
[2026-08-12 13:12:27.239614] => [Epoch Num: 072/100] => [Global Step: 0010/0127] => [Loss_all: 1.0473 Loss_sup: 0.8242 Loss_con: 0.2231]
[2026-08-12 13:12:29.846127] => [Epoch Num: 072/100] => [Global Step: 0020/0127] => [Loss_all: 1.0350 Loss_sup: 0.8244 Loss_con: 0.2106]
[2026-08-12 13:12:32.413201] => [Epoch Num: 072/100] => [Global Step: 0030/0127] => [Loss_all: 1.0854 Loss_sup: 0.8416 Loss_con: 0.2439]
[2026-08-12 13:12:35.020508] => [Epoch Num: 072/100] => [Global Step: 0040/0127] => [Loss_all: 1.0268 Loss_sup: 0.8082 Loss_con: 0.2186]
[2026-08-12 13:12:37.571924] => [Epoch Num: 072/100] => [Global Step: 0050/0127] => [Loss_all: 1.1509 Loss_sup: 0.9650 Loss_con: 0.1859]
[2026-08-12 13:12:40.139987] => [Epoch Num: 072/100] => [Global Step: 0060/0127] => [Loss_all: 1.0916 Loss_sup: 0.8449 Loss_con: 0.2467]
[2026-08-12 13:12:42.707693] => [Epoch Num: 072/100] => [Global Step: 0070/0127] => [Loss_all: 1.0309 Loss_sup: 0.8129 Loss_con: 0.2181]
[2026-08-12 13:12:45.269903] => [Epoch Num: 072/100] => [Global Step: 0080/0127] => [Loss_all: 1.0649 Loss_sup: 0.8398 Loss_con: 0.2251]
[2026-08-12 13:12:47.828526] => [Epoch Num: 072/100] => [Global Step: 0090/0127] => [Loss_all: 1.1593 Loss_sup: 0.9307 Loss_con: 0.2286]
[2026-08-12 13:12:50.361575] => [Epoch Num: 072/100] => [Global Step: 0100/0127] => [Loss_all: 1.0648 Loss_sup: 0.8624 Loss_con: 0.2023]
[2026-08-12 13:12:52.907046] => [Epoch Num: 072/100] => [Global Step: 0110/0127] => [Loss_all: 1.0491 Loss_sup: 0.8552 Loss_con: 0.1938]
[2026-08-12 13:12:55.446426] => [Epoch Num: 072/100] => [Global Step: 0120/0127] => [Loss_all: 1.0429 Loss_sup: 0.8062 Loss_con: 0.2367]
Epoch: 72, MAE: 0.2045944333076477, bestteaMAE: 0.20183955132961273, bestEpoch: 51.
[2026-08-12 13:13:03.568026] => [Epoch Num: 073/100] => [Global Step: 0000/0127] => [Loss_all: 1.0131 Loss_sup: 0.8266 Loss_con: 0.1866]
[2026-08-12 13:13:06.317323] => [Epoch Num: 073/100] => [Global Step: 0010/0127] => [Loss_all: 1.0096 Loss_sup: 0.7787 Loss_con: 0.2309]
[2026-08-12 13:13:08.906569] => [Epoch Num: 073/100] => [Global Step: 0020/0127] => [Loss_all: 1.0692 Loss_sup: 0.8487 Loss_con: 0.2205]
[2026-08-12 13:13:11.457599] => [Epoch Num: 073/100] => [Global Step: 0030/0127] => [Loss_all: 1.1610 Loss_sup: 0.9307 Loss_con: 0.2303]
[2026-08-12 13:13:14.019413] => [Epoch Num: 073/100] => [Global Step: 0040/0127] => [Loss_all: 1.1228 Loss_sup: 0.9072 Loss_con: 0.2156]
[2026-08-12 13:13:16.590603] => [Epoch Num: 073/100] => [Global Step: 0050/0127] => [Loss_all: 1.1445 Loss_sup: 0.9112 Loss_con: 0.2333]
[2026-08-12 13:13:19.127163] => [Epoch Num: 073/100] => [Global Step: 0060/0127] => [Loss_all: 1.1986 Loss_sup: 0.9819 Loss_con: 0.2167]
[2026-08-12 13:13:21.688843] => [Epoch Num: 073/100] => [Global Step: 0070/0127] => [Loss_all: 1.1023 Loss_sup: 0.8929 Loss_con: 0.2094]
[2026-08-12 13:13:24.236974] => [Epoch Num: 073/100] => [Global Step: 0080/0127] => [Loss_all: 1.0474 Loss_sup: 0.8331 Loss_con: 0.2143]
[2026-08-12 13:13:26.826277] => [Epoch Num: 073/100] => [Global Step: 0090/0127] => [Loss_all: 1.0549 Loss_sup: 0.8309 Loss_con: 0.2240]
[2026-08-12 13:13:29.379505] => [Epoch Num: 073/100] => [Global Step: 0100/0127] => [Loss_all: 0.9787 Loss_sup: 0.7534 Loss_con: 0.2253]
[2026-08-12 13:13:31.959436] => [Epoch Num: 073/100] => [Global Step: 0110/0127] => [Loss_all: 1.0937 Loss_sup: 0.8968 Loss_con: 0.1969]
[2026-08-12 13:13:34.520341] => [Epoch Num: 073/100] => [Global Step: 0120/0127] => [Loss_all: 1.1506 Loss_sup: 0.9201 Loss_con: 0.2305]
Epoch: 73, MAE: 0.20663541555404663, bestteaMAE: 0.20183955132961273, bestEpoch: 51.
[2026-08-12 13:13:42.471147] => [Epoch Num: 074/100] => [Global Step: 0000/0127] => [Loss_all: 1.0337 Loss_sup: 0.8050 Loss_con: 0.2287]
[2026-08-12 13:13:45.015711] => [Epoch Num: 074/100] => [Global Step: 0010/0127] => [Loss_all: 1.1515 Loss_sup: 0.9233 Loss_con: 0.2282]
[2026-08-12 13:13:47.559110] => [Epoch Num: 074/100] => [Global Step: 0020/0127] => [Loss_all: 1.0169 Loss_sup: 0.7973 Loss_con: 0.2196]
[2026-08-12 13:13:50.146569] => [Epoch Num: 074/100] => [Global Step: 0030/0127] => [Loss_all: 1.0290 Loss_sup: 0.8229 Loss_con: 0.2060]
[2026-08-12 13:13:52.716474] => [Epoch Num: 074/100] => [Global Step: 0040/0127] => [Loss_all: 1.3443 Loss_sup: 0.8656 Loss_con: 0.4787]
[2026-08-12 13:13:55.283465] => [Epoch Num: 074/100] => [Global Step: 0050/0127] => [Loss_all: 0.9562 Loss_sup: 0.7218 Loss_con: 0.2344]
[2026-08-12 13:13:57.894987] => [Epoch Num: 074/100] => [Global Step: 0060/0127] => [Loss_all: 1.0623 Loss_sup: 0.8539 Loss_con: 0.2084]
[2026-08-12 13:14:00.464152] => [Epoch Num: 074/100] => [Global Step: 0070/0127] => [Loss_all: 1.1240 Loss_sup: 0.8711 Loss_con: 0.2529]
[2026-08-12 13:14:03.020098] => [Epoch Num: 074/100] => [Global Step: 0080/0127] => [Loss_all: 0.9634 Loss_sup: 0.7468 Loss_con: 0.2166]
[2026-08-12 13:14:05.576633] => [Epoch Num: 074/100] => [Global Step: 0090/0127] => [Loss_all: 1.1243 Loss_sup: 0.9230 Loss_con: 0.2013]
[2026-08-12 13:14:08.167449] => [Epoch Num: 074/100] => [Global Step: 0100/0127] => [Loss_all: 1.0871 Loss_sup: 0.8785 Loss_con: 0.2085]
[2026-08-12 13:14:10.723296] => [Epoch Num: 074/100] => [Global Step: 0110/0127] => [Loss_all: 1.0675 Loss_sup: 0.8560 Loss_con: 0.2115]
[2026-08-12 13:14:13.280040] => [Epoch Num: 074/100] => [Global Step: 0120/0127] => [Loss_all: 1.2142 Loss_sup: 0.8615 Loss_con: 0.3527]
Epoch: 74, MAE: 0.20486201345920563, bestteaMAE: 0.20183955132961273, bestEpoch: 51.
[2026-08-12 13:14:21.447174] => [Epoch Num: 075/100] => [Global Step: 0000/0127] => [Loss_all: 0.9589 Loss_sup: 0.7459 Loss_con: 0.2130]
[2026-08-12 13:14:24.058210] => [Epoch Num: 075/100] => [Global Step: 0010/0127] => [Loss_all: 1.1176 Loss_sup: 0.9335 Loss_con: 0.1841]
[2026-08-12 13:14:26.609615] => [Epoch Num: 075/100] => [Global Step: 0020/0127] => [Loss_all: 1.0163 Loss_sup: 0.7568 Loss_con: 0.2595]
[2026-08-12 13:14:29.162910] => [Epoch Num: 075/100] => [Global Step: 0030/0127] => [Loss_all: 0.9782 Loss_sup: 0.7445 Loss_con: 0.2337]
[2026-08-12 13:14:31.751026] => [Epoch Num: 075/100] => [Global Step: 0040/0127] => [Loss_all: 1.0536 Loss_sup: 0.8638 Loss_con: 0.1898]
[2026-08-12 13:14:34.304833] => [Epoch Num: 075/100] => [Global Step: 0050/0127] => [Loss_all: 1.0898 Loss_sup: 0.8849 Loss_con: 0.2049]
[2026-08-12 13:14:36.871219] => [Epoch Num: 075/100] => [Global Step: 0060/0127] => [Loss_all: 0.9797 Loss_sup: 0.7722 Loss_con: 0.2075]
[2026-08-12 13:14:39.438412] => [Epoch Num: 075/100] => [Global Step: 0070/0127] => [Loss_all: 1.2363 Loss_sup: 1.0141 Loss_con: 0.2222]
[2026-08-12 13:14:41.988158] => [Epoch Num: 075/100] => [Global Step: 0080/0127] => [Loss_all: 1.1712 Loss_sup: 0.9504 Loss_con: 0.2208]
[2026-08-12 13:14:44.531538] => [Epoch Num: 075/100] => [Global Step: 0090/0127] => [Loss_all: 1.0047 Loss_sup: 0.7901 Loss_con: 0.2146]
[2026-08-12 13:14:47.106807] => [Epoch Num: 075/100] => [Global Step: 0100/0127] => [Loss_all: 1.2051 Loss_sup: 0.9352 Loss_con: 0.2698]
[2026-08-12 13:14:49.650377] => [Epoch Num: 075/100] => [Global Step: 0110/0127] => [Loss_all: 1.0714 Loss_sup: 0.8721 Loss_con: 0.1993]
[2026-08-12 13:14:52.178921] => [Epoch Num: 075/100] => [Global Step: 0120/0127] => [Loss_all: 0.9977 Loss_sup: 0.7932 Loss_con: 0.2046]
Epoch: 75, MAE: 0.20691828429698944, bestteaMAE: 0.20183955132961273, bestEpoch: 51.
[2026-08-12 13:15:00.091447] => [Epoch Num: 076/100] => [Global Step: 0000/0127] => [Loss_all: 1.0046 Loss_sup: 0.8084 Loss_con: 0.1962]
[2026-08-12 13:15:02.668973] => [Epoch Num: 076/100] => [Global Step: 0010/0127] => [Loss_all: 1.1072 Loss_sup: 0.8871 Loss_con: 0.2200]
[2026-08-12 13:15:05.221615] => [Epoch Num: 076/100] => [Global Step: 0020/0127] => [Loss_all: 1.0853 Loss_sup: 0.8490 Loss_con: 0.2363]
[2026-08-12 13:15:07.797365] => [Epoch Num: 076/100] => [Global Step: 0030/0127] => [Loss_all: 1.0819 Loss_sup: 0.8239 Loss_con: 0.2580]
[2026-08-12 13:15:10.350915] => [Epoch Num: 076/100] => [Global Step: 0040/0127] => [Loss_all: 1.0278 Loss_sup: 0.8091 Loss_con: 0.2187]
[2026-08-12 13:15:12.946498] => [Epoch Num: 076/100] => [Global Step: 0050/0127] => [Loss_all: 0.9881 Loss_sup: 0.7836 Loss_con: 0.2046]
[2026-08-12 13:15:15.522029] => [Epoch Num: 076/100] => [Global Step: 0060/0127] => [Loss_all: 1.0081 Loss_sup: 0.8008 Loss_con: 0.2074]
[2026-08-12 13:15:18.075275] => [Epoch Num: 076/100] => [Global Step: 0070/0127] => [Loss_all: 1.1334 Loss_sup: 0.9244 Loss_con: 0.2091]
[2026-08-12 13:15:20.654393] => [Epoch Num: 076/100] => [Global Step: 0080/0127] => [Loss_all: 1.0144 Loss_sup: 0.8177 Loss_con: 0.1967]
[2026-08-12 13:15:23.211971] => [Epoch Num: 076/100] => [Global Step: 0090/0127] => [Loss_all: 0.9869 Loss_sup: 0.7750 Loss_con: 0.2118]
[2026-08-12 13:15:25.901671] => [Epoch Num: 076/100] => [Global Step: 0100/0127] => [Loss_all: 1.0067 Loss_sup: 0.8102 Loss_con: 0.1964]
[2026-08-12 13:15:28.481820] => [Epoch Num: 076/100] => [Global Step: 0110/0127] => [Loss_all: 1.0176 Loss_sup: 0.8161 Loss_con: 0.2015]
[2026-08-12 13:15:31.016024] => [Epoch Num: 076/100] => [Global Step: 0120/0127] => [Loss_all: 1.1155 Loss_sup: 0.8974 Loss_con: 0.2181]
Epoch: 76, MAE: 0.20600385963916779, bestteaMAE: 0.20183955132961273, bestEpoch: 51.
[2026-08-12 13:15:39.095297] => [Epoch Num: 077/100] => [Global Step: 0000/0127] => [Loss_all: 1.0622 Loss_sup: 0.7614 Loss_con: 0.3008]
[2026-08-12 13:15:41.692262] => [Epoch Num: 077/100] => [Global Step: 0010/0127] => [Loss_all: 1.1570 Loss_sup: 0.9160 Loss_con: 0.2410]
[2026-08-12 13:15:44.242631] => [Epoch Num: 077/100] => [Global Step: 0020/0127] => [Loss_all: 1.2102 Loss_sup: 0.8954 Loss_con: 0.3148]
[2026-08-12 13:15:46.814428] => [Epoch Num: 077/100] => [Global Step: 0030/0127] => [Loss_all: 1.0789 Loss_sup: 0.8730 Loss_con: 0.2060]
[2026-08-12 13:15:49.382098] => [Epoch Num: 077/100] => [Global Step: 0040/0127] => [Loss_all: 1.1719 Loss_sup: 0.9630 Loss_con: 0.2090]
[2026-08-12 13:15:51.983810] => [Epoch Num: 077/100] => [Global Step: 0050/0127] => [Loss_all: 1.0602 Loss_sup: 0.8530 Loss_con: 0.2071]
[2026-08-12 13:15:54.554189] => [Epoch Num: 077/100] => [Global Step: 0060/0127] => [Loss_all: 1.1452 Loss_sup: 0.9343 Loss_con: 0.2109]
[2026-08-12 13:15:57.111839] => [Epoch Num: 077/100] => [Global Step: 0070/0127] => [Loss_all: 1.1327 Loss_sup: 0.9150 Loss_con: 0.2177]
[2026-08-12 13:15:59.667380] => [Epoch Num: 077/100] => [Global Step: 0080/0127] => [Loss_all: 1.0627 Loss_sup: 0.8467 Loss_con: 0.2160]
[2026-08-12 13:16:02.217051] => [Epoch Num: 077/100] => [Global Step: 0090/0127] => [Loss_all: 0.9851 Loss_sup: 0.7864 Loss_con: 0.1987]
[2026-08-12 13:16:04.782174] => [Epoch Num: 077/100] => [Global Step: 0100/0127] => [Loss_all: 0.9990 Loss_sup: 0.7604 Loss_con: 0.2386]
[2026-08-12 13:16:07.358522] => [Epoch Num: 077/100] => [Global Step: 0110/0127] => [Loss_all: 1.1588 Loss_sup: 0.9242 Loss_con: 0.2345]
[2026-08-12 13:16:09.906047] => [Epoch Num: 077/100] => [Global Step: 0120/0127] => [Loss_all: 1.0941 Loss_sup: 0.8948 Loss_con: 0.1994]
Epoch: 77, MAE: 0.20760977268218994, bestteaMAE: 0.20183955132961273, bestEpoch: 51.
[2026-08-12 13:16:17.652931] => [Epoch Num: 078/100] => [Global Step: 0000/0127] => [Loss_all: 1.1308 Loss_sup: 0.8819 Loss_con: 0.2489]
[2026-08-12 13:16:20.235068] => [Epoch Num: 078/100] => [Global Step: 0010/0127] => [Loss_all: 1.1220 Loss_sup: 0.9083 Loss_con: 0.2138]
[2026-08-12 13:16:22.810886] => [Epoch Num: 078/100] => [Global Step: 0020/0127] => [Loss_all: 1.0840 Loss_sup: 0.8626 Loss_con: 0.2214]
[2026-08-12 13:16:25.383500] => [Epoch Num: 078/100] => [Global Step: 0030/0127] => [Loss_all: 1.2007 Loss_sup: 0.9752 Loss_con: 0.2255]
[2026-08-12 13:16:27.958950] => [Epoch Num: 078/100] => [Global Step: 0040/0127] => [Loss_all: 1.0097 Loss_sup: 0.7872 Loss_con: 0.2225]
[2026-08-12 13:16:30.519275] => [Epoch Num: 078/100] => [Global Step: 0050/0127] => [Loss_all: 1.0378 Loss_sup: 0.8148 Loss_con: 0.2230]
[2026-08-12 13:16:33.098210] => [Epoch Num: 078/100] => [Global Step: 0060/0127] => [Loss_all: 0.9975 Loss_sup: 0.7953 Loss_con: 0.2022]
[2026-08-12 13:16:35.662034] => [Epoch Num: 078/100] => [Global Step: 0070/0127] => [Loss_all: 0.9990 Loss_sup: 0.8046 Loss_con: 0.1943]
[2026-08-12 13:16:38.275408] => [Epoch Num: 078/100] => [Global Step: 0080/0127] => [Loss_all: 1.0112 Loss_sup: 0.7938 Loss_con: 0.2174]
[2026-08-12 13:16:40.856585] => [Epoch Num: 078/100] => [Global Step: 0090/0127] => [Loss_all: 1.1013 Loss_sup: 0.8788 Loss_con: 0.2226]
[2026-08-12 13:16:43.426937] => [Epoch Num: 078/100] => [Global Step: 0100/0127] => [Loss_all: 1.1987 Loss_sup: 0.9795 Loss_con: 0.2192]
[2026-08-12 13:16:45.993469] => [Epoch Num: 078/100] => [Global Step: 0110/0127] => [Loss_all: 1.0860 Loss_sup: 0.8762 Loss_con: 0.2098]
[2026-08-12 13:16:48.527519] => [Epoch Num: 078/100] => [Global Step: 0120/0127] => [Loss_all: 0.9794 Loss_sup: 0.7745 Loss_con: 0.2049]
Epoch: 78, MAE: 0.20382630825042725, bestteaMAE: 0.20183955132961273, bestEpoch: 51.
[2026-08-12 13:16:56.511932] => [Epoch Num: 079/100] => [Global Step: 0000/0127] => [Loss_all: 1.1090 Loss_sup: 0.7673 Loss_con: 0.3417]
[2026-08-12 13:16:59.121450] => [Epoch Num: 079/100] => [Global Step: 0010/0127] => [Loss_all: 1.0669 Loss_sup: 0.8557 Loss_con: 0.2112]
[2026-08-12 13:17:01.690214] => [Epoch Num: 079/100] => [Global Step: 0020/0127] => [Loss_all: 1.1117 Loss_sup: 0.7755 Loss_con: 0.3362]
[2026-08-12 13:17:04.237409] => [Epoch Num: 079/100] => [Global Step: 0030/0127] => [Loss_all: 1.0880 Loss_sup: 0.8623 Loss_con: 0.2256]
[2026-08-12 13:17:06.842745] => [Epoch Num: 079/100] => [Global Step: 0040/0127] => [Loss_all: 1.1676 Loss_sup: 0.9507 Loss_con: 0.2168]
[2026-08-12 13:17:09.405211] => [Epoch Num: 079/100] => [Global Step: 0050/0127] => [Loss_all: 0.9344 Loss_sup: 0.7361 Loss_con: 0.1983]
[2026-08-12 13:17:11.971664] => [Epoch Num: 079/100] => [Global Step: 0060/0127] => [Loss_all: 1.1084 Loss_sup: 0.8816 Loss_con: 0.2268]
[2026-08-12 13:17:14.563923] => [Epoch Num: 079/100] => [Global Step: 0070/0127] => [Loss_all: 1.0900 Loss_sup: 0.8906 Loss_con: 0.1994]
[2026-08-12 13:17:17.151073] => [Epoch Num: 079/100] => [Global Step: 0080/0127] => [Loss_all: 1.0823 Loss_sup: 0.8703 Loss_con: 0.2120]
[2026-08-12 13:17:19.711359] => [Epoch Num: 079/100] => [Global Step: 0090/0127] => [Loss_all: 1.2230 Loss_sup: 1.0161 Loss_con: 0.2069]
[2026-08-12 13:17:22.322859] => [Epoch Num: 079/100] => [Global Step: 0100/0127] => [Loss_all: 0.9992 Loss_sup: 0.7874 Loss_con: 0.2118]
[2026-08-12 13:17:24.907635] => [Epoch Num: 079/100] => [Global Step: 0110/0127] => [Loss_all: 1.0148 Loss_sup: 0.8195 Loss_con: 0.1953]
[2026-08-12 13:17:27.441170] => [Epoch Num: 079/100] => [Global Step: 0120/0127] => [Loss_all: 1.0577 Loss_sup: 0.7920 Loss_con: 0.2657]
Epoch: 79, MAE: 0.2077360451221466, bestteaMAE: 0.20183955132961273, bestEpoch: 51.
[2026-08-12 13:17:35.551250] => [Epoch Num: 080/100] => [Global Step: 0000/0127] => [Loss_all: 1.1812 Loss_sup: 0.9559 Loss_con: 0.2254]
[2026-08-12 13:17:38.157418] => [Epoch Num: 080/100] => [Global Step: 0010/0127] => [Loss_all: 0.9952 Loss_sup: 0.7699 Loss_con: 0.2252]
[2026-08-12 13:17:40.726178] => [Epoch Num: 080/100] => [Global Step: 0020/0127] => [Loss_all: 1.0437 Loss_sup: 0.8265 Loss_con: 0.2172]
[2026-08-12 13:17:43.290837] => [Epoch Num: 080/100] => [Global Step: 0030/0127] => [Loss_all: 1.1022 Loss_sup: 0.9118 Loss_con: 0.1905]
[2026-08-12 13:17:45.996600] => [Epoch Num: 080/100] => [Global Step: 0040/0127] => [Loss_all: 1.0144 Loss_sup: 0.7868 Loss_con: 0.2277]
[2026-08-12 13:17:48.564390] => [Epoch Num: 080/100] => [Global Step: 0050/0127] => [Loss_all: 1.1078 Loss_sup: 0.8880 Loss_con: 0.2199]
[2026-08-12 13:17:51.124003] => [Epoch Num: 080/100] => [Global Step: 0060/0127] => [Loss_all: 1.0636 Loss_sup: 0.8894 Loss_con: 0.1742]
[2026-08-12 13:17:53.674334] => [Epoch Num: 080/100] => [Global Step: 0070/0127] => [Loss_all: 1.0679 Loss_sup: 0.8652 Loss_con: 0.2027]
[2026-08-12 13:17:56.236109] => [Epoch Num: 080/100] => [Global Step: 0080/0127] => [Loss_all: 1.0112 Loss_sup: 0.8205 Loss_con: 0.1907]
[2026-08-12 13:17:58.806509] => [Epoch Num: 080/100] => [Global Step: 0090/0127] => [Loss_all: 0.9721 Loss_sup: 0.7835 Loss_con: 0.1886]
[2026-08-12 13:18:01.371235] => [Epoch Num: 080/100] => [Global Step: 0100/0127] => [Loss_all: 1.1336 Loss_sup: 0.9376 Loss_con: 0.1960]
[2026-08-12 13:18:03.959203] => [Epoch Num: 080/100] => [Global Step: 0110/0127] => [Loss_all: 1.1590 Loss_sup: 0.9593 Loss_con: 0.1997]
[2026-08-12 13:18:06.520813] => [Epoch Num: 080/100] => [Global Step: 0120/0127] => [Loss_all: 1.0716 Loss_sup: 0.8549 Loss_con: 0.2167]
Epoch: 80, MAE: 0.20597176253795624, bestteaMAE: 0.20183955132961273, bestEpoch: 51.
[2026-08-12 13:18:14.682005] => [Epoch Num: 081/100] => [Global Step: 0000/0127] => [Loss_all: 1.0470 Loss_sup: 0.8332 Loss_con: 0.2139]
[2026-08-12 13:18:17.259831] => [Epoch Num: 081/100] => [Global Step: 0010/0127] => [Loss_all: 0.9902 Loss_sup: 0.7742 Loss_con: 0.2160]
[2026-08-12 13:18:19.813981] => [Epoch Num: 081/100] => [Global Step: 0020/0127] => [Loss_all: 0.9915 Loss_sup: 0.8063 Loss_con: 0.1852]
[2026-08-12 13:18:22.387863] => [Epoch Num: 081/100] => [Global Step: 0030/0127] => [Loss_all: 1.1272 Loss_sup: 0.8786 Loss_con: 0.2486]
[2026-08-12 13:18:24.972190] => [Epoch Num: 081/100] => [Global Step: 0040/0127] => [Loss_all: 1.0086 Loss_sup: 0.7629 Loss_con: 0.2457]
[2026-08-12 13:18:27.558620] => [Epoch Num: 081/100] => [Global Step: 0050/0127] => [Loss_all: 1.0861 Loss_sup: 0.8519 Loss_con: 0.2342]
[2026-08-12 13:18:30.120261] => [Epoch Num: 081/100] => [Global Step: 0060/0127] => [Loss_all: 1.1421 Loss_sup: 0.8417 Loss_con: 0.3004]
[2026-08-12 13:18:32.679037] => [Epoch Num: 081/100] => [Global Step: 0070/0127] => [Loss_all: 1.1110 Loss_sup: 0.8952 Loss_con: 0.2158]
[2026-08-12 13:18:35.278025] => [Epoch Num: 081/100] => [Global Step: 0080/0127] => [Loss_all: 1.0034 Loss_sup: 0.8004 Loss_con: 0.2030]
[2026-08-12 13:18:37.853052] => [Epoch Num: 081/100] => [Global Step: 0090/0127] => [Loss_all: 1.0767 Loss_sup: 0.8485 Loss_con: 0.2282]
[2026-08-12 13:18:40.440888] => [Epoch Num: 081/100] => [Global Step: 0100/0127] => [Loss_all: 1.1074 Loss_sup: 0.9148 Loss_con: 0.1926]
[2026-08-12 13:18:43.003258] => [Epoch Num: 081/100] => [Global Step: 0110/0127] => [Loss_all: 0.9756 Loss_sup: 0.7358 Loss_con: 0.2398]
[2026-08-12 13:18:45.554396] => [Epoch Num: 081/100] => [Global Step: 0120/0127] => [Loss_all: 1.0683 Loss_sup: 0.8468 Loss_con: 0.2215]
Epoch: 81, MAE: 0.20760811865329742, bestteaMAE: 0.20183955132961273, bestEpoch: 51.
[2026-08-12 13:18:53.374336] => [Epoch Num: 082/100] => [Global Step: 0000/0127] => [Loss_all: 0.9495 Loss_sup: 0.7490 Loss_con: 0.2005]
[2026-08-12 13:18:55.952033] => [Epoch Num: 082/100] => [Global Step: 0010/0127] => [Loss_all: 0.8984 Loss_sup: 0.6907 Loss_con: 0.2077]
[2026-08-12 13:18:58.512550] => [Epoch Num: 082/100] => [Global Step: 0020/0127] => [Loss_all: 1.1889 Loss_sup: 0.9549 Loss_con: 0.2339]
[2026-08-12 13:19:01.086188] => [Epoch Num: 082/100] => [Global Step: 0030/0127] => [Loss_all: 1.0844 Loss_sup: 0.8698 Loss_con: 0.2147]
[2026-08-12 13:19:03.666191] => [Epoch Num: 082/100] => [Global Step: 0040/0127] => [Loss_all: 1.1087 Loss_sup: 0.8967 Loss_con: 0.2120]
[2026-08-12 13:19:06.258085] => [Epoch Num: 082/100] => [Global Step: 0050/0127] => [Loss_all: 1.1002 Loss_sup: 0.8916 Loss_con: 0.2085]
[2026-08-12 13:19:08.843319] => [Epoch Num: 082/100] => [Global Step: 0060/0127] => [Loss_all: 1.0757 Loss_sup: 0.8447 Loss_con: 0.2310]
[2026-08-12 13:19:11.387280] => [Epoch Num: 082/100] => [Global Step: 0070/0127] => [Loss_all: 1.0205 Loss_sup: 0.7733 Loss_con: 0.2472]
[2026-08-12 13:19:13.935100] => [Epoch Num: 082/100] => [Global Step: 0080/0127] => [Loss_all: 1.1151 Loss_sup: 0.8817 Loss_con: 0.2335]
[2026-08-12 13:19:16.507388] => [Epoch Num: 082/100] => [Global Step: 0090/0127] => [Loss_all: 1.2243 Loss_sup: 1.0055 Loss_con: 0.2189]
[2026-08-12 13:19:19.057019] => [Epoch Num: 082/100] => [Global Step: 0100/0127] => [Loss_all: 0.9861 Loss_sup: 0.7824 Loss_con: 0.2037]
[2026-08-12 13:19:21.618247] => [Epoch Num: 082/100] => [Global Step: 0110/0127] => [Loss_all: 1.0348 Loss_sup: 0.8196 Loss_con: 0.2152]
[2026-08-12 13:19:24.146809] => [Epoch Num: 082/100] => [Global Step: 0120/0127] => [Loss_all: 0.9681 Loss_sup: 0.7555 Loss_con: 0.2126]
Epoch: 82, MAE: 0.20591090619564056, bestteaMAE: 0.20183955132961273, bestEpoch: 51.
[2026-08-12 13:19:32.221589] => [Epoch Num: 083/100] => [Global Step: 0000/0127] => [Loss_all: 1.1705 Loss_sup: 0.9361 Loss_con: 0.2343]
[2026-08-12 13:19:34.835980] => [Epoch Num: 083/100] => [Global Step: 0010/0127] => [Loss_all: 1.1233 Loss_sup: 0.9358 Loss_con: 0.1875]
[2026-08-12 13:19:37.383729] => [Epoch Num: 083/100] => [Global Step: 0020/0127] => [Loss_all: 1.0345 Loss_sup: 0.8337 Loss_con: 0.2008]
[2026-08-12 13:19:39.931114] => [Epoch Num: 083/100] => [Global Step: 0030/0127] => [Loss_all: 0.9807 Loss_sup: 0.7717 Loss_con: 0.2090]
[2026-08-12 13:19:42.514373] => [Epoch Num: 083/100] => [Global Step: 0040/0127] => [Loss_all: 1.1202 Loss_sup: 0.8982 Loss_con: 0.2220]
[2026-08-12 13:19:45.101214] => [Epoch Num: 083/100] => [Global Step: 0050/0127] => [Loss_all: 1.1269 Loss_sup: 0.9206 Loss_con: 0.2064]
[2026-08-12 13:19:47.660275] => [Epoch Num: 083/100] => [Global Step: 0060/0127] => [Loss_all: 1.0565 Loss_sup: 0.8312 Loss_con: 0.2253]
[2026-08-12 13:19:50.212344] => [Epoch Num: 083/100] => [Global Step: 0070/0127] => [Loss_all: 1.0634 Loss_sup: 0.8547 Loss_con: 0.2087]
[2026-08-12 13:19:52.765928] => [Epoch Num: 083/100] => [Global Step: 0080/0127] => [Loss_all: 0.9788 Loss_sup: 0.7735 Loss_con: 0.2053]
[2026-08-12 13:19:55.320142] => [Epoch Num: 083/100] => [Global Step: 0090/0127] => [Loss_all: 1.1404 Loss_sup: 0.9071 Loss_con: 0.2333]
[2026-08-12 13:19:57.892219] => [Epoch Num: 083/100] => [Global Step: 0100/0127] => [Loss_all: 1.0761 Loss_sup: 0.8488 Loss_con: 0.2273]
[2026-08-12 13:20:00.459949] => [Epoch Num: 083/100] => [Global Step: 0110/0127] => [Loss_all: 1.0525 Loss_sup: 0.8202 Loss_con: 0.2323]
[2026-08-12 13:20:03.019444] => [Epoch Num: 083/100] => [Global Step: 0120/0127] => [Loss_all: 1.0677 Loss_sup: 0.8858 Loss_con: 0.1819]
Epoch: 83, MAE: 0.2083500623703003, bestteaMAE: 0.20183955132961273, bestEpoch: 51.
[2026-08-12 13:20:11.178963] => [Epoch Num: 084/100] => [Global Step: 0000/0127] => [Loss_all: 1.0576 Loss_sup: 0.8340 Loss_con: 0.2236]
[2026-08-12 13:20:13.772625] => [Epoch Num: 084/100] => [Global Step: 0010/0127] => [Loss_all: 1.0179 Loss_sup: 0.8153 Loss_con: 0.2026]
[2026-08-12 13:20:16.477631] => [Epoch Num: 084/100] => [Global Step: 0020/0127] => [Loss_all: 1.0956 Loss_sup: 0.7803 Loss_con: 0.3153]
[2026-08-12 13:20:19.032162] => [Epoch Num: 084/100] => [Global Step: 0030/0127] => [Loss_all: 1.1721 Loss_sup: 0.9175 Loss_con: 0.2546]
[2026-08-12 13:20:21.651907] => [Epoch Num: 084/100] => [Global Step: 0040/0127] => [Loss_all: 1.0416 Loss_sup: 0.8422 Loss_con: 0.1993]
[2026-08-12 13:20:24.235396] => [Epoch Num: 084/100] => [Global Step: 0050/0127] => [Loss_all: 1.0817 Loss_sup: 0.8642 Loss_con: 0.2175]
[2026-08-12 13:20:26.808697] => [Epoch Num: 084/100] => [Global Step: 0060/0127] => [Loss_all: 1.1602 Loss_sup: 0.8471 Loss_con: 0.3131]
[2026-08-12 13:20:29.361964] => [Epoch Num: 084/100] => [Global Step: 0070/0127] => [Loss_all: 0.9362 Loss_sup: 0.7452 Loss_con: 0.1911]
[2026-08-12 13:20:31.917117] => [Epoch Num: 084/100] => [Global Step: 0080/0127] => [Loss_all: 0.9745 Loss_sup: 0.7753 Loss_con: 0.1991]
[2026-08-12 13:20:34.468374] => [Epoch Num: 084/100] => [Global Step: 0090/0127] => [Loss_all: 0.9888 Loss_sup: 0.7825 Loss_con: 0.2063]
[2026-08-12 13:20:37.010259] => [Epoch Num: 084/100] => [Global Step: 0100/0127] => [Loss_all: 1.0770 Loss_sup: 0.8421 Loss_con: 0.2348]
[2026-08-12 13:20:39.583815] => [Epoch Num: 084/100] => [Global Step: 0110/0127] => [Loss_all: 1.1389 Loss_sup: 0.9328 Loss_con: 0.2060]
[2026-08-12 13:20:42.146021] => [Epoch Num: 084/100] => [Global Step: 0120/0127] => [Loss_all: 1.1528 Loss_sup: 0.9437 Loss_con: 0.2091]
Epoch: 84, MAE: 0.20442937314510345, bestteaMAE: 0.20183955132961273, bestEpoch: 51.
[2026-08-12 13:20:50.102688] => [Epoch Num: 085/100] => [Global Step: 0000/0127] => [Loss_all: 1.1481 Loss_sup: 0.9082 Loss_con: 0.2399]
[2026-08-12 13:20:52.704922] => [Epoch Num: 085/100] => [Global Step: 0010/0127] => [Loss_all: 1.0074 Loss_sup: 0.7834 Loss_con: 0.2241]
[2026-08-12 13:20:55.261725] => [Epoch Num: 085/100] => [Global Step: 0020/0127] => [Loss_all: 1.0754 Loss_sup: 0.8533 Loss_con: 0.2221]
[2026-08-12 13:20:57.832890] => [Epoch Num: 085/100] => [Global Step: 0030/0127] => [Loss_all: 1.1436 Loss_sup: 0.9065 Loss_con: 0.2371]
[2026-08-12 13:21:00.385375] => [Epoch Num: 085/100] => [Global Step: 0040/0127] => [Loss_all: 1.0756 Loss_sup: 0.8604 Loss_con: 0.2152]
[2026-08-12 13:21:02.950983] => [Epoch Num: 085/100] => [Global Step: 0050/0127] => [Loss_all: 1.1015 Loss_sup: 0.8630 Loss_con: 0.2385]
[2026-08-12 13:21:05.508641] => [Epoch Num: 085/100] => [Global Step: 0060/0127] => [Loss_all: 1.1754 Loss_sup: 0.9625 Loss_con: 0.2130]
[2026-08-12 13:21:08.042104] => [Epoch Num: 085/100] => [Global Step: 0070/0127] => [Loss_all: 1.1958 Loss_sup: 0.9768 Loss_con: 0.2190]
[2026-08-12 13:21:10.587604] => [Epoch Num: 085/100] => [Global Step: 0080/0127] => [Loss_all: 1.0898 Loss_sup: 0.8843 Loss_con: 0.2055]
[2026-08-12 13:21:13.156097] => [Epoch Num: 085/100] => [Global Step: 0090/0127] => [Loss_all: 1.0427 Loss_sup: 0.8568 Loss_con: 0.1859]
[2026-08-12 13:21:15.713736] => [Epoch Num: 085/100] => [Global Step: 0100/0127] => [Loss_all: 1.0989 Loss_sup: 0.8653 Loss_con: 0.2336]
[2026-08-12 13:21:18.271395] => [Epoch Num: 085/100] => [Global Step: 0110/0127] => [Loss_all: 1.0636 Loss_sup: 0.8674 Loss_con: 0.1963]
[2026-08-12 13:21:20.811128] => [Epoch Num: 085/100] => [Global Step: 0120/0127] => [Loss_all: 1.1244 Loss_sup: 0.8940 Loss_con: 0.2303]
Epoch: 85, MAE: 0.20560798048973083, bestteaMAE: 0.20183955132961273, bestEpoch: 51.
[2026-08-12 13:21:28.508501] => [Epoch Num: 086/100] => [Global Step: 0000/0127] => [Loss_all: 1.1586 Loss_sup: 0.9348 Loss_con: 0.2238]
[2026-08-12 13:21:31.086150] => [Epoch Num: 086/100] => [Global Step: 0010/0127] => [Loss_all: 1.0615 Loss_sup: 0.8595 Loss_con: 0.2020]
[2026-08-12 13:21:33.621779] => [Epoch Num: 086/100] => [Global Step: 0020/0127] => [Loss_all: 1.1617 Loss_sup: 0.8894 Loss_con: 0.2724]
[2026-08-12 13:21:36.172170] => [Epoch Num: 086/100] => [Global Step: 0030/0127] => [Loss_all: 1.0925 Loss_sup: 0.8683 Loss_con: 0.2241]
[2026-08-12 13:21:38.722192] => [Epoch Num: 086/100] => [Global Step: 0040/0127] => [Loss_all: 0.9584 Loss_sup: 0.7389 Loss_con: 0.2195]
[2026-08-12 13:21:41.270486] => [Epoch Num: 086/100] => [Global Step: 0050/0127] => [Loss_all: 0.9736 Loss_sup: 0.7641 Loss_con: 0.2095]
[2026-08-12 13:21:43.843400] => [Epoch Num: 086/100] => [Global Step: 0060/0127] => [Loss_all: 0.9774 Loss_sup: 0.7600 Loss_con: 0.2173]
[2026-08-12 13:21:46.423180] => [Epoch Num: 086/100] => [Global Step: 0070/0127] => [Loss_all: 1.0452 Loss_sup: 0.8476 Loss_con: 0.1976]
[2026-08-12 13:21:48.973812] => [Epoch Num: 086/100] => [Global Step: 0080/0127] => [Loss_all: 1.0711 Loss_sup: 0.8888 Loss_con: 0.1823]
[2026-08-12 13:21:51.524076] => [Epoch Num: 086/100] => [Global Step: 0090/0127] => [Loss_all: 1.0933 Loss_sup: 0.8565 Loss_con: 0.2368]
[2026-08-12 13:21:54.079906] => [Epoch Num: 086/100] => [Global Step: 0100/0127] => [Loss_all: 1.2197 Loss_sup: 0.9927 Loss_con: 0.2270]
[2026-08-12 13:21:56.624433] => [Epoch Num: 086/100] => [Global Step: 0110/0127] => [Loss_all: 1.0515 Loss_sup: 0.8316 Loss_con: 0.2199]
[2026-08-12 13:21:59.161558] => [Epoch Num: 086/100] => [Global Step: 0120/0127] => [Loss_all: 1.0148 Loss_sup: 0.7758 Loss_con: 0.2390]
Epoch: 86, MAE: 0.20634669065475464, bestteaMAE: 0.20183955132961273, bestEpoch: 51.
[2026-08-12 13:22:06.638266] => [Epoch Num: 087/100] => [Global Step: 0000/0127] => [Loss_all: 1.0754 Loss_sup: 0.8811 Loss_con: 0.1943]
[2026-08-12 13:22:09.199156] => [Epoch Num: 087/100] => [Global Step: 0010/0127] => [Loss_all: 1.0574 Loss_sup: 0.8392 Loss_con: 0.2182]
[2026-08-12 13:22:11.756996] => [Epoch Num: 087/100] => [Global Step: 0020/0127] => [Loss_all: 0.9834 Loss_sup: 0.7942 Loss_con: 0.1892]
[2026-08-12 13:22:14.304154] => [Epoch Num: 087/100] => [Global Step: 0030/0127] => [Loss_all: 1.1014 Loss_sup: 0.8853 Loss_con: 0.2161]
[2026-08-12 13:22:16.849217] => [Epoch Num: 087/100] => [Global Step: 0040/0127] => [Loss_all: 1.0899 Loss_sup: 0.8717 Loss_con: 0.2183]
[2026-08-12 13:22:19.403544] => [Epoch Num: 087/100] => [Global Step: 0050/0127] => [Loss_all: 1.1754 Loss_sup: 0.9823 Loss_con: 0.1931]
[2026-08-12 13:22:21.935599] => [Epoch Num: 087/100] => [Global Step: 0060/0127] => [Loss_all: 0.9548 Loss_sup: 0.7223 Loss_con: 0.2325]
[2026-08-12 13:22:24.474971] => [Epoch Num: 087/100] => [Global Step: 0070/0127] => [Loss_all: 1.0826 Loss_sup: 0.8678 Loss_con: 0.2148]
[2026-08-12 13:22:27.007163] => [Epoch Num: 087/100] => [Global Step: 0080/0127] => [Loss_all: 1.1446 Loss_sup: 0.8873 Loss_con: 0.2573]
[2026-08-12 13:22:29.535911] => [Epoch Num: 087/100] => [Global Step: 0090/0127] => [Loss_all: 1.2286 Loss_sup: 0.9474 Loss_con: 0.2812]
[2026-08-12 13:22:32.096415] => [Epoch Num: 087/100] => [Global Step: 0100/0127] => [Loss_all: 1.0240 Loss_sup: 0.8238 Loss_con: 0.2002]
[2026-08-12 13:22:34.625840] => [Epoch Num: 087/100] => [Global Step: 0110/0127] => [Loss_all: 1.1104 Loss_sup: 0.8867 Loss_con: 0.2237]
[2026-08-12 13:22:37.258884] => [Epoch Num: 087/100] => [Global Step: 0120/0127] => [Loss_all: 0.9670 Loss_sup: 0.7761 Loss_con: 0.1909]
Epoch: 87, MAE: 0.20399704575538635, bestteaMAE: 0.20183955132961273, bestEpoch: 51.
[2026-08-12 13:22:44.590637] => [Epoch Num: 088/100] => [Global Step: 0000/0127] => [Loss_all: 1.0534 Loss_sup: 0.8156 Loss_con: 0.2378]
[2026-08-12 13:22:47.161899] => [Epoch Num: 088/100] => [Global Step: 0010/0127] => [Loss_all: 1.1702 Loss_sup: 0.9499 Loss_con: 0.2203]
[2026-08-12 13:22:49.694140] => [Epoch Num: 088/100] => [Global Step: 0020/0127] => [Loss_all: 1.2100 Loss_sup: 0.9525 Loss_con: 0.2575]
[2026-08-12 13:22:52.213242] => [Epoch Num: 088/100] => [Global Step: 0030/0127] => [Loss_all: 1.0621 Loss_sup: 0.8784 Loss_con: 0.1837]
[2026-08-12 13:22:54.740356] => [Epoch Num: 088/100] => [Global Step: 0040/0127] => [Loss_all: 1.0122 Loss_sup: 0.7829 Loss_con: 0.2294]
[2026-08-12 13:22:57.275918] => [Epoch Num: 088/100] => [Global Step: 0050/0127] => [Loss_all: 0.9586 Loss_sup: 0.7445 Loss_con: 0.2141]
[2026-08-12 13:22:59.817657] => [Epoch Num: 088/100] => [Global Step: 0060/0127] => [Loss_all: 1.0546 Loss_sup: 0.8328 Loss_con: 0.2218]
[2026-08-12 13:23:02.336023] => [Epoch Num: 088/100] => [Global Step: 0070/0127] => [Loss_all: 1.1041 Loss_sup: 0.8581 Loss_con: 0.2461]
[2026-08-12 13:23:04.883336] => [Epoch Num: 088/100] => [Global Step: 0080/0127] => [Loss_all: 1.1214 Loss_sup: 0.8684 Loss_con: 0.2530]
[2026-08-12 13:23:07.408048] => [Epoch Num: 088/100] => [Global Step: 0090/0127] => [Loss_all: 1.1307 Loss_sup: 0.9040 Loss_con: 0.2267]
[2026-08-12 13:23:09.934392] => [Epoch Num: 088/100] => [Global Step: 0100/0127] => [Loss_all: 1.0386 Loss_sup: 0.7973 Loss_con: 0.2414]
[2026-08-12 13:23:12.453923] => [Epoch Num: 088/100] => [Global Step: 0110/0127] => [Loss_all: 1.1361 Loss_sup: 0.9521 Loss_con: 0.1840]
[2026-08-12 13:23:14.968821] => [Epoch Num: 088/100] => [Global Step: 0120/0127] => [Loss_all: 1.1773 Loss_sup: 0.9269 Loss_con: 0.2504]
Epoch: 88, MAE: 0.206406831741333, bestteaMAE: 0.20183955132961273, bestEpoch: 51.
[2026-08-12 13:23:22.494519] => [Epoch Num: 089/100] => [Global Step: 0000/0127] => [Loss_all: 1.0598 Loss_sup: 0.8568 Loss_con: 0.2029]
[2026-08-12 13:23:25.078062] => [Epoch Num: 089/100] => [Global Step: 0010/0127] => [Loss_all: 1.0869 Loss_sup: 0.8411 Loss_con: 0.2458]
[2026-08-12 13:23:27.662421] => [Epoch Num: 089/100] => [Global Step: 0020/0127] => [Loss_all: 1.1529 Loss_sup: 0.9183 Loss_con: 0.2346]
[2026-08-12 13:23:30.211148] => [Epoch Num: 089/100] => [Global Step: 0030/0127] => [Loss_all: 1.0201 Loss_sup: 0.7915 Loss_con: 0.2286]
[2026-08-12 13:23:32.787147] => [Epoch Num: 089/100] => [Global Step: 0040/0127] => [Loss_all: 1.1224 Loss_sup: 0.8615 Loss_con: 0.2609]
[2026-08-12 13:23:35.348347] => [Epoch Num: 089/100] => [Global Step: 0050/0127] => [Loss_all: 1.0497 Loss_sup: 0.8468 Loss_con: 0.2029]
[2026-08-12 13:23:37.909355] => [Epoch Num: 089/100] => [Global Step: 0060/0127] => [Loss_all: 1.0130 Loss_sup: 0.7907 Loss_con: 0.2223]
[2026-08-12 13:23:40.450372] => [Epoch Num: 089/100] => [Global Step: 0070/0127] => [Loss_all: 1.0636 Loss_sup: 0.8634 Loss_con: 0.2002]
[2026-08-12 13:23:42.992343] => [Epoch Num: 089/100] => [Global Step: 0080/0127] => [Loss_all: 1.0047 Loss_sup: 0.7866 Loss_con: 0.2182]
[2026-08-12 13:23:45.562429] => [Epoch Num: 089/100] => [Global Step: 0090/0127] => [Loss_all: 1.1344 Loss_sup: 0.9079 Loss_con: 0.2265]
[2026-08-12 13:23:48.127018] => [Epoch Num: 089/100] => [Global Step: 0100/0127] => [Loss_all: 0.9765 Loss_sup: 0.7982 Loss_con: 0.1783]
[2026-08-12 13:23:50.679612] => [Epoch Num: 089/100] => [Global Step: 0110/0127] => [Loss_all: 1.0636 Loss_sup: 0.8598 Loss_con: 0.2038]
[2026-08-12 13:23:53.205189] => [Epoch Num: 089/100] => [Global Step: 0120/0127] => [Loss_all: 1.0641 Loss_sup: 0.8195 Loss_con: 0.2446]
Epoch: 89, MAE: 0.20841513574123383, bestteaMAE: 0.20183955132961273, bestEpoch: 51.
[2026-08-12 13:24:00.818926] => [Epoch Num: 090/100] => [Global Step: 0000/0127] => [Loss_all: 1.1107 Loss_sup: 0.8929 Loss_con: 0.2179]
[2026-08-12 13:24:03.369611] => [Epoch Num: 090/100] => [Global Step: 0010/0127] => [Loss_all: 1.1500 Loss_sup: 0.9240 Loss_con: 0.2260]
[2026-08-12 13:24:05.894234] => [Epoch Num: 090/100] => [Global Step: 0020/0127] => [Loss_all: 1.0222 Loss_sup: 0.8030 Loss_con: 0.2193]
[2026-08-12 13:24:08.415151] => [Epoch Num: 090/100] => [Global Step: 0030/0127] => [Loss_all: 1.2429 Loss_sup: 1.0042 Loss_con: 0.2387]
[2026-08-12 13:24:10.935023] => [Epoch Num: 090/100] => [Global Step: 0040/0127] => [Loss_all: 0.9844 Loss_sup: 0.7926 Loss_con: 0.1918]
[2026-08-12 13:24:13.461230] => [Epoch Num: 090/100] => [Global Step: 0050/0127] => [Loss_all: 1.0513 Loss_sup: 0.8247 Loss_con: 0.2267]
[2026-08-12 13:24:16.008146] => [Epoch Num: 090/100] => [Global Step: 0060/0127] => [Loss_all: 1.0369 Loss_sup: 0.8329 Loss_con: 0.2040]
[2026-08-12 13:24:18.540499] => [Epoch Num: 090/100] => [Global Step: 0070/0127] => [Loss_all: 1.0769 Loss_sup: 0.8670 Loss_con: 0.2099]
[2026-08-12 13:24:21.074263] => [Epoch Num: 090/100] => [Global Step: 0080/0127] => [Loss_all: 1.1345 Loss_sup: 0.8690 Loss_con: 0.2656]
[2026-08-12 13:24:23.596748] => [Epoch Num: 090/100] => [Global Step: 0090/0127] => [Loss_all: 0.9712 Loss_sup: 0.7564 Loss_con: 0.2149]
[2026-08-12 13:24:26.117999] => [Epoch Num: 090/100] => [Global Step: 0100/0127] => [Loss_all: 1.2191 Loss_sup: 1.0101 Loss_con: 0.2090]
[2026-08-12 13:24:28.670242] => [Epoch Num: 090/100] => [Global Step: 0110/0127] => [Loss_all: 1.1053 Loss_sup: 0.8852 Loss_con: 0.2201]
[2026-08-12 13:24:31.187853] => [Epoch Num: 090/100] => [Global Step: 0120/0127] => [Loss_all: 1.0966 Loss_sup: 0.8914 Loss_con: 0.2052]
Epoch: 90, MAE: 0.2061281055212021, bestteaMAE: 0.20183955132961273, bestEpoch: 51.
[2026-08-12 13:24:38.431574] => [Epoch Num: 091/100] => [Global Step: 0000/0127] => [Loss_all: 1.0354 Loss_sup: 0.8199 Loss_con: 0.2155]
[2026-08-12 13:24:40.983529] => [Epoch Num: 091/100] => [Global Step: 0010/0127] => [Loss_all: 1.0642 Loss_sup: 0.8356 Loss_con: 0.2286]
[2026-08-12 13:24:43.513288] => [Epoch Num: 091/100] => [Global Step: 0020/0127] => [Loss_all: 1.0166 Loss_sup: 0.8161 Loss_con: 0.2005]
[2026-08-12 13:24:46.025010] => [Epoch Num: 091/100] => [Global Step: 0030/0127] => [Loss_all: 1.1108 Loss_sup: 0.9070 Loss_con: 0.2038]
[2026-08-12 13:24:48.551006] => [Epoch Num: 091/100] => [Global Step: 0040/0127] => [Loss_all: 1.2475 Loss_sup: 1.0518 Loss_con: 0.1957]
[2026-08-12 13:24:51.097310] => [Epoch Num: 091/100] => [Global Step: 0050/0127] => [Loss_all: 1.0108 Loss_sup: 0.8110 Loss_con: 0.1998]
[2026-08-12 13:24:53.661153] => [Epoch Num: 091/100] => [Global Step: 0060/0127] => [Loss_all: 1.0686 Loss_sup: 0.8270 Loss_con: 0.2416]
[2026-08-12 13:24:56.377245] => [Epoch Num: 091/100] => [Global Step: 0070/0127] => [Loss_all: 1.0130 Loss_sup: 0.7887 Loss_con: 0.2243]
[2026-08-12 13:24:58.921781] => [Epoch Num: 091/100] => [Global Step: 0080/0127] => [Loss_all: 1.1094 Loss_sup: 0.8460 Loss_con: 0.2634]
[2026-08-12 13:25:01.474702] => [Epoch Num: 091/100] => [Global Step: 0090/0127] => [Loss_all: 1.0848 Loss_sup: 0.8697 Loss_con: 0.2152]
[2026-08-12 13:25:04.001869] => [Epoch Num: 091/100] => [Global Step: 0100/0127] => [Loss_all: 1.0946 Loss_sup: 0.7932 Loss_con: 0.3014]
[2026-08-12 13:25:06.533729] => [Epoch Num: 091/100] => [Global Step: 0110/0127] => [Loss_all: 1.1162 Loss_sup: 0.9118 Loss_con: 0.2044]
[2026-08-12 13:25:09.055795] => [Epoch Num: 091/100] => [Global Step: 0120/0127] => [Loss_all: 1.1600 Loss_sup: 0.9192 Loss_con: 0.2408]
Epoch: 91, MAE: 0.20849047601222992, bestteaMAE: 0.20183955132961273, bestEpoch: 51.
[2026-08-12 13:25:16.231537] => [Epoch Num: 092/100] => [Global Step: 0000/0127] => [Loss_all: 1.1633 Loss_sup: 0.9134 Loss_con: 0.2499]
[2026-08-12 13:25:18.783418] => [Epoch Num: 092/100] => [Global Step: 0010/0127] => [Loss_all: 1.0331 Loss_sup: 0.8348 Loss_con: 0.1982]
[2026-08-12 13:25:21.309716] => [Epoch Num: 092/100] => [Global Step: 0020/0127] => [Loss_all: 1.1258 Loss_sup: 0.9576 Loss_con: 0.1682]
[2026-08-12 13:25:23.836041] => [Epoch Num: 092/100] => [Global Step: 0030/0127] => [Loss_all: 1.1578 Loss_sup: 0.9575 Loss_con: 0.2003]
[2026-08-12 13:25:26.345310] => [Epoch Num: 092/100] => [Global Step: 0040/0127] => [Loss_all: 1.0700 Loss_sup: 0.8793 Loss_con: 0.1907]
[2026-08-12 13:25:28.880186] => [Epoch Num: 092/100] => [Global Step: 0050/0127] => [Loss_all: 1.0872 Loss_sup: 0.8742 Loss_con: 0.2130]
[2026-08-12 13:25:31.395018] => [Epoch Num: 092/100] => [Global Step: 0060/0127] => [Loss_all: 1.1166 Loss_sup: 0.8963 Loss_con: 0.2203]
[2026-08-12 13:25:33.940686] => [Epoch Num: 092/100] => [Global Step: 0070/0127] => [Loss_all: 1.0022 Loss_sup: 0.7850 Loss_con: 0.2172]
[2026-08-12 13:25:36.467260] => [Epoch Num: 092/100] => [Global Step: 0080/0127] => [Loss_all: 1.1591 Loss_sup: 0.9100 Loss_con: 0.2491]
[2026-08-12 13:25:38.999623] => [Epoch Num: 092/100] => [Global Step: 0090/0127] => [Loss_all: 0.9943 Loss_sup: 0.7780 Loss_con: 0.2164]
[2026-08-12 13:25:41.526338] => [Epoch Num: 092/100] => [Global Step: 0100/0127] => [Loss_all: 1.0910 Loss_sup: 0.8668 Loss_con: 0.2242]
[2026-08-12 13:25:44.058833] => [Epoch Num: 092/100] => [Global Step: 0110/0127] => [Loss_all: 1.1729 Loss_sup: 0.9422 Loss_con: 0.2307]
[2026-08-12 13:25:46.573047] => [Epoch Num: 092/100] => [Global Step: 0120/0127] => [Loss_all: 1.0421 Loss_sup: 0.8345 Loss_con: 0.2076]
Epoch: 92, MAE: 0.20712412893772125, bestteaMAE: 0.20183955132961273, bestEpoch: 51.
[2026-08-12 13:25:53.820522] => [Epoch Num: 093/100] => [Global Step: 0000/0127] => [Loss_all: 1.0168 Loss_sup: 0.7943 Loss_con: 0.2224]
[2026-08-12 13:25:56.395718] => [Epoch Num: 093/100] => [Global Step: 0010/0127] => [Loss_all: 0.9633 Loss_sup: 0.7193 Loss_con: 0.2440]
[2026-08-12 13:25:58.932316] => [Epoch Num: 093/100] => [Global Step: 0020/0127] => [Loss_all: 1.0824 Loss_sup: 0.8751 Loss_con: 0.2073]
[2026-08-12 13:26:01.475676] => [Epoch Num: 093/100] => [Global Step: 0030/0127] => [Loss_all: 1.0750 Loss_sup: 0.8227 Loss_con: 0.2523]
[2026-08-12 13:26:04.019370] => [Epoch Num: 093/100] => [Global Step: 0040/0127] => [Loss_all: 1.1596 Loss_sup: 0.9349 Loss_con: 0.2247]
[2026-08-12 13:26:06.555376] => [Epoch Num: 093/100] => [Global Step: 0050/0127] => [Loss_all: 1.0510 Loss_sup: 0.8417 Loss_con: 0.2092]
[2026-08-12 13:26:09.090894] => [Epoch Num: 093/100] => [Global Step: 0060/0127] => [Loss_all: 0.9428 Loss_sup: 0.7601 Loss_con: 0.1827]
[2026-08-12 13:26:11.634551] => [Epoch Num: 093/100] => [Global Step: 0070/0127] => [Loss_all: 1.0712 Loss_sup: 0.8408 Loss_con: 0.2304]
[2026-08-12 13:26:14.181542] => [Epoch Num: 093/100] => [Global Step: 0080/0127] => [Loss_all: 1.1290 Loss_sup: 0.8970 Loss_con: 0.2320]
[2026-08-12 13:26:16.713650] => [Epoch Num: 093/100] => [Global Step: 0090/0127] => [Loss_all: 1.0330 Loss_sup: 0.8375 Loss_con: 0.1955]
[2026-08-12 13:26:19.258086] => [Epoch Num: 093/100] => [Global Step: 0100/0127] => [Loss_all: 1.0800 Loss_sup: 0.8834 Loss_con: 0.1966]
[2026-08-12 13:26:21.790661] => [Epoch Num: 093/100] => [Global Step: 0110/0127] => [Loss_all: 1.0884 Loss_sup: 0.8762 Loss_con: 0.2122]
[2026-08-12 13:26:24.305011] => [Epoch Num: 093/100] => [Global Step: 0120/0127] => [Loss_all: 1.0119 Loss_sup: 0.8205 Loss_con: 0.1914]
Epoch: 93, MAE: 0.20470760762691498, bestteaMAE: 0.20183955132961273, bestEpoch: 51.
[2026-08-12 13:26:31.520496] => [Epoch Num: 094/100] => [Global Step: 0000/0127] => [Loss_all: 1.1851 Loss_sup: 0.8358 Loss_con: 0.3493]
[2026-08-12 13:26:34.070339] => [Epoch Num: 094/100] => [Global Step: 0010/0127] => [Loss_all: 1.0959 Loss_sup: 0.8788 Loss_con: 0.2171]
[2026-08-12 13:26:36.603275] => [Epoch Num: 094/100] => [Global Step: 0020/0127] => [Loss_all: 1.0365 Loss_sup: 0.8089 Loss_con: 0.2276]
[2026-08-12 13:26:39.127166] => [Epoch Num: 094/100] => [Global Step: 0030/0127] => [Loss_all: 1.1465 Loss_sup: 0.9176 Loss_con: 0.2289]
[2026-08-12 13:26:41.658210] => [Epoch Num: 094/100] => [Global Step: 0040/0127] => [Loss_all: 1.1348 Loss_sup: 0.9206 Loss_con: 0.2142]
[2026-08-12 13:26:44.196135] => [Epoch Num: 094/100] => [Global Step: 0050/0127] => [Loss_all: 1.1119 Loss_sup: 0.9273 Loss_con: 0.1847]
[2026-08-12 13:26:46.734785] => [Epoch Num: 094/100] => [Global Step: 0060/0127] => [Loss_all: 1.0664 Loss_sup: 0.7887 Loss_con: 0.2776]
[2026-08-12 13:26:49.259547] => [Epoch Num: 094/100] => [Global Step: 0070/0127] => [Loss_all: 1.0627 Loss_sup: 0.8245 Loss_con: 0.2382]
[2026-08-12 13:26:51.784195] => [Epoch Num: 094/100] => [Global Step: 0080/0127] => [Loss_all: 1.0496 Loss_sup: 0.8400 Loss_con: 0.2096]
[2026-08-12 13:26:54.289629] => [Epoch Num: 094/100] => [Global Step: 0090/0127] => [Loss_all: 1.1745 Loss_sup: 0.8022 Loss_con: 0.3722]
[2026-08-12 13:26:56.817452] => [Epoch Num: 094/100] => [Global Step: 0100/0127] => [Loss_all: 1.1020 Loss_sup: 0.8705 Loss_con: 0.2314]
[2026-08-12 13:26:59.343765] => [Epoch Num: 094/100] => [Global Step: 0110/0127] => [Loss_all: 1.0397 Loss_sup: 0.8344 Loss_con: 0.2053]
[2026-08-12 13:27:01.861348] => [Epoch Num: 094/100] => [Global Step: 0120/0127] => [Loss_all: 1.0262 Loss_sup: 0.8135 Loss_con: 0.2128]
Epoch: 94, MAE: 0.20570704340934753, bestteaMAE: 0.20183955132961273, bestEpoch: 51.
[2026-08-12 13:27:09.009182] => [Epoch Num: 095/100] => [Global Step: 0000/0127] => [Loss_all: 1.1184 Loss_sup: 0.9022 Loss_con: 0.2162]
[2026-08-12 13:27:11.571703] => [Epoch Num: 095/100] => [Global Step: 0010/0127] => [Loss_all: 1.1182 Loss_sup: 0.9217 Loss_con: 0.1965]
[2026-08-12 13:27:14.103901] => [Epoch Num: 095/100] => [Global Step: 0020/0127] => [Loss_all: 1.1247 Loss_sup: 0.9048 Loss_con: 0.2199]
[2026-08-12 13:27:16.645457] => [Epoch Num: 095/100] => [Global Step: 0030/0127] => [Loss_all: 0.9927 Loss_sup: 0.7853 Loss_con: 0.2075]
[2026-08-12 13:27:19.296040] => [Epoch Num: 095/100] => [Global Step: 0040/0127] => [Loss_all: 1.0602 Loss_sup: 0.8767 Loss_con: 0.1835]
[2026-08-12 13:27:21.840782] => [Epoch Num: 095/100] => [Global Step: 0050/0127] => [Loss_all: 1.0070 Loss_sup: 0.8056 Loss_con: 0.2014]
[2026-08-12 13:27:24.384776] => [Epoch Num: 095/100] => [Global Step: 0060/0127] => [Loss_all: 0.9583 Loss_sup: 0.7603 Loss_con: 0.1980]
[2026-08-12 13:27:26.914054] => [Epoch Num: 095/100] => [Global Step: 0070/0127] => [Loss_all: 1.1473 Loss_sup: 0.8632 Loss_con: 0.2841]
[2026-08-12 13:27:29.455234] => [Epoch Num: 095/100] => [Global Step: 0080/0127] => [Loss_all: 0.9370 Loss_sup: 0.7333 Loss_con: 0.2037]
[2026-08-12 13:27:31.987479] => [Epoch Num: 095/100] => [Global Step: 0090/0127] => [Loss_all: 0.8573 Loss_sup: 0.6873 Loss_con: 0.1699]
[2026-08-12 13:27:34.529100] => [Epoch Num: 095/100] => [Global Step: 0100/0127] => [Loss_all: 1.0949 Loss_sup: 0.8758 Loss_con: 0.2191]
[2026-08-12 13:27:37.087381] => [Epoch Num: 095/100] => [Global Step: 0110/0127] => [Loss_all: 1.0655 Loss_sup: 0.8663 Loss_con: 0.1992]
[2026-08-12 13:27:39.597506] => [Epoch Num: 095/100] => [Global Step: 0120/0127] => [Loss_all: 1.0850 Loss_sup: 0.8392 Loss_con: 0.2458]
Epoch: 95, MAE: 0.20544488728046417, bestteaMAE: 0.20183955132961273, bestEpoch: 51.
[2026-08-12 13:27:46.755954] => [Epoch Num: 096/100] => [Global Step: 0000/0127] => [Loss_all: 1.0455 Loss_sup: 0.8500 Loss_con: 0.1954]
[2026-08-12 13:27:49.286540] => [Epoch Num: 096/100] => [Global Step: 0010/0127] => [Loss_all: 1.0998 Loss_sup: 0.8796 Loss_con: 0.2203]
[2026-08-12 13:27:51.843446] => [Epoch Num: 096/100] => [Global Step: 0020/0127] => [Loss_all: 1.0534 Loss_sup: 0.8354 Loss_con: 0.2180]
[2026-08-12 13:27:54.383571] => [Epoch Num: 096/100] => [Global Step: 0030/0127] => [Loss_all: 1.1562 Loss_sup: 0.9350 Loss_con: 0.2213]
[2026-08-12 13:27:56.911286] => [Epoch Num: 096/100] => [Global Step: 0040/0127] => [Loss_all: 1.0887 Loss_sup: 0.8808 Loss_con: 0.2079]
[2026-08-12 13:27:59.440514] => [Epoch Num: 096/100] => [Global Step: 0050/0127] => [Loss_all: 1.0441 Loss_sup: 0.8362 Loss_con: 0.2079]
[2026-08-12 13:28:01.986165] => [Epoch Num: 096/100] => [Global Step: 0060/0127] => [Loss_all: 1.1538 Loss_sup: 0.9270 Loss_con: 0.2268]
[2026-08-12 13:28:04.529836] => [Epoch Num: 096/100] => [Global Step: 0070/0127] => [Loss_all: 1.2076 Loss_sup: 0.9816 Loss_con: 0.2260]
[2026-08-12 13:28:07.074762] => [Epoch Num: 096/100] => [Global Step: 0080/0127] => [Loss_all: 1.0371 Loss_sup: 0.8321 Loss_con: 0.2051]
[2026-08-12 13:28:09.626358] => [Epoch Num: 096/100] => [Global Step: 0090/0127] => [Loss_all: 0.9738 Loss_sup: 0.7793 Loss_con: 0.1944]
[2026-08-12 13:28:12.195116] => [Epoch Num: 096/100] => [Global Step: 0100/0127] => [Loss_all: 0.9840 Loss_sup: 0.7930 Loss_con: 0.1910]
[2026-08-12 13:28:14.729577] => [Epoch Num: 096/100] => [Global Step: 0110/0127] => [Loss_all: 1.2387 Loss_sup: 1.0136 Loss_con: 0.2251]
[2026-08-12 13:28:17.238305] => [Epoch Num: 096/100] => [Global Step: 0120/0127] => [Loss_all: 1.0668 Loss_sup: 0.8637 Loss_con: 0.2031]
Epoch: 96, MAE: 0.20354992151260376, bestteaMAE: 0.20183955132961273, bestEpoch: 51.
[2026-08-12 13:28:24.486971] => [Epoch Num: 097/100] => [Global Step: 0000/0127] => [Loss_all: 1.0863 Loss_sup: 0.8767 Loss_con: 0.2095]
[2026-08-12 13:28:27.040046] => [Epoch Num: 097/100] => [Global Step: 0010/0127] => [Loss_all: 1.0593 Loss_sup: 0.8540 Loss_con: 0.2053]
[2026-08-12 13:28:29.584135] => [Epoch Num: 097/100] => [Global Step: 0020/0127] => [Loss_all: 1.0573 Loss_sup: 0.8348 Loss_con: 0.2224]
[2026-08-12 13:28:32.119024] => [Epoch Num: 097/100] => [Global Step: 0030/0127] => [Loss_all: 1.1027 Loss_sup: 0.8712 Loss_con: 0.2316]
[2026-08-12 13:28:34.654169] => [Epoch Num: 097/100] => [Global Step: 0040/0127] => [Loss_all: 1.1652 Loss_sup: 0.8775 Loss_con: 0.2877]
[2026-08-12 13:28:37.206903] => [Epoch Num: 097/100] => [Global Step: 0050/0127] => [Loss_all: 1.0617 Loss_sup: 0.8562 Loss_con: 0.2055]
[2026-08-12 13:28:39.743266] => [Epoch Num: 097/100] => [Global Step: 0060/0127] => [Loss_all: 1.0423 Loss_sup: 0.8362 Loss_con: 0.2061]
[2026-08-12 13:28:42.271528] => [Epoch Num: 097/100] => [Global Step: 0070/0127] => [Loss_all: 1.0767 Loss_sup: 0.8671 Loss_con: 0.2096]
[2026-08-12 13:28:44.814100] => [Epoch Num: 097/100] => [Global Step: 0080/0127] => [Loss_all: 1.0341 Loss_sup: 0.8194 Loss_con: 0.2146]
[2026-08-12 13:28:47.348135] => [Epoch Num: 097/100] => [Global Step: 0090/0127] => [Loss_all: 1.1200 Loss_sup: 0.8524 Loss_con: 0.2676]
[2026-08-12 13:28:49.880584] => [Epoch Num: 097/100] => [Global Step: 0100/0127] => [Loss_all: 0.9974 Loss_sup: 0.7832 Loss_con: 0.2143]
[2026-08-12 13:28:52.423383] => [Epoch Num: 097/100] => [Global Step: 0110/0127] => [Loss_all: 1.1717 Loss_sup: 0.9635 Loss_con: 0.2082]
[2026-08-12 13:28:54.937378] => [Epoch Num: 097/100] => [Global Step: 0120/0127] => [Loss_all: 1.1926 Loss_sup: 0.9208 Loss_con: 0.2718]
Epoch: 97, MAE: 0.20713132619857788, bestteaMAE: 0.20183955132961273, bestEpoch: 51.
[2026-08-12 13:29:02.039868] => [Epoch Num: 098/100] => [Global Step: 0000/0127] => [Loss_all: 1.0166 Loss_sup: 0.8140 Loss_con: 0.2025]
[2026-08-12 13:29:04.587529] => [Epoch Num: 098/100] => [Global Step: 0010/0127] => [Loss_all: 1.0505 Loss_sup: 0.8132 Loss_con: 0.2373]
[2026-08-12 13:29:07.115867] => [Epoch Num: 098/100] => [Global Step: 0020/0127] => [Loss_all: 1.1205 Loss_sup: 0.9130 Loss_con: 0.2075]
[2026-08-12 13:29:09.660269] => [Epoch Num: 098/100] => [Global Step: 0030/0127] => [Loss_all: 1.0266 Loss_sup: 0.8131 Loss_con: 0.2135]
[2026-08-12 13:29:12.200367] => [Epoch Num: 098/100] => [Global Step: 0040/0127] => [Loss_all: 1.0765 Loss_sup: 0.8795 Loss_con: 0.1970]
[2026-08-12 13:29:14.733530] => [Epoch Num: 098/100] => [Global Step: 0050/0127] => [Loss_all: 1.0746 Loss_sup: 0.8284 Loss_con: 0.2461]
[2026-08-12 13:29:17.280227] => [Epoch Num: 098/100] => [Global Step: 0060/0127] => [Loss_all: 1.1436 Loss_sup: 0.9508 Loss_con: 0.1928]
[2026-08-12 13:29:19.827939] => [Epoch Num: 098/100] => [Global Step: 0070/0127] => [Loss_all: 1.1697 Loss_sup: 0.9357 Loss_con: 0.2340]
[2026-08-12 13:29:22.356216] => [Epoch Num: 098/100] => [Global Step: 0080/0127] => [Loss_all: 1.1163 Loss_sup: 0.9015 Loss_con: 0.2148]
[2026-08-12 13:29:24.895763] => [Epoch Num: 098/100] => [Global Step: 0090/0127] => [Loss_all: 1.1462 Loss_sup: 0.9322 Loss_con: 0.2140]
[2026-08-12 13:29:27.433761] => [Epoch Num: 098/100] => [Global Step: 0100/0127] => [Loss_all: 0.9982 Loss_sup: 0.7821 Loss_con: 0.2161]
[2026-08-12 13:29:29.970498] => [Epoch Num: 098/100] => [Global Step: 0110/0127] => [Loss_all: 1.0460 Loss_sup: 0.8422 Loss_con: 0.2039]
[2026-08-12 13:29:32.487693] => [Epoch Num: 098/100] => [Global Step: 0120/0127] => [Loss_all: 1.1374 Loss_sup: 0.9246 Loss_con: 0.2128]
Epoch: 98, MAE: 0.20884859561920166, bestteaMAE: 0.20183955132961273, bestEpoch: 51.
[2026-08-12 13:29:39.681614] => [Epoch Num: 099/100] => [Global Step: 0000/0127] => [Loss_all: 1.0226 Loss_sup: 0.7788 Loss_con: 0.2437]
[2026-08-12 13:29:42.228285] => [Epoch Num: 099/100] => [Global Step: 0010/0127] => [Loss_all: 1.1063 Loss_sup: 0.8812 Loss_con: 0.2252]
[2026-08-12 13:29:44.799479] => [Epoch Num: 099/100] => [Global Step: 0020/0127] => [Loss_all: 1.1467 Loss_sup: 0.9091 Loss_con: 0.2375]
[2026-08-12 13:29:47.483340] => [Epoch Num: 099/100] => [Global Step: 0030/0127] => [Loss_all: 1.1089 Loss_sup: 0.8893 Loss_con: 0.2197]
[2026-08-12 13:29:50.013522] => [Epoch Num: 099/100] => [Global Step: 0040/0127] => [Loss_all: 1.0567 Loss_sup: 0.8134 Loss_con: 0.2434]
[2026-08-12 13:29:52.545457] => [Epoch Num: 099/100] => [Global Step: 0050/0127] => [Loss_all: 1.0600 Loss_sup: 0.8472 Loss_con: 0.2129]
[2026-08-12 13:29:55.062453] => [Epoch Num: 099/100] => [Global Step: 0060/0127] => [Loss_all: 1.2040 Loss_sup: 0.9902 Loss_con: 0.2139]
[2026-08-12 13:29:57.585586] => [Epoch Num: 099/100] => [Global Step: 0070/0127] => [Loss_all: 1.1762 Loss_sup: 0.9253 Loss_con: 0.2509]
[2026-08-12 13:30:00.135183] => [Epoch Num: 099/100] => [Global Step: 0080/0127] => [Loss_all: 1.1164 Loss_sup: 0.9064 Loss_con: 0.2100]
[2026-08-12 13:30:02.670247] => [Epoch Num: 099/100] => [Global Step: 0090/0127] => [Loss_all: 1.0803 Loss_sup: 0.8496 Loss_con: 0.2307]
[2026-08-12 13:30:05.209640] => [Epoch Num: 099/100] => [Global Step: 0100/0127] => [Loss_all: 1.0861 Loss_sup: 0.8449 Loss_con: 0.2412]
[2026-08-12 13:30:07.734936] => [Epoch Num: 099/100] => [Global Step: 0110/0127] => [Loss_all: 1.0680 Loss_sup: 0.8709 Loss_con: 0.1971]
[2026-08-12 13:30:10.246208] => [Epoch Num: 099/100] => [Global Step: 0120/0127] => [Loss_all: 1.0133 Loss_sup: 0.8036 Loss_con: 0.2097]
Epoch: 99, MAE: 0.20675063133239746, bestteaMAE: 0.20183955132961273, bestEpoch: 51.
